# chimera.real_body_20260922: the committed CT preview, repaired
# and QEM-decimated under the importer's kMaxTris; see
# validation/slice_real_body_20260922/{preregistration.md,
# repair_and_decimate.py, check_body_closure.py, body_manifest.json}
v 47.150541 27.464909 26.339431
v 47.119129 27.542085 25.866957
v 47.243234 27.692036 25.675043
v 47.119499 27.680515 26.636071
v 47.130434 27.867828 25.721740
v 47.119999 27.840001 26.879999
v 47.119999 28.000000 25.600000
v 47.119999 28.319999 26.240000
v 47.110272 28.298600 26.753556
v 47.279999 28.160000 27.039998
v 47.119999 28.639998 25.599999
v 47.119999 28.639999 25.919999
v 47.279999 27.359999 26.400000
v 47.360000 27.279999 26.240000
v 47.325564 27.289390 26.721739
v 47.200001 27.439999 25.920000
v 47.279999 27.519999 26.559998
v 47.279999 27.519998 26.742856
v 47.315036 27.461605 27.038538
v 47.279999 27.711999 27.039998
v 47.308311 27.782590 25.256072
v 47.279999 27.840001 27.199998
v 47.279999 28.160000 25.279999
v 47.279999 28.000000 25.439999
v 47.279999 28.320000 25.120000
v 47.275076 28.726153 25.479383
v 47.279999 28.480000 26.239999
v 47.279999 28.479999 26.848000
v 47.272078 28.424554 27.097028
v 47.279999 28.639999 26.240000
v 47.279999 28.639999 26.719998
v 47.443550 28.666349 27.063465
v 47.279999 28.959998 25.120000
v 47.279999 28.799998 25.920001
v 47.279999 28.799998 26.079999
v 47.279999 28.959999 25.760000
v 47.439999 28.959998 25.946667
v 47.439999 29.119998 25.760000
v 47.360001 27.439999 26.879999
v 47.439999 27.680000 27.199999
v 47.439999 27.520000 27.199999
v 47.520000 27.840000 25.199999
v 47.439999 27.839999 27.359998
v 47.360000 27.999999 25.199999
v 47.520000 28.000000 25.039999
v 47.468234 28.037648 27.745882
v 47.433534 28.568887 27.608889
v 47.469402 28.494866 24.741660
v 47.439999 28.320000 27.359998
v 47.480509 28.784261 24.740255
v 47.439999 28.320000 24.959999
v 47.439999 28.799998 26.240001
v 47.439999 28.799998 26.720000
v 47.440677 29.012667 24.959424
v 47.605925 28.841481 27.217776
v 47.439999 29.119999 25.119999
v 47.439999 29.119999 26.079999
v 47.439999 28.959998 26.240000
v 47.439999 29.279998 26.080000
v 47.603663 29.160305 26.255877
v 47.680000 27.439999 26.080000
v 47.680001 27.439999 26.879999
v 47.680000 27.439999 27.359998
v 47.680000 27.760000 25.279999
v 47.839997 27.760000 25.599998
v 47.745619 27.957326 25.060100
v 47.979406 27.868515 27.764753
v 47.742842 28.219765 27.764670
v 47.680000 28.639999 24.719999
v 47.636922 28.633847 27.723077
v 47.636013 28.803064 24.574953
v 47.599999 28.799999 27.679999
v 47.599998 28.959999 24.799999
v 47.599998 29.119999 24.799999
v 47.599998 29.119998 27.039999
v 47.599998 28.799998 27.519999
v 47.802057 29.405505 24.554693
v 47.599998 29.279998 27.039998
v 47.599998 29.279998 24.639999
v 47.599998 29.439998 25.119998
v 47.599998 29.599997 24.959997
v 47.599998 29.599997 26.400000
v 47.599998 29.279997 26.720000
v 47.679999 27.279999 26.240000
v 47.680000 27.279999 26.719999
v 47.840000 27.439999 25.919999
v 47.840000 27.439999 26.240001
v 47.855329 27.439999 26.618441
v 47.840001 27.760000 25.439999
v 47.679999 27.839999 27.760000
v 47.892088 27.923962 25.276112
v 47.519999 28.160000 25.039999
v 48.000000 28.160000 25.039999
v 47.839999 28.320000 27.920000
v 47.797582 28.801611 27.882416
v 47.757830 28.960340 27.620183
v 47.759998 28.959999 27.839999
v 47.756858 29.262788 27.484930
v 47.759998 29.439999 26.719998
v 47.759998 29.439999 27.039999
v 47.919998 29.439998 27.519999
v 47.840000 29.599998 24.719999
v 47.759998 29.599998 27.039997
v 47.761878 29.755939 24.943714
v 47.759998 29.759999 26.400000
v 47.759998 29.760000 26.559999
v 47.759998 29.599996 26.720000
v 47.764105 29.920607 24.928517
v 47.754145 30.050731 26.218536
v 47.759712 30.000119 25.680609
v 47.919998 30.080000 26.399998
v 47.999999 27.439999 27.359999
v 48.089958 27.748985 25.814287
v 48.270647 27.981001 25.212114
v 48.000000 28.639999 27.920000
v 47.919998 28.959999 28.000000
v 48.000000 28.799999 28.080000
v 47.922802 29.160272 27.734612
v 47.950321 29.105160 28.058709
v 48.000000 29.279999 27.920000
v 47.919998 29.439999 27.679999
v 48.160000 29.599998 24.719999
v 47.919998 29.759999 27.039998
v 47.919998 29.439999 27.359999
v 47.919998 29.599997 27.679999
v 47.918093 29.879285 27.344121
v 47.999999 29.920000 24.879999
v 47.919998 29.920000 26.400000
v 47.919998 29.919999 26.560000
v 47.919998 29.760000 26.719999
v 47.919998 29.919999 27.039999
v 47.919998 30.080000 25.599998
v 48.080183 30.164219 26.954043
v 47.984515 30.113548 24.898064
v 47.928725 30.098909 25.130182
v 47.919998 30.240000 25.280000
v 47.919755 30.239748 25.706626
v 47.919998 30.240000 26.239998
v 47.919998 30.079999 26.879999
v 47.919998 30.399998 25.760000
v 47.919998 30.400000 26.079999
v 48.079998 30.559999 26.080000
v 48.044507 27.465264 26.806456
v 48.079998 27.679999 26.559998
v 48.079998 27.680001 26.719998
v 48.239998 27.679999 26.880000
v 48.124543 27.906363 25.926363
v 48.242131 27.867733 27.505066
v 48.251116 27.991506 26.014030
v 48.079998 27.839999 26.719999
v 48.160001 28.160000 27.760000
v 47.981702 28.851191 24.554373
v 48.320000 28.799999 28.080000
v 48.159998 29.119998 24.559999
v 48.160000 29.119999 28.080000
v 48.160000 29.439999 24.559999
v 48.145332 29.326665 27.910667
v 48.000000 29.760000 24.719999
v 48.082231 29.778605 27.546790
v 48.079998 29.599998 27.840000
v 48.077788 30.059226 27.424971
v 48.079998 30.080000 27.679999
v 48.108512 29.822353 27.891796
v 48.159999 30.160000 24.959999
v 48.079998 30.239999 27.680000
v 48.159999 30.480000 25.279999
v 48.079998 30.239998 26.400000
v 48.079971 30.540729 27.343642
v 48.231108 30.646175 25.670676
v 48.239998 30.719998 27.360000
v 48.239998 26.080001 25.119999
v 48.239998 26.240001 24.160001
v 48.239998 26.080001 25.439998
v 48.239998 26.240001 24.959999
v 48.239998 26.400000 25.439997
v 48.239998 27.679999 25.279998
v 48.239998 26.559999 25.279998
v 48.239998 27.040000 23.840001
v 48.240531 26.939230 24.150354
v 48.230577 27.435296 23.887064
v 48.239998 27.680000 24.639999
v 48.239998 27.519997 24.799999
v 48.399998 27.679998 24.000000
v 48.239998 27.680000 24.320000
v 48.399998 27.680000 24.160001
v 48.239998 27.519996 25.119999
v 48.319999 27.840000 25.199999
v 48.196277 27.816705 25.372527
v 48.318010 27.768359 25.782289
v 48.239998 27.840001 26.879998
v 48.239998 27.839999 27.039999
v 48.270140 28.056217 26.573463
v 48.265452 28.047272 26.876363
v 48.276355 28.216362 26.037596
v 48.399998 28.000000 27.359998
v 48.374703 28.482902 24.697582
v 48.279636 28.227891 26.405899
v 48.266144 28.423226 27.924488
v 48.064972 28.660772 24.717789
v 48.320000 28.639999 27.920000
v 48.160000 28.959999 24.719999
v 48.319998 28.959999 28.080000
v 48.319999 29.119998 24.719999
v 48.319999 29.279998 28.080000
v 48.320000 29.760000 28.080000
v 48.376105 29.754416 24.743536
v 48.292565 29.946808 27.914069
v 48.319999 30.080000 24.879999
v 48.320000 30.240000 25.039999
v 48.239998 30.399999 27.679999
v 48.480000 30.480000 25.279999
v 48.246242 30.491322 25.495147
v 48.245515 30.460689 27.543907
v 48.244237 30.618236 27.649521
v 48.239998 30.719998 26.399999
v 48.355742 30.811842 25.940476
v 48.256920 30.907561 26.651513
v 48.259497 30.924152 27.285078
v 48.426041 25.854160 24.521308
v 48.438822 25.878824 25.015684
v 48.399998 25.920001 25.440000
v 48.412150 25.875444 26.229873
v 48.578459 25.864616 26.381537
v 48.399998 26.080001 24.320000
v 48.399998 26.080001 24.959998
v 48.435061 26.185836 23.666681
v 48.415239 26.204326 24.012244
v 48.399998 26.080000 25.599998
v 48.399998 26.399999 23.680002
v 48.399998 26.400000 25.599998
v 48.399883 26.799774 23.264226
v 48.402803 26.869982 23.995177
v 48.399998 27.039999 23.680000
v 48.399998 26.560000 25.439998
v 48.399998 27.359999 26.239999
v 48.401583 27.202342 23.196074
v 48.399998 27.680000 25.439997
v 48.407050 27.405980 25.828223
v 48.399998 27.359998 23.680000
v 48.399998 27.680000 25.120000
v 48.399998 27.760001 24.719997
v 48.480000 27.840000 25.840000
v 48.480000 28.000000 26.000000
v 48.399998 27.839999 24.319999
v 48.586806 28.090805 26.857557
v 48.412901 28.175484 27.009032
v 48.396344 28.014711 27.003190
v 48.480000 28.320000 23.119999
v 48.399998 28.480000 24.120000
v 48.437168 28.364401 26.991433
v 48.399998 28.319999 27.680000
v 48.404433 28.480976 23.171907
v 48.479999 28.479999 27.760000
v 48.536732 28.638438 24.694053
v 48.479998 28.639999 27.760000
v 48.479999 28.799999 27.920000
v 48.527958 28.953579 24.698681
v 48.479999 28.959999 27.920000
v 48.696894 29.168536 28.067084
v 48.597134 29.256847 24.723896
v 48.355198 29.427198 24.742399
v 48.399998 29.599999 24.959998
v 48.799999 29.760000 28.080000
v 48.342856 29.928000 24.897142
v 48.522498 30.075000 25.077499
v 48.479998 30.399998 27.920000
v 48.320000 30.639999 25.760000
v 48.486704 30.676886 27.625867
v 48.484571 30.596571 27.906286
v 48.479998 30.959999 26.080001
v 48.443498 30.955426 26.537979
v 48.479999 31.119999 27.199998
v 48.479999 30.959999 27.359998
v 48.479998 25.840000 25.920000
v 48.655876 25.836336 24.200305
v 48.790259 25.842435 24.789217
v 48.595006 25.861486 26.726020
v 48.639998 26.000000 24.000000
v 48.624514 26.178064 23.486450
v 48.559998 26.400000 26.719999
v 48.719997 26.400000 26.879998
v 48.559998 26.560000 26.559999
v 48.719997 26.559999 26.719998
v 48.480000 26.879999 23.119999
v 48.639999 27.039999 23.119999
v 48.559998 27.359999 26.399999
v 48.559998 27.199999 26.559999
v 48.719997 27.359998 26.559999
v 48.559998 27.519999 25.920000
v 48.559998 27.519997 26.240000
v 48.559998 27.519998 26.399999
v 48.571452 27.834029 25.942730
v 48.666878 28.211286 26.034244
v 48.700368 28.044705 26.565716
v 48.639999 28.160000 26.959999
v 48.710775 28.197534 26.390991
v 48.639999 28.480000 23.119999
v 48.527646 28.414876 27.276185
v 48.561773 28.639228 23.189050
v 48.693331 28.635554 27.724445
v 48.559998 28.959998 23.840000
v 48.709471 28.806665 27.704562
v 48.550222 29.053080 23.273081
v 48.559998 29.119998 23.680001
v 48.707794 29.124066 24.684746
v 48.662812 28.960060 27.903705
v 48.678259 29.307824 28.069565
v 48.563457 29.360766 24.858860
v 48.612074 29.412890 25.182448
v 48.559998 29.599999 25.119998
v 48.907116 29.848906 27.926360
v 48.519342 30.253114 25.063605
v 48.559998 30.240000 25.279998
v 48.639999 30.639999 25.599998
v 48.810067 30.652889 25.793868
v 48.639512 30.706097 27.768781
v 48.640000 30.879999 27.760000
v 48.456480 30.918844 27.555903
v 48.479998 31.119999 26.720000
v 48.875801 25.835123 24.358055
v 48.799999 25.840000 26.240001
v 48.874282 25.834298 26.680016
v 48.799998 26.000000 23.840000
v 48.933332 26.200000 23.453332
v 48.799999 26.160000 23.680000
v 48.719997 26.080000 27.039998
v 48.639999 26.559999 23.279999
v 48.719997 27.360000 27.039998
v 48.719997 27.200000 26.719998
v 48.879997 27.359999 27.199997
v 48.719997 27.519999 26.879998
v 48.719997 27.519999 26.559999
v 48.728281 27.754449 26.153032
v 48.724593 28.003233 26.891743
v 48.847937 28.371153 26.990906
v 48.765202 28.525119 27.281830
v 48.719997 28.639999 27.359999
v 48.719997 28.799998 27.359999
v 48.719997 29.119998 23.840001
v 48.719997 29.119999 27.840001
v 48.719998 29.279998 23.040000
v 48.719998 29.279825 23.279345
v 48.719997 29.279998 23.680000
v 48.719997 29.279998 24.000000
v 48.719997 29.279998 24.639999
v 48.719997 29.439998 23.359999
v 48.719997 29.439999 23.839999
v 49.002244 29.381326 25.151073
v 48.853331 29.475554 28.062223
v 48.869997 29.824335 25.278933
v 48.678440 29.935238 25.227358
v 48.754253 29.874680 25.492942
v 48.719997 30.079999 25.279997
v 48.614097 30.413279 25.346228
v 49.322449 30.362448 27.915102
v 49.119999 30.559999 27.920000
v 48.799999 30.959999 26.080000
v 49.151803 30.910208 27.739207
v 48.959999 30.959999 27.680000
v 48.959999 31.119999 27.359997
v 48.662382 31.122165 27.505703
v 48.639999 25.680000 25.919999
v 48.959998 25.680000 26.239999
v 48.988512 25.675248 26.539405
v 49.122357 25.839594 27.189837
v 48.884624 26.044669 27.219804
v 48.879997 26.240000 27.519997
v 48.639997 26.400000 23.439999
v 48.879997 26.880001 27.519997
v 49.119999 26.719999 23.279999
v 49.039997 26.880000 27.679998
v 49.439999 27.039999 23.119999
v 48.879997 27.039998 27.359998
v 48.879997 27.519998 27.039998
v 48.879997 27.840000 27.359999
v 48.879997 28.000000 27.199999
v 48.850906 28.374825 27.194405
v 49.021467 28.312757 27.331169
v 48.735012 28.958104 23.020059
v 48.892235 28.930321 27.288841
v 48.879997 28.959999 27.680000
v 48.879997 29.119998 27.359999
v 48.879997 29.119998 27.680000
v 48.879997 29.280000 27.840002
v 48.876556 29.340213 22.895483
v 48.879997 29.493332 23.253332
v 48.879997 29.439998 24.000001
v 48.822562 29.368204 24.647180
v 49.026204 29.384826 24.841377
v 48.879997 29.439998 27.840001
v 48.879997 29.599996 22.879999
v 48.879997 29.599997 23.840000
v 48.879997 29.759999 24.000000
v 48.879997 29.599998 24.479999
v 48.932901 29.575482 27.926451
v 48.879997 29.599997 23.039998
v 48.879997 29.759999 24.479999
v 48.879997 29.920000 23.360000
v 48.879997 29.920000 23.839999
v 49.039997 29.920000 24.479999
v 48.960000 30.080000 25.519999
v 48.757141 30.245714 25.482855
v 48.959999 30.240000 25.680000
v 49.194411 29.834582 27.922090
v 48.879997 30.560001 25.920000
v 49.021221 30.948221 26.470041
v 49.119999 31.119999 26.719999
v 48.959998 31.119999 27.519998
v 48.959998 25.680000 24.479999
v 48.639998 25.680000 24.959999
v 49.119999 25.840000 26.719999
v 49.203434 25.996728 27.357885
v 49.119997 26.000000 27.519998
v 49.119999 26.160000 23.680001
v 49.057775 26.177778 27.662222
v 49.359998 26.560000 23.279999
v 49.039997 26.400000 27.840000
v 49.119998 26.879999 23.119999
v 49.039997 27.040000 27.519998
v 49.039997 27.039999 27.840000
v 49.039997 27.199999 28.000000
v 49.200001 27.199999 28.160000
v 49.037091 27.653310 27.973073
v 49.039997 27.840000 27.519997
v 49.039997 27.840000 27.680000
v 49.039997 27.999999 27.359998
v 49.039997 28.320000 27.680000
v 49.163415 28.605833 27.287642
v 49.342016 28.837295 27.302346
v 48.959998 28.959999 22.799999
v 49.051452 29.248302 27.288715
v 49.039997 29.279999 27.680000
v 49.065608 29.461223 27.306739
v 49.057775 29.469627 27.677038
v 49.156923 29.563076 27.889231
v 49.039997 29.760000 23.039999
v 49.039997 29.679999 24.639999
v 49.071695 29.938113 22.993961
v 49.039997 29.920000 24.000000
v 49.070087 29.812156 25.080785
v 49.151746 29.880232 25.496793
v 49.039930 30.005498 23.286545
v 49.039997 30.079999 23.840000
v 49.067051 30.019851 25.772322
v 49.096644 30.023215 26.130973
v 49.039997 30.240000 24.080000
v 49.039997 30.240000 24.959999
v 49.119999 30.160000 25.599998
v 49.039997 30.400000 25.760000
v 49.034947 30.526256 26.063931
v 49.039997 30.719999 26.080000
v 49.039997 30.719999 26.240000
v 49.144562 30.713333 27.749473
v 49.015997 30.936000 26.271999
v 49.116061 30.961912 27.470053
v 49.280000 25.680000 26.720000
v 49.280000 25.680000 27.039999
v 49.280000 26.160000 27.840000
v 49.119999 26.400000 23.439999
v 49.280000 26.399999 28.080000
v 49.233277 26.551658 28.051489
v 49.280000 26.719999 23.119999
v 49.228388 26.714838 28.209033
v 49.200001 27.039999 28.000000
v 49.210436 26.907824 28.198261
v 49.221004 27.133185 28.362213
v 49.200001 27.840000 27.840000
v 49.198243 27.811868 28.052747
v 49.200001 27.999999 28.320000
v 49.360001 28.053332 28.480001
v 48.639998 28.319999 22.959999
v 49.196063 28.419268 27.779361
v 49.200001 28.160001 28.160000
v 49.360001 28.266666 28.320001
v 49.200001 28.480000 27.359999
v 48.959999 28.799999 22.959999
v 49.200001 28.639999 28.000001
v 49.200001 28.480000 28.160001
v 49.355270 29.007069 22.790571
v 49.011743 29.686344 22.793947
v 49.119999 29.519999 27.520000
v 49.279999 29.519999 27.359999
v 49.234286 29.645713 27.691427
v 49.279999 29.679998 27.519999
v 49.200001 29.920000 25.119999
v 49.226423 30.065321 22.978347
v 49.200001 30.080000 23.199999
v 49.190244 30.314556 25.074638
v 49.178462 30.070769 25.479998
v 49.200001 30.240000 23.039999
v 49.200001 30.080001 25.279998
v 49.279999 30.160000 25.439999
v 49.276799 30.131200 25.638400
v 49.197926 30.322690 26.195452
v 49.413777 30.476444 23.063332
v 49.200001 30.240001 23.359999
v 49.039997 30.239999 23.519999
v 49.360170 30.558135 23.438728
v 49.200338 30.400350 23.840019
v 49.246666 30.366666 26.446667
v 49.200001 30.560001 24.000001
v 49.356774 30.700283 25.240645
v 49.200001 30.559999 26.240000
v 49.200001 30.560000 26.400001
v 49.200001 30.560000 24.159999
v 49.200001 30.720000 24.320000
v 49.197123 30.692949 24.996259
v 49.039998 30.719999 26.399998
v 49.245738 30.795842 27.557419
v 49.120000 31.119999 27.199998
v 49.279999 30.959999 27.200000
v 49.280000 30.959999 27.359998
v 49.919998 25.680000 25.119999
v 49.439999 25.840000 27.359999
v 49.599998 26.000000 24.000000
v 49.439999 26.160000 27.680000
v 49.439999 26.320000 23.519999
v 49.440000 26.559999 28.080000
v 49.439999 26.719999 28.240000
v 49.440000 26.879999 28.400000
v 49.439999 27.039999 28.400000
v 49.439998 27.199999 22.959999
v 49.439999 27.199999 28.560000
v 48.639998 27.199999 22.959999
v 49.465060 27.446745 28.569638
v 49.573400 27.839801 28.706673
v 48.799998 28.480000 22.959999
v 49.520000 28.159999 28.640001
v 49.360001 28.640000 28.160000
v 49.360001 28.800000 28.000000
v 49.360001 28.960000 27.839999
v 49.439999 29.760000 22.799999
v 49.439999 29.439999 27.279999
v 49.443532 29.662875 27.493906
v 49.395644 30.387503 22.957817
v 49.500539 30.027330 25.742427
v 49.486158 30.040602 26.133748
v 49.360001 30.240000 25.279999
v 49.368277 30.240919 25.614713
v 49.438087 30.301302 26.189541
v 49.385629 30.180673 26.574760
v 49.370052 30.213537 26.884717
v 49.360001 30.400000 23.359999
v 49.439999 30.320000 26.400000
v 49.360001 29.759999 27.679998
v 49.360001 30.560001 23.200000
v 49.498181 30.549817 25.730910
v 49.360001 30.559998 26.559999
v 49.394286 30.571430 27.634283
v 49.359444 30.878417 23.718977
v 49.360310 30.681856 24.049767
v 49.374460 30.746485 25.624893
v 49.361855 30.875448 26.731741
v 49.367706 30.853500 26.964622
v 49.508895 30.742827 27.543350
v 49.360001 30.879999 24.320000
v 49.360001 30.880001 24.959999
v 49.360001 30.880000 25.120000
v 49.439999 30.799999 27.360000
v 49.520000 31.040000 23.680000
v 49.360001 31.040000 24.000000
v 49.360001 31.040000 24.800000
v 49.845801 25.685764 24.439931
v 49.599998 25.840000 24.160000
v 49.279999 25.840000 27.199999
v 49.760000 25.840000 27.359999
v 49.439999 26.000000 27.519999
v 49.599999 26.000000 27.680000
v 49.759998 26.000000 23.840001
v 49.599998 26.400001 23.279999
v 49.599998 26.559999 23.279999
v 49.599999 26.559999 28.240000
v 49.599998 26.719999 23.119999
v 49.659468 26.877875 23.119999
v 49.708742 27.038544 22.960372
v 49.599999 27.359999 22.959999
v 49.599999 27.519999 28.719999
v 49.639384 28.406154 22.955076
v 49.549893 28.012092 28.858604
v 49.520001 28.318977 28.487156
v 49.534727 28.445519 28.852295
v 49.520000 28.799999 28.460000
v 49.520000 28.960000 28.000000
v 49.680000 28.960000 28.160000
v 49.477160 29.129086 27.288599
v 49.520000 29.120000 27.519999
v 49.520000 29.119999 28.000001
v 49.520000 29.279999 27.359999
v 49.641967 29.439998 27.478032
v 49.603882 29.664687 27.407881
v 49.533658 29.884878 22.956097
v 49.516832 29.725148 27.459802
v 49.538349 29.934679 27.146420
v 49.519489 30.125060 27.004016
v 49.599998 30.160000 26.719999
v 49.551243 30.295206 26.039446
v 49.602104 30.301052 26.431579
v 49.759998 30.559999 23.119999
v 49.589286 30.817783 23.403513
v 49.679699 30.798452 25.648831
v 49.671579 30.686316 25.970527
v 49.520000 30.719999 27.040000
v 49.498182 30.850909 25.432726
v 49.580113 31.101534 23.470318
v 49.520000 31.039999 24.999999
v 49.520000 30.879999 25.279999
v 49.680000 31.039999 25.600000
v 49.599998 31.119999 23.840000
v 49.603804 31.280914 24.009134
v 49.520000 31.199999 24.799999
v 49.599998 31.279999 25.279999
v 49.513676 31.170908 25.319841
v 48.932901 25.680516 24.853161
v 50.079999 25.680000 25.919999
v 49.919999 25.840000 23.840000
v 49.759998 25.840000 24.320000
v 49.759997 26.000000 27.519999
v 49.599998 26.160000 27.840000
v 49.762424 26.366060 23.134544
v 49.599998 26.400000 28.080000
v 49.760000 26.559999 23.119999
v 49.919999 26.559999 28.240000
v 49.280000 28.799999 22.959999
v 49.696552 28.584828 28.871724
v 49.679907 28.964964 28.563188
v 49.709420 28.935869 28.868589
v 49.680001 29.120001 28.160001
v 49.680000 29.120000 28.480000
v 49.684858 29.292657 27.562348
v 49.520000 29.120000 27.840000
v 49.840000 29.440000 28.000000
v 49.759998 29.599998 22.959999
v 49.848040 29.622416 27.711614
v 49.543218 29.712876 27.156706
v 49.575087 30.008088 26.874575
v 49.791097 30.179627 26.528897
v 49.759999 30.399999 22.959999
v 49.680000 30.400000 26.080000
v 49.715783 30.403578 26.446007
v 49.697778 30.557038 26.441482
v 49.605106 30.784680 23.159148
v 49.680000 31.040000 25.760001
v 49.680000 30.560001 26.240000
v 49.760000 31.119999 23.680000
v 49.759998 31.279999 23.840000
v 49.759999 31.439999 24.160000
v 49.722260 31.411575 24.476262
v 49.669334 31.344000 25.125332
v 49.759999 31.279999 25.279999
v 49.715538 31.590278 24.654630
v 49.710769 31.581537 24.929231
v 49.920000 25.680000 24.160000
v 49.869472 25.831579 24.033683
v 49.919998 25.680000 24.799999
v 50.079998 25.680000 26.879999
v 49.919998 25.680000 27.039999
v 49.919998 25.840000 27.199999
v 49.920000 26.000000 23.680000
v 49.878587 26.306823 23.228233
v 50.041232 26.033859 23.490327
v 49.759999 26.320000 23.519999
v 49.919999 26.000000 27.680000
v 49.919999 26.705455 23.119999
v 50.050864 26.850865 22.961786
v 50.079998 26.719999 28.240000
v 49.919998 27.199999 28.559999
v 50.178010 27.902272 28.725977
v 50.079998 28.000000 28.879999
v 49.600000 29.119999 22.959999
v 49.840000 29.279999 28.160000
v 49.840000 29.226665 28.533333
v 49.840000 29.439999 27.680000
v 49.860105 29.480263 28.386964
v 49.840000 29.120000 28.800000
v 49.919999 30.080000 23.119999
v 49.978080 29.710095 27.171930
v 49.963114 30.025869 26.873292
v 49.912855 29.961429 27.099999
v 49.919999 30.400001 23.119999
v 50.000000 30.399999 26.720001
v 49.976000 30.592000 26.504000
v 49.950843 30.793475 26.461641
v 49.917287 30.757965 23.136270
v 49.986666 30.853334 26.246666
v 50.115803 31.070768 23.462376
v 50.000000 31.040001 26.080000
v 50.079999 31.279999 23.840000
v 49.840000 31.200000 25.599998
v 49.840001 31.200000 25.760002
v 49.822857 31.331427 25.451428
v 49.865667 31.416799 25.760113
v 49.919999 31.439999 25.439999
v 50.079999 25.519999 24.799999
v 50.079999 25.519999 25.120000
v 50.232139 25.682217 24.628916
v 50.079998 25.840000 23.840000
v 50.079998 25.840000 27.039999
v 50.079998 26.000000 23.680000
v 49.919998 26.000000 27.359999
v 50.079999 26.160000 27.680000
v 50.079998 26.400000 23.119999
v 50.079998 26.559999 28.080000
v 50.064934 26.921824 28.403383
v 50.133331 27.039999 22.799999
v 49.919999 27.039999 28.400000
v 50.079997 27.359999 28.559999
v 50.239998 27.519999 28.719999
v 50.187539 28.451148 28.877376
v 50.079998 28.480000 22.959999
v 49.985402 29.510679 23.126438
v 50.079998 29.519999 28.639998
v 50.016532 29.629921 28.091209
v 50.080000 29.679998 28.320000
v 50.079999 29.519999 28.480000
v 49.989045 30.061865 27.102201
v 50.022400 29.795201 27.827201
v 50.024000 29.816001 27.968001
v 50.079999 30.079999 23.279999
v 50.000000 29.920002 27.359998
v 50.013333 29.960001 27.653334
v 49.984000 30.168000 26.736000
v 50.000000 30.240000 26.880000
v 50.013333 30.600000 26.693334
v 50.017280 30.600320 26.879360
v 50.123681 30.861481 23.453016
v 50.000000 31.040000 26.240000
v 50.101975 31.114927 23.687995
v 50.160000 31.199999 26.080001
v 50.078078 31.442880 25.683598
v 50.186665 31.599998 25.546665
v 50.079999 25.680000 25.280000
v 50.314560 25.507966 26.017148
v 50.317139 25.676178 24.169820
v 50.399998 25.680000 26.240000
v 50.239998 25.840000 24.000000
v 50.239998 26.000000 23.519999
v 50.240000 26.000000 27.359999
v 50.239999 26.240000 27.760000
v 50.239997 26.240000 23.279999
v 50.079999 26.559999 22.959999
v 50.239999 26.559999 28.080000
v 50.240000 26.719999 28.080000
v 50.239998 26.879999 22.959999
v 50.239999 26.879999 28.240000
v 50.283611 27.028349 28.236100
v 50.181973 27.361862 26.022866
v 50.213197 27.308553 26.447106
v 50.255348 27.230200 28.420664
v 50.195810 27.724566 26.018870
v 50.180786 27.718027 26.417041
v 50.447834 27.722888 28.715051
v 50.267401 28.294122 28.717068
v 50.346664 28.480000 22.799999
v 50.385178 28.520401 28.883777
v 50.293331 28.639999 22.959999
v 50.289623 29.433961 28.880158
v 50.239998 29.679998 28.320001
v 50.239998 29.679998 28.640000
v 50.369811 29.634715 23.124527
v 50.296000 29.864001 28.032001
v 50.125713 30.034287 27.531426
v 50.160000 30.239999 27.040000
v 50.160000 30.186666 27.253332
v 50.166316 30.370527 27.235789
v 50.192962 30.607027 27.047610
v 50.110935 30.724582 23.303386
v 50.160000 30.719998 23.519998
v 50.190769 30.596923 27.236922
v 50.139574 30.832340 26.403404
v 50.149565 30.841739 26.587826
v 50.202473 30.646238 26.808836
v 50.179432 31.085818 26.754407
v 50.079998 31.279999 24.000001
v 50.160000 31.199999 26.240001
v 50.079999 31.439999 24.160000
v 50.239999 31.439999 25.920001
v 50.399998 31.599998 24.639999
v 50.079998 31.599998 25.279998
v 50.398691 31.598098 26.028755
v 50.399998 25.519999 24.320000
v 50.372431 25.521080 24.692972
v 50.719999 25.519999 25.599997
v 50.462882 25.682476 23.989839
v 50.399999 25.840000 23.519999
v 50.533206 25.842233 23.821396
v 50.399998 26.080000 23.279999
v 50.399998 26.400000 27.760000
v 50.399998 26.559999 27.920000
v 50.399998 26.719999 28.080000
v 50.520700 27.003508 28.251228
v 50.399998 27.199999 28.400000
v 49.759999 27.359997 22.799999
v 49.759999 28.320000 22.799999
v 50.448855 28.192885 28.710065
v 50.559998 28.800000 28.879999
v 50.239998 29.679998 28.480000
v 50.444902 29.694966 28.665291
v 50.399999 29.919999 23.279999
v 50.290000 29.870001 28.180000
v 50.473992 29.889967 28.339931
v 50.519997 29.840000 28.599999
v 50.239999 30.079999 23.279999
v 50.308292 30.029269 27.719024
v 50.320000 30.080000 28.000002
v 50.320000 30.400000 23.359999
v 50.308085 30.059575 27.848511
v 50.266666 30.580739 23.294814
v 50.313285 30.613556 23.607367
v 50.320000 30.400001 27.359998
v 50.419998 30.609999 27.249999
v 50.333559 30.999320 23.802034
v 50.449433 30.872076 26.829056
v 50.320000 31.039999 24.000000
v 50.342377 31.004195 24.350769
v 50.428817 31.098417 26.781920
v 50.320000 31.359999 24.320001
v 50.464999 31.202499 24.455001
v 50.174042 31.063404 26.397022
v 50.456000 31.143999 26.592001
v 50.399998 31.439999 24.480000
v 50.182198 31.426596 26.039373
v 50.239998 25.519999 25.279999
v 50.559998 25.680000 24.160000
v 50.618588 25.691268 26.296337
v 50.666962 25.832869 23.530249
v 50.719997 26.080000 23.279999
v 50.559998 26.400000 27.760000
v 50.559997 26.559999 22.959999
v 50.559998 26.559999 27.920000
v 50.559998 26.719999 22.799999
v 50.724685 27.299540 26.454318
v 50.480000 27.359998 28.320000
v 50.559998 27.199998 28.240000
v 50.753734 27.550842 25.997108
v 50.529941 27.675333 28.243920
v 50.526909 27.999221 28.405839
v 50.559998 28.373333 28.719999
v 50.694191 29.321289 22.975483
v 50.559998 28.959999 28.879999
v 50.564168 29.418387 23.109762
v 50.564443 29.644443 23.146665
v 50.465574 29.702293 23.314098
v 50.506664 29.973333 23.439999
v 50.622222 29.878519 28.482964
v 50.524877 29.789269 28.860487
v 50.474155 30.170085 23.474372
v 50.480000 30.080000 28.320001
v 50.519999 30.200000 23.720001
v 50.516400 30.290264 28.041231
v 50.479999 30.399999 23.520000
v 50.494658 30.418306 23.714203
v 50.719998 30.480000 27.840001
v 50.320000 30.559998 23.680000
v 50.480000 31.199997 24.639999
v 50.484324 31.472431 24.570810
v 50.480000 31.359997 24.800000
v 50.504000 31.415999 26.528000
v 50.441650 31.583914 24.802254
v 50.510000 31.409999 26.380001
v 50.775426 31.581666 25.292161
v 50.559999 25.519999 24.319999
v 50.879996 25.519999 24.400002
v 50.719998 25.519999 24.639999
v 50.719999 25.680000 23.680001
v 51.039997 25.680000 23.680000
v 50.790392 25.671133 26.844728
v 50.719999 26.400000 22.959999
v 50.684443 26.186666 27.742222
v 50.559999 26.240000 23.279999
v 50.879997 26.879999 27.920000
v 50.879998 27.039999 27.920000
v 50.817964 27.160751 28.061656
v 50.719999 27.199999 28.080000
v 50.778541 27.268090 26.033647
v 50.719996 27.359999 28.240000
v 50.506919 27.856682 28.431847
v 50.079998 28.320000 22.799999
v 50.719999 28.319999 28.559999
v 50.719999 28.640000 28.559999
v 50.559998 28.799999 22.959999
v 50.719998 28.799999 28.719999
v 50.738905 28.924251 28.718438
v 50.713292 29.396884 23.254130
v 50.772328 29.629228 23.296320
v 50.559998 29.760000 23.439999
v 50.675745 29.912173 28.701887
v 50.639999 30.080000 28.480000
v 50.676173 30.090434 28.701217
v 50.744322 30.289267 23.784387
v 50.685713 30.297143 28.308571
v 50.719998 30.320000 28.160001
v 50.675555 30.293334 28.484444
v 50.320000 30.400001 27.519998
v 51.039997 30.639999 28.000000
v 50.719997 30.480000 28.000000
v 50.326316 31.004209 24.130527
v 50.803558 30.837750 27.583577
v 50.594403 30.964145 24.357306
v 50.719997 30.799999 24.320000
v 50.639999 31.039999 24.480000
v 50.480000 30.879999 27.040001
v 50.719998 31.279999 26.879999
v 50.719999 31.599998 26.400000
v 50.719996 31.439999 26.559999
v 50.719999 31.439999 26.719999
v 50.932357 31.596663 25.807215
v 50.879998 25.359999 24.639998
v 50.879998 25.359999 25.599999
v 51.039997 25.519999 25.920001
v 51.067454 25.519052 26.133018
v 50.879998 25.519999 26.400000
v 50.239998 26.160000 27.519999
v 50.825146 26.230631 25.227815
v 50.872491 26.188734 25.656351
v 50.832726 26.556364 25.225453
v 50.822810 26.554426 26.180014
v 50.836679 26.502676 26.584650
v 50.986663 26.399999 27.760000
v 50.823605 26.566125 25.649060
v 50.879999 26.719999 27.760000
v 50.803380 26.899153 26.217464
v 50.810979 26.786944 26.599842
v 50.799999 27.039999 25.760000
v 50.799999 27.039998 26.080000
v 50.799999 27.040000 26.400001
v 50.838742 27.198565 26.455964
v 50.815770 27.398995 25.750537
v 50.872339 27.738797 26.452130
v 50.879997 27.635198 25.964799
v 50.953041 27.961740 22.796521
v 50.879997 27.760000 26.080000
v 50.879997 27.840000 28.400000
v 50.559998 28.639999 22.799999
v 51.039997 28.160000 28.559999
v 50.879999 28.799999 28.559999
v 50.079999 29.279999 22.959999
v 51.039998 29.279999 28.719999
v 50.879997 29.359999 23.199999
v 50.879997 29.279999 28.879999
v 50.879997 29.760000 23.439999
v 50.879998 29.760000 28.879999
v 50.758260 29.892175 23.450434
v 50.879998 30.079999 23.760000
v 50.879996 29.920000 28.719999
v 50.759999 30.120000 23.479999
v 50.752229 30.146186 23.686330
v 51.039997 30.080000 28.719999
v 50.879998 30.320000 24.000000
v 50.879996 30.320000 28.480000
v 50.946293 30.643421 24.391714
v 50.880867 30.480006 28.107651
v 50.926906 30.489252 28.303781
v 50.669267 30.811706 24.440976
v 50.799999 30.880000 27.359998
v 50.639999 31.039999 24.640000
v 51.014192 30.807741 24.781935
v 50.799999 31.040001 27.199998
v 50.799999 31.040000 27.359999
v 50.792580 31.267045 25.038680
v 50.799999 31.199998 25.279999
v 50.879998 31.279999 26.879999
v 50.777225 31.557954 25.114744
v 50.879997 31.439999 26.559999
v 50.879997 31.439999 26.719999
v 50.935912 31.558466 25.437841
v 51.011644 31.597973 26.507342
v 51.039999 25.359999 24.320000
v 51.039996 25.519999 24.160000
v 51.039998 25.359999 24.480000
v 51.119995 26.240000 23.119999
v 50.879997 26.160000 27.519998
v 51.039996 26.559999 26.639999
v 51.039997 26.719999 26.799999
v 50.959999 26.719999 25.279999
v 51.011016 26.818962 25.764525
v 50.959999 26.879999 26.719999
v 51.199997 26.879999 27.920000
v 51.039997 26.719999 25.199999
v 50.998505 27.384439 25.218187
v 50.959999 27.039999 25.599998
v 50.959999 27.039999 26.559999
v 51.039998 27.359998 22.639999
v 50.970666 27.377777 25.598221
v 50.959999 27.519999 26.559999
v 51.360001 27.039999 27.920000
v 51.039998 27.439999 25.440000
v 50.986918 27.569080 26.737951
v 51.000079 27.608369 25.964523
v 51.039998 27.599999 26.400000
v 50.879997 27.680000 28.240000
v 51.039999 27.840000 28.240000
v 51.039997 28.000000 28.400000
v 51.039997 28.639999 22.799999
v 51.069090 28.789818 28.538182
v 51.079234 28.971719 28.703184
v 50.879997 29.119999 22.959999
v 51.103026 29.174549 22.992703
v 51.039998 29.439999 23.279999
v 51.039997 29.599998 23.439999
v 51.039998 29.839999 28.719999
v 51.039997 30.080000 23.760000
v 51.119554 30.240408 28.560002
v 51.039998 30.639999 24.320000
v 51.163237 30.798311 24.654981
v 50.981700 30.843723 25.137812
v 51.007998 30.824000 27.623998
v 50.959999 31.039998 24.960000
v 51.092788 31.040345 27.599170
v 50.973584 31.168300 25.432453
v 50.999999 31.159999 25.640000
v 51.012412 31.278160 27.054712
v 50.970434 31.387824 25.638261
v 51.199998 25.359999 25.920002
v 51.246931 25.356446 26.063468
v 51.199997 25.519999 23.680000
v 51.199997 26.080000 23.119999
v 51.360000 25.920000 27.279999
v 51.242417 26.196208 25.233693
v 51.250106 26.186888 25.636427
v 51.039997 26.240000 27.599998
v 51.360001 26.240000 27.599998
v 51.199997 26.400000 22.959999
v 51.199997 26.559999 22.959999
v 51.255010 26.575384 25.218923
v 51.242924 26.554009 25.663390
v 51.199997 26.719999 22.799999
v 50.985973 26.716537 25.664070
v 51.035900 26.773639 26.132714
v 50.879998 27.359998 22.799999
v 51.294357 27.421593 25.201523
v 51.039999 27.439999 25.760000
v 51.279999 27.680001 25.439999
v 51.360001 27.840000 28.240000
v 51.333334 28.479999 22.799999
v 51.199998 28.159999 28.400000
v 51.199998 28.639999 22.959999
v 51.039997 28.799999 22.959999
v 51.173730 28.945672 28.411940
v 51.174483 29.164974 28.575233
v 51.231997 29.223999 23.255999
v 51.199997 29.599998 23.439999
v 51.199998 29.440000 28.719999
v 51.039997 29.760001 23.439999
v 51.279592 29.680540 23.600135
v 51.199997 29.760000 28.719999
v 51.199998 30.000000 23.840000
v 51.199998 29.973333 28.559999
v 51.118325 30.324526 24.082815
v 51.253333 30.399999 28.400000
v 51.086663 30.649332 28.145334
v 51.199998 30.799999 28.000000
v 51.209871 30.798171 25.108113
v 51.199996 30.799999 27.840000
v 51.199997 30.959999 25.279999
v 50.997980 30.964668 25.246057
v 51.219998 31.150000 25.650000
v 51.039997 31.279998 27.360000
v 51.119999 31.359998 25.760000
v 51.119999 31.359997 25.919999
v 51.119998 31.519999 25.940001
v 51.199998 31.439999 26.240000
v 51.039998 31.599998 26.720000
v 51.060604 31.597978 26.305050
v 51.360001 31.599998 26.719999
v 51.504761 25.362538 24.292064
v 51.520000 25.359999 25.119999
v 51.360000 25.359999 24.959998
v 51.626666 25.519999 23.680001
v 51.360001 25.519999 24.000000
v 51.360001 25.519999 24.160000
v 51.360001 25.519999 26.240000
v 51.467230 25.837818 23.362041
v 51.360001 26.080000 23.119999
v 51.466670 26.239999 22.959999
v 51.413336 26.399999 22.959999
v 51.466670 26.559999 22.799999
v 51.199996 26.399999 27.599998
v 51.525854 26.835121 25.221462
v 51.433644 26.795133 25.717768
v 51.199997 26.719999 27.760000
v 51.360000 27.519998 26.799999
v 51.360001 27.359999 28.240000
v 51.338009 27.739165 25.241281
v 51.360001 27.599998 25.920001
v 51.199996 27.599998 25.760000
v 51.502598 27.593959 26.624931
v 51.360001 27.760000 25.760000
v 51.360000 28.000000 28.400000
v 51.360001 28.639999 28.400000
v 51.465898 28.961491 22.960989
v 51.365333 29.382665 28.553333
v 51.363637 29.238181 23.241817
v 51.199997 29.439999 23.279999
v 51.360001 29.760000 28.559999
v 51.359999 30.000000 23.840000
v 51.392001 30.024000 24.056000
v 51.360001 30.080000 28.559999
v 51.353129 30.287607 24.106012
v 51.360001 30.320000 24.319999
v 51.231787 30.618808 24.485828
v 51.360000 30.480000 24.640001
v 51.300963 30.523868 24.819163
v 51.359999 30.799999 25.119998
v 51.360001 30.799999 25.279999
v 51.360001 30.959999 25.599998
v 51.279999 31.200000 25.920001
v 51.279999 31.200000 26.080000
v 51.290023 31.378769 26.113227
v 51.476195 31.444285 26.870003
v 51.360000 31.599998 26.399999
v 51.519999 25.199999 24.480000
v 51.520000 25.199999 24.959998
v 51.565713 25.352380 23.923810
v 51.537778 25.354073 26.358519
v 51.360000 25.519999 26.400001
v 51.551999 25.864000 23.143999
v 51.655385 25.876923 27.261537
v 51.520000 26.080000 23.119999
v 51.626668 26.719999 22.799999
v 51.520000 26.719999 26.799999
v 51.573334 26.879999 22.639999
v 51.360001 26.879999 27.760000
v 51.413334 27.146666 26.799999
v 51.519999 27.200000 26.639999
v 51.519999 27.199999 27.920000
v 51.561481 27.342221 28.074074
v 51.039998 27.840000 22.639999
v 51.519999 27.839999 28.080000
v 51.520000 28.320000 22.799999
v 51.519999 28.319999 28.240000
v 51.600041 28.479765 22.959785
v 51.360001 28.639999 22.959999
v 51.519999 28.639999 28.240000
v 51.520000 28.799999 28.400000
v 51.520021 29.239455 23.239455
v 51.520000 29.279997 28.400000
v 51.520001 29.599999 23.600000
v 51.360000 29.760000 23.600000
v 51.500001 29.810000 23.790000
v 51.521218 29.999820 28.398723
v 51.536842 30.042105 24.058947
v 51.519999 30.160000 24.159999
v 51.519999 30.240001 28.400000
v 51.519999 30.320000 24.479999
v 51.520000 30.320000 24.639999
v 51.413334 30.560000 28.240000
v 51.600433 30.502903 24.829277
v 51.519044 30.639888 25.195854
v 51.360000 30.959999 25.439998
v 51.673119 30.785376 27.861506
v 51.519999 30.799999 28.000000
v 51.520001 30.959999 25.760000
v 51.519999 30.959999 26.080000
v 51.595470 31.111423 26.331248
v 51.520000 31.279999 27.039999
v 51.680000 25.199999 24.320000
v 51.560000 25.354284 25.845714
v 51.679999 25.199999 25.119999
v 51.721481 25.194073 25.742222
v 51.734537 25.520002 23.518826
v 51.520000 25.519999 26.559999
v 50.879997 25.519999 26.720000
v 51.839999 25.872941 27.087058
v 51.685000 25.877500 23.157499
v 51.840000 26.080000 27.279999
v 51.733332 26.240000 22.959999
v 51.519999 26.080000 27.279999
v 51.786666 26.400000 22.799999
v 51.520000 26.400000 27.599998
v 51.900966 26.517233 26.573755
v 51.598490 26.593207 26.649056
v 51.680000 26.719999 26.160000
v 52.000000 26.559999 27.760000
v 51.689484 26.829582 25.217230
v 51.680000 26.799999 26.080000
v 51.679999 27.039999 26.639999
v 51.679999 27.199999 27.920000
v 51.662281 27.565471 26.623446
v 51.695868 27.724288 25.224507
v 51.734911 27.625924 25.931664
v 51.718259 27.610433 26.107827
v 51.656197 27.773131 25.703252
v 51.679999 28.000000 28.080000
v 51.679999 28.479999 28.240000
v 51.679999 28.906665 28.240000
v 51.680000 28.799999 22.959999
v 51.680000 29.039999 23.199999
v 51.871999 29.063999 23.415999
v 51.680000 29.279999 28.240000
v 51.680000 29.599998 23.760000
v 51.680000 29.439999 28.400000
v 51.737541 29.665959 28.360784
v 51.673129 29.807607 23.786012
v 51.687093 29.867223 24.052997
v 51.759998 29.920000 28.160001
v 51.520000 30.160000 24.319999
v 51.680000 30.240000 28.240000
v 51.680001 30.320000 24.639999
v 51.336490 30.641567 24.948561
v 51.679999 30.639999 25.439998
v 51.680000 30.639999 25.599999
v 51.734047 30.937881 25.954673
v 51.596180 31.061574 26.538478
v 51.599999 31.359999 26.399999
v 51.585068 31.380278 26.719999
v 51.680000 31.279999 27.359998
v 51.708514 25.195246 24.180594
v 51.900443 25.196443 25.219554
v 51.839999 25.359999 25.920000
v 51.840000 25.519999 23.680000
v 51.840001 25.920001 23.119999
v 51.680000 26.080000 22.959999
v 51.789646 26.500636 24.471712
v 51.775410 26.521527 24.808141
v 51.846909 26.508056 26.185017
v 51.199996 26.559999 27.760000
v 51.798619 26.722758 25.015171
v 51.807999 26.874666 24.410667
v 51.807271 26.941818 25.756363
v 51.931557 26.928563 26.213083
v 51.817595 26.937318 26.619518
v 51.840000 26.879999 27.760000
v 51.778981 27.035931 24.596610
v 51.805749 27.156870 25.352390
v 51.840000 26.959999 26.080000
v 51.823396 27.080754 27.924528
v 51.784544 27.186362 24.582727
v 51.759998 27.199998 24.959999
v 51.706205 27.511721 25.217930
v 51.840000 27.519998 25.359999
v 51.777223 27.679032 25.483025
v 51.840000 27.599998 26.400000
v 51.840000 27.840000 25.519999
v 51.756362 27.860980 25.647270
v 51.756783 27.959468 25.905220
v 51.790931 28.052299 25.583035
v 51.840001 28.160000 22.799999
v 51.679999 28.320000 22.799999
v 51.679999 28.319999 28.080000
v 51.840000 28.480000 28.080000
v 51.839999 28.959999 28.080000
v 51.840000 29.039999 23.199999
v 51.840000 29.119999 28.240000
v 51.679999 29.279999 23.439999
v 51.839999 29.440000 28.240000
v 51.851428 29.554284 23.725715
v 51.839999 29.679998 23.840000
v 51.840000 29.679998 24.000000
v 51.840000 29.840000 24.159999
v 51.759998 29.760000 28.160001
v 51.693078 30.132642 24.116064
v 51.969999 30.170000 24.779999
v 51.759998 30.080000 28.000001
v 51.840000 30.400000 24.879999
v 51.794285 30.571427 27.954287
v 51.866115 30.626897 24.931382
v 51.794285 30.674286 25.748572
v 51.759998 30.720001 25.920001
v 51.900515 30.752762 27.864765
v 51.759998 30.879999 26.080000
v 51.750768 30.895385 26.673845
v 51.759998 31.039999 26.719998
v 51.916710 30.753972 27.649315
v 51.759998 31.199999 26.719999
v 51.702511 31.260836 26.879999
v 51.919998 31.040000 27.359999
v 51.839999 25.199999 24.640001
v 52.028515 25.035246 25.099405
v 52.053332 25.199999 24.000000
v 52.053334 25.199999 25.920000
v 52.129523 25.367618 26.102857
v 52.170165 25.366629 26.425193
v 52.053332 25.519999 23.359998
v 52.074616 25.674643 23.129601
v 51.840001 25.680000 26.879999
v 52.024614 25.698462 27.083076
v 52.000001 26.080000 22.959999
v 52.106668 26.239999 22.799999
v 52.080000 26.399999 22.799999
v 51.999999 26.559999 22.639999
v 52.095931 26.667602 25.030131
v 51.881082 27.276705 25.042111
v 51.919998 26.879999 26.400000
v 52.139406 27.068514 24.564752
v 52.343313 26.972342 26.453485
v 52.016603 27.159245 27.755472
v 52.003403 27.419573 24.592340
v 52.000001 27.359999 27.920000
v 52.137142 27.809524 22.632381
v 52.159999 27.680000 27.920000
v 52.153333 27.813333 26.020000
v 51.840000 28.320000 22.959999
v 52.000000 27.679999 28.080000
v 51.999998 28.639999 28.080000
v 52.185809 28.845581 22.984302
v 51.840000 28.879999 23.039999
v 52.160000 28.799999 28.080000
v 52.027825 29.081738 23.429564
v 52.018285 29.179428 28.080000
v 51.999999 29.519999 23.680001
v 52.008163 29.537958 23.875919
v 52.079998 29.599998 28.000000
v 52.000000 29.679998 24.000000
v 51.919998 29.760001 28.000000
v 52.000000 29.840000 24.160000
v 52.010207 29.866867 24.378307
v 51.919998 29.920000 27.840002
v 51.919998 29.920000 28.000000
v 51.986886 30.151073 24.432239
v 51.919998 30.080000 27.840000
v 51.977303 30.179874 24.989793
v 51.920383 30.293351 27.679609
v 51.941051 30.416843 24.997894
v 51.919998 30.560000 25.119999
v 51.999999 30.480000 25.439998
v 51.919998 30.559999 25.920000
v 51.938460 30.516923 26.055384
v 51.919998 30.720000 26.133332
v 51.919998 30.720000 26.720000
v 51.919998 30.720125 27.039991
v 51.919998 30.560001 27.199999
v 51.919998 30.879999 26.879999
v 51.919998 31.040000 26.879999
v 52.320000 25.199999 24.160000
v 52.138537 25.205852 25.309267
v 52.213333 25.359999 23.519998
v 51.999999 25.920000 23.119999
v 52.122554 26.059574 22.963403
v 51.999999 26.480000 24.640000
v 52.022856 26.462857 24.794285
v 52.111111 26.389542 25.006222
v 52.148572 26.445714 24.525714
v 52.320001 26.559999 24.400000
v 52.159999 26.559999 27.599998
v 52.258245 26.941754 24.405614
v 52.160001 26.719999 27.760000
v 52.225168 27.017465 25.063825
v 52.160000 26.959999 25.760001
v 52.000000 27.039999 26.480000
v 52.141482 27.240847 25.352637
v 52.160000 27.119999 25.599998
v 52.160000 27.439999 24.959999
v 52.160000 27.519998 25.359999
v 52.160000 27.680000 25.519999
v 52.160000 27.840000 25.519999
v 52.279147 27.925107 22.793191
v 52.210321 28.045784 25.570485
v 52.201546 28.056978 25.949069
v 52.320000 28.320000 22.959999
v 52.159999 28.639999 27.920000
v 52.200377 28.864014 23.214262
v 52.162582 28.903971 23.405922
v 52.159999 29.119999 28.080000
v 52.159998 29.359999 23.680000
v 52.131180 29.401609 23.891025
v 52.079998 29.439999 28.000001
v 52.182018 29.643744 23.950778
v 52.103998 29.632000 27.784001
v 52.223638 29.655850 24.216007
v 52.080334 29.837325 27.761185
v 52.180000 29.870000 24.370000
v 52.182264 29.987774 24.762509
v 52.079998 30.080000 27.680000
v 52.180000 30.180000 24.999999
v 52.079998 30.400000 27.199999
v 52.140000 30.130000 27.409999
v 52.085852 30.370731 27.498535
v 52.159999 30.480000 26.240000
v 52.320000 30.320000 26.460000
v 51.999999 25.039999 24.639999
v 52.319999 25.039999 25.439998
v 52.319998 25.199999 24.000002
v 52.314837 25.230966 26.451612
v 52.287999 25.495999 26.504000
v 52.320000 25.680000 23.199998
v 52.480000 25.519999 26.720000
v 52.319998 25.920000 22.959999
v 52.320000 25.920000 27.119999
v 52.400000 26.080000 22.799999
v 52.320000 26.080000 27.279999
v 52.319998 26.240000 22.799999
v 52.365712 26.228573 24.525714
v 52.381846 26.204079 25.066456
v 52.400000 26.400000 22.639999
v 52.320000 26.400000 24.559999
v 52.320000 26.879999 25.039999
v 52.196520 27.088695 25.446955
v 52.319999 26.959999 25.599996
v 52.319998 27.199999 24.400000
v 52.406152 27.239383 27.764923
v 52.203834 27.345753 25.070683
v 52.239998 27.359998 25.279999
v 52.320000 27.359999 27.920000
v 52.376254 27.484138 25.125259
v 52.369030 27.514837 25.331612
v 51.839999 27.519999 26.480000
v 52.255943 27.659581 25.401118
v 51.840001 27.599998 26.240000
v 52.651428 27.577141 26.434285
v 52.320000 27.680000 27.920000
v 52.239998 27.840000 25.599998
v 52.269852 27.787917 25.921653
v 52.480000 27.760000 26.080000
v 52.320000 28.160000 22.799999
v 52.480000 27.840000 27.920000
v 52.236738 28.536764 22.966544
v 52.308571 28.845713 23.314284
v 52.319999 28.800000 27.920000
v 52.312289 29.025541 23.497830
v 52.479998 29.119999 27.760000
v 51.999999 29.279999 23.439999
v 52.308570 29.325713 23.794286
v 52.480000 29.280000 27.599998
v 52.324999 29.504998 23.975000
v 52.319999 29.439999 27.760000
v 52.361833 29.513526 24.141864
v 52.319998 29.840000 24.479998
v 52.319999 29.599999 27.760000
v 52.320000 29.840000 24.639999
v 52.369998 29.900000 27.409999
v 52.320000 30.000000 24.799999
v 52.346255 30.102531 27.423234
v 52.293418 30.176793 25.000460
v 52.319999 30.160000 25.439998
v 52.159999 30.480000 25.599998
v 52.319999 30.320000 25.759999
v 52.560000 25.039999 23.919998
v 52.480000 25.039999 24.480000
v 52.479999 25.039999 25.679998
v 52.319998 25.199999 25.599998
v 52.480000 25.199999 23.680000
v 52.480000 25.199999 23.840000
v 52.479998 25.359999 23.359999
v 52.160000 25.359999 23.840000
v 52.479998 25.519999 23.199999
v 52.507826 25.721739 22.970434
v 52.480000 25.920000 22.959999
v 52.479999 25.760000 27.119999
v 52.382989 26.104072 24.529936
v 52.508234 25.990588 24.724706
v 52.399998 26.080001 24.960000
v 52.479998 26.000000 25.120000
v 52.425229 26.049411 25.322580
v 52.480000 26.240000 22.799999
v 52.478756 26.481043 24.399993
v 52.445712 26.331429 25.931429
v 52.426664 26.346667 26.413333
v 52.399998 26.400000 25.279999
v 52.485523 26.451020 25.385324
v 52.421461 26.515122 25.754146
v 52.416967 26.887272 26.442423
v 52.399998 26.880000 25.119998
v 52.533331 27.199999 24.373334
v 52.479999 27.360000 26.480000
v 52.485940 27.460834 25.005028
v 52.320000 27.680000 22.799999
v 52.434941 27.735172 25.104367
v 52.425334 27.730354 25.283264
v 52.480000 27.599998 26.240001
v 52.479998 27.680000 27.760000
v 52.479999 28.000000 22.799999
v 52.516660 28.582559 23.255978
v 52.479998 28.640000 27.920000
v 52.479999 28.800000 27.760000
v 52.514135 29.066475 23.737257
v 52.629108 29.334885 23.792023
v 52.480000 29.359999 23.840000
v 52.479999 29.439999 27.599998
v 52.479998 29.519999 24.000000
v 52.479998 29.679998 24.320000
v 52.490809 29.697297 24.514594
v 52.559998 29.920002 27.199999
v 52.480000 29.840000 24.639999
v 52.460868 30.012174 24.836521
v 52.369998 30.130001 27.180000
v 52.479998 30.160000 25.706665
v 52.319998 30.320000 26.880000
v 52.479999 30.320000 25.919999
v 52.479848 30.320000 26.720077
v 52.639998 24.879999 24.480000
v 52.639998 24.879999 25.279998
v 52.639998 25.039999 23.680001
v 52.639998 25.039999 24.000001
v 52.639999 25.039999 24.320000
v 52.480000 25.039999 25.279999
v 52.959998 25.039999 26.240000
v 52.639998 25.199999 23.519999
v 52.709855 25.410720 23.295628
v 52.639999 25.359999 26.559999
v 52.668094 25.543992 22.985213
v 52.639998 25.680000 26.880000
v 52.694115 26.091764 24.364706
v 52.639999 26.000000 25.279999
v 52.964705 26.051765 25.345881
v 52.695452 26.386364 24.377273
v 52.160001 26.559999 22.639999
v 52.559998 26.560001 24.320000
v 52.799998 26.559999 27.599998
v 52.799999 26.719999 27.760000
v 52.639998 26.879999 26.639999
v 52.596127 27.255912 23.662366
v 52.639999 27.039999 23.600000
v 52.559998 26.560000 23.680002
v 52.591303 27.273042 24.414862
v 52.997816 27.272726 27.757091
v 52.639999 27.439999 24.639999
v 52.639998 27.760000 26.240000
v 52.295177 27.758679 25.533518
v 52.639998 27.840001 27.760000
v 52.480000 28.160000 22.959999
v 52.640203 28.719942 27.759798
v 52.614392 28.517609 22.972179
v 52.639999 28.959999 27.760000
v 52.639998 29.039999 23.519999
v 52.799998 29.066666 27.599998
v 52.639999 29.359999 24.000000
v 52.640385 29.546484 24.535133
v 52.641250 29.806343 24.587570
v 52.639998 29.840000 25.119998
v 52.559998 30.000001 26.959996
v 52.480000 30.000000 25.279999
v 52.559998 30.080001 27.039998
v 52.639998 30.160000 25.920000
v 52.845712 24.872380 23.923810
v 52.799998 24.879999 24.319999
v 53.013334 24.879999 25.599999
v 52.959999 25.039999 23.680001
v 52.823789 25.225887 23.303884
v 52.959998 25.199999 23.519999
v 52.320000 25.199999 25.760001
v 52.879999 25.199999 26.400000
v 52.799998 25.359999 26.559999
v 52.880078 25.359999 26.720079
v 52.799999 25.599998 22.959999
v 52.853333 25.760000 22.799999
v 52.799997 25.680000 27.039999
v 52.639998 25.840000 24.799999
v 52.799998 26.080000 22.639999
v 52.714144 26.109268 24.181463
v 52.754836 26.350538 23.502364
v 52.719997 26.400000 23.680000
v 52.773331 26.333333 24.000000
v 52.910769 26.313845 25.347691
v 52.799999 26.320000 25.920000
v 52.719997 26.559999 23.519999
v 52.799998 26.480000 25.760001
v 52.639999 26.719999 26.480000
v 53.251484 26.900593 22.644752
v 52.800000 27.199999 23.600000
v 52.639998 27.359999 26.639999
v 52.799999 27.439999 24.799999
v 53.141967 27.458269 24.999990
v 52.799999 27.439999 26.559999
v 52.914544 27.663637 26.329091
v 53.104392 28.045232 22.823092
v 52.816841 28.572631 23.229473
v 52.639998 28.799999 23.279999
v 52.800000 28.799999 23.439999
v 52.769811 28.674716 27.755472
v 52.809411 29.054117 23.703530
v 52.799999 29.359999 24.160000
v 52.799998 29.440000 27.279999
v 52.827826 29.530433 24.518260
v 52.864406 29.515839 27.268061
v 52.639999 29.840000 24.799999
v 52.799998 29.679998 27.040000
v 52.799999 29.840000 25.039999
v 52.799998 30.000000 25.493331
v 52.639998 30.160000 25.599997
v 53.119999 29.679998 26.559997
v 52.959999 24.879999 24.320000
v 52.959999 24.879999 25.279999
v 53.079245 25.044527 25.776605
v 52.959997 25.279999 23.279999
v 52.959999 25.199999 26.559999
v 52.959999 25.519999 23.039998
v 52.799999 25.920000 22.799999
v 52.799999 26.000000 24.320000
v 53.119999 26.000000 24.639999
v 52.959999 26.320000 25.759999
v 53.029512 26.315693 26.175488
v 52.000000 26.400000 27.599998
v 52.998552 26.313253 22.636144
v 52.959999 26.719999 27.599998
v 52.799997 27.039999 23.439999
v 52.960000 26.879999 27.760000
v 52.959999 27.519997 26.320000
v 53.119571 27.463662 26.197627
v 53.280000 27.680000 22.799999
v 53.116063 27.735082 26.136393
v 52.972075 28.134339 22.946414
v 52.959998 28.320000 23.119999
v 52.961051 28.617894 23.424209
v 52.986780 28.699999 27.713805
v 53.016932 28.716036 27.448408
v 52.983413 28.885853 27.432194
v 52.959999 29.119999 23.760000
v 52.799998 29.199999 23.840000
v 52.799998 29.199999 24.000000
v 53.119998 29.120000 27.279999
v 53.120087 29.360117 24.587748
v 52.959999 29.519999 24.480000
v 53.024258 29.511804 24.878982
v 52.959998 29.679998 24.959999
v 52.959999 29.679998 25.119998
v 52.957451 29.679936 26.936149
v 52.959999 29.840000 25.333332
v 52.959998 29.840000 26.240002
v 53.119998 24.719999 24.319999
v 53.167057 24.710588 25.355292
v 53.280000 24.879999 23.840000
v 53.279999 24.879999 24.000000
v 53.279998 25.039999 23.359999
v 53.119999 25.039999 25.920002
v 53.119999 25.199999 23.359999
v 53.220898 25.553260 22.814426
v 53.119999 25.920000 22.799999
v 53.239998 25.845714 24.725714
v 52.639999 25.840000 25.119999
v 53.120000 26.080000 22.639999
v 53.123933 26.023607 24.104918
v 53.063603 26.024919 25.436064
v 53.082151 26.022770 25.924136
v 53.454523 26.282619 24.060714
v 53.159611 26.414757 22.477669
v 53.276021 26.347169 26.457373
v 53.119998 26.240000 27.439999
v 53.400000 26.340000 23.459999
v 53.188962 27.023448 23.467584
v 53.156361 27.258181 23.672728
v 53.171762 27.265882 24.517646
v 52.799999 27.279999 24.639999
v 53.161480 27.377777 27.594073
v 53.168705 27.476045 24.817917
v 53.151998 28.104000 23.095999
v 53.088014 28.479477 27.616430
v 53.119999 28.559999 23.359999
v 53.126870 28.586012 23.567608
v 53.119999 28.639999 27.439999
v 52.959999 28.800000 23.439999
v 53.229149 28.876625 23.798842
v 53.119998 28.959999 27.279999
v 53.123806 29.158094 23.782858
v 53.151842 29.472583 27.252779
v 52.959998 29.519999 24.639999
v 53.119998 29.679998 25.119999
v 53.119997 29.519999 26.880000
v 53.119998 29.679998 25.279999
v 53.119999 29.679998 25.599998
v 53.119998 29.679998 26.240000
v 53.119999 29.840000 25.760000
v 53.119999 29.840000 26.080000
v 53.279998 24.879999 25.866668
v 53.279998 25.359999 23.039999
v 53.439999 25.199999 26.400000
v 53.119998 25.519999 23.039999
v 53.381587 25.764887 22.797241
v 52.479999 25.920000 27.279999
v 53.333331 25.920000 22.639999
v 53.283635 25.872727 24.105455
v 53.280000 26.240000 22.639999
v 53.267878 26.290909 26.206061
v 53.119999 26.400000 27.599998
v 53.279998 26.719999 27.599998
v 53.149266 26.698536 22.474146
v 53.238618 26.984827 24.317241
v 53.279999 27.199999 27.760000
v 53.279999 27.519999 22.639999
v 53.465347 27.461797 26.185413
v 53.238650 27.740941 24.782997
v 53.178458 27.670770 25.000000
v 53.283808 27.737143 26.118095
v 53.439999 27.200000 27.599998
v 53.386189 27.840472 22.800000
v 53.200675 27.753788 25.074621
v 53.359999 28.080000 27.599999
v 53.283635 28.118182 23.081817
v 53.119999 28.320000 23.119999
v 53.279999 28.480000 27.599998
v 53.279999 28.639999 27.439999
v 53.284443 28.597778 23.562222
v 53.119999 28.799998 23.600000
v 53.279998 28.959999 27.279999
v 53.279999 29.119999 27.119999
v 53.340488 29.188291 24.027317
v 53.327660 29.339573 24.163404
v 53.234283 29.291428 27.154285
v 53.279999 29.359999 24.639998
v 53.155198 29.497599 27.027198
v 53.279966 29.520000 26.666694
v 53.279999 29.519999 26.879999
v 53.329131 29.655765 25.115919
v 53.279998 29.679998 25.760000
v 53.279999 29.679998 26.079999
v 53.280000 29.679998 26.399999
v 53.440000 24.719999 24.106666
v 53.532305 24.886153 25.667690
v 53.439999 24.719999 23.840001
v 53.439999 25.039999 26.240000
v 53.515292 25.049411 23.312940
v 53.279998 25.039999 23.680000
v 53.439999 25.359999 23.039999
v 53.599998 25.199999 26.559999
v 53.472000 25.383999 22.823999
v 53.643641 25.484423 26.835582
v 53.425350 25.864789 24.117183
v 53.440000 25.840000 25.120000
v 53.519999 26.080000 22.639999
v 53.439999 26.000000 25.279999
v 53.444169 26.017986 25.952733
v 53.439999 26.240000 22.480000
v 53.599998 26.240000 26.160000
v 53.439999 26.240000 27.439999
v 53.496394 26.295081 23.836065
v 53.436497 26.454096 26.182903
v 53.436362 26.512727 26.454545
v 53.439999 26.800000 27.599999
v 53.440000 27.039999 22.480000
v 53.279999 26.959999 23.519999
v 53.439999 26.879999 26.639999
v 53.280000 26.880000 27.760000
v 53.279999 27.279999 24.639999
v 53.599998 27.279999 24.639999
v 53.450193 27.412472 26.614395
v 53.469969 27.593105 25.942859
v 53.545234 28.400129 23.358741
v 53.440000 28.159998 27.439999
v 53.440000 28.479999 27.439999
v 53.508237 28.689315 23.629226
v 53.440000 28.639998 27.279999
v 53.439999 28.799999 27.279999
v 53.439999 28.879999 23.840000
v 53.360001 28.960000 24.000002
v 53.485870 28.963408 27.256772
v 53.480752 29.195471 24.623396
v 53.439999 29.119999 27.119999
v 53.559692 29.363663 24.815877
v 53.306182 29.506909 24.967274
v 53.390873 29.393342 25.133497
v 53.440000 29.359999 26.719999
v 53.514422 29.313901 26.848432
v 53.401601 29.548798 25.283200
v 53.440000 29.519999 26.399999
v 53.439999 29.519999 26.559999
v 53.599999 24.559999 24.159999
v 53.440000 24.719999 24.800000
v 53.600000 24.559999 24.800000
v 53.599999 24.719999 23.680001
v 53.775877 24.716335 23.720306
v 53.599998 24.719999 24.959999
v 53.599998 24.719999 25.279999
v 53.760000 24.719999 25.760001
v 53.685772 24.888247 23.445773
v 53.653333 24.879999 26.080000
v 53.599998 25.039999 23.359999
v 53.599998 25.039999 26.240000
v 53.671320 25.366608 22.799566
v 53.599998 25.760001 22.639999
v 53.512381 25.828572 23.908572
v 53.600000 25.680000 24.479997
v 53.599999 25.760001 27.119999
v 53.520000 25.920000 24.000000
v 53.598983 25.867315 25.973018
v 54.559998 25.920000 27.279999
v 53.440000 26.080000 27.279999
v 53.679998 26.240000 27.279999
v 53.600908 26.270068 23.745604
v 53.599998 26.400000 27.439999
v 53.599998 26.559999 23.439999
v 53.599999 26.879998 26.480000
v 53.599999 26.719999 27.439999
v 53.654206 26.967945 24.081919
v 53.649118 26.971535 24.298797
v 53.566625 27.032857 26.500001
v 53.599998 27.359999 26.160000
v 53.762197 27.328784 24.706539
v 53.564443 27.582221 26.133333
v 53.661753 27.754386 25.341753
v 53.599998 27.760000 25.760000
v 53.600000 28.000000 27.439999
v 53.599998 28.240000 23.199999
v 53.632000 28.424000 23.576000
v 53.599998 28.480000 27.279999
v 53.600000 28.639999 27.279999
v 53.599998 28.719999 23.840000
v 53.653332 28.879999 24.000000
v 53.759999 28.879999 24.320000
v 53.535781 28.858559 27.126465
v 53.544000 29.151998 26.823999
v 53.599998 29.359999 25.119999
v 53.595678 29.364810 26.670342
v 53.599999 29.519999 25.279999
v 53.653334 29.502220 26.204443
v 53.760000 24.559999 24.960000
v 53.759999 24.559999 25.280000
v 53.759998 24.879999 23.519999
v 53.759998 24.719999 25.920000
v 53.760000 24.879999 23.199999
v 53.759998 24.879999 26.240000
v 53.759998 25.039999 26.400000
v 53.812608 25.277624 26.797467
v 53.759999 25.519999 24.479999
v 53.705798 25.552875 25.209795
v 53.812529 25.522517 27.042282
v 53.599998 25.599999 22.799999
v 53.759998 25.680000 23.840001
v 53.759998 25.680000 24.320000
v 53.680000 25.760000 25.280000
v 53.623529 25.825882 25.449410
v 53.813331 25.920000 22.639999
v 54.079999 25.920000 23.760000
v 53.773115 25.863450 26.135861
v 53.866664 26.080000 22.479999
v 53.599999 26.080000 26.000000
v 53.759998 26.080000 26.160000
v 53.728388 26.509041 26.459310
v 53.439999 26.719999 26.480000
v 53.981175 26.818823 27.435293
v 53.279999 26.879999 23.439999
v 53.759998 27.039999 22.480000
v 53.716923 27.243076 24.486154
v 53.689509 27.180105 24.262557
v 53.744369 27.422805 26.112824
v 53.759999 27.519998 22.799999
v 53.922089 27.722830 24.738142
v 53.789268 27.594145 25.461462
v 53.757531 27.602192 25.814157
v 53.999997 27.600001 27.439999
v 53.439999 28.000000 22.959999
v 53.759998 28.240000 23.359999
v 53.779998 28.420000 23.560000
v 53.759999 28.479999 27.119999
v 53.759999 28.719999 23.840000
v 53.759998 28.639999 27.119999
v 53.839436 28.909622 26.769025
v 53.759998 29.199999 24.639999
v 53.760000 29.199999 24.800000
v 53.759999 29.199999 25.119999
v 53.675904 29.283866 26.318672
v 53.919999 29.199999 25.759999
v 53.680000 29.439998 26.080000
v 53.919999 24.559999 23.840000
v 53.919998 24.559999 24.320000
v 54.079999 24.559999 25.706667
v 53.919998 24.719999 25.653332
v 53.919999 24.719999 25.920000
v 53.919998 25.039999 23.039999
v 54.039998 24.879999 23.359998
v 53.759999 25.039999 26.559999
v 53.904767 25.559419 22.803028
v 53.919998 25.519999 24.373333
v 53.919842 25.520206 25.493362
v 54.052265 25.745068 22.642133
v 53.928472 25.538807 23.788556
v 53.840000 25.760001 25.600001
v 54.072061 25.818423 25.865628
v 53.939526 26.421417 26.161890
v 53.919997 26.240001 23.760000
v 54.030149 26.478600 23.441821
v 53.759999 26.400000 27.439999
v 54.079998 26.719999 23.439999
v 53.917240 26.935172 23.478619
v 53.919999 26.720000 26.480000
v 53.920000 27.039999 22.639999
v 53.919998 27.039999 26.480000
v 53.599999 27.359999 22.799999
v 53.915435 27.409069 24.268175
v 53.939583 27.462781 24.667744
v 53.920000 27.439999 25.760000
v 53.919999 27.439999 25.920001
v 53.760000 27.680000 22.959999
v 53.919998 27.599998 25.599998
v 53.920000 27.999999 27.439999
v 54.008887 28.088889 27.286463
v 53.919999 28.240000 23.359999
v 53.945454 28.345454 27.116363
v 53.919998 28.400000 23.519999
v 53.919999 28.400000 23.680000
v 53.919998 28.879999 24.160000
v 53.728000 28.855999 27.095999
v 53.919998 28.640000 27.119999
v 53.759999 29.039999 24.480000
v 53.919998 28.879999 26.879999
v 53.937777 29.034073 24.758518
v 53.803077 29.163075 26.553845
v 53.807607 29.113127 26.773986
v 53.919998 29.199999 24.959999
v 53.920000 29.199999 25.280000
v 53.919999 29.199999 26.080001
v 53.919999 24.559999 24.639999
v 54.079998 24.400000 24.639999
v 54.209409 24.562353 23.649413
v 53.920000 24.559999 23.680000
v 54.079998 24.560000 24.106667
v 54.079998 24.559999 24.799999
v 54.079998 24.559999 25.279999
v 54.239998 24.559999 25.439999
v 54.079998 24.719999 26.080000
v 54.079998 24.879999 26.240000
v 54.106097 25.061266 22.834333
v 54.079998 25.039999 26.400000
v 54.239998 25.039999 26.559999
v 54.094932 25.467731 22.637866
v 54.079999 25.359999 25.439999
v 54.079998 25.519999 25.599998
v 54.074838 25.548385 25.809032
v 54.079999 25.599998 27.119999
v 54.208823 25.869409 26.139334
v 54.028233 26.157990 23.753029
v 53.599999 26.240000 22.480000
v 54.015587 26.217044 23.495848
v 54.079999 26.559999 26.160000
v 54.146666 26.653333 27.275554
v 54.079999 26.719999 27.279999
v 54.079999 26.799999 23.519999
v 53.920000 26.959999 23.840000
v 54.081427 26.825237 23.888095
v 54.079999 26.720000 26.320000
v 54.079999 27.039999 26.320000
v 54.506664 27.039999 22.640000
v 53.759998 27.199999 22.639999
v 54.079999 27.199999 24.240000
v 54.239998 27.199999 27.439999
v 54.559998 27.439999 24.320000
v 54.399998 27.439999 25.760001
v 54.239997 27.680000 22.959999
v 53.919999 27.760000 25.279999
v 54.079999 27.679998 27.279999
v 54.079998 28.160000 23.119999
v 54.079999 28.160000 27.279999
v 54.079998 28.240000 23.519999
v 54.079998 28.320000 27.119999
v 54.133330 28.399999 23.680000
v 54.079998 28.479999 26.959999
v 54.061511 28.701221 26.941346
v 54.088677 28.712411 23.995459
v 54.080000 28.719999 26.719999
v 54.079998 28.879999 24.160000
v 54.239997 29.039999 24.799999
v 54.079999 29.039999 25.760000
v 53.919999 29.199999 26.400000
v 54.079998 29.199999 25.546665
v 54.239999 24.400000 24.053333
v 54.079999 24.400000 24.320000
v 54.239999 24.400000 24.800000
v 54.239999 24.400000 25.280000
v 54.239999 24.559999 23.519999
v 54.239998 24.559999 23.840000
v 54.239998 25.039999 23.039999
v 54.239999 24.879999 26.240000
v 54.319998 24.879999 26.400000
v 54.239999 25.119999 22.799999
v 54.079999 25.359999 24.479999
v 54.079999 25.599999 22.639999
v 54.239999 25.599999 26.959999
v 54.291233 25.778199 25.885258
v 54.239996 25.760000 27.119999
v 54.243115 26.041337 23.596424
v 54.267823 26.201739 23.450433
v 53.919998 26.879999 22.480000
v 54.239998 26.879999 27.439999
v 54.239999 27.039999 23.920000
v 54.239998 27.199999 22.639999
v 53.919997 27.199999 26.320000
v 54.239998 27.359999 22.799999
v 54.239999 27.413331 27.279999
v 54.239997 27.439999 24.639999
v 54.399998 27.439999 26.080000
v 54.219218 27.606007 24.830949
v 54.080000 27.839999 22.959999
v 54.239998 27.840000 23.119999
v 54.239999 27.919999 27.279999
v 54.079999 28.000000 22.959999
v 54.283560 28.007191 23.150861
v 54.291902 28.221411 23.177527
v 54.255784 28.269448 23.571790
v 54.399998 28.160000 26.959999
v 54.239998 28.719999 24.000000
v 54.284410 28.901062 24.361477
v 54.399998 28.719999 26.453333
v 54.079999 29.039999 26.239999
v 54.239999 29.039999 25.439998
v 54.239998 29.039999 25.599999
v 54.239998 29.039999 26.080000
v 54.239998 29.199999 24.959999
v 54.239998 29.199999 25.279998
v 54.399999 24.400000 23.680000
v 54.399998 24.400000 23.840001
v 54.399999 24.400000 25.119999
v 54.399999 24.400000 25.439999
v 54.239999 24.559999 25.759999
v 54.399999 24.400000 25.760001
v 54.239998 24.879999 23.199999
v 54.239999 24.719999 23.359999
v 54.399998 24.719999 23.359999
v 54.239999 24.719999 26.080000
v 54.406151 25.076922 22.836922
v 54.239998 25.279999 22.639999
v 54.399998 25.519999 24.000000
v 54.522855 25.362856 24.140000
v 54.399998 25.359999 24.320000
v 54.472908 25.353623 25.077940
v 54.260593 25.628514 22.475247
v 54.405376 25.554956 23.787563
v 54.399997 25.599999 25.840000
v 54.438807 25.725901 23.598966
v 54.399997 25.760001 26.000000
v 54.458497 25.886127 23.578583
v 54.399999 25.920000 26.000000
v 54.443076 26.073844 23.403076
v 54.531622 26.100361 26.164486
v 54.399998 26.559999 23.439999
v 54.519999 26.634285 26.165714
v 54.403807 26.758095 23.462856
v 54.399998 26.719999 26.320000
v 54.453332 27.199999 22.799999
v 54.559997 27.039999 23.920000
v 54.446246 27.185453 26.301989
v 54.239997 27.359999 24.240000
v 54.399999 27.199998 27.279999
v 54.479999 27.439998 22.959999
v 54.421462 27.434145 24.930731
v 54.399999 27.680000 23.119999
v 54.399998 27.599998 25.599998
v 54.398103 27.898700 23.140871
v 54.484702 27.727060 27.110587
v 54.344000 27.943999 23.328000
v 54.399999 28.000001 27.119999
v 54.361738 28.410434 23.812174
v 54.452365 28.398065 23.981668
v 54.370525 28.355789 26.953683
v 54.363621 28.697354 24.095356
v 54.399999 28.720000 26.239999
v 54.424763 29.014737 24.441707
v 54.399999 28.879999 26.080000
v 54.443636 29.003635 24.967272
v 54.399998 29.039999 25.386665
v 54.559999 24.240000 23.840000
v 54.646151 24.227692 25.230768
v 54.719996 24.400000 25.760000
v 54.399998 24.559999 23.519999
v 54.559998 24.559999 23.519999
v 54.499386 24.738119 22.899881
v 54.519999 24.733332 23.066666
v 54.719997 24.719999 23.039999
v 54.719998 24.719999 26.080000
v 54.399998 24.719999 26.240000
v 54.528600 25.069258 22.818716
v 54.665157 25.281455 22.639996
v 54.559999 25.199999 24.320000
v 54.559999 25.199999 24.959999
v 54.559998 25.439999 22.639999
v 54.656187 25.366266 23.711596
v 54.559998 25.439999 26.959999
v 54.559997 25.599998 22.480000
v 54.601888 25.631317 23.729195
v 54.719997 25.599999 26.959999
v 54.611693 25.671594 23.476247
v 54.559998 25.920000 22.480000
v 54.511809 25.906341 23.311183
v 54.646152 25.959385 26.004923
v 54.620197 26.339803 22.476831
v 54.480000 26.400000 23.359999
v 54.559998 26.400000 27.279999
v 54.568115 26.515942 23.579131
v 54.559998 26.879999 22.480000
v 54.510494 27.046209 26.020854
v 54.527272 26.883635 26.178182
v 54.719996 26.559999 27.279999
v 54.538920 27.417269 25.980025
v 54.239998 27.519999 22.799999
v 54.559998 27.519998 22.959999
v 54.613331 27.439999 25.599999
v 54.559999 27.519999 27.279999
v 54.652418 27.668230 23.119264
v 54.691483 27.604751 25.419405
v 54.586773 27.945423 23.575543
v 54.559998 28.000000 27.119999
v 54.582538 28.150589 26.950339
v 54.903588 28.362462 23.629328
v 54.588252 28.344918 26.939254
v 54.611883 28.493186 24.112658
v 54.645189 28.380821 26.643139
v 54.559999 28.559999 26.399999
v 54.559998 28.719999 26.240000
v 54.559999 28.559999 26.559999
v 54.610522 28.691748 24.129690
v 54.497777 28.770368 24.482962
v 54.480000 28.799998 24.799999
v 54.559999 28.879999 25.120000
v 54.559999 28.879999 25.440000
v 54.399999 28.879999 25.599998
v 54.639996 28.879999 25.680001
v 54.559998 28.879999 26.080000
v 54.559997 24.400000 23.680001
v 54.826664 24.559999 23.199999
v 54.719999 25.119998 22.639999
v 54.719997 25.199999 24.799999
v 54.826664 25.439998 22.480000
v 54.819307 25.353764 25.184629
v 54.719999 25.439999 26.799999
v 54.771534 25.604090 23.436279
v 54.719998 25.706667 22.480000
v 54.719999 25.760000 23.439999
v 54.719998 25.919999 22.320000
v 54.719996 25.920000 23.279999
v 54.748513 26.219406 22.315247
v 54.719999 25.919999 27.119999
v 54.719999 26.240000 26.000000
v 54.799999 26.480000 27.119999
v 54.719998 26.719999 22.480000
v 54.545320 26.781651 23.626422
v 54.719998 26.879999 23.920000
v 54.698160 27.123447 24.154712
v 54.699372 27.138367 24.354951
v 54.685496 27.420976 24.423447
v 54.857703 27.446556 25.045245
v 54.719998 27.599998 25.119999
v 54.719999 27.519998 27.279999
v 54.520974 27.908293 23.149267
v 54.786338 28.396097 24.253657
v 54.670942 28.428609 24.324595
v 54.689013 28.578348 24.478519
v 54.719998 28.559999 24.800000
v 54.719997 28.559999 26.240000
v 54.719997 28.559999 26.399999
v 54.799999 28.639999 25.120000
v 54.763076 28.861537 25.304614
v 54.719999 24.240000 23.840000
v 54.879998 24.080000 23.840000
v 54.879997 24.080000 24.480000
v 54.719998 24.240000 24.479999
v 54.719998 24.400000 23.680000
v 54.853330 24.386666 23.560000
v 54.879999 24.240000 24.720001
v 54.879999 24.400000 23.359999
v 54.826664 24.400000 25.439999
v 54.879997 24.400000 25.920000
v 54.960542 24.711138 22.753835
v 54.879997 24.719999 26.240000
v 54.737871 25.193345 24.972815
v 54.842208 25.073001 25.154656
v 54.879997 25.279999 22.639999
v 54.719998 25.199999 24.320000
v 55.039997 25.199999 24.480000
v 54.872256 25.385806 23.643871
v 54.879997 25.359999 24.000000
v 54.872393 25.388426 25.478981
v 54.899239 25.627341 22.316962
v 54.879998 25.759999 23.279999
v 54.559998 25.760001 27.119999
v 55.023393 25.800755 27.124527
v 54.879997 26.400000 22.480000
v 54.558183 26.452218 23.296762
v 54.719997 26.879999 22.639999
v 54.879997 26.879999 26.160000
v 54.879996 27.039999 26.000000
v 54.867174 27.413973 25.977570
v 54.719999 27.519999 23.119999
v 55.037177 27.425893 24.445959
v 54.879998 27.439999 25.440000
v 54.879998 27.519997 27.119999
v 54.852172 27.718261 27.109564
v 54.879998 27.760000 23.359999
v 54.879997 27.920000 23.519999
v 54.885159 28.369032 26.611612
v 54.958679 28.403767 23.924822
v 54.879999 28.400000 26.239999
v 54.879998 28.400000 26.400000
v 54.879997 28.559999 24.480000
v 54.879998 28.559999 24.959999
v 54.799999 28.639999 25.760000
v 54.879998 28.559999 25.919999
v 55.039997 24.080000 24.639999
v 55.039998 24.080000 24.800000
v 55.061513 24.363086 23.577973
v 55.039998 24.240000 25.013333
v 55.039997 24.400000 23.359999
v 55.119996 24.560000 26.080000
v 55.056151 24.555639 22.920659
v 55.039998 24.559999 23.199999
v 55.039997 24.799999 26.320000
v 54.879999 25.039999 24.799999
v 55.044215 25.186852 25.254442
v 54.079998 25.439999 26.959999
v 55.056361 25.190908 23.725454
v 55.043634 25.232726 25.494544
v 55.125713 26.280000 26.005714
v 55.007998 26.456000 23.303999
v 55.199997 26.480000 23.519999
v 55.039997 26.719999 26.160000
v 55.199997 26.080000 27.119999
v 55.039997 26.879999 22.639999
v 55.039997 26.880000 26.000000
v 55.039998 27.279999 24.959998
v 55.029332 27.269332 25.968000
v 55.039997 27.439999 24.799999
v 55.039995 27.519998 23.119999
v 54.847999 27.736000 23.143999
v 55.039998 27.760000 23.359998
v 55.161106 27.583252 27.129785
v 55.039999 27.760000 26.879998
v 55.022572 28.049435 23.630694
v 55.039997 28.000001 26.639999
v 54.913733 28.129156 23.602892
v 55.012703 28.225793 26.626150
v 55.039999 28.240000 26.399999
v 55.039997 28.400000 24.320000
v 55.039998 28.559999 24.640000
v 55.039998 28.400000 26.026666
v 55.039998 28.400000 26.239999
v 55.039997 28.559999 25.760000
v 55.130558 24.086062 23.559289
v 55.280887 24.071441 23.552638
v 55.199998 24.080000 25.066665
v 55.179422 24.242572 23.373994
v 55.199997 24.559999 23.039999
v 55.199997 24.400000 25.760000
v 55.199997 24.400000 25.920000
v 55.193040 24.591304 22.843478
v 55.231998 24.583999 26.296000
v 55.199997 24.959999 22.639999
v 55.199998 25.119999 22.480000
v 55.199998 25.039999 23.840000
v 55.199998 25.039999 24.480000
v 55.360001 25.039999 25.119999
v 55.360001 24.959999 26.480000
v 55.253333 25.279999 22.480000
v 54.559998 25.279999 26.799999
v 55.306666 25.439999 22.320000
v 55.360001 25.439999 23.600000
v 55.039997 25.599999 26.959999
v 55.199997 25.760000 26.000000
v 55.199998 25.866667 26.959999
v 55.039999 26.400000 22.320000
v 55.119997 26.567441 22.480000
v 55.535738 26.526776 23.582514
v 55.039998 26.400000 26.160000
v 55.039998 26.719999 22.480000
v 55.454053 26.792975 23.821804
v 55.199997 26.959999 24.000000
v 55.199998 27.253332 25.813333
v 55.199997 27.039999 22.639999
v 55.199997 27.119999 24.160000
v 55.191707 27.261163 24.437870
v 55.188568 27.394284 22.982856
v 55.199998 27.279999 24.800000
v 55.280246 27.272890 25.311639
v 55.199997 27.680000 23.279999
v 55.319163 27.786293 23.578160
v 55.179998 27.730000 26.769999
v 55.199998 27.999999 26.480000
v 55.161738 28.090434 23.812174
v 55.146198 28.106447 24.002624
v 55.182220 28.222222 26.462222
v 55.177240 28.246207 24.151035
v 55.199998 28.240000 24.320000
v 55.199998 28.240000 26.079999
v 55.199997 28.400000 24.480000
v 55.199998 28.400000 24.639999
v 55.199998 28.400000 25.760000
v 55.388517 23.915247 23.700595
v 55.199997 24.080000 24.639998
v 55.360000 24.080000 24.879999
v 55.840000 24.240000 25.920000
v 55.360001 24.240000 25.760003
v 55.360001 24.240000 25.920000
v 55.360536 24.426033 22.825478
v 55.360001 24.400000 23.039999
v 55.360001 24.559999 26.240000
v 55.360001 24.639999 22.799999
v 55.360001 24.799999 26.320000
v 55.360001 25.039999 24.799999
v 55.640222 25.042651 24.975027
v 55.357037 25.250369 23.617778
v 55.359999 25.199999 25.279999
v 55.520000 25.279999 26.799999
v 55.488001 25.495999 25.543999
v 55.680000 25.519999 25.760000
v 55.199998 25.599999 25.840000
v 55.360000 25.760000 23.279999
v 55.360001 26.400000 22.320000
v 55.360001 26.080000 26.959999
v 55.199998 26.720000 26.000000
v 55.337012 26.781949 23.637793
v 55.360001 26.879999 22.639999
v 55.360000 26.959999 24.000000
v 55.466669 26.959999 24.160000
v 55.356364 27.087272 25.814545
v 55.360001 27.199999 22.959999
v 55.360001 27.119999 24.320000
v 55.360001 27.119999 25.439999
v 55.327272 27.203635 26.978181
v 55.308386 27.354837 26.830968
v 55.417286 27.522114 23.282697
v 55.321308 27.519148 26.824894
v 55.353129 27.727607 23.306011
v 55.353962 27.730309 26.776578
v 55.392001 27.784000 26.504000
v 55.359382 28.043634 23.620746
v 55.199998 28.240000 26.240000
v 55.498496 27.910122 26.442486
v 55.520000 28.240000 24.160000
v 55.361119 28.238884 24.586527
v 55.360001 28.240000 25.920000
v 55.360001 28.240000 26.080000
v 55.360000 28.400000 25.760000
v 55.520001 24.240000 23.359998
v 55.680000 23.920000 24.000000
v 55.360001 23.920000 24.639999
v 55.519999 23.920000 24.799999
v 55.560756 23.915472 24.943395
v 55.650733 24.085853 25.141462
v 55.531034 24.413793 22.855172
v 55.520000 24.240000 23.039999
v 55.360001 24.799999 22.639999
v 55.520000 24.639999 26.320000
v 55.626666 24.799999 26.480000
v 55.520000 24.959999 22.639999
v 55.564799 24.873599 24.083200
v 55.560755 24.875471 24.783395
v 55.520001 25.119999 22.480000
v 55.598965 25.039969 23.840638
v 55.360001 25.039999 24.160000
v 55.573335 25.039999 25.279999
v 55.626668 25.279999 22.320000
v 55.526874 25.223136 23.467935
v 55.520000 25.199999 23.680000
v 55.520000 25.199999 25.439999
v 55.519998 25.439998 23.439999
v 55.039996 25.599998 22.320000
v 55.520000 25.599998 23.279999
v 55.680000 25.439999 26.799999
v 55.664122 25.640304 26.963663
v 55.520000 26.080000 26.000000
v 55.520000 26.240000 22.320000
v 55.680001 26.240000 23.279999
v 55.520000 26.400000 22.480000
v 55.199996 26.240000 23.279999
v 55.199998 26.719999 22.639999
v 55.711999 26.504000 23.736000
v 55.520000 26.799999 24.000000
v 55.199998 26.879999 25.840000
v 55.515757 27.098303 25.808891
v 55.509818 27.141817 25.410908
v 55.588572 27.147753 26.973060
v 55.520001 27.279999 24.480000
v 55.519999 27.359999 26.799999
v 55.840583 27.414339 22.985712
v 55.597567 27.432159 26.627909
v 55.524015 27.619149 23.555782
v 55.360000 28.080000 23.840001
v 55.498909 28.065652 23.964070
v 55.519999 28.080000 25.920001
v 55.520000 28.240000 24.799999
v 55.360000 28.400000 24.799999
v 55.736159 23.923804 23.515049
v 55.840000 23.920000 23.840000
v 55.742439 24.099512 23.301461
v 55.753846 24.075077 25.560614
v 55.718935 24.419731 22.662933
v 55.679999 24.799999 22.639999
v 55.800000 24.959999 22.479999
v 55.680000 25.119999 22.480000
v 55.520000 25.119999 26.639999
v 55.735232 25.220510 23.440757
v 55.679999 25.279999 26.639999
v 55.840000 25.439999 23.439999
v 56.479999 25.599998 25.840000
v 55.600002 25.920000 25.840000
v 55.680000 26.080000 26.000000
v 55.680000 26.480000 23.519999
v 55.647999 26.775999 23.784000
v 55.680000 26.799999 24.000000
v 55.756800 26.835200 25.846400
v 55.719384 26.793845 26.955076
v 55.764100 26.938612 22.674617
v 55.680000 26.959999 24.160000
v 55.680000 26.959999 24.320000
v 55.689571 26.972542 25.389702
v 55.680000 27.199999 22.959999
v 55.798518 27.285925 24.657777
v 55.649132 27.265728 25.329698
v 55.680090 27.736515 23.633747
v 55.503999 27.703227 26.637419
v 55.695216 27.782968 23.892969
v 55.520000 28.080000 26.080000
v 55.519999 27.920000 26.240001
v 55.679999 28.080000 24.159999
v 55.679999 28.080000 25.760000
v 55.680000 28.080000 25.920000
v 55.839999 23.760000 24.000000
v 55.839999 23.920000 25.439998
v 55.840000 24.080000 23.359999
v 55.840000 24.080000 25.760000
v 55.840000 24.240000 23.039999
v 55.840000 24.639999 22.639999
v 55.859999 24.589999 26.450000
v 55.840000 24.799999 22.639999
v 55.839999 24.879999 24.959999
v 55.946667 25.119999 22.320000
v 55.825125 25.043070 23.799715
v 55.999999 25.279999 26.639999
v 55.960614 25.526153 23.284922
v 55.840000 25.706667 26.799999
v 55.840000 25.920000 26.959999
v 55.840000 26.080001 23.279999
v 55.839999 26.239999 26.959999
v 55.679999 26.719999 26.000000
v 55.360001 26.559999 22.480000
v 55.840000 26.480000 23.680000
v 55.999999 26.399999 26.959999
v 55.827925 26.626414 23.814340
v 55.835563 26.803860 24.105217
v 56.000087 26.893492 24.413642
v 55.836596 26.939574 25.807660
v 55.861463 26.909267 26.794146
v 55.871999 26.983999 22.935999
v 55.840000 26.959999 25.599998
v 55.840001 26.959999 24.320000
v 55.680001 27.199999 26.799999
v 55.840000 27.279999 25.119999
v 55.893970 27.565866 23.296914
v 56.160000 27.760000 23.680000
v 55.851427 27.314284 26.674285
v 55.837722 28.063630 23.956990
v 55.839999 27.920000 25.840000
v 55.840000 28.080000 24.480000
v 56.122972 23.615732 23.760000
v 55.839999 23.760000 24.799998
v 55.999999 23.920000 23.199999
v 56.035199 23.897600 23.347198
v 55.679999 23.920000 24.799999
v 56.004445 24.437777 22.677777
v 56.174544 24.101818 25.796364
v 55.839999 24.400000 22.879999
v 56.020657 24.668882 22.475192
v 55.999999 24.719999 24.160000
v 56.067691 24.713845 24.732307
v 55.999999 24.879999 23.946667
v 55.840000 24.879999 24.639999
v 55.840000 24.879999 25.119999
v 56.019999 25.069999 23.469999
v 55.864615 25.058461 25.483076
v 56.073444 25.193439 23.269507
v 56.000000 25.439999 26.799999
v 56.320000 26.080000 23.279999
v 56.000000 25.920000 26.799999
v 55.999999 26.239999 26.799999
v 56.320000 26.400000 22.480000
v 55.999999 26.559999 23.760000
v 56.007711 26.697831 22.625542
v 55.999998 26.639999 23.999999
v 56.041700 26.634547 24.142479
v 56.000000 26.719999 26.959999
v 56.004067 27.016839 22.946888
v 55.869091 26.967272 25.403635
v 55.999999 27.039998 26.799999
v 55.878259 27.172173 22.970434
v 55.999999 27.119999 24.639999
v 55.999999 27.119999 25.119999
v 55.993129 27.253987 26.767606
v 56.000000 27.359999 23.279999
v 56.000000 27.279999 26.559999
v 56.000000 27.599998 26.240000
v 56.018065 27.767742 23.865807
v 55.999999 27.920000 24.159999
v 55.999999 27.920000 24.479998
v 55.999999 28.080000 24.639999
v 55.999999 23.760000 23.840000
v 56.055998 23.896001 23.487999
v 56.160000 23.760000 24.000000
v 56.240002 23.920000 23.199999
v 56.000001 23.920000 25.439999
v 56.239712 24.478488 22.642225
v 56.160000 24.240000 22.879999
v 56.320001 24.639999 22.480000
v 55.680000 24.559999 26.240000
v 56.159998 24.799999 22.480000
v 56.159999 24.719999 23.680000
v 56.160000 24.719999 24.000000
v 56.160000 24.719999 24.320000
v 56.213332 24.879999 24.959999
v 56.240000 24.959999 22.320000
v 56.320000 24.959999 26.480000
v 55.680000 25.279999 25.519999
v 56.160001 25.599998 26.799999
v 55.839999 26.080001 25.840000
v 56.209998 26.380000 23.789999
v 56.159999 26.399999 26.799999
v 56.149191 26.620091 22.520283
v 56.228060 26.632140 22.709155
v 56.159999 26.879999 22.959999
v 56.220194 26.589535 23.809137
v 56.159999 26.720000 26.799999
v 55.999998 26.799999 25.599999
v 56.159998 26.880000 26.799999
v 56.198519 26.921673 24.431409
v 56.160000 26.959999 25.119998
v 56.160000 26.959999 25.279999
v 56.160000 27.040000 26.639999
v 56.160000 27.119999 24.639999
v 56.190725 27.221500 26.632623
v 56.159999 27.599998 26.240000
v 56.159999 27.599998 23.519999
v 56.159998 27.760000 23.999999
v 56.159999 27.760000 24.159999
v 56.159999 27.920000 25.760001
v 56.160000 27.920000 24.320000
v 56.159999 27.920000 24.639999
v 56.320000 27.760000 25.019999
v 55.999999 28.080000 25.439999
v 56.159999 27.920000 25.439999
v 56.319998 23.600000 24.000000
v 56.320000 23.600000 24.320000
v 56.159999 23.760000 24.320000
v 56.480000 23.760000 23.359999
v 56.519384 23.755077 25.206153
v 56.479998 23.760000 25.439998
v 56.319999 23.920000 25.519998
v 56.400000 23.920000 25.760000
v 56.320000 24.240000 22.879999
v 56.351998 24.264000 22.663999
v 56.388569 24.552380 23.908572
v 56.319999 24.559999 24.319999
v 56.319999 24.719999 24.479999
v 56.287999 24.583999 26.456000
v 56.320000 24.799999 22.480000
v 56.320000 25.039999 25.279999
v 56.320000 25.119999 26.639999
v 56.319999 25.280000 25.519999
v 56.319999 25.599998 22.320000
v 56.381538 25.415383 25.680000
v 56.160000 25.439999 26.639999
v 56.428876 26.481792 25.833420
v 56.320000 26.320000 23.519999
v 55.999998 26.320000 23.519999
v 56.320000 26.506666 26.799999
v 56.195788 26.633684 24.029473
v 56.351998 26.663999 24.376000
v 56.133333 26.786666 25.800000
v 56.320560 26.773387 26.639414
v 56.319998 26.799999 25.173332
v 56.319999 26.959999 24.639999
v 56.159999 27.119999 24.959999
v 56.320001 27.119999 23.039999
v 56.320000 27.359999 23.279999
v 56.150588 27.425881 23.336469
v 56.319999 27.760000 25.599999
v 56.160000 23.600000 23.519999
v 56.480000 23.600000 24.000000
v 56.479999 23.600000 24.426665
v 56.319998 23.760000 24.479999
v 56.480000 23.600000 24.799999
v 56.319999 23.760000 24.800000
v 56.479998 23.920000 23.039999
v 56.479999 23.920000 23.199999
v 56.559999 24.096000 22.799999
v 56.503529 24.287059 22.649411
v 56.480000 24.160000 25.840000
v 56.581799 24.483818 22.480209
v 56.482474 24.523711 26.196288
v 56.479998 24.559999 24.479999
v 56.479998 24.719999 23.680001
v 56.319999 24.719999 24.799999
v 56.589999 24.729999 25.049998
v 56.319999 24.879999 25.119999
v 56.480000 24.879999 25.279998
v 56.480000 25.119999 23.279999
v 56.480000 25.039999 25.439999
v 56.480000 25.119999 25.519999
v 56.479998 25.119999 26.480000
v 56.319999 25.279999 22.320000
v 56.479999 25.279999 25.680000
v 56.479999 25.599998 26.799999
v 56.480000 25.920000 23.279999
v 56.480000 26.240000 22.320000
v 56.480000 26.240000 26.799999
v 56.480000 26.320000 23.680000
v 56.479998 26.320000 24.000000
v 56.479481 26.453406 26.640483
v 56.486956 26.664347 24.351304
v 56.425310 26.505328 25.604125
v 56.399998 26.719999 25.599999
v 56.479999 26.799999 24.959998
v 56.532202 26.778033 25.434783
v 56.514715 26.849810 26.635471
v 56.815484 27.092251 22.992809
v 56.511998 27.143999 23.255999
v 56.422824 27.255056 26.309368
v 56.554526 27.452448 23.409420
v 56.479998 27.439999 23.680000
v 56.480000 27.599998 23.840000
v 56.479999 27.599999 25.653332
v 56.480000 27.760000 24.000000
v 56.529981 27.756684 24.253586
v 56.319998 27.760000 24.319999
v 56.480000 27.760000 25.386666
v 56.639997 23.439999 24.319998
v 56.677142 23.597143 23.539999
v 56.639999 23.600000 23.840000
v 56.639999 23.600000 24.533332
v 56.639998 23.600000 24.959999
v 56.680754 23.595472 25.103395
v 56.480000 23.760000 25.599999
v 56.639999 23.920000 23.039999
v 56.639998 24.000000 25.840000
v 56.639998 24.320000 26.160000
v 56.693333 24.639999 22.320000
v 56.639999 24.559999 24.000000
v 56.714226 24.551752 24.725772
v 56.479999 24.560000 24.799999
v 56.779405 24.724752 24.988514
v 56.799999 24.639999 26.320000
v 56.639999 24.719999 23.519999
v 56.639999 24.719999 23.680000
v 56.853331 24.799999 22.320000
v 56.693332 24.959999 23.279999
v 56.639999 24.959999 25.519999
v 56.480000 24.799999 26.480000
v 56.599998 25.514284 26.645714
v 56.639998 25.599999 25.680000
v 56.738460 25.944616 22.320000
v 56.640000 26.000000 23.359999
v 56.639999 26.240000 23.600000
v 56.639998 26.400000 25.680000
v 56.639998 26.240000 26.639999
v 56.765433 26.305846 23.632694
v 56.584508 26.501394 25.415639
v 56.799999 26.639999 22.719999
v 56.639998 26.639999 24.479999
v 56.600928 26.667906 25.118139
v 56.639999 26.719999 26.639999
v 56.587209 27.054302 26.329447
v 56.627924 27.266414 23.334338
v 56.587539 27.264892 26.296912
v 56.640000 27.439999 23.680000
v 56.799999 27.279999 25.919999
v 56.618823 27.611763 23.875294
v 56.640008 27.599989 25.333332
v 56.639999 27.760000 24.799999
v 56.639999 27.760000 25.120000
v 56.799997 23.439999 23.733335
v 56.639998 23.439999 24.000000
v 56.799997 23.439999 24.586665
v 56.799999 23.600000 23.359998
v 56.799999 23.600000 23.519999
v 56.640000 23.760000 23.359999
v 56.778535 23.765854 25.309267
v 56.639999 24.080000 22.879999
v 56.639998 24.320000 22.639999
v 56.799999 24.480000 22.480000
v 56.867094 24.394838 23.907097
v 56.799998 24.400000 24.639998
v 56.640000 24.559999 23.840000
v 56.799999 24.480000 26.160000
v 56.799997 24.719999 23.519999
v 56.639999 24.719999 25.279999
v 56.906665 24.959999 22.160000
v 56.885712 25.159999 25.525713
v 56.959999 25.439999 23.279999
v 56.480000 25.279999 26.639999
v 56.799999 25.279999 25.680000
v 56.564706 25.712942 22.150588
v 56.874893 25.719149 25.673192
v 56.935070 25.988165 23.321211
v 56.799999 26.080000 22.480000
v 56.908681 26.020406 23.570006
v 56.479998 26.400000 22.480000
v 56.929555 26.303987 23.793570
v 56.960000 26.320000 24.000000
v 56.770525 26.473684 25.475788
v 56.799999 26.480000 24.160000
v 56.799999 26.639999 24.320000
v 56.799998 26.719999 26.639999
v 56.836767 26.884962 22.981196
v 56.899723 26.862992 26.489384
v 56.816890 27.137463 23.236536
v 56.812280 26.998896 26.349309
v 56.799998 27.279999 23.519998
v 56.799998 27.279999 23.680000
v 56.799998 27.439999 23.840000
v 56.844860 27.439098 24.225568
v 56.639999 27.599998 25.760001
v 56.831420 27.733944 24.289675
v 56.799998 27.599998 24.800000
v 56.799999 27.599998 25.119998
v 56.799999 27.760000 24.640000
v 56.994282 23.428570 23.382856
v 56.959997 23.439999 24.906664
v 56.799997 23.600000 24.799998
v 56.959999 23.600000 25.439999
v 56.953186 23.797483 22.657734
v 56.959998 23.760000 22.879999
v 57.291426 23.782857 22.685714
v 56.959999 23.760000 25.599999
v 57.013333 24.000000 22.639999
v 57.013331 24.000000 25.840000
v 56.799998 24.319999 22.480000
v 56.959999 24.320000 22.320000
v 57.119999 24.400000 24.639999
v 56.959998 24.400000 24.799999
v 56.959999 24.320000 26.160000
v 56.959999 24.559999 23.519999
v 57.093996 24.564324 23.659349
v 56.959999 24.799999 23.279999
v 57.439999 24.959998 26.480000
v 56.479999 25.280000 22.160000
v 56.959999 25.119999 23.279999
v 56.959999 24.959999 25.519999
v 56.959999 25.279999 26.639999
v 56.987339 25.580758 25.516960
v 56.959998 26.080000 25.680000
v 56.959999 26.239999 25.519999
v 56.959999 26.400000 22.480000
v 56.908937 26.466984 25.500188
v 57.084705 26.538823 22.628235
v 56.959999 26.480000 24.160000
v 57.026412 26.425660 24.332073
v 56.959999 26.480000 25.279999
v 56.959998 26.400000 26.480000
v 56.959999 26.639999 22.879999
v 57.023036 26.601381 24.503921
v 56.959999 26.639999 25.119999
v 56.959999 27.039999 23.279999
v 56.953128 27.247606 23.306011
v 56.959998 27.119999 25.920001
v 56.799998 27.279999 26.080000
v 56.959100 27.098426 26.115955
v 56.992074 27.281581 23.652868
v 56.959998 27.279999 25.599999
v 56.959998 27.279999 25.760000
v 56.959999 27.439999 23.840000
v 56.959998 27.439999 25.439999
v 56.879997 27.680001 24.480000
v 56.959999 27.599998 24.639998
v 56.959999 27.599998 25.279999
v 56.959998 23.439999 23.519998
v 57.119998 23.279999 23.519998
v 56.959999 23.439999 24.480000
v 57.279999 23.439999 24.906666
v 57.279997 23.600000 25.439999
v 56.959999 23.600000 23.199998
v 57.279999 23.600000 23.199998
v 57.151998 23.784000 25.816000
v 57.179405 24.163176 22.473419
v 57.115244 24.298501 22.328062
v 57.119998 24.320000 26.160000
v 57.205712 24.405714 23.800000
v 57.194893 24.393191 24.040851
v 57.119999 24.639999 22.320000
v 57.113043 24.591304 23.483477
v 56.959998 24.559999 24.959999
v 56.959999 24.765127 25.337435
v 57.525106 24.680850 26.326808
v 57.119997 24.959999 25.359999
v 57.165712 25.043809 23.112380
v 56.959998 25.119999 26.480000
v 57.199998 25.279999 26.480000
v 57.119998 25.439999 23.119999
v 57.120000 25.439999 26.639999
v 57.216987 25.608711 23.274005
v 57.119999 25.760000 22.160000
v 57.119999 25.760000 25.680000
v 57.279999 25.439999 26.639999
v 57.119999 25.920000 22.320000
v 57.141933 26.027291 23.732814
v 57.119997 26.080000 25.680000
v 56.799998 26.399999 26.639999
v 57.107199 26.275199 25.497599
v 57.119999 26.399998 22.639999
v 57.280000 26.320000 23.840000
v 57.057125 26.357430 24.775432
v 56.989089 26.694544 26.476363
v 57.039997 26.560000 24.959999
v 57.119997 26.480000 25.226667
v 57.202312 26.641563 22.883082
v 57.114285 26.922856 23.157142
v 57.080789 27.110241 26.128148
v 57.111109 27.111110 23.333332
v 57.119998 27.119999 23.519998
v 57.173331 27.119999 25.760001
v 57.119997 27.279999 23.680000
v 57.119998 27.279999 25.599998
v 57.119999 27.439999 24.000000
v 57.119998 27.439999 24.480000
v 57.119998 27.439999 25.279998
v 57.119999 27.439999 25.439999
v 57.280000 23.279999 23.839999
v 57.279999 23.279999 24.319999
v 57.119998 23.279999 24.479998
v 57.440000 23.279999 24.853334
v 57.279998 23.439999 25.280000
v 57.279997 23.600000 22.879999
v 57.280000 23.600000 23.039998
v 57.439999 23.760000 25.599998
v 57.279999 24.000000 22.480000
v 57.279999 23.840000 25.840000
v 57.382503 24.212232 22.276475
v 57.279997 24.240000 24.160000
v 57.264577 24.434836 23.467199
v 57.279999 24.400000 24.799999
v 56.959999 24.480000 26.320000
v 57.280000 24.639999 23.439999
v 57.279997 24.799999 23.279999
v 57.439999 24.799999 26.480000
v 57.359998 25.599999 22.160000
v 57.279997 25.760001 22.320000
v 57.279997 25.760001 25.519999
v 57.279998 25.760001 23.439999
v 57.279998 26.000000 23.680001
v 57.279999 25.919999 26.639999
v 57.359990 26.079998 22.479997
v 57.259688 26.217695 25.520768
v 57.599998 26.080000 26.480000
v 57.279999 26.320000 24.160000
v 57.119998 26.320000 24.160000
v 57.279999 26.320000 24.959999
v 57.279998 26.559999 22.799999
v 57.224938 26.529111 26.209047
v 57.411590 26.655472 23.081120
v 57.231671 26.747909 26.179935
v 57.493573 26.700681 26.134912
v 57.245926 26.944555 23.149229
v 57.279999 26.959999 23.359999
v 57.250754 27.122152 23.551337
v 57.279998 27.119999 23.840000
v 57.279999 27.279999 24.480000
v 57.439999 27.279999 25.226667
v 57.279999 27.279999 25.599998
v 57.279999 27.439999 24.639999
v 57.279999 27.439999 25.279999
v 57.440000 23.119999 23.839999
v 57.279999 23.279999 23.519999
v 57.439999 23.279999 23.600000
v 57.533137 23.440181 22.948082
v 57.439999 23.439999 23.199999
v 57.599998 23.439999 25.279999
v 57.439999 23.600000 22.879999
v 57.493332 23.600000 25.439998
v 57.541111 23.813928 22.656501
v 57.451428 23.954286 22.514285
v 57.599998 23.760000 25.760000
v 57.279999 24.160000 26.160000
v 57.439999 24.240000 24.160000
v 57.439999 24.240000 24.480000
v 57.279998 24.240000 24.639999
v 57.760000 24.320000 26.160000
v 57.450760 24.415438 23.483975
v 57.439999 24.400000 24.000001
v 57.599998 24.480000 23.279999
v 56.959999 24.559999 25.119999
v 57.501755 24.861753 22.154386
v 57.439999 25.279999 22.160000
v 57.119999 25.119999 25.519999
v 57.472000 25.543999 23.415999
v 57.493331 25.760001 22.320000
v 57.439999 25.760000 23.439999
v 57.439999 25.920000 22.320000
v 57.440000 25.920000 26.480000
v 57.434284 25.962857 23.637143
v 57.374895 26.157602 23.768452
v 57.440000 26.160000 24.160001
v 57.477445 26.156596 24.980424
v 57.279999 26.320000 25.279996
v 57.229997 26.510000 26.420001
v 57.381556 26.897311 25.871402
v 57.360001 26.879998 26.080001
v 57.403916 27.112258 25.827904
v 57.600000 27.119999 23.519999
v 57.439999 27.119999 25.600000
v 57.279998 27.279999 23.999999
v 57.440000 27.279999 24.640000
v 57.439999 27.279999 25.439998
v 57.599999 23.119999 23.680001
v 57.600000 23.119999 23.999998
v 57.599998 23.119999 24.319999
v 57.600000 23.279999 23.199999
v 57.759998 23.279999 24.799999
v 57.569894 23.453530 22.699034
v 57.562105 23.696843 22.661051
v 57.599999 23.600000 25.599999
v 57.698883 23.875079 22.323327
v 57.599998 24.160000 22.320000
v 57.600000 24.080000 24.159999
v 57.599999 24.080000 24.480000
v 57.599998 24.320000 22.160000
v 57.599999 24.240000 23.519998
v 57.600000 24.240000 23.839999
v 57.599998 24.240000 24.639999
v 57.599998 24.480000 24.879999
v 57.583395 24.759245 23.284527
v 57.599999 24.959999 22.000000
v 57.599998 24.959999 23.119999
v 57.599998 24.959999 25.359999
v 57.691427 25.188570 25.527618
v 57.599998 25.439999 22.160000
v 57.578272 25.495493 23.144920
v 57.759998 25.279999 26.480000
v 57.599998 25.599998 22.320000
v 57.599998 25.760000 25.519999
v 57.600001 25.599999 23.439999
v 57.440000 25.439998 26.480000
v 57.567999 25.976000 23.624000
v 57.599998 26.000000 23.840000
v 57.600000 26.000000 25.119999
v 57.583120 25.976476 25.506814
v 57.759999 26.080000 22.480000
v 57.599998 26.160000 24.000000
v 57.440000 26.320000 24.320000
v 57.600000 26.160000 24.320001
v 57.440000 26.320000 24.799998
v 57.599999 26.160000 24.800001
v 57.544745 26.731585 25.854648
v 57.432288 26.902168 23.294457
v 57.687361 26.964946 23.407392
v 57.600000 26.959999 25.599998
v 57.599999 26.959999 25.760000
v 57.599998 27.119999 23.840000
v 57.600000 27.119999 25.119998
v 57.600000 27.119999 25.279998
v 57.599999 27.279999 24.000000
v 57.599998 27.279999 24.959999
v 57.760000 22.959999 24.320001
v 57.600000 23.119999 23.519998
v 57.759998 23.119999 23.760001
v 57.440000 23.119999 24.320001
v 57.759998 23.279999 23.199999
v 57.759999 23.279999 25.119999
v 57.708819 23.581585 22.604804
v 57.759998 23.439999 23.039999
v 57.759998 23.439999 25.279999
v 57.955554 23.457777 25.653334
v 57.771428 23.634286 25.645715
v 57.759997 23.920000 25.920000
v 57.760000 24.080000 23.893334
v 57.756798 24.268800 23.481599
v 57.759998 24.240000 23.680000
v 57.854040 24.279216 24.857542
v 57.279998 24.639999 22.160000
v 57.759998 24.480000 23.279999
v 57.759998 24.480000 26.320000
v 57.780593 24.668515 23.115246
v 57.738972 24.536908 24.912385
v 57.747924 25.506414 23.334338
v 57.759998 25.600000 26.480000
v 57.662896 25.780441 23.610646
v 57.759999 25.760000 25.359999
v 57.600000 25.920000 22.480000
v 57.919998 25.760000 26.480000
v 57.759998 26.000000 23.840000
v 57.759998 26.000000 25.119999
v 57.954208 26.113789 26.450468
v 57.858853 26.385895 22.798155
v 57.759998 26.160000 24.000000
v 57.848886 26.166464 24.888889
v 57.759998 26.160000 26.400000
v 57.753127 26.607607 22.826012
v 57.759999 26.719999 25.840000
v 57.759998 26.639999 23.039999
v 57.759999 26.959999 23.840001
v 57.759999 26.959999 25.399998
v 57.759999 26.959999 25.599998
v 57.760000 27.119999 24.000001
v 57.759999 27.119999 24.960000
v 57.920000 22.959999 23.680000
v 57.919999 22.959999 23.840001
v 57.759998 22.959999 24.000000
v 57.947935 23.117459 23.215237
v 57.920000 23.119999 24.800001
v 57.919999 23.119999 25.119999
v 57.919999 23.279999 23.039999
v 57.919998 23.439999 25.439999
v 57.913041 23.471303 22.683478
v 57.919998 23.439999 22.879999
v 58.026594 23.839994 22.320015
v 57.919999 24.000000 22.160000
v 57.955554 23.946667 26.142222
v 57.760000 24.160000 26.160000
v 57.917595 24.097741 23.473497
v 57.919999 24.080000 23.680001
v 58.072547 24.261234 24.829503
v 57.920000 24.320000 23.439999
v 57.919998 24.559999 25.119999
v 57.600000 25.279999 22.000000
v 57.971178 25.300530 23.286064
v 57.759999 25.599997 25.519999
v 57.920747 25.705591 25.359699
v 57.919999 25.279999 26.320000
v 58.124583 25.603445 22.298661
v 57.920000 25.599999 26.320000
v 57.919998 25.440000 23.279999
v 57.920000 25.840000 23.680000
v 57.919998 25.840000 23.839999
v 58.000000 25.920000 24.000001
v 57.999659 25.920416 22.480007
v 57.963077 25.963077 24.953846
v 57.919999 26.000000 25.119999
v 57.920000 26.240000 22.799999
v 57.960000 26.146666 24.186667
v 57.919999 26.480000 23.039999
v 57.920000 26.400000 26.000000
v 57.918809 26.960822 23.572418
v 57.920000 26.799999 25.439998
v 57.919999 26.799999 25.600000
v 57.919998 27.119999 24.159999
v 57.919998 27.119999 24.959999
v 58.080000 22.959999 23.359998
v 58.079999 22.959999 23.519999
v 58.079998 23.279999 23.039999
v 58.080669 23.306219 22.665120
v 58.079999 23.279999 22.880000
v 58.079997 23.279999 25.279999
v 58.080399 23.519347 22.639928
v 58.079998 23.439999 25.439999
v 58.239998 23.439999 25.599998
v 58.399999 24.080000 24.639999
v 58.199999 24.085714 24.554286
v 58.239998 24.160000 26.160000
v 58.079998 24.160000 22.160000
v 58.079999 24.240000 24.639999
v 58.079998 24.480000 22.160000
v 58.079998 24.480000 23.119999
v 57.759998 24.959999 22.000000
v 58.354543 24.656363 25.209090
v 58.133331 24.639999 26.160000
v 58.299762 24.897157 23.115329
v 58.239999 24.799999 25.359999
v 58.210729 24.821463 26.325853
v 58.049998 25.154999 25.354999
v 57.919998 25.119999 23.119999
v 57.919999 25.279999 25.359999
v 58.080000 25.599998 23.600000
v 58.160000 25.759999 25.119998
v 58.079999 25.759999 26.320000
v 58.079998 25.760000 22.320000
v 58.142857 25.788571 24.788572
v 58.055000 25.914999 26.335000
v 57.970000 26.129999 26.219999
v 58.079999 26.240000 26.000000
v 58.210435 26.453745 25.978150
v 58.079998 26.480000 25.920000
v 57.936201 26.647088 23.223290
v 58.080000 26.799999 23.520000
v 58.079998 26.799999 25.600000
v 58.102365 26.798279 23.657636
v 58.079998 26.799999 25.439999
v 58.079998 26.959999 23.893333
v 58.079999 26.959999 24.959999
v 58.240000 23.119998 23.040000
v 58.319997 22.959999 23.199999
v 58.239999 22.959999 23.519998
v 58.239999 22.959999 24.480000
v 58.879997 22.959999 25.119999
v 58.559998 22.959999 25.119999
v 58.239999 23.119999 22.879999
v 58.252797 23.302399 22.684799
v 58.399998 23.119999 25.119999
v 58.239999 23.279999 25.439999
v 58.239999 23.519999 22.480000
v 58.239997 23.680001 22.320000
v 58.239998 23.840000 22.320000
v 58.243808 23.961905 26.137143
v 58.239998 24.080000 24.159999
v 58.243635 24.112727 24.854545
v 58.362855 24.082857 23.499998
v 58.239998 24.320000 24.879999
v 58.319998 24.463158 25.039999
v 58.691997 24.499999 26.164000
v 58.239998 24.959999 26.320000
v 58.276645 25.152516 25.330202
v 58.165609 25.341716 25.023695
v 58.079998 25.439999 22.160000
v 58.276577 25.384078 23.578569
v 58.399998 25.119999 26.320000
v 58.268897 25.714538 22.461321
v 58.079998 25.680000 23.680000
v 58.079999 25.680000 23.840000
v 58.559997 25.680000 23.840000
v 58.239997 25.840000 24.640000
v 58.221863 25.878167 26.326473
v 58.079998 25.840000 24.000000
v 58.362840 26.056975 26.172252
v 58.309950 26.175829 22.750215
v 58.047999 26.456000 22.823999
v 58.239999 26.480000 25.760001
v 58.239998 26.639999 23.199999
v 58.293292 26.639751 23.519735
v 58.239999 26.639999 25.439998
v 58.239999 26.639999 25.599999
v 58.239999 26.799999 24.000001
v 58.239998 26.799999 25.120000
v 58.239998 26.799999 25.279998
v 58.239998 26.959999 24.160000
v 58.239998 26.959999 24.959999
v 58.399999 22.799999 23.840000
v 58.399998 23.119999 23.039999
v 58.399998 23.119999 22.879999
v 58.440627 23.299417 22.502290
v 58.399998 23.279999 22.719999
v 58.399998 23.279999 25.279999
v 58.399998 23.519999 22.480000
v 58.719998 23.519999 25.680000
v 58.399998 23.680001 22.320000
v 58.479997 23.840000 22.160000
v 58.239999 24.080000 23.840000
v 58.399998 24.080000 24.319999
v 58.405713 23.948572 25.960000
v 58.239999 24.160000 22.000000
v 58.239997 24.000000 22.160000
v 58.399998 24.080000 23.680000
v 58.399998 24.160000 24.879999
v 58.239999 24.480000 23.119999
v 58.467689 24.387693 22.953845
v 58.374152 24.872678 25.229793
v 58.320000 25.119999 25.119999
v 58.399998 25.279999 22.000000
v 58.399998 25.199999 23.199999
v 58.399998 25.359999 23.359999
v 58.399998 25.599998 26.320000
v 58.367998 25.656000 23.624001
v 58.399998 25.760001 26.160000
v 58.399998 25.920000 22.480000
v 58.399999 25.920000 26.160000
v 58.417973 26.178046 22.920882
v 58.387198 26.275200 25.977600
v 58.215729 26.459334 22.993621
v 58.399997 26.480000 25.760000
v 58.399998 26.639999 23.359999
v 58.399999 26.639999 25.119998
v 58.399998 26.639999 25.279999
v 58.446085 26.619306 25.598959
v 58.399999 26.799999 24.160000
v 58.399999 26.799999 24.959999
v 58.559999 22.639999 23.519997
v 58.559998 22.639999 23.840000
v 58.559999 22.799999 24.080001
v 58.399999 22.799999 24.480000
v 58.559999 22.959999 22.879999
v 58.559998 22.959999 23.093333
v 58.564997 23.317499 22.517499
v 58.559999 23.279999 25.439999
v 58.570809 23.485404 22.337296
v 58.559999 23.760000 23.840000
v 58.559999 23.760000 24.160000
v 58.799997 23.820000 25.840000
v 58.559998 24.000000 22.160000
v 58.559999 23.920000 23.680001
v 58.559999 23.920000 24.320000
v 58.559997 24.160000 22.000000
v 58.559999 24.080000 23.199999
v 58.559998 24.080000 24.799999
v 58.399999 24.320000 25.039999
v 58.399999 24.160001 26.000000
v 58.613331 24.319999 26.000000
v 58.399999 24.799999 22.959999
v 58.666665 25.119999 22.000000
v 58.399999 24.960000 26.160000
v 58.529477 25.166608 23.139939
v 58.613332 25.279999 22.160000
v 58.559998 25.199999 23.359999
v 58.559999 25.119998 26.160000
v 58.399998 25.439999 22.160000
v 58.564997 25.397499 23.562500
v 58.559998 25.519999 23.680000
v 58.559997 25.600000 24.879999
v 58.540306 25.723077 26.162461
v 58.559999 25.760000 22.480000
v 58.559998 25.840000 24.000000
v 58.559999 25.840000 24.640000
v 58.559998 25.920000 26.000000
v 58.621652 26.024766 25.975017
v 58.559999 26.160000 22.879999
v 58.593233 26.268389 25.977844
v 58.504049 26.351341 25.592583
v 58.519999 26.339999 25.780001
v 58.912908 26.462773 23.009768
v 58.399998 26.480000 23.199999
v 58.719997 26.639999 23.359999
v 58.559999 26.480000 25.279998
v 58.524444 26.506666 25.431109
v 58.559999 26.639999 23.786668
v 58.559998 26.799999 24.000000
v 58.559998 26.799999 24.799999
v 58.773331 22.639999 23.359999
v 58.719997 22.639999 24.000000
v 58.719998 22.639999 24.160001
v 58.719999 22.799999 23.039999
v 58.719999 22.799999 23.199999
v 58.719999 22.799999 24.373334
v 58.719997 22.959999 22.879999
v 58.719997 23.119999 22.719999
v 58.719998 23.439999 22.400000
v 58.826665 23.119999 25.279999
v 58.713200 23.471508 22.183547
v 58.559999 23.680000 22.320000
v 58.719997 23.680000 22.160000
v 58.719997 23.680000 25.680000
v 58.813657 23.773659 22.163902
v 58.719997 23.920000 24.480000
v 58.799997 24.000000 22.000000
v 58.559999 23.920000 23.519998
v 58.719997 23.920000 23.680000
v 58.559998 23.920000 24.639999
v 58.879996 24.320000 22.959999
v 58.879998 24.800000 26.160000
v 58.768039 25.020081 23.171583
v 58.732073 25.254338 23.426414
v 58.713843 25.483076 24.843076
v 58.695382 25.643077 22.178462
v 58.879998 25.519999 23.946667
v 58.719997 25.760000 26.160000
v 58.663626 26.288378 25.669821
v 58.719996 26.480000 23.199999
v 58.698214 26.485635 25.411127
v 58.719997 26.639999 23.680000
v 58.719999 26.639999 24.000001
v 58.719999 26.639999 24.799999
v 58.879997 26.639999 24.799999
v 58.879997 22.799999 23.199999
v 58.879998 22.639999 24.426667
v 58.879997 22.799999 23.039999
v 58.879999 22.799999 24.693333
v 58.929404 23.090571 22.722370
v 58.912121 23.125662 22.526707
v 58.896602 23.560754 25.844528
v 58.799998 23.760000 23.760001
v 58.719998 23.760000 24.320000
v 58.879997 23.920000 23.519999
v 58.864120 24.040305 26.003664
v 58.879997 24.080000 23.199999
v 58.879997 24.080000 23.359999
v 58.239999 24.479999 22.000000
v 58.879999 24.640000 26.000000
v 59.016428 24.772387 22.954722
v 58.559999 24.959998 25.039999
v 58.879997 24.959999 22.000000
v 58.879998 24.879999 23.039999
v 58.909060 25.066307 23.417044
v 58.879997 25.279999 25.039999
v 58.853329 25.479999 22.173333
v 58.879996 25.359999 23.519999
v 58.879997 25.519999 24.799999
v 58.879997 25.519999 23.680001
v 58.879998 25.519999 24.640000
v 58.892797 25.702400 22.435200
v 58.879998 25.599999 26.160000
v 58.918181 26.067808 25.659908
v 58.877600 26.193575 22.928562
v 58.913495 26.293637 25.636084
v 58.879999 26.320000 25.279999
v 58.944882 26.292778 25.391435
v 58.879998 26.480000 23.359999
v 58.879998 26.480000 23.680001
v 58.986663 26.479999 25.119999
v 58.879998 26.639999 23.840000
v 59.039998 22.639999 24.160001
v 59.059566 22.636546 24.772373
v 58.986876 22.820163 22.732845
v 58.999999 22.813332 22.906666
v 59.146665 22.799999 24.959999
v 59.039997 22.799999 25.119999
v 58.933331 23.119999 25.439998
v 59.039997 23.519999 22.160000
v 59.039997 23.199999 22.480000
v 59.199995 23.519998 25.840000
v 58.879999 23.840000 22.160000
v 59.065209 23.749839 23.678493
v 59.039997 23.760000 24.320000
v 59.039998 23.920000 23.199998
v 59.075198 23.897600 23.347198
v 59.093987 23.887607 23.513127
v 59.039997 23.920000 24.480000
v 59.032154 23.945098 24.677646
v 59.055875 24.119694 25.836336
v 59.039998 24.160000 22.959999
v 59.039996 24.240000 24.959999
v 59.331996 24.460000 22.955999
v 59.039996 24.320000 26.000000
v 59.039997 24.480000 22.000000
v 59.039997 24.879999 23.199999
v 58.879998 25.119999 22.160000
v 59.039997 25.039999 23.359999
v 59.007998 25.335999 23.463999
v 59.034813 25.335554 24.840740
v 59.039998 24.800000 26.000000
v 59.035444 25.364000 23.784004
v 59.039999 25.359999 24.639999
v 59.039997 25.519999 24.000000
v 59.039997 25.519999 24.480000
v 59.111998 25.511999 25.992000
v 59.364145 25.979586 25.814086
v 59.223320 26.021638 25.390306
v 59.022054 26.326784 23.238995
v 59.091020 26.334450 25.235973
v 59.039998 26.480000 23.840001
v 59.039998 26.480000 24.799999
v 59.199998 22.480000 23.680001
v 59.199998 22.480000 24.160001
v 59.199998 22.639999 24.373333
v 59.439999 22.799999 25.119999
v 59.211426 22.994285 22.514285
v 59.179998 23.249999 22.290000
v 59.151146 23.618819 23.551607
v 59.199998 23.600000 24.320000
v 59.039997 23.840000 22.000000
v 59.199998 23.760000 24.480000
v 59.204322 23.798919 24.704864
v 59.282527 23.964764 23.131125
v 59.039998 24.160000 22.000000
v 59.235553 24.213333 24.737777
v 59.199998 24.480000 21.840000
v 59.199997 24.639999 23.119999
v 58.559999 24.639998 25.039999
v 59.195788 24.828631 23.134315
v 59.193843 25.163076 23.476922
v 59.188056 25.338506 24.850148
v 59.339402 25.411484 26.004752
v 59.178534 25.410731 22.154146
v 59.199997 25.359999 23.680000
v 59.230379 25.357973 23.969621
v 59.199997 25.359999 24.600000
v 59.071800 25.545411 22.457835
v 59.252636 25.598475 25.841884
v 59.199996 25.840000 22.559999
v 58.867199 25.990400 25.782400
v 59.205158 26.289032 25.331611
v 59.199997 26.480000 23.680000
v 59.199997 26.480000 24.799999
v 59.199998 26.480000 24.959998
v 59.359998 22.320000 23.199998
v 59.359998 22.320000 23.680001
v 59.359998 22.480000 23.039999
v 59.359997 22.480000 23.840000
v 59.359997 22.480000 24.320000
v 59.359998 22.480000 24.480000
v 59.359997 22.799999 22.719999
v 59.400737 22.977057 22.343990
v 59.359999 22.959999 22.559999
v 59.399288 23.303430 22.022758
v 59.496543 23.251121 22.303502
v 59.359997 23.359999 25.519999
v 59.359998 23.519999 25.680000
v 59.390585 23.597647 23.390588
v 59.359997 23.600000 24.000000
v 59.413332 23.840000 22.000000
v 59.359997 23.840000 23.119999
v 59.466666 24.000000 21.840000
v 59.359997 24.160000 22.959999
v 59.570388 24.207273 24.800519
v 59.452904 24.387098 26.005161
v 59.199996 24.639999 22.000000
v 59.359997 24.639999 23.119999
v 59.359998 24.799999 23.279999
v 59.480000 24.784614 25.043076
v 59.199997 24.959999 23.279999
v 59.359998 24.959999 24.879999
v 59.359997 25.119999 22.160000
v 59.359997 25.039999 23.359999
v 59.359997 25.199999 23.519999
v 59.359998 25.199999 23.680001
v 59.359997 25.199999 23.840000
v 59.369073 25.475714 22.346847
v 59.520000 25.359999 24.319999
v 59.487758 25.810807 22.499465
v 59.199997 26.080000 22.799999
v 59.353710 26.029863 25.395333
v 59.359998 26.160000 25.119998
v 59.359998 26.320000 24.799998
v 59.359997 26.320000 24.959999
v 59.359997 26.480000 24.639999
v 59.520000 22.320000 23.840000
v 59.520000 22.320000 24.320000
v 59.573336 22.480000 22.879998
v 59.620000 22.499999 24.579998
v 59.619119 22.815347 22.462379
v 59.498537 22.645853 24.669268
v 59.359997 22.639999 24.959999
v 59.565613 23.021851 22.294896
v 59.520001 23.199999 25.519999
v 59.039998 23.679999 22.000000
v 59.549269 23.434145 23.541462
v 59.520001 23.680000 25.680000
v 59.520000 23.840000 25.840000
v 59.359997 24.160000 25.840000
v 59.505715 24.271428 25.025713
v 59.520000 24.480000 23.119999
v 59.520000 24.639999 22.000000
v 59.745374 24.818625 23.285463
v 59.520000 25.120000 26.000000
v 59.520000 24.959999 24.879999
v 59.756190 25.047618 23.405713
v 59.520000 25.039999 23.626666
v 59.500000 25.169999 24.529999
v 59.688047 24.839290 24.859644
v 59.520000 25.199999 23.840000
v 59.520000 25.279999 25.840000
v 59.403033 25.861905 22.781150
v 59.502839 25.846748 25.499540
v 59.359998 26.320000 23.519999
v 59.556798 26.135646 25.314473
v 59.359997 26.480000 23.680000
v 59.520000 26.320000 23.840000
v 59.520000 26.320000 24.560000
v 59.520000 26.320000 24.799999
v 59.680000 22.320000 23.199999
v 59.679999 22.320000 24.000000
v 59.680000 22.479999 24.799999
v 59.679999 22.799999 22.559999
v 59.680000 22.639999 24.959999
v 59.632803 22.873863 22.185118
v 59.679999 22.799999 25.279999
v 59.680000 23.039999 25.519999
v 59.679999 23.200000 22.160000
v 59.686331 23.327768 22.013813
v 59.520000 23.439999 24.000000
v 59.679999 23.600000 24.320000
v 59.679999 23.680001 22.000000
v 59.680002 23.680000 23.279999
v 59.680001 24.000000 24.719999
v 59.199998 24.159998 21.840000
v 59.680000 24.160000 24.879999
v 59.520000 24.160000 23.119999
v 59.679999 24.320000 24.879999
v 59.679999 24.479997 25.840000
v 59.680000 24.639999 23.119999
v 59.710754 24.892974 24.587835
v 59.655671 25.178643 24.534803
v 59.679999 25.119999 25.840000
v 59.520000 25.359999 24.000000
v 59.749865 25.650632 22.517211
v 59.735998 25.816001 25.407999
v 59.706611 25.888591 22.796029
v 59.725301 25.838091 25.236982
v 59.694839 26.126640 22.826321
v 59.519999 26.160000 24.960000
v 59.680000 26.000000 24.959998
v 59.644443 26.026667 25.111111
v 59.680000 26.160000 23.199999
v 59.679999 26.160000 23.679998
v 59.679999 26.160000 23.839999
v 59.679999 26.160000 24.480000
v 59.679999 26.160000 24.799999
v 59.680000 26.320000 24.000000
v 59.680000 26.320000 24.320000
v 59.839999 22.160000 23.999999
v 59.679999 22.320000 23.519999
v 59.959246 22.324528 24.656603
v 59.839999 22.480000 22.719999
v 59.680000 22.480000 23.039999
v 59.839999 22.480000 24.799999
v 59.839999 22.799999 25.119999
v 59.919422 22.798469 22.401502
v 59.920001 23.039999 22.160000
v 59.875395 23.459811 23.304319
v 60.060444 23.436443 24.099555
v 59.839999 23.439999 24.320000
v 59.839999 23.680000 21.840000
v 59.679999 23.760000 24.480000
v 59.839999 23.760000 24.639999
v 60.003636 23.807273 23.138181
v 59.978536 23.869269 25.845854
v 59.840000 24.480000 23.119999
v 60.000000 24.160000 24.879999
v 59.839999 24.639999 23.279999
v 59.680000 24.799999 22.000000
v 59.814000 24.868519 24.838803
v 59.866667 24.893332 24.599999
v 59.359997 25.279999 22.320000
v 59.680000 25.199999 24.319999
v 59.839999 25.519999 22.400000
v 59.795408 25.532373 25.452789
v 59.811210 25.506960 25.649941
v 59.840000 25.680000 22.719999
v 59.863409 25.721925 25.210478
v 59.814999 26.015000 23.044998
v 59.874678 25.972375 25.159401
v 59.839999 26.000000 23.199998
v 59.840000 26.000000 24.959999
v 59.840000 26.160000 23.359999
v 59.840000 26.160000 23.680001
v 59.839999 26.160000 24.000000
v 59.839999 26.160000 24.400000
v 59.840000 26.160000 24.639999
v 59.839999 22.160000 23.519999
v 60.015236 22.317460 22.907936
v 59.999998 22.480000 24.799999
v 60.053333 22.480000 24.959999
v 59.839999 23.359998 21.840000
v 60.000001 23.199999 22.000000
v 59.999999 23.439999 23.519999
v 60.322411 23.732907 23.253458
v 60.099241 23.740760 25.684051
v 60.039999 24.245713 23.114285
v 60.000000 24.000000 24.719999
v 59.999999 24.640000 24.879999
v 59.679999 24.639999 21.840000
v 60.160000 24.639999 23.279999
v 59.968000 24.855999 23.303999
v 60.000000 24.959999 22.000000
v 59.999999 24.879999 23.519997
v 59.839999 25.039999 24.000000
v 59.999999 24.879999 24.479999
v 59.974908 25.496183 22.346013
v 60.094850 25.503526 22.535393
v 60.000000 25.519999 25.439999
v 60.000001 25.680000 22.719999
v 60.000000 25.680000 25.119999
v 60.000000 25.680000 25.279998
v 59.999999 26.000000 23.039999
v 59.965404 25.857297 24.970812
v 59.999999 26.000000 23.359998
v 60.080000 26.000000 23.760001
v 59.999998 26.000000 24.480000
v 59.999999 26.000000 24.640000
v 60.000000 26.000000 24.799999
v 59.999999 26.160000 23.840000
v 60.000000 26.160000 24.320000
v 60.160000 22.160000 23.840000
v 60.159999 22.160000 24.320000
v 59.999999 22.320000 24.319999
v 60.160000 22.159999 24.639999
v 60.160000 22.320000 22.879999
v 59.999999 22.480000 22.719999
v 60.145117 22.786976 22.267907
v 60.000000 22.799999 25.279999
v 60.159999 22.879999 22.160000
v 60.160000 23.039999 22.000000
v 60.246154 23.320614 21.844923
v 60.199909 23.277333 23.537584
v 60.188514 23.275246 23.979406
v 60.160001 23.439999 23.359999
v 60.320000 23.439999 24.320000
v 60.145744 23.786235 22.997777
v 60.188514 23.979406 25.675248
v 59.520000 24.480000 21.840000
v 60.159999 24.160000 22.959999
v 60.159999 24.480000 23.119999
v 60.243695 24.546337 24.712885
v 60.160000 24.799999 22.000000
v 60.206495 24.860174 23.540477
v 60.160000 24.879999 23.840000
v 60.320000 24.799998 25.840000
v 60.177875 25.226600 22.286413
v 59.964826 25.513100 25.640606
v 60.159998 25.519999 25.279999
v 60.160000 25.680000 25.119999
v 60.159999 25.680000 22.879999
v 60.160000 25.840000 23.039999
v 60.159326 25.840009 24.722613
v 60.159999 25.840000 24.959999
v 60.320000 26.000000 23.359999
v 60.159999 26.000000 24.319999
v 60.319998 22.000000 23.039999
v 60.159999 22.160000 23.199998
v 60.319999 22.000000 23.840000
v 60.319998 22.160000 23.999999
v 60.319999 22.320000 22.719999
v 60.393846 22.155077 24.440615
v 60.480000 22.160000 24.639999
v 60.351998 22.504000 22.344000
v 60.160000 22.480000 22.719999
v 60.319998 22.799999 22.080000
v 60.287999 22.775999 22.296000
v 60.319999 22.719999 25.199999
v 60.319999 23.039999 21.840000
v 60.159998 23.199999 22.000000
v 60.319999 23.439999 24.160000
v 60.480000 23.519999 25.680000
v 60.320000 23.680000 24.559999
v 60.640000 23.840000 22.959999
v 60.320000 24.160000 25.840000
v 60.290452 24.564665 23.338400
v 60.300032 24.728943 23.776645
v 60.366957 24.865973 24.285909
v 60.351998 25.223999 22.456000
v 60.319999 25.279999 25.519999
v 60.319999 25.519999 25.279998
v 60.373332 25.680000 22.879999
v 60.430769 25.692308 25.033845
v 60.320000 25.840000 23.039999
v 60.320000 25.840000 24.746665
v 60.319999 26.000000 24.320001
v 60.479999 22.000000 23.039999
v 60.479999 22.000000 23.200000
v 60.508514 21.995247 24.299405
v 60.480000 22.320000 22.559999
v 60.480000 22.320000 22.719999
v 60.549909 22.469147 22.345181
v 60.479999 22.480000 24.959999
v 60.533332 22.479999 25.119999
v 60.479998 23.306666 21.840000
v 60.799999 23.039999 25.519999
v 60.455032 23.317150 23.144295
v 60.441737 23.290434 23.387824
v 60.479998 23.279999 24.320000
v 60.479999 23.520000 21.680000
v 60.344998 23.522499 23.264999
v 60.479998 24.000000 21.680000
v 60.319999 23.519999 21.840000
v 60.484999 23.705001 23.104999
v 60.320000 24.000000 21.840000
v 60.159999 24.160001 24.719999
v 60.479998 24.160001 25.680000
v 60.269266 24.571707 23.480974
v 60.429890 24.581300 24.431563
v 60.447999 24.535999 24.695999
v 60.482667 24.716666 23.891335
v 60.365974 24.856350 24.060775
v 60.479998 24.800000 25.680000
v 60.159998 24.959999 22.160000
v 60.480000 24.959997 25.680000
v 60.000000 25.119999 22.160000
v 60.480000 25.119999 25.519999
v 60.480000 25.279998 22.480000
v 60.480000 25.279999 25.519999
v 60.319999 25.439999 22.480000
v 60.480000 25.439999 25.359999
v 60.319998 25.680000 22.720000
v 60.688300 25.485353 25.315169
v 60.560001 25.680000 23.039999
v 60.479998 25.680000 24.640000
v 60.479999 25.680000 24.799999
v 60.465584 25.841442 23.227386
v 60.479999 25.840000 24.319999
v 60.639998 21.840000 23.200000
v 60.479999 22.000000 24.000000
v 60.639999 21.840000 24.000000
v 60.719999 22.000000 24.160000
v 60.588733 22.204379 22.366430
v 60.597141 22.197143 22.565715
v 60.800936 21.998344 22.640156
v 60.639999 22.160000 24.480000
v 60.639999 22.160000 24.799999
v 60.719999 22.480001 22.176000
v 60.486153 22.836922 22.036923
v 60.639999 22.719999 22.000000
v 60.639999 22.879999 22.000000
v 60.656602 23.240754 21.675472
v 60.632033 23.302417 23.156096
v 60.699798 23.276806 23.262276
v 60.639999 23.279999 24.160000
v 60.799999 23.279999 24.320000
v 60.479998 23.519999 24.559999
v 60.479999 23.359999 25.519999
v 60.640000 23.520000 25.519999
v 60.639999 23.680000 23.119999
v 60.760613 23.753846 24.564923
v 60.640000 23.680001 25.680000
v 60.639999 23.840000 24.719999
v 60.639999 24.320000 21.840000
v 60.639999 24.160000 22.959999
v 60.778535 24.610731 25.685854
v 60.639998 24.559999 23.359999
v 60.639998 24.559999 23.840000
v 60.639998 24.559999 24.159999
v 60.680755 24.816602 25.515470
v 60.790421 24.993098 22.174680
v 60.639997 24.959999 25.519999
v 60.639999 25.119999 25.359999
v 60.692481 25.285189 25.322341
v 60.640006 25.519996 24.853321
v 60.639998 25.680000 24.639999
v 60.619405 25.844753 23.228514
v 60.639999 25.840000 24.320000
v 60.639999 25.840000 24.480000
v 60.799999 21.840000 23.680000
v 60.799998 22.000000 24.480000
v 60.783163 22.284088 22.294336
v 60.879999 22.160000 24.639999
v 60.960000 22.160000 24.799999
v 60.799998 22.560000 22.159999
v 60.872297 22.634711 22.025747
v 60.799998 22.879999 25.359999
v 60.640000 23.039999 21.840000
v 60.799998 23.119999 23.359999
v 60.821427 23.297043 22.987205
v 60.799998 23.599999 22.959999
v 60.959999 23.680000 25.680000
v 60.880000 23.983158 22.959999
v 60.639998 24.320000 24.719999
v 60.800000 24.559999 23.519999
v 60.800000 24.639999 21.840000
v 61.118668 24.559529 23.842592
v 60.799999 24.559999 24.160000
v 60.799999 24.559999 24.319999
v 60.799998 24.959999 25.519999
v 60.607998 25.175999 22.184000
v 60.800000 25.199999 22.400000
v 60.755660 25.254885 25.061169
v 60.794170 25.178807 25.311786
v 60.755292 25.428234 25.065882
v 60.957045 25.501107 25.007960
v 60.799999 25.519999 24.959999
v 60.799999 25.680000 22.880000
v 60.799998 25.680000 23.119998
v 60.799998 25.680000 23.359998
v 60.799998 25.680000 24.320000
v 60.799999 25.680000 24.480000
v 60.799998 25.840000 23.519998
v 60.799999 25.840000 24.160000
v 61.031999 21.672000 22.951998
v 60.799998 21.840000 23.039999
v 60.959998 21.680000 23.679999
v 60.995553 22.017778 22.346666
v 61.119999 22.000000 22.560000
v 60.959999 22.000000 24.320000
v 60.959999 22.000000 24.480000
v 60.949124 22.349484 22.034116
v 60.959999 22.400000 25.039999
v 60.959999 22.720000 21.840000
v 60.959999 22.719999 25.199999
v 60.959999 23.039999 21.840000
v 60.959999 22.879999 25.359999
v 61.079999 23.039999 25.359999
v 60.959999 23.119999 23.359999
v 61.034418 23.113635 23.959929
v 61.013333 23.199999 25.519999
v 60.986666 23.293332 22.999999
v 60.959998 23.279999 23.199999
v 60.959998 23.520000 22.799999
v 60.959998 23.840000 22.799999
v 60.835554 24.082962 24.548148
v 60.959998 24.320001 25.680000
v 60.959999 24.160000 24.400000
v 60.950173 24.370526 24.380350
v 60.959998 24.480000 21.840000
v 60.959998 24.400000 24.160001
v 61.040000 24.399998 25.519998
v 60.959998 24.799999 22.160000
v 60.959998 25.039999 22.400000
v 60.959999 24.959999 25.359999
v 60.959999 25.199999 25.119999
v 60.959997 25.519998 22.879999
v 60.959998 25.519999 23.039998
v 61.013319 25.519994 24.480010
v 60.959997 25.680000 23.253331
v 60.923075 25.682462 24.300308
v 61.119997 21.680000 23.200000
v 61.119997 21.840000 22.719999
v 60.799998 21.840000 24.000000
v 61.137776 21.834074 24.438518
v 61.112446 22.037440 22.339079
v 61.119999 22.160000 24.799999
v 61.159998 22.180000 25.019999
v 61.090375 22.288726 22.303729
v 61.279999 22.559999 25.199999
v 61.119998 22.720000 21.680000
v 61.119997 22.879999 25.199999
v 61.119998 23.039999 21.680000
v 61.119998 22.959999 23.840000
v 61.119998 22.959999 23.359999
v 60.960000 23.199999 21.680000
v 61.151998 23.303999 22.823999
v 61.081078 23.593513 25.524323
v 60.639999 24.160000 21.680000
v 61.234545 24.409090 23.376362
v 61.101584 24.385228 24.205601
v 61.279998 24.400000 23.840000
v 61.135737 24.737486 22.113224
v 61.119998 24.559999 23.519999
v 60.927998 25.015999 22.184000
v 61.119998 24.959999 25.359999
v 61.204689 25.044692 22.407003
v 61.119999 25.279999 25.039999
v 61.279999 25.519999 22.879999
v 61.119997 25.519999 23.306664
v 61.119997 25.680000 23.519997
v 61.119999 25.680000 24.320000
v 61.279998 21.520000 23.200000
v 61.119998 21.680000 23.839999
v 61.279998 21.520000 23.840000
v 61.279999 21.680000 24.000000
v 61.301395 21.835457 22.427311
v 61.279999 21.840000 22.719999
v 61.419998 21.950000 22.310000
v 61.331296 22.376303 22.009441
v 61.279999 22.400000 25.039999
v 61.315553 22.497777 21.706667
v 61.279999 22.959999 23.199998
v 61.310187 23.325282 22.804528
v 61.359999 23.199999 25.359999
v 61.279999 23.359999 24.400000
v 61.280000 23.359999 25.519999
v 61.532307 23.427691 25.526152
v 61.279999 23.519999 24.559999
v 61.599998 23.840000 22.799999
v 61.119998 24.160000 24.400000
v 61.386666 24.240000 23.199999
v 61.244442 24.382222 24.213333
v 61.279998 24.400000 23.519999
v 61.279999 24.480000 25.519999
v 61.279999 24.639999 25.359999
v 61.302806 24.753936 22.297810
v 61.252172 24.998260 25.189564
v 61.322083 25.189079 24.732394
v 61.279998 25.199999 24.959999
v 60.959998 25.519999 24.800000
v 61.512148 25.369156 24.429431
v 61.439999 25.519999 23.093332
v 61.279997 25.519999 23.519998
v 61.279998 25.519999 24.319999
v 61.439999 21.680000 22.719998
v 61.439999 21.840000 22.560000
v 61.439999 21.680000 22.879999
v 61.599999 21.680000 24.320000
v 61.439999 21.840000 22.400000
v 61.439997 22.559999 25.039999
v 61.440000 22.719999 25.199999
v 61.439997 22.799999 23.199999
v 61.512000 22.791999 23.768000
v 61.279997 22.959999 23.680001
v 61.559244 23.023395 21.684529
v 61.439998 23.039999 22.959999
v 61.452075 23.014339 23.906415
v 61.470474 23.222856 21.512381
v 61.439999 23.199999 22.799999
v 61.599999 23.199998 22.799999
v 61.279997 23.519998 21.680000
v 61.439998 23.520000 24.400000
v 61.408418 23.682106 24.418947
v 61.391816 23.841005 24.261107
v 61.335997 23.808001 24.536000
v 61.439999 24.080000 23.039999
v 61.401736 24.027827 24.250435
v 61.932798 24.284800 21.817600
v 61.439997 24.240000 23.466666
v 61.412171 24.198261 24.229565
v 61.439999 24.400000 23.680000
v 61.439999 24.400000 23.999999
v 61.451426 24.594285 25.394284
v 61.445160 25.009031 25.171612
v 61.492602 25.037463 22.557323
v 61.440000 25.039999 24.959998
v 61.439998 25.359999 22.879999
v 61.514286 25.514284 23.879999
v 61.439999 25.519999 24.320000
v 61.600000 21.520001 22.719999
v 61.599999 21.520000 22.879999
v 61.599999 21.520000 23.840000
v 61.604262 21.699677 22.352963
v 61.600000 21.680000 22.560000
v 61.599998 21.680000 24.000000
v 61.599998 21.840000 24.480000
v 61.947306 22.010841 21.721639
v 61.647607 22.233128 21.973987
v 61.919999 22.160000 24.799999
v 61.436475 22.521395 21.689705
v 61.759998 22.559999 25.039999
v 61.635555 22.817777 22.986666
v 61.599998 23.039999 22.959999
v 60.799998 23.119999 24.160000
v 61.599998 23.199999 24.240000
v 61.599998 23.359999 24.400000
v 61.599998 23.519999 22.799999
v 61.599998 23.680000 24.400000
v 61.599999 23.893334 21.680000
v 61.599998 23.840000 24.240000
v 61.599998 24.000000 22.959999
v 61.835292 24.089412 23.087058
v 61.600000 24.240000 23.359999
v 61.599999 24.240000 23.680000
v 61.642500 24.202499 23.995001
v 61.623092 24.221882 24.193578
v 61.759999 24.639999 22.000000
v 61.636764 24.575878 25.229022
v 61.598261 24.522716 25.505270
v 61.895384 24.701538 22.036923
v 61.599998 24.799999 22.320000
v 61.783527 24.607058 25.209411
v 61.408000 25.015999 22.344000
v 61.686152 24.867691 24.849231
v 61.599999 24.879999 25.119998
v 61.759999 25.119999 24.559999
v 61.616840 25.212630 24.610526
v 61.621463 25.354145 23.170730
v 61.600000 25.359999 24.000000
v 61.759999 21.520000 22.879998
v 61.759998 21.520000 23.519999
v 61.840626 21.520215 24.000356
v 61.759998 21.680000 24.160000
v 61.754837 21.708387 22.350967
v 61.919998 21.680000 22.559999
v 61.736101 21.974508 22.303306
v 61.650000 22.060000 21.969999
v 61.680000 22.240000 21.760000
v 61.879244 22.703396 21.684529
v 61.759998 22.719999 25.199999
v 61.781463 22.909268 21.514147
v 61.755068 22.820700 22.999116
v 61.759998 22.799999 23.680000
v 61.759999 23.199998 22.640000
v 61.724443 23.137777 24.213333
v 61.759999 23.519998 22.639999
v 61.786168 23.333399 24.234984
v 61.759998 23.680001 22.799999
v 61.830603 23.857544 22.972543
v 61.803335 23.852832 24.074716
v 61.782857 23.969524 21.512381
v 61.714286 24.011427 24.114286
v 61.759998 24.160000 21.680000
v 61.759999 24.080000 23.359999
v 61.760000 24.080000 23.839999
v 61.760000 23.519999 25.359999
v 61.795555 24.242963 25.348147
v 61.759998 24.480000 21.840000
v 61.816204 25.236831 24.558118
v 61.759998 25.359999 22.879999
v 61.919998 25.359999 24.000000
v 61.759998 25.359999 24.160000
v 61.833844 25.532306 23.409229
v 61.991110 21.353534 22.791110
v 61.919998 21.520000 22.719999
v 61.919999 21.520000 23.733334
v 62.004523 21.664351 22.152979
v 61.922841 21.971341 22.136769
v 61.919997 21.680000 24.320000
v 62.088888 22.195555 25.004443
v 61.929411 22.668235 22.978822
v 61.919999 22.639999 23.199998
v 61.919999 22.639999 23.626668
v 61.921239 22.830386 23.890232
v 61.919998 22.879999 22.959999
v 61.919016 23.084947 23.943277
v 61.919998 23.199999 22.639999
v 61.760000 23.680000 24.240000
v 61.920000 23.920000 23.839999
v 61.919998 24.080000 23.680000
v 61.919998 24.320000 25.199999
v 61.919999 24.479999 25.199999
v 62.079998 24.719999 22.240000
v 61.759999 24.719999 25.119999
v 61.913127 24.693987 25.167606
v 61.936492 24.907544 24.754509
v 61.947413 25.051918 24.604358
v 61.759999 25.199999 22.719999
v 61.919998 25.519999 23.840000
v 62.079998 21.359999 23.039999
v 62.159998 21.359999 23.439999
v 61.919999 21.359999 23.520001
v 62.079999 21.359999 23.786667
v 62.111110 21.515556 22.573333
v 62.118260 21.732175 22.149565
v 61.919998 21.680000 24.160000
v 62.161132 21.679910 24.480441
v 62.119280 21.967180 22.118544
v 62.072883 22.042223 21.693059
v 62.079999 22.400000 25.199999
v 62.080000 22.480000 23.199998
v 62.120753 22.475471 23.503395
v 62.559998 22.559999 25.199999
v 62.101773 22.661536 22.824906
v 62.186664 22.639999 23.680000
v 62.079999 22.639999 23.840000
v 62.080000 22.880000 22.799999
v 62.079998 23.199999 24.080000
v 62.399999 23.359998 25.359999
v 62.079999 23.680000 24.240000
v 62.079998 23.519999 22.639999
v 62.148181 23.726738 22.826730
v 62.079998 24.000000 21.520000
v 62.079998 23.920000 23.039999
v 62.079999 23.920000 23.199999
v 62.079998 24.240000 21.760000
v 62.111999 24.264000 21.976000
v 62.079998 24.320000 25.199999
v 62.079999 24.479999 25.039999
v 62.082267 24.694348 25.018533
v 62.115555 24.737777 24.746666
v 61.919998 25.039999 22.559999
v 62.211360 25.016232 24.695660
v 62.079998 25.359999 23.253332
v 61.920000 25.199999 24.160000
v 62.079999 25.359999 23.840001
v 62.280304 21.196335 23.055877
v 62.239997 21.359999 22.879999
v 62.239999 21.199999 23.360000
v 62.239998 21.520000 24.160000
v 62.228569 21.645715 22.125714
v 62.260739 21.525926 24.349629
v 62.240511 21.870957 21.707062
v 62.194286 21.874286 21.931427
v 62.399998 22.080000 24.879999
v 62.559998 22.400000 25.199999
v 62.079998 22.559999 21.520000
v 62.259999 22.679999 22.819999
v 62.316324 22.883090 22.640058
v 62.079999 22.879999 24.080000
v 62.239998 23.039999 21.520000
v 62.079999 23.040000 24.080000
v 62.399998 23.039999 25.359999
v 62.300757 23.459239 21.515950
v 62.239999 23.359998 24.080000
v 61.439999 23.520000 21.520000
v 62.292547 23.522736 22.802540
v 62.239998 23.680000 24.080000
v 62.239999 23.519998 25.359999
v 62.344978 23.756471 23.036130
v 62.346664 23.840000 21.520000
v 62.239998 23.920000 23.199999
v 62.079999 23.920000 23.680001
v 62.207248 23.895965 24.056052
v 62.239998 24.000000 25.359999
v 62.239998 24.240000 21.920000
v 62.239998 24.480000 25.039999
v 62.338778 24.803802 24.719708
v 62.282646 24.690213 24.994339
v 62.346666 24.879999 22.400000
v 62.223395 25.044527 22.600754
v 61.919999 25.199999 22.719999
v 62.239999 25.199999 23.306667
v 62.239998 25.199999 24.160000
v 62.239998 25.359999 23.519999
v 62.239998 25.359999 24.000000
v 62.399998 21.199999 23.199999
v 62.399999 21.199999 23.519999
v 62.427936 21.197459 23.664764
v 62.239999 21.359999 22.719999
v 62.383394 21.364527 22.839245
v 62.399998 21.359999 23.840000
v 62.422451 21.356736 24.293766
v 62.399998 21.520001 22.240000
v 62.399998 21.680000 22.080000
v 62.399999 21.920000 21.680000
v 62.379998 21.820000 21.800000
v 62.479998 21.840000 24.639999
v 62.445714 22.392381 21.664762
v 62.418850 22.479807 22.903053
v 62.399998 22.480000 23.359999
v 62.399998 22.480000 23.680000
v 62.427856 22.552142 21.509286
v 62.399999 22.719999 22.799999
v 62.399998 22.639999 23.840000
v 62.399998 22.879999 21.520000
v 62.399998 23.039998 21.359999
v 62.520614 22.953845 25.204922
v 62.428513 23.339405 21.355246
v 62.399999 23.519997 25.199999
v 62.399998 23.920000 23.199999
v 62.449655 23.901468 23.817444
v 62.399999 24.000000 25.199999
v 62.239998 24.320000 25.199999
v 62.358489 24.515465 24.884612
v 62.479997 24.719999 22.240000
v 62.399998 24.639999 24.719999
v 62.415876 24.876335 22.679694
v 62.519245 25.044525 24.463402
v 62.399999 25.199999 23.519998
v 62.639999 21.039999 23.119999
v 62.589267 21.034145 23.498536
v 62.559998 21.359999 22.559999
v 62.559998 21.199999 22.986666
v 62.559999 21.199999 23.840001
v 62.559998 21.199999 24.000000
v 62.559998 21.359999 22.239999
v 62.559998 21.359999 22.400000
v 62.559999 21.520000 21.920000
v 62.491427 21.652571 21.842285
v 62.559999 21.520000 22.080000
v 62.559998 21.600000 24.400000
v 62.640312 21.839605 21.600481
v 62.527998 21.816000 21.816000
v 62.584614 21.858462 24.843076
v 62.527272 22.243635 21.538182
v 62.508387 22.394838 21.390966
v 62.559999 22.320000 23.039999
v 62.559999 22.320000 23.359999
v 62.559998 22.480000 23.519998
v 62.563330 22.518333 22.838333
v 62.557035 22.497777 23.709630
v 62.559998 22.719999 22.639999
v 62.719997 22.559999 23.760000
v 62.715219 22.691828 22.657097
v 62.239998 23.359998 22.639999
v 62.559998 23.519999 21.520000
v 62.559999 23.359998 25.199999
v 62.559998 23.680000 21.520000
v 62.639997 23.600000 22.879999
v 62.498500 23.624023 23.874522
v 62.524044 23.621573 24.000900
v 62.635293 23.769412 23.087058
v 62.559999 23.760000 23.199999
v 62.534545 23.778182 23.687272
v 62.559981 23.946820 25.199983
v 62.879996 24.320000 22.000000
v 62.079997 24.480000 22.000000
v 62.559998 24.480000 24.879999
v 62.559998 24.719999 22.400000
v 62.559999 24.799999 24.719999
v 62.399998 25.039999 22.879999
v 62.399999 25.199999 23.200000
v 62.559999 25.039999 23.199999
v 62.559999 25.039999 24.000001
v 62.559999 25.039999 24.160000
v 62.719999 21.039999 22.719998
v 62.719999 21.199999 22.399999
v 62.806332 21.181524 22.468630
v 62.719998 21.520000 22.079999
v 62.719997 21.359999 22.240000
v 62.719999 21.600000 21.840000
v 62.891426 21.537143 21.891429
v 62.719999 21.439999 24.400000
v 62.719998 21.840000 24.799999
v 62.719997 22.240000 21.520000
v 62.719999 22.320000 23.519999
v 62.796682 22.408583 23.767428
v 62.559998 22.879999 21.359999
v 62.765713 22.636190 25.032380
v 62.799997 22.699999 23.920000
v 62.781174 23.138823 22.635294
v 62.625323 23.525771 24.079929
v 62.722422 23.713940 21.374544
v 62.719997 23.760000 23.519999
v 62.719997 23.600000 23.680002
v 62.575830 23.784629 21.649139
v 62.719997 23.840000 25.039999
v 62.719999 24.000000 25.039999
v 62.719997 24.160000 24.879999
v 62.692172 24.358261 24.869564
v 62.559998 24.559999 22.080000
v 62.798386 24.556209 22.235917
v 62.559999 24.640000 24.719999
v 62.719998 24.879999 22.559999
v 62.719996 24.879999 22.719999
v 62.702220 25.045925 22.921480
v 62.794284 25.034285 23.559999
v 62.719997 25.039999 24.000000
v 62.879997 21.039999 23.680000
v 62.986665 21.199999 24.000000
v 62.929999 21.329998 22.060000
v 62.879997 21.359999 24.160000
v 62.872256 21.385805 24.356129
v 62.879996 21.520000 24.480000
v 62.879997 21.760000 24.719999
v 62.879998 22.080000 21.520000
v 62.959998 22.239999 21.359999
v 62.879997 22.320000 23.039999
v 63.039997 22.320000 23.519999
v 62.719996 22.399999 21.359999
v 62.879996 22.559999 22.799999
v 62.879999 22.559999 23.920000
v 62.878802 22.666520 22.515257
v 62.879999 23.039999 22.480000
v 62.879997 22.879999 24.080000
v 63.164442 23.422221 22.666666
v 62.719997 23.439999 22.720000
v 62.959996 23.439999 22.880000
v 62.879998 23.439999 23.680000
v 62.923075 23.403075 23.833848
v 63.024612 23.640000 21.356922
v 62.879997 23.600000 23.039999
v 62.879998 23.600000 23.199999
v 62.879998 23.600000 23.519999
v 62.879996 23.840000 25.039999
v 62.399998 24.000000 21.680000
v 62.847998 24.376000 24.855999
v 62.687999 24.535999 22.024000
v 62.932791 24.402071 24.638087
v 63.039997 24.719999 22.400000
v 62.833523 24.591722 24.471292
v 62.879996 24.720000 24.160007
v 62.834285 24.754285 24.331427
v 62.799999 24.799998 24.480000
v 62.901461 24.874146 23.010730
v 62.910475 24.872380 23.702858
v 62.879998 24.879999 24.000000
v 62.999996 25.043076 23.215383
v 63.039997 20.879999 23.359999
v 62.879999 21.039999 23.359997
v 63.039997 20.880000 23.680001
v 62.987942 21.058629 22.383020
v 63.039998 21.039999 22.559999
v 63.039997 21.039999 23.199999
v 62.933987 21.327605 22.233129
v 63.059551 21.214673 24.368780
v 63.045826 21.408211 21.861192
v 63.064613 21.556923 24.701538
v 63.039997 21.600000 21.840000
v 63.039997 21.920000 21.520000
v 63.039997 22.080000 21.520000
v 62.559998 22.240000 25.039999
v 63.098946 22.383156 22.757894
v 63.074194 22.298071 22.870476
v 63.359997 22.240000 25.039999
v 63.039998 22.720000 21.359999
v 63.073367 22.661487 22.496573
v 63.096479 22.605496 22.742891
v 63.039998 22.879998 23.920000
v 62.879997 22.879999 25.199999
v 63.006586 23.199634 23.936772
v 63.039997 23.199999 21.359999
v 63.520000 23.199999 25.199999
v 63.039997 23.439999 23.680000
v 62.927606 23.353127 24.053987
v 63.093332 23.519999 25.199999
v 63.039997 23.600000 23.039999
v 63.039997 23.600000 23.519999
v 63.146663 23.680001 25.039999
v 63.039997 24.000000 21.680000
v 63.039998 24.160000 24.879999
v 63.093331 24.559999 24.320000
v 62.719998 24.719999 22.400000
v 63.171775 24.723869 24.140882
v 63.039997 25.039999 23.519999
v 63.199998 20.879999 22.559998
v 63.199998 20.879999 23.200000
v 63.216982 21.035106 22.281880
v 63.279996 21.039999 23.840000
v 63.199998 21.359999 21.920000
v 63.199996 21.199999 24.000000
v 63.189950 21.385719 21.716091
v 63.361325 21.493995 24.432649
v 63.199999 21.600001 21.680000
v 63.306245 21.760037 21.520786
v 64.159996 21.760000 24.719999
v 63.162826 22.190934 22.685159
v 63.199998 22.160000 23.520000
v 63.260757 22.140759 21.355948
v 63.199997 22.400000 22.639999
v 63.219654 22.339497 23.720641
v 63.199997 22.559999 22.480000
v 63.199998 22.719998 21.199999
v 63.344861 23.248833 22.668172
v 63.199997 23.199999 23.920000
v 63.199996 23.359999 21.359999
v 63.199998 23.439999 23.680000
v 63.199998 23.439999 23.039999
v 63.199998 23.439999 23.519999
v 63.205923 23.774815 21.620741
v 63.176213 23.976217 25.046485
v 63.199997 24.000000 21.840000
v 63.036696 24.203707 21.876293
v 63.199998 24.240000 22.080000
v 63.253330 24.719999 22.559999
v 63.253329 24.719999 22.879999
v 63.199997 24.719999 23.999999
v 63.199998 24.879999 23.199999
v 63.199998 24.879999 23.519999
v 63.359998 20.879999 22.240000
v 63.359998 20.879999 22.400001
v 63.359997 20.879999 22.720001
v 63.398917 20.875675 23.606486
v 63.359997 20.879999 23.680000
v 63.367031 21.390781 21.708760
v 63.373633 21.544546 24.697272
v 63.359998 21.919999 21.359999
v 63.359983 22.179999 22.668405
v 63.359997 22.160000 23.519999
v 63.391998 22.184000 23.736000
v 63.199998 22.559999 21.359999
v 63.680000 22.719999 22.480000
v 63.520000 22.719999 25.039999
v 63.437177 22.961959 22.480042
v 63.199998 23.199999 21.199999
v 63.439999 23.359998 23.519999
v 63.199999 23.519999 21.520000
v 63.199999 23.680001 21.520001
v 63.359997 23.680000 25.039999
v 63.309756 24.172031 24.574946
v 63.309999 24.339999 24.589999
v 63.199998 24.559999 24.480000
v 63.359998 24.559999 22.400000
v 63.360090 24.559908 23.999899
v 63.359998 24.559999 24.160000
v 63.359997 24.559999 24.320000
v 63.359997 24.879999 23.039999
v 63.359997 24.879999 23.519999
v 63.520000 20.719999 22.719999
v 63.520001 20.719999 23.519999
v 63.680000 20.879999 22.240000
v 63.519999 20.879999 22.480002
v 63.520000 20.879999 23.840000
v 63.632256 21.053845 22.057980
v 63.573335 21.039999 24.000000
v 63.570981 21.040018 24.157895
v 63.574176 21.339267 21.735042
v 63.529412 21.214116 24.343529
v 63.557548 21.367767 21.531313
v 63.520000 21.359999 24.480000
v 63.516190 21.382856 24.678094
v 63.359997 21.600000 21.680000
v 63.520000 21.600000 21.520000
v 63.707497 21.919927 21.350200
v 63.520000 22.080000 22.639999
v 63.679999 21.840000 22.719999
v 63.553209 21.990943 23.438489
v 63.520000 22.000000 23.519999
v 63.359998 22.240000 21.199999
v 63.590298 22.166810 23.758628
v 63.573336 22.240001 24.879999
v 63.519999 22.399999 22.639999
v 63.639696 22.415877 25.043663
v 63.520001 22.559999 22.480000
v 63.520000 22.879999 23.920000
v 63.520000 22.879999 25.199999
v 63.439999 23.199999 23.520000
v 63.572774 23.121674 23.451727
v 63.495437 23.134737 23.685614
v 63.680000 23.359999 21.359999
v 63.488000 23.255999 22.663999
v 63.520000 23.439999 23.039999
v 63.570570 23.411806 23.357778
v 63.608000 23.608000 25.047999
v 63.520000 23.680000 21.520000
v 63.520000 23.840000 21.680000
v 63.644261 23.820511 24.891736
v 63.327997 24.216000 21.864000
v 63.558568 24.117143 24.578737
v 63.520001 24.240000 22.080000
v 63.517334 24.384000 24.346666
v 63.627386 24.481906 22.322112
v 63.520000 24.400000 24.160000
v 63.520000 24.559999 24.000000
v 63.520000 24.719999 23.039999
v 63.520000 24.719998 23.573337
v 63.680000 20.719999 22.399999
v 63.680000 20.719999 22.613332
v 63.699692 20.717538 23.483075
v 63.680000 20.879999 23.680000
v 63.680000 20.879999 23.840000
v 63.626109 21.061338 21.783263
v 63.645713 21.062856 21.931429
v 63.680001 21.359999 24.480000
v 63.840000 21.359999 24.639999
v 63.710595 21.581738 21.513968
v 63.679999 21.840000 23.359998
v 63.680000 22.080000 21.359999
v 63.359997 22.080000 24.879999
v 63.680001 22.240000 21.199999
v 63.680000 22.080000 22.479999
v 63.359997 22.559999 21.199999
v 63.680000 22.399999 22.480000
v 63.680000 22.559999 23.920000
v 63.680000 22.880001 25.039999
v 63.807076 22.843354 23.927289
v 63.520000 23.039999 22.639999
v 63.667925 23.106414 22.694339
v 63.680000 22.959999 23.840000
v 63.680000 23.199999 21.199999
v 63.680000 23.119999 23.680000
v 63.680000 23.199999 25.039999
v 63.674737 23.284736 22.956315
v 63.599998 23.360000 23.199999
v 63.680000 23.519999 21.520000
v 63.679998 23.680001 21.680000
v 63.680000 23.680001 24.879999
v 63.512289 24.065542 21.897831
v 63.729998 24.140000 24.370000
v 63.712887 24.287699 22.305711
v 63.702490 24.357121 24.379778
v 63.680000 24.559999 22.720000
v 63.680006 24.560004 23.733278
v 63.680000 24.559999 24.000000
v 63.839998 20.719999 22.560001
v 63.881480 20.554073 23.342220
v 63.839999 20.719999 23.680000
v 63.839999 20.719999 23.840000
v 63.915783 20.811889 21.801965
v 63.999999 20.719999 22.079999
v 63.840000 21.039999 21.760000
v 63.840001 21.279999 21.520000
v 63.840000 21.039999 24.320000
v 63.783998 21.792002 21.223999
v 63.731611 21.765161 21.489033
v 63.839999 22.080000 21.199999
v 64.047275 21.981820 23.525331
v 63.999999 22.080000 22.480000
v 63.662540 22.359101 23.754969
v 63.859703 22.268117 23.923989
v 63.839999 22.400000 22.320000
v 63.840000 22.400001 24.879999
v 63.841506 22.814493 22.422023
v 63.901970 22.961530 23.620402
v 63.839999 23.199999 21.359999
v 63.839999 23.119999 22.879999
v 63.839999 23.119999 23.200000
v 63.840000 23.119999 23.519999
v 63.839999 23.680002 24.719999
v 63.680000 24.080000 24.639999
v 63.706414 24.384151 24.160754
v 63.880756 24.395471 22.703396
v 63.839999 24.400000 23.840000
v 63.839999 24.400000 24.000000
v 63.971488 24.564752 22.900593
v 63.999999 20.400000 22.720000
v 64.189267 20.394146 22.421463
v 63.839998 20.719999 22.400006
v 63.979407 20.724752 23.548513
v 63.965348 20.976445 21.694851
v 64.079995 20.879999 24.000000
v 64.000000 21.119999 21.520000
v 64.000000 21.039999 24.160000
v 64.159996 21.039999 24.320000
v 64.000000 21.840000 22.719999
v 64.034288 21.822858 23.365715
v 63.996363 21.961818 22.601818
v 63.993334 22.020000 23.706667
v 64.426664 22.080000 24.879999
v 63.839999 22.719999 22.320000
v 63.945768 22.676971 23.650906
v 63.956163 22.670685 23.825753
v 64.121548 22.823430 22.614190
v 63.840000 23.039999 22.639999
v 63.976526 23.101359 23.572823
v 64.149949 23.107527 22.675718
v 63.839999 23.519998 24.879999
v 64.159997 23.680000 21.680000
v 64.159998 23.359999 24.719999
v 63.926477 23.772953 24.701755
v 64.000000 23.840000 21.680000
v 64.009501 23.782505 24.426403
v 63.679999 24.080000 22.080000
v 64.000000 24.000000 24.400000
v 63.839999 24.400000 22.399999
v 64.000000 24.400000 24.000000
v 64.000000 24.400000 23.840000
v 64.000002 24.560000 23.679999
v 63.839999 20.559999 23.040000
v 64.159996 20.559999 22.240000
v 64.204137 20.554482 23.597240
v 64.159996 20.559999 23.680000
v 64.159996 20.719999 23.840000
v 64.159996 20.959999 21.680000
v 64.159998 20.879999 24.160000
v 64.147197 21.155199 21.497601
v 64.371843 21.228880 21.207894
v 64.000002 21.439999 24.719999
v 64.159996 21.439999 24.559999
v 64.159994 21.600001 24.719999
v 64.217781 21.685749 22.635050
v 64.112529 21.703386 23.511974
v 64.185024 21.941523 22.624701
v 64.103756 21.932543 23.743786
v 64.159996 21.920000 24.879999
v 64.216053 22.007334 22.324646
v 64.159996 22.400000 22.320000
v 64.159996 22.240000 23.920000
v 64.189188 22.604699 23.895138
v 64.159996 21.920000 21.199999
v 64.639999 22.240000 24.879999
v 64.220756 22.819239 21.195948
v 64.153125 22.767607 22.346012
v 63.840000 23.039999 21.199999
v 64.298539 23.170731 24.885853
v 64.000001 24.080000 21.920000
v 64.179996 23.800000 24.420000
v 64.247975 24.124106 22.134351
v 64.159997 23.920000 24.320000
v 64.159998 24.240000 23.839999
v 64.320000 24.400000 22.880000
v 64.159998 24.400000 23.680001
v 64.320000 20.559999 22.240000
v 63.999999 20.400000 23.040000
v 64.289408 20.716470 21.954118
v 64.320000 20.799999 21.680000
v 64.320000 20.719999 23.840000
v 64.426667 20.719999 24.000001
v 64.320000 20.959999 21.520000
v 64.275930 21.172324 21.506590
v 64.320000 20.879999 24.160000
v 64.000000 21.279999 24.559999
v 64.440425 21.746094 21.201417
v 64.511999 21.704000 22.344000
v 64.319999 21.920000 22.320000
v 64.373332 21.920000 24.719999
v 64.361480 21.937777 21.034073
v 64.320000 22.080000 22.160000
v 64.318336 22.345889 23.771536
v 64.347117 22.701017 21.037287
v 64.330047 22.609637 22.350046
v 64.340671 22.658874 22.617479
v 64.129810 22.914716 23.595472
v 64.301377 22.941728 22.664716
v 64.320000 22.959999 23.359999
v 64.159996 23.119999 23.359999
v 64.456991 22.938689 23.581676
v 64.522597 23.565103 21.554892
v 64.319996 23.359999 24.719999
v 64.159998 23.920000 21.920000
v 64.351998 23.944000 22.136000
v 64.622279 23.900941 24.377210
v 64.159998 24.240000 23.999999
v 64.373331 23.920000 24.160000
v 64.320000 24.240000 23.840000
v 64.320000 24.400000 23.680000
v 64.479999 20.400000 22.080000
v 64.411429 20.532571 22.002285
v 64.479996 20.400000 22.400000
v 64.479996 20.400000 23.039999
v 64.639996 20.400000 23.680000
v 64.544607 20.581949 22.009560
v 64.559996 20.559999 23.840000
v 64.479996 20.719999 21.760000
v 64.467196 20.995199 21.497601
v 64.516503 21.264061 21.179870
v 64.640002 21.279999 24.559999
v 64.479996 21.680000 22.559999
v 64.555452 21.681070 23.114993
v 64.320000 22.400000 22.160000
v 64.320000 22.559999 23.600000
v 64.799995 22.639999 22.400000
v 64.479996 22.879999 21.199999
v 64.479996 22.959999 23.360000
v 64.501460 23.069268 24.714145
v 64.479996 23.359999 21.359999
v 64.320000 23.680001 24.400000
v 64.639996 23.680001 24.400000
v 64.505510 24.067325 22.208037
v 64.320002 24.240000 22.400001
v 64.479998 24.240000 22.880000
v 64.479998 24.240000 23.680000
v 64.479996 24.240000 23.840000
v 64.639999 20.240000 22.400000
v 64.639999 20.240000 23.039999
v 64.638941 20.413575 22.057376
v 64.639999 20.400000 22.240000
v 64.639999 20.400000 23.253330
v 64.639999 20.559999 21.760000
v 64.639999 20.799999 21.520000
v 64.608611 21.085949 21.061808
v 64.606261 21.055814 21.295109
v 64.645161 21.009031 21.491613
v 64.639999 21.039999 24.320000
v 64.639999 21.760000 21.039999
v 64.639999 21.520000 22.559999
v 64.639999 21.520000 23.040000
v 64.799996 21.600001 24.719999
v 64.639999 21.680000 22.400000
v 64.633334 21.700000 23.546667
v 64.799995 21.920000 22.320000
v 64.799995 22.080000 22.160000
v 64.639999 22.400000 23.760000
v 64.685713 22.554392 23.575008
v 64.697143 22.723809 23.558095
v 64.639999 22.879999 21.039999
v 64.609156 22.957108 23.233734
v 64.640001 22.879999 24.879999
v 64.639999 23.039999 21.199999
v 64.640000 23.199999 21.359999
v 64.693141 23.357115 21.517452
v 64.620001 23.331997 24.723999
v 64.693243 23.602566 21.763004
v 64.479996 23.840000 21.840000
v 64.776986 23.925704 21.948245
v 64.639999 23.920000 24.000000
v 64.479996 24.080000 22.399998
v 64.639999 24.080000 23.680000
v 64.639999 24.240000 22.720001
v 64.639999 24.240000 23.519999
v 64.799998 20.240000 23.200000
v 64.822362 20.238279 23.337633
v 64.779998 20.370000 21.970000
v 64.799995 20.559999 21.760000
v 64.799995 20.400000 23.680000
v 64.796937 20.849437 21.489815
v 64.906667 20.799999 24.080000
v 64.799998 20.879999 21.279999
v 64.799994 21.039999 21.119999
v 64.819996 21.069999 24.529999
v 64.799995 21.439999 24.559999
v 64.959999 21.520000 22.559999
v 64.799995 21.520000 22.719999
v 64.871326 21.515494 23.158838
v 64.796038 21.544204 23.569194
v 64.799995 21.920000 23.760000
v 64.960000 21.599999 21.039999
v 64.799995 22.400000 22.160000
v 64.748301 22.310642 23.757852
v 64.769942 22.367457 23.463358
v 64.799998 22.239996 24.719999
v 64.799998 22.879997 24.719999
v 64.760505 22.695626 23.320706
v 64.801990 22.933575 22.672454
v 64.825618 22.942692 23.232951
v 64.799986 23.360008 24.560012
v 64.799998 23.760000 24.319999
v 64.639998 23.920000 22.080000
v 64.712001 24.072000 23.752000
v 64.799998 23.760000 24.000000
v 64.799998 24.080000 22.719999
v 64.799998 24.080000 23.519999
v 64.963319 20.096174 22.035652
v 64.799996 20.240000 22.240003
v 64.989266 20.074147 23.178536
v 64.916090 20.378738 21.983183
v 64.959999 20.400000 21.760000
v 65.013328 20.400000 23.680000
v 64.959999 20.400000 23.840000
v 64.959999 20.639999 21.520000
v 65.013334 20.639998 24.080000
v 64.968190 20.856558 21.487824
v 64.957499 20.917499 21.227499
v 65.226665 21.439999 21.039999
v 64.959998 21.359999 22.720000
v 64.959998 21.359999 23.039999
v 64.959999 21.600000 24.559999
v 64.959999 21.760000 24.719999
v 64.959999 21.760000 22.320000
v 64.891118 21.823152 23.609504
v 64.960000 22.080000 22.320001
v 64.946834 22.435442 22.335189
v 64.965541 22.270497 23.582624
v 65.033845 22.680617 21.035076
v 65.014555 22.617181 22.583694
v 64.965161 22.609032 23.411611
v 65.040001 22.719999 22.719999
v 64.879997 22.879999 23.039999
v 65.040001 22.719999 23.039999
v 64.959997 22.959999 21.119999
v 64.799995 23.199999 24.559999
v 64.959999 23.359999 24.400000
v 64.969845 23.741539 21.898462
v 64.959999 23.519999 24.400000
v 64.959999 23.760000 24.000000
v 64.959999 23.760000 24.160000
v 64.959999 24.080000 22.613330
v 65.008011 24.070248 23.656838
v 65.108568 20.205714 21.965714
v 65.210040 20.067720 22.132197
v 65.119995 20.080000 22.880001
v 65.119995 20.400000 21.760000
v 65.279999 20.400000 23.840000
v 65.115996 20.703999 21.464000
v 65.113456 20.747927 21.237030
v 65.119998 20.799999 24.240000
v 64.959999 20.959999 24.240000
v 65.087994 21.063999 24.535999
v 65.090760 21.415150 22.337680
v 65.096983 21.374244 22.568769
v 65.118005 21.368357 23.062288
v 65.084885 21.614524 22.335048
v 65.250769 21.545129 23.575898
v 65.160994 21.775816 22.154337
v 65.160304 21.615879 20.876335
v 65.119997 22.080000 22.160000
v 65.119993 22.240000 22.320000
v 65.119997 22.560000 20.879999
v 65.130131 22.459668 23.389941
v 65.040001 22.559999 23.199999
v 65.248586 22.932132 21.061221
v 64.959999 23.199999 21.359999
v 65.119995 23.199999 24.400000
v 65.119996 23.359998 24.240000
v 65.202062 23.443830 21.604596
v 65.108714 23.573091 24.221193
v 65.211376 23.668260 21.831355
v 65.119997 23.600001 23.999999
v 64.959999 23.760000 22.080000
v 65.074819 23.785700 23.819072
v 65.257142 23.927619 22.270475
v 65.140590 23.915248 22.691484
v 64.998261 24.069565 23.492173
v 65.119994 24.080000 23.359998
v 65.279999 19.920000 22.879999
v 65.279999 20.080000 23.359999
v 65.361912 20.238536 23.519436
v 65.357796 20.250572 21.851187
v 65.279999 20.240000 23.680000
v 65.481202 20.240879 21.554521
v 65.279999 20.799999 21.199999
v 65.259997 20.699999 21.319999
v 65.361218 21.090378 21.044628
v 65.273665 21.217779 23.084990
v 65.279999 21.359999 22.400000
v 65.293560 21.486650 23.150926
v 65.280002 21.600000 22.320000
v 65.279999 21.600000 24.559999
v 65.439995 22.239999 23.600000
v 65.439995 22.480000 23.359999
v 65.333327 22.560000 24.719999
v 65.386660 22.719999 24.560000
v 65.333328 22.880000 24.559999
v 65.158181 22.980551 21.334433
v 65.386663 23.039999 24.400000
v 65.311999 23.463999 21.816000
v 65.291427 23.314284 24.274285
v 65.280000 23.600000 24.000000
v 65.399998 23.765715 22.154287
v 65.279999 23.760000 23.680000
v 65.478092 24.057142 22.876189
v 65.279999 19.920000 22.240000
v 65.439995 20.080000 23.359999
v 65.439996 20.479999 21.359999
v 65.453029 20.753158 21.055567
v 65.280002 20.959999 21.199999
v 65.279999 21.039999 24.320000
v 65.559423 21.263624 21.044370
v 65.279999 21.199999 22.559999
v 65.279999 21.279999 24.559999
v 65.439995 21.439999 20.879999
v 65.451423 21.394284 22.354285
v 65.355999 21.464149 23.401925
v 65.744123 21.320303 24.563664
v 65.439994 21.760000 23.600000
v 65.280000 21.760000 24.719999
v 65.493325 21.759999 24.559999
v 65.439995 21.600001 22.160000
v 65.559994 21.935385 24.723077
v 65.436983 22.119015 22.189102
v 65.410158 22.451851 22.339916
v 65.119995 22.480000 22.559999
v 65.439995 22.719999 21.039999
v 65.442163 23.006505 21.340963
v 65.279998 23.279999 21.439999
v 65.518606 23.276984 21.596734
v 65.416500 23.253023 24.375145
v 65.439995 23.439999 21.760000
v 65.428567 23.565714 21.874287
v 65.439997 23.279999 24.159999
v 65.439997 23.760000 22.400001
v 65.279996 23.760000 23.840000
v 65.439995 23.920000 22.559999
v 65.492497 23.882499 22.717499
v 65.280000 24.080000 23.359999
v 65.495997 24.055999 23.167997
v 65.546663 19.937778 21.795556
v 65.564997 19.925000 21.950000
v 65.599998 19.920000 22.400000
v 65.760002 19.920000 23.360006
v 65.628309 20.063255 23.475136
v 65.599999 20.479999 21.359999
v 65.604209 20.277894 23.722106
v 65.407994 20.695999 21.335999
v 65.706468 20.559998 23.999839
v 65.604896 20.778775 21.044897
v 65.599998 20.799999 24.240000
v 65.919998 20.959999 24.240000
v 65.627584 21.186341 22.560990
v 65.599998 21.199999 22.879999
v 65.599998 21.439999 20.879999
v 65.632761 21.374229 22.192858
v 65.653988 21.327605 22.393129
v 65.599999 21.600001 22.000000
v 65.599998 22.240000 20.879999
v 65.603933 22.135082 22.023606
v 65.598667 22.270662 23.427242
v 65.588570 22.285714 22.354285
v 65.599998 22.480000 23.199999
v 65.599998 22.400000 24.719999
v 65.439997 22.879999 21.199999
v 65.541316 23.017401 21.220973
v 65.412018 23.261295 21.394262
v 65.604210 23.317893 24.117894
v 65.652560 23.601112 22.080668
v 65.439998 23.600000 23.840000
v 65.719698 23.763664 22.255879
v 65.599998 23.760000 22.559999
v 65.559997 23.773334 23.386665
v 65.760002 19.760000 22.400000
v 65.775379 19.945967 21.551409
v 65.760002 19.920000 21.920000
v 65.760002 19.920000 22.240000
v 65.599998 19.920000 22.879998
v 65.715703 19.953484 23.700099
v 65.657178 20.311593 21.501894
v 65.715891 20.292993 23.750020
v 65.702914 20.337256 21.230474
v 65.724626 20.518732 21.202546
v 65.813336 20.560000 24.160000
v 65.760002 21.279999 20.879999
v 65.713203 21.054139 22.433041
v 65.760002 21.039999 22.879998
v 65.840001 21.150768 24.406154
v 65.951998 21.063999 22.184000
v 65.760002 21.199999 23.039999
v 65.788001 21.459998 20.715999
v 65.919998 21.600001 22.000000
v 65.760002 22.240000 20.719999
v 65.817159 22.060563 23.418060
v 65.760004 22.160000 22.240000
v 65.817245 22.275207 23.389652
v 65.760002 22.320000 22.400000
v 65.760002 22.320000 22.559999
v 65.600001 22.480000 22.560002
v 65.760002 22.320000 23.199999
v 65.737780 22.537777 24.561481
v 65.760002 22.719999 24.400000
v 65.760002 22.879999 24.400000
v 65.771140 23.165568 24.097216
v 65.866665 23.439998 21.759999
v 65.760000 23.360000 24.079999
v 65.760000 23.600000 23.839999
v 65.919995 19.760000 21.973334
v 65.919998 19.760000 22.879998
v 65.927268 20.058182 21.469091
v 65.930254 20.105606 21.214666
v 65.925160 20.529032 21.171612
v 65.920000 20.160000 23.760000
v 65.760002 20.799999 20.879999
v 65.919998 21.039999 22.719999
v 65.895169 21.051034 23.026207
v 65.889431 21.092619 23.257169
v 65.812410 21.348965 23.216549
v 65.955974 21.259888 23.286053
v 65.919998 21.279999 20.879999
v 66.019803 21.500198 22.156831
v 65.919995 21.439999 24.399999
v 66.080001 21.600001 24.559999
v 66.080002 21.759999 23.439999
v 65.917240 22.121379 22.024827
v 65.872510 22.011137 22.893003
v 66.080002 22.160000 22.240000
v 65.919995 22.160000 22.399998
v 65.889300 22.179535 22.720928
v 65.919998 22.240000 24.559999
v 65.919998 22.559999 24.559999
v 65.919998 22.879999 24.400000
v 65.599999 23.119999 21.439999
v 65.920697 23.144676 23.946884
v 66.000003 23.279999 21.600001
v 66.079997 23.439999 22.080001
v 65.919998 23.359999 23.920000
v 65.939273 23.598073 22.203370
v 65.760000 23.760000 23.360001
v 65.919997 23.600000 23.359999
v 66.080002 19.600000 22.080000
v 66.080002 19.600000 22.879998
v 66.080001 19.920000 21.600000
v 65.760002 19.760000 22.880002
v 66.076003 20.371512 21.173199
v 66.080002 20.400000 20.959999
v 66.011428 20.532571 20.882285
v 65.959999 21.034285 20.874285
v 66.080002 20.879999 23.039999
v 66.080002 20.959999 24.400000
v 66.080002 21.119999 20.719999
v 66.083636 21.072726 22.185455
v 66.080001 21.039999 22.560000
v 66.080002 21.039999 23.199999
v 66.080002 21.439999 23.439999
v 66.080002 22.080000 22.160000
v 66.052176 21.989565 23.238260
v 66.080002 22.080000 24.559999
v 66.080002 22.240001 24.400000
v 66.080002 22.559999 24.400000
v 65.919998 22.719999 24.400000
v 66.080002 22.719999 24.240000
v 66.239998 22.879999 21.199999
v 66.080002 22.879999 24.240000
v 66.055387 23.101537 21.236922
v 65.919998 23.119999 24.160000
v 66.080000 23.119999 21.439999
v 66.080002 23.279999 21.760000
v 66.086669 23.156666 23.956667
v 66.080002 23.279999 23.840000
v 66.186666 23.439999 21.920000
v 65.759996 23.600000 21.920001
v 66.080048 23.439952 23.359972
v 66.080002 23.439999 23.519994
v 65.919999 23.600000 23.680000
v 66.400000 19.600000 23.199999
v 66.239997 19.760000 21.760000
v 66.240000 20.080000 21.439999
v 66.400002 19.920000 23.680000
v 66.234868 20.381776 21.165311
v 66.249813 20.434522 20.895229
v 66.239998 20.879999 22.559999
v 66.080002 20.879999 22.719999
v 66.080002 20.799999 24.240000
v 66.239998 20.959999 22.160000
v 66.400002 20.959999 24.400000
v 66.313513 21.318918 20.715675
v 66.239996 21.440001 23.279999
v 66.239995 21.760001 23.279999
v 66.312415 21.861922 23.282265
v 66.279383 22.006153 20.715076
v 66.219997 22.130000 22.190000
v 66.239998 22.000000 23.039999
v 66.400002 22.160000 22.719999
v 66.239995 22.080001 24.400000
v 66.441346 22.152100 24.394729
v 66.449694 22.566928 24.369312
v 66.400001 22.639999 20.959999
v 66.239995 23.119999 21.439999
v 66.234283 23.082856 24.042857
v 66.346715 23.120444 21.600437
v 66.239998 23.279999 21.760000
v 66.287503 23.270084 23.445179
v 66.239998 23.279999 23.840000
v 66.361082 23.444323 22.153514
v 66.400002 23.600000 22.879994
v 66.239998 23.600000 22.240000
v 66.400002 19.600000 21.920001
v 66.239999 19.600000 22.080001
v 66.400002 19.439999 22.719998
v 66.400002 19.600000 21.759999
v 66.239998 19.600000 22.720000
v 66.400002 19.760000 23.359999
v 66.466125 20.073022 21.242881
v 66.406657 20.258587 20.917929
v 66.400002 20.240000 21.119999
v 66.400002 20.799997 20.719999
v 66.239998 20.959999 20.879999
v 66.239996 20.879999 22.240000
v 66.399999 20.879999 22.720001
v 66.400002 20.799999 24.240000
v 66.720001 21.439998 23.279999
v 66.400002 21.840000 23.039999
v 66.400002 22.000000 22.879999
v 66.509998 22.009999 22.329996
v 66.400002 22.160000 22.400000
v 66.322065 22.798412 24.240379
v 66.513625 22.755318 24.084807
v 66.399999 23.039999 21.359999
v 66.421505 23.103679 24.032207
v 66.449996 23.090001 23.820001
v 66.400002 23.279999 21.760000
v 66.400002 23.279999 21.920000
v 66.530730 23.445853 23.178538
v 66.400001 23.439999 22.399999
v 66.400002 23.600000 22.559999
v 66.559995 19.279999 22.080000
v 66.628566 19.272380 22.491425
v 66.400002 19.439999 22.400005
v 66.719998 19.439999 23.039999
v 66.759998 19.600000 23.199998
v 66.505783 19.807573 21.254264
v 66.509996 19.790001 21.460000
v 66.400002 19.760000 23.519999
v 66.559998 20.160000 23.760000
v 66.559998 20.480001 20.879999
v 66.452242 20.866938 22.331427
v 66.576361 20.710909 22.674544
v 66.559994 20.959999 24.240000
v 66.559999 21.119999 24.400000
v 66.614973 21.443744 22.135999
v 66.400002 21.439999 20.559999
v 66.541538 21.824616 23.073845
v 66.559996 22.000000 22.719997
v 66.674288 22.007619 22.796188
v 66.600295 22.251995 24.239268
v 66.528416 22.402107 24.258946
v 66.505395 22.559938 24.106210
v 66.847997 22.615999 20.903999
v 66.607562 22.898006 21.372057
v 66.559998 23.119999 21.760000
v 66.559998 23.279999 21.920000
v 66.529522 23.276189 23.554286
v 66.539403 23.444751 22.108515
v 66.559994 23.439999 22.559998
v 66.560001 23.439999 22.959982
v 66.559995 19.439999 21.760007
v 66.559996 19.439999 21.920000
v 66.839693 19.443663 22.735877
v 66.747828 19.801739 21.210434
v 66.720001 19.760000 23.359999
v 66.720002 20.000000 23.760000
v 66.577784 20.294303 20.884057
v 66.720001 20.080000 20.959999
v 66.680974 20.050732 21.188292
v 66.742874 20.346860 20.715942
v 66.559998 20.320000 23.920000
v 66.674973 20.584877 22.052655
v 66.639999 20.639999 22.400000
v 66.879998 20.906665 20.719999
v 66.639999 20.959999 22.080001
v 66.720000 20.799997 22.000000
v 67.183154 20.858947 23.002104
v 66.797034 20.995554 23.131851
v 66.703395 21.239245 20.724528
v 66.657777 21.155557 21.866667
v 66.676390 21.497822 21.913223
v 66.720001 21.119999 23.279999
v 66.720003 21.439999 20.559999
v 66.994288 21.203811 24.407619
v 66.882016 21.544303 22.136538
v 66.702767 21.976480 22.188555
v 65.760002 22.400000 20.879999
v 66.720003 22.559999 24.080000
v 66.987708 22.800002 21.281101
v 66.720001 22.799999 23.840000
v 66.672976 22.778820 24.065026
v 66.520975 23.108292 21.389267
v 66.739461 23.003348 23.615950
v 66.746015 23.249237 23.568535
v 66.955296 23.289411 21.967061
v 66.720000 23.279999 22.186664
v 66.719999 23.439999 22.399999
v 66.720001 23.439999 22.879999
v 66.916128 19.254192 22.087742
v 66.916922 19.277537 22.540308
v 66.903547 19.437003 21.474892
v 66.927632 19.415955 21.920158
v 66.879998 19.439999 23.039999
v 66.879995 19.680000 21.199999
v 66.986663 19.600000 23.359998
v 66.879999 19.760000 23.520000
v 66.873844 20.043077 21.003076
v 67.040003 20.320000 20.719999
v 67.199997 20.559999 22.320000
v 66.720001 20.559999 22.559999
v 66.900870 20.828244 21.835676
v 66.559998 20.879999 22.879999
v 66.879996 21.173331 20.559999
v 66.883634 21.487273 21.865455
v 66.879995 21.439999 23.119999
v 66.893013 21.824385 22.213944
v 66.400002 21.920000 20.559999
v 66.879995 21.840000 22.719998
v 66.719996 22.080000 24.400000
v 66.719996 22.400000 24.240000
v 66.559995 22.639999 21.119999
v 66.879998 22.799999 23.840000
v 66.879997 22.959999 21.439999
v 66.930895 22.963649 21.602839
v 66.879997 22.959999 23.519999
v 66.879997 22.959999 23.680000
v 66.850144 23.125968 23.380300
v 66.879995 23.279999 22.399997
v 66.879995 23.279999 22.879998
v 66.720001 23.279999 23.039999
v 66.986822 19.155715 21.907263
v 67.040001 19.119999 22.400000
v 67.080268 19.277145 21.614036
v 67.017531 19.289629 21.753827
v 67.041065 19.279150 22.827530
v 67.159997 19.439999 23.199999
v 67.051429 19.634286 21.234285
v 67.112111 19.760443 21.031155
v 67.040000 20.000001 21.039998
v 66.720001 20.160000 23.920000
v 67.040001 20.320000 23.920000
v 66.879997 20.639999 22.000000
v 67.147751 20.573061 22.651428
v 67.040001 20.480000 24.080000
v 67.080754 20.816602 20.555471
v 67.359999 20.639999 24.240000
v 66.879997 20.959999 24.240000
v 67.199997 21.119994 21.840000
v 67.040001 21.680000 21.920000
v 67.040001 21.600000 21.840000
v 67.040001 21.760000 24.400000
v 67.114286 21.834286 22.759998
v 67.171482 22.059406 24.244752
v 67.039999 22.240000 24.080000
v 67.040001 22.400000 20.879999
v 67.040001 22.639999 21.119999
v 67.093335 22.799999 21.439999
v 67.025119 22.946975 23.547907
v 66.879997 23.119999 21.760000
v 67.199994 23.119999 22.079995
v 67.039999 23.119999 23.359999
v 67.199998 19.279999 22.773336
v 67.199997 19.600000 21.279999
v 67.199996 19.840001 20.879999
v 67.199997 19.999997 20.879999
v 67.359999 20.000000 20.719999
v 67.199997 20.160000 23.920000
v 67.199997 20.639999 20.719999
v 67.199997 20.559999 22.080000
v 67.199997 20.799999 21.840000
v 67.039999 20.879999 22.879999
v 67.095639 21.718712 23.122886
v 67.199995 21.279994 24.240000
v 67.421752 21.698245 20.554385
v 67.199994 21.680000 22.879999
v 67.199994 21.760005 24.240000
v 67.519997 21.840000 22.240000
v 67.360001 22.080000 20.719999
v 67.199997 22.240000 20.719999
v 67.199997 22.240000 24.080000
v 67.186837 22.448081 20.911918
v 67.199997 22.639999 21.119999
v 67.253329 22.639999 21.279998
v 67.199995 22.719999 23.600000
v 67.360001 23.119999 21.760000
v 67.360001 22.959999 23.199997
v 67.199995 23.119999 22.239999
v 67.198955 23.121135 23.093321
v 67.319245 23.284527 22.416604
v 67.360001 19.119999 21.920000
v 67.360001 19.119999 22.400000
v 67.519997 19.119999 22.613333
v 67.375879 19.116335 22.839695
v 67.437720 19.309002 23.255753
v 67.360001 19.439999 21.119999
v 67.360001 19.439999 21.279999
v 67.360001 19.680000 21.039999
v 67.399999 19.840001 20.879999
v 67.360000 19.520001 23.279999
v 67.466662 19.840001 23.600000
v 67.199997 20.320003 20.719999
v 67.296614 20.457505 21.893984
v 67.318181 20.438182 22.083637
v 67.377781 20.391110 22.675556
v 67.360001 20.480000 24.080000
v 67.309999 20.659999 21.870001
v 67.360001 20.800000 21.680000
v 67.519997 20.959999 23.119999
v 67.519997 20.799999 24.240000
v 67.360000 20.959996 20.559999
v 67.360001 21.119999 21.680000
v 67.519997 21.280002 23.119999
v 67.360001 21.680000 22.879999
v 67.436239 21.836892 22.665749
v 67.378512 21.947579 24.077722
v 67.360001 22.240000 20.879999
v 67.546485 22.278185 24.057498
v 67.360001 22.320000 24.000000
v 67.360000 22.719999 23.600000
v 67.360001 22.799999 21.440000
v 67.360001 22.959999 23.039996
v 67.313128 22.939144 23.586243
v 67.439997 23.119999 22.160000
v 67.360001 23.279999 22.719998
v 67.519994 18.959999 21.920002
v 67.519994 18.959999 22.399999
v 67.452249 19.251654 21.364109
v 67.359997 19.279999 21.760002
v 67.786664 19.119999 22.879999
v 67.524996 19.477499 21.077499
v 67.519997 19.680000 20.879999
v 67.519995 20.000000 20.719999
v 67.360001 20.319997 20.559999
v 67.519997 20.000000 23.760000
v 67.519994 20.240000 22.080000
v 67.519995 20.240000 22.559999
v 67.519997 20.480000 20.559999
v 67.526665 20.436666 21.876667
v 67.519997 20.400000 22.719999
v 67.519997 20.639999 21.680000
v 67.694309 20.667315 21.678700
v 67.519994 21.279999 21.680000
v 67.519997 21.439999 21.840000
v 67.621388 21.368933 22.967601
v 67.487962 21.537209 22.696652
v 67.623234 21.684026 22.143748
v 67.519997 21.760000 24.240000
v 67.519997 22.080000 24.080000
v 67.553194 22.331886 23.794117
v 67.360001 22.480000 21.119999
v 67.621780 22.564324 23.600065
v 67.680000 22.799999 21.439999
v 67.519994 22.959999 22.079999
v 67.501087 22.955635 23.383271
v 67.679999 22.959999 22.719996
v 67.696241 18.973611 21.390890
v 67.680001 18.959999 21.813329
v 67.703228 18.954304 22.696725
v 67.680000 19.199999 21.359999
v 67.360001 19.279999 23.039999
v 67.674999 19.402499 21.162499
v 67.666440 19.716606 20.861104
v 67.573326 19.680003 23.600000
v 67.680000 20.000000 20.559999
v 68.174675 20.266422 22.621651
v 67.199994 20.320000 24.080000
v 67.680000 20.479999 20.400000
v 67.802840 20.412162 21.901304
v 67.680002 20.320000 22.639999
v 67.519997 20.799999 20.559999
v 67.680000 20.559999 22.879999
v 67.360001 20.639999 22.959999
v 67.680000 20.800001 24.080000
v 67.680000 20.959999 22.959999
v 67.762962 21.244445 21.668149
v 67.903998 21.423999 21.856001
v 67.653336 21.666667 21.880000
v 67.498233 21.525936 22.887862
v 67.680000 21.760000 24.080000
v 67.687273 21.658182 22.589090
v 67.635095 22.105290 23.934968
v 67.839994 22.240000 20.879999
v 67.680000 22.240000 23.760000
v 67.680004 22.400000 23.760000
v 67.680001 22.719999 23.439999
v 67.519994 22.799999 21.600000
v 67.828686 22.948382 23.412784
v 67.519995 22.959999 21.759999
v 67.680000 22.959999 22.240000
v 67.730094 18.956385 22.328624
v 67.843534 18.973771 21.417045
v 68.000000 18.959999 22.719999
v 67.839996 19.199999 21.199999
v 67.839996 19.279999 23.039999
v 67.839996 19.520003 20.879999
v 67.833125 19.413986 21.167606
v 68.000000 19.279999 23.199999
v 67.833125 19.733988 20.847607
v 67.839999 19.760000 20.639999
v 67.839998 20.000000 20.400000
v 67.839999 20.319997 20.400000
v 67.680003 20.319998 20.559999
v 67.839996 20.240000 22.080000
v 67.925181 20.378256 21.677264
v 67.864612 20.523076 22.658461
v 67.984122 20.360304 24.083664
v 67.880752 20.816603 21.515472
v 67.680000 20.799999 20.400000
v 67.839999 21.119999 21.520000
v 67.838819 21.502342 22.926255
v 67.876717 21.493633 22.727455
v 67.883075 21.661538 22.104617
v 67.888538 21.660599 22.547390
v 67.840001 21.760000 24.080000
v 67.922376 21.920565 23.917999
v 68.079996 22.160000 20.799999
v 67.839996 22.080000 23.920000
v 67.898278 22.233207 23.763879
v 67.648003 22.456000 20.903999
v 67.839996 22.480000 21.119999
v 67.839996 22.400000 23.600000
v 67.839996 22.559999 23.600000
v 67.839996 22.719999 23.439999
v 67.893329 22.799999 21.600000
v 68.000001 22.959999 21.760000
v 67.839996 22.959999 22.719999
v 68.000000 18.639999 21.920000
v 68.024063 18.655290 22.288793
v 68.000000 18.799999 21.439999
v 67.839996 18.959999 21.760000
v 67.993129 18.927607 22.346012
v 68.000000 19.199999 21.039999
v 68.000002 19.119999 22.879999
v 68.119999 19.119999 23.040000
v 68.068351 19.285613 21.021753
v 68.005735 19.464775 20.753734
v 68.179518 19.481085 20.739765
v 68.002433 19.704595 20.702432
v 67.999998 20.000000 20.400000
v 68.000000 20.160000 23.920000
v 68.015131 20.235563 21.800893
v 67.980999 20.611789 21.683812
v 67.519997 20.799999 22.959999
v 67.519994 20.960001 20.400000
v 68.159996 20.799999 20.400000
v 68.000000 21.359999 22.559999
v 67.519995 21.600000 20.400000
v 68.000000 22.080000 23.760000
v 68.000002 22.559999 21.199999
v 67.987198 22.435199 23.577600
v 67.680002 22.639999 21.279999
v 68.000000 22.799999 22.719999
v 68.000000 22.799999 23.039999
v 68.000000 22.959999 22.559999
v 68.189471 18.646315 22.275789
v 68.159996 18.799999 21.439999
v 68.000000 18.799999 21.760000
v 68.164527 18.799779 22.458497
v 68.000000 18.959999 22.560001
v 68.213330 18.959999 22.879999
v 68.159996 19.840000 20.400000
v 68.186663 20.253333 21.720000
v 68.196031 20.232605 21.892073
v 68.159999 20.426666 23.920000
v 68.377649 20.532025 22.715163
v 68.159996 20.640000 24.080000
v 68.155673 21.161080 22.944864
v 68.159994 21.359999 22.400000
v 68.159999 21.199999 22.559999
v 68.246152 21.569231 20.387692
v 68.205374 21.765179 24.054143
v 68.159996 21.920000 20.559999
v 68.159998 22.160000 20.959999
v 68.151349 22.112432 23.736216
v 68.239844 22.193897 23.567821
v 68.181870 22.463415 23.552816
v 68.050002 22.540000 23.409998
v 68.254124 22.439298 23.285408
v 67.839997 22.639999 21.439999
v 68.159999 22.640000 23.039999
v 68.159994 22.799999 22.879999
v 68.159998 22.799999 21.760001
v 68.159998 22.799999 22.560001
v 68.320000 18.639999 21.920000
v 68.320000 18.799999 21.760000
v 68.319999 19.199999 20.879999
v 68.320000 19.359999 20.719999
v 68.320000 19.359999 23.439999
v 68.376474 19.506775 20.705783
v 68.320002 19.840001 20.399999
v 68.239998 20.000000 22.080000
v 68.320000 19.920000 22.240000
v 68.278619 19.944828 22.397241
v 68.449434 20.206408 21.664974
v 68.320000 20.240000 21.600001
v 68.320001 20.640000 20.400000
v 68.319999 20.479999 21.359999
v 68.300952 20.598095 22.944761
v 68.400001 20.719997 20.239999
v 68.316596 21.167659 22.939574
v 68.278383 21.612916 23.948700
v 68.263998 21.792000 23.784001
v 68.320000 21.760000 20.559999
v 68.239998 21.920000 23.840000
v 68.360001 21.900001 23.740000
v 68.320000 22.160000 20.959999
v 68.353336 22.107130 23.738025
v 68.159999 22.400000 21.199999
v 68.114288 22.674284 23.211423
v 68.405104 22.646808 21.480851
v 68.373331 22.639999 23.039999
v 68.320000 22.799999 21.600000
v 68.320000 22.799999 22.879999
v 68.612366 18.642696 22.579154
v 68.480001 18.799999 21.119999
v 68.320002 18.799999 21.439995
v 68.479997 19.039999 20.879999
v 68.479999 18.799999 22.719999
v 68.479996 19.199999 20.879999
v 68.479996 19.119999 23.039999
v 68.320000 19.119999 23.199999
v 68.425840 19.539585 20.422029
v 68.444885 19.694524 20.415047
v 68.159996 19.520001 23.439999
v 68.509811 19.861059 20.232788
v 68.436356 19.782828 21.748549
v 68.400002 19.840000 22.080000
v 68.479996 19.920000 22.400000
v 68.320003 20.319999 22.639999
v 68.479996 20.480000 21.359999
v 68.479998 20.640000 22.799999
v 68.319999 20.799999 21.359999
v 68.320000 20.639999 23.920000
v 68.320000 20.960000 21.520000
v 68.479996 21.119999 21.520000
v 68.586667 21.279998 21.680000
v 68.468058 21.170148 22.778507
v 68.533333 21.439999 23.920000
v 68.584794 21.602188 23.758560
v 68.400002 22.080000 23.519999
v 68.532219 21.761808 23.758000
v 68.479997 22.240000 23.279999
v 68.479996 22.480000 23.199999
v 68.440970 22.628292 21.229267
v 68.479998 22.639999 22.880001
v 68.811854 18.339768 21.387622
v 68.479997 18.639999 21.760000
v 68.639998 18.559999 21.359999
v 68.640000 18.799999 21.119999
v 68.796359 18.774545 22.672727
v 68.639999 19.039999 20.879999
v 68.639999 18.799999 22.879999
v 68.639999 19.119999 23.199999
v 68.634284 19.259739 20.673765
v 68.642838 19.303198 20.429998
v 68.489596 19.395199 20.684799
v 68.617286 19.651896 20.407281
v 68.479997 19.760000 22.240000
v 68.479996 20.160000 22.639999
v 69.199997 20.000000 23.760000
v 68.639998 20.160000 21.520000
v 68.639999 20.319999 21.359999
v 68.479996 20.320000 22.799999
v 68.639999 20.480000 20.240000
v 68.719997 20.879998 20.240000
v 68.959999 21.119999 23.920000
v 68.320000 21.439999 20.240000
v 68.693334 21.119998 21.680000
v 68.639999 21.199999 22.559999
v 68.815589 21.181016 22.762033
v 68.640000 22.080000 23.439999
v 68.639999 22.400000 21.199999
v 68.639999 22.639999 21.439999
v 68.884442 22.466666 23.151111
v 68.799998 18.320000 21.760001
v 68.640002 18.639999 21.920001
v 68.799998 18.480000 22.079996
v 68.809409 18.508235 22.621177
v 68.799995 18.559999 21.359999
v 68.976841 18.842104 22.938946
v 68.753008 19.257688 20.701861
v 68.799995 19.359999 20.400000
v 68.967272 19.298180 20.454545
v 68.799995 19.520001 23.439999
v 68.799995 19.680000 23.600000
v 68.799999 19.840000 21.680000
v 68.839998 19.780000 22.619999
v 68.799995 20.000000 21.520000
v 68.887587 20.199639 22.644366
v 69.119996 20.000000 20.240000
v 68.799995 20.320000 22.799999
v 68.799997 20.479998 20.080000
v 69.119995 20.639999 23.920000
v 68.639999 20.960000 21.520000
v 68.640001 21.359999 22.399999
v 68.799997 21.199999 22.480000
v 68.799997 21.600001 23.760000
v 68.799996 21.919999 23.439999
v 68.799995 22.080000 23.439999
v 68.799995 22.240000 23.279999
v 68.853332 22.320000 21.120000
v 68.799995 22.639999 21.439999
v 68.640002 22.639999 22.559996
v 68.799995 22.480000 22.559999
v 68.799998 22.480000 22.880001
v 68.799995 22.639999 22.400000
v 68.990188 18.324528 21.405282
v 68.960274 18.319718 21.999981
v 68.964067 18.498983 22.763389
v 69.119999 18.320000 21.279999
v 68.999020 18.829268 20.731707
v 68.799995 19.520000 20.240000
v 68.956799 19.788800 21.721600
v 68.999386 19.755077 22.326155
v 67.680000 19.840000 23.760000
v 68.960000 20.159999 21.520000
v 69.119995 20.160000 23.920000
v 68.959999 20.319999 21.359999
v 68.799998 20.800002 20.080000
v 69.043808 20.773334 21.352380
v 68.924430 20.821507 22.659115
v 68.960001 20.800001 23.920000
v 68.964453 20.885533 21.445828
v 68.879997 20.959999 22.559999
v 68.879997 21.119999 22.559999
v 69.058461 21.304613 20.240000
v 69.098320 21.187326 22.301944
v 68.959999 21.439999 20.240000
v 69.119995 21.440000 23.760000
v 68.960000 21.600000 20.400000
v 69.200000 22.000000 20.800000
v 68.960002 21.600001 23.760000
v 68.947198 21.955200 23.417599
v 68.960000 22.160000 20.959999
v 68.959999 22.239999 23.119999
v 68.959999 22.480000 21.439998
v 68.959999 22.480000 22.400000
v 69.119995 18.320000 21.760000
v 69.221118 18.494753 21.028240
v 68.799998 18.799999 21.119999
v 69.119998 18.719999 22.959999
v 69.185236 18.795438 20.752366
v 69.119995 19.199999 20.400000
v 69.119995 19.359999 20.400000
v 69.119995 19.520000 20.240000
v 69.123401 19.620426 21.712340
v 69.119997 19.600001 22.240001
v 69.119995 19.680000 23.600000
v 69.188310 19.802832 21.668510
v 69.119996 20.000000 21.520000
v 69.199998 20.160000 20.080000
v 69.220129 20.217203 21.197758
v 69.221070 20.910290 21.656246
v 69.144073 20.911909 22.335770
v 69.113124 20.853987 22.607607
v 69.119997 20.799997 23.760000
v 68.959999 21.119999 20.080000
v 69.128092 21.171323 21.715359
v 69.119998 21.119998 23.760000
v 69.119996 21.759999 23.439999
v 69.087994 21.976000 23.415999
v 69.151997 22.024000 23.143999
v 69.119995 22.160000 20.959999
v 69.199994 22.160000 21.119998
v 69.090746 22.281069 23.109034
v 69.119995 22.320000 21.279999
v 69.120000 22.320000 21.439999
v 69.199999 22.479999 21.600001
v 69.280001 22.480000 22.719995
v 69.280001 18.159997 21.439969
v 69.171170 18.309046 21.370101
v 69.279999 18.160000 21.760000
v 69.279994 18.320000 22.400000
v 69.224797 18.500493 20.810110
v 69.279999 18.480000 22.559999
v 69.119997 19.039999 20.559999
v 69.359997 19.359999 20.240000
v 69.340445 19.580443 20.236444
v 69.291064 19.726673 21.647005
v 69.279999 19.600000 22.080000
v 69.184117 19.883728 21.380155
v 69.119995 19.840000 23.760000
v 69.279999 19.840000 23.600000
v 69.279999 20.000000 20.240000
v 69.279999 20.000000 21.199999
v 69.279999 20.160000 23.760000
v 69.439995 20.480000 21.199999
v 69.182098 20.523433 22.635398
v 69.325454 20.656362 22.470909
v 69.279999 20.639999 23.760000
v 69.279999 20.799999 22.480000
v 69.299998 20.919999 22.340000
v 69.279999 21.039999 22.240000
v 69.279999 21.279999 23.760000
v 69.119995 21.439999 20.400000
v 69.331613 21.445160 23.729032
v 69.439995 21.840000 20.639999
v 69.262172 21.798144 23.418816
v 69.280000 21.840000 20.639999
v 69.279999 22.000000 20.959999
v 69.293739 22.046638 23.131742
v 69.473615 22.289588 23.076903
v 69.279999 22.480000 22.400000
v 69.621462 18.154146 22.210732
v 69.280001 18.480000 21.119999
v 69.439995 18.480000 20.959998
v 69.439996 18.319999 22.133331
v 69.461806 18.504133 20.581922
v 69.439995 18.480000 20.799999
v 69.119995 18.559999 22.799999
v 69.439998 18.719998 20.559999
v 68.959999 19.359999 23.439999
v 69.706671 19.199998 23.279999
v 69.456253 19.449965 21.715729
v 69.439997 19.439999 22.080000
v 69.469263 19.701463 20.074147
v 69.335947 19.601522 22.244202
v 69.439995 19.760000 21.439999
v 69.404439 19.742222 21.653334
v 69.450485 19.788692 22.605404
v 69.439996 20.000000 20.080000
v 69.439995 20.000000 21.199999
v 69.500755 20.099240 22.635949
v 69.439995 20.320000 20.080000
v 69.760000 20.000000 23.760000
v 69.119997 20.640000 21.199999
v 69.439996 20.799999 22.320000
v 69.599998 20.879999 21.600000
v 69.369270 21.354403 23.588332
v 69.405282 21.630188 23.444526
v 69.519993 21.840000 20.799999
v 69.475552 21.857778 23.146666
v 69.439995 22.000000 20.959999
v 69.439995 22.080000 23.119999
v 69.279998 22.320000 21.439999
v 69.439998 22.320000 22.399998
v 69.439997 22.319999 22.613335
v 69.439995 22.480000 21.760000
v 69.439995 22.480000 22.239999
v 69.672000 18.311999 20.872004
v 69.599998 18.160000 21.760000
v 69.599998 18.320000 20.799999
v 69.599998 18.320000 22.400000
v 69.627825 18.521739 20.570434
v 69.599998 18.480000 22.559999
v 69.706668 18.480000 22.719999
v 69.653333 18.719999 22.959999
v 69.279998 19.039999 20.559999
v 69.279996 19.199999 20.400000
v 69.599998 18.879999 22.959999
v 69.439995 19.199999 20.400000
v 69.578534 19.490732 20.245854
v 69.645561 19.410181 21.744359
v 69.597035 19.457776 22.109629
v 68.960000 19.520000 23.600000
v 69.573332 19.746666 21.480000
v 69.444974 19.611397 22.423015
v 69.599998 19.760000 21.279999
v 69.599998 19.840000 22.480000
v 69.859554 19.900443 23.603556
v 69.629270 19.978536 22.474145
v 69.599998 20.320000 19.920000
v 69.599998 20.480000 21.039999
v 68.959999 20.959999 20.080000
v 69.599998 20.639999 21.199999
v 69.813729 20.798193 22.321708
v 69.598192 21.018607 22.289531
v 69.599998 21.119999 20.080000
v 69.759996 21.279999 23.600000
v 69.439995 21.600000 20.400000
v 69.599999 21.439999 20.400000
v 69.588569 21.815337 23.412266
v 69.601957 21.854536 23.175772
v 69.719998 22.160000 21.119999
v 69.575499 22.149355 22.931874
v 69.601738 22.158535 22.559702
v 69.599998 22.320000 21.279999
v 69.661176 22.315294 21.698823
v 69.599998 22.320000 22.240000
v 69.840002 17.999999 21.840000
v 69.760002 18.160000 20.959999
v 69.599998 18.160000 21.280003
v 69.760002 18.160000 21.920000
v 69.760002 18.160000 22.240000
v 69.785630 18.335158 20.592936
v 69.760002 18.320000 22.400000
v 69.866669 18.320000 22.560000
v 69.795559 18.497777 22.933332
v 69.759999 18.760002 20.400000
v 69.990142 18.789150 20.235929
v 69.760002 19.359999 20.080000
v 69.715514 19.299103 21.596424
v 69.743316 19.307912 22.124129
v 69.721740 19.547827 21.530436
v 69.839998 19.339999 23.439999
v 69.899404 19.548516 23.604753
v 69.735994 19.746610 21.489737
v 69.728001 19.576000 22.184000
v 69.599998 19.840000 20.080000
v 69.759998 19.760001 21.279998
v 69.599998 20.000000 19.920000
v 69.760002 20.000000 21.039999
v 69.760002 20.160000 22.639999
v 69.599998 20.000000 21.039999
v 69.813334 20.480000 19.920000
v 69.892373 20.659567 20.083453
v 69.809953 20.485971 22.610469
v 69.760002 20.799997 23.760000
v 69.760002 20.959999 20.080000
v 69.599998 21.039999 21.760000
v 69.760002 20.879999 21.760000
v 69.760002 21.439998 23.439999
v 69.744848 21.662246 23.424478
v 69.760002 21.680000 23.199998
v 69.760001 21.840000 20.799999
v 69.809996 21.900001 22.930001
v 69.789270 22.154146 21.578538
v 69.820479 22.122362 22.897672
v 69.919998 22.320000 22.080001
v 69.760002 18.000000 21.279996
v 69.919998 18.320000 20.799999
v 69.919996 18.400000 20.559999
v 70.186662 18.400000 22.639999
v 69.919997 18.720000 20.239999
v 69.919998 19.359999 20.080000
v 70.223117 19.282730 22.107928
v 69.919999 19.359998 22.160000
v 69.987933 19.568734 21.503804
v 69.919998 19.600000 22.399999
v 69.919998 19.600000 21.279999
v 69.898535 19.810732 20.085853
v 69.897237 20.328967 22.486206
v 69.865880 20.478043 22.346540
v 70.075937 20.503050 21.058982
v 69.881736 20.667825 22.330435
v 70.035905 20.728929 21.298384
v 69.904120 20.883663 21.480305
v 69.919996 20.800000 23.600000
v 69.760002 21.119999 20.240000
v 69.919996 21.440000 23.279999
v 69.919998 21.680000 20.639999
v 69.919998 21.840000 20.799999
v 69.999995 21.840000 20.959999
v 69.919998 21.680000 23.039999
v 69.919998 22.000000 21.119999
v 69.795347 22.154419 22.690232
v 70.200220 22.162652 21.455026
v 70.080002 22.160000 22.559999
v 69.919999 22.160000 22.559999
v 69.919998 22.320000 21.760000
v 69.919999 18.160000 20.959999
v 70.285514 18.011000 20.748842
v 70.080000 18.000000 21.919999
v 69.919997 18.000000 22.239999
v 70.073845 18.295384 20.670769
v 70.080003 18.160000 22.400000
v 69.813338 19.039999 23.279999
v 70.080002 19.039999 20.240000
v 70.080002 19.199999 20.080000
v 69.919995 19.199999 23.439999
v 70.080000 19.520001 20.080000
v 70.079999 19.520000 22.320000
v 70.100595 19.651486 23.435246
v 70.080002 19.680001 19.920000
v 69.919998 19.840000 21.039999
v 70.040617 19.926153 19.924923
v 70.399998 19.840000 23.600000
v 70.080002 20.320000 22.480000
v 70.239998 20.320000 23.600000
v 70.154371 20.407737 22.316160
v 70.080002 20.639999 22.320000
v 70.210730 20.938536 23.605854
v 70.080002 20.719999 21.439999
v 70.080002 20.719999 21.600000
v 70.080002 20.959999 20.080000
v 70.211172 20.885795 22.058194
v 70.133336 21.279998 23.279999
v 69.919998 21.600002 23.279999
v 70.239998 21.680000 20.639999
v 70.069845 21.666032 23.064126
v 70.133333 22.000000 21.279999
v 70.073338 21.963333 22.763333
v 70.080000 22.160000 22.160008
v 70.262559 17.837949 21.142564
v 70.080000 18.000000 21.120001
v 70.239996 17.840000 21.599999
v 70.239996 17.840000 21.919998
v 70.427824 18.010435 20.761738
v 70.418642 18.016570 22.275210
v 70.538970 18.136908 22.352386
v 70.271995 18.184000 22.615999
v 70.239998 18.320000 20.479998
v 70.245159 18.289032 20.691612
v 70.400002 18.480000 22.879999
v 70.359996 18.719999 20.240000
v 70.239998 18.879999 20.080000
v 70.239995 19.039998 20.080000
v 70.281479 19.217778 19.914074
v 70.559998 18.879999 23.119999
v 70.239996 19.520003 19.920000
v 70.293329 19.279999 22.239998
v 70.265584 19.320462 21.526792
v 70.239998 19.600000 21.279999
v 70.378846 19.801691 21.044448
v 70.446771 20.271824 21.037537
v 70.197438 20.535141 21.055256
v 70.258335 20.555952 21.411288
v 70.080002 20.799999 19.920000
v 70.239998 20.719999 21.600000
v 70.325899 20.571115 22.323141
v 70.239998 20.879999 21.760000
v 70.363479 21.100869 23.452172
v 69.599999 21.279998 20.240000
v 70.399999 21.439999 20.400000
v 70.239998 21.439999 23.119999
v 70.239998 21.520000 20.480000
v 70.380236 21.658598 23.098830
v 70.080002 21.680000 20.799999
v 70.291337 21.696731 22.822435
v 70.193622 21.981412 22.776009
v 70.239995 22.000000 22.240001
v 70.239996 22.000000 22.559998
v 70.239998 22.160000 22.080000
v 70.440306 17.676336 21.295876
v 70.400002 17.680000 21.600000
v 70.400002 18.160000 20.480000
v 70.503743 18.140318 20.532301
v 70.400002 18.400000 20.240000
v 70.400002 18.240000 22.639999
v 70.559998 18.719999 22.959999
v 70.400002 19.039999 20.080000
v 70.434287 19.062856 21.348570
v 70.343623 18.980777 21.728865
v 70.320000 19.199999 21.600000
v 70.354285 19.154285 21.908570
v 70.444325 19.114381 22.068253
v 70.335669 19.496822 21.095984
v 70.350000 19.469999 21.300000
v 70.399996 19.520000 22.320000
v 70.400002 19.680000 22.480000
v 70.400000 20.000001 19.920000
v 70.400002 20.160000 23.600000
v 70.239995 20.160000 22.480000
v 70.559997 20.559999 21.439999
v 70.345102 20.586527 22.079650
v 70.401346 20.844369 19.948235
v 70.389620 20.737485 21.865448
v 70.447060 20.884705 23.430587
v 70.400002 21.279999 20.240000
v 70.527997 21.496000 20.424000
v 70.400002 21.520000 20.639999
v 70.400002 21.680000 20.799999
v 70.400003 21.840000 20.959999
v 70.426667 21.693334 22.839999
v 70.379407 22.004752 21.148514
v 70.400001 22.000000 22.186665
v 70.400002 22.000000 22.559999
v 70.559998 17.680000 21.760000
v 70.399999 17.840000 21.813334
v 70.559998 17.680000 21.920000
v 70.591994 17.864000 22.296000
v 70.560000 18.400000 20.240000
v 70.399998 18.879998 20.080001
v 70.559467 18.986776 19.920584
v 70.559996 18.959999 21.920000
v 70.559998 19.199999 21.199999
v 70.796796 19.244798 23.446399
v 70.559995 19.360000 21.199999
v 70.662723 19.437310 21.048170
v 70.498823 19.741176 23.444704
v 70.559998 19.840000 19.920000
v 70.691795 19.659951 21.043421
v 70.600756 19.856604 20.875471
v 70.559998 19.840000 22.480000
v 70.559995 20.000002 19.760000
v 70.559995 20.160000 20.879999
v 70.585735 20.207559 22.444728
v 70.537579 20.278144 22.184588
v 70.559996 20.400000 21.279999
v 70.566270 20.533452 22.122121
v 70.559994 20.160001 23.439999
v 70.568884 20.829629 19.765926
v 70.559998 20.719999 21.920000
v 70.400001 20.320000 23.439999
v 70.559998 20.719999 21.600000
v 70.559999 21.119999 20.240000
v 70.559996 20.959999 23.279999
v 70.639997 21.279999 20.399999
v 70.559998 21.119996 23.279999
v 70.559998 21.279999 23.119999
v 70.399999 21.439998 23.119999
v 70.600305 21.455876 22.956335
v 70.558262 21.652932 22.937125
v 70.826662 21.680000 20.799999
v 70.720000 21.840000 20.959999
v 70.581459 21.834147 21.250731
v 70.559995 21.840000 22.240002
v 70.559996 21.840000 22.560003
v 70.720001 22.000000 21.919999
v 70.720001 17.680000 21.600005
v 70.719996 17.840000 20.960000
v 70.792301 17.974018 22.362787
v 70.720001 18.160000 22.559999
v 70.879997 18.240000 20.240000
v 70.655669 18.536822 19.975985
v 70.669999 18.510000 20.179999
v 70.720001 18.559999 22.959999
v 70.681739 18.747826 19.930435
v 70.720001 18.719999 23.119999
v 70.731429 19.154285 21.234285
v 70.720001 19.840000 19.760000
v 70.720001 19.840000 22.320000
v 70.758223 20.185653 22.309733
v 70.720001 20.400000 21.119999
v 70.736253 20.521445 22.136664
v 70.720001 20.559999 21.600000
v 70.765716 20.552380 21.843809
v 70.855381 20.861538 19.796923
v 70.800001 21.119999 23.119999
v 70.719998 21.279999 23.119999
v 70.773334 21.520001 20.640001
v 70.868059 21.650150 22.938506
v 70.720001 22.000000 21.439999
v 70.879995 17.520000 21.120000
v 70.964701 17.510588 21.712939
v 71.040001 17.520000 20.799998
v 70.933333 17.680000 21.920000
v 70.879997 17.840000 20.480000
v 70.719997 17.840000 20.799999
v 70.879997 17.840000 22.080000
v 71.040001 17.840000 22.240000
v 70.892627 18.046315 20.256842
v 70.879997 18.400000 22.799999
v 70.907824 18.521739 19.930435
v 70.933119 18.721612 19.918388
v 70.986666 18.880000 19.760000
v 70.908983 18.947108 21.444058
v 70.883016 18.987169 21.965283
v 70.720001 19.040000 19.760000
v 70.946666 19.079998 21.093332
v 70.940550 19.083668 21.272292
v 70.879995 19.360000 20.879999
v 71.040001 19.359999 22.320000
v 70.879995 19.520004 20.879999
v 70.879997 20.240000 21.119999
v 70.876114 20.378252 22.112621
v 70.932546 20.400020 21.279897
v 70.879994 20.399999 21.920000
v 71.039999 20.559999 21.439998
v 70.879997 20.639999 23.439999
v 70.719999 20.959999 23.279999
v 70.879997 21.279999 22.959999
v 70.879996 21.680000 20.959999
v 70.932949 21.679400 22.400669
v 70.879997 21.840000 21.119999
v 70.879995 21.840000 21.920005
v 70.999697 21.843664 22.224121
v 71.085715 17.512381 20.883809
v 71.040001 17.520000 21.600000
v 71.040000 17.840000 20.480000
v 71.040001 17.680000 22.080000
v 71.199997 18.000000 22.400000
v 71.046662 18.023455 20.108212
v 71.039998 18.000000 20.320000
v 71.040001 18.000000 22.559999
v 71.040001 18.240000 20.080000
v 71.040001 18.240000 22.799999
v 71.119700 18.400808 19.919332
v 71.360001 18.400000 22.799999
v 70.991740 18.812537 21.130109
v 71.036982 18.813584 21.951698
v 71.040001 19.039999 19.760000
v 71.001739 19.227825 20.890434
v 71.138457 19.224614 22.160000
v 70.719997 19.039999 23.279999
v 71.079999 20.085714 19.754286
v 71.124708 19.407055 20.710588
v 72.009167 20.222500 20.909166
v 71.040001 20.160000 22.160000
v 70.720000 20.240000 20.959999
v 71.040001 20.400000 21.920000
v 71.040001 20.639999 23.279999
v 71.040001 20.879999 20.000000
v 71.040000 21.039999 23.199999
v 71.039999 21.279999 22.959999
v 71.280001 21.359999 20.480000
v 71.199997 21.520000 20.639999
v 71.116799 21.686400 21.004797
v 71.040000 21.840000 21.119999
v 71.229265 17.354145 20.981464
v 71.199995 17.359999 21.600000
v 71.199995 17.520000 20.639999
v 71.199997 17.520000 21.760000
v 71.199995 17.840000 20.320000
v 71.261897 17.830317 22.232764
v 71.204483 18.053832 20.091215
v 71.199997 18.240000 20.080000
v 71.199997 18.559999 19.920000
v 71.360001 18.559999 22.959999
v 71.280000 18.719999 19.760000
v 71.193722 18.837646 21.982745
v 71.199997 18.879999 23.119999
v 71.334990 19.014784 20.882854
v 71.199997 19.039999 23.279999
v 71.320107 19.186039 20.881397
v 71.199997 19.039999 22.000000
v 71.199997 19.600000 19.600000
v 71.199994 20.000001 22.160000
v 71.040001 19.840000 20.719999
v 71.040001 19.359999 23.279999
v 71.238094 20.163810 22.137142
v 71.199997 20.240000 21.119999
v 71.519997 20.320000 23.279999
v 71.199997 20.400000 21.279999
v 71.261150 20.343452 21.441536
v 71.183082 20.409066 21.874943
v 71.359999 20.560000 23.279999
v 71.200001 20.800001 23.279999
v 71.206997 21.008961 23.249716
v 71.199997 21.279999 22.799999
v 71.199996 21.439999 22.639999
v 71.040001 21.520000 20.799999
v 71.195628 21.665881 22.612631
v 71.225091 21.676863 22.265099
v 71.359997 17.520000 20.639999
v 71.360001 17.520000 21.920000
v 71.359998 17.680000 22.080000
v 71.360001 17.840000 20.160000
v 71.360001 17.840000 20.320000
v 71.360001 17.840000 22.400000
v 71.405624 18.095369 19.910535
v 71.360001 18.240000 19.920000
v 71.360001 18.000000 22.559999
v 71.360001 18.240000 22.799999
v 71.359999 18.559999 19.920000
v 71.199999 18.799999 21.600003
v 71.421008 18.776141 21.402562
v 71.360001 18.639999 21.760000
v 71.393335 18.633332 21.906667
v 71.501488 18.827657 20.905859
v 71.199997 18.799999 21.119999
v 71.419099 18.780314 21.247792
v 71.199995 19.039999 19.600000
v 71.680000 19.840000 20.719999
v 71.370417 19.884457 22.142258
v 71.040001 20.000000 20.879999
v 71.276703 20.027096 21.619057
v 71.360001 20.160000 19.760000
v 71.377419 20.247512 21.403370
v 71.360000 21.199999 20.320000
v 71.399025 21.051706 22.829268
v 71.360001 21.359999 20.640000
v 71.360001 21.520000 20.799999
v 71.360001 21.520000 22.400000
v 71.403130 21.510627 22.581773
v 71.519997 17.520000 20.640001
v 71.539238 17.356961 21.572659
v 71.601437 17.499435 20.403907
v 71.519997 17.520000 21.760000
v 71.519997 17.520000 21.920000
v 71.529409 17.896471 20.094118
v 71.519997 17.680000 22.080000
v 71.544610 18.036923 22.781538
v 71.519995 18.240000 19.760000
v 71.519996 18.240000 22.799999
v 71.519994 18.560002 19.760000
v 71.469825 18.506585 21.254990
v 71.439995 18.559999 21.600000
v 71.519995 18.480000 21.760000
v 71.612307 18.812307 19.766154
v 71.519997 18.799999 21.119999
v 71.519997 19.039999 19.600000
v 71.519997 19.039999 20.719999
v 71.360001 19.039999 23.119999
v 71.360001 19.199999 23.279999
v 71.680000 19.680000 19.600000
v 71.519997 19.680000 20.719999
v 71.240305 19.984122 19.596336
v 71.484440 19.902222 22.133333
v 71.519997 20.480000 23.119999
v 71.519994 20.640000 23.119999
v 71.615166 20.683383 22.952508
v 71.513099 20.988966 22.950343
v 71.519997 21.119999 22.799999
v 71.519997 21.199999 20.480000
v 71.519997 21.279999 22.799999
v 71.519997 21.359999 20.640000
v 71.680000 21.680000 20.959999
v 71.613088 21.510137 22.423990
v 71.611429 21.687619 22.171427
v 71.680000 17.199999 20.799999
v 71.680001 17.199999 21.119998
v 71.840001 17.039999 21.440000
v 71.680001 17.359999 20.480000
v 71.760002 17.343999 20.559998
v 71.705099 17.356861 21.734904
v 71.680000 17.680000 22.240000
v 71.532070 17.894340 22.466415
v 71.808170 18.021690 22.773979
v 71.870636 18.241702 19.742978
v 71.519997 18.400000 22.959999
v 71.687273 18.618181 21.149090
v 71.800206 18.757015 20.853382
v 71.680000 18.879999 20.879999
v 71.360001 18.879999 22.000000
v 71.768884 18.968888 20.726464
v 71.811482 19.179406 20.724752
v 71.360001 19.039999 22.160000
v 71.680000 19.359999 19.600000
v 71.710476 19.382855 20.552381
v 71.680000 19.680000 22.160000
v 71.648003 19.944000 21.544000
v 71.680000 19.920000 21.920000
v 71.519994 20.320000 19.600000
v 71.519997 20.479999 19.760000
v 71.680000 20.480000 23.119999
v 71.680000 20.799999 22.959999
v 71.680000 20.959999 22.799999
v 71.999998 21.119999 22.480000
v 71.759387 21.527329 20.831755
v 71.840000 17.199998 20.853333
v 71.871998 17.544000 20.104000
v 71.879205 17.735744 20.066399
v 71.715030 17.698981 22.454987
v 71.892112 17.926293 20.048062
v 71.839996 18.400000 19.760000
v 71.680002 18.560001 19.760000
v 71.839998 18.613332 19.600000
v 71.839996 18.480000 21.279999
v 71.839996 18.639999 21.119999
v 71.921264 18.959362 19.599822
v 71.961081 19.113513 23.124323
v 71.839999 19.359998 19.439999
v 71.839996 19.840000 19.600000
v 71.839996 19.199999 23.279999
v 71.994285 19.948571 20.839999
v 71.922960 20.284443 19.588148
v 71.839996 20.160000 21.520000
v 71.839996 20.320000 23.279999
v 71.040001 20.639999 19.760000
v 71.840000 20.799999 22.959999
v 72.000002 21.199999 20.320000
v 71.839998 20.959999 22.799999
v 72.213331 21.199999 20.480000
v 71.839996 21.359999 20.640000
v 71.934624 21.345950 22.482566
v 71.839999 21.520000 22.080003
v 72.000004 17.039998 20.906656
v 71.839999 17.039999 21.119997
v 72.160369 17.200010 20.320095
v 72.000000 17.199999 21.600000
v 71.839996 17.520000 20.320000
v 72.159996 17.359999 21.919999
v 72.020000 17.550000 20.110000
v 71.921508 18.007548 19.732830
v 72.000000 17.920000 22.480000
v 71.997095 18.018111 22.585665
v 72.000000 18.400000 19.600000
v 72.000000 18.240000 22.799999
v 72.005256 18.493715 21.789644
v 72.057479 18.637000 20.923050
v 72.000001 18.799999 20.800000
v 72.021094 18.828295 20.566687
v 72.056871 19.162111 19.431860
v 72.000000 19.199999 20.559999
v 72.000000 19.039999 22.160000
v 72.316484 19.736850 20.606300
v 72.089996 19.610002 22.170000
v 71.680000 19.680000 20.559999
v 71.839994 19.920000 21.760000
v 72.133329 19.906667 21.960000
v 72.000000 20.080000 21.600001
v 72.000000 20.320000 23.119999
v 72.000000 20.480000 22.959999
v 72.106661 21.039999 20.159999
v 72.000000 20.799999 22.799999
v 72.053332 21.359999 20.800000
v 72.027608 21.356791 22.099344
v 72.119690 21.523665 21.904123
v 72.320000 17.199999 20.319999
v 72.159997 17.760000 19.760000
v 72.159996 17.680000 22.240000
v 72.159996 17.760000 22.480000
v 72.000000 18.080000 19.600000
v 72.320003 17.920000 19.760000
v 72.159996 18.240000 19.600000
v 72.479996 18.080000 22.639999
v 72.189266 18.421464 19.434145
v 72.134151 18.338108 20.928849
v 72.028573 18.462857 21.108569
v 72.106295 18.709681 19.315090
v 72.125716 18.565712 19.457141
v 72.159996 19.039999 19.279999
v 72.233843 18.759384 20.555076
v 72.042668 19.037332 19.402665
v 72.159996 19.520000 20.559999
v 71.999998 19.840000 22.000000
v 72.000000 19.840000 19.439999
v 72.479999 19.840000 23.119999
v 72.266665 19.920000 21.760000
v 72.080002 20.159999 21.120000
v 72.000002 20.240000 21.439998
v 72.142218 20.088889 21.555558
v 72.138532 20.290732 23.125853
v 72.159996 20.480000 22.959999
v 72.159996 20.639999 22.799999
v 72.314955 20.670137 19.775274
v 72.240001 20.879999 20.000000
v 72.159998 21.039999 20.320000
v 72.159996 21.119999 22.480000
v 72.155928 21.341016 22.443389
v 72.159996 21.359999 20.639999
v 72.159996 21.520000 20.959999
v 72.320001 17.039999 20.799996
v 72.298539 17.205853 21.629268
v 72.319999 17.199999 21.919999
v 72.320000 17.760000 19.760000
v 72.418329 18.018525 19.605276
v 72.391285 18.319699 20.892134
v 72.320000 18.320000 21.119995
v 72.320000 18.320000 21.600000
v 72.167069 18.335421 21.805649
v 72.355293 18.468235 20.661175
v 72.320000 18.480000 20.799999
v 72.000001 18.879999 22.000000
v 72.320000 18.879999 20.400000
v 72.320000 19.199999 22.000000
v 71.840000 19.680001 19.439999
v 72.159996 19.199999 22.160000
v 72.294901 19.654902 22.003137
v 72.000001 20.159999 19.439999
v 72.320000 19.920000 20.799999
v 72.320000 19.920000 21.119999
v 72.320000 19.920000 21.600000
v 72.319999 20.213334 22.959999
v 72.479996 20.159999 19.439999
v 72.159996 20.799999 22.799999
v 72.320000 20.639999 22.799999
v 72.320000 20.879999 20.160000
v 72.320000 21.039999 22.400000
v 72.320000 21.199999 20.639999
v 72.400002 21.279999 22.240000
v 72.319999 21.359999 21.920000
v 72.354287 21.356189 22.049521
v 72.479998 16.879999 20.799997
v 72.320001 17.039999 21.440000
v 72.479998 16.879999 21.439999
v 72.479996 17.039999 21.760000
v 72.479996 17.199999 21.920000
v 72.530943 17.681315 19.589221
v 72.320000 17.680000 22.400000
v 72.159999 17.920000 22.639999
v 72.320001 18.240000 19.600000
v 72.479998 18.160000 21.119998
v 72.479996 18.240000 22.799999
v 72.479996 18.559999 19.439999
v 72.479996 18.320000 21.760000
v 72.725713 18.599999 22.965713
v 72.579492 18.659289 19.283838
v 72.479996 18.719999 22.000000
v 72.799995 19.039999 20.400000
v 72.479996 19.199999 19.439999
v 72.320000 19.520000 20.400000
v 72.527949 19.662052 21.981800
v 72.479996 19.760000 20.799999
v 72.479996 19.920000 21.760000
v 72.617396 19.899081 21.660188
v 72.559996 20.000000 22.959999
v 72.479996 20.480000 22.799999
v 72.561165 20.558454 22.800380
v 72.558431 20.716213 19.995969
v 72.479996 20.879999 20.160000
v 72.474281 20.842856 22.602857
v 72.320000 21.039999 20.320000
v 72.479996 21.039999 20.480000
v 72.422499 21.050556 22.266998
v 72.479996 21.039999 22.400000
v 72.639999 17.039999 20.480000
v 72.640001 16.879999 20.639999
v 72.639999 16.879999 21.119999
v 72.935175 16.882758 21.464827
v 72.751461 17.039814 20.155536
v 72.640002 17.039999 20.319997
v 72.479998 17.039999 21.600001
v 72.615606 17.230560 19.785787
v 72.606837 17.219896 20.007047
v 72.639999 17.600000 22.320000
v 72.695387 17.866676 19.586958
v 72.639999 17.920000 22.639999
v 72.639999 18.080000 22.799999
v 72.639999 18.239999 19.279999
v 72.655483 18.164086 20.931397
v 72.640001 18.160000 21.439997
v 72.479998 18.160000 21.600001
v 72.639999 18.320000 20.799999
v 72.639997 18.559999 20.559999
v 72.640000 18.719999 23.119999
v 72.565712 19.080000 19.285713
v 72.612141 19.527858 21.850715
v 72.588754 19.692247 21.699147
v 72.479996 19.840000 19.439999
v 72.799995 19.760000 20.799999
v 72.640001 19.840001 23.119999
v 72.639999 20.000000 19.439999
v 72.639999 20.160000 19.600000
v 72.533329 20.320000 22.959999
v 72.639999 20.480000 19.760000
v 72.447995 20.695999 19.784000
v 72.639999 20.639999 22.639999
v 72.630640 20.852801 22.617597
v 72.639999 20.879999 22.400000
v 72.799995 21.039999 20.320000
v 72.639999 21.039999 22.240000
v 72.640001 21.359999 20.960000
v 72.640001 21.359999 21.759999
v 72.840302 16.716336 21.104121
v 72.919243 16.884527 21.296602
v 72.799481 16.883225 20.316709
v 72.799997 16.879999 20.480001
v 72.799995 17.199999 20.000000
v 72.799995 17.039999 21.600001
v 72.797032 17.057777 21.789630
v 72.619556 17.453268 19.764718
v 72.824612 17.396922 22.301538
v 72.749781 17.938203 19.295210
v 72.857597 18.067199 20.835198
v 72.793842 18.123077 21.556923
v 72.799999 18.240000 22.799999
v 72.858895 18.274124 20.824814
v 72.799999 18.400000 22.959999
v 72.579239 18.620760 21.844051
v 72.996365 18.872724 20.381820
v 72.799995 19.359999 20.400000
v 72.799998 19.839998 22.959999
v 72.799995 19.920000 20.959999
v 72.479996 19.920000 20.959999
v 72.960001 20.159999 19.600000
v 72.799998 20.160000 22.959999
v 72.799995 20.879999 20.160000
v 72.794281 20.834285 22.462857
v 72.959999 21.039999 20.480000
v 72.479996 21.199999 22.080000
v 72.799997 21.199999 20.959999
v 72.799998 16.719999 20.639997
v 72.978394 16.876484 21.721884
v 72.948569 17.165713 19.885714
v 72.959999 17.119999 21.840000
v 73.025048 17.320540 22.021979
v 72.960003 17.440001 19.760000
v 72.639998 17.359999 22.080000
v 72.919792 17.859665 20.789142
v 72.879997 17.919999 20.959999
v 72.968550 17.858162 21.486796
v 72.960002 17.920000 22.639999
v 72.959999 18.080000 21.520000
v 72.959999 18.080000 22.799999
v 72.849997 18.289999 20.620000
v 73.041599 18.216708 21.679768
v 73.119995 18.400000 21.840000
v 72.944120 18.679696 20.563664
v 73.119995 18.719999 22.959999
v 72.959999 19.039998 20.240000
v 72.639999 19.840001 19.279999
v 72.960000 19.520000 20.400000
v 73.119995 19.840000 22.959999
v 72.787823 19.718700 20.588068
v 72.981284 19.907907 20.596211
v 72.960001 20.000002 22.959999
v 72.959999 20.160000 22.959999
v 72.479996 20.320000 19.600000
v 73.084700 20.298823 22.811764
v 72.799996 20.639999 22.480000
v 73.119995 20.879999 20.160000
v 72.959999 20.879999 20.320000
v 73.168196 21.065501 22.187221
v 72.799998 21.199999 21.760004
v 73.142560 16.717948 20.342565
v 73.119998 16.719997 20.959999
v 73.141460 16.714146 21.410730
v 73.119995 16.960001 19.920000
v 73.239368 16.883977 20.145307
v 73.599998 16.879999 21.760000
v 73.119995 16.959999 21.840000
v 73.119995 17.119999 19.920000
v 73.172544 17.122737 22.002541
v 73.119995 17.279999 19.760000
v 73.290217 17.385648 22.276954
v 72.959998 17.760000 19.439999
v 73.119996 17.760000 19.439999
v 73.119995 17.600000 22.320000
v 73.119996 17.920000 19.279999
v 73.140306 17.863201 20.584182
v 73.119995 17.840000 20.799999
v 73.119995 17.840000 21.279999
v 73.279999 17.793549 21.383224
v 73.119995 17.760000 22.480000
v 73.119997 18.080001 20.559999
v 73.119995 18.080000 22.639999
v 73.167960 18.409485 20.522788
v 74.080001 18.559999 22.799999
v 73.066423 18.574676 20.258347
v 73.097137 19.489524 21.847619
v 72.959999 19.359999 20.240000
v 73.240211 19.606156 21.685325
v 72.960001 19.840001 19.279999
v 73.119995 20.000001 19.279999
v 72.959999 19.920000 20.799999
v 73.119995 20.000000 22.799999
v 73.119997 20.159999 22.799999
v 73.200870 20.377932 19.637847
v 73.279999 20.639999 19.920000
v 73.413729 20.699166 19.949697
v 73.119996 20.639999 22.480000
v 73.119995 20.719999 20.000000
v 73.119996 20.799999 22.480000
v 72.479996 21.199999 20.639999
v 73.279999 21.199999 21.119999
v 73.279999 16.559999 20.480000
v 73.279999 16.719999 20.320000
v 73.359409 16.877710 19.842446
v 73.320000 16.866665 19.973334
v 73.279999 17.119999 19.760000
v 73.279999 17.440001 19.439999
v 73.300001 17.870000 20.589999
v 72.766725 18.111152 19.282122
v 73.376483 17.969048 20.386282
v 73.259721 18.284661 20.397076
v 73.119995 18.560001 19.279999
v 73.333331 18.400000 21.680000
v 73.279999 18.559999 19.119999
v 73.279999 18.559999 21.840000
v 73.279999 18.879998 19.119999
v 73.313207 19.278492 19.110942
v 73.279999 19.359999 21.680000
v 73.279999 19.680000 19.119999
v 73.119995 19.680000 19.279999
v 73.249619 19.969620 22.802025
v 73.372797 19.771535 21.686331
v 73.273128 19.887608 20.586012
v 73.279999 19.920000 20.799999
v 73.439995 19.920000 21.439999
v 73.279999 20.160000 22.639999
v 73.359999 20.239999 22.623999
v 73.279999 20.719999 20.160000
v 73.359997 20.879999 20.320000
v 73.259998 20.849999 22.290000
v 73.316983 21.182102 22.109864
v 73.391105 16.580755 20.296871
v 73.439995 16.559999 20.799999
v 73.439994 16.719999 21.439999
v 73.439995 16.879999 21.600000
v 73.439995 17.119999 19.760000
v 73.439995 17.440001 19.439999
v 73.599995 17.440000 19.279999
v 73.279999 17.600000 22.480000
v 73.439995 17.680000 20.639999
v 73.279999 17.680000 20.799999
v 73.459996 17.970000 21.389999
v 73.759997 18.080000 22.639999
v 73.660444 18.819554 20.236444
v 73.526150 18.769231 18.947691
v 73.439995 18.559999 21.840000
v 73.439995 19.199999 21.840000
v 73.279999 18.719999 22.799999
v 73.439995 19.359999 21.680000
v 73.439995 19.439999 20.319999
v 73.431109 19.751111 20.613335
v 73.439997 20.000000 19.279999
v 73.439997 19.760000 20.800000
v 73.439995 19.920000 20.959999
v 73.439995 20.000000 22.799999
v 73.599995 20.160000 22.480000
v 73.539338 20.435547 19.898597
v 73.555859 20.397241 22.485517
v 73.551547 20.638209 22.320388
v 73.445156 20.849032 22.291612
v 73.396170 20.904047 21.757855
v 73.439995 20.879999 21.920000
v 73.547093 21.121801 20.561909
v 73.480301 21.036335 21.135877
v 73.469265 21.034145 21.621464
v 73.439993 21.199999 20.959999
v 73.599935 16.400063 20.479999
v 73.599998 16.400000 20.799999
v 73.439995 16.559999 20.480000
v 73.599998 16.559999 21.013332
v 73.279999 16.559999 20.960001
v 73.706669 16.720000 21.600001
v 73.599998 16.959999 19.760000
v 73.599999 17.279999 19.439999
v 73.760000 17.279999 22.160000
v 73.599998 17.680000 20.799999
v 73.681509 17.670944 21.246791
v 73.279999 17.680000 21.279999
v 73.599998 17.760000 19.279999
v 73.599998 18.079998 19.279999
v 73.439995 18.240000 20.400000
v 73.728003 17.976000 21.383999
v 73.279998 18.000000 21.600001
v 73.439995 18.400000 20.240000
v 73.119993 18.240000 22.799999
v 73.760001 18.240000 22.799999
v 73.719246 18.543395 19.124527
v 73.599998 18.400000 20.240000
v 73.439998 19.199999 18.959999
v 73.599998 19.359999 21.520000
v 73.616363 19.725454 21.485455
v 73.439997 19.840001 19.119999
v 73.599998 19.439999 20.479998
v 73.599998 19.840000 22.639999
v 73.599998 20.000000 22.639999
v 73.599998 20.719999 21.920000
v 73.722298 20.912132 20.527824
v 73.599998 21.199999 20.959999
v 73.803251 16.395670 21.037838
v 73.600003 16.559999 20.160000
v 73.840000 16.559999 21.279999
v 73.760002 16.559999 21.439999
v 73.920000 16.960000 19.439999
v 73.760002 17.279999 19.439999
v 73.760000 17.440000 19.279999
v 73.760002 17.600000 19.279999
v 73.760002 17.520000 20.799999
v 73.760002 17.520000 21.119999
v 73.760002 17.760001 19.119999
v 73.760002 17.680000 20.639999
v 74.080002 17.760000 22.480000
v 73.760003 17.920000 20.400000
v 73.760002 18.080000 19.119999
v 73.880000 18.079999 20.240000
v 73.844709 18.287057 20.070588
v 73.788516 18.699406 20.075248
v 73.599998 19.199999 21.680000
v 73.933635 19.417271 20.264545
v 73.760002 19.359999 19.119999
v 73.728540 19.736356 21.495597
v 73.760002 19.520000 22.799999
v 73.840000 19.680000 22.639999
v 73.570753 19.761931 20.831107
v 74.040224 19.824972 22.642651
v 73.759999 20.000000 22.639999
v 73.760002 20.160000 22.480000
v 73.781466 20.349268 22.314146
v 73.599998 20.719999 20.160000
v 73.599998 20.879999 20.320000
v 73.760002 20.719999 20.320000
v 73.920000 20.719999 21.920000
v 73.722990 20.699478 22.299832
v 73.599999 20.879999 21.760000
v 73.760002 21.039999 20.639999
v 73.919998 16.559999 19.840000
v 73.760002 17.039999 21.920000
v 73.959919 17.064429 22.141706
v 73.920000 17.279999 19.279999
v 73.939997 17.467999 19.115999
v 74.080002 17.279998 22.160000
v 74.080002 17.520000 21.119999
v 73.952440 17.701164 20.419348
v 73.919697 17.814178 21.406032
v 73.999997 17.920000 19.119999
v 73.919998 17.920000 20.400000
v 73.919998 18.000000 21.600000
v 73.119998 18.080000 21.680000
v 73.919996 18.080000 18.959999
v 73.919996 18.560002 18.959999
v 74.400002 18.400000 20.080000
v 73.919998 18.879999 20.240000
v 73.859237 19.260757 18.964050
v 73.898534 19.490732 22.805853
v 73.919996 19.680000 18.959999
v 74.239998 19.439999 20.479999
v 73.842962 19.804443 19.108147
v 73.889809 19.755472 21.314716
v 73.919998 20.000000 22.480000
v 73.919998 20.160000 22.480000
v 74.080002 20.719999 20.160000
v 73.919998 20.719999 20.320000
v 73.892172 20.709565 22.118261
v 73.919998 21.039999 20.639999
v 74.030773 20.892307 21.673845
v 73.919998 21.039999 21.279997
v 73.920001 16.400000 20.320002
v 73.920001 16.400000 20.800002
v 74.080002 16.559999 21.439999
v 74.080000 16.559999 19.840000
v 74.079997 16.960000 19.439999
v 74.159997 16.719999 21.600000
v 74.080000 17.039999 21.920000
v 74.246527 17.098774 22.145306
v 74.145143 17.240975 19.287770
v 74.026667 17.377777 20.675557
v 73.926948 17.502193 20.846458
v 74.080002 17.359999 20.959998
v 74.080002 17.440001 22.320000
v 73.973988 17.647607 20.633128
v 73.919998 17.600000 21.199999
v 74.080002 17.760001 20.240000
v 74.080002 17.920000 20.240000
v 74.080002 17.920000 22.639999
v 74.080002 18.080000 21.680000
v 74.153044 18.361739 21.676522
v 74.160000 18.399999 22.639999
v 74.239998 18.559999 22.799999
v 74.080002 19.359999 20.080000
v 74.080002 19.359999 21.520000
v 74.100596 19.388514 22.635247
v 74.080002 19.439999 20.160000
v 74.080002 19.519999 21.359999
v 74.195552 19.608889 20.657776
v 74.172299 19.582572 21.367057
v 74.080002 20.000000 22.480000
v 74.080002 20.480000 22.160000
v 74.113710 20.567844 20.027911
v 74.060019 20.697140 22.135567
v 74.080002 20.719999 20.480000
v 74.080002 20.879999 20.639999
v 74.104831 20.877240 21.304826
v 74.239995 16.080000 20.320000
v 74.239998 16.080000 20.799998
v 74.239998 16.400000 20.000001
v 74.240000 16.400000 19.840001
v 74.080002 16.400000 21.279999
v 74.239997 16.639999 19.600000
v 74.239997 16.559999 21.439999
v 74.241909 16.929965 19.304026
v 74.079998 17.440000 19.119999
v 74.241753 17.278317 22.319984
v 74.271390 17.357194 20.510807
v 74.239998 17.359999 20.959999
v 74.239996 17.600000 20.240000
v 74.239998 17.600000 21.199999
v 74.559998 17.600000 22.480000
v 74.162756 17.964137 21.531035
v 74.239995 17.920000 22.480000
v 74.320001 18.080000 22.639999
v 74.239998 18.240000 20.080000
v 74.239998 18.559999 20.080000
v 74.319999 19.009229 20.073846
v 74.239998 19.040004 21.680000
v 74.239998 19.199999 22.799999
v 74.328188 19.652283 18.947401
v 74.239996 19.600000 20.799999
v 74.080000 19.760000 20.799999
v 74.280754 19.696604 22.475471
v 74.239994 19.839999 22.480000
v 74.240000 20.000000 22.320000
v 74.240001 20.320000 22.160000
v 74.239996 20.480000 22.000000
v 74.239998 20.559999 20.160000
v 74.239995 20.640001 22.000000
v 74.239998 20.719999 20.320000
v 74.379408 20.884752 20.668514
v 74.255873 20.716335 21.480305
v 74.400000 16.080000 20.959999
v 74.400000 16.400000 21.279999
v 74.400002 16.640000 19.600000
v 74.400002 16.719999 21.760000
v 74.400746 17.048216 19.119629
v 74.239997 16.719999 21.760000
v 74.519693 17.264121 19.123663
v 74.400002 17.199999 20.639999
v 74.400002 17.199999 20.960000
v 74.430477 17.462856 18.952380
v 74.400001 17.440000 21.199999
v 74.559998 17.440001 22.320000
v 74.239998 17.760000 19.119999
v 74.107735 17.800966 21.213242
v 74.079997 18.080000 18.959999
v 74.239995 18.240000 21.520000
v 74.438555 18.153252 18.956144
v 74.400002 18.560000 19.920000
v 74.400002 18.879999 19.920000
v 74.400002 18.559999 22.639999
v 74.377742 19.173287 21.524904
v 74.239998 19.199999 18.959999
v 74.400002 19.200000 18.799999
v 74.239998 19.199999 21.680000
v 74.400001 19.439998 21.279999
v 74.400002 19.439999 20.640000
v 74.399999 19.520000 22.639999
v 74.399998 19.840000 22.480000
v 74.400002 20.000000 22.320000
v 74.559996 20.240000 19.519999
v 74.559998 20.400000 19.680000
v 74.400002 20.480000 22.000000
v 74.645106 20.726808 21.399147
v 74.493912 20.723478 21.693916
v 74.496084 16.138417 19.653927
v 74.515996 16.116000 19.848000
v 74.559998 16.080000 20.000003
v 74.621175 16.075294 20.738822
v 74.524796 16.332799 19.622401
v 74.666669 16.240000 21.120000
v 74.559998 16.479998 19.600000
v 74.559998 16.559999 21.439999
v 74.400002 16.559999 21.600000
v 74.559995 16.719999 19.199999
v 74.636026 16.705082 19.283055
v 74.399998 16.880000 19.359995
v 74.559998 16.959999 19.119999
v 74.559999 17.359999 20.480000
v 74.635295 17.552944 20.249411
v 74.400002 17.760000 18.959999
v 74.239998 18.080000 20.240000
v 74.437815 18.006098 20.063950
v 74.399999 17.920000 22.480000
v 74.559996 18.240000 18.799999
v 74.559995 18.400000 19.920000
v 74.559998 18.239999 22.639999
v 74.690733 18.698535 21.685854
v 74.399999 19.040001 18.959999
v 74.613333 18.879999 21.520000
v 74.563807 19.417142 20.121905
v 74.559998 19.439999 21.279999
v 74.559998 19.279999 21.439999
v 74.559998 19.359999 22.639999
v 74.400002 19.520000 18.799999
v 74.559998 19.439999 20.480000
v 74.720001 19.439999 20.639999
v 74.559998 19.840000 22.320000
v 74.559996 20.000000 22.160000
v 74.559998 20.400000 22.080000
v 74.559998 20.719999 21.760000
v 74.519995 20.725713 20.554283
v 74.559996 20.719999 20.799998
v 74.559998 20.879999 20.959999
v 74.559998 20.879999 21.279999
v 74.720001 15.920000 19.840000
v 74.720001 15.920000 20.639999
v 74.726668 16.116667 19.636667
v 74.720001 16.080000 20.959999
v 74.720001 16.320000 19.439999
v 74.720002 16.479999 19.439999
v 74.720001 16.240000 21.279998
v 74.720001 16.559999 21.600001
v 74.728001 16.755999 19.155999
v 74.827706 16.722557 21.763004
v 74.720001 16.959999 18.959999
v 74.720001 17.279999 18.959999
v 74.713831 17.218147 20.608348
v 74.713848 17.224614 20.996922
v 74.719999 16.959999 22.000000
v 74.921813 17.328626 20.512877
v 74.720001 17.600000 22.320000
v 74.719999 17.759998 18.959999
v 74.509996 17.870001 20.179999
v 74.719997 17.600003 20.240000
v 74.720001 18.080000 18.959999
v 74.750188 17.885283 19.924528
v 74.743688 17.890269 21.505168
v 74.912653 17.744428 19.903295
v 74.720001 18.240000 21.520000
v 74.719999 18.400000 21.680000
v 74.720001 18.240001 22.480000
v 74.559995 19.039999 18.799999
v 74.878137 18.919069 19.947907
v 74.705322 19.253577 20.098349
v 74.680974 19.250730 21.508293
v 74.720001 19.279999 20.480000
v 74.767689 19.267885 21.297930
v 74.720001 19.359996 22.480000
v 74.773333 19.520000 22.480000
v 74.720001 19.520000 18.799999
v 74.826666 19.680000 22.320000
v 75.040000 20.240000 19.520000
v 74.773333 20.240000 19.680000
v 74.871301 20.384348 22.116522
v 74.807665 20.423468 19.873218
v 74.720001 20.400000 21.920000
v 74.720000 20.559999 20.160000
v 74.720001 20.559999 21.760000
v 74.719995 20.719999 20.320000
v 74.720001 20.719999 20.959999
v 74.983570 16.078629 19.684275
v 74.880001 16.080000 20.799999
v 74.879997 16.080000 21.119999
v 74.879995 16.240000 21.279999
v 74.867196 16.355199 19.417599
v 74.879997 16.480000 19.279999
v 74.879997 16.639999 19.279999
v 74.875553 16.522222 21.557778
v 74.975786 16.745509 21.966970
v 74.894544 16.987473 18.958383
v 74.951059 17.000850 20.562659
v 74.879995 17.039999 20.799997
v 74.883632 17.072726 21.014545
v 75.040001 16.959999 22.000000
v 74.928523 17.374424 20.077377
v 75.040001 17.600000 22.320000
v 74.879997 17.600000 18.959999
v 74.879997 17.760000 18.799999
v 74.720001 17.760000 22.480000
v 75.040001 17.760000 22.480000
v 74.839995 18.165716 18.805713
v 74.751969 17.813464 21.213237
v 74.846508 18.088320 21.379705
v 74.879994 18.240000 21.359999
v 74.879996 18.399999 21.520000
v 75.008000 18.983999 20.056000
v 75.155198 19.276801 22.486399
v 74.879996 19.359999 18.799999
v 75.039999 19.279999 20.480000
v 74.879997 19.520000 18.959999
v 74.720001 19.439999 21.119999
v 74.879997 19.840000 22.320000
v 74.879997 20.000000 22.160000
v 74.720001 19.680001 18.959999
v 75.046559 20.200656 22.145574
v 74.879997 20.400000 21.920000
v 74.720010 20.559991 21.599932
v 74.879997 20.559999 21.760000
v 75.040001 20.719999 21.119995
v 75.065453 15.916364 19.865456
v 75.009621 15.922025 20.670380
v 75.072002 16.104000 19.463999
v 75.072745 16.259439 21.489878
v 75.065092 16.429825 19.136219
v 75.007999 16.376000 19.415999
v 75.007999 16.535999 21.544000
v 75.040001 16.639999 19.119999
v 75.092770 16.562238 21.762116
v 75.040001 16.799999 18.959999
v 74.996874 16.897753 20.298811
v 75.062722 16.874751 20.777099
v 75.040001 17.039999 20.959999
v 74.970434 17.147825 20.281739
v 75.040001 17.119999 22.160000
v 75.123202 17.004798 18.793599
v 75.040002 17.279998 20.080000
v 75.199997 17.440001 21.199999
v 75.040001 17.600000 18.799999
v 74.985454 17.603637 19.792728
v 74.959999 17.600000 20.000000
v 75.044426 18.920510 19.767149
v 75.040001 18.879999 21.520000
v 75.040001 19.039998 21.359999
v 75.040003 19.359999 21.199999
v 75.199998 19.520000 18.959999
v 75.039996 19.439999 20.639999
v 75.119999 19.520000 22.320000
v 75.040001 19.680000 18.959999
v 75.146665 19.680000 22.320000
v 75.093333 19.840000 22.160000
v 75.359999 19.946667 22.160000
v 75.138397 20.273273 19.896086
v 75.040001 20.240000 21.920000
v 75.170461 20.564998 21.580612
v 75.040001 20.719999 20.639999
v 75.199995 15.759999 20.000000
v 75.199997 15.920000 19.679997
v 75.199997 15.920000 19.840000
v 75.199995 15.920000 20.959999
v 75.219998 16.110001 19.469999
v 75.199997 16.080000 21.119999
v 75.359998 16.240000 21.279999
v 75.271602 16.414417 19.133724
v 75.199999 16.320000 21.520000
v 75.268041 16.587640 19.132553
v 75.199995 16.799999 18.959999
v 75.199997 16.799999 22.000000
v 75.199997 16.959999 20.240000
v 75.199994 16.959999 22.160000
v 75.199997 17.119999 20.080000
v 75.253331 17.119999 21.039999
v 75.360001 17.279999 20.080000
v 75.199997 17.279998 21.039999
v 75.199997 17.440005 18.799999
v 75.199997 17.440001 22.320000
v 75.199994 17.600000 22.480000
v 75.519997 17.920000 22.480000
v 75.298824 18.301177 21.364705
v 75.680000 18.080000 22.480000
v 75.199998 18.400001 21.520001
v 75.199997 19.039999 18.799999
v 75.199996 18.879999 21.520000
v 75.187196 19.075199 21.337599
v 75.199999 19.199999 20.080000
v 75.359995 19.279999 20.160000
v 75.195932 19.421016 21.163388
v 75.199997 20.240000 19.680000
v 75.199997 20.240000 21.920000
v 75.192724 20.341818 21.825455
v 75.331788 20.564233 20.180807
v 75.199994 20.559999 20.639995
v 75.199995 20.559999 21.120000
v 75.360000 15.759999 19.680000
v 75.360002 15.759999 19.919997
v 75.439995 15.760000 20.399998
v 75.199994 15.759999 20.639998
v 75.439999 15.759999 20.800000
v 75.330654 16.098063 19.356653
v 75.327654 16.102613 19.167447
v 75.360000 15.920000 20.959999
v 75.360001 16.639999 18.959999
v 75.360001 16.799999 18.959999
v 75.519997 16.799999 22.000000
v 75.353045 16.911304 20.283478
v 75.360001 16.879999 20.639999
v 75.360001 17.279999 21.199999
v 75.360001 17.600001 19.760000
v 75.519997 17.600000 22.480000
v 75.519997 17.760000 19.760000
v 74.879997 17.920000 21.199999
v 75.330336 18.246292 18.653483
v 75.308386 18.394838 18.510968
v 75.360001 17.920000 19.760000
v 75.446153 18.849230 19.747692
v 75.679998 18.720000 22.480000
v 75.360001 18.879999 21.359999
v 75.320697 19.049999 18.496512
v 75.302701 19.082161 18.714594
v 75.199997 18.959999 19.840000
v 75.200001 19.199997 21.199999
v 75.445102 19.123265 21.191892
v 75.334849 19.496396 22.322993
v 75.360001 19.680000 22.160000
v 75.027203 19.875200 19.142399
v 75.519997 20.240000 19.680000
v 75.357810 20.099566 21.885247
v 75.435292 20.409411 20.028234
v 75.388516 20.395247 21.460592
v 75.433252 20.556144 20.601445
v 75.519994 15.599999 20.319997
v 75.519997 15.759999 19.680000
v 75.519997 15.759999 19.840000
v 75.519997 15.920000 20.959999
v 75.519997 16.160000 19.119999
v 75.519996 15.920000 21.119999
v 75.519997 16.320000 18.959999
v 75.519994 16.480000 18.959999
v 75.519995 16.693333 18.799999
v 75.516608 16.737682 20.273795
v 75.606148 16.707692 20.750767
v 75.519997 16.559999 21.760000
v 75.519997 16.959999 20.240000
v 75.680000 16.879999 20.959999
v 75.384617 16.916922 21.021537
v 75.641080 17.046481 18.804324
v 75.519997 17.119999 20.080000
v 75.600001 17.279999 18.639999
v 75.499995 17.329999 19.890000
v 75.618823 17.501178 22.324706
v 75.360001 17.440001 18.639999
v 75.519997 17.440001 19.760000
v 75.680000 17.600000 18.639999
v 75.593848 18.190768 18.652307
v 75.519994 17.920002 19.600000
v 75.519994 18.719999 19.600000
v 75.487996 19.143999 18.775999
v 75.515447 19.133403 20.925168
v 75.679998 19.439998 20.319999
v 75.519994 19.360000 20.879999
v 75.360001 19.439999 20.320000
v 75.680000 19.439999 20.639998
v 75.199993 19.680001 19.119999
v 75.531426 19.617143 22.211428
v 75.519997 19.840000 22.000000
v 75.519996 20.080000 19.520000
v 75.518724 20.027937 21.987301
v 75.667062 20.209375 21.812301
v 75.597111 20.239445 19.837188
v 75.513207 20.384706 21.800426
v 75.549264 20.394146 20.458535
v 75.634287 20.567619 21.196188
v 75.680000 15.599999 19.680000
v 75.680000 15.599999 19.840000
v 75.519995 15.599999 20.000000
v 75.679999 15.600000 20.586662
v 75.519997 16.080000 19.359998
v 75.680000 15.759999 20.959999
v 75.680002 15.920000 21.119999
v 75.679998 16.080000 19.199999
v 75.680000 16.160000 21.359999
v 75.680000 16.320000 18.959999
v 75.840000 16.320000 18.799999
v 75.519998 16.240000 21.440000
v 75.839996 16.559999 21.760000
v 75.712001 16.583999 21.976000
v 75.627661 16.900007 20.005547
v 75.680000 17.119999 18.799999
v 75.641738 17.147825 19.930435
v 75.647999 17.335999 19.896000
v 75.828877 17.394383 19.605491
v 75.680000 17.760000 19.600000
v 75.680000 17.920000 22.320000
v 75.659405 17.891485 21.195246
v 75.519995 18.560000 21.199999
v 75.900328 18.959999 19.819016
v 75.680000 19.119999 18.559999
v 75.668572 19.245713 20.845713
v 75.997576 19.105453 21.153938
v 75.759999 19.359999 18.799999
v 75.874715 19.329810 22.315471
v 75.786661 19.519999 18.959999
v 75.680000 19.680000 19.119999
v 75.798191 19.619138 22.013701
v 75.680000 20.080000 19.680000
v 75.680000 20.240000 21.600000
v 75.679997 20.559999 20.639999
v 75.854811 15.620740 19.478517
v 75.839994 15.759999 20.959999
v 75.871994 15.944000 21.335999
v 75.839996 16.160001 21.359999
v 75.833329 16.363333 21.556667
v 75.679999 16.639996 18.799999
v 75.839994 17.120000 18.639999
v 76.000000 16.959999 22.160000
v 76.159996 17.279999 22.320000
v 75.839994 17.600001 18.479999
v 75.862852 17.790475 21.367618
v 76.159996 17.760000 22.320000
v 75.839994 18.080001 18.480000
v 75.839994 18.080001 22.320000
v 75.969417 18.750591 19.602353
v 75.839996 18.719999 22.320000
v 76.061179 18.781174 22.315294
v 76.000000 19.119999 20.959999
v 75.680000 19.279999 20.160000
v 75.839994 19.279999 20.319997
v 75.839994 19.279999 20.639997
v 75.874091 19.561262 22.288073
v 75.893325 19.680000 18.959999
v 75.839996 19.840000 19.119999
v 75.199996 19.920000 19.359998
v 76.159996 20.080000 19.520000
v 75.839993 20.080000 21.760000
v 75.680000 20.240000 20.000000
v 75.839997 20.240000 21.600001
v 75.839994 20.400000 20.639997
v 75.839996 20.400000 21.120002
v 75.839996 20.400000 21.439999
v 76.021085 15.449214 19.470673
v 75.839996 15.599999 20.479997
v 76.000001 15.679999 19.439999
v 76.000001 15.920000 21.119999
v 76.000000 16.000000 21.359999
v 76.054302 16.156438 21.517734
v 76.000000 16.320000 18.799999
v 75.968003 16.376000 21.544000
v 75.923804 16.525716 18.632380
v 76.079523 16.403112 21.763426
v 76.000000 16.559999 21.920000
v 75.999834 16.908399 19.953144
v 76.000000 16.879999 20.160000
v 76.159996 16.799999 18.639999
v 75.839996 17.440001 18.639999
v 76.000000 18.080000 19.600000
v 76.053336 18.880000 19.600001
v 76.000000 19.199999 22.320000
v 76.000002 19.199999 20.080000
v 76.110284 19.291225 20.707865
v 76.000000 19.520000 18.799999
v 76.160000 19.359999 22.000000
v 76.009998 20.050000 21.970000
v 76.000000 20.400000 20.959999
v 76.000000 20.240000 21.439998
v 76.000000 20.400000 20.160000
v 76.320000 20.400000 20.959999
v 76.187821 15.450435 19.481738
v 76.160067 15.439929 19.839791
v 76.000000 15.440000 20.480000
v 76.159996 15.599999 20.959999
v 76.097190 15.974798 18.856014
v 76.110002 15.949998 19.059997
v 76.240030 15.920003 21.280034
v 76.127237 16.294616 18.801633
v 76.320000 16.480000 21.840000
v 76.159998 16.719999 20.160002
v 76.000000 16.719999 20.320000
v 76.000000 16.799999 22.000000
v 76.159996 16.719999 20.000000
v 76.319995 16.959999 19.600000
v 76.199533 17.431512 18.624915
v 76.159995 17.119999 22.160000
v 76.140958 17.634431 18.473113
v 76.159999 18.080000 19.439999
v 76.279694 18.224122 21.363663
v 75.520002 18.400000 18.480000
v 76.000003 18.400000 21.359999
v 76.213330 18.400000 21.199999
v 76.000000 18.559999 21.199999
v 76.159998 18.719999 19.439999
v 76.258641 18.825496 21.203839
v 76.159996 19.039999 18.480000
v 76.239998 19.040000 20.080000
v 76.159999 18.959999 20.959998
v 76.189266 18.901462 22.154146
v 76.148056 19.258506 20.109851
v 76.159998 19.119999 20.799999
v 76.159999 19.200000 22.160000
v 76.159996 19.359999 18.799999
v 76.320000 19.760000 19.039999
v 76.182853 19.714286 21.828572
v 76.320001 19.920000 19.199999
v 76.266666 20.080000 19.680001
v 76.173329 20.113333 21.713334
v 76.159996 20.240000 19.840000
v 76.239996 20.240000 20.159999
v 76.000001 20.240000 20.000000
v 76.000000 20.240000 21.119999
v 76.159996 20.400000 20.320000
v 76.320000 15.280000 19.840000
v 76.320000 15.280000 20.320001
v 76.398349 15.438560 19.361816
v 76.319999 15.599999 19.199999
v 76.320000 16.320000 18.639999
v 76.320002 16.639999 18.639999
v 76.316364 16.201818 21.558182
v 76.320000 16.853331 18.479999
v 76.347316 16.739512 19.781464
v 76.328727 16.731636 20.840727
v 76.159999 16.959999 22.000000
v 76.239998 17.279999 18.560002
v 76.320000 17.279999 22.160000
v 76.263998 17.472000 18.344000
v 76.404210 17.642106 21.208420
v 76.320002 17.760001 21.359999
v 76.320000 17.760000 22.160000
v 76.159996 17.920000 19.600000
v 76.320002 17.920002 22.320000
v 76.315247 18.058502 19.448061
v 76.381747 18.496993 19.433336
v 76.320003 18.720000 18.480000
v 76.320000 18.719999 22.320000
v 76.312293 18.940549 21.163669
v 76.320000 19.119999 20.639999
v 76.319998 19.680000 21.840000
v 76.320000 19.840000 21.680000
v 76.159996 19.920000 19.359998
v 76.399997 19.920000 19.520000
v 76.386665 19.906668 21.675556
v 76.320000 20.240000 20.000000
v 76.439999 20.245714 21.045714
v 76.469869 20.227848 21.644557
v 76.320001 20.400000 20.319999
v 76.479996 15.280000 19.680002
v 76.159996 15.440000 20.319994
v 76.320000 15.440000 20.799999
v 76.640000 15.440000 20.799999
v 76.329480 15.977510 18.809638
v 76.320000 15.599999 20.959999
v 76.557444 15.890899 18.631316
v 76.578648 15.948422 21.492475
v 76.479999 16.160000 18.639999
v 76.447995 16.216000 21.544000
v 76.551108 16.231112 18.473535
v 76.574864 16.264045 21.802425
v 76.460721 16.763371 18.481927
v 76.482422 16.574545 19.806060
v 76.488694 16.575652 20.836521
v 76.959999 16.639999 22.000000
v 76.479997 16.959999 18.320000
v 76.479998 17.279996 18.320000
v 76.479996 17.279999 19.600000
v 76.525967 17.942300 19.583434
v 76.479998 17.919999 18.320000
v 76.523887 18.795561 18.313578
v 76.479997 18.080001 19.279999
v 76.320001 17.920001 18.480000
v 76.479999 18.400000 19.279999
v 76.479997 18.719999 21.039999
v 76.510756 18.901363 21.032656
v 76.459995 19.171999 22.164000
v 76.479996 19.359999 22.000000
v 76.320000 19.520000 18.799999
v 76.479996 19.680000 21.840000
v 76.799995 19.760000 19.039999
v 76.479997 19.760000 19.199999
v 76.559998 19.920000 19.359999
v 76.479996 20.080000 19.680000
v 76.320000 20.080000 19.840000
v 76.479998 20.240000 20.320002
v 76.639999 15.120000 19.680000
v 76.519381 15.275077 20.406153
v 76.639999 15.280000 19.520000
v 76.639996 15.280000 20.639999
v 76.740371 15.417194 19.103040
v 76.639999 15.440000 19.359999
v 76.697853 15.609196 18.864735
v 76.480000 15.599999 19.199999
v 76.640002 15.920000 21.279999
v 76.644067 16.596610 19.778983
v 76.799995 16.799999 19.760000
v 77.046152 16.999383 22.004923
v 76.959999 17.119999 21.039999
v 76.658077 17.161017 19.590740
v 76.559998 17.600000 19.520000
v 76.577775 17.795556 19.306666
v 76.584548 17.943554 19.297276
v 77.280000 17.600000 22.160000
v 76.679384 17.993845 18.315077
v 76.479998 17.919999 22.160000
v 76.714893 18.679151 18.313192
v 76.799996 18.719999 19.439999
v 76.479996 18.559999 21.199999
v 76.799995 18.959999 19.680001
v 76.639999 18.959999 20.000000
v 76.724706 18.927057 21.990588
v 76.640000 19.119999 20.159999
v 76.639999 19.199999 22.000000
v 76.639999 19.680000 21.680000
v 76.640001 19.760000 19.199999
v 76.799995 19.840003 21.680000
v 76.639999 20.080000 21.120001
v 76.715289 20.249412 20.047057
v 76.899554 15.123555 19.619555
v 76.639999 15.120000 20.320000
v 76.835292 15.268235 19.221175
v 76.799997 15.280000 19.360000
v 76.799996 15.440000 20.959999
v 76.799996 15.920000 21.439999
v 76.794836 16.430968 19.785805
v 76.799995 16.400000 20.480000
v 76.640002 16.559999 20.479999
v 76.799996 16.586667 18.479999
v 76.794414 16.532093 20.599069
v 76.796591 16.580425 20.847659
v 76.639998 16.959999 18.320000
v 76.799995 16.959999 19.600000
v 76.944121 17.160305 22.163664
v 76.810807 17.225001 19.295512
v 76.799998 17.599999 19.279999
v 76.799997 18.080000 18.160000
v 76.959999 18.240000 19.279999
v 76.799997 18.560000 18.160000
v 76.799995 18.559999 21.199999
v 76.800000 18.719999 22.160000
v 76.799995 18.959999 20.799999
v 76.640002 19.119999 20.799999
v 76.799999 19.039999 22.000000
v 76.879997 19.199999 21.840000
v 76.639999 19.520000 21.840000
v 76.799996 19.600000 18.879999
v 76.797032 19.650371 21.697778
v 76.799995 19.920000 19.520000
v 76.639999 19.920000 19.680000
v 76.639999 20.080000 19.840000
v 76.799996 20.080000 21.333332
v 76.799995 20.240000 20.800003
v 76.959999 15.120000 19.359999
v 76.799995 15.280000 19.520000
v 76.990380 15.117975 20.289622
v 76.960000 15.280000 20.639999
v 76.995555 15.457777 18.826666
v 76.959999 15.440000 20.799999
v 77.119995 15.440000 20.959999
v 76.959997 15.839999 18.639999
v 76.959999 16.160000 18.480000
v 76.959999 16.320000 18.480000
v 76.959999 16.533332 18.320000
v 76.981851 16.415810 19.628012
v 76.959048 16.720854 19.599886
v 76.954838 16.689032 20.588387
v 76.956363 16.738181 20.832726
v 76.320000 17.760000 18.320000
v 77.119995 17.119999 19.279999
v 76.960000 17.760003 19.279999
v 77.047994 18.008001 18.168000
v 77.114453 18.590497 18.177376
v 77.099401 18.588515 19.444751
v 76.959995 18.719999 22.160000
v 76.639998 19.039999 18.480000
v 76.799997 18.959999 20.159999
v 76.960002 19.039999 22.000000
v 76.959999 19.600000 19.039999
v 76.948645 19.626128 21.555994
v 76.959999 19.760000 19.199999
v 76.799995 19.760000 19.359998
v 76.949665 19.891758 21.499392
v 76.985945 19.915676 21.305944
v 76.959999 20.080000 20.160000
v 76.959999 20.080000 20.799995
v 77.119997 14.960000 19.680000
v 77.119997 14.960000 20.160001
v 77.119995 15.120000 19.359999
v 77.119995 15.120000 19.520000
v 77.119995 15.440000 19.039999
v 76.959998 15.280000 20.480000
v 77.199996 15.279999 20.799999
v 77.130465 15.474392 18.828411
v 77.237602 15.683085 18.639743
v 76.960000 16.000000 18.639999
v 77.119996 15.599999 21.119999
v 77.171878 15.997223 18.483187
v 77.119996 16.159999 18.320000
v 77.119995 15.840000 21.359999
v 77.163167 16.242280 18.315135
v 77.150764 16.403077 19.646154
v 77.199994 16.639999 21.840000
v 77.119998 16.639999 19.439999
v 76.960002 16.480000 21.840000
v 77.095669 16.831314 19.444263
v 77.255385 16.701538 20.596923
v 77.197237 16.844138 22.005517
v 77.040001 16.959999 19.520000
v 77.119995 16.960000 18.320000
v 77.279996 17.440001 21.039999
v 77.119998 17.280001 22.000000
v 76.959996 17.279999 21.199999
v 77.119995 17.600000 19.279999
v 77.279999 17.600000 21.199999
v 77.119995 17.760000 19.119999
v 76.959999 18.559999 21.039999
v 76.959999 18.400000 21.199999
v 77.313295 18.900326 18.315870
v 76.997647 18.945881 19.468234
v 76.799997 18.719999 21.039999
v 77.173327 19.040000 21.840000
v 76.935316 19.568941 21.823792
v 77.138458 19.646154 21.535385
v 77.119995 19.920000 19.520000
v 77.579999 20.084000 20.612001
v 77.181750 20.074386 20.701754
v 77.279999 14.960000 19.359999
v 77.258536 15.125853 20.349267
v 77.279999 15.120000 19.199999
v 77.279994 15.120000 20.639999
v 77.283550 15.306743 18.823796
v 77.279999 15.280000 19.039999
v 77.279999 15.520000 18.799999
v 77.520002 15.359999 20.879999
v 77.279999 15.839999 18.480000
v 77.407782 16.418467 19.467825
v 77.439995 16.400000 20.320000
v 77.279999 16.799999 19.439999
v 77.279999 16.959998 18.160000
v 77.279999 16.959999 19.279999
v 77.308235 17.364704 18.150588
v 77.351111 17.031109 19.113534
v 77.279999 17.600000 19.119999
v 77.119997 17.760001 18.320000
v 77.279999 17.919999 18.000000
v 77.119998 18.240000 19.119999
v 77.119994 18.400000 19.279999
v 77.279999 18.400000 22.160000
v 77.329662 18.632711 18.004651
v 77.301463 18.690730 19.274145
v 77.305917 18.689360 18.300052
v 77.279999 18.799999 20.959999
v 77.353844 18.955076 20.359383
v 77.279999 18.959999 20.799999
v 77.280000 19.439999 18.719999
v 77.279999 19.520000 21.520000
v 77.279999 19.600000 18.880000
v 77.119995 19.760000 19.359998
v 77.279999 19.760000 19.520000
v 77.279999 19.920000 19.680000
v 77.439997 14.799999 19.520000
v 77.280001 14.960000 19.519999
v 77.280000 14.960000 20.160001
v 77.439997 14.799999 20.160000
v 77.439995 14.960000 19.359999
v 77.439998 14.960000 20.320002
v 77.530217 14.949709 20.589889
v 77.446663 15.316666 18.836666
v 77.439995 15.120000 19.039999
v 77.439995 15.120000 19.199999
v 77.439995 15.120000 20.639999
v 77.439995 15.520000 18.639999
v 77.600000 15.599999 21.119999
v 77.304615 15.618461 21.323076
v 77.439995 15.679999 18.639999
v 77.439995 16.640002 18.320000
v 77.439994 16.480000 20.559999
v 77.599998 16.320000 21.840000
v 77.439997 16.639999 19.439999
v 77.439995 16.719999 20.799999
v 77.455025 16.920219 21.837348
v 77.879807 17.104724 19.123486
v 77.439996 17.439999 18.000000
v 77.439997 17.600002 22.000000
v 77.439995 18.080000 19.119999
v 77.439997 18.399997 22.000000
v 77.600001 18.240000 19.119999
v 77.599998 18.400000 19.279999
v 77.599998 18.400000 21.199999
v 77.445156 18.769031 21.011612
v 77.279997 18.879999 22.000000
v 77.439995 18.799999 19.359998
v 77.439998 18.799999 20.479999
v 77.439997 18.799999 20.800000
v 77.425634 18.986668 18.453144
v 77.439995 18.959999 19.520000
v 77.439995 18.959999 19.840000
v 76.320000 19.199998 18.480000
v 77.599998 19.439999 18.719999
v 77.279998 19.359999 21.680000
v 77.439994 19.439999 18.879998
v 77.439995 19.600000 19.039999
v 77.279999 19.920000 20.799999
v 77.279999 19.920000 20.959995
v 77.439995 20.080000 19.840000
v 77.672001 14.799570 19.452146
v 77.600001 14.799999 19.840002
v 77.599998 14.799999 20.319999
v 77.599998 15.200000 20.879999
v 77.565150 15.597361 18.599494
v 77.469243 15.800044 18.471937
v 77.599998 15.839999 18.320000
v 77.439995 16.160002 18.320000
v 77.599998 16.160000 18.160000
v 77.631755 16.232672 19.919391
v 77.671110 16.233535 20.408890
v 77.599998 16.639999 18.160000
v 77.611427 16.434285 20.525714
v 77.661752 16.738247 21.834386
v 77.638916 16.873512 18.155676
v 77.759995 16.959999 19.119999
v 77.599997 16.879999 20.959999
v 77.439995 17.440006 19.119999
v 78.064973 17.159778 22.002652
v 77.599998 17.600000 21.199999
v 77.599998 18.080000 18.959999
v 77.660756 18.300760 21.995949
v 77.603549 18.606215 21.010614
v 77.567999 18.775999 19.303999
v 77.599998 18.639999 20.799999
v 77.759995 18.560000 21.840000
v 77.599998 18.799999 19.520000
v 77.599998 18.799999 19.840000
v 77.599998 18.799999 20.639999
v 77.599998 18.959999 18.240000
v 77.599998 18.959999 20.000000
v 77.596961 19.244556 18.515442
v 77.439995 19.199999 21.680000
v 77.759994 19.520000 21.520000
v 77.759995 19.600000 19.039999
v 77.439995 19.760000 19.199999
v 77.924771 19.723736 21.498049
v 77.439999 19.760000 21.439999
v 77.599998 19.920000 19.840000
v 77.698243 19.925614 20.738246
v 77.919998 14.799999 20.320000
v 77.600001 15.120000 19.039999
v 77.739997 15.410000 18.609999
v 77.759994 15.200000 20.879999
v 77.860923 15.597259 18.329627
v 77.762410 16.116784 19.459527
v 77.789266 16.074147 19.818538
v 77.759997 16.319998 21.680000
v 77.599998 16.639999 20.719999
v 77.759997 16.639999 21.680000
v 77.836011 16.579773 19.447345
v 77.759996 16.959999 18.000000
v 77.784611 16.861538 20.756922
v 77.719997 17.365712 18.005715
v 77.684705 17.327056 18.950587
v 77.439997 17.759998 18.000000
v 77.721443 17.513253 21.043854
v 78.080002 17.700000 18.959999
v 78.300758 17.820760 21.995949
v 77.800846 17.994894 17.993191
v 77.834281 18.519999 17.994286
v 77.919998 18.080000 18.959999
v 77.759995 18.400000 19.119999
v 77.759997 18.399999 21.039999
v 77.759996 18.399999 21.840000
v 77.724438 18.622222 21.013332
v 77.759994 18.560000 19.279999
v 77.936053 18.685549 20.738395
v 77.759998 19.039999 21.840000
v 77.919998 18.799999 19.840000
v 78.005715 18.805714 20.439999
v 77.759995 19.359999 21.680000
v 77.759995 19.439999 18.879999
v 77.599998 19.600000 19.199999
v 77.439995 19.920000 19.680000
v 77.788511 19.915248 20.500594
v 77.440015 19.919998 21.280001
v 77.599998 20.080000 20.000000
v 77.878833 14.672287 19.016906
v 77.789469 14.787367 19.183161
v 77.919998 14.639999 19.359999
v 77.759996 14.639999 19.520000
v 77.759995 14.639999 19.839997
v 77.888919 14.915947 18.962176
v 78.240002 14.799999 20.480000
v 77.919998 14.960000 20.479999
v 78.081862 14.999070 20.680930
v 77.759995 15.599999 21.279999
v 78.080002 15.520000 21.199999
v 78.080002 15.679999 18.160000
v 77.599998 16.159999 21.680000
v 78.080002 16.160000 21.680000
v 77.958261 16.292173 19.429564
v 78.063160 16.197895 20.421052
v 77.989565 16.782608 19.067824
v 78.063159 16.922104 20.858947
v 77.888000 16.903999 21.015999
v 78.080002 16.959999 21.840000
v 77.960758 18.096604 17.835471
v 77.919998 18.400000 17.840000
v 77.919998 18.240000 19.119999
v 77.915674 18.451891 19.158918
v 77.917552 18.321928 21.041852
v 77.839992 18.799999 19.519999
v 77.919998 18.959999 20.320000
v 77.839995 19.199999 21.680000
v 77.919998 19.359999 21.520000
v 77.919999 19.600000 19.199999
v 77.958260 19.492174 21.509565
v 77.599998 19.760000 19.359999
v 78.240001 19.760000 20.639999
v 77.919998 19.920000 19.840000
v 77.919998 20.080000 20.000000
v 77.919998 20.080000 20.320000
v 78.258819 14.644705 19.016470
v 78.080002 14.639999 20.000005
v 78.048002 14.936000 18.935999
v 78.119027 14.989268 18.651707
v 77.875559 15.422439 18.619948
v 78.161317 15.283763 20.963770
v 78.082463 15.466808 18.192890
v 78.094627 16.096765 19.476838
v 77.920002 16.240000 20.320001
v 78.131290 16.449850 18.142510
v 77.994563 16.499872 19.071427
v 77.919998 16.799999 18.160000
v 78.017180 16.890192 18.009730
v 78.104783 16.726495 18.951208
v 78.499552 16.700443 21.683556
v 78.080002 17.119999 18.959999
v 78.080002 17.920000 18.000000
v 78.080002 18.240000 18.959999
v 78.080002 18.239997 20.879999
v 78.076192 18.438095 18.982856
v 78.080002 18.400000 20.879999
v 78.339241 18.339239 21.844051
v 78.133334 18.559999 20.719999
v 78.080002 18.639999 19.520000
v 77.919998 18.959999 20.000000
v 78.080002 18.799999 20.000000
v 78.453332 18.560000 21.680000
v 78.720000 19.279999 18.559999
v 77.759995 19.279999 18.719999
v 77.919997 19.439999 19.039998
v 78.080002 19.359998 21.520000
v 77.972607 19.755435 21.201622
v 78.080002 19.920000 20.000000
v 78.080000 14.639999 19.520001
v 78.239996 14.480000 19.520001
v 78.308566 14.472381 20.091426
v 78.346664 14.640000 20.320000
v 78.267878 14.819488 20.693243
v 78.232799 15.044607 18.635177
v 78.239998 15.040000 20.719999
v 78.281783 15.393652 18.297590
v 78.271995 15.304000 21.175999
v 78.400001 15.520000 18.160000
v 78.879997 15.679999 21.359999
v 78.079999 15.839996 18.160000
v 78.247615 15.935239 19.474285
v 78.239720 15.933693 20.351093
v 78.159996 16.160000 18.080000
v 78.239995 16.160000 21.520000
v 78.177774 16.355555 17.866667
v 78.240000 16.320000 21.680000
v 78.141618 16.636758 17.944867
v 78.239998 16.799999 18.000000
v 78.380002 16.828000 21.844000
v 78.399999 17.279999 20.879999
v 78.255381 17.240000 21.836923
v 78.239998 17.440001 18.000000
v 78.400002 17.440000 21.039999
v 78.240000 17.440000 22.000000
v 78.080000 17.599998 18.000000
v 78.239998 17.600000 17.840000
v 78.239998 18.240000 22.000000
v 78.240000 18.400000 18.959999
v 78.218534 18.370731 20.885853
v 78.239998 18.559999 18.000000
v 77.919998 18.639999 19.359999
v 77.439995 18.719999 18.000000
v 78.080002 18.799999 19.680000
v 78.200000 18.779999 20.699999
v 78.270617 18.799500 21.674194
v 78.289789 19.211310 21.648038
v 78.239998 19.279999 18.719999
v 78.239998 19.439999 18.879999
v 78.239998 19.760000 21.119999
v 78.371998 19.924000 20.459999
v 78.407272 14.642909 18.859637
v 78.400002 14.639999 19.199999
v 78.400002 14.880000 18.639999
v 78.559998 14.799999 20.480000
v 78.447813 15.143206 18.339111
v 78.368000 15.096000 18.615999
v 78.400002 15.280000 21.119999
v 78.400002 15.679999 18.000000
v 78.399999 16.160002 17.840000
v 78.764946 16.154382 19.424155
v 78.645106 16.200851 21.526809
v 78.327286 16.727761 17.837671
v 78.411942 16.429850 18.981492
v 78.400002 16.480000 20.559999
v 78.400002 16.639999 20.719999
v 78.501826 16.738154 18.802469
v 78.759386 17.193844 18.795076
v 78.239995 16.800000 18.799999
v 78.400002 17.920000 20.879999
v 78.559998 17.760000 18.799999
v 78.239998 18.400000 17.840000
v 78.239996 18.240000 18.799999
v 78.420002 18.268000 20.715999
v 78.399999 18.639999 19.520000
v 78.473843 18.812307 19.729230
v 78.400000 18.799999 20.400003
v 78.440287 18.894204 21.516971
v 78.377412 19.039058 21.528471
v 78.348941 19.181141 21.394455
v 78.369271 19.368937 21.370232
v 78.400001 19.439999 19.039998
v 78.434289 19.588571 20.982857
v 78.400002 19.760000 20.799999
v 78.400002 19.600000 21.119999
v 78.400002 19.760000 19.359999
v 78.506665 19.760000 19.520000
v 78.486150 19.764923 20.600616
v 78.400002 19.920000 19.680000
v 78.565787 14.508742 18.823001
v 78.559998 14.480000 19.040002
v 78.559997 14.480000 19.200002
v 78.559998 14.480000 20.000000
v 78.559998 14.880000 18.639999
v 78.559998 14.719999 18.799999
v 78.579997 15.150000 18.350000
v 78.720001 15.360000 21.199999
v 78.559996 15.360000 18.160000
v 78.666663 15.520000 18.000000
v 78.879997 15.520000 21.199999
v 78.400002 15.839999 17.840000
v 78.491425 15.906939 19.572246
v 78.576430 15.751556 20.118292
v 78.400000 15.920000 20.160003
v 78.559998 16.000000 20.400000
v 78.080003 16.000001 21.520000
v 78.559998 16.320000 20.559999
v 78.544119 16.360305 21.683664
v 78.565698 16.422986 18.825139
v 78.559995 16.480000 20.719999
v 79.040001 16.799999 20.719999
v 78.559995 16.959999 21.680000
v 78.720001 17.279998 20.879999
v 78.720001 17.279999 21.840000
v 78.720001 17.440000 21.039999
v 78.439999 17.674285 17.834286
v 78.400000 17.760000 21.039999
v 78.805103 17.879152 20.886807
v 78.400002 17.920000 21.840000
v 78.473252 18.361445 17.836145
v 78.637240 18.195861 18.788965
v 78.540429 18.372374 21.843453
v 78.400002 18.559999 17.840000
v 79.917837 18.644324 19.403243
v 78.559995 18.639999 20.320001
v 78.559998 18.639999 20.480000
v 78.400002 18.719999 18.000000
v 78.559998 18.799999 20.160000
v 78.720001 19.119999 18.400000
v 78.400002 19.439999 21.279999
v 78.400001 19.600000 19.199999
v 78.559997 19.600000 19.359998
v 78.559995 19.760000 19.680000
v 78.720001 19.760000 20.799999
v 78.720001 14.320000 19.039999
v 78.720001 14.320000 20.000000
v 78.740001 14.510000 18.829999
v 78.720002 14.480000 20.160000
v 78.720001 14.639999 20.480000
v 78.880000 15.040000 18.160000
v 78.720001 14.799999 20.639999
v 78.720001 15.360000 18.160000
v 78.720002 15.120000 20.959999
v 78.635158 15.689615 19.564818
v 78.720001 15.599999 20.000000
v 78.694342 15.852075 19.453584
v 78.562903 15.865666 20.258111
v 78.720001 16.160000 20.400000
v 78.782974 16.389788 19.176171
v 78.400002 17.440001 17.840000
v 78.720000 17.440000 22.000000
v 78.719998 17.600002 18.799999
v 78.559998 17.760000 17.680000
v 78.720001 17.760000 22.000000
v 78.879997 17.760000 17.680000
v 78.720001 17.760001 18.639999
v 78.720003 17.920000 21.840000
v 78.720001 18.080000 18.639999
v 78.559995 18.240000 17.680000
v 78.720001 18.293332 21.680000
v 79.679997 18.480000 19.039999
v 78.720001 18.639999 19.840000
v 78.719997 19.039999 21.520000
v 78.400002 19.279999 18.879999
v 78.559994 19.439999 21.119999
v 78.827921 14.330860 18.741818
v 78.839996 14.333333 18.906664
v 78.879997 14.480000 20.320000
v 78.826162 14.739146 18.504383
v 78.879995 14.639999 20.480000
v 79.039996 15.040000 18.160000
v 79.199997 15.120000 20.959999
v 78.879997 15.520000 18.000000
v 78.790906 15.536362 19.405452
v 78.879995 15.440000 19.679999
v 78.827890 15.680343 19.317823
v 78.879997 15.599999 19.840000
v 78.879997 15.599999 20.000000
v 78.828382 15.834838 19.150967
v 78.799710 16.037254 20.251488
v 78.903930 15.834081 17.832078
v 78.898344 16.440766 18.804318
v 78.860575 16.382384 19.103577
v 78.720001 16.480000 21.520000
v 78.879997 16.639999 18.799999
v 78.880000 17.600000 17.840000
v 79.446150 16.999383 21.684923
v 78.879996 17.279999 18.639999
v 78.879996 17.440004 20.879999
v 78.879995 17.600003 18.639999
v 78.719999 17.760001 21.039999
v 78.879995 17.439998 21.840000
v 78.879994 17.760001 21.840000
v 78.917142 18.220000 17.677143
v 79.123809 18.053333 18.632380
v 78.879997 18.400000 17.840000
v 78.879997 18.400000 20.719999
v 78.933334 18.559999 21.520001
v 78.720001 18.639999 20.160000
v 78.879997 18.639999 20.480000
v 79.040000 18.719999 21.520000
v 78.719998 19.199998 21.359999
v 79.073466 19.168976 21.357550
v 79.065961 19.421727 21.307149
v 78.879997 19.600000 19.199999
v 78.879998 19.600000 19.359999
v 78.933371 19.601975 20.798126
v 78.879997 19.760000 19.520000
v 78.999244 19.764529 20.623395
v 78.939431 14.319194 18.939204
v 79.107505 14.150971 19.768517
v 78.879997 14.320000 19.679995
v 79.119564 14.320002 19.999544
v 79.039999 14.480000 20.160000
v 79.039999 14.719999 18.480000
v 79.040001 15.200000 18.000000
v 78.915550 15.146667 21.182221
v 79.040001 15.360000 18.000000
v 78.995096 15.545291 17.854968
v 79.040345 15.439467 19.946383
v 79.499402 15.228515 21.204751
v 78.993466 15.668014 17.708875
v 78.931612 15.685161 17.969032
v 79.039998 15.679999 19.279999
v 78.880000 15.839999 20.240000
v 79.040001 15.679999 21.199999
v 79.040001 15.839999 21.359999
v 79.039996 15.839999 19.119999
v 79.036363 16.054546 20.272727
v 79.064617 16.098461 20.523076
v 78.945413 16.344917 18.770804
v 79.040001 16.240000 19.039997
v 79.036024 16.687615 18.671756
v 79.040001 16.799995 17.680000
v 79.091608 17.125160 18.769034
v 79.040000 16.959999 20.879999
v 79.156754 17.677840 21.844324
v 79.074282 17.274285 18.622858
v 79.119999 17.680002 17.520000
v 79.119998 17.920000 21.680000
v 79.040001 18.080000 20.879999
v 79.466668 18.079999 21.680000
v 79.116799 18.195201 20.726399
v 79.040001 18.400000 17.680000
v 79.040001 18.559999 17.840000
v 79.040001 18.639999 20.320000
v 79.119992 18.880123 21.359876
v 78.879996 19.119999 18.559999
v 78.879997 19.279999 18.719999
v 79.040001 19.439999 19.199998
v 79.076187 19.431645 21.102220
v 79.040001 19.760000 19.680001
v 79.199997 14.320000 18.879999
v 79.298245 14.165614 18.978244
v 79.040001 14.160000 19.039999
v 79.199997 14.320000 18.719999
v 79.199995 14.320000 20.160000
v 79.172171 14.758260 18.309565
v 79.199997 14.480000 20.320000
v 79.289571 15.094136 17.827027
v 79.199994 15.360001 17.840000
v 79.218821 15.444705 19.336469
v 79.199997 15.440000 19.520004
v 79.199997 15.440000 19.840000
v 79.079998 15.754286 20.245714
v 79.240753 15.856603 20.404528
v 79.181930 16.025806 19.112257
v 79.201699 16.030638 20.417021
v 79.360001 16.480000 17.680000
v 79.360001 16.480000 21.520000
v 79.344122 16.680305 21.683664
v 79.147928 16.832494 18.497862
v 79.360001 17.119999 21.840000
v 79.199997 18.240000 20.719999
v 79.039996 18.400000 21.680000
v 79.386666 18.440000 17.533334
v 79.219997 18.450000 17.710000
v 79.199997 18.559999 20.400000
v 79.200001 18.719999 21.520000
v 80.159998 19.279999 18.879999
v 79.199994 19.600000 19.679999
v 79.199995 19.600000 20.639998
v 79.257749 19.567972 20.976483
v 79.360001 14.160000 18.719999
v 79.360001 14.160000 19.680000
v 79.199997 14.559999 18.480000
v 79.360001 14.320000 18.559999
v 79.314587 14.777431 18.303431
v 79.360001 14.799999 18.080000
v 79.439999 14.988800 21.011199
v 79.360001 15.120000 21.119999
v 79.376366 15.270908 19.794546
v 79.360001 15.520000 17.840000
v 79.414531 15.440303 19.201969
v 79.360001 15.440000 20.000000
v 79.359998 15.679999 20.240000
v 79.360001 16.080000 18.879999
v 79.501323 16.062893 19.092182
v 79.720847 16.245105 21.513192
v 79.359999 16.240000 18.719999
v 78.879997 16.320000 20.559999
v 79.479243 16.463396 18.644528
v 79.413333 16.639999 18.480000
v 79.199994 16.960000 20.719999
v 79.199997 16.800002 17.520000
v 79.755788 17.237893 18.471578
v 79.359998 17.440002 21.840000
v 79.360000 17.653336 21.680000
v 79.199995 17.920000 18.480000
v 79.920003 17.760000 21.680000
v 79.413334 18.239999 21.520000
v 79.413333 18.400000 20.400000
v 79.599998 18.400000 21.520000
v 79.839998 18.480000 19.199999
v 79.249999 19.339999 21.009998
v 79.360001 18.879999 21.359999
v 78.879998 19.439999 19.039999
v 79.234284 19.596191 20.769526
v 79.519999 19.600000 20.480000
v 79.359998 14.160000 19.200001
v 79.519994 14.000000 19.200000
v 79.519995 14.000000 19.679999
v 79.519997 14.160000 18.719999
v 79.519997 14.160000 19.039999
v 79.527708 14.174458 19.862169
v 79.603093 14.348613 18.355147
v 79.519997 14.320000 18.559999
v 79.665228 14.293198 19.946409
v 79.526150 14.836923 18.036923
v 79.400849 15.274893 17.833192
v 79.435421 15.210499 19.402475
v 79.519997 15.360000 17.680000
v 79.480887 15.606406 17.684503
v 79.680000 15.520000 19.119999
v 79.680001 16.000001 21.520000
v 79.545946 16.322060 18.627241
v 79.539994 16.772001 21.516001
v 79.519997 17.279999 17.520000
v 79.519994 17.440003 21.680000
v 79.519997 17.600000 17.520000
v 79.040001 18.080000 17.520000
v 79.588574 17.972246 18.493061
v 79.519998 18.160000 18.719999
v 79.519997 18.160000 20.639999
v 79.680002 18.320000 18.879999
v 79.525851 18.604878 20.378536
v 79.519999 18.559999 21.359999
v 79.594891 18.633191 20.040852
v 79.519997 18.879999 21.359999
v 79.679999 19.119999 18.400000
v 79.626666 19.199998 21.039999
v 79.360001 19.439999 20.799999
v 79.040001 19.600000 19.359998
v 79.680000 14.000000 18.719999
v 79.680000 14.000000 19.039999
v 79.727502 14.087152 19.925486
v 79.668572 14.445714 18.285714
v 79.749848 14.665008 17.970905
v 79.680000 14.880000 18.000000
v 79.680002 15.040000 17.840000
v 79.199997 14.960000 20.799999
v 79.648001 14.984000 21.015999
v 79.519995 15.120000 19.680000
v 79.700001 15.331999 21.035999
v 79.733949 15.349351 19.264284
v 79.839996 15.440000 20.000000
v 79.550186 15.444528 20.194717
v 79.711538 15.463591 20.375573
v 79.360001 16.159995 17.680000
v 79.671866 15.893678 19.103589
v 79.519995 16.160003 17.520000
v 79.642940 15.936984 18.545399
v 79.549089 16.058181 18.890181
v 79.695385 16.519998 18.476923
v 79.519994 16.480000 17.520000
v 79.679999 17.066665 17.520000
v 79.680001 17.280000 17.359999
v 79.679998 16.959999 21.680000
v 79.959243 17.583396 18.484528
v 79.680000 17.600000 17.359999
v 79.754284 18.200000 17.514286
v 79.679997 18.160000 18.719999
v 79.715557 18.177778 20.426666
v 79.839996 18.240000 21.520000
v 79.680000 18.480000 20.160000
v 79.680000 18.480000 20.320000
v 79.679999 18.559999 21.359999
v 79.680000 18.719999 21.359999
v 79.733334 19.039999 21.039999
v 79.680002 19.359999 20.879999
v 79.839997 19.600000 19.359998
v 79.519993 19.439999 20.640000
v 79.839996 14.000000 18.879999
v 79.839996 14.000000 19.359994
v 79.839996 14.000000 18.719999
v 79.889254 14.467304 18.218869
v 79.839996 14.320000 20.160000
v 79.861457 14.749267 17.834146
v 80.079996 14.639999 20.480000
v 79.839993 14.960000 20.799999
v 79.679996 15.360000 17.680000
v 79.915431 15.125206 19.315619
v 79.839997 15.280000 19.840000
v 79.784866 15.375179 18.990387
v 79.819464 15.525664 18.974866
v 79.947121 15.907115 18.599251
v 79.902824 15.887135 18.874107
v 79.860588 16.131486 21.355246
v 79.817139 16.182857 20.565274
v 79.839996 16.799999 17.520000
v 79.880751 16.656604 18.315471
v 79.868509 17.099404 18.315247
v 79.839996 17.013331 17.359998
v 79.839996 17.440001 17.359999
v 80.000000 17.279999 18.480000
v 80.131481 17.300592 21.684753
v 79.887053 17.835294 17.350587
v 79.880749 17.776605 18.315471
v 79.906339 17.666343 20.716097
v 79.679999 17.759999 17.520000
v 79.860709 18.131721 20.684644
v 79.839995 17.920000 21.520000
v 79.839994 18.080000 18.320000
v 79.839996 18.160000 18.559999
v 79.923066 18.180352 20.406752
v 79.889313 18.123835 20.494246
v 79.839996 18.320000 19.039999
v 79.865451 18.425453 21.356362
v 79.680000 18.959999 18.240000
v 79.839996 18.879999 21.199999
v 79.839995 18.959999 18.400000
v 79.839996 19.119999 18.559999
v 79.893330 19.199999 20.879999
v 79.996066 19.416392 20.855081
v 79.972412 19.441838 20.625286
v 79.840000 19.600000 20.480000
v 80.000000 13.840000 18.879999
v 80.000000 13.840000 19.360001
v 79.949998 14.190001 18.420000
v 80.100522 13.977576 18.462631
v 80.000000 14.000000 18.719999
v 79.944658 14.181956 18.263630
v 80.000000 14.400000 18.000000
v 80.000000 14.559999 18.000000
v 80.000002 14.720001 17.840000
v 80.000000 14.879994 17.840000
v 80.009045 15.129339 18.998022
v 80.061330 15.481146 17.660468
v 79.941714 15.540493 18.660459
v 79.919998 15.520000 18.879999
v 80.160000 15.440000 20.320000
v 79.955293 15.828234 18.665882
v 79.939801 16.060199 20.403168
v 79.680000 15.839999 21.359999
v 79.917631 16.082715 17.520504
v 80.000001 16.159999 17.359999
v 80.000000 16.480000 18.480000
v 80.000000 16.480000 20.559999
v 80.160002 16.799999 20.559999
v 80.000000 16.799999 17.359999
v 79.680003 16.480000 20.719999
v 80.000000 17.226667 17.359999
v 80.053331 17.119999 21.520001
v 80.000000 17.439999 17.199999
v 80.000000 17.760000 17.199999
v 79.947240 17.905537 20.434212
v 79.839995 18.080000 17.359999
v 80.159996 18.320000 19.039999
v 79.984124 18.359696 20.403664
v 80.000003 18.480000 17.760000
v 79.839997 18.480000 20.160000
v 80.019313 18.587721 21.196950
v 80.000000 18.639999 19.840000
v 80.065583 18.923484 21.175799
v 79.839998 19.439999 19.199998
v 80.291999 19.604000 20.140000
v 80.188514 13.835248 18.580593
v 80.159998 13.840000 18.720001
v 80.159996 14.160000 18.240000
v 80.159996 14.400000 18.000000
v 80.159996 14.480000 20.320000
v 80.181461 14.749267 17.674147
v 80.182854 14.668571 20.691428
v 80.000000 14.880000 20.719999
v 80.320000 15.039997 17.680000
v 80.167271 15.258181 18.909090
v 80.159996 15.120000 19.680000
v 80.034718 15.329813 17.675472
v 80.159996 15.360000 17.520000
v 80.182559 15.382565 18.637948
v 80.143392 15.284528 19.880755
v 80.239997 15.280000 20.160000
v 80.107569 15.519171 17.393278
v 80.022171 15.672286 17.505543
v 80.172649 15.885761 18.616225
v 80.156272 15.953698 18.341887
v 80.418822 16.221175 21.364704
v 80.000000 16.320000 20.400000
v 80.300000 16.347999 21.524000
v 80.199997 16.394286 17.354284
v 80.159996 17.119999 17.199999
v 80.159997 17.279996 18.320000
v 80.159994 16.959999 20.719999
v 80.159996 17.600000 20.719999
v 80.159996 17.600000 21.680000
v 79.999998 17.920000 21.520000
v 80.240000 17.760000 20.559999
v 80.439995 17.904616 21.523078
v 80.159996 18.080000 20.400000
v 80.000001 18.240000 21.520000
v 80.282857 18.100000 17.362856
v 80.159996 18.240000 17.520000
v 80.159996 18.160000 18.559999
v 80.159996 18.240000 20.240000
v 80.159996 18.320000 18.719999
v 79.839996 18.320000 18.719999
v 80.208739 18.362459 20.225779
v 80.159996 18.400000 21.359999
v 80.159996 18.480000 17.600000
v 80.159996 18.480000 19.199999
v 80.159999 18.480000 19.520001
v 80.159997 18.480000 19.920000
v 80.191998 18.983999 20.903999
v 80.207057 19.270587 20.564705
v 80.159998 19.279998 20.800000
v 80.239997 19.439999 19.520000
v 80.159999 19.439999 20.320000
v 80.160001 19.600000 19.680000
v 80.320002 13.840000 18.719996
v 80.320000 13.840000 19.200003
v 80.330000 14.035000 19.885000
v 80.345763 14.014915 18.195254
v 80.320000 14.000000 18.400000
v 80.320000 14.240000 18.000000
v 80.320000 14.400000 18.000000
v 80.320000 14.480000 20.320000
v 80.400001 14.480000 20.480000
v 80.320000 14.719999 17.680000
v 80.320000 14.639999 20.639999
v 80.320000 15.120000 19.840000
v 80.320000 15.120000 20.000000
v 80.159998 16.000001 17.359999
v 80.320000 15.520000 18.480000
v 80.320000 15.520000 20.400000
v 80.479996 15.839999 21.359999
v 80.325000 15.865000 18.465000
v 80.507331 16.018497 18.317050
v 80.361480 16.497777 17.194073
v 80.300540 17.083242 17.202161
v 80.159996 16.959999 17.359999
v 80.159997 17.279998 17.199999
v 80.347999 16.659999 18.156000
v 80.200848 17.354894 20.713191
v 80.320000 17.279999 21.520000
v 80.320000 17.600000 17.039999
v 80.340594 17.468515 20.555247
v 80.244704 17.712940 17.190587
v 80.320000 17.600000 21.520000
v 80.320000 17.920000 17.359999
v 80.320000 17.920000 18.320000
v 80.319998 17.920000 20.400000
v 80.324518 18.135835 18.351056
v 80.373327 18.080000 21.359999
v 80.373333 18.240000 17.359999
v 80.347734 18.155999 18.695347
v 80.331429 18.177143 20.291428
v 80.426664 18.240000 21.359999
v 80.320000 18.400000 17.520000
v 80.320000 18.320000 18.879999
v 80.365715 18.312381 19.923809
v 80.373332 18.400000 21.199999
v 80.320000 18.480000 19.039999
v 80.332793 19.010596 20.892600
v 80.325845 19.260884 20.841210
v 80.320000 19.439999 20.320000
v 80.159997 19.439999 19.039999
v 80.320000 19.600000 19.680000
v 80.479998 13.679999 18.719997
v 80.479998 13.679999 19.200000
v 80.482508 13.866581 18.184296
v 80.479997 13.840000 18.453332
v 80.511997 13.864000 19.896000
v 80.956800 14.113067 19.943467
v 80.479998 14.240000 18.000000
v 80.479996 14.080000 18.160000
v 80.319998 14.320000 20.160000
v 80.479997 14.719997 17.520002
v 80.541771 14.347341 20.372658
v 80.479996 15.120000 19.039999
v 80.479996 15.280000 18.719999
v 80.479996 15.440000 18.559999
v 80.641538 15.576923 18.433846
v 80.533331 15.519999 20.240000
v 80.479996 15.679999 18.480000
v 80.599692 15.695877 20.403664
v 80.479996 15.839999 18.480000
v 80.459402 16.291484 17.364751
v 80.479996 16.480000 18.320000
v 80.479998 16.480000 21.359999
v 80.640001 17.119999 17.199999
v 80.479996 16.959999 20.719999
v 80.479996 17.279999 20.719999
v 80.320000 17.279999 17.039999
v 80.799995 17.279999 18.160000
v 80.479999 17.600000 20.559999
v 80.519996 17.514287 21.514286
v 80.319998 17.760000 18.160000
v 80.559996 17.760000 20.400000
v 80.487997 17.982858 18.377143
v 80.556770 17.991213 18.650516
v 80.532117 18.158551 20.162041
v 80.489996 18.195000 18.764999
v 80.586664 18.320000 20.000000
v 80.479997 18.480000 19.680000
v 80.479997 18.559999 21.199999
v 80.000000 18.639999 17.920000
v 80.479996 18.959999 18.400000
v 80.513206 19.059881 20.709049
v 80.479996 19.199999 20.719999
v 80.462218 19.285925 18.761481
v 80.479996 19.439999 19.359999
v 80.479999 19.439999 20.160001
v 80.639999 13.679999 18.400000
v 80.652800 13.862400 18.204800
v 80.667586 13.678160 18.574711
v 80.714284 13.674285 19.160000
v 80.842266 13.861310 18.018611
v 80.640000 14.639999 20.639999
v 80.479998 15.040000 17.520000
v 80.639999 15.200000 21.039999
v 80.608172 15.139450 19.135779
v 80.959999 15.120000 20.000000
v 80.639999 15.360000 17.520000
v 80.502585 15.288471 18.879058
v 80.606367 15.405312 19.087758
v 80.726153 15.480615 17.364922
v 80.639999 15.440000 18.719999
v 80.655878 15.720305 18.316336
v 80.577390 15.742609 21.206955
v 80.640001 15.946665 17.359999
v 80.799999 16.160000 17.039999
v 80.681480 16.177777 18.154074
v 80.664827 16.295173 20.397241
v 80.479996 15.999995 21.359999
v 80.639999 16.320000 17.199999
v 80.639999 16.480000 20.559999
v 80.799995 16.639999 21.520000
v 80.599999 16.874286 20.565714
v 80.799995 17.440001 21.520000
v 80.639997 17.279999 17.039999
v 80.479996 17.600000 17.039999
v 80.639999 17.600000 20.559999
v 80.680753 17.616603 21.355471
v 80.479999 18.080000 17.199999
v 80.604445 18.142222 20.373333
v 80.639999 18.240000 21.199999
v 80.784724 18.519531 21.203106
v 80.159996 18.639999 17.760000
v 80.639999 18.480000 19.680000
v 80.639999 18.959999 18.559999
v 80.639999 19.119999 18.719999
v 80.639999 19.119999 18.879999
v 80.639999 19.279999 20.480000
v 80.479999 19.439999 19.680001
v 80.840304 13.516335 18.735878
v 80.829266 13.514146 19.018535
v 80.899669 13.840000 19.700984
v 80.799995 13.840000 18.240000
v 80.773328 13.853333 19.880000
v 80.640001 14.240000 18.000000
v 80.693332 14.559999 17.680000
v 81.119995 14.320000 20.320000
v 80.831995 14.615999 20.424000
v 80.701178 14.941174 17.515295
v 80.799997 15.040000 17.359999
v 80.857238 15.173003 19.158145
v 80.799999 15.200000 20.879999
v 80.843833 15.345753 19.150684
v 80.799995 15.440000 19.039999
v 80.799995 15.599999 18.559999
v 80.799995 15.840000 17.199999
v 80.779401 15.971485 18.324752
v 80.799999 16.000001 17.199999
v 80.799998 16.160000 20.240000
v 80.959999 16.480000 18.160000
v 80.853331 16.479999 20.400000
v 80.799998 17.119997 17.039999
v 80.799995 16.639999 20.559999
v 80.959999 16.639999 20.559999
v 80.919241 17.263395 20.564528
v 80.799995 17.440000 20.400000
v 80.799995 17.440001 17.039999
v 80.799997 17.600000 20.400000
v 81.066663 17.920000 21.359999
v 81.021178 17.750588 18.188236
v 80.799995 17.920003 20.400000
v 81.007341 17.979864 18.403294
v 80.772227 18.148760 20.199008
v 80.799995 18.080000 21.359999
v 81.356185 18.194287 18.792380
v 80.853332 18.160000 20.000000
v 80.853331 18.320000 19.680001
v 80.930730 18.485853 19.498537
v 80.960002 18.639999 17.920000
v 80.795289 18.781176 20.983528
v 80.799995 19.279999 20.480000
v 80.639998 19.439999 20.320000
v 81.173331 19.279999 20.000000
v 80.799996 13.679999 18.399999
v 80.959999 13.679999 19.199999
v 80.969411 13.887059 18.023529
v 80.959999 14.240000 17.680000
v 80.959999 14.320000 20.160000
v 81.119995 14.880000 20.719999
v 80.639999 15.040000 20.879999
v 80.879997 15.200000 19.359998
v 81.019575 15.152341 19.523405
v 81.008001 15.376000 20.223999
v 80.892667 15.390683 19.358491
v 80.959999 15.520000 17.359999
v 80.799996 15.440000 18.719999
v 80.959999 15.679999 18.320000
v 80.799999 15.520000 21.199999
v 80.959999 15.839999 18.160000
v 81.043808 15.794288 20.232381
v 80.938537 15.970733 17.205853
v 80.959999 16.000000 18.160000
v 81.079999 16.085713 17.045713
v 80.799997 16.160000 21.199999
v 80.799996 16.480000 21.359999
v 80.799995 16.639999 18.160000
v 80.959999 16.639998 18.000000
v 81.078515 16.942222 17.045925
v 80.990474 17.142855 16.872380
v 80.959999 17.440000 20.400000
v 80.959999 17.600000 20.240000
v 80.799997 17.920000 17.039999
v 80.959999 17.920000 20.240000
v 80.953725 18.037647 18.782744
v 81.013331 18.080000 21.199999
v 80.799998 18.080000 17.199999
v 81.119994 18.639999 17.760001
v 80.959997 18.320000 18.879999
v 80.959999 18.320000 19.840000
v 80.959999 18.400000 21.039999
v 80.959999 18.480000 19.039999
v 81.012553 18.465311 21.038819
v 80.959999 18.799999 20.799999
v 81.066666 19.279999 20.319999
v 80.479998 19.279999 19.199999
v 81.119995 19.439999 19.359999
v 81.119997 13.520000 19.199999
v 81.151996 13.703999 18.024000
v 81.124132 13.676460 18.317480
v 81.119995 13.679999 19.359999
v 81.119995 13.920000 18.000000
v 81.119995 14.000000 19.840000
v 81.119996 14.240000 17.680000
v 81.119995 14.160000 20.000000
v 81.226520 14.160000 20.159857
v 80.799997 14.719999 17.520000
v 81.068404 14.505086 18.712885
v 81.078641 14.501432 19.052678
v 80.959995 15.040000 17.359999
v 81.072941 14.901177 18.672939
v 81.066667 14.933335 19.053333
v 80.960000 15.200000 17.359999
v 81.040001 15.200000 20.000000
v 81.206151 15.089231 17.187691
v 81.119997 15.520000 17.199999
v 81.078919 15.424866 19.515676
v 81.044445 15.426667 19.933333
v 80.959999 15.440000 19.199999
v 81.119995 15.599999 18.559999
v 81.080697 15.689999 19.936511
v 81.119995 15.839999 17.039999
v 81.131423 15.794285 18.194286
v 81.119995 15.839999 21.199999
v 81.119997 15.999999 18.000000
v 81.119995 16.160000 20.240000
v 81.119995 16.320000 20.400000
v 81.119995 16.480000 17.039999
v 81.119998 16.479999 18.000000
v 82.080000 16.640000 18.000000
v 81.119998 17.280000 20.400000
v 80.959998 16.639999 21.359999
v 80.959999 17.279998 18.000000
v 81.128838 17.659900 18.192965
v 81.064828 17.744368 18.765058
v 81.119995 17.920000 18.799999
v 81.119998 18.160000 19.840000
v 81.119998 18.320000 19.040000
v 81.119995 18.799999 17.920000
v 81.226662 19.119999 20.479999
v 81.119996 19.279999 19.199999
v 81.239243 19.444527 19.823396
v 81.308505 13.515145 18.261805
v 81.279999 13.520000 18.399996
v 81.439995 13.535999 19.231999
v 81.296841 13.701052 18.042105
v 81.279998 13.920000 17.840000
v 80.799999 13.679999 19.520000
v 81.279999 14.240000 17.520000
v 81.280000 14.506668 17.520001
v 81.270768 14.520000 18.661538
v 81.439995 14.639999 20.639999
v 81.279999 14.719999 20.719999
v 81.399240 14.863397 17.364527
v 81.285921 14.934504 18.662325
v 81.341770 14.827341 20.852657
v 81.119995 15.040000 20.879999
v 81.279998 15.573334 17.039999
v 81.119995 15.440000 18.719999
v 81.119995 15.679999 17.199999
v 81.279999 15.599999 18.400000
v 81.297973 15.778045 18.039118
v 81.279999 15.759999 18.240000
v 81.120000 15.679999 21.039999
v 81.920001 15.839999 21.199999
v 81.279999 16.266669 17.039999
v 80.799995 16.320000 21.359999
v 81.279999 16.479999 16.879999
v 81.279999 16.959999 16.879999
v 80.959999 17.440001 16.879999
v 81.683198 17.164796 18.006400
v 81.359994 17.119999 20.400000
v 81.478915 17.353513 21.355674
v 81.315555 17.662223 18.026667
v 81.279996 17.279999 20.240000
v 81.279999 17.760000 16.879999
v 81.399241 17.743397 21.364527
v 81.439995 17.760000 18.799999
v 81.279999 17.920000 21.199999
v 81.119996 18.240000 21.199999
v 81.279999 18.240000 19.760000
v 81.446280 18.140637 20.210276
v 81.320333 18.302999 19.687667
v 81.077866 18.778161 21.022591
v 81.265453 18.756363 20.858181
v 81.599998 18.959999 18.240000
v 81.280000 18.959999 20.639999
v 81.439995 19.119999 18.879999
v 81.493333 19.119999 20.160000
v 81.279999 19.439999 19.519999
v 81.439995 13.679999 18.080000
v 81.439995 13.520000 18.400004
v 81.486592 13.697207 17.860423
v 81.573334 13.653333 19.306665
v 81.813326 13.679999 19.519999
v 81.439995 13.920000 17.840000
v 81.439995 14.240000 17.520000
v 81.439994 14.000000 19.840000
v 81.279999 14.000000 20.000000
v 81.531420 14.292248 17.346937
v 81.350589 14.447059 18.484706
v 81.439995 14.320000 18.879999
v 81.280001 14.480000 18.879997
v 81.360001 14.559999 18.559999
v 81.519995 14.480000 19.039999
v 81.385489 14.883278 18.346578
v 81.566195 14.826201 20.858078
v 81.439999 15.200000 17.199999
v 81.465449 15.385454 17.036363
v 81.919997 15.200000 20.879999
v 81.382707 15.461240 18.255089
v 81.404650 15.445580 18.429769
v 81.667849 15.404556 19.349872
v 81.478458 15.429230 19.515384
v 81.491106 15.413208 19.829047
v 80.799994 15.360000 21.039999
v 81.412691 15.718095 18.145629
v 81.439995 16.000000 17.039999
v 81.599997 15.839999 18.000000
v 81.439997 16.213332 16.879999
v 81.454708 17.307585 20.238161
v 81.480846 17.525106 16.873191
v 81.360001 17.600000 19.359996
v 81.474282 17.504097 19.318467
v 81.383986 17.561148 19.679460
v 81.519997 17.600000 19.840002
v 81.484874 17.658536 18.565853
v 81.487656 17.659574 18.723404
v 81.360000 18.080001 19.680003
v 81.439995 17.920000 21.199999
v 81.369412 18.211763 19.275292
v 81.493333 18.079999 21.039999
v 81.495846 18.126791 19.853586
v 81.599998 18.240000 21.039999
v 81.439995 18.719999 20.879999
v 81.439995 18.799999 17.920000
v 80.959999 18.799999 18.080000
v 81.439995 18.879999 20.719999
v 81.578535 18.965852 20.610732
v 81.599998 19.119999 18.719999
v 81.439995 19.279999 19.039999
v 81.439998 19.279999 19.520002
v 81.439997 19.279999 19.840002
v 81.603635 13.392727 19.254544
v 81.620000 13.709999 17.870000
v 81.639996 14.080001 17.520000
v 81.439995 13.840000 19.680001
v 81.599226 14.038842 20.041158
v 81.599997 14.320000 20.320000
v 81.650032 14.578795 19.153539
v 81.622365 14.742363 17.198278
v 81.599998 14.639999 20.480000
v 81.659235 14.884700 19.145070
v 81.599998 14.799999 20.639999
v 81.599998 14.880000 17.199999
v 81.654000 14.983463 18.559277
v 81.599998 14.960000 19.680000
v 81.561965 15.004794 19.888755
v 81.519997 15.040000 19.520000
v 81.625059 15.766745 16.870361
v 81.600002 15.679999 18.160000
v 81.739994 15.729999 19.950000
v 81.279999 16.000000 20.240000
v 81.279999 16.160000 20.400000
v 81.759995 16.320000 21.359999
v 81.439995 16.799999 16.879999
v 81.599998 16.799998 16.719999
v 81.599998 16.959999 20.400000
v 81.599998 17.119999 20.240000
v 81.639997 17.424616 16.716922
v 81.519997 17.279999 18.559999
v 81.548384 17.230967 18.885161
v 81.540482 17.384778 19.021125
v 81.599998 17.359999 19.359997
v 81.621176 17.647059 18.032941
v 81.617828 17.526977 19.963880
v 81.658508 17.650149 18.388059
v 81.619460 17.796756 21.197836
v 81.757137 17.878572 17.001428
v 81.600002 17.920000 21.199999
v 81.279996 17.920000 17.039999
v 81.519997 18.080000 19.199999
v 81.599998 18.400000 20.879999
v 81.599998 18.559999 20.879999
v 81.599998 18.719999 20.719999
v 81.653332 18.959999 20.319999
v 81.599998 19.119999 19.039999
v 81.679996 19.279999 19.199999
v 81.744116 19.283663 19.959694
v 81.759997 13.520000 17.920000
v 81.759993 13.440000 19.279999
v 81.759996 13.920000 17.520000
v 81.759995 14.240000 17.359999
v 81.784801 14.286398 20.102170
v 81.813330 14.400000 17.359999
v 81.730329 14.507584 19.394584
v 81.759995 14.559999 20.400000
v 81.800751 14.896604 17.035471
v 81.685000 14.749995 19.395000
v 81.702511 14.845020 19.511692
v 81.759996 14.800000 19.680000
v 81.759994 14.763428 20.596571
v 81.759997 15.199998 17.039999
v 81.843505 14.934930 18.324457
v 81.680000 15.040000 19.359999
v 81.759995 14.960000 19.840000
v 81.600001 15.200000 17.199999
v 81.636828 15.429405 18.568037
v 81.599998 15.520000 16.879999
v 81.992548 15.314091 17.049634
v 81.786661 15.453333 18.200000
v 81.759995 15.839999 16.719999
v 81.920001 16.000000 20.240000
v 81.759995 16.160000 21.199999
v 81.759995 16.719999 16.720000
v 81.600002 16.639998 16.879999
v 82.087845 17.157646 18.025098
v 81.759995 17.119999 16.719999
v 81.710968 17.228384 18.394838
v 81.599999 17.279998 20.240000
v 82.138532 17.285852 20.204880
v 81.599998 17.440000 21.199999
v 81.759995 17.600000 16.879999
v 81.599998 17.520000 19.520000
v 81.759995 17.760000 16.879999
v 81.813325 17.920001 21.039999
v 81.869069 18.163732 17.283017
v 81.771423 18.674285 20.754285
v 81.599999 18.799999 18.080000
v 81.759995 18.799999 18.240000
v 81.759997 18.799999 20.479999
v 81.759996 18.799999 20.639999
v 81.839993 18.959999 18.719998
v 81.599999 18.959999 18.559999
v 81.759995 19.119999 18.879999
v 81.759995 19.119999 19.039999
v 81.919998 19.279999 19.680000
v 81.599998 13.360000 18.400000
v 81.919997 13.520000 17.920000
v 82.026671 13.759999 17.680000
v 81.919998 13.840000 19.680001
v 81.919999 13.920000 17.520000
v 81.599998 13.840000 19.840000
v 82.000004 14.079999 17.359999
v 82.055387 14.301538 20.116923
v 82.287659 14.340426 18.876595
v 81.759995 14.480000 19.199999
v 81.919998 14.559999 19.439999
v 81.919998 14.400000 20.400000
v 81.919998 14.559999 20.559999
v 81.919998 14.799999 19.680000
v 82.111696 15.036982 19.906417
v 82.400001 14.719999 20.559999
v 81.919998 15.040000 20.719999
v 82.240000 15.359999 18.000000
v 81.919998 15.360000 21.039999
v 82.064898 15.479742 18.006079
v 81.919998 15.520000 19.920000
v 81.919998 15.759999 20.160000
v 81.919998 15.839999 16.719999
v 82.080002 16.160000 16.719999
v 82.038336 16.245585 20.406258
v 81.919998 16.320000 21.199999
v 81.919998 16.639999 16.719999
v 81.919998 16.799999 16.559999
v 81.978508 17.229850 18.228059
v 81.962353 17.217254 18.553725
v 81.599998 17.199999 18.559999
v 82.080003 17.440000 21.199999
v 82.081009 17.480432 19.467194
v 82.127996 17.504002 19.984001
v 81.919998 17.760000 21.199999
v 81.972913 17.837573 16.797493
v 82.042775 18.121342 17.069227
v 81.919998 18.240000 21.039999
v 81.999708 18.400571 20.879349
v 81.887997 18.615999 20.855999
v 81.599998 18.639999 17.920000
v 81.967906 18.634052 20.647543
v 81.759995 18.959999 18.400000
v 81.919998 19.119999 18.879999
v 81.919998 19.279999 19.359999
v 81.919998 19.119999 19.893333
v 82.133337 13.599999 17.680000
v 82.080002 13.679999 19.680000
v 82.080002 13.840000 19.840000
v 82.298536 14.355122 18.554146
v 82.288056 14.576193 18.336026
v 82.240000 14.559999 17.039999
v 82.249080 15.146417 18.030083
v 81.920002 15.520000 16.879999
v 82.136389 15.363933 19.895084
v 82.080002 15.360000 20.879999
v 82.080002 15.520000 21.039999
v 82.152262 15.958325 17.993976
v 81.920002 15.679999 21.039999
v 81.919998 16.320000 16.719999
v 82.080002 16.320001 16.559999
v 81.919998 16.480000 21.359999
v 82.239998 16.480000 21.359999
v 82.080002 16.639999 16.559999
v 82.132124 16.968748 20.366443
v 82.137269 17.106363 20.215456
v 81.919998 17.119996 16.559999
v 82.080002 17.199999 18.719999
v 82.339241 17.204050 18.940759
v 82.153843 17.230769 21.372306
v 82.036129 17.495914 18.222365
v 82.022295 17.449618 18.602840
v 82.199694 17.584123 21.203663
v 82.133334 17.760000 21.039999
v 81.887997 17.864000 17.015999
v 82.080002 18.080000 21.039999
v 82.081333 18.319967 17.278700
v 82.720001 18.799999 18.080000
v 82.080004 18.799999 18.240000
v 81.919998 18.799999 20.480000
v 82.080002 18.959999 18.400000
v 81.919998 19.119999 20.160000
v 82.080002 18.799999 20.320000
v 82.080002 19.119999 19.039999
v 82.080002 19.119999 19.359999
v 82.080002 19.119999 19.680000
v 82.239995 13.920001 17.359999
v 82.359247 14.383395 17.204527
v 82.291764 14.507274 19.026494
v 82.239998 14.559999 20.559999
v 82.183996 14.848000 19.624001
v 82.263584 15.141085 16.864857
v 82.239125 15.098155 18.294924
v 82.299145 15.323685 16.859751
v 82.201982 15.368321 19.613429
v 82.239996 15.520000 17.840000
v 82.151918 15.772167 16.719651
v 82.239998 15.759999 20.160000
v 82.239996 15.839999 17.840000
v 82.239996 15.840001 16.559999
v 82.293330 16.000000 21.039999
v 82.239994 16.240003 16.560000
v 82.346666 16.160000 21.199999
v 82.239996 16.320001 20.240000
v 82.177139 16.651429 20.291427
v 82.259458 17.403244 16.557837
v 82.179359 16.793715 19.469723
v 82.174547 16.758765 20.187065
v 82.239995 16.640001 18.160000
v 82.239996 17.119997 18.160000
v 82.165710 17.302856 19.491428
v 82.415593 17.482034 18.178983
v 82.239998 17.359999 19.039999
v 82.239998 17.359999 19.359999
v 82.240002 17.600000 16.719999
v 82.080002 18.240000 20.879999
v 82.239998 18.400000 20.879999
v 81.439995 18.639999 17.760001
v 82.239998 18.719999 20.559999
v 82.239998 18.959999 18.559999
v 82.400001 13.920001 17.359999
v 82.239998 14.080000 20.080000
v 82.238889 14.283826 20.276214
v 82.520610 14.486156 17.044922
v 82.239998 14.480000 19.359998
v 82.080000 15.040000 17.039999
v 82.341485 14.710496 19.096128
v 82.400002 14.639999 19.359999
v 82.080002 14.719999 19.600000
v 82.613337 14.719998 16.879999
v 82.400002 15.040000 16.879999
v 82.339363 15.046284 19.090274
v 82.350756 15.352389 16.590889
v 82.582468 15.353827 18.009630
v 82.559998 15.360000 20.879999
v 82.269473 15.503158 16.707367
v 82.400002 15.679999 16.559999
v 82.364444 15.457777 19.893333
v 82.559998 15.520000 21.039999
v 82.605140 15.504392 17.864576
v 82.478088 15.675492 19.915835
v 82.479996 15.920001 16.560000
v 82.326487 16.358919 21.204323
v 82.372175 16.518260 20.229565
v 82.452304 16.409229 18.156921
v 82.400002 16.320001 16.400000
v 82.400002 17.280004 16.400000
v 82.375299 17.215635 18.689859
v 82.519244 17.263395 21.204527
v 82.400002 17.440001 16.559999
v 82.453329 17.453334 18.613334
v 82.420596 17.468515 21.035246
v 82.400002 17.600000 16.719999
v 82.400002 18.080000 21.039999
v 82.400002 18.240000 20.879999
v 82.400002 18.400000 20.719999
v 82.400002 18.559999 20.559999
v 82.878531 18.783428 20.530925
v 82.080002 18.959999 18.879999
v 82.506661 18.959999 20.160001
v 82.636800 19.126399 19.795198
v 82.400002 19.119999 20.000000
v 82.079999 13.360000 17.920000
v 82.666666 13.519999 19.359998
v 82.400001 13.679999 17.600000
v 82.720002 13.679999 19.520000
v 82.641960 13.677589 17.441807
v 82.719999 13.679999 17.600000
v 82.559994 13.920000 17.199999
v 82.556188 13.897143 19.900952
v 82.644705 14.127059 17.030587
v 82.400002 14.400000 20.240000
v 82.377712 14.631641 19.201989
v 82.239997 14.639999 19.520000
v 82.637385 14.988384 16.878458
v 82.543265 15.138410 18.025511
v 82.400002 15.120000 18.400000
v 82.559998 15.360000 16.559999
v 82.632939 15.460899 19.707964
v 82.559998 15.840000 17.840000
v 82.559996 16.053333 16.400000
v 82.662741 15.935365 17.996144
v 82.613329 16.159999 21.039999
v 82.559998 16.240000 18.559999
v 82.515777 16.292282 18.771004
v 82.666663 16.319999 21.199999
v 82.559998 16.480000 18.799999
v 82.759384 17.366154 16.395077
v 82.559995 16.559999 20.000000
v 82.782836 16.531311 20.160618
v 82.479996 17.119999 18.719999
v 82.796798 16.755202 19.446398
v 82.690734 16.725853 19.818536
v 82.400002 17.119997 21.199999
v 82.396067 17.176392 19.415080
v 82.547197 17.724800 16.697599
v 82.720001 17.760000 16.719999
v 82.720003 18.000000 16.959999
v 82.559994 17.920000 21.039999
v 82.559998 18.240000 20.719999
v 82.879997 18.400000 20.719999
v 82.559998 18.799999 20.320000
v 82.559995 18.959999 20.000000
v 82.879997 13.359999 18.799998
v 82.560001 13.360000 19.199999
v 82.719997 13.520000 17.760000
v 82.559998 13.679999 19.680001
v 82.720002 13.920000 17.199999
v 82.840649 13.864220 19.901067
v 82.720001 14.080000 19.920000
v 82.559998 14.240000 20.240000
v 82.720001 14.400000 20.240000
v 82.720001 14.559999 17.039999
v 82.698782 14.750004 19.114057
v 82.724229 14.664212 19.579449
v 81.759996 14.880000 20.719999
v 82.655328 15.018196 16.615300
v 82.898295 15.108905 19.072894
v 82.695174 15.213792 16.571034
v 82.754845 15.218067 18.168327
v 82.879997 15.200000 20.879999
v 82.720001 15.520000 16.559999
v 82.678052 15.534574 18.140808
v 82.560001 15.680001 16.559999
v 82.690909 15.690181 17.978181
v 82.720001 15.679999 21.039999
v 82.779003 15.796080 20.007003
v 82.723637 15.792726 20.221818
v 82.720001 15.839999 16.400000
v 82.720001 16.080000 18.080000
v 82.720001 16.080000 18.559999
v 82.720001 16.480000 18.959999
v 82.771608 16.529034 20.005161
v 82.720001 16.959999 21.199999
v 82.705323 17.181650 18.986421
v 82.720001 17.119999 21.039999
v 82.719998 17.920000 21.039999
v 81.919997 18.320000 17.440001
v 82.927414 18.555637 20.527888
v 82.879997 18.639999 17.760000
v 82.720000 18.639999 17.920000
v 83.000616 18.964922 18.953846
v 82.720001 19.119999 19.840000
v 82.986665 13.519999 19.199999
v 82.911994 13.703999 17.223999
v 82.933332 13.679999 19.359999
v 82.879997 13.920000 17.199999
v 82.720001 13.840000 19.680000
v 82.879996 14.240001 16.879999
v 82.925709 14.483810 16.872380
v 82.879997 14.719999 20.559999
v 82.879997 14.880000 20.719999
v 82.899999 15.000000 16.579999
v 82.879996 15.200000 16.399999
v 82.929031 15.034839 19.571613
v 82.880000 15.040000 20.719999
v 82.879994 15.519999 16.400000
v 82.879997 15.360000 19.600000
v 82.879997 15.520000 18.160000
v 82.879997 15.679999 18.000000
v 82.813580 15.667925 19.814340
v 82.720001 15.520000 20.879999
v 82.876593 16.047659 18.020425
v 83.519999 15.839999 21.039999
v 82.824541 16.173636 19.462726
v 82.804988 16.118532 19.768882
v 83.039830 16.448003 18.943875
v 82.902854 15.702859 16.234725
v 82.879995 17.279998 16.240000
v 83.097700 17.129617 18.997156
v 82.757303 17.652782 16.416092
v 82.853330 17.706667 16.693333
v 82.959633 17.919618 16.719999
v 82.719997 18.080000 20.879999
v 83.040001 18.080000 20.879999
v 82.720001 18.799999 20.160000
v 82.720001 18.959999 20.000000
v 82.879997 19.119999 19.039999
v 82.879996 18.959999 19.759995
v 82.879997 19.119999 19.520000
v 83.199997 13.360000 18.400000
v 83.040001 13.520000 18.719995
v 83.040001 13.520000 18.879997
v 83.048001 13.715999 17.235999
v 83.093335 13.840001 19.680001
v 82.879997 14.080000 17.039999
v 83.040001 14.080000 19.920000
v 83.069270 14.581463 16.714145
v 82.879997 14.719999 16.879999
v 83.040001 14.719999 16.719999
v 83.040001 14.880000 16.559999
v 83.074288 14.902857 18.148571
v 83.001904 14.822857 18.563809
v 83.040001 14.880000 20.559999
v 83.040001 15.040000 16.559999
v 82.991999 14.984001 18.711999
v 83.040001 14.960000 19.039999
v 83.004768 15.097226 19.185205
v 83.040001 15.040000 20.719999
v 83.039998 15.200000 16.400000
v 83.040001 15.040000 18.160000
v 82.981146 15.359236 19.482038
v 83.199999 15.520000 20.879999
v 83.018537 15.490731 16.405853
v 82.995122 15.994146 19.461462
v 83.040001 15.679999 18.160000
v 83.025322 16.061651 18.186422
v 82.959999 16.000000 19.680000
v 82.721819 16.279091 18.760908
v 83.238107 16.377077 18.876110
v 83.040001 17.279999 16.240000
v 83.095450 16.466363 19.417273
v 83.040001 16.480000 21.039999
v 83.040001 16.639999 21.199999
v 83.359999 16.639999 21.199999
v 83.046285 17.170275 19.420636
v 83.446483 17.081082 21.044323
v 83.040001 17.440000 16.400000
v 83.040000 17.600000 21.039999
v 83.040001 17.680000 16.480000
v 83.119998 17.760000 20.879999
v 83.040001 18.240000 20.719999
v 83.040001 18.400000 20.559999
v 82.918260 18.789564 20.292173
v 83.040001 18.799999 20.160000
v 83.040001 18.959999 19.520000
v 83.040001 18.959999 20.000000
v 83.199997 13.520000 17.760000
v 83.040001 13.920000 17.039999
v 83.280001 14.000000 17.039999
v 83.200000 14.240000 16.879999
v 83.265413 14.675699 16.720521
v 83.199995 14.880000 16.559999
v 83.199997 14.799999 18.559999
v 83.199995 15.040000 18.000000
v 83.199997 14.960000 18.719999
v 83.196519 14.977391 19.071303
v 83.167480 15.198855 18.019136
v 83.146573 15.371739 17.867206
v 83.199997 15.360000 19.439999
v 83.199994 15.360000 20.719999
v 83.178060 15.723445 17.858751
v 83.360001 15.679999 21.039999
v 83.141534 15.719998 18.070768
v 83.199997 15.839999 18.160000
v 83.373637 16.057273 18.184545
v 83.294413 16.085983 18.607315
v 83.199995 15.840002 16.080000
v 83.199997 16.320000 19.439999
v 83.147902 16.440931 19.041859
v 83.360001 16.959999 21.199999
v 83.199995 17.279998 16.080000
v 83.360001 17.440001 21.039999
v 83.199994 17.440000 16.240000
v 83.203198 17.641600 16.438400
v 83.199997 17.600000 21.039999
v 83.199997 18.000000 16.799999
v 83.039998 18.000000 16.959999
v 83.199995 17.920000 20.879999
v 83.199996 18.240000 20.559999
v 82.879997 18.480000 17.600000
v 83.040001 18.639999 17.920000
v 82.239996 18.799999 18.400000
v 83.199994 18.799999 20.000000
v 83.199997 18.959999 19.840000
v 83.199997 13.360000 17.920000
v 83.360001 13.520000 17.920000
v 83.199997 13.520000 19.039999
v 83.466661 13.679999 17.279999
v 83.199997 13.679999 19.199999
v 83.200000 13.679999 19.520000
v 83.359998 13.840000 19.680000
v 83.573334 14.239999 16.719999
v 83.329803 14.689358 16.425217
v 83.519997 14.719999 20.559999
v 83.321738 14.907827 16.410435
v 83.525711 15.005714 18.017143
v 83.199997 15.360002 16.240000
v 83.360001 15.200000 19.119999
v 83.358010 15.337711 17.848359
v 83.360001 15.520000 16.240000
v 83.360001 15.360000 19.279999
v 83.364069 15.741016 17.876611
v 83.372114 15.783882 18.122535
v 83.313332 16.013332 19.313333
v 83.360001 15.679999 16.080000
v 84.000000 16.000000 21.039999
v 83.359999 16.959999 16.080000
v 83.279999 16.320000 19.359999
v 83.360001 17.600000 20.879999
v 83.410427 17.683959 16.324927
v 83.839993 17.760000 20.879999
v 83.680000 17.920000 20.879999
v 83.040001 18.480000 17.760000
v 82.879997 18.799999 18.240000
v 83.519998 13.520000 17.439999
v 83.040001 13.520000 17.440000
v 83.360001 13.520000 18.400000
v 83.573326 13.679999 17.119999
v 83.602138 13.629916 19.143836
v 83.695207 13.823652 19.152194
v 83.519995 13.920000 16.879999
v 83.626664 14.080000 16.879999
v 83.519993 14.400000 16.719999
v 83.360001 14.000000 19.840000
v 83.519997 14.639999 16.480000
v 83.679999 14.799999 18.240000
v 83.360001 14.799999 18.719999
v 83.639246 15.183395 16.244528
v 83.519997 15.200000 18.000000
v 83.519997 15.360000 16.080000
v 83.462842 15.319957 17.570121
v 83.471618 15.302280 17.760860
v 83.625287 15.281790 17.843766
v 83.519994 15.520000 16.080000
v 83.478108 15.689175 17.538278
v 83.460486 15.734723 17.763542
v 83.519997 15.679999 20.879999
v 83.594224 15.754227 15.911752
v 83.510815 15.784144 17.975196
v 83.463995 16.032000 15.784000
v 83.514142 16.058536 18.035122
v 83.565240 15.964689 18.480000
v 83.279999 16.159999 19.200002
v 83.666696 15.789967 19.144016
v 83.839996 15.839999 21.039999
v 83.479995 16.293333 15.773333
v 83.646171 16.071739 18.380225
v 83.467973 16.104918 19.350381
v 83.478637 16.101434 19.852679
v 83.461429 16.492679 19.881358
v 83.439995 16.479999 16.000000
v 83.474938 16.535171 19.344367
v 83.480611 16.553844 21.044922
v 83.519996 16.906666 15.920000
v 83.839996 17.279999 21.039999
v 83.679997 17.440000 16.240000
v 83.359998 17.680000 16.480000
v 83.199997 18.160000 16.959999
v 83.040001 18.160000 17.119999
v 83.654215 18.455840 20.528642
v 83.519997 18.480000 17.760000
v 83.519997 18.480000 20.480000
v 83.519997 18.639999 17.920000
v 83.519997 18.719999 20.240000
v 83.805050 18.781473 20.216559
v 83.680000 18.959999 19.840000
v 83.680001 13.520000 17.279999
v 83.913251 13.523855 18.118555
v 83.680000 13.520000 18.719999
v 83.679997 13.520000 19.039999
v 83.839996 13.920000 16.879999
v 83.519997 13.840000 19.520000
v 83.519997 14.000000 19.680000
v 83.680000 14.719999 20.400000
v 83.719381 14.804922 18.486152
v 83.373637 14.824545 19.097271
v 83.680001 14.880000 20.559999
v 83.701782 14.973952 17.864630
v 83.799146 14.953192 18.154893
v 83.779995 15.260002 16.100000
v 83.718395 15.251200 17.603202
v 83.693568 15.426050 17.501837
v 83.677501 15.307500 19.242499
v 83.680001 15.839999 15.759999
v 83.831011 15.629352 18.510619
v 83.684324 16.041081 18.015135
v 83.656307 16.078669 19.405524
v 83.847996 16.133091 19.274908
v 83.839996 16.480000 15.759999
v 83.680000 16.480000 15.759999
v 83.839998 17.280000 15.920000
v 83.679999 17.279998 16.080000
v 83.680000 17.440001 21.039999
v 83.680002 17.600000 20.879999
v 83.360001 17.840000 16.639999
v 83.680002 18.080000 20.719999
v 83.823153 18.277894 20.538947
v 83.759998 18.480000 17.600000
v 83.712001 18.504000 20.264000
v 82.879997 18.639999 18.080000
v 83.680000 18.959999 18.559999
v 83.946664 18.959999 19.680000
v 83.922070 13.679707 18.636484
v 83.833138 13.683047 19.061334
v 83.839996 13.840000 19.199999
v 83.839996 14.080000 16.719999
v 83.679997 14.400000 16.719999
v 83.679999 14.719999 16.400000
v 83.839995 14.559999 16.400000
v 83.839995 14.719999 16.240000
v 84.167663 14.816999 19.080332
v 84.639999 14.719999 20.400000
v 83.879829 14.939837 17.906973
v 83.805175 15.187646 17.381151
v 83.519995 15.680000 15.920000
v 83.839996 15.280000 19.359999
v 83.787973 15.350382 19.575082
v 83.818532 15.650732 15.925854
v 83.920000 15.741538 17.556924
v 83.781234 15.670088 18.922123
v 83.759995 15.679999 19.359999
v 83.839996 15.679999 20.879999
v 83.839996 15.839999 15.759999
v 83.757969 15.862590 19.086578
v 83.790449 16.052011 19.023222
v 83.759995 16.000000 19.199999
v 83.780639 16.003095 19.571273
v 83.842418 16.225454 18.046061
v 83.839996 16.080000 19.680000
v 83.849614 16.102295 19.882842
v 83.847770 16.211510 18.443956
v 83.898071 16.487880 19.893105
v 83.852676 16.521358 19.301433
v 83.680000 16.800003 15.759999
v 83.839996 17.600000 16.240000
v 83.519997 17.840000 16.480000
v 83.839996 17.920000 20.719999
v 83.839996 17.920000 16.719999
v 83.839996 18.160000 16.959999
v 83.839997 18.320000 17.440001
v 83.867824 18.521739 20.250435
v 83.679999 18.799999 18.400000
v 83.893327 18.799999 19.840001
v 83.680000 18.799999 20.000000
v 83.839996 13.520000 18.559999
v 84.000000 13.679999 18.879999
v 84.000000 13.840000 16.959999
v 84.479996 13.840000 19.520000
v 83.999999 14.080000 16.719999
v 84.000000 14.400000 16.400000
v 83.519997 14.559999 20.400000
v 84.000002 14.719999 16.240000
v 84.000000 14.559999 16.400000
v 83.839996 15.040001 16.080000
v 83.954492 14.819663 17.595459
v 84.159996 14.799999 18.560000
v 83.937463 15.044735 17.392333
v 83.919998 15.040000 17.760000
v 84.000000 14.960000 18.080000
v 83.839996 14.960000 18.400000
v 84.320001 15.040000 17.359999
v 84.150765 15.240000 19.141537
v 83.839994 15.519999 17.359999
v 84.000000 15.679999 15.759999
v 84.000001 15.599999 17.440001
v 84.202078 15.572076 18.577799
v 84.000000 15.839999 15.599999
v 84.170464 15.774652 17.973190
v 83.839996 15.839999 18.959999
v 84.000000 15.839999 20.879999
v 84.000000 16.080000 19.520000
v 83.919998 16.160000 19.520000
v 83.919998 16.160000 19.359999
v 84.058328 16.685491 15.742693
v 84.019998 17.319999 15.940000
v 83.839995 17.440000 20.879999
v 84.035556 18.142222 16.746666
v 84.079998 18.320000 17.279999
v 84.029582 18.344734 20.263646
v 84.000000 18.559999 20.240000
v 84.106664 18.799999 20.000000
v 83.839996 18.799999 18.559999
v 83.839996 18.959999 18.719999
v 84.159994 18.959999 19.520000
v 84.000000 13.520000 17.279999
v 84.000000 13.679999 17.119999
v 84.191997 13.864000 16.743999
v 84.000000 13.840000 19.039999
v 84.159996 14.160000 16.639999
v 84.320000 14.080000 19.920000
v 84.159996 14.400000 16.400000
v 84.159996 14.720000 16.080000
v 84.200454 14.907240 18.032747
v 84.159996 14.880000 18.480000
v 84.159996 15.040000 15.920000
v 84.159996 14.960000 18.400000
v 84.000000 15.519998 15.759999
v 84.157945 15.290256 19.550770
v 84.354490 15.557469 17.390517
v 84.159996 15.680000 15.599999
v 84.287874 15.606116 17.615088
v 84.151129 15.642177 18.945384
v 84.159996 15.759999 17.760000
v 84.199914 15.854491 18.464812
v 84.368001 15.695999 18.976000
v 84.169614 16.212022 18.455082
v 84.000000 16.000000 19.600000
v 84.177687 16.203804 18.023977
v 84.000000 16.080000 19.359999
v 84.000001 16.320003 15.599999
v 84.159996 16.320000 15.440000
v 84.080002 16.480000 15.520000
v 84.110621 16.765954 15.455244
v 84.040002 16.986667 15.746666
v 84.133329 17.079999 15.746666
v 85.919998 17.279999 21.039999
v 84.194395 17.334757 15.779955
v 84.159995 17.359999 16.000000
v 84.240000 17.520000 16.159999
v 84.319999 17.840000 16.480000
v 84.135380 17.876923 16.701538
v 84.320000 17.920000 20.719999
v 84.159996 18.160000 17.119999
v 84.159996 18.080000 20.719999
v 84.159996 13.520000 17.440001
v 84.159999 13.679999 17.279999
v 84.000000 13.679999 18.240000
v 84.319998 13.679999 18.880000
v 84.320000 13.840000 19.039999
v 84.288000 14.136000 16.695999
v 84.444439 14.017778 19.893333
v 84.320000 14.160000 16.480000
v 84.319998 14.320000 20.160000
v 84.320000 14.320000 16.320000
v 84.239998 14.719999 18.080000
v 84.239998 14.719999 18.400000
v 84.320000 14.719999 18.480000
v 84.159996 14.880002 16.080000
v 84.435550 14.897778 17.511111
v 84.294999 14.797499 17.947500
v 84.230146 14.838855 18.517606
v 84.247550 14.872983 18.421813
v 84.320000 15.093333 15.759999
v 84.320000 15.040000 18.480000
v 84.320000 15.040000 20.719999
v 84.159996 15.200002 15.920000
v 84.239998 15.040000 18.559999
v 84.239998 15.200000 19.039999
v 84.479996 15.200006 15.759999
v 84.320000 15.520000 18.480000
v 84.252434 15.579692 18.995094
v 84.361082 15.524324 19.584865
v 83.359998 15.520000 20.879999
v 84.407731 15.570000 15.431851
v 84.320000 16.160000 15.440000
v 84.351516 15.746968 17.760502
v 84.159996 16.160000 15.599999
v 84.248356 15.817711 18.081990
v 84.337635 16.055914 18.996128
v 84.381018 16.015593 19.562034
v 84.352000 17.015999 15.464000
v 84.278965 17.062850 15.742826
v 84.320000 17.359999 15.839999
v 84.320000 17.520000 16.000000
v 84.320000 18.080000 16.719999
v 84.426664 18.160000 16.959999
v 84.373332 18.320000 17.119999
v 84.159996 18.320000 20.480000
v 84.320000 18.320000 20.320000
v 84.000000 18.480000 17.440001
v 83.680000 18.639999 17.760000
v 84.320000 18.639999 20.000000
v 85.119995 18.799999 18.240000
v 84.799997 18.799999 18.559999
v 84.159999 18.799999 19.680000
v 84.399995 13.679999 17.199998
v 84.479996 13.519999 17.440000
v 84.479996 13.520000 18.080000
v 84.479996 13.840000 16.959999
v 84.479999 13.920000 16.719999
v 84.479996 13.840000 19.199999
v 84.586665 14.000000 19.680000
v 84.479996 14.160000 16.480000
v 84.533330 14.239999 19.920000
v 84.479996 14.320000 16.320000
v 84.495878 14.760303 15.756335
v 84.480000 14.320000 16.160000
v 84.479997 14.480000 18.080000
v 84.580947 14.497193 17.964166
v 84.400002 14.559999 18.400000
v 84.427979 14.550382 18.775083
v 84.479996 14.559999 20.400000
v 84.400002 14.719999 18.559999
v 84.464365 15.095173 18.765057
v 84.523261 14.767426 17.952799
v 84.479996 15.040000 17.520000
v 84.436166 15.089317 18.574245
v 84.400002 15.199998 17.440003
v 84.479999 15.040000 20.559999
v 84.479998 15.360000 15.599999
v 84.415170 15.313999 17.569325
v 84.453491 15.305911 17.966708
v 84.424229 15.521139 17.978155
v 84.400002 15.520000 19.199999
v 84.639999 15.360000 20.719999
v 84.438377 15.621711 18.073770
v 84.475930 15.563389 18.461016
v 84.479996 15.679999 15.440000
v 84.921444 15.926746 21.036144
v 84.479996 16.320000 15.440000
v 84.320001 16.480002 15.440000
v 84.479998 16.479997 15.280000
v 84.320003 16.800000 15.440000
v 84.479996 16.799998 15.280000
v 84.479996 16.959999 15.440000
v 84.463156 17.061052 15.557894
v 84.479996 17.279998 15.759999
v 85.599998 17.600000 20.879999
v 84.479996 17.840000 16.480000
v 84.479996 18.000000 16.639999
v 84.639999 18.480000 17.440000
v 85.564904 18.626549 20.210652
v 84.639999 18.639999 20.000000
v 84.320000 18.799999 19.840000
v 84.693331 13.679999 16.959999
v 84.479996 13.679999 18.240000
v 84.479997 13.679999 19.039999
v 84.799995 13.840000 19.199999
v 84.640000 13.840000 19.359998
v 84.479996 14.400000 20.240000
v 84.639999 14.719999 15.759999
v 84.586539 14.548821 17.713732
v 84.639999 14.559999 20.240000
v 84.559998 14.719999 17.760000
v 84.639999 15.039999 15.599999
v 84.639999 14.880000 17.680000
v 84.692683 15.181496 17.689295
v 84.479996 15.200000 18.480000
v 84.687937 15.359029 15.578851
v 84.640015 15.730741 15.280412
v 84.779401 15.811484 20.875247
v 84.639999 16.320000 15.280000
v 84.639999 16.799999 15.280000
v 84.672000 17.015999 15.304000
v 84.479997 17.520000 16.000000
v 84.851059 17.503058 15.618932
v 84.639997 17.840000 16.160000
v 84.639999 17.840000 16.320000
v 84.746652 18.000000 16.480012
v 84.639999 18.160000 16.799999
v 84.693331 18.320000 16.959999
v 84.639999 18.320000 17.279999
v 85.077893 18.631578 17.684210
v 84.159996 18.639999 20.160000
v 84.639999 18.799999 19.840000
v 84.639999 13.679999 18.080000
v 84.799996 13.679999 18.560001
v 84.799996 13.679999 19.039999
v 84.640000 13.840000 16.799999
v 84.799995 13.840000 16.799999
v 84.640000 14.160000 16.480000
v 84.799995 14.160000 16.160004
v 84.799995 14.160000 16.320000
v 84.640001 14.320000 16.160000
v 84.890432 14.361739 15.867825
v 84.967666 14.497000 18.760333
v 84.879997 14.719997 15.519999
v 84.640002 14.879999 15.759999
v 84.855997 15.007999 15.575999
v 84.674287 15.188572 15.577142
v 84.962940 15.148823 18.500588
v 84.479996 15.200000 20.719999
v 84.744001 15.391997 15.303998
v 84.829413 15.315923 17.973663
v 84.799994 15.200000 20.719999
v 84.640002 15.520000 20.879999
v 84.668633 15.515786 15.425686
v 84.862663 15.524775 17.964765
v 84.959999 15.520000 20.879999
v 84.799995 15.679999 15.280000
v 84.849799 15.623862 18.079533
v 84.977634 15.575913 18.443871
v 84.799998 15.839997 15.120000
v 84.799998 16.800000 15.120000
v 85.919998 16.799999 21.039999
v 84.819996 17.009999 15.310000
v 84.600973 17.069267 15.588292
v 84.639999 17.520000 15.840000
v 84.799995 17.840000 16.320000
v 84.640002 18.000000 16.639999
v 84.853263 18.160000 16.640063
v 84.799995 18.160000 16.799999
v 84.799995 18.080000 20.559999
v 84.799995 18.320000 20.320000
v 84.939407 18.475247 17.571487
v 84.799995 18.799999 19.680000
v 85.439995 18.959999 19.520000
v 85.013332 13.679999 16.799999
v 85.066664 13.840000 16.639999
v 85.034891 13.686808 17.960850
v 84.960001 13.679999 18.399999
v 84.959999 14.000000 16.160000
v 84.959999 14.000000 16.319998
v 84.639999 14.000000 19.520000
v 84.916640 14.338725 15.687865
v 84.928001 14.344000 20.216000
v 84.889908 14.507517 15.537888
v 85.024184 14.510834 17.755852
v 85.119995 14.559999 20.240000
v 84.843330 14.873333 15.563332
v 84.319999 14.880000 20.559999
v 84.903997 15.072000 15.304000
v 84.977634 15.083871 18.775913
v 84.927040 15.207867 15.299404
v 84.959999 15.040000 20.559999
v 84.959999 15.200000 20.719999
v 84.959999 15.360000 15.280000
v 84.879997 15.360000 17.760000
v 84.799995 15.520000 15.280000
v 84.959859 15.571378 15.121257
v 84.962479 15.619844 18.194728
v 84.959999 15.679999 21.039999
v 84.911654 15.847423 17.697338
v 84.916295 15.870313 18.139453
v 84.974934 16.932268 15.117867
v 84.959999 17.279999 15.440000
v 84.987825 17.509566 15.641739
v 85.066663 17.840000 16.160000
v 84.959999 18.000000 16.320000
v 85.280000 18.080000 20.559999
v 85.013232 18.319985 16.800037
v 84.799995 18.320000 17.119999
v 84.799995 18.480000 17.279999
v 85.119998 13.840000 18.079999
v 84.959999 13.840000 19.039999
v 85.180440 13.843556 19.100444
v 85.119995 13.840000 19.359998
v 85.218821 13.995294 19.458822
v 85.119995 14.000000 16.000003
v 85.119995 14.000000 16.160000
v 85.205591 14.299692 15.627721
v 85.119995 14.480000 15.520000
v 85.119997 14.320000 20.000000
v 85.123634 14.505454 15.312727
v 85.119576 14.800451 15.280038
v 85.040001 14.559999 18.719999
v 85.119996 14.880000 20.559999
v 85.081427 15.261765 17.762310
v 85.047914 15.244784 18.158152
v 85.040001 15.200000 18.400000
v 85.134240 15.316164 18.129315
v 85.178280 15.637024 15.102698
v 85.076136 15.515580 18.178632
v 85.297218 15.316024 17.704766
v 86.186670 15.999999 21.039999
v 85.119995 16.959999 15.120000
v 85.173919 17.197375 15.357180
v 85.161746 17.504260 15.464711
v 85.119995 17.520000 15.840000
v 85.279999 18.000000 16.320000
v 85.120040 18.000001 16.479764
v 85.119995 18.320000 17.119999
v 85.759995 18.400000 20.240000
v 85.119995 18.480000 17.279998
v 85.119999 18.959999 18.400000
v 85.539799 13.683168 17.980199
v 85.360001 13.760000 16.000000
v 85.279999 13.840000 16.159999
v 85.439995 13.840000 18.080000
v 85.039999 13.840001 18.479997
v 85.217168 14.058546 15.652183
v 85.229997 14.030001 15.860000
v 85.439995 14.000000 19.680000
v 85.439995 14.160000 19.840000
v 85.300000 14.509999 15.310000
v 85.119995 15.040000 20.719999
v 85.278521 15.306570 18.143481
v 84.799995 15.360000 20.879999
v 85.199997 15.520000 14.880000
v 85.181535 15.353845 15.064615
v 85.439995 15.679999 21.039999
v 85.199997 15.839998 14.879999
v 85.330719 15.884497 17.728818
v 85.338184 15.850204 18.122133
v 85.279999 16.000000 14.799999
v 85.759995 16.320000 21.039999
v 85.279997 16.799997 14.799999
v 85.279999 17.039999 15.040000
v 85.279999 17.199999 15.200000
v 85.279998 17.680000 15.840000
v 85.439995 17.760000 20.879999
v 85.279999 17.840000 16.000000
v 85.279999 17.840000 16.160000
v 85.359995 17.940000 20.719999
v 84.992000 18.296000 20.535999
v 85.301463 18.485853 16.989268
v 84.799998 18.639999 19.840000
v 84.799995 18.959999 18.719999
v 85.393951 13.705064 15.828559
v 85.439996 13.679999 16.480001
v 85.404556 13.933166 15.775188
v 85.439995 13.840000 18.399998
v 85.513304 14.010033 15.621812
v 85.346939 14.331428 15.252242
v 85.360001 14.239997 15.520001
v 85.360001 14.560001 15.199998
v 85.120000 15.039996 15.280000
v 85.524525 15.023395 14.839243
v 85.360001 15.200000 14.719997
v 85.360000 15.199998 14.880001
v 85.360001 15.360000 14.880000
v 85.439995 15.520000 20.879999
v 85.489997 16.180001 14.769999
v 85.495698 16.800105 14.778148
v 85.471998 17.015999 14.823999
v 85.526556 17.669509 15.766556
v 85.439996 18.000000 16.160000
v 85.439997 18.080000 20.719999
v 85.495172 18.321927 16.481204
v 85.599998 18.320000 16.799999
v 85.119995 18.639999 17.440000
v 85.538459 18.799999 19.655385
v 85.919998 18.959999 19.359999
v 85.599998 13.679999 18.400000
v 85.599998 14.000000 15.360000
v 85.568000 13.976000 15.735999
v 85.599998 14.000000 19.520000
v 85.519996 14.240001 15.040004
v 85.519997 14.240000 15.200000
v 85.519997 14.453333 15.039999
v 85.759998 14.400002 14.799999
v 85.519997 14.719996 14.880004
v 85.519997 14.880000 14.559999
v 85.519997 15.200000 14.559999
v 85.599998 15.360000 20.879999
v 85.360001 15.520004 14.719995
v 85.519997 16.000000 14.559999
v 85.759995 16.639999 21.039999
v 85.670043 16.633684 14.419006
v 85.558816 16.848191 14.526148
v 85.594620 16.914957 14.772436
v 85.439995 17.039999 15.040000
v 85.424612 17.210768 15.226154
v 85.595405 17.226665 15.251975
v 85.458061 17.512259 15.494193
v 85.599998 17.440001 15.280000
v 85.599998 17.680000 15.520000
v 85.439995 17.840000 16.000000
v 85.599998 17.760000 20.719999
v 85.654804 18.021356 16.135671
v 85.719998 18.474285 16.885712
v 85.900430 18.476546 17.252372
v 85.599999 18.639999 19.840000
v 85.599998 18.959999 19.359998
v 85.759998 13.760000 15.759999
v 85.759995 13.679999 18.560000
v 85.759997 13.840000 18.720000
v 85.780591 13.995248 15.068515
v 85.759995 14.000000 15.520000
v 85.919998 14.000000 19.520000
v 85.805449 14.256364 14.790908
v 85.599998 14.160000 19.680000
v 85.759995 14.559999 14.639999
v 85.911109 14.444444 20.115555
v 85.721003 14.821613 14.393314
v 85.704086 14.836127 14.222365
v 85.698462 15.224613 14.196921
v 85.919998 14.880000 20.559999
v 85.680000 15.359999 14.079997
v 86.666662 15.680000 21.039999
v 85.669844 16.570812 14.151453
v 85.835534 16.795275 14.185000
v 85.820490 16.909192 14.537228
v 85.791936 16.902107 14.751743
v 85.600001 17.039999 14.880000
v 85.816116 17.192910 14.805085
v 85.807603 17.226012 15.033128
v 85.803690 17.487418 15.120965
v 85.919998 17.440000 20.879999
v 85.759996 17.840000 15.519999
v 85.819996 17.860000 15.619999
v 85.650000 18.030001 15.979998
v 85.759995 18.160000 16.000000
v 85.704648 18.301677 16.189156
v 85.439995 18.240000 20.559999
v 85.719999 18.306668 16.346666
v 85.600000 18.320000 16.639997
v 85.759281 18.615946 20.031893
v 85.599999 18.799999 19.520000
v 85.919998 18.959999 18.400000
v 85.899404 13.675247 15.868514
v 86.239998 13.679999 16.959996
v 85.919998 14.160000 19.840000
v 85.919998 14.400000 14.639999
v 86.320000 15.040000 20.719999
v 86.239998 15.200000 20.719999
v 85.599998 15.520000 21.039999
v 85.919998 15.360000 13.840000
v 85.952838 16.079690 13.832677
v 85.854863 16.474336 13.899470
v 85.863996 16.607999 13.864001
v 85.919998 16.639999 21.199999
v 85.859128 17.326348 14.564470
v 85.919998 17.359999 14.879999
v 85.919998 17.520000 15.200000
v 85.920002 17.600000 20.879999
v 85.982434 18.192794 15.990336
v 85.919998 18.320000 20.320000
v 85.919998 18.480000 20.160000
v 86.055843 18.506360 20.104479
v 86.018246 18.634385 17.378245
v 85.954582 18.774877 20.061113
v 86.037779 18.731242 18.164105
v 85.903394 18.795471 19.560755
v 85.980197 18.963167 19.139800
v 85.993847 13.827692 15.710769
v 86.080000 13.679999 16.159999
v 86.079997 13.679999 16.480000
v 86.274891 13.682932 17.838360
v 86.400002 13.840000 19.039999
v 86.080001 14.000000 15.040000
v 86.239998 14.000000 15.520000
v 85.279999 14.000000 19.199999
v 86.079999 14.320000 14.719999
v 85.919998 14.160000 19.680000
v 86.115558 14.177778 20.053333
v 86.080002 14.719999 20.559999
v 86.236596 14.832340 14.180426
v 86.239998 14.880000 20.559999
v 85.919998 15.040000 14.160000
v 86.239998 15.360000 20.879999
v 86.080002 16.160000 13.679999
v 85.964799 16.243201 21.206399
v 86.026555 16.834088 13.850596
v 86.000000 16.959999 14.080000
v 86.123214 17.204693 14.091629
v 86.000000 16.959999 14.400000
v 86.080002 16.799999 21.199999
v 86.012822 17.178986 14.306647
v 86.080002 17.279999 21.199999
v 86.130129 17.375789 14.860490
v 86.080002 17.440000 21.039999
v 86.118397 17.532801 15.024003
v 86.239997 17.760000 20.879999
v 86.010435 17.732173 15.321739
v 86.034912 17.895858 15.294650
v 85.920001 17.760000 20.719999
v 86.021483 18.244028 15.634608
v 85.993684 18.204211 15.810526
v 86.018105 18.448527 15.672029
v 85.960091 18.338195 16.188193
v 86.080002 18.320000 20.480000
v 86.080002 18.480000 16.320000
v 86.079999 18.480000 16.960000
v 86.080002 18.639999 17.120000
v 86.080002 18.480000 20.320000
v 86.080002 18.639999 17.919995
v 86.080002 18.639999 18.080000
v 86.080002 18.799999 19.840000
v 86.080002 19.119999 18.400001
v 86.118664 18.962973 19.662751
v 86.108516 19.124751 19.019406
v 86.239998 13.679999 16.639999
v 86.239998 13.679999 18.560000
v 86.288000 13.856001 15.696000
v 86.239997 13.840000 16.159999
v 86.239998 13.840000 18.720000
v 86.307897 14.040638 15.225349
v 86.080002 14.000000 19.359998
v 86.285714 14.354286 14.891432
v 86.231926 14.347124 14.668941
v 86.368002 14.456000 20.104000
v 86.080002 14.480000 20.320000
v 86.239999 15.039999 14.160000
v 86.239999 15.359999 13.840000
v 86.080001 16.480000 13.679999
v 86.111997 17.375997 14.383999
v 86.159996 17.600000 14.559999
v 86.320000 17.600001 21.039999
v 86.246153 17.963077 15.316923
v 86.239998 17.920000 20.879999
v 86.321603 18.083201 20.717784
v 86.347452 18.242738 20.557458
v 86.400550 18.458110 15.635320
v 86.239999 18.480000 20.320000
v 86.079997 18.480000 16.639998
v 86.219997 18.639999 17.040001
v 86.388759 18.648394 17.649807
v 86.159996 18.719999 17.920000
v 86.181154 18.922738 17.928192
v 86.177103 18.939499 18.102816
v 86.239998 18.959999 19.199999
v 86.460796 13.875200 17.023999
v 86.443085 13.846146 17.938927
v 86.363871 13.974193 16.007743
v 86.559994 13.840000 18.879999
v 86.320000 14.079999 15.520000
v 86.345454 14.127272 15.836362
v 86.400002 14.000000 16.480000
v 86.400003 14.000000 19.199999
v 86.316768 14.237574 15.304647
v 86.080002 14.160000 19.520000
v 86.344000 14.455999 15.007998
v 86.454877 14.555592 14.670752
v 86.468288 14.819509 14.427317
v 86.400001 14.719999 20.559999
v 86.400002 14.879999 20.719999
v 86.400002 15.200000 20.879999
v 86.239998 15.679999 13.840000
v 86.399999 15.599997 14.000000
v 86.400002 16.000000 13.840000
v 87.012373 16.140430 21.196545
v 86.399998 16.480001 13.680000
v 86.400001 16.640000 13.840000
v 86.559998 16.639999 21.199999
v 86.345501 17.756649 14.518672
v 86.320000 17.760000 15.040000
v 86.399998 17.760000 20.879999
v 86.341156 17.951740 14.531451
v 86.463112 18.047258 14.719778
v 86.334458 17.942167 15.207708
v 86.458903 18.046118 15.374143
v 86.433672 18.242011 15.585517
v 86.240000 18.480000 15.999998
v 86.240003 18.480000 16.479996
v 86.720001 18.480000 20.320000
v 86.497167 18.446948 20.535136
v 86.400002 18.799999 16.640000
v 86.400002 18.799999 17.119999
v 86.400000 18.639999 17.279998
v 86.382289 18.934478 17.719596
v 86.400002 18.959999 19.359999
v 86.720001 19.119999 19.199999
v 86.400002 19.119999 19.199999
v 86.619197 13.708213 17.287090
v 86.592145 13.697534 17.764749
v 86.521292 13.978242 17.139623
v 86.400002 13.840000 18.559999
v 86.559998 14.160000 15.839999
v 86.559998 14.000000 16.000000
v 86.559999 14.000000 16.640000
v 86.590874 14.002807 19.070878
v 86.559998 14.000000 19.359999
v 86.658824 14.155294 19.458822
v 86.400000 14.160000 15.679999
v 86.879997 14.160000 20.000000
v 86.575793 14.482537 15.319849
v 86.559998 14.320000 15.519999
v 86.600303 14.323664 15.664121
v 86.559997 14.240000 20.080000
v 86.559998 14.480000 20.320000
v 86.453277 14.512333 14.898768
v 86.720001 15.360000 20.879999
v 86.719997 15.520000 21.039999
v 86.559999 15.679999 14.000000
v 86.399998 15.839998 13.840000
v 86.559998 15.839998 14.000000
v 86.613330 15.840000 21.199999
v 86.399999 16.159999 13.679999
v 86.610000 16.399993 13.870001
v 86.559998 16.959999 13.840000
v 86.559998 16.959995 21.199999
v 86.645106 17.079147 13.993191
v 86.559998 17.279998 21.199999
v 86.560001 17.440001 21.039999
v 86.559994 17.600000 14.160000
v 86.613334 17.760001 21.039999
v 86.649395 17.954954 20.856574
v 86.563635 17.961818 14.518181
v 86.526194 18.284326 14.675192
v 86.502492 18.297410 14.889863
v 86.486851 18.427990 15.524649
v 86.507582 18.383448 14.971035
v 86.559995 18.799999 17.279997
v 86.243286 18.780821 20.022466
v 86.559998 18.959999 17.760000
v 86.239996 19.119999 18.240000
v 87.199997 19.119999 19.359999
v 86.653235 13.940293 17.279705
v 86.666005 13.973521 17.519951
v 86.719999 13.840000 17.759999
v 86.720001 14.160000 16.639999
v 86.719999 14.000000 16.799998
v 86.720000 14.160000 15.839999
v 86.720002 14.480000 15.359999
v 86.720001 15.040000 20.719999
v 86.720001 15.200000 20.879999
v 86.879996 15.520000 14.480000
v 86.640000 16.106664 14.080001
v 86.639999 16.160001 13.920000
v 86.720001 16.480000 14.000000
v 86.719999 16.480001 21.199999
v 86.720001 16.639999 21.359999
v 86.787099 17.052904 21.365160
v 86.933334 17.600001 21.199999
v 86.559998 18.240000 20.719999
v 86.847622 18.292402 14.660706
v 86.659272 18.560932 14.991121
v 86.615999 18.504000 15.647996
v 86.688000 18.789332 15.205333
v 86.835284 18.631067 20.177472
v 86.720001 18.799999 15.520000
v 86.639999 18.719998 15.839999
v 86.720001 18.959999 16.000001
v 86.559997 18.799999 16.479998
v 86.720001 18.959999 16.799999
v 86.559998 18.799999 16.799999
v 86.720000 18.799999 16.959997
v 87.199997 18.799999 19.840000
v 86.719999 18.959999 19.359999
v 86.876907 13.997199 17.652342
v 86.719998 13.840000 18.399998
v 86.879997 13.840000 18.559999
v 86.879996 14.000000 18.320000
v 86.719999 14.160000 15.999999
v 86.927163 14.176530 16.296156
v 86.879996 14.160000 17.439999
v 86.720001 14.160000 19.199999
v 86.807996 14.312000 15.591999
v 86.879997 14.320000 15.839999
v 86.719999 14.480000 15.199999
v 86.879994 14.640000 15.359999
v 86.879998 14.480000 15.520000
v 86.879997 14.719999 20.559999
v 87.039998 14.960000 15.040000
v 86.879998 14.880000 20.719999
v 87.117946 15.282051 14.783589
v 86.879994 15.040000 20.879999
v 86.827974 15.464918 18.070382
v 86.830533 15.474839 18.417634
v 86.720001 15.840005 14.160000
v 86.879997 16.000000 14.160000
v 86.826149 16.164615 18.453845
v 86.836125 16.177634 18.024086
v 86.879996 16.319996 14.160000
v 86.895872 16.360305 21.363663
v 86.879995 16.479998 14.160000
v 86.879997 16.639999 14.000000
v 86.879997 16.960000 14.000000
v 86.719997 17.279999 14.160000
v 86.959998 17.279999 21.199999
v 86.879997 17.279999 14.160000
v 86.928011 17.598420 14.188284
v 86.879997 17.920000 14.480000
v 86.915550 17.973333 21.022221
v 86.559998 18.080000 14.639999
v 86.844443 18.026667 20.737777
v 87.040001 18.320000 14.880000
v 86.949720 18.666028 20.387010
v 86.874118 18.514919 20.437103
v 87.040001 18.719999 15.120000
v 86.879997 18.799999 15.360000
v 86.879995 18.959999 15.520000
v 86.879996 18.959999 15.839999
v 86.719998 18.799999 17.440002
v 86.879997 18.799999 20.000000
v 86.879997 18.960000 17.013333
v 86.879997 18.959999 17.440003
v 87.039999 18.959999 18.080000
v 87.059999 19.122856 18.277143
v 87.039995 19.119999 18.879998
v 87.040001 14.000000 18.560001
v 87.040001 14.000000 18.879999
v 86.879997 13.840000 18.879999
v 86.879997 14.160000 16.799999
v 87.040001 14.160000 17.600000
v 87.040001 14.160000 18.240002
v 87.040001 14.160000 20.000000
v 87.120002 14.160000 20.160000
v 86.963103 14.402913 16.081045
v 87.024069 14.476361 15.560231
v 87.040001 14.559999 20.559999
v 87.243077 14.996922 15.206158
v 87.040002 14.799999 20.639999
v 87.040000 15.040000 20.879999
v 87.146664 15.360000 21.039999
v 87.093332 15.520000 21.199999
v 87.040000 15.759995 14.480000
v 87.199998 15.999999 14.480000
v 87.217632 16.215914 18.443871
v 87.035310 16.244587 14.314474
v 87.040697 16.560838 14.160018
v 87.040001 16.320000 21.359999
v 87.039997 17.066669 14.160000
v 87.039998 17.119999 21.359999
v 87.040001 17.279999 14.320000
v 86.994285 17.451428 14.285713
v 86.987928 17.734694 14.462273
v 87.039998 17.760000 21.039999
v 87.039997 17.920000 14.480000
v 87.072525 17.940641 21.054004
v 87.040001 18.080000 14.639999
v 87.035791 18.197895 20.757894
v 87.040001 18.559999 14.960000
v 87.040001 18.799999 20.160000
v 87.039999 18.959999 17.279998
v 86.880000 18.959999 19.520000
v 86.879997 19.119999 19.359998
v 87.075588 19.131813 15.861271
v 87.199996 19.279999 16.639997
v 87.040001 19.119999 17.119999
v 87.251763 14.014118 18.597646
v 87.199996 13.999999 19.199999
v 87.039999 14.160000 19.199999
v 87.199995 14.000000 20.000000
v 87.199998 14.160000 16.799999
v 87.246665 14.193334 18.413334
v 87.040000 14.639999 15.360000
v 87.225805 14.487742 16.018062
v 86.879997 14.639999 15.199997
v 87.339511 14.784452 20.601023
v 87.279999 14.880002 15.359998
v 87.217711 14.816716 20.838284
v 87.040001 15.200000 21.039999
v 87.215630 15.474942 18.024828
v 87.204613 15.466153 18.453846
v 87.199997 15.679998 14.480000
v 87.040001 15.839996 21.199999
v 87.199994 15.840001 21.359999
v 87.249461 16.177634 18.034839
v 87.253366 16.362901 14.337564
v 87.199996 16.160002 21.359999
v 87.199995 16.320000 21.520000
v 87.199997 16.639999 21.520000
v 87.039999 16.640003 21.359999
v 87.199998 16.800000 21.359999
v 87.199997 17.119999 21.359999
v 87.199997 17.760000 14.480000
v 87.199997 17.440001 21.199999
v 87.199207 17.839584 21.199916
v 87.199997 17.920001 14.639999
v 87.161735 18.149565 20.932175
v 87.167029 18.112961 21.170183
v 87.199997 18.080000 14.639999
v 87.199997 18.399999 14.960000
v 87.199994 18.559999 15.120000
v 87.199997 18.559999 20.400000
v 87.199997 18.799999 20.160000
v 87.040001 18.959999 15.679999
v 87.199995 19.119999 17.279997
v 87.199997 18.959999 19.520000
v 87.199997 18.959999 19.680000
v 87.040000 19.119999 16.640000
v 87.236532 19.123267 19.000986
v 87.199997 19.279999 18.400001
v 87.199995 19.279999 18.560007
v 87.320929 14.132092 18.881860
v 87.490730 13.994147 19.381462
v 87.308386 14.289031 18.725161
v 87.360001 14.160000 19.199999
v 87.039999 14.160000 16.639998
v 87.414587 14.502285 16.194476
v 87.359999 14.480000 16.479997
v 87.537775 14.511111 20.528888
v 87.279999 14.719997 15.520003
v 87.279999 14.719999 15.839997
v 87.449275 14.893669 15.567769
v 87.199997 15.200000 14.799999
v 87.200000 14.960000 15.040001
v 87.279999 15.039998 15.359999
v 87.360001 15.360000 21.199999
v 87.444523 15.240754 15.056601
v 87.439995 15.680000 14.719995
v 87.318571 16.157144 14.601427
v 87.303999 16.287998 14.615999
v 87.360000 16.160001 21.359999
v 87.360001 16.320000 21.520000
v 87.242498 16.484999 14.357501
v 87.360001 16.799999 21.520000
v 87.199997 17.439998 14.480000
v 87.360001 17.440001 14.639999
v 87.439999 17.680000 14.639999
v 87.360001 17.440001 21.359999
v 87.360001 17.920000 14.799999
v 87.360001 17.920000 21.359999
v 87.359146 18.133760 21.166841
v 87.359999 18.160000 20.959999
v 87.414835 18.400586 14.986550
v 87.199999 18.160000 20.799999
v 87.469995 18.539997 20.689999
v 87.405548 18.765267 20.388339
v 87.435290 18.809411 15.247058
v 87.360001 18.799999 15.360000
v 87.359999 18.959999 19.919999
v 87.359998 18.959999 15.519999
v 87.353334 18.980000 15.706666
v 87.520921 19.120854 19.627662
v 87.360001 18.959999 20.160000
v 87.199996 19.279999 16.000000
v 87.359999 19.119999 16.959999
v 87.377707 19.424144 18.930385
v 87.519997 14.000000 20.000000
v 87.519997 14.160000 18.879999
v 87.519997 14.160000 20.160000
v 87.575999 14.344000 17.312000
v 87.519998 14.320000 18.400001
v 87.656584 14.312195 18.805853
v 87.439995 14.559999 16.320000
v 87.759995 14.719999 16.799997
v 87.599998 14.559999 17.199999
v 87.599998 14.719999 16.639999
v 87.476662 14.923333 15.833332
v 87.508566 14.765714 20.754285
v 87.439995 15.040001 15.519996
v 87.451702 14.930731 15.960976
v 87.680000 15.040000 20.879999
v 87.439994 15.199999 15.359998
v 87.360001 15.200000 21.039999
v 87.360000 15.520000 21.199999
v 87.439995 15.360000 15.200000
v 87.599998 15.680001 15.039998
v 87.360001 15.679999 21.359999
v 87.820168 15.643687 21.357684
v 87.439995 15.840003 14.719996
v 87.519996 16.000000 21.359999
v 87.573931 16.418219 14.670423
v 87.754283 16.679999 21.525715
v 87.199998 17.119998 14.320000
v 87.200001 17.279998 14.320000
v 87.519997 17.279999 14.639999
v 87.360001 17.120000 21.520000
v 87.519997 17.440000 21.359999
v 87.519997 17.759996 21.359999
v 87.575998 17.888000 14.824000
v 87.360001 18.079996 14.799999
v 87.409995 18.220003 14.989998
v 87.611461 18.125799 15.078949
v 87.439995 18.400000 15.200000
v 87.509185 18.332972 20.929729
v 87.527703 18.283670 21.180549
v 87.388230 18.562355 15.141177
v 87.488466 18.752800 20.693545
v 87.568585 19.044575 15.791614
v 87.519997 19.119999 19.999999
v 87.519999 18.959999 20.160000
v 87.580130 19.255799 16.025063
v 87.359998 19.119999 18.080001
v 87.519995 19.279999 16.959997
v 87.483073 19.277537 18.220308
v 87.423264 19.444371 18.469649
v 87.547823 19.429564 18.918260
v 87.519998 14.160000 19.199996
v 87.599998 14.399998 17.439999
v 87.679998 14.320000 18.559998
v 87.680000 14.480000 18.346666
v 87.756051 14.556048 20.715061
v 87.599998 14.719999 16.319999
v 87.759995 14.719998 17.333334
v 87.679998 14.719999 20.719999
v 87.627047 14.938131 16.447613
v 87.680000 14.880000 20.879999
v 87.610490 15.113442 15.593442
v 87.599998 15.040000 15.839998
v 87.659457 14.949910 16.041018
v 87.599998 15.359998 15.520000
v 87.745876 15.143529 21.021175
v 87.759995 15.679995 15.199998
v 87.439994 15.359997 15.359997
v 87.680000 15.520000 21.199999
v 87.599998 15.839999 14.880000
v 87.599789 16.266604 14.879901
v 87.599998 16.160000 15.040000
v 87.519996 16.160000 21.520000
v 87.599998 17.600000 14.879997
v 87.679999 17.520001 21.520000
v 87.589564 17.732170 14.841739
v 87.599998 17.760001 15.039998
v 87.679995 18.080000 21.199999
v 87.725474 18.277446 15.161176
v 87.766915 18.330679 21.199126
v 87.605912 18.370441 15.339123
v 87.707912 18.340663 20.928430
v 87.734278 18.594311 20.892115
v 87.599998 18.719998 15.679997
v 87.679475 18.766300 20.691436
v 87.589564 18.852174 15.801739
v 87.554116 19.276469 16.190585
v 87.742217 19.146664 19.715554
v 87.764272 19.122663 19.919490
v 88.053580 19.261650 16.814678
v 87.839995 19.439999 19.199997
v 87.839996 19.439999 18.400000
v 87.680000 14.160000 19.360002
v 87.680000 14.160000 20.000000
v 87.856359 14.489090 19.154543
v 87.839996 14.320000 19.359999
v 88.114540 14.310908 20.303636
v 87.759995 14.559997 17.440003
v 87.759995 14.559999 17.760000
v 87.839996 14.479999 18.453331
v 87.839996 14.639999 17.920000
v 87.839996 14.639999 18.240000
v 87.791994 14.927999 16.624000
v 87.895998 14.984001 16.512000
v 87.759995 14.880000 17.279998
v 87.919998 15.200000 16.000001
v 87.679997 14.960000 16.320001
v 87.839996 15.360000 21.199999
v 87.839993 15.520000 21.359999
v 87.759994 15.679998 15.359999
v 87.759995 16.160000 15.360000
v 87.839996 16.000001 21.359999
v 87.759995 16.160001 15.199997
v 87.919998 16.160000 15.520000
v 87.960000 16.085713 21.514286
v 87.759995 16.426670 15.039999
v 87.839995 16.799999 21.680000
v 87.759995 17.279999 15.040000
v 87.759995 17.440000 15.200000
v 87.759995 17.600000 15.040000
v 87.870473 17.577142 21.687620
v 87.971488 17.780595 21.515248
v 87.759995 18.080000 15.200000
v 87.679999 17.920000 21.359999
v 87.839996 17.920000 21.520000
v 87.931427 18.045715 15.382857
v 87.839997 18.079999 21.359999
v 87.759995 18.240000 15.360000
v 87.759995 18.240000 15.520000
v 87.759995 18.400000 15.520000
v 87.759995 18.559999 15.679998
v 87.759995 18.559999 15.840000
v 87.839996 18.559999 21.039999
v 87.759995 19.040000 16.160000
v 87.896363 18.688862 20.764735
v 87.759995 18.879999 16.160000
v 87.941014 18.938292 20.779424
v 87.679996 18.799999 20.479996
v 88.000000 19.119999 20.639999
v 87.839996 19.119999 20.159996
v 87.878127 19.271385 16.582156
v 87.977144 19.289795 18.328165
v 87.759995 19.359999 19.520000
v 87.794840 19.406656 19.871709
v 88.059192 14.187746 19.707282
v 88.000003 14.160000 20.160000
v 88.000000 14.480000 19.199999
v 88.043078 14.356923 19.526155
v 88.363514 14.494162 20.639201
v 88.056002 14.664000 18.111999
v 88.000001 14.639999 18.400001
v 88.000000 14.639999 19.039999
v 87.839996 14.719999 20.879999
v 87.919998 14.880000 17.440001
v 87.919998 14.880000 17.600000
v 88.080001 14.880000 18.026667
v 87.919998 15.039999 17.279999
v 87.919998 15.040000 17.440001
v 88.000000 15.040000 21.199999
v 87.919998 15.200000 16.799999
v 88.035202 15.187201 21.222400
v 87.919998 15.200000 16.320000
v 87.919998 15.200000 17.119998
v 87.919998 15.520000 16.480000
v 88.055684 15.357534 21.226580
v 87.919998 15.679999 15.520000
v 87.938347 15.733577 15.825320
v 87.919998 15.679999 16.480000
v 88.044906 15.494707 21.374964
v 87.919998 15.839999 15.679999
v 88.062981 15.809362 16.321702
v 88.000000 15.679999 21.520000
v 87.916334 16.464122 15.639694
v 87.919998 16.480000 15.200000
v 87.919998 17.280001 15.200002
v 87.919998 17.440001 15.360000
v 87.759995 17.760000 15.200000
v 88.000000 17.920002 21.520000
v 87.919998 18.080000 15.520000
v 88.000002 18.080000 21.359998
v 87.919998 18.240000 15.679999
v 87.919998 18.240000 15.839999
v 88.000002 18.240002 21.359999
v 87.919998 18.400000 15.679999
v 87.919998 18.400000 15.839999
v 88.080002 18.400000 16.000000
v 88.000002 18.400000 21.199999
v 87.900486 18.657560 16.101464
v 87.919998 18.559999 16.160000
v 88.000003 18.559999 21.039999
v 87.959499 18.729740 21.020491
v 87.919998 18.879999 16.320000
v 87.912379 18.948570 16.571428
v 87.958827 18.909965 21.015131
v 87.919998 19.039997 16.320000
v 88.027584 19.121838 20.465288
v 87.839996 19.439999 18.559997
v 87.978536 19.274145 20.029268
v 88.000000 19.439999 18.799997
v 88.159996 19.439999 19.359999
v 88.350005 19.429949 19.838661
v 88.080002 14.240003 20.000001
v 88.000002 14.320000 19.359999
v 88.138018 14.468516 19.234584
v 88.159996 14.480000 20.480000
v 88.080002 14.720001 18.240001
v 88.221536 14.676923 18.584617
v 88.207266 14.663687 19.052672
v 88.239998 15.039999 17.760000
v 88.000000 14.719999 20.879999
v 88.441543 14.942039 21.096656
v 88.080002 15.040000 17.600002
v 88.068236 15.178821 17.564708
v 88.087692 15.445579 16.684463
v 88.109304 15.352090 17.170826
v 88.239998 15.360002 17.279999
v 88.110829 15.352959 21.493215
v 88.104824 15.516014 17.017031
v 88.159996 15.520000 21.520000
v 88.155929 15.778982 16.203389
v 88.080002 15.839999 16.480000
v 88.080002 15.839999 16.799999
v 88.114288 15.875354 17.005673
v 88.222271 15.741547 21.526026
v 88.102852 15.990673 16.694062
v 88.117967 16.175593 16.258982
v 88.097002 16.167667 16.680334
v 88.205486 16.558431 15.863530
v 88.159996 16.639999 21.520000
v 88.118642 16.581432 16.012679
v 88.185451 16.825455 21.683637
v 88.080002 16.639999 15.679999
v 88.098985 17.275931 15.883392
v 88.108389 17.125160 16.049034
v 88.080002 16.639999 15.520000
v 88.227299 17.438732 15.972065
v 88.080002 17.920000 15.520000
v 88.080002 17.760001 15.840002
v 88.159996 17.760000 21.680000
v 88.080002 18.080000 15.679999
v 88.073602 18.163199 15.955200
v 88.080002 17.920000 16.000002
v 88.319995 18.239999 21.680001
v 88.080002 18.400000 16.160000
v 88.080002 18.399996 16.320001
v 88.080002 18.560000 16.320001
v 88.139998 18.510000 21.229999
v 88.080002 18.719999 16.320000
v 88.080002 18.719999 16.480002
v 88.159996 18.719999 21.039999
v 88.080002 19.039999 16.800003
v 88.080002 19.039996 18.079999
v 88.479996 18.959999 20.799999
v 88.162654 18.936758 21.005149
v 88.080002 19.199999 18.240001
v 88.159999 19.279999 18.720001
v 88.159998 19.279999 18.880000
v 88.159996 19.439999 19.039999
v 88.159996 14.320000 20.160000
v 88.239998 14.559999 19.520000
v 88.080002 14.400005 19.840000
v 88.320000 14.480000 20.320000
v 88.239998 14.719999 19.359999
v 88.400002 14.719999 19.520000
v 88.239998 14.960002 18.159997
v 88.259360 14.929798 18.847056
v 88.239613 14.879622 18.399991
v 88.234577 15.320103 17.685801
v 88.400002 15.200000 18.240000
v 88.430377 15.478986 17.080506
v 88.239998 15.520000 17.279999
v 88.386787 15.544219 17.190458
v 88.243807 15.649524 17.634286
v 88.364802 15.737599 15.836799
v 88.320000 15.759999 16.160000
v 88.320000 15.839999 16.240000
v 88.274983 15.854088 17.220581
v 88.273867 15.886603 17.629692
v 88.516519 15.848695 16.255652
v 88.364615 16.231913 21.687263
v 88.374119 16.468233 15.724704
v 88.320003 16.746663 21.680001
v 88.479999 16.959998 21.999999
v 88.320000 17.279999 15.920000
v 88.320000 17.279999 21.840000
v 88.363974 17.355740 16.027405
v 88.304367 17.394941 16.375172
v 88.239998 17.760000 16.000000
v 88.390619 17.767558 16.459486
v 88.239998 18.240000 16.320000
v 88.239998 17.919999 16.160001
v 88.320000 18.080000 21.680000
v 88.319999 17.920001 21.840000
v 88.239997 18.239999 16.160002
v 88.239998 18.400000 16.480001
v 88.239998 18.559999 16.639999
v 88.234144 18.589268 16.938536
v 88.288003 18.504000 21.223999
v 88.239998 18.559999 16.480000
v 88.359289 18.702827 21.200308
v 88.239998 18.879999 16.799999
v 88.239998 18.879999 17.119999
v 88.381054 18.751577 17.762105
v 88.239998 18.879999 18.080000
v 88.263998 18.824000 18.207999
v 88.324761 18.926909 21.183074
v 88.239998 19.039998 18.293335
v 88.320001 19.279998 18.933333
v 88.320000 19.279999 20.000000
v 88.479996 19.279999 20.320000
v 88.400002 14.719999 19.840000
v 88.400002 14.559999 20.000000
v 88.320002 14.960000 18.719999
v 88.525703 14.994291 18.998214
v 88.400002 14.880004 19.359994
v 88.559997 15.200002 18.400001
v 88.559998 15.200001 18.719999
v 88.396338 15.400304 16.015876
v 88.559998 15.360002 15.839997
v 88.400001 15.359998 16.320001
v 88.556442 15.260446 16.419557
v 88.436706 15.761198 17.724110
v 88.418944 15.413562 18.237634
v 88.479996 15.360001 21.520000
v 88.533394 15.408183 17.110655
v 88.400001 15.679998 15.679996
v 88.559997 15.519997 15.839999
v 88.400002 15.679999 16.160000
v 88.424309 15.731584 16.305737
v 88.533844 15.844615 17.013845
v 88.320000 15.839999 21.680000
v 88.400002 16.000000 15.519997
v 88.470765 15.960000 16.741538
v 88.543486 16.170000 16.280698
v 88.487719 16.217266 16.689760
v 88.559998 16.559999 15.359997
v 88.480000 16.319999 21.840000
v 88.400001 16.480002 15.520000
v 88.535079 16.587978 16.009617
v 88.528084 17.128269 16.056451
v 88.479996 16.799999 21.840000
v 88.441906 17.222854 17.123809
v 88.479998 17.279999 22.000000
v 88.647880 17.381926 16.373104
v 88.419365 17.273714 16.589722
v 88.432001 17.456000 17.344000
v 88.599356 17.582055 16.409118
v 88.520355 17.661231 16.503725
v 88.561005 17.877246 17.418288
v 88.479996 18.080000 21.840000
v 88.400002 18.240000 16.480000
v 88.400002 18.079999 17.280001
v 88.400002 18.400000 16.639999
v 88.400002 18.400000 16.959999
v 88.374290 18.478916 21.441723
v 88.404002 18.691999 17.139999
v 88.400002 18.559997 17.760000
v 88.559998 18.559998 17.920002
v 88.529029 18.771612 17.914840
v 88.479998 18.799999 18.400000
v 88.559998 19.039998 18.880000
v 88.676243 18.938893 21.149515
v 88.400002 19.199997 19.359996
v 88.400002 19.199996 19.679999
v 88.479996 19.119999 20.639999
v 88.376002 19.415998 19.552000
v 88.585452 14.992728 16.163636
v 88.639999 14.960000 16.320000
v 88.559998 15.040000 17.119998
v 88.559998 15.040001 20.320001
v 88.603634 15.138180 16.007275
v 88.559998 15.200000 18.879999
v 88.720001 15.200000 20.320000
v 88.559998 15.200000 21.279999
v 88.588798 15.398399 18.403199
v 88.559998 15.360000 18.559999
v 88.559998 15.199997 20.479997
v 88.720001 15.360000 21.279999
v 88.589471 15.529825 15.619648
v 88.639999 15.360000 17.199999
v 88.645314 15.487617 18.181010
v 88.717409 15.497723 18.684738
v 88.693334 15.555556 21.502222
v 88.824395 15.589818 18.077984
v 88.639999 15.839999 15.440000
v 88.559998 15.679999 16.480000
v 88.552215 15.888824 16.717673
v 88.694510 15.855961 17.233679
v 88.640000 15.759999 17.760000
v 88.855453 15.738944 17.906181
v 88.699316 15.665212 21.483984
v 88.639999 16.000000 15.280000
v 88.639999 15.920000 17.600000
v 88.640001 15.839998 21.680000
v 88.639999 16.639999 15.280000
v 88.819909 16.283417 21.817760
v 88.559998 16.639999 15.520000
v 88.559998 16.799999 15.520000
v 88.581920 17.015865 15.541810
v 88.570432 16.998259 15.707825
v 88.559998 17.119999 15.839999
v 88.510946 17.285254 15.897226
v 88.701533 17.396911 15.814962
v 88.838092 17.436191 17.337141
v 88.479996 17.440000 21.840000
v 88.752808 17.728882 17.362579
v 88.585096 17.882354 17.607844
v 88.559998 18.080000 17.440001
v 88.559998 18.080000 17.600000
v 88.559998 18.240000 17.760000
v 88.559997 18.240000 18.559999
v 88.479998 18.240000 21.680000
v 88.799995 18.080001 21.840000
v 88.559998 18.719998 18.559998
v 88.559998 18.400000 18.559999
v 88.559998 18.719999 18.986666
v 88.559998 18.879999 19.199999
v 88.559998 18.879999 19.520000
v 88.559998 19.039999 19.680000
v 88.559998 19.039999 19.840000
v 88.479996 19.119999 20.480000
v 88.694368 18.917565 20.627342
v 88.559998 19.199999 19.893337
v 88.799994 14.960000 16.160000
v 88.799998 14.799999 16.320000
v 88.888964 14.790421 17.230801
v 88.739086 14.988832 17.427727
v 88.720001 15.200000 19.039999
v 88.799997 15.360000 15.599999
v 88.720001 15.360000 18.719999
v 88.720001 15.359989 18.880010
v 88.720001 15.360000 20.799999
v 88.721981 15.019539 17.277433
v 88.720001 15.360002 20.480002
v 88.639999 15.679999 15.440000
v 88.720001 15.680001 17.440004
v 88.720001 15.679999 18.240000
v 88.800061 15.679930 18.159908
v 88.720001 15.520000 18.240000
v 88.720001 15.679998 18.720002
v 88.720001 15.679999 21.119999
v 88.772393 15.777463 17.600002
v 88.757966 15.901018 18.224407
v 88.738899 15.893606 18.529742
v 88.925280 15.897358 18.709436
v 88.879997 15.840000 21.439997
v 88.960001 16.000000 15.280000
v 88.874487 16.264169 21.508064
v 88.869273 16.804487 21.798365
v 88.819998 16.931999 15.276000
v 88.833936 16.962423 21.985454
v 88.797358 17.053072 15.558020
v 88.858534 17.285853 21.964877
v 88.858563 17.238641 16.627320
v 88.850147 17.221492 17.108059
v 88.735835 17.435833 17.550832
v 88.800515 17.392727 17.970390
v 88.857270 17.426364 21.815454
v 88.756924 17.661540 16.024613
v 88.847795 17.603363 16.580638
v 88.720001 17.599998 18.080000
v 88.720001 17.599998 18.240001
v 88.799995 17.680000 16.320000
v 88.832894 17.700855 16.475903
v 88.752816 17.744526 17.552565
v 88.725904 18.038476 17.782164
v 88.720001 17.920000 18.240000
v 88.720001 18.080000 18.400000
v 88.720001 18.239997 18.719999
v 88.729413 18.512941 18.804705
v 88.720001 18.399997 19.039997
v 88.720001 18.559996 19.359997
v 88.720001 18.719999 19.199999
v 88.720001 18.719999 19.520000
v 88.720001 18.719996 19.679999
v 88.720001 18.719997 20.799998
v 88.733236 18.699702 21.120295
v 88.862881 18.591798 21.301663
v 88.720001 18.879999 19.680000
v 88.720001 18.879997 19.839998
v 88.720001 18.879997 20.480002
v 88.720001 19.039999 20.000000
v 88.720001 19.039999 20.320000
v 88.959999 14.960000 17.439999
v 88.899902 14.979985 17.588558
v 88.903997 14.984001 17.728000
v 88.799998 15.120000 15.839999
v 88.894217 15.386845 17.968443
v 88.903997 15.232000 17.975999
v 88.891426 15.542859 18.914285
v 88.879997 15.520000 19.520000
v 88.879997 15.520000 20.799997
v 88.879997 15.680000 17.600002
v 88.879997 15.679999 18.879999
v 89.044001 15.707999 19.059999
v 89.040001 15.679999 19.520000
v 88.879997 15.679999 19.680000
v 88.879998 15.840002 21.066664
v 89.123805 15.878095 18.182857
v 88.879997 15.839999 18.879999
v 88.879997 15.679999 20.639999
v 88.879997 15.840000 20.799999
v 88.879997 16.160000 21.119999
v 89.040001 16.480000 21.279999
v 88.879997 16.480000 21.439999
v 88.879997 16.959999 21.439999
v 89.111299 17.024347 15.323478
v 88.922161 17.055693 18.070214
v 88.894394 17.089931 18.400911
v 88.879997 17.279999 18.080000
v 89.007271 17.259021 17.996364
v 88.959999 17.440001 15.599999
v 88.959999 17.359999 17.920000
v 88.884525 17.423396 18.120753
v 88.879997 17.119999 21.600001
v 88.959999 17.680000 15.839999
v 88.879997 17.760000 17.279999
v 88.879997 17.680000 18.399999
v 88.879997 17.760001 21.600001
v 88.879997 18.080000 21.760000
v 88.993209 17.849057 16.561508
v 88.959999 17.840000 17.279999
v 88.799995 17.840000 17.440001
v 88.879997 17.919999 18.400002
v 88.879997 17.920000 18.560000
v 88.879997 17.920000 21.439999
v 88.879997 18.239999 18.933331
v 88.879997 17.920000 19.199997
v 88.879997 18.240000 19.520001
v 88.884703 18.338823 21.378822
v 88.879997 18.399997 19.253331
v 88.879997 18.400000 20.000000
v 88.879997 18.559997 19.573333
v 88.879997 18.240000 19.839999
v 88.879997 18.559999 20.799999
v 88.879997 18.719998 19.840002
v 88.879997 18.719999 20.639999
v 89.119999 14.799999 16.320001
v 89.279997 14.960000 17.440000
v 89.245716 14.948572 16.182857
v 89.138839 14.985948 17.974052
v 89.119995 15.360000 18.160000
v 89.249654 15.911724 18.339310
v 89.119995 15.920000 18.559999
v 89.060102 16.008966 18.677466
v 89.040001 15.839999 19.680000
v 89.040001 15.839999 20.640000
v 89.044529 16.016604 20.919244
v 89.069852 16.171940 18.661490
v 89.043479 16.233044 20.601736
v 89.061465 16.314147 18.515119
v 89.044924 16.199387 19.753847
v 89.069852 16.491940 18.501490
v 89.030001 16.569998 20.709996
v 89.061465 16.634146 18.355120
v 89.040001 16.639999 19.680003
v 89.040001 16.640002 19.359997
v 89.199997 16.800002 20.800000
v 89.167354 16.930332 18.317511
v 89.040001 16.960000 19.040001
v 89.040001 16.799998 21.119996
v 89.040001 16.959999 21.279999
v 89.040001 17.119999 21.439999
v 89.040001 17.119999 18.559999
v 89.040001 17.119999 21.119997
v 89.040001 17.760000 21.439999
v 89.280000 17.440001 15.599999
v 89.098531 17.469270 17.514147
v 89.040001 17.279999 20.959996
v 89.040001 17.600003 19.040001
v 89.119997 17.840000 16.320000
v 89.276362 17.698182 17.567273
v 89.040001 17.760000 18.559999
v 89.040001 17.759998 19.199997
v 89.040001 17.759998 19.840002
v 89.027693 17.846154 20.529227
v 89.040001 17.600001 20.959997
v 88.960000 17.840000 16.959998
v 89.119993 17.840000 17.119999
v 89.040001 18.080000 19.520000
v 89.040001 17.920000 21.279999
v 89.119995 18.000000 16.959999
v 89.040001 18.080000 19.840000
v 89.040001 18.239998 20.320000
v 89.040001 18.240000 21.279999
v 89.280002 14.799999 17.279999
v 89.279999 14.960000 16.320000
v 89.279834 15.039998 18.000000
v 89.331614 15.150968 15.834838
v 89.317462 15.140832 15.990897
v 89.341018 15.364067 15.636610
v 89.342439 15.530644 15.628479
v 89.313940 15.682424 15.454546
v 89.337656 15.840491 15.471839
v 88.959995 15.839999 15.440000
v 89.273725 15.957647 18.622745
v 89.279999 16.319999 15.280000
v 89.207616 16.350476 20.457142
v 89.194283 16.760002 19.765713
v 89.329033 16.805160 15.308387
v 89.114141 17.075121 15.578536
v 89.387953 16.805458 15.580805
v 89.199997 16.319999 19.840002
v 89.199997 16.799999 20.959999
v 89.333359 17.086987 18.034478
v 89.324707 17.065882 18.228234
v 89.207616 16.883808 19.245714
v 89.199997 17.119999 20.959999
v 88.799998 17.280000 15.599999
v 89.323391 17.284066 18.018984
v 89.199997 17.279999 20.799999
v 89.164702 17.385881 17.908235
v 89.279999 17.440001 18.000000
v 89.225737 17.601481 17.979051
v 89.199997 17.600000 19.200002
v 89.194283 17.640000 19.925714
v 89.199997 17.600000 20.639999
v 89.199997 17.600000 20.799999
v 89.120001 17.680000 16.160000
v 89.600000 17.840000 16.319999
v 89.599998 17.840000 17.440001
v 89.202649 18.040221 20.304972
v 89.119998 18.000000 16.639999
v 89.439995 18.000000 16.959999
v 89.199997 18.079999 20.000002
v 89.439995 14.799999 17.119999
v 89.439997 15.120000 16.320000
v 89.439996 14.960000 16.480000
v 89.439995 14.960000 17.920000
v 89.439995 15.120000 18.080000
v 89.600000 15.120000 18.080001
v 89.378984 15.515931 16.043392
v 89.360001 15.679999 15.839999
v 89.439995 15.679999 18.320000
v 89.393403 15.875432 15.885069
v 89.439997 15.759999 18.400000
v 89.442755 15.784827 18.601379
v 89.489029 15.994841 15.468387
v 89.504335 15.970436 15.671157
v 89.439996 16.319997 15.440000
v 89.439995 16.160000 18.639999
v 89.439995 16.320000 18.480000
v 89.360001 16.480000 15.360000
v 89.476125 16.472257 18.505807
v 89.381405 16.652914 15.557192
v 89.487997 16.656000 18.336000
v 89.439995 17.119999 18.320000
v 89.600000 17.119997 15.599999
v 89.393064 17.321581 18.274984
v 89.419996 17.490000 15.789999
v 89.436763 17.381813 18.024627
v 89.280002 17.680000 15.839999
v 89.439995 17.840000 16.480000
v 89.538821 17.844706 17.058822
v 89.439995 18.000000 16.639999
v 89.439995 14.799999 16.640000
v 89.680000 15.040000 16.479999
v 89.577141 14.948572 16.514285
v 89.599998 14.960000 17.119995
v 89.656000 14.984001 17.728000
v 89.646667 15.153333 17.906665
v 89.521154 15.136231 16.238840
v 89.599998 15.280000 18.240000
v 89.793118 15.325956 18.297778
v 89.439995 15.679999 15.920000
v 89.704196 15.913018 15.907209
v 89.519997 16.480000 15.520001
v 89.600000 16.479997 15.759999
v 89.556897 16.630887 15.732361
v 89.545451 16.796363 18.607271
v 89.563868 16.967741 18.454192
v 89.599998 17.119999 18.480000
v 89.599998 17.279999 18.320000
v 89.622530 17.466257 15.776764
v 89.650000 17.490000 16.020002
v 89.600001 17.680000 17.600000
v 89.600000 17.840000 16.533335
v 89.756266 15.276810 18.002306
v 89.839996 15.360000 16.320001
v 89.807996 15.312000 16.655999
v 89.759995 15.520000 16.080000
v 89.849145 15.637797 18.304452
v 89.811021 15.689903 15.943281
v 90.079994 15.759999 18.400000
v 89.917416 15.797418 18.628387
v 89.599998 16.320000 18.639999
v 89.600000 16.800000 15.599999
v 89.759995 16.799996 15.759999
v 89.650000 17.259996 15.790000
v 89.839996 17.119998 15.840001
v 89.763929 17.384917 18.023607
v 89.919998 17.359999 18.240000
v 89.599997 17.680000 16.160000
v 89.755927 17.661017 17.963390
v 89.759995 17.840000 16.639999
v 89.759995 17.840000 17.279999
v 89.982222 15.306667 16.835554
v 89.974384 15.315457 17.742861
v 89.866663 15.582221 18.115555
v 89.861535 15.559999 18.230769
v 89.839996 15.946666 16.160000
v 89.839996 16.159998 16.000002
v 89.839996 16.480001 16.000001
v 89.822219 16.675556 15.786666
v 89.919998 16.799999 18.639999
v 90.051760 16.875293 18.489411
v 90.089085 17.164653 18.453300
v 89.839996 17.119998 16.000000
v 89.919998 17.199999 18.400000
v 89.839996 17.600000 16.479999
v 89.938746 17.385225 17.863756
v 89.839996 17.599999 16.320000
v 89.909288 17.664751 17.814903
v 90.000000 17.600000 16.639999
v 89.971199 17.651200 17.199998
v 90.000000 15.360001 17.120000
v 90.000000 15.360001 17.600000
v 90.215457 15.581512 17.600000
v 90.026666 15.582223 17.795553
v 90.043996 15.586145 17.932285
v 90.000000 15.520002 16.906666
v 90.056762 15.594017 18.214560
v 90.000000 15.893333 16.320000
v 90.000000 15.840002 16.480001
v 89.995247 16.459408 16.451487
v 90.000000 16.160000 16.160000
v 90.000000 16.640001 16.160000
v 90.159996 16.959997 16.320000
v 89.999999 17.066667 16.160000
v 90.000000 17.440001 16.640002
v 90.000000 17.439998 16.959999
v 90.137647 17.343709 17.889556
v 90.129985 17.344796 18.048411
v 90.159996 17.439999 17.760001
v 90.159996 15.520000 17.119999
v 90.167615 15.763807 16.685716
v 90.159996 15.839999 16.799999
v 90.159996 15.679999 16.959999
v 90.159996 15.679999 17.440001
v 90.320000 15.839999 18.240000
v 90.159996 16.320000 16.799999
v 90.159996 16.480000 16.959999
v 90.155073 16.600615 16.566153
v 90.159996 16.640001 18.399998
v 90.162815 16.854194 18.236929
v 90.163851 17.046746 16.998553
v 90.159996 16.639999 16.320002
v 90.151821 17.143539 18.171114
v 90.159996 17.279996 16.640000
v 90.159996 17.279999 16.959999
v 90.159996 17.439999 17.119999
v 90.293333 15.617778 17.884444
v 90.320000 15.839999 16.959999
v 90.320000 15.839999 18.080000
v 90.320000 15.679999 17.600000
v 90.320000 16.639999 18.240000
v 90.320000 16.320000 16.959999
v 90.320000 15.839999 17.440001
v 90.320000 16.480000 17.119999
v 90.323077 16.919999 18.064615
v 90.320000 16.959999 17.119999
f 16 1 2
f 16 2 3
f 4 1 17
f 5 3 2
f 4 2 1
f 2 8 5
f 8 7 5
f 6 9 4
f 9 2 4
f 9 6 10
f 2 9 8
f 8 12 7
f 9 28 8
f 7 12 11
f 12 8 27
f 34 11 12
f 14 15 13
f 13 1 14
f 17 1 13
f 15 18 13
f 18 17 13
f 39 18 15
f 39 19 18
f 18 4 17
f 19 20 18
f 4 18 6
f 6 18 20
f 44 21 23
f 24 23 21
f 7 24 3
f 3 24 21
f 5 7 3
f 6 20 10
f 22 10 20
f 23 26 25
f 24 26 23
f 24 7 26
f 22 29 10
f 29 22 49
f 7 11 26
f 8 28 27
f 9 10 28
f 29 28 10
f 26 33 25
f 28 30 27
f 31 30 28
f 32 28 29
f 11 34 26
f 34 12 27
f 34 27 35
f 35 27 30
f 53 52 30
f 31 53 30
f 36 33 26
f 38 34 37
f 38 36 34
f 36 26 34
f 35 37 34
f 38 33 36
f 1 16 61
f 16 86 61
f 61 14 1
f 39 15 62
f 86 16 3
f 41 40 20
f 19 41 20
f 20 40 22
f 22 40 43
f 43 40 41
f 46 43 41
f 44 45 42
f 44 42 21
f 92 45 44
f 44 23 92
f 43 49 22
f 46 47 43
f 47 49 43
f 51 48 92
f 92 25 51
f 23 25 92
f 47 32 49
f 28 32 31
f 32 29 49
f 51 54 48
f 54 50 48
f 25 33 54
f 51 25 54
f 30 52 35
f 53 31 32
f 47 76 32
f 35 52 37
f 37 52 58
f 53 32 52
f 32 58 52
f 33 56 54
f 33 38 56
f 38 37 59
f 57 59 37
f 57 37 58
f 32 75 58
f 55 75 32
f 38 54 56
f 59 54 38
f 59 57 60
f 60 80 59
f 14 61 84
f 14 84 85
f 15 14 85
f 62 15 85
f 19 39 63
f 39 62 63
f 41 19 63
f 42 64 21
f 3 21 65
f 21 64 65
f 41 63 46
f 46 63 90
f 64 42 45
f 66 64 45
f 90 67 46
f 45 92 66
f 46 68 47
f 48 50 69
f 47 68 70
f 71 69 50
f 55 32 76
f 76 47 70
f 76 70 72
f 50 73 71
f 50 54 73
f 96 76 72
f 73 74 71
f 74 79 71
f 73 54 74
f 58 60 57
f 58 75 60
f 75 55 76
f 77 71 79
f 75 83 60
f 78 83 75
f 78 75 76
f 74 80 79
f 54 80 74
f 54 59 80
f 79 81 104
f 79 80 81
f 82 81 80
f 60 82 80
f 82 60 83
f 84 61 87
f 87 61 86
f 85 84 88
f 62 85 88
f 63 62 88
f 89 65 64
f 86 3 65
f 64 66 91
f 89 64 91
f 67 68 46
f 48 93 92
f 48 69 199
f 68 94 70
f 199 69 71
f 152 199 71
f 70 95 72
f 95 70 94
f 96 72 95
f 96 95 97
f 76 96 78
f 118 96 97
f 78 96 100
f 100 96 98
f 83 78 100
f 99 83 100
f 79 102 77
f 79 104 102
f 83 105 82
f 83 99 105
f 105 99 107
f 100 103 99
f 103 107 99
f 103 100 98
f 81 82 104
f 104 82 105
f 129 106 107
f 106 105 107
f 123 107 103
f 110 108 104
f 105 109 104
f 129 105 106
f 109 110 104
f 87 88 84
f 88 143 112
f 63 88 112
f 86 65 113
f 87 86 113
f 143 88 144
f 65 89 113
f 63 112 67
f 90 63 67
f 66 92 93
f 91 66 93
f 114 93 48
f 196 114 48
f 48 199 196
f 117 95 115
f 115 95 94
f 95 116 97
f 116 95 117
f 118 97 116
f 118 116 119
f 119 116 117
f 71 77 156
f 96 118 98
f 120 121 119
f 121 118 119
f 98 124 103
f 124 98 101
f 101 98 118
f 101 118 121
f 77 102 156
f 103 124 123
f 101 126 124
f 121 125 101
f 125 126 101
f 127 158 102
f 158 122 102
f 102 104 127
f 107 130 129
f 130 107 123
f 124 126 123
f 127 104 108
f 105 128 109
f 128 105 129
f 126 131 123
f 134 127 108
f 134 108 135
f 108 110 132
f 135 108 132
f 109 128 111
f 129 139 128
f 139 111 128
f 130 139 129
f 123 139 130
f 133 139 131
f 139 123 131
f 132 137 135
f 137 136 135
f 110 137 132
f 110 109 137
f 137 109 138
f 111 138 109
f 111 167 138
f 139 167 111
f 137 166 136
f 141 140 137
f 141 137 138
f 142 140 141
f 87 144 88
f 113 144 87
f 144 145 143
f 146 112 143
f 148 112 146
f 91 188 89
f 150 113 147
f 144 113 150
f 145 144 150
f 150 190 145
f 67 112 148
f 114 188 91
f 149 150 147
f 114 91 93
f 151 68 67
f 94 68 151
f 198 94 151
f 94 198 115
f 201 199 152
f 152 71 154
f 201 152 154
f 117 155 119
f 71 156 154
f 155 120 119
f 157 120 155
f 121 120 157
f 156 102 122
f 157 160 125
f 121 157 125
f 126 125 159
f 125 160 159
f 163 160 157
f 159 161 126
f 160 163 159
f 133 131 161
f 131 126 161
f 159 162 161
f 162 159 163
f 135 164 134
f 135 136 164
f 167 139 133
f 162 165 161
f 165 168 161
f 166 164 136
f 138 142 141
f 138 167 142
f 133 168 167
f 161 168 133
f 212 166 137
f 140 212 137
f 169 140 142
f 167 168 142
f 215 142 168
f 170 215 168
f 232 172 179
f 173 174 171
f 172 174 179
f 173 177 174
f 177 173 175
f 177 176 174
f 178 232 179
f 179 180 178
f 179 181 184
f 174 181 179
f 184 180 179
f 182 181 174
f 174 186 182
f 176 186 174
f 180 184 185
f 241 181 182
f 186 176 240
f 143 145 146
f 184 244 185
f 181 244 184
f 241 244 181
f 187 240 176
f 188 187 176
f 237 188 176
f 89 188 189
f 113 89 189
f 189 147 113
f 145 190 146
f 191 146 190
f 148 146 191
f 188 114 187
f 147 189 149
f 149 192 150
f 150 192 190
f 192 193 190
f 247 191 193
f 193 191 190
f 192 149 197
f 197 149 194
f 151 148 195
f 151 67 148
f 151 195 198
f 198 200 115
f 117 115 200
f 200 153 117
f 199 201 254
f 153 202 117
f 154 203 201
f 117 202 155
f 154 156 203
f 157 155 204
f 203 156 261
f 261 156 122
f 261 122 206
f 157 204 205
f 122 158 206
f 163 157 205
f 158 264 206
f 264 158 127
f 205 207 163
f 127 134 264
f 264 134 208
f 163 207 162
f 164 208 134
f 209 208 164
f 162 207 165
f 166 209 164
f 312 209 166
f 168 165 210
f 213 168 210
f 165 266 210
f 207 266 165
f 166 211 312
f 166 212 211
f 210 214 213
f 140 169 212
f 168 213 170
f 170 213 214
f 169 216 267
f 142 216 169
f 215 216 142
f 170 217 215
f 218 217 170
f 218 170 214
f 274 222 221
f 225 224 219
f 171 225 220
f 220 225 219
f 173 171 220
f 221 173 220
f 173 221 228
f 222 228 221
f 174 172 224
f 225 174 224
f 171 174 225
f 172 232 227
f 228 230 175
f 173 228 175
f 222 230 228
f 227 229 226
f 177 175 230
f 177 230 234
f 227 232 229
f 233 231 229
f 229 232 233
f 222 234 230
f 236 284 231
f 178 233 232
f 177 234 176
f 222 235 234
f 235 222 286
f 233 239 231
f 178 180 233
f 239 249 231
f 233 180 239
f 234 237 176
f 235 238 234
f 180 183 239
f 234 238 237
f 235 290 238
f 286 290 235
f 231 249 236
f 239 183 249
f 183 180 185
f 182 186 240
f 241 182 240
f 185 244 183
f 244 249 183
f 189 188 237
f 238 189 237
f 238 242 189
f 240 114 241
f 240 187 114
f 149 189 242
f 243 149 242
f 191 195 148
f 247 195 191
f 244 196 249
f 149 243 194
f 193 192 245
f 247 193 245
f 247 245 246
f 248 236 252
f 241 114 244
f 247 246 251
f 251 246 250
f 195 247 251
f 195 251 198
f 249 252 236
f 114 196 244
f 298 251 250
f 251 253 198
f 254 196 199
f 198 255 200
f 253 255 198
f 200 255 256
f 200 256 153
f 254 201 257
f 258 202 256
f 256 202 153
f 201 203 257
f 258 259 202
f 259 155 202
f 155 259 204
f 308 260 261
f 260 203 261
f 262 261 206
f 264 262 206
f 263 207 205
f 311 207 263
f 208 265 264
f 208 209 265
f 265 209 312
f 210 266 214
f 214 266 269
f 269 268 214
f 216 215 270
f 270 215 271
f 215 217 271
f 214 268 318
f 319 217 272
f 272 217 218
f 214 318 218
f 318 273 218
f 217 319 271
f 273 272 218
f 275 320 219
f 219 320 276
f 410 220 276
f 276 220 219
f 221 220 410
f 362 221 410
f 274 221 362
f 275 172 278
f 224 172 275
f 219 224 275
f 172 227 278
f 226 229 368
f 279 226 368
f 277 280 223
f 280 282 223
f 280 277 281
f 283 282 280
f 281 283 280
f 231 327 368
f 229 231 368
f 223 286 222
f 282 286 223
f 282 287 286
f 287 282 329
f 524 285 236
f 236 285 284
f 288 286 287
f 238 290 289
f 290 286 291
f 291 286 288
f 524 236 471
f 292 289 290
f 291 333 290
f 289 292 242
f 238 289 242
f 292 243 242
f 292 293 243
f 243 293 194
f 197 294 192
f 192 294 245
f 295 246 245
f 236 248 471
f 197 194 296
f 194 293 296
f 296 294 197
f 246 295 250
f 471 248 297
f 297 248 252
f 250 335 298
f 299 297 252
f 252 249 254
f 299 252 254
f 249 196 254
f 300 253 251
f 300 255 253
f 301 299 254
f 302 256 255
f 302 255 300
f 379 299 303
f 304 303 299
f 257 301 254
f 306 256 302
f 306 258 256
f 343 304 301
f 304 299 301
f 257 339 301
f 305 257 203
f 306 259 258
f 203 260 305
f 259 307 204
f 261 262 308
f 310 308 262
f 310 309 308
f 204 263 205
f 310 262 351
f 351 309 310
f 351 264 265
f 262 264 351
f 353 351 265
f 311 266 207
f 313 353 265
f 313 265 312
f 211 354 312
f 354 313 312
f 211 212 354
f 212 314 354
f 169 314 212
f 267 315 169
f 169 315 314
f 316 268 269
f 267 216 315
f 317 268 316
f 318 268 317
f 270 357 216
f 271 357 270
f 273 361 272
f 318 361 273
f 317 361 318
f 410 276 613
f 362 321 274
f 274 321 222
f 223 222 321
f 223 321 322
f 223 322 277
f 323 278 227
f 226 279 325
f 323 227 325
f 325 227 226
f 326 281 277
f 279 368 324
f 326 328 281
f 281 328 283
f 283 329 282
f 284 285 372
f 328 329 283
f 372 285 524
f 288 287 329
f 288 332 291
f 329 332 288
f 331 328 374
f 331 329 328
f 330 374 328
f 291 332 333
f 329 334 332
f 331 334 329
f 292 290 333
f 332 294 333
f 292 333 293
f 334 294 332
f 296 293 333
f 294 296 333
f 334 245 294
f 334 295 245
f 334 335 295
f 295 335 250
f 471 297 527
f 298 335 377
f 336 298 377
f 297 299 527
f 337 298 336
f 298 337 251
f 337 300 251
f 338 337 336
f 380 338 336
f 300 337 302
f 302 337 338
f 527 299 379
f 379 303 342
f 301 339 343
f 339 257 305
f 306 340 259
f 342 341 379
f 303 304 342
f 342 304 343
f 305 345 339
f 345 344 339
f 305 260 345
f 340 307 259
f 343 346 342
f 339 347 343
f 347 346 343
f 347 339 344
f 388 387 345
f 260 388 345
f 260 308 388
f 309 348 308
f 349 204 307
f 347 392 346
f 204 349 263
f 309 351 350
f 350 351 352
f 352 351 353
f 313 402 353
f 402 352 353
f 313 354 402
f 266 355 269
f 355 356 269
f 354 314 315
f 356 316 269
f 216 357 315
f 316 358 317
f 359 317 358
f 319 407 271
f 272 360 319
f 272 361 360
f 359 361 317
f 409 613 276
f 321 362 363
f 276 320 409
f 364 321 363
f 322 321 364
f 277 322 365
f 277 365 326
f 326 365 366
f 279 324 325
f 327 416 368
f 326 366 328
f 367 369 366
f 327 231 416
f 416 231 370
f 284 418 370
f 370 231 284
f 284 372 418
f 373 366 369
f 371 373 369
f 328 366 330
f 373 330 366
f 374 330 375
f 373 375 330
f 331 374 334
f 375 373 424
f 374 335 334
f 375 376 374
f 376 335 374
f 426 376 375
f 424 426 375
f 378 376 426
f 376 377 335
f 377 376 378
f 377 378 336
f 379 430 476
f 379 476 527
f 338 381 302
f 380 381 338
f 302 381 306
f 379 341 430
f 431 382 380
f 381 380 383
f 383 380 382
f 306 383 340
f 381 383 306
f 430 341 385
f 340 383 384
f 340 384 307
f 480 430 385
f 341 342 386
f 385 341 386
f 344 387 347
f 344 345 387
f 308 389 388
f 308 348 389
f 307 384 349
f 384 390 349
f 391 480 385
f 396 391 385
f 342 346 386
f 386 346 392
f 392 347 387
f 394 387 388
f 389 394 388
f 348 309 350
f 390 395 349
f 349 395 263
f 386 396 385
f 392 398 386
f 387 393 392
f 387 397 393
f 394 397 387
f 395 311 263
f 396 386 398
f 392 399 398
f 399 392 393
f 443 442 398
f 399 443 398
f 441 352 401
f 311 404 266
f 401 352 402
f 401 402 403
f 402 354 449
f 449 403 402
f 266 404 355
f 354 315 449
f 315 450 405
f 357 454 315
f 271 406 357
f 357 406 454
f 319 510 407
f 319 360 510
f 361 408 360
f 408 361 359
f 410 613 614
f 363 362 410
f 363 410 364
f 322 364 411
f 322 411 365
f 366 365 412
f 366 412 413
f 414 325 324
f 366 413 367
f 367 413 415
f 324 368 459
f 414 324 459
f 459 368 416
f 367 415 369
f 369 415 371
f 417 371 415
f 373 371 419
f 417 420 371
f 420 419 371
f 421 419 420
f 421 423 419
f 471 578 524
f 419 424 373
f 419 423 424
f 423 421 422
f 423 425 424
f 425 427 424
f 424 427 426
f 427 378 426
f 378 428 336
f 475 378 427
f 472 475 427
f 336 428 380
f 428 429 380
f 479 476 430
f 382 432 383
f 431 432 382
f 383 432 384
f 432 431 434
f 434 431 433
f 384 434 390
f 432 434 384
f 394 389 437
f 434 433 481
f 390 434 395
f 395 434 435
f 391 396 436
f 480 391 436
f 394 437 397
f 348 440 389
f 440 437 389
f 348 350 440
f 395 435 311
f 435 404 311
f 480 436 438
f 396 442 436
f 436 442 438
f 396 398 442
f 393 439 399
f 393 397 439
f 439 397 400
f 400 397 437
f 352 441 350
f 350 441 440
f 443 399 439
f 447 439 400
f 437 447 400
f 440 447 437
f 441 401 489
f 442 443 497
f 446 497 443
f 439 446 443
f 447 446 439
f 401 448 489
f 403 444 448
f 403 448 401
f 445 444 450
f 499 446 447
f 403 449 444
f 450 444 449
f 494 445 450
f 405 449 315
f 450 449 405
f 503 494 450
f 450 315 451
f 452 503 450
f 452 450 451
f 453 316 356
f 315 454 451
f 454 452 451
f 508 452 406
f 406 452 454
f 316 453 358
f 406 271 407
f 408 359 455
f 455 359 358
f 408 455 360
f 409 563 513
f 409 513 613
f 410 614 656
f 410 656 364
f 364 456 411
f 365 411 456
f 457 365 456
f 457 565 365
f 565 412 365
f 323 325 414
f 413 516 415
f 415 458 417
f 417 458 460
f 460 461 417
f 462 416 370
f 370 418 462
f 461 464 417
f 463 465 461
f 465 464 461
f 418 372 462
f 417 464 420
f 466 464 465
f 420 464 421
f 422 421 464
f 466 422 464
f 466 469 422
f 422 468 423
f 469 468 422
f 423 467 425
f 467 423 468
f 425 467 427
f 467 472 427
f 468 472 467
f 473 468 469
f 470 473 469
f 473 472 468
f 378 475 428
f 473 478 472
f 478 473 474
f 472 477 475
f 477 428 475
f 477 472 478
f 530 428 477
f 623 476 479
f 380 429 431
f 429 585 431
f 430 480 479
f 481 433 482
f 481 483 434
f 483 435 434
f 481 482 484
f 483 481 484
f 483 404 435
f 485 440 441
f 486 591 438
f 438 442 487
f 486 438 487
f 485 488 447
f 440 485 447
f 491 488 485
f 441 489 485
f 489 491 485
f 444 536 493
f 445 536 444
f 535 486 490
f 487 490 486
f 442 496 487
f 487 496 490
f 442 497 496
f 492 491 489
f 489 448 492
f 448 493 492
f 493 448 444
f 537 445 494
f 490 495 535
f 496 495 490
f 497 446 498
f 498 446 499
f 499 447 488
f 505 501 499
f 507 499 488
f 507 488 502
f 500 494 504
f 504 494 503
f 505 499 506
f 507 506 499
f 508 503 452
f 504 503 508
f 508 548 504
f 356 355 453
f 507 557 506
f 453 509 358
f 511 360 455
f 511 455 512
f 509 512 455
f 358 509 455
f 406 407 553
f 360 511 510
f 364 656 456
f 275 564 320
f 563 409 320
f 278 323 515
f 323 569 515
f 564 275 278
f 515 564 278
f 565 514 567
f 565 567 412
f 412 567 413
f 567 516 413
f 569 323 414
f 459 569 414
f 458 415 618
f 415 516 618
f 458 618 460
f 517 459 416
f 460 518 461
f 461 518 519
f 519 463 461
f 520 465 519
f 519 465 463
f 520 466 465
f 520 521 466
f 522 372 524
f 523 466 521
f 525 466 523
f 524 578 576
f 466 525 469
f 526 469 525
f 470 469 526
f 578 471 527
f 473 470 474
f 528 474 470
f 527 476 623
f 478 529 477
f 478 474 529
f 429 428 530
f 477 529 530
f 530 531 429
f 529 583 530
f 630 586 531
f 530 630 531
f 585 533 431
f 431 533 433
f 480 532 479
f 482 433 533
f 534 482 533
f 484 482 534
f 545 483 534
f 483 484 534
f 438 532 480
f 532 438 591
f 483 545 404
f 591 486 535
f 445 537 536
f 491 538 488
f 491 492 538
f 492 493 539
f 538 492 539
f 493 536 539
f 537 494 540
f 495 496 543
f 496 497 543
f 488 538 502
f 500 544 494
f 494 544 540
f 500 548 541
f 500 541 544
f 554 541 548
f 542 541 554
f 404 545 355
f 495 543 546
f 498 546 543
f 497 498 543
f 498 499 551
f 538 552 502
f 539 552 538
f 500 504 548
f 602 594 542
f 554 602 542
f 355 549 453
f 355 545 549
f 551 550 498
f 499 501 551
f 501 505 551
f 552 539 547
f 508 553 548
f 554 548 553
f 509 549 555
f 453 549 509
f 561 550 551
f 556 561 551
f 505 506 556
f 505 556 551
f 506 557 556
f 557 507 502
f 557 502 558
f 603 502 552
f 508 406 553
f 559 509 555
f 550 560 599
f 562 561 556
f 557 562 556
f 510 553 407
f 554 553 510
f 511 554 510
f 512 554 511
f 509 559 512
f 457 456 656
f 657 457 656
f 457 657 565
f 514 565 566
f 516 567 568
f 568 618 516
f 569 459 517
f 620 460 618
f 416 571 570
f 517 416 570
f 572 518 620
f 620 518 460
f 462 573 416
f 573 571 416
f 518 572 519
f 573 462 574
f 372 574 462
f 522 575 574
f 522 576 575
f 372 522 574
f 522 524 576
f 526 525 577
f 470 526 528
f 579 528 526
f 474 528 580
f 580 528 581
f 579 581 528
f 527 623 578
f 529 474 582
f 474 580 582
f 582 581 624
f 582 580 581
f 529 584 583
f 582 584 529
f 625 584 582
f 479 669 623
f 429 531 586
f 585 429 586
f 630 530 583
f 630 583 587
f 587 583 584
f 585 588 533
f 588 585 586
f 588 589 533
f 479 532 669
f 589 534 533
f 589 590 534
f 532 591 669
f 634 592 590
f 534 590 592
f 534 592 545
f 555 592 634
f 592 555 545
f 591 535 632
f 634 593 555
f 555 593 594
f 596 536 537
f 537 540 596
f 541 636 597
f 541 595 636
f 595 542 635
f 595 541 542
f 594 635 542
f 544 597 540
f 540 597 596
f 597 544 541
f 598 535 495
f 539 536 547
f 596 547 536
f 555 594 602
f 545 555 549
f 641 495 546
f 641 598 495
f 546 498 599
f 641 546 599
f 498 550 599
f 547 600 552
f 601 547 596
f 502 606 558
f 606 502 603
f 600 603 552
f 512 602 554
f 559 602 512
f 555 602 559
f 599 560 604
f 557 605 562
f 557 558 605
f 558 606 605
f 603 612 606
f 612 603 607
f 608 604 560
f 550 608 560
f 561 609 608
f 561 608 550
f 609 561 647
f 561 562 610
f 562 605 610
f 612 610 605
f 606 612 605
f 612 648 610
f 611 648 612
f 563 654 513
f 615 653 564
f 320 564 616
f 564 653 616
f 616 563 320
f 565 657 566
f 617 514 566
f 615 515 569
f 564 515 615
f 567 514 617
f 567 617 568
f 619 517 570
f 619 659 517
f 517 659 661
f 661 569 517
f 570 571 621
f 619 570 621
f 572 620 622
f 573 663 621
f 571 573 621
f 573 574 663
f 520 705 521
f 521 705 666
f 523 521 666
f 523 666 525
f 576 578 792
f 793 792 578
f 579 708 581
f 625 582 624
f 626 625 624
f 584 627 587
f 628 627 584
f 625 628 584
f 674 625 626
f 586 629 588
f 586 630 629
f 588 629 589
f 631 630 587
f 627 631 587
f 590 589 633
f 669 591 632
f 634 678 593
f 678 594 593
f 632 535 637
f 595 721 636
f 721 595 635
f 596 597 639
f 638 596 639
f 597 636 639
f 535 598 637
f 638 601 596
f 643 601 638
f 639 640 638
f 640 643 638
f 598 641 683
f 600 547 601
f 601 642 600
f 642 601 643
f 603 600 607
f 642 607 600
f 608 644 604
f 608 609 644
f 612 690 611
f 607 690 612
f 607 688 690
f 642 688 607
f 609 645 644
f 646 609 647
f 561 610 647
f 647 610 648
f 649 648 611
f 690 649 611
f 648 650 647
f 651 650 648
f 563 695 654
f 656 614 655
f 616 653 652
f 563 616 652
f 615 569 658
f 566 657 699
f 617 566 699
f 568 617 662
f 617 699 662
f 658 661 660
f 569 661 658
f 618 568 662
f 661 659 660
f 620 618 662
f 662 622 620
f 619 621 663
f 572 622 519
f 622 665 519
f 520 519 665
f 703 520 665
f 575 664 663
f 575 576 664
f 574 575 663
f 520 703 705
f 576 792 704
f 666 706 525
f 577 525 706
f 707 577 706
f 577 707 526
f 526 667 668
f 579 526 668
f 579 668 708
f 793 709 877
f 578 709 793
f 708 624 581
f 578 623 709
f 623 669 709
f 625 671 628
f 671 625 674
f 627 628 670
f 670 628 671
f 629 672 589
f 629 630 672
f 672 630 631
f 631 627 670
f 673 631 670
f 671 673 670
f 673 671 674
f 936 669 632
f 589 672 633
f 716 633 631
f 633 672 631
f 710 632 675
f 590 676 634
f 590 633 676
f 634 676 678
f 632 637 675
f 594 678 635
f 635 678 677
f 718 675 637
f 677 721 635
f 718 637 679
f 639 636 680
f 637 598 679
f 639 681 640
f 680 681 639
f 598 683 679
f 643 640 682
f 640 681 682
f 641 599 683
f 643 686 642
f 643 684 686
f 682 684 643
f 599 604 725
f 725 604 685
f 642 686 689
f 644 727 604
f 687 727 644
f 688 642 689
f 644 645 687
f 689 691 688
f 691 690 688
f 647 820 646
f 648 778 651
f 649 778 648
f 690 778 649
f 692 778 690
f 691 692 690
f 647 650 820
f 778 650 651
f 693 654 695
f 694 654 693
f 513 654 694
f 694 731 513
f 613 513 614
f 513 731 614
f 657 656 655
f 653 615 735
f 615 696 735
f 735 652 653
f 657 655 697
f 660 698 658
f 696 615 658
f 698 696 658
f 619 701 659
f 701 660 659
f 740 701 663
f 663 701 619
f 622 700 702
f 622 662 700
f 664 740 663
f 702 665 622
f 576 704 664
f 705 703 706
f 706 666 705
f 708 626 624
f 709 669 755
f 669 936 755
f 674 711 673
f 674 626 711
f 936 632 710
f 631 712 716
f 631 673 712
f 712 673 713
f 714 713 673
f 711 714 673
f 676 633 716
f 716 712 717
f 710 675 759
f 676 715 678
f 719 715 676
f 720 719 676
f 720 676 716
f 759 675 718
f 677 678 715
f 761 719 720
f 721 677 722
f 722 677 715
f 636 721 680
f 722 680 721
f 718 679 766
f 681 680 723
f 722 724 680
f 724 723 680
f 724 722 762
f 679 683 766
f 682 681 723
f 766 683 725
f 683 599 725
f 769 684 682
f 770 769 682
f 723 770 682
f 686 684 726
f 726 684 818
f 604 727 685
f 686 728 689
f 609 773 645
f 645 773 687
f 775 773 609
f 689 728 691
f 646 775 609
f 729 692 691
f 821 729 691
f 650 777 820
f 650 858 777
f 650 778 858
f 730 778 692
f 729 730 692
f 693 695 781
f 694 693 781
f 731 694 822
f 822 732 614
f 563 652 695
f 652 733 695
f 822 614 731
f 614 732 734
f 784 735 696
f 733 652 735
f 784 698 736
f 736 698 660
f 696 698 784
f 699 657 737
f 662 699 737
f 739 736 660
f 662 737 912
f 662 912 700
f 739 660 701
f 739 701 740
f 700 738 741
f 702 700 741
f 742 702 741
f 702 742 665
f 665 742 744
f 665 744 703
f 743 664 704
f 745 703 744
f 745 748 703
f 706 703 748
f 792 793 1029
f 750 746 747
f 707 706 748
f 749 746 750
f 707 751 526
f 526 751 667
f 668 752 708
f 667 752 668
f 755 877 709
f 755 753 877
f 708 754 626
f 795 839 626
f 839 756 626
f 626 756 711
f 714 711 758
f 756 758 711
f 757 799 712
f 757 712 713
f 714 796 713
f 796 757 713
f 758 796 714
f 760 806 716
f 760 716 717
f 799 717 712
f 799 760 717
f 719 763 715
f 763 719 761
f 803 761 720
f 806 720 716
f 806 803 720
f 802 718 807
f 715 762 722
f 762 715 763
f 764 763 761
f 763 764 762
f 718 766 807
f 762 765 724
f 764 768 762
f 768 765 762
f 807 766 767
f 771 723 724
f 765 771 724
f 725 767 766
f 725 808 767
f 770 723 771
f 727 725 685
f 684 769 818
f 770 772 769
f 772 818 769
f 771 772 770
f 727 687 811
f 811 687 773
f 686 726 774
f 728 686 774
f 818 774 726
f 728 821 691
f 821 728 774
f 646 820 775
f 776 729 821
f 779 730 729
f 776 779 729
f 780 781 695
f 694 781 782
f 822 694 782
f 695 733 780
f 614 734 866
f 655 614 866
f 866 697 655
f 735 784 785
f 783 735 785
f 733 735 783
f 784 736 786
f 737 657 912
f 739 869 786
f 736 739 786
f 868 738 700
f 787 738 868
f 869 739 740
f 741 787 788
f 741 738 787
f 740 664 743
f 788 789 741
f 789 742 741
f 744 742 789
f 790 744 789
f 744 790 745
f 791 748 745
f 746 831 747
f 749 834 746
f 751 794 667
f 793 877 930
f 667 794 752
f 754 708 752
f 840 936 710
f 840 710 759
f 797 796 758
f 797 758 756
f 759 718 842
f 842 718 798
f 757 800 799
f 796 800 757
f 801 800 796
f 797 801 796
f 798 718 802
f 798 802 843
f 806 760 804
f 804 760 799
f 800 804 799
f 802 807 805
f 846 843 802
f 805 846 802
f 849 806 804
f 850 846 805
f 764 761 803
f 764 803 809
f 809 803 893
f 893 803 806
f 850 805 808
f 808 805 807
f 850 808 853
f 809 810 764
f 764 810 768
f 808 807 767
f 810 765 768
f 808 725 811
f 896 853 808
f 765 812 771
f 725 727 811
f 896 808 813
f 813 808 811
f 771 812 772
f 812 815 772
f 813 811 773
f 816 813 773
f 816 896 813
f 814 896 816
f 819 818 772
f 772 815 819
f 775 816 773
f 816 817 814
f 816 775 820
f 776 821 779
f 821 774 859
f 778 860 858
f 778 730 906
f 733 861 780
f 780 861 781
f 782 781 863
f 733 783 823
f 823 861 733
f 734 732 824
f 734 824 866
f 785 784 825
f 825 784 786
f 826 825 786
f 786 869 826
f 700 912 868
f 868 827 787
f 828 869 740
f 787 827 829
f 829 788 787
f 830 828 743
f 743 828 740
f 789 788 871
f 871 788 829
f 743 704 830
f 789 871 790
f 833 745 790
f 745 833 791
f 704 792 1029
f 791 832 748
f 833 832 791
f 835 832 833
f 748 832 707
f 831 750 747
f 707 832 751
f 835 876 832
f 751 832 794
f 794 832 876
f 794 876 836
f 837 752 794
f 752 837 754
f 880 933 753
f 753 755 880
f 795 626 754
f 755 936 880
f 936 840 838
f 840 759 841
f 759 842 841
f 797 756 845
f 843 885 842
f 798 843 842
f 844 800 801
f 845 801 797
f 847 800 844
f 849 804 800
f 849 800 847
f 848 846 851
f 851 846 850
f 806 852 893
f 851 850 853
f 809 954 810
f 809 893 897
f 954 809 897
f 812 765 901
f 810 901 765
f 896 814 898
f 815 812 901
f 898 814 817
f 817 816 855
f 854 817 855
f 856 854 855
f 818 859 774
f 818 819 859
f 859 819 857
f 857 819 815
f 816 820 855
f 856 855 858
f 859 779 821
f 820 777 855
f 858 855 777
f 906 860 778
f 781 861 862
f 781 862 863
f 822 782 910
f 822 910 732
f 861 823 865
f 865 823 783
f 785 825 864
f 783 785 864
f 697 866 1163
f 697 1163 657
f 867 826 869
f 828 867 869
f 827 870 829
f 870 871 829
f 790 871 872
f 873 790 872
f 790 873 833
f 874 831 746
f 875 833 873
f 834 874 746
f 833 875 835
f 928 750 831
f 928 931 749
f 928 749 750
f 876 932 836
f 794 878 837
f 837 879 754
f 878 879 837
f 795 879 881
f 795 754 879
f 795 882 839
f 881 882 795
f 840 883 838
f 839 939 756
f 840 841 883
f 841 884 883
f 841 842 884
f 884 842 885
f 885 843 942
f 844 801 886
f 886 801 845
f 843 846 942
f 942 846 945
f 844 887 847
f 886 888 844
f 888 887 844
f 848 946 846
f 846 946 945
f 889 946 848
f 847 890 849
f 847 887 890
f 890 887 892
f 892 887 888
f 889 848 851
f 852 806 849
f 890 891 849
f 852 894 893
f 895 852 849
f 891 895 849
f 853 950 851
f 853 896 950
f 894 897 893
f 896 898 899
f 896 899 950
f 899 898 953
f 810 957 901
f 810 954 957
f 900 953 898
f 955 953 900
f 898 817 900
f 854 900 817
f 955 900 854
f 854 959 955
f 901 902 815
f 854 856 959
f 815 905 857
f 815 902 905
f 856 858 962
f 904 903 859
f 904 859 857
f 905 904 857
f 858 860 962
f 779 906 730
f 779 966 906
f 903 779 859
f 908 1013 782
f 865 1015 861
f 1015 862 861
f 908 863 907
f 782 863 908
f 782 1013 909
f 782 909 910
f 824 732 911
f 911 1162 866
f 783 864 865
f 866 824 911
f 865 864 825
f 868 912 971
f 867 1022 826
f 915 913 919
f 919 913 914
f 868 971 918
f 918 827 868
f 867 828 1022
f 920 827 918
f 827 920 870
f 922 916 917
f 921 916 922
f 924 923 975
f 921 922 925
f 830 704 1029
f 927 923 924
f 874 924 921
f 926 921 925
f 874 921 926
f 874 927 924
f 831 874 926
f 873 872 875
f 874 834 927
f 926 928 831
f 929 927 834
f 834 749 929
f 793 930 1029
f 931 929 749
f 876 835 990
f 990 932 876
f 934 794 836
f 877 753 930
f 794 934 878
f 878 934 879
f 933 1037 993
f 880 1037 933
f 935 879 934
f 879 935 881
f 880 936 1037
f 882 881 935
f 937 839 882
f 996 936 838
f 937 939 839
f 996 838 938
f 838 883 938
f 998 938 883
f 883 884 998
f 939 941 756
f 940 884 885
f 756 941 845
f 940 885 942
f 940 942 943
f 941 886 845
f 944 886 941
f 943 942 946
f 946 942 945
f 886 944 888
f 944 947 888
f 946 889 943
f 851 948 889
f 949 890 892
f 949 892 888
f 851 950 948
f 951 894 852
f 951 852 895
f 891 951 895
f 890 951 891
f 952 951 890
f 949 952 890
f 953 955 956
f 956 955 1007
f 957 954 958
f 1057 897 1008
f 1057 958 897
f 958 954 897
f 959 1007 955
f 1007 959 960
f 901 957 902
f 860 960 959
f 860 965 960
f 902 961 964
f 905 902 964
f 856 962 959
f 860 959 962
f 905 964 904
f 904 964 963
f 860 906 965
f 966 1063 906
f 903 966 779
f 963 903 904
f 966 903 963
f 969 907 863
f 862 1015 968
f 968 967 862
f 969 862 967
f 863 862 969
f 911 732 910
f 1162 911 910
f 866 1162 1163
f 865 825 826
f 912 657 971
f 970 865 826
f 913 1019 914
f 1022 970 826
f 971 1020 918
f 1022 828 1023
f 830 1026 1023
f 1023 828 830
f 978 915 974
f 919 974 915
f 919 1027 974
f 922 917 972
f 973 922 972
f 974 1027 975
f 1028 916 921
f 922 973 976
f 870 920 977
f 1026 830 1029
f 923 980 975
f 980 974 975
f 924 975 1028
f 924 1028 921
f 922 976 925
f 976 981 925
f 870 977 871
f 978 974 979
f 927 980 923
f 981 926 925
f 983 979 974
f 983 974 980
f 927 983 980
f 984 926 981
f 987 981 976
f 984 981 987
f 976 973 987
f 875 872 985
f 1082 875 985
f 982 1029 1127
f 979 983 986
f 1031 983 927
f 1031 927 988
f 984 928 926
f 875 1082 835
f 988 927 929
f 987 989 984
f 989 928 984
f 835 1082 990
f 1029 930 1127
f 931 988 929
f 988 931 928
f 988 928 989
f 990 991 932
f 992 932 991
f 992 836 932
f 992 934 836
f 753 933 1034
f 933 993 1034
f 934 994 935
f 882 935 994
f 995 882 994
f 936 996 1037
f 882 995 937
f 996 998 997
f 938 998 996
f 937 1000 939
f 1000 941 939
f 884 940 998
f 998 940 999
f 999 940 1043
f 1043 940 943
f 941 1000 944
f 943 1001 1043
f 944 1000 947
f 1001 943 889
f 1001 889 1048
f 1002 888 947
f 889 948 1048
f 1002 949 888
f 948 1003 1048
f 950 1003 948
f 1002 952 949
f 894 1051 897
f 1050 894 951
f 952 1050 951
f 950 899 1004
f 899 953 1004
f 953 956 1004
f 1051 1006 897
f 1007 1005 956
f 1055 1005 1007
f 897 1006 1008
f 1055 1007 960
f 960 1009 1055
f 957 1011 902
f 957 958 1057
f 1011 957 1057
f 960 965 1009
f 1010 1009 1012
f 1012 1009 965
f 1011 961 902
f 1012 965 906
f 1012 906 1060
f 963 964 1062
f 966 963 1062
f 964 1011 1062
f 964 961 1011
f 969 967 1067
f 907 969 1067
f 908 907 1067
f 1013 1014 910
f 1015 1069 1070
f 968 1015 1070
f 1070 967 968
f 910 909 1013
f 1015 865 1016
f 971 657 1017
f 865 970 1016
f 913 1018 1019
f 971 1017 1020
f 913 1024 1018
f 1025 914 1019
f 918 1020 1077
f 1077 1020 1021
f 915 1024 913
f 1025 919 914
f 972 917 1120
f 918 1077 1216
f 978 1024 915
f 1025 1027 919
f 973 972 1120
f 918 1216 920
f 1216 1080 920
f 1027 1079 975
f 1079 1028 975
f 977 920 1080
f 977 985 871
f 872 871 985
f 1081 973 1123
f 1030 979 986
f 1081 987 973
f 1032 1030 986
f 1032 986 983
f 1032 983 1085
f 1085 983 1031
f 1085 1031 988
f 1086 988 989
f 987 1086 989
f 990 1033 991
f 991 1033 992
f 992 1035 934
f 930 753 1034
f 1036 1034 993
f 1035 1038 934
f 1036 993 1037
f 1038 994 934
f 994 1038 995
f 1037 996 1090
f 1090 996 997
f 1038 1039 995
f 997 998 1040
f 1039 937 995
f 1040 998 1093
f 1042 1000 937
f 998 1041 1093
f 1041 998 999
f 1041 999 1043
f 1041 1043 1044
f 1042 1045 1000
f 1043 1046 1044
f 1000 1045 1047
f 1043 1001 1046
f 1000 1047 947
f 1001 1048 1046
f 947 1047 1002
f 1048 1003 1100
f 1049 952 1002
f 1050 952 1049
f 1003 950 1100
f 1100 950 1004
f 1050 1051 894
f 956 1052 1004
f 1005 1052 956
f 1053 1006 1051
f 1005 1054 1052
f 1055 1054 1005
f 1053 1008 1006
f 1055 1009 1056
f 1009 1010 1056
f 1058 1056 1012
f 1056 1010 1012
f 1011 1057 1206
f 1060 1058 1012
f 1060 1059 1058
f 1108 1059 1060
f 1108 1060 1061
f 1063 1060 906
f 1061 1060 1063
f 1062 1064 966
f 966 1064 1063
f 967 1065 1067
f 1013 908 1067
f 1015 1072 1068
f 1015 1068 1069
f 1065 967 1070
f 910 1014 1071
f 910 1071 1115
f 910 1115 1162
f 1072 1015 1016
f 1073 1072 1016
f 970 1073 1016
f 1020 1017 1021
f 1022 1074 1073
f 1022 1075 1074
f 970 1022 1073
f 1018 1024 1019
f 1023 1075 1022
f 1024 1025 1019
f 1120 917 1171
f 1026 1076 1075
f 1026 1119 1076
f 1023 1026 1075
f 978 1078 1024
f 1027 1025 1079
f 1026 1029 1119
f 979 1078 978
f 1079 1175 1028
f 1080 1122 977
f 1123 973 1120
f 985 977 1122
f 1030 1174 979
f 1032 1083 1030
f 1086 1085 988
f 987 1081 1086
f 1082 1033 990
f 1083 1032 1085
f 1083 1085 1087
f 1087 1085 1084
f 992 1033 1088
f 992 1088 1035
f 1132 1034 1036
f 1035 1088 1038
f 1088 1089 1038
f 1036 1037 1132
f 1132 1037 1186
f 1037 1090 1186
f 1089 1136 1038
f 1090 997 1092
f 1136 1039 1038
f 997 1040 1092
f 1091 1039 1136
f 1092 1040 1093
f 1091 937 1039
f 937 1091 1042
f 1041 1044 1092
f 1041 1092 1093
f 1042 1094 1045
f 1046 1138 1044
f 1047 1094 1097
f 1045 1094 1047
f 1046 1095 1138
f 1048 1096 1046
f 1046 1096 1095
f 1096 1048 1098
f 1002 1097 1049
f 1002 1047 1097
f 1048 1099 1098
f 1048 1100 1099
f 1100 1102 1101
f 1050 1049 1146
f 1004 1102 1100
f 1199 1102 1004
f 1151 1050 1146
f 1199 1004 1052
f 1199 1052 1103
f 1052 1104 1103
f 1051 1151 1053
f 1151 1051 1050
f 1052 1054 1104
f 1104 1054 1149
f 1054 1055 1149
f 1056 1105 1055
f 1055 1105 1149
f 1056 1152 1105
f 1056 1058 1152
f 1059 1152 1058
f 1106 1152 1059
f 1108 1106 1059
f 1108 1107 1106
f 1206 1057 1008
f 1109 1062 1011
f 1061 1110 1108
f 1063 1110 1061
f 1063 1064 1110
f 1109 1064 1062
f 1067 1065 1111
f 1112 1067 1111
f 1112 1066 1067
f 1067 1066 1157
f 1013 1067 1157
f 1014 1013 1272
f 1013 1157 1272
f 1014 1272 1114
f 1113 1069 1068
f 1070 1069 1113
f 1065 1070 1113
f 1014 1114 1071
f 1115 1071 1114
f 1115 1114 1161
f 1115 1161 1162
f 1117 1017 657
f 1073 1118 1116
f 1072 1073 1116
f 1167 1017 1117
f 1118 1073 1074
f 1021 1017 1167
f 1167 1169 1021
f 1169 1077 1021
f 916 1215 917
f 1215 1170 917
f 1171 917 1170
f 1077 1169 1216
f 1078 1025 1024
f 1079 1025 1078
f 1121 1119 1029
f 1029 982 1121
f 985 1125 1082
f 1086 1081 1123
f 1086 1123 1124
f 1082 1125 1126
f 1084 1085 1086
f 1082 1128 1033
f 1126 1128 1082
f 1182 1179 1083
f 1087 1182 1083
f 1087 1084 1180
f 1127 930 1289
f 1088 1128 1183
f 1088 1033 1128
f 1129 1034 1132
f 1129 1132 1131
f 1088 1133 1089
f 1130 1133 1088
f 1134 1089 1133
f 1089 1134 1136
f 1135 1090 1092
f 1140 1091 1136
f 1092 1137 1135
f 1137 1092 1044
f 1091 1140 1042
f 1139 1137 1138
f 1137 1044 1138
f 1042 1140 1094
f 1138 1095 1139
f 1094 1140 1097
f 1095 1141 1139
f 1095 1096 1141
f 1142 1141 1098
f 1141 1096 1098
f 1049 1140 1143
f 1097 1140 1049
f 1099 1142 1098
f 1196 1142 1099
f 1099 1144 1196
f 1144 1101 1145
f 1049 1143 1146
f 1099 1100 1144
f 1101 1144 1100
f 1101 1147 1145
f 1101 1102 1147
f 1102 1199 1147
f 1199 1103 1148
f 1148 1103 1104
f 1053 1151 1150
f 1201 1149 1105
f 1105 1152 1201
f 1150 1008 1053
f 1153 1152 1106
f 1107 1153 1106
f 1107 1154 1153
f 1204 1154 1107
f 1108 1204 1107
f 1109 1011 1155
f 1108 1110 1204
f 1205 1110 1064
f 1109 1205 1064
f 1207 1156 1065
f 1065 1156 1111
f 1112 1111 1158
f 1112 1158 1066
f 1157 1066 1158
f 1159 1157 1158
f 1160 1072 1164
f 1068 1072 1160
f 1164 1072 1116
f 657 1163 1117
f 1118 1164 1116
f 1117 1165 1167
f 1074 1212 1164
f 1074 1166 1212
f 1118 1074 1164
f 1075 1166 1074
f 1076 1168 1166
f 1076 1119 1168
f 1075 1076 1166
f 1028 1172 916
f 1216 1173 1080
f 1078 1174 1079
f 1174 1175 1079
f 1028 1175 1172
f 1080 1173 1122
f 979 1174 1078
f 1176 1123 1120
f 1176 1120 1171
f 1176 1124 1123
f 985 1177 1125
f 1030 1229 1174
f 1176 1086 1124
f 1178 1086 1176
f 1177 1126 1125
f 982 1127 1289
f 1030 1179 1229
f 1083 1179 1030
f 1181 1180 1084
f 1232 1084 1086
f 1178 1232 1086
f 1126 1293 1128
f 1087 1180 1182
f 930 1034 1129
f 1088 1239 1130
f 1183 1239 1088
f 1129 1131 1238
f 1184 1130 1239
f 1184 1133 1130
f 1184 1185 1133
f 1132 1186 1131
f 1185 1134 1133
f 1187 1186 1090
f 1134 1185 1136
f 1135 1187 1090
f 1135 1244 1188
f 1135 1188 1187
f 1189 1136 1185
f 1135 1190 1244
f 1189 1191 1136
f 1191 1140 1136
f 1135 1137 1190
f 1137 1139 1190
f 1190 1139 1193
f 1191 1192 1140
f 1139 1194 1193
f 1195 1140 1192
f 1139 1141 1194
f 1194 1141 1251
f 1195 1197 1140
f 1142 1251 1141
f 1142 1196 1251
f 1197 1143 1140
f 1196 1144 1198
f 1144 1145 1198
f 1146 1143 1197
f 1145 1147 1198
f 1104 1200 1148
f 1146 1150 1151
f 1104 1149 1200
f 1201 1200 1149
f 1201 1202 1257
f 1201 1152 1202
f 1152 1153 1202
f 1153 1154 1202
f 1206 1008 1150
f 1203 1154 1205
f 1205 1154 1204
f 1011 1206 1155
f 1155 1206 1265
f 1205 1204 1110
f 1265 1205 1109
f 1155 1265 1109
f 1111 1156 1267
f 1156 1207 1267
f 1158 1111 1208
f 1111 1267 1208
f 1158 1208 1270
f 1158 1270 1159
f 1157 1159 1209
f 1272 1161 1114
f 1068 1160 1210
f 1210 1113 1068
f 1211 1160 1164
f 1163 1162 1275
f 1211 1164 1212
f 1163 1165 1117
f 1165 1169 1167
f 1172 1215 916
f 1219 1175 1174
f 1220 1172 1175
f 1220 1215 1172
f 1221 1171 1170
f 1213 1223 1218
f 1223 1213 1214
f 1174 1224 1219
f 1219 1225 1175
f 1175 1225 1220
f 1171 1221 1176
f 985 1122 1222
f 1226 985 1222
f 1227 1223 1214
f 1228 1214 1217
f 1227 1214 1228
f 1217 1282 1228
f 985 1226 1177
f 1229 1224 1174
f 1396 1178 1176
f 1396 1176 1221
f 1224 1229 1230
f 1177 1293 1126
f 1229 1231 1230
f 1229 1179 1231
f 1181 1084 1398
f 1232 1398 1084
f 1232 1178 1396
f 1179 1182 1231
f 1182 1233 1231
f 1182 1234 1233
f 1180 1234 1182
f 1180 1235 1234
f 1180 1181 1235
f 1235 1181 1398
f 1233 1234 1236
f 1236 1234 1235
f 1128 1293 1183
f 930 1129 1237
f 1237 1129 1238
f 1237 1238 1292
f 1183 1293 1239
f 1238 1131 1292
f 1184 1239 1240
f 1241 1184 1240
f 1184 1241 1185
f 1131 1186 1295
f 1186 1296 1295
f 1187 1296 1186
f 1187 1242 1296
f 1187 1188 1242
f 1188 1244 1411
f 1185 1243 1189
f 1245 1189 1243
f 1189 1245 1191
f 1190 1246 1244
f 1245 1192 1191
f 1247 1246 1193
f 1246 1190 1193
f 1194 1247 1193
f 1248 1247 1194
f 1194 1249 1248
f 1192 1250 1195
f 1195 1253 1146
f 1195 1146 1197
f 1196 1309 1251
f 1198 1252 1196
f 1196 1252 1309
f 1198 1147 1254
f 1254 1147 1256
f 1146 1253 1255
f 1199 1256 1147
f 1148 1256 1199
f 1200 1256 1148
f 1201 1256 1200
f 1201 1257 1256
f 1150 1255 1259
f 1146 1255 1150
f 1202 1258 1257
f 1318 1258 1260
f 1260 1258 1202
f 1318 1260 1154
f 1263 1150 1259
f 1154 1260 1202
f 1203 1262 1261
f 1150 1263 1206
f 1262 1203 1264
f 1265 1262 1264
f 1263 1266 1206
f 1203 1205 1264
f 1265 1264 1205
f 1323 1265 1206
f 1266 1323 1206
f 1370 1268 1267
f 1269 1207 1065
f 1268 1208 1267
f 1209 1159 1270
f 1270 1271 1209
f 1269 1065 1113
f 1157 1209 1272
f 1209 1271 1272
f 1273 1210 1160
f 1113 1210 1326
f 1273 1211 1274
f 1160 1211 1273
f 1211 1327 1274
f 1275 1276 1163
f 1327 1211 1212
f 1277 1327 1212
f 1378 1165 1163
f 1168 1278 1277
f 1168 1277 1166
f 1166 1277 1212
f 1378 1169 1165
f 1582 1169 1378
f 1168 1279 1278
f 1582 1216 1169
f 1280 1279 1119
f 1119 1279 1168
f 1213 1330 1214
f 1329 1330 1213
f 1582 1173 1216
f 1119 1121 1280
f 1330 1281 1214
f 1214 1281 1217
f 1215 1220 1170
f 1281 1282 1217
f 1220 1283 1170
f 1170 1283 1221
f 1121 982 1548
f 1219 1285 1225
f 1283 1339 1221
f 1220 1339 1283
f 1222 1286 1226
f 1227 1284 1223
f 1339 1396 1221
f 1227 1228 1287
f 1226 1286 1288
f 1288 1177 1226
f 1287 1228 1282
f 1230 1340 1224
f 1290 1177 1288
f 1290 1293 1177
f 1235 1398 1291
f 930 1237 1404
f 1348 1236 1235
f 1404 1237 1292
f 1239 1293 1240
f 1292 1131 1349
f 1349 1131 1406
f 1240 1293 1241
f 1293 1294 1241
f 1131 1295 1406
f 1294 1297 1241
f 1296 1242 1298
f 1242 1188 1298
f 1299 1185 1241
f 1299 1241 1297
f 1185 1299 1243
f 1188 1411 1298
f 1300 1411 1244
f 1299 1245 1243
f 1246 1300 1244
f 1246 1301 1300
f 1245 1302 1192
f 1246 1303 1301
f 1246 1247 1303
f 1247 1248 1303
f 1303 1248 1249
f 1302 1304 1250
f 1192 1302 1250
f 1249 1305 1303
f 1194 1306 1249
f 1249 1306 1305
f 1304 1307 1308
f 1250 1308 1195
f 1304 1308 1250
f 1194 1251 1306
f 1251 1309 1306
f 1253 1308 1310
f 1308 1307 1310
f 1195 1308 1253
f 1254 1252 1198
f 1254 1313 1252
f 1313 1311 1252
f 1254 1256 1313
f 1314 1313 1256
f 1315 1316 1317
f 1310 1312 1259
f 1253 1259 1255
f 1310 1259 1253
f 1315 1314 1256
f 1257 1315 1256
f 1258 1315 1257
f 1316 1315 1258
f 1318 1316 1258
f 1318 1317 1316
f 1263 1312 1321
f 1259 1312 1263
f 1203 1318 1154
f 1261 1318 1203
f 1261 1322 1319
f 1322 1320 1319
f 1321 1320 1266
f 1263 1321 1266
f 1322 1262 1323
f 1261 1262 1322
f 1320 1322 1323
f 1266 1320 1323
f 1262 1265 1323
f 1207 1269 1324
f 1267 1207 1324
f 1370 1267 1324
f 1208 1268 1325
f 1208 1325 1530
f 1270 1208 1530
f 1113 1326 1434
f 1434 1269 1113
f 1326 1210 1273
f 1161 1272 1374
f 1161 1374 1162
f 1375 1273 1274
f 1328 1274 1327
f 1277 1328 1327
f 1328 1277 1278
f 1496 1279 1280
f 1333 1332 1213
f 1329 1213 1332
f 1330 1331 1281
f 1582 1334 1173
f 1280 1121 1496
f 1213 1218 1333
f 1336 1173 1334
f 1336 1122 1173
f 1386 1282 1281
f 1122 1336 1222
f 1284 1335 1218
f 1284 1218 1223
f 1386 1337 1282
f 1285 1220 1225
f 1222 1336 1286
f 1340 1387 1224
f 1387 1341 1224
f 1219 1224 1338
f 1338 1224 1341
f 1287 1284 1227
f 1391 1282 1337
f 1285 1396 1339
f 1342 1287 1282
f 1282 1391 1342
f 1230 1343 1340
f 1288 1393 1290
f 1343 1230 1231
f 1343 1231 1344
f 1233 1344 1231
f 1233 1345 1344
f 1346 1289 930
f 1236 1345 1233
f 1236 1347 1345
f 1348 1235 1291
f 930 1404 1346
f 1348 1347 1236
f 1290 1350 1293
f 1349 1404 1292
f 1350 1294 1293
f 1350 1297 1294
f 1296 1351 1295
f 1298 1352 1296
f 1296 1352 1351
f 1352 1298 1411
f 1297 1353 1299
f 1411 1300 1354
f 1299 1356 1245
f 1301 1354 1300
f 1355 1354 1301
f 1355 1301 1357
f 1356 1358 1302
f 1356 1302 1245
f 1303 1357 1301
f 1303 1359 1357
f 1302 1360 1304
f 1302 1358 1360
f 1303 1361 1359
f 1303 1305 1361
f 1305 1306 1361
f 1304 1360 1307
f 1361 1306 1309
f 1418 1366 1360
f 1307 1363 1310
f 1360 1363 1307
f 1252 1362 1309
f 1362 1252 1364
f 1252 1311 1364
f 1366 1365 1360
f 1360 1365 1367
f 1312 1363 1367
f 1363 1360 1367
f 1310 1363 1312
f 1314 1364 1313
f 1364 1311 1313
f 1424 1315 1425
f 1317 1368 1315
f 1315 1368 1425
f 1365 1320 1321
f 1367 1365 1321
f 1312 1367 1321
f 1317 1318 1368
f 1261 1368 1318
f 1369 1368 1261
f 1319 1369 1261
f 1320 1369 1319
f 1268 1370 1428
f 1269 1372 1324
f 1371 1325 1268
f 1371 1430 1325
f 1325 1430 1530
f 1270 1373 1271
f 1272 1271 1373
f 1373 1374 1272
f 1375 1326 1273
f 1162 1374 1376
f 1376 1275 1162
f 1274 1328 1377
f 1276 1438 1163
f 1438 1378 1163
f 1278 1379 1377
f 1278 1381 1379
f 1328 1278 1377
f 1380 1582 1378
f 1279 1381 1278
f 1382 1439 1329
f 1332 1382 1329
f 1385 1382 1332
f 1329 1439 1330
f 1330 1439 1331
f 1496 1384 1381
f 1279 1496 1381
f 1385 1332 1333
f 1383 1281 1331
f 1386 1281 1383
f 1496 1121 1548
f 1218 1445 1333
f 1335 1445 1218
f 1337 1386 1452
f 1338 1285 1219
f 1388 1285 1338
f 1339 1220 1285
f 1336 1390 1286
f 1284 1389 1335
f 1340 1337 1387
f 1341 1387 1388
f 1341 1388 1338
f 982 1289 1548
f 1392 1337 1340
f 1391 1337 1392
f 1288 1286 1390
f 1393 1288 1390
f 1455 1287 1342
f 1394 1342 1391
f 1455 1342 1394
f 1394 1391 1392
f 1340 1395 1392
f 1340 1343 1395
f 1454 1396 1285
f 1395 1343 1397
f 1344 1397 1343
f 1399 1398 1232
f 1232 1396 1399
f 1393 1400 1290
f 1346 1456 1289
f 1344 1345 1397
f 1345 1508 1397
f 1508 1345 1401
f 1401 1402 1508
f 1291 1403 1402
f 1291 1398 1403
f 1347 1401 1345
f 1401 1348 1402
f 1401 1347 1348
f 1348 1291 1402
f 1400 1405 1290
f 1290 1405 1350
f 1351 1406 1295
f 1350 1408 1297
f 1351 1352 1407
f 1409 1407 1352
f 1297 1410 1353
f 1408 1410 1297
f 1409 1352 1411
f 1411 1354 1412
f 1353 1413 1299
f 1354 1355 1412
f 1414 1412 1355
f 1299 1415 1356
f 1413 1415 1299
f 1414 1355 1357
f 1358 1415 1418
f 1356 1415 1358
f 1359 1414 1357
f 1416 1414 1359
f 1360 1358 1418
f 1361 1417 1359
f 1417 1362 1419
f 1361 1309 1417
f 1362 1417 1309
f 1362 1421 1419
f 1366 1420 1422
f 1418 1420 1366
f 1362 1423 1421
f 1364 1423 1362
f 1475 1366 1422
f 1364 1314 1423
f 1315 1423 1314
f 1424 1423 1315
f 1426 1368 1369
f 1366 1475 1320
f 1366 1320 1365
f 1368 1426 1425
f 1320 1477 1369
f 1370 1427 1428
f 1268 1428 1485
f 1371 1268 1429
f 1268 1485 1429
f 1371 1429 1430
f 1431 1432 1269
f 1432 1372 1269
f 1427 1324 1372
f 1370 1324 1427
f 1429 1530 1430
f 1373 1270 1531
f 1433 1434 1326
f 1269 1434 1431
f 1373 1376 1374
f 1433 1375 1435
f 1326 1375 1433
f 1436 1375 1274
f 1275 1376 1491
f 1275 1491 1276
f 1274 1377 1436
f 1436 1377 1437
f 1437 1377 1379
f 1443 1441 1442
f 1438 1380 1378
f 1438 1658 1380
f 1379 1381 1444
f 1439 1440 1331
f 1331 1440 1441
f 1331 1441 1383
f 1383 1441 1443
f 1444 1381 1384
f 1439 1382 1445
f 1385 1445 1382
f 1448 1383 1443
f 1443 1449 1448
f 1333 1445 1385
f 1450 1446 1447
f 1452 1383 1448
f 1452 1448 1449
f 1452 1449 1451
f 1336 1334 1499
f 1452 1386 1383
f 1451 1449 1450
f 1451 1450 1447
f 1499 1505 1336
f 1335 1453 1445
f 1337 1452 1387
f 1387 1452 1388
f 1388 1452 1451
f 1388 1451 1285
f 1454 1285 1451
f 1336 1505 1390
f 1389 1453 1335
f 1453 1389 1284
f 1287 1453 1284
f 1392 1395 1394
f 1455 1394 1457
f 1458 1394 1395
f 1457 1394 1458
f 1397 1458 1395
f 1399 1459 1398
f 1393 1460 1400
f 1390 1460 1393
f 1456 1346 1461
f 1508 1458 1397
f 1403 1508 1402
f 1403 1398 1459
f 1405 1400 1460
f 1346 1404 1461
f 1404 1349 1461
f 1461 1349 1510
f 1405 1463 1350
f 1406 1351 1462
f 1462 1351 1407
f 1462 1407 1557
f 1464 1408 1463
f 1408 1350 1463
f 1557 1407 1409
f 1464 1410 1408
f 1411 1465 1409
f 1411 1412 1465
f 1465 1412 1466
f 1353 1410 1413
f 1412 1467 1466
f 1467 1412 1414
f 1413 1468 1415
f 1414 1469 1467
f 1414 1416 1469
f 1468 1418 1415
f 1359 1470 1416
f 1417 1471 1359
f 1359 1471 1470
f 1471 1417 1473
f 1417 1419 1473
f 1418 1472 1420
f 1419 1474 1473
f 1421 1474 1419
f 1474 1423 1521
f 1420 1475 1422
f 1421 1423 1474
f 1423 1424 1569
f 1425 1476 1424
f 1424 1476 1569
f 1426 1476 1425
f 1476 1426 1478
f 1369 1478 1426
f 1369 1479 1478
f 1479 1369 1477
f 1522 1477 1320
f 1475 1522 1320
f 1427 1483 1484
f 1480 1428 1484
f 1484 1428 1427
f 1481 1428 1480
f 1485 1428 1481
f 1429 1485 1486
f 1482 1431 1487
f 1432 1431 1482
f 1427 1432 1482
f 1372 1432 1427
f 1429 1486 1530
f 1270 1530 1531
f 1489 1373 1531
f 1487 1434 1488
f 1488 1434 1433
f 1431 1434 1487
f 1489 1376 1373
f 1490 1435 1375
f 1490 1488 1435
f 1488 1433 1435
f 1489 1491 1376
f 1436 1437 1490
f 1375 1436 1490
f 1276 1491 1536
f 1536 1438 1276
f 1619 1442 1537
f 1438 1536 1658
f 1492 1440 1439
f 1440 1537 1441
f 1441 1537 1442
f 1619 1493 1442
f 1493 1443 1442
f 1443 1493 1494
f 1439 1495 1492
f 1445 1495 1439
f 1494 1449 1443
f 1384 1496 1583
f 1495 1445 1497
f 1582 1498 1334
f 1547 1451 1447
f 1334 1498 1499
f 1453 1503 1497
f 1451 1547 1500
f 1503 1501 1502
f 1501 1503 1453
f 1445 1453 1497
f 1500 1454 1451
f 1550 1454 1500
f 1504 1501 1453
f 1506 1504 1453
f 1506 1453 1287
f 1399 1396 1454
f 1399 1454 1550
f 1505 1460 1390
f 1459 1399 1507
f 1403 1459 1507
f 1508 1403 1507
f 1509 1405 1460
f 1555 1461 1510
f 1509 1511 1405
f 1510 1349 1512
f 1349 1406 1512
f 1462 1556 1406
f 1406 1556 1512
f 1511 1463 1405
f 1464 1463 1511
f 1514 1557 1409
f 1464 1511 1410
f 1511 1513 1410
f 1465 1560 1409
f 1409 1560 1514
f 1413 1513 1515
f 1410 1513 1413
f 1467 1469 1516
f 1467 1516 1466
f 1468 1413 1515
f 1469 1602 1516
f 1469 1416 1602
f 1416 1470 1517
f 1468 1564 1418
f 1517 1470 1471
f 1517 1471 1518
f 1418 1564 1472
f 1473 1518 1471
f 1473 1565 1518
f 1472 1475 1420
f 1473 1474 1565
f 1519 1565 1474
f 1475 1472 1522
f 1472 1520 1522
f 1423 1569 1521
f 1476 1523 1569
f 1520 1479 1477
f 1522 1520 1477
f 1476 1478 1523
f 1481 1480 1572
f 1481 1572 1526
f 1481 1526 1485
f 1427 1482 1527
f 1527 1483 1427
f 1484 1483 1524
f 1525 1484 1524
f 1480 1484 1525
f 1486 1485 1573
f 1528 1529 1487
f 1527 1482 1487
f 1529 1527 1487
f 1532 1489 1531
f 1487 1488 1528
f 1489 1532 1533
f 1489 1536 1491
f 1489 1533 1536
f 1535 1534 1437
f 1437 1534 1490
f 1379 1577 1535
f 1437 1379 1535
f 1538 1577 1444
f 1444 1577 1379
f 1578 1492 1539
f 1492 1579 1440
f 1384 1620 1538
f 1444 1384 1538
f 1384 1583 1620
f 1542 1541 1540
f 1495 1542 1539
f 1495 1539 1492
f 1543 1449 1494
f 1503 1545 1541
f 1545 1540 1541
f 1503 1541 1542
f 1503 1542 1497
f 1497 1542 1495
f 1543 1546 1449
f 1449 1546 1450
f 1446 1450 1544
f 1544 1450 1546
f 1496 1548 1583
f 1540 1545 1585
f 1503 1585 1545
f 1502 1585 1503
f 1585 1502 1549
f 1502 1501 1549
f 1631 1501 1504
f 1551 1632 1504
f 1506 1551 1504
f 1287 1551 1506
f 1552 1287 1455
f 1552 1551 1287
f 1399 1550 1553
f 1505 1509 1460
f 1399 1554 1507
f 1399 1553 1554
f 1456 1461 1589
f 1554 1508 1507
f 1461 1555 1589
f 1509 1505 1511
f 1510 1512 1591
f 1505 1559 1511
f 1593 1556 1557
f 1556 1462 1557
f 1593 1557 1558
f 1557 1514 1558
f 1515 1513 1511
f 1514 1560 1558
f 1598 1560 1466
f 1560 1465 1466
f 1516 1598 1466
f 1599 1598 1516
f 1516 1561 1599
f 1515 1562 1468
f 1516 1602 1561
f 1517 1563 1416
f 1416 1563 1602
f 1562 1564 1468
f 1563 1517 1518
f 1565 1519 1567
f 1566 1606 1479
f 1566 1479 1520
f 1472 1566 1520
f 1564 1566 1472
f 1519 1474 1568
f 1474 1521 1568
f 1569 1568 1521
f 1568 1569 1523
f 1478 1608 1523
f 1479 1570 1478
f 1525 1524 1571
f 1480 1525 1571
f 1572 1480 1571
f 1485 1526 1573
f 1483 1527 1524
f 1530 1486 1531
f 1532 1531 1575
f 1488 1574 1528
f 1532 1575 1533
f 1534 1576 1490
f 1574 1488 1576
f 1576 1488 1490
f 1576 1534 1535
f 1538 1620 1577
f 1578 1579 1492
f 1440 1579 1537
f 1619 1494 1493
f 1580 1546 1543
f 1544 1581 1446
f 1580 1581 1544
f 1446 1581 1447
f 1380 1765 1582
f 1546 1580 1544
f 1547 1447 1626
f 1582 1663 1498
f 1584 1498 1663
f 1817 1500 1547
f 1498 1584 1586
f 1586 1499 1498
f 1586 1505 1499
f 1585 1549 1630
f 1724 1550 1500
f 1630 1549 1501
f 1634 1632 1551
f 1552 1634 1551
f 1553 1588 1587
f 1553 1550 1724
f 1289 1456 1668
f 1587 1554 1553
f 1590 1458 1508
f 1590 1457 1458
f 1590 1508 1554
f 1510 1591 1555
f 1635 1512 1592
f 1635 1591 1512
f 1512 1556 1592
f 1556 1593 1592
f 1505 1594 1559
f 1593 1558 1640
f 1595 1511 1559
f 1595 1559 1594
f 1511 1596 1515
f 1595 1596 1511
f 1558 1597 1640
f 1560 1597 1558
f 1600 1515 1596
f 1560 1598 1597
f 1561 1686 1599
f 1561 1601 1686
f 1562 1600 1564
f 1515 1600 1562
f 1561 1602 1601
f 1563 1645 1602
f 1563 1518 1645
f 1565 1645 1518
f 1603 1645 1565
f 1565 1604 1603
f 1606 1566 1564
f 1565 1567 1604
f 1605 1604 1567
f 1605 1567 1607
f 1567 1519 1607
f 1568 1607 1519
f 1607 1568 1523
f 1608 1607 1523
f 1570 1608 1478
f 1524 1611 1612
f 1571 1524 1612
f 1610 1571 1609
f 1572 1571 1610
f 1529 1613 1527
f 1613 1701 1527
f 1611 1524 1527
f 1701 1611 1527
f 1486 1573 1614
f 1655 1531 1486
f 1574 1615 1528
f 1613 1529 1615
f 1615 1529 1528
f 1531 1655 1575
f 1574 1656 1615
f 1616 1656 1576
f 1656 1574 1576
f 1535 1657 1616
f 1576 1535 1616
f 1535 1577 1657
f 1657 1577 1617
f 1618 1619 1537
f 1620 1617 1577
f 1539 1621 1578
f 1621 1579 1578
f 1537 1579 1618
f 1658 1765 1380
f 1539 1624 1621
f 1622 1543 1494
f 1581 1622 1623
f 1543 1622 1581
f 1539 1542 1624
f 1580 1543 1581
f 1581 1626 1447
f 1582 1765 1627
f 1627 1663 1582
f 1665 1625 1583
f 1540 1585 1628
f 1817 1547 1626
f 1583 1548 1665
f 1817 1720 1500
f 1585 1630 1629
f 1720 1724 1500
f 1548 1289 1668
f 1630 1501 1631
f 1632 1631 1504
f 1456 1589 1668
f 1457 1552 1455
f 1457 1671 1552
f 1590 1554 1587
f 1590 1587 1588
f 1675 1671 1457
f 1591 1635 1555
f 1635 1592 1678
f 1633 1636 1505
f 1678 1592 1593
f 1593 1637 1678
f 1593 1638 1637
f 1636 1639 1595
f 1636 1595 1594
f 1636 1594 1505
f 1682 1638 1593
f 1640 1682 1593
f 1595 1639 1596
f 1640 1641 1682
f 1640 1597 1641
f 1641 1597 1643
f 1642 1600 1596
f 1598 1643 1597
f 1599 1685 1598
f 1598 1685 1643
f 1599 1686 1685
f 1600 1644 1564
f 1645 1601 1602
f 1689 1564 1644
f 1603 1604 1646
f 1604 1605 1646
f 1605 1648 1646
f 1648 1607 1649
f 1647 1479 1606
f 1689 1647 1606
f 1564 1689 1606
f 1605 1607 1648
f 1608 1652 1607
f 1607 1652 1651
f 1570 1650 1608
f 1610 1609 1746
f 1571 1612 1609
f 1610 1526 1572
f 1526 1653 1573
f 1614 1573 1653
f 1613 1615 1654
f 1654 1615 1656
f 1705 1533 1575
f 1705 1536 1533
f 1536 1705 1658
f 1659 1657 1617
f 1618 1621 1660
f 1620 1583 1659
f 1617 1620 1659
f 1621 1618 1579
f 1622 1710 1623
f 1624 1660 1621
f 1710 1662 1623
f 1581 1623 1662
f 1713 1627 1765
f 1661 1583 1625
f 1628 1542 1540
f 1662 1626 1581
f 1663 1664 1584
f 1585 1819 1628
f 1586 1584 1664
f 1721 1586 1664
f 1819 1629 1719
f 1585 1629 1819
f 1629 1666 1719
f 1586 1721 1505
f 1721 1667 1505
f 1629 1631 1666
f 1629 1630 1631
f 1666 1631 1722
f 1632 1722 1631
f 1632 1634 1722
f 1667 1633 1505
f 1553 1724 1588
f 1671 1634 1552
f 1670 1634 1671
f 1669 1590 1588
f 1672 1590 1669
f 1670 1671 1675
f 1590 1675 1457
f 1673 1676 1633
f 1674 1589 1555
f 1555 1677 1674
f 1555 1635 1677
f 1677 1635 1678
f 1633 1676 1636
f 1676 1679 1636
f 1678 1681 1677
f 1678 1637 1681
f 1637 1638 1681
f 1679 1639 1636
f 1680 1639 1679
f 1681 1638 1682
f 1681 1682 1641
f 1639 1680 1596
f 1683 1642 1596
f 1641 1643 1733
f 1600 1683 1684
f 1600 1642 1683
f 1687 1600 1684
f 1600 1687 1644
f 1601 1688 1686
f 1687 1689 1644
f 1601 1645 1738
f 1645 1603 1738
f 1738 1603 1646
f 1690 1647 1691
f 1691 1647 1689
f 1646 1692 1738
f 1648 1692 1646
f 1649 1693 1648
f 1648 1693 1692
f 1607 1693 1649
f 1694 1608 1650
f 1694 1650 1695
f 1570 1695 1650
f 1479 1690 1570
f 1647 1690 1479
f 1607 1651 1693
f 1652 1693 1651
f 1694 1693 1652
f 1608 1694 1652
f 1698 1696 1611
f 1609 1696 1746
f 1746 1750 1610
f 1697 1526 1610
f 1611 1701 1698
f 1696 1612 1611
f 1609 1612 1696
f 1653 1526 1697
f 1613 1700 1701
f 1653 1699 1614
f 1614 1699 1486
f 1699 1655 1486
f 1700 1613 1654
f 1702 1700 1654
f 1575 1655 1703
f 1704 1654 1656
f 1704 1702 1654
f 1575 1703 1705
f 1616 1805 1704
f 1656 1616 1704
f 1616 1657 1805
f 1660 1706 1618
f 1706 1707 1618
f 1618 1707 1619
f 1494 1619 1707
f 1659 1583 1708
f 1707 1709 1494
f 1494 1709 1622
f 1709 1710 1622
f 1661 1708 1583
f 1624 1706 1660
f 1662 1710 1712
f 1661 1711 1708
f 1661 1625 1711
f 1628 1714 1542
f 1714 1624 1542
f 1662 1712 1715
f 1626 1662 1715
f 1713 1768 1627
f 1626 1715 1716
f 1771 1627 1768
f 1716 1817 1626
f 1771 1663 1627
f 1771 1717 1663
f 1717 1664 1663
f 1664 1717 1721
f 1665 1548 1718
f 1862 1819 1719
f 1721 1673 1667
f 1634 1723 1722
f 1667 1673 1633
f 1866 1668 1589
f 1724 1669 1588
f 1866 1589 1674
f 1590 1779 1675
f 1725 1590 1672
f 1725 1672 1669
f 1674 1677 1829
f 1676 1727 1679
f 1681 1726 1677
f 1729 1726 1681
f 1727 1728 1679
f 1728 1730 1680
f 1679 1728 1680
f 1729 1681 1641
f 1731 1596 1730
f 1730 1596 1680
f 1641 1732 1729
f 1733 1787 1641
f 1641 1787 1732
f 1683 1596 1731
f 1683 1731 1734
f 1733 1643 1685
f 1734 1684 1683
f 1736 1684 1734
f 1686 1733 1685
f 1686 1688 1735
f 1687 1684 1736
f 1688 1737 1735
f 1688 1601 1737
f 1738 1737 1601
f 1737 1738 1739
f 1736 1741 1689
f 1687 1736 1689
f 1692 1739 1738
f 1742 1739 1692
f 1743 1570 1690
f 1743 1690 1744
f 1744 1690 1740
f 1691 1740 1690
f 1741 1740 1691
f 1689 1741 1691
f 1693 1742 1692
f 1694 1742 1693
f 1743 1742 1694
f 1695 1743 1694
f 1570 1743 1695
f 1745 1747 1746
f 1753 1748 1698
f 1748 1749 1698
f 1696 1698 1749
f 1746 1696 1745
f 1747 1750 1746
f 1610 1750 1751
f 1697 1610 1752
f 1610 1751 1752
f 1753 1698 1701
f 1653 1697 1754
f 1754 1699 1653
f 1753 1701 1755
f 1755 1701 1700
f 1699 1754 1756
f 1699 1703 1655
f 1757 1702 1704
f 1704 1805 1757
f 1657 1758 1805
f 1760 1706 1759
f 1658 1705 1761
f 1657 1659 1758
f 1659 1810 1758
f 1762 1759 1706
f 1706 1760 1707
f 1808 1709 1707
f 1803 1808 1707
f 1659 1708 1810
f 1759 1714 1767
f 1714 1759 1762
f 1709 1809 1763
f 1709 1763 1710
f 1814 1710 1763
f 1658 1764 1765
f 1910 1708 1711
f 1624 1714 1762
f 1706 1624 1762
f 1712 1710 1814
f 1766 1765 1764
f 1711 1625 1910
f 1714 1628 1767
f 1765 1766 1768
f 1768 1713 1765
f 1628 1769 1767
f 1819 1769 1628
f 1770 1720 1817
f 1665 1718 1820
f 1916 1862 1719
f 1772 1916 1719
f 1773 1719 1666
f 1773 1772 1719
f 1666 1722 1773
f 1774 1720 1770
f 1717 1771 1721
f 1718 1548 1820
f 1722 1723 1773
f 1774 1724 1720
f 1721 1771 1673
f 1866 1548 1668
f 1723 1634 1776
f 1669 1774 1775
f 1669 1724 1774
f 1775 1777 1669
f 1771 1780 1673
f 1866 1674 1824
f 1670 1825 1634
f 1777 1725 1669
f 1778 1670 1675
f 1778 1675 1779
f 1590 1725 1779
f 1673 1780 1676
f 1674 1829 1871
f 1829 1677 1726
f 1781 1829 1726
f 1676 1780 1727
f 1780 1728 1727
f 1729 1782 1726
f 1730 1728 1783
f 1730 1783 1784
f 1788 1731 1784
f 1731 1730 1784
f 1729 1786 1785
f 1729 1732 1786
f 1732 1787 1786
f 1788 1734 1731
f 1733 1686 1787
f 1788 1789 1734
f 1736 1734 1741
f 1734 1789 1741
f 1739 1790 1737
f 1791 1744 1740
f 1791 1740 1741
f 1739 1792 1790
f 1742 1792 1739
f 1743 1792 1742
f 1743 1793 1792
f 1791 1743 1744
f 1842 1745 1696
f 1842 1843 1745
f 1747 1745 1794
f 1745 1890 1794
f 1748 1796 1749
f 1696 1749 1842
f 1747 1794 1750
f 1795 1750 1794
f 1751 1750 1795
f 1752 1751 1845
f 1752 1797 1697
f 1796 1748 1753
f 1697 1797 1754
f 1755 1700 1798
f 1753 1755 1798
f 1754 1799 1800
f 1754 1800 1756
f 1756 1800 1699
f 1699 1800 1849
f 1798 1700 1702
f 1699 1849 1703
f 1703 1849 1801
f 1702 1757 1798
f 1801 1705 1703
f 1757 1805 1850
f 1806 1807 1759
f 1759 1807 1760
f 1760 1802 1707
f 1707 1802 1803
f 1808 1803 1809
f 1705 1804 1761
f 1709 1808 1809
f 1809 1812 1763
f 1658 1761 1764
f 1910 1813 1810
f 1910 1810 1708
f 1767 1811 1759
f 1763 1812 1815
f 1763 1815 1814
f 1815 1712 1814
f 1857 1712 1815
f 1857 1715 1712
f 1860 1768 1766
f 1767 1769 1858
f 1715 1816 1716
f 1768 1860 1771
f 1816 1817 1716
f 1863 1770 1817
f 1665 1820 1960
f 1863 1774 1770
f 1921 1820 1548
f 1773 1822 1772
f 1821 1822 1773
f 1723 1821 1773
f 1818 1923 1771
f 1866 1921 1548
f 1776 1821 1723
f 1775 1774 1823
f 1923 1828 1771
f 1634 1825 1776
f 1775 1823 1777
f 1771 1828 1780
f 1725 1777 1827
f 1824 1674 1871
f 1826 1778 1779
f 1826 1779 1827
f 1827 1779 1725
f 1726 1830 1781
f 1728 1780 1873
f 1726 1831 1830
f 1726 1782 1831
f 1873 1832 1783
f 1728 1873 1783
f 1831 1782 1729
f 1831 1729 1833
f 1834 1784 1832
f 1832 1784 1783
f 1729 1785 1833
f 1788 1784 1834
f 1788 1834 1880
f 1785 1786 1833
f 1686 1882 1787
f 1789 1788 1835
f 1789 1835 1886
f 1882 1686 1836
f 1686 1735 1836
f 1735 1837 1836
f 1791 1741 1886
f 1741 1789 1886
f 1735 1737 1837
f 1790 1837 1737
f 1838 1837 1790
f 1790 1888 1838
f 1839 1841 1793
f 1743 1839 1793
f 1791 1839 1743
f 1885 1839 1791
f 1790 1792 1888
f 1841 1840 1792
f 1793 1841 1792
f 1893 1842 1749
f 1842 1894 1843
f 1745 1843 1890
f 1794 1890 1896
f 1795 1794 1844
f 1794 1896 1844
f 1795 1844 1845
f 1749 1796 1893
f 1795 1845 1751
f 1797 1752 1846
f 1752 1845 1846
f 1753 1798 1848
f 1893 1796 1848
f 1848 1796 1753
f 1797 1846 1754
f 1798 1757 1847
f 1800 1799 1901
f 1800 1901 1849
f 1849 1902 1801
f 1802 1760 1851
f 1851 1852 1802
f 1802 1852 1803
f 1705 1801 1804
f 1758 1853 1805
f 1853 1850 1805
f 1759 1854 1806
f 1806 1854 1807
f 1807 1854 1851
f 1807 1851 1760
f 1852 1809 1803
f 1809 1852 1855
f 1804 1957 1761
f 1758 1810 1853
f 1811 1854 1759
f 1856 1809 1855
f 1856 1812 1809
f 1761 1957 1764
f 1767 1909 1811
f 1857 1815 1812
f 1767 1858 1909
f 1764 2064 1766
f 1860 1766 1913
f 1858 1769 1859
f 1715 1857 1816
f 1913 1818 1860
f 1818 1771 1860
f 1625 1665 1960
f 1819 1859 1769
f 1819 1861 1859
f 1857 1863 1816
f 1817 1816 1863
f 1819 1862 1861
f 1864 1960 1820
f 1917 1916 1772
f 1865 1774 1863
f 1864 1820 1921
f 1822 1917 1772
f 1774 1865 1964
f 1822 1821 1867
f 1823 1774 1964
f 1867 1821 1868
f 1868 1821 1776
f 1776 1825 1868
f 1777 1823 1870
f 1872 1827 1869
f 1826 1827 1872
f 1869 1827 1870
f 1870 1827 1777
f 1927 1825 1670
f 1927 1670 1778
f 1778 1826 1927
f 1828 1873 1780
f 1829 1929 1973
f 1781 1929 1829
f 1781 1975 1929
f 1830 1875 1781
f 1781 1875 1975
f 1873 1874 1832
f 1830 1877 1875
f 1831 1877 1830
f 1831 1878 1877
f 1832 1874 1876
f 1831 1833 1878
f 1832 1876 1834
f 1876 1881 1834
f 1833 1879 1878
f 1880 1834 1881
f 1833 1786 1879
f 1786 1787 1879
f 1835 1788 1883
f 1881 1883 1880
f 1883 1788 1880
f 1835 1885 1886
f 1882 1836 1884
f 1837 1884 1836
f 1884 1837 1887
f 1838 1887 1837
f 1838 1888 1887
f 1889 1839 1941
f 1941 1839 1885
f 1886 1885 1791
f 1840 1888 1792
f 1839 1889 1841
f 1944 1891 1890
f 1842 1893 1894
f 1944 1843 1894
f 1890 1843 1944
f 1890 1895 1896
f 1844 1896 1897
f 1848 1892 1893
f 1846 1845 1898
f 1846 1898 1899
f 1846 1899 1754
f 1754 1899 1799
f 1899 1901 1799
f 1900 1847 1757
f 1849 1901 1902
f 1757 1952 1900
f 1903 1952 1850
f 1850 1952 1757
f 1801 1902 2185
f 1954 1903 1850
f 1854 1999 1851
f 1953 1851 1999
f 1851 1953 1904
f 1851 1904 1852
f 1905 1852 1904
f 1905 1906 1852
f 1801 2185 1907
f 1804 1801 1907
f 1853 1954 1850
f 1906 1855 1852
f 1906 1856 1855
f 1804 1907 1957
f 1856 1908 1812
f 1810 1813 1853
f 1908 1857 1812
f 1813 1910 2059
f 1859 1911 1909
f 1859 1909 1858
f 1912 1918 1863
f 1857 1912 1863
f 1913 1914 1818
f 1861 1862 1915
f 1916 1917 1915
f 1915 1862 1916
f 1919 1865 1863
f 1919 1863 1918
f 1864 1921 1920
f 1917 1822 1922
f 1919 1964 1865
f 1867 1922 1822
f 1866 1824 1965
f 1924 1867 1868
f 1925 1869 1870
f 1823 1925 1870
f 1871 1926 1824
f 1927 1826 1868
f 1872 1869 1925
f 1871 1829 1926
f 1926 1829 1970
f 1868 1825 1927
f 1829 1973 1970
f 1874 1873 1928
f 1928 1873 1828
f 1875 1931 1975
f 1930 1876 1874
f 1932 1876 1930
f 1875 1933 1931
f 1875 1877 1933
f 1877 1878 1933
f 1876 1932 1934
f 1878 1936 1933
f 1936 1878 1879
f 1935 1876 1934
f 1876 1935 1881
f 1879 1938 1936
f 1879 1787 1938
f 1937 1941 1835
f 1883 1937 1835
f 1935 1937 1883
f 1881 1935 1883
f 1884 1939 1882
f 1835 1941 1885
f 1884 1887 1939
f 1888 1986 1887
f 1888 1942 1986
f 1840 1942 1888
f 1942 1840 1940
f 1841 1940 1840
f 1889 1940 1841
f 1981 1940 1889
f 1941 1981 1889
f 1890 1891 1945
f 1891 1944 1945
f 1893 1892 1948
f 1943 1894 1948
f 1948 1894 1893
f 1944 1894 1943
f 1890 1945 1895
f 1896 1895 1945
f 1946 1896 1945
f 1946 1897 1896
f 1844 1897 1991
f 1947 1848 1994
f 1892 1848 1947
f 1844 1996 1845
f 1845 1996 1898
f 1950 1898 1996
f 1798 1949 1993
f 1993 1994 1848
f 1993 1848 1798
f 1899 1898 1950
f 1899 1950 1951
f 1847 1900 1949
f 1949 1798 1847
f 1899 1951 1902
f 1899 1902 1901
f 1903 1998 1952
f 2001 2002 1953
f 1954 2003 1903
f 1907 2185 1955
f 1954 1853 2003
f 2005 1856 1906
f 1956 1856 2005
f 1907 1955 1957
f 1813 2059 2003
f 1853 1813 2003
f 1956 1908 1856
f 1909 1958 1811
f 2059 1910 2062
f 1909 1959 1958
f 1909 1911 1959
f 2011 1857 1908
f 1910 1625 2062
f 1859 1959 1911
f 2011 1912 1857
f 1766 2064 1913
f 1861 2012 1859
f 1861 2014 2012
f 2013 2015 1912
f 1918 1912 2015
f 1915 2014 1861
f 2015 1919 1918
f 1914 1913 1961
f 1818 1914 1961
f 1960 1864 1920
f 2018 1919 2015
f 1818 1961 1923
f 1920 1921 1963
f 2019 1962 1922
f 1922 1962 1917
f 2018 1964 1919
f 1866 1963 1921
f 1963 1866 1965
f 1922 1867 2019
f 1828 1923 1966
f 1965 1824 2071
f 1924 2019 1867
f 1967 1924 1868
f 1968 1925 1823
f 1823 1964 1968
f 1824 1926 2071
f 1969 1967 1868
f 1826 1969 1868
f 1928 1966 1972
f 1828 1966 1928
f 1974 1971 1970
f 1973 1974 1970
f 1928 1972 1874
f 1973 1929 1974
f 1974 1929 1975
f 1930 1874 1972
f 1931 1976 1975
f 1930 1977 1932
f 1931 1933 1976
f 1934 1977 2031
f 1932 1977 1934
f 1978 1933 1936
f 1935 1934 2031
f 1980 1937 1935
f 1936 1938 1979
f 1938 1787 1979
f 1981 1941 1980
f 1937 1980 1941
f 1787 2034 1979
f 1882 2034 1787
f 1939 2034 1882
f 1983 1942 1940
f 1940 1984 1983
f 1981 1984 1940
f 2035 1984 1981
f 1887 1985 1939
f 1887 1986 1985
f 1986 1942 1982
f 1983 1982 1942
f 1944 1943 1988
f 1945 1944 1989
f 1944 1988 1989
f 1946 1945 1989
f 1946 1989 1990
f 1947 1995 2041
f 2041 1987 1892
f 2041 1892 1947
f 1948 1892 1987
f 1988 1948 1987
f 1943 1948 1988
f 1946 1990 1897
f 1992 1897 1990
f 1991 1897 1992
f 1991 1992 1844
f 1995 1947 1994
f 1950 1996 2047
f 1993 1997 1994
f 1993 1949 1997
f 1950 2047 1951
f 1952 1997 1900
f 1997 1949 1900
f 1951 2185 1902
f 1997 1952 1998
f 2000 1953 1999
f 2001 1953 2000
f 2002 1904 1953
f 2185 2229 2054
f 2004 1999 1854
f 2185 2054 1955
f 2004 1811 2006
f 2004 1854 1811
f 2007 1956 2005
f 2008 2006 1958
f 1958 2006 1811
f 2009 1908 1956
f 2007 2009 1956
f 1957 1955 1764
f 2011 1908 2009
f 2010 2008 1959
f 2012 2010 1959
f 1959 2008 1958
f 2062 1625 1960
f 1859 2012 1959
f 2013 1912 2011
f 1962 2017 1917
f 2016 1920 1963
f 1962 2019 2017
f 1961 2020 1923
f 1913 2020 1961
f 2016 1963 1965
f 2016 1965 2071
f 1964 2018 1968
f 1923 2020 1966
f 2022 1924 1967
f 2022 2117 1924
f 1926 2023 2021
f 1926 2021 2071
f 1969 2022 1967
f 2076 1969 1826
f 2024 1826 1872
f 2024 2076 1826
f 1872 1925 2024
f 1966 2074 1972
f 1926 1970 2023
f 2023 1970 1971
f 2023 1971 2025
f 1972 2074 2026
f 2025 1971 1974
f 2025 1974 2027
f 2028 1972 2026
f 2027 1974 1975
f 1976 2027 1975
f 2028 1977 1930
f 1972 2028 1930
f 1978 2029 1933
f 1978 2032 2029
f 2032 2030 2029
f 1978 1936 2032
f 2086 1935 2031
f 2086 1980 1935
f 2033 2035 1981
f 1980 2033 1981
f 1939 2036 2034
f 2037 1986 1982
f 2037 1983 2092
f 2037 1982 1983
f 1984 2092 1983
f 2035 2092 1984
f 1939 1985 2036
f 1986 2036 1985
f 2037 2036 1986
f 2041 2095 1987
f 2038 1988 2095
f 2095 1988 1987
f 2039 1988 2038
f 1989 1988 2039
f 1990 1989 2137
f 1992 1990 2040
f 1990 2137 2040
f 2042 2095 2041
f 1992 2040 2046
f 1844 1992 2046
f 2044 2045 1994
f 2041 1995 2045
f 2045 1995 1994
f 1996 1844 2046
f 1996 2046 2047
f 1997 2048 2044
f 2044 2048 2043
f 1994 1997 2044
f 1998 2049 1997
f 2049 2048 1997
f 1998 1903 2049
f 2049 1903 2052
f 2050 2001 2000
f 2001 2050 2051
f 2001 2051 2002
f 2052 1903 2003
f 2055 2052 2003
f 2056 2053 2004
f 2004 2053 1999
f 1999 2053 2000
f 2054 2057 1955
f 2055 2003 2103
f 2056 2006 2058
f 2004 2006 2056
f 2151 1955 2057
f 2003 2059 2103
f 2006 2060 2058
f 2008 2060 2006
f 2061 2009 2007
f 1955 2151 1764
f 2060 2010 2154
f 2010 2060 2008
f 2011 2009 2061
f 2154 2010 2063
f 2012 2063 2010
f 2012 2065 2063
f 2065 2154 2063
f 2014 2112 2065
f 2014 2065 2012
f 1915 2112 2014
f 1917 2112 1915
f 2068 2015 2013
f 1960 1920 2066
f 2068 2018 2015
f 2067 2018 2068
f 1913 2069 2020
f 2021 2016 2071
f 1924 2017 2019
f 2018 2070 1968
f 2067 2070 2018
f 2070 1925 1968
f 2020 2069 1966
f 2069 2074 1966
f 2023 2072 2021
f 2075 2072 2023
f 2118 2022 1969
f 2076 2024 2073
f 2073 2024 1925
f 2023 2025 2075
f 2075 2025 2120
f 2027 2077 2025
f 2026 2078 2028
f 2027 1976 2077
f 2077 1976 2205
f 2078 1977 2028
f 2079 1977 2078
f 2205 1976 2080
f 1977 2079 2031
f 2079 2081 2031
f 1976 1933 2080
f 2029 2030 1933
f 2083 2031 2081
f 2030 2032 2082
f 2082 2032 2087
f 2031 2083 2086
f 1936 2087 2032
f 1979 2088 1936
f 1936 2088 2087
f 2033 2085 2094
f 2085 1980 2084
f 2085 2033 1980
f 2086 2084 1980
f 1979 2034 2088
f 2089 2088 2034
f 2036 2089 2034
f 2091 2037 2092
f 2035 2094 2092
f 2092 2094 2093
f 2094 2035 2033
f 2037 2090 2036
f 2091 2090 2037
f 2038 2133 2129
f 2038 2129 2132
f 2039 2038 2132
f 2039 2132 2135
f 2133 2038 2095
f 2039 2137 1989
f 2096 2042 2041
f 2044 2043 2045
f 2041 2045 2096
f 2043 2048 2097
f 2049 2097 2048
f 2144 2050 2000
f 2050 2144 2051
f 2144 2098 2051
f 2098 2141 2051
f 2002 2051 2141
f 2141 2100 2002
f 2100 1904 2002
f 1905 1904 2148
f 2229 2101 2054
f 2055 2099 2049
f 2055 2103 2099
f 2052 2055 2049
f 2058 2102 2053
f 2056 2058 2053
f 2148 2278 1905
f 2278 1906 1905
f 2057 2054 2101
f 2104 2102 2058
f 1906 2007 2005
f 2105 2103 2059
f 2058 2060 2104
f 2104 2060 2106
f 2108 1764 2151
f 2059 2062 2107
f 2105 2059 2107
f 2154 2106 2060
f 2109 2011 2061
f 1764 2108 2064
f 2108 2110 2064
f 2069 2064 2110
f 2062 1960 2111
f 2064 2069 1913
f 2111 1960 2066
f 2066 1920 2111
f 2111 1920 2155
f 1917 2017 2113
f 2114 2113 2017
f 2016 2021 1920
f 1924 2114 2017
f 2116 2114 1924
f 2115 2114 2116
f 2159 2021 2072
f 2116 1924 2117
f 2022 2118 2117
f 2070 2073 1925
f 2069 2119 2074
f 2159 2072 2075
f 2076 2118 1969
f 2119 2026 2074
f 2077 2165 2025
f 2025 2165 2120
f 2079 2083 2081
f 2030 2121 1933
f 2082 2121 2030
f 2121 2082 2122
f 2122 2082 2087
f 2123 2122 2087
f 2085 2084 2125
f 2125 2084 2126
f 2126 2086 2083
f 2126 2084 2086
f 2123 2087 2088
f 2089 2123 2088
f 2124 2123 2089
f 2089 2036 2124
f 2085 2125 2094
f 2127 2036 2090
f 2127 2090 2128
f 2091 2128 2090
f 2092 2093 2091
f 2091 2093 2128
f 2094 2172 2093
f 2130 2131 2132
f 2130 2133 2134
f 2129 2133 2130
f 2130 2132 2129
f 2039 2135 2177
f 2136 2134 2095
f 2134 2133 2095
f 2040 2137 2138
f 2136 2042 2096
f 2095 2042 2136
f 2040 2138 2046
f 2045 2043 2139
f 2139 2096 2045
f 2046 2138 2140
f 2046 2140 2047
f 2140 1951 2047
f 2043 2097 2316
f 2142 2141 2183
f 1951 2140 2185
f 2097 2049 2143
f 2145 2098 2144
f 2098 2183 2141
f 2142 2100 2141
f 2143 2049 2099
f 2146 2147 2053
f 2053 2147 2000
f 2000 2147 2144
f 2100 2148 1904
f 2103 2149 2099
f 2053 2102 2146
f 2150 2102 2104
f 2103 2105 2149
f 2150 2104 2106
f 2151 2152 2108
f 2105 2107 2149
f 2188 2109 2061
f 2152 2192 2108
f 2062 2153 2107
f 2188 2011 2109
f 2108 2192 2110
f 2062 2111 2239
f 2191 2013 2011
f 2239 2111 2155
f 1917 2113 2240
f 2191 2068 2013
f 2156 2068 2191
f 2110 2162 2069
f 2155 1920 2243
f 2067 2068 2156
f 2067 2156 2157
f 2157 2070 2067
f 2158 2070 2157
f 1920 2021 2243
f 2117 2160 2116
f 2158 2161 2073
f 2158 2073 2070
f 2162 2119 2069
f 2159 2075 2199
f 2117 2118 2076
f 2117 2076 2161
f 2161 2076 2073
f 2119 2162 2026
f 2026 2162 2163
f 2075 2164 2199
f 2079 2078 2163
f 2078 2026 2163
f 2075 2120 2164
f 2164 2120 2165
f 2203 2165 2077
f 2077 2205 2203
f 2163 2083 2079
f 1933 2167 2080
f 2121 2167 1933
f 2169 2126 2083
f 2169 2083 2166
f 2122 2170 2121
f 2123 2170 2122
f 2124 2171 2123
f 2123 2171 2170
f 2127 2172 2173
f 2171 2127 2173
f 2173 2094 2210
f 2168 2210 2094
f 2168 2094 2125
f 2126 2168 2125
f 2169 2168 2126
f 2124 2036 2171
f 2127 2171 2036
f 2093 2127 2128
f 2172 2127 2093
f 2094 2173 2172
f 2131 2130 2174
f 2130 2263 2174
f 2132 2174 2135
f 2132 2131 2174
f 2174 2175 2135
f 2134 2176 2213
f 2130 2134 2213
f 2175 2177 2135
f 2134 2136 2176
f 2136 2178 2176
f 2138 2137 2219
f 2179 2138 2219
f 2180 2181 2096
f 2178 2136 2096
f 2181 2178 2096
f 2043 2316 2139
f 2096 2139 2180
f 2138 2179 2182
f 2140 2138 2182
f 2316 2097 2222
f 2222 2097 2143
f 2183 2226 2142
f 2142 2226 2184
f 2140 2182 2185
f 2145 2144 2186
f 2098 2145 2183
f 2100 2142 2184
f 2147 2146 2186
f 2147 2186 2144
f 2100 2184 2148
f 2148 2184 2187
f 2331 2099 2149
f 2057 2101 2232
f 2151 2057 2232
f 2232 2152 2151
f 2233 2061 2007
f 2235 2107 2153
f 2011 2188 2238
f 2235 2153 2236
f 2236 2153 2062
f 2190 2154 2065
f 2190 2189 2154
f 2190 2065 2237
f 2062 2239 2236
f 2112 2237 2065
f 2112 2285 2237
f 2238 2191 2011
f 2193 2239 2155
f 2240 2112 1917
f 2156 2191 2194
f 2110 2192 2162
f 2155 2243 2193
f 2194 2157 2156
f 2194 2158 2157
f 2196 2158 2194
f 2021 2159 2243
f 2116 2245 2115
f 2116 2160 2245
f 2192 2201 2162
f 2197 2160 2117
f 2195 2117 2196
f 2196 2117 2161
f 2196 2161 2158
f 2198 2159 2199
f 2198 2199 2200
f 2162 2201 2163
f 2199 2164 2200
f 2202 2163 2201
f 2164 2203 2200
f 2165 2203 2164
f 2163 2202 2204
f 2083 2204 2206
f 2163 2204 2083
f 2167 2205 2080
f 2166 2083 2206
f 2121 2208 2167
f 2121 2260 2208
f 2210 2168 2211
f 2211 2169 2207
f 2211 2168 2169
f 2166 2207 2169
f 2206 2207 2166
f 2121 2170 2260
f 2260 2170 2209
f 2171 2209 2170
f 2173 2212 2171
f 2171 2212 2209
f 2261 2173 2210
f 2261 2212 2173
f 2213 2214 2130
f 2130 2214 2263
f 2175 2174 2215
f 2174 2263 2215
f 2175 2215 2177
f 2213 2176 2216
f 2039 2177 2266
f 2137 2039 2266
f 2216 2181 2217
f 2216 2178 2181
f 2176 2178 2216
f 2266 2218 2137
f 2137 2218 2219
f 2139 2220 2180
f 2180 2220 2217
f 2217 2181 2180
f 2139 2316 2220
f 2179 2221 2182
f 2223 2222 2143
f 2273 2183 2225
f 2185 2182 2227
f 2099 2228 2223
f 2143 2099 2223
f 2145 2186 2224
f 2145 2224 2225
f 2145 2225 2183
f 2185 2227 2229
f 2146 2231 2186
f 2229 2277 2101
f 2331 2230 2228
f 2099 2331 2228
f 2146 2102 2231
f 2231 2102 2150
f 1906 2280 2007
f 2233 2007 2280
f 2232 2234 2152
f 2106 2281 2150
f 2192 2152 2234
f 2154 2339 2106
f 2335 2188 2061
f 2154 2189 2339
f 2190 2339 2189
f 2238 2188 2284
f 2340 2236 2239
f 2284 2191 2238
f 2239 2193 2340
f 2340 2193 2286
f 2343 2194 2284
f 2284 2194 2191
f 2193 2243 2286
f 2241 2287 2240
f 2241 2240 2113
f 2242 2194 2343
f 2246 2243 2159
f 2244 2241 2113
f 2244 2113 2114
f 2115 2244 2114
f 2196 2194 2242
f 2246 2159 2198
f 2160 2247 2245
f 2117 2195 2247
f 2248 2195 2196
f 2242 2248 2196
f 2247 2160 2197
f 2247 2197 2117
f 2198 2249 2246
f 2249 2198 2200
f 2200 2203 2250
f 2250 2203 2300
f 2251 2252 2204
f 2202 2251 2204
f 2205 2253 2203
f 2204 2255 2206
f 2252 2255 2204
f 2205 2167 2253
f 2167 2254 2253
f 2256 2254 2167
f 2258 2211 2301
f 2211 2207 2301
f 2301 2207 2255
f 2255 2207 2206
f 2256 2167 2208
f 2257 2256 2208
f 2257 2208 2259
f 2208 2260 2259
f 2260 2209 2261
f 2211 2258 2210
f 2212 2261 2209
f 2263 2214 2262
f 2310 2263 2262
f 2263 2264 2215
f 2214 2213 2216
f 2266 2177 2265
f 2268 2269 2217
f 2216 2217 2269
f 2219 2218 2266
f 2267 2219 2266
f 2219 2270 2179
f 2219 2267 2270
f 2220 2271 2268
f 2217 2220 2268
f 2179 2270 2221
f 2316 2271 2220
f 2221 2272 2182
f 2227 2182 2272
f 2223 2322 2222
f 2323 2224 2186
f 2323 2324 2224
f 2224 2324 2225
f 2324 2273 2225
f 2183 2274 2226
f 2273 2274 2183
f 2184 2226 2276
f 2223 2228 2322
f 2323 2186 2275
f 2184 2329 2187
f 2276 2329 2184
f 2229 2227 2277
f 2231 2275 2186
f 2278 2148 2187
f 2231 2150 2281
f 2278 2279 1906
f 2280 1906 2279
f 2335 2233 2280
f 2061 2233 2335
f 2192 2234 2283
f 2107 2235 2336
f 2336 2235 2282
f 2409 2188 2335
f 2235 2410 2282
f 2236 2410 2235
f 2237 2339 2190
f 2409 2284 2188
f 2236 2340 2410
f 2240 2285 2112
f 2343 2284 2409
f 2286 2243 2290
f 2291 2288 2241
f 2288 2287 2241
f 2289 2242 2343
f 2283 2293 2192
f 2243 2246 2290
f 2244 2291 2241
f 2115 2291 2244
f 2115 2245 2291
f 2291 2245 2347
f 2242 2289 2292
f 2192 2293 2201
f 2383 2245 2247
f 2383 2247 2195
f 2248 2383 2195
f 2292 2248 2242
f 2293 2294 2201
f 2201 2294 2296
f 2246 2249 2295
f 2295 2249 2297
f 2202 2296 2251
f 2251 2296 2298
f 2201 2296 2202
f 2200 2297 2249
f 2200 2250 2297
f 2299 2251 2298
f 2252 2299 2302
f 2251 2299 2252
f 2253 2352 2203
f 2203 2352 2300
f 2254 2353 2253
f 2253 2353 2352
f 2255 2252 2302
f 2254 2303 2353
f 2256 2303 2254
f 2257 2304 2256
f 2307 2258 2305
f 2305 2258 2306
f 2306 2258 2301
f 2302 2301 2255
f 2257 2259 2304
f 2260 2304 2259
f 2304 2260 2356
f 2261 2356 2260
f 2261 2307 2356
f 2307 2261 2210
f 2258 2307 2210
f 2310 2262 2309
f 2263 2310 2311
f 2311 2312 2264
f 2308 2262 2214
f 2263 2311 2264
f 2264 2312 2313
f 2264 2313 2215
f 2314 2315 2216
f 2216 2315 2308
f 2308 2214 2216
f 2215 2395 2265
f 2215 2265 2177
f 2266 2265 2267
f 2314 2269 2268
f 2216 2269 2314
f 2271 2314 2268
f 2270 2267 2317
f 2317 2221 2270
f 2271 2316 2314
f 2317 2272 2221
f 2317 2227 2272
f 2317 2318 2227
f 2322 2319 2222
f 2324 2320 2273
f 2273 2320 2321
f 2274 2273 2321
f 2226 2325 2276
f 2274 2325 2226
f 2230 2326 2322
f 2230 2322 2228
f 2328 2275 2327
f 2323 2275 2328
f 2325 2329 2276
f 2277 2227 2365
f 2231 2330 2275
f 2275 2330 2327
f 2277 2333 2101
f 2281 2330 2231
f 2280 2279 2369
f 2232 2101 2333
f 2334 2232 2333
f 2332 2330 2281
f 2232 2334 2234
f 2106 2407 2281
f 2280 2370 2335
f 2339 2337 2106
f 2282 2410 2336
f 2336 2410 2338
f 2237 2285 2341
f 2285 2240 2341
f 2342 2240 2287
f 2381 2286 2290
f 2287 2288 2342
f 2344 2289 2343
f 2283 2376 2293
f 2376 2346 2293
f 2347 2288 2291
f 2292 2345 2248
f 2344 2345 2292
f 2344 2292 2289
f 2290 2246 2381
f 2381 2246 2349
f 2422 2347 2245
f 2346 2294 2293
f 2348 2294 2346
f 2246 2295 2349
f 2296 2348 2350
f 2296 2294 2348
f 2385 2296 2350
f 2296 2385 2298
f 2250 2295 2297
f 2351 2295 2250
f 2351 2250 2384
f 2299 2385 2302
f 2385 2299 2298
f 2384 2250 2300
f 2388 2387 2306
f 2388 2306 2301
f 2302 2388 2301
f 2304 2303 2256
f 2304 2355 2303
f 2354 2307 2305
f 2306 2354 2305
f 2387 2354 2306
f 2304 2356 2355
f 2357 2262 2308
f 2357 2358 2262
f 2262 2358 2309
f 2310 2309 2433
f 2311 2310 2433
f 2311 2433 2312
f 2357 2308 2359
f 2215 2313 2360
f 2215 2360 2395
f 2316 2397 2361
f 2314 2316 2361
f 2317 2267 2478
f 2318 2317 2478
f 2316 2222 2397
f 2397 2222 2362
f 2319 2362 2222
f 2322 2363 2362
f 2322 2364 2363
f 2319 2322 2362
f 2320 2324 2323
f 2364 2322 2326
f 2328 2366 2323
f 2328 2327 2366
f 2325 2486 2329
f 2187 2329 2486
f 2365 2367 2277
f 2330 2366 2327
f 2330 2368 2366
f 2278 2187 2486
f 2367 2333 2277
f 2230 2331 2532
f 2330 2332 2368
f 2279 2278 2486
f 2331 2149 2532
f 2370 2280 2369
f 2234 2334 2283
f 2106 2337 2407
f 2370 2371 2335
f 2371 2409 2335
f 2372 2337 2339
f 2372 2339 2237
f 2341 2372 2237
f 2283 2412 2376
f 2240 2373 2341
f 2374 2240 2342
f 2374 2373 2240
f 2343 2409 2375
f 2381 2377 2286
f 2378 2374 2342
f 2378 2342 2288
f 2379 2378 2288
f 2343 2375 2344
f 2347 2379 2288
f 2382 2379 2347
f 2380 2383 2345
f 2345 2344 2380
f 2380 2344 2375
f 2422 2382 2347
f 2248 2345 2383
f 2421 2350 2348
f 2346 2421 2348
f 2295 2423 2349
f 2352 2384 2300
f 2386 2384 2352
f 2386 2352 2353
f 2353 2389 2426
f 2390 2354 2391
f 2388 2391 2387
f 2391 2354 2387
f 2353 2303 2389
f 2355 2389 2303
f 2390 2389 2355
f 2356 2390 2355
f 2307 2390 2356
f 2354 2390 2307
f 2392 2309 2358
f 2433 2309 2392
f 2430 2433 2392
f 2394 2357 2359
f 2393 2313 2312
f 2360 2313 2393
f 2359 2308 2396
f 2396 2308 2315
f 2314 2361 2436
f 2396 2315 2314
f 2436 2396 2314
f 2267 2265 2478
f 2318 2478 2398
f 2397 2362 2399
f 2399 2362 2363
f 2320 2441 2321
f 2441 2400 2321
f 2442 2274 2400
f 2320 2323 2402
f 2400 2274 2321
f 2442 2325 2274
f 2326 2401 2363
f 2364 2326 2363
f 2444 2486 2325
f 2365 2403 2367
f 2367 2403 2333
f 2404 2368 2332
f 2486 2369 2279
f 2333 2405 2334
f 2281 2404 2332
f 2334 2405 2406
f 2406 2283 2334
f 2371 2370 2488
f 2406 2408 2283
f 2409 2371 2488
f 2283 2408 2412
f 2411 2407 2337
f 2372 2411 2337
f 2341 2411 2372
f 2411 2341 2413
f 2340 2452 2410
f 2341 2373 2413
f 2375 2409 2488
f 2340 2286 2452
f 2452 2286 2377
f 2374 2414 2373
f 2374 2415 2414
f 2420 2415 2374
f 2378 2420 2374
f 2379 2420 2378
f 2419 2457 2380
f 2416 2380 2375
f 2416 2419 2380
f 2376 2417 2346
f 2377 2381 2418
f 2418 2381 2459
f 2379 2382 2420
f 2383 2457 2461
f 2380 2457 2383
f 2346 2417 2421
f 2381 2349 2459
f 2422 2383 2461
f 2245 2383 2422
f 2425 2350 2421
f 2385 2350 2425
f 2424 2351 2384
f 2386 2466 2384
f 2384 2466 2424
f 2385 2425 2302
f 2386 2353 2426
f 2427 2388 2508
f 2508 2388 2302
f 2389 2428 2426
f 2390 2428 2389
f 2391 2427 2390
f 2388 2427 2391
f 2470 2472 2392
f 2392 2516 2430
f 2432 2471 2357
f 2429 2357 2471
f 2358 2357 2429
f 2470 2358 2429
f 2392 2358 2470
f 2393 2312 2474
f 2474 2360 2393
f 2394 2359 2431
f 2432 2394 2431
f 2357 2394 2432
f 2395 2360 2435
f 2431 2436 2434
f 2431 2396 2436
f 2359 2396 2431
f 2395 2435 2265
f 2434 2436 2361
f 2265 2435 2478
f 2437 2434 2397
f 2397 2434 2361
f 2397 2399 2437
f 2399 2363 2437
f 2438 2320 2440
f 2320 2438 2441
f 2441 2438 2439
f 2441 2442 2400
f 2318 2485 2227
f 2437 2363 2401
f 2443 2323 2366
f 2402 2323 2443
f 2402 2440 2320
f 2365 2227 2485
f 2445 2443 2366
f 2326 2230 2532
f 2445 2366 2404
f 2368 2404 2366
f 2446 2333 2403
f 2333 2446 2405
f 2407 2447 2281
f 2406 2405 2448
f 2149 2107 2336
f 2369 2488 2370
f 2449 2406 2448
f 2449 2408 2406
f 2537 2407 2451
f 2408 2449 2412
f 2338 2410 2450
f 2450 2410 2491
f 2451 2407 2411
f 2411 2413 2451
f 2410 2452 2491
f 2453 2413 2373
f 2412 2455 2376
f 2414 2453 2373
f 2453 2414 2454
f 2415 2454 2414
f 2455 2417 2376
f 2377 2418 2456
f 2496 2419 2416
f 2496 2416 2375
f 2456 2418 2459
f 2460 2415 2420
f 2417 2458 2421
f 2458 2462 2421
f 2463 2456 2459
f 2463 2459 2423
f 2423 2459 2349
f 2382 2460 2420
f 2460 2382 2422
f 2460 2422 2461
f 2464 2425 2462
f 2462 2425 2421
f 2425 2464 2465
f 2295 2351 2423
f 2465 2302 2425
f 2465 2508 2302
f 2506 2466 2426
f 2466 2386 2426
f 2513 2427 2508
f 2467 2506 2426
f 2468 2467 2426
f 2428 2468 2426
f 2468 2428 2469
f 2390 2469 2428
f 2390 2512 2469
f 2513 2390 2427
f 2513 2512 2390
f 2550 2432 2473
f 2550 2429 2432
f 2429 2471 2432
f 2392 2472 2516
f 2430 2516 2555
f 2430 2555 2518
f 2433 2430 2519
f 2430 2518 2519
f 2473 2432 2431
f 2519 2520 2433
f 2433 2520 2312
f 2474 2312 2520
f 2434 2476 2431
f 2476 2473 2431
f 2474 2435 2360
f 2434 2475 2476
f 2475 2434 2437
f 2477 2475 2437
f 2398 2478 2527
f 2477 2437 2479
f 2481 2440 2480
f 2481 2438 2440
f 2481 2482 2438
f 2482 2439 2438
f 2443 2445 2480
f 2402 2443 2480
f 2402 2480 2440
f 2483 2441 2439
f 2483 2442 2441
f 2401 2484 2479
f 2401 2573 2484
f 2437 2401 2479
f 2325 2570 2444
f 2530 2365 2485
f 2401 2326 2573
f 2365 2530 2403
f 2404 2569 2445
f 2534 2403 2530
f 2403 2534 2487
f 2487 2446 2403
f 2487 2405 2446
f 2281 2576 2404
f 2447 2576 2281
f 2448 2578 2449
f 2537 2447 2407
f 2338 2450 2336
f 2412 2449 2490
f 2451 2489 2537
f 2451 2494 2489
f 2535 2375 2488
f 2452 2492 2491
f 2494 2451 2413
f 2539 2413 2453
f 2539 2494 2413
f 2454 2539 2453
f 2412 2495 2455
f 2490 2495 2412
f 2452 2377 2493
f 2452 2493 2492
f 2498 2454 2415
f 2541 2496 2375
f 2417 2495 2497
f 2455 2495 2417
f 2377 2456 2493
f 2415 2460 2498
f 2457 2500 2499
f 2500 2419 2496
f 2457 2419 2500
f 2458 2497 2501
f 2458 2417 2497
f 2502 2498 2460
f 2545 2502 2460
f 2461 2499 2545
f 2460 2461 2545
f 2499 2461 2457
f 2503 2458 2501
f 2458 2503 2462
f 2463 2548 2456
f 2503 2464 2462
f 2548 2463 2423
f 2504 2464 2503
f 2423 2351 2505
f 2504 2465 2464
f 2351 2424 2505
f 2466 2595 2424
f 2466 2506 2595
f 2507 2506 2467
f 2507 2467 2509
f 2467 2468 2509
f 2468 2510 2509
f 2468 2469 2510
f 2512 2511 2469
f 2429 2550 2551
f 2470 2429 2514
f 2429 2551 2514
f 2514 2515 2516
f 2517 2550 2473
f 2470 2514 2472
f 2516 2472 2514
f 2516 2553 2555
f 2474 2520 2521
f 2522 2473 2476
f 2474 2521 2435
f 2521 2560 2435
f 2523 2476 2475
f 2523 2522 2476
f 2562 2478 2435
f 2478 2562 2527
f 2477 2479 2528
f 2481 2524 2525
f 2481 2525 2482
f 2526 2482 2525
f 2482 2526 2439
f 2526 2565 2439
f 2483 2439 2565
f 2398 2527 2318
f 2527 2620 2318
f 2528 2479 2484
f 2483 2567 2442
f 2325 2442 2567
f 2318 2620 2485
f 2480 2445 2569
f 2567 2529 2325
f 2529 2570 2325
f 2444 2570 2571
f 2571 2486 2444
f 2531 2486 2571
f 2326 2532 2573
f 2486 2531 2533
f 2533 2369 2486
f 2575 2487 2534
f 2487 2575 2405
f 2405 2578 2448
f 2149 2336 2623
f 2535 2488 2369
f 2578 2538 2449
f 2536 2447 2537
f 2449 2538 2490
f 2489 2494 2539
f 2541 2375 2535
f 2450 2491 2492
f 2540 2539 2454
f 2542 2495 2538
f 2495 2490 2538
f 2498 2540 2454
f 2496 2541 2543
f 2542 2497 2495
f 2545 2499 2543
f 2543 2499 2500
f 2543 2500 2496
f 2501 2497 2542
f 2501 2542 2503
f 2502 2544 2498
f 2544 2502 2545
f 2544 2545 2631
f 2456 2547 2546
f 2548 2547 2456
f 2548 2591 2547
f 2503 2590 2504
f 2423 2505 2548
f 2548 2505 2595
f 2505 2424 2595
f 2506 2596 2595
f 2507 2597 2506
f 2506 2597 2596
f 2549 2513 2508
f 2507 2509 2597
f 2510 2597 2509
f 2511 2597 2510
f 2469 2511 2510
f 2513 2511 2512
f 2549 2511 2513
f 2515 2514 2552
f 2514 2551 2552
f 2516 2552 2553
f 2516 2515 2552
f 2552 2554 2555
f 2600 2550 2517
f 2552 2555 2553
f 2519 2605 2520
f 2556 2557 2473
f 2557 2517 2473
f 2520 2605 2521
f 2556 2522 2558
f 2473 2522 2556
f 2559 2558 2522
f 2559 2522 2523
f 2475 2559 2523
f 2562 2435 2560
f 2477 2561 2559
f 2477 2528 2561
f 2475 2477 2559
f 2524 2610 2525
f 2525 2563 2526
f 2612 2526 2563
f 2481 2564 2524
f 2481 2480 2564
f 2565 2526 2612
f 2612 2566 2565
f 2527 2562 2620
f 2564 2480 2569
f 2566 2483 2565
f 2483 2568 2567
f 2484 2573 2617
f 2568 2570 2567
f 2570 2529 2567
f 2572 2530 2485
f 2662 2530 2572
f 2662 2534 2530
f 2573 2532 2708
f 2533 2531 2571
f 2574 2533 2571
f 2662 2621 2534
f 2664 2708 2532
f 2621 2575 2534
f 2623 2532 2149
f 2405 2575 2578
f 2447 2579 2576
f 2623 2336 2577
f 2450 2577 2336
f 2669 2577 2450
f 2536 2579 2447
f 2580 2536 2537
f 2580 2579 2536
f 2580 2537 2489
f 2581 2538 2578
f 2676 2669 2450
f 2539 2580 2489
f 2582 2580 2539
f 2492 2676 2450
f 2540 2582 2539
f 2535 2584 2541
f 2583 2584 2535
f 2542 2581 2587
f 2538 2581 2542
f 2493 2676 2492
f 2540 2498 2582
f 2586 2585 2543
f 2586 2543 2541
f 2586 2541 2584
f 2493 2456 2676
f 2676 2456 2588
f 2631 2545 2585
f 2585 2545 2543
f 2542 2587 2503
f 2546 2588 2456
f 2546 2589 2588
f 2546 2547 2589
f 2589 2547 2591
f 2548 2637 2591
f 2548 2592 2637
f 2548 2595 2593
f 2548 2593 2592
f 2594 2465 2684
f 2684 2465 2504
f 2590 2684 2504
f 2511 2641 2597
f 2511 2598 2641
f 2549 2598 2511
f 2598 2549 2594
f 2508 2594 2549
f 2465 2594 2508
f 2550 2600 2601
f 2644 2551 2601
f 2601 2551 2550
f 2599 2551 2644
f 2552 2551 2599
f 2599 2602 2552
f 2554 2552 2603
f 2552 2602 2603
f 2555 2554 2603
f 2557 2694 2517
f 2694 2648 2517
f 2648 2600 2517
f 2555 2603 2518
f 2604 2518 2603
f 2519 2518 2605
f 2556 2650 2606
f 2694 2557 2606
f 2606 2557 2556
f 2650 2556 2558
f 2607 2560 2521
f 2560 2607 2608
f 2651 2559 2561
f 2608 2562 2560
f 2609 2561 2528
f 2655 2610 2524
f 2525 2610 2563
f 2563 2611 2612
f 2610 2611 2563
f 2566 2612 2613
f 2484 2617 2609
f 2528 2484 2609
f 2616 2564 2615
f 2524 2564 2655
f 2655 2564 2616
f 2562 2614 2620
f 2618 2615 2564
f 2569 2618 2564
f 2483 2566 2568
f 2568 2566 2658
f 2708 2617 2573
f 2658 2570 2568
f 2571 2570 2658
f 2619 2571 2658
f 2660 2571 2619
f 2485 2620 2572
f 2660 2574 2571
f 2404 2661 2569
f 2663 2533 2574
f 2576 2661 2404
f 2533 2663 2622
f 2622 2369 2533
f 2532 2623 2664
f 2575 2621 2578
f 2576 2579 2624
f 2626 2535 2369
f 2626 2369 2622
f 2621 2627 2578
f 2669 2623 2577
f 2625 2624 2579
f 2628 2625 2579
f 2628 2579 2580
f 2581 2627 2769
f 2578 2627 2581
f 2583 2672 2629
f 2672 2535 2626
f 2583 2535 2672
f 2674 2580 2582
f 2631 2674 2582
f 2632 2586 2629
f 2586 2584 2583
f 2586 2583 2629
f 2581 2633 2587
f 2498 2631 2582
f 2631 2498 2544
f 2632 2631 2585
f 2632 2585 2586
f 2633 2634 2587
f 2587 2634 2503
f 2589 2678 2588
f 2635 2678 2589
f 2590 2634 2636
f 2503 2634 2590
f 2635 2589 2591
f 2638 2590 2636
f 2590 2638 2684
f 2592 2639 2637
f 2593 2639 2592
f 2640 2598 2594
f 2594 2684 2640
f 2593 2595 2639
f 2596 2639 2595
f 2597 2641 2596
f 2598 2642 2641
f 2642 2598 2640
f 2599 2644 2645
f 2646 2647 2600
f 2643 2600 2647
f 2601 2600 2643
f 2644 2601 2643
f 2599 2645 2602
f 2645 2691 2602
f 2602 2691 2603
f 2603 2691 2604
f 2600 2648 2646
f 2518 2604 2649
f 2518 2649 2605
f 2694 2606 2650
f 2521 2605 2607
f 2558 2559 2693
f 2559 2651 2693
f 2608 2607 2698
f 2561 2699 2651
f 2561 2652 2699
f 2608 2656 2562
f 2652 2561 2609
f 2610 2653 2654
f 2610 2654 2611
f 2613 2612 2611
f 2614 2562 2656
f 2616 2657 2655
f 2616 2615 2657
f 2613 2658 2566
f 2615 2618 2657
f 2619 2658 2710
f 2617 2708 2659
f 2710 2660 2619
f 2620 2758 2572
f 2569 2661 2618
f 2574 2660 2663
f 2572 2758 2662
f 2576 2762 2661
f 2665 2622 2663
f 2761 2627 2621
f 2576 2666 2762
f 2665 2626 2622
f 2666 2576 2624
f 2668 2666 2624
f 2623 2669 2667
f 2625 2668 2624
f 2625 2628 2668
f 2713 2626 2764
f 2671 2628 2580
f 2671 2670 2628
f 2626 2713 2672
f 2630 2669 2676
f 2673 2671 2580
f 2769 2675 2581
f 2674 2673 2580
f 2724 2674 2631
f 2724 2631 2632
f 2632 2629 2724
f 2581 2675 2633
f 2677 2633 2675
f 2677 2634 2633
f 2679 2634 2677
f 2636 2634 2679
f 2591 2680 2635
f 2679 2728 2636
f 2728 2638 2636
f 2637 2680 2591
f 2681 2680 2637
f 2637 2682 2681
f 2637 2639 2682
f 2683 2682 2639
f 2596 2683 2639
f 2683 2596 2685
f 2687 2642 2640
f 2641 2688 2596
f 2596 2688 2685
f 2688 2641 2686
f 2687 2686 2641
f 2642 2687 2641
f 2644 2643 2740
f 2643 2738 2740
f 2645 2644 2740
f 2645 2740 2690
f 2645 2690 2691
f 2689 2646 2743
f 2647 2646 2689
f 2738 2647 2689
f 2643 2647 2738
f 2690 2604 2691
f 2604 2692 2649
f 2695 2648 2694
f 2646 2648 2743
f 2649 2692 2696
f 2649 2696 2605
f 2650 2558 2693
f 2694 2650 2693
f 2605 2696 2698
f 2607 2605 2698
f 2699 2697 2651
f 2651 2697 2693
f 2697 2699 2700
f 2698 2748 2703
f 2703 2608 2698
f 2609 2700 2699
f 2699 2652 2609
f 2653 2701 2654
f 2703 2656 2608
f 2705 2655 2704
f 2610 2705 2653
f 2610 2655 2705
f 2702 2611 2654
f 2702 2753 2611
f 2852 2613 2753
f 2703 2614 2656
f 2703 2803 2614
f 2609 2617 2751
f 2657 2706 2704
f 2657 2704 2655
f 2753 2613 2611
f 2852 2754 2613
f 2754 2658 2613
f 2618 2706 2657
f 2709 2706 2618
f 2658 2754 2710
f 2620 2707 2758
f 2661 2709 2618
f 2711 2662 2758
f 2712 2663 2660
f 2662 2711 2621
f 2712 2665 2663
f 2621 2711 2761
f 2807 2664 2763
f 2623 2763 2664
f 2764 2626 2665
f 2623 2667 2763
f 2765 2769 2627
f 2667 2669 2813
f 2813 2669 2715
f 2713 2714 2672
f 2714 2716 2672
f 2669 2717 2715
f 2717 2669 2630
f 2718 2671 2673
f 2719 2718 2673
f 2673 2723 2719
f 2716 2629 2672
f 2716 2720 2629
f 2769 2721 2675
f 2676 2722 2630
f 2630 2722 2717
f 2674 2723 2673
f 2723 2674 2724
f 2724 2629 2720
f 2774 2675 2721
f 2677 2675 2774
f 2725 2722 2676
f 2725 2676 2678
f 2678 2676 2588
f 2725 2678 2726
f 2727 2728 2729
f 2679 2729 2728
f 2635 2726 2678
f 2680 2730 2635
f 2635 2730 2726
f 2681 2730 2680
f 2727 2732 2638
f 2728 2727 2638
f 2681 2733 2730
f 2682 2733 2681
f 2683 2733 2682
f 2731 2734 2640
f 2684 2731 2640
f 2732 2731 2684
f 2638 2732 2684
f 2735 2683 2685
f 2736 2688 2686
f 2687 2736 2686
f 2640 2737 2687
f 2687 2737 2736
f 2688 2735 2685
f 2736 2735 2688
f 2739 2738 2689
f 2740 2738 2739
f 2791 2740 2739
f 2690 2740 2741
f 2690 2742 2604
f 2604 2742 2692
f 2694 2693 2695
f 2648 2695 2743
f 2696 2692 2796
f 2696 2796 2745
f 2696 2745 2698
f 2746 2697 2700
f 2747 2746 2700
f 2700 2609 2747
f 2750 2701 2653
f 2654 2802 2702
f 2701 2802 2654
f 2753 2702 2802
f 2748 2803 2703
f 2609 2751 2747
f 2752 2705 2704
f 2653 2705 2749
f 2803 2755 2614
f 2617 2659 2751
f 2704 2706 2752
f 2614 2755 2620
f 2756 2710 2754
f 2659 2708 2854
f 2855 2710 2756
f 2707 2759 2758
f 2661 2757 2709
f 2855 2660 2710
f 2708 2664 2807
f 2661 2760 2757
f 2855 2712 2660
f 2758 2759 2761
f 2761 2711 2758
f 2760 2661 2762
f 2665 2712 2764
f 2761 2765 2627
f 2667 2766 2763
f 2766 2667 2813
f 2767 2666 2668
f 2768 2713 2764
f 2628 2767 2668
f 2628 2670 2767
f 2714 2713 2768
f 2714 2768 2770
f 2772 2670 2671
f 2817 2772 2671
f 2773 2817 2719
f 2714 2770 2716
f 2715 2717 2771
f 2718 2817 2671
f 2817 2718 2719
f 2719 2723 2773
f 2773 2723 2775
f 2776 2716 2770
f 2720 2716 2776
f 2722 2777 2717
f 2775 2723 2724
f 2775 2724 2776
f 2776 2724 2720
f 2722 2778 2777
f 2774 2679 2677
f 2725 2778 2722
f 2780 2778 2725
f 2729 2679 2779
f 2780 2725 2726
f 2782 2727 2779
f 2729 2779 2727
f 2730 2780 2726
f 2781 2780 2730
f 2781 2730 2783
f 2782 2784 2732
f 2784 2731 2732
f 2727 2782 2732
f 2730 2733 2785
f 2683 2786 2733
f 2733 2786 2785
f 2787 2640 2734
f 2787 2734 2788
f 2784 2734 2731
f 2788 2734 2784
f 2683 2735 2786
f 2736 2786 2735
f 2787 2786 2736
f 2737 2787 2736
f 2640 2787 2737
f 2739 2744 2834
f 2739 2789 2790
f 2791 2739 2790
f 2743 2744 2689
f 2744 2739 2689
f 2791 2792 2740
f 2792 2741 2740
f 2742 2690 2793
f 2690 2741 2793
f 2794 2795 2743
f 2743 2795 2744
f 2743 2695 2794
f 2692 2742 2796
f 2697 2695 2693
f 2798 2698 2745
f 2746 2797 2695
f 2697 2746 2695
f 2698 2798 2748
f 2799 2746 2747
f 2798 2844 2748
f 2940 2799 2747
f 2749 2750 2653
f 2850 2750 2749
f 2750 2800 2701
f 2701 2800 2847
f 2802 2701 2847
f 2747 2751 2940
f 2804 2801 2752
f 2752 2801 2705
f 2705 2801 2749
f 2802 2944 2753
f 2944 2852 2753
f 2751 2659 2940
f 2805 2752 2706
f 2804 2752 2805
f 2620 2755 2806
f 2805 2706 2709
f 2895 2756 2754
f 2620 2806 2707
f 2757 2805 2709
f 2855 2756 2895
f 2760 2898 2757
f 2708 2807 2854
f 2765 2761 2759
f 2808 2807 2763
f 2762 2810 2856
f 2809 2764 2712
f 2808 2763 2766
f 2808 2766 2859
f 2666 2810 2762
f 2811 2810 2666
f 2768 2809 2814
f 2768 2764 2809
f 2766 2813 2859
f 2767 2811 2666
f 2769 2765 2812
f 2670 2862 2767
f 2814 2770 2768
f 2769 2812 2721
f 2715 2771 2813
f 2772 2862 2670
f 2816 2772 2817
f 2910 2816 2817
f 2818 2817 2773
f 2770 2814 2865
f 2721 2815 2774
f 2813 2717 2819
f 2771 2717 2813
f 2775 2818 2773
f 2818 2775 2776
f 2865 2776 2770
f 2819 2717 2777
f 2866 2822 2774
f 2866 2820 2822
f 2777 2778 2821
f 2821 2778 2824
f 2679 2822 2823
f 2774 2822 2679
f 2780 2825 2778
f 2778 2825 2824
f 2779 2679 2823
f 2780 2826 2825
f 2780 2781 2826
f 2781 2783 2826
f 2826 2783 2827
f 2827 2783 2730
f 2730 2872 2827
f 2872 2786 2828
f 2829 2784 2830
f 2830 2784 2782
f 2730 2785 2872
f 2786 2872 2785
f 2787 2831 2786
f 2787 2832 2831
f 2829 2788 2784
f 2829 2832 2788
f 2832 2787 2788
f 2739 2834 2835
f 2835 2789 2739
f 2833 2790 2789
f 2927 2790 2833
f 2791 2790 2792
f 2836 2837 2795
f 2834 2744 2837
f 2793 2741 2838
f 2839 2795 2794
f 2837 2744 2795
f 2793 2838 2840
f 2742 2793 2840
f 2839 2794 2695
f 2841 2839 2695
f 2742 2840 2796
f 2843 2798 2745
f 2841 2695 2797
f 2842 2841 2797
f 2844 2798 2843
f 2746 2842 2797
f 2799 2842 2746
f 2845 2800 2750
f 2845 2846 2800
f 2846 2847 2800
f 2844 2979 2748
f 2979 2848 2748
f 2801 2849 2749
f 2849 2850 2749
f 2845 2750 2850
f 2748 2848 2803
f 2851 2849 2804
f 2849 2801 2804
f 2851 2804 2805
f 2852 3028 2754
f 2940 2659 2853
f 3028 2895 2754
f 2659 2854 2853
f 2903 2759 2707
f 2759 2903 2765
f 2898 2760 2762
f 2856 2898 2762
f 2808 2857 2807
f 2810 2858 2856
f 2808 2859 2857
f 2861 2858 2810
f 2810 2811 2861
f 2765 2860 2812
f 2903 2860 2765
f 2811 2767 2861
f 2861 2767 2862
f 2721 2860 2815
f 2812 2860 2721
f 2772 2863 2862
f 2863 2772 2816
f 2816 2910 2863
f 2912 2910 2817
f 2817 2818 2912
f 2818 2776 2864
f 2864 2776 2865
f 2866 2774 2815
f 2823 2820 2866
f 2820 2823 2822
f 2821 2824 2915
f 2824 2825 2915
f 2779 2868 2869
f 2868 2867 2869
f 2823 2868 2779
f 2825 2870 2915
f 2826 2870 2825
f 2827 2919 2826
f 2919 2827 2872
f 2871 2782 2869
f 2869 2782 2779
f 2872 2922 2919
f 2786 2873 2828
f 2874 2830 2871
f 2874 2829 2830
f 2782 2871 2830
f 2786 2831 2873
f 2832 2873 2831
f 2829 2873 2832
f 2875 2833 2789
f 2875 2876 2833
f 2833 2876 2877
f 2927 2833 2877
f 2878 2835 2834
f 2875 2835 2925
f 2789 2835 2875
f 2792 2790 2879
f 2878 2837 2836
f 2834 2837 2878
f 2792 2838 2741
f 2839 2881 2836
f 2836 2881 2880
f 2795 2839 2836
f 2839 2841 2881
f 2840 2882 2843
f 2840 2843 2796
f 2796 2843 2745
f 2799 2883 2842
f 2883 2841 2842
f 2844 2843 2979
f 2887 2884 2799
f 2845 2850 2885
f 2845 2885 2846
f 2846 2885 2886
f 2890 2846 2886
f 2890 2847 2846
f 2799 2940 2887
f 2849 2851 2888
f 2849 2888 2850
f 2850 2888 2889
f 2890 2891 2847
f 2847 2891 2802
f 2891 2944 2802
f 2805 2892 2851
f 2894 2805 2757
f 2892 2805 2894
f 2806 2755 2707
f 2853 2854 2893
f 2895 2896 2855
f 2893 2854 2985
f 2897 2985 2854
f 2897 2854 2807
f 2896 2712 2855
f 2945 2898 2856
f 2945 2856 2902
f 2807 2857 2897
f 2897 2857 2900
f 2856 2858 2902
f 2901 2809 2712
f 2857 2859 2949
f 2861 2902 2858
f 2861 2947 2902
f 2861 2904 2947
f 2901 2814 2809
f 2907 2814 2901
f 2949 2859 2813
f 2905 2861 2862
f 2905 2904 2861
f 2909 2905 2862
f 2863 2909 2862
f 2911 2909 2863
f 2910 2911 2863
f 2912 2913 2911
f 2818 2864 2913
f 2906 2864 2865
f 2906 2865 2814
f 2906 2814 2907
f 2911 2910 2912
f 2913 2912 2818
f 2815 2914 2823
f 2815 2823 2866
f 2821 2960 2777
f 2867 2914 2869
f 2868 2914 2867
f 2823 2914 2868
f 2915 2870 2916
f 2826 2919 2870
f 2917 2874 2871
f 2869 2917 2871
f 2918 2917 2869
f 2828 2922 2872
f 2873 2922 2828
f 2873 2923 2922
f 2923 2829 2920
f 2923 2873 2829
f 2921 2920 2829
f 2874 2921 2829
f 2876 2968 2924
f 2875 2925 2926
f 2876 2875 2926
f 2924 2877 2876
f 2925 2835 2928
f 2928 2835 2878
f 2927 2970 2879
f 2927 2879 2790
f 2792 2879 2929
f 2929 2838 2792
f 2836 2880 2931
f 2928 2878 2836
f 2931 2928 2836
f 2838 2929 2932
f 2838 2933 2934
f 2838 2932 2933
f 2881 2930 2880
f 2838 2934 2840
f 2840 2934 2882
f 2930 2841 2883
f 2930 2881 2841
f 2843 2882 2934
f 2799 2884 2883
f 2843 2934 2935
f 2936 2886 2885
f 2843 2935 2979
f 2937 2938 2888
f 2936 2889 2938
f 2889 2888 2938
f 2889 2936 2850
f 2850 2936 2885
f 3021 2890 2886
f 2887 2940 3020
f 2888 2851 2937
f 2937 2851 2941
f 2939 2891 2890
f 2944 2891 2939
f 2942 2803 2848
f 2943 2941 2892
f 2941 2851 2892
f 2944 2984 2852
f 2803 2942 2755
f 2984 3028 2852
f 3024 2853 2893
f 2894 2943 2892
f 3024 2893 2985
f 2895 3032 2896
f 2895 3028 3032
f 2707 2755 2989
f 2898 3031 2757
f 2989 2899 2707
f 2899 2903 2707
f 2897 2990 2985
f 3031 2898 2945
f 2987 2712 2896
f 2897 2900 2990
f 2945 2902 2947
f 2987 2901 2712
f 2899 2946 2903
f 2901 2987 2948
f 2907 2901 2948
f 2903 2950 2860
f 2949 2813 2908
f 2905 2951 2904
f 2906 2952 2864
f 2907 2952 2906
f 2860 2950 2815
f 2950 2953 2815
f 2955 2951 2905
f 2955 2905 2909
f 2955 2909 2911
f 3000 2955 2911
f 2956 2911 2913
f 2956 3000 2911
f 2956 2913 2864
f 2864 2952 2956
f 2957 2815 2953
f 2954 2908 2813
f 2957 2914 2815
f 2813 2819 2954
f 2954 2819 2958
f 2914 2957 2959
f 2777 2958 2819
f 2777 2960 2958
f 2821 2915 2916
f 2869 2914 2959
f 2916 2870 2961
f 2962 2917 2963
f 2963 2918 2959
f 2963 2917 2918
f 2869 2959 2918
f 2961 2870 2919
f 2919 2964 2961
f 2965 2923 2920
f 2965 2920 2921
f 2874 2962 2921
f 2917 2962 2874
f 2919 2922 2964
f 2965 2964 2922
f 2923 2965 2922
f 2967 2968 2876
f 2926 2925 2969
f 2966 2926 2969
f 2967 2926 2966
f 2876 2926 2967
f 2927 2877 2970
f 2969 2928 2972
f 2925 2928 2969
f 2971 2879 2970
f 2929 2879 2971
f 2971 2973 2929
f 2930 2974 2880
f 2931 2880 2975
f 2880 2974 2975
f 2975 2972 2931
f 2928 2931 2972
f 2929 2973 2932
f 2932 2973 2933
f 2930 3014 2974
f 3014 2930 2883
f 2976 3014 2883
f 2977 2976 2884
f 2884 2976 2883
f 2935 2978 2979
f 2887 3020 2977
f 2884 2887 2977
f 2936 2938 2981
f 2983 2980 2937
f 2937 2980 2938
f 2938 2980 2981
f 2890 2982 2939
f 3021 2982 2890
f 2979 2978 2848
f 3020 2940 3022
f 2937 2941 2983
f 2984 2944 2939
f 2940 2853 3022
f 2941 2943 2983
f 2848 3026 2942
f 2984 2982 3028
f 2757 3031 2894
f 3030 3032 3028
f 2945 2986 3031
f 2945 2992 2986
f 2987 3032 2988
f 2987 2896 3032
f 2899 2989 2946
f 2945 2947 2992
f 2989 2991 2946
f 2900 2857 2990
f 2990 2857 3036
f 2988 2948 2987
f 2950 2903 2946
f 2857 2949 3036
f 2993 2992 2947
f 2994 2947 2904
f 2994 2993 2947
f 2948 2988 2907
f 2996 2949 2908
f 2951 2994 2904
f 3000 2995 2951
f 2995 2994 2951
f 2952 2998 2997
f 2998 2907 2988
f 2952 2907 2998
f 2908 2954 2999
f 2908 2999 2996
f 2955 3000 2951
f 2997 2956 2952
f 3002 2957 3039
f 3039 2957 2953
f 3002 2959 2957
f 2960 2954 2958
f 3001 2954 2960
f 3001 2960 3043
f 2960 2821 3043
f 3002 3005 2959
f 3043 2821 2916
f 3043 2916 3003
f 3004 2963 3005
f 3005 2963 2959
f 2961 3003 2916
f 2961 3048 3003
f 2963 3004 2962
f 2961 2964 3048
f 3048 2964 3006
f 2964 2965 3006
f 2965 3007 3006
f 3049 3007 2921
f 3007 2965 2921
f 2962 3049 2921
f 2967 2966 3009
f 2967 3009 3053
f 2968 2967 3053
f 2968 3053 2924
f 3009 2969 3008
f 2966 2969 3009
f 2924 3055 3058
f 2924 3058 2877
f 2877 3058 2970
f 2970 3058 2971
f 3012 2972 2975
f 3012 3010 2972
f 3010 2969 2972
f 3013 2973 2971
f 2974 3014 3011
f 2975 2974 3011
f 3012 2975 3011
f 2973 3013 3015
f 2933 2973 3016
f 2973 3015 3016
f 2935 2934 3108
f 3110 2976 2977
f 2935 3108 2978
f 2977 3020 3110
f 3017 3018 2936
f 2936 3018 2886
f 3021 2886 3018
f 2978 3019 2848
f 2983 3023 2980
f 2984 2939 2982
f 3024 3022 2853
f 3023 2983 2943
f 3113 3023 2943
f 2943 3027 3113
f 3028 2982 3025
f 3029 2942 3026
f 3029 2755 2942
f 2894 3027 2943
f 2755 3070 2989
f 3070 3075 2989
f 2985 3073 3117
f 2990 3073 2985
f 3034 2988 3032
f 2989 3075 2991
f 2993 3077 2992
f 3077 3033 2992
f 2993 3078 3077
f 3035 2946 2991
f 2946 3035 2950
f 3036 2949 2996
f 2993 2994 3078
f 2995 3082 2994
f 3082 3078 2994
f 2995 3037 3082
f 2995 2997 3037
f 3034 2998 2988
f 2950 3038 2953
f 3035 3038 2950
f 2995 3000 2956
f 2995 2956 2997
f 3039 3038 3040
f 3038 3039 2953
f 2999 2954 3085
f 3002 3040 3041
f 3039 3040 3002
f 3001 3127 2954
f 2954 3127 3085
f 3005 3002 3042
f 3042 3002 3041
f 3001 3043 3127
f 3045 3005 3042
f 3043 3003 3044
f 3092 3004 3047
f 3005 3045 3004
f 3004 3045 3047
f 3046 3044 3003
f 3046 3003 3048
f 3004 3092 2962
f 3049 3048 3006
f 3007 3049 3006
f 3050 3051 3008
f 3051 3052 3008
f 3009 3008 3052
f 3009 3052 3053
f 2924 3053 3054
f 2924 3054 3055
f 3050 2969 3010
f 3008 2969 3050
f 3057 3056 3012
f 3057 3012 3011
f 3010 3012 3056
f 3050 3010 3056
f 3014 3057 3011
f 3013 3059 3015
f 3059 3016 3015
f 3057 3014 3060
f 2976 3061 3060
f 2976 3062 3061
f 3014 2976 3060
f 3108 2934 3198
f 3062 2976 3110
f 2978 3108 3063
f 3109 3110 3020
f 2980 3106 2981
f 2981 3106 2936
f 2936 3064 3017
f 3106 3064 2936
f 2978 3063 3019
f 3109 3020 3233
f 3113 3066 2980
f 3021 3018 2982
f 2982 3018 3065
f 3067 2982 3065
f 3020 3022 3233
f 2980 3023 3113
f 2982 3067 3068
f 2848 3069 3026
f 3022 3024 3233
f 3025 2982 3068
f 2894 3031 3027
f 3029 3070 2755
f 3071 3030 3028
f 2986 3159 3031
f 3032 3030 3072
f 3030 3071 3072
f 3074 2986 2992
f 3074 3119 2986
f 3033 3074 2992
f 3034 3032 3072
f 2990 3036 3076
f 3080 3037 3072
f 3072 3037 3034
f 2991 3081 3035
f 3076 3036 2996
f 3076 2996 3123
f 3082 3079 3078
f 3082 3037 3080
f 3037 2997 2998
f 3037 2998 3034
f 3035 3081 3038
f 3040 3038 3083
f 3083 3038 3081
f 2996 3084 3123
f 3084 2996 2999
f 3084 2999 3085
f 3084 3085 3127
f 3086 3042 3041
f 3043 3087 3127
f 3044 3088 3043
f 3043 3088 3087
f 3086 3090 3045
f 3042 3086 3045
f 3088 3044 3046
f 3093 3047 3089
f 3093 3092 3047
f 3045 3089 3047
f 3090 3089 3045
f 3091 3046 3048
f 3091 3048 3094
f 3049 3094 3048
f 3049 3095 3094
f 3095 2962 3092
f 3095 3049 2962
f 3096 3138 3053
f 3053 3052 3096
f 3138 3054 3053
f 3057 3098 3056
f 3050 3056 3097
f 3056 3098 3097
f 3097 3051 3050
f 3099 3100 3057
f 3100 3098 3057
f 2971 3058 3101
f 3013 2971 3101
f 3013 3101 3059
f 3060 3102 3099
f 3057 3060 3099
f 3016 3059 3103
f 3103 2933 3016
f 3102 3060 3061
f 3104 3102 3061
f 2933 3198 2934
f 3062 3104 3061
f 3110 3105 3104
f 3062 3110 3104
f 3066 3111 2980
f 3106 2980 3111
f 3107 3017 3064
f 3018 3152 3065
f 3017 3152 3018
f 3065 3152 3112
f 3063 3154 3019
f 3108 3154 3063
f 3109 3233 3150
f 3067 3112 3153
f 3067 3065 3112
f 3069 2848 3019
f 3068 3067 3153
f 3233 3024 3157
f 3114 3113 3156
f 3027 3156 3113
f 3025 3115 3028
f 3024 2985 3157
f 3115 3071 3028
f 3029 3158 3070
f 3026 3158 3029
f 3159 3027 3031
f 3236 3116 3115
f 3116 3071 3115
f 3075 3070 3158
f 2985 3117 3157
f 3118 3159 2986
f 2986 3119 3118
f 3116 3236 3072
f 3116 3072 3071
f 3073 3163 3117
f 3073 2990 3163
f 3033 3121 3074
f 3075 3120 2991
f 3121 3033 3077
f 3079 3077 3078
f 3079 3121 3077
f 3081 3120 3122
f 3081 2991 3120
f 3076 3123 3168
f 3080 3170 3082
f 3124 3081 3122
f 3081 3124 3083
f 3040 3083 3126
f 3125 3084 3127
f 3041 3040 3126
f 3086 3128 3132
f 3128 3041 3126
f 3128 3086 3041
f 3127 3087 3178
f 3178 3087 3129
f 3087 3088 3129
f 3131 3093 3089
f 3090 3132 3089
f 3089 3132 3131
f 3132 3090 3086
f 3091 3133 3046
f 3130 3134 3095
f 3130 3095 3092
f 3093 3130 3092
f 3131 3130 3093
f 3091 3094 3133
f 3134 3133 3094
f 3095 3134 3094
f 3135 3136 3096
f 3096 3052 3135
f 3138 3096 3137
f 3138 3137 3190
f 3140 3051 3097
f 3140 3052 3051
f 3097 3098 3139
f 3140 3097 3139
f 3058 3055 3142
f 3141 3139 3100
f 3141 3100 3099
f 3098 3100 3139
f 3058 3142 3101
f 3101 3142 3059
f 3142 3103 3059
f 3143 3141 3102
f 3102 3141 3099
f 3104 3196 3143
f 3102 3104 3143
f 2933 3103 3198
f 3196 3104 3105
f 3105 3110 3147
f 3111 3148 3144
f 3106 3111 3144
f 3106 3144 3064
f 3064 3144 3145
f 3149 3107 3064
f 3145 3149 3064
f 3204 3017 3149
f 3198 3146 3108
f 3109 3150 3110
f 3150 3147 3110
f 3066 3202 3111
f 3111 3202 3148
f 3107 3149 3017
f 3204 3152 3017
f 3112 3152 3153
f 3113 3114 3151
f 3113 3151 3066
f 3155 3019 3154
f 3019 3155 3069
f 3150 3233 3201
f 3314 3025 3068
f 3115 3314 3236
f 3115 3025 3314
f 3162 3075 3158
f 3160 3157 3117
f 3161 3118 3119
f 3161 3159 3118
f 3117 3163 3160
f 3119 3164 3161
f 3074 3164 3119
f 3163 2990 3210
f 3164 3121 3165
f 3074 3121 3164
f 3075 3167 3120
f 3162 3167 3075
f 3072 3166 3080
f 3120 3167 3122
f 3169 3079 3082
f 3169 3082 3170
f 3080 3166 3170
f 3171 3124 3167
f 3124 3122 3167
f 3123 3084 3173
f 3123 3173 3168
f 3172 3083 3171
f 3171 3083 3124
f 3084 3125 3173
f 3126 3083 3172
f 3126 3172 3174
f 3176 3128 3126
f 3176 3126 3174
f 3127 3178 3177
f 3175 3181 3132
f 3128 3176 3132
f 3176 3175 3132
f 3178 3129 3179
f 3088 3182 3129
f 3134 3130 3218
f 3218 3130 3131
f 3181 3180 3131
f 3132 3181 3131
f 3088 3046 3182
f 3182 3046 3183
f 3046 3133 3183
f 3134 3184 3133
f 3133 3184 3183
f 3218 3184 3134
f 3135 3185 3186
f 3136 3135 3186
f 3096 3186 3137
f 3096 3136 3186
f 3186 3187 3137
f 3185 3052 3189
f 3135 3052 3185
f 3187 3190 3137
f 3138 3190 3223
f 3188 3140 3191
f 3191 3140 3139
f 3189 3140 3188
f 3052 3140 3189
f 3191 3139 3141
f 3192 3191 3141
f 3142 3055 3194
f 3193 3192 3141
f 3194 3103 3142
f 3195 3193 3143
f 3193 3141 3143
f 3197 3195 3196
f 3195 3143 3196
f 3105 3197 3196
f 3105 3199 3197
f 3203 3227 3144
f 3227 3228 3144
f 3144 3228 3145
f 3147 3199 3105
f 3202 3203 3148
f 3144 3148 3203
f 3228 3149 3145
f 3200 3149 3228
f 3200 3204 3149
f 3150 3201 3199
f 3147 3150 3199
f 3151 3232 3066
f 3202 3066 3232
f 3153 3152 3204
f 3151 3114 3205
f 3156 3235 3114
f 3069 3158 3026
f 3207 3156 3027
f 3027 3159 3207
f 3158 3206 3162
f 3208 3207 3159
f 3161 3208 3159
f 3160 3163 3241
f 3164 3208 3161
f 3206 3247 3162
f 3163 3210 3241
f 3244 3164 3165
f 3072 3209 3166
f 3162 3247 3167
f 3076 3246 2990
f 2990 3246 3210
f 3246 3076 3168
f 3079 3165 3121
f 3211 3165 3079
f 3170 3166 3209
f 3169 3211 3079
f 3211 3169 3170
f 3212 3171 3167
f 3172 3171 3212
f 3173 3249 3168
f 3249 3173 3125
f 3172 3213 3174
f 3125 3127 3249
f 3175 3213 3215
f 3213 3175 3176
f 3174 3213 3176
f 3178 3214 3177
f 3214 3178 3179
f 3181 3215 3180
f 3215 3181 3175
f 3129 3216 3179
f 3182 3216 3129
f 3182 3217 3216
f 3182 3183 3217
f 3180 3219 3131
f 3219 3218 3131
f 3218 3217 3183
f 3184 3218 3183
f 3187 3186 3221
f 3187 3221 3190
f 3189 3188 3220
f 3188 3222 3220
f 3220 3185 3189
f 3221 3223 3190
f 3222 3188 3191
f 3224 3222 3191
f 3138 3262 3054
f 3054 3194 3055
f 3225 3224 3192
f 3224 3191 3192
f 3192 3193 3225
f 3225 3193 3195
f 3194 3263 3103
f 3263 3226 3103
f 3195 3197 3199
f 3103 3226 3198
f 3226 3146 3198
f 3267 3199 3201
f 3203 3229 3227
f 3203 3202 3229
f 3228 3273 3200
f 3273 3204 3200
f 3230 3108 3146
f 3231 3232 3151
f 3202 3232 3229
f 3108 3230 3154
f 3151 3205 3231
f 3277 3153 3204
f 3154 3230 3155
f 3201 3233 3280
f 3314 3068 3153
f 3233 3157 3280
f 3155 3234 3069
f 3280 3157 3237
f 3206 3069 3234
f 3206 3158 3069
f 3238 3235 3156
f 3238 3156 3207
f 3282 3237 3157
f 3355 3072 3236
f 3157 3160 3282
f 3208 3239 3207
f 3242 3208 3164
f 3164 3244 3242
f 3240 3243 3209
f 3209 3072 3240
f 3211 3244 3165
f 3209 3243 3245
f 3210 3246 3241
f 3211 3170 3245
f 3245 3170 3209
f 3326 3212 3247
f 3212 3167 3247
f 3212 3326 3172
f 3326 3213 3172
f 3213 3326 3248
f 3213 3248 3250
f 3249 3127 3177
f 3252 3215 3213
f 3252 3213 3250
f 3214 3253 3177
f 3297 3180 3255
f 3255 3215 3251
f 3255 3180 3215
f 3252 3251 3215
f 3214 3179 3253
f 3216 3253 3179
f 3254 3253 3216
f 3254 3216 3256
f 3216 3217 3256
f 3218 3256 3217
f 3218 3219 3256
f 3297 3219 3180
f 3186 3185 3257
f 3221 3186 3257
f 3221 3257 3300
f 3221 3300 3258
f 3221 3258 3223
f 3260 3337 3222
f 3337 3185 3220
f 3337 3220 3222
f 3258 3261 3223
f 3223 3261 3138
f 3138 3261 3262
f 3259 3224 3225
f 3260 3224 3259
f 3222 3224 3260
f 3194 3262 3263
f 3054 3262 3194
f 3225 3264 3265
f 3264 3225 3195
f 3263 3266 3226
f 3381 3264 3199
f 3199 3264 3195
f 3306 3381 3267
f 3381 3199 3267
f 3227 3268 3228
f 3268 3269 3228
f 3201 3306 3267
f 3201 3310 3306
f 3272 3229 3271
f 3227 3229 3268
f 3268 3229 3272
f 3269 3273 3228
f 3273 3274 3204
f 3146 3275 3230
f 3231 3276 3270
f 3231 3270 3232
f 3232 3270 3271
f 3232 3271 3229
f 3277 3204 3274
f 3201 3280 3310
f 3278 3276 3205
f 3205 3276 3231
f 3230 3275 3279
f 3279 3155 3230
f 3114 3278 3205
f 3206 3234 3286
f 3281 3235 3238
f 3314 3355 3236
f 3283 3281 3238
f 3207 3283 3238
f 3239 3283 3207
f 3240 3072 3355
f 3208 3284 3239
f 3206 3286 3247
f 3160 3241 3319
f 3284 3208 3242
f 3287 3284 3242
f 3243 3240 3285
f 3244 3287 3242
f 3287 3244 3211
f 3211 3289 3287
f 3289 3211 3245
f 3290 3289 3245
f 3290 3245 3288
f 3288 3245 3243
f 3288 3243 3285
f 3291 3247 3286
f 3241 3246 3323
f 3247 3291 3326
f 3326 3291 3324
f 3326 3324 3292
f 3246 3168 3249
f 3248 3326 3293
f 3293 3252 3248
f 3248 3252 3250
f 3294 3249 3177
f 3255 3251 3295
f 3295 3251 3252
f 3253 3294 3177
f 3254 3296 3253
f 3254 3256 3296
f 3297 3255 3330
f 3219 3296 3256
f 3297 3296 3219
f 3257 3185 3298
f 3299 3257 3298
f 3299 3300 3257
f 3260 3259 3337
f 3262 3261 3301
f 3302 3259 3225
f 3265 3302 3225
f 3302 3264 3303
f 3302 3265 3264
f 3264 3381 3303
f 3305 3268 3304
f 3266 3146 3226
f 3272 3271 3304
f 3272 3304 3268
f 3268 3305 3269
f 3305 3307 3269
f 3271 3270 3309
f 3307 3273 3269
f 3273 3307 3274
f 3274 3307 3308
f 3270 3276 3309
f 3311 3277 3274
f 3310 3280 3421
f 3311 3386 3277
f 3153 3277 3386
f 3421 3280 3312
f 3352 3312 3280
f 3114 3235 3278
f 3235 3313 3278
f 3155 3286 3234
f 3280 3237 3352
f 3313 3235 3315
f 3281 3315 3235
f 3315 3281 3356
f 3282 3358 3237
f 3316 3356 3281
f 3316 3281 3283
f 3283 3239 3316
f 3282 3160 3358
f 3358 3160 3319
f 3239 3284 3316
f 3287 3320 3284
f 3321 3320 3287
f 3317 3288 3285
f 3317 3322 3288
f 3318 3291 3286
f 3241 3323 3319
f 3289 3321 3287
f 3321 3289 3322
f 3322 3289 3290
f 3322 3290 3288
f 3323 3246 3365
f 3246 3325 3365
f 3246 3366 3325
f 3366 3246 3249
f 3293 3326 3292
f 3252 3293 3327
f 3249 3294 3440
f 3327 3295 3252
f 3294 3253 3328
f 3253 3296 3328
f 3296 3402 3328
f 3296 3329 3402
f 3297 3329 3296
f 3297 3330 3329
f 3330 3255 3295
f 3185 3333 3331
f 3332 3185 3331
f 3298 3185 3332
f 3332 3334 3298
f 3299 3298 3335
f 3298 3334 3335
f 3299 3335 3300
f 3335 3336 3300
f 3185 3337 3333
f 3258 3300 3378
f 3261 3258 3378
f 3261 3378 3301
f 3338 3339 3302
f 3337 3259 3302
f 3339 3337 3302
f 3263 3262 3301
f 3380 3263 3301
f 3303 3341 3338
f 3302 3303 3338
f 3340 3341 3303
f 3342 3263 3380
f 3303 3381 3340
f 3266 3342 3343
f 3266 3263 3342
f 3304 3344 3305
f 3344 3345 3305
f 3347 3344 3304
f 3271 3347 3304
f 3146 3266 3275
f 3310 3346 3306
f 3309 3347 3271
f 3311 3274 3308
f 3421 3348 3346
f 3310 3421 3346
f 3309 3276 3349
f 3278 3349 3276
f 3350 3386 3311
f 3279 3275 3385
f 3351 3279 3385
f 3386 3314 3153
f 3279 3351 3155
f 3312 3352 3536
f 3278 3313 3353
f 3155 3351 3286
f 3352 3237 3388
f 3353 3315 3354
f 3313 3315 3353
f 3386 3355 3314
f 3286 3351 3318
f 3315 3356 3354
f 3240 3355 3357
f 3359 3356 3316
f 3357 3317 3285
f 3357 3285 3240
f 3469 3358 3319
f 3360 3359 3316
f 3361 3316 3284
f 3361 3360 3316
f 3321 3362 3361
f 3363 3469 3319
f 3320 3361 3284
f 3361 3320 3321
f 3364 3321 3322
f 3319 3323 3363
f 3318 3324 3291
f 3325 3398 3365
f 3325 3366 3398
f 3292 3367 3293
f 3249 3435 3366
f 3327 3293 3367
f 3402 3400 3294
f 3369 3330 3370
f 3368 3370 3330
f 3368 3330 3295
f 3327 3368 3295
f 3367 3368 3327
f 3328 3402 3294
f 3329 3371 3402
f 3371 3329 3369
f 3330 3369 3329
f 3331 3406 3447
f 3332 3331 3447
f 3334 3332 3372
f 3406 3331 3333
f 3335 3334 3372
f 3373 3335 3372
f 3373 3375 3335
f 3335 3375 3336
f 3337 3376 3374
f 3374 3333 3337
f 3336 3375 3377
f 3300 3336 3377
f 3378 3300 3377
f 3379 3339 3338
f 3337 3339 3376
f 3338 3341 3379
f 3380 3645 3342
f 3342 3645 3343
f 3381 3306 3418
f 3344 3382 3345
f 3345 3382 3416
f 3417 3345 3416
f 3345 3417 3305
f 3383 3266 3343
f 3306 3346 3418
f 3417 3307 3305
f 3307 3460 3308
f 3384 3266 3383
f 3384 3275 3266
f 3275 3384 3385
f 3423 3309 3349
f 3421 3312 3536
f 3278 3423 3349
f 3385 3425 3351
f 3387 3423 3278
f 3352 3388 3536
f 3353 3387 3278
f 3389 3353 3354
f 3351 3390 3318
f 3356 3389 3354
f 3356 3392 3389
f 3357 3355 3391
f 3392 3356 3359
f 3393 3392 3359
f 3317 3391 3395
f 3357 3391 3317
f 3358 3469 3237
f 3360 3393 3359
f 3393 3360 3361
f 3361 3396 3393
f 3362 3396 3361
f 3394 3364 3322
f 3322 3317 3395
f 3318 3390 3397
f 3430 3396 3362
f 3430 3362 3321
f 3364 3430 3321
f 3324 3318 3397
f 3431 3363 3323
f 3323 3365 3431
f 3398 3366 3435
f 3367 3399 3401
f 3292 3399 3367
f 3436 3368 3401
f 3367 3401 3368
f 3294 3400 3440
f 3404 3371 3369
f 3404 3369 3405
f 3405 3370 3436
f 3405 3369 3370
f 3368 3436 3370
f 3404 3403 3402
f 3371 3404 3402
f 3372 3332 3447
f 3372 3447 3407
f 3373 3372 3407
f 3333 3374 3450
f 3450 3406 3333
f 3376 3409 3374
f 3408 3377 3375
f 3408 3410 3377
f 3377 3410 3378
f 3410 3301 3378
f 3301 3452 3412
f 3376 3379 3411
f 3339 3379 3376
f 3301 3412 3380
f 3380 3412 3413
f 3414 3411 3379
f 3379 3341 3414
f 3413 3645 3380
f 3414 3341 3415
f 3415 3341 3340
f 3340 3381 3415
f 3415 3381 3418
f 3456 3416 3382
f 3382 3344 3419
f 3348 3418 3346
f 3419 3344 3347
f 3417 3459 3307
f 3459 3460 3307
f 3309 3423 3347
f 3420 3311 3308
f 3350 3311 3420
f 3422 3350 3420
f 3424 3386 3350
f 3422 3424 3350
f 3497 3536 3388
f 3353 3426 3387
f 3395 3355 3386
f 3395 3386 3424
f 3497 3388 3466
f 3426 3353 3389
f 3429 3390 3425
f 3425 3390 3351
f 3388 3237 3466
f 3395 3391 3355
f 3427 3394 3322
f 3427 3428 3394
f 3427 3322 3395
f 3502 3393 3396
f 3394 3428 3470
f 3397 3429 3324
f 3390 3429 3397
f 3430 3502 3396
f 3430 3364 3470
f 3470 3364 3394
f 3431 3365 3474
f 3399 3292 3432
f 3365 3433 3474
f 3365 3398 3433
f 3434 3399 3432
f 3398 3435 3433
f 3437 3436 3438
f 3434 3438 3399
f 3399 3438 3401
f 3249 3439 3435
f 3440 3439 3249
f 3436 3437 3443
f 3436 3443 3405
f 3438 3436 3401
f 3400 3402 3440
f 3403 3440 3402
f 3441 3440 3403
f 3441 3403 3444
f 3404 3445 3403
f 3403 3445 3444
f 3442 3445 3404
f 3405 3442 3404
f 3443 3442 3405
f 3485 3446 3447
f 3407 3447 3446
f 3373 3407 3448
f 3407 3521 3448
f 3373 3448 3451
f 3449 3450 3374
f 3373 3451 3375
f 3375 3451 3408
f 3452 3408 3451
f 3374 3409 3449
f 3410 3408 3452
f 3452 3301 3410
f 3376 3411 3453
f 3449 3409 3453
f 3453 3409 3376
f 3489 3454 3414
f 3414 3454 3411
f 3414 3415 3489
f 3458 3489 3418
f 3489 3415 3418
f 3382 3455 3456
f 3456 3533 3416
f 3416 3457 3417
f 3533 3457 3416
f 3419 3455 3382
f 3460 3459 3417
f 3457 3460 3417
f 3418 3348 3458
f 3419 3347 3461
f 3384 3383 3462
f 3423 3461 3347
f 3495 3420 3308
f 3384 3462 3385
f 3348 3421 3536
f 3495 3422 3420
f 3464 3424 3422
f 3387 3463 3423
f 3463 3426 3465
f 3387 3426 3463
f 3464 3395 3424
f 3543 3429 3425
f 3426 3389 3465
f 3466 3237 3500
f 3467 3427 3395
f 3467 3468 3427
f 3237 3469 3500
f 3502 3392 3393
f 3427 3468 3428
f 3502 3430 3470
f 3429 3292 3324
f 3469 3363 3504
f 3363 3471 3504
f 3431 3471 3363
f 3472 3475 3434
f 3472 3434 3432
f 3473 3472 3432
f 3292 3473 3432
f 3474 3433 3476
f 3434 3475 3477
f 3476 3433 3435
f 3438 3477 3437
f 3437 3477 3479
f 3477 3438 3434
f 3439 3476 3435
f 3478 3476 3439
f 3478 3439 3480
f 3439 3481 3480
f 3440 3481 3439
f 3441 3482 3440
f 3440 3482 3481
f 3442 3484 3483
f 3437 3484 3443
f 3484 3442 3443
f 3441 3444 3482
f 3445 3482 3444
f 3483 3482 3445
f 3442 3483 3445
f 3447 3406 3486
f 3485 3447 3486
f 3407 3446 3521
f 3487 3451 3448
f 3486 3450 3524
f 3524 3450 3449
f 3406 3450 3486
f 3452 3451 3488
f 3451 3487 3488
f 3453 3524 3449
f 3488 3526 3452
f 3411 3527 3525
f 3411 3525 3453
f 3452 3526 3412
f 3526 3413 3412
f 3565 3413 3526
f 3411 3454 3527
f 3490 3454 3489
f 3489 3458 3529
f 3532 3491 3455
f 3455 3491 3456
f 3419 3492 3455
f 3533 3460 3457
f 3343 3493 3383
f 3419 3461 3492
f 3383 3493 3462
f 3423 3494 3461
f 3495 3464 3422
f 3536 3602 3600
f 3385 3543 3425
f 3463 3494 3423
f 3498 3463 3465
f 3496 3395 3464
f 3389 3498 3465
f 3389 3499 3498
f 3395 3496 3467
f 3466 3500 3540
f 3501 3389 3392
f 3501 3499 3389
f 3502 3503 3501
f 3468 3467 3503
f 3613 3500 3469
f 3501 3392 3502
f 3502 3470 3503
f 3503 3470 3428
f 3503 3428 3468
f 3543 3292 3429
f 3469 3544 3613
f 3469 3504 3544
f 3471 3505 3504
f 3472 3506 3509
f 3473 3545 3472
f 3472 3545 3506
f 3471 3507 3505
f 3471 3431 3507
f 3431 3474 3507
f 3508 3475 3509
f 3509 3475 3472
f 3474 3510 3507
f 3510 3474 3476
f 3508 3511 3475
f 3475 3511 3477
f 3478 3512 3476
f 3476 3512 3510
f 3512 3481 3513
f 3515 3437 3516
f 3511 3516 3479
f 3516 3437 3479
f 3477 3511 3479
f 3478 3480 3512
f 3481 3512 3480
f 3481 3482 3517
f 3483 3518 3482
f 3482 3518 3517
f 3518 3483 3514
f 3484 3514 3483
f 3515 3514 3484
f 3437 3515 3484
f 3485 3555 3519
f 3446 3485 3519
f 3446 3519 3520
f 3520 3522 3521
f 3485 3486 3555
f 3446 3520 3521
f 3522 3448 3521
f 3448 3522 3487
f 3522 3488 3487
f 3523 3486 3524
f 3562 3523 3524
f 3524 3453 3525
f 3488 3565 3526
f 3490 3528 3527
f 3490 3567 3528
f 3454 3490 3527
f 3489 3529 3490
f 3529 3567 3490
f 3531 3491 3530
f 3530 3491 3532
f 3491 3531 3456
f 3529 3458 3600
f 3308 3460 3533
f 3458 3348 3600
f 3492 3461 3534
f 3348 3536 3600
f 3534 3494 3537
f 3461 3494 3534
f 3535 3462 3493
f 3464 3495 3603
f 3495 3308 3603
f 3385 3462 3543
f 3463 3538 3494
f 3603 3496 3464
f 3536 3497 3683
f 3498 3538 3463
f 3496 3603 3539
f 3466 3683 3497
f 3683 3466 3540
f 3498 3499 3573
f 3539 3467 3496
f 3611 3540 3500
f 3501 3541 3499
f 3542 3541 3501
f 3542 3501 3503
f 3575 3542 3503
f 3575 3467 3539
f 3503 3467 3575
f 3611 3500 3613
f 3292 3543 3473
f 3546 3509 3506
f 3546 3506 3545
f 3507 3619 3505
f 3507 3548 3619
f 3508 3547 3551
f 3547 3509 3546
f 3547 3508 3509
f 3507 3510 3548
f 3510 3549 3548
f 3549 3510 3552
f 3550 3511 3551
f 3551 3511 3508
f 3510 3512 3552
f 3512 3513 3552
f 3481 3517 3513
f 3553 3518 3514
f 3553 3514 3515
f 3516 3550 3515
f 3511 3550 3516
f 3553 3513 3517
f 3518 3553 3517
f 3554 3486 3523
f 3555 3486 3554
f 3554 3519 3555
f 3556 3519 3554
f 3556 3557 3519
f 3519 3557 3559
f 3520 3519 3559
f 3520 3559 3560
f 3522 3520 3560
f 3554 3523 3558
f 3522 3560 3488
f 3561 3562 3524
f 3523 3562 3558
f 3525 3564 3561
f 3524 3525 3561
f 3563 3525 3527
f 3563 3564 3525
f 3563 3528 3566
f 3527 3528 3563
f 3529 3566 3567
f 3566 3528 3567
f 3529 3600 3592
f 3598 3532 3455
f 3530 3532 3598
f 3531 3568 3456
f 3568 3533 3456
f 3343 3645 3569
f 3492 3598 3455
f 3343 3569 3493
f 3533 3570 3308
f 3537 3571 3534
f 3650 3603 3308
f 3572 3462 3535
f 3602 3536 3683
f 3462 3572 3543
f 3573 3494 3498
f 3494 3538 3498
f 3541 3573 3499
f 3605 3573 3541
f 3605 3541 3574
f 3574 3541 3542
f 3542 3609 3574
f 3575 3609 3542
f 3473 3543 3610
f 3473 3610 3612
f 3545 3473 3612
f 3544 3504 3576
f 3576 3504 3505
f 3576 3505 3617
f 3612 3577 3545
f 3619 3617 3505
f 3547 3546 3578
f 3577 3578 3545
f 3578 3546 3545
f 3548 3579 3619
f 3579 3548 3549
f 3580 3547 3578
f 3549 3581 3579
f 3625 3550 3582
f 3547 3582 3551
f 3582 3550 3551
f 3549 3552 3624
f 3513 3583 3552
f 3553 3583 3513
f 3583 3553 3515
f 3550 3625 3515
f 3554 3584 3585
f 3556 3554 3627
f 3554 3585 3627
f 3557 3556 3627
f 3627 3586 3557
f 3558 3588 3584
f 3584 3554 3558
f 3586 3559 3557
f 3589 3558 3562
f 3589 3587 3558
f 3587 3588 3558
f 3488 3560 3590
f 3589 3562 3561
f 3565 3488 3591
f 3488 3590 3591
f 3564 3589 3561
f 3589 3564 3636
f 3636 3564 3563
f 3566 3675 3636
f 3636 3563 3566
f 3566 3529 3675
f 3675 3529 3592
f 3413 3593 3645
f 3641 3530 3595
f 3530 3642 3531
f 3597 3592 3600
f 3598 3594 3595
f 3598 3595 3530
f 3568 3531 3533
f 3533 3531 3596
f 3596 3644 3533
f 3597 3600 3599
f 3594 3598 3601
f 3492 3601 3598
f 3570 3533 3644
f 3648 3570 3644
f 3492 3534 3601
f 3648 3650 3570
f 3308 3570 3650
f 3600 3602 3599
f 3535 3604 3572
f 3654 3537 3494
f 3572 3604 3543
f 3654 3494 3573
f 3539 3607 3606
f 3540 3611 3683
f 3574 3608 3605
f 3609 3608 3574
f 3609 3575 3606
f 3606 3575 3539
f 3604 3610 3543
f 3576 3689 3544
f 3615 3689 3576
f 3577 3612 3614
f 3577 3614 3616
f 3615 3576 3617
f 3618 3577 3616
f 3617 3619 3615
f 3618 3578 3577
f 3620 3578 3618
f 3619 3579 3615
f 3623 3547 3580
f 3579 3624 3621
f 3579 3581 3624
f 3581 3549 3624
f 3623 3622 3582
f 3547 3623 3582
f 3583 3624 3552
f 3625 3624 3583
f 3515 3625 3583
f 3626 3628 3627
f 3706 3585 3584
f 3627 3585 3626
f 3627 3628 3629
f 3627 3629 3586
f 3632 3584 3588
f 3559 3586 3633
f 3560 3559 3634
f 3559 3633 3634
f 3587 3589 3631
f 3631 3589 3630
f 3588 3587 3631
f 3632 3588 3631
f 3560 3634 3590
f 3634 3591 3590
f 3635 3636 3637
f 3589 3636 3635
f 3636 3638 3637
f 3675 3638 3636
f 3413 3565 3593
f 3639 3675 3592
f 3594 3641 3595
f 3640 3641 3594
f 3641 3642 3530
f 3531 3643 3596
f 3642 3643 3531
f 3597 3639 3592
f 3597 3599 3639
f 3594 3647 3640
f 3643 3644 3596
f 3601 3647 3594
f 3645 3646 3649
f 3649 3569 3645
f 3649 3493 3569
f 3571 3601 3534
f 3647 3601 3571
f 3649 3535 3493
f 3651 3756 3599
f 3599 3602 3651
f 3681 3603 3650
f 3651 3602 3683
f 3652 3537 3654
f 3681 3539 3603
f 3539 3681 3607
f 3684 3654 3573
f 3684 3573 3605
f 3655 3684 3605
f 3686 3656 3606
f 3606 3607 3686
f 3611 3658 3683
f 3608 3655 3605
f 3655 3608 3609
f 3655 3609 3656
f 3656 3609 3606
f 3610 3653 3657
f 3610 3604 3653
f 3659 3610 3657
f 3610 3659 3612
f 3611 3613 3658
f 3658 3613 3688
f 3659 3660 3614
f 3612 3659 3614
f 3544 3688 3613
f 3544 3689 3688
f 3614 3661 3616
f 3660 3661 3614
f 3618 3661 3620
f 3616 3661 3618
f 3578 3620 3662
f 3615 3579 3695
f 3622 3663 3666
f 3582 3622 3666
f 3663 3623 3662
f 3663 3622 3623
f 3580 3662 3623
f 3578 3662 3580
f 3624 3664 3621
f 3624 3701 3664
f 3625 3665 3624
f 3582 3666 3625
f 3625 3666 3665
f 3703 3626 3585
f 3626 3703 3667
f 3628 3626 3667
f 3628 3667 3741
f 3629 3628 3741
f 3632 3706 3584
f 3585 3706 3703
f 3586 3629 3668
f 3669 3631 3630
f 3586 3668 3633
f 3668 3670 3633
f 3633 3670 3634
f 3634 3670 3671
f 3589 3669 3630
f 3589 3635 3669
f 3637 3673 3672
f 3672 3635 3637
f 3638 3673 3637
f 3675 3711 3673
f 3638 3675 3673
f 3565 3674 3593
f 3639 3753 3675
f 3641 3640 3677
f 3641 3676 3642
f 3642 3676 3852
f 3643 3642 3852
f 3647 3678 3640
f 3640 3678 3677
f 3679 3649 3646
f 3571 3678 3647
f 3649 3679 3535
f 3819 3599 3756
f 3537 3678 3571
f 3537 3680 3678
f 3535 3679 3604
f 3537 3652 3680
f 3681 3648 3723
f 3681 3650 3648
f 3654 3682 3652
f 3682 3680 3652
f 3726 3686 3681
f 3686 3607 3681
f 3651 3683 3727
f 3684 3682 3654
f 3685 3684 3655
f 3685 3655 3656
f 3686 3685 3656
f 3657 3687 3659
f 3687 3660 3659
f 3691 3660 3687
f 3690 3661 3691
f 3661 3660 3691
f 3661 3690 3620
f 3620 3690 3692
f 3615 3695 3689
f 3663 3662 3736
f 3736 3662 3693
f 3662 3694 3693
f 3692 3694 3662
f 3620 3692 3662
f 3621 3696 3579
f 3579 3696 3695
f 3698 3666 3699
f 3736 3699 3666
f 3663 3736 3666
f 3621 3664 3696
f 3697 3696 3664
f 3697 3664 3700
f 3664 3701 3700
f 3701 3665 3698
f 3701 3624 3665
f 3666 3698 3665
f 3702 3704 3703
f 3703 3706 3702
f 3667 3703 3704
f 3705 3632 3631
f 3741 3707 3629
f 3668 3629 3708
f 3629 3707 3708
f 3669 3746 3705
f 3631 3669 3705
f 3668 3708 3670
f 3709 3669 3635
f 3591 3634 3671
f 3710 3591 3671
f 3673 3709 3672
f 3709 3635 3672
f 3591 3747 3565
f 3747 3712 3565
f 3674 3565 3712
f 3714 3674 3712
f 3711 3675 3713
f 3715 3674 3714
f 3753 3713 3675
f 3720 3716 3676
f 3720 3676 3641
f 3716 3717 3676
f 3676 3717 3852
f 3674 3715 3718
f 3718 3593 3674
f 3677 3720 3641
f 3719 3720 3677
f 3593 3718 3645
f 3639 3599 3753
f 3719 3678 3721
f 3719 3677 3678
f 3645 3755 3646
f 3599 3819 3753
f 3678 3722 3721
f 3755 3679 3646
f 3680 3722 3678
f 3679 3724 3604
f 3604 3724 3653
f 3723 3725 3726
f 3726 3681 3723
f 3761 3757 3682
f 3653 3724 3729
f 3761 3682 3684
f 3684 3685 3728
f 3728 3685 3686
f 3728 3686 3726
f 3683 3730 3727
f 3657 3729 3687
f 3653 3729 3657
f 3683 3658 3730
f 3730 3658 3762
f 3688 3731 3658
f 3658 3731 3762
f 3687 3732 3691
f 3688 3689 3731
f 3732 3733 3691
f 3733 3690 3691
f 3690 3693 3692
f 3689 3695 3731
f 3695 3734 3731
f 3693 3798 3736
f 3693 3694 3692
f 3696 3734 3695
f 3735 3734 3696
f 3735 3696 3737
f 3697 3737 3696
f 3697 3700 3737
f 3738 3701 3698
f 3738 3699 3736
f 3738 3698 3699
f 3701 3737 3700
f 3738 3737 3701
f 3704 3702 3739
f 3704 3739 3771
f 3704 3771 3844
f 3704 3844 3667
f 3667 3844 3741
f 3707 3741 3742
f 3632 3705 3706
f 3705 3743 3706
f 3702 3706 3740
f 3708 3707 3742
f 3742 3744 3708
f 3705 3746 3743
f 3708 3744 3670
f 3670 3744 3671
f 3671 3744 3745
f 3669 3709 3746
f 3745 3710 3671
f 3710 3747 3591
f 3673 3711 3748
f 3711 3713 3750
f 3748 3711 3750
f 3712 3749 3714
f 3715 3714 3749
f 3753 3813 3750
f 3713 3753 3750
f 3716 3720 3752
f 3716 3752 3751
f 3716 3751 3717
f 3720 3719 3754
f 3781 3754 3721
f 3721 3754 3719
f 3783 3644 3643
f 3722 3781 3721
f 3786 3648 3644
f 3786 3723 3648
f 3755 3724 3679
f 3725 3723 3788
f 3757 3680 3682
f 3725 3788 3726
f 3755 3729 3724
f 3728 3759 3684
f 3728 3758 3759
f 3726 3788 3758
f 3728 3726 3758
f 3730 3760 3727
f 3760 3730 3762
f 3760 3762 3764
f 3732 3687 3793
f 3732 3793 3763
f 3762 3731 3764
f 3732 3763 3765
f 3690 3733 3765
f 3765 3733 3732
f 3693 3690 3765
f 3731 3734 3766
f 3735 3767 3734
f 3735 3737 3767
f 3767 3737 3768
f 3738 3768 3737
f 3738 3769 3768
f 3769 3738 3736
f 3770 3772 3771
f 3770 3771 3739
f 3771 3773 3844
f 3771 3772 3773
f 3774 3740 3706
f 3774 3775 3740
f 3775 3702 3740
f 3742 3741 3844
f 3743 3776 3774
f 3706 3743 3774
f 3746 3776 3743
f 3673 3777 3709
f 3777 3746 3709
f 3745 3778 3710
f 3779 3777 3673
f 3778 3747 3710
f 3748 3848 3779
f 3673 3748 3779
f 3748 3750 3848
f 3752 3812 3751
f 3780 3812 3752
f 3752 3781 3780
f 3720 3754 3781
f 3720 3781 3752
f 3783 3643 3852
f 3715 3782 3784
f 3784 3718 3715
f 3784 3645 3718
f 3753 3819 3813
f 3644 3783 3786
f 3645 3784 3755
f 3784 3785 3755
f 3823 3723 3786
f 3819 3756 3857
f 3823 3825 3788
f 3723 3823 3788
f 3825 3758 3788
f 3755 3867 3729
f 3651 3826 3756
f 3789 3722 3680
f 3789 3680 3757
f 3651 3727 3826
f 3791 3757 3761
f 3684 3759 3791
f 3790 3759 3758
f 3791 3761 3684
f 3687 3792 3793
f 3687 3729 3792
f 3794 3760 3764
f 3763 3795 3765
f 3795 3797 3765
f 3731 3766 3764
f 3693 3796 3798
f 3797 3796 3693
f 3765 3797 3693
f 3767 3800 3734
f 3734 3800 3766
f 3767 3801 3800
f 3801 3768 3802
f 3802 3736 3837
f 3799 3837 3798
f 3837 3736 3798
f 3767 3768 3801
f 3802 3768 3769
f 3736 3802 3769
f 3839 3770 3739
f 3772 3770 3840
f 3770 3879 3840
f 3803 3805 3702
f 3839 3739 3805
f 3805 3739 3702
f 3773 3806 3844
f 3773 3843 3806
f 3774 3776 3807
f 3774 3807 3804
f 3804 3803 3775
f 3804 3775 3774
f 3702 3775 3803
f 3742 3844 3744
f 3776 3746 3777
f 3744 3847 3745
f 3779 3848 3777
f 3778 3808 3747
f 3809 3747 3808
f 3809 3712 3747
f 3848 3750 3813
f 3811 3812 3810
f 3815 3812 3811
f 3712 3809 3749
f 3780 3810 3812
f 3815 3751 3812
f 3717 3751 3815
f 3781 3817 3814
f 3781 3814 3810
f 3781 3810 3780
f 3818 3817 3781
f 3785 3784 3782
f 3994 3816 3819
f 3816 3813 3819
f 3722 3818 3781
f 3820 3786 3783
f 3994 3819 3857
f 3821 3786 3820
f 3787 3855 3722
f 3822 3823 3821
f 3823 3786 3821
f 3824 3787 3722
f 3822 3825 3823
f 3824 3722 3789
f 3825 3828 3758
f 3758 3828 3790
f 3826 3727 3906
f 3757 3827 3789
f 3827 3757 3791
f 3791 3829 3827
f 3829 3791 3759
f 3830 3829 3759
f 3759 3790 3830
f 3729 3867 3792
f 3727 3865 3906
f 3760 3865 3727
f 3831 3793 3792
f 3763 3793 3831
f 3794 3764 3871
f 3763 3831 3795
f 3764 3833 3871
f 3834 3795 3832
f 3834 3875 3797
f 3875 3796 3797
f 3795 3834 3797
f 3764 3766 3833
f 3766 3835 3833
f 3796 3799 3798
f 3835 3766 3800
f 3801 3836 3800
f 3802 3836 3801
f 3802 3837 3836
f 3840 3773 3772
f 3838 3804 3842
f 3838 3803 3804
f 3805 3803 3838
f 3839 3805 3838
f 3773 3840 3843
f 3807 3776 3841
f 3776 3884 3841
f 3804 3807 3841
f 3842 3804 3841
f 3885 3845 3776
f 3845 3884 3776
f 3744 3844 3847
f 3777 3846 3885
f 3776 3777 3885
f 3778 3849 3808
f 3808 3849 3809
f 3848 3813 3887
f 3890 3810 3850
f 3810 3891 3811
f 3890 3891 3810
f 3851 3850 3814
f 3814 3850 3810
f 3814 3817 3851
f 3851 3817 3818
f 3815 3924 3717
f 3924 3852 3717
f 3852 3853 3783
f 3783 3853 3854
f 3722 3855 3818
f 3854 3820 3783
f 3856 3820 3854
f 3904 3785 3782
f 3857 3899 3994
f 3856 3821 3820
f 3822 3821 3856
f 3822 3856 3858
f 3859 3787 3824
f 3858 3825 3822
f 3857 3756 3901
f 3860 3859 3824
f 3902 3824 3789
f 3902 3860 3824
f 3858 3828 3825
f 3864 3828 3858
f 3755 3785 3867
f 3756 3826 3901
f 3789 3861 3902
f 3827 3861 3789
f 3862 3861 3827
f 3790 3828 3863
f 3828 3864 3863
f 3829 3862 3827
f 3862 3829 3830
f 3863 3830 3790
f 3866 3831 3867
f 3867 3831 3792
f 3760 3868 3865
f 3760 3794 3868
f 3795 3866 3870
f 3831 3866 3795
f 3869 3794 3871
f 3869 3871 3833
f 3872 3834 3873
f 3873 3832 3870
f 3832 3795 3870
f 3873 3834 3832
f 3874 3875 3834
f 3875 3799 3796
f 3907 3799 3875
f 3835 3800 3876
f 3877 3836 3837
f 3799 3877 3837
f 3839 3838 3878
f 3770 3839 3878
f 3770 3878 3879
f 3840 3879 3880
f 3880 3881 3840
f 3842 3841 3883
f 3841 3882 3883
f 3840 3881 3843
f 3843 3881 3806
f 3841 3884 3882
f 3806 3847 3844
f 3845 3885 3886
f 3885 3846 3886
f 3745 3847 3918
f 3848 3845 3886
f 3848 3947 3845
f 3777 3848 3886
f 3846 3777 3886
f 3745 3849 3778
f 3848 3887 3947
f 3809 3849 3888
f 3889 3887 3813
f 3891 3922 3811
f 3809 3888 3749
f 3890 3850 3851
f 3924 3815 3811
f 3816 3994 3889
f 3813 3816 3889
f 3818 3892 3890
f 3818 3890 3851
f 3924 3893 3852
f 3853 3852 3893
f 3892 3818 3894
f 3853 3893 3895
f 3895 3854 3853
f 3855 3894 3818
f 3895 3856 3854
f 3894 3855 3896
f 3926 3856 3895
f 3855 3787 3896
f 3898 3858 3926
f 3926 3858 3856
f 3859 3896 3787
f 3859 3897 3896
f 3859 3860 3897
f 3900 3858 3898
f 3899 3857 3901
f 3863 3864 3900
f 3864 3858 3900
f 3785 3904 3867
f 3861 3862 3902
f 3902 3862 3903
f 3903 3862 3830
f 3903 3830 3863
f 3867 3904 3905
f 3870 3866 3867
f 3794 3869 3833
f 3934 3872 3873
f 3870 3932 3873
f 4010 3794 3833
f 3872 3874 3834
f 3833 3936 4010
f 3875 3874 3907
f 3833 3908 3936
f 3835 3908 3833
f 3876 3972 3835
f 3835 3972 3908
f 3877 3910 3909
f 3799 3910 3877
f 3799 3907 3910
f 3800 3911 3876
f 3800 3937 3911
f 3800 3836 3937
f 3909 3836 3877
f 3842 3913 3838
f 3913 3878 3838
f 3940 3878 3912
f 3879 3878 3940
f 3940 3914 3879
f 3880 3879 3914
f 3882 3915 3883
f 3913 3842 3883
f 3881 3880 3944
f 3806 3881 3917
f 3881 3944 3917
f 3882 3884 3916
f 3915 3882 3916
f 3884 3845 3916
f 3806 3917 3847
f 3745 3918 3849
f 3849 3948 3888
f 3923 3919 3890
f 3890 3919 3920
f 3890 3920 3921
f 3890 3921 3891
f 3922 3891 3921
f 3923 3890 3892
f 3922 3924 3811
f 3889 3994 3989
f 3923 3892 3925
f 3715 3991 3782
f 3994 3992 3989
f 3894 3925 3892
f 3893 3924 3895
f 3782 3991 3904
f 3897 3959 3894
f 3897 3894 3896
f 3958 3926 3895
f 3997 3905 3904
f 3899 3826 3961
f 3826 3899 3901
f 3928 3860 3902
f 3928 3902 3903
f 3928 3903 3927
f 3927 3903 3863
f 3927 3863 3898
f 3898 3863 3900
f 3965 3906 3865
f 3965 3826 3906
f 3930 3905 3929
f 3905 3930 3867
f 3870 3930 3933
f 3867 3930 3870
f 3794 3931 3868
f 3934 3873 3932
f 3933 3932 3870
f 3794 3970 3931
f 3970 3794 4010
f 3934 3874 3872
f 3935 3874 3934
f 3907 3874 3935
f 3936 3908 3972
f 3909 3910 3973
f 3907 3973 3910
f 3876 3911 3972
f 3937 3836 3909
f 3940 3912 3938
f 3940 3938 3939
f 3912 3913 3942
f 3878 3913 3912
f 3940 3941 3914
f 3914 3978 3880
f 3880 3978 3980
f 3942 3883 3915
f 3913 3883 3942
f 3880 3980 3944
f 3917 3944 3945
f 3915 3916 3943
f 3943 3916 3946
f 3917 3945 3918
f 3916 3845 3946
f 3845 3947 3946
f 3917 3918 3847
f 3948 3849 3918
f 3889 3985 3887
f 3920 3919 3952
f 3920 3949 3921
f 3921 3949 3950
f 3953 3921 3950
f 3953 3954 3921
f 3948 3951 3888
f 3923 3955 3919
f 3919 3955 3952
f 3954 3922 3921
f 3954 3988 3922
f 3990 3924 3922
f 3922 3988 3990
f 3749 3991 3715
f 3925 3955 3923
f 3956 3924 3990
f 3894 4074 3925
f 3924 3956 3895
f 3991 3957 3904
f 3959 4074 3894
f 3904 3957 3997
f 3994 3899 3961
f 3959 3897 3960
f 3926 3958 3898
f 3962 3960 3897
f 3963 3897 3860
f 3963 3962 3897
f 3927 3898 4001
f 3963 3860 3928
f 3963 3928 4001
f 4001 3928 3927
f 3826 3964 3961
f 3826 3965 3964
f 3966 3929 3905
f 3965 3865 4086
f 3967 3930 3966
f 3930 3929 3966
f 4086 3865 3868
f 3930 3968 3933
f 3967 3968 3930
f 3868 3931 4086
f 3969 3932 3968
f 3968 3932 3933
f 3932 3969 3934
f 3971 3935 3934
f 3972 4011 3936
f 3936 4011 4010
f 3974 3909 4014
f 4014 3909 3973
f 3937 3972 3911
f 3974 3972 3937
f 3909 3974 3937
f 3938 3912 3976
f 3912 4018 3976
f 3976 3975 3938
f 3977 3938 3975
f 3939 3938 3977
f 3941 3940 3939
f 3914 3941 3978
f 4018 3912 3942
f 3943 3979 3915
f 3980 3945 3944
f 3979 3943 3982
f 3943 3946 3982
f 3982 3947 3981
f 3946 3947 3982
f 3918 3945 3983
f 3981 3947 4027
f 3918 3983 3984
f 3947 3887 4027
f 3948 3918 3984
f 4029 3950 3949
f 3948 3984 3951
f 3985 3889 4031
f 3920 3986 3949
f 3920 3952 3986
f 3986 3952 3955
f 3888 4036 3749
f 3889 3989 4031
f 3987 3986 3925
f 3925 3986 3955
f 3749 4036 3991
f 4074 3987 3925
f 3993 3895 3956
f 4074 3959 3995
f 3993 3958 3895
f 3994 3961 3992
f 3959 3960 3995
f 3958 3993 3996
f 3961 3999 3992
f 3958 3996 3898
f 3996 4002 3898
f 4000 3998 3960
f 3962 4000 3960
f 3963 4000 3962
f 4000 3963 4001
f 4040 4000 4001
f 4002 4001 3898
f 3997 4003 3905
f 3905 4003 3966
f 3961 4004 3999
f 3961 3964 4004
f 3964 3965 4004
f 4042 3967 3966
f 4005 3967 4042
f 3967 4005 3968
f 4005 4007 3968
f 3968 4007 3969
f 3969 4007 4006
f 3931 4008 4086
f 3970 4008 3931
f 3969 4006 3934
f 4006 3971 3934
f 3970 4009 4008
f 4010 4092 3970
f 3970 4092 4009
f 3935 4012 3907
f 4012 3973 3907
f 4011 3972 4013
f 3972 4014 4013
f 3974 4014 3972
f 4012 4014 3973
f 3977 3975 4015
f 3977 4015 4016
f 3976 4018 4019
f 4019 3975 3976
f 3977 4016 3939
f 4017 3939 4016
f 4017 4020 3939
f 3939 4020 3941
f 3941 4020 4021
f 3978 3941 4021
f 3979 4022 3915
f 3915 4022 3942
f 3980 3978 4021
f 4021 4060 3980
f 4025 4058 3979
f 4058 4023 3979
f 4023 4022 3979
f 3980 4060 3945
f 3981 4024 4025
f 4025 3982 3981
f 3979 3982 4025
f 3983 3945 4026
f 3981 4027 4024
f 3984 3983 4181
f 4027 3887 3985
f 4031 4027 3985
f 4028 4029 3949
f 4029 4030 3950
f 4032 4028 3986
f 3986 4028 3949
f 4030 3953 3950
f 4033 3953 4030
f 4033 3954 3953
f 3988 3954 4033
f 3986 3987 4032
f 4035 4034 3989
f 3989 4034 4031
f 3988 3956 3990
f 3989 3992 4037
f 4035 3989 4037
f 4111 3993 3956
f 3996 3993 4111
f 4038 3997 3957
f 3992 3999 4077
f 3998 3995 3960
f 4039 3998 4000
f 4039 4000 4040
f 4001 4002 4040
f 3997 4041 4003
f 4038 4041 3997
f 3966 4041 4042
f 4003 4041 3966
f 3999 4004 4155
f 4085 4004 3965
f 3965 4086 4085
f 4042 4043 4005
f 4043 4045 4006
f 4043 4006 4007
f 4043 4007 4005
f 4008 4044 4086
f 4008 4009 4046
f 4009 4090 4046
f 4009 4092 4090
f 3971 4047 3935
f 4006 4047 3971
f 4092 4010 4091
f 4010 4011 4091
f 4011 4048 4091
f 3935 4093 4012
f 4011 4013 4048
f 4014 4048 4013
f 4093 4048 4014
f 4012 4093 4014
f 4049 4015 4052
f 4052 4015 3975
f 4050 4015 4049
f 4016 4015 4050
f 4050 4017 4016
f 4053 4054 4021
f 4056 4051 4018
f 4051 4019 4018
f 3975 4019 4052
f 4017 4053 4020
f 4021 4020 4053
f 4055 4022 4059
f 3942 4022 4055
f 4056 3942 4055
f 4018 3942 4056
f 4025 4062 4058
f 4023 4058 4057
f 4059 4023 4057
f 4022 4023 4059
f 4061 4025 4024
f 4061 4062 4025
f 3945 4060 4026
f 4064 4061 4024
f 4063 3983 4026
f 4024 4027 4064
f 4064 4027 4065
f 4107 4065 4031
f 4027 4031 4065
f 4066 4028 4069
f 4028 4066 4029
f 4029 4066 4067
f 4068 4029 4067
f 4029 4070 4030
f 4068 4070 4029
f 4071 4069 4032
f 4069 4028 4032
f 4070 4033 4030
f 4031 4034 4107
f 4071 4032 3987
f 4073 4071 3987
f 4072 3988 4033
f 3888 3951 4036
f 4034 4035 4107
f 4111 3956 3988
f 4036 3957 3991
f 4076 3957 4036
f 4075 4037 3992
f 3957 4076 4038
f 3992 4077 4075
f 4078 4074 3995
f 4002 4111 4080
f 3996 4111 4002
f 4115 4077 3999
f 4081 4078 3995
f 4081 3995 3998
f 4082 4081 3998
f 4083 4040 4079
f 4080 4040 4002
f 4079 4040 4080
f 4038 4084 4041
f 4115 3999 4155
f 4039 4082 3998
f 4082 4039 4083
f 4083 4039 4040
f 4042 4041 4084
f 4004 4085 4155
f 4084 4043 4042
f 4044 4120 4086
f 4087 4045 4043
f 4122 4045 4087
f 4008 4088 4044
f 4045 4122 4006
f 4122 4089 4006
f 4008 4046 4088
f 4047 4006 4089
f 4046 4090 4124
f 4093 3935 4094
f 4047 4094 3935
f 4092 4091 4048
f 4093 4092 4048
f 4095 4051 4097
f 4095 4019 4051
f 4052 4019 4095
f 4049 4052 4095
f 4053 4017 4054
f 4055 4098 4099
f 4099 4096 4056
f 4099 4056 4055
f 4051 4056 4096
f 4097 4051 4096
f 4021 4054 4131
f 4057 4100 4101
f 4058 4100 4057
f 4059 4057 4098
f 4057 4101 4098
f 4098 4055 4059
f 4102 4060 4021
f 4062 4100 4058
f 4060 4102 4103
f 4100 4062 4061
f 4060 4103 4026
f 4026 4103 4063
f 4104 4064 4065
f 4139 4104 4065
f 4137 4066 4069
f 4066 4137 4067
f 4067 4105 4068
f 4108 3984 4181
f 4065 4107 4139
f 4068 4105 4070
f 4070 4105 4106
f 4072 4070 4106
f 3984 4108 3951
f 4069 4071 4073
f 4070 4072 4033
f 4185 4107 4191
f 4072 4109 3988
f 3988 4109 4144
f 4107 4035 4191
f 3987 4110 4073
f 4111 3988 4144
f 3951 4189 4036
f 4074 4110 3987
f 4075 4077 4112
f 4037 4075 4112
f 4078 4146 4074
f 4111 4079 4080
f 4111 4114 4079
f 4076 4084 4038
f 4077 4115 4112
f 4081 4152 4078
f 4113 4081 4082
f 4113 4082 4083
f 4083 4114 4113
f 4114 4083 4079
f 4117 4084 4116
f 4117 4043 4084
f 4043 4117 4118
f 4043 4118 4119
f 4085 4086 4157
f 4087 4043 4119
f 4120 4157 4086
f 4120 4121 4157
f 4119 4160 4122
f 4087 4119 4122
f 4120 4202 4121
f 4120 4044 4202
f 4044 4088 4202
f 4089 4122 4160
f 4088 4123 4202
f 4046 4123 4088
f 4046 4124 4123
f 4089 4163 4047
f 4090 4125 4124
f 4092 4167 4090
f 4090 4167 4125
f 4093 4126 4092
f 4093 4127 4126
f 4127 4093 4094
f 4163 4094 4047
f 4049 4095 4173
f 4095 4172 4173
f 4049 4173 4169
f 4050 4049 4169
f 4050 4169 4128
f 4099 4097 4096
f 4050 4128 4017
f 4054 4017 4129
f 4130 4099 4098
f 4130 4174 4099
f 4174 4097 4099
f 4054 4129 4131
f 4021 4131 4132
f 4132 4102 4021
f 4130 4098 4101
f 4102 4132 4133
f 4061 4101 4100
f 4102 4133 4134
f 4103 4102 4134
f 4103 4134 4434
f 4434 4063 4103
f 4061 4064 4135
f 4063 4434 3983
f 4104 4135 4064
f 4139 4136 4135
f 4104 4139 4135
f 4137 4138 4067
f 4067 4220 4105
f 4138 4220 4067
f 4220 4106 4105
f 4137 4069 4140
f 4072 4106 4141
f 4107 4185 4139
f 4069 4073 4140
f 4109 4072 4141
f 4108 4189 3951
f 4191 4035 4037
f 4110 4143 4073
f 4073 4143 4142
f 4074 4145 4110
f 4194 4111 4144
f 4146 4145 4074
f 4037 4112 4150
f 4151 4147 4146
f 4078 4151 4146
f 4152 4151 4078
f 4153 4113 4148
f 4113 4114 4148
f 4148 4114 4149
f 4149 4114 4111
f 4112 4115 4150
f 4081 4113 4152
f 4152 4113 4153
f 4154 4116 4084
f 4116 4154 4117
f 4118 4156 4119
f 4085 4157 4121
f 4158 4119 4156
f 4119 4158 4160
f 4202 4159 4121
f 4161 4094 4162
f 4160 4162 4163
f 4160 4163 4089
f 4124 4164 4123
f 4094 4161 4166
f 4094 4166 4127
f 4163 4162 4094
f 4124 4125 4164
f 4125 4167 4164
f 4092 4126 4167
f 4127 4165 4126
f 4166 4165 4127
f 4168 4170 4169
f 4171 4172 4095
f 4170 4128 4169
f 4128 4170 4129
f 4130 4176 4171
f 4171 4174 4130
f 4097 4174 4171
f 4095 4097 4171
f 4128 4129 4017
f 4132 4131 4129
f 4175 4132 4129
f 4101 4178 4176
f 4130 4101 4176
f 4061 4179 4178
f 4178 4101 4061
f 4133 4177 4134
f 4061 4135 4179
f 4179 4135 4180
f 4180 4135 4136
f 4137 4183 4138
f 4182 4183 4140
f 4187 4182 4140
f 4140 4183 4137
f 4106 4220 4141
f 4139 4185 4250
f 4142 4187 4073
f 4186 4187 4142
f 4140 4073 4187
f 4144 4109 4188
f 4143 4186 4142
f 4190 4144 4188
f 4191 4037 4150
f 4193 4149 4190
f 4149 4194 4190
f 4194 4144 4190
f 4036 4192 4076
f 4192 4195 4076
f 4147 4145 4146
f 4148 4149 4193
f 4149 4111 4194
f 4076 4195 4084
f 4196 4147 4151
f 4196 4151 4152
f 4197 4196 4152
f 4197 4152 4153
f 4153 4148 4193
f 4153 4193 4197
f 4115 4229 4150
f 4154 4195 4198
f 4154 4198 4117
f 4084 4195 4154
f 4115 4155 4199
f 4232 4199 4155
f 4230 4118 4117
f 4200 4118 4230
f 4085 4232 4155
f 4156 4118 4200
f 4232 4085 4121
f 4200 4158 4156
f 4232 4121 4159
f 4201 4160 4261
f 4261 4160 4158
f 4203 4162 4201
f 4203 4161 4162
f 4160 4201 4162
f 4126 4204 4167
f 4204 4126 4165
f 4206 4168 4169
f 4170 4168 4243
f 4207 4172 4171
f 4173 4172 4205
f 4206 4173 4205
f 4169 4173 4206
f 4170 4243 4208
f 4208 4129 4170
f 4176 4209 4171
f 4209 4207 4171
f 4129 4208 4210
f 4129 4210 4175
f 4211 4209 4176
f 4175 4212 4132
f 4176 4178 4213
f 4211 4176 4213
f 4132 4212 4133
f 4213 4178 4179
f 4177 4215 4134
f 4179 4214 4213
f 4179 4180 4214
f 4134 4215 4434
f 4217 4183 4216
f 4136 4139 4218
f 4216 4182 4219
f 4182 4216 4183
f 4183 4217 4138
f 4220 4138 4217
f 4181 4184 4108
f 4139 4250 4218
f 4186 4221 4219
f 4182 4186 4219
f 4187 4186 4182
f 4185 4222 4250
f 4333 4109 4141
f 4185 4191 4222
f 4333 4188 4109
f 4294 4188 4333
f 4222 4191 4254
f 4143 4253 4186
f 4294 4190 4188
f 4223 4143 4110
f 4036 4189 4192
f 4225 4254 4191
f 4225 4191 4150
f 4145 4223 4110
f 4193 4190 4224
f 4193 4224 4226
f 4256 4225 4150
f 4227 4145 4147
f 4193 4226 4228
f 4256 4150 4257
f 4196 4227 4147
f 4227 4196 4197
f 4227 4197 4228
f 4228 4197 4193
f 4257 4150 4229
f 4198 4230 4117
f 4229 4115 4199
f 4229 4199 4232
f 4229 4232 4231
f 4261 4200 4230
f 4261 4158 4200
f 4232 4234 4233
f 4232 4159 4234
f 4159 4202 4234
f 4123 4235 4202
f 4202 4235 4234
f 4315 4161 4236
f 4161 4203 4236
f 4235 4123 4164
f 4238 4165 4166
f 4315 4166 4161
f 4164 4167 4237
f 4204 4237 4167
f 4238 4237 4204
f 4165 4238 4204
f 4240 4205 4172
f 4240 4241 4205
f 4206 4205 4241
f 4206 4241 4242
f 4168 4206 4242
f 4168 4242 4243
f 4240 4207 4239
f 4172 4207 4240
f 4239 4209 4244
f 4207 4209 4239
f 4175 4210 4277
f 4244 4209 4211
f 4211 4213 4244
f 4244 4213 4281
f 4177 4133 4245
f 4133 4212 4245
f 4281 4213 4214
f 4177 4245 4215
f 4246 4214 4180
f 4136 4218 4246
f 4180 4136 4246
f 4434 4328 3983
f 4216 4247 4217
f 4247 4248 4217
f 4248 4249 4217
f 3983 4328 4184
f 4181 3983 4184
f 4219 4247 4216
f 4249 4220 4217
f 4331 4288 4250
f 4288 4218 4250
f 4333 4141 4220
f 4222 4331 4250
f 4186 4251 4221
f 4184 4292 4108
f 4292 4252 4108
f 4331 4222 4254
f 4253 4251 4186
f 4108 4252 4189
f 4224 4190 4294
f 4253 4143 4223
f 4255 4226 4298
f 4298 4226 4224
f 4225 4256 4339
f 4301 4145 4227
f 4301 4227 4228
f 4302 4301 4228
f 4302 4226 4255
f 4228 4226 4302
f 4230 4198 4258
f 4258 4259 4230
f 4231 4232 4307
f 4232 4233 4307
f 4261 4230 4260
f 4230 4259 4260
f 4262 4311 4233
f 4234 4262 4233
f 4264 4201 4265
f 4260 4265 4261
f 4265 4201 4261
f 4203 4263 4236
f 4264 4263 4203
f 4201 4264 4203
f 4164 4266 4235
f 4237 4266 4164
f 4237 4267 4266
f 4238 4267 4237
f 4267 4166 4315
f 4267 4238 4166
f 4239 4273 4270
f 4240 4239 4271
f 4239 4270 4271
f 4241 4240 4271
f 4242 4241 4268
f 4269 4242 4268
f 4243 4272 4274
f 4243 4242 4272
f 4244 4273 4239
f 4243 4274 4208
f 4208 4274 4275
f 4276 4273 4244
f 4208 4275 4210
f 4275 4277 4210
f 4278 4276 4244
f 4279 4212 4277
f 4277 4212 4175
f 4279 4280 4212
f 4282 4278 4281
f 4278 4244 4281
f 4280 4245 4212
f 4214 4282 4281
f 4246 4283 4214
f 4246 4218 4283
f 4291 4284 4247
f 4248 4247 4286
f 4248 4286 4287
f 4289 4248 4287
f 4289 4249 4248
f 4290 4184 4328
f 4219 4291 4247
f 4289 4220 4249
f 4368 4220 4289
f 4292 4184 4290
f 4288 4331 4329
f 4219 4221 4291
f 4291 4221 4293
f 4368 4333 4220
f 4251 4293 4221
f 4295 4189 4252
f 4254 4443 4441
f 4224 4294 4298
f 4443 4254 4339
f 4253 4223 4336
f 4223 4300 4336
f 4296 4298 4297
f 4189 4295 4192
f 4225 4339 4254
f 4255 4296 4302
f 4296 4255 4298
f 4256 4299 4339
f 4145 4301 4223
f 4195 4192 4198
f 4256 4257 4304
f 4198 4303 4258
f 4229 4304 4257
f 4304 4229 4231
f 4305 4304 4231
f 4258 4303 4306
f 4306 4259 4258
f 4347 4231 4307
f 4308 4259 4306
f 4307 4233 4309
f 4309 4233 4311
f 4260 4308 4310
f 4260 4259 4308
f 4313 4264 4312
f 4313 4263 4264
f 4265 4312 4264
f 4310 4312 4265
f 4260 4310 4265
f 4235 4314 4234
f 4352 4236 4263
f 4352 4315 4236
f 4235 4266 4314
f 4267 4314 4266
f 4351 4314 4267
f 4315 4351 4267
f 4316 4317 4271
f 4317 4268 4241
f 4268 4317 4318
f 4269 4268 4318
f 4241 4271 4317
f 4269 4318 4319
f 4242 4269 4319
f 4272 4242 4320
f 4242 4319 4320
f 4272 4320 4274
f 4321 4276 4278
f 4322 4276 4321
f 4273 4276 4322
f 4277 4275 4323
f 4279 4277 4323
f 4280 4279 4324
f 4279 4323 4324
f 4280 4427 4245
f 4282 4214 4325
f 4325 4214 4364
f 4245 4427 4215
f 4283 4364 4214
f 4283 4218 4327
f 4284 4330 4285
f 4247 4284 4285
f 4247 4285 4326
f 4247 4326 4286
f 4286 4289 4287
f 4327 4218 4288
f 4329 4327 4288
f 4291 4330 4284
f 4330 4291 4332
f 4332 4291 4293
f 4331 4254 4329
f 4251 4332 4293
f 4335 4294 4333
f 4292 4334 4252
f 4254 4441 4329
f 4252 4334 4295
f 4294 4338 4298
f 4294 4335 4338
f 4336 4300 4337
f 4297 4340 4376
f 4340 4297 4298
f 4298 4338 4340
f 4295 4341 4192
f 4223 4342 4300
f 4343 4297 4376
f 4343 4302 4297
f 4302 4296 4297
f 4192 4341 4198
f 4344 4299 4256
f 4301 4342 4223
f 4342 4301 4343
f 4343 4301 4302
f 4198 4341 4303
f 4345 4344 4304
f 4344 4256 4304
f 4345 4304 4305
f 4345 4305 4410
f 4303 4346 4306
f 4231 4410 4305
f 4410 4231 4347
f 4307 4412 4347
f 4379 4308 4306
f 4307 4309 4412
f 4309 4349 4412
f 4310 4308 4348
f 4310 4348 4350
f 4309 4311 4349
f 4313 4312 4380
f 4310 4350 4312
f 4312 4350 4380
f 4234 4351 4262
f 4262 4351 4311
f 4313 4353 4263
f 4263 4353 4352
f 4353 4313 4380
f 4314 4351 4234
f 4315 4352 4351
f 4317 4316 4354
f 4316 4387 4354
f 4318 4317 4418
f 4355 4318 4418
f 4358 4359 4322
f 4316 4270 4359
f 4271 4270 4316
f 4318 4356 4319
f 4320 4319 4356
f 4357 4320 4356
f 4320 4357 4275
f 4360 4322 4321
f 4359 4273 4322
f 4270 4273 4359
f 4320 4275 4274
f 4360 4321 4278
f 4361 4360 4278
f 4275 4362 4323
f 4278 4282 4361
f 4361 4282 4325
f 4362 4324 4323
f 4427 4280 4324
f 4325 4364 4363
f 4365 4363 4283
f 4364 4283 4363
f 4396 4394 4285
f 4285 4395 4326
f 4283 4327 4365
f 4367 4396 4330
f 4285 4330 4396
f 4395 4366 4326
f 4326 4366 4286
f 4366 4289 4286
f 4327 4329 4365
f 4369 4368 4289
f 4370 4367 4332
f 4367 4330 4332
f 4290 4371 4292
f 4369 4333 4368
f 4251 4399 4332
f 4332 4399 4370
f 4369 4335 4333
f 4292 4371 4334
f 4399 4251 4372
f 4251 4253 4372
f 4372 4253 4336
f 4336 4337 4372
f 4372 4337 4403
f 4338 4335 4373
f 4334 4371 4295
f 4374 4443 4339
f 4375 4337 4300
f 4377 4376 4340
f 4377 4404 4376
f 4377 4340 4373
f 4373 4340 4338
f 4295 4371 4341
f 4339 4299 4374
f 4342 4375 4300
f 4375 4342 4343
f 4375 4343 4376
f 4344 4407 4299
f 4341 4406 4303
f 4371 4406 4341
f 4345 4407 4344
f 4406 4378 4346
f 4303 4406 4346
f 4345 4410 4407
f 4409 4306 4378
f 4378 4306 4346
f 4306 4409 4379
f 4347 4445 4410
f 4347 4412 4445
f 4308 4383 4380
f 4308 4380 4348
f 4348 4380 4350
f 4414 4349 4311
f 4414 4351 4381
f 4351 4414 4311
f 4351 4384 4381
f 4352 4384 4351
f 4353 4382 4352
f 4383 4382 4353
f 4380 4383 4353
f 4385 4317 4354
f 4418 4317 4385
f 4453 4418 4385
f 4359 4387 4316
f 4318 4355 4388
f 4356 4318 4388
f 4356 4388 4357
f 4358 4322 4389
f 4275 4357 4390
f 4322 4360 4389
f 4275 4390 4392
f 4362 4275 4393
f 4275 4392 4393
f 4361 4391 4389
f 4361 4325 4391
f 4360 4361 4389
f 4362 4461 4427
f 4324 4362 4427
f 4325 4363 4426
f 4363 4462 4426
f 4363 4365 4462
f 4462 4365 4439
f 4394 4395 4285
f 4366 4397 4289
f 4369 4289 4397
f 4328 4434 4290
f 4365 4329 4439
f 4290 4398 4371
f 4329 4441 4439
f 4400 4335 4401
f 4400 4373 4335
f 4372 4403 4402
f 4405 4403 4337
f 4405 4337 4375
f 4405 4375 4376
f 4404 4405 4376
f 4377 4373 4404
f 4378 4408 4409
f 4406 4408 4378
f 4308 4411 4413
f 4379 4411 4308
f 4409 4411 4379
f 4413 4383 4308
f 4415 4383 4413
f 4383 4415 4382
f 4382 4415 4416
f 4352 4417 4384
f 4416 4352 4382
f 4417 4352 4416
f 4386 4488 4385
f 4387 4454 4419
f 4386 4387 4419
f 4354 4387 4386
f 4385 4354 4386
f 4355 4418 4420
f 4420 4421 4388
f 4359 4358 4454
f 4454 4387 4359
f 4355 4420 4388
f 4388 4421 4422
f 4388 4422 4357
f 4358 4389 4423
f 4357 4422 4390
f 4423 4389 4391
f 4425 4423 4391
f 4390 4424 4392
f 4424 4393 4392
f 4325 4425 4391
f 4362 4393 4461
f 4425 4325 4426
f 4427 4461 4428
f 4427 4428 4429
f 4427 4429 4215
f 4396 4430 4394
f 4432 4430 4396
f 4394 4430 4431
f 4394 4431 4395
f 4395 4431 4366
f 4366 4431 4433
f 4396 4367 4435
f 4432 4396 4435
f 4397 4366 4433
f 4468 4397 4433
f 4436 4435 4370
f 4370 4435 4367
f 4468 4437 4397
f 4369 4397 4437
f 4434 4398 4290
f 4438 4369 4437
f 4370 4399 4436
f 4438 4335 4369
f 4438 4400 4401
f 4438 4373 4400
f 4401 4335 4438
f 4442 4399 4372
f 4402 4442 4372
f 4403 4405 4402
f 4373 4472 4404
f 4475 4405 4404
f 4475 4404 4472
f 4406 4371 4444
f 4406 4444 4408
f 4409 4408 4478
f 4479 4407 4410
f 4446 4409 4478
f 4446 4411 4409
f 4410 4445 4479
f 4479 4445 4480
f 4413 4411 4446
f 4445 4447 4480
f 4445 4412 4447
f 4446 4448 4413
f 4349 4447 4412
f 4448 4482 4415
f 4413 4448 4415
f 4349 4414 4450
f 4414 4381 4450
f 4381 4384 4451
f 4449 4451 4416
f 4415 4449 4416
f 4482 4449 4415
f 4417 4451 4384
f 4416 4451 4417
f 4385 4488 4453
f 4454 4487 4419
f 4487 4452 4419
f 4452 4386 4419
f 4418 4492 4420
f 4421 4420 4456
f 4422 4421 4456
f 4422 4457 4460
f 4422 4456 4457
f 4423 4455 4358
f 4422 4460 4390
f 4390 4460 4424
f 4425 4458 4455
f 4425 4459 4458
f 4423 4425 4455
f 4393 4424 4460
f 4426 4459 4425
f 4426 4462 4495
f 4439 4466 4462
f 4435 4464 4463
f 4430 4435 4463
f 4432 4435 4430
f 4465 4434 4215
f 4435 4467 4464
f 4398 4434 4465
f 4466 4439 4469
f 4436 4467 4435
f 4436 4499 4467
f 4468 4438 4437
f 4499 4436 4470
f 4436 4399 4470
f 4500 4373 4468
f 4373 4438 4468
f 4398 4440 4371
f 4469 4439 4441
f 4399 4442 4470
f 4500 4472 4373
f 4470 4442 4402
f 4470 4402 4471
f 4402 4473 4471
f 4440 4444 4371
f 4441 4443 4538
f 4402 4405 4473
f 4405 4474 4473
f 4472 4476 4474
f 4443 4374 4538
f 4405 4475 4474
f 4474 4475 4472
f 4374 4299 4505
f 4478 4408 4444
f 4299 4477 4505
f 4407 4477 4299
f 4446 4478 4506
f 4407 4479 4477
f 4446 4506 4481
f 4483 4448 4481
f 4481 4448 4446
f 4482 4483 4484
f 4483 4482 4448
f 4349 4509 4447
f 4484 4449 4482
f 4451 4485 4381
f 4381 4485 4450
f 4484 4451 4449
f 4485 4451 4484
f 4453 4488 4489
f 4418 4453 4490
f 4454 4491 4487
f 4452 4487 4486
f 4386 4452 4486
f 4418 4490 4492
f 4455 4493 4358
f 4454 4358 4491
f 4358 4493 4491
f 4420 4492 4457
f 4420 4457 4456
f 4493 4455 4458
f 4494 4493 4458
f 4459 4494 4458
f 4460 4457 4496
f 4496 4393 4460
f 4495 4459 4426
f 4461 4393 4496
f 4461 4496 4428
f 4463 4497 4430
f 4497 4498 4430
f 4430 4498 4431
f 4501 4499 4470
f 4471 4501 4470
f 4476 4472 4500
f 4441 4502 4469
f 4441 4538 4502
f 4536 4473 4474
f 4503 4536 4474
f 4476 4503 4474
f 4478 4444 4504
f 4543 4477 4479
f 4506 4507 4481
f 4480 4577 4479
f 4508 4577 4480
f 4508 4480 4447
f 4508 4509 4546
f 4484 4483 4512
f 4509 4508 4447
f 4349 4548 4509
f 4450 4510 4349
f 4349 4510 4548
f 4511 4484 4512
f 4485 4510 4450
f 4511 4510 4485
f 4484 4511 4485
f 4514 4517 4489
f 4487 4515 4486
f 4386 4486 4516
f 4486 4515 4516
f 4516 4488 4386
f 4514 4488 4513
f 4489 4488 4514
f 4489 4517 4453
f 4490 4453 4517
f 4491 4515 4487
f 4518 4493 4519
f 4491 4493 4518
f 4494 4522 4519
f 4493 4494 4519
f 4521 4494 4459
f 4521 4522 4494
f 4496 4457 4523
f 4521 4495 4520
f 4459 4495 4521
f 4524 4520 4495
f 4495 4462 4524
f 4429 4428 4527
f 4525 4497 4528
f 4497 4463 4528
f 4497 4525 4526
f 4497 4526 4498
f 4498 4529 4431
f 4429 4527 4215
f 4462 4466 4524
f 4464 4530 4463
f 4431 4529 4433
f 4433 4529 4565
f 4466 4469 4524
f 4524 4469 4566
f 4531 4464 4467
f 4530 4464 4531
f 4565 4468 4433
f 4465 4570 4398
f 4499 4531 4467
f 4440 4398 4570
f 4532 4468 4568
f 4500 4468 4532
f 4500 4532 4533
f 4533 4476 4500
f 4534 4476 4533
f 4440 4537 4444
f 4535 4469 4502
f 4473 4573 4471
f 4538 4535 4502
f 4574 4473 4536
f 4503 4476 4534
f 4537 4504 4444
f 4539 4505 4540
f 4539 4374 4505
f 4504 4541 4478
f 4540 4505 4477
f 4506 4478 4541
f 4541 4507 4506
f 4542 4477 4543
f 4479 4544 4543
f 4479 4577 4544
f 4483 4481 4545
f 4509 4548 4546
f 4546 4548 4580
f 4547 4512 4578
f 4545 4578 4512
f 4483 4545 4512
f 4510 4549 4548
f 4511 4549 4510
f 4512 4547 4511
f 4583 4513 4488
f 4514 4513 4583
f 4517 4514 4550
f 4514 4583 4550
f 4583 4516 4515
f 4488 4516 4583
f 4551 4517 4550
f 4551 4587 4517
f 4490 4517 4554
f 4517 4587 4554
f 4552 4491 4553
f 4553 4491 4518
f 4515 4491 4552
f 4492 4490 4554
f 4553 4518 4519
f 4555 4553 4519
f 4492 4554 4556
f 4457 4492 4556
f 4522 4555 4519
f 4457 4556 4523
f 4558 4557 4521
f 4558 4521 4520
f 4522 4521 4557
f 4555 4522 4557
f 4496 4523 4559
f 4520 4524 4593
f 4496 4560 4428
f 4561 4525 4528
f 4561 4562 4525
f 4525 4562 4526
f 4562 4563 4526
f 4563 4498 4526
f 4527 4428 4560
f 4598 4528 4463
f 4561 4528 4598
f 4498 4563 4529
f 4529 4563 4564
f 4599 4529 4564
f 4530 4598 4463
f 4565 4529 4599
f 4215 4527 4465
f 4499 4567 4531
f 4565 4568 4468
f 4566 4469 4603
f 4569 4533 4568
f 4568 4533 4532
f 4570 4571 4440
f 4501 4567 4499
f 4604 4501 4471
f 4572 4534 4533
f 4440 4571 4537
f 4572 4536 4503
f 4572 4574 4536
f 4572 4503 4534
f 4574 4573 4473
f 4504 4537 4571
f 4504 4571 4541
f 4538 4539 4535
f 4374 4539 4538
f 4539 4540 4641
f 4575 4541 4610
f 4477 4542 4540
f 4541 4575 4507
f 4542 4543 4544
f 4579 4578 4545
f 4576 4579 4545
f 4481 4576 4545
f 4546 4616 4508
f 4546 4580 4616
f 4581 4511 4547
f 4581 4547 4578
f 4549 4580 4548
f 4581 4580 4549
f 4511 4581 4549
f 4515 4552 4582
f 4552 4585 4582
f 4583 4515 4582
f 4584 4583 4582
f 4550 4583 4584
f 4584 4551 4550
f 4586 4585 4552
f 4554 4587 4588
f 4586 4553 4589
f 4552 4553 4586
f 4554 4588 4590
f 4555 4591 4589
f 4553 4555 4589
f 4554 4590 4556
f 4558 4592 4557
f 4555 4557 4591
f 4557 4592 4591
f 4556 4626 4523
f 4520 4662 4558
f 4662 4592 4558
f 4520 4593 4662
f 4593 4524 4566
f 4562 4594 4595
f 4562 4595 4563
f 4560 4596 4597
f 4597 4527 4560
f 4527 4597 4465
f 4600 4530 4531
f 4600 4598 4530
f 4565 4599 4602
f 4567 4600 4531
f 4602 4568 4565
f 4567 4601 4600
f 4569 4568 4602
f 4605 4533 4569
f 4570 4670 4571
f 4501 4601 4567
f 4501 4604 4601
f 4572 4533 4605
f 4670 4541 4571
f 4604 4573 4606
f 4471 4573 4604
f 4573 4607 4606
f 4608 4607 4572
f 4607 4574 4572
f 4607 4573 4574
f 4535 4641 4609
f 4539 4641 4535
f 4540 4612 4641
f 4507 4575 4611
f 4507 4611 4613
f 4542 4612 4540
f 4481 4507 4613
f 4612 4542 4544
f 4612 4544 4648
f 4576 4615 4579
f 4579 4615 4614
f 4615 4576 4613
f 4481 4613 4576
f 4617 4579 4614
f 4577 4508 4616
f 4581 4653 4580
f 4580 4653 4616
f 4581 4652 4653
f 4578 4617 4581
f 4581 4617 4652
f 4617 4578 4579
f 4582 4619 4620
f 4584 4582 4620
f 4585 4618 4582
f 4621 4585 4586
f 4588 4587 4622
f 4621 4586 4589
f 4623 4621 4589
f 4588 4622 4590
f 4591 4623 4589
f 4625 4556 4590
f 4591 4592 4624
f 4623 4591 4624
f 4625 4626 4556
f 4559 4523 4627
f 4559 4627 4496
f 4594 4562 4629
f 4594 4630 4595
f 4629 4630 4594
f 4563 4595 4630
f 4496 4667 4560
f 4634 4593 4566
f 4631 4629 4561
f 4631 4628 4629
f 4561 4629 4562
f 4630 4665 4563
f 4665 4632 4563
f 4563 4632 4564
f 4560 4667 4596
f 4598 4633 4631
f 4598 4631 4561
f 4632 4599 4564
f 4598 4635 4633
f 4598 4600 4635
f 4694 4602 4599
f 4637 4634 4566
f 4636 4635 4600
f 4566 4603 4637
f 4601 4636 4600
f 4602 4638 4569
f 4604 4701 4601
f 4701 4700 4601
f 4604 4638 4701
f 4639 4638 4604
f 4569 4638 4605
f 4604 4606 4608
f 4639 4608 4572
f 4604 4608 4639
f 4639 4572 4605
f 4639 4605 4638
f 4469 4535 4603
f 4603 4535 4640
f 4606 4607 4608
f 4609 4640 4535
f 4609 4673 4640
f 4610 4670 4671
f 4610 4671 4575
f 4541 4670 4610
f 4609 4641 4673
f 4575 4642 4643
f 4575 4643 4611
f 4612 4644 4641
f 4611 4645 4613
f 4643 4645 4611
f 4646 4644 4612
f 4645 4615 4613
f 4612 4648 4646
f 4647 4649 4614
f 4615 4647 4614
f 4645 4647 4615
f 4544 4650 4648
f 4616 4651 4577
f 4577 4651 4544
f 4649 4653 4652
f 4649 4652 4617
f 4614 4649 4617
f 4653 4714 4616
f 4618 4619 4582
f 4620 4619 4681
f 4654 4620 4681
f 4584 4620 4655
f 4551 4584 4655
f 4655 4656 4551
f 4659 4657 4618
f 4657 4619 4618
f 4551 4656 4658
f 4618 4621 4659
f 4585 4621 4618
f 4551 4658 4622
f 4551 4622 4587
f 4621 4623 4659
f 4590 4622 4625
f 4624 4660 4661
f 4661 4623 4624
f 4624 4592 4660
f 4660 4592 4685
f 4685 4592 4662
f 4523 4626 4686
f 4627 4523 4686
f 4663 4629 4688
f 4627 4686 4689
f 4689 4496 4627
f 4688 4629 4664
f 4629 4628 4664
f 4630 4629 4663
f 4665 4630 4663
f 4496 4689 4667
f 4631 4666 4628
f 4631 4633 4666
f 4596 4667 4695
f 4597 4596 4695
f 4635 4697 4633
f 4632 4694 4599
f 4597 4695 4465
f 4734 4634 4637
f 4638 4602 4668
f 4638 4668 4669
f 4575 4671 4672
f 4642 4672 4674
f 4575 4672 4642
f 4644 4704 4641
f 4676 4643 4642
f 4645 4643 4676
f 4675 4644 4646
f 4647 4677 4711
f 4677 4645 4676
f 4677 4647 4645
f 4648 4678 4646
f 4649 4711 4679
f 4711 4649 4647
f 4648 4650 4678
f 4651 4712 4544
f 4544 4712 4650
f 4679 4653 4649
f 4616 4680 4651
f 4714 4653 4679
f 4620 4654 4719
f 4654 4681 4719
f 4681 4619 4657
f 4655 4620 4682
f 4682 4656 4655
f 4659 4623 4683
f 4661 4723 4683
f 4623 4661 4683
f 4684 4661 4660
f 4684 4723 4661
f 4726 4625 4622
f 4662 4684 4685
f 4684 4660 4685
f 4625 4726 4626
f 4686 4727 4689
f 4593 4687 4662
f 4691 4664 4628
f 4688 4664 4691
f 4689 4693 4667
f 4593 4690 4687
f 4593 4634 4690
f 4697 4691 4666
f 4691 4628 4666
f 4665 4663 4692
f 4632 4665 4692
f 4633 4697 4666
f 4694 4632 4692
f 4695 4667 4696
f 4695 4696 4698
f 4698 4465 4695
f 4635 4699 4697
f 4465 4698 4570
f 4699 4635 4636
f 4694 4668 4602
f 4570 4698 4670
f 4601 4700 4636
f 4774 4700 4701
f 4738 4774 4701
f 4669 4701 4638
f 4702 4637 4603
f 4740 4702 4640
f 4702 4603 4640
f 4740 4640 4703
f 4640 4673 4703
f 4673 4641 4703
f 4703 4641 4742
f 4674 4706 4642
f 4704 4742 4641
f 4704 4705 4742
f 4709 4676 4706
f 4706 4676 4642
f 4704 4707 4705
f 4704 4644 4707
f 4644 4675 4707
f 4708 4707 4675
f 4709 4677 4676
f 4708 4675 4646
f 4677 4709 4745
f 4677 4745 4711
f 4710 4678 4650
f 4710 4650 4712
f 4651 4713 4712
f 4651 4680 4713
f 4616 4715 4680
f 4715 4616 4714
f 4681 4717 4718
f 4681 4718 4753
f 4681 4753 4719
f 4716 4657 4659
f 4717 4657 4716
f 4681 4657 4717
f 4620 4720 4682
f 4682 4720 4722
f 4682 4722 4656
f 4656 4722 4658
f 4755 4659 4683
f 4721 4755 4683
f 4724 4658 4722
f 4723 4721 4683
f 4622 4658 4724
f 4725 4723 4684
f 4622 4724 4726
f 4684 4662 4725
f 4726 4727 4626
f 4662 4687 4725
f 4686 4626 4727
f 4688 4728 4663
f 4728 4729 4663
f 4729 4765 4663
f 4689 4727 4763
f 4693 4689 4763
f 4730 4687 4690
f 4732 4691 4731
f 4688 4691 4728
f 4728 4691 4732
f 4690 4634 4730
f 4730 4634 4734
f 4697 4733 4731
f 4697 4731 4691
f 4693 4696 4667
f 4733 4697 4735
f 4697 4699 4735
f 4699 4636 4737
f 4736 4668 4694
f 4736 4694 4692
f 4698 4739 4670
f 4636 4700 4737
f 4669 4736 4775
f 4738 4669 4775
f 4701 4669 4738
f 4736 4669 4668
f 4671 4670 4739
f 4741 4740 4703
f 4741 4703 4742
f 4741 4742 4808
f 4742 4705 4808
f 4743 4709 4706
f 4847 4707 4708
f 4708 4646 4744
f 4708 4744 4847
f 4743 4745 4709
f 4646 4746 4744
f 4646 4678 4746
f 4710 4747 4678
f 4678 4747 4746
f 4747 4713 4748
f 4748 4679 4711
f 4710 4712 4747
f 4713 4747 4712
f 4715 4713 4680
f 4714 4748 4715
f 4748 4713 4715
f 4679 4748 4714
f 4750 4751 4716
f 4717 4716 4751
f 4718 4717 4752
f 4717 4751 4752
f 4749 4718 4752
f 4753 4718 4749
f 4819 4753 4749
f 4719 4754 4720
f 4659 4755 4750
f 4716 4659 4750
f 4620 4719 4720
f 4756 4720 4754
f 4720 4756 4722
f 4721 4758 4755
f 4755 4758 4757
f 4756 4724 4722
f 4758 4721 4723
f 4758 4725 4789
f 4723 4725 4758
f 4724 4759 4726
f 4725 4687 4760
f 4789 4725 4760
f 4762 4728 4761
f 4731 4764 4761
f 4732 4731 4761
f 4732 4761 4728
f 4728 4762 4729
f 4765 4729 4762
f 4760 4730 4766
f 4687 4730 4760
f 4765 4793 4663
f 4663 4794 4692
f 4793 4794 4663
f 4766 4730 4734
f 4731 4733 4767
f 4735 4767 4733
f 4769 4736 4692
f 4766 4734 4768
f 4770 4735 4699
f 4699 4737 4770
f 4771 4736 4769
f 4698 4696 4739
f 4968 4768 4734
f 4968 4734 4637
f 4772 4770 4737
f 4773 4737 4700
f 4773 4772 4737
f 4736 4771 4775
f 4696 4776 4739
f 4774 4773 4700
f 4804 4774 4738
f 4804 4738 4775
f 4739 4776 4671
f 4702 4740 4637
f 4672 4671 4776
f 4674 4776 4777
f 4674 4777 4778
f 4672 4776 4674
f 4706 4674 4778
f 4778 4779 4743
f 4706 4778 4743
f 4705 4810 4808
f 4780 4810 4705
f 4743 4779 4781
f 4707 4780 4705
f 4780 4707 4847
f 4782 4743 4781
f 4782 4745 4743
f 4748 4814 4747
f 4747 4814 4746
f 4815 4711 4745
f 4815 4814 4711
f 4814 4748 4711
f 4749 4783 4784
f 4819 4749 4784
f 4751 4750 4818
f 4783 4751 4818
f 4752 4751 4783
f 4749 4752 4783
f 4719 4753 4854
f 4719 4854 4754
f 4755 4785 4750
f 4754 4788 4756
f 4755 4757 4786
f 4785 4755 4786
f 4757 4758 4786
f 4786 4758 4787
f 4756 4788 4724
f 4788 4759 4724
f 4789 4822 4758
f 4822 4787 4758
f 4759 4859 4726
f 4726 4859 4727
f 4789 4760 4823
f 4828 4761 4764
f 4828 4790 4761
f 4761 4790 4762
f 4790 4791 4762
f 4823 4760 4795
f 4791 4765 4762
f 4791 4793 4765
f 4791 4792 4793
f 4792 4794 4793
f 4795 4760 4766
f 4731 4796 4764
f 4692 4794 4830
f 4797 4693 4763
f 4731 4767 4796
f 4693 4798 4696
f 4735 4800 4767
f 4692 4799 4769
f 4802 4735 4770
f 4802 4800 4735
f 4803 4802 4770
f 4801 4804 4771
f 4801 4771 4769
f 4833 4805 4696
f 4772 4803 4770
f 4803 4772 4773
f 4803 4773 4804
f 4804 4773 4774
f 4771 4804 4775
f 4696 4805 4776
f 4805 4806 4776
f 4806 4777 4776
f 4836 4777 4806
f 4777 4836 4778
f 4836 4807 4778
f 4740 4741 4838
f 4838 4741 4840
f 4778 4807 4841
f 4809 4779 4841
f 4841 4779 4778
f 4812 4781 4809
f 4809 4781 4779
f 4781 4812 4782
f 4780 4847 4811
f 4744 4813 4847
f 4782 4850 4745
f 4745 4850 4815
f 4744 4746 4813
f 4814 4813 4746
f 4815 4813 4814
f 4816 4783 4852
f 4817 4783 4816
f 4817 4784 4783
f 4750 4853 4818
f 4785 4853 4750
f 4819 4854 4753
f 4785 4786 4853
f 4787 4820 4786
f 4789 4856 4822
f 4787 4822 4821
f 4820 4787 4821
f 4825 4727 4859
f 4827 4828 4764
f 4858 4790 4828
f 4790 4858 4791
f 4791 4858 4824
f 4829 4791 4824
f 4829 4792 4791
f 4727 4825 4763
f 4766 4826 4823
f 4823 4795 4766
f 4796 4827 4764
f 4797 4763 4798
f 4798 4693 4797
f 4767 4831 4796
f 4799 4692 4830
f 4798 4833 4696
f 4800 4831 4767
f 4801 4769 4832
f 4832 4769 4799
f 4766 4768 4866
f 4802 4831 4800
f 4802 4803 4804
f 4805 4833 4834
f 4835 4805 4834
f 4805 4835 4806
f 4740 4838 4637
f 4835 4837 4836
f 4806 4835 4836
f 4839 4836 4837
f 4836 4839 4807
f 4841 4839 4844
f 4839 4841 4807
f 4808 4842 4741
f 4741 4842 4840
f 4844 4809 4841
f 4808 4810 4842
f 4810 4780 4843
f 4812 4809 4844
f 4780 4846 4843
f 4780 4811 4846
f 4848 4850 4849
f 4844 4845 4850
f 4844 4850 4782
f 4844 4782 4812
f 4847 4813 4811
f 4848 4881 4815
f 4881 4813 4815
f 4850 4848 4815
f 4852 4886 4816
f 4886 4884 4816
f 4817 4816 4884
f 4817 4884 4887
f 4817 4887 4851
f 4817 4851 4784
f 4818 4852 4783
f 4853 4852 4818
f 4947 4754 4854
f 4754 4947 4788
f 4786 4820 4855
f 4822 4856 4821
f 4820 4821 4855
f 4821 4856 4855
f 4856 4789 4921
f 4921 4789 4823
f 4860 4894 4827
f 4857 4828 4894
f 4857 4858 4828
f 4861 4825 4859
f 4893 4823 4826
f 4766 4893 4826
f 4828 4827 4894
f 4825 4861 4763
f 4796 4860 4827
f 4963 4794 4792
f 4794 4963 4863
f 4863 4830 4794
f 4766 4866 4862
f 4864 4830 4863
f 4864 4799 4830
f 4831 4867 4900
f 4864 4865 4832
f 4864 4832 4799
f 4798 4870 4833
f 4763 4870 4798
f 4865 4801 4832
f 4865 4868 4801
f 4867 4831 4802
f 4901 4867 4802
f 4869 4901 4802
f 4869 4802 4804
f 4804 4801 4869
f 4833 4870 4834
f 4834 4870 4835
f 4870 4871 4835
f 4871 4872 4835
f 4838 4873 4637
f 4872 4837 4835
f 4837 4902 4839
f 4874 4838 4840
f 4839 4902 4875
f 4844 4839 4875
f 4840 4842 4874
f 4842 4876 4874
f 4842 4877 4876
f 4842 4810 4877
f 4810 4843 4877
f 4878 4845 4879
f 4875 4845 4844
f 4879 4845 4875
f 4843 4846 4877
f 4811 4880 4846
f 4850 4878 4849
f 4845 4878 4850
f 4811 4882 4880
f 4813 4882 4811
f 4813 4881 4911
f 4883 4884 4886
f 4914 4887 4884
f 4885 4887 4914
f 4886 4853 4918
f 4886 4852 4853
f 4851 4888 4784
f 4784 4888 4819
f 4819 4888 4919
f 4819 4919 4854
f 4889 4853 4786
f 4891 4889 4855
f 4855 4889 4786
f 4856 4948 4890
f 4855 4856 4890
f 4891 4855 4890
f 4856 4921 4948
f 4892 4921 4823
f 4759 4896 4859
f 4766 4892 4893
f 4892 4823 4893
f 4922 4894 4860
f 4894 4895 4857
f 4922 4895 4894
f 4857 4895 4858
f 4895 4824 4858
f 4896 4861 4859
f 4792 4829 4824
f 4792 4824 4963
f 4796 4922 4860
f 4861 4925 4763
f 4864 4863 4963
f 4862 4866 4927
f 4831 4900 4796
f 4927 4866 4998
f 4864 4897 4865
f 4867 4901 4900
f 4899 4869 4801
f 4868 4898 4899
f 4801 4868 4899
f 4898 4868 4865
f 4968 4637 4934
f 4637 4873 4934
f 4902 4837 4872
f 4904 4873 4838
f 4874 4904 4838
f 4902 4903 4875
f 4875 4903 4905
f 4906 4875 4905
f 4877 4907 4876
f 4877 4846 4908
f 4877 4908 4907
f 4938 4879 4906
f 4938 4878 4879
f 4875 4906 4879
f 4846 4880 4908
f 4909 4849 4878
f 4909 4848 4849
f 4813 4880 4882
f 4910 4880 4813
f 4910 4813 4911
f 4912 4883 4943
f 4912 4884 4883
f 4914 4884 4912
f 4913 4914 4912
f 4885 4914 4915
f 4885 4915 4887
f 4942 4886 4918
f 4883 4886 4942
f 4943 4883 4942
f 4851 4887 4916
f 4916 4888 4851
f 4853 4889 4918
f 4918 4889 4917
f 4919 4947 4854
f 4947 4920 4788
f 4948 4889 4891
f 4948 4891 4890
f 4952 4788 4920
f 4952 4759 4788
f 4923 4895 4922
f 4923 4922 4954
f 4892 4766 4955
f 4923 4993 4895
f 4993 4824 4895
f 4924 4896 4759
f 4896 4924 4861
f 4959 4963 4824
f 4925 4861 4924
f 4766 4862 4960
f 4925 4965 4763
f 4796 4926 4922
f 4897 4864 4963
f 4900 4926 4796
f 4898 4928 4899
f 4898 4865 4928
f 4928 4865 4897
f 4869 4899 4929
f 4899 4930 4929
f 4899 4928 4930
f 4763 4871 4870
f 4866 4768 5060
f 4900 4901 4869
f 4900 4869 4929
f 4768 4968 5060
f 4871 4932 4872
f 4931 4932 4871
f 4932 4933 4872
f 4873 5002 4934
f 4902 4872 4903
f 4872 4933 4903
f 4873 4904 4935
f 4873 4935 5002
f 4935 4904 4973
f 4903 4906 4905
f 4874 4973 4904
f 4874 4876 4973
f 4876 4937 4936
f 4876 4907 4937
f 4907 4908 4937
f 4908 4939 4937
f 4880 4939 4908
f 4910 4940 4880
f 4880 4940 4939
f 4848 4909 4941
f 4910 4911 4940
f 4881 4940 4911
f 4941 4940 4881
f 4848 4941 4881
f 4912 4980 4981
f 4912 4981 4913
f 4942 4983 4943
f 4980 4912 4943
f 4913 4944 4914
f 4914 4944 4915
f 4915 4944 4984
f 4887 4915 4916
f 4918 4985 4942
f 4985 4918 4945
f 4945 4918 4917
f 4888 4916 4946
f 4888 4946 4919
f 4917 4889 4945
f 4945 4889 4950
f 4948 4949 4889
f 4949 4950 4889
f 4947 5021 4920
f 4948 4951 4949
f 5021 4952 4920
f 4948 4921 4951
f 4892 4955 4951
f 4921 4892 4951
f 4991 4954 4953
f 4953 4956 4957
f 4956 4953 4954
f 4923 4954 4991
f 4956 4954 4922
f 4993 4958 4824
f 4959 4824 4958
f 4759 5028 4924
f 4766 4960 4955
f 4926 4961 4956
f 4922 4926 4956
f 4962 4961 4926
f 4927 4964 4862
f 4964 4960 4862
f 4964 4927 4998
f 4965 5032 4763
f 4900 4966 4926
f 4900 4967 4966
f 4930 4967 4900
f 4930 4900 4929
f 4763 5000 4871
f 5000 4931 4871
f 4931 5001 4932
f 5001 4933 4932
f 4969 4933 5001
f 4933 4969 4903
f 4969 4972 4903
f 5002 4935 4970
f 4971 4903 4972
f 4903 4971 4974
f 4903 4974 4938
f 4903 4938 4906
f 4936 5040 4876
f 4876 5040 4973
f 4976 5040 4936
f 4938 4974 4975
f 4937 4976 4936
f 4937 4977 4976
f 4938 4975 4878
f 4937 4939 4977
f 4977 4939 4978
f 4939 4940 4978
f 4940 4979 4978
f 4941 4979 4940
f 4979 4941 5011
f 4909 5011 4941
f 4878 5011 4909
f 4981 4944 4913
f 4985 4982 4942
f 4983 4942 4982
f 4983 4980 4943
f 4984 4916 4915
f 4945 4950 4985
f 4916 4986 4987
f 4916 4987 4946
f 4946 4987 4919
f 4987 4947 4919
f 4988 4950 4949
f 4947 4987 5021
f 4988 4949 4951
f 4989 4988 4951
f 5021 5022 4952
f 4952 5022 4759
f 4953 4990 4991
f 4992 5023 4957
f 5023 4953 4957
f 4956 4992 4957
f 4994 4955 4960
f 4961 4992 4956
f 4925 4924 5028
f 4965 4925 5028
f 4962 4992 4961
f 4996 4963 4959
f 4964 4994 4960
f 4996 4897 4963
f 4964 4998 4994
f 4994 4998 5091
f 4966 4962 4926
f 4966 4995 4962
f 4996 5053 4928
f 4996 4928 4897
f 5032 5000 4763
f 4966 4967 4997
f 4930 4928 4999
f 4997 4967 4930
f 4997 4930 4999
f 4968 5036 5060
f 4968 4934 5036
f 4969 5001 5035
f 4969 5035 4972
f 5003 4971 4972
f 4935 5004 4970
f 4935 5005 5004
f 5006 4974 5007
f 5003 4974 4971
f 5007 4974 5003
f 4935 4973 5005
f 5005 4973 5040
f 5006 5008 4974
f 4974 5008 4975
f 4977 5009 4976
f 4977 4978 5009
f 5010 4979 5011
f 4878 5105 5011
f 5008 5105 4878
f 4975 5008 4878
f 4979 5009 4978
f 5010 5009 4979
f 5012 5013 4980
f 5012 4983 5015
f 4980 4983 5012
f 4981 4980 5013
f 5015 4982 5014
f 4983 4982 5015
f 4981 5016 4944
f 5016 5017 4944
f 4944 5017 4984
f 5018 4982 4985
f 4984 5017 4986
f 4984 4986 4916
f 4950 5018 4985
f 4988 5019 5018
f 4988 5020 5019
f 4950 4988 5018
f 4987 4986 5021
f 5020 4988 4989
f 5021 5048 5022
f 4989 4951 5049
f 5025 4759 5022
f 4951 4955 5049
f 4990 5024 4991
f 5027 4759 5025
f 5024 5052 4991
f 4991 5052 4923
f 4759 5027 5028
f 4923 5052 4993
f 5052 4958 4993
f 4959 4958 5089
f 4955 4994 5026
f 5028 5054 4965
f 4962 5029 4992
f 5031 4995 5030
f 4995 4966 5030
f 5055 5091 4998
f 5030 4966 4997
f 5033 4997 4999
f 5033 4999 4928
f 5053 5033 4928
f 5000 5032 5057
f 4931 5000 5057
f 4931 5057 5034
f 5001 5034 5035
f 5001 4931 5034
f 5036 4934 5037
f 4934 5002 5037
f 4970 5037 5002
f 5003 5065 5039
f 4970 5004 5038
f 5038 5004 5005
f 5006 5039 5042
f 5039 5006 5007
f 5003 5039 5007
f 5040 4976 5041
f 5042 5008 5006
f 5009 5070 4976
f 5010 5105 5009
f 5011 5105 5010
f 5012 5015 5071
f 5012 5071 5013
f 5013 5043 4981
f 4981 5043 5016
f 5044 5014 4982
f 5019 5044 5018
f 5044 4982 5018
f 5080 4986 5017
f 5046 5045 5020
f 5045 5019 5020
f 5021 4986 5080
f 5048 5021 5080
f 4989 5047 5046
f 4989 5082 5047
f 5020 4989 5046
f 5147 5022 5048
f 4989 5049 5082
f 5147 5025 5022
f 5050 4953 5023
f 5050 4990 4953
f 5049 4955 5026
f 5023 4992 5050
f 5050 4992 5051
f 5029 5051 4992
f 5028 5090 5054
f 5026 4994 5091
f 4995 5029 4962
f 5031 5029 4995
f 4965 5057 5032
f 5054 5057 4965
f 5095 4997 5033
f 5095 5058 4997
f 5056 5033 5053
f 4866 5060 5059
f 5035 5034 5061
f 5062 5060 5036
f 4972 5035 5061
f 5062 5036 5037
f 4972 5061 5065
f 4972 5065 5003
f 5037 5063 5062
f 4970 5064 5037
f 5037 5064 5063
f 4970 5038 5064
f 5039 5065 5103
f 5005 5066 5038
f 5042 5039 5067
f 5040 5066 5005
f 5041 5066 5040
f 5069 5105 5008
f 5067 5069 5042
f 5069 5008 5042
f 5068 5041 4976
f 5068 4976 5070
f 5105 5070 5009
f 5013 5071 5072
f 5013 5072 5073
f 5043 5013 5074
f 5013 5073 5074
f 5108 5109 5014
f 5015 5014 5109
f 5109 5071 5015
f 5043 5074 5141
f 5043 5141 5016
f 5017 5016 5075
f 5016 5141 5075
f 5108 5044 5077
f 5014 5044 5108
f 5075 5080 5017
f 5044 5019 5076
f 5077 5044 5076
f 5078 5019 5045
f 5079 5078 5045
f 5047 5079 5046
f 5046 5079 5045
f 5081 5048 5080
f 5082 5049 5114
f 5147 5086 5025
f 5114 5049 5026
f 5087 5084 5050
f 5087 5083 5084
f 5050 5084 4990
f 5024 4990 5085
f 5085 5153 5024
f 5086 5027 5025
f 5051 5088 5087
f 5051 5087 5050
f 5153 5052 5024
f 4958 5052 5153
f 5224 4958 5153
f 5151 5026 5091
f 5089 4958 5224
f 5029 5092 5051
f 5051 5092 5088
f 5089 4996 4959
f 5093 5053 4996
f 5031 5124 5029
f 5054 5034 5057
f 5056 5053 5094
f 5033 5056 5094
f 5033 5094 5095
f 4866 5059 4998
f 5059 5060 5062
f 5059 5062 5097
f 5034 5096 5061
f 5061 5096 5098
f 5099 5061 5098
f 5062 5063 5131
f 5065 5099 5100
f 5099 5065 5061
f 5063 5064 5131
f 5038 5101 5064
f 5065 5100 5103
f 5066 5101 5038
f 5039 5103 5067
f 5041 5104 5066
f 5068 5104 5041
f 5102 5105 5069
f 5067 5102 5069
f 5068 5070 5104
f 5106 5071 5138
f 5072 5071 5106
f 5107 5072 5106
f 5107 5073 5072
f 5074 5073 5110
f 5071 5109 5138
f 5075 5141 5178
f 5019 5111 5076
f 5111 5077 5076
f 5108 5077 5111
f 5075 5144 5080
f 5078 5111 5019
f 5079 5112 5111
f 5078 5079 5111
f 5144 5081 5080
f 5113 5079 5047
f 5082 5113 5047
f 5048 5081 5115
f 5115 5147 5048
f 5082 5114 5113
f 5183 5114 5118
f 5116 5084 5119
f 5084 5083 5119
f 5084 5116 4990
f 4990 5116 5117
f 4990 5117 5085
f 5120 5085 5117
f 5114 5026 5118
f 5118 5026 5151
f 5121 5119 5087
f 5119 5083 5087
f 5120 5153 5085
f 5027 5086 5154
f 5121 5087 5088
f 5122 5121 5088
f 5154 5090 5027
f 5090 5028 5027
f 5091 5225 5151
f 5092 5122 5088
f 5092 5029 5123
f 5122 5092 5123
f 5093 4996 5089
f 5091 5055 5228
f 5225 5091 5228
f 5029 5124 5123
f 5093 5125 5159
f 5090 5128 5054
f 5159 5053 5093
f 5054 5128 5034
f 5158 5031 5030
f 5127 5030 4997
f 5127 5158 5030
f 5159 5095 5094
f 5126 5095 5159
f 5159 5094 5053
f 5055 4998 5253
f 5058 5127 4997
f 5128 5096 5034
f 5059 5253 4998
f 5059 5097 5253
f 5096 5129 5098
f 5130 5099 5098
f 5130 5132 5100
f 5130 5100 5099
f 5100 5132 5103
f 5064 5133 5131
f 5101 5133 5064
f 5101 5167 5133
f 5101 5169 5167
f 5067 5135 5102
f 5102 5135 5168
f 5103 5135 5067
f 5101 5066 5169
f 5134 5169 5066
f 5104 5134 5066
f 5102 5136 5105
f 5105 5104 5070
f 5136 5104 5105
f 5106 5138 5171
f 5107 5106 5171
f 5073 5107 5139
f 5108 5140 5137
f 5109 5108 5137
f 5138 5109 5137
f 5139 5110 5073
f 5141 5074 5110
f 5140 5108 5111
f 5142 5140 5111
f 5178 5144 5075
f 5142 5111 5112
f 5143 5142 5112
f 5079 5143 5112
f 5396 5081 5144
f 5079 5113 5143
f 5396 5115 5081
f 5114 5145 5143
f 5113 5114 5143
f 5114 5183 5145
f 5184 5116 5119
f 5116 5184 5117
f 5184 5146 5117
f 5117 5146 5150
f 5148 5183 5118
f 5184 5119 5149
f 5117 5150 5120
f 5189 5148 5151
f 5148 5118 5151
f 5119 5121 5149
f 5149 5121 5122
f 5150 5152 5120
f 5120 5152 5153
f 5151 5225 5189
f 5089 5224 5155
f 5093 5089 5155
f 5123 5156 5122
f 5093 5155 5125
f 5154 5160 5090
f 5123 5124 5157
f 5090 5160 5128
f 5031 5157 5124
f 5031 5158 5157
f 5058 5161 5127
f 5126 5161 5095
f 5058 5095 5161
f 5096 5160 5195
f 5128 5160 5096
f 5162 5129 5195
f 5129 5096 5195
f 5162 5164 5130
f 5162 5130 5098
f 5162 5098 5129
f 5097 5062 5163
f 5163 5062 5200
f 5130 5164 5165
f 5131 5201 5062
f 5062 5201 5200
f 5165 5132 5130
f 5131 5232 5201
f 5103 5132 5166
f 5131 5133 5232
f 5135 5103 5166
f 5135 5166 5168
f 5134 5206 5169
f 5104 5170 5134
f 5136 5102 5168
f 5136 5170 5104
f 5138 5137 5211
f 5137 5172 5211
f 5139 5107 5171
f 5139 5171 5173
f 5214 5139 5173
f 5140 5172 5137
f 5139 5214 5110
f 5142 5174 5172
f 5142 5177 5174
f 5140 5142 5172
f 5141 5110 5175
f 5141 5175 5178
f 5176 5217 5142
f 5217 5177 5142
f 5143 5179 5176
f 5142 5143 5176
f 5180 5179 5143
f 5180 5145 5181
f 5143 5145 5180
f 5181 5145 5182
f 5147 5115 5221
f 5182 5145 5183
f 5147 5221 5187
f 5148 5182 5183
f 5150 5146 5186
f 5147 5187 5086
f 5148 5189 5182
f 5182 5189 5277
f 5122 5185 5149
f 5186 5152 5150
f 5153 5152 5279
f 5086 5187 5154
f 5279 5224 5153
f 5122 5190 5188
f 5156 5190 5122
f 5248 5155 5224
f 5248 5125 5155
f 5225 5228 5226
f 5157 5156 5123
f 5126 5192 5161
f 5191 5126 5159
f 5191 5192 5126
f 5159 5125 5191
f 5193 5158 5127
f 5194 5193 5127
f 5194 5127 5161
f 5161 5192 5194
f 5055 5253 5284
f 5162 5195 5196
f 5162 5196 5198
f 5253 5163 5197
f 5097 5163 5253
f 5198 5164 5162
f 5199 5164 5198
f 5163 5200 5201
f 5165 5199 5202
f 5165 5164 5199
f 5132 5165 5202
f 5132 5202 5203
f 5203 5166 5132
f 5204 5166 5203
f 5232 5205 5260
f 5232 5133 5205
f 5133 5167 5205
f 5166 5204 5168
f 5167 5206 5205
f 5169 5206 5167
f 5170 5206 5134
f 5136 5206 5170
f 5136 5207 5206
f 5136 5168 5207
f 5210 5238 5211
f 5208 5211 5238
f 5208 5138 5211
f 5171 5138 5208
f 5209 5171 5208
f 5209 5212 5171
f 5172 5213 5210
f 5210 5211 5172
f 5171 5212 5240
f 5171 5240 5173
f 5172 5174 5213
f 5110 5215 5178
f 5110 5214 5215
f 5174 5177 5216
f 5213 5174 5216
f 5110 5178 5175
f 5216 5177 5218
f 5218 5177 5217
f 5176 5179 5219
f 5217 5176 5219
f 5396 5144 5178
f 5219 5179 5180
f 5219 5180 5181
f 5220 5219 5181
f 5396 5341 5115
f 5181 5182 5220
f 5220 5182 5242
f 5115 5341 5221
f 5244 5184 5222
f 5223 5185 5122
f 5185 5222 5149
f 5149 5222 5184
f 5122 5188 5223
f 5154 5187 5247
f 5189 5225 5226
f 5281 5248 5224
f 5191 5125 5248
f 5154 5247 5160
f 5192 5227 5157
f 5157 5158 5193
f 5157 5194 5192
f 5157 5193 5194
f 5228 5055 5284
f 5160 5247 5195
f 5198 5196 5229
f 5230 5197 5163
f 5199 5198 5229
f 5230 5163 5201
f 5231 5202 5199
f 5230 5201 5232
f 5203 5202 5231
f 5204 5231 5258
f 5204 5258 5168
f 5203 5231 5204
f 5235 5207 5233
f 5235 5206 5207
f 5168 5233 5207
f 5234 5233 5168
f 5209 5208 5236
f 5208 5295 5236
f 5210 5237 5266
f 5210 5266 5238
f 5239 5212 5236
f 5236 5212 5209
f 5213 5237 5210
f 5240 5212 5239
f 5214 5173 5241
f 5173 5240 5241
f 5216 5237 5213
f 5241 5215 5214
f 5305 5178 5215
f 5219 5218 5217
f 5305 5396 5178
f 5220 5242 5218
f 5219 5220 5218
f 5242 5182 5277
f 5243 5222 5185
f 5243 5244 5222
f 5244 5146 5184
f 5245 5187 5221
f 5243 5185 5223
f 5246 5186 5146
f 5246 5152 5186
f 5247 5187 5245
f 5277 5189 5226
f 5279 5281 5224
f 5157 5190 5156
f 5249 5157 5227
f 5227 5250 5249
f 5250 5227 5192
f 5250 5192 5191
f 5250 5191 5248
f 5226 5228 5251
f 5228 5284 5251
f 5247 5252 5195
f 5196 5252 5255
f 5252 5196 5195
f 5255 5229 5196
f 5230 5254 5197
f 5199 5229 5255
f 5230 5289 5254
f 5231 5255 5256
f 5231 5256 5257
f 5199 5255 5231
f 5258 5231 5259
f 5259 5231 5257
f 5232 5325 5230
f 5232 5260 5325
f 5259 5290 5258
f 5258 5290 5168
f 5264 5235 5233
f 5264 5233 5294
f 5233 5262 5294
f 5262 5234 5261
f 5262 5233 5234
f 5290 5261 5234
f 5168 5290 5234
f 5205 5206 5263
f 5264 5263 5206
f 5235 5264 5206
f 5238 5265 5208
f 5296 5297 5237
f 5237 5297 5266
f 5266 5265 5238
f 5236 5299 5239
f 5296 5237 5267
f 5239 5241 5240
f 5237 5216 5267
f 5215 5241 5301
f 5215 5301 5302
f 5267 5218 5268
f 5267 5216 5218
f 5215 5302 5269
f 5218 5270 5268
f 5269 5305 5215
f 5270 5218 5242
f 5271 5270 5242
f 5271 5242 5277
f 5273 5274 5272
f 5273 5272 5308
f 5244 5275 5272
f 5146 5272 5274
f 5244 5272 5146
f 5244 5243 5276
f 5278 5276 5243
f 5223 5278 5243
f 5310 5246 5146
f 5188 5278 5223
f 5246 5279 5152
f 5247 5245 5314
f 5280 5277 5226
f 5188 5313 5278
f 5280 5226 5348
f 5313 5188 5315
f 5188 5190 5315
f 5190 5316 5315
f 5157 5316 5190
f 5281 5250 5248
f 5226 5251 5348
f 5314 5282 5247
f 5247 5282 5252
f 5282 5283 5252
f 5286 5285 5283
f 5252 5285 5255
f 5252 5283 5285
f 5253 5197 5287
f 5253 5287 5284
f 5255 5285 5286
f 5255 5286 5288
f 5197 5254 5287
f 5256 5255 5288
f 5254 5289 5287
f 5256 5259 5257
f 5289 5230 5325
f 5260 5291 5325
f 5291 5260 5205
f 5262 5261 5292
f 5259 5292 5290
f 5292 5261 5290
f 5205 5293 5291
f 5263 5293 5205
f 5264 5293 5263
f 5264 5294 5293
f 5294 5262 5292
f 5328 5295 5265
f 5208 5265 5295
f 5299 5236 5295
f 5328 5266 5297
f 5265 5266 5328
f 5296 5267 5298
f 5241 5239 5299
f 5301 5241 5299
f 5267 5300 5298
f 5300 5267 5268
f 5337 5300 5268
f 5269 5302 5493
f 5270 5337 5268
f 5269 5493 5305
f 5493 5365 5305
f 5270 5304 5303
f 5304 5271 5306
f 5270 5271 5304
f 5339 5308 5307
f 5271 5277 5306
f 5273 5308 5339
f 5309 5273 5339
f 5309 5274 5273
f 5306 5277 5280
f 5275 5307 5308
f 5275 5308 5272
f 5274 5309 5146
f 5146 5309 5340
f 5244 5276 5275
f 5310 5146 5340
f 5344 5310 5340
f 5311 5275 5278
f 5276 5278 5275
f 5310 5344 5246
f 5312 5279 5246
f 5344 5312 5246
f 5313 5311 5278
f 5312 5281 5279
f 5318 5281 5312
f 5316 5157 5317
f 5318 5250 5281
f 5376 5157 5249
f 5376 5317 5157
f 5283 5319 5320
f 5283 5320 5322
f 5282 5319 5283
f 5284 5411 5251
f 5286 5283 5322
f 5287 5411 5284
f 5322 5321 5286
f 5286 5321 5288
f 5321 5322 5323
f 5321 5323 5256
f 5288 5321 5256
f 5259 5323 5355
f 5256 5323 5259
f 5324 5259 5355
f 5324 5292 5259
f 5294 5291 5293
f 5326 5291 5294
f 5292 5326 5294
f 5327 5297 5329
f 5328 5297 5327
f 5328 5357 5295
f 5330 5329 5297
f 5330 5297 5296
f 5299 5295 5331
f 5299 5331 5333
f 5330 5296 5298
f 5332 5330 5298
f 5301 5333 5334
f 5299 5333 5301
f 5300 5332 5298
f 5301 5334 5302
f 5493 5302 5334
f 5336 5335 5337
f 5332 5337 5335
f 5300 5337 5332
f 5303 5338 5336
f 5270 5303 5336
f 5337 5270 5336
f 5303 5304 5338
f 5338 5304 5306
f 5307 5395 5339
f 5305 5365 5396
f 5368 5340 5309
f 5339 5368 5309
f 5344 5340 5370
f 5343 5342 5275
f 5311 5343 5275
f 5372 5312 5344
f 5280 5348 5345
f 5345 5348 5346
f 5313 5401 5311
f 5375 5313 5315
f 5375 5316 5349
f 5315 5316 5375
f 5372 5318 5312
f 5316 5317 5349
f 5351 5250 5318
f 5351 5350 5250
f 5314 5319 5282
f 5346 5348 5409
f 5249 5250 5350
f 5249 5350 5376
f 5348 5251 5409
f 5287 5289 5411
f 5323 5352 5381
f 5352 5323 5322
f 5323 5381 5355
f 5353 5289 5325
f 5353 5325 5354
f 5291 5387 5325
f 5291 5384 5387
f 5291 5292 5384
f 5326 5292 5291
f 5329 5360 5327
f 5356 5328 5327
f 5328 5356 5357
f 5330 5360 5329
f 5358 5295 5357
f 5359 5295 5358
f 5359 5331 5295
f 5421 5360 5330
f 5333 5331 5361
f 5330 5332 5392
f 5361 5334 5333
f 5335 5362 5392
f 5332 5335 5392
f 5334 5361 5493
f 5336 5363 5364
f 5335 5336 5362
f 5336 5364 5362
f 5338 5393 5363
f 5338 5363 5336
f 5306 5393 5338
f 5367 5394 5307
f 5365 5366 5396
f 5367 5307 5275
f 5370 5340 5368
f 5369 5367 5342
f 5397 5369 5342
f 5342 5367 5275
f 5221 5341 5398
f 5342 5343 5397
f 5344 5370 5372
f 5221 5398 5245
f 5373 5371 5345
f 5345 5371 5280
f 5311 5401 5343
f 5245 5374 5314
f 5373 5345 5400
f 5400 5345 5346
f 5375 5401 5313
f 5351 5318 5372
f 5351 5377 5350
f 5314 5347 5319
f 5349 5317 5377
f 5377 5317 5376
f 5377 5376 5350
f 5409 5251 5411
f 5322 5320 5378
f 5378 5379 5352
f 5322 5378 5352
f 5352 5379 5380
f 5289 5353 5411
f 5381 5352 5380
f 5382 5353 5354
f 5383 5382 5354
f 5385 5384 5386
f 5386 5292 5324
f 5386 5324 5450
f 5324 5355 5450
f 5325 5387 5354
f 5354 5387 5383
f 5386 5384 5292
f 5356 5327 5388
f 5356 5388 5389
f 5360 5388 5327
f 5356 5389 5357
f 5358 5357 5389
f 5359 5358 5390
f 5388 5360 5421
f 5359 5361 5331
f 5361 5359 5390
f 5392 5421 5330
f 5364 5363 5393
f 5536 5365 5493
f 5536 5366 5365
f 5394 5395 5307
f 5395 5368 5339
f 5280 5371 5306
f 5367 5369 5394
f 5396 5463 5341
f 5399 5397 5343
f 5401 5399 5343
f 5245 5398 5374
f 5373 5400 5432
f 5402 5372 5370
f 5545 5400 5346
f 5404 5401 5375
f 5402 5351 5372
f 5314 5403 5347
f 5438 5545 5346
f 5349 5404 5375
f 5405 5351 5402
f 5405 5406 5351
f 5346 5407 5438
f 5408 5439 5349
f 5408 5349 5377
f 5408 5377 5406
f 5406 5377 5351
f 5346 5409 5407
f 5319 5347 5320
f 5320 5410 5378
f 5410 5413 5378
f 5411 5415 5412
f 5413 5379 5378
f 5414 5379 5413
f 5415 5411 5353
f 5380 5379 5414
f 5415 5353 5382
f 5380 5414 5416
f 5380 5416 5381
f 5416 5355 5381
f 5382 5383 5417
f 5382 5417 5448
f 5418 5384 5385
f 5386 5450 5385
f 5387 5417 5383
f 5418 5417 5387
f 5384 5418 5387
f 5391 5452 5388
f 5389 5388 5419
f 5388 5452 5419
f 5389 5419 5454
f 5389 5454 5358
f 5388 5421 5391
f 5422 5361 5491
f 5491 5361 5390
f 5423 5421 5392
f 5391 5421 5420
f 5457 5423 5362
f 5362 5423 5392
f 5364 5424 5457
f 5364 5425 5424
f 5362 5364 5457
f 5393 5426 5364
f 5426 5425 5364
f 5393 5306 5426
f 5536 5429 5366
f 5430 5427 5394
f 5394 5427 5395
f 5395 5427 5428
f 5366 5429 5463
f 5396 5366 5463
f 5306 5371 5465
f 5431 5394 5369
f 5430 5394 5431
f 5431 5369 5397
f 5504 5370 5368
f 5371 5373 5432
f 5399 5433 5431
f 5399 5431 5397
f 5401 5507 5399
f 5399 5507 5433
f 5432 5400 5545
f 5469 5402 5370
f 5436 5402 5469
f 5403 5374 5437
f 5403 5314 5374
f 5405 5402 5435
f 5402 5436 5435
f 5403 5437 5347
f 5349 5434 5404
f 5349 5439 5434
f 5408 5406 5405
f 5408 5405 5435
f 5437 5440 5347
f 5320 5440 5475
f 5347 5440 5320
f 5320 5475 5410
f 5409 5411 5407
f 5407 5411 5476
f 5410 5441 5413
f 5414 5413 5441
f 5414 5441 5442
f 5443 5414 5442
f 5415 5444 5412
f 5415 5445 5444
f 5416 5443 5446
f 5414 5443 5416
f 5415 5447 5445
f 5415 5382 5447
f 5382 5448 5447
f 5417 5449 5448
f 5355 5416 5446
f 5418 5449 5417
f 5385 5450 5418
f 5355 5446 5450
f 5451 5453 5452
f 5391 5486 5452
f 5453 5419 5452
f 5453 5488 5419
f 5454 5419 5488
f 5486 5391 5420
f 5454 5456 5358
f 5358 5456 5390
f 5390 5456 5527
f 5527 5491 5390
f 5420 5421 5423
f 5420 5423 5455
f 5529 5457 5424
f 5530 5529 5424
f 5425 5530 5424
f 5426 5458 5530
f 5426 5459 5458
f 5425 5426 5530
f 5426 5306 5459
f 5460 5461 5427
f 5427 5461 5428
f 5461 5498 5428
f 5306 5465 5459
f 5460 5430 5462
f 5460 5427 5430
f 5498 5395 5428
f 5395 5501 5368
f 5463 5429 5464
f 5463 5464 5341
f 5465 5371 5432
f 5466 5462 5433
f 5433 5462 5430
f 5433 5430 5431
f 5341 5467 5398
f 5398 5467 5374
f 5507 5468 5433
f 5471 5374 5467
f 5432 5545 5505
f 5469 5470 5472
f 5472 5436 5469
f 5374 5471 5437
f 5404 5507 5401
f 5509 5404 5434
f 5473 5436 5472
f 5435 5436 5473
f 5439 5474 5434
f 5408 5473 5474
f 5435 5473 5408
f 5437 5589 5440
f 5438 5407 5549
f 5439 5408 5474
f 5475 5477 5410
f 5476 5411 5551
f 5479 5410 5477
f 5411 5478 5551
f 5479 5441 5410
f 5411 5480 5478
f 5412 5480 5411
f 5442 5441 5479
f 5412 5444 5481
f 5482 5442 5479
f 5482 5443 5442
f 5444 5445 5481
f 5443 5482 5446
f 5448 5516 5447
f 5516 5448 5449
f 5449 5418 5519
f 5450 5484 5418
f 5418 5484 5520
f 5451 5522 5453
f 5488 5453 5485
f 5451 5486 5487
f 5451 5452 5486
f 5454 5488 5524
f 5524 5456 5454
f 5489 5490 5455
f 5420 5455 5487
f 5455 5490 5487
f 5487 5486 5420
f 5455 5423 5492
f 5489 5455 5492
f 5528 5422 5491
f 5457 5529 5492
f 5423 5457 5492
f 5422 5528 5361
f 5532 5530 5458
f 5493 5494 5536
f 5500 5495 5460
f 5461 5460 5495
f 5461 5495 5496
f 5498 5461 5496
f 5459 5465 5497
f 5462 5500 5460
f 5499 5500 5462
f 5538 5501 5498
f 5501 5395 5498
f 5497 5465 5502
f 5462 5466 5499
f 5499 5466 5503
f 5501 5504 5368
f 5465 5432 5502
f 5433 5503 5466
f 5502 5432 5505
f 5433 5468 5503
f 5504 5469 5370
f 5467 5506 5471
f 5472 5470 5508
f 5471 5589 5437
f 5508 5548 5473
f 5508 5473 5472
f 5548 5434 5474
f 5474 5473 5548
f 5549 5407 5476
f 5510 5475 5589
f 5475 5440 5589
f 5510 5477 5475
f 5479 5477 5511
f 5477 5510 5511
f 5479 5511 5553
f 5480 5512 5478
f 5513 5482 5479
f 5480 5514 5512
f 5480 5412 5514
f 5412 5481 5514
f 5482 5513 5515
f 5445 5514 5481
f 5482 5515 5446
f 5515 5483 5446
f 5445 5558 5514
f 5447 5558 5445
f 5516 5558 5447
f 5517 5450 5518
f 5446 5483 5518
f 5516 5449 5519
f 5418 5520 5519
f 5520 5484 5517
f 5450 5517 5484
f 5446 5518 5450
f 5521 5562 5451
f 5562 5563 5451
f 5451 5563 5522
f 5485 5453 5564
f 5453 5522 5564
f 5451 5487 5521
f 5488 5485 5524
f 5525 5490 5489
f 5487 5490 5523
f 5521 5487 5523
f 5456 5524 5526
f 5456 5526 5527
f 5489 5492 5525
f 5525 5492 5529
f 5491 5527 5528
f 5528 5531 5361
f 5493 5361 5531
f 5494 5493 5531
f 5458 5459 5533
f 5495 5535 5496
f 5534 5535 5495
f 5533 5459 5497
f 5537 5534 5500
f 5534 5495 5500
f 5535 5498 5496
f 5537 5499 5539
f 5500 5499 5537
f 5501 5538 5540
f 5538 5721 5540
f 5429 5541 5464
f 5582 5580 5502
f 5502 5580 5497
f 5585 5539 5499
f 5503 5585 5499
f 5542 5504 5501
f 5542 5501 5540
f 5464 5541 5506
f 5341 5464 5506
f 5582 5502 5543
f 5341 5506 5467
f 5543 5502 5505
f 5468 5585 5503
f 5468 5544 5585
f 5584 5469 5504
f 5505 5545 5587
f 5544 5468 5546
f 5468 5507 5546
f 5545 5438 5587
f 5507 5404 5546
f 5508 5470 5547
f 5547 5548 5508
f 5438 5549 5587
f 5591 5509 5434
f 5548 5591 5434
f 5694 5549 5476
f 5552 5476 5551
f 5551 5478 5552
f 5552 5478 5512
f 5479 5553 5513
f 5513 5553 5554
f 5514 5555 5512
f 5556 5515 5554
f 5515 5513 5554
f 5556 5483 5515
f 5514 5558 5555
f 5516 5559 5558
f 5519 5559 5516
f 5560 5520 5517
f 5560 5517 5518
f 5556 5557 5518
f 5483 5556 5518
f 5520 5559 5519
f 5560 5559 5520
f 5522 5563 5601
f 5561 5522 5601
f 5561 5564 5522
f 5485 5564 5565
f 5566 5523 5490
f 5566 5521 5523
f 5485 5565 5567
f 5524 5485 5567
f 5524 5568 5527
f 5524 5567 5568
f 5525 5529 5566
f 5490 5525 5566
f 5524 5527 5526
f 5527 5569 5528
f 5529 5530 5570
f 5571 5570 5532
f 5532 5570 5530
f 5531 5528 5638
f 5458 5533 5571
f 5532 5458 5571
f 5638 5494 5531
f 5574 5534 5573
f 5497 5572 5533
f 5575 5573 5534
f 5534 5574 5535
f 5579 5535 5574
f 5536 5494 5576
f 5577 5536 5576
f 5578 5575 5537
f 5537 5575 5534
f 5535 5579 5498
f 5498 5610 5538
f 5579 5610 5498
f 5721 5538 5610
f 5536 5577 5429
f 5539 5578 5537
f 5581 5578 5539
f 5542 5540 5721
f 5429 5577 5541
f 5583 5581 5585
f 5539 5585 5581
f 5504 5542 5584
f 5505 5586 5543
f 5588 5469 5584
f 5586 5505 5587
f 5544 5546 5615
f 5470 5469 5588
f 5506 5589 5471
f 5546 5404 5615
f 5547 5470 5588
f 5592 5404 5509
f 5590 5549 5694
f 5590 5587 5549
f 5590 5694 5620
f 5591 5592 5509
f 5592 5591 5548
f 5592 5548 5547
f 5476 5552 5694
f 5593 5510 5550
f 5510 5593 5511
f 5593 5594 5511
f 5596 5552 5512
f 5595 5554 5594
f 5553 5511 5594
f 5595 5597 5554
f 5594 5554 5553
f 5555 5596 5512
f 5556 5554 5597
f 5556 5597 5599
f 5556 5627 5557
f 5556 5599 5627
f 5598 5555 5558
f 5559 5598 5558
f 5560 5600 5559
f 5600 5560 5518
f 5562 5602 5632
f 5521 5602 5562
f 5632 5601 5563
f 5632 5563 5562
f 5635 5564 5561
f 5565 5564 5635
f 5635 5568 5565
f 5521 5566 5602
f 5565 5568 5567
f 5529 5603 5566
f 5568 5604 5527
f 5603 5570 5605
f 5529 5570 5603
f 5571 5605 5570
f 5641 5494 5638
f 5606 5533 5572
f 5573 5607 5574
f 5641 5576 5494
f 5572 5497 5606
f 5575 5609 5573
f 5579 5574 5608
f 5610 5579 5608
f 5609 5581 5611
f 5609 5575 5578
f 5497 5580 5612
f 5581 5646 5611
f 5578 5581 5609
f 5612 5580 5582
f 5647 5612 5582
f 5583 5646 5581
f 5582 5543 5647
f 5613 5584 5542
f 5544 5615 5585
f 5614 5588 5613
f 5588 5584 5613
f 5614 5616 5588
f 5506 5619 5589
f 5541 5619 5506
f 5615 5404 5617
f 5616 5547 5588
f 5587 5590 5656
f 5618 5617 5404
f 5618 5404 5592
f 5547 5618 5592
f 5589 5619 5510
f 5590 5620 5656
f 5510 5619 5550
f 5550 5621 5593
f 5694 5552 5596
f 5659 5594 5621
f 5621 5594 5593
f 5596 5622 5694
f 5625 5595 5594
f 5596 5623 5622
f 5596 5624 5623
f 5597 5625 5630
f 5595 5625 5597
f 5596 5555 5626
f 5596 5626 5624
f 5630 5627 5597
f 5597 5627 5599
f 5598 5628 5555
f 5627 5630 5557
f 5557 5630 5629
f 5559 5631 5598
f 5559 5600 5631
f 5518 5557 5600
f 5632 5633 5601
f 5633 5666 5601
f 5561 5601 5634
f 5601 5666 5634
f 5635 5561 5670
f 5561 5634 5670
f 5633 5602 5636
f 5632 5602 5633
f 5637 5568 5635
f 5603 5636 5566
f 5636 5602 5566
f 5637 5604 5568
f 5605 5636 5603
f 5527 5604 5569
f 5605 5571 5636
f 5571 5533 5676
f 5676 5533 5639
f 5606 5640 5639
f 5606 5642 5640
f 5533 5606 5639
f 5608 5574 5607
f 5608 5607 5643
f 5606 5497 5642
f 5610 5608 5643
f 5576 5644 5577
f 5612 5645 5642
f 5612 5642 5497
f 5721 5610 5643
f 5647 5645 5612
f 5583 5686 5646
f 5577 5648 5541
f 5585 5686 5583
f 5648 5650 5541
f 5615 5687 5585
f 5614 5613 5649
f 5614 5649 5651
f 5541 5650 5619
f 5651 5616 5614
f 5652 5616 5651
f 5650 5653 5619
f 5586 5587 5689
f 5652 5657 5547
f 5616 5652 5547
f 5689 5587 5656
f 5618 5654 5617
f 5654 5618 5655
f 5657 5618 5547
f 5550 5619 5653
f 5550 5653 5658
f 5550 5658 5621
f 5621 5658 5659
f 5694 5660 5697
f 5622 5660 5694
f 5622 5623 5699
f 5622 5699 5660
f 5661 5594 5659
f 5661 5625 5594
f 5623 5624 5699
f 5630 5625 5663
f 5663 5625 5661
f 5626 5555 5662
f 5630 5663 5629
f 5555 5628 5662
f 5629 5664 5557
f 5600 5598 5631
f 5664 5598 5600
f 5557 5664 5600
f 5665 5667 5634
f 5665 5666 5669
f 5669 5666 5633
f 5665 5634 5666
f 5668 5634 5667
f 5668 5670 5634
f 5636 5674 5633
f 5635 5670 5671
f 5637 5635 5671
f 5637 5671 5672
f 5673 5674 5636
f 5672 5604 5637
f 5673 5636 5571
f 5569 5604 5675
f 5678 5677 5676
f 5676 5639 5678
f 5678 5640 5679
f 5639 5640 5678
f 5680 5641 5638
f 5640 5642 5681
f 5679 5640 5681
f 5683 5607 5573
f 5607 5682 5643
f 5641 5644 5576
f 5683 5573 5609
f 5720 5643 5682
f 5645 5681 5642
f 5609 5684 5683
f 5609 5611 5684
f 5720 5721 5643
f 5645 5647 5681
f 5611 5646 5684
f 5684 5646 5685
f 5577 5644 5648
f 5686 5685 5646
f 5647 5543 5722
f 5755 5613 5542
f 5724 5613 5755
f 5543 5586 5722
f 5687 5686 5585
f 5613 5724 5649
f 5724 5651 5649
f 5688 5687 5615
f 5691 5652 5651
f 5617 5688 5615
f 5688 5617 5654
f 5654 5690 5688
f 5655 5690 5654
f 5691 5657 5652
f 5692 5690 5655
f 5692 5655 5618
f 5657 5692 5618
f 5693 5658 5653
f 5659 5658 5696
f 5661 5659 5696
f 5661 5696 5698
f 5663 5700 5701
f 5661 5700 5663
f 5703 5629 5663
f 5703 5663 5701
f 5598 5704 5628
f 5664 5704 5598
f 5702 5704 5664
f 5629 5702 5664
f 5703 5702 5629
f 5706 5665 5705
f 5667 5665 5706
f 5706 5740 5667
f 5668 5667 5740
f 5708 5669 5674
f 5674 5669 5633
f 5707 5673 5709
f 5674 5673 5707
f 5708 5674 5707
f 5710 5604 5672
f 5710 5675 5604
f 5571 5676 5709
f 5673 5571 5709
f 5788 5569 5675
f 5569 5788 5528
f 5788 5711 5528
f 5744 5676 5677
f 5711 5638 5528
f 5677 5678 5744
f 5744 5678 5712
f 5638 5711 5680
f 5712 5678 5679
f 5683 5713 5715
f 5715 5713 5714
f 5715 5714 5716
f 5717 5607 5716
f 5679 5681 5745
f 5683 5715 5607
f 5607 5715 5716
f 5717 5682 5607
f 5641 5748 5644
f 5685 5719 5684
f 5685 5718 5719
f 5684 5719 5683
f 5681 5647 5752
f 5644 5751 5648
f 5647 5722 5752
f 5721 5755 5542
f 5648 5723 5650
f 5765 5650 5723
f 5722 5586 5727
f 5725 5687 5688
f 5650 5765 5653
f 5586 5689 5727
f 5766 5725 5688
f 5766 5688 5690
f 5728 5766 5690
f 5728 5657 5726
f 5726 5657 5691
f 5656 5727 5689
f 5727 5656 5620
f 5692 5728 5690
f 5728 5692 5657
f 5765 5729 5653
f 5653 5729 5693
f 5620 5694 5767
f 5767 5694 5730
f 5694 5695 5730
f 5697 5695 5694
f 5693 5696 5658
f 5772 5696 5693
f 5697 5731 5695
f 5697 5733 5732
f 5697 5732 5731
f 5696 5772 5698
f 5697 5660 5733
f 5660 5699 5733
f 5661 5698 5700
f 5700 5698 5735
f 5699 5734 5733
f 5624 5734 5699
f 5701 5700 5735
f 5624 5736 5734
f 5626 5736 5624
f 5662 5736 5626
f 5702 5738 5737
f 5703 5738 5702
f 5735 5738 5701
f 5738 5703 5701
f 5704 5662 5628
f 5737 5662 5704
f 5702 5737 5704
f 5706 5705 5739
f 5706 5739 5740
f 5739 5741 5740
f 5670 5668 5742
f 5668 5740 5742
f 5742 5671 5670
f 5708 5707 5709
f 5743 5708 5709
f 5709 5676 5743
f 5744 5712 5745
f 5712 5679 5745
f 5746 5716 5714
f 5717 5716 5746
f 5641 5680 5748
f 5747 5713 5749
f 5683 5749 5713
f 5745 5681 5752
f 5719 5750 5749
f 5719 5718 5750
f 5719 5749 5683
f 5824 5720 5682
f 5748 5751 5644
f 5685 5750 5718
f 5685 5753 5750
f 5754 5753 5685
f 5755 5721 5720
f 5756 5752 5722
f 5754 5685 5757
f 5686 5757 5685
f 5758 5724 5755
f 5762 5648 5751
f 5648 5762 5723
f 5763 5756 5722
f 5651 5758 5759
f 5651 5724 5758
f 5723 5762 5765
f 5761 5691 5651
f 5761 5651 5759
f 5722 5727 5763
f 5687 5760 5686
f 5687 5725 5760
f 5761 5764 5726
f 5726 5691 5761
f 5764 5766 5728
f 5728 5726 5764
f 5620 5767 5727
f 5770 5693 5768
f 5768 5693 5729
f 5767 5730 5695
f 5767 5695 5769
f 5769 5695 5731
f 5771 5773 5772
f 5770 5771 5772
f 5693 5770 5772
f 5732 5802 5731
f 5774 5772 5773
f 5772 5774 5698
f 5732 5775 5802
f 5733 5775 5732
f 5776 5775 5733
f 5835 5735 5774
f 5774 5735 5698
f 5734 5776 5733
f 5734 5777 5776
f 5735 5835 5779
f 5734 5736 5777
f 5662 5780 5736
f 5737 5780 5662
f 5778 5737 5738
f 5779 5778 5738
f 5735 5779 5738
f 5739 5705 5781
f 5739 5781 5741
f 5665 5810 5782
f 5705 5665 5782
f 5742 5740 5812
f 5783 5742 5812
f 5665 5669 5708
f 5783 5671 5742
f 5783 5784 5671
f 5708 5743 5665
f 5671 5784 5672
f 5784 5710 5672
f 5675 5710 5784
f 5787 5785 5676
f 5676 5785 5743
f 5675 5814 5788
f 5676 5744 5789
f 5676 5789 5787
f 5787 5789 5786
f 5790 5711 5788
f 5744 5745 5789
f 5790 5680 5711
f 5818 5714 5713
f 5856 5748 5680
f 5713 5747 5818
f 5818 5747 5791
f 5791 5747 5749
f 5717 5824 5682
f 5820 5745 5752
f 5750 5791 5749
f 5793 5720 5824
f 5820 5752 5792
f 5793 5755 5720
f 5752 5756 5792
f 5793 5758 5755
f 5794 5758 5793
f 5751 5748 5762
f 5756 5763 5792
f 5861 5757 5686
f 5759 5758 5794
f 5795 5861 5686
f 5760 5795 5686
f 5796 5761 5759
f 5857 5763 6021
f 5725 5828 5760
f 5764 5761 5798
f 5761 5796 5798
f 5762 5748 5765
f 5766 5797 5725
f 5797 5766 5764
f 5797 5764 5798
f 5763 5727 5799
f 5768 5729 5832
f 5769 5727 5767
f 5770 5768 5832
f 5771 5832 5800
f 5771 5800 5801
f 5770 5832 5771
f 5801 5773 5771
f 5731 5802 5769
f 5773 5803 5774
f 5837 5737 5778
f 5837 5778 5838
f 5838 5778 5779
f 5736 5804 5777
f 5736 5780 5804
f 5737 5837 5780
f 5805 5705 5782
f 5781 5705 5805
f 5806 5781 5805
f 5741 5781 5808
f 5813 5809 5665
f 5809 5810 5665
f 5741 5808 5811
f 5740 5741 5811
f 5740 5811 5812
f 5743 5785 5813
f 5665 5743 5813
f 5784 5783 5814
f 5814 5675 5784
f 5815 5787 5786
f 5786 5789 5815
f 5815 5789 5816
f 5745 5816 5789
f 5820 5817 5816
f 5820 5853 5817
f 5745 5820 5816
f 5714 5819 5746
f 5818 5819 5714
f 5822 5791 5821
f 5818 5791 5822
f 5746 5819 5717
f 5823 5821 5791
f 5750 5823 5791
f 5819 5824 5717
f 5753 5825 5750
f 5750 5825 5823
f 5820 5792 5853
f 5853 5792 5857
f 5753 5754 5825
f 5794 5827 5759
f 5828 5826 5861
f 5795 5828 5861
f 5760 5828 5795
f 5796 5827 5829
f 5759 5827 5796
f 5830 5828 5725
f 5830 5725 5797
f 5798 5830 5797
f 5829 5798 5796
f 5748 5831 5765
f 6021 5763 5799
f 5729 5831 5832
f 5729 5765 5831
f 5801 5800 5833
f 5773 5801 5833
f 5776 5834 5775
f 5774 5803 5835
f 5834 5776 5836
f 5777 5836 5776
f 5779 5835 5838
f 5780 5777 5804
f 5837 5777 5780
f 5806 5805 5840
f 5805 5839 5840
f 5782 5810 5807
f 5839 5782 5807
f 5805 5782 5839
f 5806 5808 5781
f 5808 5842 5812
f 5841 5810 5809
f 5807 5810 5841
f 5808 5812 5811
f 5843 5783 5812
f 5844 5845 5813
f 5841 5809 5813
f 5845 5841 5813
f 5783 5843 5846
f 5813 5785 5847
f 5844 5813 5847
f 5783 5846 5814
f 5814 5846 5848
f 5847 5785 5787
f 5848 5850 5814
f 5815 5849 5847
f 5815 5879 5849
f 5787 5815 5847
f 5814 5850 5790
f 5788 5814 5790
f 5815 5816 5879
f 5852 5818 5851
f 5821 5851 5822
f 5822 5851 5818
f 5819 5818 5852
f 5854 5851 5821
f 5825 5854 5823
f 5823 5854 5821
f 5855 5824 5819
f 5856 5891 5748
f 5858 5825 5890
f 5754 5890 5825
f 5794 5793 5824
f 5890 5754 5927
f 5754 5757 5927
f 5792 5763 5857
f 5757 5859 5927
f 5861 5859 5757
f 5893 5861 5826
f 5893 5826 5828
f 5860 5827 5794
f 5891 5863 5748
f 5862 5798 5829
f 5827 5860 5862
f 5829 5827 5862
f 5748 5863 5831
f 6021 5799 5864
f 5831 5863 5832
f 5799 5727 5864
f 5769 5864 5727
f 5865 5800 5832
f 5769 5802 5864
f 5865 5833 5800
f 5866 5833 5865
f 5773 5833 5866
f 5802 5868 5867
f 5802 5775 5903
f 5802 5903 5868
f 5775 5869 5903
f 5775 5834 5869
f 5803 5904 5835
f 5834 5870 5869
f 5836 5870 5834
f 5777 5870 5836
f 5837 5870 5777
f 5837 5838 5870
f 5873 5839 5807
f 5840 5839 5871
f 5872 5840 5871
f 5872 5874 5840
f 5840 5874 5806
f 5841 5875 5873
f 5873 5807 5841
f 5806 5874 5808
f 5812 5842 5876
f 5876 5843 5812
f 5877 5845 5844
f 5841 5845 5875
f 5846 5843 5914
f 5844 5847 5877
f 5877 5847 5878
f 5846 5914 5915
f 5848 5846 5915
f 5878 5847 5849
f 5848 5915 5850
f 5790 5850 5880
f 5817 5881 5879
f 5817 5879 5816
f 5884 5922 5851
f 5922 5923 5851
f 5851 5917 5852
f 5917 5882 5852
f 5790 5883 5680
f 5924 5817 5853
f 5882 5819 5852
f 5887 5819 5882
f 5680 5883 5885
f 5856 5680 5885
f 5854 5884 5851
f 5854 5886 5884
f 5819 5887 5855
f 5924 5853 5888
f 5858 5886 5825
f 5886 5854 5825
f 5853 5857 5888
f 5889 5794 5824
f 5889 5824 5855
f 5959 5888 5857
f 5889 5892 5860
f 5889 5860 5794
f 5862 5860 5892
f 5895 5893 5828
f 5896 5895 5828
f 5830 5897 5896
f 5798 5862 5897
f 5862 5892 5897
f 5894 5898 5863
f 5830 5896 5828
f 5830 5798 5897
f 5863 5899 5832
f 5899 5900 5832
f 5867 5864 5802
f 5932 5865 5900
f 5900 5865 5832
f 5932 5901 5866
f 5865 5932 5866
f 5866 5901 5902
f 5866 5902 5773
f 5773 5904 5803
f 5902 5904 5773
f 5869 5969 5903
f 5835 5904 5905
f 5905 5869 5870
f 5838 5905 5870
f 5835 5905 5838
f 5871 5938 5872
f 5873 5906 5839
f 5874 5907 5908
f 5874 5940 5907
f 5875 5906 5873
f 5874 5908 5808
f 5808 5908 5842
f 5908 5876 5842
f 5909 5875 5845
f 5909 5910 5875
f 5910 5906 5875
f 5876 5911 5914
f 5909 5877 5912
f 5845 5877 5909
f 5876 5914 5843
f 5913 5912 5877
f 5877 5878 5913
f 5849 5916 5913
f 5878 5849 5913
f 5849 5879 5916
f 5916 5879 5881
f 5922 5884 5921
f 5923 5918 5851
f 5917 5851 5918
f 5882 5917 5919
f 5882 5919 5920
f 5986 5882 5920
f 5924 5953 5817
f 5855 5887 5986
f 5887 5882 5986
f 5989 5855 5986
f 5955 5885 5883
f 5956 5885 5955
f 5956 5856 5885
f 5856 5956 5891
f 5989 5889 5855
f 5926 5889 5989
f 5957 5888 5959
f 5927 5925 5890
f 5857 5929 5959
f 5928 5897 5926
f 5926 5897 5892
f 5892 5889 5926
f 5859 5861 5893
f 5930 5859 5893
f 5930 5896 5928
f 5928 5896 5897
f 5895 5930 5893
f 5930 5895 5896
f 5899 5863 5898
f 5864 5931 6021
f 5931 5864 5867
f 5902 5901 5936
f 5867 5868 5933
f 5933 5868 5934
f 5868 5903 5934
f 5904 5902 5936
f 5903 5969 5934
f 5904 5935 5905
f 5936 5935 5904
f 5938 5874 5872
f 5939 5937 5906
f 5937 5871 5839
f 5937 5839 5906
f 5874 5938 5940
f 5907 5940 5941
f 5939 5906 5942
f 5907 5941 5943
f 5908 5907 5943
f 5876 5908 5979
f 5942 5906 5910
f 5942 5910 5909
f 5876 5979 5911
f 5942 5909 5912
f 5911 5979 5914
f 5945 5912 5913
f 5944 5915 5914
f 5944 5946 5915
f 5913 5916 5947
f 5945 5913 5947
f 5946 5850 5915
f 5950 5949 5948
f 5946 5880 5850
f 5946 5982 5880
f 5881 5947 5916
f 5881 5951 5947
f 5923 5948 5918
f 5918 5949 5917
f 5918 5948 5949
f 5917 5949 5919
f 5919 5949 5950
f 5920 5919 5950
f 5881 5817 5951
f 5921 5952 5922
f 5923 5922 5952
f 5953 5951 5817
f 5954 5921 5884
f 5883 5790 5955
f 5953 5924 5888
f 5954 5884 5858
f 5886 5858 5884
f 5888 5957 5990
f 5956 6016 5891
f 5890 5958 5858
f 5925 5958 5890
f 5960 5928 5926
f 5891 6016 5863
f 5863 6016 5894
f 5929 5857 5995
f 5959 5929 5995
f 5995 5857 5996
f 5898 5894 5961
f 5857 6021 5996
f 5962 5898 5961
f 5962 5963 5899
f 5898 5962 5899
f 5899 5964 5900
f 5963 5964 5899
f 5932 5964 5965
f 5964 5932 5900
f 5932 5965 5901
f 5965 5967 5901
f 5931 5968 5966
f 5931 5867 5968
f 5867 5933 5968
f 5936 5901 5967
f 5933 5969 5968
f 5934 5969 5933
f 5905 5935 5970
f 5935 5936 5970
f 5905 5971 5869
f 5869 5971 5969
f 5971 5905 5970
f 5871 5976 5972
f 5871 5937 5976
f 5972 5938 5871
f 5973 5938 5972
f 5974 5938 5973
f 5974 5977 5938
f 5937 5939 5975
f 5976 5937 5975
f 5938 5977 5940
f 5941 5940 5977
f 5941 5977 5978
f 5941 5978 5943
f 5943 5978 5908
f 5908 5978 6005
f 5908 6005 5979
f 5912 6006 5942
f 5944 5914 5980
f 5981 5912 5945
f 5945 5947 5981
f 5947 5951 6008
f 5983 5948 5923
f 5985 5984 5921
f 5921 5984 5952
f 5952 5984 5983
f 5952 5983 5923
f 5921 5954 5985
f 5985 5954 5987
f 5790 6013 5955
f 5953 5888 6012
f 5858 5987 5954
f 5858 5988 5987
f 5956 5955 6016
f 5991 5988 5858
f 5991 5958 6050
f 5858 5958 5991
f 5925 6050 5958
f 5992 5994 5960
f 5926 5992 5960
f 6017 5925 5927
f 5994 5993 5928
f 5928 5960 5994
f 5859 6017 5927
f 5959 5995 6015
f 5997 5961 5894
f 5962 5961 5997
f 5962 5997 5963
f 5964 5963 5998
f 5964 5998 5999
f 5964 5999 5965
f 5965 5999 5967
f 6000 5970 5967
f 5968 6001 5966
f 5969 6001 5968
f 5970 5936 5967
f 5970 6028 5971
f 5976 6031 5972
f 6031 6002 5972
f 6002 5973 5972
f 5974 5973 6030
f 5975 6033 5976
f 6003 6033 5939
f 6033 5975 5939
f 5942 6004 6003
f 5939 5942 6003
f 5942 6006 6004
f 6005 6037 5979
f 5979 6037 6038
f 5914 5979 6038
f 5914 6038 5980
f 6006 5912 5981
f 5944 5980 5946
f 5981 5947 6007
f 6008 6009 6007
f 6008 6007 5947
f 6010 5948 5983
f 6010 6041 5948
f 5948 6041 5950
f 5982 6139 5880
f 6008 5951 6009
f 5984 6011 5983
f 6010 5983 6011
f 6041 5920 5950
f 5880 6139 5790
f 5953 6012 6009
f 5951 5953 6009
f 6106 5986 5920
f 5987 5984 5985
f 6106 6047 5986
f 5986 6047 5989
f 5955 6013 6016
f 6014 6012 5990
f 5990 6012 5888
f 6014 5990 6109
f 6047 5926 5989
f 5992 5926 6047
f 5990 5957 6109
f 6109 5957 6015
f 6015 5957 5959
f 6017 6050 5925
f 5994 6051 5993
f 6019 5928 5993
f 6019 5993 6051
f 6016 6020 5894
f 6015 5995 6018
f 6083 5859 5930
f 5930 5928 6019
f 5930 6019 6083
f 5996 6018 5995
f 6020 5997 5894
f 6020 5963 5997
f 5963 6022 5998
f 5931 6089 6021
f 5999 6022 6024
f 6022 5999 5998
f 5967 5999 6024
f 5966 6025 5931
f 5931 6025 6023
f 6024 6000 5967
f 5966 6026 6025
f 5970 6000 6027
f 5966 6001 6026
f 5970 6027 6028
f 6028 6001 5969
f 5971 6028 5969
f 6029 6030 5973
f 5973 6002 6029
f 5977 5974 6032
f 6031 5976 6033
f 6035 6033 6003
f 6004 6035 6003
f 5978 6063 6005
f 6004 6006 6036
f 5981 6065 6036
f 6039 6065 5981
f 6006 5981 6036
f 6040 5980 6038
f 6040 5946 5980
f 5981 6007 6039
f 5946 6040 5982
f 6007 6009 6039
f 6071 6041 6010
f 6011 5984 6042
f 6011 6071 6010
f 6009 6012 6039
f 5984 5987 6044
f 6043 5984 6044
f 6042 5984 6043
f 5988 6044 5987
f 6045 6076 6012
f 5988 6046 6044
f 6014 6045 6012
f 6050 6046 5991
f 5991 6046 5988
f 6014 6109 6045
f 6050 6048 6077
f 6109 6015 6079
f 5992 6078 5994
f 5992 6049 6078
f 6079 6015 6112
f 6052 6051 5994
f 5994 6078 6052
f 6015 6018 6112
f 6019 6051 6053
f 6016 6013 6020
f 6083 6019 6053
f 6013 6054 6020
f 6054 6055 6020
f 5963 6055 6022
f 6020 6055 5963
f 6022 6057 6024
f 5931 6056 6089
f 6056 5931 6023
f 6057 6000 6024
f 6026 6093 6025
f 6026 6058 6093
f 6026 6001 6058
f 6028 6060 6001
f 6059 6060 6028
f 6027 6059 6028
f 6030 6029 5974
f 6061 6002 6031
f 6032 5974 6096
f 6032 6034 5977
f 6031 6004 6062
f 6031 6035 6004
f 6033 6035 6031
f 5978 5977 6034
f 6063 5978 6034
f 6004 6036 6062
f 6005 6063 6132
f 6064 6005 6132
f 6036 6066 6062
f 6133 6037 6064
f 6064 6037 6005
f 6066 6036 6065
f 6037 6133 6038
f 6133 6068 6038
f 6065 6039 6067
f 6040 6038 6068
f 6069 6067 6039
f 6103 6071 6070
f 6040 6068 5982
f 6069 6039 6073
f 6011 6042 6071
f 6042 6070 6071
f 6071 6103 6041
f 6073 6012 6072
f 6073 6039 6012
f 6075 6104 6044
f 6141 6106 5920
f 6076 6074 6072
f 6012 6076 6072
f 6044 6077 6075
f 6076 6045 6074
f 6046 6077 6044
f 6110 6047 6106
f 6050 6077 6046
f 6110 5992 6047
f 6049 5992 6110
f 6109 6079 6143
f 6050 6017 6048
f 6052 6081 6051
f 6017 5859 6082
f 6053 6051 6081
f 6053 6081 6084
f 6013 6085 6054
f 5996 6112 6018
f 6082 5859 6083
f 6084 6083 6053
f 6085 6055 6054
f 6086 6055 6085
f 5996 6021 6088
f 6022 6086 6087
f 6022 6055 6086
f 6088 6021 6089
f 6057 6022 6087
f 6057 6087 6118
f 6023 6090 6056
f 6118 6000 6057
f 6091 6000 6118
f 6090 6023 6025
f 6000 6091 6027
f 6091 6092 6027
f 6027 6092 6059
f 6001 6094 6058
f 6060 6094 6001
f 6029 6095 6127
f 5974 6029 6127
f 6096 5974 6127
f 6002 6061 6029
f 6034 6032 6097
f 6032 6096 6097
f 6062 6098 6061
f 6061 6031 6062
f 6034 6097 6063
f 6097 6132 6063
f 6062 6066 6098
f 6133 6064 6132
f 6065 6099 6066
f 6065 6067 6099
f 6099 6067 6134
f 6134 6067 6069
f 6100 6101 6070
f 6070 6101 6103
f 6101 6102 6103
f 6100 6042 6105
f 6100 6070 6042
f 6044 6104 6043
f 6043 6104 6105
f 6043 6105 6042
f 6141 5920 6041
f 5790 6139 6178
f 5790 6178 6013
f 6077 6107 6075
f 6074 6045 6179
f 6108 6110 6106
f 6110 6108 6111
f 6077 6144 6107
f 6111 6049 6110
f 6144 6077 6048
f 6111 6078 6049
f 6184 6080 6013
f 6143 6079 6112
f 6052 6111 6081
f 6078 6111 6052
f 6113 6048 6017
f 6217 6113 6017
f 6114 6217 6017
f 6084 6115 6114
f 6080 6085 6013
f 6182 6112 6117
f 6082 6114 6017
f 6114 6082 6083
f 6114 6083 6084
f 6115 6084 6081
f 6117 6112 5996
f 6086 6085 6116
f 6116 6087 6086
f 6119 6087 6116
f 6118 6087 6119
f 6089 6056 6120
f 6118 6119 6121
f 6056 6155 6120
f 6056 6090 6155
f 6118 6121 6091
f 6090 6025 6155
f 6025 6093 6122
f 6091 6123 6092
f 6093 6058 6122
f 6058 6094 6124
f 6124 6059 6125
f 6059 6092 6125
f 6060 6124 6094
f 6059 6124 6060
f 6128 6095 6126
f 6127 6095 6128
f 6127 6165 6096
f 6127 6128 6165
f 6165 6129 6096
f 6029 6061 6204
f 6096 6129 6130
f 6096 6130 6097
f 6204 6061 6098
f 6204 6098 6131
f 6099 6131 6066
f 6131 6098 6066
f 6133 6170 6068
f 6101 6135 6102
f 6102 6135 6175
f 6138 6102 6175
f 6138 6103 6102
f 6068 6136 5982
f 6069 6073 6137
f 6100 6105 6104
f 6212 6041 6103
f 6137 6073 6072
f 6140 6137 6072
f 6141 6041 6212
f 6072 6074 6140
f 6140 6074 6179
f 6045 6143 6179
f 6141 6108 6106
f 6045 6109 6143
f 6144 6142 6107
f 6141 6111 6108
f 6013 6178 6184
f 6145 6111 6141
f 6143 6112 6182
f 6111 6147 6081
f 6111 6145 6147
f 6217 6146 6048
f 6113 6217 6048
f 6148 6217 6114
f 6148 6114 6115
f 6147 6115 6081
f 6147 6148 6115
f 6116 6080 6149
f 6116 6149 6187
f 6085 6080 6116
f 5996 6251 6117
f 6188 6251 5996
f 6119 6187 6150
f 6119 6116 6187
f 5996 6088 6188
f 6188 6088 6189
f 6119 6150 6151
f 6088 6152 6189
f 6119 6151 6154
f 6088 6153 6152
f 6088 6089 6153
f 6089 6120 6153
f 6154 6121 6119
f 6120 6155 6153
f 6157 6091 6121
f 6157 6121 6158
f 6158 6121 6154
f 6155 6297 6156
f 6155 6025 6297
f 6025 6122 6297
f 6157 6223 6125
f 6157 6125 6123
f 6157 6123 6091
f 6122 6058 6297
f 6124 6196 6058
f 6124 6125 6196
f 6123 6125 6092
f 6160 6126 6095
f 6126 6160 6161
f 6128 6126 6161
f 6128 6161 6162
f 6165 6128 6162
f 6167 6163 6029
f 6163 6164 6029
f 6029 6164 6159
f 6159 6160 6095
f 6159 6095 6029
f 6029 6204 6167
f 6167 6204 6166
f 6097 6130 6231
f 6097 6231 6168
f 6132 6097 6168
f 6131 6099 6169
f 6132 6168 6170
f 6133 6132 6170
f 6306 6169 6134
f 6134 6169 6099
f 6170 6171 6068
f 6306 6069 6172
f 6134 6069 6306
f 6173 6174 6135
f 6135 6174 6175
f 6171 6136 6068
f 6069 6137 6172
f 6176 6100 6104
f 6101 6176 6173
f 6101 6100 6176
f 6101 6173 6135
f 6140 6172 6137
f 6176 6104 6177
f 6075 6177 6104
f 6141 6212 6180
f 6144 6214 6142
f 6179 6143 6244
f 6180 6145 6141
f 6181 6145 6180
f 6244 6143 6182
f 6247 6144 6048
f 6183 6048 6146
f 6183 6247 6048
f 6145 6148 6147
f 6181 6148 6145
f 6182 6185 6244
f 6184 6149 6080
f 6185 6117 6186
f 6185 6182 6117
f 6186 6117 6251
f 6151 6150 6187
f 6188 6189 6152
f 6151 6190 6154
f 6154 6190 6191
f 6193 6152 6153
f 6192 6154 6191
f 6155 6193 6153
f 6155 6156 6193
f 6157 6194 6223
f 6194 6158 6192
f 6194 6157 6158
f 6154 6192 6158
f 6257 6125 6223
f 6297 6058 6195
f 6058 6196 6195
f 6257 6196 6125
f 6199 6200 6164
f 6160 6200 6225
f 6160 6159 6200
f 6161 6160 6225
f 6197 6161 6225
f 6197 6198 6161
f 6161 6198 6162
f 6202 6165 6162
f 6200 6159 6164
f 6129 6165 6203
f 6165 6202 6203
f 6167 6166 6201
f 6201 6163 6167
f 6129 6203 6130
f 6130 6229 6231
f 6231 6205 6168
f 6131 6169 6206
f 6169 6306 6206
f 6207 6233 6173
f 6210 6207 6173
f 6173 6233 6174
f 6208 6175 6174
f 6171 6209 6136
f 6210 6176 6238
f 6173 6176 6210
f 6208 6240 6175
f 6175 6240 6138
f 6103 6138 6240
f 6136 6209 6211
f 6211 5982 6136
f 6177 6238 6176
f 6240 6212 6103
f 5982 6211 6139
f 6075 6241 6177
f 6075 6107 6213
f 6142 6213 6107
f 6343 6180 6212
f 6179 6244 6309
f 6178 6215 6184
f 6139 6215 6178
f 6183 6146 6216
f 6216 6146 6217
f 6149 6184 6215
f 6149 6215 6187
f 6185 6218 6244
f 6218 6185 6186
f 6186 6251 6218
f 6219 6253 6151
f 6187 6219 6151
f 6188 6254 6295
f 6254 6188 6152
f 6151 6253 6190
f 6221 6191 6253
f 6253 6191 6190
f 6220 6152 6193
f 6194 6192 6221
f 6221 6192 6191
f 6156 6222 6193
f 6194 6296 6223
f 6296 6194 6221
f 6156 6297 6222
f 6195 6224 6297
f 6224 6196 6257
f 6196 6224 6195
f 6225 6259 6197
f 6202 6162 6226
f 6199 6201 6227
f 6199 6163 6201
f 6164 6163 6199
f 6203 6202 6226
f 6226 6228 6203
f 6227 6201 6166
f 6130 6203 6228
f 6228 6229 6130
f 6166 6204 6230
f 6230 6204 6131
f 6205 6271 6168
f 6269 6230 6131
f 6168 6271 6170
f 6269 6131 6206
f 6234 6233 6232
f 6207 6232 6233
f 6233 6234 6174
f 6208 6174 6234
f 6236 6208 6234
f 6171 6170 6235
f 6237 6171 6235
f 6306 6172 6140
f 6238 6278 6207
f 6210 6238 6207
f 6208 6236 6239
f 6171 6237 6209
f 6177 6278 6238
f 6241 6278 6177
f 6208 6239 6240
f 6309 6140 6179
f 6075 6213 6241
f 6213 6142 6243
f 6243 6214 6284
f 6142 6214 6243
f 6139 6242 6215
f 6284 6214 6245
f 6214 6144 6245
f 6242 6246 6215
f 6247 6245 6144
f 6181 6180 6283
f 6181 6283 6285
f 6317 6244 6286
f 6183 6288 6247
f 6216 6288 6183
f 6285 6148 6181
f 6248 6247 6288
f 6319 6216 6217
f 6319 6217 6148
f 6215 6246 6187
f 6246 6249 6187
f 6244 6218 6286
f 6187 6249 6219
f 6249 6250 6219
f 6253 6219 6252
f 6252 6219 6250
f 6188 6295 6251
f 6254 6152 6220
f 6220 6193 6255
f 6220 6255 6254
f 6193 6222 6255
f 6223 6296 6256
f 6224 6298 6297
f 6259 6225 6258
f 6258 6200 6262
f 6262 6200 6199
f 6225 6200 6258
f 6197 6260 6198
f 6162 6198 6260
f 6226 6162 6263
f 6264 6226 6263
f 6227 6265 6261
f 6199 6227 6261
f 6266 6228 6264
f 6264 6228 6226
f 6166 6267 6227
f 6267 6265 6227
f 6266 6229 6228
f 6230 6267 6166
f 6205 6231 6268
f 6231 6229 6268
f 6267 6230 6269
f 6277 6170 6271
f 6206 6272 6269
f 6272 6270 6269
f 6274 6232 6273
f 6232 6275 6234
f 6274 6275 6232
f 6275 6276 6234
f 6235 6170 6277
f 6206 6306 6272
f 6207 6278 6232
f 6232 6278 6273
f 6236 6234 6444
f 6306 6140 6309
f 6239 6236 6444
f 6235 6279 6382
f 6382 6237 6235
f 6382 6209 6237
f 6241 6280 6278
f 6382 6281 6209
f 6213 6282 6241
f 6209 6242 6211
f 6242 6139 6211
f 6312 6343 6212
f 6284 6213 6243
f 6283 6180 6343
f 6244 6317 6309
f 6249 6246 6289
f 6218 6287 6286
f 6290 6249 6289
f 6249 6290 6250
f 6218 6291 6287
f 6291 6218 6251
f 6250 6290 6252
f 6295 6291 6251
f 6295 6292 6291
f 6293 6292 6295
f 6294 6253 6252
f 6253 6294 6221
f 6294 6296 6221
f 6222 6297 6255
f 6224 6328 6298
f 6257 6328 6224
f 6223 6328 6257
f 6328 6223 6256
f 6299 6258 6300
f 6259 6258 6299
f 6368 6259 6299
f 6260 6197 6259
f 6301 6199 6261
f 6301 6302 6199
f 6199 6302 6262
f 6300 6258 6262
f 6162 6260 6332
f 6162 6332 6263
f 6261 6265 6303
f 6301 6261 6303
f 6265 6267 6303
f 6266 6268 6229
f 6267 6304 6303
f 6269 6270 6304
f 6267 6269 6304
f 6268 6336 6271
f 6268 6271 6205
f 6375 6275 6338
f 6276 6275 6375
f 6336 6277 6271
f 6338 6274 6305
f 6274 6273 6305
f 6275 6274 6338
f 6234 6276 6380
f 6272 6306 6376
f 6307 6305 6278
f 6305 6273 6278
f 6234 6380 6444
f 6306 6309 6377
f 6307 6278 6308
f 6280 6308 6278
f 6240 6239 6310
f 6282 6308 6241
f 6241 6308 6280
f 6240 6310 6312
f 6212 6240 6312
f 6311 6309 6313
f 6209 6345 6242
f 6213 6341 6282
f 6313 6309 6314
f 6344 6283 6343
f 6242 6345 6246
f 6314 6309 6316
f 6283 6315 6285
f 6316 6309 6317
f 6247 6284 6245
f 6345 6318 6246
f 6316 6317 6349
f 6349 6317 6286
f 6248 6320 6247
f 6319 6148 6285
f 6286 6287 6349
f 6321 6320 6248
f 6351 6248 6288
f 6351 6321 6248
f 6351 6288 6216
f 6322 6351 6216
f 6319 6322 6216
f 6246 6318 6289
f 6323 6290 6318
f 6290 6289 6318
f 6324 6252 6323
f 6323 6252 6290
f 6252 6324 6294
f 6295 6325 6293
f 6295 6254 6325
f 6325 6254 6326
f 6254 6255 6326
f 6255 6297 6326
f 6296 6327 6256
f 6329 6366 6299
f 6299 6366 6330
f 6299 6330 6368
f 6329 6302 6301
f 6329 6262 6302
f 6300 6262 6329
f 6299 6300 6329
f 6260 6259 6331
f 6260 6331 6332
f 6301 6303 6333
f 6264 6263 6266
f 6333 6303 6304
f 6334 6333 6304
f 6335 6334 6270
f 6270 6334 6304
f 6272 6376 6335
f 6270 6272 6335
f 6337 6338 6305
f 6374 6375 6338
f 6305 6307 6337
f 6339 6380 6276
f 6376 6306 6377
f 6235 6340 6279
f 6308 6378 6307
f 6310 6239 6444
f 6279 6340 6382
f 6311 6377 6309
f 6378 6308 6381
f 6282 6381 6308
f 6310 6343 6312
f 6311 6313 6384
f 6209 6521 6345
f 6313 6314 6386
f 6342 6313 6386
f 6284 6341 6213
f 6315 6283 6344
f 6315 6344 6346
f 6346 6285 6315
f 6314 6316 6389
f 6347 6284 6247
f 6347 6247 6348
f 6346 6319 6285
f 6349 6389 6316
f 6247 6320 6348
f 6348 6320 6321
f 6348 6321 6350
f 6321 6351 6350
f 6349 6287 6291
f 6352 6323 6318
f 6324 6323 6352
f 6294 6324 6353
f 6294 6353 6355
f 6291 6292 6354
f 6354 6292 6293
f 6296 6294 6355
f 6325 6425 6293
f 6326 6425 6325
f 6327 6355 6356
f 6327 6356 6357
f 6296 6355 6327
f 6359 6358 6256
f 6256 6327 6357
f 6297 6360 6326
f 6256 6358 6328
f 6328 6358 6362
f 6363 6298 6361
f 6363 6297 6298
f 6362 6361 6298
f 6328 6362 6298
f 6329 6397 6366
f 6364 6330 6366
f 6365 6330 6364
f 6365 6367 6330
f 6330 6367 6368
f 6301 6370 6397
f 6397 6329 6301
f 6368 6369 6259
f 6259 6369 6331
f 6331 6369 6263
f 6331 6263 6332
f 6333 6370 6301
f 6333 6371 6370
f 6268 6266 6433
f 6372 6268 6433
f 6371 6334 6335
f 6333 6334 6371
f 6335 6376 6403
f 6337 6373 6338
f 6338 6373 6374
f 6379 6339 6276
f 6379 6380 6339
f 6409 6378 6381
f 6482 6310 6444
f 6377 6311 6410
f 6382 6383 6281
f 6311 6384 6410
f 6282 6385 6381
f 6342 6384 6313
f 6341 6385 6282
f 6414 6343 6310
f 6414 6344 6343
f 6387 6346 6414
f 6414 6346 6344
f 6415 6284 6347
f 6390 6415 6347
f 6346 6387 6388
f 6348 6390 6347
f 6348 6420 6390
f 6388 6319 6346
f 6350 6420 6348
f 6351 6420 6350
f 6322 6319 6388
f 6420 6351 6388
f 6388 6351 6322
f 6392 6352 6391
f 6391 6352 6318
f 6352 6392 6324
f 6324 6392 6353
f 6354 6293 6425
f 6426 6425 6326
f 6393 6256 6356
f 6326 6394 6426
f 6358 6430 6362
f 6430 6359 6393
f 6430 6358 6359
f 6256 6393 6359
f 6356 6256 6357
f 6326 6360 6394
f 6297 6395 6360
f 6363 6395 6297
f 6395 6363 6361
f 6365 6364 6396
f 6466 6364 6366
f 6466 6366 6397
f 6365 6396 6367
f 6396 6398 6367
f 6367 6398 6368
f 6369 6368 6399
f 6368 6398 6399
f 6397 6370 6400
f 6433 6263 6369
f 6266 6263 6433
f 6371 6401 6400
f 6370 6371 6400
f 6401 6371 6335
f 6402 6401 6335
f 6335 6403 6402
f 6372 6336 6268
f 6406 6403 6376
f 6373 6407 6404
f 6373 6337 6407
f 6373 6404 6405
f 6373 6405 6374
f 6276 6375 6374
f 6276 6374 6440
f 6336 6408 6277
f 6406 6376 6410
f 6337 6307 6407
f 6407 6307 6409
f 6440 6379 6276
f 6277 6408 6235
f 6376 6377 6410
f 6409 6307 6378
f 6379 6443 6380
f 6444 6380 6443
f 6381 6411 6409
f 6382 6340 6383
f 6411 6385 6412
f 6411 6381 6385
f 6412 6385 6413
f 6341 6413 6385
f 6482 6414 6310
f 6284 6415 6341
f 6386 6416 6449
f 6314 6416 6386
f 6345 6418 6318
f 6452 6415 6390
f 6417 6388 6387
f 6314 6389 6416
f 6416 6389 6453
f 6417 6420 6388
f 6391 6418 6419
f 6391 6419 6421
f 6318 6418 6391
f 6391 6421 6392
f 6421 6422 6392
f 6353 6422 6423
f 6422 6353 6392
f 6349 6565 6389
f 6355 6423 6424
f 6355 6353 6423
f 6291 6565 6349
f 6291 6354 6565
f 6356 6424 6429
f 6355 6424 6356
f 6426 6427 6425
f 6393 6428 6430
f 6393 6429 6428
f 6356 6429 6393
f 6426 6394 6427
f 6431 6394 6360
f 6431 6395 6361
f 6362 6462 6361
f 6430 6462 6362
f 6395 6431 6360
f 6396 6364 6463
f 6396 6463 6464
f 6400 6432 6397
f 6432 6466 6397
f 6399 6465 6468
f 6369 6399 6468
f 6369 6468 6433
f 6372 6433 6434
f 6433 6469 6434
f 6401 6467 6400
f 6434 6437 6372
f 6435 6402 6436
f 6467 6402 6435
f 6401 6402 6467
f 6402 6403 6436
f 6404 6473 6405
f 6473 6438 6405
f 6405 6438 6477
f 6372 6437 6336
f 6406 6441 6436
f 6403 6406 6436
f 6476 6407 6439
f 6404 6407 6473
f 6473 6407 6476
f 6477 6440 6405
f 6405 6440 6374
f 6406 6410 6441
f 6442 6439 6409
f 6409 6439 6407
f 6445 6441 6410
f 6409 6411 6442
f 6443 6379 6440
f 6410 6384 6446
f 6445 6410 6446
f 6340 6281 6383
f 6413 6447 6412
f 6281 6521 6209
f 6342 6446 6384
f 6448 6413 6341
f 6342 6386 6449
f 6415 6448 6341
f 6345 6450 6418
f 6449 6416 6451
f 6451 6416 6453
f 6450 6419 6418
f 6524 6490 6390
f 6524 6390 6420
f 6454 6524 6420
f 6454 6420 6417
f 6389 6565 6453
f 6422 6421 6455
f 6422 6455 6423
f 6423 6455 6456
f 6456 6424 6423
f 6425 6457 6354
f 6427 6458 6425
f 6425 6458 6457
f 6429 6459 6428
f 6394 6458 6427
f 6460 6458 6394
f 6461 6430 6428
f 6431 6460 6394
f 6361 6460 6431
f 6361 6462 6460
f 6500 6536 6464
f 6396 6503 6465
f 6396 6464 6503
f 6396 6465 6398
f 6398 6465 6399
f 6400 6467 6466
f 6466 6432 6400
f 6468 6469 6433
f 6434 6470 6437
f 6471 6435 6436
f 6507 6471 6436
f 6474 6473 6472
f 6476 6439 6472
f 6476 6472 6473
f 6474 6438 6473
f 6437 6475 6336
f 6436 6441 6547
f 6440 6477 6548
f 6478 6442 6479
f 6439 6442 6478
f 6480 6235 6408
f 6445 6549 6441
f 6479 6442 6411
f 6585 6479 6411
f 6514 6481 6440
f 6440 6481 6443
f 6444 6443 6481
f 6235 6480 6340
f 6411 6412 6585
f 6481 6482 6444
f 6445 6446 6549
f 6549 6446 6551
f 6340 6483 6281
f 6413 6518 6447
f 6281 6484 6521
f 6520 6414 6482
f 6413 6448 6485
f 6558 6414 6520
f 6521 6450 6345
f 6415 6485 6448
f 6558 6486 6387
f 6387 6414 6558
f 6449 6451 6556
f 6488 6485 6415
f 6452 6488 6415
f 6417 6486 6489
f 6387 6486 6417
f 6490 6452 6390
f 6489 6491 6454
f 6489 6454 6417
f 6450 6487 6419
f 6491 6524 6454
f 6419 6487 6421
f 6492 6455 6421
f 6456 6492 6527
f 6456 6455 6492
f 6424 6456 6527
f 6424 6527 6429
f 6457 6494 6354
f 6459 6429 6493
f 6459 6493 6495
f 6458 6496 6457
f 6459 6495 6428
f 6458 6460 6497
f 6458 6497 6496
f 6430 6461 6498
f 6498 6497 6460
f 6462 6498 6460
f 6430 6498 6462
f 6464 6463 6499
f 6500 6464 6499
f 6504 6364 6466
f 6504 6502 6364
f 6502 6501 6364
f 6501 6499 6463
f 6501 6463 6364
f 6500 6535 6536
f 6464 6536 6503
f 6465 6503 6505
f 6505 6468 6465
f 6504 6467 6506
f 6504 6466 6467
f 6469 6540 6470
f 6468 6540 6469
f 6435 6471 6506
f 6467 6435 6506
f 6469 6470 6434
f 6470 6508 6437
f 6472 6509 6474
f 6509 6510 6474
f 6508 6475 6437
f 6507 6436 6541
f 6511 6509 6472
f 6478 6511 6472
f 6439 6478 6472
f 6510 6512 6474
f 6474 6512 6438
f 6477 6438 6512
f 6436 6547 6541
f 6585 6511 6478
f 6512 6548 6477
f 6336 6513 6408
f 6441 6549 6547
f 6479 6585 6478
f 6515 6408 6513
f 6408 6515 6480
f 6516 6480 6515
f 6517 6585 6412
f 6550 6482 6481
f 6550 6481 6514
f 6480 6516 6340
f 6516 6483 6340
f 6447 6517 6412
f 6484 6281 6483
f 6446 6342 6551
f 6413 6519 6518
f 6449 6556 6592
f 6485 6519 6413
f 6521 6487 6450
f 6489 6486 6558
f 6489 6558 6491
f 6556 6451 6522
f 6524 6491 6559
f 6453 6522 6451
f 6524 6523 6490
f 6523 6524 6559
f 6526 6487 6525
f 6487 6526 6421
f 6421 6526 6492
f 6453 6565 6522
f 6492 6526 6527
f 6429 6528 6529
f 6429 6529 6493
f 6493 6531 6495
f 6529 6531 6493
f 6494 6532 6530
f 6494 6457 6532
f 6457 6496 6532
f 6534 6461 6428
f 6534 6428 6568
f 6495 6568 6428
f 6531 6568 6495
f 6496 6497 6533
f 6498 6533 6497
f 6461 6534 6498
f 6571 6572 6499
f 6500 6499 6535
f 6571 6499 6501
f 6571 6501 6502
f 6536 6505 6503
f 6505 6577 6538
f 6537 6504 6506
f 6505 6538 6468
f 6468 6538 6540
f 6623 6540 6538
f 6539 6580 6506
f 6580 6537 6506
f 6506 6471 6539
f 6470 6540 6508
f 6507 6541 6539
f 6471 6507 6539
f 6509 6542 6510
f 6510 6542 6543
f 6543 6545 6510
f 6508 6546 6475
f 6545 6512 6510
f 6475 6546 6513
f 6513 6336 6475
f 6584 6544 6547
f 6544 6541 6547
f 6545 6548 6512
f 6549 6584 6547
f 6513 6587 6515
f 6516 6515 6587
f 6586 6585 6517
f 6631 6550 6514
f 6447 6586 6517
f 6447 6518 6552
f 6554 6483 6590
f 6483 6554 6484
f 6518 6553 6552
f 6591 6482 6634
f 6342 6449 6551
f 6551 6449 6592
f 6518 6519 6553
f 6591 6520 6482
f 6484 6554 6521
f 6554 6487 6521
f 6556 6557 6592
f 6558 6520 6555
f 6598 6557 6556
f 6555 6559 6558
f 6556 6522 6598
f 6594 6485 6488
f 6560 6488 6452
f 6559 6491 6558
f 6490 6560 6452
f 6560 6490 6523
f 6560 6523 6559
f 6561 6525 6487
f 6525 6562 6526
f 6527 6562 6563
f 6562 6527 6526
f 6565 6564 6522
f 6429 6527 6563
f 6429 6563 6528
f 6354 6649 6565
f 6649 6354 6494
f 6566 6529 6528
f 6568 6531 6566
f 6531 6529 6566
f 6496 6605 6532
f 6605 6496 6533
f 6534 6568 6567
f 6533 6498 6607
f 6567 6498 6534
f 6608 6498 6567
f 6535 6499 6572
f 6535 6572 6612
f 6502 6573 6570
f 6570 6573 6569
f 6571 6502 6570
f 6574 6536 6535
f 6504 6575 6573
f 6502 6504 6573
f 6536 6574 6576
f 6576 6505 6536
f 6537 6575 6504
f 6505 6576 6577
f 6578 6579 6580
f 6575 6537 6580
f 6538 6577 6623
f 6580 6539 6578
f 6540 6623 6508
f 6539 6541 6581
f 6582 6621 6542
f 6582 6542 6509
f 6621 6543 6542
f 6583 6509 6511
f 6582 6509 6583
f 6585 6583 6511
f 6676 6548 6545
f 6584 6549 6551
f 6676 6440 6548
f 6514 6440 6631
f 6586 6627 6585
f 6633 6550 6631
f 6587 6635 6590
f 6590 6516 6587
f 6590 6483 6516
f 6447 6589 6586
f 6633 6482 6550
f 6588 6551 6636
f 6553 6589 6552
f 6552 6589 6447
f 6590 6597 6554
f 6636 6551 6592
f 6520 6591 6593
f 6593 6555 6520
f 6554 6597 6487
f 6592 6557 6636
f 6557 6598 6636
f 6596 6595 6559
f 6559 6555 6596
f 6599 6594 6488
f 6600 6488 6560
f 6600 6599 6488
f 6600 6560 6559
f 6595 6600 6559
f 6561 6597 6642
f 6561 6487 6597
f 6688 6598 6522
f 6525 6561 6642
f 6525 6642 6562
f 6522 6564 6688
f 6562 6601 6602
f 6562 6602 6563
f 6528 6602 6689
f 6563 6602 6528
f 6603 6566 6528
f 6604 6566 6603
f 6604 6568 6566
f 6606 6605 6533
f 6606 6533 6607
f 6498 6608 6607
f 6611 6609 6570
f 6611 6570 6569
f 6571 6570 6609
f 6610 6571 6609
f 6572 6571 6610
f 6612 6574 6535
f 6573 6613 6611
f 6573 6611 6569
f 6614 6613 6573
f 6573 6575 6614
f 6574 6615 6576
f 6615 6616 6576
f 6575 6580 6614
f 6576 6616 6577
f 6618 6577 6616
f 6539 6617 6578
f 6617 6579 6578
f 6580 6579 6614
f 6623 6577 6618
f 6619 6617 6581
f 6581 6617 6539
f 6619 6581 6620
f 6581 6541 6620
f 6621 6622 6543
f 6544 6584 6620
f 6541 6544 6620
f 6621 6582 6624
f 6622 6545 6543
f 6625 6513 6546
f 6625 6546 6508
f 6671 6584 6626
f 6628 6585 6627
f 6628 6583 6585
f 6673 6513 6625
f 6584 6551 6626
f 6626 6551 6629
f 6627 6630 6628
f 6627 6586 6630
f 6676 6631 6440
f 6513 6673 6587
f 6629 6551 6588
f 6675 6629 6588
f 6589 6630 6586
f 6589 6632 6630
f 6634 6482 6633
f 6588 6636 6675
f 6590 6635 6597
f 6635 6642 6597
f 6519 6637 6553
f 6485 6638 6519
f 6485 6594 6638
f 6594 6640 6638
f 6595 6596 6641
f 6596 6639 6641
f 6596 6555 6639
f 6682 6598 6644
f 6594 6599 6640
f 6599 6600 6640
f 6685 6760 6600
f 6685 6600 6595
f 6595 6641 6685
f 6688 6644 6598
f 6562 6642 6643
f 6601 6643 6645
f 6562 6643 6601
f 6602 6601 6687
f 6602 6687 6689
f 6564 6565 6647
f 6564 6647 6646
f 6689 6648 6528
f 6565 6649 6647
f 6648 6603 6528
f 6530 6651 6494
f 6651 6530 6532
f 6691 6604 6652
f 6650 6652 6604
f 6603 6650 6604
f 6532 6653 6651
f 6605 6653 6532
f 6606 6654 6605
f 6605 6654 6653
f 6693 6567 6568
f 6604 6691 6568
f 6606 6607 6654
f 6608 6654 6607
f 6567 6654 6608
f 6610 6609 6695
f 6655 6609 6611
f 6610 6695 6656
f 6572 6610 6656
f 6612 6572 6656
f 6574 6657 6658
f 6574 6612 6657
f 6612 6656 6657
f 6655 6611 6613
f 6659 6655 6613
f 6574 6658 6615
f 6662 6615 6658
f 6614 6659 6613
f 6662 6616 6615
f 6579 6660 6659
f 6579 6661 6660
f 6614 6579 6659
f 6662 6618 6616
f 6661 6579 6617
f 6623 6618 6663
f 6661 6617 6619
f 6664 6661 6619
f 6663 6668 6623
f 6619 6620 6664
f 6624 6665 6621
f 6621 6665 6666
f 6621 6666 6622
f 6622 6666 6667
f 6620 6584 6664
f 6582 6583 6669
f 6669 6624 6582
f 6584 6671 6664
f 6583 6628 6669
f 6508 6670 6625
f 6626 6672 6671
f 6630 6632 6628
f 6675 6672 6626
f 6626 6629 6675
f 6673 6674 6587
f 6677 6676 6784
f 6677 6631 6676
f 6677 6633 6631
f 6587 6674 6635
f 6678 6633 6677
f 6679 6634 6633
f 6678 6679 6633
f 6553 6632 6589
f 6679 6591 6634
f 6637 6632 6553
f 6593 6591 6679
f 6755 6636 6682
f 6637 6519 6680
f 6716 6555 6593
f 6639 6555 6716
f 6636 6598 6682
f 6638 6680 6519
f 6640 6600 6683
f 6681 6643 6642
f 6720 6683 6600
f 6682 6644 6688
f 6682 6688 6684
f 6645 6686 6601
f 6687 6601 6686
f 6564 6646 6688
f 6650 6690 6692
f 6603 6648 6650
f 6650 6648 6690
f 6652 6692 6691
f 6692 6652 6650
f 6654 6693 6653
f 6567 6693 6654
f 6568 6691 6693
f 6609 6694 6695
f 6694 6609 6655
f 6659 6699 6696
f 6655 6659 6696
f 6658 6657 6736
f 6662 6658 6697
f 6658 6736 6697
f 6698 6659 6660
f 6698 6699 6659
f 6697 6700 6662
f 6660 6661 6701
f 6698 6660 6701
f 6662 6700 6702
f 6662 6702 6618
f 6702 6663 6618
f 6664 6703 6701
f 6661 6664 6701
f 6705 6665 6704
f 6663 6741 6668
f 6707 6704 6665
f 6666 6665 6705
f 6706 6666 6705
f 6706 6667 6666
f 6708 6623 6668
f 6669 6710 6707
f 6624 6707 6665
f 6669 6707 6624
f 6747 6622 6667
f 6623 6708 6508
f 6712 6709 6664
f 6747 6545 6622
f 6664 6671 6712
f 6669 6713 6710
f 6714 6713 6669
f 6628 6714 6669
f 6711 6676 6545
f 6672 6748 6712
f 6671 6672 6712
f 6713 6632 6715
f 6632 6713 6714
f 6632 6714 6628
f 6673 6625 6670
f 6670 6674 6673
f 6672 6675 6748
f 6752 6678 6677
f 6752 6754 6678
f 6678 6754 6679
f 6675 6636 6755
f 6637 6715 6632
f 6754 6593 6679
f 6680 6715 6637
f 6639 6716 6717
f 6638 6758 6680
f 6717 6641 6639
f 6759 6758 6638
f 6683 6638 6640
f 6719 6682 6684
f 6760 6720 6600
f 6685 6641 6718
f 6685 6718 6760
f 6684 6688 6719
f 6719 6688 6722
f 6645 6681 6721
f 6645 6721 6723
f 6643 6681 6645
f 6798 6722 6688
f 6686 6723 6724
f 6686 6645 6723
f 6687 6686 6724
f 6687 6724 6725
f 6688 6646 6798
f 6687 6725 6689
f 6647 6761 6646
f 6647 6726 6761
f 6727 6690 6689
f 6647 6649 6726
f 6692 6727 6728
f 6690 6727 6692
f 6689 6690 6648
f 6653 6765 6651
f 6651 6765 6494
f 6728 6691 6692
f 6653 6729 6765
f 6653 6693 6729
f 6766 6693 6691
f 6730 6770 6694
f 6731 6732 6694
f 6730 6694 6732
f 6770 6695 6694
f 6770 6774 6695
f 6656 6695 6733
f 6695 6774 6733
f 6734 6731 6655
f 6734 6655 6696
f 6694 6655 6731
f 6733 6735 6656
f 6656 6735 6657
f 6699 6737 6734
f 6699 6734 6696
f 6657 6735 6736
f 6737 6699 6698
f 6738 6700 6697
f 6738 6702 6700
f 6698 6701 6737
f 6737 6701 6739
f 6739 6701 6703
f 6740 6739 6703
f 6664 6740 6703
f 6743 6668 6741
f 6664 6709 6740
f 6744 6742 6707
f 6742 6704 6707
f 6705 6745 6706
f 6667 6706 6745
f 6668 6743 6708
f 6744 6707 6710
f 6746 6744 6710
f 6745 6747 6667
f 6709 6712 6748
f 6711 6545 6747
f 6508 6749 6670
f 6750 6670 6749
f 6780 6676 6711
f 6867 6676 6780
f 6750 6674 6670
f 6867 6784 6676
f 6751 6753 6674
f 6674 6753 6635
f 6675 6755 6748
f 6715 6788 6787
f 6756 6593 6754
f 6635 6789 6642
f 6756 6716 6593
f 6793 6715 6680
f 6717 6716 6756
f 6717 6756 6757
f 6758 6793 6680
f 6717 6757 6641
f 6759 6638 6683
f 6757 6794 6718
f 6794 6760 6718
f 6757 6718 6641
f 6720 6759 6683
f 6760 6835 6720
f 6836 6719 6722
f 6836 6722 6798
f 6798 6646 6905
f 6646 6761 6905
f 6726 6842 6761
f 6727 6762 6763
f 6727 6689 6762
f 6726 6649 6764
f 6728 6727 6763
f 6649 6494 6764
f 6765 6764 6494
f 6766 6691 6728
f 6693 6765 6729
f 6766 6765 6693
f 6770 6730 6769
f 6730 6768 6769
f 6767 6734 6772
f 6767 6731 6734
f 6732 6731 6767
f 6768 6732 6767
f 6730 6732 6768
f 6770 6771 6774
f 6735 6733 6774
f 6736 6735 6774
f 6734 6737 6772
f 6772 6737 6773
f 6740 6775 6739
f 6740 6776 6775
f 6663 6702 6741
f 6776 6740 6709
f 6778 6704 6742
f 6704 6779 6705
f 6778 6779 6704
f 6779 6817 6705
f 6817 6818 6705
f 6743 6741 6777
f 6742 6744 6778
f 6818 6745 6705
f 6780 6747 6745
f 6746 6710 6781
f 6711 6747 6780
f 6710 6713 6781
f 6750 6749 6782
f 6715 6781 6713
f 6715 6783 6781
f 6750 6782 6674
f 6824 6748 6785
f 6787 6783 6715
f 6674 6782 6751
f 6891 6752 6677
f 6748 6755 6785
f 6635 6753 6789
f 6785 6792 6786
f 6785 6755 6792
f 6792 6791 6786
f 6756 6754 6790
f 6642 6789 6681
f 6793 6788 6715
f 6756 6790 6757
f 6790 6795 6757
f 6793 6758 6931
f 6757 6831 6794
f 6757 6795 6831
f 6755 6682 6792
f 6759 6931 6758
f 6720 6834 6759
f 6835 6834 6720
f 6681 6796 6721
f 6723 6796 6797
f 6723 6721 6796
f 6724 6723 6797
f 6724 6797 6725
f 6761 6799 6905
f 6761 6842 6799
f 6801 6842 6726
f 6762 6800 6763
f 6689 6800 6762
f 6725 6800 6689
f 6801 6726 6764
f 6802 6763 6843
f 6765 6803 6764
f 6766 6803 6765
f 6766 6728 6803
f 6763 6802 6728
f 6768 6767 6806
f 6767 6805 6806
f 6848 6768 6806
f 6804 6768 6848
f 6769 6768 6804
f 6770 6769 6771
f 6805 6767 6772
f 6850 6805 6772
f 6774 6771 6807
f 6774 6807 6809
f 6772 6773 6850
f 6774 6809 6736
f 6809 6857 6736
f 6737 6810 6808
f 6737 6808 6773
f 6736 6857 6697
f 6857 6738 6697
f 6811 6810 6737
f 6737 6739 6811
f 6857 6702 6738
f 6811 6775 6812
f 6739 6775 6811
f 6702 6857 6815
f 6815 6741 6702
f 6775 6776 6812
f 6815 6777 6741
f 6709 6819 6812
f 6776 6709 6812
f 6816 6813 6778
f 6778 6813 6779
f 6779 6813 6814
f 6817 6779 6814
f 6820 6778 6744
f 6816 6778 6820
f 6748 6819 6709
f 6820 6746 6822
f 6820 6744 6746
f 6824 6821 6819
f 6824 6927 6821
f 6748 6824 6819
f 6781 6822 6746
f 6508 6823 6749
f 6825 6822 6781
f 6749 6823 6782
f 6824 6785 6826
f 6783 6825 6781
f 6783 6787 6828
f 6826 6785 6827
f 6784 6867 6677
f 6677 6867 6891
f 6786 6959 6827
f 6827 6785 6786
f 6788 6829 6787
f 6787 6829 6828
f 6795 6754 6752
f 6795 6752 6868
f 6786 6791 6959
f 6795 6790 6754
f 6788 6793 6931
f 6792 6830 6791
f 6792 6682 6830
f 6899 6931 6759
f 6899 6759 6832
f 6833 6760 6794
f 6833 6794 6831
f 6719 6836 6682
f 6834 6832 6759
f 6833 6835 6760
f 6837 6797 6796
f 6725 6837 6838
f 6725 6797 6837
f 6840 6725 6838
f 6839 6905 6799
f 6800 6840 6841
f 6840 6800 6725
f 6800 6841 6763
f 6841 6843 6763
f 6844 6801 6764
f 6803 6844 6764
f 6728 6845 6803
f 6845 6728 6802
f 6804 6848 6849
f 6846 6850 6881
f 6846 6805 6850
f 6806 6805 6846
f 6847 6806 6846
f 6848 6806 6847
f 6804 6849 6769
f 6771 6769 6851
f 6771 6851 6807
f 6851 6852 6807
f 6807 6852 6809
f 6808 6853 6773
f 6881 6850 6853
f 6853 6850 6773
f 6809 6852 6854
f 6854 6857 6809
f 6853 6808 6810
f 6855 6853 6810
f 6856 6855 6811
f 6811 6855 6810
f 6812 6886 6856
f 6811 6812 6856
f 6815 6857 6858
f 6815 6858 6859
f 6859 6777 6815
f 6812 6819 6886
f 6862 6813 6820
f 6862 6860 6813
f 6820 6813 6816
f 6743 6888 6708
f 6861 6819 6821
f 6863 6862 6822
f 6822 6862 6820
f 6822 6825 6864
f 6863 6822 6864
f 6927 6824 6826
f 6864 6825 6865
f 6783 6865 6825
f 6823 6866 6782
f 7000 6865 6828
f 6828 6865 6783
f 6782 6866 6751
f 6753 6751 6866
f 6829 6928 6828
f 6869 6829 6788
f 6931 6869 6788
f 6681 6789 6796
f 6830 6870 6791
f 6872 6831 6795
f 6830 6873 6870
f 6873 6830 6682
f 6831 6871 6833
f 6836 6873 6682
f 6835 6832 6834
f 6871 6835 6833
f 6836 6875 6873
f 6876 6875 6836
f 6836 6798 6876
f 6837 6877 6838
f 6798 6905 6975
f 6838 6877 6840
f 6839 6799 6878
f 6878 6799 6842
f 6842 6801 6908
f 6843 6879 6802
f 6841 6879 6843
f 6803 6880 6844
f 6803 6845 6880
f 6802 6911 6845
f 6847 6846 6914
f 6846 6881 6914
f 6848 6847 6914
f 6849 6848 6914
f 6849 6882 6769
f 6769 6882 6851
f 6916 6851 6882
f 6852 6851 6916
f 6852 6916 6883
f 6852 6883 6854
f 6883 6884 6854
f 6853 6855 6881
f 6857 6854 6884
f 6885 6857 6884
f 6855 6856 6881
f 6885 6858 6857
f 6886 6819 6887
f 6921 6886 6887
f 6860 6925 6813
f 6950 6813 6925
f 6777 6888 6743
f 6819 6861 6887
f 6862 6924 6860
f 6821 6954 6887
f 6861 6821 6887
f 6924 6862 6863
f 6889 6508 6708
f 6821 6927 6954
f 6863 6864 6924
f 6508 6889 6823
f 6890 6927 6826
f 6823 6892 6866
f 6826 6827 6893
f 6890 6826 6893
f 6894 6753 6866
f 6894 6866 6892
f 6959 7040 6893
f 6827 6959 6893
f 6753 6894 6789
f 6962 6795 6868
f 6896 6789 6894
f 6959 6791 7004
f 6895 6829 6869
f 6796 6789 6896
f 6796 6896 6897
f 6964 6795 6962
f 6872 6795 6964
f 6831 6898 6871
f 6872 6898 6831
f 6900 6899 6832
f 6835 6871 6901
f 6871 6932 6901
f 6871 6898 6932
f 6796 6930 6874
f 6832 6835 6900
f 6900 6835 6901
f 6874 6902 6796
f 6875 6876 6903
f 6837 6902 6877
f 6902 6837 6796
f 6903 6876 6904
f 6904 6876 6798
f 6798 6975 6904
f 6877 6935 6840
f 6839 6906 6905
f 6839 6878 6906
f 6935 6841 6840
f 6802 6879 6909
f 6909 6841 6907
f 6909 6879 6841
f 6801 6938 6908
f 6844 6910 6801
f 6844 6880 6910
f 6802 6912 6911
f 6912 6802 6909
f 6910 6880 6845
f 6911 6910 6845
f 6881 6915 6913
f 6913 6914 6881
f 6942 6914 6913
f 6849 6916 6882
f 6919 6915 6881
f 6918 6884 6917
f 6917 6884 6883
f 6919 6881 6856
f 6918 6885 6884
f 6918 6920 6885
f 6886 6919 6856
f 6885 6922 6923
f 6885 6920 6922
f 6886 6921 6919
f 6885 6923 6858
f 6858 6923 6859
f 6950 6992 6813
f 6813 6992 6814
f 6859 6951 6777
f 6921 6887 6926
f 6924 6925 6860
f 6814 6818 6817
f 6951 6888 6777
f 6887 6954 6926
f 6890 6956 6927
f 6889 6892 6823
f 6865 7036 6864
f 6890 6893 6956
f 6828 6928 7000
f 6958 6752 6891
f 6960 6752 6958
f 6960 6962 6868
f 6868 6752 6960
f 6959 7004 7040
f 6895 6928 6829
f 6869 6929 6895
f 6897 6930 6796
f 6791 6870 6965
f 6969 6931 6899
f 6900 6969 6899
f 6932 6900 6901
f 6933 6873 6875
f 6934 6877 6874
f 6874 6877 6902
f 6933 6875 6903
f 6975 6903 6904
f 6907 6977 6909
f 6841 6935 6907
f 6907 6935 6977
f 6842 6978 6878
f 6908 6980 6842
f 6842 6980 6978
f 6981 6911 6937
f 6908 6938 6980
f 6910 6938 6801
f 6910 6936 6939
f 6936 6911 6981
f 6936 6910 6911
f 6937 6911 6912
f 6909 6937 6912
f 6913 6940 6941
f 6913 6941 7018
f 6942 6913 7018
f 6915 6940 6913
f 6849 6914 6943
f 6915 6945 6940
f 6849 6943 6916
f 6943 6946 6916
f 6916 6946 6883
f 6946 6917 6883
f 6919 6947 6945
f 6945 6947 6944
f 6915 6919 6945
f 6918 6922 6920
f 6947 6919 6921
f 6922 6948 6923
f 6949 6924 6952
f 6950 6925 6949
f 6818 6814 6992
f 6925 6924 6949
f 6951 6993 6888
f 6953 6952 6924
f 6955 6888 6993
f 6955 6708 6888
f 6864 6953 6924
f 6889 6708 6955
f 6956 6954 6927
f 7180 6867 6780
f 7000 7036 6865
f 7000 6928 6957
f 6958 6891 6998
f 6892 7001 6894
f 6958 6961 6960
f 6928 6963 6957
f 6961 6962 6960
f 6928 6895 6963
f 6894 6897 6896
f 6929 6963 6895
f 6966 6869 6931
f 6966 6929 6869
f 6897 6968 6930
f 6965 6870 6873
f 6931 6969 6966
f 6970 6898 6967
f 6967 6898 6872
f 6967 6872 6964
f 6968 6971 6930
f 6873 6972 6965
f 6932 6969 6900
f 6970 6932 6898
f 6971 6934 6874
f 6930 6971 6874
f 6873 6933 6972
f 6972 6933 7046
f 6933 6903 7046
f 6973 6903 6975
f 6905 7010 6975
f 6974 6935 6877
f 6905 6906 7010
f 6878 6976 6906
f 6976 6878 6978
f 6980 6979 6978
f 6979 6980 6982
f 6980 6938 6982
f 6910 6982 6938
f 6910 6939 6982
f 6939 6936 6981
f 6985 6941 6940
f 7018 6941 6983
f 6984 7018 6983
f 6942 7018 7019
f 6942 7019 7022
f 6985 6940 6986
f 6942 7022 6914
f 6914 7022 6943
f 6940 6945 6986
f 6943 7022 6946
f 7021 6945 6944
f 6989 6917 6946
f 6944 6947 7021
f 6989 6918 6917
f 6989 6922 6918
f 6921 6987 6947
f 6921 6988 6987
f 6989 6948 6922
f 6923 6948 7032
f 7032 6859 6923
f 6990 6988 6926
f 6926 6988 6921
f 6952 6992 6949
f 6991 6992 6952
f 6949 6992 6950
f 6859 7032 6951
f 6926 6954 6990
f 6953 6991 6952
f 6990 6954 6994
f 6864 7035 6953
f 6955 6995 6889
f 6994 6954 6996
f 7136 6996 6956
f 6954 6956 6996
f 7036 7035 6864
f 6997 6867 7180
f 6999 6892 6995
f 6995 6892 6889
f 6867 6997 6891
f 6998 6891 6997
f 7040 7136 6956
f 7040 6956 6893
f 6999 7001 6892
f 7000 6957 7002
f 6894 7001 7005
f 6963 7002 6957
f 6963 7003 7002
f 6961 6964 6962
f 6894 7005 6897
f 7004 6791 6965
f 7005 6968 6897
f 6966 7078 6929
f 7043 6970 6967
f 7006 6967 6964
f 7006 7043 6967
f 7266 7143 6965
f 6932 6970 7007
f 6968 7044 6971
f 6972 7266 6965
f 6966 6969 6932
f 6966 6932 7007
f 7044 6934 6971
f 7266 6972 7046
f 7046 6903 6973
f 7008 6974 6877
f 7009 6974 7008
f 7010 7011 6975
f 7012 6935 7009
f 7009 6935 6974
f 7010 6976 7011
f 7010 6906 6976
f 6976 6978 7052
f 6977 6935 7012
f 6978 7013 7052
f 6978 6979 7013
f 6937 7015 6981
f 6981 7015 7014
f 6909 7015 6937
f 7015 6909 6977
f 6982 7016 6979
f 6982 6939 7016
f 7014 6939 6981
f 6983 7017 7055
f 6984 6983 7055
f 6984 7057 7018
f 6983 6941 7017
f 7020 7022 7019
f 7021 7060 6986
f 7060 7061 6986
f 7061 6985 6986
f 6986 6945 7021
f 6946 7022 7062
f 6989 6946 7024
f 6946 7062 7024
f 7025 7023 7021
f 7021 6947 7025
f 7024 7026 6989
f 7025 6987 7027
f 6947 6987 7025
f 6989 7026 7028
f 6987 6988 7029
f 7027 6987 7029
f 7028 6948 6989
f 6990 7029 6988
f 6991 7030 6992
f 6992 7030 7031
f 7033 7029 6990
f 6951 7032 6993
f 7033 6990 7034
f 7034 6990 6994
f 6745 7180 6780
f 6996 7034 6994
f 6996 7136 7034
f 7037 7136 7040
f 6998 6997 6961
f 6999 7073 7001
f 7070 7002 7039
f 7036 7002 7070
f 7000 7002 7036
f 6961 6958 6998
f 7037 7040 7038
f 7001 7073 7005
f 7039 7002 7041
f 7003 7041 7002
f 7073 6968 7005
f 7038 7040 7004
f 6964 7076 7042
f 6961 7076 6964
f 7038 7004 7143
f 7143 7004 6965
f 6963 6929 7077
f 7043 7006 6964
f 7043 6964 7042
f 7077 6929 7078
f 7078 6966 7080
f 7007 7080 6966
f 6934 7044 7045
f 7008 6877 7045
f 6877 6934 7045
f 6973 7048 7046
f 6975 7049 6973
f 6973 7049 7048
f 7009 7047 7012
f 7047 7009 7008
f 7049 6975 7050
f 6975 7011 7050
f 6976 7051 7011
f 6976 7052 7051
f 7012 7015 6977
f 6979 7016 7053
f 6979 7053 7013
f 7014 7053 7016
f 6939 7014 7016
f 7054 7088 7055
f 7054 6941 7056
f 7054 7017 6941
f 7055 7017 7054
f 6984 7055 7057
f 7058 7059 6985
f 7059 6941 6985
f 7057 7020 7018
f 7018 7020 7019
f 6985 7061 7058
f 7062 7022 7020
f 7060 7021 7023
f 7024 7062 7092
f 7027 7023 7025
f 7024 7028 7026
f 7027 7029 7096
f 7028 7246 6948
f 7063 7095 7030
f 7030 7095 7031
f 7095 7098 7031
f 6991 7063 7030
f 6991 7064 7063
f 7098 6992 7031
f 7033 7099 7029
f 6991 6953 7064
f 7032 7065 6993
f 7033 7034 7099
f 7099 7034 7131
f 7035 7067 6953
f 7066 6745 6818
f 6993 7065 6955
f 7066 7180 6745
f 7036 7068 7035
f 7036 7069 7068
f 7136 7037 7072
f 7070 7069 7036
f 6999 7071 7073
f 7037 7038 7072
f 7072 7038 7074
f 6963 7075 7003
f 7076 7188 7042
f 7073 7108 6968
f 7077 7075 6963
f 7188 7043 7042
f 6968 7108 7044
f 7044 7108 7079
f 7110 7080 7007
f 7110 7007 6970
f 6970 7043 7110
f 7081 7044 7079
f 7044 7081 7045
f 7045 7081 7008
f 7047 7113 7082
f 7047 7008 7113
f 7049 7083 7048
f 7047 7082 7012
f 7012 7082 7084
f 7049 7050 7083
f 7011 7051 7117
f 7011 7117 7050
f 7051 7118 7117
f 7051 7052 7118
f 7015 7012 7084
f 7052 7086 7118
f 7013 7086 7052
f 7013 7053 7086
f 7014 7120 7053
f 7120 7014 7085
f 7015 7085 7014
f 7054 7122 7087
f 7054 7087 7088
f 7090 7056 6941
f 7090 7122 7056
f 7122 7054 7056
f 7059 7058 7089
f 7090 7059 7089
f 6941 7059 7090
f 7020 7057 7126
f 7020 7126 7091
f 7020 7091 7062
f 7023 7128 7060
f 7091 7092 7062
f 7027 7129 7023
f 7092 7028 7024
f 7246 7028 7092
f 7094 7095 7093
f 7097 7095 7094
f 7246 7172 6948
f 7063 7093 7095
f 7097 7098 7095
f 6948 7172 7032
f 7064 7093 7063
f 7135 6992 7098
f 7029 7099 7096
f 7064 6953 7100
f 6992 7135 6818
f 7067 7100 6953
f 7131 7034 7177
f 7177 7034 7136
f 7067 7035 7102
f 6955 7101 6995
f 7068 7102 7035
f 6995 7101 6999
f 7068 7103 7102
f 7069 7103 7068
f 7070 7103 7069
f 7106 7104 7072
f 7039 7105 7070
f 7106 7072 7074
f 7185 7076 6961
f 7107 7076 7185
f 7076 7107 7188
f 7144 7077 7078
f 7144 7078 7080
f 7110 7109 7144
f 7109 7110 7188
f 7110 7043 7188
f 7144 7080 7110
f 7081 7079 7111
f 7008 7111 7112
f 7008 7112 7113
f 7081 7111 7008
f 7046 7114 7266
f 7115 7082 7113
f 7046 7048 7114
f 7083 7149 7048
f 7149 7083 7116
f 7082 7115 7084
f 7083 7050 7116
f 7050 7117 7116
f 7015 7084 7150
f 7153 7085 7119
f 7015 7119 7085
f 7150 7119 7015
f 7053 7120 7086
f 7153 7120 7085
f 7121 7087 7122
f 7088 7087 7123
f 7121 7090 7089
f 7122 7090 7121
f 7088 7123 7159
f 7055 7088 7159
f 7057 7055 7124
f 7055 7159 7124
f 7125 7058 7061
f 7057 7124 7126
f 7061 7060 7125
f 7091 7127 7092
f 7128 7023 7163
f 7092 7164 7167
f 7129 7163 7023
f 7167 7246 7092
f 7129 7027 7130
f 7096 7131 7130
f 7096 7130 7027
f 7093 7133 7132
f 7098 7097 7134
f 7096 7099 7131
f 7064 7133 7093
f 7098 7134 7135
f 7067 7133 7100
f 7100 7133 7064
f 7176 7067 7102
f 7101 6955 7065
f 7137 7173 7102
f 7103 7137 7102
f 7136 7072 7212
f 7180 6961 6997
f 7182 6961 7180
f 6999 7101 7071
f 7070 7138 7103
f 7139 7072 7104
f 7105 7138 7070
f 7293 6961 7182
f 7104 7106 7139
f 7139 7106 7140
f 7041 7105 7039
f 7041 7003 7141
f 7107 7185 7184
f 7074 7140 7106
f 7075 7141 7003
f 7184 7188 7107
f 7073 7142 7108
f 7141 7075 7187
f 7142 7079 7108
f 7187 7075 7077
f 7144 7187 7077
f 7079 7145 7111
f 7145 7112 7111
f 7114 7225 7266
f 7114 7048 7146
f 7147 7115 7190
f 7190 7115 7113
f 7048 7148 7146
f 7048 7149 7148
f 7115 7150 7084
f 7147 7150 7115
f 7117 7228 7116
f 7117 7118 7228
f 7086 7152 7118
f 7152 7120 7153
f 7150 7151 7119
f 7152 7086 7120
f 7154 7155 7087
f 7087 7121 7157
f 7121 7156 7157
f 7154 7087 7157
f 7155 7123 7087
f 7156 7121 7089
f 7158 7156 7089
f 7123 7198 7159
f 7124 7159 7160
f 7160 7127 7124
f 7058 7125 7158
f 7125 7161 7158
f 7158 7089 7058
f 7124 7127 7126
f 7126 7127 7091
f 7060 7161 7125
f 7128 7162 7161
f 7128 7163 7162
f 7060 7128 7161
f 7092 7127 7164
f 7163 7166 7165
f 7163 7129 7166
f 7129 7130 7168
f 7166 7129 7168
f 7130 7131 7168
f 7132 7094 7093
f 7246 7170 7172
f 7169 7133 7171
f 7169 7132 7133
f 7133 7173 7171
f 7174 7135 7134
f 7172 7170 7175
f 7175 7032 7172
f 7067 7176 7133
f 7133 7176 7173
f 7032 7175 7065
f 7102 7173 7176
f 7180 7066 7178
f 7066 6818 7178
f 7065 7179 7101
f 7136 7212 7177
f 7103 7181 7137
f 7183 7181 7138
f 7181 7103 7138
f 7183 7138 7214
f 7072 7139 7212
f 7105 7214 7138
f 7073 7071 7216
f 7214 7105 7215
f 7105 7041 7215
f 7293 7185 6961
f 7216 7142 7073
f 7041 7141 7215
f 7219 7140 7074
f 7074 7038 7219
f 7219 7038 7186
f 7142 7254 7079
f 7038 7143 7186
f 7109 7222 7144
f 7145 7079 7189
f 7112 7145 7189
f 7112 7189 7190
f 7112 7190 7113
f 7191 7147 7190
f 7149 7226 7148
f 7150 7147 7191
f 7149 7192 7226
f 7116 7192 7149
f 7116 7228 7192
f 7191 7151 7150
f 7118 7273 7228
f 7152 7193 7118
f 7118 7193 7273
f 7152 7194 7193
f 7153 7194 7152
f 7194 7119 7272
f 7194 7153 7119
f 7151 7272 7119
f 7195 7230 7156
f 7154 7230 7231
f 7155 7154 7231
f 7196 7155 7231
f 7156 7197 7195
f 7230 7157 7156
f 7154 7157 7230
f 7123 7155 7196
f 7198 7123 7196
f 7199 7200 7158
f 7197 7158 7200
f 7156 7158 7197
f 7198 7160 7159
f 7202 7127 7160
f 7161 7201 7199
f 7158 7161 7199
f 7201 7161 7162
f 7164 7127 7241
f 7164 7242 7167
f 7164 7241 7242
f 7203 7162 7163
f 7163 7165 7203
f 7166 7168 7165
f 7169 7205 7132
f 7132 7205 7094
f 7097 7094 7286
f 7097 7286 7245
f 7168 7131 7244
f 7206 7204 7171
f 7171 7204 7169
f 7245 7134 7097
f 7174 7134 7245
f 7131 7177 7244
f 7173 7206 7171
f 7174 7248 7135
f 7206 7173 7208
f 7248 6818 7135
f 7209 7207 7177
f 7208 7137 7210
f 7208 7173 7137
f 7065 7175 7179
f 7177 7212 7209
f 7137 7211 7210
f 7181 7211 7137
f 7180 7178 7182
f 7071 7101 7179
f 7214 7211 7183
f 7183 7211 7181
f 7212 7139 7213
f 7139 7140 7213
f 7257 7185 7293
f 7213 7140 7217
f 7141 7218 7215
f 7185 7257 7184
f 7142 7216 7254
f 7140 7219 7217
f 7258 7188 7184
f 7188 7258 7220
f 7254 7259 7079
f 7263 7186 7143
f 7221 7144 7222
f 7109 7188 7220
f 7109 7220 7222
f 7259 7189 7079
f 7143 7266 7263
f 7225 7223 7266
f 7268 7224 7190
f 7146 7270 7114
f 7114 7270 7225
f 7148 7270 7146
f 7191 7190 7224
f 7226 7228 7227
f 7226 7192 7228
f 7271 7194 7272
f 7229 7232 7231
f 7229 7230 7233
f 7233 7230 7195
f 7229 7231 7230
f 7231 7234 7196
f 7231 7232 7234
f 7236 7237 7197
f 7237 7238 7197
f 7233 7195 7197
f 7238 7233 7197
f 7235 7196 7234
f 7235 7239 7196
f 7196 7239 7198
f 7239 7160 7198
f 7236 7200 7199
f 7197 7200 7236
f 7239 7202 7160
f 7201 7236 7199
f 7162 7240 7236
f 7162 7243 7240
f 7201 7162 7236
f 7203 7279 7243
f 7243 7162 7203
f 7165 7279 7203
f 7165 7168 7279
f 7364 7246 7167
f 7281 7168 7244
f 7169 7204 7205
f 7205 7286 7094
f 7206 7247 7204
f 7246 7249 7170
f 7245 7248 7174
f 7170 7249 7175
f 7177 7207 7244
f 7208 7210 7247
f 7208 7247 7206
f 7207 7209 7288
f 7211 7291 7210
f 7209 7212 7329
f 7251 7209 7329
f 7330 7293 7178
f 7178 7293 7182
f 7071 7179 7252
f 7214 7291 7211
f 7213 7329 7212
f 7252 7254 7071
f 7214 7253 7291
f 7071 7254 7216
f 7214 7255 7253
f 7214 7215 7255
f 7255 7215 7256
f 7218 7256 7215
f 7257 7296 7184
f 7218 7297 7256
f 7296 7258 7184
f 7454 7217 7186
f 7217 7219 7186
f 7260 7297 7218
f 7260 7218 7141
f 7220 7258 7262
f 7264 7260 7141
f 7264 7141 7187
f 7264 7187 7265
f 7221 7265 7187
f 7221 7187 7144
f 7261 7221 7222
f 7261 7222 7262
f 7262 7222 7220
f 7189 7259 7299
f 7267 7266 7223
f 7268 7189 7306
f 7190 7189 7268
f 7223 7269 7267
f 7223 7270 7269
f 7223 7225 7270
f 7309 7270 7148
f 7226 7227 7148
f 7148 7227 7309
f 7151 7191 7311
f 7228 7348 7227
f 7151 7350 7272
f 7350 7151 7311
f 7228 7273 7348
f 7193 7194 7271
f 7353 7274 7229
f 7229 7274 7275
f 7229 7275 7232
f 7353 7233 7238
f 7229 7233 7353
f 7232 7276 7234
f 7276 7235 7234
f 7236 7315 7237
f 7315 7238 7237
f 7239 7235 7277
f 7278 7315 7236
f 7277 7202 7239
f 7278 7236 7240
f 7202 7241 7127
f 7243 7278 7240
f 7243 7279 7278
f 7168 7280 7279
f 7168 7281 7280
f 7281 7244 7282
f 7320 7204 7319
f 7283 7204 7320
f 7282 7244 7285
f 7204 7283 7205
f 7205 7283 7284
f 7286 7205 7284
f 7247 7324 7204
f 7245 7286 7322
f 7246 7287 7249
f 7207 7285 7244
f 7245 7322 7248
f 7248 7322 7290
f 7207 7288 7285
f 7247 7210 7289
f 7248 7290 6818
f 7250 7289 7210
f 7210 7291 7250
f 7330 7178 6818
f 7327 7209 7251
f 7251 7329 7327
f 7253 7294 7291
f 7291 7294 7328
f 7213 7334 7333
f 7294 7253 7255
f 7334 7213 7217
f 7254 7295 7259
f 7217 7454 7334
f 7259 7295 7299
f 7300 7297 7260
f 7302 7261 7262
f 7302 7262 7298
f 7298 7262 7258
f 7298 7258 7296
f 7186 7303 7454
f 7263 7303 7186
f 7264 7300 7260
f 7300 7264 7265
f 7300 7265 7301
f 7265 7304 7301
f 7221 7304 7265
f 7305 7303 7263
f 7305 7263 7266
f 7305 7266 7267
f 7269 7346 7267
f 7307 7224 7268
f 7269 7308 7346
f 7270 7308 7269
f 7309 7347 7270
f 7270 7347 7308
f 7224 7307 7191
f 7307 7310 7191
f 7309 7383 7347
f 7309 7227 7383
f 7310 7311 7191
f 7272 7350 7271
f 7271 7350 7313
f 7348 7351 7312
f 7348 7273 7351
f 7313 7193 7271
f 7355 7356 7275
f 7275 7274 7355
f 7232 7275 7314
f 7276 7232 7314
f 7359 7276 7314
f 7353 7238 7315
f 7276 7359 7235
f 7277 7235 7317
f 7315 7316 7357
f 7315 7278 7316
f 7317 7202 7277
f 7202 7317 7241
f 7318 7278 7279
f 7317 7361 7241
f 7241 7361 7242
f 7279 7280 7318
f 7318 7280 7281
f 7432 7282 7397
f 7321 7246 7364
f 7282 7285 7397
f 7324 7319 7204
f 7246 7323 7287
f 7321 7323 7246
f 7326 7290 7322
f 7247 7289 7324
f 6818 7290 7370
f 7325 7288 7327
f 7327 7288 7209
f 7328 7250 7291
f 7175 7292 7179
f 7179 7292 7252
f 7292 7254 7252
f 7329 7213 7333
f 7294 7331 7328
f 7294 7335 7331
f 7335 7294 7255
f 7335 7255 7374
f 7337 7293 7330
f 7374 7255 7336
f 7337 7257 7293
f 7340 7336 7255
f 7255 7256 7340
f 7337 7339 7296
f 7337 7296 7257
f 7299 7295 7338
f 7256 7297 7340
f 7339 7298 7296
f 7339 7341 7298
f 7297 7377 7340
f 7300 7377 7297
f 7343 7300 7301
f 7343 7377 7300
f 7301 7304 7343
f 7302 7344 7261
f 7302 7298 7341
f 7299 7342 7189
f 7303 7415 7454
f 7221 7261 7344
f 7305 7415 7303
f 7342 7306 7189
f 7379 7306 7342
f 7306 7379 7268
f 7379 7345 7268
f 7305 7346 7416
f 7305 7267 7346
f 7345 7307 7268
f 7227 7498 7383
f 7498 7227 7348
f 7312 7385 7348
f 7351 7385 7312
f 7273 7193 7351
f 7313 7349 7193
f 7352 7354 7353
f 7354 7421 7355
f 7353 7357 7352
f 7354 7274 7353
f 7355 7274 7354
f 7356 7358 7275
f 7275 7358 7314
f 7353 7315 7357
f 7317 7235 7360
f 7316 7391 7357
f 7316 7392 7391
f 7318 7316 7278
f 7318 7394 7316
f 7394 7392 7316
f 7317 7360 7361
f 7361 7362 7242
f 7363 7318 7281
f 7282 7432 7363
f 7281 7282 7363
f 7517 7364 7167
f 7319 7395 7320
f 7283 7396 7284
f 7396 7367 7284
f 7364 7365 7321
f 7324 7366 7319
f 7476 7286 7284
f 7397 7285 7288
f 7476 7322 7286
f 7441 7287 7323
f 7399 7288 7325
f 7400 7399 7325
f 7250 7368 7289
f 7289 7368 7324
f 7326 7370 7290
f 7369 7370 7326
f 7287 7441 7249
f 7441 7371 7249
f 7325 7327 7400
f 7330 6818 7370
f 7249 7371 7175
f 7327 7329 7444
f 7444 7329 7447
f 7292 7332 7254
f 7332 7295 7254
f 7333 7334 7373
f 7372 7333 7373
f 7376 7337 7330
f 7336 7375 7374
f 7375 7336 7340
f 7337 7376 7339
f 7377 7453 7340
f 7412 7343 7304
f 7378 7304 7221
f 7378 7412 7304
f 7221 7344 7378
f 7305 7416 7415
f 7345 7379 7380
f 7346 7381 7417
f 7307 7345 7380
f 7307 7380 7382
f 7346 7308 7381
f 7308 7347 7381
f 7307 7382 7310
f 7347 7383 7381
f 7350 7311 7384
f 7310 7419 7311
f 7348 7500 7498
f 7348 7385 7500
f 7313 7350 7349
f 7351 7386 7385
f 7351 7387 7386
f 7193 7387 7351
f 7387 7193 7349
f 7352 7388 7354
f 7356 7355 7389
f 7355 7421 7389
f 7352 7357 7390
f 7359 7425 7360
f 7359 7314 7425
f 7314 7358 7425
f 7391 7390 7357
f 7359 7360 7235
f 7361 7360 7393
f 7393 7362 7361
f 7394 7318 7363
f 7517 7365 7364
f 7398 7395 7366
f 7395 7319 7366
f 7283 7320 7396
f 7324 7398 7366
f 7439 7397 7288
f 7368 7398 7324
f 7321 7402 7323
f 7400 7439 7399
f 7439 7288 7399
f 7401 7398 7368
f 7522 7326 7322
f 7402 7441 7323
f 7401 7368 7403
f 7250 7403 7368
f 7522 7369 7326
f 7371 7292 7175
f 7400 7327 7444
f 7328 7403 7250
f 7331 7403 7328
f 7447 7329 7404
f 7329 7333 7404
f 7404 7333 7372
f 7528 7376 7330
f 7372 7373 7531
f 7331 7335 7405
f 7374 7405 7335
f 7375 7407 7374
f 7374 7407 7405
f 7376 7406 7408
f 7449 7338 7295
f 7409 7338 7449
f 7375 7340 7453
f 7339 7376 7408
f 7338 7409 7299
f 7409 7342 7299
f 7408 7410 7341
f 7408 7341 7339
f 7455 7411 7453
f 7377 7455 7453
f 7455 7377 7343
f 7412 7413 7343
f 7413 7455 7343
f 7456 7344 7302
f 7302 7341 7456
f 7412 7378 7413
f 7413 7378 7344
f 7342 7414 7379
f 7380 7379 7418
f 7382 7380 7418
f 7418 7419 7382
f 7382 7419 7310
f 7381 7497 7417
f 7383 7497 7381
f 7383 7498 7497
f 7311 7419 7384
f 7385 7420 7500
f 7420 7387 7349
f 7349 7350 7462
f 7385 7386 7420
f 7387 7420 7386
f 7354 7388 7421
f 7389 7421 7422
f 7423 7389 7422
f 7356 7389 7424
f 7390 7388 7352
f 7356 7424 7358
f 7388 7390 7426
f 7426 7390 7391
f 7425 7427 7360
f 7392 7426 7391
f 7427 7393 7360
f 7426 7392 7428
f 7428 7392 7394
f 7429 7362 7393
f 7394 7363 7430
f 7431 7242 7362
f 7432 7430 7363
f 7242 7431 7167
f 7471 7432 7435
f 7395 7433 7320
f 7320 7433 7434
f 7320 7434 7396
f 7367 7396 7434
f 7517 7436 7365
f 7435 7397 7437
f 7435 7432 7397
f 7284 7367 7518
f 7438 7365 7436
f 7474 7437 7439
f 7397 7439 7437
f 7518 7476 7284
f 7365 7438 7321
f 7438 7519 7321
f 7321 7519 7402
f 7474 7439 7440
f 7440 7439 7400
f 7477 7522 7322
f 7403 7480 7401
f 7369 7442 7370
f 7443 7371 7441
f 7371 7443 7292
f 7400 7444 7440
f 7445 7370 7442
f 7330 7370 7445
f 7403 7331 7480
f 7292 7443 7446
f 7447 7448 7444
f 7292 7446 7332
f 7372 7448 7447
f 7447 7404 7372
f 7526 7330 7445
f 7526 7528 7330
f 7331 7484 7480
f 7376 7528 7406
f 7332 7449 7295
f 7405 7484 7331
f 7531 7373 7483
f 7484 7405 7450
f 7405 7407 7450
f 7451 7408 7406
f 7334 7483 7373
f 7452 7483 7334
f 7410 7408 7451
f 7334 7454 7452
f 7452 7454 7538
f 7486 7453 7411
f 7456 7341 7410
f 7487 7486 7411
f 7487 7411 7455
f 7488 7455 7413
f 7488 7413 7344
f 7414 7457 7379
f 7457 7458 7379
f 7416 7459 7415
f 7459 7416 7346
f 7418 7379 7458
f 7346 7460 7459
f 7417 7493 7346
f 7346 7493 7460
f 7461 7418 7458
f 7461 7419 7418
f 7349 7462 7420
f 7462 7350 7384
f 7388 7463 7464
f 7464 7421 7388
f 7422 7421 7503
f 7423 7424 7389
f 7463 7388 7465
f 7358 7424 7466
f 7358 7466 7425
f 7426 7468 7465
f 7388 7426 7465
f 7467 7468 7426
f 7427 7469 7393
f 7427 7425 7469
f 7426 7428 7467
f 7393 7469 7429
f 7508 7429 7469
f 7394 7430 7428
f 7429 7508 7362
f 7470 7432 7512
f 7430 7432 7470
f 7512 7432 7471
f 7513 7515 7433
f 7433 7515 7434
f 7395 7472 7433
f 7517 7473 7436
f 7437 7474 7471
f 7435 7437 7471
f 7472 7395 7398
f 7436 7473 7438
f 7475 7560 7398
f 7401 7475 7398
f 7476 7477 7322
f 7401 7480 7478
f 7440 7444 7561
f 7474 7440 7561
f 7448 7561 7444
f 7448 7527 7561
f 7448 7372 7527
f 7372 7531 7527
f 7481 7451 7406
f 7481 7406 7528
f 7332 7530 7449
f 7530 7409 7449
f 7483 7452 7534
f 7485 7456 7410
f 7485 7410 7451
f 7538 7534 7452
f 7535 7375 7453
f 7486 7535 7453
f 7342 7409 7414
f 7539 7487 7455
f 7488 7539 7455
f 7488 7456 7537
f 7344 7456 7488
f 7490 7457 7489
f 7490 7491 7458
f 7490 7458 7457
f 7459 7460 7575
f 7459 7575 7415
f 7458 7491 7492
f 7460 7493 7575
f 7458 7492 7461
f 7417 7542 7493
f 7542 7417 7497
f 7494 7461 7496
f 7541 7496 7461
f 7492 7541 7461
f 7462 7384 7499
f 7419 7495 7384
f 7384 7495 7499
f 7495 7419 7494
f 7461 7494 7419
f 7420 7462 7500
f 7501 7502 7463
f 7502 7503 7463
f 7422 7503 7504
f 7423 7422 7504
f 7549 7424 7423
f 7463 7506 7501
f 7503 7464 7463
f 7421 7464 7503
f 7465 7505 7506
f 7506 7463 7465
f 7468 7505 7465
f 7505 7468 7507
f 7507 7468 7467
f 7428 7507 7467
f 7469 7425 7508
f 7507 7430 7509
f 7428 7430 7507
f 7508 7511 7362
f 7470 7510 7509
f 7430 7470 7509
f 7431 7362 7511
f 7558 7515 7514
f 7513 7555 7515
f 7515 7555 7514
f 7558 7434 7515
f 7434 7558 7516
f 7472 7513 7433
f 7516 7367 7434
f 7517 7746 7473
f 7471 7474 7592
f 7472 7398 7560
f 7438 7473 7519
f 7476 7518 7521
f 7520 7401 7478
f 7475 7401 7520
f 7521 7477 7476
f 7521 7522 7477
f 7402 7523 7441
f 7524 7442 7369
f 7441 7525 7443
f 7442 7524 7445
f 7445 7524 7526
f 7443 7525 7446
f 7446 7565 7332
f 7570 7564 7527
f 7484 7482 7480
f 7481 7528 7529
f 7570 7527 7531
f 7529 7451 7481
f 7484 7532 7482
f 7530 7533 7409
f 7572 7532 7484
f 7484 7450 7572
f 7483 7534 7531
f 7572 7450 7407
f 7375 7572 7407
f 7533 7414 7409
f 7537 7456 7485
f 7538 7454 7415
f 7539 7488 7536
f 7536 7488 7537
f 7493 7616 7575
f 7493 7542 7616
f 7494 7496 7576
f 7541 7576 7496
f 7542 7498 7543
f 7542 7497 7498
f 7544 7462 7499
f 7499 7495 7545
f 7498 7500 7544
f 7462 7544 7500
f 7548 7502 7501
f 7546 7503 7502
f 7504 7503 7546
f 7547 7504 7546
f 7547 7549 7504
f 7504 7549 7423
f 7506 7548 7501
f 7548 7505 7580
f 7548 7506 7505
f 7424 7550 7466
f 7550 7552 7466
f 7466 7552 7425
f 7505 7507 7551
f 7425 7552 7583
f 7425 7583 7554
f 7509 7553 7551
f 7507 7509 7551
f 7508 7425 7554
f 7553 7509 7510
f 7513 7557 7555
f 7514 7555 7556
f 7431 7638 7167
f 7512 7471 7592
f 7517 7167 7638
f 7638 7746 7517
f 7472 7557 7513
f 7591 7559 7558
f 7516 7558 7559
f 7367 7516 7559
f 7559 7518 7367
f 7520 7560 7475
f 7595 7519 7473
f 7597 7474 7561
f 7480 7479 7478
f 7446 7525 7562
f 7561 7527 7597
f 7480 7563 7479
f 7446 7562 7565
f 7563 7482 7567
f 7563 7480 7482
f 7602 7528 7526
f 7564 7570 7566
f 7529 7528 7602
f 7565 7530 7332
f 7568 7530 7565
f 7532 7569 7482
f 7482 7569 7567
f 7530 7568 7533
f 7531 7534 7656
f 7725 7572 7375
f 7375 7535 7725
f 7485 7608 7537
f 7414 7571 7457
f 7533 7571 7414
f 7573 7535 7486
f 7536 7537 7610
f 7538 7656 7534
f 7540 7656 7538
f 7487 7573 7486
f 7573 7487 7539
f 7573 7539 7610
f 7610 7539 7536
f 7489 7457 7609
f 7489 7609 7574
f 7415 7540 7538
f 7489 7574 7490
f 7574 7491 7490
f 7613 7491 7574
f 7491 7613 7492
f 7541 7615 7576
f 7615 7541 7492
f 7542 7543 7616
f 7544 7663 7498
f 7499 7663 7544
f 7545 7495 7494
f 7578 7546 7502
f 7578 7621 7546
f 7546 7621 7623
f 7547 7546 7623
f 7547 7623 7624
f 7624 7549 7547
f 7625 7549 7624
f 7548 7580 7578
f 7578 7580 7577
f 7502 7548 7578
f 7549 7579 7581
f 7549 7625 7579
f 7549 7581 7424
f 7424 7581 7550
f 7580 7505 7551
f 7550 7581 7583
f 7552 7550 7583
f 7554 7583 7628
f 7553 7582 7551
f 7628 7508 7554
f 7553 7510 7582
f 7508 7628 7511
f 7510 7470 7584
f 7584 7470 7634
f 7587 7585 7555
f 7555 7585 7586
f 7588 7555 7586
f 7555 7589 7556
f 7588 7589 7555
f 7634 7470 7512
f 7592 7634 7512
f 7557 7587 7555
f 7589 7636 7556
f 7556 7636 7514
f 7558 7514 7636
f 7636 7591 7558
f 7472 7590 7587
f 7560 7590 7472
f 7557 7472 7587
f 7590 7560 7594
f 7591 7712 7559
f 7559 7712 7518
f 7593 7594 7520
f 7560 7520 7594
f 7712 7521 7518
f 7474 7597 7592
f 7478 7593 7520
f 7478 7596 7593
f 7478 7479 7596
f 7402 7598 7523
f 7598 7441 7523
f 7479 7601 7599
f 7526 7524 7600
f 7562 7525 7603
f 7479 7563 7601
f 7602 7526 7600
f 7562 7603 7565
f 7597 7527 7564
f 7566 7597 7564
f 7601 7563 7567
f 7606 7601 7567
f 7602 7600 7529
f 7603 7604 7565
f 7568 7604 7533
f 7565 7604 7568
f 7566 7570 7605
f 7569 7606 7567
f 7652 7451 7529
f 7531 7605 7570
f 7607 7605 7531
f 7572 7569 7532
f 7531 7656 7607
f 7608 7611 7537
f 7657 7535 7573
f 7657 7573 7610
f 7611 7610 7537
f 7457 7571 7609
f 7609 7612 7574
f 7415 7659 7540
f 7659 7415 7660
f 7415 7575 7660
f 7613 7614 7492
f 7616 7728 7575
f 7576 7615 7662
f 7543 7617 7616
f 7619 7617 7543
f 7662 7494 7576
f 7498 7619 7543
f 7498 7663 7619
f 7499 7620 7663
f 7618 7620 7545
f 7620 7499 7545
f 7494 7618 7545
f 7666 7622 7623
f 7578 7577 7621
f 7666 7623 7621
f 7670 7581 7579
f 7577 7580 7697
f 7697 7580 7626
f 7583 7581 7772
f 7551 7582 7626
f 7626 7580 7551
f 7510 7629 7627
f 7582 7510 7627
f 7630 7629 7584
f 7584 7629 7510
f 7585 7631 7586
f 7673 7631 7585
f 7631 7588 7586
f 7628 7632 7511
f 7630 7634 7633
f 7630 7584 7634
f 7587 7635 7585
f 7589 7588 7631
f 7631 7636 7589
f 7637 7511 7632
f 7511 7637 7431
f 7645 7633 7592
f 7634 7592 7633
f 7639 7635 7590
f 7587 7590 7635
f 7638 7431 7637
f 7676 7591 7636
f 7640 7591 7676
f 7590 7594 7639
f 7640 7641 7591
f 7641 7712 7591
f 7473 7746 7595
f 7746 7681 7595
f 7593 7642 7594
f 7594 7642 7643
f 7592 7597 7645
f 7642 7593 7644
f 7596 7644 7593
f 7519 7682 7402
f 7479 7644 7596
f 7479 7646 7644
f 7522 7647 7369
f 7402 7682 7598
f 7645 7597 7716
f 7647 7524 7369
f 7479 7599 7646
f 7646 7599 7649
f 7601 7649 7599
f 7647 7600 7524
f 7525 7648 7603
f 7652 7600 7647
f 7597 7566 7650
f 7606 7649 7601
f 7652 7529 7600
f 7603 7648 7604
f 7566 7605 7752
f 7650 7566 7752
f 7533 7604 7648
f 7571 7648 7651
f 7571 7651 7653
f 7533 7648 7571
f 7485 7451 7652
f 7485 7652 7654
f 7655 7688 7605
f 7605 7607 7655
f 7485 7654 7608
f 7656 7655 7607
f 7657 7608 7654
f 7686 7609 7571
f 7611 7608 7657
f 7610 7611 7657
f 7613 7612 7658
f 7613 7658 7614
f 7574 7612 7613
f 7614 7615 7492
f 7728 7764 7661
f 7728 7616 7764
f 7616 7617 7764
f 7619 7663 7617
f 7666 7664 7665
f 7621 7664 7666
f 7623 7622 7624
f 7621 7577 7664
f 7577 7667 7664
f 7625 7624 7668
f 7667 7577 7697
f 7668 7670 7625
f 7625 7670 7579
f 7626 7669 7697
f 7772 7581 7670
f 7669 7626 7582
f 7582 7627 7671
f 7627 7629 7672
f 7671 7627 7672
f 7630 7704 7672
f 7629 7630 7672
f 7673 7674 7631
f 7674 7675 7631
f 7704 7630 7633
f 7639 7673 7635
f 7673 7585 7635
f 7676 7636 7631
f 7676 7677 7679
f 7676 7679 7640
f 7678 7639 7594
f 7679 7641 7640
f 7643 7642 7711
f 7643 7678 7594
f 7780 7645 7680
f 7519 7595 7681
f 7682 7519 7681
f 7647 7522 7715
f 7646 7683 7644
f 7684 7441 7598
f 7720 7683 7649
f 7649 7683 7646
f 7441 7684 7525
f 7525 7684 7648
f 7716 7597 7650
f 7715 7652 7647
f 7606 7720 7649
f 7650 7752 7751
f 7654 7652 7715
f 7688 7752 7605
f 7688 7687 7752
f 7572 7606 7569
f 7653 7686 7571
f 7656 7688 7655
f 7657 7654 7685
f 7657 7685 7689
f 7609 7686 7722
f 7609 7722 7690
f 7759 7535 7657
f 7657 7689 7757
f 7609 7690 7612
f 7656 7540 7688
f 7690 7658 7612
f 7575 7691 7660
f 7691 7575 7728
f 7614 7726 7662
f 7614 7662 7615
f 7662 7726 7694
f 7663 7692 7617
f 7617 7692 7764
f 7693 7618 7729
f 7494 7694 7618
f 7618 7694 7729
f 7694 7494 7662
f 7693 7692 7663
f 7620 7693 7663
f 7618 7693 7620
f 7666 7665 7731
f 7622 7666 7696
f 7666 7731 7696
f 7622 7696 7736
f 7736 7624 7622
f 7695 7697 7698
f 7695 7667 7697
f 7664 7667 7695
f 7665 7664 7695
f 7624 7736 7739
f 7624 7739 7668
f 7697 7669 7698
f 7700 7699 7669
f 7700 7582 7671
f 7669 7582 7700
f 7772 7701 7702
f 7772 7702 7583
f 7583 7702 7628
f 7632 7628 7702
f 7672 7704 7741
f 7674 7673 7705
f 7674 7742 7703
f 7674 7703 7675
f 7703 7706 7675
f 7706 7631 7675
f 7633 7744 7704
f 7639 7705 7673
f 7707 7676 7631
f 7633 7645 7744
f 7677 7676 7707
f 7645 7780 7744
f 7638 7637 7746
f 7678 7643 7708
f 7709 7678 7708
f 7641 7679 7820
f 7711 7708 7643
f 7820 7712 7641
f 7746 7710 7681
f 7644 7713 7642
f 7714 7713 7644
f 7645 7716 7680
f 7714 7644 7683
f 7872 7715 7522
f 7720 7785 7683
f 7684 7718 7648
f 7648 7718 7719
f 7651 7719 7721
f 7648 7719 7651
f 7651 7721 7653
f 7754 7606 7572
f 7686 7653 7722
f 7756 7754 7572
f 7723 7685 7654
f 7723 7757 7689
f 7723 7689 7685
f 7722 7724 7690
f 7757 7759 7657
f 7658 7690 7758
f 7540 7840 7688
f 7658 7758 7727
f 7614 7658 7727
f 7614 7727 7726
f 7727 7763 7726
f 7763 7729 7726
f 7726 7729 7694
f 7693 7730 7692
f 7693 7729 7730
f 7665 7695 7735
f 7695 7734 7735
f 7731 7665 7735
f 7732 7731 7735
f 7732 7696 7731
f 7733 7696 7732
f 7733 7736 7696
f 7737 7738 7698
f 7734 7695 7698
f 7738 7734 7698
f 7669 7699 7737
f 7698 7669 7737
f 7740 7699 7700
f 7671 7771 7740
f 7740 7700 7671
f 7701 7772 7773
f 7671 7672 7771
f 7771 7672 7741
f 7701 7632 7702
f 7674 7705 7742
f 7703 7742 7774
f 7744 7743 7741
f 7741 7704 7744
f 7706 7778 7631
f 7707 7631 7778
f 7639 7745 7705
f 7677 7707 7779
f 7678 7709 7639
f 7784 7709 7708
f 7780 7680 7786
f 7782 7780 7786
f 7747 7711 7642
f 7708 7711 7784
f 7784 7711 7747
f 7713 7747 7642
f 7712 7820 7521
f 7521 7820 7872
f 7680 7716 7786
f 7872 7522 7521
f 7681 7748 7682
f 7786 7716 7749
f 7748 7598 7682
f 7720 7717 7785
f 7598 7750 7684
f 7749 7716 7751
f 7750 7718 7684
f 7716 7650 7751
f 7719 7718 7750
f 7830 7654 7715
f 7753 7720 7606
f 7832 7654 7830
f 7752 7687 7792
f 7754 7753 7606
f 7654 7832 7755
f 7723 7654 7755
f 7690 7724 7758
f 7758 7799 7727
f 7799 7760 7727
f 7727 7760 7762
f 7840 7540 7761
f 7762 7763 7727
f 7661 7886 7728
f 7886 7661 7764
f 7803 7729 7763
f 7692 7847 7764
f 7730 7729 7803
f 7733 7732 7767
f 7765 7738 7737
f 7765 7734 7738
f 7735 7734 7765
f 7766 7735 7765
f 7732 7735 7766
f 7733 7767 7736
f 7767 7739 7736
f 7668 7739 7808
f 7808 7670 7668
f 7699 7768 7737
f 7768 7699 7769
f 7740 7770 7769
f 7699 7740 7769
f 7771 7770 7740
f 7670 7810 7772
f 7813 7774 7742
f 7775 7701 7773
f 7701 7775 7632
f 7812 7741 7743
f 7705 7776 7742
f 7743 7744 7812
f 7776 7705 7745
f 7703 7777 7706
f 7777 7778 7706
f 7779 7707 7778
f 7639 7781 7745
f 7865 7746 7637
f 7781 7784 7783
f 7781 7639 7709
f 7864 7679 7677
f 7747 7783 7784
f 7709 7784 7781
f 7820 7679 7864
f 7782 7786 7866
f 7783 7747 7785
f 7713 7785 7747
f 7714 7785 7713
f 7683 7785 7714
f 7786 7749 7787
f 7789 7598 7748
f 7788 7787 7749
f 7598 7789 7750
f 7749 7751 7788
f 7791 7788 7751
f 7750 7721 7719
f 7791 7751 7831
f 7751 7752 7831
f 7753 7790 7720
f 7752 7792 7831
f 7754 7756 7793
f 7794 7723 7755
f 7722 7795 7724
f 7687 7688 7930
f 7757 7723 7797
f 7798 7758 7724
f 7796 7759 7757
f 7796 7757 7797
f 7758 7798 7799
f 7800 7760 7799
f 7800 7762 7760
f 7540 7659 7761
f 7801 7763 7762
f 7764 7802 7886
f 7765 7806 7804
f 7766 7765 7805
f 7765 7804 7805
f 7732 7766 7805
f 7732 7805 7767
f 7806 7765 7737
f 7767 7808 7739
f 7768 7807 7737
f 7807 7806 7737
f 7769 7807 7768
f 7808 7810 7670
f 7769 7770 7809
f 7771 7857 7809
f 7770 7771 7809
f 7772 7810 7811
f 7773 7772 7811
f 7741 7857 7771
f 7898 7774 7813
f 7775 7773 7811
f 7741 7812 7857
f 7813 7742 7776
f 7774 7814 7703
f 7777 7703 7814
f 7812 7744 7899
f 7899 7744 7859
f 7816 7776 7745
f 7816 7815 7776
f 7777 7779 7778
f 7744 7780 7859
f 7745 7781 7816
f 7817 7818 7783
f 7781 7783 7818
f 7865 7819 7746
f 7819 7710 7746
f 7681 7710 7748
f 7786 7821 7866
f 7822 7785 7823
f 7787 7824 7821
f 7787 7821 7786
f 7717 7823 7785
f 7788 7873 7824
f 7787 7788 7824
f 7873 7788 7825
f 7720 7826 7717
f 7830 7715 7914
f 7789 7827 7750
f 7788 7791 7825
f 7790 7826 7720
f 7750 7827 7721
f 7828 7825 7791
f 7791 7831 7828
f 7878 7828 7831
f 7790 7834 7829
f 7833 7653 7721
f 7831 7792 7878
f 7753 7834 7790
f 7722 7833 7795
f 7653 7833 7722
f 7835 7753 7754
f 7835 7754 7793
f 7837 7836 7794
f 7832 7794 7755
f 7832 7837 7794
f 7792 7687 7979
f 7927 7835 7793
f 7927 7793 7756
f 7838 7756 7572
f 7838 7927 7756
f 7836 7723 7794
f 7798 7795 7839
f 7798 7724 7795
f 7687 7930 7979
f 7688 7881 7930
f 7881 7688 7840
f 7725 7838 7572
f 7796 7882 7759
f 7880 7796 7797
f 7880 7882 7796
f 7797 7723 7880
f 7759 7884 7535
f 7798 7839 7799
f 7841 7799 7839
f 7761 7842 7840
f 7841 7800 7799
f 7885 7800 7841
f 7842 7761 7843
f 7761 7659 7843
f 7843 7659 7660
f 7762 7800 7844
f 7801 7762 7844
f 7801 7844 7845
f 7728 7987 7691
f 7728 7886 7987
f 7803 7763 7846
f 7845 7763 7801
f 7764 7887 7802
f 7730 7847 7692
f 7846 7730 7803
f 7847 7730 7846
f 7850 7851 7806
f 7851 7852 7806
f 7852 7804 7806
f 7805 7804 7848
f 7849 7805 7848
f 7942 7808 7767
f 7853 7769 7854
f 7853 7807 7769
f 7850 7807 7853
f 7806 7807 7850
f 7892 7808 7942
f 7769 7855 7854
f 7808 7892 7810
f 7855 7769 7809
f 7856 7855 7809
f 7856 7809 7857
f 7895 7811 7810
f 7895 7775 7811
f 7814 7774 7898
f 7812 7899 7896
f 7816 7858 7815
f 7815 7858 7776
f 7776 7858 7813
f 7898 7902 7814
f 7814 7862 7777
f 7862 7779 7777
f 7905 7859 7780
f 7818 7860 7861
f 7816 7818 7861
f 7780 7782 7905
f 7863 7860 7818
f 7781 7818 7816
f 7864 7677 7779
f 7782 7866 7905
f 7817 7863 7818
f 7783 7868 7817
f 7909 7820 7864
f 7785 7868 7783
f 7820 7909 7869
f 7866 7821 7867
f 7785 7822 7868
f 7820 7869 7870
f 7870 7872 7820
f 7867 7821 7871
f 7821 7824 7871
f 7872 7914 7715
f 7748 7874 7789
f 7823 7717 7826
f 7874 7827 7789
f 7875 7873 7825
f 7875 7825 7876
f 7825 7828 7876
f 7833 7721 7917
f 7837 7877 7836
f 7877 7832 7830
f 7877 7837 7832
f 7833 7917 7795
f 7879 7927 7838
f 7880 7723 7836
f 7921 7839 7795
f 7725 7879 7838
f 7884 7759 7882
f 7881 7840 8027
f 7839 7883 7841
f 7885 7844 7800
f 7843 7660 7842
f 7763 7845 7846
f 7886 7802 7939
f 7802 7887 7939
f 7889 7848 7804
f 7852 7851 7888
f 7889 7852 7888
f 7804 7852 7889
f 7767 7805 7942
f 7890 7850 7853
f 7890 7853 7854
f 7891 7890 7854
f 7856 7893 7891
f 7856 7891 7855
f 7855 7891 7854
f 7856 7857 7893
f 7810 7894 7895
f 7857 7812 7893
f 7812 7896 7893
f 7899 7900 7896
f 7897 7858 7816
f 7902 7903 7814
f 7900 7899 7904
f 7899 7859 7904
f 7860 7901 7861
f 7861 7901 7897
f 7861 7897 7816
f 7903 7862 7814
f 7953 7904 7905
f 7859 7905 7904
f 7860 7906 7901
f 7863 7906 7860
f 7955 7864 7779
f 7865 7637 7956
f 7905 7866 7953
f 7906 7817 7907
f 7863 7817 7906
f 7955 8006 7864
f 7865 7956 7819
f 7867 8008 7953
f 7866 7867 7953
f 7868 7907 7817
f 8008 7867 7911
f 7819 7908 7910
f 7710 7819 7910
f 7868 7822 7907
f 7710 7910 7748
f 7867 7871 7911
f 7911 7871 7961
f 7871 7824 7961
f 7870 7914 7872
f 7873 7912 7961
f 7873 7961 7824
f 7823 7913 7822
f 7962 7912 7873
f 7826 7913 7823
f 7873 7875 7962
f 7826 8018 7913
f 7964 7830 7914
f 7875 7876 7962
f 7962 7876 7968
f 7790 7829 7826
f 7826 7829 8018
f 7915 7830 7964
f 7827 7916 7721
f 7877 7830 7915
f 7877 7915 7918
f 7721 7916 7917
f 7970 7876 7828
f 7918 7972 7877
f 7828 7878 7970
f 7970 7878 7922
f 7972 7836 7877
f 7920 7836 7972
f 7917 7919 7795
f 7919 7921 7795
f 7792 7922 7878
f 7923 7922 7792
f 7973 7834 7753
f 7924 7753 7835
f 7924 7973 7753
f 7920 7925 7880
f 7836 7920 7880
f 7792 7979 7923
f 7926 7924 7835
f 7926 7835 7927
f 7880 7925 7928
f 7839 7921 7974
f 7839 7974 7929
f 7931 7879 7725
f 7932 7931 7725
f 7928 7882 7880
f 7928 7933 7882
f 7929 7883 7839
f 7881 8069 7930
f 7881 8027 8069
f 7535 7932 7725
f 7932 7535 7884
f 7932 7884 7933
f 7933 7884 7882
f 7883 7885 7841
f 7842 8028 7840
f 7885 7934 7844
f 7936 7845 7844
f 7939 7937 7886
f 7845 7935 7846
f 7936 7935 7845
f 7887 7988 7939
f 7938 7887 7847
f 7887 7764 7847
f 7846 7938 7847
f 7889 7888 7940
f 7848 7889 7941
f 7889 7940 7941
f 7849 7848 7941
f 7943 7851 7850
f 7943 7944 7851
f 7944 7888 7851
f 7849 7942 7805
f 7943 7890 7945
f 7850 7890 7943
f 7891 7946 7945
f 7890 7891 7945
f 7892 7942 7997
f 7893 7946 7891
f 7892 7997 7947
f 7892 7948 7950
f 7892 7947 7948
f 7949 7946 7893
f 7892 7950 7810
f 7810 7950 7894
f 7949 7893 7896
f 8000 7858 7897
f 7858 7951 7813
f 7813 7951 7898
f 7952 7902 7951
f 7901 8045 7897
f 8000 7897 8045
f 7951 7902 7898
f 7952 7903 7902
f 7903 7955 7862
f 7779 7862 7955
f 7906 7954 7901
f 7906 7957 7954
f 7958 7957 7907
f 7906 7907 7957
f 7956 8055 7819
f 7953 8008 8051
f 7819 8055 7908
f 8054 7909 7864
f 7822 7958 7907
f 7869 7909 8054
f 7960 7959 7911
f 7960 7911 7961
f 7910 7874 7748
f 7912 7960 7961
f 7913 7963 7822
f 7962 8014 7960
f 7962 7960 7912
f 7874 7965 7827
f 7966 8014 7962
f 7913 8018 7963
f 7965 7969 7827
f 7966 7962 7968
f 7967 7915 7964
f 7827 7969 7916
f 7967 7918 7915
f 7916 7969 7917
f 7968 7876 7970
f 8018 7829 7971
f 7829 7834 7971
f 7917 7969 7919
f 7834 7973 7971
f 7922 7923 7975
f 7976 7973 7924
f 7980 7976 7924
f 7925 7920 7977
f 7921 7919 7974
f 7975 7923 7979
f 7926 7980 7924
f 7927 7980 7926
f 7980 7927 7879
f 7931 7980 7879
f 7925 7977 7928
f 7929 7978 7982
f 7929 7974 7978
f 7930 8069 7979
f 7983 7980 7931
f 7932 7983 7931
f 8025 7932 7933
f 8025 7933 7981
f 7981 7933 7928
f 7883 7929 7982
f 7883 7982 8026
f 8026 7885 7883
f 7984 7934 7885
f 7842 7660 8028
f 7934 7984 7844
f 7984 7985 7844
f 7691 7987 8161
f 7936 7985 7935
f 7985 7936 7844
f 7886 8032 7987
f 7886 7937 8032
f 7986 7846 7935
f 7986 7938 7846
f 7939 7988 7937
f 7986 7887 7938
f 7992 7940 7888
f 7989 7941 7940
f 7990 7941 7989
f 7849 7941 7993
f 7942 7849 7993
f 7943 7996 7991
f 7944 7943 7991
f 7992 7944 7991
f 7888 7944 7992
f 7993 7994 7942
f 7945 7995 7996
f 7996 7943 7945
f 7942 7994 7997
f 7946 7995 7945
f 7997 7999 7947
f 7999 7948 7947
f 7995 7949 7998
f 7946 7949 7995
f 7949 7896 8040
f 7998 7949 8040
f 7900 8044 8040
f 7896 7900 8040
f 7775 7895 8041
f 8001 8045 7901
f 8047 7900 7904
f 8003 8002 7954
f 7901 7954 8001
f 8001 7954 8002
f 7955 7903 8004
f 7632 7775 8134
f 7904 7953 8047
f 8047 7953 8051
f 7954 8005 8003
f 7955 8004 8006
f 7632 8134 7637
f 8134 8050 7637
f 7957 8005 7954
f 7957 8007 8005
f 7956 7637 8050
f 8007 7957 7958
f 8054 7864 8006
f 8008 7911 7959
f 7822 8009 7958
f 7869 8054 8057
f 7908 8010 7910
f 7959 7960 8056
f 7822 7963 8009
f 8057 7870 7869
f 8056 7960 8011
f 8059 8012 7870
f 7870 8012 7914
f 7910 8060 7874
f 8013 7914 8012
f 8013 7964 7914
f 7874 8017 7965
f 8018 8015 7963
f 7967 7964 8013
f 7965 8017 7969
f 7966 7968 8062
f 7967 8016 7918
f 8017 7919 7969
f 8020 8018 7971
f 8016 8019 7972
f 8019 8107 7972
f 8016 7972 7918
f 7970 7922 8065
f 7968 7970 8065
f 7971 7973 8020
f 8107 7920 7972
f 7975 8065 7922
f 8020 7973 7976
f 8020 7976 8021
f 7976 8023 8021
f 8023 7976 7980
f 7980 7983 8023
f 8024 7928 8022
f 7981 7928 8024
f 8022 7928 7977
f 8070 7983 7932
f 8025 8070 7932
f 8026 8029 7984
f 8026 7984 7885
f 8031 8028 7660
f 8030 7985 8029
f 8029 7985 7984
f 7691 8161 7660
f 7986 7935 8074
f 7935 7985 8074
f 8161 7987 8032
f 7937 8075 8032
f 8033 7986 8118
f 8118 7986 8074
f 7937 7988 8075
f 7887 8075 7988
f 8033 8075 7887
f 7986 8033 7887
f 8036 7989 7940
f 7990 7989 8037
f 7989 8036 8037
f 7990 8213 7941
f 8035 8034 7992
f 8035 7992 7991
f 8036 7992 8034
f 7940 7992 8036
f 7993 7941 8080
f 7996 8035 7991
f 7996 8038 8035
f 7996 7995 8038
f 7995 8081 8038
f 7998 8081 7995
f 7998 8082 8081
f 7948 7999 8039
f 7998 8172 8082
f 7950 7948 8039
f 8039 7894 7950
f 7998 8040 8172
f 8040 8044 8085
f 8000 8042 7858
f 7858 8043 7951
f 8045 8001 8048
f 8042 8000 8045
f 8046 8042 8045
f 7952 8043 7903
f 8041 8281 7775
f 8044 7900 8047
f 8001 8002 8048
f 8002 8003 8048
f 8045 8048 8046
f 8134 7775 8281
f 8049 8003 8005
f 8007 8049 8005
f 7958 8049 8007
f 7956 8050 8055
f 8008 8052 8051
f 8056 8052 8008
f 8009 7963 7958
f 7958 7963 8053
f 8055 8232 7908
f 8008 7959 8056
f 7908 8232 8010
f 8057 8059 7870
f 8015 8142 7963
f 8059 8013 8012
f 8011 7960 8014
f 8061 8011 8014
f 7967 8013 8059
f 7874 8060 8017
f 8014 7966 8061
f 8061 7966 8103
f 7966 8062 8103
f 8063 8016 7967
f 8019 8016 8063
f 8017 7974 7919
f 8064 7974 8017
f 8062 7968 8152
f 8108 8106 8018
f 8108 8018 8020
f 7968 8065 8152
f 8021 8108 8020
f 8066 7920 8107
f 8066 8022 7977
f 7977 7920 8066
f 7978 7974 8067
f 7982 7978 8067
f 7982 8067 8068
f 7979 8069 7975
f 8114 7983 8070
f 8025 7981 8070
f 7982 8068 8026
f 8028 8071 7840
f 8028 8031 8072
f 8028 8072 8071
f 8072 8031 8073
f 8030 8029 8074
f 7660 8161 8031
f 8074 7985 8030
f 8033 8118 8075
f 8035 8120 8034
f 8034 8120 8036
f 8077 8036 8076
f 8037 8036 8077
f 7990 8037 8213
f 8038 8079 8035
f 8079 8120 8035
f 8213 8078 7941
f 7941 8078 8080
f 7993 8080 7994
f 7999 7997 8083
f 8039 7999 8084
f 8172 8040 8085
f 7895 8126 8041
f 8085 8044 8086
f 7951 8043 7952
f 8126 8088 8041
f 8086 8044 8047
f 8046 8087 8042
f 8046 8089 8087
f 8281 8041 8088
f 8048 8003 8132
f 8048 8090 8046
f 8089 8046 8090
f 8129 8004 7903
f 8047 8051 8131
f 8003 8091 8132
f 8094 8092 8051
f 7958 8093 8049
f 8004 8054 8006
f 8051 8052 8094
f 7958 8053 8093
f 8095 8054 8004
f 8055 8050 8140
f 7963 8138 8053
f 8140 8232 8055
f 7963 8096 8138
f 8097 8057 8054
f 8232 8141 8010
f 8052 8056 8098
f 7963 8142 8096
f 8099 8057 8097
f 7910 8010 8141
f 8141 8058 7910
f 8056 8011 8098
f 8099 8059 8057
f 8100 8059 8099
f 7910 8058 8060
f 8061 8098 8011
f 8061 8103 8098
f 8100 7967 8059
f 8101 7967 8100
f 8101 8102 7967
f 8018 8199 8015
f 7967 8102 8104
f 8104 8063 7967
f 8060 8064 8017
f 8103 8062 8346
f 8106 8199 8018
f 8104 8019 8063
f 8064 8105 7974
f 8152 8148 8062
f 8148 8346 8062
f 8104 8107 8019
f 7975 8152 8065
f 8023 8111 8021
f 8022 8109 8112
f 8066 8107 8109
f 8022 8066 8109
f 8110 8067 7974
f 8068 8067 8110
f 7981 8024 8112
f 8112 8024 8022
f 8157 8023 7983
f 8157 7983 8114
f 8114 8070 8113
f 8113 8070 7981
f 8027 8115 8069
f 8029 8026 8116
f 8116 8026 8068
f 8115 8027 7840
f 8074 8029 8117
f 8117 8029 8116
f 8118 8074 8119
f 8119 8074 8117
f 8032 8162 8161
f 8032 8118 8162
f 8075 8118 8032
f 8037 8077 8121
f 8037 8121 8213
f 8122 8079 8038
f 8081 8122 8038
f 8078 7994 8080
f 8122 8082 8123
f 8081 8082 8122
f 7997 7994 8124
f 7997 8124 8083
f 7894 8125 7895
f 8175 8085 8086
f 7895 8125 8126
f 8175 8086 8178
f 8127 8042 8087
f 8128 8042 8127
f 8042 8128 7858
f 7858 8128 8043
f 8126 8222 8088
f 8086 8047 8178
f 8087 8130 8127
f 8087 8089 8130
f 8043 8129 7903
f 8047 8131 8178
f 8090 8184 8089
f 8090 8048 8184
f 8089 8184 8130
f 8229 8134 8281
f 8092 8131 8051
f 8133 8003 8049
f 8003 8185 8091
f 8132 8091 8185
f 8136 8004 8129
f 8135 8133 8093
f 8133 8049 8093
f 8092 8094 8137
f 8135 8093 8138
f 8134 8140 8050
f 8137 8094 8052
f 8139 8137 8052
f 8053 8138 8093
f 8054 8095 8192
f 8192 8097 8054
f 8052 8098 8193
f 8143 8096 8142
f 8099 8097 8100
f 8141 8197 8058
f 8193 8098 8144
f 8015 8198 8142
f 8142 8198 8143
f 8058 8197 8060
f 8098 8145 8144
f 8098 8103 8145
f 8145 8103 8235
f 8015 8199 8198
f 8102 8101 8146
f 8197 8064 8060
f 8235 8103 8346
f 8104 8146 8147
f 8102 8146 8104
f 8149 8104 8147
f 8149 8107 8104
f 8150 8108 8021
f 8149 8109 8107
f 8110 8105 8151
f 8110 7974 8105
f 8111 8150 8021
f 8068 8110 8151
f 7975 8153 8152
f 8154 8111 8023
f 8155 8113 7981
f 7981 8112 8155
f 8153 7975 8069
f 8157 8154 8023
f 8158 8068 8156
f 8116 8068 8158
f 8116 8158 8249
f 8115 7840 8302
f 8159 8160 8117
f 8116 8159 8117
f 8160 8119 8117
f 8118 8207 8162
f 8036 8209 8076
f 8077 8076 8163
f 8164 8120 8079
f 8164 8165 8120
f 8036 8120 8165
f 8209 8036 8165
f 8077 8163 8121
f 8163 8166 8121
f 8121 8166 8213
f 8122 8167 8164
f 8079 8122 8164
f 8078 8263 8168
f 8168 7994 8078
f 8167 8122 8123
f 8169 8167 8123
f 7994 8168 8170
f 7994 8170 8171
f 8082 8169 8123
f 7994 8171 8083
f 7994 8083 8124
f 8082 8172 8169
f 8172 8085 8215
f 8177 8173 8174
f 8039 8084 8217
f 8217 7894 8039
f 8176 8173 8177
f 8125 8222 8126
f 8179 8043 8128
f 8179 8129 8043
f 8130 8182 8128
f 8130 8128 8127
f 8128 8183 8179
f 8128 8182 8183
f 8183 8129 8179
f 8178 8131 8181
f 8180 8178 8181
f 8132 8279 8048
f 8224 8279 8132
f 8279 8184 8048
f 8130 8184 8182
f 8183 8136 8129
f 8092 8225 8181
f 8131 8092 8181
f 8226 8003 8133
f 8226 8185 8003
f 8132 8185 8224
f 8183 8186 8136
f 8137 8187 8225
f 8137 8225 8092
f 8133 8135 8226
f 8226 8135 8188
f 8229 8189 8134
f 8139 8187 8137
f 8188 8138 8190
f 8188 8135 8138
f 8134 8189 8140
f 8191 8095 8004
f 8096 8194 8138
f 8138 8194 8190
f 8192 8095 8191
f 8052 8193 8231
f 8143 8194 8096
f 8198 8194 8143
f 8198 8195 8194
f 8196 8100 8097
f 8196 8101 8100
f 8196 8146 8101
f 8196 8240 8147
f 8196 8147 8146
f 8106 8200 8199
f 8240 8149 8147
f 8064 8238 8105
f 8106 8108 8200
f 8200 8108 8150
f 8201 8200 8150
f 8152 8346 8148
f 8112 8247 8202
f 8109 8247 8112
f 8151 8245 8068
f 8203 8111 8154
f 8113 8155 8202
f 8202 8155 8112
f 8245 8156 8068
f 8158 8156 8245
f 8157 8203 8154
f 8203 8157 8114
f 8203 8114 8113
f 8115 8153 8069
f 8115 8204 8153
f 8115 8302 8204
f 8159 8250 8205
f 8116 8249 8159
f 8159 8249 8250
f 8072 8305 8071
f 8072 8073 8305
f 8205 8160 8159
f 8031 8306 8073
f 8161 8206 8031
f 8031 8206 8306
f 8161 8162 8206
f 8207 8118 8119
f 8163 8076 8209
f 8163 8209 8210
f 8208 8165 8211
f 8211 8165 8164
f 8209 8165 8208
f 8163 8210 8259
f 8166 8163 8259
f 8166 8259 8213
f 8167 8211 8164
f 8263 8078 8213
f 8211 8169 8212
f 8211 8167 8169
f 8168 8264 8171
f 8168 8263 8264
f 8169 8214 8212
f 8168 8171 8170
f 8172 8215 8214
f 8169 8172 8214
f 8171 7999 8083
f 8216 8268 8173
f 8268 8174 8173
f 8175 8215 8085
f 8173 8220 8216
f 8218 7894 8217
f 8176 8220 8173
f 8221 8125 8218
f 8218 8125 7894
f 8180 8219 8178
f 8178 8219 8175
f 8221 8222 8125
f 8180 8181 8273
f 8223 8273 8181
f 8223 8181 8225
f 8185 8226 8277
f 8185 8277 8224
f 8187 8223 8225
f 8228 8188 8227
f 8226 8188 8228
f 8187 8139 8223
f 8223 8139 8283
f 8190 8227 8188
f 8328 8004 8136
f 8139 8052 8283
f 8283 8052 8231
f 8191 8328 8329
f 8191 8004 8328
f 8189 8230 8140
f 8192 8191 8329
f 8097 8192 8329
f 8233 8231 8193
f 8141 8232 8197
f 8193 8144 8234
f 8233 8193 8234
f 8237 8196 8097
f 8145 8235 8234
f 8144 8145 8234
f 8198 8236 8195
f 8196 8237 8240
f 8236 8198 8239
f 8199 8239 8198
f 8235 8346 8241
f 8286 8149 8240
f 8238 8242 8105
f 8201 8243 8200
f 8247 8149 8286
f 8105 8242 8244
f 8150 8243 8201
f 8247 8109 8149
f 8151 8105 8244
f 8151 8244 8245
f 8346 8152 8153
f 8520 8346 8153
f 8248 8111 8203
f 8248 8203 8113
f 8113 8202 8246
f 8113 8246 8248
f 8153 8204 8301
f 7840 8251 8302
f 8071 8399 7840
f 7840 8399 8251
f 8252 8205 8250
f 8073 8253 8305
f 8253 8073 8306
f 8205 8254 8160
f 8206 8162 8255
f 8207 8255 8162
f 8209 8208 8257
f 8209 8257 8210
f 8258 8256 8211
f 8256 8208 8211
f 8213 8259 8260
f 8212 8261 8258
f 8211 8212 8258
f 8212 8262 8261
f 8213 8312 8263
f 8262 8212 8214
f 8171 8264 8313
f 8215 8265 8262
f 8215 8262 8214
f 8267 8268 8266
f 8270 8268 8267
f 8171 8313 7999
f 8269 8266 8216
f 8216 8266 8268
f 8270 8174 8268
f 8315 8174 8270
f 7999 8362 8084
f 8215 8175 8265
f 8271 8266 8269
f 8220 8269 8216
f 8318 8174 8315
f 8221 8218 8217
f 8175 8219 8265
f 8220 8271 8269
f 8318 8177 8174
f 8177 8220 8176
f 8221 8272 8222
f 8222 8275 8088
f 8281 8088 8275
f 8223 8274 8273
f 8277 8373 8224
f 8373 8278 8224
f 8184 8279 8182
f 8182 8280 8183
f 8279 8280 8182
f 8228 8282 8226
f 8282 8277 8226
f 8282 8276 8277
f 8280 8186 8183
f 8274 8223 8283
f 8228 8227 8282
f 8231 8285 8283
f 8190 8284 8227
f 8231 8233 8285
f 8233 8234 8325
f 8325 8234 8331
f 8234 8235 8331
f 8331 8235 8287
f 8240 8237 8286
f 8239 8340 8236
f 8290 8289 8288
f 8235 8241 8390
f 8292 8239 8199
f 8293 8199 8200
f 8293 8292 8199
f 8293 8200 8243
f 8346 8390 8241
f 8288 8294 8290
f 8295 8244 8242
f 8150 8111 8243
f 8288 8296 8294
f 8291 8290 8294
f 8297 8245 8295
f 8245 8244 8295
f 8294 8296 8248
f 8202 8298 8246
f 8298 8294 8246
f 8294 8248 8246
f 8247 8298 8202
f 8158 8297 8299
f 8245 8297 8158
f 8296 8111 8248
f 8158 8299 8249
f 8520 8153 8301
f 8204 8302 8301
f 8250 8300 8303
f 8399 8071 8305
f 8303 8252 8250
f 8304 8252 8303
f 8206 8307 8306
f 8255 8307 8206
f 8119 8160 8254
f 8308 8307 8255
f 8207 8308 8255
f 8119 8308 8207
f 8403 8309 8210
f 8210 8257 8403
f 8309 8259 8210
f 8310 8256 8258
f 8312 8213 8260
f 8261 8310 8258
f 8310 8262 8311
f 8310 8261 8262
f 8312 8408 8263
f 8408 8313 8263
f 8263 8313 8264
f 8311 8262 8265
f 7999 8313 8314
f 8084 8362 8317
f 8217 8084 8317
f 8320 8316 8265
f 8265 8219 8320
f 8217 8317 8319
f 8221 8217 8319
f 8221 8319 8272
f 8219 8180 8320
f 8321 8271 8220
f 8318 8321 8220
f 8318 8220 8177
f 8323 8324 8322
f 8272 8275 8222
f 8180 8273 8320
f 8320 8273 8372
f 8280 8324 8323
f 8372 8273 8274
f 8279 8324 8280
f 8276 8373 8277
f 8224 8278 8279
f 8374 8274 8325
f 8282 8326 8276
f 8274 8283 8325
f 8284 8282 8227
f 8326 8282 8284
f 8186 8424 8136
f 8327 8424 8186
f 8136 8424 8630
f 8230 8189 8229
f 8630 8328 8136
f 8283 8285 8325
f 8330 8232 8140
f 8285 8233 8325
f 8232 8330 8197
f 8331 8332 8381
f 8331 8381 8325
f 8335 8332 8287
f 8332 8331 8287
f 8336 8337 8433
f 8333 8334 8286
f 8334 8385 8286
f 8333 8286 8237
f 8289 8339 8338
f 8292 8293 8336
f 8337 8347 8338
f 8337 8336 8347
f 8338 8347 8289
f 8389 8339 8289
f 8341 8289 8290
f 8341 8389 8289
f 8341 8290 8291
f 8341 8286 8385
f 8238 8343 8242
f 8387 8343 8238
f 8235 8390 8287
f 8342 8239 8292
f 8342 8340 8239
f 8336 8293 8347
f 8347 8288 8289
f 8243 8111 8293
f 8291 8247 8341
f 8341 8247 8286
f 8295 8343 8345
f 8242 8343 8295
f 8390 8346 8344
f 8293 8111 8347
f 8347 8296 8288
f 8294 8298 8291
f 8291 8298 8247
f 8345 8297 8295
f 8111 8296 8347
f 8250 8299 8348
f 8250 8348 8349
f 8249 8299 8250
f 8520 8301 8443
f 8300 8349 8350
f 8300 8250 8349
f 8301 8394 8443
f 8301 8302 8394
f 8300 8350 8303
f 8303 8350 8304
f 8302 8251 8394
f 8351 8252 8304
f 8253 8306 8352
f 8253 8352 8305
f 8254 8205 8351
f 8252 8351 8205
f 8306 8353 8352
f 8306 8307 8353
f 8308 8354 8307
f 8308 8119 8354
f 8355 8208 8256
f 8355 8404 8208
f 8404 8257 8208
f 8403 8257 8565
f 8356 8259 8309
f 8356 8260 8259
f 8355 8310 8357
f 8256 8310 8355
f 8310 8311 8357
f 8358 8311 8265
f 8359 8313 8524
f 8313 8359 8314
f 8358 8265 8360
f 8270 8412 8315
f 8361 8315 8412
f 8265 8316 8360
f 8271 8453 8266
f 8364 8315 8361
f 8367 8317 8362
f 8363 8316 8320
f 8271 8369 8453
f 8318 8315 8364
f 8319 8317 8367
f 8618 8272 8367
f 8272 8319 8367
f 8363 8320 8368
f 8369 8271 8321
f 8370 8318 8364
f 8370 8365 8324
f 8370 8364 8365
f 8324 8365 8322
f 8322 8365 8366
f 8371 8322 8366
f 8371 8323 8322
f 8368 8320 8372
f 8278 8318 8370
f 8274 8368 8372
f 8274 8375 8368
f 8278 8321 8318
f 8373 8321 8278
f 8279 8278 8324
f 8324 8278 8370
f 8421 8281 8275
f 8375 8274 8374
f 8376 8373 8276
f 8421 8229 8281
f 8284 8376 8326
f 8376 8276 8326
f 8423 8186 8280
f 8327 8186 8423
f 8378 8328 8630
f 8328 8378 8329
f 8329 8378 8427
f 8230 8379 8140
f 8379 8330 8140
f 8377 8325 8380
f 8427 8097 8329
f 8330 8064 8197
f 8380 8325 8381
f 8427 8237 8097
f 8332 8380 8381
f 8333 8237 8427
f 8332 8335 8380
f 8380 8335 8383
f 8465 8238 8064
f 8336 8433 8384
f 8236 8342 8384
f 8384 8292 8336
f 8386 8341 8385
f 8287 8388 8335
f 8236 8340 8342
f 8342 8292 8384
f 8436 8389 8341
f 8287 8390 8388
f 8345 8343 8391
f 8345 8391 8297
f 8346 8392 8344
f 8297 8440 8299
f 8346 8640 8392
f 8440 8348 8299
f 8346 8520 8640
f 8393 8350 8349
f 8397 8304 8393
f 8304 8350 8393
f 8394 8445 8395
f 8394 8251 8445
f 8399 8398 8251
f 8251 8398 8445
f 8398 8399 8400
f 8351 8304 8396
f 8397 8396 8304
f 8399 8305 8400
f 8352 8401 8305
f 8305 8401 8400
f 8352 8353 8401
f 8307 8402 8353
f 8307 8354 8402
f 8354 8119 8254
f 8607 8356 8309
f 8257 8404 8565
f 8607 8260 8356
f 8404 8355 8357
f 8405 8404 8357
f 8406 8312 8260
f 8357 8407 8405
f 8312 8406 8408
f 8311 8407 8357
f 8313 8408 8524
f 8358 8409 8407
f 8358 8360 8409
f 8311 8358 8407
f 8524 8410 8359
f 8411 8267 8266
f 8359 8410 8314
f 8414 7999 8314
f 8411 8270 8267
f 8414 8415 8362
f 8414 8362 7999
f 8364 8361 8413
f 8416 8364 8413
f 8415 8367 8362
f 8415 8418 8367
f 8416 8365 8364
f 8416 8366 8365
f 8366 8416 8417
f 8418 8618 8367
f 8363 8368 8528
f 8417 8371 8366
f 8419 8272 8618
f 8272 8419 8275
f 8373 8369 8321
f 8369 8373 8420
f 8374 8456 8375
f 8373 8376 8422
f 8457 8423 8280
f 8374 8325 8456
f 8284 8422 8376
f 8424 8327 8423
f 8425 8325 8377
f 8230 8229 8461
f 8425 8377 8499
f 8284 8460 8422
f 8499 8377 8426
f 8190 8460 8284
f 8426 8377 8462
f 8194 8195 8190
f 8428 8379 8230
f 8379 8428 8330
f 8377 8380 8462
f 8462 8380 8429
f 8464 8330 8428
f 8464 8064 8330
f 8430 8429 8380
f 8469 8430 8380
f 8380 8383 8469
f 8334 8333 8467
f 8334 8467 8468
f 8469 8383 8517
f 8431 8382 8236
f 8432 8236 8384
f 8432 8431 8236
f 8432 8384 8433
f 8468 8385 8334
f 8386 8385 8468
f 8383 8335 8517
f 8516 8338 8339
f 8516 8339 8435
f 8472 8387 8238
f 8434 8387 8472
f 8435 8339 8389
f 8436 8435 8389
f 8341 8386 8436
f 8387 8434 8343
f 8388 8390 8438
f 8335 8388 8438
f 8390 8344 8438
f 8344 8477 8438
f 8437 8391 8343
f 8439 8477 8344
f 8344 8392 8439
f 8348 8440 8441
f 8348 8441 8349
f 8441 8442 8349
f 8444 8393 8442
f 8442 8393 8349
f 8395 8481 8394
f 8351 8396 8482
f 8444 8482 8397
f 8482 8396 8397
f 8393 8444 8397
f 8395 8445 8481
f 8484 8351 8482
f 8400 8446 8398
f 8401 8486 8400
f 8400 8486 8446
f 8448 8254 8484
f 8484 8254 8351
f 8401 8353 8447
f 8402 8447 8353
f 8448 8402 8354
f 8254 8448 8354
f 8309 8403 8607
f 8565 8404 8449
f 8404 8405 8449
f 8406 8260 8450
f 8406 8450 8451
f 8406 8451 8408
f 8405 8407 8409
f 8408 8451 8524
f 8314 8410 8525
f 8525 8414 8314
f 8452 8266 8453
f 8411 8491 8270
f 8412 8527 8361
f 8270 8527 8412
f 8413 8361 8527
f 8414 8525 8415
f 8416 8413 8531
f 8363 8528 8454
f 8316 8363 8454
f 8417 8416 8531
f 8323 8371 8417
f 8528 8368 8375
f 8417 8280 8323
f 8457 8280 8417
f 8455 8369 8420
f 8458 8421 8275
f 8373 8422 8420
f 8459 8421 8458
f 8459 8229 8421
f 8424 8423 8457
f 8229 8459 8461
f 8425 8499 8538
f 8325 8425 8538
f 8462 8463 8426
f 8230 8505 8428
f 8462 8429 8463
f 8463 8429 8466
f 8464 8465 8064
f 8430 8508 8466
f 8429 8430 8466
f 8467 8333 8427
f 8430 8469 8508
f 8382 8195 8236
f 8465 8472 8238
f 8432 8433 8470
f 8471 8433 8337
f 8471 8470 8433
f 8382 8431 8473
f 8474 8431 8432
f 8473 8431 8474
f 8515 8471 8337
f 8515 8337 8338
f 8517 8335 8438
f 8434 8475 8343
f 8437 8475 8476
f 8437 8343 8475
f 8391 8437 8476
f 8391 8476 8478
f 8477 8439 8438
f 8391 8478 8297
f 8440 8478 8518
f 8440 8297 8478
f 8392 8479 8439
f 8640 8479 8392
f 8441 8440 8518
f 8442 8441 8444
f 8394 8480 8443
f 8394 8481 8480
f 8445 8483 8481
f 8445 8522 8483
f 8398 8561 8445
f 8445 8561 8522
f 8398 8446 8561
f 8484 8485 8448
f 8482 8485 8484
f 8446 8486 8561
f 8447 8487 8401
f 8401 8487 8486
f 8488 8448 8564
f 8402 8487 8447
f 8488 8487 8402
f 8448 8488 8402
f 8403 8565 8607
f 8489 8449 8405
f 8489 8405 8409
f 8409 8360 8489
f 8451 8450 8524
f 8525 8410 8524
f 8452 8411 8266
f 8454 8490 8316
f 8491 8527 8270
f 8415 8525 8492
f 8527 8576 8413
f 8531 8413 8576
f 8415 8492 8418
f 8369 8495 8453
f 8493 8417 8531
f 8528 8375 8494
f 8495 8369 8455
f 8493 8457 8417
f 8456 8496 8494
f 8375 8456 8494
f 8493 8497 8457
f 8538 8496 8325
f 8325 8496 8456
f 8422 8498 8420
f 8422 8501 8498
f 8422 8460 8501
f 8457 8500 8424
f 8630 8424 8500
f 8499 8426 8502
f 8461 8503 8230
f 8502 8426 8504
f 8503 8505 8230
f 8426 8463 8504
f 8506 8427 8378
f 8505 8545 8428
f 8504 8463 8508
f 8464 8428 8545
f 8545 8465 8464
f 8463 8466 8508
f 8507 8427 8506
f 8507 8467 8427
f 8382 8511 8195
f 8509 8468 8510
f 8510 8467 8507
f 8382 8512 8511
f 8510 8468 8467
f 8382 8473 8512
f 8509 8386 8468
f 8509 8513 8386
f 8469 8517 8508
f 8553 8474 8432
f 8516 8515 8338
f 8513 8516 8435
f 8513 8435 8436
f 8513 8436 8386
f 8434 8472 8596
f 8434 8596 8475
f 8517 8438 8598
f 8439 8479 8438
f 8518 8519 8441
f 8441 8519 8521
f 8444 8441 8521
f 8482 8444 8521
f 8481 8765 8480
f 8482 8560 8485
f 8560 8482 8521
f 8481 8483 8765
f 8765 8483 8522
f 8486 8680 8561
f 8487 8680 8486
f 8488 8680 8487
f 8564 8448 8485
f 8489 8567 8449
f 8567 8565 8449
f 8450 8260 8609
f 8523 8567 8489
f 8450 8609 8572
f 8360 8523 8489
f 8450 8572 8524
f 8360 8316 8523
f 8574 8525 8613
f 8526 8490 8454
f 8527 8491 8575
f 8492 8574 8418
f 8492 8525 8574
f 8454 8528 8526
f 8452 8529 8411
f 8411 8529 8491
f 8575 8491 8529
f 8527 8575 8530
f 8527 8530 8576
f 8453 8534 8452
f 8617 8493 8531
f 8494 8533 8532
f 8528 8494 8532
f 8453 8495 8534
f 8452 8534 8529
f 8495 8579 8534
f 8533 8494 8535
f 8494 8496 8535
f 8420 8578 8455
f 8420 8536 8578
f 8275 8537 8458
f 8539 8535 8538
f 8496 8538 8535
f 8420 8498 8536
f 8497 8540 8457
f 8458 8537 8541
f 8459 8458 8541
f 8538 8499 8539
f 8501 8542 8498
f 8457 8540 8543
f 8543 8500 8457
f 8459 8541 8461
f 8541 8628 8461
f 8502 8544 8539
f 8499 8502 8539
f 8461 8628 8503
f 8502 8504 8544
f 8190 8195 8460
f 8504 8548 8544
f 8504 8508 8548
f 8511 8547 8195
f 8506 8546 8507
f 8546 8510 8507
f 8511 8514 8547
f 8465 8596 8472
f 8545 8596 8465
f 8548 8508 8549
f 8512 8514 8511
f 8473 8514 8512
f 8470 8550 8432
f 8550 8470 8471
f 8515 8597 8471
f 8509 8597 8513
f 8550 8553 8432
f 8515 8516 8597
f 8597 8516 8513
f 8475 8551 8554
f 8475 8596 8551
f 8552 8508 8517
f 8555 8552 8517
f 8553 8473 8474
f 8553 8514 8473
f 8517 8598 8555
f 8476 8554 8478
f 8475 8554 8476
f 8438 8479 8598
f 8556 8518 8478
f 8557 8518 8556
f 8558 8519 8557
f 8519 8518 8557
f 8558 8521 8519
f 8520 8443 8642
f 8521 8558 8559
f 8521 8559 8560
f 8485 8562 8564
f 8488 8564 8680
f 8680 8564 8563
f 8566 8260 8607
f 8568 8260 8566
f 8571 8569 8567
f 8569 8570 8567
f 8567 8523 8571
f 8316 8490 8571
f 8523 8316 8571
f 8572 8525 8524
f 8613 8525 8572
f 8526 8573 8490
f 8532 8526 8528
f 8616 8575 8529
f 8575 8617 8530
f 8617 8576 8530
f 8531 8576 8617
f 8532 8533 8577
f 8497 8493 8617
f 8455 8578 8495
f 8495 8578 8579
f 8578 8620 8579
f 8275 8419 8623
f 8577 8533 8535
f 8580 8577 8535
f 8660 8497 8657
f 8275 8623 8537
f 8535 8539 8580
f 8542 8536 8498
f 8660 8581 8497
f 8497 8581 8540
f 8581 8543 8540
f 8539 8544 8626
f 8501 8582 8542
f 8543 8630 8500
f 8582 8501 8460
f 8582 8460 8584
f 8195 8584 8460
f 8506 8378 8630
f 8505 8503 8585
f 8548 8583 8544
f 8547 8587 8586
f 8505 8585 8588
f 8588 8545 8505
f 8583 8548 8590
f 8547 8593 8587
f 8592 8546 8506
f 8589 8587 8593
f 8510 8546 8591
f 8546 8592 8591
f 8595 8594 8509
f 8595 8510 8591
f 8509 8510 8595
f 8548 8549 8590
f 8547 8514 8553
f 8594 8597 8509
f 8553 8550 8547
f 8547 8550 8593
f 8508 8552 8549
f 8552 8598 8549
f 8552 8555 8598
f 8554 8721 8478
f 8478 8601 8556
f 8479 8600 8598
f 8556 8601 8557
f 8558 8601 8602
f 8558 8602 8603
f 8557 8601 8558
f 8520 8642 8640
f 8603 8559 8558
f 8485 8604 8562
f 8485 8560 8604
f 8605 8564 8562
f 8605 8563 8564
f 8565 8606 8607
f 8608 8565 8567
f 8608 8567 8570
f 8609 8260 8568
f 8610 8569 8571
f 8609 8568 8650
f 8572 8609 8650
f 8572 8650 8611
f 8490 8610 8571
f 8490 8573 8610
f 8613 8612 8614
f 8613 8572 8612
f 8573 8526 8615
f 8614 8574 8613
f 8653 8574 8614
f 8615 8526 8532
f 8575 8616 8617
f 8574 8653 8418
f 8534 8616 8529
f 8534 8620 8616
f 8618 8654 8419
f 8577 8621 8619
f 8620 8534 8579
f 8617 8657 8497
f 8577 8580 8621
f 8536 8622 8578
f 8625 8622 8536
f 8580 8539 8621
f 8621 8539 8624
f 8625 8536 8542
f 8664 8541 8537
f 8664 8537 8623
f 8626 8624 8539
f 8582 8627 8542
f 8625 8542 8627
f 8543 8581 8629
f 8628 8541 8664
f 8626 8544 8631
f 8582 8584 8627
f 8629 8630 8543
f 8544 8583 8631
f 8584 8195 8632
f 8547 8633 8632
f 8592 8506 8630
f 8631 8583 8590
f 8547 8632 8195
f 8547 8586 8633
f 8586 8711 8633
f 8587 8711 8586
f 8711 8589 8634
f 8587 8589 8711
f 8593 8634 8589
f 8592 8635 8591
f 8593 8637 8634
f 8595 8591 8635
f 8545 8636 8596
f 8551 8636 8638
f 8551 8596 8636
f 8550 8637 8593
f 8471 8637 8550
f 8637 8471 8597
f 8554 8551 8638
f 8590 8549 8673
f 8549 8598 8673
f 8598 8674 8673
f 8599 8674 8598
f 8478 8721 8601
f 8721 8639 8601
f 8598 8600 8599
f 8601 8639 8676
f 8676 8602 8601
f 8642 8763 8640
f 8641 8559 8603
f 8443 8643 8642
f 8559 8641 8560
f 8443 8480 8643
f 8678 8562 8604
f 8678 8604 8560
f 8522 8884 8765
f 8522 8644 8884
f 8561 8644 8522
f 8680 8644 8561
f 8678 8679 8562
f 8679 8605 8562
f 8679 8563 8605
f 8645 8563 8679
f 8606 8565 8683
f 8607 8606 8685
f 8607 8685 8566
f 8566 8685 8646
f 8647 8570 8569
f 8566 8646 8648
f 8568 8566 8648
f 8610 8649 8647
f 8569 8610 8647
f 8649 8610 8573
f 8688 8649 8573
f 8572 8611 8612
f 8573 8651 8688
f 8573 8615 8651
f 8651 8615 8652
f 8532 8691 8652
f 8615 8532 8652
f 8577 8691 8532
f 8418 8653 8654
f 8618 8418 8654
f 8655 8577 8619
f 8654 8658 8419
f 8656 8655 8621
f 8621 8655 8619
f 8622 8620 8578
f 8623 8419 8658
f 8656 8621 8659
f 8625 8703 8622
f 8621 8624 8659
f 8625 8661 8703
f 8623 8705 8664
f 8659 8626 8670
f 8624 8626 8659
f 8662 8661 8627
f 8625 8627 8661
f 8663 8629 8581
f 8626 8631 8670
f 8584 8662 8627
f 8584 8665 8662
f 8663 8710 8668
f 8663 8668 8629
f 8503 8628 8585
f 8628 8666 8585
f 8665 8584 8632
f 8633 8665 8632
f 8631 8590 8670
f 8668 8592 8629
f 8629 8592 8630
f 8669 8711 8634
f 8667 8595 8668
f 8668 8635 8592
f 8668 8595 8635
f 8667 8594 8595
f 8588 8636 8545
f 8637 8669 8634
f 8718 8597 8594
f 8670 8590 8671
f 8718 8672 8637
f 8597 8718 8637
f 8638 8721 8554
f 8675 8674 8599
f 8599 8600 8675
f 8639 8721 8676
f 8602 8676 8677
f 8643 8883 8642
f 8643 8797 8883
f 8643 8480 8797
f 8480 8765 8797
f 8560 8726 8678
f 8681 8679 8729
f 8563 8682 8680
f 8645 8681 8563
f 8679 8681 8645
f 8799 8730 8608
f 8685 8606 8684
f 8799 8570 8686
f 8686 8570 8647
f 8608 8570 8799
f 8649 8686 8647
f 8650 8568 8687
f 8611 8650 8687
f 8688 8731 8686
f 8649 8688 8686
f 8611 8687 8689
f 8689 8612 8611
f 8651 8733 8688
f 8733 8651 8652
f 8612 8689 8614
f 8692 8690 8691
f 8690 8652 8691
f 8653 8614 8777
f 8691 8655 8692
f 8691 8577 8655
f 8696 8653 8777
f 8655 8693 8692
f 8655 8697 8693
f 8694 8622 8703
f 8698 8694 8695
f 8622 8694 8698
f 8700 8616 8620
f 8657 8617 8616
f 8657 8616 8700
f 8653 8696 8701
f 8701 8654 8653
f 8701 8658 8654
f 8697 8655 8656
f 8702 8697 8656
f 8620 8622 8698
f 8620 8698 8699
f 8699 8700 8620
f 8700 8704 8657
f 8656 8659 8702
f 8702 8659 8706
f 8704 8660 8657
f 8658 8705 8623
f 8661 8708 8703
f 8704 8581 8660
f 8706 8659 8670
f 8662 8708 8661
f 8705 8628 8664
f 8665 8708 8662
f 8704 8710 8581
f 8704 8707 8710
f 8710 8663 8581
f 8665 8709 8708
f 8633 8709 8665
f 8707 8751 8667
f 8707 8667 8668
f 8707 8668 8710
f 8669 8712 8711
f 8588 8585 8715
f 8714 8594 8667
f 8588 8715 8716
f 8716 8636 8588
f 8714 8718 8594
f 8716 8717 8636
f 8670 8671 8713
f 8672 8669 8637
f 8719 8638 8636
f 8638 8719 8721
f 8671 8720 8713
f 8720 8671 8590
f 8590 8673 8720
f 8674 8722 8673
f 8674 8675 8722
f 8676 8721 8723
f 8676 8723 8761
f 8600 8760 8675
f 8676 8761 8677
f 8600 8842 8760
f 8479 8842 8600
f 8724 8602 8677
f 8603 8602 8724
f 8763 8642 8796
f 8724 8725 8641
f 8603 8724 8641
f 8642 8764 8796
f 8642 8883 8764
f 8725 8727 8726
f 8725 8726 8641
f 8641 8726 8560
f 8679 8678 8727
f 8727 8678 8726
f 8728 8563 8681
f 8728 8681 8767
f 8681 8729 8767
f 8727 8729 8679
f 8682 8644 8680
f 8728 8644 8682
f 8563 8728 8682
f 8565 8768 8683
f 8606 8683 8684
f 8768 8565 8608
f 8730 8768 8608
f 8685 8684 8853
f 8685 8853 8770
f 8646 8685 8770
f 8798 8799 8686
f 8646 8770 8772
f 8646 8772 8648
f 8568 8648 8773
f 8648 8772 8773
f 8773 8687 8568
f 8798 8686 8731
f 8731 8688 8732
f 8689 8687 8807
f 8733 8732 8688
f 8690 8692 8734
f 8734 8692 8693
f 8735 8734 8693
f 8694 8736 8695
f 8697 8735 8693
f 8694 8703 8737
f 8736 8738 8695
f 8695 8738 8698
f 8738 8739 8698
f 8698 8739 8699
f 8700 8699 8739
f 8697 8702 8735
f 8703 8740 8737
f 8701 8743 8658
f 8739 8742 8700
f 8700 8742 8704
f 8658 8743 8705
f 8670 8780 8706
f 8708 8740 8703
f 8746 8741 8740
f 8744 8741 8746
f 8708 8746 8740
f 8742 8707 8704
f 8745 8628 8705
f 8708 8747 8746
f 8628 8745 8666
f 8709 8747 8708
f 8709 8748 8747
f 8749 8709 8633
f 8633 8711 8749
f 8742 8751 8707
f 8711 8712 8749
f 8670 8713 8750
f 8752 8712 8669
f 8667 8751 8714
f 8717 8716 8715
f 8669 8672 8752
f 8752 8672 8714
f 8717 8753 8636
f 8750 8713 8754
f 8672 8718 8714
f 8753 8719 8636
f 8719 8755 8721
f 8720 8756 8754
f 8720 8754 8713
f 8757 8756 8720
f 8757 8720 8673
f 8722 8757 8673
f 8758 8723 8721
f 8675 8757 8722
f 8675 8759 8757
f 8760 8759 8675
f 8760 8841 8759
f 8760 8842 8841
f 8761 8762 8724
f 8677 8761 8724
f 8724 8762 8725
f 8847 8727 8725
f 8766 8727 8848
f 8848 8727 8847
f 8728 8767 8644
f 8766 8767 8729
f 8727 8766 8729
f 8683 8800 8684
f 8730 8799 8769
f 8768 8730 8769
f 8683 8768 8769
f 8800 8683 8769
f 8684 8800 8853
f 8770 8802 8772
f 8771 8798 8731
f 8732 8771 8731
f 8687 8773 8803
f 8687 8803 8774
f 8687 8774 8807
f 8690 8734 8775
f 8652 8690 8775
f 8614 8689 8934
f 8614 8934 8777
f 8735 8778 8734
f 8734 8778 8776
f 8694 8810 8736
f 8859 8739 8810
f 8702 8891 8778
f 8735 8702 8778
f 8694 8737 8809
f 8809 8737 8779
f 8810 8738 8736
f 8738 8810 8739
f 8706 8891 8702
f 8740 8779 8737
f 8706 8780 8891
f 8740 8741 8782
f 8781 8784 8742
f 8739 8781 8742
f 8780 8670 8811
f 8811 8670 8783
f 8744 8782 8741
f 8705 8743 9036
f 8744 8785 8782
f 8745 8705 9036
f 8750 8788 8783
f 8670 8750 8783
f 8786 8744 8746
f 8786 8785 8744
f 8746 8747 8786
f 8787 8742 8784
f 8748 8786 8747
f 8749 8748 8709
f 8787 8751 8742
f 8666 8789 8585
f 8788 8750 8790
f 8749 8712 8791
f 8749 8791 8826
f 8826 8791 8787
f 8791 8751 8787
f 8585 8789 8715
f 8789 8836 8715
f 8712 8752 8791
f 8791 8752 8714
f 8791 8714 8751
f 8715 8836 8717
f 8750 8754 8790
f 8793 8756 8757
f 8758 8755 8792
f 8758 8721 8755
f 8757 8840 8793
f 8723 8758 8792
f 8723 8792 8794
f 8757 8878 8840
f 8723 8794 8761
f 8794 8795 8761
f 8757 8759 8878
f 8763 8881 8640
f 8763 8796 8881
f 8764 8846 8796
f 8764 8883 8846
f 8644 8885 8884
f 8767 8885 8644
f 8800 8769 8851
f 8853 8802 8770
f 8803 8773 8802
f 8773 8772 8802
f 8801 8732 8804
f 8771 8732 8801
f 8774 8803 8855
f 8733 8805 8804
f 8732 8733 8804
f 8774 8855 8856
f 8774 8856 8807
f 8775 8805 8652
f 8652 8805 8733
f 8934 8689 8807
f 8734 8806 8775
f 8806 8734 8808
f 8808 8734 8776
f 8776 8778 8891
f 8777 8860 8696
f 8781 8739 8859
f 8701 8696 8860
f 8740 8812 8779
f 8816 8782 8815
f 8740 8782 8812
f 8812 8782 8816
f 8784 8781 8866
f 8817 8813 8811
f 8811 8783 8817
f 8827 8784 8866
f 8817 8788 8898
f 8783 8788 8817
f 8819 8814 8815
f 8818 8814 8819
f 8785 8819 8782
f 8782 8819 8815
f 8898 8788 8821
f 8822 8819 8785
f 8822 8785 8786
f 8827 8787 8784
f 9036 8820 8666
f 8666 8745 9036
f 8748 8824 8786
f 8786 8824 8822
f 8830 8748 8749
f 8830 8824 8748
f 8830 8749 8825
f 8787 8827 8826
f 8666 8828 8789
f 8821 8834 8823
f 8834 8829 8823
f 8788 8790 8834
f 8821 8788 8834
f 8833 8831 8832
f 8835 8831 8833
f 8837 8834 8790
f 8717 8836 8753
f 8836 8719 8753
f 8837 8790 8875
f 8875 8790 8754
f 8719 8838 8755
f 8754 8839 8875
f 8756 8839 8754
f 8756 8793 8839
f 8840 8919 8793
f 8840 8878 8919
f 8761 8795 8762
f 8479 8961 8842
f 8479 8640 8961
f 8762 8880 8725
f 8880 8843 8725
f 8796 8844 8881
f 8844 8796 8846
f 8845 8725 8843
f 8845 8847 8725
f 8797 9056 8883
f 8797 8765 9056
f 8767 8849 8885
f 8799 8798 8851
f 8769 8799 8851
f 8800 8851 8852
f 8853 8800 8852
f 8801 8850 8771
f 8798 8771 8850
f 8854 8801 8804
f 8804 8805 8854
f 8775 8806 8890
f 8891 8890 8806
f 8776 8891 8808
f 8891 8806 8808
f 8934 8857 8777
f 8809 8858 8694
f 8694 8858 8810
f 8810 8858 8859
f 8860 8777 8857
f 8862 8779 8861
f 8809 8779 8862
f 8861 8812 8816
f 8779 8812 8861
f 8863 8811 8813
f 8865 8864 8814
f 8814 8816 8815
f 8864 8816 8814
f 8898 8863 8817
f 8817 8863 8813
f 8818 8865 8814
f 8951 8819 8822
f 8951 8818 8819
f 8823 8867 8821
f 8823 8906 8867
f 8824 8869 8822
f 8868 8825 8749
f 8827 8749 8826
f 8823 8829 8906
f 8830 8869 8824
f 8871 8870 8831
f 8831 8870 8832
f 8906 8829 8872
f 8873 8872 8829
f 8829 8834 8873
f 8834 8837 8917
f 8873 8834 8917
f 8833 8915 8835
f 8917 8837 8958
f 8874 8958 8837
f 8837 8875 8874
f 8838 8876 8755
f 8839 8793 8918
f 8876 8792 8755
f 8877 8792 8876
f 8919 8918 8793
f 8792 8877 8794
f 8759 8841 8878
f 8879 8762 8795
f 8842 9006 8841
f 8879 8880 8762
f 8842 8961 9006
f 8640 8923 8961
f 8923 8640 8881
f 8882 8845 8843
f 8844 9054 8881
f 8846 9054 8844
f 8846 9441 9054
f 8846 8883 9441
f 8847 8882 8848
f 8845 8882 8847
f 8765 8925 9056
f 8925 8765 8884
f 8766 8848 8927
f 8927 8767 8766
f 8849 8767 8927
f 8801 8968 8850
f 8798 8850 8968
f 8852 8851 8928
f 8886 8852 8928
f 8886 8887 8852
f 8887 8853 8852
f 8887 8802 8853
f 8887 8803 8802
f 8803 8887 8888
f 8805 8889 8854
f 8805 8775 8889
f 8775 8890 8889
f 8892 8891 8893
f 8934 8895 8857
f 8780 8811 8893
f 8891 8780 8893
f 8894 8859 8858
f 8860 8857 8895
f 8809 8862 8858
f 8858 8862 8943
f 8860 8895 8701
f 8863 8937 8811
f 8940 8864 8897
f 8816 8864 8940
f 8896 8861 8816
f 8865 8897 8864
f 8900 8866 8899
f 8897 8865 8946
f 8904 8827 8866
f 8904 8866 8900
f 8898 8821 8901
f 8946 8865 8902
f 8865 8818 8902
f 9036 8905 8820
f 8901 8821 8867
f 8906 8901 8867
f 8868 8749 8903
f 8903 8749 8827
f 8827 8952 8903
f 8827 8907 8952
f 8904 8907 8827
f 8910 8904 8900
f 8907 8904 8910
f 8820 8905 8828
f 8666 8820 8828
f 8952 8907 8908
f 8908 8907 8909
f 8909 8907 8910
f 8869 8830 8911
f 8825 8914 8830
f 8908 8909 8871
f 8871 8909 8870
f 8870 8909 8910
f 8912 8870 8910
f 8870 8913 8832
f 8912 8913 8870
f 8914 8911 8830
f 8831 8916 8871
f 8915 8832 8913
f 8835 8916 8831
f 8915 8833 8832
f 8873 8917 8872
f 8915 8916 8835
f 8875 8839 8874
f 8959 8876 8838
f 8874 8839 8918
f 8876 8959 8877
f 8841 8921 8878
f 8879 8794 8920
f 8879 8920 9007
f 8795 8794 8879
f 8841 8922 8921
f 8841 9006 8922
f 8880 8879 9007
f 8924 8843 8880
f 8924 8882 8843
f 9056 9441 8883
f 8882 8924 8848
f 8925 8965 9056
f 8925 8966 8965
f 8925 8884 8966
f 8926 8885 8849
f 8927 8926 8849
f 8798 8968 8851
f 9010 8928 8851
f 8969 8968 8801
f 8886 8928 9010
f 8887 8886 8929
f 8969 8801 8854
f 8930 8969 8854
f 8887 8929 8971
f 8887 8971 8888
f 8803 8888 8931
f 8888 8971 8931
f 8855 8803 8931
f 8931 8856 8855
f 8930 8854 8889
f 8932 8930 8889
f 8892 8932 8890
f 8890 8932 8889
f 8892 8933 8932
f 8890 8891 8892
f 8892 8936 8933
f 8807 9016 8934
f 8893 8935 8936
f 8936 8892 8893
f 8811 8935 8893
f 8811 8937 8935
f 8940 8938 8941
f 8941 8938 8896
f 8942 8861 8896
f 8861 8979 8862
f 8942 8979 8861
f 8979 8943 8862
f 8858 8943 8939
f 8944 8940 8897
f 8816 8940 8941
f 8816 8941 8896
f 8945 8781 8859
f 8945 8866 8781
f 8866 8981 8899
f 8981 8900 8899
f 8947 8980 8901
f 8948 8946 8902
f 8903 8949 8868
f 8947 8906 8950
f 8901 8906 8947
f 8951 8902 8818
f 8953 8828 8905
f 8869 8951 8822
f 8987 8825 8868
f 8789 8828 8953
f 8906 8872 8950
f 8956 8992 8871
f 8992 8908 8871
f 8955 8954 8956
f 8956 8954 8992
f 8990 8955 8912
f 8910 8990 8912
f 8955 8990 8954
f 8913 8912 8955
f 8950 8872 8993
f 8989 8911 8914
f 8916 8956 8871
f 8956 8915 8955
f 8955 8915 8913
f 8956 8916 8915
f 8957 8872 8917
f 8957 8917 8997
f 8919 9003 8918
f 8919 8878 9003
f 9004 8878 8921
f 8960 9004 8921
f 8921 8922 8960
f 8922 9006 8960
f 8962 8924 8880
f 8962 8880 9051
f 8923 9053 8961
f 8923 8881 9053
f 8924 8962 8963
f 8848 8924 8963
f 8927 8964 8926
f 8964 8848 8963
f 8964 8927 8848
f 8884 8967 8966
f 8885 8967 8884
f 9009 9008 8968
f 8968 9008 9061
f 9009 8968 8969
f 8886 9010 9011
f 8886 9011 8929
f 8929 9011 8971
f 8932 9013 8970
f 8930 8932 8970
f 8972 9013 8932
f 8972 8932 8933
f 8974 8972 8933
f 8935 8974 8936
f 8936 8974 8933
f 9075 8934 9016
f 8935 8975 8974
f 8934 9075 8895
f 8937 9021 8975
f 8935 8937 8975
f 8858 8939 8894
f 8863 9021 8937
f 8938 8940 8944
f 8896 8976 8942
f 8976 8979 8942
f 8939 8943 8977
f 8977 8943 8979
f 8894 8945 8859
f 8895 9194 8701
f 8898 8978 9021
f 8898 9029 8978
f 8863 8898 9021
f 9028 9155 8701
f 8901 9029 8898
f 8897 8946 8944
f 8945 8981 8866
f 8701 9155 8743
f 8901 8980 9029
f 8948 8982 8946
f 8985 8949 8903
f 9035 8900 8981
f 8947 8950 8983
f 8986 8984 8948
f 8902 8986 8948
f 8951 8986 8902
f 8949 8987 8868
f 8952 8985 8903
f 8952 8988 8985
f 9035 8910 8900
f 8983 8950 9040
f 8869 8991 8951
f 8989 8825 8987
f 8908 8988 8952
f 9035 8990 8910
f 8911 8991 8869
f 8989 8914 8825
f 8992 9042 8908
f 8993 8994 9040
f 8993 9040 8950
f 8989 8991 8911
f 8995 8994 8993
f 8993 8872 8995
f 8996 8994 8995
f 8872 8957 8995
f 8957 8996 8995
f 8996 8957 8997
f 8998 8997 8917
f 9000 8917 8958
f 9000 8998 8917
f 8958 9001 9000
f 9002 9001 8958
f 8999 8959 8838
f 8874 9002 8958
f 9003 9002 8874
f 8918 9003 8874
f 8878 9004 9003
f 9005 8920 8794
f 8920 9005 9007
f 9006 9049 8960
f 8880 9007 9051
f 8962 9051 9052
f 8963 9137 8964
f 9058 8885 8926
f 9058 8926 8964
f 8967 8885 9058
f 9009 9060 9008
f 8851 8968 9061
f 8851 9061 9109
f 9010 8851 9109
f 8971 9011 9012
f 8807 8856 9014
f 9014 8973 8807
f 9015 9013 8972
f 9016 8807 8973
f 9015 8974 9017
f 8972 8974 9015
f 9017 8974 9070
f 9016 9113 9075
f 8974 8975 9070
f 9021 9069 8975
f 8938 9023 8896
f 9023 9018 8976
f 8896 9023 8976
f 8976 9018 9025
f 9025 9018 9019
f 9025 9024 9020
f 8939 9020 9024
f 9020 8939 9019
f 8977 9019 8939
f 9019 8977 9024
f 9024 9025 9019
f 8894 8939 9024
f 9021 8978 9026
f 8938 8944 9022
f 8979 8976 9025
f 9025 9027 8979
f 9030 8979 9027
f 8979 9030 8977
f 9024 8977 9030
f 8701 9194 9028
f 9026 8978 9029
f 9024 9031 8894
f 9024 9030 9031
f 9031 8945 8894
f 8980 9026 9029
f 8980 9032 9026
f 8946 8982 8944
f 9030 9027 8949
f 8947 9032 8980
f 8949 9027 9033
f 8949 9034 9030
f 9030 9034 9031
f 8945 9031 9034
f 8945 9087 8981
f 8981 9087 9035
f 9032 8983 9037
f 8947 8983 9032
f 8984 8982 8948
f 9033 8987 8949
f 8949 8985 9034
f 8985 8988 9034
f 9036 9159 8905
f 9037 8983 9038
f 9039 8984 8986
f 9039 8986 8951
f 9041 9039 8951
f 8905 9124 8953
f 9038 8983 9040
f 8991 9041 8951
f 9041 8989 8987
f 8908 9042 8988
f 9043 8990 9035
f 9124 8789 8953
f 9092 8789 9124
f 9041 8991 8989
f 9043 8992 8954
f 9043 9042 8992
f 8954 8990 9043
f 9040 8994 9038
f 8789 9092 8836
f 8994 8996 9094
f 9094 8996 9096
f 9044 9096 8996
f 8996 8997 9044
f 8997 8998 9044
f 8998 9045 9044
f 8998 9000 9045
f 9001 9046 9000
f 9001 9047 9046
f 9002 9047 9001
f 9004 9048 9003
f 9048 9004 8960
f 9052 9007 9005
f 8960 9133 9048
f 8960 9049 9133
f 9050 9049 9006
f 9006 8961 9050
f 9052 9051 9007
f 9055 8964 9137
f 9056 8965 9057
f 8964 9107 9058
f 9055 9107 8964
f 8965 9281 9057
f 8966 9281 8965
f 9061 9008 9060
f 8969 9062 9059
f 8930 9062 8969
f 9009 8969 9059
f 9059 9060 9009
f 9011 9010 9141
f 9011 9141 9110
f 8930 8970 9062
f 9011 9110 9012
f 9110 9064 9012
f 9012 9064 8971
f 8971 9064 8931
f 9013 9063 8970
f 8856 8931 9065
f 8856 9065 9014
f 9063 9013 9066
f 9066 9013 9015
f 9067 8973 9014
f 8973 9067 9016
f 9070 9068 9017
f 9066 9015 9017
f 9068 9066 9017
f 9070 8975 9069
f 9074 9073 9071
f 9072 9071 9018
f 9023 9072 9018
f 9078 9072 9023
f 9018 9071 9073
f 9018 9073 9019
f 9019 9073 9020
f 9073 9076 9020
f 9073 9074 9076
f 8938 9022 9023
f 9022 9078 9023
f 9076 9025 9020
f 9077 9076 9074
f 9021 9026 9069
f 9079 9022 8944
f 9080 9027 9076
f 9076 9027 9025
f 9080 9076 9077
f 9082 9028 9194
f 9069 9026 9032
f 9079 8944 9081
f 9121 9027 9080
f 9082 9155 9028
f 8982 9081 8944
f 9033 9027 9121
f 9155 9088 8743
f 9081 8984 9084
f 9081 8982 8984
f 9084 9086 9085
f 9084 8984 9086
f 9034 9087 8945
f 9036 8743 9088
f 9088 9159 9036
f 9032 9037 9083
f 8984 9089 9086
f 8984 9039 9089
f 9033 9090 8987
f 8988 9087 9034
f 9037 9038 9091
f 9089 9039 9041
f 9089 9041 8987
f 9089 8987 9090
f 8988 9043 9087
f 9087 9043 9035
f 8905 9159 9124
f 9091 9038 9093
f 8988 9042 9043
f 9038 8994 9093
f 9094 9095 9093
f 9094 9093 8994
f 9097 9095 9096
f 9095 9094 9096
f 9097 9096 9098
f 9098 9096 9044
f 9044 9099 9098
f 9045 9099 9044
f 9100 9045 9000
f 9046 9100 9000
f 9128 9100 9046
f 9047 9128 9046
f 9002 9128 9047
f 8959 9101 8877
f 9003 9128 9002
f 8877 9101 8794
f 9003 9102 9130
f 9103 9102 9003
f 9048 9103 9003
f 9133 9103 9048
f 8962 9052 9005
f 9053 9104 8961
f 9053 8881 9104
f 8962 9105 8963
f 9055 9137 9106
f 9105 9137 8963
f 9106 9107 9055
f 8966 9180 9281
f 8967 9180 8966
f 9060 9139 9061
f 9061 9139 9109
f 9108 9059 9062
f 9139 9060 9059
f 9063 9142 8970
f 9108 9062 9142
f 9142 9062 8970
f 9064 9110 9111
f 9064 9111 9112
f 8931 9064 9112
f 9063 9144 9142
f 8931 9112 9187
f 9065 8931 9187
f 9145 9144 9066
f 9144 9063 9066
f 9014 9065 9067
f 9147 9068 9070
f 9066 9068 9145
f 9070 9114 9147
f 9069 9114 9070
f 9078 9115 9072
f 9117 9115 9078
f 9196 9077 9074
f 9113 9116 8895
f 8895 9075 9113
f 9114 9069 9151
f 9119 9115 9117
f 9022 9119 9117
f 9022 9117 9078
f 9069 9118 9151
f 9079 9119 9022
f 9153 9118 9069
f 9069 9032 9153
f 9081 9119 9079
f 9120 9119 9081
f 9083 9122 9153
f 9032 9083 9153
f 9084 9120 9081
f 9085 9120 9084
f 9154 9033 9121
f 9122 9083 9037
f 9160 9122 9037
f 9154 9090 9033
f 9091 9123 9160
f 9091 9160 9037
f 9164 9086 9089
f 9165 9089 9090
f 9091 9093 9123
f 9093 9125 9123
f 9095 9125 9093
f 9125 9095 9126
f 9095 9097 9126
f 9127 9126 9097
f 9097 9098 9127
f 9098 9099 9127
f 9099 9170 9127
f 9100 9099 9045
f 9100 9129 9099
f 9129 9170 9099
f 9100 9128 9129
f 9128 9171 9129
f 9003 9130 9171
f 9003 9171 9128
f 9102 9131 9130
f 9102 9103 9131
f 9103 9132 9131
f 9103 9173 9132
f 9173 9103 9133
f 9176 8962 9005
f 9049 9134 9133
f 9050 9134 9049
f 9050 9215 9134
f 8961 9135 9050
f 9050 9135 9215
f 9104 9135 8961
f 8881 9178 9104
f 9178 8881 9054
f 9054 9136 9178
f 9054 9441 9136
f 9107 9138 9058
f 9138 9107 9106
f 9180 8967 9058
f 9010 9109 9140
f 9141 9010 9140
f 9141 9111 9110
f 9143 9108 9142
f 9142 9144 9186
f 9146 9144 9145
f 9068 9147 9145
f 9016 9067 9189
f 9189 9113 9016
f 9147 9114 9148
f 9115 9191 9072
f 9072 9149 9071
f 9149 9074 9071
f 9148 9114 9150
f 9192 8895 9116
f 9193 9150 9151
f 9150 9114 9151
f 8895 9192 9194
f 9118 9193 9151
f 9118 9152 9193
f 9153 9197 9152
f 9153 9152 9118
f 9080 9154 9121
f 9077 9154 9080
f 9153 9122 9156
f 9157 9120 9085
f 9158 9159 9088
f 9158 9088 9155
f 9158 9261 9159
f 9202 9156 9160
f 9122 9160 9156
f 9086 9157 9085
f 9086 9161 9157
f 9165 9090 9154
f 9261 9162 9159
f 9123 9202 9160
f 9123 9163 9202
f 9164 9161 9086
f 9204 9164 9089
f 9165 9204 9089
f 9162 9124 9159
f 9166 9163 9123
f 9123 9125 9166
f 9125 9126 9167
f 9166 9125 9167
f 9167 9126 9169
f 9169 9126 9127
f 8719 9168 8838
f 9170 9169 9127
f 8838 9168 8999
f 9130 9211 9171
f 9131 9172 9130
f 9130 9172 9211
f 9131 9132 9172
f 9176 9005 8794
f 9173 9174 9132
f 9173 9133 9174
f 9133 9175 9174
f 9134 9175 9133
f 9104 9215 9135
f 9177 8962 9176
f 9104 9216 9215
f 9104 9178 9216
f 9280 9138 9106
f 9280 9106 9105
f 9137 9105 9106
f 9280 9179 9138
f 9179 9058 9138
f 9179 9180 9058
f 9139 9059 9183
f 9184 9139 9183
f 9109 9139 9184
f 9140 9109 9184
f 9218 9141 9140
f 9186 9251 9142
f 9251 9182 9142
f 9182 9181 9143
f 9182 9143 9142
f 9108 9143 9181
f 9218 9140 9253
f 9111 9141 9218
f 9112 9111 9220
f 9111 9218 9220
f 9112 9220 9187
f 9185 9145 9148
f 9146 9145 9185
f 9186 9146 9185
f 9144 9146 9186
f 9145 9147 9148
f 9188 9148 9190
f 9072 9191 9149
f 9113 9189 9116
f 9189 9192 9116
f 9148 9150 9190
f 9149 9196 9074
f 9119 9191 9115
f 9119 9120 9191
f 9193 9152 9195
f 9194 9230 9082
f 9230 9198 9082
f 9152 9197 9195
f 9196 9154 9077
f 9155 9082 9198
f 9198 9158 9155
f 9199 9158 9198
f 9156 9200 9197
f 9153 9156 9197
f 9120 9157 9201
f 9158 9199 9261
f 9202 9203 9200
f 9202 9200 9156
f 9120 9201 9206
f 9161 9201 9157
f 9202 9163 9203
f 9206 9201 9161
f 9205 9124 9162
f 9163 9166 9203
f 9207 9161 9164
f 9206 9161 9207
f 9164 9204 9207
f 9092 9124 9205
f 9203 9166 9208
f 9166 9167 9208
f 9167 9169 9208
f 9169 9209 9208
f 9169 9170 9209
f 9170 9210 9209
f 9210 9170 9129
f 9171 9242 9129
f 9129 9242 9210
f 9172 9212 9211
f 9172 9132 9212
f 9132 9244 9212
f 9176 9278 9177
f 9176 9213 9278
f 9175 9214 9174
f 9134 9214 9175
f 9134 9215 9214
f 8962 9177 9246
f 8962 9246 9105
f 9057 9281 9248
f 9059 9108 9249
f 9108 9181 9249
f 9183 9217 9184
f 9184 9217 9253
f 9140 9184 9253
f 9218 9219 9220
f 9222 9223 9185
f 9251 9186 9223
f 9223 9186 9185
f 9187 9220 9221
f 9187 9221 9065
f 9185 9148 9222
f 9188 9225 9224
f 9224 9222 9148
f 9224 9148 9188
f 9189 9067 9226
f 9227 9225 9190
f 9225 9188 9190
f 9229 9149 9191
f 9226 9192 9189
f 9190 9150 9228
f 9227 9190 9228
f 9229 9196 9149
f 9230 9194 9192
f 9150 9193 9228
f 9229 9154 9196
f 9195 9290 9228
f 9193 9195 9228
f 9120 9231 9191
f 9197 9290 9195
f 9191 9231 9232
f 9191 9233 9229
f 9229 9233 9154
f 9230 9199 9198
f 9230 9259 9199
f 9197 9200 9263
f 9232 9231 9234
f 9191 9232 9233
f 9233 9165 9154
f 9203 9235 9263
f 9200 9203 9263
f 9206 9231 9120
f 9206 9237 9231
f 9232 9234 9236
f 9232 9165 9233
f 9232 9236 9165
f 9236 9204 9165
f 9265 9235 9203
f 9236 9207 9204
f 9267 9206 9207
f 9268 9208 9270
f 9239 9208 9209
f 9240 9239 9209
f 9241 9209 9210
f 9241 9240 9209
f 9362 8959 8999
f 9210 9242 9241
f 8959 9362 9101
f 9242 9171 9211
f 9211 9212 9243
f 8794 9213 9176
f 9174 9244 9132
f 9214 9244 9174
f 9215 9245 9214
f 9177 9391 9246
f 9177 9278 9391
f 9215 9247 9245
f 9216 9247 9215
f 9178 9247 9216
f 9178 9304 9247
f 9136 9304 9178
f 9248 9056 9057
f 9280 9180 9179
f 9059 9249 9183
f 9217 9183 9252
f 9217 9252 9253
f 9218 9253 9219
f 9250 9222 9255
f 9223 9222 9250
f 9251 9223 9250
f 9220 9219 9406
f 9221 9220 9406
f 9065 9221 9256
f 9256 9067 9065
f 9257 9067 9256
f 9255 9224 9254
f 9222 9224 9255
f 9257 9226 9067
f 9258 9224 9225
f 9258 9225 9227
f 9378 9192 9226
f 9315 9258 9228
f 9228 9258 9227
f 9378 9230 9192
f 9315 9228 9290
f 9230 9378 9259
f 9197 9293 9290
f 9263 9293 9197
f 9231 9260 9234
f 9237 9260 9231
f 9263 9262 9319
f 9260 9236 9234
f 9261 9318 9162
f 9263 9235 9262
f 9205 9162 9264
f 9235 9265 9262
f 9206 9266 9237
f 9260 9207 9236
f 9267 9207 9260
f 9205 9264 9092
f 9265 9203 9268
f 9267 9266 9206
f 9203 9208 9268
f 9092 9269 8836
f 9239 9298 9270
f 9239 9270 9208
f 9239 9271 9298
f 9239 9240 9271
f 9240 9272 9271
f 9273 9328 9242
f 9242 9328 9241
f 9242 9211 9273
f 9101 9274 8794
f 9211 9275 9273
f 9211 9276 9275
f 9276 9211 9243
f 9277 8794 9274
f 9244 9243 9212
f 9277 9213 8794
f 9244 9214 9302
f 9245 9279 9214
f 9245 9247 9279
f 9247 9335 9279
f 9247 9304 9335
f 9441 9056 9248
f 9248 9281 9337
f 9282 9283 9250
f 9283 9181 9182
f 9249 9252 9183
f 9250 9255 9284
f 9250 9284 9282
f 9283 9251 9250
f 9182 9251 9283
f 9253 9252 9285
f 9219 9253 9285
f 9284 9255 9286
f 9286 9255 9254
f 9288 9286 9224
f 9224 9286 9254
f 9258 9289 9288
f 9288 9289 9287
f 9224 9258 9288
f 9289 9258 9315
f 9291 9315 9290
f 9291 9293 9292
f 9290 9293 9291
f 9259 9378 9199
f 9293 9294 9292
f 9293 9263 9294
f 9261 9199 9318
f 9294 9319 9292
f 9263 9319 9294
f 9318 9295 9162
f 9237 9267 9260
f 9264 9162 9295
f 9262 9265 9268
f 9319 9262 9268
f 9237 9266 9267
f 9296 9268 9297
f 9268 9270 9297
f 9269 9321 8836
f 8836 9321 8719
f 9298 9297 9270
f 8719 9321 9168
f 9271 9325 9298
f 9326 9325 9271
f 9272 9326 9271
f 9240 9326 9272
f 9328 9326 9240
f 9328 9240 9241
f 9273 9331 9299
f 9275 9331 9273
f 9300 9331 9276
f 9276 9331 9275
f 9243 9300 9276
f 9213 9277 9301
f 9244 9302 9300
f 9244 9300 9243
f 9301 9368 9213
f 9213 9368 9278
f 9302 9214 9303
f 9214 9279 9303
f 9305 9180 9280
f 9181 9283 9375
f 9181 9375 9402
f 9282 9284 9309
f 9307 9252 9249
f 9285 9252 9307
f 9219 9285 9340
f 9309 9284 9286
f 9221 9406 9310
f 9256 9221 9310
f 9256 9310 9257
f 9308 9287 9312
f 9288 9287 9308
f 9286 9288 9308
f 9257 9310 9345
f 9287 9313 9312
f 9312 9313 9311
f 9226 9257 9378
f 9287 9289 9313
f 9314 9313 9316
f 9313 9315 9316
f 9289 9315 9313
f 9315 9291 9316
f 9291 9292 9317
f 9291 9317 9316
f 9292 9319 9322
f 9317 9292 9322
f 9318 9380 9295
f 9380 9264 9295
f 9319 9268 9322
f 9322 9268 9320
f 9268 9296 9320
f 9322 9320 9323
f 9296 9297 9320
f 9297 9323 9320
f 9324 9323 9297
f 9324 9297 9298
f 9298 9358 9324
f 9325 9326 9358
f 9325 9358 9298
f 9328 9329 9326
f 9329 9327 9326
f 9328 9330 9329
f 9328 9273 9330
f 9273 9299 9330
f 9332 9274 9101
f 9274 9332 9277
f 9331 9365 9299
f 9300 9365 9331
f 9300 9333 9365
f 9277 9332 9301
f 9300 9302 9333
f 9303 9370 9302
f 9279 9334 9303
f 9279 9335 9334
f 9136 9441 9304
f 9280 9105 9336
f 9336 9305 9280
f 9337 9180 9372
f 9337 9281 9180
f 9305 9372 9180
f 9307 9249 9339
f 9307 9339 9340
f 9309 9338 9282
f 9307 9340 9285
f 9219 9340 9403
f 9403 9406 9219
f 9341 9342 9308
f 9286 9308 9342
f 9338 9309 9342
f 9342 9309 9286
f 9310 9406 9343
f 9341 9311 9344
f 9312 9311 9341
f 9308 9312 9341
f 9314 9344 9311
f 9311 9313 9314
f 9378 9257 9347
f 9314 9348 9346
f 9314 9316 9348
f 9348 9322 9349
f 9348 9316 9322
f 9378 9347 9351
f 9322 9350 9349
f 9316 9317 9322
f 9322 9352 9350
f 9264 9353 9092
f 9092 9353 9238
f 9322 9354 9352
f 9322 9355 9354
f 9356 9322 9323
f 9324 9357 9323
f 9323 9357 9356
f 9358 9359 9324
f 9359 9357 9324
f 9326 9359 9358
f 9326 9360 9359
f 9327 9360 9326
f 9327 9329 9361
f 9329 9330 9361
f 9362 9389 9101
f 9330 9363 9361
f 9330 9299 9364
f 9363 9330 9364
f 9389 9332 9101
f 9430 9332 9389
f 9299 9365 9364
f 9366 9365 9367
f 9365 9333 9367
f 9333 9302 9369
f 9333 9369 9367
f 9302 9370 9369
f 9370 9303 9334
f 9278 9435 9391
f 9435 9278 9368
f 9105 9246 9371
f 9371 9336 9105
f 9337 9398 9248
f 9248 9398 9373
f 9306 9398 9337
f 9306 9337 9372
f 9338 9374 9282
f 9283 9282 9374
f 9375 9283 9446
f 9249 9181 9402
f 9249 9402 9339
f 9338 9342 9399
f 9399 9374 9338
f 9340 9339 9450
f 9340 9450 9403
f 9341 9344 9404
f 9341 9404 9405
f 9408 9310 9343
f 9345 9310 9408
f 9257 9345 9376
f 9345 9408 9376
f 9376 9347 9257
f 9377 9344 9314
f 9314 9346 9377
f 9349 9350 9413
f 9378 9379 9199
f 9413 9352 9381
f 9350 9352 9413
f 9199 9379 9318
f 9264 9380 9353
f 9381 9352 9382
f 9238 9269 9092
f 9382 9352 9383
f 9352 9354 9383
f 9269 9416 9321
f 9354 9355 9383
f 9321 9416 9385
f 9384 9355 9418
f 9384 9383 9355
f 9355 9322 9420
f 9322 9356 9420
f 9321 9421 9168
f 9385 9421 9321
f 9357 9359 9356
f 9359 9386 9356
f 9387 9386 9359
f 9387 9359 9361
f 9359 9360 9361
f 9360 9327 9361
f 9363 9388 9361
f 9364 9388 9363
f 9430 9301 9332
f 9365 9432 9364
f 9365 9366 9432
f 9366 9390 9432
f 9366 9434 9390
f 9367 9434 9366
f 9369 9434 9367
f 9436 9434 9370
f 9370 9434 9369
f 9301 9435 9368
f 9370 9334 9436
f 9371 9392 9393
f 9391 9371 9246
f 9392 9371 9391
f 9304 9394 9335
f 9396 9441 9248
f 9371 9395 9336
f 9371 9393 9395
f 9396 9248 9373
f 9305 9397 9372
f 9395 9305 9336
f 9397 9306 9372
f 9400 9374 9399
f 9374 9400 9401
f 9283 9374 9401
f 9283 9401 9446
f 9339 9402 9447
f 9342 9341 9405
f 9405 9399 9342
f 9343 9406 9452
f 9343 9452 9408
f 9407 9404 9344
f 9408 9452 9485
f 9376 9408 9409
f 9377 9454 9407
f 9407 9344 9377
f 9409 9347 9376
f 9377 9346 9454
f 9347 9455 9456
f 9346 9348 9487
f 9347 9410 9351
f 9347 9456 9410
f 9349 9411 9348
f 9410 9412 9351
f 9349 9413 9411
f 9411 9413 9457
f 9378 9351 9412
f 9381 9458 9413
f 9379 9380 9318
f 9414 9380 9379
f 9492 9381 9382
f 9416 9269 9238
f 9382 9383 9415
f 9415 9383 9459
f 9417 9459 9383
f 9417 9383 9384
f 9384 9418 9417
f 9355 9420 9418
f 9422 9417 9418
f 9420 9422 9418
f 9356 9386 9420
f 9168 9421 8999
f 9422 9419 9417
f 9420 9386 9422
f 8999 9421 9423
f 9386 9460 9422
f 9386 9424 9460
f 9387 9424 9386
f 8999 9425 9362
f 9423 9425 8999
f 9387 9426 9424
f 9361 9426 9387
f 9388 9426 9361
f 9362 9425 9427
f 9362 9427 9389
f 9388 9428 9426
f 9388 9364 9428
f 9429 9428 9431
f 9364 9432 9428
f 9428 9432 9431
f 9430 9465 9301
f 9435 9301 9465
f 9432 9433 9431
f 9390 9433 9432
f 9390 9434 9433
f 9435 9439 9391
f 9434 9436 9433
f 9334 9469 9436
f 9334 9437 9469
f 9438 9437 9335
f 9335 9437 9334
f 9439 9392 9391
f 9439 9393 9392
f 9394 9438 9335
f 9304 9440 9394
f 9441 9440 9304
f 9396 9373 9474
f 9442 9397 9305
f 9305 9395 9442
f 9373 9443 9474
f 9306 9444 9398
f 9444 9306 9397
f 9442 9444 9397
f 9445 9443 9373
f 9398 9445 9373
f 9400 9449 9401
f 9524 9446 9401
f 9447 9450 9339
f 9399 9405 9448
f 9400 9399 9449
f 9449 9399 9448
f 9405 9404 9451
f 9406 9403 9483
f 9406 9483 9452
f 9407 9453 9404
f 9408 9485 9409
f 9453 9407 9454
f 9409 9455 9347
f 9454 9346 9487
f 9456 9534 9410
f 9458 9457 9413
f 9458 9381 9492
f 9494 9382 9415
f 9542 9494 9415
f 9415 9459 9542
f 9417 9497 9459
f 9416 9498 9385
f 9544 9417 9419
f 9421 9545 9423
f 9460 9419 9422
f 9460 9424 9461
f 9426 9461 9424
f 9425 9462 9427
f 9500 9461 9426
f 9428 9463 9426
f 9463 9428 9429
f 9389 9464 9430
f 9389 9427 9464
f 9464 9465 9430
f 9429 9431 9463
f 9435 9465 9466
f 9436 9507 9433
f 9469 9508 9436
f 9436 9508 9507
f 9468 9393 9439
f 9466 9439 9435
f 9468 9439 9466
f 9470 9469 9437
f 9438 9470 9437
f 9394 9471 9438
f 9438 9471 9470
f 9440 9441 9396
f 9472 9440 9396
f 9393 9558 9395
f 9468 9558 9393
f 9396 9474 9472
f 9474 9473 9472
f 9395 9558 9442
f 9474 9443 9560
f 9445 9560 9443
f 9475 9445 9398
f 9524 9375 9446
f 9402 9375 9518
f 9402 9521 9447
f 9478 9449 9448
f 9482 9401 9449
f 9476 9375 9524
f 9521 9402 9477
f 9450 9447 9521
f 9450 9521 9479
f 9403 9450 9479
f 9451 9480 9405
f 9405 9480 9448
f 9478 9448 9481
f 9481 9448 9480
f 9482 9449 9478
f 9524 9401 9482
f 9484 9480 9451
f 9481 9480 9528
f 9485 9529 9409
f 9453 9451 9404
f 9453 9486 9451
f 9486 9484 9451
f 9453 9454 9487
f 9535 9453 9487
f 9486 9453 9535
f 9456 9455 9534
f 9489 9410 9534
f 9488 9348 9411
f 9488 9487 9348
f 9489 9490 9412
f 9489 9412 9410
f 9457 9535 9411
f 9490 9378 9412
f 9378 9491 9379
f 9491 9414 9379
f 9491 9536 9414
f 9458 9492 9493
f 9380 9414 9536
f 9537 9380 9536
f 9380 9537 9353
f 9492 9539 9540
f 9492 9382 9539
f 9493 9492 9540
f 9382 9494 9539
f 9238 9541 9416
f 9541 9495 9416
f 9542 9459 9496
f 9416 9495 9498
f 9459 9497 9496
f 9497 9417 9544
f 9385 9498 9421
f 9498 9545 9421
f 9544 9419 9546
f 9425 9547 9548
f 9547 9425 9423
f 9461 9499 9419
f 9461 9419 9460
f 9425 9548 9462
f 9499 9461 9500
f 9427 9462 9501
f 9500 9502 9499
f 9504 9502 9500
f 9426 9463 9504
f 9426 9504 9500
f 9427 9501 9464
f 9504 9503 9502
f 9463 9505 9504
f 9463 9506 9505
f 9431 9506 9463
f 9431 9433 9506
f 9506 9433 9467
f 9433 9507 9467
f 9510 9468 9466
f 9510 9509 9468
f 9469 9511 9508
f 9469 9470 9512
f 9511 9469 9512
f 9513 9470 9471
f 9440 9471 9394
f 9440 9472 9471
f 9509 9558 9468
f 9513 9512 9470
f 9472 9473 9514
f 9471 9472 9514
f 9558 9639 9442
f 9473 9474 9514
f 9517 9475 9515
f 9515 9475 9398
f 9398 9444 9515
f 9445 9516 9560
f 9517 9445 9475
f 9517 9516 9445
f 9518 9375 9476
f 9402 9518 9519
f 9519 9477 9402
f 9520 9476 9524
f 9520 9518 9476
f 9521 9477 9595
f 9403 9479 9483
f 9478 9522 9523
f 9482 9478 9523
f 9524 9482 9523
f 9483 9479 9525
f 9452 9483 9526
f 9483 9525 9526
f 9526 9485 9452
f 9527 9485 9526
f 9532 9522 9528
f 9522 9481 9528
f 9522 9478 9481
f 9529 9485 9527
f 9533 9409 9529
f 9484 9486 9530
f 9480 9484 9531
f 9528 9480 9531
f 9532 9528 9531
f 9533 9455 9409
f 9530 9486 9535
f 9531 9484 9530
f 9533 9534 9455
f 9488 9535 9487
f 9490 9489 9534
f 9411 9535 9488
f 9490 9569 9378
f 9378 9569 9491
f 9457 9458 9535
f 9493 9540 9538
f 9541 9238 9353
f 9539 9494 9572
f 9572 9540 9539
f 9494 9542 9573
f 9494 9573 9572
f 9496 9573 9542
f 9496 9497 9543
f 9543 9497 9544
f 9545 9547 9423
f 9549 9623 9419
f 9499 9549 9419
f 9462 9550 9501
f 9549 9499 9552
f 9552 9499 9502
f 9501 9550 9551
f 9501 9551 9464
f 9503 9629 9552
f 9503 9552 9502
f 9503 9504 9505
f 9551 9465 9464
f 9553 9629 9503
f 9554 9553 9503
f 9465 9579 9466
f 9503 9555 9554
f 9555 9556 9554
f 9505 9555 9503
f 9506 9555 9505
f 9506 9467 9555
f 9579 9510 9466
f 9467 9582 9555
f 9507 9582 9467
f 9510 9633 9509
f 9507 9508 9588
f 9508 9511 9588
f 9513 9471 9557
f 9511 9590 9588
f 9512 9590 9511
f 9512 9591 9590
f 9513 9557 9512
f 9514 9559 9471
f 9514 9474 9559
f 9517 9515 9593
f 9516 9517 9593
f 9518 9520 9562
f 9563 9518 9562
f 9564 9519 9563
f 9563 9519 9518
f 9477 9519 9564
f 9477 9564 9595
f 9521 9595 9596
f 9521 9596 9647
f 9521 9647 9479
f 9523 9565 9524
f 9566 9524 9565
f 9566 9520 9524
f 9562 9520 9566
f 9532 9567 9522
f 9523 9522 9598
f 9598 9522 9567
f 9565 9523 9598
f 9526 9525 9601
f 9527 9526 9601
f 9531 9568 9602
f 9531 9602 9532
f 9604 9530 9535
f 9530 9604 9568
f 9568 9531 9530
f 9490 9534 9607
f 9490 9607 9609
f 9490 9609 9569
f 9570 9491 9569
f 9491 9570 9536
f 9493 9571 9458
f 9538 9540 9614
f 9540 9572 9614
f 9573 9496 9543
f 9543 9572 9573
f 9495 9575 9498
f 9543 9544 9574
f 9575 9576 9498
f 9544 9546 9574
f 9576 9577 9545
f 9498 9576 9545
f 9623 9546 9419
f 9547 9578 9548
f 9623 9549 9625
f 9462 9548 9550
f 9549 9552 9627
f 9553 9554 9580
f 9556 9555 9581
f 9581 9555 9582
f 9582 9586 9581
f 9586 9583 9581
f 9582 9507 9586
f 9584 9558 9509
f 9586 9585 9583
f 9507 9587 9586
f 9587 9507 9588
f 9588 9590 9589
f 9640 9590 9591
f 9557 9591 9512
f 9557 9638 9591
f 9471 9641 9638
f 9471 9638 9557
f 9442 9592 9444
f 9442 9639 9592
f 9584 9639 9558
f 9589 9587 9588
f 9640 9589 9590
f 9471 9559 9641
f 9515 9444 9593
f 9516 9561 9560
f 9597 9595 9564
f 9645 9596 9595
f 9525 9479 9647
f 9600 9562 9566
f 9594 9564 9563
f 9645 9595 9597
f 9599 9565 9598
f 9566 9565 9648
f 9600 9566 9648
f 9563 9562 9600
f 9594 9563 9600
f 9601 9525 9687
f 9527 9651 9529
f 9567 9532 9603
f 9603 9532 9602
f 9598 9567 9603
f 9653 9598 9603
f 9599 9598 9653
f 9604 9605 9568
f 9568 9605 9606
f 9568 9606 9602
f 9533 9529 9607
f 9534 9533 9607
f 9604 9535 9693
f 9605 9604 9693
f 9535 9610 9608
f 9611 9569 9609
f 9611 9570 9569
f 9611 9658 9570
f 9537 9536 9658
f 9658 9536 9570
f 9458 9571 9535
f 9571 9493 9538
f 9614 9661 9538
f 9614 9572 9615
f 9616 9617 9612
f 9616 9612 9613
f 9701 9495 9541
f 9572 9543 9618
f 9572 9618 9615
f 9618 9574 9620
f 9543 9574 9618
f 9495 9619 9575
f 9620 9574 9621
f 9575 9619 9576
f 9574 9546 9621
f 9576 9619 9577
f 9619 9708 9577
f 9621 9546 9622
f 9622 9546 9623
f 9545 9624 9547
f 9577 9624 9545
f 9547 9624 9578
f 9625 9549 9626
f 9548 9578 9550
f 9627 9626 9549
f 9552 9629 9627
f 9465 9551 9630
f 9628 9551 9550
f 9628 9630 9551
f 9629 9553 9580
f 9465 9630 9579
f 9554 9631 9580
f 9631 9554 9556
f 9676 9510 9579
f 9633 9632 9509
f 9676 9633 9510
f 9634 9581 9583
f 9632 9584 9509
f 9585 9635 9583
f 9636 9635 9585
f 9636 9585 9637
f 9585 9586 9637
f 9586 9587 9637
f 9589 9637 9587
f 9640 9637 9589
f 9641 9640 9591
f 9638 9641 9591
f 9559 9642 9641
f 9474 9642 9559
f 9642 9474 9560
f 9680 9593 9444
f 9560 9643 9642
f 9561 9644 9560
f 9593 9681 9516
f 9681 9561 9516
f 9680 9681 9593
f 9645 9646 9596
f 9646 9647 9596
f 9594 9650 9564
f 9564 9650 9597
f 9650 9685 9597
f 9645 9597 9685
f 9525 9647 9646
f 9648 9565 9734
f 9565 9599 9734
f 9600 9648 9689
f 9594 9600 9649
f 9650 9594 9649
f 9527 9601 9687
f 9651 9527 9687
f 9529 9651 9652
f 9529 9652 9655
f 9606 9691 9654
f 9602 9606 9654
f 9603 9602 9654
f 9653 9603 9654
f 9529 9655 9607
f 9691 9605 9693
f 9691 9606 9605
f 9535 9656 9693
f 9609 9607 9657
f 9656 9535 9608
f 9611 9609 9657
f 9658 9611 9657
f 9610 9535 9700
f 9658 9697 9537
f 9697 9659 9537
f 9535 9571 9700
f 9699 9613 9612
f 9659 9353 9537
f 9659 9660 9353
f 9571 9538 9661
f 9571 9661 9700
f 9353 9660 9541
f 9541 9660 9701
f 9614 9615 9662
f 9661 9614 9662
f 9615 9664 9662
f 9618 9664 9615
f 9619 9495 9666
f 9618 9620 9665
f 9620 9621 9665
f 9666 9708 9619
f 9621 9622 9665
f 9622 9667 9665
f 9708 9709 9577
f 9709 9668 9577
f 9622 9623 9667
f 9667 9623 9625
f 9667 9625 9669
f 9668 9624 9577
f 9670 9669 9625
f 9625 9626 9670
f 9671 9670 9626
f 9672 9550 9578
f 9626 9627 9671
f 9671 9627 9673
f 9550 9672 9628
f 9672 9674 9628
f 9627 9675 9673
f 9629 9675 9627
f 9674 9630 9628
f 9675 9629 9580
f 9630 9676 9579
f 9580 9631 9675
f 9556 9581 9677
f 9762 9633 9676
f 9677 9581 9634
f 9639 9721 9592
f 9584 9678 9639
f 9678 9721 9639
f 9632 9678 9584
f 9637 9722 9636
f 9726 9637 9640
f 9679 9640 9641
f 9641 9642 9679
f 9444 9725 9680
f 9725 9444 9592
f 9637 9682 9722
f 9726 9683 9637
f 9640 9684 9726
f 9679 9684 9640
f 9644 9643 9560
f 9561 9727 9644
f 9646 9645 9685
f 9646 9685 9686
f 9525 9646 9686
f 9687 9525 9686
f 9689 9648 9734
f 9649 9600 9689
f 9650 9649 9689
f 9650 9689 9690
f 9685 9650 9690
f 9688 9687 9686
f 9651 9687 9688
f 9688 9652 9651
f 9737 9655 9652
f 9653 9654 9692
f 9653 9692 9735
f 9691 9693 9738
f 9691 9738 9654
f 9655 9737 9607
f 9737 9694 9607
f 9693 9656 9695
f 9738 9693 9695
f 9657 9607 9694
f 9657 9694 9696
f 9608 9741 9742
f 9656 9608 9742
f 9696 9658 9657
f 9741 9608 9610
f 9697 9791 9659
f 9612 9698 9699
f 9617 9698 9612
f 9617 9703 9698
f 9699 9616 9613
f 9792 9701 9660
f 9661 9662 9700
f 9699 9663 9616
f 9702 9705 9495
f 9701 9702 9495
f 9664 9747 9662
f 9747 9664 9704
f 9663 9617 9616
f 9663 9703 9617
f 9666 9705 9706
f 9666 9495 9705
f 9618 9665 9751
f 9618 9751 9664
f 9664 9751 9704
f 9666 9706 9708
f 9708 9706 9707
f 9709 9710 9668
f 9667 9669 9801
f 9801 9669 9802
f 9802 9669 9670
f 9624 9668 9712
f 9624 9712 9578
f 9753 9670 9671
f 9753 9671 9711
f 9672 9578 9713
f 9578 9712 9713
f 9711 9671 9673
f 9674 9672 9713
f 9673 9675 9714
f 9714 9675 9717
f 9674 9715 9630
f 9715 9674 9716
f 9716 9674 9713
f 9715 9676 9630
f 9715 9762 9676
f 9675 9718 9717
f 9631 9718 9675
f 9718 9631 9556
f 9719 9718 9677
f 9718 9556 9677
f 9720 9633 9762
f 9719 9677 9634
f 9719 9634 9765
f 9633 9720 9632
f 9583 9765 9634
f 9635 9766 9583
f 9583 9766 9765
f 9768 9766 9635
f 9678 9632 9721
f 9635 9636 9768
f 9723 9642 9643
f 9681 9680 9724
f 9680 9725 9724
f 9683 9726 9773
f 9773 9726 9684
f 9679 9723 9684
f 9723 9773 9684
f 9642 9723 9679
f 9724 9561 9681
f 9637 9772 9682
f 9683 9772 9637
f 9729 9728 9643
f 9644 9729 9643
f 9685 9730 9686
f 9731 9688 9686
f 9688 9731 9775
f 9689 9732 9690
f 9730 9685 9732
f 9732 9685 9690
f 9686 9730 9733
f 9731 9686 9733
f 9688 9775 9652
f 9599 9653 9736
f 9736 9653 9735
f 9734 9599 9736
f 9739 9654 9738
f 9739 9735 9692
f 9739 9692 9654
f 9738 9695 9740
f 9785 9739 9738
f 9656 9743 9695
f 9743 9787 9695
f 9741 9745 9742
f 9658 9791 9697
f 9741 9610 9745
f 9744 9659 9791
f 9744 9660 9659
f 9744 9792 9660
f 9610 9700 9746
f 9745 9610 9746
f 9746 9700 9797
f 9792 9702 9701
f 9792 9795 9702
f 9797 9662 9747
f 9700 9662 9797
f 9698 9663 9699
f 9702 9749 9705
f 9698 9703 9663
f 9704 9748 9747
f 9749 9706 9705
f 9750 9706 9749
f 9751 9748 9704
f 9665 9667 9799
f 9708 9752 9709
f 9708 9707 9752
f 9801 9799 9667
f 9804 9709 9752
f 9710 9709 9804
f 9710 9805 9668
f 9804 9805 9710
f 9670 9753 9802
f 9802 9753 9754
f 9668 9756 9712
f 9668 9805 9756
f 9711 9754 9753
f 9755 9754 9711
f 9712 9756 9713
f 9711 9673 9755
f 9673 9714 9755
f 9758 9713 9756
f 9714 9717 9757
f 9717 9808 9757
f 9713 9759 9716
f 9758 9759 9713
f 9717 9809 9808
f 9760 9762 9715
f 9716 9759 9715
f 9715 9759 9760
f 9717 9718 9809
f 9809 9718 9761
f 9762 9763 9720
f 9719 9761 9718
f 9814 9761 9719
f 9719 9765 9814
f 9720 9764 9632
f 9763 9764 9720
f 9764 9721 9632
f 9722 9769 9636
f 9636 9769 9768
f 9770 9724 9767
f 9767 9724 9725
f 9767 9725 9592
f 9721 9767 9592
f 9771 9767 9721
f 9764 9771 9721
f 9682 9769 9722
f 9772 9769 9682
f 9723 9820 9773
f 9643 9820 9723
f 9770 9561 9724
f 9770 9727 9561
f 9683 9821 9772
f 9643 9728 9820
f 9729 9644 9774
f 9823 9729 9774
f 9644 9727 9774
f 9732 9776 9730
f 9733 9730 9776
f 9733 9776 9825
f 9825 9731 9733
f 9652 9775 9777
f 9689 9734 9782
f 9782 9732 9689
f 9732 9778 9779
f 9732 9779 9780
f 9780 9776 9732
f 9781 9736 9735
f 9732 9782 9783
f 9652 9777 9737
f 9788 9781 9735
f 9784 9736 9781
f 9734 9736 9784
f 9782 9734 9784
f 9786 9694 9737
f 9740 9785 9738
f 9785 9735 9739
f 9785 9788 9735
f 9837 9830 9788
f 9781 9788 9830
f 9694 9786 9696
f 9834 9696 9786
f 9695 9787 9740
f 9835 9740 9787
f 9696 9834 9658
f 9834 9789 9658
f 9742 9790 9656
f 9745 9790 9742
f 9656 9790 9743
f 9787 9743 9790
f 9835 9787 9790
f 9658 9789 9791
f 9790 9745 9793
f 9841 9790 9793
f 9841 9838 9790
f 9791 9789 9744
f 9746 9793 9745
f 9797 9793 9746
f 9794 9793 9797
f 9795 9796 9702
f 9797 9747 9844
f 9702 9798 9749
f 9747 9748 9799
f 9844 9747 9799
f 9798 9750 9749
f 9798 9846 9750
f 9748 9751 9799
f 9751 9665 9799
f 9706 9752 9707
f 9802 9803 9801
f 9802 9754 9803
f 9804 9848 9805
f 9803 9754 9755
f 9805 9806 9756
f 9755 9714 9849
f 9849 9714 9757
f 9849 9757 9807
f 9756 9806 9758
f 9807 9757 9808
f 9851 9759 9758
f 9808 9809 9810
f 9759 9851 9813
f 9810 9809 9811
f 9811 9809 9761
f 9760 9812 9762
f 9759 9812 9760
f 9813 9812 9759
f 9814 9811 9761
f 9762 9856 9763
f 9762 9812 9856
f 9764 9763 9815
f 9768 9765 9766
f 9765 9768 9857
f 9857 9768 9769
f 9857 9769 9859
f 9859 9769 9816
f 9817 9767 9818
f 9818 9767 9771
f 9818 9771 9764
f 9816 9769 9772
f 9819 9816 9772
f 9821 9773 9820
f 9817 9770 9767
f 9772 9860 9819
f 9772 9914 9860
f 9773 9821 9683
f 9822 9821 9820
f 9820 9728 9822
f 9823 9822 9729
f 9729 9822 9728
f 9727 9824 9774
f 9774 9824 9823
f 9731 9867 9775
f 9731 9825 9866
f 9867 9731 9866
f 9777 9775 9867
f 9826 9779 9778
f 9827 9780 9779
f 9825 9776 9780
f 9868 9825 9780
f 9783 9778 9732
f 9783 9826 9778
f 9871 9779 9826
f 9827 9779 9828
f 9781 9830 9784
f 9831 9783 9782
f 9826 9783 9831
f 9737 9829 9786
f 9829 9832 9786
f 9837 9833 9830
f 9833 9784 9830
f 9782 9784 9833
f 9786 9832 9834
f 9740 9836 9785
f 9835 9836 9740
f 9836 9837 9785
f 9837 9788 9785
f 9880 9833 9837
f 9790 9838 9835
f 9838 9836 9835
f 9744 9789 9839
f 9840 9841 9793
f 9744 9842 9792
f 9793 9794 9840
f 9795 9792 9842
f 9842 9796 9795
f 9797 9843 9794
f 9797 9844 9843
f 9794 9843 9844
f 9702 9796 9798
f 9794 9844 9845
f 9845 9886 9794
f 9886 9845 9844
f 9706 9800 9752
f 9752 9800 9804
f 9801 9803 9799
f 9799 9803 9755
f 9844 9799 9847
f 9847 9799 9755
f 9804 9800 9848
f 9805 9848 9806
f 9849 9847 9755
f 9850 9847 9849
f 9850 9849 9807
f 9806 9897 9758
f 9808 9810 9807
f 9810 9850 9807
f 9897 9851 9758
f 9851 9853 9813
f 9811 9854 9810
f 9810 9854 9852
f 9813 9853 9812
f 9812 9853 9855
f 9854 9814 9765
f 9811 9814 9854
f 9812 9855 9856
f 9854 9765 9857
f 9763 9856 9858
f 9763 9858 9815
f 9857 9859 9907
f 9815 9858 9764
f 9764 9858 9911
f 9818 9764 9911
f 9819 9859 9816
f 9860 9859 9819
f 9770 9862 9861
f 9817 9862 9770
f 9821 9914 9772
f 9821 9822 9863
f 9727 9864 9824
f 9770 9864 9727
f 9823 9865 9822
f 9864 9823 9824
f 9866 9825 9869
f 9825 9868 9869
f 9737 9777 9870
f 9871 9872 9779
f 9872 9874 9779
f 9874 9828 9779
f 9827 9828 9873
f 9780 9827 9873
f 9831 9871 9826
f 9831 9872 9871
f 9828 9874 9875
f 9873 9828 9875
f 9829 9926 9832
f 9833 9876 9782
f 9878 9782 9876
f 9831 9782 9878
f 9832 9926 9834
f 9926 9983 9834
f 9877 9833 9880
f 9876 9833 9877
f 9983 9839 9789
f 9983 9789 9834
f 9836 9879 9837
f 9880 9837 9879
f 9879 9836 9939
f 9881 9744 9839
f 9838 9841 9883
f 9838 9883 9939
f 9836 9838 9939
f 9882 9842 9881
f 9881 9842 9744
f 9840 9883 9841
f 9882 9796 9842
f 9883 9840 9884
f 9796 9885 9798
f 9794 9886 9840
f 9884 9840 9886
f 9846 9798 9885
f 9888 9846 9885
f 9844 9889 9886
f 9889 9884 9886
f 9846 9888 9750
f 9750 10002 9706
f 9889 9844 9948
f 9706 10002 9800
f 9948 9844 9891
f 9891 9847 9893
f 9844 9847 9891
f 9892 9891 9893
f 9800 9890 9848
f 9892 9893 9950
f 9894 9848 9890
f 9847 9850 9893
f 9850 9950 9893
f 9894 9895 9848
f 9950 9850 9896
f 9896 9899 9950
f 9806 9898 9897
f 9806 9848 9898
f 9848 9895 9898
f 9850 9810 9896
f 9897 9900 9851
f 9898 9900 9897
f 9810 9852 9896
f 9899 9896 9901
f 9901 9896 9852
f 9899 9901 9902
f 9900 9956 9851
f 9901 9852 9854
f 9854 9903 9901
f 9903 9902 9901
f 9903 9954 9902
f 9854 9904 9903
f 9904 9905 9958
f 9906 9856 9853
f 9856 9855 9853
f 9854 9857 9904
f 9857 9907 9904
f 9907 9905 9904
f 9909 9905 9907
f 9858 9856 9908
f 9965 9905 9909
f 9858 9908 9910
f 9907 9968 9909
f 9911 9969 9818
f 9912 9911 9858
f 9910 9912 9858
f 9859 9860 9907
f 9860 9968 9907
f 9817 9913 9862
f 9969 9817 9818
f 9969 9913 9817
f 9968 9860 9914
f 9821 9863 9914
f 9822 9915 9863
f 9864 9770 9916
f 9770 9861 9916
f 9862 9917 9861
f 9917 9916 9861
f 9822 9865 9915
f 9823 9970 9865
f 9823 9972 9970
f 9917 9864 9916
f 9918 9866 9921
f 9867 9866 9918
f 9777 9867 9919
f 9867 9918 9919
f 9870 9777 9919
f 9869 9920 9976
f 9921 9866 9869
f 9921 9869 9976
f 9873 9868 9780
f 9920 9869 9868
f 9737 9870 9978
f 9829 9737 9922
f 9737 9978 9922
f 9923 9875 9874
f 9873 9875 9924
f 9924 9875 9923
f 9925 9873 9924
f 9868 9873 9925
f 9920 9868 9925
f 9831 9878 9927
f 9927 9928 9831
f 9831 9928 9982
f 9831 9982 9872
f 9874 9872 9982
f 9929 9874 9982
f 9923 9874 9929
f 9876 9877 9878
f 9877 9930 9878
f 9930 9927 9878
f 9930 9931 9927
f 9931 9928 9927
f 9983 9932 9839
f 9879 9935 9880
f 9880 9935 9877
f 9936 9877 9933
f 9988 9930 9936
f 9936 9930 9877
f 9986 9931 9930
f 9932 9934 9839
f 9935 9879 9937
f 9937 9879 9940
f 9937 9877 9935
f 9937 9933 9877
f 9934 9881 9839
f 9934 9938 9881
f 9879 9939 9940
f 9933 9937 9987
f 9882 9881 9938
f 9942 9882 9938
f 9937 9940 9941
f 9942 9945 9796
f 9942 9796 9882
f 9939 9883 9887
f 9943 9939 9887
f 9943 9940 9939
f 9941 9940 9944
f 9994 9941 9944
f 9945 9888 9796
f 9883 9884 9887
f 9796 9888 9885
f 9946 9940 9943
f 9884 9889 9887
f 9943 9887 9946
f 9888 10002 9750
f 9947 9887 9889
f 9946 9887 9947
f 9889 9948 9947
f 9946 9947 9948
f 10004 9890 9800
f 9891 9892 9948
f 9892 9949 9948
f 9949 9946 9948
f 9949 9950 10010
f 9892 9950 9949
f 9895 9951 9898
f 9951 9900 9898
f 9953 9900 9951
f 9952 9899 9902
f 9902 9954 10013
f 9902 10013 9952
f 9900 9953 9956
f 9954 9903 9957
f 9955 9954 9958
f 9958 9954 9957
f 9959 10014 9955
f 9958 9959 9955
f 9851 10020 9960
f 9851 9960 9853
f 9956 10020 9851
f 9903 9904 9957
f 9958 9957 9904
f 9905 9961 9959
f 9958 9905 9959
f 9959 9961 9962
f 9960 9906 9853
f 9963 9906 9960
f 9961 10019 9962
f 9908 9856 9964
f 9856 9906 9964
f 9906 9963 9964
f 9905 9965 9961
f 9965 9966 10022
f 9964 9967 9908
f 9967 9910 9908
f 9909 9968 9965
f 9966 9965 9968
f 9969 9911 9912
f 9966 9968 9914
f 9862 9971 9917
f 9913 9971 9862
f 9970 9915 9865
f 9864 9973 9823
f 9864 9974 9973
f 9917 9974 9864
f 9974 9917 9971
f 9975 9919 9918
f 9921 10034 9918
f 10034 9975 9918
f 10032 9919 9975
f 9870 9919 10032
f 9976 9920 9977
f 9921 9976 9977
f 9979 9924 9923
f 9925 9924 9981
f 9924 9980 9981
f 9977 9920 9925
f 9981 9977 9925
f 9926 9829 9922
f 9922 9983 9926
f 9929 9979 9923
f 9928 9931 9985
f 9982 9928 9985
f 9932 9983 9984
f 9986 9985 9931
f 9984 9934 9932
f 9933 9988 9936
f 9987 9988 9933
f 9988 9989 9930
f 9986 9930 9989
f 10041 9986 9989
f 9990 9934 9984
f 9990 9938 9934
f 9988 9987 9991
f 9942 9938 9990
f 9942 9990 9992
f 9937 9941 9987
f 9942 9992 9945
f 9992 9997 9945
f 9940 10047 9993
f 9944 9940 9993
f 9994 9987 9941
f 9991 9987 9996
f 9996 9987 9995
f 9999 9944 9993
f 9994 9944 10000
f 9987 9994 9998
f 9998 9994 10000
f 9998 9995 9987
f 9996 9995 9998
f 9945 9997 9888
f 9997 10002 9888
f 10000 9944 9999
f 10008 10005 9946
f 10001 10054 9946
f 10001 9946 10005
f 10001 10005 10003
f 10003 10005 10007
f 9800 10002 10004
f 10005 10008 10006
f 10005 10006 10007
f 9946 9949 10008
f 10006 10008 10011
f 10004 10012 9890
f 9949 10010 10008
f 10011 10009 10006
f 9890 10012 9894
f 10008 10010 10011
f 9894 10012 9895
f 9950 9899 10010
f 10066 9895 10012
f 9951 9895 10066
f 9899 9952 10010
f 10013 10010 9952
f 10011 10010 10014
f 10014 10010 10013
f 10015 10011 10014
f 9955 10013 9954
f 10014 10013 9955
f 10014 10067 10015
f 9956 9953 10016
f 10067 10014 10017
f 10017 10014 9959
f 10067 10017 10018
f 10017 9959 9962
f 10019 10017 9962
f 10019 10018 10017
f 10019 10068 10018
f 9960 10020 9963
f 10019 9961 10021
f 10022 10019 10021
f 9963 10020 10023
f 9963 10023 9964
f 9961 9965 10021
f 10022 10021 9965
f 9964 10023 9967
f 10023 10027 9967
f 9966 10024 10022
f 9910 10026 9912
f 9967 10027 9910
f 9910 10027 10026
f 10024 9914 9863
f 9966 9914 10024
f 10028 10024 9863
f 10025 10024 10028
f 10028 10080 10025
f 9971 9913 9969
f 9912 10138 9969
f 9915 10028 9863
f 10187 9915 9970
f 9970 10029 10187
f 9970 9972 10029
f 10030 10029 9972
f 10030 9972 10031
f 9972 9823 10031
f 9973 10031 9823
f 9977 10033 9921
f 10033 10034 9921
f 9975 10034 10085
f 10032 9975 10085
f 10035 9870 10032
f 9978 9870 10035
f 9978 10035 9922
f 10033 9977 10036
f 10036 9977 9981
f 10037 10033 10036
f 10034 10033 10037
f 9984 9983 9922
f 9979 10040 9924
f 10038 10040 9979
f 9924 10040 9980
f 10039 9980 10040
f 10039 9981 9980
f 9982 10038 9929
f 9929 10038 9979
f 10086 10039 10040
f 9982 9986 10041
f 9985 9986 9982
f 10038 9982 10040
f 10040 9982 10041
f 10042 10040 10046
f 10046 10040 10041
f 9988 9991 10043
f 9988 10043 10044
f 9988 10044 9989
f 10045 10044 10043
f 10041 9989 10044
f 10050 10044 10045
f 10041 10044 10046
f 9993 10047 10048
f 10049 9993 10048
f 10046 10044 10051
f 10051 10044 10050
f 9993 10049 9999
f 10049 10052 9999
f 9996 9998 10103
f 9997 10104 10002
f 9940 9946 10047
f 10047 9946 10054
f 9998 10000 10108
f 10002 10104 10053
f 10002 10053 10110
f 10055 10002 10110
f 10002 10055 10004
f 10055 10056 10004
f 10058 10004 10056
f 10057 10007 10006
f 10059 10057 10009
f 10057 10006 10009
f 10059 10009 10060
f 10058 10066 10012
f 10004 10058 10012
f 10060 10009 10063
f 10009 10011 10061
f 10063 10062 10060
f 10011 10015 10061
f 10064 10061 10015
f 10064 10009 10061
f 10063 10009 10064
f 9951 10065 9953
f 10066 10065 9951
f 10015 10067 10064
f 10063 10064 10067
f 9953 10065 10016
f 10063 10067 10018
f 10018 10068 10124
f 10018 10124 10063
f 10124 10068 10126
f 9956 10128 10020
f 10016 10128 9956
f 10068 10019 10072
f 10126 10068 10069
f 10069 10068 10072
f 10128 10071 10020
f 10019 10022 10072
f 10074 10069 10072
f 10070 10069 10074
f 10020 10073 10023
f 10020 10071 10073
f 10024 10072 10022
f 10024 10074 10072
f 10075 10070 10074
f 10076 10077 10078
f 10079 10023 10073
f 10027 10023 10079
f 10075 10074 10024
f 10129 10075 10024
f 10076 10129 10024
f 10025 10076 10024
f 10077 10076 10025
f 10080 10077 10025
f 10080 10078 10077
f 10079 10026 10027
f 9915 10080 10028
f 10187 10080 9915
f 10026 10138 9912
f 10187 10029 10081
f 10029 10030 10081
f 10030 10031 10081
f 9971 10083 10082
f 10083 9971 9969
f 9973 10081 10031
f 9973 9974 10139
f 10082 9974 9971
f 10032 10085 10035
f 10085 9922 10035
f 10037 10084 10034
f 10034 10084 10085
f 10084 9984 10085
f 9981 10087 10036
f 10087 10088 10036
f 10036 10088 10037
f 10084 10037 9984
f 9984 10037 10088
f 9922 10085 9984
f 10087 10039 10086
f 9981 10039 10087
f 10040 10042 10089
f 10086 10040 10089
f 10090 10086 10089
f 10087 10086 10090
f 10097 9990 9984
f 10144 10093 10091
f 10095 10096 10042
f 10096 10089 10042
f 10098 10045 10043
f 10046 10095 10042
f 9990 10097 9992
f 10099 10100 10047
f 10091 10047 10100
f 10101 10047 10091
f 10093 10102 10091
f 10102 10101 10091
f 10043 9991 10103
f 10101 10048 10047
f 10102 10049 10101
f 10102 10052 10049
f 10048 10101 10049
f 9991 9996 10103
f 10046 10051 10095
f 9998 10106 10103
f 10051 10050 10166
f 10166 10095 10051
f 10052 10107 9999
f 9998 10108 10106
f 10000 9999 10108
f 9999 10107 10108
f 10109 10105 10111
f 10047 10054 10105
f 10054 10111 10105
f 10003 10112 10001
f 10001 10112 10054
f 10055 10110 10114
f 10112 10003 10113
f 10055 10114 10056
f 10003 10007 10113
f 10056 10116 10058
f 10113 10007 10057
f 10175 10113 10057
f 10057 10059 10175
f 10060 10117 10059
f 10116 10178 10058
f 10058 10178 10066
f 10117 10060 10120
f 10178 10231 10066
f 10121 10120 10062
f 10120 10060 10062
f 10115 10118 10119
f 10063 10124 10062
f 10118 10121 10125
f 10119 10118 10125
f 10125 10122 10119
f 10066 10185 10065
f 10066 10123 10185
f 10062 10124 10126
f 10127 10062 10126
f 10121 10062 10127
f 10065 10185 10016
f 10129 10121 10127
f 10125 10121 10129
f 10130 10125 10129
f 10185 10128 10016
f 10070 10126 10069
f 10127 10126 10070
f 10070 10129 10127
f 10130 10129 10076
f 10132 10131 10130
f 10076 10132 10130
f 10128 10073 10071
f 10070 10075 10129
f 10078 10132 10076
f 10078 10133 10132
f 10078 10080 10133
f 10187 10133 10080
f 10079 10135 10026
f 10187 10081 10134
f 9969 10138 10194
f 10136 10081 9973
f 10139 10136 9973
f 10139 10137 10136
f 9974 10137 10139
f 9974 10196 10137
f 10083 9974 10082
f 10194 10083 9969
f 10141 10142 10140
f 10088 10146 9984
f 9984 10146 10143
f 10094 10144 10140
f 10142 10094 10140
f 10090 10145 10087
f 10088 10087 10201
f 10143 10146 10150
f 9984 10143 10147
f 10147 10143 10150
f 9984 10147 10097
f 10144 10091 10092
f 10094 10093 10144
f 10098 10043 10142
f 10089 10096 10148
f 10149 10089 10148
f 10149 10090 10089
f 10204 10145 10090
f 10097 10147 10151
f 10092 10100 10152
f 10092 10091 10100
f 10094 10159 10093
f 10098 10153 10045
f 10148 10096 10154
f 10155 10149 10148
f 10097 10151 10156
f 10156 9992 10097
f 10152 10099 10208
f 10100 10099 10152
f 10093 10159 10102
f 10043 10094 10142
f 10045 10153 10050
f 10153 10161 10050
f 10154 10096 10095
f 10157 10154 10095
f 9992 10156 9997
f 10156 10164 9997
f 10158 10208 10099
f 10099 10047 10158
f 10102 10159 10052
f 10094 10160 10159
f 10043 10103 10094
f 10103 10160 10094
f 10095 10162 10163
f 10163 10157 10095
f 10104 9997 10164
f 10167 10104 10164
f 10158 10105 10165
f 10047 10105 10158
f 10159 10107 10052
f 10160 10107 10159
f 10103 10106 10160
f 10050 10161 10166
f 10162 10095 10166
f 10104 10167 10053
f 10160 10108 10107
f 10160 10106 10108
f 10165 10105 10168
f 10169 10110 10053
f 10168 10105 10109
f 10109 10111 10170
f 10111 10054 10170
f 10170 10054 10112
f 10110 10169 10114
f 10168 10109 10171
f 10109 10170 10171
f 10170 10173 10171
f 10173 10172 10171
f 10174 10173 10170
f 10112 10174 10170
f 10224 10056 10114
f 10112 10113 10174
f 10056 10224 10116
f 10113 10175 10174
f 10175 10059 10176
f 10059 10117 10176
f 10177 10115 10119
f 10119 10122 10179
f 10231 10186 10066
f 10066 10186 10123
f 10122 10125 10181
f 10180 10122 10182
f 10182 10122 10181
f 10182 10239 10180
f 10183 10182 10181
f 10125 10130 10181
f 10188 10184 10183
f 10188 10242 10184
f 10128 10185 10186
f 10130 10131 10181
f 10131 10183 10181
f 10187 10183 10131
f 10188 10183 10187
f 10243 10188 10189
f 10187 10131 10132
f 10133 10187 10132
f 10189 10188 10134
f 10134 10188 10187
f 10246 10189 10190
f 10190 10189 10134
f 10073 10135 10079
f 10192 10190 10134
f 10191 10190 10192
f 10252 10191 10192
f 10252 10192 10193
f 10254 10194 10195
f 10026 10135 10195
f 10136 10134 10081
f 10192 10134 10136
f 10137 10192 10136
f 10196 10192 10137
f 10196 10193 10192
f 10255 10193 10196
f 10195 10194 10138
f 10026 10195 10138
f 10083 10196 9974
f 10256 10196 10083
f 10194 10256 10083
f 10140 10144 10197
f 10197 10198 10141
f 10197 10141 10140
f 10142 10141 10198
f 10199 10142 10198
f 10142 10199 10206
f 10142 10206 10098
f 10087 10145 10201
f 10201 10146 10088
f 10260 10152 10202
f 10260 10092 10152
f 10144 10092 10260
f 10098 10206 10153
f 10090 10149 10203
f 10203 10204 10090
f 10204 10201 10145
f 10146 10201 10204
f 10207 10146 10204
f 10146 10207 10150
f 10150 10205 10147
f 10205 10151 10147
f 10154 10212 10148
f 10212 10155 10148
f 10155 10203 10149
f 10155 10204 10203
f 10265 10205 10150
f 10151 10205 10164
f 10151 10164 10156
f 10153 10206 10161
f 10200 10209 10206
f 10209 10200 10266
f 10154 10157 10210
f 10154 10210 10212
f 10211 10210 10157
f 10213 10155 10212
f 10205 10265 10271
f 10271 10214 10205
f 10205 10214 10164
f 10208 10158 10368
f 10209 10161 10206
f 10215 10161 10209
f 10162 10215 10163
f 10216 10210 10211
f 10212 10210 10217
f 10217 10210 10216
f 10218 10213 10217
f 10217 10213 10212
f 10164 10214 10271
f 10164 10219 10167
f 10368 10158 10165
f 10220 10368 10165
f 10215 10166 10161
f 10162 10166 10215
f 10053 10167 10219
f 10165 10168 10220
f 10053 10221 10169
f 10220 10168 10223
f 10168 10171 10223
f 10169 10222 10114
f 10171 10172 10223
f 10114 10222 10224
f 10172 10225 10223
f 10173 10225 10172
f 10173 10174 10225
f 10174 10175 10382
f 10225 10174 10382
f 10118 10228 10227
f 10115 10228 10118
f 10224 10226 10116
f 10176 10382 10175
f 10227 10233 10118
f 10115 10177 10228
f 10226 10178 10116
f 10231 10178 10226
f 10117 10120 10176
f 10120 10232 10176
f 10118 10233 10121
f 10177 10119 10179
f 10230 10229 10240
f 10236 10232 10120
f 10120 10121 10236
f 10121 10237 10236
f 10237 10121 10233
f 10234 10230 10240
f 10235 10234 10240
f 10122 10296 10179
f 10238 10296 10180
f 10296 10122 10180
f 10239 10238 10180
f 10239 10229 10238
f 10240 10229 10241
f 10241 10229 10239
f 10240 10297 10235
f 10297 10240 10241
f 10297 10241 10298
f 10182 10183 10239
f 10241 10239 10183
f 10184 10241 10183
f 10298 10241 10184
f 10184 10242 10298
f 10186 10185 10123
f 10242 10188 10243
f 10304 10244 10243
f 10304 10243 10245
f 10251 10128 10186
f 10246 10243 10189
f 10245 10243 10247
f 10247 10243 10246
f 10306 10245 10247
f 10306 10247 10248
f 10250 10073 10251
f 10251 10073 10128
f 10247 10246 10190
f 10191 10247 10190
f 10252 10247 10191
f 10252 10248 10247
f 10309 10248 10253
f 10253 10248 10252
f 10250 10249 10195
f 10135 10250 10195
f 10250 10135 10073
f 10253 10252 10193
f 10255 10253 10193
f 10254 10253 10256
f 10256 10253 10255
f 10254 10256 10194
f 10256 10255 10196
f 10197 10311 10198
f 10199 10198 10311
f 10199 10257 10206
f 10206 10257 10200
f 10200 10257 10258
f 10144 10260 10363
f 10363 10197 10144
f 10259 10261 10258
f 10262 10261 10259
f 10200 10258 10266
f 10261 10163 10258
f 10211 10157 10261
f 10157 10163 10261
f 10204 10155 10263
f 10204 10264 10207
f 10264 10265 10207
f 10207 10265 10150
f 10366 10152 10208
f 10258 10163 10266
f 10263 10213 10267
f 10155 10213 10263
f 10267 10268 10263
f 10204 10263 10268
f 10264 10204 10269
f 10274 10264 10270
f 10265 10264 10274
f 10208 10368 10366
f 10209 10266 10215
f 10163 10215 10266
f 10218 10267 10213
f 10218 10273 10267
f 10274 10320 10275
f 10274 10275 10265
f 10271 10265 10275
f 10271 10219 10164
f 10217 10216 10317
f 10218 10217 10317
f 10318 10273 10218
f 10321 10276 10271
f 10219 10271 10221
f 10219 10221 10053
f 10276 10278 10271
f 10221 10271 10278
f 10278 10276 10277
f 10221 10278 10222
f 10169 10221 10222
f 10222 10278 10279
f 10223 10225 10280
f 10279 10288 10222
f 10224 10222 10226
f 10226 10222 10288
f 10225 10382 10374
f 10284 10283 10281
f 10282 10281 10283
f 10382 10176 10285
f 10230 10286 10229
f 10230 10287 10283
f 10230 10283 10286
f 10286 10283 10284
f 10282 10283 10287
f 10226 10288 10231
f 10176 10289 10285
f 10176 10232 10289
f 10228 10290 10227
f 10290 10233 10227
f 10177 10290 10228
f 10177 10179 10290
f 10230 10234 10287
f 10235 10287 10234
f 10291 10287 10235
f 10291 10282 10287
f 10291 10337 10282
f 10231 10288 10292
f 10232 10392 10289
f 10236 10392 10232
f 10237 10392 10236
f 10290 10237 10233
f 10231 10292 10293
f 10351 10294 10237
f 10295 10351 10237
f 10290 10295 10237
f 10179 10295 10290
f 10179 10296 10295
f 10235 10297 10291
f 10298 10291 10297
f 10292 10339 10299
f 10293 10292 10299
f 10231 10293 10186
f 10242 10300 10298
f 10301 10298 10300
f 10302 10301 10304
f 10293 10299 10303
f 10242 10243 10300
f 10244 10300 10243
f 10304 10300 10244
f 10304 10301 10300
f 10307 10302 10304
f 10305 10307 10309
f 10358 10305 10303
f 10186 10293 10251
f 10293 10303 10251
f 10306 10304 10245
f 10307 10304 10306
f 10310 10305 10309
f 10303 10305 10308
f 10251 10303 10308
f 10309 10306 10248
f 10309 10307 10306
f 10249 10308 10310
f 10308 10305 10310
f 10250 10308 10249
f 10251 10308 10250
f 10254 10309 10253
f 10310 10309 10254
f 10195 10310 10254
f 10249 10310 10195
f 10311 10399 10359
f 10311 10359 10199
f 10312 10257 10199
f 10313 10311 10197
f 10258 10257 10402
f 10257 10312 10402
f 10259 10258 10314
f 10313 10197 10363
f 10259 10314 10262
f 10314 10261 10262
f 10361 10315 10261
f 10202 10152 10365
f 10261 10315 10211
f 10365 10152 10366
f 10211 10315 10216
f 10315 10272 10216
f 10204 10268 10269
f 10264 10269 10270
f 10267 10273 10268
f 10270 10269 10319
f 10269 10268 10319
f 10270 10319 10274
f 10319 10320 10274
f 10216 10272 10316
f 10216 10316 10317
f 10318 10218 10317
f 10318 10268 10273
f 10320 10321 10275
f 10275 10321 10271
f 10319 10268 10325
f 10323 10319 10325
f 10320 10319 10323
f 10268 10318 10325
f 10321 10320 10323
f 10220 10223 10370
f 10325 10318 10329
f 10276 10321 10277
f 10321 10323 10277
f 10322 10324 10330
f 10318 10322 10330
f 10329 10318 10330
f 10329 10376 10325
f 10277 10323 10327
f 10332 10282 10328
f 10324 10326 10333
f 10330 10324 10333
f 10372 10329 10330
f 10327 10334 10277
f 10278 10277 10279
f 10328 10282 10337
f 10277 10334 10335
f 10277 10335 10279
f 10225 10374 10280
f 10282 10332 10281
f 10326 10328 10333
f 10333 10328 10337
f 10335 10334 10339
f 10339 10334 10338
f 10335 10336 10279
f 10335 10339 10336
f 10279 10336 10288
f 10338 10342 10339
f 10336 10339 10288
f 10382 10285 10340
f 10286 10341 10229
f 10286 10385 10341
f 10385 10286 10284
f 10333 10337 10343
f 10340 10285 10289
f 10343 10337 10346
f 10339 10342 10350
f 10288 10339 10292
f 10229 10341 10238
f 10341 10345 10238
f 10337 10291 10346
f 10388 10343 10347
f 10347 10343 10346
f 10392 10237 10344
f 10237 10294 10344
f 10294 10351 10396
f 10352 10351 10295
f 10345 10296 10238
f 10291 10298 10346
f 10301 10346 10298
f 10347 10346 10301
f 10348 10347 10356
f 10350 10349 10358
f 10354 10350 10358
f 10339 10354 10299
f 10339 10350 10354
f 10351 10355 10396
f 10352 10355 10351
f 10301 10353 10347
f 10356 10347 10353
f 10356 10398 10348
f 10354 10358 10299
f 10301 10302 10353
f 10307 10353 10302
f 10356 10353 10307
f 10307 10398 10356
f 10349 10357 10358
f 10299 10358 10303
f 10307 10305 10398
f 10357 10398 10305
f 10358 10357 10305
f 10359 10312 10199
f 10360 10311 10313
f 10258 10402 10314
f 10260 10362 10363
f 10361 10261 10314
f 10362 10260 10202
f 10364 10362 10202
f 10202 10365 10364
f 10315 10361 10272
f 10366 10368 10367
f 10316 10272 10361
f 10317 10316 10369
f 10369 10318 10317
f 10318 10369 10322
f 10368 10220 10370
f 10413 10368 10370
f 10376 10371 10325
f 10325 10371 10323
f 10323 10371 10327
f 10376 10329 10372
f 10327 10371 10331
f 10370 10223 10373
f 10330 10380 10372
f 10331 10371 10376
f 10331 10377 10327
f 10327 10377 10334
f 10373 10223 10280
f 10373 10374 10375
f 10333 10380 10330
f 10391 10376 10372
f 10381 10331 10376
f 10377 10331 10381
f 10374 10373 10280
f 10332 10379 10281
f 10281 10379 10378
f 10376 10391 10384
f 10381 10376 10384
f 10334 10381 10338
f 10377 10381 10334
f 10281 10378 10284
f 10378 10383 10284
f 10342 10381 10384
f 10338 10381 10342
f 10385 10284 10386
f 10284 10383 10386
f 10333 10343 10380
f 10395 10372 10380
f 10342 10391 10350
f 10384 10391 10342
f 10385 10387 10341
f 10387 10385 10386
f 10343 10388 10380
f 10389 10380 10388
f 10390 10372 10395
f 10391 10372 10390
f 10289 10425 10340
f 10387 10345 10341
f 10389 10388 10347
f 10348 10389 10347
f 10395 10380 10389
f 10391 10390 10349
f 10350 10391 10349
f 10344 10393 10392
f 10294 10426 10344
f 10344 10426 10393
f 10396 10426 10294
f 10295 10394 10352
f 10296 10394 10295
f 10394 10296 10345
f 10389 10348 10398
f 10349 10390 10395
f 10355 10397 10396
f 10397 10355 10352
f 10395 10389 10398
f 10395 10398 10357
f 10349 10395 10357
f 10429 10311 10401
f 10311 10429 10399
f 10313 10400 10360
f 10311 10360 10400
f 10311 10400 10401
f 10359 10399 10432
f 10312 10359 10432
f 10312 10432 10433
f 10402 10312 10433
f 10402 10361 10314
f 10403 10361 10402
f 10363 10435 10313
f 10400 10313 10435
f 10404 10361 10403
f 10363 10362 10405
f 10405 10362 10364
f 10364 10365 10406
f 10438 10405 10406
f 10406 10405 10364
f 10365 10366 10367
f 10406 10365 10408
f 10408 10365 10367
f 10408 10438 10406
f 10409 10316 10407
f 10407 10316 10361
f 10367 10368 10411
f 10412 10367 10411
f 10408 10367 10412
f 10369 10316 10409
f 10410 10369 10409
f 10368 10413 10411
f 10369 10414 10322
f 10414 10324 10322
f 10415 10324 10414
f 10413 10370 10416
f 10416 10440 10413
f 10324 10415 10326
f 10415 10417 10326
f 10370 10373 10416
f 10418 10440 10416
f 10417 10328 10326
f 10419 10328 10417
f 10418 10416 10375
f 10375 10416 10373
f 10328 10419 10332
f 10375 10374 10421
f 10379 10332 10420
f 10332 10419 10420
f 10374 10382 10421
f 10379 10422 10378
f 10422 10383 10378
f 10422 10379 10420
f 10462 10340 10423
f 10462 10421 10340
f 10421 10382 10340
f 10383 10424 10386
f 10422 10424 10383
f 10340 10425 10423
f 10386 10424 10387
f 10425 10466 10423
f 10425 10289 10466
f 10289 10392 10466
f 10396 10428 10426
f 10397 10428 10396
f 10427 10397 10352
f 10400 10431 10401
f 10429 10401 10431
f 10399 10429 10431
f 10430 10399 10431
f 10432 10399 10430
f 10434 10402 10433
f 10402 10434 10403
f 10435 10431 10400
f 10403 10434 10404
f 10361 10404 10436
f 10437 10361 10436
f 10361 10437 10407
f 10438 10408 10439
f 10439 10408 10412
f 10411 10413 10440
f 10412 10411 10440
f 10415 10414 10459
f 10412 10440 10442
f 10442 10441 10412
f 10417 10415 10459
f 10418 10442 10440
f 10442 10460 10461
f 10442 10418 10460
f 10418 10375 10460
f 10417 10443 10419
f 10443 10417 10459
f 10444 10419 10443
f 10375 10421 10460
f 10419 10444 10420
f 10420 10444 10445
f 10420 10446 10422
f 10445 10446 10420
f 10462 10423 10447
f 10423 10466 10448
f 10423 10448 10447
f 10424 10464 10387
f 10393 10466 10392
f 10426 10450 10393
f 10352 10394 10427
f 10449 10394 10345
f 10426 10428 10450
f 10397 10450 10428
f 10427 10450 10397
f 10430 10433 10432
f 10435 10430 10431
f 10433 10430 10435
f 10434 10433 10435
f 10434 10451 10404
f 10435 10363 10452
f 10451 10435 10453
f 10434 10435 10451
f 10404 10451 10436
f 10436 10451 10437
f 10363 10405 10454
f 10452 10363 10454
f 10454 10405 10438
f 10456 10454 10438
f 10437 10455 10407
f 10438 10439 10456
f 10409 10407 10457
f 10410 10409 10458
f 10409 10457 10458
f 10439 10412 10475
f 10369 10458 10414
f 10414 10458 10459
f 10476 10475 10412
f 10441 10476 10412
f 10441 10442 10477
f 10476 10441 10477
f 10442 10461 10477
f 10421 10463 10460
f 10421 10462 10463
f 10448 10463 10462
f 10448 10462 10447
f 10422 10465 10424
f 10424 10465 10464
f 10465 10422 10446
f 10448 10466 10485
f 10464 10467 10387
f 10466 10393 10485
f 10345 10467 10449
f 10449 10467 10486
f 10387 10467 10345
f 10450 10485 10393
f 10427 10468 10450
f 10427 10469 10468
f 10449 10469 10394
f 10469 10427 10394
f 10452 10453 10435
f 10451 10453 10470
f 10451 10470 10471
f 10453 10452 10474
f 10471 10472 10451
f 10437 10451 10473
f 10473 10451 10472
f 10437 10473 10455
f 10456 10452 10454
f 10474 10452 10456
f 10474 10456 10475
f 10453 10474 10496
f 10407 10455 10457
f 10456 10439 10475
f 10410 10458 10369
f 10475 10499 10474
f 10458 10478 10459
f 10477 10461 10463
f 10476 10477 10463
f 10459 10478 10443
f 10461 10460 10463
f 10476 10463 10481
f 10481 10502 10476
f 10478 10444 10443
f 10479 10444 10478
f 10444 10479 10445
f 10479 10480 10445
f 10485 10481 10463
f 10480 10446 10445
f 10482 10446 10480
f 10463 10448 10485
f 10483 10481 10485
f 10482 10465 10446
f 10464 10486 10467
f 10484 10486 10464
f 10483 10485 10450
f 10450 10487 10483
f 10449 10486 10488
f 10450 10468 10487
f 10488 10487 10469
f 10449 10488 10469
f 10470 10489 10471
f 10489 10490 10471
f 10494 10489 10470
f 10490 10492 10471
f 10471 10492 10493
f 10471 10493 10472
f 10453 10496 10470
f 10496 10494 10470
f 10472 10493 10495
f 10473 10472 10495
f 10495 10455 10473
f 10497 10494 10496
f 10455 10495 10457
f 10499 10496 10474
f 10497 10496 10498
f 10498 10509 10497
f 10475 10476 10499
f 10498 10496 10499
f 10476 10500 10499
f 10498 10499 10500
f 10476 10502 10500
f 10502 10520 10500
f 10479 10458 10517
f 10458 10479 10478
f 10503 10501 10502
f 10521 10482 10480
f 10483 10502 10481
f 10503 10504 10522
f 10464 10506 10484
f 10484 10506 10505
f 10506 10465 10521
f 10506 10464 10465
f 10482 10521 10465
f 10487 10502 10483
f 10487 10503 10502
f 10504 10503 10487
f 10488 10524 10504
f 10488 10504 10487
f 10507 10486 10505
f 10486 10484 10505
f 10469 10487 10468
f 10486 10524 10488
f 10489 10494 10508
f 10489 10508 10490
f 10490 10508 10491
f 10490 10491 10492
f 10509 10511 10494
f 10494 10511 10508
f 10512 10508 10511
f 10512 10491 10508
f 10493 10492 10525
f 10492 10491 10525
f 10495 10493 10525
f 10497 10509 10494
f 10510 10511 10509
f 10457 10495 10513
f 10457 10513 10458
f 10509 10498 10516
f 10510 10509 10514
f 10514 10509 10516
f 10514 10530 10510
f 10515 10530 10514
f 10515 10514 10516
f 10498 10500 10520
f 10520 10516 10498
f 10515 10516 10519
f 10529 10517 10458
f 10529 10518 10517
f 10520 10502 10501
f 10517 10518 10480
f 10517 10480 10479
f 10519 10516 10523
f 10523 10516 10520
f 10480 10518 10521
f 10522 10501 10503
f 10522 10520 10501
f 10523 10520 10522
f 10524 10519 10523
f 10521 10519 10505
f 10506 10521 10505
f 10523 10522 10504
f 10524 10523 10504
f 10519 10524 10507
f 10505 10519 10507
f 10507 10524 10486
f 10491 10512 10528
f 10528 10525 10491
f 10511 10510 10526
f 10511 10531 10512
f 10526 10531 10511
f 10531 10528 10512
f 10525 10527 10495
f 10525 10528 10527
f 10527 10513 10495
f 10510 10530 10526
f 10527 10528 10529
f 10513 10527 10529
f 10531 10526 10530
f 10533 10531 10530
f 10529 10528 10531
f 10513 10529 10458
f 10515 10532 10530
f 10533 10530 10532
f 10515 10519 10532
f 10529 10533 10518
f 10529 10531 10533
f 10519 10534 10532
f 10533 10532 10534
f 10521 10534 10519
f 10533 10534 10521
f 10518 10533 10521
