# chimera.real_body_20260922: the committed CT preview, repaired
# and QEM-decimated under the importer's kMaxTris; see
# validation/slice_real_body_20260922/{preregistration.md,
# repair_and_decimate.py, check_body_closure.py, body_manifest.json}
v 29.679998 34.239998 48.480000
v 29.760000 34.239998 48.399998
v 29.760000 34.160000 48.480000
v 29.760000 34.160000 48.639999
v 29.679998 34.239998 48.639999
v 29.760000 34.160000 48.799999
v 29.679998 34.239998 48.799999
v 29.760000 34.160000 48.959999
v 29.679998 34.239998 48.959999
v 29.760000 34.160000 49.119999
v 29.679998 34.239998 49.119999
v 29.760000 34.239998 49.200001
v 29.679998 34.399998 48.480000
v 29.759982 34.559998 48.400016
v 29.679998 34.399998 48.639999
v 29.679998 34.399998 48.799999
v 29.679998 34.399998 48.959999
v 29.679998 34.399998 49.119999
v 29.760000 34.320000 49.279999
v 29.679998 34.399998 49.279999
v 29.760000 34.320000 49.439999
v 29.679998 34.399998 49.439999
v 29.760000 34.399998 49.520000
v 29.679998 34.559998 48.480000
v 29.679998 34.559998 48.639999
v 29.679998 34.559998 48.799999
v 29.679998 34.559998 48.959999
v 29.679998 34.559998 49.119999
v 29.679998 34.559998 49.279999
v 29.679998 34.559998 49.439999
v 29.760000 34.559998 49.520000
v 29.679998 34.719997 48.320000
v 29.760000 34.719997 48.239998
v 29.760000 34.639999 48.320000
v 29.679998 34.719997 48.480000
v 29.679998 34.719997 48.639999
v 29.679998 34.719997 48.799999
v 29.679998 34.719997 48.959999
v 29.679998 34.719997 49.119999
v 29.679998 34.719997 49.279999
v 29.679998 34.719997 49.439999
v 29.760000 34.639999 49.599998
v 29.679998 34.719997 49.599998
v 29.760000 34.719997 49.680000
v 29.679998 34.880001 48.320000
v 29.760000 34.880001 48.239998
v 29.679998 34.880001 48.480000
v 29.679998 34.880001 48.639999
v 29.679998 34.880001 48.799999
v 29.679998 34.880001 48.959999
v 29.679998 34.880001 49.119999
v 29.679998 34.880001 49.279999
v 29.679998 34.880001 49.439999
v 29.679998 34.880001 49.599998
v 29.760000 34.880001 49.680000
v 29.679998 35.040001 48.320000
v 29.760000 35.040001 48.239998
v 29.679998 35.040001 48.480000
v 29.679998 35.040001 48.639999
v 29.679998 35.040001 48.799999
v 29.679998 35.040001 48.959999
v 29.679998 35.040001 49.119999
v 29.679998 35.040001 49.279999
v 29.679998 35.040001 49.439999
v 29.679998 35.040001 49.599998
v 29.760000 35.040001 49.680000
v 29.679998 35.200001 48.320000
v 29.760000 35.200001 48.239998
v 29.679998 35.200001 48.480000
v 29.679998 35.200001 48.639999
v 29.679998 35.200001 48.799999
v 29.679998 35.200001 48.959999
v 29.679998 35.200001 49.119999
v 29.679998 35.200001 49.279999
v 29.679998 35.200001 49.439999
v 29.679998 35.200001 49.599998
v 29.760000 35.200001 49.680000
v 29.679998 35.360001 48.320000
v 29.760000 35.360001 48.239998
v 29.679998 35.360001 48.480000
v 29.679998 35.360001 48.639999
v 29.679998 35.360001 48.799999
v 29.679998 35.360001 48.959999
v 29.679998 35.360001 49.119999
v 29.679998 35.360001 49.279999
v 29.760000 35.360001 49.360001
v 29.760000 35.279999 49.439999
v 29.760000 35.279999 49.599998
v 29.760000 35.439999 48.320000
v 29.760000 35.439999 48.480000
v 29.760000 35.439999 48.639999
v 29.679998 35.520000 48.799999
v 29.760000 35.520000 48.719997
v 29.679998 35.520000 48.959999
v 29.679998 35.520000 49.119999
v 29.760000 35.520000 49.200001
v 29.760000 35.439999 49.279999
v 29.760000 35.599998 48.799999
v 29.760000 35.599998 48.959999
v 29.760000 35.599998 49.119999
v 29.840000 33.759998 48.320000
v 29.920000 33.759998 48.239998
v 29.920015 33.679985 48.320000
v 29.840000 33.759998 48.480000
v 29.840000 33.759998 48.639999
v 29.920000 33.680000 48.799999
v 29.840000 33.759998 48.799999
v 29.920000 33.759998 48.879997
v 29.840000 33.919998 48.000000
v 29.920000 33.919998 47.919998
v 29.920000 33.840000 48.000000
v 29.920000 33.840000 48.160000
v 29.840000 33.919998 48.160000
v 29.840000 33.919998 48.799999
v 29.920000 33.840000 48.959999
v 29.840000 33.919998 48.959999
v 29.920000 33.840000 49.119999
v 29.920000 33.840000 49.279999
v 29.920000 33.840000 49.439999
v 29.920000 33.840000 49.599998
v 29.840000 33.919998 49.599998
v 29.920000 33.919998 49.680000
v 29.840000 34.079999 47.839999
v 29.840000 34.079998 48.480000
v 29.840000 34.079998 48.799999
v 29.840000 34.079998 48.959999
v 29.840000 34.079998 49.119999
v 29.840000 34.079998 49.279999
v 29.840000 34.239998 49.599998
v 29.840000 34.079998 49.599998
v 29.920000 34.079998 49.680000
v 29.840000 34.239998 48.320000
v 29.840000 34.239998 49.279999
v 29.840000 34.239998 49.439999
v 29.920000 34.239998 49.680000
v 29.840000 34.399998 47.840000
v 29.920000 34.399998 47.759998
v 29.840000 34.399998 48.320000
v 29.840000 34.399998 49.599998
v 29.920000 34.320000 49.759998
v 29.840000 34.399998 49.759998
v 29.920000 34.320000 49.919998
v 29.840000 34.399998 49.919998
v 29.920000 34.399998 50.000000
v 29.920000 34.559998 47.919998
v 29.840000 34.559998 48.320000
v 29.840000 34.559998 49.599998
v 29.840000 34.559998 49.759998
v 29.840000 34.559998 49.919998
v 29.920000 34.559998 50.000000
v 29.840000 34.559999 48.000000
v 29.920000 34.719997 47.919998
v 29.840000 34.719997 49.759998
v 29.840000 34.719997 49.919998
v 29.920000 34.719997 50.000000
v 29.920000 34.880001 47.919998
v 29.840000 34.880001 48.160000
v 29.840000 34.880001 49.759998
v 29.840000 34.880001 49.919998
v 29.920000 34.880001 50.000000
v 29.920000 35.040001 47.919998
v 29.840000 35.040001 48.160000
v 29.840000 35.040001 49.759998
v 29.920000 35.040001 49.840000
v 29.920000 34.959999 49.919998
v 29.920000 35.200001 47.919998
v 29.840000 35.200001 48.160000
v 29.840000 35.200001 49.759998
v 29.920000 35.200001 49.840000
v 29.840000 35.360001 48.000000
v 29.840000 35.360001 48.160000
v 29.840000 35.360001 49.439999
v 29.840000 35.360001 49.599998
v 29.840000 35.360001 49.759998
v 29.920000 35.360001 49.840000
v 29.840000 35.520000 48.000000
v 29.920000 35.520000 47.919998
v 29.840000 35.520000 48.160000
v 29.840000 35.520000 48.320000
v 29.840000 35.520000 48.480000
v 29.840000 35.520000 48.639999
v 29.840000 35.520000 49.279999
v 29.840000 35.520000 49.439999
v 29.840000 35.520000 49.599998
v 29.840000 35.520000 49.759998
v 29.920000 35.520000 49.840000
v 29.920000 35.599998 48.000000
v 29.920000 35.599998 48.160000
v 29.920000 35.599998 48.320000
v 29.840000 35.680000 48.480000
v 29.920000 35.680000 48.399998
v 29.840000 35.680000 48.639999
v 29.840000 35.680000 48.799999
v 29.840000 35.680000 48.959999
v 29.840000 35.680000 49.119999
v 29.840000 35.680000 49.279999
v 29.840000 35.680000 49.439999
v 29.920000 35.680000 49.520000
v 29.920000 35.599998 49.599998
v 29.920000 35.599998 49.759998
v 29.920000 35.759998 48.480000
v 29.920000 35.759998 48.639999
v 29.920000 35.759998 48.799999
v 29.920000 35.759998 48.959999
v 29.920000 35.759998 49.119999
v 29.920000 35.759998 49.279999
v 29.920000 35.759998 49.439999
v 30.000000 33.439999 48.639999
v 30.080000 33.439999 48.559998
v 30.080000 33.360001 48.639999
v 30.080000 33.360001 48.799999
v 30.000000 33.439999 49.119999
v 30.080000 33.360001 48.959999
v 30.080000 33.360001 49.119999
v 30.080000 33.439999 49.200001
v 30.000000 33.599998 48.320000
v 30.080000 33.599998 48.239998
v 30.080000 33.520000 48.320000
v 30.080000 33.520000 48.480000
v 30.000000 33.599998 48.480000
v 30.000000 33.599998 48.639999
v 30.000000 33.599998 48.799999
v 30.000000 33.599998 49.119999
v 30.080000 33.599998 49.200001
v 30.000000 33.759998 48.000000
v 30.080000 33.759998 47.919998
v 30.080000 33.680000 48.000000
v 30.080000 33.680000 48.160000
v 30.000000 33.759998 48.160000
v 30.000000 33.759998 48.959999
v 30.000000 33.759998 49.119999
v 30.080000 33.680000 49.279999
v 30.000000 33.759998 49.279999
v 30.080000 33.680000 49.599998
v 30.000000 33.759998 49.439999
v 30.000000 33.759998 49.599998
v 30.080000 33.680000 49.759998
v 30.000000 33.759998 49.759998
v 30.080000 33.759998 49.840000
v 30.000000 33.919998 47.840000
v 30.080000 33.919998 47.759998
v 30.080000 33.840000 47.840000
v 30.000000 33.919998 49.759998
v 30.080000 33.919998 49.840000
v 30.000000 34.079998 47.680000
v 30.080000 34.079998 47.599998
v 30.080000 34.000000 47.680000
v 30.000000 34.079998 49.759998
v 30.080000 34.000000 49.919998
v 30.000000 34.079998 49.919998
v 30.080000 34.079998 50.000000
v 30.000000 34.239998 49.759998
v 30.000000 34.239998 49.919998
v 30.080000 34.160000 50.079998
v 30.000000 34.239998 50.079998
v 30.080000 34.239998 50.160000
v 30.000000 34.399998 47.680000
v 30.000000 34.399998 50.079998
v 30.080000 34.399998 50.160000
v 30.092770 34.880002 47.587229
v 30.000000 34.559998 47.840000
v 30.000000 34.559998 50.079998
v 30.080000 34.559998 50.160000
v 30.000000 34.719997 47.840000
v 30.000000 34.719997 50.079998
v 30.080000 34.719997 50.160000
v 30.000000 34.880001 47.680000
v 30.000000 34.880001 50.079998
v 30.080000 34.880001 50.160000
v 30.080000 34.959999 47.680000
v 30.000000 35.040001 47.840000
v 30.079982 35.040001 47.760016
v 30.000000 35.040001 49.919998
v 30.000000 35.040001 50.079998
v 30.080000 35.040001 50.160000
v 30.000000 35.200001 49.919998
v 30.000000 35.200001 50.079998
v 30.080000 35.200001 50.160000
v 30.080000 35.360001 47.759998
v 30.000000 35.360001 49.919998
v 30.000000 35.360001 50.079998
v 30.080000 35.360001 50.160000
v 30.000000 35.520000 47.840000
v 30.080000 35.520000 47.759998
v 30.080000 35.439999 49.919998
v 30.080000 35.520000 49.840000
v 30.080000 35.439999 50.079998
v 30.080000 35.599998 47.840000
v 30.000000 35.680000 48.000000
v 30.080000 35.680000 47.919998
v 30.000000 35.680000 48.160000
v 30.000000 35.680000 48.320000
v 30.000000 35.680000 49.599998
v 30.000000 35.680000 49.759998
v 30.080000 35.680000 49.840000
v 30.080000 35.759998 48.000000
v 30.080000 35.759998 48.160000
v 30.000000 35.840000 48.320000
v 30.080000 35.840000 48.239998
v 30.000000 35.840000 48.480000
v 30.000000 35.840000 48.639999
v 30.000000 35.840000 48.799999
v 30.000000 35.840000 48.959999
v 30.000000 35.840000 49.119999
v 30.000000 35.840000 49.279999
v 30.000000 35.840000 49.439999
v 30.000000 35.840000 49.599998
v 30.080000 35.840000 49.680000
v 30.080000 35.759998 49.759998
v 30.080000 35.919998 48.320000
v 30.000000 36.000000 48.480000
v 30.080000 36.000000 48.399998
v 30.000000 36.000000 48.639999
v 30.000000 36.000000 48.799999
v 30.000000 36.000000 48.959999
v 30.000000 36.000000 49.119999
v 30.000000 36.000000 49.279999
v 30.080000 36.000000 49.360001
v 30.080000 35.919998 49.439999
v 30.080000 35.919998 49.599998
v 30.080000 36.079998 48.480000
v 30.080000 36.079998 48.639999
v 30.080000 36.079998 48.799999
v 30.080000 36.079998 48.959999
v 30.080000 36.079998 49.119999
v 30.080000 36.079998 49.279999
v 30.160000 33.439999 48.480000
v 30.240000 33.439999 48.399998
v 30.240000 33.360001 48.480000
v 30.240000 33.360001 48.639999
v 30.240000 33.360001 48.959999
v 30.240000 33.360001 49.119999
v 30.240000 33.360001 49.279999
v 30.160000 33.439999 49.279999
v 30.240000 33.439999 49.360001
v 30.160000 33.599998 47.680000
v 30.240000 33.599998 47.599998
v 30.240000 33.520000 47.680000
v 30.240000 33.520000 47.840000
v 30.160000 33.599998 47.840000
v 30.240000 33.520000 48.160000
v 30.160000 33.599998 48.000000
v 30.160000 33.599998 48.160000
v 30.240000 33.520000 48.320000
v 30.160000 33.599998 49.279999
v 30.240000 33.520000 49.439999
v 30.160000 33.599998 49.439999
v 30.240000 33.520000 49.599998
v 30.160000 33.599998 49.599998
v 30.240000 33.599998 49.680000
v 30.160000 33.759998 47.680000
v 30.240000 33.759998 47.599998
v 30.160000 33.759998 47.840000
v 30.240000 33.680000 49.759998
v 30.240000 33.680000 49.919998
v 30.160000 33.759998 49.919998
v 30.240000 33.759998 50.000000
v 30.160000 33.919998 47.520000
v 30.288204 33.792652 47.519144
v 30.160000 33.919998 47.680000
v 30.160000 33.919998 49.919998
v 30.240000 33.840000 50.079998
v 30.160000 33.919998 50.079998
v 30.240000 33.840000 50.239998
v 30.160000 33.919998 50.239998
v 30.240000 33.919998 50.320000
v 30.160000 34.079998 47.520000
v 30.240000 34.079998 47.439999
v 30.160000 34.079998 50.079998
v 30.160000 34.079998 50.239998
v 30.240000 34.079998 50.320000
v 30.160000 34.239998 50.239998
v 30.240000 34.399998 47.439999
v 30.240000 34.559998 47.439999
v 30.240000 34.719997 47.439999
v 30.240000 34.719997 50.320000
v 30.160000 34.880001 47.520000
v 30.240000 34.880001 47.439999
v 30.160000 34.880001 50.239998
v 30.240000 34.880001 50.320000
v 30.160000 35.040001 47.520000
v 30.240000 35.040001 47.439999
v 30.160000 35.040001 47.680000
v 30.240000 35.040001 50.320000
v 30.240000 35.119999 47.520000
v 30.160000 35.200001 47.680000
v 30.240000 35.200001 47.599998
v 30.240000 35.200001 50.320000
v 30.160000 35.360001 47.680000
v 30.240000 35.360001 47.599998
v 30.160000 35.360001 50.239998
v 30.240000 35.360001 50.320000
v 30.240000 35.439999 47.680000
v 30.240000 35.520000 47.759998
v 30.160000 35.520000 49.919998
v 30.160000 35.520000 50.079998
v 30.240000 35.520000 50.160000
v 30.240000 35.439999 50.239998
v 30.160000 35.680000 47.840000
v 30.240000 35.680000 47.759998
v 30.160000 35.680000 49.919998
v 30.240000 35.680000 50.000000
v 30.240000 35.599998 50.079998
v 30.160000 35.840000 47.840000
v 30.240000 35.840000 47.759998
v 30.160000 35.840000 48.000000
v 30.160000 35.840000 48.160000
v 30.160000 35.840000 49.759998
v 30.240000 35.840000 49.840000
v 30.240000 35.759998 49.919998
v 30.240000 35.919998 47.840000
v 30.240000 35.919998 48.000000
v 30.160000 36.000000 48.160000
v 30.240000 36.000000 48.079998
v 30.160000 36.000000 48.320000
v 30.160000 36.000000 49.439999
v 30.160000 36.000000 49.599998
v 30.240000 36.000000 49.680000
v 30.240000 35.919998 49.759998
v 30.240000 36.079998 48.160000
v 30.240000 36.079998 48.320000
v 30.240000 36.079998 48.480000
v 30.240000 36.079998 48.639999
v 30.240000 36.079998 48.799999
v 30.160000 36.160000 48.959999
v 30.240000 36.160000 48.879997
v 30.160000 36.160000 49.119999
v 30.160000 36.160000 49.279999
v 30.160000 36.160000 49.439999
v 30.240000 36.160000 49.520000
v 30.240000 36.079998 49.599998
v 30.240000 36.239998 48.959999
v 30.240000 36.239998 49.119999
v 30.240000 36.239998 49.279999
v 30.240000 36.239998 49.439999
v 30.320000 33.279999 49.119999
v 30.400000 33.279999 49.039997
v 30.400000 33.200001 49.279999
v 30.320000 33.279999 49.279999
v 30.400000 33.200001 49.439999
v 30.320000 33.279999 49.439999
v 30.400000 33.279999 49.520000
v 30.320000 33.439999 48.160000
v 30.400000 33.439999 48.079998
v 30.400000 33.360001 48.160000
v 30.400000 33.360001 48.320000
v 30.320000 33.439999 48.320000
v 30.400000 33.360001 48.480000
v 30.400000 33.360001 48.639999
v 30.400000 33.360001 48.799999
v 30.400000 33.360001 48.959999
v 30.320000 33.439999 49.439999
v 30.400000 33.360001 49.599998
v 30.320000 33.439999 49.599998
v 30.400000 33.360001 49.759998
v 30.320000 33.439999 49.759998
v 30.400000 33.439999 49.840000
v 30.400000 33.599998 47.599998
v 30.400000 33.520000 47.680000
v 30.400000 33.520000 47.840000
v 30.400000 33.520000 48.000000
v 30.320000 33.599998 49.759998
v 30.400000 33.520000 49.919998
v 30.320000 33.599998 49.919998
v 30.400000 33.520000 50.079998
v 30.320000 33.599998 50.079998
v 30.400000 33.599998 50.160000
v 30.400000 33.759998 47.439999
v 30.400000 33.680000 47.520000
v 30.320000 33.759998 50.079998
v 30.400000 33.680000 50.239998
v 30.320000 33.759998 50.239998
v 30.400000 33.759998 50.320000
v 30.400000 33.919998 47.279999
v 30.400000 33.840000 47.360001
v 30.400000 33.840000 50.399998
v 30.320000 33.919998 50.399998
v 30.400000 33.919998 50.480000
v 30.400000 34.079998 47.279999
v 30.320000 34.079998 50.399998
v 30.400000 34.079998 50.480000
v 30.307732 33.919998 47.372268
v 30.320000 34.239998 50.399998
v 30.400000 34.239998 50.480000
v 30.320000 34.399998 50.399998
v 30.400000 34.399998 50.480000
v 30.400000 34.559998 47.279999
v 30.320000 34.559998 50.399998
v 30.400000 34.559998 50.480000
v 30.320000 34.719997 47.360001
v 30.400000 34.719997 47.279999
v 30.320000 34.719997 50.399998
v 30.400000 34.719997 50.480000
v 30.320000 34.880001 47.360001
v 30.400000 34.880001 47.279999
v 30.320000 34.880001 50.399998
v 30.400000 34.880001 50.480000
v 30.320000 35.040001 47.360001
v 30.400000 35.040001 47.279999
v 30.320000 35.040001 50.399998
v 30.400000 35.040001 50.480000
v 30.320000 35.200001 47.360001
v 30.400000 35.200001 47.279999
v 30.320000 35.200001 47.520000
v 30.400000 35.119999 50.399998
v 30.400000 35.200001 50.320000
v 30.400000 35.279999 47.360001
v 30.320000 35.360001 47.520000
v 30.400000 35.360001 47.439999
v 30.400000 35.360001 50.320000
v 30.400000 35.520000 47.439999
v 30.320000 35.520000 47.680000
v 30.400000 35.439999 50.239998
v 30.400000 35.520000 50.160000
v 30.320000 35.680000 47.520000
v 30.400000 35.680000 47.439999
v 30.320000 35.840000 47.680000
v 30.320000 35.680000 50.079998
v 30.400000 35.680000 50.160000
v 30.400000 35.759998 47.520000
v 30.400000 35.840000 47.599998
v 30.320000 35.840000 49.919998
v 30.400000 35.840000 50.000000
v 30.400000 35.759998 50.079998
v 30.400000 35.919998 47.680000
v 30.320000 36.000000 47.840000
v 30.400000 36.000000 47.759998
v 30.320000 36.000000 48.000000
v 30.320000 36.000000 49.759998
v 30.400000 36.000000 49.840000
v 30.400000 35.919998 49.919998
v 30.400000 36.079998 47.840000
v 30.320000 36.160000 48.000000
v 30.400000 36.160000 47.919998
v 30.320000 36.160000 48.160000
v 30.320000 36.160000 48.320000
v 30.320000 36.160000 48.480000
v 30.320000 36.160000 48.639999
v 30.320000 36.160000 48.799999
v 30.400000 36.079998 49.599998
v 30.400000 36.160000 49.520000
v 30.400000 36.079998 49.759998
v 30.400000 36.239998 48.000000
v 30.400000 36.239998 48.160000
v 30.400000 36.239998 48.320000
v 30.320000 36.320000 48.480000
v 30.400000 36.320000 48.399998
v 30.320000 36.320000 48.639999
v 30.320000 36.320000 48.799999
v 30.320000 36.320000 48.959999
v 30.320000 36.320000 49.119999
v 30.400000 36.320000 49.200001
v 30.400000 36.239998 49.279999
v 30.400000 36.239998 49.439999
v 30.400000 36.399998 48.480000
v 30.400000 36.399998 48.799999
v 30.400000 36.399998 49.119999
v 30.463397 33.136602 49.119999
v 30.559999 33.119999 49.039997
v 30.559999 33.040001 49.119999
v 30.559999 33.040001 49.279999
v 30.559999 33.040001 49.439999
v 30.480000 33.119999 49.439999
v 30.559999 33.119999 49.520000
v 30.480000 33.279999 48.160000
v 30.559999 33.279999 48.079998
v 30.559988 33.200012 48.160000
v 30.480000 33.279999 48.320000
v 30.480000 33.279999 48.480000
v 30.480000 33.279999 48.639999
v 30.559999 33.200001 48.799999
v 30.480000 33.279999 48.799999
v 30.559999 33.200001 48.959999
v 30.480000 33.279999 48.959999
v 30.559999 33.200001 49.599998
v 30.480000 33.279999 49.599998
v 30.559999 33.200001 49.759998
v 30.480000 33.279999 49.759998
v 30.559999 33.279999 49.840000
v 30.480000 33.439999 47.840000
v 30.559999 33.439999 47.759998
v 30.559999 33.360001 47.840000
v 30.559999 33.360001 48.000000
v 30.480000 33.439999 48.000000
v 30.559999 33.360001 49.919998
v 30.480000 33.439999 49.919998
v 30.559999 33.360001 50.079998
v 30.480000 33.439999 50.079998
v 30.559999 33.439999 50.160000
v 30.480000 33.599998 47.520000
v 30.559999 33.599998 47.439999
v 30.559999 33.520000 47.520000
v 30.559999 33.520000 47.680000
v 30.559999 33.520000 50.239998
v 30.480000 33.599998 50.239998
v 30.559999 33.520000 50.399998
v 30.480000 33.599998 50.399998
v 30.559999 33.599998 50.480000
v 30.559999 33.759998 47.439999
v 30.480000 33.759998 50.399998
v 30.559999 33.680000 50.559998
v 30.480000 33.759998 50.559998
v 30.559999 33.759998 50.639999
v 30.559999 33.919998 47.279999
v 30.559999 33.840000 47.360001
v 30.480000 33.919998 50.559998
v 30.559999 33.919998 50.639999
v 30.480000 34.079998 47.200001
v 30.559999 34.079998 47.119999
v 30.559999 34.000000 47.200001
v 30.480000 34.079998 50.559998
v 30.559999 34.079998 50.639999
v 30.480000 34.239998 47.200001
v 30.639999 34.399998 47.039997
v 30.480000 34.239998 50.559998
v 30.559999 34.239998 50.639999
v 30.480000 34.399998 47.200001
v 30.559999 34.399998 47.119999
v 30.480000 34.399998 50.559998
v 30.559999 34.399998 50.639999
v 30.480000 34.559998 47.039997
v 30.559999 34.559998 46.959999
v 30.559999 34.480000 47.039997
v 30.480000 34.559998 47.200001
v 30.480000 34.559998 50.559998
v 30.559999 34.559998 50.639999
v 30.480000 34.719997 47.039997
v 30.559999 34.719997 46.959999
v 30.480000 34.719997 50.559998
v 30.559999 34.719997 50.639999
v 30.480000 34.880001 47.039997
v 30.559999 34.880001 46.959999
v 30.480000 34.880001 47.200001
v 30.480000 34.880001 50.559998
v 30.559999 34.880001 50.639999
v 30.559999 34.959999 47.039997
v 30.480000 35.040001 47.200001
v 30.559999 35.040001 47.119999
v 30.559999 34.959999 50.559998
v 30.559999 35.040001 50.480000
v 30.480000 35.200001 47.200001
v 30.559999 35.200001 47.119999
v 30.480000 35.200001 50.399998
v 30.559999 35.200001 50.480000
v 30.559999 35.279999 47.200001
v 30.480000 35.360001 47.360001
v 30.559999 35.360001 47.279999
v 30.480000 35.360001 50.399998
v 30.559999 35.360001 50.480000
v 30.480000 35.520000 47.360001
v 30.559999 35.520000 47.279999
v 30.480000 35.520000 50.239998
v 30.559999 35.520000 50.320000
v 30.559999 35.439999 50.399998
v 30.559999 35.599998 47.360001
v 30.559999 35.680000 47.439999
v 30.480000 35.680000 50.239998
v 30.559999 35.680000 50.320000
v 30.480000 35.840000 47.520000
v 30.559999 35.840000 47.439999
v 30.480000 35.840000 50.079998
v 30.559999 35.840000 50.160000
v 30.559999 35.759998 50.239998
v 30.480000 36.000000 47.520000
v 30.559999 36.000000 47.439999
v 30.480000 36.000000 47.680000
v 30.719999 35.919998 49.919998
v 30.559999 36.000000 49.840000
v 30.559999 35.919998 50.079998
v 30.559999 36.079998 47.520000
v 30.480000 36.160000 47.680000
v 30.559999 36.160000 47.599998
v 30.480000 36.160000 47.840000
v 30.480000 36.160000 49.599998
v 30.559999 36.160000 49.680000
v 30.559999 36.079998 49.759998
v 30.559999 36.239998 47.680000
v 30.480000 36.320000 47.840000
v 30.559999 36.320000 47.759998
v 30.480000 36.320000 48.000000
v 30.480000 36.320000 48.160000
v 30.480000 36.320000 48.320000
v 30.480000 36.320000 49.279999
v 30.480000 36.320000 49.439999
v 30.559999 36.320000 49.520000
v 30.559999 36.239998 49.599998
v 30.559999 36.399998 47.840000
v 30.480000 36.480000 48.000000
v 30.559999 36.480000 47.919998
v 30.480000 36.480000 48.160000
v 30.480000 36.480000 48.320000
v 30.480000 36.480000 48.480000
v 30.480000 36.480000 48.639999
v 30.480000 36.480000 48.799999
v 30.480000 36.480000 48.959999
v 30.480000 36.480000 49.119999
v 30.559999 36.480000 49.200001
v 30.559999 36.399998 49.279999
v 30.559999 36.399998 49.439999
v 30.559999 36.559998 48.000000
v 30.559999 36.559998 48.160000
v 30.559999 36.559998 48.320000
v 30.559999 36.559998 48.480000
v 30.559999 36.559998 48.639999
v 30.559999 36.559998 48.799999
v 30.559999 36.559998 48.959999
v 30.559999 36.559998 49.119999
v 30.639999 33.119999 48.160000
v 30.719999 33.119999 48.079998
v 30.719999 33.040001 48.160000
v 30.719999 33.040001 48.320000
v 30.639999 33.119999 48.320000
v 30.719999 33.040001 48.480000
v 30.639999 33.119999 48.480000
v 30.719999 33.040001 48.639999
v 30.639999 33.119999 48.639999
v 30.719999 33.040001 48.799999
v 30.639999 33.119999 48.799999
v 30.719999 33.040001 48.959999
v 30.639999 33.119999 48.959999
v 30.719999 33.040001 49.599998
v 30.639999 33.119999 49.599998
v 30.719999 33.119999 49.680000
v 30.639999 33.279999 48.000000
v 30.719999 33.279999 47.919998
v 30.719999 33.200001 48.000000
v 30.719999 33.200001 49.759998
v 30.719999 33.200001 49.919998
v 30.639999 33.279999 49.919998
v 30.719999 33.200001 50.079998
v 30.639999 33.279999 50.079998
v 30.719999 33.279999 50.160000
v 30.639999 33.439999 47.520000
v 30.719999 33.439999 47.439999
v 30.719999 33.360001 47.520000
v 30.719999 33.360001 47.680000
v 30.639999 33.439999 47.680000
v 30.719999 33.360001 47.840000
v 30.719999 33.360001 50.239998
v 30.639999 33.439999 50.239998
v 30.719999 33.439999 50.320000
v 30.719999 33.599998 47.439999
v 30.719999 33.520000 50.399998
v 30.719999 33.599998 50.480000
v 30.639999 33.759998 47.200001
v 30.719999 33.759998 47.119999
v 30.719999 33.680000 47.200001
v 30.719999 33.680000 47.360001
v 30.639999 33.759998 47.360001
v 30.719999 33.680000 50.559998
v 30.719999 33.759998 50.639999
v 30.639999 33.919998 47.200001
v 30.719999 33.919998 47.119999
v 30.719999 33.840000 50.719997
v 30.639999 33.919998 50.719997
v 30.719999 33.919998 50.799999
v 30.639999 34.079998 47.039997
v 30.719999 34.079998 46.959999
v 30.719999 34.000000 47.039997
v 30.639999 34.079998 50.719997
v 30.719999 34.079998 50.799999
v 30.639999 34.239998 47.039997
v 30.719999 34.239998 46.959999
v 30.639999 34.239998 50.719997
v 30.719999 34.239998 50.799999
v 30.639999 34.399998 46.879997
v 30.719999 34.399998 46.799999
v 30.719999 34.320000 46.879997
v 30.639999 34.399998 50.719997
v 30.719999 34.399998 50.799999
v 30.639999 34.559998 46.879997
v 30.719999 34.559998 46.799999
v 30.639999 34.559998 50.719997
v 30.719999 34.559998 50.799999
v 30.639999 34.719997 46.879997
v 30.719999 34.719997 46.799999
v 30.719999 34.639999 50.719997
v 30.719999 34.719997 50.639999
v 30.639999 34.880001 46.879997
v 30.719999 34.880001 46.799999
v 30.719999 34.880001 50.639999
v 30.719999 34.959999 46.879997
v 30.639999 35.040001 47.039997
v 30.719999 35.040001 46.959999
v 30.639999 35.040001 50.559998
v 30.639999 35.200001 47.039997
v 30.719999 35.200001 46.959999
v 30.719999 35.119999 50.559998
v 30.719999 35.200001 50.480000
v 30.639999 35.360001 47.039997
v 30.719999 35.360001 46.959999
v 30.639999 35.360001 47.200001
v 30.719999 35.360001 50.480000
v 30.719999 35.439999 47.039997
v 30.639999 35.520000 47.200001
v 30.719999 35.520000 47.119999
v 30.719999 35.439999 50.399998
v 30.719999 35.520000 50.320000
v 30.639999 35.680000 47.200001
v 30.719999 35.680000 47.119999
v 30.639999 35.680000 47.360001
v 30.719999 35.680000 50.320000
v 30.719999 35.759998 47.200001
v 30.639999 35.840000 47.360001
v 30.719959 35.840000 47.280039
v 30.719999 35.759998 50.239998
v 30.719999 35.840000 50.160000
v 30.639999 36.000000 47.360001
v 30.719999 36.000000 49.840000
v 30.719999 35.919998 50.079998
v 30.639999 36.160000 47.360001
v 30.719999 36.160000 47.279999
v 30.639999 36.160000 47.520000
v 30.719999 36.160000 49.840000
v 30.719999 36.239998 47.360001
v 30.719999 36.239998 47.520000
v 30.719999 36.239998 47.680000
v 30.719999 36.320000 47.759998
v 30.639999 36.320000 49.599998
v 30.719999 36.320000 49.680000
v 30.719998 36.235790 49.764206
v 30.639999 36.480000 47.840000
v 30.719999 36.480000 47.759998
v 30.639999 36.480000 49.279999
v 30.639999 36.480000 49.439999
v 30.719999 36.480000 49.520000
v 30.719999 36.399998 49.599998
v 30.719999 36.559998 47.840000
v 30.719999 36.559998 48.000000
v 30.719999 36.559998 48.160000
v 30.719999 36.559998 48.320000
v 30.639999 36.639999 48.480000
v 30.719999 36.639999 48.399998
v 30.639999 36.639999 48.639999
v 30.639999 36.639999 48.799999
v 30.639999 36.639999 48.959999
v 30.719999 36.639999 49.039997
v 30.719999 36.559998 49.119999
v 30.719999 36.559998 49.279999
v 30.719999 36.559998 49.439999
v 30.719999 36.719997 48.480000
v 30.719999 36.719997 48.639999
v 30.719999 36.719997 48.799999
v 30.719999 36.719997 48.959999
v 30.799999 32.959999 48.639999
v 30.879999 32.959999 48.559998
v 30.879999 32.880001 48.639999
v 30.879999 32.880001 48.799999
v 30.879999 32.880001 48.959999
v 30.799999 32.959999 48.959999
v 30.879999 32.880001 49.119999
v 30.879999 32.880001 49.279999
v 30.799999 32.959999 49.279999
v 30.879999 32.959999 49.360001
v 30.879999 33.119999 48.079998
v 30.879999 33.040001 48.160000
v 30.879999 33.040001 48.320000
v 30.879999 33.040001 48.480000
v 30.879999 33.040001 49.439999
v 30.879999 33.040001 49.759998
v 30.799999 33.119999 49.759998
v 30.879999 33.119999 49.840000
v 30.799999 33.279999 47.840000
v 30.879999 33.279999 47.759998
v 30.879999 33.200001 47.840000
v 30.879999 33.200001 48.000000
v 30.879999 33.200001 49.919998
v 30.879999 33.200001 50.079998
v 30.879999 33.200001 50.239998
v 30.799999 33.279999 50.239998
v 30.879999 33.200001 50.399998
v 30.799999 33.279999 50.399998
v 30.879999 33.279999 50.480000
v 30.879999 33.439999 47.439999
v 30.879999 33.360001 47.680000
v 30.799999 33.439999 50.399998
v 30.879999 33.439999 50.480000
v 30.799999 33.599998 47.360001
v 30.879999 33.599998 47.279999
v 30.879999 33.520000 47.360001
v 30.879999 33.520000 50.559998
v 30.799999 33.599998 50.559998
v 30.879999 33.599998 50.639999
v 30.879999 33.759998 47.119999
v 30.879999 33.680000 47.200001
v 30.879999 33.759998 50.639999
v 30.879999 33.919998 47.119999
v 30.879999 33.840000 50.719997
v 30.879999 33.919998 50.799999
v 30.879999 34.079998 46.959999
v 30.879999 34.000000 47.039997
v 30.799999 34.239998 46.879997
v 30.879999 34.239998 46.799999
v 30.879999 34.160000 46.879997
v 30.879999 34.719997 50.799999
v 30.799999 34.719997 50.719997
v 30.799999 34.880001 50.719997
v 30.879999 34.880001 50.799999
v 30.799999 35.040001 46.879997
v 30.879999 35.040001 46.799999
v 30.879999 34.959999 50.719997
v 30.879999 35.040001 50.639999
v 30.799999 35.200001 46.879997
v 30.879999 35.360001 46.799999
v 30.799999 35.200001 50.559998
v 30.879999 35.200001 50.639999
v 30.799999 35.360001 46.879997
v 30.799999 35.360001 50.559998
v 30.879999 35.360001 50.639999
v 30.879999 35.439999 46.879997
v 30.799999 35.520000 47.039997
v 30.879999 35.520000 46.959999
v 30.799999 35.520000 50.399998
v 30.879999 35.520000 50.480000
v 30.879999 35.439999 50.559998
v 30.799999 35.680000 47.039997
v 30.879999 35.680000 46.959999
v 30.879999 35.599998 50.399998
v 30.879999 35.680000 50.320000
v 30.799999 35.840000 47.039997
v 30.879999 35.840000 46.959999
v 30.799999 35.840000 47.200001
v 30.879999 35.759998 50.239998
v 30.879999 35.919998 47.039997
v 30.799999 36.000000 47.200001
v 30.879999 36.000000 47.119999
v 30.799999 36.000000 49.919998
v 30.799999 36.000000 50.079998
v 30.879999 36.000000 50.160000
v 30.799999 36.160000 47.200001
v 30.879999 36.160000 47.119999
v 30.879999 36.079998 49.919998
v 30.879999 36.160000 49.840000
v 30.879999 36.079998 50.079998
v 30.799999 36.320000 47.200001
v 30.879999 36.320000 47.119999
v 30.799999 36.320000 47.360001
v 30.799999 36.320000 47.520000
v 30.799999 36.320000 47.680000
v 30.879999 36.320000 49.680000
v 30.879999 36.399998 47.200001
v 30.879999 36.399998 47.360001
v 30.879999 36.399998 47.520000
v 30.879999 36.399998 47.680000
v 30.879999 36.480000 47.759998
v 30.879999 36.399998 49.599998
v 30.879999 36.480000 49.520000
v 30.799999 36.639999 47.840000
v 30.879999 36.639999 47.759998
v 30.799999 36.639999 49.119999
v 30.799999 36.639999 49.279999
v 30.879999 36.639999 49.360001
v 30.879999 36.559998 49.439999
v 30.879999 36.719997 47.840000
v 30.879999 36.719997 48.319999
v 30.879999 36.719997 49.119999
v 30.879999 36.719997 49.279999
v 30.959999 32.959999 48.480000
v 31.039999 32.959999 48.399998
v 31.039999 32.880001 48.480000
v 31.039999 32.880001 49.439999
v 30.959999 32.959999 49.439999
v 31.039999 32.880001 49.599998
v 30.959999 32.959999 49.599998
v 31.039999 32.880001 49.759998
v 30.959999 32.959999 49.759998
v 31.039999 32.959999 49.840000
v 30.959999 33.119999 48.000000
v 31.039999 33.119999 47.919998
v 31.039999 33.040001 48.000000
v 31.039999 33.040001 48.160000
v 31.039999 33.040001 48.320000
v 31.039999 33.040001 49.919998
v 30.959999 33.119999 49.919998
v 31.039999 33.040001 50.079998
v 30.959999 33.119999 50.079998
v 31.039999 33.040001 50.239998
v 30.959999 33.119999 50.239998
v 31.039999 33.119999 50.320000
v 30.959999 33.279999 47.680000
v 31.039999 33.279995 47.600002
v 31.039999 33.200001 47.680000
v 31.039999 33.200001 47.840000
v 31.039999 33.200001 50.399998
v 31.039999 33.279999 50.480000
v 31.039999 33.439999 47.439999
v 31.039999 33.360001 47.520000
v 31.039999 33.360001 50.559998
v 30.959999 33.439999 50.559998
v 31.039999 33.439999 50.639999
v 30.959999 33.599998 47.200001
v 31.039999 33.599998 47.119999
v 31.039999 33.520000 47.200001
v 31.039999 33.520000 47.360001
v 31.039999 33.520000 50.719997
v 30.959999 33.599998 50.719997
v 31.039999 33.599998 50.799999
v 30.959999 33.759998 50.719997
v 31.039999 33.759998 50.799999
v 31.039999 33.919998 47.119999
v 30.959999 34.079998 46.879997
v 31.039999 34.079998 46.799999
v 31.039999 34.000000 46.879997
v 31.039999 34.000000 47.039997
v 31.039999 34.239998 46.799999
v 31.039998 34.719998 46.799999
v 31.039999 34.880001 50.799999
v 31.039999 34.959999 50.719997
v 31.039999 35.040001 50.639999
v 31.039999 35.360001 50.639999
v 31.039999 35.520000 46.959999
v 31.039999 35.439999 50.559998
v 31.039999 35.520000 50.480000
v 31.039999 35.680000 46.959999
v 30.959999 35.680000 50.399998
v 31.039999 35.680000 50.480000
v 31.039999 35.759998 50.239998
v 31.039999 35.840000 50.160000
v 31.039999 35.759998 50.399998
v 30.959999 36.000000 47.039997
v 31.039999 36.000000 46.959999
v 31.039999 36.000000 50.160000
v 30.959999 36.160000 47.039997
v 31.039999 36.160000 46.959999
v 31.039999 36.079998 49.919998
v 31.039999 36.160000 49.840000
v 31.039999 36.079998 50.079998
v 31.039999 36.239998 47.039997
v 31.039999 36.320000 47.119999
v 31.039999 36.239998 49.759998
v 31.039999 36.320000 49.680000
v 31.039999 36.399998 47.200001
v 30.959999 36.480000 47.360001
v 31.039999 36.480000 47.279999
v 30.959999 36.480000 47.520000
v 30.959999 36.480000 47.680000
v 30.959999 36.480000 49.599998
v 31.039999 36.480000 49.680000
v 31.039999 36.559998 47.360001
v 30.959999 36.639999 47.520000
v 31.039999 36.639999 47.439999
v 30.959999 36.639999 47.680000
v 30.959999 36.639999 49.439999
v 31.039999 36.639999 49.520000
v 31.039999 36.559998 49.599998
v 31.039999 36.719997 47.520000
v 30.959999 36.799999 47.680000
v 31.039999 36.799999 47.599998
v 30.959999 36.799999 47.840000
v 30.959999 36.799999 49.279999
v 31.039999 36.799999 49.360001
v 31.039999 36.719997 49.439999
v 31.039999 36.880001 47.680000
v 31.039999 36.880001 47.840000
v 31.039999 36.880001 48.000000
v 31.039999 36.880001 48.160000
v 31.039999 36.880001 48.320000
v 31.039999 36.880001 48.480000
v 31.039999 36.880001 48.639999
v 31.039999 36.880001 48.799999
v 31.039999 36.880001 48.959999
v 31.039999 36.880001 49.119999
v 31.039999 36.880001 49.279999
v 31.119999 32.959999 48.320000
v 31.199999 32.959999 48.239998
v 31.199999 32.880001 48.320000
v 31.199999 32.880001 48.639999
v 31.199999 32.880001 49.279999
v 31.199999 32.880001 49.919998
v 31.119999 32.959999 49.919998
v 31.199999 32.959999 50.000000
v 31.119999 33.119999 47.840000
v 31.199999 33.119999 47.759998
v 31.199999 33.040001 47.840000
v 31.199999 33.040001 48.000000
v 31.199999 33.040001 48.160000
v 31.199999 33.040001 50.079998
v 31.199999 33.040001 50.239998
v 31.199999 33.119999 50.320000
v 31.199999 33.200001 47.680000
v 31.199999 33.200001 50.399998
v 31.199999 33.279999 50.480000
v 31.119999 33.439999 47.360001
v 31.199999 33.439999 47.279999
v 31.199999 33.360001 47.360001
v 31.199999 33.360001 50.559998
v 31.199999 33.439999 50.639999
v 31.199999 33.520000 47.200001
v 31.199999 33.520000 50.719997
v 31.199999 33.599998 50.799999
v 31.199999 33.759998 47.119999
v 31.199999 33.759998 50.799999
v 31.119999 33.919998 46.879997
v 31.199999 33.919998 46.799999
v 31.199999 33.840000 46.879997
v 31.199999 33.840000 47.039997
v 31.119999 33.919998 47.039997
v 31.199999 34.079998 46.799999
v 31.199999 34.079997 50.799999
v 31.119999 34.239998 46.719997
v 31.199999 34.239998 46.639999
v 31.199999 34.160000 46.719997
v 31.119999 34.399998 46.719997
v 31.119999 34.559998 46.719997
v 31.199999 34.719997 46.639999
v 31.199999 34.880001 46.799999
v 31.199999 35.360001 46.799999
v 31.119999 35.040001 50.719997
v 31.199999 35.040001 50.799999
v 31.199999 35.119999 50.719997
v 31.199999 35.200001 50.639999
v 31.199999 35.360001 50.639999
v 31.199999 35.520000 46.959999
v 31.119999 35.520000 50.559998
v 31.199999 35.520000 50.639999
v 31.199999 35.599998 50.559998
v 31.199999 35.680000 50.480000
v 31.119999 35.840000 50.239998
v 31.199999 35.840000 50.320000
v 31.199999 35.759998 50.399998
v 31.119999 36.000000 50.239998
v 31.199999 36.160000 46.959999
v 31.119999 36.160000 49.919998
v 31.119999 36.160000 50.079998
v 31.119999 36.160000 50.239998
v 31.199999 36.160000 50.320000
v 31.119999 36.320000 47.039997
v 31.199999 36.320000 46.959999
v 31.199999 36.239998 49.759998
v 31.199999 36.320000 49.680000
v 31.199999 36.239998 49.919998
v 31.199999 36.239998 50.079998
v 31.199999 36.239998 50.239998
v 31.199999 36.480000 49.680000
v 31.199999 36.559998 47.200001
v 31.199999 36.559998 47.360001
v 31.199999 36.639999 47.439999
v 31.119999 36.639999 49.599998
v 31.199999 36.639999 49.680000
v 31.199999 36.719997 47.520000
v 31.199999 36.799999 47.599998
v 31.119999 36.799999 49.439999
v 31.199999 36.799999 49.520000
v 31.199999 36.719997 49.599998
v 31.199999 36.880001 47.680000
v 31.199999 36.880001 47.840000
v 31.199999 36.880001 48.000000
v 31.199999 36.880001 48.160000
v 31.199999 36.880001 48.320000
v 31.119999 36.959999 48.480000
v 31.199999 36.959999 48.399998
v 31.119999 36.959999 48.639999
v 31.119999 36.959999 48.799999
v 31.119999 36.959999 48.959999
v 31.119999 36.959999 49.119999
v 31.199999 36.959999 49.200001
v 31.199999 36.880001 49.279999
v 31.199999 36.880001 49.439999
v 31.199999 37.040001 48.480000
v 31.199999 37.040001 48.639999
v 31.199999 37.040001 48.799999
v 31.199999 37.040001 48.959999
v 31.199999 37.040001 49.119999
v 31.359999 32.799999 48.559998
v 31.359999 32.719997 48.639999
v 31.359999 32.719997 48.799999
v 31.359999 32.719997 48.959999
v 31.359999 32.719997 49.119999
v 31.359999 32.719997 49.279999
v 31.279999 32.799999 49.279999
v 31.359999 32.799999 49.360001
v 31.359999 32.959999 48.239998
v 31.359999 32.880001 48.320000
v 31.359999 32.880001 48.480000
v 31.359999 32.880001 49.439999
v 31.359999 32.880001 49.599998
v 31.359999 32.880001 50.079998
v 31.279999 32.959999 50.079998
v 31.359999 32.959999 50.160000
v 31.359999 33.119999 47.759998
v 31.359999 33.040001 47.840000
v 31.359999 33.040001 48.160000
v 31.359999 33.040001 50.239998
v 31.359999 33.040001 50.399998
v 31.279999 33.119999 50.399998
v 31.359999 33.119999 50.480000
v 31.359999 33.279999 47.599998
v 31.359999 33.200001 47.680000
v 31.359999 33.200001 50.559998
v 31.279999 33.279999 50.559998
v 31.359999 33.279999 50.639999
v 31.359999 33.439999 47.279999
v 31.359999 33.360001 47.360001
v 31.359997 33.599998 47.119999
v 31.359999 33.520000 47.200001
v 31.359999 33.520000 50.719997
v 31.359999 33.599998 50.799999
v 31.359999 33.680000 50.879997
v 31.279999 33.759998 50.879997
v 31.359999 33.759998 50.959999
v 31.359999 33.840000 46.879997
v 31.279999 33.919998 50.879997
v 31.359999 33.919998 50.959999
v 31.359999 34.079998 46.799999
v 31.359999 34.079998 50.959999
v 31.359999 34.160000 46.719997
v 31.359999 34.239997 50.799999
v 31.359999 34.880001 50.799999
v 31.359998 34.880002 46.639999
v 31.359999 35.200001 50.799999
v 31.279999 35.200001 50.719997
v 31.279999 35.360001 46.719997
v 31.279999 35.360001 50.719997
v 31.359999 35.360001 50.799999
v 31.279999 35.520000 46.719997
v 31.359999 35.520000 46.639999
v 31.279999 35.520000 46.879997
v 31.279999 35.520000 47.680000
v 31.359999 35.439999 47.680000
v 31.359978 35.520000 47.600019
v 31.279999 35.520000 47.840000
v 31.359999 35.439999 47.840000
v 31.279999 35.520000 48.000000
v 31.359999 35.439999 48.000000
v 31.359999 35.520000 48.079998
v 31.359999 35.439999 50.719997
v 31.359999 35.520000 50.639999
v 31.359999 35.599998 46.719997
v 31.359999 35.599998 46.879997
v 31.359999 35.680000 46.959999
v 31.279999 35.680000 48.000000
v 31.279999 35.680000 50.559998
v 31.359999 35.680000 50.639999
v 31.359999 35.840000 46.959999
v 31.279999 36.000000 47.680000
v 31.279999 35.840000 48.000000
v 31.359999 35.840000 48.079998
v 31.279999 35.840000 50.399998
v 31.279999 35.840000 50.559998
v 31.359999 35.840000 50.639999
v 31.359999 36.000000 46.959999
v 31.359999 36.000000 47.599998
v 31.279999 36.000000 48.000000
v 31.359999 36.000000 48.079998
v 31.359999 35.919998 50.399998
v 31.359999 36.000000 50.320000
v 31.359999 35.919998 50.559998
v 31.359999 36.079998 47.680000
v 31.359999 36.079998 47.840000
v 31.359999 36.079998 48.000000
v 31.359999 36.160000 50.320000
v 31.519999 36.320000 46.959999
v 31.279999 36.320000 49.759998
v 31.279999 36.320000 49.919998
v 31.279999 36.320000 50.079998
v 31.359999 36.320000 50.160000
v 31.359999 36.239998 50.239998
v 31.200000 36.480000 47.119999
v 31.279999 36.480000 49.759998
v 31.359999 36.480000 49.840000
v 31.359999 36.399998 49.919998
v 31.359999 36.399998 50.079998
v 31.279999 36.639999 47.200001
v 31.359999 36.639999 47.119999
v 31.279999 36.639999 47.360001
v 31.279999 36.639999 49.759998
v 31.359999 36.639999 49.840000
v 31.359999 36.719997 47.200001
v 31.359999 36.719997 47.360001
v 31.359999 36.719997 47.520000
v 31.359999 36.799999 47.599998
v 31.279999 36.799999 49.599998
v 31.359999 36.799999 49.680000
v 31.359999 36.719997 49.759998
v 31.359999 36.880001 47.680000
v 31.279999 36.959999 47.840000
v 31.359999 36.959999 47.759998
v 31.279999 36.959999 48.000000
v 31.279999 36.959999 48.160000
v 31.279999 36.959999 48.320000
v 31.279999 36.959999 49.279999
v 31.359999 36.959999 49.360001
v 31.359999 36.880001 49.439999
v 31.359999 36.880001 49.599998
v 31.359999 37.040001 47.840000
v 31.359999 37.040001 48.000000
v 31.359999 37.040001 48.160000
v 31.359999 37.040001 48.320000
v 31.359999 37.040001 48.480000
v 31.359999 37.040001 48.639999
v 31.359999 37.040001 48.799999
v 31.359999 37.040001 48.959999
v 31.359999 37.040001 49.119999
v 31.359999 37.040001 49.279999
v 31.519999 32.799999 48.559998
v 31.519999 32.719997 48.639999
v 31.519999 32.719997 48.799999
v 31.519999 32.719997 48.959999
v 31.519999 32.719997 49.119999
v 31.519999 32.719997 49.279999
v 31.519999 32.719997 49.439999
v 31.439999 32.799999 49.439999
v 31.519999 32.719997 49.599998
v 31.439999 32.799999 49.599998
v 31.519999 32.799999 49.680000
v 31.519999 32.959999 48.239998
v 31.519999 32.880001 48.320000
v 31.519999 32.880001 49.759998
v 31.519999 32.880001 50.239998
v 31.439999 32.959999 50.239998
v 31.519999 32.959999 50.320000
v 31.519999 33.119999 47.759998
v 31.519999 33.040001 47.840000
v 31.519999 33.040001 48.000000
v 31.519999 33.040001 50.399998
v 31.519999 33.279999 47.599998
v 31.519999 33.200001 47.680000
v 31.519999 33.200001 50.559998
v 31.519999 33.439999 47.279999
v 31.519999 33.360001 47.360001
v 31.679998 33.360001 47.520000
v 31.519999 33.439999 50.639999
v 31.519999 33.520000 47.200001
v 31.519999 33.520000 50.719997
v 31.519999 33.599998 50.799999
v 31.519999 33.680000 50.879997
v 31.519999 33.759998 50.959999
v 31.519999 34.079998 46.799999
v 31.679999 34.239998 46.639999
v 31.519999 34.160000 46.719997
v 31.439999 34.239998 50.879997
v 31.519999 34.239998 50.959999
v 31.439999 34.399998 50.879997
v 31.519999 34.399998 50.959999
v 31.439999 34.559998 50.879997
v 31.519999 34.559998 50.959999
v 31.439999 34.719997 50.879997
v 31.519999 34.719997 50.959999
v 31.439999 34.880001 47.200001
v 31.439999 34.880001 47.360001
v 31.519999 34.799999 47.520000
v 31.439999 34.880001 47.520000
v 31.519999 34.880001 47.599998
v 31.439999 34.880001 50.879997
v 31.519999 34.880001 50.959999
v 31.439999 35.040001 47.200001
v 31.519999 34.880001 47.119999
v 31.439999 35.040001 47.360001
v 31.439999 35.040001 47.520000
v 31.519999 34.959999 47.680000
v 31.439999 35.040001 47.680000
v 31.519999 35.040001 47.759998
v 31.519999 34.959999 50.879997
v 31.519999 35.040001 50.799999
v 31.439999 35.200001 47.200001
v 31.439999 35.200001 47.360001
v 31.439999 35.200001 47.520000
v 31.439999 35.200001 47.680000
v 31.519999 35.119999 47.840000
v 31.439999 35.200001 47.840000
v 31.519999 35.200001 47.919998
v 31.439999 35.360001 47.200001
v 31.439999 35.360001 47.360001
v 31.439999 35.360001 47.520000
v 31.439999 35.360001 47.680000
v 31.439999 35.360001 47.840000
v 31.519999 35.360001 47.919998
v 31.519999 35.520000 46.639999
v 31.439999 35.520000 47.200001
v 31.439999 35.520000 47.360001
v 31.439999 35.520000 47.520000
v 31.519999 35.439999 48.000000
v 31.519999 35.520000 48.079998
v 31.439999 35.520000 50.719997
v 31.519999 35.520000 50.799999
v 31.519999 35.599998 46.719997
v 31.519999 35.599998 46.879997
v 31.519999 35.680000 46.959999
v 31.439999 35.680000 47.200001
v 31.439999 35.680000 47.360001
v 31.519999 35.680000 48.079998
v 31.519999 35.599998 50.719997
v 31.519999 35.680000 50.639999
v 31.519999 35.840000 46.959999
v 31.439999 35.840000 47.200001
v 31.439999 35.840000 47.520000
v 31.519999 35.840000 48.079998
v 31.519999 35.840000 50.639999
v 31.519999 36.000000 46.959999
v 31.519999 35.919998 47.200001
v 31.519999 35.919998 47.360001
v 31.519999 35.919998 47.520000
v 31.519999 36.000000 47.599998
v 31.519999 36.000000 48.079998
v 31.439999 36.000000 50.399998
v 31.519999 36.000000 50.480000
v 31.519999 35.919998 50.559998
v 31.519999 36.079998 47.680000
v 31.519999 36.079998 47.840000
v 31.519999 36.079998 48.000000
v 31.439999 36.160000 50.399998
v 31.519999 36.160000 50.480000
v 31.439999 36.320000 50.239998
v 31.519999 36.320000 50.320000
v 31.519999 36.239998 50.399998
v 31.519999 36.399998 47.039997
v 31.439999 36.480000 49.919998
v 31.439999 36.480000 50.079998
v 31.519999 36.480000 50.160000
v 31.519999 36.399998 50.239998
v 31.439999 36.639999 49.919998
v 31.439999 36.639999 50.079998
v 31.519999 36.639999 50.160000
v 31.519999 36.719997 47.200001
v 31.519999 36.719997 47.520000
v 31.519999 36.799999 47.599998
v 31.439999 36.799999 49.759998
v 31.519999 36.799999 49.840000
v 31.519999 36.719997 49.919998
v 31.519999 36.719997 50.079998
v 31.519999 36.880001 47.680000
v 31.519999 36.959999 47.759998
v 31.439999 36.959999 49.439999
v 31.519999 36.959999 49.520000
v 31.519999 36.880001 49.599998
v 31.519999 36.880001 49.759998
v 31.519999 37.040001 47.840000
v 31.519999 37.040001 48.000000
v 31.519999 37.040001 48.160000
v 31.439999 37.119999 48.320000
v 31.519999 37.119999 48.239998
v 31.439999 37.119999 48.480000
v 31.439999 37.119999 48.639999
v 31.439999 37.119999 48.799999
v 31.439999 37.119999 48.959999
v 31.439999 37.119999 49.119999
v 31.519999 37.119999 49.200001
v 31.519999 37.040001 49.279999
v 31.519999 37.040001 49.439999
v 31.519999 37.200001 48.320000
v 31.519999 37.200001 48.480000
v 31.519999 37.200001 48.639999
v 31.519999 37.200001 48.799999
v 31.519999 37.200001 48.959999
v 31.519999 37.200001 49.119999
v 31.679998 32.799999 48.559998
v 31.679998 32.719997 48.639999
v 31.679998 32.719997 48.799999
v 31.679998 32.719997 48.959999
v 31.679998 32.719997 49.119999
v 31.679998 32.719997 49.279999
v 31.679998 32.719997 49.439999
v 31.679998 32.719997 49.599998
v 31.679998 32.799999 49.680000
v 31.679998 32.957900 48.242097
v 31.679998 32.880001 48.320000
v 31.679998 32.880001 48.480000
v 31.679998 32.880001 49.759998
v 31.679998 32.880001 50.239998
v 31.679998 32.959999 50.320000
v 31.599998 33.119999 47.840000
v 31.599998 33.119999 48.000000
v 31.679998 33.119999 48.079998
v 31.679998 33.040001 48.160000
v 31.679998 33.040001 50.399998
v 32.160000 33.120001 50.480002
v 31.679998 33.279999 47.599998
v 31.679998 33.200001 47.680000
v 31.679998 33.200001 47.840000
v 31.679998 33.200001 48.000000
v 31.679998 33.200001 50.559998
v 31.679998 33.279999 50.639999
v 31.679998 33.439999 47.279999
v 31.679998 33.360001 47.360001
v 31.679998 33.360001 50.719997
v 31.599998 33.439999 50.719997
v 31.679998 33.439999 50.799999
v 31.679998 33.520000 47.200001
v 31.840001 33.599998 50.799999
v 31.679998 33.680000 50.879997
v 31.679998 33.759998 50.959999
v 31.679998 34.079998 46.799999
v 31.679998 34.880001 47.599998
v 31.679998 34.959999 47.680000
v 31.599998 35.040001 47.840000
v 31.679998 34.959999 47.840000
v 31.679998 35.040001 47.919998
v 31.599998 35.040001 50.879997
v 31.679998 35.040001 50.959999
v 31.599998 35.200001 48.000000
v 31.679998 35.119999 48.000000
v 31.679998 35.200001 48.079998
v 31.599998 35.200001 50.879997
v 31.679998 35.200001 50.959999
v 31.599998 35.360001 48.000000
v 31.679998 35.360001 48.079998
v 31.519999 35.200002 50.799999
v 31.679998 35.520000 48.079998
v 31.599998 35.680000 46.719997
v 31.679998 35.680000 46.639999
v 31.599998 35.680000 46.879997
v 31.679998 35.599998 48.160000
v 31.599998 35.680000 48.160000
v 31.679998 35.680000 48.239998
v 31.599998 35.680000 48.799999
v 31.679998 35.599998 48.799999
v 31.679998 35.680000 48.719997
v 31.599998 35.680000 49.600000
v 31.679998 35.599998 49.599998
v 31.599998 35.680000 50.719997
v 31.679998 35.680000 50.799999
v 31.599998 35.840000 46.719997
v 31.679998 35.840000 46.639999
v 31.519999 35.840000 47.119999
v 31.599998 35.840000 48.160000
v 31.679998 35.840000 48.239998
v 31.599998 35.840000 48.799999
v 31.679998 35.840000 48.719997
v 31.679998 35.759998 50.719997
v 31.679998 35.840000 50.639999
v 31.679998 35.919998 46.719997
v 31.599998 36.000000 46.879997
v 31.679998 36.000000 46.799999
v 31.679998 35.919998 47.200001
v 31.599998 36.000000 47.360001
v 31.679998 36.000000 47.279999
v 31.599998 36.000000 47.520000
v 31.599998 36.000000 48.160000
v 31.679998 35.919998 48.320000
v 31.599998 36.000000 48.320000
v 31.599998 36.000000 48.480000
v 31.679998 35.919998 48.480000
v 31.599998 36.000000 48.639999
v 31.679998 35.919998 48.639999
v 31.679998 35.919998 50.559998
v 31.679998 36.000000 50.480000
v 31.599998 36.160000 47.360001
v 31.679998 36.160000 47.279999
v 31.599998 36.160000 47.520000
v 31.599998 36.160000 47.680000
v 31.599998 36.160000 47.840000
v 31.599998 36.160000 48.000000
v 31.599998 36.160000 49.279999
v 31.599998 36.160000 49.599998
v 31.679998 36.160000 49.680000
v 31.679998 36.160000 50.480000
v 31.599998 36.320000 46.879997
v 31.679998 36.239998 47.360001
v 31.679998 36.239998 47.520000
v 31.679998 36.239998 47.680000
v 31.679998 36.320000 47.759998
v 31.599998 36.320000 47.840000
v 31.599998 36.320000 48.000000
v 31.599998 36.320000 48.160000
v 31.599998 36.320000 48.320000
v 31.599998 36.320000 48.480000
v 31.599998 36.320000 48.639999
v 31.599998 36.320000 48.799999
v 31.599998 36.320000 48.959999
v 31.599998 36.320000 49.119999
v 31.679998 36.320000 49.200001
v 31.679998 36.239998 49.279999
v 31.679998 36.239998 49.439999
v 31.679998 36.239998 49.599998
v 31.599998 36.320000 50.399998
v 31.679998 36.320000 50.480000
v 31.679998 36.399998 46.879997
v 31.679998 36.399998 47.840000
v 31.679998 36.399998 48.000000
v 31.679998 36.399998 48.160000
v 31.679998 36.399998 48.320000
v 31.679998 36.399998 48.480000
v 31.679998 36.399998 48.639999
v 31.679998 36.399998 48.799999
v 31.679998 36.399998 48.959999
v 31.679998 36.399998 49.119999
v 31.599998 36.480000 50.239998
v 31.679998 36.480000 50.320000
v 31.679998 36.400005 50.399990
v 31.679998 36.639999 47.119999
v 31.679998 36.559998 50.239998
v 31.679998 36.639999 50.160000
v 31.679998 36.719997 47.200001
v 31.679998 36.719997 47.360001
v 31.679998 36.719997 47.520000
v 31.679998 36.799999 47.599998
v 31.679998 36.719997 49.919998
v 31.679998 36.799999 49.840000
v 31.679998 36.719997 50.079998
v 31.599998 36.959999 47.680000
v 31.679998 36.959999 47.599998
v 31.599998 36.959999 49.599998
v 31.599998 36.959999 49.759998
v 31.679998 36.959999 49.840000
v 31.679998 37.040001 47.680000
v 31.599998 37.119999 47.840000
v 31.679998 37.119999 47.759998
v 31.599998 37.119999 48.000000
v 31.599998 37.119999 48.160000
v 31.599998 37.119999 49.279999
v 31.679998 37.040001 49.439999
v 31.679998 37.040001 49.599998
v 31.679998 37.040001 49.759998
v 31.679998 37.200001 47.840000
v 31.679998 37.200001 48.000000
v 31.679998 37.200001 48.160000
v 31.679998 37.200001 48.320000
v 31.679998 37.200001 48.480000
v 31.599998 37.279999 48.639999
v 31.679998 37.279999 48.559998
v 31.599998 37.279999 48.799999
v 31.599998 37.279999 48.959999
v 31.679998 37.279999 49.039997
v 31.679998 37.200001 49.119999
v 31.679998 37.360001 48.639999
v 31.679998 37.360001 48.799999
v 31.679998 37.360001 48.959999
v 31.760000 32.799999 48.639999
v 31.760000 32.799999 48.799999
v 31.840000 32.799999 48.879997
v 31.840000 32.719997 48.959999
v 31.840000 32.719997 49.119999
v 31.840000 32.719997 49.279999
v 31.840000 32.719997 49.439999
v 31.840000 32.719997 49.599998
v 31.840000 32.799999 49.680000
v 31.840000 32.959999 48.399998
v 31.840000 32.880001 48.480000
v 31.840000 32.880001 48.639999
v 31.840000 32.880001 48.799999
v 31.840000 32.880001 49.759998
v 31.840000 32.880001 50.239998
v 31.840000 32.959999 50.320000
v 31.836122 33.119044 48.237074
v 31.840000 33.040001 48.320000
v 31.840000 33.040001 50.399998
v 31.760000 33.279999 47.680000
v 31.760000 33.279999 47.840000
v 31.840000 33.279999 47.919998
v 31.840000 33.200001 48.000000
v 31.840000 33.200001 48.160000
v 31.840000 33.200001 50.559998
v 31.840000 33.279999 50.639999
v 31.760000 33.439999 47.360001
v 31.760000 33.439999 47.520000
v 31.840000 33.439999 47.599998
v 31.840000 33.360001 47.680000
v 31.840000 33.360001 47.840000
v 31.840000 33.360001 50.719997
v 31.840000 33.439999 50.799999
v 31.840000 33.599998 47.119999
v 31.840000 33.520000 47.200001
v 31.840000 33.520000 47.360001
v 31.840000 33.520000 47.520000
v 31.840000 33.680000 47.039997
v 31.840000 33.680000 50.879997
v 31.840000 33.759998 50.959999
v 31.840000 33.919998 46.799999
v 31.840000 34.079998 46.639999
v 32.000000 34.799999 47.520000
v 31.840000 34.880001 47.599998
v 31.840000 34.959999 47.680000
v 31.840000 34.959999 47.840000
v 31.760000 35.040001 48.000000
v 31.840000 34.959999 48.000000
v 31.760000 35.040001 48.160000
v 31.840000 34.959999 48.160000
v 31.760000 35.200001 48.160000
v 31.840000 35.040001 48.239998
v 31.810535 35.408067 50.882464
v 31.840000 35.360001 50.959999
v 31.760000 35.520000 48.160000
v 31.840000 35.520000 48.239998
v 31.840000 35.520000 50.799999
v 31.840000 35.680000 48.239998
v 31.840000 35.599998 48.799999
v 31.840000 35.680000 48.719997
v 31.840000 35.599998 49.599998
v 31.760000 35.680000 49.759998
v 31.840000 35.599998 49.759998
v 31.840000 35.680000 49.840000
v 31.840000 35.680000 50.799999
v 31.840000 35.840000 46.639999
v 31.840000 35.759998 48.320000
v 31.760000 35.840000 48.320000
v 31.760000 35.840000 48.480000
v 31.840000 35.759998 48.480000
v 31.760000 35.840000 48.639999
v 31.840000 35.759998 48.639999
v 31.760000 35.840000 49.759998
v 31.840000 35.840000 49.840000
v 31.760000 35.840000 50.719997
v 31.840000 35.840000 50.799999
v 31.840000 35.919998 46.719997
v 31.840000 36.000000 46.799999
v 31.840000 35.919998 47.200001
v 31.840000 36.000000 47.279999
v 31.760000 36.000000 49.759998
v 31.840000 36.000000 49.840000
v 31.760000 36.000000 50.559998
v 31.840000 36.000000 50.639999
v 31.840000 35.919998 50.719997
v 31.840000 36.160000 47.279999
v 31.760000 36.160000 49.759998
v 31.840000 36.160000 49.840000
v 31.760000 36.160000 50.559998
v 31.840000 36.160000 50.639999
v 31.679998 36.320000 46.799999
v 31.840000 36.239998 47.360001
v 31.840000 36.239998 47.520000
v 31.760000 36.320000 47.680000
v 31.840000 36.320000 47.599998
v 31.760000 36.320000 49.279999
v 31.760000 36.320000 49.439999
v 31.760000 36.320000 49.599998
v 31.840000 36.320000 49.680000
v 31.840000 36.239998 49.759998
v 31.840000 36.239998 50.559998
v 31.840000 36.320000 50.480000
v 31.840000 36.399998 46.879997
v 32.160000 36.399998 47.039997
v 31.840000 36.399998 47.680000
v 31.840000 36.399998 47.840000
v 31.840000 36.399998 48.000000
v 31.840000 36.399998 48.320000
v 31.840000 36.399998 48.959999
v 31.840000 36.399998 49.119999
v 31.840000 36.399998 49.279999
v 31.840000 36.399998 49.439999
v 31.840000 36.399998 49.599998
v 31.840000 36.639999 47.119999
v 31.760000 36.639999 50.239998
v 31.840000 36.639999 50.320000
v 31.840000 36.719997 47.200001
v 31.840000 36.719997 47.360001
v 32.000000 36.719997 47.520000
v 31.840000 36.799999 47.599998
v 31.760000 36.799999 49.919998
v 31.840000 36.799999 50.000000
v 31.840000 36.719997 50.079998
v 31.840000 36.719997 50.239998
v 31.840000 36.959999 47.599998
v 31.760000 36.959999 49.919998
v 31.840000 36.959999 50.000000
v 31.840000 37.119999 47.759998
v 31.760000 37.119999 49.599998
v 31.890592 37.134858 49.715733
v 31.840000 37.040001 49.759998
v 31.840000 37.040001 49.919998
v 31.840000 37.200001 47.840000
v 31.840000 37.200001 48.000000
v 31.840000 37.200001 48.160000
v 31.760000 37.279999 48.320000
v 31.840000 37.279999 48.239998
v 31.760000 37.279999 48.480000
v 31.760000 37.279999 49.119999
v 31.840000 37.279999 49.200001
v 31.840000 37.200001 49.279999
v 31.840000 37.200001 49.599998
v 31.840000 37.360001 48.320000
v 31.840000 37.360001 48.480000
v 31.840000 37.360001 48.639999
v 31.840000 37.360001 48.799999
v 31.840000 37.360001 48.959999
v 31.840000 37.360001 49.119999
v 32.000000 32.799999 48.879997
v 32.000000 32.719997 48.959999
v 32.000000 32.719997 49.119999
v 32.000000 32.719997 49.279999
v 32.000000 32.719997 49.439999
v 32.000000 32.719997 49.599998
v 32.000000 32.799999 49.680000
v 31.920000 32.959999 48.480000
v 32.000097 32.960054 48.560040
v 32.000000 32.880001 48.639999
v 32.000000 32.880001 48.799999
v 32.000000 32.880001 49.759998
v 32.000000 32.880001 50.239998
v 32.000000 32.959999 50.320000
v 31.920000 33.119999 48.320000
v 32.000000 33.119999 48.399998
v 32.000000 33.040001 48.480000
v 32.000000 33.040001 50.399998
v 31.920000 33.279999 48.000000
v 32.000000 33.279999 48.079998
v 32.000000 33.200001 48.160000
v 32.000000 33.200001 48.320000
v 32.000000 33.200001 50.559998
v 32.000000 33.279999 50.639999
v 31.920000 33.439999 47.680000
v 31.920000 33.439999 47.840000
v 32.000000 33.439999 47.919998
v 32.000000 33.360001 48.000000
v 32.000000 33.360001 50.719997
v 32.000000 33.439999 50.799999
v 31.920000 33.599998 47.200001
v 32.000000 33.599998 47.279999
v 32.000000 33.520000 47.360001
v 32.000000 33.520000 47.520000
v 32.000000 33.520000 47.680000
v 32.000000 33.520000 47.840000
v 32.000000 33.599998 50.799999
v 32.160000 33.680000 47.039997
v 32.000000 33.680000 47.200001
v 31.920000 33.759998 50.879997
v 32.000173 33.840170 50.879994
v 32.000000 33.919998 50.959999
v 32.000000 34.559998 46.639999
v 32.000000 34.880001 47.599998
v 32.000000 35.040001 46.639999
v 32.000000 34.959999 47.680000
v 32.000000 34.959999 47.840000
v 32.000000 34.959999 48.000000
v 32.000000 34.959999 48.160000
v 32.000000 35.200001 46.639999
v 31.920000 35.360001 49.599998
v 32.000000 35.360001 49.520000
v 31.920000 35.360001 49.759998
v 32.000000 35.279999 49.599998
v 31.920000 35.360001 49.919998
v 31.920000 35.360001 50.079998
v 31.920000 35.360001 50.239998
v 32.000000 35.279999 50.239998
v 32.000000 35.360001 50.320000
v 32.000000 35.439999 48.320000
v 31.920000 35.520000 48.320000
v 31.920000 35.520000 48.480000
v 32.000000 35.439999 48.480000
v 31.920000 35.520000 48.639999
v 32.000000 35.439999 48.639999
v 31.920000 35.520000 48.799999
v 32.000000 35.439999 48.799999
v 32.000000 35.520000 48.879997
v 31.920000 35.520000 49.599998
v 32.000000 35.520000 49.520000
v 31.920000 35.520000 49.759998
v 31.920000 35.520000 49.919998
v 31.920000 35.520000 50.079998
v 31.920000 35.520000 50.239998
v 32.000000 35.520000 50.320000
v 31.920000 35.520000 50.879997
v 32.000000 35.520000 50.959999
v 31.920000 35.680000 48.320000
v 32.000000 35.599998 48.959999
v 32.000000 35.599998 49.119999
v 32.000000 35.599998 49.279999
v 32.000000 35.599998 49.439999
v 31.920000 35.680000 49.919998
v 31.920000 35.680000 50.079998
v 31.920000 35.680000 50.239998
v 32.000000 35.680000 50.320000
v 31.920000 35.680000 50.879997
v 32.000000 35.680000 50.959999
v 32.000000 35.840000 47.119999
v 31.920000 35.840000 49.919998
v 32.000000 35.840000 50.000000
v 32.000000 35.759998 50.079998
v 32.000000 35.759998 50.239998
v 32.000000 35.759998 50.879997
v 32.000000 35.840000 50.799999
v 31.920000 36.000000 46.719997
v 32.000000 36.000000 46.639999
v 32.000000 35.919998 47.200001
v 32.000000 36.000000 47.279999
v 31.920000 36.000000 49.919998
v 32.000000 36.000000 50.000000
v 31.920000 36.000000 50.719997
v 32.000000 36.000000 50.799999
v 32.000000 36.079998 46.719997
v 32.000000 36.160000 46.799999
v 32.000000 36.160000 49.840000
v 32.000000 36.079998 49.919998
v 32.000000 36.079998 50.719997
v 32.000000 36.160000 50.639999
v 31.920000 36.320000 47.360001
v 32.000000 36.320000 47.279999
v 31.920000 36.320000 47.520000
v 31.920000 36.320000 49.759998
v 32.000000 36.320000 49.840000
v 32.000000 36.239998 50.559998
v 32.000000 36.320000 50.480000
v 32.000000 36.399998 46.879997
v 32.000000 36.480000 47.119999
v 31.920000 36.480000 47.360001
v 32.000000 36.480000 47.279999
v 31.920000 36.480000 47.520000
v 31.920000 36.480000 47.680000
v 31.920000 36.480000 47.840000
v 31.920000 36.480000 48.000000
v 31.920000 36.480000 48.160000
v 31.920000 36.480000 48.320000
v 32.000000 36.480000 48.399998
v 32.000000 36.399998 48.480000
v 32.000000 36.399998 48.639999
v 32.000000 36.399998 48.799999
v 31.920000 36.480000 48.959999
v 32.000000 36.480000 48.879997
v 31.920000 36.480000 49.119999
v 31.920000 36.480000 49.279999
v 31.920000 36.480000 49.439999
v 31.920000 36.480000 49.599998
v 31.920000 36.480000 49.759998
v 32.000000 36.480000 49.840000
v 32.000000 36.399998 50.399998
v 32.000000 36.480000 50.320000
v 32.000000 36.559998 47.200001
v 31.920000 36.639999 47.200001
v 31.920000 36.639999 47.360001
v 32.000000 36.639999 47.439999
v 32.000000 36.559998 47.520000
v 32.000000 36.559998 47.680000
v 32.000000 36.559998 47.840000
v 32.000000 36.559998 48.160000
v 32.000000 36.559998 48.320000
v 32.000000 36.559998 48.959999
v 32.000000 36.559998 49.119999
v 32.000000 36.559998 49.279999
v 32.000000 36.559998 49.439999
v 32.000000 36.559998 49.599998
v 32.000000 36.559998 49.759998
v 32.000000 36.639999 50.320000
v 32.000000 36.799999 47.599998
v 32.000000 36.719997 50.079998
v 32.000000 36.799999 50.000000
v 32.000000 36.719997 50.239998
v 32.000000 36.959999 50.000000
v 31.920000 37.119999 47.680000
v 32.000000 37.119999 47.599998
v 32.000000 37.040001 49.919998
v 32.000000 37.200001 47.680000
v 32.000000 37.200001 47.840000
v 31.920000 37.279999 48.000000
v 32.000000 37.279999 47.919998
v 31.920000 37.279999 48.160000
v 31.920000 37.279999 49.279999
v 31.840001 37.200001 49.439999
v 32.000000 37.200001 49.759998
v 32.000000 37.360001 48.000000
v 32.000000 37.360001 48.160000
v 31.999727 37.360001 48.480272
v 31.920000 37.439999 48.639999
v 31.920000 37.439999 48.799999
v 31.920000 37.439999 48.959999
v 32.000000 37.439999 49.039997
v 32.000000 37.360001 49.119999
v 32.000000 37.360001 49.279999
v 32.000000 37.520000 48.639999
v 32.000000 37.520000 48.799999
v 32.000000 37.520000 48.959999
v 32.079998 32.799999 48.959999
v 32.079998 32.799999 49.119999
v 32.079998 32.799999 49.279999
v 32.079998 32.799999 49.439999
v 32.079998 32.799999 49.599998
v 32.079998 32.959999 48.639999
v 32.160000 32.959999 48.719997
v 32.160000 32.880001 48.799999
v 32.160000 32.880001 48.959999
v 32.160000 32.880001 49.119999
v 32.160000 32.880001 49.279999
v 32.160000 32.880001 49.439999
v 32.160000 32.880001 49.599998
v 32.160000 32.880001 50.079998
v 32.079998 32.959999 50.239998
v 32.160000 32.959999 50.160000
v 32.079998 33.119999 48.480000
v 32.160000 33.040001 48.639999
v 32.160000 33.040001 50.239998
v 32.160000 33.040001 50.399998
v 32.079998 33.279999 48.160000
v 32.079998 33.279999 48.320000
v 32.160000 33.279999 48.399998
v 32.160000 33.200001 48.480000
v 32.160000 33.200001 50.559998
v 32.160000 33.279999 50.639999
v 32.079998 33.439999 48.000000
v 32.160000 33.439999 48.079998
v 32.160000 33.360001 48.160000
v 32.160000 33.360001 48.320000
v 32.079998 33.439999 50.719997
v 32.160000 33.439999 50.639999
v 32.079998 33.599998 47.360001
v 32.079998 33.599998 47.680000
v 32.160000 33.599998 47.759998
v 32.160000 33.520000 47.840000
v 32.160000 33.520000 48.000000
v 32.079998 33.599998 50.719997
v 32.160000 33.599998 50.639999
v 32.160000 33.680000 47.360001
v 32.160000 33.680000 47.680000
v 32.160000 33.680000 50.719997
v 32.160000 33.759998 50.799999
v 32.160000 33.919998 46.799999
v 32.160000 33.840000 46.879997
v 32.160000 33.919998 50.799999
v 32.160000 34.079998 46.639999
v 32.160000 34.000000 46.719997
v 32.160000 34.000000 50.879997
v 32.160000 34.079998 50.959999
v 32.079998 34.559998 46.559998
v 32.160000 34.559998 46.480000
v 32.079998 34.719997 46.559998
v 32.160000 34.719997 46.480000
v 32.079998 34.880001 46.559998
v 32.160000 34.880001 46.480000
v 32.079998 34.880001 47.680000
v 32.160000 34.799999 47.680000
v 32.079998 34.880001 47.840000
v 32.160000 34.799999 47.840000
v 32.160000 34.880001 47.919998
v 32.079998 35.040001 46.559998
v 32.160000 35.040001 46.480000
v 32.160000 35.040001 47.119999
v 32.160000 34.959999 48.000000
v 32.160000 34.959999 48.160000
v 32.160000 35.040001 48.239998
v 32.079998 35.200001 46.559998
v 32.160000 35.200001 46.480000
v 32.160000 35.200001 47.119999
v 32.160000 35.279999 46.559998
v 32.160000 35.360001 46.639999
v 32.160000 35.360001 47.119999
v 32.480000 35.360001 48.239998
v 32.160000 35.279999 49.599998
v 32.160000 35.360001 49.520000
v 32.160000 35.279999 49.759998
v 32.160000 35.279999 49.919998
v 32.160000 35.279999 50.079998
v 32.160000 35.279999 50.239998
v 32.160000 35.360001 50.320000
v 32.160000 35.520000 47.119999
v 32.079998 35.520000 48.959999
v 32.160000 35.439999 48.959999
v 32.079998 35.520000 49.119999
v 32.160000 35.439999 49.119999
v 32.079998 35.520000 49.279999
v 32.160000 35.439999 49.279999
v 32.079998 35.520000 49.439999
v 32.160000 35.439999 49.439999
v 32.160000 35.680000 50.320000
v 32.160000 35.840000 47.119999
v 32.079998 35.840000 50.079998
v 32.160000 35.840000 50.160000
v 32.160000 35.759998 50.239998
v 32.079998 35.840000 50.879997
v 32.160000 35.840000 50.959999
v 32.160000 36.000000 46.639999
v 32.160000 35.919998 47.200001
v 32.160000 36.000000 47.279999
v 32.079998 36.000000 50.079998
v 32.160000 36.000000 50.160000
v 32.160000 35.919998 50.879997
v 32.160000 36.000000 50.799999
v 32.160000 36.160000 46.799999
v 32.079998 36.160000 49.919998
v 32.079998 36.160000 50.079998
v 32.160000 36.160000 50.160000
v 32.160000 36.079998 50.719997
v 32.160000 36.160000 50.639999
v 32.160000 36.320000 46.799999
v 32.160000 36.320000 49.840000
v 32.160000 36.239998 49.919998
v 32.160000 36.239998 50.079998
v 32.079998 36.320000 50.559998
v 32.160000 36.320000 50.639999
v 32.160000 36.399998 46.879997
v 32.160000 36.480000 47.119999
v 32.160000 36.480000 47.279999
v 32.079998 36.480000 48.480000
v 32.079998 36.480000 48.639999
v 32.079998 36.480000 48.799999
v 32.079998 36.480000 50.399998
v 32.079998 36.480000 50.559998
v 32.160000 36.480000 50.639999
v 32.160000 36.559998 47.200001
v 32.160000 36.639999 47.439999
v 32.160000 36.559998 47.520000
v 32.160000 36.559998 47.680000
v 32.160000 36.559998 47.840000
v 32.160000 36.559998 48.000000
v 32.160000 36.559998 48.160000
v 32.160000 36.559998 48.480000
v 32.160000 36.559998 48.639999
v 32.160000 36.559998 48.799999
v 32.160000 36.559998 48.959999
v 32.160000 36.559998 49.119999
v 32.160000 36.559998 49.279999
v 32.160000 36.559998 49.439999
v 32.160000 36.559998 49.599998
v 32.079998 36.639999 50.399998
v 32.160000 36.639999 50.480000
v 32.160000 36.559998 50.559998
v 32.160000 36.719997 47.520000
v 32.160000 36.799999 47.599998
v 32.079998 36.799999 50.079998
v 32.079998 36.799999 50.239998
v 32.160053 36.800052 50.320000
v 32.160000 36.719997 50.399998
v 32.160000 36.959999 47.599998
v 32.079998 36.959999 50.079998
v 32.160000 37.119999 47.599998
v 32.160000 37.200001 47.680000
v 32.079998 37.279999 47.840000
v 32.160000 37.279999 47.759998
v 32.160000 37.200001 49.759998
v 32.160000 37.200001 49.919998
v 32.160000 37.360001 47.840000
v 32.160000 37.360001 48.160000
v 32.160000 37.360001 48.320000
v 32.079998 37.439999 49.119999
v 32.160000 37.520000 48.480000
v 32.160000 37.520000 48.639999
v 32.160000 37.520000 48.959999
v 32.160000 37.520000 49.119999
v 32.160000 37.520000 49.279999
v 32.160000 37.520000 49.439999
v 32.239998 32.959999 48.799999
v 32.320000 32.959999 48.879997
v 32.320000 32.880001 48.959999
v 32.320000 32.880001 49.119999
v 32.320000 32.880001 49.279999
v 32.320000 32.880001 49.439999
v 32.320000 32.880001 49.599998
v 32.320000 32.880001 49.759998
v 32.320000 32.880001 49.919998
v 32.320000 32.880001 50.079998
v 32.320000 32.959999 50.160000
v 32.239998 33.119999 48.639999
v 32.320000 33.119999 48.719997
v 32.320000 33.040001 48.799999
v 32.239998 33.119999 50.239998
v 32.320000 33.119999 50.160000
v 32.239998 33.119999 50.399998
v 32.239998 33.279999 48.480000
v 32.320000 33.279999 48.559998
v 32.320000 33.200001 48.639999
v 32.320000 33.200001 50.239998
v 32.320000 33.279999 50.320000
v 32.239998 33.279999 50.399998
v 32.239998 33.279999 50.559998
v 32.320000 33.439999 48.079998
v 32.320000 33.360001 48.160000
v 32.320000 33.360001 48.320000
v 32.320000 33.360001 48.480000
v 32.320000 33.360001 50.399998
v 32.320000 33.439999 50.480000
v 32.239998 33.439999 50.559998
v 32.239998 33.599998 47.840000
v 32.239998 33.599998 48.000000
v 32.320000 33.599998 48.079998
v 32.320000 33.599998 50.639999
v 32.320000 33.759998 47.119999
v 32.320000 33.680000 47.200001
v 32.320000 33.680000 47.680000
v 32.320000 33.680000 47.840000
v 32.320000 33.680000 48.000000
v 32.320000 33.680000 50.719997
v 32.320000 33.759998 50.799999
v 32.239998 33.919998 46.879997
v 32.320000 33.919998 46.959999
v 32.320000 33.840000 47.039997
v 32.320000 33.919998 50.799999
v 32.320000 34.000000 46.719997
v 32.320000 34.000000 46.879997
v 32.320000 34.000000 50.879997
v 32.320000 34.079998 50.959999
v 32.320000 34.399998 46.639999
v 32.320000 34.559998 46.480000
v 32.320000 34.480000 46.559998
v 32.320000 34.880001 47.119999
v 32.320000 34.799999 47.840000
v 32.320000 34.880001 47.919998
v 32.320000 34.880001 50.959999
v 32.320000 34.959999 48.000000
v 32.320000 35.040001 48.079998
v 32.320000 35.119999 48.160000
v 32.320000 35.200001 48.239998
v 32.239998 35.200001 49.599998
v 32.320000 35.119999 49.599998
v 32.320000 35.200004 49.519997
v 32.239998 35.200001 49.759998
v 32.320000 35.119999 49.759998
v 32.239998 35.200001 49.919998
v 32.320000 35.119999 49.919998
v 32.239998 35.200001 50.079998
v 32.320000 35.119999 50.079998
v 32.239998 35.200001 50.239998
v 32.320000 35.200001 50.320000
v 32.239998 35.360001 46.559998
v 32.320000 35.360001 46.480000
v 32.320000 35.360001 47.119999
v 32.320000 35.279999 49.439999
v 32.320000 35.520000 50.959999
v 32.320000 35.439999 46.559998
v 32.320000 35.520000 46.639999
v 32.320000 35.439999 47.200001
v 32.239998 35.520000 47.200001
v 32.320000 35.520000 47.279999
v 32.320000 35.439999 48.320000
v 32.239998 35.680000 47.200001
v 32.239998 35.840000 47.200001
v 32.320000 35.840000 47.279999
v 32.239998 35.840000 50.239998
v 32.320000 35.840000 50.320000
v 32.239998 36.000000 50.239998
v 32.320000 36.000000 50.320000
v 32.239998 36.000000 50.879997
v 32.320000 36.000000 50.959999
v 32.239998 36.160000 46.719997
v 32.320000 36.160000 46.639999
v 32.320000 36.160000 50.160000
v 32.320000 36.079998 50.239998
v 32.239998 36.160000 50.719997
v 32.320000 36.160000 50.799999
v 32.320000 36.079998 50.879997
v 32.320000 36.239998 46.719997
v 32.320000 36.320000 46.799999
v 32.239998 36.320000 49.919998
v 32.320000 36.320000 50.000000
v 32.320000 36.239998 50.079998
v 32.239998 36.320000 50.719997
v 32.320000 36.320000 50.799999
v 32.239998 36.480000 46.879997
v 32.320000 36.480000 46.799999
v 32.239998 36.480000 47.039997
v 32.320000 36.480000 47.279999
v 32.320000 36.399998 49.919998
v 32.320000 36.399998 50.719997
v 32.320000 36.480000 50.639999
v 32.320000 36.559998 46.879997
v 32.320000 36.559998 47.039997
v 32.320000 36.559998 47.200001
v 32.320000 36.639999 47.439999
v 32.320000 36.559998 47.520000
v 32.239998 36.639999 47.680000
v 32.320000 36.639999 47.599998
v 32.239998 36.639999 47.840000
v 32.239998 36.639999 48.000000
v 32.239998 36.639999 48.160000
v 32.320000 36.639999 48.239998
v 32.320000 36.559998 48.320000
v 32.320000 36.559998 48.639999
v 32.239998 36.639999 48.799999
v 32.320000 36.639999 48.719997
v 32.239998 36.639999 48.959999
v 32.239998 36.639999 49.119999
v 32.239998 36.639999 49.279999
v 32.239998 36.639999 49.439999
v 32.239998 36.639999 49.599998
v 32.320000 36.639999 49.680000
v 32.239998 36.639999 50.559998
v 32.320000 36.639999 50.639999
v 32.240004 36.799999 47.519994
v 32.320000 36.799999 47.439999
v 32.320000 36.719997 47.680000
v 32.320000 36.719997 47.840000
v 32.320000 36.719997 48.000000
v 32.320000 36.719997 48.160000
v 32.320000 36.719997 48.799999
v 32.320000 36.719997 48.959999
v 32.320000 36.719997 49.279999
v 32.320000 36.719997 49.439999
v 32.320000 36.719997 49.599998
v 32.239998 36.799999 50.399998
v 32.320000 36.799999 50.480000
v 32.320000 36.719997 50.559998
v 32.320000 36.959999 47.439999
v 32.320000 36.959999 50.320000
v 32.320000 36.880001 50.399998
v 32.239998 37.119999 47.520000
v 32.320000 37.119999 47.439999
v 32.320000 37.200001 47.520000
v 32.320000 37.200001 47.680000
v 32.320000 37.279999 47.759998
v 32.239998 37.279999 49.759998
v 32.320000 37.360001 49.919998
v 32.320000 37.200001 50.079998
v 32.320000 37.360001 47.840000
v 32.320000 37.360001 49.759998
v 32.320000 37.520000 48.160000
v 32.320000 37.520000 48.320000
v 32.239998 37.599998 48.959999
v 32.320000 37.599998 49.039997
v 32.320000 37.520000 49.119999
v 32.320000 37.520000 49.439999
v 32.320000 37.520000 49.599998
v 32.320000 37.680000 48.639999
v 32.320000 37.680000 48.799999
v 32.320000 37.680000 48.959999
v 32.399998 32.959999 48.959999
v 32.399998 32.959999 49.919998
v 32.399998 32.959999 50.079998
v 32.399998 33.119999 48.799999
v 32.480000 33.119999 48.879997
v 32.480000 33.040001 48.959999
v 32.480000 33.040001 49.279999
v 32.480000 33.040001 49.919998
v 32.480000 33.119999 50.000000
v 32.399998 33.119999 50.079998
v 32.399998 33.279999 48.639999
v 32.480000 33.279999 48.719997
v 32.480000 33.200001 48.799999
v 32.399998 33.279999 50.079998
v 32.480000 33.279999 50.000000
v 32.399998 33.279999 50.239998
v 32.399998 33.439999 48.160000
v 32.480000 33.439999 48.399998
v 32.480000 33.360001 48.480000
v 32.480000 33.360001 48.639999
v 32.480000 33.360001 50.079998
v 32.480000 33.439999 50.160000
v 32.399998 33.439999 50.239998
v 32.399998 33.439999 50.399998
v 32.480000 33.599998 48.079998
v 32.480000 33.520000 48.160000
v 32.480000 33.520000 48.320000
v 32.399998 33.599998 50.239998
v 32.480000 33.599998 50.160000
v 32.399998 33.599998 50.399998
v 32.399998 33.599998 50.559998
v 32.480000 33.759998 47.759998
v 32.480000 33.680000 47.840000
v 32.480000 33.680000 48.000000
v 32.480000 33.680000 50.239998
v 32.480000 33.680000 50.399998
v 32.480000 33.680000 50.559998
v 32.399998 33.759998 50.719997
v 32.480000 33.759998 50.639999
v 32.480000 33.840000 47.039997
v 32.480000 33.840000 47.200001
v 32.480000 33.840000 47.680000
v 32.480000 33.840000 50.719997
v 32.480000 34.079998 46.639999
v 32.480000 34.000000 46.719997
v 32.480000 34.000000 46.879997
v 32.399998 34.079998 50.879997
v 32.480000 34.079998 50.799999
v 32.480000 34.239998 46.639999
v 32.480000 34.160000 50.879997
v 32.480000 34.239998 50.959999
v 32.399998 34.399998 46.559998
v 32.480000 34.399998 46.480000
v 32.480000 34.719997 50.959999
v 32.480000 34.799999 47.200001
v 32.480000 34.880001 47.119999
v 32.480000 34.799999 47.360001
v 32.480000 34.799999 47.520000
v 32.480000 34.799999 47.680000
v 32.480000 34.799999 47.840000
v 32.480000 34.880001 47.919998
v 32.480000 34.799999 51.039997
v 32.480000 34.880001 51.119999
v 32.399998 35.040001 48.000000
v 32.480000 35.040001 47.919998
v 32.480000 35.119999 48.000000
v 32.480000 35.119999 48.160000
v 32.480000 35.200001 48.239998
v 32.639999 35.119999 49.599998
v 32.639999 35.119999 50.239998
v 32.480000 35.360001 47.119999
v 32.480000 35.279999 49.439999
v 32.480000 35.360001 50.320000
v 32.480000 35.519997 51.119999
v 32.399998 35.520000 46.559998
v 32.480000 35.520000 46.480000
v 32.480000 35.439999 48.320000
v 32.480000 35.599998 46.559998
v 32.480000 35.680000 46.639999
v 32.480000 35.840002 50.320000
v 32.480000 35.680000 50.959999
v 32.480000 35.840000 50.959999
v 32.480000 36.000000 50.320000
v 32.480000 36.000000 50.959999
v 32.480000 36.160000 46.639999
v 32.480000 36.160000 50.160000
v 32.639999 36.080000 50.239996
v 32.399998 36.160000 50.879997
v 32.480000 36.160000 50.959999
v 32.480000 36.320000 50.000000
v 32.480000 36.239998 50.079998
v 32.480000 36.239998 50.879997
v 32.480000 36.320000 50.799999
v 32.480000 36.480000 46.799999
v 32.480000 36.480000 47.279999
v 32.480000 36.480000 49.840000
v 32.480000 36.399998 49.919998
v 32.399998 36.480000 50.719997
v 32.480000 36.480000 50.799999
v 32.480000 36.559998 46.879997
v 32.480000 36.559998 47.039997
v 32.399998 36.639999 47.200001
v 32.480000 36.639999 47.119999
v 32.480000 36.559998 47.360001
v 32.399998 36.639999 47.360001
v 32.480000 36.639999 47.599998
v 32.639999 36.559997 48.320000
v 32.480000 36.559998 48.639999
v 32.480000 36.639999 48.719997
v 32.480000 36.639999 49.680000
v 32.480000 36.559998 49.759998
v 32.480000 36.559998 50.719997
v 32.480000 36.639999 50.639999
v 32.399998 36.799999 47.200001
v 32.480000 36.799999 47.119999
v 32.399998 36.799999 47.360001
v 32.480000 36.719997 47.680000
v 32.480000 36.719997 48.799999
v 32.399998 36.799999 48.959999
v 32.480000 36.799999 48.879997
v 32.399998 36.799999 49.119999
v 32.399998 36.799999 49.279999
v 32.480000 36.719997 49.439999
v 32.480000 36.719997 49.599998
v 32.399998 36.799999 50.559998
v 32.480000 36.799999 50.639999
v 32.399998 36.959999 47.200001
v 32.480000 36.959999 47.119999
v 32.399998 36.959999 47.360001
v 32.480000 36.880001 48.959999
v 32.480000 36.880001 49.119999
v 32.480000 36.880001 49.279999
v 32.480000 36.880001 50.399998
v 32.480000 36.959999 50.320000
v 32.480000 36.880001 50.559998
v 32.480000 37.040001 47.200001
v 32.480000 37.040001 47.360001
v 32.480000 37.119999 47.439999
v 32.480000 37.119999 50.320000
v 32.480000 37.200001 47.520000
v 32.399998 37.279999 47.680000
v 32.480000 37.279999 47.599998
v 32.480000 37.200001 50.079998
v 32.480000 37.279999 50.000000
v 32.480000 37.200001 50.239998
v 32.480000 37.360001 47.680000
v 32.480000 37.360001 49.919998
v 32.480000 37.520000 48.000000
v 32.399998 37.599998 49.119999
v 32.480000 37.520000 49.759998
v 32.480000 37.680000 48.480000
v 32.480000 37.680000 48.639999
v 32.480000 37.680000 48.799999
v 32.480000 37.680000 48.959999
v 32.480000 37.680000 49.119999
v 32.480000 37.680000 49.439999
v 32.559998 33.119999 48.959999
v 32.639999 33.040001 49.439999
v 32.639999 33.040001 49.599998
v 32.639999 33.040001 49.759998
v 32.559998 33.119999 49.919998
v 32.639999 33.119999 49.840000
v 32.559998 33.279999 48.799999
v 32.639999 33.279999 48.879997
v 32.639999 33.200001 48.959999
v 32.639999 33.200001 49.119999
v 32.639999 33.200001 49.279999
v 32.559998 33.279999 49.919998
v 32.639999 33.279999 49.840000
v 32.559998 33.439999 48.480000
v 32.639999 33.439999 48.559998
v 32.639999 33.360001 48.639999
v 32.639999 33.360001 48.799999
v 32.639999 33.360001 49.919998
v 32.559998 33.439999 50.079998
v 32.639999 33.439999 50.000000
v 32.559998 33.599998 48.160000
v 32.639999 33.599998 48.239998
v 32.639999 33.520000 48.320000
v 32.639999 33.520000 48.480000
v 32.639999 33.520000 50.079998
v 32.639999 33.599998 50.160000
v 32.559998 33.759998 47.840000
v 32.639999 33.759998 47.919998
v 32.639999 33.680000 48.000000
v 32.639999 33.680000 48.160000
v 32.639999 33.680000 50.239998
v 32.559998 33.759998 50.399998
v 32.639999 33.759998 50.320000
v 32.559998 33.759998 50.559998
v 32.559998 33.919998 47.039997
v 32.639999 33.919998 47.279999
v 32.639999 33.840000 47.360001
v 32.639999 33.840000 47.520000
v 32.639999 33.840000 47.680000
v 32.639999 33.840000 47.840000
v 32.639999 33.840000 50.399998
v 32.639999 33.840000 50.559998
v 32.559998 33.919998 50.719997
v 32.639999 33.919998 50.639999
v 32.639999 34.079998 46.799999
v 32.639999 34.000000 46.879997
v 32.639999 34.000000 47.039997
v 32.639999 34.000000 47.200001
v 32.639999 34.000000 50.719997
v 32.639999 34.079998 50.799999
v 32.639999 34.239998 46.639999
v 32.639999 34.160000 46.719997
v 32.639999 34.160000 50.879997
v 32.639999 34.239998 50.959999
v 32.639999 34.559998 50.959999
v 32.639999 34.640002 51.040000
v 32.559998 34.719997 51.039997
v 32.639999 34.719997 51.119999
v 32.559998 34.880001 47.200001
v 32.559998 34.880001 47.360001
v 32.559998 34.880001 47.520000
v 32.559998 34.880001 47.680000
v 32.559998 34.880001 47.840000
v 32.639999 34.959999 47.200001
v 32.639999 34.959999 47.680000
v 32.559998 35.040001 47.840000
v 32.639999 35.040001 47.759998
v 32.639999 35.119999 47.840000
v 32.559998 35.200001 48.000000
v 32.639999 35.200010 47.920008
v 32.559998 35.200001 48.160000
v 32.639999 35.200001 49.520000
v 32.639999 35.200001 50.320000
v 32.639999 35.360001 47.119999
v 32.639999 35.279999 48.000000
v 32.559998 35.360001 48.160000
v 32.639999 35.360010 48.080008
v 32.639999 35.279999 49.439999
v 32.639999 35.279999 50.399998
v 32.639999 35.520000 46.480000
v 32.639999 35.439999 48.160000
v 32.320001 35.439999 49.280001
v 32.639999 35.360001 50.480000
v 32.639999 35.599998 46.559998
v 32.639999 35.680000 46.639999
v 32.559998 35.680000 51.039997
v 32.639999 35.680000 51.119999
v 32.639999 35.840000 50.480000
v 32.559998 35.840000 51.039997
v 32.639999 35.840000 51.119999
v 32.639999 36.000000 50.320000
v 32.639999 35.919998 50.399998
v 32.639999 35.919998 51.039997
v 32.639999 36.000000 50.959999
v 32.639999 36.160000 46.639999
v 32.639999 36.160000 50.160000
v 32.639999 36.160000 50.959999
v 32.639999 36.320000 47.279999
v 32.559998 36.320000 50.079998
v 32.639999 36.320000 50.160000
v 32.559998 36.320000 50.879997
v 32.639999 36.320000 50.959999
v 32.639999 36.399998 47.360001
v 32.559998 36.480000 47.360001
v 32.639999 36.480000 47.439999
v 32.559998 36.480000 49.919998
v 32.639999 36.480000 50.000000
v 32.639999 36.399998 50.079998
v 32.639999 36.399998 50.879997
v 32.639999 36.480000 50.799999
v 32.559998 36.639999 46.879997
v 32.639999 36.639999 46.799999
v 32.559998 36.639999 47.039997
v 32.639999 36.639999 47.599998
v 32.639999 36.559998 48.639999
v 32.639999 36.639999 48.719997
v 32.559998 36.639999 49.759998
v 32.639999 36.639999 49.840000
v 32.639999 36.559998 49.919998
v 32.639999 36.559998 50.719997
v 32.639999 36.639999 50.639999
v 32.559998 36.799999 47.039997
v 32.639998 36.823503 46.983502
v 32.639999 36.719997 47.680000
v 32.639999 36.719997 47.840000
v 32.639999 36.800027 49.519973
v 32.639999 36.719997 49.599998
v 32.639999 36.719997 49.759998
v 32.639999 36.799999 50.639999
v 32.639999 36.959999 47.119999
v 32.559998 36.959999 48.959999
v 32.559998 36.959999 49.119999
v 32.559998 36.959999 49.279999
v 32.639999 36.880001 50.559998
v 32.639999 37.040001 47.200001
v 32.639999 37.040001 47.360001
v 32.639999 37.119999 47.439999
v 32.639999 37.040001 49.279999
v 32.639999 37.119999 50.320000
v 32.639999 37.200001 47.520000
v 32.639999 37.279999 47.599998
v 32.559998 37.279999 50.079998
v 32.639999 37.279999 50.160000
v 32.639999 37.200001 50.239998
v 32.639999 37.360001 47.680000
v 32.639999 37.439999 47.759998
v 32.639999 37.439999 50.000000
v 32.639999 37.360001 50.079998
v 32.639999 37.520000 47.840000
v 32.799911 37.520000 49.919910
v 32.639999 37.520000 49.919998
v 32.639999 37.680000 48.320000
v 32.639999 37.680000 48.480000
v 32.639999 37.680000 48.639999
v 32.639999 37.680000 48.799999
v 32.639999 37.680000 48.959999
v 32.639999 37.680000 49.119999
v 32.639999 37.680000 49.279999
v 32.719997 33.119999 49.439999
v 32.719997 33.119999 49.599998
v 32.719997 33.119999 49.759998
v 32.719997 33.279999 48.959999
v 32.799999 33.279999 49.039997
v 32.799999 33.200001 49.119999
v 32.799999 33.200001 49.279999
v 32.799999 33.200001 49.439999
v 32.799999 33.200001 49.599998
v 32.799999 33.200001 49.759998
v 32.799999 33.279999 49.840000
v 32.719997 33.439999 48.639999
v 32.799999 33.439999 48.719997
v 32.799999 33.360001 48.799999
v 32.799999 33.360001 48.959999
v 32.719997 33.439999 49.919998
v 32.799999 33.439999 49.840000
v 32.799999 33.599998 48.239998
v 32.799999 33.520000 48.320000
v 32.799999 33.520000 48.480000
v 32.799885 33.520000 48.639885
v 32.799999 33.520000 49.919998
v 32.719997 33.599998 50.079998
v 32.799999 33.599998 50.000000
v 32.719997 33.759998 48.000000
v 32.799999 33.759998 48.079998
v 32.799999 33.680000 48.160000
v 32.799999 33.680000 50.079998
v 32.719997 33.759998 50.239998
v 32.799999 33.759998 50.160000
v 32.719997 33.919998 47.360001
v 32.799999 34.000000 47.360001
v 32.719997 33.919998 47.680000
v 32.799999 33.919998 47.759998
v 32.799999 33.840000 48.000000
v 32.719997 33.919998 50.239998
v 32.799999 33.919998 50.160000
v 32.719997 33.919998 50.399998
v 32.719997 33.919998 50.559998
v 32.799999 34.079998 46.799999
v 32.799999 34.000000 46.879997
v 32.959999 34.000000 47.039997
v 32.799999 34.000000 47.680000
v 32.799999 34.000000 50.239998
v 32.799999 34.000000 50.399998
v 32.799999 34.000000 50.559998
v 32.719997 34.079998 50.719997
v 32.799999 34.079998 50.639999
v 32.799999 34.239998 46.639999
v 32.799999 34.160000 46.719997
v 32.799999 34.160000 50.719997
v 32.799999 34.160000 50.879997
v 32.799999 34.239998 50.959999
v 32.799999 34.399998 46.480000
v 32.799999 34.320000 46.559998
v 32.799999 34.959999 47.200001
v 32.799999 35.040001 47.119999
v 32.799999 34.959999 47.360001
v 32.799999 34.959999 47.520000
v 32.799999 34.959999 47.680000
v 32.799999 35.040001 47.759998
v 32.799999 35.360001 47.119999
v 32.799999 35.119999 47.840000
v 32.720005 35.200008 49.599998
v 32.719997 35.200001 50.239998
v 32.799999 35.279999 48.000000
v 32.799999 35.279999 49.439999
v 32.799999 35.279999 49.599998
v 32.799999 35.279999 49.759998
v 32.799999 35.279999 49.919998
v 32.799999 35.279999 50.079998
v 32.799999 35.279999 50.239998
v 32.799999 35.279999 50.399998
v 32.799999 35.520000 46.480000
v 32.799999 35.439999 47.200001
v 32.799999 35.520000 47.279999
v 32.799999 35.439999 48.160000
v 32.799999 35.599998 46.559998
v 32.799999 35.680000 46.639999
v 32.799999 35.840000 50.480000
v 32.799999 36.000000 50.320000
v 32.799999 35.919998 50.399998
v 32.719997 36.000000 51.039997
v 32.799999 36.000000 51.119999
v 32.799999 36.160000 46.639999
v 32.799999 36.160000 47.279999
v 32.719997 36.160000 50.239998
v 32.799999 36.160000 50.320000
v 32.719997 36.160000 51.039997
v 32.799999 36.160000 51.119999
v 32.799999 36.239998 47.360001
v 32.719997 36.320000 47.360001
v 32.799999 36.320000 47.439999
v 32.719997 36.320000 50.239998
v 32.799999 36.320000 50.320000
v 32.799999 36.239998 51.039997
v 32.799999 36.320000 50.959999
v 32.799999 36.480000 47.439999
v 32.719997 36.480000 50.079998
v 32.799999 36.480000 50.160000
v 32.799999 36.399998 50.239998
v 32.719997 36.480000 50.879997
v 32.799999 36.480000 50.959999
v 32.639999 36.559998 47.520000
v 32.799999 36.639999 47.599998
v 32.719997 36.639999 48.320000
v 32.719997 36.639999 48.480000
v 32.719997 36.639999 48.639999
v 32.719997 36.639999 49.919998
v 32.799999 36.639999 50.000000
v 32.799999 36.559998 50.079998
v 32.799999 36.559998 50.719997
v 32.799999 36.639999 50.639999
v 32.799999 36.559998 50.879997
v 32.799999 36.719997 47.680000
v 32.719997 36.799999 47.840000
v 32.799999 36.799999 47.759998
v 32.719997 36.799999 48.000000
v 32.719997 36.799999 48.160000
v 32.799999 36.719997 48.320000
v 32.799999 36.719997 48.480000
v 32.799999 36.719997 48.639999
v 32.799999 36.799999 48.719997
v 32.799999 36.799999 49.520000
v 32.799999 36.719997 49.599998
v 32.799999 36.719997 49.759998
v 32.799999 36.719997 49.919998
v 32.799999 36.880001 47.039997
v 32.799999 36.959999 47.119999
v 32.799999 36.880001 47.840000
v 32.799999 36.880001 48.000000
v 32.799999 36.880001 48.160000
v 32.799999 36.959999 48.719997
v 32.799999 36.880001 49.439999
v 32.799999 37.040001 47.200001
v 32.719997 37.119999 47.360001
v 32.799999 37.040001 48.799999
v 33.119999 37.040001 49.279999
v 32.799999 37.119999 50.480000
v 32.799999 37.040001 50.559998
v 32.799999 37.200001 47.360001
v 32.719997 37.279999 47.520000
v 32.799999 37.279999 47.439999
v 32.719997 37.279999 50.239998
v 32.799999 37.279999 50.320000
v 32.799999 37.200001 50.399998
v 32.799999 37.360001 47.520000
v 32.799999 37.360001 47.680000
v 32.799999 37.439999 47.759998
v 32.799999 37.360001 50.079998
v 32.799999 37.439999 50.000000
v 32.799999 37.360001 50.239998
v 32.799999 37.520000 47.840000
v 32.799999 37.520000 48.000000
v 32.799999 37.599998 48.079998
v 32.799999 37.520000 49.919998
v 32.799999 37.680000 48.160000
v 32.799999 37.680000 48.320000
v 32.719997 37.759998 48.480000
v 32.799999 37.759998 48.399998
v 32.799999 37.840000 49.279999
v 32.799999 37.680000 49.439999
v 32.799999 37.680000 49.599998
v 32.799999 37.680000 49.759998
v 32.799999 37.840000 48.480000
v 32.799999 37.840000 49.279999
v 32.880001 33.279999 49.119999
v 32.880001 33.279999 49.279999
v 32.880001 33.279999 49.439999
v 32.880001 33.279999 49.599998
v 32.880001 33.279999 49.759998
v 32.880001 33.439999 48.799999
v 32.959999 33.439999 48.879997
v 32.959999 33.360001 48.959999
v 32.959999 33.360001 49.119999
v 32.959999 33.360001 49.279999
v 32.959999 33.360001 49.439999
v 32.959999 33.439999 49.520000
v 32.880001 33.439999 49.599998
v 32.880001 33.439999 49.759998
v 32.880001 33.599998 48.320000
v 32.880001 33.599998 48.480000
v 32.959999 33.599998 48.559998
v 32.959999 33.520000 49.599998
v 32.959999 33.520000 49.759998
v 32.880001 33.599998 49.919998
v 32.959999 33.599998 49.840000
v 32.880001 33.759998 48.160000
v 32.959999 33.759998 48.239998
v 32.959999 33.680000 48.320000
v 32.959999 33.680000 48.480000
v 32.959999 33.680000 50.079998
v 32.959999 33.759998 50.160000
v 32.880001 33.919998 47.840000
v 32.959999 33.919998 47.919998
v 32.959999 33.840000 48.160000
v 32.959999 33.919998 50.160000
v 32.880001 34.079998 46.879997
v 32.959999 34.079998 46.959999
v 32.959999 34.000000 47.520000
v 32.959999 34.000000 47.840000
v 32.959999 34.000000 50.239998
v 32.959999 34.000000 50.399998
v 32.880001 34.079998 50.559998
v 32.959999 34.079998 50.480000
v 32.959999 34.239998 46.639999
v 32.959999 34.160000 46.719997
v 32.959999 34.160000 46.879997
v 32.959999 34.160000 50.559998
v 32.959999 34.160000 50.719997
v 32.880001 34.239998 50.879997
v 32.959999 34.239998 50.799999
v 32.880001 34.399998 46.559998
v 32.959999 34.399998 46.639999
v 32.959999 34.320000 50.879997
v 32.959999 34.399998 50.959999
v 32.959999 34.559998 46.480000
v 32.959999 34.639999 51.039997
v 33.119999 34.719999 51.119999
v 32.959999 34.880001 46.480000
v 32.959999 35.200001 46.480000
v 32.880001 35.040001 47.200001
v 32.880001 35.040001 47.360001
v 32.880001 35.040001 47.520000
v 32.880001 35.040001 47.680000
v 32.880001 35.200001 47.200001
v 32.959999 35.200001 47.279999
v 32.959999 35.119999 47.360001
v 32.959999 35.119999 47.520000
v 32.959999 35.119999 47.680000
v 32.959999 35.119999 47.840000
v 32.959999 35.200001 47.919998
v 32.880001 35.360001 47.200001
v 32.959999 35.360001 47.279999
v 32.959999 35.279999 48.000000
v 32.959999 35.360001 48.079998
v 32.959999 35.279999 49.439999
v 32.959999 35.360001 49.360001
v 32.959999 35.279999 49.599998
v 32.959999 35.279999 49.759998
v 32.959999 35.279999 49.919998
v 32.959999 35.279999 50.079998
v 32.959999 35.279999 50.239998
v 32.959999 35.279999 50.399998
v 32.959999 35.360001 50.480000
v 32.959999 35.360001 51.119999
v 32.959999 35.439999 48.160000
v 32.959999 35.439999 48.320000
v 32.959999 35.439999 49.119999
v 32.959999 35.439999 49.279999
v 32.880001 35.680000 46.559998
v 32.959999 35.680000 46.480000
v 32.959999 35.680000 51.119999
v 32.959999 35.759998 46.559998
v 32.959999 35.840000 46.639999
v 32.880001 36.000000 50.399998
v 32.959999 36.000000 50.480000
v 32.959999 36.160000 46.639999
v 32.880001 36.160000 50.399998
v 32.959999 36.160000 50.480000
v 32.959999 36.160000 51.119999
v 32.959999 36.239998 47.360001
v 32.880001 36.320000 50.399998
v 32.959999 36.320000 50.480000
v 32.959999 36.239998 51.039997
v 32.959999 36.480000 47.439999
v 32.959999 36.480000 50.160000
v 32.959999 36.399998 50.239998
v 32.959999 36.399998 50.399998
v 32.959999 36.480000 50.959999
v 32.959999 36.639999 47.599998
v 32.959999 36.639999 50.000000
v 32.959999 36.559998 50.079998
v 32.959999 36.559998 50.719997
v 32.959999 36.639999 50.639999
v 32.959999 36.559998 50.879997
v 32.959999 36.719997 47.680000
v 32.959999 36.799999 47.759998
v 32.880001 36.799999 48.320000
v 32.880001 36.799999 48.480000
v 32.880001 36.799999 48.639999
v 32.880001 36.799999 49.599998
v 32.880001 36.799999 49.759998
v 32.959999 36.799999 49.840000
v 32.959999 36.719997 49.919998
v 32.959999 36.799999 50.639999
v 32.959999 36.880001 47.039997
v 32.959999 36.959999 47.119999
v 32.959999 36.880001 47.840000
v 32.959999 36.880001 48.000000
v 32.959999 36.880001 48.160000
v 32.959999 36.880001 48.320000
v 32.959999 36.880001 48.480000
v 32.959999 36.880001 48.639999
v 32.959999 36.959999 48.719997
v 32.880001 36.959999 49.439999
v 32.959999 36.959999 49.520000
v 32.959999 36.880001 49.599998
v 32.959999 36.880001 49.759998
v 32.959999 36.959999 50.639999
v 32.959999 37.040001 47.200001
v 32.799999 37.183591 47.343591
v 32.959999 37.040001 48.799999
v 32.959999 37.040001 49.439999
v 32.880001 37.119999 50.559998
v 32.959999 37.119999 50.639999
v 32.880001 37.279999 50.399998
v 32.959999 37.279999 50.480000
v 32.959999 37.200001 50.559998
v 32.959999 37.360001 47.520000
v 32.880001 37.439999 47.680000
v 32.959999 37.439999 47.599998
v 32.880001 37.439999 50.079998
v 32.880001 37.439999 50.239998
v 32.959999 37.439999 50.320000
v 32.959999 37.360001 50.399998
v 32.959999 37.520000 47.680000
v 32.959999 37.520000 47.840000
v 32.880001 37.599998 48.000000
v 32.959999 37.599998 47.919998
v 32.880001 37.599998 49.919998
v 32.959999 37.599998 50.000000
v 32.959999 37.520000 50.079998
v 32.959999 37.520000 50.239998
v 32.959999 37.680000 48.000000
v 32.959999 37.680000 48.160000
v 32.880001 37.759998 48.320000
v 32.959999 37.759998 48.239998
v 32.880001 37.759998 49.439999
v 32.880001 37.759998 49.599998
v 32.959999 37.759998 49.680000
v 32.959999 37.680000 49.759998
v 32.959999 37.680000 49.919998
v 32.959999 37.840000 48.320000
v 32.959999 37.840000 48.480000
v 32.959999 37.840000 48.639999
v 32.959999 37.840000 48.799999
v 32.959999 37.840000 48.959999
v 32.959999 37.840000 49.119999
v 32.959999 37.840000 49.279999
v 32.959999 37.840000 49.439999
v 32.959999 37.840000 49.599998
v 33.040001 33.439999 48.959999
v 33.040001 33.439999 49.119999
v 33.040001 33.439999 49.279999
v 33.040001 33.439999 49.439999
v 33.040001 33.599998 48.639999
v 33.119999 33.599998 48.719997
v 33.119999 33.520000 48.799999
v 33.119999 33.520000 48.959999
v 33.119999 33.520000 49.119999
v 33.119999 33.520000 49.279999
v 33.119999 33.520000 49.439999
v 33.040001 33.599998 49.759998
v 33.119999 33.599998 49.680000
v 33.040001 33.759998 48.320000
v 33.119999 33.759998 48.399998
v 33.119999 33.680000 48.480000
v 33.119999 33.680000 48.639999
v 33.119999 33.680000 49.759998
v 33.119999 33.680000 49.919998
v 33.119999 33.759998 50.000000
v 33.040001 33.919998 48.000000
v 33.119999 33.919998 48.079998
v 33.119999 33.840000 48.320000
v 33.040001 33.919998 50.079998
v 33.119999 33.919998 50.000000
v 33.040001 34.079998 47.039997
v 33.040001 34.079998 47.200001
v 33.040001 34.079998 47.360001
v 33.040011 34.080009 47.520000
v 33.119999 34.000000 47.680000
v 33.119999 34.000000 48.000000
v 33.040001 34.079998 50.079998
v 33.119999 34.079998 50.000000
v 33.040001 34.079998 50.239998
v 33.040001 34.079998 50.399998
v 33.119999 34.239998 46.639999
v 33.119999 34.160000 46.719997
v 33.119999 34.160000 46.879997
v 33.119999 34.160000 47.039997
v 33.119999 34.160000 47.200001
v 33.119999 34.160000 47.360001
v 33.119999 34.160000 47.520000
v 33.119999 34.160000 50.079998
v 33.119999 34.160000 50.239998
v 33.119999 34.160000 50.399998
v 33.040001 34.239998 50.559998
v 33.119999 34.239998 50.480000
v 33.040001 34.239998 50.719997
v 33.119999 34.320000 50.559998
v 33.119999 34.320000 50.719997
v 33.119999 34.320000 50.879997
v 33.119999 34.399998 50.959999
v 33.119999 34.559998 46.480000
v 33.119999 34.559998 50.959999
v 33.119999 34.719997 46.480000
v 33.040001 34.719997 48.000000
v 33.119999 34.719997 47.919998
v 33.040001 34.719997 48.160000
v 33.040001 34.719997 48.320000
v 33.119999 34.639999 48.320000
v 33.119999 34.719997 48.399998
v 33.040001 35.040001 48.000000
v 33.119999 34.880001 47.919998
v 33.040001 34.880001 48.320000
v 33.119999 34.880001 48.399998
v 33.119999 35.040001 47.919998
v 33.040001 35.040001 48.320000
v 33.119999 35.040001 48.399998
v 33.119999 35.200001 46.320000
v 33.279999 35.119999 47.360001
v 33.119999 35.200001 47.279999
v 33.119999 35.119999 47.840000
v 33.040001 35.200001 48.000000
v 33.040001 35.200001 48.320000
v 33.119999 35.200001 48.399998
v 33.040001 35.360001 48.160000
v 33.040001 35.360001 48.320000
v 33.119999 35.360001 48.399998
v 33.040001 35.360001 49.439999
v 33.040001 35.360001 49.599998
v 33.040001 35.360001 49.759998
v 33.040001 35.360001 49.919998
v 33.040001 35.360001 50.079998
v 33.040001 35.360001 50.239998
v 33.040001 35.360001 50.399998
v 33.119999 35.279999 51.199997
v 33.040001 35.360001 51.199997
v 33.119999 35.360001 51.279999
v 33.119999 35.439999 48.480000
v 33.119999 35.439999 48.799999
v 33.119999 35.439999 48.959999
v 33.040001 35.520000 49.119999
v 33.119999 35.520000 49.039997
v 33.040001 35.520000 49.279999
v 33.040001 35.520000 49.439999
v 33.119999 35.520000 49.520000
v 33.119999 35.439999 49.599998
v 33.119999 35.439999 49.759998
v 33.119999 35.439999 49.919998
v 33.119999 35.439999 50.079998
v 33.119999 35.439999 50.239998
v 33.119999 35.439999 50.399998
v 33.119999 35.520000 50.480000
v 33.040001 35.520000 51.199997
v 33.119999 35.599998 49.119999
v 33.119999 35.599998 49.279999
v 33.119999 35.599998 49.439999
v 33.040001 35.680000 51.199997
v 33.119999 35.759998 46.559998
v 33.119999 35.840000 46.639999
v 33.119999 35.840000 50.480000
v 33.119999 35.840000 51.119999
v 33.119999 36.160000 50.480000
v 33.119999 36.160000 46.639999
v 33.599998 36.160000 47.279999
v 33.119999 36.160000 51.119999
v 33.119999 36.239998 51.039997
v 33.119999 36.480000 47.439999
v 33.040001 36.480000 50.239998
v 33.040001 36.480000 50.399998
v 33.119999 36.480000 50.480000
v 33.119999 36.480000 50.959999
v 33.119999 36.639999 47.599998
v 33.040001 36.639999 50.079998
v 33.119999 36.639999 50.160000
v 33.119999 36.559998 50.239998
v 33.119999 36.559998 50.399998
v 33.040001 36.639999 50.719997
v 33.040001 36.639999 50.879997
v 33.119999 36.639999 50.959999
v 33.119999 36.719997 47.680000
v 33.119999 36.799999 47.759998
v 33.040001 36.799999 49.919998
v 33.119999 36.799999 50.000000
v 33.119999 36.719997 50.079998
v 33.040001 36.799999 50.719997
v 33.040001 36.799999 50.879997
v 33.119999 36.799999 50.959999
v 33.119999 36.880001 47.039997
v 33.119999 36.880001 47.840000
v 33.119999 36.880001 48.000000
v 33.040001 36.959999 48.160000
v 33.119999 36.959999 48.079998
v 33.040001 36.959999 48.320000
v 33.040001 36.959999 48.480000
v 33.040001 36.959999 48.639999
v 33.040001 36.959999 49.599998
v 33.119999 36.959999 49.680000
v 33.119999 36.880001 49.759998
v 33.119999 36.880001 49.919998
v 33.040001 36.959999 50.719997
v 33.119999 36.959999 50.799999
v 33.119999 36.880001 50.879997
v 33.119999 37.040001 47.200001
v 33.119999 37.040001 48.160000
v 33.119999 37.040001 48.320000
v 33.119999 37.040001 48.480000
v 33.119999 37.040001 48.639999
v 33.119999 37.040001 48.799999
v 33.119999 37.040001 48.959999
v 33.119999 37.040001 49.119999
v 33.119999 37.040001 49.599998
v 33.119999 37.040001 50.719997
v 33.119999 37.119999 50.639999
v 33.119999 37.279999 47.439999
v 33.040001 37.279999 50.559998
v 33.119999 37.279999 50.639999
v 33.119999 37.360001 47.520000
v 33.119999 37.439999 47.599998
v 33.040001 37.439999 50.399998
v 33.119999 37.439999 50.480000
v 33.119999 37.360001 50.559998
v 33.119999 37.520000 47.680000
v 33.040001 37.599998 47.840000
v 33.119999 37.599998 47.759998
v 33.040001 37.599998 50.079998
v 33.040001 37.599998 50.239998
v 33.119998 37.559968 50.360031
v 33.119999 37.680000 47.840000
v 33.119999 37.680000 48.000000
v 33.040001 37.759998 48.160000
v 33.119999 37.759998 48.079998
v 33.040001 37.759998 49.759998
v 33.040001 37.759998 49.919998
v 33.040001 37.759998 50.079998
v 33.119999 37.759998 50.160000
v 33.119999 37.680000 50.239998
v 33.119999 37.840000 48.160000
v 33.119999 37.840000 48.320000
v 33.119999 37.840000 48.480000
v 33.040001 37.919998 48.639999
v 33.119999 37.919998 48.559998
v 33.040001 37.919998 48.799999
v 33.040001 37.919998 48.959999
v 33.040001 37.919998 49.119999
v 33.040001 37.919998 49.279999
v 33.040001 37.919998 49.439999
v 33.040001 37.919998 49.599998
v 33.119999 37.919998 49.680000
v 33.119999 37.840000 49.759998
v 33.119999 37.840000 49.919998
v 33.119999 37.840000 50.079998
v 33.119999 38.000000 48.639999
v 33.119999 38.000000 48.799999
v 33.119999 38.000000 48.959999
v 33.119999 38.000000 49.119999
v 33.119999 38.000000 49.279999
v 33.119999 38.000000 49.439999
v 33.119999 38.000000 49.599998
v 33.200001 33.599998 48.799999
v 33.279999 33.599998 48.879997
v 33.279999 33.520000 48.959999
v 33.279999 33.520000 49.119999
v 33.279999 33.520000 49.279999
v 33.279999 33.520000 49.439999
v 33.200001 33.599998 49.599998
v 33.279999 33.599998 49.520000
v 33.200001 33.759998 48.480000
v 33.279999 33.759998 48.559998
v 33.279999 33.680000 48.639999
v 33.279999 33.680000 48.799999
v 33.200001 33.759998 49.759998
v 33.279999 33.759998 49.680000
v 33.200001 33.759998 49.919998
v 33.200001 33.919998 48.160000
v 33.279999 33.919998 48.239998
v 33.279999 33.840000 48.320000
v 33.279999 33.840000 48.480000
v 33.279946 33.839982 49.760033
v 33.279999 33.919998 49.840000
v 33.200001 33.919998 49.919998
v 33.200001 34.079998 47.680000
v 33.279999 34.079998 47.759998
v 33.279999 34.000000 47.840000
v 33.279999 34.000000 48.160000
v 33.279999 34.000000 49.919998
v 33.279999 34.079998 50.000000
v 33.279999 34.239998 46.639999
v 33.279999 34.160000 46.719997
v 33.279999 34.160000 46.879997
v 33.279999 34.160000 47.039997
v 33.279999 34.160000 47.200001
v 33.279999 34.160000 47.360001
v 33.279999 34.160000 47.520000
v 33.279999 34.160000 47.680000
v 33.279999 34.160000 50.079998
v 33.279999 34.160000 50.239998
v 33.279999 34.160000 50.399998
v 33.279999 34.239998 50.480000
v 33.279999 34.399998 46.639999
v 33.279999 34.320000 50.559998
v 33.200001 34.399998 50.719997
v 33.279999 34.399998 50.639999
v 33.200001 34.399998 50.879997
v 33.279999 34.559998 46.480000
v 33.279999 34.480000 50.719997
v 33.279999 34.480000 50.879997
v 33.279999 34.559998 50.959999
v 33.279999 34.719997 46.480000
v 33.599998 34.639999 48.000000
v 33.279999 34.719997 47.919998
v 33.200001 34.719997 48.480000
v 33.279999 34.639999 48.480000
v 33.279999 34.719997 48.559998
v 33.200001 34.719997 51.039997
v 33.279999 34.719997 50.959999
v 33.119999 34.880000 46.320000
v 33.279999 34.799999 46.399998
v 33.279999 34.880001 47.919998
v 33.200001 34.880001 48.480000
v 33.279999 34.880001 48.559998
v 33.279999 34.799999 51.039997
v 33.279999 35.040001 47.919998
v 33.200001 35.040001 48.480000
v 33.279999 35.040001 48.559998
v 33.119999 35.200001 51.119999
v 33.279999 35.200001 47.279999
v 33.279999 35.119999 47.680000
v 33.279999 35.119999 47.840000
v 33.200001 35.200001 48.480000
v 33.279999 35.200001 48.559998
v 33.279999 35.360001 46.320000
v 33.200001 35.360001 48.480000
v 33.279999 35.360001 48.559998
v 33.279999 35.279999 51.199997
v 33.279999 35.360001 51.279999
v 33.279999 35.439999 48.639999
v 33.200001 35.520000 48.799999
v 33.279999 35.520000 48.719997
v 33.200001 35.520000 48.959999
v 33.279999 35.439999 49.599998
v 33.279999 35.520000 49.520000
v 33.279999 35.439999 49.759998
v 33.279999 35.439999 49.919998
v 33.279999 35.439999 50.079998
v 33.279999 35.439999 50.239998
v 33.279999 35.439999 50.399998
v 33.279999 35.520000 50.480000
v 33.279999 35.680000 46.480000
v 33.279999 35.599998 48.799999
v 33.279999 35.599998 48.959999
v 33.279999 35.599998 49.119999
v 33.279999 35.599998 49.279999
v 33.279999 35.599998 49.439999
v 33.279999 35.680000 50.480000
v 33.279999 35.759998 46.559998
v 33.279999 35.840000 46.639999
v 33.279999 35.759998 50.559998
v 33.200005 35.840000 50.560002
v 33.279999 35.840000 50.639999
v 33.200001 35.840000 51.199997
v 33.279999 36.000000 50.639999
v 33.279999 36.000000 51.119999
v 33.279999 36.160000 46.639999
v 33.200001 36.160000 50.559998
v 33.279999 36.160000 50.639999
v 33.279999 36.160000 51.119999
v 33.439999 36.320000 47.439999
v 33.279999 36.320000 50.480000
v 33.279999 36.239998 50.559998
v 33.200001 36.320000 51.039997
v 33.279999 36.320000 51.119999
v 33.279999 36.480000 47.439999
v 33.279999 36.480000 50.480000
v 33.200001 36.480000 51.039997
v 33.279999 36.480000 51.119999
v 33.279999 36.559998 47.520000
v 33.279999 36.639999 47.599998
v 33.200001 36.639999 50.239998
v 33.279999 36.639999 50.320000
v 33.279999 36.559998 50.399998
v 33.279999 36.559998 51.039997
v 33.279999 36.639999 50.959999
v 33.279999 36.719997 47.680000
v 33.279999 36.799999 47.759998
v 33.279999 36.799999 50.000000
v 33.279999 36.719997 50.079998
v 33.279999 36.719997 50.239998
v 33.279999 36.799999 50.959999
v 33.279999 36.880001 47.039997
v 33.279999 36.880001 47.840000
v 33.200001 36.959999 48.000000
v 33.279999 36.959999 47.919998
v 33.200001 36.959999 49.759998
v 33.200001 36.959999 49.919998
v 33.279999 36.959999 50.000000
v 33.200001 36.959999 50.879997
v 33.279999 36.959999 50.959999
v 33.279999 37.040001 48.000000
v 33.279999 37.040001 48.160000
v 33.279999 37.040001 48.320000
v 33.279999 37.040001 48.480000
v 33.279999 37.040001 48.639999
v 33.279999 37.040001 48.799999
v 33.200001 37.119999 48.959999
v 33.279999 37.119999 48.879997
v 33.200001 37.119999 49.119999
v 33.200001 37.119999 49.279999
v 33.279999 37.119999 49.360001
v 33.279999 37.040001 49.439999
v 33.279999 37.040001 49.599998
v 33.279999 37.040001 49.759998
v 33.279999 37.040001 49.919998
v 33.200001 37.119999 50.719997
v 33.279999 37.119999 50.799999
v 33.279999 37.040001 50.879997
v 33.279999 37.279999 47.439999
v 33.279999 37.200001 48.959999
v 33.279999 37.200001 49.119999
v 33.279999 37.200001 49.279999
v 33.279999 37.200001 50.719997
v 33.279999 37.279999 50.639999
v 33.279999 37.360001 47.520000
v 33.279999 37.439999 47.599998
v 33.279999 37.360001 50.559998
v 33.279999 37.439999 50.480000
v 33.279999 37.520000 47.680000
v 33.279999 37.599998 47.759998
v 33.279999 37.520000 50.399998
v 33.279999 37.599998 50.320000
v 33.279999 37.680000 47.840000
v 33.200001 37.759998 48.000000
v 33.279999 37.680000 50.239998
v 33.279999 37.759998 50.160000
v 33.279999 37.840000 48.000000
v 33.279999 37.840000 48.160000
v 33.200001 37.919998 48.320000
v 33.279999 37.919998 48.239998
v 33.200001 37.919998 48.480000
v 33.279999 37.840000 49.759998
v 33.279999 37.919998 49.680000
v 33.279999 37.840000 49.919998
v 33.279999 37.840000 50.079998
v 33.279999 38.000000 48.320000
v 33.279999 38.000000 48.480000
v 33.279999 38.000000 48.639999
v 33.279999 38.000000 48.799999
v 33.279999 38.000000 48.959999
v 33.279999 38.000000 49.119999
v 33.279999 38.000000 49.439999
v 33.279999 38.000000 49.599998
v 33.360001 33.599998 48.959999
v 33.360001 33.599998 49.119999
v 33.360001 33.599998 49.279999
v 33.360001 33.599998 49.439999
v 33.360001 33.759998 48.639999
v 33.439999 33.759998 48.719997
v 33.439999 33.680000 48.799999
v 33.439999 33.680000 48.959999
v 33.439999 33.680000 49.119999
v 33.439999 33.680000 49.279999
v 33.439999 33.680000 49.439999
v 33.360001 33.759998 49.599998
v 33.439999 33.759998 49.520000
v 33.439999 33.920002 48.239994
v 33.439999 33.840000 48.320000
v 33.439999 33.840000 48.639999
v 33.360001 33.919998 49.759998
v 33.439999 33.919998 49.680000
v 33.439999 34.079998 47.759998
v 33.439999 34.000000 47.840000
v 33.439999 34.000000 48.000000
v 33.439999 34.000000 48.160000
v 33.439999 34.000000 49.759998
v 33.439999 34.000000 49.919998
v 33.439999 34.079998 50.000000
v 33.360001 34.239998 46.719997
v 33.360001 34.239998 46.879997
v 33.360001 34.239998 47.039997
v 33.360001 34.239998 47.200001
v 33.439999 34.239998 47.279999
v 33.439999 34.160000 47.360001
v 33.439999 34.160000 47.520000
v 33.439999 34.160000 47.680000
v 33.439999 34.160000 50.079998
v 33.439999 34.160000 50.239998
v 33.360001 34.239998 50.399998
v 33.439999 34.239998 50.320000
v 33.439999 34.399998 46.639999
v 33.439999 34.320000 46.719997
v 33.439999 34.320000 46.879997
v 33.439999 34.320000 47.039997
v 33.439999 34.320000 47.200001
v 33.439999 34.320000 50.399998
v 33.360001 34.399998 50.559998
v 33.439999 34.399998 50.480000
v 33.439999 34.559998 46.480000
v 33.439999 34.480000 50.559998
v 33.439999 34.480000 50.719997
v 33.360001 34.559998 50.879997
v 33.439999 34.559998 50.799999
v 33.439999 34.719997 46.480000
v 33.439999 34.719997 47.919998
v 33.439999 34.639999 48.480000
v 33.439999 34.719997 48.559998
v 33.439999 34.639999 50.879997
v 33.439999 34.719997 50.959999
v 33.439999 34.799999 46.399998
v 33.360001 34.880001 47.840000
v 33.439999 34.799999 47.840000
v 33.439999 34.880001 47.759998
v 33.439999 34.799999 48.639999
v 33.360001 34.880001 48.639999
v 33.439999 34.880001 48.719997
v 33.439999 34.802026 51.042024
v 33.439999 34.880001 51.119999
v 33.360001 35.040001 47.840000
v 33.439999 35.040001 47.759998
v 33.360001 35.040001 48.639999
v 33.439999 35.040001 48.719997
v 33.360001 35.200001 47.360001
v 33.360001 35.200001 47.520000
v 33.360001 35.200001 47.680000
v 33.439999 35.200001 47.759998
v 33.360001 35.200001 48.639999
v 33.439999 35.200001 48.719997
v 33.360001 35.360001 47.520000
v 33.360001 35.360001 47.680000
v 33.439999 35.360001 47.759998
v 33.360001 35.360001 48.639999
v 33.439999 35.360001 48.719997
v 33.439999 35.279999 51.199997
v 33.439999 35.360001 51.279999
v 33.439999 35.520000 46.320000
v 33.360001 35.520000 47.360001
v 33.360001 35.520000 47.680000
v 33.439999 35.520000 47.759998
v 33.439999 35.520000 48.719997
v 33.360001 35.520000 49.599998
v 33.360001 35.520000 50.399998
v 33.439999 35.599998 46.399998
v 33.439999 35.680000 46.480000
v 33.439999 35.599998 47.360001
v 33.439999 35.599998 47.680000
v 33.439999 35.599998 48.799999
v 33.360001 35.680000 48.959999
v 33.439999 35.680000 48.879997
v 33.360001 35.680000 49.119999
v 33.360001 35.680000 49.279999
v 33.439999 35.680000 49.360001
v 33.439999 35.599998 49.439999
v 33.439999 35.599998 49.599998
v 33.439999 35.599998 50.239998
v 33.439999 35.599998 50.399998
v 33.439999 35.680000 50.480000
v 33.439999 35.840000 46.480000
v 33.439999 35.759998 48.959999
v 33.439999 35.759998 49.119999
v 33.439999 35.759998 49.279999
v 33.439999 35.759998 50.559998
v 33.439999 35.840000 50.639999
v 33.360001 36.000000 51.199997
v 33.360001 36.160000 51.199997
v 33.439999 36.320000 46.799999
v 33.439999 36.239998 50.559998
v 33.439999 36.239998 51.199997
v 33.439999 36.320000 51.119999
v 33.439999 36.400002 47.520005
v 33.360001 36.480000 47.520000
v 33.439999 36.480000 47.599998
v 33.439999 36.480000 50.480000
v 33.439999 36.480000 51.119999
v 33.439999 36.639999 47.599998
v 33.439999 36.639999 50.320000
v 33.360001 36.639999 51.039997
v 33.439999 36.639999 51.119999
v 33.439999 36.719997 47.680000
v 33.439999 36.799999 47.759998
v 33.360001 36.799999 50.079998
v 33.439999 36.799999 50.160000
v 33.439999 36.719997 50.239998
v 33.360001 36.799999 51.039997
v 33.439999 36.799999 51.119999
v 33.439999 36.880001 47.039997
v 33.599998 36.959999 47.119999
v 33.439999 36.959999 50.000000
v 33.439999 36.880001 50.079998
v 33.439999 36.880001 51.039997
v 33.439999 36.959999 50.959999
v 33.439999 37.040001 48.000000
v 33.360001 37.119999 48.160000
v 33.439999 37.119999 48.079998
v 33.360001 37.119999 48.320000
v 33.360001 37.119999 48.480000
v 33.360001 37.119999 48.639999
v 33.360001 37.119999 48.799999
v 33.360001 37.119999 49.439999
v 33.360001 37.119999 49.599998
v 33.360001 37.119999 49.759998
v 33.439999 37.119999 49.840000
v 33.439999 37.040001 49.919998
v 33.439999 37.040001 50.879997
v 33.439999 37.119999 50.799999
v 33.360001 37.279999 47.360001
v 33.439999 37.279999 47.279999
v 33.439999 37.200001 48.160000
v 33.439999 37.200001 48.320000
v 33.439999 37.200001 48.480000
v 33.439999 37.200001 48.639999
v 33.439999 37.200001 48.799999
v 33.439999 37.200001 49.439999
v 33.439999 37.200001 49.599998
v 33.439999 37.200001 49.759998
v 33.360001 37.279999 50.719997
v 33.439999 37.279999 50.799999
v 33.439999 37.360001 47.360001
v 33.439999 37.360001 47.520000
v 33.439999 37.439999 47.599998
v 33.360001 37.439999 50.559998
v 33.439999 37.439999 50.639999
v 33.439999 37.360001 50.719997
v 33.439999 37.520000 47.680000
v 33.439999 37.599998 47.759998
v 33.360001 37.599998 50.399998
v 33.439999 37.599998 50.480000
v 33.439999 37.520000 50.559998
v 33.439999 37.680000 47.840000
v 33.439999 37.759998 47.919998
v 33.360001 37.759998 50.239998
v 33.439999 37.759998 50.320000
v 33.439999 37.680000 50.399998
v 33.439999 37.840000 48.000000
v 33.439999 37.840000 48.160000
v 33.439999 37.919998 48.239998
v 33.360001 37.919998 49.759998
v 33.360001 37.919998 49.919998
v 33.439999 37.919998 50.000000
v 33.439999 37.840000 50.079998
v 33.439999 37.840000 50.239998
v 33.439999 38.000000 48.320000
v 33.439999 38.000000 48.480000
v 33.360001 38.079998 48.639999
v 33.439999 38.079998 48.559998
v 33.360001 38.079998 48.799999
v 33.360001 38.079998 48.959999
v 33.360001 38.079998 49.119999
v 33.360001 38.079998 49.439999
v 33.360001 38.079998 49.599998
v 33.439999 38.079998 49.680000
v 33.439999 38.000000 49.759998
v 33.439999 38.000000 49.919998
v 33.439999 38.160000 48.639999
v 33.439999 38.160000 48.799999
v 33.439999 38.160000 48.959999
v 33.439999 38.160000 49.119999
v 33.439999 38.160000 49.279999
v 33.439999 38.160000 49.439999
v 33.439999 38.160000 49.599998
v 33.520000 33.759998 48.799999
v 33.520000 33.759998 48.959999
v 33.520000 33.759998 49.119999
v 33.520000 33.759998 49.279999
v 33.520000 33.759998 49.439999
v 33.599998 33.840000 48.799999
v 33.599998 33.840000 48.959999
v 33.599998 33.840000 49.119999
v 33.599998 33.840000 49.279999
v 33.599998 33.840000 49.439999
v 33.520000 33.919998 49.599998
v 33.599998 33.919998 49.520000
v 33.520000 34.079998 47.840000
v 33.520000 34.079998 48.000000
v 33.599998 34.079998 48.079998
v 33.599998 34.000000 49.599998
v 33.520000 34.079998 49.759998
v 33.599998 34.079998 49.680000
v 33.520000 34.079998 49.919998
v 33.520000 34.239998 47.360001
v 33.599998 34.239998 47.439999
v 33.599998 34.160000 47.520000
v 33.599998 34.160000 47.680000
v 33.599998 34.160000 47.840000
v 33.599998 34.160000 48.000000
v 33.599998 34.160000 49.759998
v 33.599998 34.160000 49.919998
v 33.599998 34.160000 50.079998
v 33.520000 34.239998 50.239998
v 33.599998 34.239998 50.160000
v 33.759999 34.320000 46.719997
v 33.599998 34.320000 47.360001
v 33.520000 34.399998 50.239998
v 33.599998 34.399998 50.160000
v 33.520000 34.399998 50.399998
v 33.599998 34.559998 46.480000
v 33.599998 34.480000 50.239998
v 33.599998 34.480000 50.399998
v 33.599998 34.480000 50.559998
v 33.599998 34.480000 50.719997
v 33.599998 34.559998 50.799999
v 33.599998 34.719997 46.480000
v 33.599998 34.719997 47.919998
v 33.599998 34.639999 48.320000
v 33.599998 34.639999 48.480000
v 33.599998 34.719997 48.559998
v 33.599998 34.639999 50.879997
v 33.599998 34.719997 50.959999
v 33.599998 34.799999 46.399998
v 33.599998 34.799999 47.840000
v 33.599998 34.799999 48.639999
v 33.599998 34.880001 48.719997
v 33.599998 34.880001 50.959999
v 33.599998 35.040001 48.719997
v 33.599998 34.959999 51.039997
v 33.599998 35.040001 51.119999
v 33.599998 35.200001 48.719997
v 33.599998 35.200001 51.119999
v 33.599998 35.360001 48.719997
v 33.599998 35.279999 51.199997
v 33.599998 35.360001 51.279999
v 33.599998 35.520000 46.320000
v 33.599998 35.520000 48.719997
v 33.599998 35.599998 46.399998
v 33.599998 35.680000 46.480000
v 33.520000 35.680000 47.360001
v 33.520000 35.680000 47.520000
v 33.520000 35.680000 47.680000
v 33.599998 35.680000 47.759998
v 33.599998 35.599998 48.799999
v 33.599998 35.680000 48.879997
v 33.520000 35.680000 49.439999
v 33.599998 35.680000 49.520000
v 33.599998 35.599998 49.599998
v 33.599998 35.599998 49.759998
v 33.599998 35.599998 49.919998
v 33.599998 35.599998 50.079998
v 33.520000 35.680000 50.239998
v 33.599998 35.680000 50.160000
v 33.520000 35.680000 50.399998
v 33.599998 35.759998 47.360001
v 33.599998 35.840000 47.279999
v 33.599998 35.759998 47.520000
v 33.599998 35.759998 47.680000
v 33.599998 35.759998 48.959999
v 33.599998 35.759998 49.119999
v 33.599998 35.759998 49.279999
v 33.599998 35.759998 49.439999
v 33.599998 35.759998 50.239998
v 33.599998 35.759998 50.399998
v 33.599998 35.759998 50.559998
v 33.599998 35.840000 50.639999
v 33.439999 36.000000 51.279999
v 33.599998 36.320000 46.639999
v 33.599998 36.239998 47.360001
v 33.599998 36.320000 47.439999
v 33.599998 36.320000 50.480000
v 33.599998 36.239998 50.559998
v 33.520000 36.320000 51.199997
v 33.599998 36.399998 46.719997
v 33.599998 36.480000 46.799999
v 33.599998 36.480000 47.599998
v 33.599998 36.480000 50.480000
v 33.520000 36.480000 51.199997
v 33.599998 36.639999 47.599998
v 33.599998 36.639999 50.320000
v 33.599998 36.559998 51.199997
v 33.599998 36.639999 51.119999
v 33.599998 36.719997 47.680000
v 33.599998 36.799999 47.759998
v 33.599998 36.799999 50.160000
v 33.599998 36.719997 50.239998
v 33.599998 36.799999 51.119999
v 33.599998 36.880001 47.039997
v 33.520000 36.959999 50.079998
v 33.599998 36.959999 50.160000
v 33.520000 36.959999 51.039997
v 33.599998 36.959999 51.119999
v 33.599998 37.119999 47.279999
v 33.759998 37.200001 48.160000
v 33.520000 37.119999 49.919998
v 33.599998 37.119999 50.000000
v 33.599998 37.040001 50.079998
v 33.520000 37.119999 50.879997
v 33.599998 37.119999 50.959999
v 33.599998 37.040001 51.039997
v 33.759998 37.279999 47.279999
v 33.599998 37.200001 49.919998
v 33.599998 37.200001 50.879997
v 33.599998 37.279999 50.799999
v 33.599998 37.360001 47.360001
v 33.599998 37.360001 47.520000
v 33.599998 37.439999 47.599998
v 33.520000 37.439999 50.719997
v 33.599998 37.439999 50.799999
v 33.520000 37.599998 47.680000
v 33.599998 37.599998 47.599998
v 33.520000 37.599998 50.559998
v 33.599998 37.599998 50.639999
v 33.599998 37.520000 50.719997
v 33.599998 37.680000 47.680000
v 33.599998 37.680000 47.840000
v 33.599998 37.759998 47.919998
v 33.599998 37.680000 50.399998
v 33.599998 37.759998 50.320000
v 33.599998 37.680000 50.559998
v 33.599998 37.840000 48.000000
v 33.520000 37.919998 48.160000
v 33.599998 37.919998 48.079998
v 33.520000 37.919998 50.079998
v 33.520000 37.919998 50.239998
v 33.599998 37.919998 50.320000
v 33.599998 38.000000 48.160000
v 33.599998 38.000000 48.320000
v 33.520000 38.079998 48.480000
v 33.599998 38.079998 48.399998
v 33.520000 38.079998 49.759998
v 33.599998 38.079998 49.840000
v 33.599998 38.000000 49.919998
v 33.599998 38.000000 50.079998
v 33.599998 38.000000 50.239998
v 33.599998 38.160000 48.480000
v 33.599998 38.160000 48.639999
v 33.520000 38.239998 48.799999
v 33.599998 38.239998 48.719997
v 33.520000 38.239998 48.959999
v 33.520000 38.239998 49.119999
v 33.599998 38.239998 49.200001
v 33.599998 38.160000 49.279999
v 33.599998 38.160000 49.439999
v 33.599998 38.160000 49.599998
v 33.599998 38.160000 49.759998
v 33.599998 38.320000 48.799999
v 33.599998 38.320000 48.959999
v 33.599998 38.320000 49.119999
v 33.759998 33.840000 48.639999
v 33.759998 33.840000 48.799999
v 33.759998 33.840000 48.959999
v 33.759998 33.840000 49.119999
v 33.759998 33.840000 49.279999
v 33.680000 33.919998 49.439999
v 33.759998 33.919998 49.360001
v 33.680000 34.079998 48.160000
v 33.759998 34.079998 48.239998
v 33.759998 34.000000 48.320000
v 33.759998 34.000000 48.480000
v 33.759998 34.000000 49.439999
v 33.759998 34.000000 49.599998
v 33.759998 34.079998 49.680000
v 33.759998 34.239998 47.439999
v 33.759998 34.160000 47.520000
v 33.759998 34.160000 47.680000
v 33.759998 34.160000 47.840000
v 33.759998 34.160000 48.000000
v 33.759998 34.160000 48.160000
v 33.680000 34.239998 49.759998
v 33.759998 34.239998 49.680000
v 33.680000 34.239998 49.919998
v 33.680000 34.239998 50.079998
v 33.759998 34.320000 47.360001
v 33.759998 34.320000 49.759998
v 33.759998 34.320000 49.919998
v 33.759998 34.320000 50.079998
v 33.759998 34.399998 50.160000
v 33.759998 34.559998 46.480000
v 33.759998 34.480000 46.559998
v 33.759998 34.480000 50.239998
v 33.759998 34.480000 50.399998
v 33.759998 34.480000 50.559998
v 33.680000 34.559998 50.719997
v 33.759998 34.559998 50.639999
v 33.759998 34.719997 46.480000
v 33.680000 34.719997 48.000000
v 33.680000 34.719997 48.160000
v 33.680000 34.719997 48.320000
v 33.680000 34.719997 48.480000
v 33.759998 34.639999 50.719997
v 33.759998 34.719997 50.799999
v 33.759998 34.799999 46.399998
v 33.919998 34.880001 47.759998
v 33.759998 34.799999 48.000000
v 33.759998 34.799999 48.160000
v 33.759998 34.799999 48.320000
v 33.759998 34.799999 48.480000
v 33.759998 34.799999 48.639999
v 33.759998 34.880001 48.719997
v 33.759998 34.799999 50.879997
v 33.759998 34.880001 50.959999
v 33.759998 34.959999 48.799999
v 33.680000 35.040001 48.799999
v 33.759998 35.040001 48.879997
v 33.759998 35.200001 51.119999
v 33.759998 35.279999 51.199997
v 33.759998 35.360001 51.279999
v 33.759998 35.520000 48.719997
v 33.680000 35.680000 46.399998
v 33.759998 35.680000 46.320000
v 33.759998 35.680000 47.759998
v 33.680000 35.680000 48.799999
v 33.759998 35.680000 48.719997
v 33.680000 35.680000 49.599998
v 33.680000 35.680000 50.079998
v 33.759998 35.759998 46.399998
v 33.759998 35.840000 46.480000
v 33.680000 35.840000 47.360001
v 33.680000 35.840000 47.520000
v 33.759998 35.840000 47.599998
v 33.759998 35.759998 47.680000
v 33.680000 35.840000 48.799999
v 33.759998 35.840000 48.719997
v 33.680000 35.840000 48.959999
v 33.680000 35.840000 49.119999
v 33.680000 35.840000 49.279999
v 33.759998 35.840000 49.360001
v 33.759998 35.759998 49.439999
v 33.759998 35.759998 49.599998
v 33.759998 35.759998 50.079998
v 33.680000 35.840000 50.239998
v 33.759998 35.840000 50.160000
v 33.680000 35.840000 50.399998
v 33.680000 35.840000 50.559998
v 33.680000 36.000000 47.360001
v 33.759998 36.000000 47.439999
v 33.759998 35.919998 47.520000
v 33.759998 35.919998 48.799999
v 33.759998 35.919998 48.959999
v 33.759998 35.919998 49.119999
v 33.759998 35.919998 49.279999
v 33.759998 35.919998 50.239998
v 33.759998 35.919998 50.399998
v 33.680000 36.000000 50.559998
v 33.759998 36.000000 50.480000
v 33.439999 36.160000 46.639999
v 33.680000 36.160000 47.360001
v 33.759998 36.160000 47.439999
v 33.759998 36.320000 46.639999
v 33.759998 36.320000 47.439999
v 33.919998 36.480000 46.799999
v 33.759998 36.480000 47.599998
v 33.759998 36.480000 50.480000
v 33.759998 36.639999 47.599998
v 33.759998 36.639999 50.320000
v 33.759998 36.559998 50.399998
v 33.680000 36.639999 51.199997
v 33.759998 36.639999 51.279999
v 33.759998 36.719997 47.680000
v 33.759998 36.799999 47.759998
v 33.680000 36.799999 50.239998
v 33.759998 36.719997 51.199997
v 33.759998 36.799999 51.119999
v 33.759998 36.880001 47.039997
v 33.759998 36.959999 50.160000
v 33.759998 36.880001 50.239998
v 33.759998 36.959999 51.119999
v 33.680000 37.119999 47.200001
v 33.759998 37.119999 47.119999
v 33.759998 37.040001 50.079998
v 33.680000 37.119999 51.039997
v 33.759998 37.119999 51.119999
v 33.759998 37.200001 47.200001
v 33.759998 37.200001 48.320000
v 33.759998 37.200001 49.279999
v 33.680000 37.279999 50.879997
v 33.759998 37.279999 50.959999
v 33.759998 37.200001 51.039997
v 33.759998 37.360001 47.360001
v 33.680000 37.439999 47.520000
v 33.759998 37.439999 47.439999
v 33.680000 37.439999 50.879997
v 33.759998 37.439999 50.959999
v 33.759998 37.520000 47.520000
v 33.759998 37.599998 47.599998
v 33.759998 37.520000 50.719997
v 33.759998 37.599998 50.639999
v 33.759998 37.520000 50.879997
v 33.759998 37.680000 47.680000
v 33.680000 37.759998 47.840000
v 33.759998 37.759998 47.759998
v 33.680000 37.759998 50.399998
v 33.680000 37.759998 50.559998
v 33.759998 37.759998 50.639999
v 33.759998 37.840000 47.840000
v 33.680000 37.919998 48.000000
v 33.759998 37.919998 47.919998
v 33.759998 37.840000 50.399998
v 33.759998 37.919998 50.320000
v 33.759998 37.840000 50.559998
v 33.759998 38.000000 48.000000
v 33.759998 38.000000 48.160000
v 33.680000 38.079998 48.320000
v 33.759998 38.079998 48.239998
v 33.680000 38.079998 49.919998
v 33.680000 38.079998 50.079998
v 33.759998 38.079998 50.160000
v 33.759998 38.000000 50.239998
v 33.759998 38.160000 48.320000
v 33.759998 38.160000 48.480000
v 33.680000 38.239998 48.639999
v 33.759998 38.239998 48.559998
v 33.680000 38.239998 49.279999
v 33.680000 38.239998 49.439999
v 33.680000 38.239998 49.599998
v 33.759998 38.239998 49.680000
v 33.759998 38.160000 49.759998
v 33.759998 38.160000 49.919998
v 33.759998 38.160000 50.079998
v 33.759998 38.320000 48.639999
v 33.919998 38.320000 48.639999
v 33.759998 38.320000 49.279999
v 33.759998 38.320000 49.439999
v 33.759998 38.320000 49.599998
v 33.840000 33.919998 48.639999
v 33.840000 33.919998 48.799999
v 33.840000 33.919998 48.959999
v 33.840000 33.919998 49.119999
v 33.840000 33.919998 49.279999
v 33.919998 34.079998 48.239998
v 33.919998 34.000000 48.320000
v 33.919998 34.000000 48.639999
v 33.919998 34.000000 48.799999
v 33.919998 34.000000 48.959999
v 33.919998 34.000000 49.119999
v 33.919998 34.000000 49.279999
v 33.919998 34.000000 49.439999
v 33.840000 34.079998 49.599998
v 33.919998 34.079998 49.520000
v 33.840000 34.239998 47.520000
v 33.840000 34.239998 47.680000
v 33.919998 34.239998 47.759998
v 33.919998 34.160000 47.840000
v 33.919998 34.160000 48.000000
v 33.919998 34.160000 48.160000
v 33.919998 34.160000 49.599998
v 33.919998 34.239998 49.680000
v 33.919998 34.320000 46.879997
v 33.919998 34.320000 47.039997
v 33.919998 34.320000 47.200001
v 33.919998 34.320000 47.360001
v 33.919998 34.320000 47.520000
v 33.919998 34.320000 47.680000
v 33.919998 34.320000 49.759998
v 33.840000 34.399998 49.919998
v 33.919998 34.399998 49.840000
v 33.840000 34.399998 50.079998
v 33.919998 34.559998 46.480000
v 33.919998 34.480000 46.559998
v 33.919998 34.480000 46.719997
v 33.919998 34.480000 49.919998
v 33.919998 34.480000 50.079998
v 33.919998 34.480000 50.239998
v 33.919998 34.480000 50.399998
v 33.840000 34.559998 50.559998
v 33.919998 34.559998 50.480000
v 33.919998 34.719997 46.480000
v 33.919998 34.639999 50.559998
v 33.919998 34.639999 50.719997
v 33.919998 34.719997 50.799999
v 33.919998 34.880001 46.320000
v 33.919998 34.799999 46.399998
v 33.919998 34.799999 47.840000
v 33.919998 34.799999 48.000000
v 33.919998 34.799999 48.160000
v 33.919998 34.799999 48.320000
v 33.919998 34.799999 48.480000
v 33.919998 34.799999 48.639999
v 33.919998 34.880001 48.719997
v 33.919998 34.799999 50.879997
v 33.919998 34.959999 48.799999
v 33.919998 35.040001 48.879997
v 34.079998 35.200001 48.879997
v 33.840000 35.360001 51.199997
v 33.919998 35.360001 51.119999
v 33.919998 35.439999 51.199997
v 33.919998 35.520000 51.279999
v 34.079998 35.680000 46.320000
v 33.919998 35.680000 47.759998
v 33.919998 35.759998 47.680000
v 33.919998 35.840000 47.599998
v 33.840000 35.840000 49.439999
v 33.840000 35.840000 50.079998
v 33.919998 35.919998 47.520000
v 33.919998 36.000000 47.439999
v 34.079998 35.919998 48.799999
v 33.919998 35.919998 49.120001
v 33.919998 35.919998 49.439999
v 33.919998 35.919998 50.079998
v 33.919998 35.919998 50.239998
v 33.840000 36.000000 50.399998
v 33.919998 36.320000 46.639999
v 33.919998 36.320000 47.439999
v 33.919998 36.399998 47.520000
v 33.919998 36.480000 47.599998
v 33.919998 36.639999 47.599998
v 33.919998 36.639999 51.279999
v 33.919998 36.719997 47.680000
v 33.919998 36.799999 47.759998
v 33.840000 36.799999 51.199997
v 33.919998 36.799999 51.279999
v 33.919998 36.880001 47.039997
v 33.840000 36.959999 50.239998
v 33.840000 36.959999 51.199997
v 33.919998 36.959999 51.279999
v 33.919998 37.119999 47.119999
v 33.919998 37.040001 50.239998
v 33.919998 37.119999 51.119999
v 33.919998 37.200001 48.160000
v 33.840000 37.279999 48.320000
v 33.919998 37.279999 48.239998
v 33.840000 37.279999 49.279999
v 33.919998 37.279999 49.360001
v 33.919998 37.200001 49.439999
v 33.840000 37.279999 51.039997
v 33.919998 37.279999 51.119999
v 33.919998 37.360001 48.320000
v 33.919998 37.360001 48.480000
v 33.919998 37.360001 48.639999
v 33.919998 37.360001 48.799999
v 33.919998 37.360001 48.959999
v 33.919998 37.360001 49.119999
v 33.919998 37.360001 49.279999
v 33.919998 37.360001 51.039997
v 33.919998 37.439999 50.959999
v 33.840000 37.599998 50.719997
v 33.919998 37.599998 50.799999
v 33.919998 37.520000 50.879997
v 33.919998 37.680000 50.719997
v 33.919998 37.759998 50.639999
v 33.840000 37.919998 50.399998
v 33.919998 37.919998 50.480000
v 33.919998 37.840000 50.559998
v 33.919998 38.000000 48.000000
v 33.919998 38.000000 48.160000
v 33.919998 38.079998 48.239998
v 33.840000 38.079998 50.239998
v 33.919998 38.079998 50.320000
v 33.919998 38.000000 50.399998
v 33.919998 38.160000 48.320000
v 33.840000 38.239998 48.480000
v 33.919998 38.239998 48.399998
v 33.840000 38.239998 49.759998
v 33.919998 38.239998 49.840000
v 33.919998 38.160000 49.919998
v 33.919998 38.160000 50.079998
v 33.919998 38.160000 50.239998
v 33.919998 38.320000 48.480000
v 33.919998 38.320000 49.599998
v 33.919998 38.320000 49.759998
v 34.000000 34.079998 48.320000
v 34.079998 34.079998 48.399998
v 34.079998 34.000000 48.480000
v 34.079998 34.000000 48.799999
v 34.079998 34.000000 48.959999
v 34.079998 34.000000 49.119999
v 34.079998 34.000000 49.279999
v 34.000000 34.079998 49.439999
v 34.079998 34.079998 49.360001
v 34.000000 34.239998 47.840000
v 34.079998 34.239998 47.919998
v 34.079998 34.160000 48.000000
v 34.079998 34.160000 48.160000
v 34.079998 34.160000 48.320000
v 34.079998 34.160000 49.439999
v 34.079998 34.160000 49.599998
v 34.079998 34.239998 49.680000
v 34.000000 34.399998 46.879997
v 34.000000 34.399998 47.039997
v 34.000000 34.399998 47.200001
v 34.000000 34.399998 47.360001
v 34.079998 34.399998 47.439999
v 34.079998 34.320000 47.520000
v 34.079998 34.320000 47.840000
v 34.000000 34.399998 49.759998
v 34.079998 34.399998 49.680000
v 34.000000 34.559998 46.559998
v 34.079998 34.559998 46.639999
v 34.079998 34.480000 46.719997
v 34.079998 34.480000 46.879997
v 34.079998 34.480000 47.200001
v 34.079998 34.480000 47.360001
v 34.079998 34.480000 49.759998
v 34.079998 34.480000 49.919998
v 34.079998 34.480000 50.079998
v 34.079998 34.480000 50.239998
v 34.079998 34.480000 50.399998
v 34.079998 34.559998 50.480000
v 34.079998 34.719997 46.480000
v 34.079998 34.639999 46.559998
v 34.079998 34.639999 50.559998
v 34.000000 34.719997 50.719997
v 34.079998 34.719997 50.639999
v 34.079998 34.880001 46.320000
v 34.239998 34.799979 46.400018
v 34.000000 34.880001 47.840000
v 34.079998 34.799999 50.719997
v 34.079998 34.799999 50.879997
v 34.079998 34.959999 47.840000
v 34.079998 35.040001 47.759998
v 34.079998 34.959999 48.639999
v 34.079998 34.959999 48.799999
v 34.079998 35.040001 48.879997
v 34.079998 35.040001 51.119999
v 34.079998 35.360001 48.879997
v 34.079998 35.360001 51.119999
v 34.079998 35.680000 47.759998
v 34.079998 35.759998 47.680000
v 34.079998 35.840000 47.599998
v 34.079998 35.840000 48.719997
v 34.079998 35.840000 51.279999
v 34.079998 36.000000 46.639999
v 34.000000 36.000000 47.520000
v 34.079998 36.000000 47.599998
v 34.079998 35.919998 48.959999
v 34.079998 36.000000 49.039997
v 34.000000 36.000000 50.239998
v 34.079998 36.160000 46.639999
v 34.079998 36.160000 47.599998
v 34.079998 36.079998 49.119999
v 34.079998 36.079998 49.279999
v 34.079998 36.079998 49.759998
v 34.079998 36.079998 49.919998
v 34.079998 36.079998 50.079998
v 34.079998 36.079998 50.239998
v 34.079998 36.160000 50.320000
v 34.079998 36.239998 46.719997
v 34.000000 36.320000 46.719997
v 34.079998 36.320000 46.799999
v 34.000000 36.320000 47.520000
v 34.079998 36.320000 47.599998
v 34.079998 36.639999 47.599998
v 34.000000 36.639999 51.360001
v 34.079998 36.639999 51.439999
v 34.079998 36.719997 47.680000
v 34.079998 36.799999 47.759998
v 33.919996 36.959999 50.320000
v 34.079998 36.719997 51.360001
v 34.079998 36.799999 51.279999
v 34.079998 36.880001 47.039997
v 34.079998 36.880001 47.840000
v 34.079998 36.959999 47.919998
v 34.079998 36.959999 51.279999
v 34.079998 37.119999 47.119999
v 34.239998 37.040001 50.079998
v 34.079998 37.040001 50.239998
v 34.079998 37.040001 51.199997
v 34.079998 37.119999 51.119999
v 34.079998 37.279999 47.279999
v 34.079998 37.279999 49.360001
v 34.079998 37.279999 51.119999
v 34.079998 37.360001 48.320000
v 34.000007 37.440006 48.480000
v 34.079998 37.439999 48.399998
v 34.000000 37.439999 49.119999
v 34.079998 37.439999 49.200001
v 34.079998 37.360001 49.279999
v 34.000000 37.439999 51.039997
v 34.079998 37.439999 51.119999
v 34.079998 37.520000 48.480000
v 34.079998 37.520000 48.639999
v 34.079998 37.520000 48.799999
v 34.079998 37.520000 48.959999
v 34.079998 37.520000 49.119999
v 34.000000 37.599998 50.879997
v 34.079998 37.599998 50.959999
v 34.079998 37.520000 51.039997
v 34.000000 37.759998 50.719997
v 34.079998 37.759998 50.799999
v 34.079998 37.680000 50.879997
v 34.000000 37.919998 50.559998
v 34.079998 37.919998 50.639999
v 34.079998 37.840000 50.719997
v 34.079998 38.000000 48.000000
v 34.000000 38.079998 48.160000
v 34.079998 38.079998 48.079998
v 34.000000 38.079998 50.399998
v 34.079998 38.079998 50.480000
v 34.079998 38.000000 50.559998
v 34.079998 38.160000 48.160000
v 34.079998 38.160000 48.320000
v 34.079998 38.239998 48.399998
v 34.000000 38.239998 49.919998
v 34.000000 38.239998 50.079998
v 34.000000 38.239998 50.239998
v 34.079998 38.239998 50.320000
v 34.079998 38.160000 50.399998
v 34.079998 38.320000 48.480000
v 34.000000 38.399998 48.639999
v 34.079998 38.399998 48.559998
v 34.000000 38.399998 48.799999
v 34.000000 38.399998 48.959999
v 34.000000 38.399998 49.119999
v 34.000000 38.399998 49.439999
v 34.000000 38.399998 49.599998
v 34.079998 38.399998 49.680000
v 34.079998 38.320000 49.759998
v 34.079998 38.320000 49.919998
v 34.079998 38.320000 50.079998
v 34.079998 38.320000 50.239998
v 34.079998 38.480000 48.639999
v 34.079998 38.480000 48.799999
v 34.079998 38.480000 48.959999
v 34.079998 38.480000 49.119999
v 34.079998 38.480000 49.279999
v 34.079998 38.480000 49.439999
v 34.079998 38.480000 49.599998
v 34.160000 34.079998 48.480000
v 34.239998 34.079998 48.559998
v 34.239998 34.000000 48.639999
v 34.239998 34.000000 48.799999
v 34.239998 34.000000 48.959999
v 34.160000 34.079998 49.119999
v 34.239998 34.079998 49.039997
v 34.160000 34.079998 49.279999
v 34.160000 34.239998 48.000000
v 34.239998 34.239998 48.079998
v 34.239998 34.160000 48.160000
v 34.239998 34.160000 48.320000
v 34.239998 34.160000 48.480000
v 34.239998 34.160000 49.119999
v 34.239998 34.160000 49.279999
v 34.160000 34.239998 49.439999
v 34.239998 34.239998 49.360001
v 34.160000 34.239998 49.599998
v 34.239998 34.399998 47.439999
v 34.239998 34.320000 47.520000
v 34.239998 34.320000 47.680000
v 34.239998 34.320000 48.000000
v 34.239998 34.320000 49.439999
v 34.239998 34.320000 49.599998
v 34.239998 34.399998 49.680000
v 34.239998 34.639999 46.559998
v 34.239998 34.480000 46.719997
v 34.239998 34.480000 47.360001
v 34.239998 34.480000 49.759998
v 34.239998 34.480000 49.919998
v 34.239998 34.480000 50.079998
v 34.160000 34.559998 50.239998
v 34.239998 34.559998 50.160000
v 34.160000 34.559998 50.399998
v 34.239998 34.719997 46.480000
v 34.160000 34.719997 50.239998
v 34.160000 34.719997 50.559998
v 34.239998 34.880001 46.320000
v 34.239998 34.799999 50.239998
v 34.239998 34.799999 50.399998
v 34.239998 34.799999 50.559998
v 34.239998 34.799999 50.719997
v 34.239998 34.880001 50.799999
v 34.239998 34.959999 47.840000
v 34.239998 35.040001 47.759998
v 34.239998 35.040001 48.879997
v 34.239998 34.959999 50.879997
v 34.239998 35.040001 50.959999
v 34.239998 35.200001 46.320000
v 34.239998 35.119999 48.959999
v 34.239998 35.119999 51.039997
v 34.239998 35.200001 51.119999
v 34.160000 35.360001 48.959999
v 34.239998 35.360001 51.119999
v 34.160000 35.520000 48.799999
v 34.160000 35.520000 48.959999
v 34.239998 35.680000 47.759998
v 34.160000 35.680000 48.799999
v 34.160000 35.680000 48.959999
v 34.239998 35.759998 47.680000
v 34.239998 35.840000 47.599998
v 34.160000 35.840000 48.799999
v 34.160000 35.840000 48.959999
v 34.239998 35.840000 49.039997
v 34.239998 35.840000 51.279999
v 34.239998 36.000000 49.039997
v 34.239998 36.079998 46.559998
v 34.239998 36.160000 46.639999
v 34.399998 36.000000 47.599998
v 34.239998 36.079998 49.119999
v 34.160000 36.160000 49.279999
v 34.239998 36.160000 49.200001
v 34.160000 36.160000 49.759998
v 34.239998 36.160000 49.840000
v 34.239998 36.079998 49.919998
v 34.239998 36.079998 50.239998
v 34.239998 36.160000 50.320000
v 34.239998 36.239998 49.279999
v 34.239998 36.239998 49.759998
v 34.719997 36.639999 46.799999
v 34.239998 36.639999 47.599998
v 34.239998 36.719997 47.680000
v 34.239998 36.719997 47.840000
v 34.160000 36.799999 47.840000
v 34.239998 36.799999 47.919998
v 34.160000 36.799999 51.360001
v 34.239998 36.799999 51.439999
v 34.239998 36.880001 47.039997
v 34.239998 36.959999 47.119999
v 34.239998 36.959999 47.919998
v 34.239998 36.880001 51.360001
v 34.239998 36.959999 51.279999
v 34.239998 37.040001 47.200001
v 34.239998 37.119999 47.279999
v 34.239998 37.040001 48.000000
v 34.239998 37.119999 48.079998
v 34.239998 37.040001 50.239998
v 34.160000 37.119999 51.199997
v 34.239998 37.119999 51.279999
v 34.399998 37.200001 49.439999
v 34.239998 37.200001 49.599998
v 34.239998 37.200001 49.759998
v 34.239998 37.200001 49.919998
v 34.160000 37.279999 51.199997
v 34.239998 37.279999 51.279999
v 34.239998 37.439999 51.119999
v 34.239998 37.520000 48.480000
v 34.239998 37.520000 51.039997
v 34.239998 37.599998 50.959999
v 34.239998 37.759998 47.759998
v 34.160000 37.759998 50.879997
v 34.239998 37.759998 50.959999
v 34.239998 37.840000 47.840000
v 34.239998 37.919998 47.919998
v 34.160000 37.919998 50.719997
v 34.239998 37.919998 50.799999
v 34.239998 37.840000 50.879997
v 34.239998 38.000000 48.000000
v 34.239998 38.079998 48.079998
v 34.160000 38.079998 50.559998
v 34.239998 38.079998 50.639999
v 34.239998 38.000000 50.719997
v 34.239998 38.160000 48.160000
v 34.160000 38.239998 48.320000
v 34.239998 38.239998 48.239998
v 34.239998 38.160000 50.399998
v 34.239998 38.239998 50.320000
v 34.239998 38.160000 50.559998
v 34.239998 38.320000 48.320000
v 34.160000 38.399998 48.480000
v 34.160000 38.399998 49.759998
v 34.160000 38.399998 49.919998
v 34.160000 38.399998 50.079998
v 34.239998 38.399998 50.160000
v 34.239998 38.320000 50.239998
v 34.239998 38.480000 48.480000
v 34.239998 38.480000 48.639999
v 34.239998 38.480000 48.799999
v 34.239998 38.480000 48.959999
v 34.160000 38.559998 49.119999
v 34.239998 38.559998 49.039997
v 34.160000 38.559998 49.279999
v 34.160000 38.559998 49.439999
v 34.160000 38.559998 49.599998
v 34.239998 38.559998 49.680000
v 34.239998 38.480000 49.759998
v 34.239998 38.480000 49.919998
v 34.239998 38.480000 50.079998
v 34.239998 38.639999 49.119999
v 34.239998 38.639999 49.279999
v 34.239998 38.639999 49.599998
v 34.320000 34.079998 48.639999
v 34.320000 34.079998 48.799999
v 34.320000 34.079998 48.959999
v 34.320000 34.239998 48.160000
v 34.320000 34.239998 48.320000
v 34.399998 34.239998 48.399998
v 34.399998 34.160000 48.480000
v 34.399998 34.160000 48.639999
v 34.399998 34.160000 48.799999
v 34.399998 34.160000 48.959999
v 34.399998 34.160000 49.119999
v 34.320000 34.239998 49.279999
v 34.399998 34.239998 49.200001
v 34.320000 34.399998 47.520000
v 34.320000 34.399998 47.680000
v 34.399998 34.399998 47.759998
v 34.399998 34.320000 48.160000
v 34.399998 34.320000 48.320000
v 34.399998 34.320000 49.279999
v 34.399998 34.320000 49.439999
v 34.320000 34.399998 49.599998
v 34.399998 34.399998 49.520000
v 34.320000 34.559998 46.719997
v 34.399998 34.559998 46.799999
v 34.399998 34.480000 46.879997
v 34.399998 34.480000 47.520000
v 34.399998 34.480000 47.680000
v 34.399998 34.480000 49.599998
v 34.320000 34.559998 49.759998
v 34.399998 34.559998 49.680000
v 34.320000 34.559998 49.919998
v 34.320000 34.559998 50.079998
v 34.399998 34.639999 46.719997
v 34.399998 34.639999 49.759998
v 34.399998 34.719997 49.840000
v 34.320000 34.719997 49.919998
v 34.320000 34.719997 50.079998
v 34.399998 34.959993 46.400004
v 34.399998 34.880001 46.480000
v 34.399998 34.799999 49.919998
v 34.399998 34.799999 50.079998
v 34.399998 34.799999 50.719997
v 34.399998 34.880001 50.799999
v 34.399998 35.040001 46.320000
v 34.399998 35.040001 47.919998
v 34.399998 34.959999 48.000000
v 34.559998 34.959999 48.799999
v 34.399998 35.040001 48.879997
v 34.399998 34.959999 50.879997
v 34.399998 35.040001 50.959999
v 34.399998 35.200001 46.320000
v 34.399998 35.200001 47.919998
v 34.239998 35.199999 49.039997
v 34.399998 35.119999 51.039997
v 34.399998 35.200001 51.119999
v 34.399998 35.360001 46.320000
v 34.320000 35.360001 47.840000
v 34.399998 35.360001 47.919998
v 34.559998 35.360001 51.119999
v 34.320000 35.520000 47.840000
v 34.399998 35.439999 48.000000
v 34.320000 35.520000 48.000000
v 34.399998 35.520000 48.079998
v 34.320000 35.680000 47.840000
v 34.320000 35.680000 48.000000
v 34.320000 35.840000 47.680000
v 34.320000 35.840000 47.840000
v 34.320000 35.840000 48.000000
v 34.399998 35.840000 51.279999
v 34.399998 36.000000 46.320000
v 34.399998 35.919998 47.680000
v 34.399998 35.919998 48.000000
v 34.399998 36.000000 49.039997
v 34.079998 35.999999 51.439999
v 34.399998 36.079998 46.399998
v 34.399998 36.079998 46.559998
v 34.399998 36.160000 46.639999
v 34.399998 36.079998 49.119999
v 34.399998 36.160000 49.200001
v 34.399998 36.160000 49.840000
v 34.320000 36.160000 50.399998
v 34.399998 36.079998 50.399998
v 34.399998 36.239998 46.719997
v 34.399998 36.320000 46.799999
v 34.399998 36.239998 49.279999
v 34.559998 36.239998 49.759998
v 34.320000 36.320000 50.399998
v 34.320000 36.320000 50.559998
v 34.399998 36.480000 47.599998
v 34.320000 36.480000 50.399998
v 34.320000 36.799999 50.719997
v 34.320000 36.480000 50.719997
v 34.399998 36.559998 47.680000
v 34.320000 36.639999 47.680000
v 34.399998 36.639999 47.759998
v 34.320000 36.639999 50.399998
v 34.320000 36.639999 50.559998
v 34.719997 36.799999 46.959999
v 34.399998 36.799999 47.919998
v 34.320000 36.799999 50.399998
v 34.399998 36.799999 50.799999
v 34.399998 36.880001 47.039997
v 34.399998 36.959999 47.119999
v 34.320000 36.959999 48.000000
v 34.399998 36.959999 48.079998
v 34.320000 36.959999 49.599998
v 34.399998 36.959999 49.520000
v 34.399998 36.880001 49.599998
v 34.399998 36.880001 49.759998
v 34.320000 36.959999 49.759998
v 34.399998 36.880001 49.919998
v 34.320000 36.959999 50.079998
v 34.399998 36.880001 50.079998
v 34.399998 36.880001 50.239998
v 34.399998 36.880001 50.719997
v 34.320000 36.959999 51.360001
v 34.399998 36.959999 51.439999
v 34.399998 37.040001 47.200001
v 34.399998 37.119999 47.279999
v 34.320000 37.119999 49.599998
v 34.399998 37.119999 49.520000
v 34.320000 37.119999 49.759998
v 34.320000 37.119999 49.919998
v 34.399998 37.120002 51.439999
v 34.399998 37.279999 51.279999
v 34.399998 37.360001 51.199997
v 34.399998 37.439999 51.119999
v 34.399998 37.520000 48.480000
v 34.320000 37.599998 51.039997
v 34.399998 37.599998 51.119999
v 34.399998 37.759998 47.759998
v 34.399998 37.680000 51.039997
v 34.399998 37.759998 50.959999
v 34.320000 37.919998 47.840000
v 34.399998 37.919998 47.759998
v 34.399998 37.840000 50.879997
v 34.399998 37.919998 50.799999
v 34.399998 38.000000 47.840000
v 34.320000 38.079998 48.000000
v 34.399998 38.079998 47.919998
v 34.399998 38.000000 50.719997
v 34.399998 38.079998 50.639999
v 34.399998 38.160000 48.000000
v 34.320000 38.239998 48.160000
v 34.399998 38.239998 48.079998
v 34.320000 38.239998 50.399998
v 34.399998 38.239998 50.480000
v 34.399998 38.160000 50.559998
v 34.399998 38.320000 48.160000
v 34.399998 38.320000 48.320000
v 34.399998 38.399998 48.399998
v 34.399998 38.320000 50.239998
v 34.399998 38.399998 50.160000
v 34.399998 38.320000 50.399998
v 34.399998 38.480000 48.480000
v 34.320000 38.559998 48.639999
v 34.399998 38.559998 48.559998
v 34.320000 38.559998 48.799999
v 34.320000 38.559998 48.959999
v 34.320000 38.559998 49.759998
v 34.320000 38.559998 49.919998
v 34.399998 38.559998 50.000000
v 34.399998 38.480000 50.079998
v 34.399998 38.639999 48.639999
v 34.399998 38.639999 48.799999
v 34.399998 38.639999 48.959999
v 34.399998 38.639999 49.599998
v 34.399998 38.639999 49.759998
v 34.399998 38.639999 49.919998
v 34.480000 34.239998 48.480000
v 34.480000 34.239998 48.639999
v 34.480000 34.239998 48.799999
v 34.480000 34.239998 48.959999
v 34.480000 34.239998 49.119999
v 34.480000 34.399998 47.840000
v 34.559998 34.399998 47.919998
v 34.559998 34.320000 48.160000
v 34.559998 34.320000 48.320000
v 34.559998 34.320000 48.480000
v 34.559998 34.320000 48.639999
v 34.559998 34.320000 48.799999
v 34.559998 34.320000 48.959999
v 34.559998 34.320000 49.119999
v 34.559998 34.320000 49.279999
v 34.480000 34.399998 49.439999
v 34.559998 34.399998 49.360001
v 34.559998 34.559998 46.799999
v 34.559998 34.480000 46.879997
v 34.559998 34.480000 47.039997
v 34.559998 34.480000 47.200001
v 34.559998 34.480000 47.840000
v 34.559998 34.480000 49.439999
v 34.559998 34.480000 49.599998
v 34.559998 34.559998 49.680000
v 34.559998 34.719997 46.480000
v 34.559998 34.639999 46.719997
v 34.559998 34.639999 49.759998
v 34.559998 34.719997 49.840000
v 34.559998 34.880001 46.480000
v 34.559998 34.799999 49.919998
v 34.559998 35.040001 46.320000
v 34.559998 34.959999 46.399998
v 34.559998 34.959999 48.000000
v 34.559998 35.040001 47.919998
v 34.559998 34.959999 48.160000
v 34.559998 34.959999 48.320000
v 34.559998 34.959999 48.480000
v 34.559998 34.959999 48.639999
v 34.559998 35.040001 48.879997
v 34.559998 34.959999 50.719997
v 34.559998 34.959999 50.879997
v 34.559998 35.040001 50.959999
v 34.559998 35.200001 46.320000
v 34.559998 35.200001 47.919998
v 34.559998 35.119999 48.959999
v 34.559998 35.200001 49.039997
v 34.559998 35.360001 46.320000
v 34.559998 35.360001 47.919998
v 34.559998 35.520000 46.320000
v 34.559998 35.439999 48.000000
v 34.559998 35.520000 48.079998
v 34.559998 35.520000 51.279999
v 34.399998 35.840000 48.079998
v 34.559998 35.840000 51.279999
v 34.559998 36.000000 46.320000
v 34.559998 35.919998 51.360001
v 34.559998 36.079998 46.399998
v 34.480000 36.160000 46.559998
v 34.559998 36.160000 46.480000
v 34.480000 36.160000 49.119999
v 34.559998 36.160000 49.039997
v 34.559998 36.079998 49.919998
v 34.559998 36.160000 49.840000
v 34.559998 36.079998 50.399998
v 34.559998 36.160000 50.480000
v 34.559998 36.239998 46.559998
v 34.480000 36.320000 46.719997
v 34.559998 36.320000 46.639999
v 34.559998 36.239998 49.119999
v 34.559998 36.399998 46.719997
v 34.559998 36.480000 46.799999
v 34.559998 36.480000 47.599998
v 34.399998 36.480000 50.799999
v 34.559998 36.559998 47.680000
v 34.559998 36.639999 47.759998
v 34.399998 36.719997 47.840000
v 34.559998 36.880001 47.039997
v 34.559998 36.959999 47.119999
v 34.559998 36.959999 48.079998
v 34.559998 36.880001 49.599998
v 34.559998 36.880001 49.759998
v 34.559998 36.880001 49.919998
v 34.480000 36.959999 50.079998
v 34.559998 36.959999 50.000000
v 34.480000 36.959999 50.239998
v 34.480000 36.959999 50.399998
v 34.480000 36.959999 50.559998
v 34.480000 36.959999 50.719997
v 34.559998 36.959999 50.799999
v 34.559998 37.040001 47.200001
v 34.559998 37.119999 47.279999
v 34.559998 37.119999 49.520000
v 34.559998 37.040001 50.079998
v 34.559998 37.040001 50.239998
v 34.559998 37.040001 50.399998
v 34.559998 37.040001 50.559998
v 34.559998 37.040001 50.719997
v 34.559998 37.119999 51.439999
v 34.559998 37.200001 49.439999
v 34.559998 37.200001 51.360001
v 34.559998 37.279999 51.279999
v 34.559998 37.520000 49.119999
v 34.480000 37.439999 51.199997
v 34.559998 37.439999 51.279999
v 34.559998 37.599998 47.599998
v 34.559998 37.520000 48.480000
v 34.559998 37.520000 48.639999
v 34.559998 37.520000 48.799999
v 34.559998 37.520000 51.199997
v 34.559998 37.599998 51.119999
v 34.559998 37.680000 47.680000
v 34.559998 37.759998 47.759998
v 34.480000 37.759998 51.039997
v 34.559998 37.759998 51.119999
v 34.559998 37.919998 47.759998
v 34.480000 37.919998 50.879997
v 34.559998 37.919998 50.959999
v 34.559998 37.840000 51.039997
v 34.480000 38.079998 50.719997
v 34.559998 38.079998 50.799999
v 34.559998 38.000000 50.879997
v 34.480000 38.239998 50.559998
v 34.559998 38.239998 50.639999
v 34.559998 38.160000 50.719997
v 34.559998 38.320000 48.160000
v 34.480000 38.399998 48.320000
v 34.480000 38.399998 50.239998
v 34.559998 38.399998 50.320000
v 34.559998 38.320000 50.399998
v 34.559998 38.320000 50.559998
v 34.559998 38.480000 48.320000
v 34.559998 38.480000 48.480000
v 34.559998 38.559998 48.559998
v 34.480000 38.559998 50.079998
v 34.559998 38.559998 50.160000
v 34.559998 38.480000 50.239998
v 34.559998 38.639999 48.639999
v 34.559998 38.639999 48.799999
v 34.480000 38.719997 48.959999
v 34.559998 38.719997 48.879997
v 34.480000 38.719997 49.119999
v 34.480000 38.719997 49.279999
v 34.480000 38.719997 49.439999
v 34.480000 38.719997 49.599998
v 34.559998 38.719997 49.680000
v 34.559998 38.639999 49.759998
v 34.559998 38.639999 49.919998
v 34.559998 38.639999 50.079998
v 34.559998 38.799999 48.959999
v 34.559998 38.799999 49.119999
v 34.559998 38.799999 49.279999
v 34.559998 38.799999 49.439999
v 34.559998 38.799999 49.599998
v 34.639999 34.399998 48.000000
v 34.639999 34.399998 48.160000
v 34.719997 34.399998 48.239998
v 34.719997 34.320000 48.320000
v 34.719997 34.320000 48.480000
v 34.719997 34.320000 48.639999
v 34.719997 34.320000 48.799999
v 34.719997 34.320000 48.959999
v 34.719997 34.320000 49.119999
v 34.639999 34.399998 49.279999
v 34.719997 34.399998 49.200001
v 34.639999 34.559998 46.879997
v 34.639999 34.559998 47.039997
v 34.639999 34.559998 47.200001
v 34.719997 34.559998 47.279999
v 34.719997 34.480000 47.360001
v 34.719997 34.480000 47.520000
v 34.719997 34.480000 47.680000
v 34.719997 34.480000 48.000000
v 34.719997 34.480000 48.160000
v 34.719997 34.480000 49.279999
v 34.719997 34.480000 49.439999
v 34.719997 34.480000 49.599998
v 34.719997 34.559998 49.680000
v 34.639999 34.719997 46.559998
v 34.719997 34.719997 46.639999
v 34.719997 34.639999 46.719997
v 34.719997 34.639999 46.879997
v 34.719997 34.639999 47.200001
v 34.719997 34.639999 49.759998
v 34.719997 34.719997 49.840000
v 34.719997 34.880001 46.480000
v 34.719997 34.799999 46.559998
v 34.719997 34.799999 49.919998
v 34.719997 34.799999 50.399998
v 34.719997 34.799999 50.559998
v 34.719997 34.880001 50.639999
v 34.719997 35.040001 46.320000
v 34.719997 34.959999 46.399998
v 34.639999 35.040001 48.000000
v 34.639999 35.040001 48.160000
v 34.639999 35.040001 48.320000
v 34.639999 35.040001 48.480000
v 34.639999 35.040001 48.639999
v 34.639999 35.040001 48.799999
v 34.719997 34.959999 50.719997
v 34.639999 35.040001 50.879997
v 34.719997 35.040001 50.799999
v 34.719997 35.200001 46.320000
v 34.639999 35.200001 48.000000
v 34.719997 35.200001 48.079998
v 34.719997 35.119999 48.160000
v 34.719997 35.119999 48.320000
v 34.719997 35.119999 48.480000
v 34.719997 35.119999 48.639999
v 34.639999 35.200001 48.799999
v 34.719997 35.200001 48.719997
v 34.639999 35.200001 48.959999
v 34.719997 35.119999 50.879997
v 34.719997 35.200001 50.959999
v 34.719997 35.360001 46.320000
v 34.639999 35.360001 48.000000
v 34.719997 35.360001 48.079998
v 34.719997 35.279999 48.799999
v 34.719997 35.279999 48.959999
v 34.719997 35.360001 49.039997
v 34.719997 35.520000 46.320000
v 34.719997 35.680000 46.320000
v 34.719997 35.840000 46.320000
v 34.719997 35.840000 51.279999
v 34.719997 36.000000 46.320000
v 34.719997 35.919998 47.680000
v 34.719997 36.000000 47.599998
v 34.880001 36.160000 49.039997
v 34.639999 36.160000 49.759998
v 34.719997 36.079998 49.759998
v 34.719997 36.160000 49.680000
v 34.719997 36.079998 50.399998
v 34.719997 36.160000 50.480000
v 34.639999 36.320000 49.119999
v 34.719997 36.320000 49.039997
v 34.719997 36.320000 49.520000
v 34.719997 36.239998 49.599998
v 34.719997 36.239998 50.559998
v 34.719997 36.320000 50.639999
v 34.880001 36.480000 46.799999
v 34.719997 36.480000 47.599998
v 34.719997 36.399998 49.119999
v 34.719997 36.399998 49.279999
v 34.719997 36.399998 49.439999
v 34.719997 36.399998 50.719997
v 34.719997 36.559998 47.680000
v 34.719997 36.639999 47.759998
v 34.719997 36.880001 47.039997
v 34.719997 36.959999 47.119999
v 34.719997 36.959999 48.079998
v 34.719997 36.880001 49.599998
v 34.719997 36.880001 49.759998
v 34.719997 36.880001 49.919998
v 34.719997 36.959999 50.000000
v 34.719997 37.040001 47.200001
v 34.719997 37.119999 47.279999
v 34.719997 37.279999 49.520000
v 34.639999 37.119999 50.079998
v 34.719997 37.119999 50.000000
v 34.639999 37.119999 50.239998
v 34.639999 37.119999 50.399998
v 34.639999 37.119999 50.559998
v 34.639999 37.119999 50.719997
v 34.719997 37.119999 50.799999
v 34.639999 37.279999 49.439999
v 34.719997 37.200001 50.079998
v 34.719997 37.200001 50.239998
v 34.719997 37.200001 50.399998
v 34.719997 37.200001 50.559998
v 34.719997 37.200001 50.719997
v 34.639999 37.279999 51.360001
v 34.719997 37.279999 51.439999
v 34.639999 37.439999 49.279999
v 34.639999 37.439999 49.439999
v 34.719997 37.360001 51.360001
v 34.719997 37.439999 51.279999
v 34.719997 37.599998 47.599998
v 34.719997 37.520000 48.480000
v 34.639999 37.599998 48.639999
v 34.719997 37.599998 48.559998
v 34.639999 37.599998 48.799999
v 34.639999 37.599998 48.959999
v 34.639999 37.599998 49.119999
v 34.639999 37.599998 49.279999
v 34.639999 37.599998 49.439999
v 34.719997 37.599998 49.520000
v 34.639999 37.599998 51.199997
v 34.719997 37.599998 51.279999
v 34.639999 37.759998 47.680000
v 34.719997 37.680000 48.639999
v 34.719997 37.680000 48.799999
v 34.719997 37.680000 48.959999
v 34.719997 37.680000 49.119999
v 34.719997 37.680000 49.279999
v 34.719997 37.680000 49.439999
v 34.719997 37.680000 51.199997
v 34.719997 37.759998 51.119999
v 34.719997 37.840000 47.680000
v 34.719997 37.919998 47.759998
v 34.639999 37.919998 51.039997
v 34.719997 37.919998 51.119999
v 34.719997 38.000000 50.879997
v 34.719997 38.079998 50.799999
v 34.719997 38.000000 51.039997
v 34.719997 38.239998 48.079998
v 34.719997 38.160000 50.719997
v 34.719997 38.239998 50.639999
v 34.719997 38.320000 48.160000
v 34.719997 38.399998 48.239998
v 34.639999 38.399998 50.399998
v 34.639999 38.399998 50.559998
v 34.719997 38.399998 50.639999
v 34.719997 38.480000 48.320000
v 34.639999 38.559998 48.480000
v 34.719997 38.559998 48.399998
v 34.719998 38.480000 50.239998
v 34.719997 38.480000 50.399998
v 34.719997 38.480000 50.559998
v 34.719997 38.639999 48.480000
v 34.719997 38.639999 48.639999
v 34.639999 38.719997 48.799999
v 34.719997 38.719997 48.719997
v 34.639999 38.719997 49.759998
v 34.639999 38.719997 49.919998
v 34.719997 38.719997 50.000000
v 34.719997 38.799999 48.799999
v 34.719997 38.799999 49.119999
v 34.719997 38.799999 49.599998
v 34.719997 38.799999 49.759998
v 34.719997 38.799999 49.919998
v 34.799999 34.399998 48.320000
v 34.799999 34.399998 48.480000
v 34.799999 34.399998 48.639999
v 34.799999 34.399998 48.799999
v 34.799999 34.399998 48.959999
v 34.799999 34.399998 49.119999
v 34.799999 34.559998 47.360001
v 34.799999 34.559998 47.520000
v 34.799999 34.559998 47.680000
v 34.880001 34.559998 47.759998
v 34.880001 34.480000 47.840000
v 34.880001 34.480000 48.320000
v 34.880001 34.480000 48.480000
v 34.880001 34.480000 48.639999
v 34.880001 34.480000 48.799999
v 34.880001 34.480000 48.959999
v 34.880001 34.480000 49.119999
v 34.799999 34.559998 49.279999
v 34.880001 34.559998 49.200001
v 34.799999 34.559998 49.439999
v 34.799999 34.559998 49.599998
v 34.880001 34.719997 46.639999
v 34.880001 34.639999 46.719997
v 34.880001 34.639999 47.200001
v 34.880001 34.639999 47.360001
v 34.880001 34.639999 47.520000
v 34.880001 34.639999 47.680000
v 34.880001 34.639999 49.279999
v 34.880001 34.639999 49.439999
v 34.880001 34.639999 49.599998
v 34.880001 34.639999 49.759998
v 34.880001 34.719997 49.840000
v 34.880001 34.880001 46.480000
v 34.880001 34.799999 46.559998
v 34.880001 34.799999 49.919998
v 35.040001 34.799999 50.239998
v 34.799999 34.880001 50.399998
v 34.880001 34.880001 50.320000
v 34.799999 34.880001 50.559998
v 34.880001 35.040001 46.320000
v 34.880001 34.959999 46.399998
v 34.880001 34.959999 50.399998
v 34.880001 34.959999 50.559998
v 34.880001 34.959999 50.719997
v 34.880001 35.040001 50.799999
v 34.880001 35.200001 46.320000
v 34.799999 35.200001 48.160000
v 34.799999 35.200001 48.320000
v 34.799999 35.200001 48.480000
v 34.799999 35.200001 48.639999
v 34.880001 35.119999 50.879997
v 34.880001 35.200001 50.959999
v 34.880001 35.360001 46.320000
v 34.880001 35.279999 48.160000
v 34.880001 35.360001 48.079998
v 34.880001 35.279999 48.320000
v 34.880001 35.279999 48.480000
v 34.880001 35.279999 48.639999
v 34.799999 35.360001 48.799999
v 34.880001 35.360001 48.719997
v 34.799999 35.360001 48.959999
v 34.880001 35.520000 46.320000
v 34.880001 35.439999 48.799999
v 34.880001 35.439999 48.959999
v 34.880001 35.520000 49.039997
v 34.719997 35.360001 50.959999
v 34.880001 35.680000 46.320000
v 34.880001 35.840000 46.320000
v 34.880001 35.840000 51.279999
v 34.880001 36.000000 46.320000
v 34.799999 36.000000 47.680000
v 34.880001 36.000000 47.759998
v 34.880001 35.919998 47.840000
v 34.880001 35.919998 48.000000
v 34.880001 36.079998 47.680000
v 34.880001 36.160000 47.599998
v 34.880001 36.160000 49.680000
v 34.880001 36.079998 50.239998
v 34.799999 36.160000 50.399998
v 34.880001 36.160000 50.320000
v 34.880001 36.320000 47.599998
v 34.880001 36.320000 49.039997
v 34.880001 36.239998 49.599998
v 34.880001 36.320000 49.520000
v 34.880001 36.239998 50.399998
v 34.799999 36.320000 50.559998
v 34.880001 36.320000 50.480000
v 34.880001 36.480000 47.599998
v 34.880001 36.399998 49.119999
v 34.880001 36.399998 49.279999
v 34.880001 36.399998 49.439999
v 34.880001 36.399998 50.559998
v 34.880001 36.399998 50.719997
v 34.880001 36.559998 47.680000
v 34.880001 36.639999 47.759998
v 34.880001 36.639999 50.799999
v 34.880001 36.880001 47.039997
v 34.880001 36.959999 47.119999
v 34.880001 36.959999 48.079998
v 34.799999 36.959999 49.759998
v 34.799999 36.959999 49.919998
v 34.880001 37.040001 47.200001
v 34.880001 37.119999 47.279999
v 34.799999 37.279999 49.919998
v 34.799999 37.119999 49.919998
v 34.880001 37.119999 50.799999
v 34.799999 37.279999 50.079998
v 34.799999 37.279999 50.239998
v 34.799999 37.279999 50.399998
v 34.799999 37.279999 50.559998
v 34.799999 37.279999 50.719997
v 34.880001 37.279999 50.799999
v 34.880001 37.279999 51.439999
v 34.799999 37.439999 49.599998
v 34.799999 37.439999 49.759998
v 34.880001 37.439999 49.840000
v 34.880001 37.360001 49.919998
v 34.880001 37.360001 50.559998
v 34.880001 37.360001 50.719997
v 34.880001 37.360001 51.360001
v 34.880001 37.439999 51.279999
v 34.880001 37.599998 47.599998
v 34.799999 37.599998 49.599998
v 34.799999 37.599998 49.759998
v 34.959999 37.599998 49.919998
v 34.880001 37.599998 51.279999
v 34.719997 37.759998 47.599998
v 34.880001 37.680000 48.639999
v 34.880001 37.680000 48.799999
v 34.799999 37.759998 48.959999
v 34.880001 37.759998 48.879997
v 34.799999 37.759998 49.119999
v 34.799999 37.759998 49.279999
v 34.799999 37.759998 49.439999
v 34.799999 37.759998 49.599998
v 34.880001 37.680000 51.199997
v 34.880001 37.759998 51.119999
v 34.880001 37.840000 48.959999
v 34.880001 37.840000 49.119999
v 34.880001 37.840000 49.439999
v 34.880001 37.840000 49.599998
v 34.880001 38.079998 47.919998
v 34.799999 38.079998 50.879997
v 34.880001 38.079998 50.959999
v 34.880001 38.000000 51.039997
v 34.880001 38.160000 48.000000
v 34.880001 38.239998 48.079998
v 34.799999 38.239998 50.719997
v 34.880001 38.239998 50.799999
v 34.880001 38.160000 50.879997
v 34.799999 38.399998 48.160000
v 34.880001 38.320000 50.719997
v 34.880001 38.399998 50.639999
v 34.799999 38.559998 50.239998
v 34.799999 38.559998 50.399998
v 34.880001 38.559998 50.480000
v 34.880001 38.480000 50.559998
v 34.880001 38.639999 48.320000
v 34.880001 38.639999 48.480000
v 34.799999 38.719997 48.639999
v 34.880001 38.719997 48.559998
v 34.799999 38.719997 50.079998
v 34.880001 38.719997 50.160000
v 34.880001 38.639999 50.239998
v 34.880001 38.639999 50.399998
v 34.880001 38.799999 48.639999
v 34.880001 38.799999 48.799999
v 34.880001 38.799999 48.959999
v 34.799999 38.879997 49.119999
v 34.880001 38.879997 49.039997
v 34.799999 38.879997 49.279999
v 34.799999 38.879997 49.439999
v 34.799999 38.879997 49.599998
v 34.880001 38.879997 49.680000
v 34.880001 38.799999 49.759998
v 34.880001 38.799999 49.919998
v 34.880001 38.799999 50.079998
v 34.880001 38.959999 49.119999
v 34.880001 38.959999 49.279999
v 34.880001 38.959999 49.439999
v 34.880001 38.959999 49.599998
v 34.959999 34.559998 47.840000
v 35.040001 34.559998 47.919998
v 35.040001 34.480000 48.639999
v 35.040001 34.480000 48.799999
v 35.040001 34.480000 48.959999
v 34.959999 34.559998 49.119999
v 35.040001 34.559998 49.039997
v 35.040001 34.639999 46.879997
v 35.040001 34.639999 47.039997
v 35.040001 34.639999 47.200001
v 35.040001 34.639999 47.360001
v 35.040001 34.639999 47.520000
v 35.200001 34.639999 47.680000
v 35.040001 34.639999 47.840000
v 35.040001 34.639999 49.119999
v 35.040001 34.639999 49.279999
v 35.040001 34.639999 49.439999
v 35.040001 34.639999 49.599998
v 34.959999 34.719997 49.759998
v 35.040001 34.719997 49.680000
v 35.040001 34.880001 46.480000
v 35.040001 34.799999 46.559998
v 35.040001 34.799999 49.759998
v 35.040001 34.880001 50.320000
v 35.040001 35.040001 46.320000
v 35.040001 34.959999 46.399998
v 35.040001 34.959999 50.399998
v 35.040001 34.959999 50.559998
v 34.959999 35.040001 50.719997
v 35.040001 35.040001 50.639999
v 35.040001 35.200001 46.320000
v 35.040001 35.119999 50.719997
v 34.959999 35.200001 50.879997
v 35.040001 35.200001 50.799999
v 35.040001 35.360001 46.320000
v 34.959999 35.360001 48.160000
v 34.959999 35.360001 48.320000
v 34.959999 35.360001 48.480000
v 34.959999 35.360001 48.639999
v 35.040001 35.279999 50.879997
v 35.040001 35.520000 46.320000
v 34.959999 35.520000 48.160000
v 35.040001 35.520000 48.239998
v 35.040001 35.439999 48.320000
v 35.040001 35.439999 48.480000
v 35.040001 35.439999 48.639999
v 35.040001 35.439999 48.799999
v 35.040001 35.439999 48.959999
v 35.040001 35.520000 49.039997
v 35.040001 35.680000 46.320000
v 34.959999 35.680000 48.160000
v 35.040001 35.680000 48.239998
v 35.040001 35.840000 46.320000
v 34.959999 35.840000 48.160000
v 35.040001 35.840000 48.239998
v 35.040001 35.840000 51.279999
v 35.040001 36.000000 46.320000
v 34.959999 36.000000 47.840000
v 34.959999 36.000000 48.000000
v 34.959999 36.000000 48.160000
v 35.040001 36.000000 48.239998
v 35.040001 36.000000 49.039997
v 35.040001 35.919998 51.360001
v 35.040001 36.000000 51.439999
v 35.040001 36.079998 46.399998
v 35.040001 36.160000 46.480000
v 34.959999 36.160000 47.680000
v 35.040001 36.160000 47.759998
v 35.040001 36.079998 47.840000
v 35.040001 36.079998 48.000000
v 35.040001 36.079998 48.160000
v 34.959999 36.160000 48.799999
v 35.040001 36.160000 48.719997
v 35.040001 36.079998 48.799999
v 35.040001 36.079998 48.959999
v 34.959999 36.160000 48.959999
v 35.040001 36.160000 49.680000
v 35.040001 36.079998 50.239998
v 35.200001 36.160000 50.320000
v 34.959999 36.320000 47.680000
v 35.040001 36.320000 47.759998
v 34.959999 36.480000 48.799999
v 35.040001 36.320000 48.719997
v 34.959999 36.320000 48.959999
v 34.959999 36.320000 49.599998
v 35.040001 36.320000 49.680000
v 34.959999 36.320000 50.399998
v 35.040001 36.320000 50.320000
v 34.959999 36.480000 47.680000
v 35.040001 36.480000 47.759998
v 35.040001 36.480000 48.719997
v 34.959999 36.480000 49.119999
v 34.959999 36.480000 49.279999
v 34.959999 36.480000 49.439999
v 35.040001 36.480000 49.520000
v 35.040001 36.399998 49.599998
v 35.040001 36.399998 50.399998
v 35.040001 36.399998 50.559998
v 35.040001 36.399998 50.719997
v 35.040001 36.480000 50.799999
v 34.880003 36.639999 46.959999
v 35.040001 36.639999 47.759998
v 35.040001 36.559998 48.799999
v 35.040001 36.559998 48.959999
v 35.040001 36.559998 49.119999
v 35.040001 36.559998 49.279999
v 35.040001 36.559998 49.439999
v 35.040001 36.639999 50.799999
v 35.040001 36.799999 47.919998
v 35.040001 36.799999 50.799999
v 35.040001 36.880001 47.039997
v 35.040001 36.959999 47.119999
v 35.040001 36.959999 48.079998
v 35.040001 36.959999 50.799999
v 35.040001 37.040001 47.200001
v 35.040001 37.119999 47.279999
v 35.520000 37.119999 48.079998
v 35.040001 37.119999 50.799999
v 35.040001 37.279999 50.799999
v 34.959999 37.439999 49.919998
v 34.959999 37.439999 50.239998
v 34.959999 37.439999 50.559998
v 35.040001 37.360001 50.719997
v 34.959999 37.439999 51.360001
v 35.040001 37.439999 51.439999
v 35.040001 37.599998 47.599998
v 34.959999 37.599998 50.079998
v 35.040001 37.520000 50.399998
v 35.040001 37.520000 50.559998
v 35.040001 37.520000 51.360001
v 35.040001 37.599998 51.279999
v 35.040001 37.680000 48.639999
v 34.959999 37.759998 48.799999
v 35.040001 37.759998 48.719997
v 35.040001 37.680000 49.919998
v 35.040001 37.680000 50.079998
v 35.040001 37.759998 51.279999
v 35.040001 37.840000 48.799999
v 35.040001 37.840000 48.959999
v 34.959999 37.919998 49.439999
v 35.040001 37.919998 49.520000
v 35.040001 37.840000 49.599998
v 35.040001 37.919998 51.119999
v 35.040001 38.079998 47.919998
v 35.040001 38.000000 49.119999
v 35.040001 38.000000 49.439999
v 35.040001 38.079998 50.959999
v 35.040001 38.239998 47.919998
v 34.959999 38.239998 50.879997
v 35.040001 38.239998 50.959999
v 35.040001 38.399998 48.079998
v 35.040001 38.320000 50.719997
v 35.040001 38.399998 50.639999
v 35.040001 38.320000 50.879997
v 35.040001 38.559998 48.079998
v 35.040001 38.559998 50.639999
v 34.959999 38.719997 48.480000
v 35.040001 38.639999 50.399998
v 35.040001 38.639999 50.559998
v 35.040001 38.799999 48.320000
v 35.040001 38.799999 48.480000
v 35.040001 38.799999 48.639999
v 34.959999 38.879997 48.799999
v 35.040001 38.879997 48.719997
v 34.959999 38.879997 48.959999
v 34.959999 38.879997 49.759998
v 34.959999 38.879997 49.919998
v 35.040001 38.879997 50.000000
v 35.040001 38.799999 50.079998
v 35.040001 38.799999 50.239998
v 35.040001 38.959999 48.799999
v 35.040001 38.959999 48.959999
v 35.040001 38.959999 49.119999
v 35.040001 38.959999 49.279999
v 35.040001 38.959999 49.439999
v 35.040001 38.959999 49.599998
v 35.040001 38.959999 49.759998
v 35.040001 38.959999 49.919998
v 35.119999 34.559998 48.320000
v 35.119999 34.559998 48.480000
v 35.119999 34.559998 48.639999
v 35.119999 34.559998 48.799999
v 35.119999 34.559998 48.959999
v 35.200001 34.799999 46.879997
v 35.119999 34.719997 47.520000
v 35.200001 34.719997 47.599998
v 35.200001 34.639999 47.840000
v 35.200001 34.639999 48.000000
v 35.200001 34.639999 48.160000
v 35.200001 34.639999 48.320000
v 35.200001 34.639999 48.480000
v 35.200001 34.639999 48.639999
v 35.200001 34.639999 48.799999
v 35.200001 34.639999 48.959999
v 35.200001 34.639999 49.119999
v 35.200001 34.639999 49.279999
v 35.119999 34.719997 49.439999
v 35.200001 34.719997 49.360001
v 35.119999 34.719997 49.599998
v 35.119999 34.880001 46.559998
v 35.200001 34.880001 46.639999
v 35.200001 34.799999 46.719997
v 35.200001 34.799999 47.520000
v 35.200001 34.799999 49.439999
v 35.200001 34.799999 49.599998
v 35.200001 34.799999 49.759998
v 35.200001 34.799999 49.919998
v 35.119999 34.880001 50.079998
v 35.200001 34.880001 50.000000
v 35.119999 34.880001 50.239998
v 35.119999 35.040001 46.399998
v 35.200001 35.040001 46.480000
v 35.200001 34.959999 46.559998
v 35.200001 34.959999 50.079998
v 35.200001 34.959999 50.239998
v 35.200001 34.959999 50.559998
v 35.200001 35.040001 50.639999
v 35.119999 35.200001 46.399998
v 35.200001 35.119999 50.719997
v 35.200001 35.200001 50.799999
v 35.119999 35.360001 46.399998
v 35.200001 35.279999 50.879997
v 35.119999 35.520000 46.399998
v 35.119999 35.520000 48.320000
v 35.119999 35.520000 48.480000
v 35.119999 35.520000 48.639999
v 35.119999 35.520000 48.799999
v 35.119999 35.520000 48.959999
v 35.119999 35.680000 46.399998
v 35.200001 35.680000 46.480000
v 35.200001 35.599998 48.320000
v 35.200001 35.680000 48.239998
v 35.200001 35.599998 48.480000
v 35.200001 35.599998 48.639999
v 35.200001 35.599998 48.799999
v 35.200001 35.599998 48.959999
v 35.200001 35.680000 49.039997
v 35.200001 35.680000 51.279999
v 35.119999 35.840000 46.399998
v 35.200001 35.840000 46.480000
v 35.200001 35.840000 49.039997
v 35.200001 36.000000 51.279999
v 35.119999 36.000000 46.399998
v 35.200001 36.000000 46.480000
v 35.200001 36.000000 49.039997
v 35.119999 36.000000 51.360001
v 35.200001 36.160000 46.480000
v 35.200001 36.079998 47.840000
v 35.200001 36.160000 47.759998
v 35.200001 36.079998 48.000000
v 35.200001 36.079998 48.160000
v 35.200001 36.160000 48.719997
v 35.200001 36.079998 48.799999
v 35.200001 36.079998 48.959999
v 35.200001 36.160000 49.680000
v 35.200001 36.079998 50.239998
v 35.200001 36.320000 47.759998
v 35.200001 36.320000 49.680000
v 35.200001 36.320000 50.320000
v 35.200001 36.480000 47.759998
v 35.200001 36.639999 48.719997
v 35.119999 36.480000 49.599998
v 35.200001 36.480000 49.680000
v 35.200001 36.399998 50.399998
v 35.119999 36.480000 50.559998
v 35.200001 36.480000 50.480000
v 35.119999 36.480000 50.719997
v 35.200001 36.639999 47.759998
v 35.119999 36.639999 48.799999
v 35.119999 36.639999 48.959999
v 35.119999 36.639999 49.119999
v 35.119999 36.639999 49.279999
v 35.119999 36.639999 49.439999
v 35.119999 36.639999 49.599998
v 35.200001 36.639999 49.680000
v 35.200001 36.559998 50.559998
v 35.200001 36.559998 50.719997
v 35.200004 36.640003 50.799999
v 35.200001 36.719997 48.799999
v 35.200001 36.719997 49.119999
v 35.119999 36.799999 49.279999
v 35.200001 36.799999 49.200001
v 35.119999 36.799999 49.599998
v 35.200001 36.799999 49.680000
v 35.200001 36.880001 47.039997
v 35.200001 36.959999 47.119999
v 35.200001 36.959999 47.919998
v 35.200001 36.880001 49.279999
v 35.200001 36.959999 50.799999
v 35.200001 37.040001 47.200001
v 35.200001 37.119999 47.279999
v 35.200001 37.360001 48.320000
v 35.200001 37.439999 48.399998
v 35.200001 37.439999 50.799999
v 35.200001 37.439999 51.439999
v 35.200001 37.599998 47.599998
v 35.200001 37.520000 48.480000
v 35.200001 37.599998 48.559998
v 35.119999 37.599998 50.399998
v 35.200001 37.599998 50.480000
v 35.200001 37.520000 50.559998
v 35.200001 37.520000 50.719997
v 35.200001 37.520000 51.360001
v 35.200001 37.599998 51.279999
v 35.200001 37.680000 48.639999
v 35.200001 37.759998 48.719997
v 35.119999 37.759998 49.919998
v 35.119999 37.759998 50.079998
v 35.200001 37.759998 50.160000
v 35.200001 37.680000 50.239998
v 35.200001 37.680000 50.399998
v 35.200001 37.759998 51.279999
v 35.200001 37.840000 48.799999
v 35.200001 37.919998 49.520000
v 35.200001 37.840000 49.599998
v 35.200001 37.840000 49.759998
v 35.200001 37.840000 49.919998
v 35.200001 37.840000 50.079998
v 35.200001 37.840000 51.199997
v 35.200001 37.919998 51.119999
v 35.200001 38.079998 47.919998
v 35.200001 38.000000 49.439999
v 35.200001 38.079998 51.119999
v 35.200001 38.160000 51.039997
v 35.200001 38.239998 50.959999
v 35.360001 38.399998 48.079998
v 35.200001 38.320000 50.879997
v 35.200001 38.480000 50.719997
v 35.200001 38.559998 50.639999
v 35.200001 38.639999 50.559998
v 35.200001 38.799999 48.320000
v 35.119999 38.879997 48.480000
v 35.200001 38.879997 48.399998
v 35.119999 38.879997 48.639999
v 35.119999 38.879997 50.079998
v 35.200001 38.799999 50.399998
v 35.200001 38.959999 48.480000
v 35.200001 38.959999 48.639999
v 35.200001 38.959999 48.799999
v 35.119999 39.040001 48.959999
v 35.200001 39.040001 48.879997
v 35.119999 39.040001 49.119999
v 35.119999 39.040001 49.279999
v 35.119999 39.040001 49.439999
v 35.119999 39.040001 49.599998
v 35.200001 39.040001 49.680000
v 35.200001 38.959999 49.759998
v 35.200001 38.959999 49.919998
v 35.200001 38.959999 50.079998
v 35.200001 38.959999 50.239998
v 35.200001 39.119999 48.959999
v 35.200001 39.119999 49.119999
v 35.200001 39.119999 49.279999
v 35.200001 39.119999 49.439999
v 35.200001 39.119999 49.599998
v 35.279999 34.719997 47.680000
v 35.279999 34.719997 47.840000
v 35.360001 34.719997 47.919998
v 35.360001 34.639999 48.000000
v 35.360001 34.639999 49.119999
v 35.279999 34.719997 49.279999
v 35.360001 34.719997 49.200001
v 35.360001 34.880001 46.639999
v 35.360001 34.799999 46.719997
v 35.360001 34.799999 46.879997
v 35.360001 34.799999 47.039997
v 35.360001 34.799999 47.200001
v 35.360001 34.799999 47.680000
v 35.360001 34.799999 47.840000
v 35.360001 34.799999 49.759998
v 35.279999 34.880001 49.919998
v 35.360001 34.880001 49.840000
v 35.360001 35.040001 46.480000
v 35.360001 34.959999 46.559998
v 35.360001 34.959999 49.919998
v 35.360001 34.959999 50.079998
v 35.360001 34.959999 50.239998
v 35.360001 34.959999 50.399998
v 35.279999 35.040001 50.559998
v 35.360001 35.040001 50.480000
v 35.520000 35.200001 46.480000
v 35.360001 35.119999 50.559998
v 35.279999 35.200001 50.719997
v 35.360001 35.200001 50.639999
v 35.360001 35.279999 50.719997
v 35.360001 35.279999 50.879997
v 35.360001 35.360001 50.959999
v 35.360001 35.439999 51.039997
v 35.360001 35.520000 51.119999
v 35.279999 35.680000 48.320000
v 35.279999 35.680000 48.639999
v 35.279999 35.680000 48.799999
v 35.279999 35.680000 48.959999
v 35.279999 35.680000 51.199997
v 35.360001 35.680000 51.119999
v 35.279999 35.840000 48.959999
v 35.360001 35.759998 51.199997
v 35.360001 35.840000 51.279999
v 35.279999 36.000000 48.320000
v 35.279999 36.000000 48.480000
v 35.279999 36.000000 48.799999
v 35.279999 36.000000 48.959999
v 35.360001 36.160000 46.480000
v 35.360001 36.079998 47.840000
v 35.360001 36.160000 47.759998
v 35.360001 36.079998 48.000000
v 35.360001 36.079998 48.160000
v 35.360001 36.079998 48.320000
v 35.360001 36.079998 48.480000
v 35.279999 36.160000 48.639999
v 35.360001 36.160000 48.559998
v 35.279999 36.160000 49.759998
v 35.279999 36.160000 49.919998
v 35.279999 36.160000 50.079998
v 35.279999 36.160000 50.239998
v 35.200001 36.080006 51.360009
v 35.200001 36.160000 51.439999
v 35.360001 36.239998 46.559998
v 35.360001 36.320000 46.639999
v 35.360001 36.320000 47.759998
v 35.360001 36.320000 48.559998
v 35.279999 36.320000 49.759998
v 35.279999 36.320000 50.239998
v 35.360001 36.399998 46.719997
v 35.360001 36.480000 46.799999
v 35.360001 36.480000 47.759998
v 35.360001 36.480000 48.559998
v 35.360001 36.480000 49.680000
v 35.360001 36.399998 50.239998
v 35.279999 36.480000 50.399998
v 35.360001 36.480000 50.320000
v 35.360001 36.639999 47.759998
v 35.360001 36.639999 48.559998
v 35.360001 36.559998 50.399998
v 35.360001 36.559998 50.559998
v 35.279999 36.639999 50.719997
v 35.360001 36.639999 50.639999
v 35.360001 36.799999 46.959999
v 35.360001 36.719997 47.840000
v 35.360001 36.799999 47.919998
v 35.360001 36.719997 48.639999
v 35.360001 36.719997 49.119999
v 35.360001 36.799999 49.200001
v 35.680000 36.799999 49.680000
v 35.360001 36.719997 50.719997
v 35.360001 36.799999 50.799999
v 35.360001 36.880001 47.039997
v 35.360001 36.959999 47.119999
v 35.360001 36.959999 47.919998
v 35.360001 36.880001 49.279999
v 35.200001 36.880001 49.599998
v 35.360001 37.040001 47.200001
v 35.360001 37.119999 47.279999
v 35.360001 37.360001 47.360001
v 35.360001 37.439999 47.439999
v 35.360001 37.360001 48.320000
v 35.360001 37.360001 48.480000
v 35.279999 37.439999 48.480000
v 35.360001 37.439999 48.559998
v 35.360001 37.439999 50.799999
v 35.360001 37.520000 47.520000
v 35.360001 37.599998 47.599998
v 35.360001 37.599998 48.559998
v 35.279999 37.599998 50.559998
v 35.360001 37.599998 50.639999
v 35.360001 37.520000 50.719997
v 35.279999 37.599998 51.360001
v 35.360001 37.599998 51.439999
v 35.360001 37.680000 48.639999
v 35.360001 37.759998 48.719997
v 35.360001 37.759998 50.160000
v 35.360001 37.680000 50.239998
v 35.360001 37.680000 50.559998
v 35.360001 37.680000 51.360001
v 35.360001 37.759998 51.279999
v 35.360001 37.919998 47.759998
v 35.360001 37.919998 48.719997
v 35.279999 37.919998 49.599998
v 35.360001 37.840000 50.079998
v 35.279999 37.919998 51.199997
v 35.360001 37.919998 51.279999
v 35.360001 38.000000 47.840000
v 35.360001 38.079998 47.919998
v 35.360001 38.000000 48.799999
v 35.360001 38.000000 48.959999
v 35.360001 38.000000 49.599998
v 35.360001 38.000000 49.759998
v 35.360001 38.000000 49.919998
v 35.360001 38.000000 51.199997
v 35.360001 38.079998 51.119999
v 35.360001 38.239998 47.919998
v 35.360001 38.160000 51.039997
v 35.360001 38.239998 50.959999
v 35.360001 38.399998 50.959999
v 35.360001 38.480000 50.719997
v 35.360001 38.559998 50.639999
v 35.360001 38.480000 50.879997
v 35.360001 38.719997 50.639999
v 35.360001 38.879997 48.399998
v 35.360001 38.799999 50.399998
v 35.360001 38.799999 50.559998
v 35.520000 38.959999 48.480000
v 35.279999 39.040001 48.799999
v 35.360001 39.040001 48.719997
v 35.279999 39.040001 49.759998
v 35.279999 39.040001 49.919998
v 35.360001 38.959999 50.079998
v 35.360001 39.119999 48.799999
v 35.360001 39.119999 48.959999
v 35.360001 39.119999 49.119999
v 35.360001 39.119999 49.279999
v 35.360001 39.119999 49.439999
v 35.360001 39.119999 49.599998
v 35.360001 39.119999 49.759998
v 35.360001 39.119999 49.919998
v 35.439999 34.719997 48.000000
v 35.520000 34.719997 48.079998
v 35.520000 34.639999 48.160000
v 35.520000 34.639999 48.959999
v 35.439999 34.880001 46.719997
v 35.439999 34.880001 46.879997
v 35.439999 34.880001 47.039997
v 35.439999 34.880001 47.200001
v 35.520000 34.880001 47.279999
v 35.520000 34.799999 47.360001
v 35.520000 34.799999 48.000000
v 35.520000 34.799999 49.599998
v 35.439999 34.880001 49.759998
v 35.520000 34.880001 49.680000
v 35.439999 35.040001 46.559998
v 35.520000 35.040001 46.639999
v 35.520000 34.959999 46.719997
v 35.520000 34.959999 46.879997
v 35.520000 34.959999 47.039997
v 35.520000 34.959999 47.200001
v 35.520000 34.959999 49.759998
v 35.520000 34.959999 49.919998
v 35.520000 34.959999 50.079998
v 35.520000 34.959999 50.239998
v 35.520000 34.959999 50.399998
v 35.520000 35.119999 46.559998
v 35.520000 35.279999 50.719997
v 35.520000 35.279999 50.879997
v 35.520000 35.360001 50.959999
v 35.439999 35.520000 51.039997
v 35.520000 35.520000 50.959999
v 35.520000 35.599998 51.039997
v 35.520000 35.680000 51.119999
v 35.520000 35.759998 51.199997
v 35.520000 35.840000 51.279999
v 35.520000 36.000000 46.480000
v 35.520000 36.079998 46.559998
v 35.439999 36.160000 46.559998
v 35.520000 36.160000 46.639999
v 35.439999 36.160000 47.840000
v 35.439999 36.160000 48.000000
v 35.439999 36.160000 48.480000
v 35.439999 36.320000 46.719997
v 35.520000 36.239998 46.719997
v 35.520000 36.320000 46.799999
v 35.439999 36.320000 47.840000
v 35.520000 36.320000 47.919998
v 35.520000 36.239998 48.000000
v 35.520000 36.239998 48.160000
v 35.520000 36.239998 48.320000
v 35.520000 36.239998 48.480000
v 35.520024 36.320024 48.559998
v 35.520000 36.480000 46.799999
v 35.520000 36.639999 47.919998
v 35.520000 36.399998 49.759998
v 35.520000 36.480000 50.320000
v 35.520000 36.559998 46.879997
v 35.520000 36.639999 46.959999
v 35.439999 36.639999 47.840000
v 35.520000 36.639999 48.559998
v 35.439999 36.639999 50.399998
v 35.520000 36.639999 50.320000
v 35.439999 36.639999 50.559998
v 35.520000 36.719997 47.039997
v 35.439999 36.799999 47.039997
v 35.520000 36.799999 47.119999
v 35.520000 36.799999 47.919998
v 35.520000 36.719997 48.639999
v 35.520000 36.719997 48.799999
v 35.520000 36.719997 48.959999
v 35.520000 36.719997 49.119999
v 35.520000 36.799999 49.200001
v 35.520000 36.719997 50.399998
v 35.520000 36.719997 50.559998
v 35.520000 36.719997 50.719997
v 35.520000 36.799999 50.799999
v 35.520000 36.959999 47.119999
v 35.520000 36.959999 47.919998
v 35.520000 36.880001 49.279999
v 35.520000 36.959999 50.799999
v 35.520000 37.040001 47.200001
v 35.520000 37.119999 47.279999
v 35.520000 37.040001 48.000000
v 35.520000 37.119999 48.079998
v 35.680000 37.119999 50.799999
v 35.520000 37.279999 47.279999
v 35.520000 37.279999 48.239998
v 35.520000 37.360001 47.360001
v 35.439999 37.439999 47.520000
v 35.520000 37.360001 47.520000
v 35.520000 37.439999 47.599998
v 35.520000 37.360001 48.320000
v 35.520000 37.360001 48.480000
v 35.520000 37.439999 48.559998
v 35.520000 37.439999 50.799999
v 35.520000 37.599998 48.559998
v 35.520000 37.599998 51.439999
v 35.520000 37.680000 48.639999
v 35.520000 37.759998 48.719997
v 35.520000 37.759998 50.320000
v 35.520000 37.680000 50.399998
v 35.680000 37.680000 50.559998
v 35.520000 37.680000 51.360001
v 35.520000 37.759998 51.279999
v 35.439999 38.079998 47.840000
v 35.520000 38.079998 47.759998
v 35.520000 38.000000 48.799999
v 35.520000 38.160000 48.959999
v 35.439999 38.079998 49.759998
v 35.520000 38.079998 49.840000
v 35.520000 38.000000 49.919998
v 35.439999 38.079998 51.199997
v 35.520000 38.079998 51.279999
v 35.520000 38.160000 47.840000
v 35.520000 38.239998 47.919998
v 35.520000 38.160000 48.959999
v 35.520000 38.160000 49.279999
v 35.520000 38.160000 49.599998
v 35.520000 38.160000 49.759998
v 35.520000 38.239998 51.119999
v 35.520000 38.160000 51.199997
v 35.520000 38.399998 47.919998
v 35.520000 38.399998 50.959999
v 35.520000 38.480000 48.000000
v 35.520000 38.559998 48.079998
v 35.520000 38.480000 50.879997
v 35.520000 38.719997 48.239998
v 35.520000 38.639999 50.719997
v 35.520000 38.719997 50.639999
v 35.520000 38.799999 48.320000
v 35.520000 38.879997 48.399998
v 35.520000 38.799999 50.399998
v 35.520000 38.879997 50.320000
v 35.520000 38.799999 50.559998
v 35.439999 39.040001 48.639999
v 35.520000 39.040001 48.559998
v 35.520000 38.959999 50.239998
v 35.520000 39.119999 48.639999
v 35.520000 39.119999 48.799999
v 35.439999 39.200001 48.959999
v 35.520000 39.200001 48.879997
v 35.439999 39.200001 49.119999
v 35.439999 39.200001 49.279999
v 35.439999 39.200001 49.439999
v 35.439999 39.200001 49.599998
v 35.439999 39.200001 49.759998
v 35.520000 39.200001 49.840000
v 35.520000 39.119999 49.919998
v 35.520000 39.119999 50.079998
v 35.520000 39.279999 48.959999
v 35.520000 39.279999 49.599998
v 35.520000 39.279999 49.759998
v 35.599998 34.719997 48.160000
v 35.680000 34.719996 48.239999
v 35.680000 34.639999 48.320000
v 35.680000 34.639999 48.959999
v 35.599998 34.880001 47.360001
v 35.680000 34.880001 47.439999
v 35.680000 34.799999 47.520000
v 35.680000 34.799999 47.680000
v 35.680000 34.799999 48.160000
v 35.520000 34.799999 49.119999
v 35.680000 34.799999 49.599998
v 35.680000 34.880001 49.680000
v 35.680000 35.040001 46.639999
v 35.680000 34.959999 46.719997
v 35.680000 34.959999 46.879997
v 35.680000 34.959999 47.039997
v 35.680000 34.959999 47.200001
v 35.680000 34.959999 47.360001
v 35.680000 34.959999 49.759998
v 35.680000 34.959999 49.919998
v 35.680000 34.959999 50.079998
v 35.680000 34.959999 50.239998
v 35.680000 34.959999 50.399998
v 35.599998 35.200001 46.559998
v 35.680000 35.200001 46.639999
v 35.680000 35.360001 46.639999
v 35.680000 35.279999 50.719997
v 35.599998 35.360001 50.879997
v 35.680000 35.360001 50.799999
v 35.680000 35.520000 46.480000
v 35.680000 35.439999 46.559998
v 35.680000 35.439999 50.879997
v 35.680000 35.520000 50.959999
v 35.680000 35.680000 46.480000
v 35.680000 35.599998 51.039997
v 35.680000 35.680000 51.119999
v 35.680000 35.840000 46.480000
v 35.599998 35.840000 51.199997
v 35.680000 35.840000 51.119999
v 35.680000 36.000000 46.480000
v 35.680000 35.919998 51.199997
v 35.680000 36.000000 51.279999
v 35.680000 36.079998 46.559998
v 35.680000 36.160000 46.639999
v 35.680000 36.079998 51.360001
v 35.680000 36.160000 51.439999
v 35.680000 36.320000 46.799999
v 35.599998 36.320000 48.000000
v 35.599998 36.320000 48.160000
v 35.599998 36.320000 48.320000
v 35.599998 36.320000 48.480000
v 35.680000 36.399998 46.879997
v 35.599998 36.480000 46.879997
v 35.680000 36.480000 46.959999
v 35.680000 36.399998 48.000000
v 35.680000 36.480000 47.919998
v 35.680000 36.399998 48.160000
v 35.680000 36.399998 48.320000
v 35.680000 36.399998 48.480000
v 35.680000 36.480000 48.559998
v 35.599998 36.480000 49.759998
v 35.680000 36.480000 49.840000
v 35.680000 36.399998 49.919998
v 35.680000 36.480000 50.320000
v 35.680000 36.639999 46.959999
v 35.680000 36.639999 47.919998
v 35.599998 36.639999 49.759998
v 35.680000 36.639999 49.840000
v 35.680000 36.639999 50.320000
v 35.680000 36.719997 47.039997
v 35.680000 36.799999 47.119999
v 35.680000 36.799999 47.919998
v 35.599998 36.799999 48.639999
v 35.680000 36.799999 48.559998
v 35.599998 36.799999 48.799999
v 35.599998 36.799999 48.959999
v 35.599998 36.799999 49.119999
v 35.680000 36.719997 49.759998
v 35.680000 36.719997 50.399998
v 35.599998 36.799999 50.559998
v 35.680000 36.799999 50.480000
v 35.599998 36.799999 50.719997
v 35.680000 36.880001 47.200001
v 35.599998 36.959999 47.200001
v 35.680000 36.959999 47.279999
v 35.680000 36.959999 47.919998
v 35.599998 36.959999 48.639999
v 35.680000 36.959999 48.559998
v 35.599998 36.959999 48.799999
v 35.680000 36.959999 48.879997
v 35.680000 36.880001 48.959999
v 35.680000 36.880001 49.119999
v 35.680000 36.880001 49.279999
v 35.680000 36.880001 50.559998
v 35.599998 36.959999 50.719997
v 35.680000 36.959999 50.639999
v 35.680000 37.119999 47.279999
v 35.680000 37.040001 48.000000
v 35.680000 37.040001 48.160000
v 35.599998 37.119999 48.160000
v 35.599998 37.119999 48.320000
v 35.680000 37.040001 48.480000
v 35.599998 37.119999 48.480000
v 35.599998 37.119999 48.639999
v 35.599998 37.119999 48.799999
v 35.680000 37.119999 48.879997
v 35.680000 37.040001 50.719997
v 35.680000 37.200001 47.360001
v 35.599998 37.279999 47.360001
v 35.680000 37.279999 47.439999
v 35.599998 37.279999 48.320000
v 35.599998 37.279999 48.480000
v 35.599998 37.279999 48.639999
v 35.599998 37.279999 48.799999
v 35.680000 37.279999 48.879997
v 35.680000 37.279999 50.799999
v 35.680000 37.360001 47.520000
v 35.680000 37.439999 47.599998
v 35.599998 37.439999 48.639999
v 35.599998 37.439999 48.799999
v 35.680000 37.439999 48.879997
v 35.680000 37.439999 50.799999
v 35.599998 37.599998 48.639999
v 35.680000 37.599998 48.719997
v 35.680000 37.520000 48.799999
v 35.680000 37.759998 50.320000
v 35.680000 37.680000 50.399998
v 35.599998 37.759998 51.360001
v 35.680000 37.759998 51.439999
v 35.680000 37.919998 50.320000
v 35.680000 37.840000 51.360001
v 35.680000 37.919998 51.279999
v 35.599998 38.079998 49.919998
v 35.680000 38.079998 50.000000
v 35.680000 38.000000 50.079998
v 35.680000 38.079998 51.279999
v 35.599998 38.239998 47.840000
v 35.680000 38.239998 47.759998
v 35.680000 38.160000 49.119999
v 35.599998 38.239998 49.279999
v 35.680000 38.239998 49.200001
v 35.680000 38.160000 49.919998
v 35.680000 38.160000 51.199997
v 35.680000 38.239998 51.119999
v 35.680000 38.320000 47.840000
v 35.680000 38.399998 47.919998
v 35.680000 38.320000 49.279999
v 35.680000 38.320000 49.439999
v 35.680000 38.320000 49.599998
v 35.680000 38.639999 50.719997
v 35.680000 38.719997 50.639999
v 35.680000 38.879997 48.239998
v 35.599998 38.879997 50.399998
v 35.680000 38.879997 50.639999
v 35.680000 38.959999 48.320000
v 35.599998 39.040001 48.480000
v 35.680000 39.040001 48.399998
v 35.679659 39.040015 50.319645
v 35.680000 38.959999 50.399998
v 35.680000 38.959999 50.559998
v 35.680000 39.119999 48.480000
v 35.680000 39.119999 48.639999
v 35.599998 39.200001 48.799999
v 35.680000 39.200001 48.719997
v 35.599998 39.200001 49.919998
v 35.680000 39.200001 50.000000
v 35.680000 39.119999 50.079998
v 35.680000 39.119999 50.239998
v 35.680000 39.279999 48.799999
v 35.680000 39.279999 49.119999
v 35.599998 39.360001 49.279999
v 35.680000 39.360001 49.200001
v 35.600001 39.360003 49.599998
v 35.680000 39.279999 49.759998
v 35.680000 39.279999 49.919998
v 35.680000 39.439999 49.279999
v 35.680000 39.439999 49.439999
v 35.680000 39.439999 49.599998
v 35.840000 34.639999 48.320000
v 35.840000 34.639999 48.959999
v 35.759998 34.880001 47.520000
v 35.759998 34.880001 47.680000
v 35.840000 34.799999 49.599998
v 35.840000 34.880001 49.680000
v 35.759998 35.040001 46.719997
v 35.840000 35.040001 46.799999
v 35.840000 34.959999 46.879997
v 35.840000 34.959999 47.039997
v 35.840000 34.959999 47.200001
v 35.840000 34.959999 47.360001
v 35.840000 34.959999 47.520000
v 35.840000 34.959999 47.680000
v 35.840000 34.959999 49.759998
v 35.840000 34.959999 49.919998
v 35.840000 34.959999 50.079998
v 35.840000 34.959999 50.239998
v 35.840000 34.959999 50.399998
v 35.840000 35.200001 46.639999
v 35.840000 35.119999 46.719997
v 36.000000 35.119999 50.559998
v 35.840000 35.360001 46.639999
v 35.759998 35.520000 46.559998
v 35.840000 35.520000 46.639999
v 35.759998 35.520000 50.879997
v 35.840000 35.520000 50.799999
v 35.840000 35.599998 50.879997
v 35.759998 35.680000 51.039997
v 35.840000 35.680000 50.959999
v 35.840000 35.759998 51.039997
v 35.840000 35.840000 51.119999
v 35.840000 36.000000 46.639999
v 36.000000 36.000000 51.279999
v 35.840000 36.160000 46.639999
v 35.759998 36.160000 51.360001
v 35.840000 36.160000 51.279999
v 35.840000 36.239998 51.360001
v 35.840000 36.320000 51.439999
v 35.840000 36.480000 46.959999
v 35.759998 36.480000 48.000000
v 35.759998 36.480000 48.160000
v 35.759998 36.480000 48.320000
v 35.759998 36.480000 48.480000
v 35.840000 36.480000 49.840000
v 35.840000 36.480000 50.320000
v 35.840000 36.639999 46.959999
v 35.759998 36.639999 48.000000
v 35.840000 36.639999 48.079998
v 35.840000 36.559998 48.160000
v 35.840000 36.559998 48.320000
v 35.840000 36.559998 48.480000
v 35.840000 36.639999 48.559998
v 35.840000 36.639999 49.840000
v 35.840000 36.719997 47.039997
v 35.840000 36.880001 47.200001
v 35.759998 36.799999 48.000000
v 35.840000 36.799999 48.079998
v 35.840000 36.719997 49.759998
v 35.759998 36.799999 50.399998
v 35.840000 36.959999 47.279999
v 35.759998 36.959999 48.000000
v 35.840000 36.959999 48.079998
v 35.840000 36.959999 48.559998
v 35.840000 36.880001 48.959999
v 35.840000 36.959999 48.879997
v 35.840000 36.880001 49.119999
v 35.840000 36.880001 49.279999
v 35.840000 36.880001 49.439999
v 36.000000 36.880001 49.599998
v 35.840000 36.880001 50.399998
v 35.759998 36.959999 50.559998
v 35.840000 36.959999 50.480000
v 35.840000 37.040001 48.160000
v 35.840000 37.040001 48.320000
v 35.840000 37.040001 48.480000
v 35.840000 37.119999 48.879997
v 35.840000 37.040001 50.559998
v 35.840000 37.040001 50.719997
v 35.840000 37.119999 50.799999
v 35.840000 37.200010 50.880006
v 35.840000 37.439999 47.599998
v 35.759998 37.439999 50.879997
v 35.840000 37.520000 48.799999
v 35.840000 37.599998 48.719997
v 35.759998 37.599998 50.879997
v 35.840000 37.599998 50.959999
v 35.759998 37.759998 50.399998
v 35.759998 37.759998 50.559998
v 35.759998 37.759998 50.719997
v 35.840000 37.759998 51.439999
v 35.759998 37.919998 50.399998
v 35.840000 38.000000 50.399998
v 35.840000 37.840000 50.559998
v 35.840000 37.840000 50.719997
v 35.840000 38.079998 50.000000
v 35.840000 38.000000 50.079998
v 35.840000 38.000000 50.239998
v 35.840000 38.079998 51.279999
v 35.840000 38.160000 48.959999
v 35.759998 38.239998 49.119999
v 35.840000 38.239998 49.039997
v 35.840000 38.160000 49.919998
v 35.840000 38.320000 49.119999
v 36.000000 38.320000 49.759998
v 35.840000 38.320000 49.759998
v 35.840000 38.559998 48.079998
v 35.840000 38.719997 48.239998
v 35.759998 38.719997 50.719997
v 35.840000 38.719997 50.799999
v 35.840000 38.639999 50.879997
v 35.840000 38.639999 51.039997
v 35.840000 38.879997 48.239998
v 35.840000 38.799999 50.719997
v 35.840000 38.879997 50.639999
v 35.840000 38.959999 48.320000
v 35.840000 39.040001 48.399998
v 35.840000 38.959999 50.559998
v 35.840000 39.119999 48.480000
v 35.759998 39.200001 48.639999
v 35.879999 39.200001 48.519999
v 35.759998 39.200001 50.079998
v 35.840000 39.200001 50.160000
v 35.840000 39.119999 50.239998
v 35.840000 39.119999 50.399998
v 35.840000 39.279999 48.639999
v 35.759998 39.360001 48.799999
v 35.840000 39.360001 48.719997
v 35.759998 39.360001 48.959999
v 35.759998 39.360001 49.119999
v 35.840000 39.360001 49.840000
v 35.840000 39.279999 49.919998
v 35.840000 39.279999 50.079998
v 35.840000 39.439999 48.799999
v 35.840000 39.439999 48.959999
v 35.840000 39.439999 49.119999
v 35.840000 39.439999 49.279999
v 35.840000 39.439999 49.439999
v 35.840000 39.439999 49.599998
v 36.000000 34.719997 48.239998
v 36.000000 34.639999 48.320000
v 36.000000 34.639999 48.959999
v 36.000000 34.719997 49.039997
v 36.000000 34.799999 49.119999
v 36.000000 34.799999 49.599998
v 36.000000 34.880001 49.680000
v 36.000000 35.040001 46.799999
v 36.000000 34.959999 46.879997
v 36.000000 34.959999 47.039997
v 36.000000 34.959999 47.200001
v 36.000000 34.959999 47.360001
v 36.000000 34.959999 47.520000
v 36.000000 34.959999 47.680000
v 36.000000 34.959999 49.759998
v 36.000000 34.959999 49.919998
v 36.000000 34.959999 50.079998
v 36.000000 34.959999 50.239998
v 36.000000 34.959999 50.399998
v 36.000000 35.040001 50.480000
v 35.919998 35.200001 46.719997
v 36.000000 35.200001 46.799999
v 36.000000 35.360001 46.639999
v 36.000000 35.279999 46.719997
v 36.000000 35.520000 46.639999
v 36.000000 35.759998 51.039997
v 36.000000 35.840000 51.119999
v 36.000000 36.000000 46.639999
v 36.000000 36.079998 46.719997
v 36.000000 36.160000 46.799999
v 36.000000 36.160000 51.279999
v 36.000000 36.239998 46.879997
v 36.000000 36.239998 51.360001
v 36.160000 36.480000 46.959999
v 36.000000 36.399998 49.919998
v 36.000000 36.480000 49.840000
v 36.000000 36.399998 50.239998
v 36.000000 36.480000 50.320000
v 36.000000 36.639999 46.959999
v 35.919998 36.639999 48.160000
v 35.919998 36.639999 48.320000
v 35.919998 36.639999 48.480000
v 36.000000 36.719997 47.039997
v 36.000000 36.799999 47.119999
v 35.919998 36.799999 48.160000
v 35.919998 36.799999 48.320000
v 35.919998 36.799999 48.480000
v 36.000000 36.880001 47.200001
v 36.000000 36.959999 47.279999
v 35.919998 36.959999 48.160000
v 35.919998 36.959999 48.320000
v 35.919998 36.959999 48.480000
v 35.919998 36.959999 48.959999
v 35.919998 36.959999 49.119999
v 35.919998 36.959999 49.279999
v 35.919998 36.959999 49.439999
v 36.000000 36.959999 49.520000
v 36.000000 36.880001 50.399998
v 36.000000 36.959999 50.480000
v 35.919998 37.119999 48.959999
v 35.919998 37.119999 49.119999
v 35.919998 37.119999 49.279999
v 35.919998 37.119999 49.439999
v 36.000000 37.119999 49.520000
v 36.000000 37.040001 50.559998
v 36.000000 37.040001 50.719997
v 36.000000 37.119999 50.799999
v 36.000000 37.200001 48.959999
v 36.000000 37.279999 48.879997
v 36.000000 37.200001 49.119999
v 36.000000 37.200001 49.279999
v 36.000000 37.200001 49.439999
v 35.840000 37.279999 50.959999
v 36.000000 37.439999 47.599998
v 36.000000 37.439999 48.879997
v 36.000000 37.520000 48.799999
v 36.000000 37.599998 48.719997
v 36.000000 37.759998 50.959999
v 36.000000 37.759998 51.439999
v 36.000000 37.919998 48.719997
v 36.160000 37.840000 50.559998
v 36.000000 37.840000 50.879997
v 35.919998 38.079998 50.079998
v 36.000000 38.160000 50.239998
v 36.000000 38.000000 50.399998
v 36.000000 38.079998 51.279999
v 36.160000 38.239998 47.759998
v 36.000000 38.160000 48.959999
v 36.000000 38.239998 49.039997
v 36.000000 38.239998 50.000000
v 36.000000 38.160000 50.079998
v 36.000000 38.160000 50.239998
v 36.000000 38.160000 51.199997
v 36.000000 38.239998 51.119999
v 36.000000 38.399998 47.919998
v 36.000000 38.320000 49.119999
v 36.000000 38.320000 49.919998
v 36.000000 38.480000 48.000000
v 36.000000 38.559998 48.079998
v 36.000000 38.719997 48.079998
v 36.000000 38.639999 50.879997
v 36.000000 38.719997 50.799999
v 36.000000 38.639999 51.039997
v 36.000000 38.879997 48.239998
v 35.919998 38.879997 50.719997
v 36.000000 38.879997 50.799999
v 35.919998 39.040001 48.320000
v 36.000000 39.040001 48.239998
v 36.000000 39.040001 50.639999
v 36.000000 38.959999 50.719997
v 36.000000 39.119999 48.320000
v 36.000000 39.200001 48.399998
v 35.919998 39.200001 50.239998
v 36.000000 39.200001 50.320000
v 36.000000 39.119999 50.399998
v 36.000000 39.119999 50.559998
v 36.000000 39.279999 48.480000
v 36.000000 39.279999 48.639999
v 36.000000 39.360001 48.719997
v 35.919998 39.360001 49.919998
v 36.000000 39.360001 50.000000
v 36.000000 39.279999 50.079998
v 36.000000 39.279999 50.239998
v 36.000000 39.439999 48.799999
v 35.920007 39.520010 48.959999
v 35.919998 39.520000 49.599998
v 36.000000 39.520000 49.680000
v 36.160000 39.439999 49.919998
v 36.160000 39.439999 50.079998
v 36.000000 39.599998 48.959999
v 36.000000 39.599998 49.599998
v 36.320000 34.639999 49.119999
v 36.160000 34.639999 49.119999
v 36.079998 34.719997 49.119999
v 36.160000 34.719997 49.200001
v 35.840002 34.799999 47.840000
v 36.160000 34.799999 49.279999
v 36.160000 34.799999 49.599998
v 36.160000 34.880001 49.680000
v 36.079998 35.040001 46.879997
v 36.079998 35.040001 47.039997
v 36.079998 35.040001 47.200001
v 36.160000 35.040001 47.279999
v 36.160000 34.959999 47.360001
v 36.160000 34.959999 47.520000
v 36.160000 34.959999 47.680000
v 36.160000 34.959999 49.759998
v 36.160000 34.959999 49.919998
v 36.160000 34.959999 50.079998
v 36.160000 34.959999 50.239998
v 36.079998 35.040001 50.399998
v 36.160000 35.040001 50.320000
v 36.160000 35.200001 46.799999
v 36.160000 35.119999 46.879997
v 36.160000 35.119999 47.200001
v 36.160000 35.119999 50.399998
v 36.160000 35.119999 50.559998
v 36.160000 35.200001 50.639999
v 36.079998 35.360001 46.719997
v 36.160000 35.360001 46.799999
v 36.160000 35.279999 50.719997
v 36.160000 35.360001 50.799999
v 36.079998 35.520000 46.719997
v 36.160000 35.520000 46.799999
v 36.160000 35.680000 46.639999
v 36.160000 35.599998 46.719997
v 36.160000 35.680000 50.959999
v 36.160000 35.840000 46.639999
v 36.160000 35.759998 51.039997
v 36.160000 35.840000 51.119999
v 36.160000 36.000000 46.639999
v 36.079998 36.000000 51.199997
v 36.160000 36.000000 51.119999
v 36.160000 36.079998 51.199997
v 36.160000 36.160000 51.279999
v 36.000000 36.320000 46.959999
v 36.079998 36.320000 51.360001
v 36.160000 36.320000 51.279999
v 36.079998 36.480000 49.919998
v 36.079998 36.480000 50.079998
v 36.079998 36.480000 50.239998
v 36.079998 36.480000 51.360001
v 36.160000 36.480000 51.279999
v 36.160000 36.559998 47.039997
v 36.079998 36.639999 47.039997
v 36.160000 36.639999 47.119999
v 36.160008 36.560005 49.919998
v 36.160000 36.639999 49.840000
v 36.160000 36.559998 50.239998
v 36.160000 36.639999 50.320000
v 36.160000 36.559998 51.360001
v 36.160000 36.639999 51.439999
v 36.079998 36.799999 47.200001
v 36.160000 36.719997 47.200001
v 36.160000 36.799999 47.279999
v 36.160000 36.719997 49.759998
v 36.160000 36.799999 49.680000
v 36.160000 36.880001 49.599998
v 36.160000 36.959999 49.520000
v 36.160000 36.880001 50.399998
v 36.160000 36.959999 50.480000
v 36.160000 37.119999 49.520000
v 36.160000 37.040001 50.559998
v 36.160000 37.040001 50.719997
v 36.160000 37.119999 50.799999
v 36.160000 37.279999 47.439999
v 36.079998 37.279999 48.799999
v 36.160000 37.200001 48.799999
v 36.160000 37.279999 48.719997
v 36.160000 37.200001 48.959999
v 36.160000 37.200001 49.119999
v 36.160000 37.200001 49.279999
v 36.160000 37.200001 49.439999
v 36.160000 37.200001 50.879997
v 36.160000 37.279999 50.959999
v 36.160000 37.439999 47.599998
v 36.160000 37.439999 48.719997
v 36.160000 37.759998 50.959999
v 36.160000 37.759998 51.439999
v 36.160000 37.840000 50.879997
v 36.160000 38.000000 50.399998
v 36.160000 38.160000 48.799999
v 36.160000 38.160000 48.959999
v 36.160000 38.239998 49.039997
v 36.160000 38.239998 50.000000
v 36.160000 38.160000 50.079998
v 36.160000 38.160000 50.239998
v 36.079998 38.239998 51.199997
v 36.160000 38.239998 51.279999
v 36.160000 38.399998 47.919998
v 36.079998 38.399998 49.119999
v 36.160000 38.399998 49.039997
v 36.079998 38.399998 49.279999
v 36.079998 38.399998 49.439999
v 36.079998 38.399998 49.599998
v 36.079998 38.399998 49.759998
v 36.160000 38.320000 49.919998
v 36.160000 38.320000 51.199997
v 36.160000 38.399998 51.119999
v 36.079998 38.559998 48.000000
v 36.160000 38.559998 47.919998
v 36.160000 38.480000 49.119999
v 36.160000 38.559998 49.200001
v 36.079998 38.559998 49.279999
v 36.079998 38.559998 49.599998
v 36.160000 38.719997 48.079998
v 36.160000 38.639999 49.279999
v 36.160000 38.639999 49.599998
v 36.079998 38.719997 50.879997
v 36.160000 38.639999 51.039997
v 36.160000 38.879997 48.239998
v 36.160000 38.879997 50.799999
v 36.160000 38.959999 50.719997
v 36.160000 39.040001 50.639999
v 36.160000 39.119999 48.320000
v 36.160000 39.200001 48.399998
v 36.079998 39.200001 50.399998
v 36.160000 39.200001 50.480000
v 36.160000 39.119999 50.559998
v 36.160000 39.279999 48.480000
v 36.079998 39.360001 48.639999
v 36.160000 39.360001 48.559998
v 36.079998 39.360001 50.079998
v 36.160000 39.360001 50.160000
v 36.160000 39.279999 50.239998
v 36.160000 39.279999 50.399998
v 36.160000 39.439999 48.639999
v 36.160000 39.520000 48.719997
v 36.079998 39.520000 49.759998
v 36.160000 39.520000 49.840000
v 36.160000 39.599998 48.799999
v 36.160000 39.599998 48.959999
v 36.160000 39.599998 49.119999
v 36.160000 39.599998 49.279999
v 36.160000 39.599998 49.439999
v 36.160000 39.599998 49.599998
v 36.160000 39.599998 49.759998
v 36.159998 34.639999 48.160000
v 36.320000 34.719997 49.200001
v 36.799999 34.799999 48.000000
v 36.320000 34.799999 49.279999
v 36.320000 34.799999 49.759998
v 36.239998 34.880001 49.759998
v 36.320000 34.799999 49.919998
v 36.239998 34.880001 49.919998
v 36.320000 34.880001 50.000000
v 36.239998 35.040001 47.360001
v 36.320000 35.040001 47.439999
v 36.320000 34.959999 47.520000
v 36.320000 34.959999 50.079998
v 36.320000 34.959999 50.239998
v 36.239998 35.200001 46.879997
v 36.320000 35.200001 46.959999
v 36.320000 35.119999 47.039997
v 36.320000 35.119999 47.360001
v 36.320000 35.119999 50.399998
v 36.239998 35.200001 50.559998
v 36.320000 35.200001 50.480000
v 36.320000 35.360001 46.799999
v 36.320000 35.279999 46.879997
v 36.320000 35.279999 50.559998
v 36.239998 35.360001 50.719997
v 36.320000 35.360001 50.639999
v 36.320000 35.439999 50.719997
v 36.320000 35.520000 50.799999
v 36.239998 35.680000 46.719997
v 36.320000 35.680000 46.799999
v 36.320000 35.680000 50.959999
v 36.239998 35.840000 51.039997
v 36.320000 35.840000 50.959999
v 36.320000 36.000000 46.799999
v 36.320000 35.919998 51.039997
v 36.320000 36.000000 51.119999
v 36.160000 36.160000 46.799999
v 36.320000 36.160000 51.279999
v 36.320000 36.480000 46.959999
v 36.320000 36.480000 51.279999
v 36.320000 36.559998 47.039997
v 36.320000 36.639999 47.119999
v 36.239998 36.639999 49.919998
v 36.239998 36.639999 50.079998
v 36.239998 36.639999 50.239998
v 36.320000 36.559998 51.360001
v 36.320000 36.639999 51.439999
v 36.320000 36.719997 47.200001
v 36.320000 36.799999 47.279999
v 36.239998 36.799999 49.759998
v 36.239998 36.799999 50.239998
v 36.239998 36.719997 50.320000
v 36.239998 36.799999 50.399998
v 36.320000 36.719997 50.399998
v 36.320000 36.799999 50.320000
v 36.239998 36.799999 50.719997
v 36.320000 36.799999 50.799999
v 36.320000 36.959999 47.279999
v 36.239998 36.959999 49.599998
v 36.239998 37.119999 50.079998
v 36.239998 36.959999 50.239998
v 36.239998 36.959999 50.559998
v 36.239998 36.959999 50.719997
v 36.320000 37.040001 47.360001
v 36.320000 37.119999 47.439999
v 36.239998 37.119999 49.599998
v 36.320000 36.959999 50.320000
v 36.320000 37.040001 50.879997
v 36.320000 37.119999 50.959999
v 36.320000 37.279999 47.439999
v 36.320000 37.200001 48.799999
v 36.320000 37.279999 48.719997
v 36.320000 37.200001 48.959999
v 36.320000 37.200001 49.119999
v 36.320000 37.200001 49.279999
v 36.320000 37.200001 49.439999
v 36.320000 37.200001 49.599998
v 36.320000 37.200001 49.759998
v 36.320000 37.200001 49.919998
v 36.320000 37.200001 50.079998
v 36.320000 37.360001 47.520000
v 36.320000 37.439999 47.599998
v 36.320000 37.759998 50.959999
v 36.320000 37.759998 51.439999
v 36.480000 37.919998 47.759998
v 36.320000 37.840000 50.879997
v 36.320000 37.840000 51.360001
v 36.320000 38.079998 47.759998
v 36.480000 38.000000 50.399998
v 36.480000 38.000000 50.719997
v 36.320000 38.160000 47.840000
v 36.320000 38.239998 47.919998
v 36.239998 38.239998 48.799999
v 36.320000 38.239998 48.719997
v 36.239998 38.239998 48.959999
v 36.320000 38.239998 50.160000
v 36.320000 38.160000 50.239998
v 36.320000 38.239998 51.279999
v 36.320000 38.399998 47.919998
v 36.239998 38.399998 48.799999
v 36.320000 38.399998 48.719997
v 36.239998 38.399998 48.959999
v 36.320000 38.320000 51.199997
v 36.320000 38.399998 51.119999
v 36.320000 38.559998 47.919998
v 36.320000 38.480000 48.799999
v 36.320000 38.480000 48.959999
v 36.320000 38.480000 49.119999
v 36.320000 38.559998 49.200001
v 36.320000 38.480000 49.919998
v 36.320000 38.639999 48.000000
v 36.320000 38.719997 48.079998
v 36.320000 38.639999 49.759998
v 36.320000 38.879997 48.079998
v 36.320000 38.879997 50.799999
v 36.320000 38.959999 48.160000
v 36.320000 39.040001 48.239998
v 36.320000 38.959999 50.719997
v 36.320000 39.040001 50.639999
v 36.320000 39.119999 48.320000
v 36.320000 39.200001 48.399998
v 36.320000 39.200001 50.639999
v 36.239998 39.360001 48.480000
v 36.320000 39.360001 48.399998
v 36.239998 39.360001 50.239998
v 36.239998 39.360001 50.399998
v 36.320000 39.360001 50.480000
v 36.320000 39.279999 50.559998
v 36.320000 39.439999 48.480000
v 36.239998 39.520000 48.639999
v 36.320000 39.520000 48.559998
v 36.239998 39.520000 49.919998
v 36.239998 39.520000 50.079998
v 36.320000 39.520000 50.160000
v 36.320000 39.439999 50.239998
v 36.320000 39.439999 50.399998
v 36.320000 39.599998 48.639999
v 36.239998 39.680000 48.799999
v 36.320000 39.680000 48.719997
v 36.239998 39.680000 48.959999
v 36.239998 39.680000 49.119999
v 36.239998 39.680000 49.279999
v 36.239998 39.680000 49.439999
v 36.239998 39.680000 49.599998
v 36.239998 39.680000 49.759998
v 36.320040 39.680001 49.840039
v 36.320000 39.599998 49.919998
v 36.320000 39.599998 50.079998
v 36.320000 39.759998 48.799999
v 36.320000 39.759998 49.599998
v 36.320000 39.759998 49.759998
v 36.400001 34.719994 49.279999
v 36.480000 34.639999 49.279999
v 36.480000 34.639999 49.759998
v 36.399998 34.719997 49.759998
v 36.480000 34.719997 49.840000
v 36.480000 34.799999 49.919998
v 36.480000 34.799999 50.079998
v 36.399998 34.880001 50.079998
v 36.480000 34.880001 50.160000
v 36.480000 34.959999 50.239998
v 36.399998 35.200001 47.039997
v 36.480000 35.200001 47.119999
v 36.480000 35.119999 47.200001
v 36.399998 35.360001 46.879997
v 36.480000 35.360001 46.959999
v 36.480000 35.279999 47.039997
v 36.480000 35.520000 46.799999
v 36.480000 35.439999 46.879997
v 36.480000 35.520000 50.799999
v 36.480000 35.680000 46.799999
v 36.480000 35.680000 50.959999
v 36.480000 35.840000 50.959999
v 36.399998 36.160000 51.199997
v 36.480000 36.160000 51.119999
v 36.480000 36.239998 51.199997
v 36.480000 36.320000 51.279999
v 36.480000 36.399998 47.039997
v 36.399998 36.480000 47.039997
v 36.480000 36.480000 47.119999
v 36.480000 36.480000 51.279999
v 36.480000 36.560006 47.200009
v 36.480000 36.639999 47.279999
v 36.480000 36.559998 51.360001
v 36.480000 36.639999 51.439999
v 36.480000 36.719997 50.399998
v 36.480000 36.799999 50.799999
v 36.480000 36.959999 47.279999
v 36.799999 36.959999 50.799999
v 36.480000 37.040001 47.360001
v 36.480000 37.119999 47.439999
v 36.480000 37.040001 50.879997
v 36.480000 37.200001 47.520000
v 36.399998 37.279999 47.520000
v 36.480000 37.279999 47.599998
v 36.480000 37.200001 48.799999
v 36.480000 37.279999 48.719997
v 36.480000 37.200001 48.959999
v 36.480000 37.200001 49.119999
v 36.399998 37.279999 49.279999
v 36.480000 37.279999 49.200001
v 36.399998 37.279999 49.439999
v 36.399998 37.279999 49.599998
v 36.480000 37.279999 49.680000
v 36.480000 37.200001 49.759998
v 36.480000 37.200001 49.919998
v 36.480000 37.200001 50.079998
v 36.480030 37.360031 49.279999
v 36.480000 37.360001 49.599998
v 36.480000 37.759998 47.599998
v 36.480000 37.759998 50.959999
v 36.480000 37.840000 50.879997
v 36.480000 38.079998 47.759998
v 36.480000 38.160000 47.840000
v 36.480000 38.239998 50.160000
v 36.480000 38.399998 50.160000
v 36.480000 38.480000 48.799999
v 36.480000 38.480000 48.959999
v 36.480000 38.480000 49.119999
v 36.480000 38.559998 49.200001
v 36.480000 38.559998 49.840000
v 36.480000 38.480000 49.919998
v 36.480000 38.480000 50.079998
v 36.480000 38.559998 51.119999
v 36.399998 38.719997 48.000000
v 36.480000 38.719997 47.919998
v 36.480000 38.639999 49.759998
v 36.480000 38.639999 51.039997
v 36.480000 38.719997 50.959999
v 36.480000 38.799999 48.000000
v 36.480000 38.879997 48.079998
v 36.480000 38.799999 50.879997
v 36.480000 38.879997 50.799999
v 36.399998 39.040001 48.160000
v 36.480000 39.040001 48.079998
v 36.399998 39.040001 50.719997
v 36.480000 39.040001 50.799999
v 36.480000 39.119999 48.160000
v 36.480000 39.200001 48.239998
v 36.480000 39.119999 50.719997
v 36.480000 39.200001 50.639999
v 36.480000 39.279999 48.320000
v 36.480000 39.360001 48.399998
v 36.480000 39.279999 50.559998
v 36.480000 39.360001 50.480000
v 36.399998 39.520000 48.480000
v 36.480000 39.520000 48.399998
v 36.399998 39.520000 50.239998
v 36.480000 39.520000 50.320000
v 36.480000 39.439999 50.399998
v 36.480000 39.599998 48.480000
v 36.399998 39.680000 48.639999
v 36.480000 39.680000 48.559998
v 36.480000 39.599998 50.079998
v 36.480000 39.599998 50.239998
v 36.480000 39.759998 48.639999
v 36.399998 39.840000 48.799999
v 36.480000 39.840000 48.719997
v 36.399995 39.839998 49.599998
v 36.480000 39.759998 49.919998
v 36.480000 39.919998 48.799999
v 36.480000 39.919998 48.959999
v 36.480000 39.919998 49.279999
v 36.480000 39.919998 49.599998
v 36.639999 34.639999 49.919998
v 36.559998 34.719997 49.919998
v 36.639999 34.719997 50.000000
v 36.639999 34.799999 50.079998
v 36.639999 34.880001 50.160000
v 36.639999 34.959999 50.239998
v 36.559998 35.200001 47.200001
v 36.639999 35.200001 47.279999
v 36.639999 35.119999 47.360001
v 36.639999 35.200001 50.480000
v 36.559998 35.360001 47.039997
v 36.639999 35.360001 47.119999
v 36.639999 35.279999 47.200001
v 36.639999 35.520000 46.959999
v 36.639999 35.439999 47.039997
v 36.559998 35.680000 46.879997
v 36.639999 35.680000 46.959999
v 36.559998 35.680000 50.879997
v 36.639999 35.680000 50.799999
v 36.639999 35.840000 46.799999
v 36.639999 35.759998 46.879997
v 36.639999 35.759998 50.879997
v 36.639999 35.840000 50.959999
v 36.639999 36.000000 46.799999
v 36.639999 36.000000 51.119999
v 36.639999 36.160000 46.799999
v 36.639999 36.239998 46.879997
v 36.639999 36.320000 46.959999
v 36.559998 36.320000 51.199997
v 36.639999 36.320000 51.119999
v 36.639999 36.399998 47.039997
v 36.639999 36.480000 47.119999
v 36.639999 36.399998 51.199997
v 36.639999 36.480000 51.279999
v 36.639999 36.559998 51.360001
v 36.639999 36.639999 51.439999
v 36.959998 36.639999 47.279999
v 36.639999 36.719997 50.399998
v 36.639999 36.799999 50.320000
v 36.639999 36.959999 47.279999
v 36.639999 37.040001 47.360001
v 36.639999 37.119999 47.439999
v 36.639999 37.040001 50.879997
v 36.559998 37.279999 48.799999
v 36.559998 37.279999 48.959999
v 36.559998 37.279999 49.119999
v 36.559998 37.279999 49.759998
v 36.559998 37.279999 49.919998
v 36.639999 37.279999 50.000000
v 36.639999 37.200001 50.079998
v 36.639999 37.360001 48.799999
v 36.639999 37.439999 48.719997
v 36.639999 37.360001 48.959999
v 36.639999 37.360001 49.119999
v 36.559998 37.439999 49.279999
v 36.639999 37.439999 49.200001
v 36.559998 37.439999 49.439999
v 36.559998 37.439999 49.599998
v 36.559998 37.439999 49.759998
v 36.639999 37.439999 49.840000
v 36.799999 37.439999 50.000000
v 36.639999 37.599998 47.599998
v 36.639999 37.520000 49.279999
v 36.639999 37.520000 49.439999
v 36.639999 37.520000 49.599998
v 36.639999 37.520000 49.759998
v 36.639999 37.680000 47.680000
v 36.559998 37.759998 47.680000
v 36.639999 37.759998 47.759998
v 36.639999 37.759998 50.959999
v 36.799999 38.079998 47.759998
v 36.799999 38.239998 47.919998
v 36.639999 38.399998 48.719997
v 36.639999 38.160000 50.399998
v 36.639999 38.399998 50.160000
v 36.639999 38.480000 48.799999
v 36.639999 38.480000 48.959999
v 36.639999 38.480000 49.119999
v 36.559998 38.559998 49.919998
v 36.559998 38.559998 50.079998
v 36.639999 38.559998 50.160000
v 36.639999 38.559998 51.119999
v 36.640000 38.719997 47.919998
v 36.639999 38.639999 49.279999
v 36.639999 38.639999 49.919998
v 36.639999 38.639999 50.079998
v 36.639999 38.719997 51.119999
v 36.639999 38.879997 48.079998
v 36.559998 38.879997 50.879997
v 36.639999 38.879997 50.959999
v 36.799999 39.040001 48.079998
v 36.639999 39.040001 50.959999
v 36.639999 39.119999 48.160000
v 36.639999 39.200001 48.239998
v 36.639999 39.119999 50.719997
v 36.639999 39.200001 50.639999
v 36.639999 39.119999 50.879997
v 36.559998 39.360001 48.320000
v 36.639999 39.360001 48.239998
v 36.639999 39.279999 50.559998
v 36.639999 39.360001 50.480000
v 36.639999 39.439999 48.320000
v 36.639999 39.520000 48.399998
v 36.639999 39.439999 50.399998
v 36.639999 39.520000 50.320000
v 36.639999 39.599998 48.480000
v 36.639999 39.680000 48.559998
v 36.559998 39.680000 50.079998
v 36.559998 39.680000 50.239998
v 36.639999 39.680000 50.320000
v 36.559998 39.840000 48.639999
v 36.639999 39.840000 48.559998
v 36.639999 39.759998 50.079998
v 36.639999 39.759998 50.239998
v 36.639999 39.919998 48.639999
v 36.559998 40.000000 48.959999
v 36.639999 40.000000 48.879997
v 36.559998 40.000000 49.119999
v 36.559998 40.000000 49.279999
v 36.639999 40.000000 49.360001
v 36.639999 39.919998 49.599998
v 36.639999 39.919998 49.759998
v 36.639999 40.079998 48.959999
v 36.639999 40.079998 49.119999
v 36.639999 40.079998 49.279999
v 36.799999 34.719997 48.079998
v 36.799999 34.639999 48.160000
v 36.799999 34.639999 50.079998
v 36.719997 34.719997 50.079998
v 36.799999 34.719997 50.160000
v 36.799999 34.880001 50.160000
v 36.959999 34.959999 47.680000
v 36.799999 34.959999 50.239998
v 36.799999 34.959999 50.399998
v 36.799999 35.040001 50.480000
v 36.799999 35.200001 47.279999
v 36.799999 35.360001 47.119999
v 36.799999 35.360001 50.639999
v 36.719997 35.520000 47.039997
v 36.799999 35.520000 47.119999
v 36.799999 35.520000 50.799999
v 36.799999 35.680000 46.959999
v 36.719997 35.840000 46.879997
v 36.799999 35.840000 46.959999
v 36.799999 36.000000 46.959999
v 36.719997 36.000000 51.039997
v 36.799999 36.000000 50.959999
v 36.719997 36.160000 46.879997
v 36.799999 36.160000 46.959999
v 36.799999 36.079998 51.039997
v 36.799999 36.160000 51.119999
v 36.719997 36.320000 47.039997
v 36.799999 36.239998 47.039997
v 36.799999 36.320000 47.119999
v 37.119999 36.320000 51.119999
v 36.799999 36.480000 47.119999
v 36.719997 36.639999 51.360001
v 36.799999 36.639999 51.279999
v 36.799999 36.719997 50.399998
v 36.799999 36.799999 50.320000
v 36.799999 36.719997 50.559998
v 36.799999 36.719997 50.719997
v 36.799999 36.799999 50.799999
v 36.799999 36.719997 51.360001
v 36.799999 36.799999 51.439999
v 36.799999 36.880001 47.360001
v 36.719997 36.959999 47.360001
v 36.799999 36.959999 47.439999
v 36.799999 36.959999 50.320000
v 36.799999 37.119999 47.439999
v 36.799999 37.119999 50.160000
v 36.799999 37.040001 50.879997
v 36.799999 37.119999 50.959999
v 36.799999 37.279999 47.599998
v 36.799999 37.200001 50.079998
v 36.799999 37.279999 50.000000
v 36.719997 37.439999 48.799999
v 36.719997 37.439999 48.959999
v 36.719997 37.439999 49.119999
v 36.719997 37.439999 49.919998
v 36.799999 37.599998 47.599998
v 36.719997 37.599998 48.799999
v 36.719997 37.599998 48.959999
v 36.719997 37.599998 49.119999
v 36.719997 37.599998 49.279999
v 36.799999 37.520000 49.439999
v 36.799999 37.520000 49.919998
v 36.799999 37.680000 47.680000
v 36.799999 37.759998 47.759998
v 36.719997 37.759998 48.799999
v 36.799999 37.759998 48.879997
v 36.799999 37.680000 48.959999
v 36.799999 37.680000 49.119999
v 36.799999 37.680000 49.279999
v 36.799999 37.759998 50.959999
v 36.959999 37.759998 51.439999
v 36.719997 37.919998 48.799999
v 36.799999 37.919998 48.879997
v 36.799999 37.919998 50.799999
v 36.799999 37.919998 51.279999
v 36.719997 38.079998 48.799999
v 36.799999 38.079998 48.879997
v 36.799999 38.079998 50.639999
v 36.799999 38.000000 50.719997
v 36.799999 38.239998 47.919998
v 36.719997 38.239998 48.799999
v 36.799999 38.239998 48.879997
v 36.799999 38.160000 50.399998
v 36.799999 38.160000 50.559998
v 36.719997 38.399998 48.799999
v 36.799999 38.399998 48.879997
v 36.959999 38.399998 50.160000
v 36.480000 38.399998 51.279999
v 36.799999 38.480000 48.959999
v 36.799999 38.480000 49.119999
v 36.799999 38.559998 49.200001
v 36.959999 38.559998 50.160000
v 36.799999 38.559998 51.119999
v 36.799999 38.639999 49.279999
v 36.799999 38.639999 50.079998
v 36.799999 38.879997 50.959999
v 36.799999 38.959999 48.000000
v 36.799999 39.119999 48.160000
v 36.799999 39.200001 48.239998
v 36.719997 39.200001 50.719997
v 36.799999 39.200001 50.799999
v 36.799999 39.119999 50.879997
v 36.799999 39.360001 48.239998
v 36.719997 39.360001 50.559998
v 36.799999 39.360001 50.639999
v 36.799999 39.279999 50.719997
v 36.799999 39.439999 48.320000
v 36.799999 39.520000 48.399998
v 36.719997 39.520000 50.399998
v 36.799999 39.520000 50.480000
v 36.799999 39.439999 50.559998
v 36.719997 39.680000 48.480000
v 36.799999 39.680000 48.399998
v 36.799999 39.599998 50.399998
v 36.799999 39.680000 50.320000
v 36.799999 39.759998 48.480000
v 36.799999 39.840000 48.559998
v 36.799999 39.840000 50.000000
v 36.799999 39.759998 50.079998
v 36.799999 39.759998 50.239998
v 36.799999 39.919998 48.639999
v 36.719997 40.000000 48.799999
v 36.799999 40.000000 48.719997
v 36.719997 40.000000 49.439999
v 36.799999 40.000000 49.520000
v 36.799999 39.919998 49.599998
v 36.799999 39.919998 49.759998
v 36.799999 39.919998 49.919998
v 36.799999 40.079998 48.799999
v 36.799999 40.079998 49.439999
v 36.959999 34.639999 50.079998
v 36.959999 34.719997 50.160000
v 36.959999 34.799999 47.840000
v 36.959999 34.799999 48.160000
v 36.959999 34.799999 50.239998
v 36.880001 34.880001 50.239998
v 36.959999 34.880001 50.320000
v 36.959999 34.959999 50.399998
v 36.959999 35.040001 50.480000
v 36.959999 35.200001 47.279999
v 36.959999 35.520000 50.639999
v 36.875818 35.679999 47.035814
v 36.959999 35.680000 47.119999
v 36.959999 35.680000 50.799999
v 36.959999 35.840000 47.119999
v 36.959999 35.840000 50.959999
v 36.959999 36.000000 50.959999
v 36.880001 36.160000 47.039997
v 36.959999 36.160000 47.119999
v 36.959999 36.160000 51.119999
v 36.959999 36.320000 47.119999
v 36.959999 36.480000 47.119999
v 36.959999 36.559998 47.200001
v 36.959999 36.719997 47.360001
v 36.880001 36.799999 47.360001
v 36.959999 36.799999 47.439999
v 36.880001 36.799999 50.399998
v 36.880001 36.799999 50.559998
v 36.880001 36.799999 50.719997
v 36.880001 36.799999 51.360001
v 36.959999 36.799999 51.279999
v 36.959999 36.959999 47.439999
v 36.959999 36.880001 50.399998
v 36.959999 36.959999 50.320000
v 36.959999 36.880001 50.559998
v 36.959999 36.880001 50.719997
v 36.959999 36.959999 50.799999
v 36.959999 36.880001 51.360001
v 36.959999 36.959999 51.439999
v 36.880001 37.119999 50.879997
v 36.959999 37.119999 50.799999
v 36.959999 37.119999 51.439999
v 36.880001 37.279999 50.079998
v 36.959999 37.279999 50.160000
v 36.959999 37.200001 50.879997
v 36.959999 37.279999 50.959999
v 36.959999 37.279999 51.439999
v 36.959999 37.439999 47.599998
v 36.880001 37.439999 50.079998
v 36.959999 37.439999 50.160000
v 36.959999 37.439999 50.959999
v 36.959999 37.439999 51.439999
v 36.880001 37.599998 47.680000
v 36.959999 37.599998 47.759998
v 36.959999 37.599998 49.360001
v 36.959999 37.520000 49.919998
v 36.959999 37.520000 50.079998
v 36.959999 37.599998 50.959999
v 36.880001 37.759998 48.959999
v 36.880001 37.759998 49.119999
v 36.959999 37.759998 49.200001
v 36.959999 37.680000 49.279999
v 36.959999 37.759998 50.959999
v 36.880001 37.919998 48.959999
v 36.959999 37.919998 49.039997
v 36.959999 37.840000 49.119999
v 36.959999 37.840000 50.879997
v 36.959999 37.840000 51.360001
v 36.880001 38.079998 48.959999
v 36.959999 38.079998 49.039997
v 36.880001 38.079998 50.719997
v 36.959999 38.079998 50.799999
v 36.880001 38.239998 47.840000
v 36.959999 38.239998 47.759998
v 36.880001 38.239998 48.959999
v 36.959999 38.239998 49.039997
v 36.959999 38.239998 50.320000
v 36.959999 38.160000 50.399998
v 36.959999 38.160000 50.559998
v 36.959999 38.160000 50.719997
v 36.959999 38.399998 47.919998
v 36.880001 38.399998 48.959999
v 36.959999 38.320000 49.119999
v 36.880001 38.399998 49.119999
v 36.959999 38.399998 49.200001
v 36.959999 38.320000 50.239998
v 36.959999 38.399998 51.279999
v 36.959999 38.480000 49.279999
v 36.880001 38.559998 49.279999
v 36.959999 38.559998 49.360001
v 36.959999 38.480000 51.199997
v 36.959999 38.559998 51.119999
v 36.959999 38.639999 49.439999
v 36.959999 38.639999 50.079998
v 36.959999 38.719997 51.119999
v 36.959999 38.799999 51.039997
v 36.959999 38.879997 50.959999
v 36.880001 39.040001 48.000000
v 36.959999 39.040001 47.919998
v 36.959999 39.040001 50.959999
v 36.959999 39.119999 48.000000
v 36.880001 39.200001 48.160000
v 36.959999 39.200001 48.079998
v 36.959999 39.200001 50.799999
v 36.880001 39.360001 48.160000
v 36.959999 39.360001 48.079998
v 36.959999 39.279999 50.719997
v 36.959999 39.360001 50.639999
v 36.959999 39.439999 48.160000
v 36.880001 39.520000 48.320000
v 36.959999 39.520000 48.239998
v 36.959999 39.440015 50.559981
v 36.959999 39.520000 50.480000
v 36.959999 39.599998 48.320000
v 36.880001 39.680000 50.399998
v 36.959999 39.680000 50.480000
v 36.880001 39.840000 48.480000
v 36.959999 39.840000 48.399998
v 36.880001 39.840000 50.079998
v 36.959999 39.840000 50.160000
v 36.960005 39.759998 50.240004
v 36.959999 39.759998 50.399998
v 36.959999 39.919998 48.480000
v 36.880001 40.000000 48.639999
v 36.959999 40.000000 48.559998
v 36.880001 40.000000 49.599998
v 36.959999 40.000000 50.000000
v 36.959999 39.919998 50.079998
v 36.959999 40.079998 48.639999
v 36.880001 40.160000 48.799999
v 36.959999 40.160000 48.719997
v 36.959999 40.160000 49.520000
v 36.959999 40.079998 49.599998
v 36.959999 40.079998 49.919998
v 36.959999 40.239998 48.799999
v 36.959999 40.239998 48.959999
v 36.959999 40.239998 49.279999
v 36.959999 40.239998 49.439999
v 37.120000 34.639999 48.479997
v 37.119999 34.639999 50.239998
v 37.040001 34.719997 50.239998
v 37.119999 34.719997 50.320000
v 37.119999 34.880001 47.919998
v 37.119999 34.799999 48.000000
v 37.119999 34.799999 48.320000
v 37.119999 34.799999 50.399998
v 37.040001 34.880001 50.399998
v 37.119999 34.880001 50.480000
v 37.119999 34.959999 47.840000
v 37.119999 35.360001 47.279999
v 37.119999 35.520000 47.279999
v 37.119999 35.520000 50.639999
v 37.119999 35.680000 47.119999
v 37.119999 35.840000 47.119999
v 37.119999 35.840000 50.799999
v 37.119999 36.000000 47.119999
v 37.119999 36.000000 50.959999
v 37.119999 36.160000 47.119999
v 37.119999 36.320000 47.119999
v 37.119999 36.480000 47.119999
v 37.119999 36.480000 51.279999
v 37.119999 36.559998 47.200001
v 37.119999 36.559998 47.360001
v 37.119999 36.639999 47.439999
v 37.119999 36.639999 51.279999
v 37.119999 36.799999 47.439999
v 37.119999 36.959999 51.279999
v 37.119999 36.880001 47.520000
v 37.119999 36.959999 47.599998
v 37.040001 36.959999 50.399998
v 37.040001 36.959999 50.559998
v 37.040001 36.959999 50.719997
v 37.040001 36.959999 51.360001
v 37.119999 37.040001 50.239998
v 37.119999 37.040001 50.399998
v 37.119999 37.040001 50.559998
v 37.119999 37.040001 50.719997
v 37.119999 37.119999 50.799999
v 37.040001 37.119999 51.360001
v 37.119999 37.119999 51.279999
v 37.119999 37.200001 50.879997
v 37.040001 37.279999 51.039997
v 37.119999 37.200001 51.039997
v 37.040001 37.279999 51.199997
v 37.119999 37.200001 51.199997
v 37.119999 37.439999 50.160000
v 37.040001 37.759998 51.360001
v 37.119999 37.520000 49.439999
v 37.119999 37.599998 49.360001
v 37.119999 37.520000 49.599998
v 37.119999 37.520000 49.759998
v 37.119999 37.520000 49.919998
v 37.119999 37.520000 50.079998
v 37.040001 37.599998 51.039997
v 37.119999 37.680000 49.279999
v 37.119999 37.759998 49.200001
v 37.040001 37.759998 51.039997
v 37.040001 37.759998 51.199997
v 37.040001 37.919998 49.119999
v 37.119999 37.919998 49.200001
v 37.119999 37.840000 50.879997
v 37.119999 37.840000 51.039997
v 37.119999 37.840000 51.199997
v 37.119999 37.919998 51.279999
v 37.040001 38.079998 49.119999
v 37.119999 38.079998 49.200001
v 37.119999 38.079998 50.799999
v 37.279999 38.239998 47.759998
v 37.040001 38.239998 49.119999
v 37.119999 38.239998 49.200001
v 37.119999 38.239998 50.320000
v 37.119999 38.160000 50.399998
v 37.119999 38.160000 50.559998
v 37.119999 38.160000 50.719997
v 37.119999 38.320000 49.279999
v 37.040001 38.399998 49.279999
v 37.119999 38.399998 49.360001
v 37.040001 38.399998 50.239998
v 37.119999 38.399998 50.320000
v 37.119999 38.559998 49.360001
v 37.040001 38.559998 50.239998
v 37.119999 38.559998 50.320000
v 37.119999 38.639999 49.439999
v 37.119999 38.639999 49.599998
v 37.119999 38.639999 50.239998
v 37.040001 38.879997 51.039997
v 37.119999 38.879997 51.119999
v 37.119999 39.040001 47.919998
v 37.119999 38.960040 51.039956
v 37.119999 39.040001 50.959999
v 37.119999 39.119999 48.000000
v 37.119999 39.200001 48.079998
v 37.119999 39.119993 50.880003
v 37.119999 39.200001 50.799999
v 37.119999 39.360001 48.079998
v 37.119999 39.279999 50.719997
v 37.119999 39.360001 50.639999
v 37.119999 39.439999 48.160000
v 37.119999 39.520000 48.239998
v 37.119999 39.520000 50.639999
v 37.040001 39.680000 48.320000
v 37.119999 39.680000 48.239998
v 37.119999 39.599998 50.559998
v 37.119999 39.680000 50.480000
v 37.119999 39.759998 48.320000
v 37.119999 39.840000 48.399998
v 37.119999 39.840000 50.320000
v 37.119999 39.759998 50.399998
v 37.119999 39.919998 48.480000
v 37.119999 40.000000 48.559998
v 37.040001 40.000000 50.079998
v 37.119999 40.000000 50.160000
v 37.119999 39.919998 50.239998
v 37.040001 40.160000 48.639999
v 37.119999 40.160000 48.559998
v 37.040001 40.160000 49.599998
v 37.119999 40.160000 49.680000
v 37.119999 40.079998 49.759998
v 37.119999 40.079998 50.079998
v 37.119999 40.239998 48.639999
v 37.119999 40.239998 48.799999
v 37.040001 40.320000 48.959999
v 37.119999 40.320000 48.879997
v 37.040001 40.320000 49.279999
v 37.119999 40.320000 49.360001
v 37.119999 40.239998 49.439999
v 37.119999 40.239998 49.599998
v 37.119999 40.399998 48.959999
v 37.119999 40.399998 49.119999
v 37.119999 40.399998 49.279999
v 37.279999 34.639999 50.239998
v 37.279999 34.719997 50.320000
v 37.279999 34.880001 47.919998
v 37.279999 34.799999 48.000000
v 37.439999 34.799999 48.320000
v 37.279999 34.799999 50.399998
v 37.279999 34.959999 47.840000
v 37.200001 35.360001 47.360001
v 37.279999 35.360001 47.439999
v 37.439999 35.360001 50.639999
v 37.279999 35.520000 47.439999
v 37.279999 35.520000 50.639999
v 37.279999 35.680000 47.279999
v 37.279999 35.840000 50.799999
v 37.279999 36.000000 50.959999
v 37.279999 36.320000 47.279999
v 37.200001 36.480000 47.200001
v 37.279999 36.480000 47.279999
v 37.279999 36.480000 51.119999
v 37.279999 36.559998 47.360001
v 37.279999 36.639999 47.439999
v 37.279999 36.639999 51.119999
v 37.279999 36.799999 47.439999
v 37.439999 36.959999 47.599998
v 37.279999 36.959999 51.279999
v 37.200005 37.119999 50.240003
v 37.279999 37.119999 50.320000
v 37.279999 37.040001 50.399998
v 37.279999 37.040001 50.559998
v 37.279999 37.040001 50.719997
v 37.279999 37.119999 50.799999
v 37.279999 37.119999 51.279999
v 37.279999 37.279999 50.320000
v 37.279999 37.200001 50.879997
v 37.279999 37.200001 51.039997
v 37.279999 37.200001 51.199997
v 37.279999 37.439999 47.599998
v 37.279999 37.439999 50.320000
v 37.200001 37.599998 49.439999
v 37.200001 37.599998 49.599998
v 37.200001 37.599998 49.759998
v 37.200001 37.599998 50.079998
v 37.279999 37.759998 50.320000
v 37.200001 37.759998 49.279999
v 37.200001 37.759998 49.439999
v 37.200001 37.759998 49.599998
v 37.200001 37.759998 49.759998
v 37.200001 37.759998 49.919998
v 37.200001 37.759998 50.079998
v 37.200001 37.759998 50.239998
v 37.279999 37.840000 49.279999
v 37.279999 37.919998 49.200001
v 37.279999 37.840000 50.879997
v 37.439999 37.840000 50.879997
v 37.279999 37.840000 51.199997
v 37.279999 37.919998 51.279999
v 37.279999 38.079998 47.759998
v 37.279999 38.079998 50.799999
v 37.279999 38.239998 49.200001
v 37.200001 38.239998 50.399998
v 37.200001 38.239998 50.559998
v 37.279999 38.239998 50.639999
v 37.279999 38.160000 50.719997
v 37.279999 38.399998 47.919998
v 37.279999 38.320000 49.279999
v 37.279999 38.399998 49.360001
v 37.200001 38.399998 50.399998
v 37.200001 38.399998 50.559998
v 37.279999 38.399998 50.639999
v 37.200001 38.559998 49.599998
v 37.279999 38.559998 49.680000
v 37.200001 38.559998 50.399998
v 37.200001 38.559998 50.559998
v 37.279999 38.559998 50.639999
v 37.280010 38.639999 49.760009
v 37.279999 38.639999 50.399998
v 37.279999 38.639999 50.559998
v 37.119999 38.719997 51.119999
v 37.279999 39.040001 50.959999
v 37.200001 39.200001 48.000000
v 37.279999 39.200001 47.919998
v 37.279999 39.200001 50.959999
v 37.279999 39.280002 48.000004
v 37.279999 39.360001 48.079998
v 37.200001 39.360001 50.719997
v 37.279999 39.360001 50.799999
v 37.279999 39.279999 50.879997
v 37.200001 39.520000 48.160000
v 37.279999 39.439999 50.719997
v 37.279999 39.520000 50.639999
v 37.279999 39.599998 48.160000
v 37.279999 39.680000 48.239998
v 37.279999 39.599998 50.559998
v 37.279999 39.680000 50.480000
v 37.279999 39.759998 48.320000
v 37.279999 39.840000 48.399998
v 37.279999 39.759999 50.399997
v 37.279999 39.840000 50.320000
v 37.200001 40.000000 48.480000
v 37.279999 40.000000 48.399998
v 37.279999 39.919998 50.239998
v 37.279999 40.000000 50.160000
v 37.279999 40.079998 48.480000
v 37.279999 40.160000 48.559998
v 37.200001 40.160000 49.759998
v 37.279999 40.160000 49.840000
v 37.279999 40.079998 49.919998
v 37.279999 40.079998 50.079998
v 37.279999 40.239998 48.639999
v 37.279999 40.239998 48.799999
v 37.279999 40.320000 48.879997
v 37.200001 40.320000 49.439999
v 37.279999 40.320000 49.520000
v 37.279999 40.239998 49.599998
v 37.279999 40.239998 49.759998
v 37.279999 40.399998 48.959999
v 37.279999 40.399998 49.119999
v 37.279999 40.399998 49.279999
v 37.279999 40.399998 49.439999
v 37.439999 34.719997 48.399998
v 37.439999 34.639999 48.480000
v 37.439999 34.639999 48.639999
v 37.439999 34.639999 50.079998
v 37.439999 34.639999 50.239998
v 37.439999 34.719997 50.320000
v 37.360001 34.880001 48.000000
v 37.439999 34.880001 48.079998
v 37.439999 34.799999 48.160000
v 37.439999 34.799999 50.399998
v 37.439999 35.040001 47.919998
v 37.439999 34.959999 48.000000
v 37.439999 35.200001 47.759998
v 37.439999 35.119999 47.840000
v 37.439999 35.200001 50.480000
v 37.439999 35.360001 47.599998
v 37.439999 35.279999 47.680000
v 37.439999 35.520000 47.439999
v 37.439999 35.520000 50.639999
v 37.439999 35.680000 47.279999
v 37.439999 35.599998 50.719997
v 37.439999 35.680000 50.799999
v 37.439999 36.160000 47.279999
v 37.439999 36.160000 50.959999
v 37.439999 36.239998 47.360001
v 37.360001 36.320000 47.360001
v 37.439999 36.320000 47.439999
v 37.360001 36.480000 47.360001
v 37.439999 36.480000 47.439999
v 37.439999 36.639999 51.119999
v 37.439999 36.799999 47.439999
v 37.360001 36.799999 51.199997
v 37.439999 36.799999 51.119999
v 37.439999 36.880001 47.520000
v 37.360001 37.119999 50.399998
v 37.360001 37.119999 50.559998
v 37.360001 37.119999 50.719997
v 37.360001 37.119999 51.199997
v 37.439999 37.119999 51.119999
v 37.439999 37.200001 50.399998
v 37.439999 37.279999 50.320000
v 37.439999 37.200001 50.559998
v 37.439999 37.200001 50.719997
v 37.439999 37.200001 50.879997
v 37.439999 37.200001 51.039997
v 37.439999 37.439999 47.599998
v 37.439999 37.439999 50.320000
v 37.599998 37.599998 47.759998
v 37.360001 37.919998 49.279999
v 37.439999 37.919998 49.360001
v 37.439999 37.840000 49.439999
v 37.439999 37.840000 49.759998
v 37.279999 37.840000 50.239998
v 37.439999 37.919998 50.799999
v 37.439999 37.919998 51.279999
v 37.439999 38.079998 47.919998
v 37.360001 38.079998 49.279999
v 37.439999 38.079998 49.360001
v 37.439999 38.079998 50.799999
v 37.439999 38.239998 47.919998
v 37.360001 38.239998 49.279999
v 37.439999 38.239998 49.360001
v 37.439972 38.320026 49.439999
v 37.439999 38.320000 49.759998
v 37.360001 38.399998 49.759998
v 37.439999 38.399998 49.840000
v 37.360001 38.559998 49.759998
v 37.439999 38.559998 49.840000
v 37.439999 38.639999 49.919998
v 37.439999 38.639999 50.079998
v 37.439998 38.879997 51.119999
v 37.439999 39.040001 50.959999
v 37.439999 39.200001 50.959999
v 37.439999 39.279999 50.879997
v 37.439999 39.360001 50.799999
v 37.439999 39.439999 50.719997
v 37.439999 39.520000 50.639999
v 37.360001 39.680000 48.160000
v 37.439999 39.680000 48.079998
v 37.439999 39.599998 50.559998
v 37.439999 39.680000 50.480000
v 37.439999 39.759998 48.160000
v 37.360001 39.840000 48.320000
v 37.439999 39.840000 48.239998
v 37.439999 39.840000 50.480000
v 37.360001 40.000000 48.320000
v 37.360001 40.000000 50.239998
v 37.439999 40.000000 50.320000
v 37.439999 39.919998 50.399998
v 37.360001 40.160000 48.320000
v 37.360001 40.160000 48.480000
v 37.360001 40.160000 49.919998
v 37.439999 40.160000 50.000000
v 37.439999 40.079998 50.079998
v 37.439999 40.079998 50.239998
v 37.439999 40.239998 48.320000
v 37.439999 40.239998 48.480000
v 37.360001 40.320000 48.639999
v 37.439999 40.320000 48.559998
v 37.360001 40.320000 48.799999
v 37.360001 40.320000 49.599998
v 37.439999 40.320000 49.840000
v 37.439999 40.239998 49.919998
v 37.439999 40.399998 48.639999
v 37.439999 40.399998 48.799999
v 37.439999 40.480000 48.879997
v 37.360001 40.480000 49.279999
v 37.439999 40.480000 49.360001
v 37.439999 40.399998 49.439999
v 37.439999 40.399998 49.599998
v 37.439999 40.399998 49.759998
v 37.439999 40.559998 48.959998
v 37.439999 40.559998 49.279999
v 37.520000 34.719997 48.480000
v 37.520000 34.719997 48.639999
v 37.599998 34.719997 48.719997
v 37.599998 34.639999 48.799999
v 37.599998 34.639999 49.919998
v 37.520000 34.719997 50.079998
v 37.599998 34.719997 50.000000
v 37.520000 34.719997 50.239998
v 37.599998 34.880001 48.079998
v 37.599998 34.799999 48.160000
v 37.599998 34.799999 48.320000
v 37.599998 34.799999 48.480000
v 37.599998 34.799999 48.639999
v 37.599998 34.799999 50.079998
v 37.599998 34.799999 50.239998
v 37.599998 34.799999 50.399998
v 37.599998 34.880001 50.480000
v 37.599998 35.040001 47.919998
v 37.599998 34.959999 48.000000
v 37.599998 35.200001 47.759998
v 37.599998 35.119999 47.840000
v 37.599998 35.360001 47.599998
v 37.599998 35.279999 47.680000
v 37.599998 35.360001 50.480000
v 37.599998 35.520000 47.599998
v 37.599998 35.680000 50.639999
v 37.599998 35.759998 50.719997
v 37.599998 35.840000 50.799999
v 37.599998 36.000000 50.799999
v 37.520000 36.160000 47.360001
v 37.599998 36.160000 47.439999
v 37.599998 36.079998 50.879997
v 37.599998 36.160000 50.959999
v 37.520000 36.639999 51.039997
v 37.599998 36.639999 50.959999
v 37.599998 36.719997 47.520000
v 37.520000 36.799999 47.520000
v 37.599998 36.799999 47.599998
v 37.599998 37.119999 47.599998
v 37.520000 37.119999 51.039997
v 37.599998 37.119999 50.959999
v 37.599998 37.279999 47.599998
v 37.520000 37.279999 50.399998
v 37.520000 37.279999 50.559998
v 37.520000 37.279999 50.719997
v 37.520000 37.279999 50.879997
v 37.520000 37.200001 50.959999
v 37.599998 37.200001 51.039997
v 37.520000 37.279999 51.039997
v 37.599998 37.200001 51.199997
v 37.599998 37.279999 51.279999
v 37.599998 37.439999 47.599998
v 37.520000 37.439999 50.399998
v 37.520000 37.439999 50.559998
v 37.520000 37.439999 50.719997
v 37.520000 37.279999 51.199997
v 37.599998 37.439999 51.279999
v 37.599998 37.520000 50.399998
v 37.599998 37.599998 50.320000
v 37.599998 37.520000 50.559998
v 37.599998 37.520000 50.719997
v 37.599998 37.599998 50.799999
v 37.599998 37.599998 51.279999
v 37.599998 37.759998 47.759998
v 37.759998 37.759998 50.320000
v 37.520000 37.759998 50.879997
v 37.599998 37.759998 50.799999
v 37.599998 37.759998 51.279999
v 37.599998 37.840000 47.840000
v 37.599998 37.919998 47.919998
v 37.520000 37.919998 49.439999
v 37.520000 37.919998 49.759998
v 37.599998 37.919998 49.840000
v 37.599998 37.840000 49.919998
v 37.520000 38.079998 49.439999
v 37.599998 38.079998 49.840000
v 37.599998 38.079998 50.799999
v 37.520000 38.239998 49.439999
v 37.520000 38.239998 49.759998
v 37.599998 38.239998 49.840000
v 37.599998 38.399998 49.840000
v 37.599998 38.480000 49.919998
v 37.599998 38.480000 50.079998
v 37.520000 38.559998 50.079998
v 37.599998 38.559998 50.160000
v 37.759998 38.559998 50.639999
v 37.599998 38.639999 50.239998
v 37.520000 39.040001 51.039997
v 37.599998 39.040001 51.119999
v 37.599998 39.200001 47.919998
v 37.599998 39.119999 51.039997
v 37.599998 39.200001 50.959999
v 37.599998 39.279999 48.000000
v 37.599998 39.360001 48.079998
v 37.599998 39.279999 50.879997
v 37.599998 39.360001 50.799999
v 37.599998 39.520000 48.079998
v 37.520000 39.520000 50.719997
v 37.599998 39.520000 50.799999
v 37.599998 39.680000 48.079998
v 37.520000 39.680000 50.559998
v 37.599998 39.680000 50.639999
v 37.599998 39.599998 50.719997
v 37.599998 39.759998 48.160000
v 37.599998 39.840000 48.239998
v 37.520000 39.840000 50.559998
v 37.599998 39.840000 50.639999
v 37.599998 39.919998 50.559998
v 37.599998 40.160000 48.239998
v 37.520000 40.160000 50.079998
v 37.599998 40.160000 50.160000
v 37.599998 40.079998 50.239998
v 37.599998 40.079998 50.399998
v 37.599998 40.239998 48.320000
v 37.520000 40.320000 48.480000
v 37.599998 40.320000 48.399998
v 37.520000 40.320000 49.919998
v 37.599998 40.320000 50.000000
v 37.599998 40.239998 50.079998
v 37.599998 40.399998 48.480000
v 37.520000 40.480000 48.639999
v 37.599998 40.480004 48.560002
v 37.520000 40.480000 48.799999
v 37.520000 40.480000 49.439999
v 37.520000 40.480000 49.599998
v 37.599998 40.480000 49.680000
v 37.599998 40.399998 49.759998
v 37.599998 40.399998 49.919998
v 37.599998 40.559998 48.639999
v 37.599998 40.559998 48.799999
v 37.599998 40.559998 49.439999
v 37.599998 40.559998 49.599998
v 37.680000 34.719997 48.799999
v 37.759998 34.719997 48.879997
v 37.759998 34.639999 48.959999
v 37.759998 34.639999 49.759998
v 37.680000 34.719997 49.919998
v 37.759998 34.719997 49.840000
v 37.680000 34.880001 48.160000
v 37.680000 34.880001 48.320000
v 37.680000 34.880001 48.480000
v 37.759998 34.880001 48.559998
v 37.759998 34.799999 48.639999
v 37.759998 34.799999 49.919998
v 37.759998 34.799999 50.079998
v 37.837834 34.799999 50.162163
v 37.680000 34.880001 50.399998
v 37.759998 34.880001 50.320000
v 37.680000 35.040001 48.000000
v 37.759998 35.040001 48.079998
v 37.759998 34.959999 48.160000
v 37.759998 34.959999 48.320000
v 37.759998 34.959999 48.480000
v 37.759998 34.959999 50.399998
v 37.759998 35.040001 50.480000
v 37.680000 35.200001 47.840000
v 37.759998 35.200001 47.919998
v 37.759998 35.119999 48.000000
v 37.680000 35.360001 47.680000
v 37.759998 35.360001 47.759998
v 37.759998 35.279999 47.840000
v 37.599998 35.520000 50.639999
v 37.680000 35.840000 50.719997
v 37.759998 35.840000 50.639999
v 37.759998 35.919998 50.719997
v 37.759998 36.000000 50.799999
v 37.759998 36.160000 47.599998
v 37.680000 36.160000 50.879997
v 37.759998 36.160000 50.799999
v 37.759998 36.320000 47.599998
v 37.759998 36.320000 50.799999
v 37.759998 36.480000 47.599998
v 37.599998 36.320000 50.959999
v 37.680000 36.639999 47.520000
v 37.759998 36.639999 47.599998
v 37.759998 36.959999 47.599998
v 37.759998 37.040001 47.680000
v 37.680000 37.119999 47.680000
v 37.759998 37.119999 47.759998
v 37.759998 37.119999 50.959999
v 37.759998 37.200001 51.039997
v 37.759998 37.200001 51.199997
v 37.759998 37.439999 47.759998
v 37.759998 37.520000 50.399998
v 37.759998 37.599998 50.320000
v 37.759998 37.520000 50.559998
v 37.759998 37.520000 50.719997
v 37.759998 37.599998 50.799999
v 37.759998 37.759998 47.759998
v 37.759998 37.759998 50.799999
v 37.759998 37.840000 47.840000
v 37.759998 37.919998 47.919998
v 37.680000 37.919998 49.919998
v 37.759998 37.919998 50.000000
v 37.759998 37.840000 50.079998
v 37.759998 37.840000 50.239998
v 37.759998 38.079998 50.799999
v 37.680000 38.079998 49.919998
v 37.759998 38.079998 50.000000
v 37.680000 38.239998 49.919998
v 37.759998 38.239998 50.000000
v 37.759998 38.239998 50.639999
v 37.680000 38.399998 49.919998
v 37.759998 38.399998 50.000000
v 37.759998 38.480000 50.079998
v 37.759998 38.559998 50.160000
v 37.759998 38.639999 50.239998
v 37.759998 39.040001 51.119999
v 37.759998 39.119999 51.039997
v 37.680000 39.360001 48.000000
v 37.759998 39.360001 47.919998
v 37.680000 39.360001 50.879997
v 37.759998 39.360001 50.959999
v 37.680000 39.520000 48.000000
v 37.759998 39.520000 47.919998
v 37.759998 39.439999 50.879997
v 37.759998 39.520000 50.799999
v 37.759998 39.599998 48.000000
v 37.759998 39.680000 48.079998
v 37.759998 39.599998 50.719997
v 37.759998 39.680000 50.639999
v 37.680000 39.840000 48.160000
v 37.759998 39.840000 50.639999
v 37.759998 39.919998 48.160000
v 37.759998 40.000000 48.239998
v 37.600001 40.003947 50.476052
v 37.759998 40.160000 48.239998
v 37.759998 40.079998 50.239998
v 37.759998 40.160000 50.160000
v 37.759998 40.239998 48.320000
v 37.759998 40.320000 48.399998
v 37.759998 40.239998 50.079998
v 37.759998 40.320000 50.000000
v 37.759998 40.399998 48.480000
v 37.680000 40.480000 49.759998
v 37.759998 40.479991 49.840008
v 37.759998 40.399998 49.919998
v 37.759998 40.559998 49.759998
v 37.840000 34.719997 48.959999
v 37.919998 34.719997 49.039997
v 37.919998 34.639999 49.119999
v 37.919998 34.639999 49.599998
v 37.840000 34.719997 49.759998
v 37.919998 34.719997 49.680000
v 37.919998 34.880001 48.559998
v 37.919998 34.799999 48.639999
v 38.079998 34.799999 48.959999
v 37.919998 34.799999 49.759998
v 37.919998 34.799999 49.919998
v 37.919998 34.799999 50.079998
v 37.919998 34.880001 50.160000
v 37.840000 35.040001 48.160000
v 37.919998 35.040001 48.239998
v 37.919998 34.959999 48.320000
v 37.919998 34.959999 48.480000
v 37.919998 34.959999 50.239998
v 37.919998 34.959999 50.399998
v 37.919998 35.040001 50.480000
v 37.840000 35.200001 48.000000
v 37.919998 35.200001 48.079998
v 37.919998 35.119999 48.160000
v 37.919998 35.360001 47.919998
v 37.919998 35.279999 48.000000
v 37.919998 35.520000 47.919998
v 37.919998 35.680000 47.759998
v 37.919998 35.840000 47.759998
v 37.919998 35.840000 50.639999
v 37.919998 36.000000 47.759998
v 37.919998 35.919998 50.719997
v 37.919998 36.000000 50.799999
v 37.840000 36.160000 47.680000
v 37.919998 36.160000 47.759998
v 37.919998 36.320000 47.599998
v 37.919998 36.239998 47.680000
v 37.919998 36.480000 50.799999
v 37.919998 36.559998 50.879997
v 37.919998 36.639999 50.959999
v 37.919998 36.799999 47.599998
v 37.919998 36.959999 47.599998
v 37.919998 37.040001 47.680000
v 37.919998 37.119999 47.759998
v 37.919998 37.119999 50.959999
v 37.919998 37.200001 51.039997
v 37.919998 37.200001 51.199997
v 37.919998 37.599998 47.759998
v 37.840000 37.599998 50.399998
v 37.840000 37.599998 50.719997
v 37.919998 37.759998 47.759998
v 37.840000 37.759998 50.719997
v 37.919998 37.840000 47.840000
v 37.919998 37.919998 47.919998
v 37.840000 37.919998 50.079998
v 37.840000 37.919998 50.239998
v 37.840000 37.919998 50.719997
v 37.919998 38.079998 51.279999
v 37.840000 38.239998 50.559998
v 37.840000 38.399998 50.079998
v 37.840000 38.399998 50.559998
v 37.840000 38.559998 50.239998
v 37.840000 38.559998 50.559998
v 37.919998 39.040001 51.119999
v 37.919998 39.119999 51.039997
v 37.919998 39.360001 50.959999
v 37.919998 39.439999 50.879997
v 37.919998 39.520000 50.799999
v 37.919998 39.599998 48.000000
v 37.840000 39.680000 50.719997
v 37.919998 39.680000 50.799999
v 37.919998 39.759998 50.719997
v 37.919998 39.840000 50.639999
v 37.840000 40.000000 48.160000
v 37.599998 39.680000 48.079998
v 38.239999 39.919998 50.559998
v 37.919998 40.079998 48.160000
v 37.919998 40.160000 48.239998
v 37.840000 40.160000 50.239998
v 37.919998 40.160000 50.320000
v 37.919998 40.079998 50.399998
v 37.840000 40.320000 48.320000
v 37.919998 40.320000 48.239998
v 37.919998 40.239998 50.079998
v 37.919998 40.320000 50.000000
v 37.919998 40.239998 50.239998
v 37.919998 40.399998 48.320000
v 37.919998 40.399998 49.919998
v 38.079998 34.719997 49.039997
v 38.079998 34.639999 49.119999
v 38.079998 34.639999 49.279999
v 38.079998 34.639999 49.439999
v 38.079998 34.639999 49.599998
v 38.079998 34.719997 49.680000
v 38.079998 34.799999 48.799999
v 38.079998 34.799999 49.759998
v 38.079998 34.799999 49.919998
v 38.000000 34.880001 50.079998
v 38.079998 34.880001 50.000000
v 38.079998 35.040001 48.239998
v 38.079998 34.959999 48.320000
v 38.079998 34.959999 48.480000
v 38.079998 34.959999 50.079998
v 38.079998 34.959999 50.239998
v 38.079998 35.200001 48.079998
v 38.079998 35.119999 48.160000
v 38.079998 35.119999 50.399998
v 38.079998 35.200001 50.480000
v 38.000000 35.360001 48.000000
v 38.079998 35.360001 48.079998
v 38.079998 35.520000 47.919998
v 38.079998 35.439999 48.000000
v 38.079998 35.680000 47.919998
v 38.079998 35.840000 47.759998
v 38.079998 36.000000 47.759998
v 38.079998 35.919998 50.719997
v 38.079998 36.000000 50.799999
v 38.079998 36.160000 47.759998
v 38.079998 36.320000 47.599998
v 38.079998 36.480000 50.799999
v 38.079998 36.639999 47.599998
v 38.079998 36.639999 50.959999
v 38.079998 36.719997 47.680000
v 38.079998 36.799999 47.759998
v 38.079998 36.799999 50.959999
v 38.000000 36.959999 47.680000
v 38.079998 36.959999 47.759998
v 38.079998 37.279999 47.759998
v 38.000000 37.279999 51.039997
v 38.079998 37.279999 50.959999
v 38.000000 37.279999 51.199997
v 38.079998 37.439999 47.759998
v 38.000000 37.599998 51.039997
v 38.079998 37.439999 50.959999
v 38.079998 37.520000 47.840000
v 38.000000 37.599998 47.840000
v 38.079998 37.599998 47.919998
v 38.079998 37.599998 50.959999
v 38.000000 37.759998 47.840000
v 38.079998 37.759998 47.919998
v 38.000000 37.759998 50.559998
v 38.079998 37.680000 50.559998
v 38.079998 37.759998 50.480000
v 38.079998 37.680000 50.719997
v 38.000000 37.759998 50.879997
v 38.079998 37.680000 50.879997
v 38.079998 37.919998 47.919998
v 38.079998 38.079998 50.480000
v 38.000000 38.079998 51.199997
v 38.079998 38.079998 47.919998
v 38.000000 38.079998 50.559998
v 38.079998 38.239998 47.919998
v 38.079998 38.160000 50.559998
v 38.079998 38.160000 50.719997
v 38.079998 38.160000 50.879997
v 38.079998 38.160000 51.039997
v 38.079998 38.160000 51.199997
v 38.079998 38.239998 51.279999
v 38.000000 39.200001 51.039997
v 38.079998 39.200001 51.119999
v 38.079998 39.520000 47.919998
v 38.079998 39.279999 51.039997
v 38.079998 39.360001 50.959999
v 38.079998 39.439999 50.879997
v 38.079998 39.520000 50.799999
v 38.079998 39.599998 48.000000
v 38.079998 39.680000 48.079998
v 38.079998 39.680000 50.799999
v 38.079998 39.840000 48.079998
v 38.079998 39.759998 50.719997
v 38.000000 40.160000 48.160000
v 38.079998 40.160000 50.320000
v 38.079998 40.239998 48.160000
v 38.079998 40.320000 48.239998
v 38.000000 40.320000 50.079998
v 38.079998 40.320000 50.160000
v 38.079998 40.239998 50.239998
v 38.079998 40.399998 49.919998
v 38.079998 40.480000 49.840000
v 38.079998 40.399998 50.079998
v 38.079998 40.559997 48.639998
v 38.079998 40.559998 49.759998
v 38.160000 34.719997 49.119999
v 38.160000 34.719997 49.279999
v 38.160000 34.719997 49.439999
v 38.160000 34.719997 49.599998
v 38.160000 34.880001 48.799999
v 38.239998 34.880001 49.039997
v 38.239998 34.799999 49.119999
v 38.239998 34.799999 49.279999
v 38.239998 34.799999 49.439999
v 38.239998 34.799999 49.599998
v 38.239998 34.799999 49.759998
v 38.160000 34.880001 49.919998
v 38.239998 34.880001 49.840000
v 38.160000 35.040001 48.320000
v 38.160000 35.040001 48.480000
v 38.239998 34.959999 48.639999
v 38.239998 34.959999 48.799999
v 38.239998 34.959999 48.959999
v 38.239998 34.959999 49.919998
v 38.239998 34.959999 50.079998
v 38.239998 34.959999 50.239998
v 38.239998 35.040001 50.320000
v 38.160000 35.200001 48.160000
v 38.160000 35.200001 48.320000
v 38.239998 35.119999 50.399998
v 38.239998 35.200001 50.480000
v 38.160000 35.360001 48.160000
v 38.160000 35.520000 48.000000
v 38.239998 35.520000 48.079998
v 38.160000 35.680000 48.000000
v 38.239998 35.680000 48.079998
v 38.160000 35.840000 47.840000
v 38.239998 35.840000 47.919998
v 38.239998 35.759998 48.000000
v 38.239998 35.840000 50.639999
v 38.160000 36.000000 47.840000
v 38.239998 36.000000 47.919998
v 38.239998 36.000000 50.799999
v 38.239998 36.160000 47.759998
v 38.239998 36.079998 47.840000
v 38.160000 36.639999 47.680000
v 38.239998 36.639999 47.759998
v 38.160000 36.639999 50.879997
v 38.239998 36.639999 50.799999
v 38.239998 36.799999 47.759998
v 38.160000 36.799999 50.879997
v 38.239998 36.799999 50.799999
v 38.239998 36.959999 47.759998
v 38.239998 36.880001 50.879997
v 38.239998 36.959999 50.959999
v 38.239998 37.119999 47.759998
v 38.239998 37.200001 47.840000
v 38.160000 37.279999 47.840000
v 38.239998 37.279999 47.919998
v 38.160000 37.439999 47.840000
v 38.239998 37.439999 47.919998
v 38.239998 37.599998 47.919998
v 38.239998 37.599998 50.959999
v 38.239998 37.759998 47.919998
v 38.239998 37.680000 50.559998
v 38.239998 37.759998 50.480000
v 38.239998 37.680000 50.719997
v 38.239998 37.919998 47.919998
v 38.239998 38.079998 47.919998
v 38.239998 38.239998 47.919998
v 38.399998 38.160000 50.559998
v 38.239998 38.160000 51.199997
v 38.239998 38.239998 51.279999
v 38.399998 38.719997 51.119999
v 38.239998 39.200001 51.119999
v 38.239998 39.279999 51.039997
v 38.239998 39.360001 50.959999
v 38.160000 39.520000 50.879997
v 38.239998 39.520000 50.959999
v 38.160000 39.680000 48.000000
v 38.239998 39.680000 47.919998
v 38.239998 39.599998 50.879997
v 38.239998 39.680000 50.799999
v 38.160000 39.840000 48.000000
v 38.239998 39.840000 47.919998
v 38.239998 39.759998 50.719997
v 38.239998 39.919998 48.000000
v 38.239998 40.000000 48.079998
v 38.239998 40.160000 50.320000
v 38.239998 40.239998 48.160000
v 38.239998 40.239998 50.239998
v 38.239998 40.320000 50.160000
v 38.239998 40.399998 48.639999
v 38.159998 40.480001 48.639999
v 38.239998 40.399998 49.759998
v 38.160000 40.480000 49.759998
v 38.320000 34.880001 49.119999
v 38.320000 34.880001 49.279999
v 38.320000 34.880001 49.439999
v 38.320000 34.880001 49.599998
v 38.320000 34.880001 49.759998
v 38.399998 34.959999 48.799999
v 38.399998 34.959999 48.959999
v 38.399998 34.959999 49.119999
v 38.399998 34.959999 49.279999
v 38.399998 34.959999 49.439999
v 38.399998 34.959999 49.599998
v 38.399998 34.959999 49.759998
v 38.399998 34.959999 49.919998
v 38.399998 34.959999 50.079998
v 38.320000 35.040001 50.239998
v 38.399998 35.040001 50.160000
v 38.399998 35.119999 50.239998
v 38.320000 35.200001 50.399998
v 38.399998 35.200001 50.320000
v 38.399998 35.279999 50.399998
v 38.399998 35.360001 50.480000
v 38.399998 35.680000 48.079998
v 38.399998 35.840000 47.919998
v 38.399998 35.759998 48.000000
v 38.399998 36.000000 47.919998
v 38.399998 36.000000 50.639999
v 38.399998 36.160000 47.919998
v 38.399998 36.079998 50.719997
v 38.399998 36.160000 50.799999
v 38.399998 36.480000 47.759998
v 38.399998 36.639999 47.759998
v 38.399998 36.799999 47.759998
v 38.399998 36.880001 47.840000
v 38.320000 36.959999 47.840000
v 38.399998 36.959999 47.919998
v 38.399998 36.959999 50.959999
v 38.320000 37.119999 47.840000
v 38.399998 37.119999 47.919998
v 38.399998 37.279999 47.919998
v 38.399998 37.439999 47.919998
v 38.399998 37.680000 50.559998
v 38.399998 37.759998 50.480000
v 38.399998 37.680000 50.719997
v 38.399998 37.680000 50.879997
v 38.399998 37.919998 50.480000
v 38.399998 38.079998 50.480000
v 38.399998 38.239998 47.919998
v 38.399998 38.160000 50.879997
v 38.399998 38.160000 51.199997
v 38.399998 38.239998 51.279999
v 38.399998 38.399998 51.279999
v 38.399998 38.559998 51.279999
v 38.399998 39.200001 51.119999
v 38.399998 39.279999 51.039997
v 38.399998 39.360001 50.959999
v 38.399998 39.680000 47.919998
v 38.399998 39.599998 50.879997
v 38.399998 39.680000 50.799999
v 38.399998 39.840000 47.919998
v 38.320000 39.840000 50.719997
v 38.399998 39.840000 50.799999
v 38.320000 40.000000 48.000000
v 38.399998 40.000000 47.919998
v 38.399998 40.000000 50.480000
v 38.399998 39.919998 50.719997
v 38.399998 40.080008 48.000010
v 38.399998 40.160000 48.079998
v 38.399998 40.160000 50.320000
v 38.399998 40.239998 48.160000
v 38.399998 40.239998 50.239998
v 38.399998 40.320000 50.160000
v 38.559998 40.399998 48.319999
v 38.399998 40.399998 49.439999
v 38.399998 40.399998 50.079998
v 38.480000 35.040001 48.799999
v 38.480000 35.040001 48.959999
v 38.480000 35.040001 49.119999
v 38.480000 35.040001 49.279999
v 38.559998 35.040001 49.360001
v 38.559998 34.959999 49.439999
v 38.559998 34.959999 49.599998
v 38.559998 34.959999 49.759998
v 38.480000 35.040001 49.919998
v 38.559998 35.040001 49.840000
v 38.480000 35.040001 50.079998
v 38.480000 35.200001 48.639999
v 38.480000 35.200001 48.799999
v 38.559998 35.119999 48.959999
v 38.559998 35.119999 49.119999
v 38.559998 35.119999 49.279999
v 38.559998 35.119999 49.919998
v 38.559998 35.119999 50.079998
v 38.480000 35.200001 50.239998
v 38.559998 35.200001 50.160000
v 38.559998 35.279999 48.639999
v 38.559998 35.279999 48.799999
v 38.559998 35.279999 50.239998
v 38.559998 35.279999 50.399998
v 38.559998 35.360001 50.480000
v 38.559998 35.439999 50.559998
v 38.559998 35.520000 50.639999
v 38.480000 35.680000 48.160000
v 38.559998 35.599998 48.320000
v 38.559998 35.680000 50.639999
v 38.480000 35.840000 48.000000
v 38.480000 35.840000 48.160000
v 38.559998 35.680000 48.239998
v 38.480000 36.000000 48.000000
v 38.480000 36.000000 48.160000
v 38.559998 36.000000 50.639999
v 38.480000 36.160000 48.000000
v 38.480000 36.160000 48.160000
v 38.559998 36.160000 48.239998
v 38.480000 36.320000 48.000000
v 38.480000 36.480000 47.840000
v 38.559998 36.480000 47.919998
v 38.480000 36.639999 47.840000
v 38.559998 36.639999 47.919998
v 38.560001 36.800002 50.799999
v 38.480000 36.799999 47.840000
v 38.559998 36.799999 47.919998
v 38.559998 36.959999 50.959999
v 38.719997 37.119999 50.959999
v 38.559998 37.439999 48.079998
v 38.480000 37.759998 50.559998
v 38.480000 37.759998 50.719997
v 38.480000 37.759998 50.879997
v 38.559998 37.759998 50.959999
v 38.480000 37.919998 50.559998
v 38.480000 37.919998 50.719997
v 38.480000 37.919998 50.879997
v 38.559998 37.919998 50.959999
v 38.480000 38.079998 50.559998
v 38.480000 38.079998 50.879997
v 38.559998 38.079998 50.959999
v 38.480000 38.239998 48.000000
v 38.559998 38.239998 48.079998
v 38.559998 38.160000 51.039997
v 38.559998 38.239998 51.119999
v 38.559998 38.399998 47.919998
v 38.559998 38.320000 48.000000
v 38.480000 38.559998 51.199997
v 38.559998 38.559998 51.119999
v 38.559998 39.119999 51.039997
v 38.559997 39.200001 50.959999
v 38.559998 39.360001 47.919998
v 38.559998 39.520000 50.959999
v 38.559998 39.520000 47.919998
v 38.559998 39.680000 47.919998
v 38.559998 39.599998 50.879997
v 38.559998 39.680000 50.799999
v 38.559998 39.840000 47.919998
v 38.559998 40.000000 47.919998
v 38.559998 39.919998 50.719997
v 38.559998 40.160000 48.079998
v 38.559998 40.079998 50.399998
v 38.559998 40.160000 50.320000
v 38.559998 40.239998 48.160000
v 38.480001 40.319998 49.439999
v 38.559998 40.239998 49.439999
v 38.559998 40.239998 49.599998
v 38.559998 40.239998 49.759998
v 38.559998 40.239998 49.919998
v 38.480000 40.320000 50.079998
v 38.559998 40.239998 50.079998
v 38.559998 40.239998 50.239998
v 38.559998 40.399998 49.279999
v 38.639999 35.040001 49.439999
v 38.639999 35.040001 49.599998
v 38.639999 35.040001 49.759998
v 38.639999 35.200001 48.959999
v 38.639999 35.200001 49.119999
v 38.639999 35.200001 49.279999
v 38.639999 35.200001 49.439999
v 38.639999 35.200001 49.599998
v 38.639999 35.200001 49.759998
v 38.639999 35.200001 49.919998
v 38.639999 35.200001 50.079998
v 38.639999 35.360001 48.639999
v 38.639999 35.360001 48.799999
v 38.719997 35.279999 48.959999
v 38.719997 35.279999 49.439999
v 38.719997 35.279999 49.599998
v 38.719997 35.279999 49.759998
v 38.719997 35.279999 49.919998
v 38.719997 35.279999 50.079998
v 38.719997 35.279999 50.239998
v 38.639999 35.360001 50.399998
v 38.719997 35.360001 50.320000
v 38.719997 35.439999 48.639999
v 38.719997 35.439999 48.799999
v 38.719997 35.439999 50.399998
v 38.719997 35.520000 50.480000
v 38.719997 35.680000 48.239998
v 38.719997 35.599998 48.320000
v 38.719997 35.599998 48.480000
v 38.719997 35.680000 50.480000
v 38.719997 35.840000 48.239998
v 38.719997 35.759998 50.559998
v 38.719997 35.840000 50.639999
v 38.719997 36.000000 48.239998
v 38.719997 36.000000 50.639999
v 38.719997 36.160000 48.239998
v 38.719997 36.160000 50.799999
v 38.639999 36.480000 48.000000
v 38.719997 36.480000 48.079998
v 38.639999 36.639999 48.000000
v 38.719997 36.639999 48.079998
v 38.719997 36.799999 47.919998
v 38.719997 37.119999 47.919998
v 38.719997 37.279999 50.959999
v 38.719997 37.599998 50.959999
v 38.719997 37.680000 51.039997
v 38.639999 37.759998 51.039997
v 38.639999 37.919998 51.039997
v 38.639999 38.079998 51.039997
v 38.719997 38.239998 48.079998
v 38.719997 38.399998 47.919998
v 38.719997 38.320000 48.000000
v 38.879997 39.040001 47.919998
v 38.559998 39.040001 51.119999
v 38.719997 39.200001 47.919998
v 39.040001 39.119994 51.040002
v 38.719997 39.360001 47.919998
v 38.719997 39.360001 50.959999
v 38.719997 39.680000 47.919998
v 38.719997 39.520000 50.959999
v 38.719997 39.599998 50.879997
v 38.719997 39.680000 50.799999
v 38.719997 39.840000 50.799999
v 38.719997 40.000000 47.919998
v 38.719997 39.919998 50.559998
v 38.719997 40.000000 50.480000
v 38.719997 39.919998 50.719997
v 38.719997 40.079998 48.000000
v 38.719997 40.160000 48.079998
v 38.639999 40.160000 50.079998
v 38.719997 40.079998 50.079998
v 38.639999 40.160000 50.239998
v 38.719997 40.079998 50.239998
v 38.719997 40.079998 50.399998
v 38.719997 40.239998 48.160000
v 38.719997 40.239998 48.320000
v 38.719997 40.239998 48.480000
v 38.719997 40.239998 48.639999
v 38.719997 40.239998 48.799999
v 38.719997 40.239998 48.959999
v 38.719997 40.239998 49.119999
v 38.639999 40.320000 49.279999
v 38.719997 40.239998 49.279999
v 38.719997 40.239998 49.599998
v 38.719997 40.239998 49.759998
v 38.719997 40.239998 49.919998
v 38.799999 35.360001 48.959999
v 38.799999 35.360001 50.079998
v 38.799999 35.360001 50.239998
v 38.799999 35.520000 48.639999
v 38.799999 35.520000 48.799999
v 38.879997 35.439999 48.959999
v 38.879997 35.439999 50.079998
v 38.879997 35.439999 50.239998
v 38.799999 35.520000 50.399998
v 38.879997 35.520000 50.320000
v 38.799999 35.680000 48.320000
v 38.799999 35.680000 48.480000
v 38.799999 35.680218 48.639782
v 38.879997 35.599998 50.399998
v 38.879997 35.680000 50.480000
v 38.799999 35.840000 48.320000
v 38.879997 35.840000 50.480000
v 38.799999 36.000000 48.320000
v 38.879997 36.000000 48.399998
v 38.799999 36.000000 50.559998
v 38.879997 36.000000 50.480000
v 38.828618 36.160000 48.348618
v 38.879997 36.079998 50.559998
v 38.879997 36.160000 50.639999
v 38.879997 36.320000 48.239998
v 38.879997 36.320000 50.799999
v 38.879997 36.480000 48.239998
v 38.879997 36.639999 48.079998
v 38.879997 36.559998 48.160000
v 38.879997 36.799999 48.079998
v 38.879997 36.959999 48.079998
v 38.799999 37.119999 48.000000
v 38.879997 37.119999 48.079998
v 38.799999 37.119999 50.879997
v 38.879997 37.119999 50.799999
v 38.879997 37.279999 50.799999
v 38.879997 37.360001 50.879997
v 38.879997 37.439999 50.959999
v 38.879997 37.599998 50.959999
v 38.879997 37.680000 51.039997
v 38.719997 38.079998 51.119999
v 38.799999 38.399998 48.000000
v 38.879997 38.399998 48.079998
v 38.879997 38.559998 47.919998
v 38.879997 38.480000 48.000000
v 38.879997 39.200001 47.919998
v 38.879997 39.200001 50.959999
v 38.799997 39.360001 47.840002
v 38.879997 39.360001 47.759998
v 38.879997 39.279999 47.840000
v 38.879997 39.360001 50.959999
v 38.879997 39.520000 47.759998
v 38.879997 39.520000 50.959999
v 38.799999 39.680000 47.840000
v 38.879997 39.680000 47.759998
v 38.879997 39.599998 50.879997
v 38.879997 39.680000 50.799999
v 38.879997 39.759998 47.840000
v 38.879997 39.840000 47.919998
v 38.799999 39.840000 50.719997
v 38.879997 39.759998 50.719997
v 38.879997 39.840000 50.639999
v 38.879997 40.000000 47.919998
v 38.800006 39.999993 50.239998
v 38.879997 39.919998 50.239998
v 38.799999 40.000000 50.399998
v 38.879997 39.919998 50.399998
v 38.879997 39.919998 50.559998
v 38.879997 40.079998 48.000000
v 38.799999 40.160000 48.160000
v 38.879997 40.079998 48.160000
v 38.879997 40.160000 48.239998
v 38.799999 40.160000 49.599998
v 38.879997 40.079998 49.599998
v 38.879997 40.160000 49.520000
v 38.799992 40.160008 49.919998
v 38.879997 40.079998 49.759998
v 38.879997 40.079998 49.919998
v 38.879997 40.079998 50.079998
v 38.879997 40.239998 48.320000
v 38.879997 40.239998 49.279999
v 38.959999 35.520000 48.959999
v 38.959999 35.520000 49.119999
v 38.959999 35.520000 50.239998
v 38.959999 35.680000 48.799999
v 38.959999 35.680000 48.959999
v 39.040001 35.680000 49.039997
v 39.040001 35.599998 49.119999
v 39.040001 35.599998 49.279999
v 39.040001 35.599998 49.439999
v 39.040001 35.599998 49.599998
v 39.040001 35.599998 49.759998
v 39.040001 35.599998 49.919998
v 39.040001 35.599998 50.079998
v 39.040001 35.599998 50.239998
v 38.959999 35.680000 50.399998
v 39.040001 35.680000 50.320000
v 38.959999 35.840000 48.639999
v 39.040001 35.840000 48.719997
v 39.040001 35.759998 48.799999
v 39.040001 35.759998 48.959999
v 39.040001 35.759998 50.399998
v 39.040001 35.840000 50.480000
v 38.959999 36.000000 48.480000
v 38.959999 36.000000 48.639999
v 39.040001 36.000000 48.719997
v 39.040001 36.000000 50.480000
v 38.959999 36.160000 48.480000
v 39.040001 36.160000 48.559998
v 39.040001 36.079998 48.639999
v 39.040001 36.079998 50.559998
v 39.040001 36.160000 50.639999
v 38.959999 36.320000 48.320000
v 39.040001 36.320000 48.399998
v 39.040001 36.239998 48.480000
v 38.959999 36.320000 50.719997
v 39.040001 36.320000 50.639999
v 38.959999 36.480000 48.320000
v 39.040001 36.480000 48.399998
v 39.040001 36.399998 50.719997
v 39.040001 36.480000 50.799999
v 38.959999 36.639999 48.160000
v 39.040001 36.639999 48.239998
v 39.040001 36.559998 48.320000
v 39.040001 36.639999 50.799999
v 38.959999 36.799999 48.160000
v 39.039978 36.799999 48.239975
v 39.040001 36.799999 50.799999
v 39.040001 36.959999 48.079998
v 39.040001 36.880001 48.160000
v 39.040001 37.279999 50.799999
v 39.040001 37.360001 50.879997
v 39.040001 37.439999 50.959999
v 39.040001 37.599998 50.959999
v 39.040001 37.680000 51.039997
v 39.040001 37.759998 51.119999
v 39.040001 38.719997 51.119999
v 39.040001 38.879997 47.919998
v 38.959999 39.040001 47.840000
v 39.040001 39.040001 47.759998
v 39.040001 38.960006 47.839993
v 39.040001 39.040001 51.119999
v 38.959999 39.200001 47.840000
v 39.040001 39.200001 47.759998
v 39.040001 39.200001 50.959999
v 39.040001 39.360001 50.959999
v 38.959999 39.520000 50.879997
v 39.040001 39.439999 50.879997
v 39.040001 39.520000 50.799999
v 39.040001 39.680000 47.759998
v 38.959999 39.680000 50.719997
v 39.040001 39.599998 50.719997
v 39.040001 39.680000 50.639999
v 39.040001 39.759998 47.840000
v 38.959999 39.840000 50.399998
v 39.040001 39.840000 50.320000
v 38.960046 39.839953 50.559998
v 39.040001 40.000000 47.919998
v 38.959999 40.000000 50.079998
v 39.040001 39.919998 50.079998
v 39.040001 40.000000 50.000000
v 39.040001 39.919998 50.239998
v 39.040001 40.079998 48.000000
v 39.040001 40.079998 48.160000
v 39.040001 40.160000 48.239998
v 39.040002 40.079998 49.279999
v 39.040001 40.160000 49.200001
v 38.959999 40.160000 49.439999
v 39.040001 40.079998 49.439999
v 39.040001 40.079998 49.759998
v 39.040001 40.079998 49.919998
v 39.040001 40.239998 49.119999
v 39.119999 35.680000 49.119999
v 39.119999 35.680000 49.279999
v 39.119999 35.680000 49.439999
v 39.119999 35.680000 49.599998
v 39.119999 35.680000 49.759998
v 39.119999 35.680000 49.919998
v 39.119999 35.680000 50.079998
v 39.119999 35.680000 50.239998
v 39.119999 35.840000 48.799999
v 39.119999 35.840000 48.959999
v 39.200001 35.840000 49.039997
v 39.200001 35.759998 49.119999
v 39.200001 35.759998 49.279999
v 39.200001 35.759998 49.439999
v 39.200001 35.759998 49.599998
v 39.200001 35.759998 49.759998
v 39.200001 35.759998 49.919998
v 39.200001 35.840000 50.000000
v 39.119999 35.840000 50.079998
v 39.119999 35.840000 50.239998
v 39.119999 35.840000 50.399998
v 39.119999 36.000000 48.799999
v 39.200001 36.000000 48.879997
v 39.200001 35.919998 48.959999
v 39.200001 35.919998 50.079998
v 39.200001 35.919998 50.239998
v 39.200001 35.919998 50.399998
v 39.200001 36.000000 50.480000
v 39.119999 36.160000 48.639999
v 39.200001 36.160000 48.719997
v 39.200001 36.079998 48.799999
v 39.119999 36.160000 50.559998
v 39.200001 36.160000 50.480000
v 39.119999 36.320000 48.480000
v 39.119999 36.320000 48.639999
v 39.200001 36.320000 48.719997
v 39.200001 36.239998 50.559998
v 39.200001 36.320000 50.639999
v 39.119999 36.480000 48.480000
v 39.200001 36.480000 48.559998
v 39.200001 36.399998 48.639999
v 39.120001 36.480000 50.719995
v 39.200001 36.480000 50.639999
v 39.119999 36.639999 48.320000
v 39.200001 36.639999 48.399998
v 39.200001 36.559998 48.480000
v 39.119999 36.799999 48.320000
v 39.200006 36.799999 48.400003
v 39.119999 36.799999 50.719997
v 39.200001 36.799999 50.639999
v 39.119999 36.959999 48.160000
v 39.200001 36.880001 48.320000
v 39.200001 36.880001 50.719997
v 39.200001 36.959999 50.799999
v 39.200001 37.119999 48.079998
v 39.200001 37.040001 48.160000
v 39.200001 37.279999 48.079998
v 39.200001 37.599998 50.959999
v 39.119999 37.759998 51.039997
v 39.200001 37.759998 50.959999
v 39.200001 37.840000 51.039997
v 39.200001 37.919998 51.119999
v 39.200001 38.079998 51.119999
v 39.200001 38.719997 51.119999
v 39.200001 38.879997 47.919998
v 39.200001 38.879997 51.119999
v 39.200001 39.040001 47.759998
v 39.200001 38.954759 51.045237
v 39.200001 39.040001 50.959999
v 39.200001 39.360001 50.959999
v 39.200001 39.439999 50.879997
v 39.200001 39.520000 50.799999
v 39.200001 39.680000 47.759998
v 39.119903 39.680096 50.399998
v 39.200001 39.680000 50.320000
v 39.200001 39.599998 50.559998
v 39.200001 39.599998 50.719997
v 39.200001 39.759998 47.840000
v 39.200001 39.840000 47.919998
v 39.119999 39.840000 50.079998
v 39.200001 39.759998 50.079998
v 39.200001 39.840000 50.000000
v 39.200001 39.759998 50.239998
v 39.200001 39.919998 48.000000
v 39.119999 40.000000 48.000000
v 39.200001 40.000000 48.079998
v 39.200001 39.919998 49.759998
v 39.200001 40.000000 49.680000
v 39.119999 40.000000 49.919998
v 39.200001 39.919998 49.919998
v 39.200001 40.079998 48.160000
v 39.200001 40.160000 48.239998
v 39.200001 40.160000 49.200001
v 39.200001 40.079998 49.599998
v 39.200001 40.239998 48.320000
v 39.200001 40.239998 48.640001
v 39.200001 40.239998 49.119999
v 39.279999 35.840000 49.119999
v 39.279999 35.840000 49.279999
v 39.280007 35.840009 49.919998
v 39.279999 36.000000 48.959999
v 39.279999 36.000000 49.119999
v 39.360001 36.000000 49.200001
v 39.360001 35.919998 49.279999
v 39.360001 35.919998 49.919998
v 39.360001 35.919998 50.239998
v 39.279999 36.000000 50.399998
v 39.360001 36.000000 50.320000
v 39.279999 36.160000 48.799999
v 39.279999 36.160000 48.959999
v 39.360001 36.160000 49.039997
v 39.360001 36.079998 49.119999
v 39.360001 36.079998 50.399998
v 39.360001 36.160000 50.480000
v 39.360001 36.320000 48.719997
v 39.360001 36.239998 48.799999
v 39.360001 36.239998 48.959999
v 39.279999 36.320000 50.559998
v 39.360001 36.320000 50.480000
v 39.279999 36.480000 48.639999
v 39.360001 36.480000 48.719997
v 39.360001 36.399998 50.559998
v 39.360001 36.480000 50.639999
v 39.279999 36.639999 48.480000
v 39.360001 36.639999 48.559998
v 39.360001 36.559998 48.639999
v 39.279999 36.799999 48.480000
v 39.360001 36.799999 48.559998
v 39.360001 36.799999 50.639999
v 39.279999 36.959999 48.320000
v 39.360001 36.880001 48.480000
v 39.360001 36.880001 50.719997
v 39.360001 36.959999 50.799999
v 39.279999 37.119999 48.160000
v 39.360001 37.119999 48.239998
v 39.360001 37.040001 48.320000
v 39.279999 37.279999 48.160000
v 39.360001 37.279999 48.239998
v 39.360001 37.439999 48.079998
v 39.360001 37.360001 48.160000
v 39.360001 37.599998 48.079998
v 39.360001 37.759998 50.959999
v 39.279999 37.919998 51.039997
v 39.360001 37.919998 50.959999
v 39.279999 38.079998 51.039997
v 39.360001 38.079998 50.959999
v 39.520000 38.559998 47.919998
v 39.360001 38.879997 51.119999
v 39.360001 39.040001 47.759998
v 39.360001 38.959999 51.039997
v 39.360001 39.040001 50.959999
v 39.360001 39.200001 50.959999
v 39.279999 39.360001 50.719997
v 39.360001 39.279999 50.719997
v 39.360001 39.360001 50.639999
v 39.279999 39.360001 50.879997
v 39.360001 39.279999 50.879997
v 39.279999 39.520000 50.399998
v 39.360001 39.439999 50.399998
v 39.360001 39.520000 50.320000
v 39.279999 39.520000 50.559998
v 39.360001 39.439999 50.559998
v 39.279999 39.520000 50.719997
v 39.360001 39.680000 47.759998
v 39.279999 39.680000 50.239998
v 39.360001 39.599998 50.239998
v 39.360001 39.680000 50.160000
v 39.360001 39.759998 47.840000
v 39.360001 39.840000 47.919998
v 39.279999 39.840000 49.919998
v 39.360001 39.759998 49.919998
v 39.360001 39.840000 49.840000
v 39.380024 39.759998 50.059975
v 39.360001 39.919998 48.000000
v 39.279999 40.000000 48.160000
v 39.360001 39.919998 48.160000
v 39.360001 40.000000 48.239998
v 39.279999 40.000000 49.599998
v 39.360001 39.919998 49.599998
v 39.360001 40.000000 49.520000
v 39.360001 39.919998 49.759998
v 39.279999 40.160000 48.320000
v 39.360001 40.079998 48.320000
v 39.360001 40.079998 48.480000
v 39.360001 40.079998 48.639999
v 39.360001 40.160000 48.719997
v 39.360001 40.079998 49.279999
v 39.360001 40.160000 49.200001
v 39.360001 40.079998 49.439999
v 39.360001 40.239998 48.799999
v 39.360001 40.239998 48.959999
v 39.360001 40.239998 49.119999
v 39.439999 36.000000 49.279999
v 39.439999 36.000000 49.439999
v 39.439999 36.000000 49.599998
v 39.439999 36.000000 49.759998
v 39.439999 36.000000 49.919998
v 39.439999 36.000000 50.079998
v 39.439999 36.000000 50.239998
v 39.439999 36.160000 49.119999
v 39.520000 36.160000 49.200001
v 39.520000 36.079998 49.279999
v 39.520000 36.079998 49.439999
v 39.520000 36.079998 49.919998
v 39.520000 36.160000 50.000000
v 39.439999 36.160000 50.079998
v 39.439999 36.160000 50.239998
v 39.439999 36.160000 50.399998
v 39.439999 36.320000 48.799999
v 39.439999 36.320000 48.959999
v 39.520000 36.320000 49.039997
v 39.520000 36.239998 49.119999
v 39.520000 36.239998 50.079998
v 39.520000 36.239998 50.239998
v 39.520000 36.239998 50.399998
v 39.520000 36.320000 50.480000
v 39.439999 36.480000 48.799999
v 39.520000 36.480000 48.879997
v 39.520000 36.399998 48.959999
v 39.439999 36.480000 50.559998
v 39.520000 36.480000 50.480000
v 39.439999 36.639999 48.639999
v 39.520000 36.639999 48.719997
v 39.520000 36.559998 48.799999
v 39.520000 36.559998 50.559998
v 39.520000 36.639999 50.639999
v 39.520000 36.799999 48.559998
v 39.520000 36.719997 48.639999
v 39.520000 36.799999 50.639999
v 39.439999 36.959999 48.480000
v 39.520000 36.959999 48.559998
v 39.439999 36.959999 50.719997
v 39.520000 36.959999 50.639999
v 39.439999 37.119999 48.320000
v 39.520000 37.119999 48.399998
v 39.520000 37.040001 48.480000
v 39.520000 37.040001 50.719997
v 39.520000 37.119999 50.799999
v 39.520000 37.279999 48.239998
v 39.520000 37.200001 48.320000
v 39.439999 37.439999 48.160000
v 39.520000 37.439999 48.239998
v 39.520000 37.599998 48.079998
v 39.520000 37.520000 48.160000
v 39.680000 38.079998 50.959999
v 39.520000 38.399998 48.079998
v 39.439999 38.239998 51.039997
v 39.520000 38.399999 51.119999
v 39.520000 38.719997 51.119999
v 39.439999 38.879997 51.039997
v 39.520000 38.799999 51.039997
v 39.520000 38.879997 50.959999
v 39.520000 39.040001 47.759998
v 39.439999 39.040001 50.879997
v 39.520000 38.959999 50.879997
v 39.520000 39.040001 50.799999
v 39.439999 39.200001 50.879997
v 39.520000 39.200001 50.799999
v 39.679999 39.360001 47.759998
v 39.439999 39.360001 50.559998
v 39.520000 39.279999 50.559998
v 39.520000 39.360001 50.480000
v 39.520000 39.279999 50.719997
v 39.439999 39.520000 50.239998
v 39.520000 39.439999 50.239998
v 39.520000 39.520000 50.160000
v 39.520000 39.439999 50.399998
v 39.520000 39.599998 47.840000
v 39.439999 39.680000 47.840000
v 39.520000 39.680000 47.919998
v 39.520000 39.599998 50.079998
v 39.520000 39.680000 50.000000
v 39.439999 39.840000 48.000000
v 39.520000 39.759998 48.000000
v 39.520000 39.840000 48.079998
v 39.439999 39.840000 49.759998
v 39.520000 39.759998 49.759998
v 39.520000 39.840000 49.680000
v 39.520000 39.759998 49.919998
v 39.520000 39.919998 48.160000
v 39.439999 40.000000 48.320000
v 39.520000 39.919998 48.320000
v 39.520000 40.000000 48.399998
v 39.520000 39.919998 49.599998
v 39.520000 40.000000 49.520000
v 39.520000 40.079998 48.480000
v 39.520000 40.079998 48.639999
v 39.439999 40.160000 48.799999
v 39.520000 40.079998 48.799999
v 39.439999 40.160000 49.119999
v 39.520000 40.079998 49.119999
v 39.520000 40.079998 49.279999
v 39.520000 40.079998 49.439999
v 39.599998 36.160000 49.279999
v 39.599998 36.160000 49.439999
v 39.599998 36.160000 49.599998
v 39.599998 36.160000 49.759998
v 39.599998 36.160000 49.919998
v 39.599998 36.320000 49.119999
v 39.599998 36.320000 49.279999
v 39.680000 36.320000 49.360001
v 39.680000 36.239998 49.439999
v 39.680000 36.239998 49.599998
v 39.680000 36.239998 49.759998
v 39.680000 36.239998 49.919998
v 39.680000 36.239998 50.239998
v 39.599998 36.320000 50.399998
v 39.599998 36.480000 48.959999
v 39.599998 36.480000 49.119999
v 39.680000 36.480000 49.200001
v 39.680000 36.399998 49.279999
v 39.680000 36.399998 50.399998
v 39.680000 36.480000 50.480000
v 39.680000 36.679998 48.679998
v 39.680000 36.559998 48.799999
v 39.680000 36.559998 48.959999
v 39.680000 36.559998 49.119999
v 39.599998 36.639999 50.559998
v 39.680000 36.639999 50.480000
v 39.680000 36.799999 48.559998
v 39.680000 36.719997 50.559998
v 39.680000 36.799999 50.639999
v 39.680000 36.959999 48.559998
v 39.680000 36.959999 50.639999
v 39.680000 37.119999 48.399998
v 39.680000 37.040001 48.480000
v 39.680000 37.040001 50.719997
v 39.680000 37.119999 50.799999
v 39.680000 37.200001 48.320000
v 39.680000 37.279999 50.799999
v 39.599998 37.599998 48.160000
v 39.680000 37.599998 48.239998
v 39.599998 37.759998 48.160000
v 39.680000 37.759998 48.239998
v 39.680000 37.919998 48.079998
v 39.680000 37.840000 48.160000
v 39.680000 37.919998 50.799999
v 39.680000 38.000000 50.879997
v 39.680000 38.239998 48.079998
v 39.680000 38.399998 47.919998
v 39.680000 38.320002 47.999997
v 39.599998 38.399998 51.039997
v 39.680000 38.399998 50.959999
v 39.599998 38.559998 51.039997
v 39.599998 38.719997 51.039997
v 39.680000 38.719997 50.959999
v 39.680001 38.879998 47.919998
v 39.599998 38.879997 50.719997
v 39.680000 38.799999 50.719997
v 39.680000 38.879997 50.639999
v 39.599998 38.879997 50.879997
v 39.680000 38.799999 50.879997
v 39.680000 39.040001 47.759998
v 39.680000 38.959999 47.840000
v 39.599998 39.040001 50.719997
v 39.680000 39.040001 50.639999
v 39.599998 39.200001 50.719997
v 39.680000 39.200001 50.639999
v 39.599998 39.360001 50.399998
v 39.680000 39.279999 50.399998
v 39.680000 39.360001 50.320000
v 39.680000 39.279999 50.559998
v 39.680000 39.520000 47.919998
v 39.680000 39.439999 50.239998
v 39.680000 39.520000 50.160000
v 39.599998 39.680000 48.000000
v 39.680000 39.599998 48.000000
v 39.680000 39.680000 48.079998
v 39.599998 39.680000 49.919998
v 39.680000 39.599998 49.919998
v 39.680000 39.680000 49.840000
v 39.680000 39.599998 50.079998
v 39.599998 39.840000 48.160000
v 39.680000 39.759998 48.160000
v 39.599998 39.840000 48.320000
v 39.680054 39.759944 48.320000
v 39.680000 39.840000 48.399998
v 39.680000 39.759998 49.759998
v 39.680000 39.840000 49.680000
v 39.599998 40.000000 48.480000
v 39.680000 39.919998 48.480000
v 39.599998 40.000000 49.439999
v 39.680000 39.919998 49.439999
v 39.680000 39.919998 49.599998
v 39.759998 36.320000 49.439999
v 39.759998 36.320000 50.079998
v 39.759998 36.320000 50.239998
v 39.759998 36.480000 49.279999
v 39.840000 36.480000 49.360001
v 39.840000 36.399998 49.439999
v 39.840000 36.399998 49.759998
v 39.840000 36.399998 50.079998
v 39.840000 36.480000 50.160000
v 39.759998 36.480000 50.399998
v 39.759998 36.639999 48.799999
v 39.759998 36.639999 48.959999
v 39.840000 36.639999 49.039997
v 39.840000 36.559998 49.119999
v 39.840000 36.559998 49.279999
v 39.840000 36.559998 50.239998
v 39.840000 36.639999 50.320000
v 39.759998 36.639999 50.399998
v 39.759998 36.799999 48.639999
v 39.759998 36.799999 48.799999
v 39.840000 36.799999 48.879997
v 39.840000 36.719997 48.959999
v 39.840000 36.719997 50.399998
v 39.759998 36.799999 50.559998
v 39.840000 36.799999 50.480000
v 39.759998 36.959999 48.639999
v 39.840000 36.959999 48.719997
v 39.840000 36.880001 48.799999
v 39.840000 36.880001 50.559998
v 40.000000 37.119999 50.639999
v 39.840000 37.119999 48.399998
v 39.840000 37.040001 48.480000
v 39.840000 37.040001 48.639999
v 39.759998 37.119999 50.719997
v 39.840000 37.119999 50.639999
v 39.840000 37.279999 48.239998
v 39.840000 37.200001 48.320000
v 39.759998 37.279999 50.719997
v 39.840000 37.279999 50.639999
v 39.840000 37.439999 48.239998
v 39.840000 37.360001 50.719997
v 39.840000 37.599998 48.239998
v 39.840000 37.599998 50.799999
v 39.840000 37.919998 48.079998
v 39.840000 37.840000 48.160000
v 39.840000 38.000000 50.879997
v 40.000000 38.239998 48.079998
v 39.840000 38.719997 50.959999
v 39.840000 38.799999 50.719997
v 39.840000 38.879997 50.639999
v 39.840000 38.799999 50.879997
v 39.760007 39.040001 47.840009
v 39.840000 39.040001 47.919998
v 39.759998 39.040001 50.559998
v 39.840000 38.959999 50.559998
v 39.840000 39.040001 50.480000
v 39.759998 39.200001 50.559998
v 39.840000 39.200001 50.480000
v 39.840000 39.360001 47.919998
v 39.840000 39.279999 50.399998
v 39.840000 39.360001 50.320000
v 39.759998 39.520000 48.000000
v 39.840000 39.439999 48.000000
v 39.840000 39.520000 48.079998
v 39.759998 39.520000 50.079998
v 39.840000 39.439999 50.079998
v 39.840000 39.520000 50.000000
v 39.840000 39.439999 50.239998
v 39.759998 39.680000 48.160000
v 39.840000 39.599998 48.160000
v 39.840000 39.599998 48.320000
v 39.840000 39.680000 48.399998
v 39.759998 39.680000 49.759998
v 39.840000 39.599998 49.759998
v 39.840000 39.680000 49.680000
v 39.840000 39.599998 49.919998
v 39.759998 39.840000 48.480000
v 39.840000 39.759998 48.480000
v 39.840000 39.840000 48.559998
v 39.759998 39.840000 49.599998
v 39.840000 39.759998 49.599998
v 39.840000 39.919998 48.639999
v 39.840000 39.919998 48.799999
v 39.840000 39.919998 48.959999
v 39.840000 39.919998 49.119999
v 39.919998 36.480000 49.439999
v 39.919998 36.480000 49.599998
v 39.919998 36.480000 49.759998
v 39.919998 36.480000 49.919998
v 39.919998 36.480000 50.079998
v 39.919998 36.639999 49.119999
v 39.919998 36.639999 49.279999
v 40.000000 36.639999 49.360001
v 40.000000 36.559998 49.439999
v 40.000000 36.559998 49.599998
v 40.000000 36.559998 49.759998
v 40.000000 36.559998 49.919998
v 40.000000 36.559998 50.079998
v 39.919998 36.639999 50.239998
v 40.000000 36.639999 50.160000
v 39.919998 36.799999 48.959999
v 40.000000 36.799999 49.039997
v 40.000000 36.719997 49.119999
v 40.000000 36.719997 49.279999
v 40.000000 36.719997 50.239998
v 40.000000 36.719997 50.399998
v 40.000000 36.799999 50.480000
v 39.919998 36.959999 48.799999
v 40.000000 36.959999 48.879997
v 40.000000 36.880001 48.959999
v 39.919998 36.959999 50.559998
v 40.000000 36.959999 50.480000
v 39.919998 37.119999 48.480000
v 40.000000 37.119999 48.559998
v 40.000000 37.040001 48.639999
v 40.000000 37.040001 48.799999
v 40.000000 37.040001 50.559998
v 39.919998 37.279999 48.320000
v 39.919998 37.279999 48.480000
v 40.000000 37.279999 48.559998
v 40.000000 37.279999 50.639999
v 39.919998 37.439999 48.320000
v 40.000000 37.439999 48.399998
v 40.000000 37.360001 48.480000
v 39.919998 37.439999 50.719997
v 40.000000 37.439999 50.639999
v 39.919998 37.599998 48.320000
v 40.000000 37.599998 48.399998
v 39.919998 37.599998 50.719997
v 40.000000 37.599998 50.639999
v 40.000000 37.759998 48.239998
v 40.000000 37.680000 48.320000
v 40.000000 37.680000 50.719997
v 40.000000 37.759998 50.799999
v 39.919998 37.919998 48.160000
v 39.840000 37.759998 48.239998
v 40.000000 37.919998 50.799999
v 40.000000 38.079998 48.079998
v 40.000000 38.000000 48.160000
v 40.000000 38.000000 50.879997
v 40.000000 38.079998 50.959999
v 40.000000 38.239998 50.959999
v 40.000000 38.399998 47.919998
v 40.000000 38.320000 48.000000
v 40.000000 38.399998 50.959999
v 39.919998 38.719997 50.879997
v 40.000004 38.719985 50.800008
v 39.919998 38.879997 50.559998
v 40.000000 38.799999 50.559998
v 40.000000 38.879997 50.480000
v 40.000000 38.799999 50.719997
v 40.000000 39.040001 47.919998
v 40.000000 39.040001 50.480000
v 40.000000 39.200001 47.919998
v 39.919998 39.200001 50.399998
v 40.000000 39.119999 50.399998
v 40.000000 39.200001 50.320000
v 40.000000 39.360001 47.919998
v 39.919998 39.360001 50.079998
v 40.000000 39.279999 50.079998
v 40.000000 39.360001 50.000000
v 39.919998 39.360001 50.239998
v 40.000000 39.279999 50.239998
v 40.000000 39.439999 48.000000
v 39.919998 39.520000 48.160000
v 40.000000 39.439999 48.160000
v 40.000000 39.520000 48.239998
v 39.919998 39.520000 49.919998
v 40.000000 39.439999 49.919998
v 40.000000 39.520000 49.840000
v 40.000000 39.599998 48.320000
v 39.919998 39.680000 48.480000
v 40.000000 39.599998 48.480000
v 39.919998 39.680000 48.639999
v 39.919998 39.680000 48.799999
v 39.919998 39.680000 49.279999
v 39.919998 39.680000 49.599998
v 40.000000 39.599998 49.599998
v 40.000000 39.599998 49.759998
v 39.919998 39.840000 48.639999
v 39.919998 39.840000 48.799999
v 39.919998 39.840000 48.959999
v 39.919998 39.840000 49.119999
v 40.079998 36.639999 49.439999
v 40.079998 36.639999 49.599998
v 40.079998 36.639999 49.759998
v 40.079998 36.639999 50.079998
v 40.079998 36.799999 49.119999
v 40.079998 36.799999 49.279999
v 40.160000 36.799999 49.360001
v 40.160000 36.719997 49.439999
v 40.160000 36.719997 49.599998
v 40.160000 36.719997 49.759998
v 40.160000 36.719997 49.919998
v 40.160000 36.719997 50.079998
v 40.079998 36.799999 50.239998
v 40.160000 36.799999 50.160000
v 40.079998 36.799999 50.399998
v 40.079998 36.959999 48.959999
v 40.160000 36.959999 49.039997
v 40.160000 36.880001 49.119999
v 40.160000 36.880001 49.279999
v 40.160000 36.880001 50.239998
v 40.160000 36.959999 50.320000
v 40.079998 36.959999 50.399998
v 40.079998 37.119999 48.639999
v 40.160000 37.119999 48.719997
v 40.160000 37.040001 48.799999
v 40.160000 37.040001 48.959999
v 40.160000 37.040001 50.399998
v 40.079998 37.119999 50.559998
v 40.160000 37.119999 50.480000
v 40.160000 37.279999 48.559998
v 40.160000 37.200001 48.639999
v 40.079998 37.279999 50.559998
v 40.160000 37.279999 50.480000
v 40.160000 37.439999 48.399998
v 40.160000 37.360001 48.480000
v 40.160000 37.360008 50.560004
v 40.160000 37.439999 50.639999
v 40.160000 37.599998 48.399998
v 40.160000 37.599998 50.639999
v 40.160000 37.759998 48.239998
v 40.160000 37.680000 48.320000
v 40.160000 37.680000 50.719997
v 40.160000 37.759998 50.799999
v 40.160000 37.919998 48.239998
v 40.079998 38.079998 48.160000
v 40.079998 38.079998 50.879997
v 40.160000 38.079998 50.799999
v 40.160000 38.239998 48.079998
v 40.160000 38.160000 48.160000
v 40.079998 38.239998 50.879997
v 40.160000 38.239998 50.799999
v 40.080002 38.399998 48.000004
v 40.079998 38.399998 50.719997
v 40.160000 38.320000 50.719997
v 40.160000 38.399998 50.639999
v 40.160000 38.399998 48.079998
v 40.079998 38.559998 50.719997
v 40.160000 38.559998 50.639999
v 40.079998 38.719997 50.559998
v 40.160000 38.719997 50.480000
v 40.079998 38.719997 50.719997
v 40.079998 38.879997 50.399998
v 40.160000 38.799999 50.399998
v 40.160000 38.879997 50.320000
v 40.079998 39.200001 48.000000
v 40.079998 39.040001 50.239998
v 40.160000 38.959999 50.239998
v 40.160000 39.040001 50.160000
v 40.079998 39.040001 50.399998
v 40.160000 39.200001 48.079998
v 40.079998 39.200001 50.239998
v 40.160000 39.200001 50.160000
v 40.079998 39.360001 48.000000
v 40.160000 39.279999 48.160000
v 40.079998 39.360001 48.160000
v 40.160000 39.360001 48.239998
v 40.079998 39.360001 49.599998
v 40.160000 39.279999 49.599998
v 40.160000 39.360001 49.520000
v 40.079998 39.360001 49.759998
v 40.239998 39.200001 49.760000
v 40.079998 39.360001 49.919998
v 40.160000 39.279999 49.919998
v 40.160000 39.279999 50.079998
v 40.079998 39.520000 48.320000
v 40.160000 39.439999 48.320000
v 40.079998 39.520000 49.439999
v 40.160000 39.439999 49.439999
v 40.079998 39.520000 49.599998
v 40.079998 39.520000 49.759998
v 40.239998 36.799999 49.439999
v 40.239998 36.799999 49.599998
v 40.239998 36.799999 49.759998
v 40.239998 36.799999 49.919998
v 40.239998 36.799999 50.079998
v 40.239998 36.959999 49.119999
v 40.320000 36.959999 49.200001
v 40.320000 36.880001 49.279999
v 40.320000 36.880001 49.439999
v 40.320000 36.880001 49.599998
v 40.320000 36.880001 49.759998
v 40.320000 36.880001 49.919998
v 40.320000 36.880001 50.079998
v 40.320000 36.880001 50.239998
v 40.320000 36.959999 50.320000
v 40.239998 37.119999 48.799999
v 40.320000 37.119999 48.879997
v 40.320000 37.040001 48.959999
v 40.320000 37.040001 49.119999
v 40.320000 37.040001 50.399998
v 40.320000 37.119999 50.480000
v 40.239998 37.279999 48.639999
v 40.320000 37.279999 48.719997
v 40.320000 37.200001 48.799999
v 40.320000 37.279999 50.480000
v 40.239998 37.439999 48.480000
v 40.320000 37.439999 48.559998
v 40.320000 37.360001 48.639999
v 40.320000 37.439999 50.639999
v 40.320000 37.599998 48.399998
v 40.320000 37.520000 48.480000
v 40.239998 37.759998 48.320000
v 40.320000 37.759998 48.399998
v 40.239997 37.759998 50.719998
v 40.320000 37.759998 50.639999
v 40.239998 37.919998 48.320000
v 40.320000 37.919998 48.399998
v 40.320000 38.079998 48.239998
v 40.320000 38.000000 48.320000
v 40.320000 38.079998 50.639999
v 40.239998 38.239998 48.160000
v 40.320000 38.239998 48.239998
v 40.239998 38.239998 50.719997
v 40.320000 38.239998 50.639999
v 40.239998 38.399998 48.160000
v 40.320000 38.399998 50.639999
v 40.239998 38.559998 48.160000
v 40.320000 38.559998 48.239998
v 40.240019 38.559804 50.560170
v 40.239998 38.719997 48.160000
v 40.320000 38.719997 50.320000
v 40.239998 38.879997 48.160000
v 40.320000 38.879997 48.239998
v 40.239998 38.879997 50.079998
v 40.320000 38.799999 50.079998
v 40.320000 38.799999 50.239998
v 40.239998 39.200001 48.160000
v 40.320000 38.959999 48.320000
v 40.239998 39.040016 48.320015
v 40.320000 39.040001 48.399998
v 40.320000 38.959999 49.919998
v 40.320000 39.040001 49.840000
v 40.239998 39.040001 50.079998
v 40.320000 39.119999 48.480000
v 40.239998 39.200001 48.480000
v 40.320000 39.200001 48.559998
v 40.239998 39.200001 49.439999
v 40.320000 39.119999 49.439999
v 40.239998 39.200001 49.599998
v 40.239998 39.200001 50.079998
v 40.239998 39.360001 48.320000
v 40.320000 39.279999 48.639999
v 40.239998 39.360001 48.639999
v 40.399998 39.200001 49.280000
v 40.239998 39.360001 49.279999
v 40.239998 39.360001 49.439999
v 40.399998 36.959999 49.279999
v 40.399998 36.959999 49.439999
v 40.399998 36.959999 49.599998
v 40.399998 36.959999 49.759998
v 40.399998 36.959999 49.919998
v 40.399998 36.959999 50.079998
v 40.399998 36.959999 50.239998
v 40.399998 37.119999 48.959999
v 40.399998 37.119999 49.119999
v 40.480000 37.119999 49.200001
v 40.480000 37.040001 49.279999
v 40.480000 37.040001 49.439999
v 40.480000 37.040001 49.599998
v 40.480000 37.040001 49.759998
v 40.480000 37.040001 49.919998
v 40.480000 37.040001 50.079998
v 40.480000 37.119999 50.160000
v 40.399998 37.119999 50.239998
v 40.399998 37.119999 50.399998
v 40.399998 37.279999 48.799999
v 40.480000 37.279999 48.879997
v 40.480000 37.200001 48.959999
v 40.480000 37.200001 49.119999
v 40.480000 37.200001 50.239998
v 40.480000 37.200001 50.399998
v 40.480000 37.279999 50.480000
v 40.399998 37.439999 48.639999
v 40.480000 37.439999 48.719997
v 40.480000 37.360001 48.799999
v 40.480000 37.360001 50.559998
v 40.480000 37.439999 50.639999
v 40.399998 37.599998 48.480000
v 40.480000 37.599998 48.559998
v 40.480000 37.520000 48.639999
v 40.399998 37.759998 48.480000
v 40.480000 37.759998 48.559998
v 40.480000 37.919998 48.399998
v 40.480000 37.840000 48.480000
v 40.480000 37.919998 50.639999
v 40.399998 38.079998 48.320000
v 40.480000 38.079998 48.399998
v 40.399998 38.079998 50.559998
v 40.480000 38.000000 50.559998
v 40.480000 38.079998 50.480000
v 40.399998 38.239998 48.320000
v 40.399998 38.239998 50.399998
v 40.480000 38.160000 50.399998
v 40.480000 38.239998 50.320000
v 40.399998 38.239998 50.559998
v 40.399998 38.399998 48.320000
v 40.399998 38.399998 50.399998
v 40.480000 38.399998 50.320000
v 40.399998 38.399998 50.559998
v 40.399998 38.559998 48.320000
v 40.480007 38.559998 48.400005
v 40.399998 38.559998 50.239998
v 40.480000 38.480000 50.239998
v 40.480000 38.559998 50.160000
v 40.399998 38.559998 50.399998
v 40.399998 38.719997 48.320000
v 40.399998 38.719997 49.919998
v 40.480000 38.639999 49.919998
v 40.480000 38.719997 49.840000
v 40.399998 38.719997 50.079998
v 40.480000 38.639999 50.079998
v 40.399998 38.719997 50.239998
v 40.399998 38.879997 48.320000
v 40.399998 38.879997 49.759998
v 40.480000 38.799999 49.759998
v 40.480000 38.879997 49.680000
v 40.399998 38.879997 49.919998
v 40.399998 39.040001 48.480000
v 40.480000 38.959999 48.799999
v 40.399998 39.040001 48.800002
v 40.399998 39.040001 49.439999
v 40.399998 39.040001 49.599998
v 40.399998 39.040001 49.759998
v 40.399998 39.200001 48.639999
v 40.559998 37.119999 49.279999
v 40.559998 37.119999 49.439999
v 40.559998 37.119999 49.599998
v 40.559998 37.119999 49.759998
v 40.559998 37.119999 49.919998
v 40.559998 37.119999 50.079998
v 40.559998 37.279999 48.959999
v 40.639999 37.279999 49.039997
v 40.639999 37.200001 49.119999
v 40.639999 37.200001 49.279999
v 40.639999 37.200001 49.439999
v 40.639999 37.200001 49.599998
v 40.639999 37.200001 49.759998
v 40.639999 37.200001 49.919998
v 40.639999 37.279999 50.000000
v 40.559998 37.279999 50.079998
v 40.559998 37.279999 50.239998
v 40.559998 37.279999 50.399998
v 40.559998 37.439999 48.799999
v 40.559998 37.439999 48.959999
v 40.639999 37.439999 49.039997
v 40.639999 37.360001 50.079998
v 40.639999 37.360001 50.239998
v 40.639992 37.439999 50.320007
v 40.559998 37.439999 50.399998
v 40.559998 37.439999 50.559998
v 40.559998 37.599998 48.639999
v 40.639999 37.599998 48.719997
v 40.639999 37.520000 48.799999
v 40.639999 37.520000 48.959999
v 40.559998 37.599998 50.399998
v 40.559998 37.599998 50.559998
v 40.559998 37.759998 48.639999
v 40.639999 37.759998 48.719997
v 40.559998 37.759998 50.399998
v 40.559998 37.759998 50.559998
v 40.559998 37.919998 48.480000
v 40.559998 37.919998 48.639999
v 40.639999 37.919998 48.719997
v 40.559998 37.919998 50.399998
v 40.559998 37.919998 50.559998
v 40.559998 38.079998 48.639999
v 40.639999 38.079998 48.719997
v 40.639999 38.079998 50.160000
v 40.559998 38.079998 50.399998
v 40.559998 38.239998 48.639999
v 40.639999 38.239998 48.719997
v 40.639999 38.160000 50.079998
v 40.639999 38.239998 50.000000
v 40.559998 38.239998 50.239998
v 40.639999 38.320000 48.799999
v 40.559998 38.399998 48.799999
v 40.639999 38.320000 48.959999
v 40.559998 38.399998 49.119999
v 40.639999 38.320000 49.119999
v 40.639999 38.399998 49.200001
v 40.639999 38.320000 49.919998
v 40.639999 38.399998 49.840000
v 40.559998 38.399998 50.239998
v 40.559998 38.559998 48.480000
v 40.639992 38.480007 49.279999
v 40.559998 38.559998 49.279999
v 40.559998 38.559998 49.759998
v 40.639999 38.480000 49.759998
v 40.559998 38.559998 49.919998
v 40.559998 38.559998 50.079998
v 40.559998 38.719997 48.639999
v 40.559998 38.879997 48.799999
v 40.559998 38.879998 49.599998
v 40.719997 37.279999 49.119999
v 40.719997 37.279999 49.279999
v 40.719997 37.279999 49.439999
v 40.719997 37.279999 49.599998
v 40.719997 37.279999 49.759998
v 40.719997 37.279999 49.919998
v 40.719997 37.439999 49.119999
v 40.719997 37.439999 49.599998
v 40.719997 37.439999 49.759998
v 40.719997 37.439999 49.919998
v 40.719997 37.439999 50.079998
v 40.719997 37.439999 50.239998
v 40.719997 37.599998 48.799999
v 40.719997 37.599998 48.959999
v 40.719997 37.599998 49.759998
v 40.719997 37.599998 49.919998
v 40.719997 37.599998 50.079998
v 40.719997 37.599998 50.239998
v 40.719997 37.759998 48.799999
v 40.719997 37.759998 49.759998
v 40.719997 37.919998 49.599998
v 40.719997 37.919998 49.759998
v 40.719997 37.919998 50.239998
v 40.719997 38.079998 49.599998
v 40.719997 38.079998 49.759998
v 40.719997 38.239998 48.799999
v 40.719997 38.239998 48.959999
v 40.719997 38.239998 49.119999
v 40.719997 38.399998 49.279999
v 40.719997 38.239998 49.599998
v 40.719997 38.239998 49.759998
v 40.719997 38.239998 49.919998
v 40.719997 38.399998 49.759998
f 1 2 3
f 1 4 5
f 3 4 1
f 5 6 7
f 4 6 5
f 7 8 9
f 6 8 7
f 9 10 11
f 8 10 9
f 10 12 11
f 13 2 1
f 14 2 13
f 5 15 1
f 15 13 1
f 7 16 5
f 16 15 5
f 9 17 7
f 17 16 7
f 11 18 9
f 18 17 9
f 19 11 12
f 19 20 11
f 20 18 11
f 20 21 22
f 19 21 20
f 21 23 22
f 24 14 13
f 15 25 13
f 25 24 13
f 16 26 15
f 26 25 15
f 17 27 16
f 27 26 16
f 18 28 17
f 28 27 17
f 20 29 18
f 29 28 18
f 22 30 20
f 30 29 20
f 31 22 23
f 30 22 31
f 32 33 34
f 14 32 34
f 14 24 32
f 24 35 32
f 25 36 24
f 36 35 24
f 26 37 25
f 37 36 25
f 27 38 26
f 38 37 26
f 28 39 27
f 39 38 27
f 29 40 28
f 40 39 28
f 30 41 29
f 41 40 29
f 42 30 31
f 42 43 30
f 43 41 30
f 42 44 43
f 45 33 32
f 46 33 45
f 35 47 32
f 47 45 32
f 36 48 35
f 48 47 35
f 37 49 36
f 49 48 36
f 38 50 37
f 50 49 37
f 39 51 38
f 51 50 38
f 40 52 39
f 52 51 39
f 41 53 40
f 53 52 40
f 43 54 41
f 54 53 41
f 55 43 44
f 54 43 55
f 56 46 45
f 57 46 56
f 47 58 45
f 58 56 45
f 48 59 47
f 59 58 47
f 49 60 48
f 60 59 48
f 50 61 49
f 61 60 49
f 51 62 50
f 62 61 50
f 52 63 51
f 63 62 51
f 53 64 52
f 64 63 52
f 54 65 53
f 65 64 53
f 66 54 55
f 65 54 66
f 67 57 56
f 68 57 67
f 58 69 56
f 69 67 56
f 59 70 58
f 70 69 58
f 60 71 59
f 71 70 59
f 61 72 60
f 72 71 60
f 62 73 61
f 73 72 61
f 63 74 62
f 74 73 62
f 64 75 63
f 75 74 63
f 65 76 64
f 76 75 64
f 77 65 66
f 76 65 77
f 78 68 67
f 79 68 78
f 69 80 67
f 80 78 67
f 70 81 69
f 81 80 69
f 71 82 70
f 82 81 70
f 72 83 71
f 83 82 71
f 73 84 72
f 84 83 72
f 74 85 73
f 85 84 73
f 86 75 87
f 86 85 75
f 85 74 75
f 76 87 75
f 88 87 76
f 77 88 76
f 78 89 79
f 80 89 78
f 90 89 80
f 81 90 80
f 91 90 81
f 91 92 93
f 91 81 92
f 81 82 92
f 83 94 82
f 94 92 82
f 84 95 83
f 95 94 83
f 96 85 97
f 96 95 85
f 95 84 85
f 86 97 85
f 92 98 93
f 94 98 92
f 99 98 94
f 95 99 94
f 100 99 95
f 96 100 95
f 101 102 103
f 101 103 104
f 104 103 105
f 105 106 107
f 103 106 105
f 106 108 107
f 109 110 111
f 109 112 113
f 111 112 109
f 102 113 112
f 102 101 113
f 101 123 113
f 104 123 101
f 105 123 104
f 107 114 105
f 114 123 105
f 115 107 108
f 115 116 107
f 116 114 107
f 115 117 116
f 117 118 116
f 118 119 116
f 116 120 121
f 119 120 116
f 120 122 121
f 110 109 123
f 113 123 109
f 114 125 123
f 116 126 114
f 126 125 114
f 127 126 116
f 128 127 116
f 129 128 116
f 121 130 116
f 130 129 116
f 131 121 122
f 130 121 131
f 3 2 132
f 3 132 124
f 124 132 123
f 4 3 124
f 123 4 124
f 6 4 123
f 125 6 123
f 8 6 125
f 126 8 125
f 10 8 126
f 127 10 126
f 12 10 127
f 12 127 133
f 133 127 128
f 129 134 128
f 134 133 128
f 135 130 131
f 129 130 135
f 137 123 136
f 132 138 123
f 2 14 138
f 132 2 138
f 12 133 19
f 21 19 133
f 134 21 133
f 23 21 134
f 23 134 139
f 139 134 129
f 140 129 135
f 140 141 129
f 141 139 129
f 141 142 143
f 140 142 141
f 142 144 143
f 136 151 137
f 136 123 151
f 146 151 123
f 138 146 123
f 138 14 146
f 139 147 31
f 23 139 31
f 141 148 139
f 148 147 139
f 143 149 141
f 149 148 141
f 150 143 144
f 149 143 150
f 152 145 151
f 34 33 146
f 14 34 146
f 31 147 42
f 44 42 147
f 44 147 153
f 153 147 148
f 149 154 148
f 154 153 148
f 155 149 150
f 154 149 155
f 156 152 151
f 146 157 151
f 33 46 157
f 146 33 157
f 153 158 55
f 44 153 55
f 154 159 153
f 159 158 153
f 160 154 155
f 159 154 160
f 161 156 151
f 157 162 151
f 46 57 162
f 157 46 162
f 158 163 66
f 55 158 66
f 164 159 165
f 164 163 159
f 163 158 159
f 160 165 159
f 166 161 151
f 162 167 151
f 57 68 167
f 162 57 167
f 163 168 77
f 66 163 77
f 169 163 164
f 168 163 169
f 170 166 151
f 167 171 151
f 171 170 151
f 68 79 171
f 167 68 171
f 87 172 86
f 87 88 173
f 172 87 173
f 88 77 168
f 88 168 173
f 173 168 174
f 175 168 169
f 174 168 175
f 176 166 170
f 177 166 176
f 171 178 170
f 178 176 170
f 79 89 179
f 79 179 171
f 171 179 178
f 89 90 180
f 179 89 180
f 90 91 181
f 180 90 181
f 91 93 181
f 97 182 96
f 97 86 172
f 97 172 182
f 182 172 183
f 173 184 172
f 184 183 172
f 174 185 173
f 185 184 173
f 186 174 175
f 185 174 186
f 176 187 177
f 178 187 176
f 188 187 178
f 179 188 178
f 189 188 179
f 189 190 191
f 189 179 190
f 179 180 190
f 181 192 180
f 192 190 180
f 93 98 193
f 93 193 181
f 181 193 192
f 98 99 194
f 193 98 194
f 99 100 195
f 194 99 195
f 100 96 182
f 100 182 195
f 195 182 196
f 183 197 182
f 197 196 182
f 198 184 199
f 198 197 184
f 197 183 184
f 185 199 184
f 200 199 185
f 186 200 185
f 190 201 191
f 192 201 190
f 202 201 192
f 193 202 192
f 203 202 193
f 194 203 193
f 204 203 194
f 195 204 194
f 205 204 195
f 196 205 195
f 206 205 196
f 197 206 196
f 207 206 197
f 198 207 197
f 208 209 210
f 208 211 212
f 210 211 208
f 211 213 212
f 213 214 212
f 214 215 212
f 216 217 218
f 216 219 220
f 218 219 216
f 209 220 219
f 209 208 220
f 208 221 220
f 212 222 208
f 222 221 208
f 224 212 215
f 223 212 224
f 225 226 227
f 225 228 229
f 227 228 225
f 217 229 228
f 216 229 217
f 216 102 229
f 216 103 102
f 220 103 216
f 221 103 220
f 106 103 221
f 222 106 221
f 108 106 222
f 108 222 230
f 230 222 212
f 223 231 212
f 231 230 212
f 232 223 224
f 232 233 223
f 233 231 223
f 233 234 235
f 232 234 233
f 235 234 236
f 236 237 238
f 234 237 236
f 237 239 238
f 240 241 242
f 226 240 242
f 225 240 226
f 225 110 240
f 225 111 110
f 112 111 225
f 229 112 225
f 102 112 229
f 108 230 115
f 117 115 230
f 231 117 230
f 118 117 231
f 233 118 231
f 119 118 233
f 235 119 233
f 120 119 235
f 236 120 235
f 122 120 236
f 122 236 243
f 243 236 238
f 244 238 239
f 243 238 244
f 245 246 247
f 241 245 247
f 240 245 241
f 240 123 245
f 110 123 240
f 243 248 131
f 122 243 131
f 249 243 244
f 249 250 243
f 250 248 243
f 249 251 250
f 257 246 245
f 260 246 257
f 245 123 257
f 248 252 135
f 131 248 135
f 250 253 248
f 253 252 248
f 254 250 251
f 254 255 250
f 255 253 250
f 254 256 255
f 123 137 257
f 135 252 140
f 142 140 252
f 253 142 252
f 144 142 253
f 144 253 258
f 258 253 255
f 259 255 256
f 258 255 259
f 137 151 261
f 137 261 257
f 151 145 261
f 258 262 150
f 144 258 150
f 263 258 259
f 262 258 263
f 261 264 257
f 145 152 264
f 261 145 264
f 262 265 155
f 150 262 155
f 266 262 263
f 265 262 266
f 267 260 257
f 264 271 257
f 271 267 257
f 152 156 271
f 264 152 271
f 265 268 160
f 155 265 160
f 269 265 266
f 268 265 269
f 267 270 260
f 270 271 272
f 270 267 271
f 156 161 271
f 165 273 164
f 165 160 268
f 165 268 273
f 273 268 274
f 275 268 269
f 274 268 275
f 161 166 271
f 273 276 169
f 164 273 169
f 274 277 273
f 277 276 273
f 278 274 275
f 277 274 278
f 279 272 271
f 276 280 175
f 169 276 175
f 277 281 276
f 281 280 276
f 282 277 278
f 281 277 282
f 283 279 271
f 284 279 283
f 166 177 283
f 271 166 283
f 280 285 286
f 280 286 175
f 175 286 186
f 281 285 280
f 287 285 281
f 282 287 281
f 283 288 284
f 289 290 288
f 187 289 288
f 187 288 283
f 187 283 177
f 187 188 291
f 289 187 291
f 188 189 292
f 291 188 292
f 189 191 292
f 199 293 198
f 199 200 294
f 293 199 294
f 200 295 294
f 200 186 295
f 186 286 295
f 289 296 290
f 291 296 289
f 297 296 291
f 297 298 299
f 297 291 298
f 291 292 298
f 191 201 300
f 191 300 292
f 292 300 298
f 201 202 301
f 300 201 301
f 202 203 302
f 301 202 302
f 203 204 303
f 302 203 303
f 204 205 304
f 303 204 304
f 205 206 305
f 304 205 305
f 206 207 306
f 305 206 306
f 207 198 293
f 207 293 306
f 306 293 307
f 308 294 309
f 308 307 294
f 307 293 294
f 295 309 294
f 298 310 299
f 310 311 312
f 310 298 311
f 298 300 311
f 301 313 300
f 313 311 300
f 302 314 301
f 314 313 301
f 303 315 302
f 315 314 302
f 304 316 303
f 316 315 303
f 305 317 304
f 317 316 304
f 318 306 319
f 318 317 306
f 317 305 306
f 307 319 306
f 320 319 307
f 308 320 307
f 311 321 312
f 313 321 311
f 322 321 313
f 314 322 313
f 323 322 314
f 315 323 314
f 324 323 315
f 316 324 315
f 325 324 316
f 317 325 316
f 326 325 317
f 318 326 317
f 327 328 329
f 327 210 209
f 327 329 210
f 329 330 210
f 213 211 331
f 211 210 331
f 214 213 332
f 213 331 332
f 215 333 334
f 215 214 333
f 214 332 333
f 333 335 334
f 336 337 338
f 336 339 340
f 338 339 336
f 340 341 342
f 339 341 340
f 342 341 343
f 343 218 217
f 343 341 218
f 341 344 218
f 328 327 219
f 328 219 344
f 344 219 218
f 209 219 327
f 334 345 224
f 215 334 224
f 346 334 335
f 346 347 334
f 347 345 334
f 347 348 349
f 346 348 347
f 348 350 349
f 351 337 336
f 352 337 351
f 340 353 336
f 353 351 336
f 227 226 353
f 227 353 342
f 342 353 340
f 228 227 342
f 343 228 342
f 217 228 343
f 224 345 232
f 234 232 345
f 347 234 345
f 349 234 347
f 349 350 354
f 349 354 234
f 234 354 237
f 239 355 356
f 239 237 355
f 237 354 355
f 355 357 356
f 358 482 359
f 352 358 359
f 352 351 358
f 351 360 358
f 242 241 360
f 242 360 353
f 353 360 351
f 226 242 353
f 356 361 244
f 239 356 244
f 362 356 357
f 362 363 356
f 363 361 356
f 363 364 365
f 362 364 363
f 364 366 365
f 367 482 358
f 368 482 367
f 247 246 367
f 247 367 360
f 360 367 358
f 241 247 360
f 244 361 249
f 251 249 361
f 251 361 369
f 369 361 363
f 365 370 363
f 370 369 363
f 371 365 366
f 370 365 371
f 260 368 367
f 482 368 260
f 367 246 260
f 251 369 254
f 256 254 369
f 256 369 372
f 372 369 370
f 372 370 371
f 373 482 260
f 372 379 259
f 256 372 259
f 379 372 371
f 374 373 260
f 259 379 263
f 375 374 260
f 263 379 266
f 376 379 371
f 377 375 260
f 378 375 377
f 266 379 269
f 380 379 376
f 381 378 377
f 382 378 381
f 260 270 383
f 260 383 377
f 377 383 381
f 270 272 383
f 269 379 275
f 384 379 380
f 381 385 382
f 385 386 387
f 385 381 386
f 381 383 386
f 383 272 386
f 275 379 278
f 388 379 384
f 389 387 386
f 390 387 389
f 272 279 389
f 386 272 389
f 379 391 282
f 278 379 282
f 392 379 388
f 391 379 392
f 389 393 390
f 393 389 279
f 393 279 394
f 394 279 284
f 285 395 286
f 285 287 396
f 395 285 396
f 287 397 396
f 282 397 287
f 282 398 397
f 282 391 398
f 392 398 391
f 399 284 288
f 399 400 284
f 400 394 284
f 288 290 399
f 395 401 295
f 286 395 295
f 402 396 403
f 402 401 396
f 401 395 396
f 397 403 396
f 404 400 399
f 405 400 404
f 290 296 406
f 290 406 399
f 399 406 404
f 296 297 407
f 406 296 407
f 297 299 407
f 309 408 308
f 309 409 408
f 295 409 309
f 295 410 409
f 295 401 410
f 402 410 401
f 404 411 405
f 406 411 404
f 412 411 406
f 412 413 414
f 412 406 413
f 406 407 413
f 299 310 415
f 299 415 407
f 407 415 413
f 310 312 415
f 319 416 318
f 319 320 417
f 416 319 417
f 320 418 417
f 308 418 320
f 308 419 418
f 308 408 419
f 409 419 408
f 413 420 414
f 415 420 413
f 421 420 415
f 312 421 415
f 312 321 421
f 321 422 421
f 322 423 321
f 321 423 422
f 323 424 322
f 322 424 423
f 425 426 424
f 425 424 324
f 324 424 323
f 324 325 427
f 425 324 427
f 325 326 428
f 427 325 428
f 326 318 416
f 326 416 428
f 428 416 429
f 430 417 431
f 430 429 417
f 429 416 417
f 418 431 417
f 425 432 426
f 427 432 425
f 433 432 427
f 428 433 427
f 434 433 428
f 429 434 428
f 435 434 429
f 430 435 429
f 436 437 558
f 436 438 439
f 558 438 436
f 439 440 441
f 438 440 439
f 440 442 441
f 443 444 445
f 443 446 447
f 445 446 443
f 447 329 328
f 447 446 329
f 446 448 329
f 330 329 449
f 329 448 449
f 210 330 450
f 330 449 450
f 331 210 451
f 210 450 451
f 437 436 332
f 437 332 451
f 451 332 331
f 333 332 436
f 439 333 436
f 335 333 439
f 335 439 452
f 452 439 441
f 453 441 442
f 453 454 441
f 454 452 441
f 454 455 456
f 453 455 454
f 455 457 456
f 338 458 459
f 337 458 338
f 339 338 460
f 338 459 460
f 341 339 461
f 339 460 461
f 444 443 341
f 444 341 461
f 344 341 443
f 447 344 443
f 328 344 447
f 335 452 346
f 348 346 452
f 454 348 452
f 350 348 454
f 350 454 462
f 462 454 456
f 463 456 457
f 463 464 456
f 464 462 456
f 464 465 466
f 463 465 464
f 465 467 466
f 359 468 469
f 359 469 458
f 359 458 352
f 352 458 337
f 350 462 354
f 355 354 462
f 464 355 462
f 357 355 464
f 357 464 470
f 470 464 466
f 471 466 467
f 471 472 466
f 472 470 466
f 471 473 472
f 482 474 475
f 468 482 475
f 359 482 468
f 357 470 362
f 364 362 470
f 472 364 470
f 366 476 477
f 364 476 366
f 364 473 476
f 364 472 473
f 476 478 477
f 479 474 482
f 477 480 371
f 366 477 371
f 481 477 478
f 480 477 481
f 480 483 371
f 484 480 481
f 483 480 484
f 483 485 371
f 486 483 484
f 485 483 486
f 373 374 482
f 485 488 371
f 489 485 486
f 488 485 489
f 490 487 482
f 491 487 490
f 374 375 490
f 482 374 490
f 488 492 376
f 371 488 376
f 493 488 489
f 492 488 493
f 494 491 490
f 495 491 494
f 375 378 494
f 490 375 494
f 492 496 380
f 376 492 380
f 497 492 493
f 496 492 497
f 498 495 494
f 499 495 498
f 378 382 498
f 494 378 498
f 496 500 384
f 380 496 384
f 501 496 497
f 500 496 501
f 502 499 498
f 503 499 502
f 382 385 504
f 382 504 498
f 498 504 502
f 385 387 504
f 500 505 506
f 500 506 384
f 384 506 388
f 501 505 500
f 502 507 503
f 507 508 509
f 507 502 508
f 502 504 508
f 387 390 508
f 504 387 508
f 388 506 392
f 506 510 392
f 511 509 508
f 390 393 512
f 390 512 508
f 393 394 512
f 398 513 514
f 397 398 514
f 510 398 392
f 513 398 510
f 515 511 508
f 516 511 515
f 512 517 508
f 517 515 508
f 394 400 517
f 512 394 517
f 403 518 402
f 403 519 518
f 403 397 519
f 397 514 519
f 515 520 516
f 520 517 521
f 520 515 517
f 400 405 517
f 410 522 409
f 410 523 522
f 402 523 410
f 402 524 523
f 402 518 524
f 519 524 518
f 517 525 521
f 526 527 525
f 411 526 525
f 411 525 517
f 411 517 405
f 411 412 528
f 526 411 528
f 412 414 528
f 419 529 418
f 419 530 529
f 409 530 419
f 409 531 530
f 409 522 531
f 523 531 522
f 526 532 527
f 532 533 534
f 532 526 533
f 526 528 533
f 414 420 535
f 414 535 528
f 528 535 533
f 420 421 536
f 535 420 536
f 421 422 537
f 536 421 537
f 422 423 538
f 537 422 538
f 423 424 539
f 538 423 539
f 424 426 539
f 431 540 541
f 430 431 541
f 529 431 418
f 529 542 431
f 542 540 431
f 530 542 529
f 533 543 534
f 535 543 533
f 544 543 535
f 536 544 535
f 545 544 536
f 545 546 547
f 545 536 546
f 536 537 546
f 538 548 537
f 548 546 537
f 539 549 538
f 549 548 538
f 426 432 550
f 426 550 539
f 539 550 549
f 432 433 551
f 550 432 551
f 552 551 433
f 552 433 553
f 553 433 434
f 435 554 434
f 434 554 553
f 541 435 430
f 554 435 541
f 546 555 547
f 548 555 546
f 556 555 548
f 549 556 548
f 550 556 549
f 551 556 550
f 557 556 551
f 552 557 551
f 558 559 560
f 560 561 558
f 558 562 563
f 561 562 558
f 562 564 563
f 565 566 567
f 565 567 568
f 568 567 569
f 569 567 570
f 570 571 572
f 567 571 570
f 572 573 574
f 571 573 572
f 559 574 573
f 558 574 559
f 558 437 574
f 440 438 558
f 563 440 558
f 442 575 576
f 440 575 442
f 440 564 575
f 440 563 564
f 576 577 578
f 575 577 576
f 577 579 578
f 580 581 582
f 580 583 584
f 582 583 580
f 566 584 583
f 565 584 566
f 565 444 584
f 565 445 444
f 446 445 565
f 568 446 565
f 448 446 568
f 569 448 568
f 449 448 569
f 570 449 569
f 450 449 570
f 572 450 570
f 451 450 572
f 574 451 572
f 437 451 574
f 442 576 453
f 455 453 576
f 578 455 576
f 457 585 586
f 455 585 457
f 455 579 585
f 455 578 579
f 586 587 588
f 585 587 586
f 587 589 588
f 590 591 592
f 590 459 458
f 590 592 459
f 592 593 459
f 581 580 460
f 581 460 593
f 593 460 459
f 461 460 580
f 584 461 580
f 444 461 584
f 457 586 463
f 465 463 586
f 588 465 586
f 467 594 595
f 465 594 467
f 465 589 594
f 465 588 589
f 595 596 597
f 594 596 595
f 596 598 597
f 469 591 590
f 469 468 591
f 468 599 591
f 458 469 590
f 467 595 471
f 473 471 595
f 473 595 600
f 600 595 597
f 601 597 598
f 601 602 597
f 602 600 597
f 601 603 602
f 475 604 605
f 474 604 475
f 599 468 475
f 605 599 475
f 473 600 476
f 478 476 600
f 478 600 606
f 606 600 602
f 607 602 603
f 606 602 607
f 608 609 610
f 608 610 604
f 608 604 479
f 479 604 474
f 606 611 481
f 478 606 481
f 612 606 607
f 611 606 612
f 613 609 608
f 614 609 613
f 479 482 613
f 608 479 613
f 611 615 484
f 481 611 484
f 616 611 612
f 615 611 616
f 617 614 613
f 618 614 617
f 613 482 617
f 615 619 486
f 484 615 486
f 620 615 616
f 619 615 620
f 621 622 623
f 618 621 623
f 618 617 621
f 617 624 621
f 482 487 624
f 617 482 624
f 619 625 489
f 486 619 489
f 626 619 620
f 625 619 626
f 627 622 621
f 628 622 627
f 624 627 621
f 487 491 624
f 625 629 493
f 489 625 493
f 630 625 626
f 629 625 630
f 631 628 627
f 632 628 631
f 624 633 627
f 633 631 627
f 491 495 633
f 624 491 633
f 629 634 497
f 493 629 497
f 635 629 630
f 634 629 635
f 631 636 632
f 636 637 638
f 636 631 637
f 631 633 637
f 495 499 637
f 633 495 637
f 634 639 640
f 634 640 497
f 497 640 501
f 635 639 634
f 641 638 637
f 642 638 641
f 499 503 641
f 637 499 641
f 505 643 506
f 505 644 643
f 505 501 644
f 501 640 644
f 641 645 642
f 646 647 645
f 507 646 645
f 507 645 641
f 507 641 503
f 507 509 646
f 643 648 510
f 506 643 510
f 649 643 644
f 648 643 649
f 650 647 646
f 651 647 650
f 509 511 650
f 646 509 650
f 513 652 514
f 513 653 652
f 510 653 513
f 510 654 653
f 510 648 654
f 649 654 648
f 650 655 651
f 655 650 511
f 655 511 656
f 656 511 516
f 652 657 519
f 514 652 519
f 658 652 653
f 657 652 658
f 659 516 520
f 659 660 516
f 660 656 516
f 520 521 659
f 524 661 523
f 524 662 661
f 519 662 524
f 519 663 662
f 519 657 663
f 658 663 657
f 664 660 659
f 665 660 664
f 521 525 666
f 521 666 659
f 659 666 664
f 525 527 666
f 531 667 668
f 530 531 668
f 661 531 523
f 661 669 531
f 669 667 531
f 662 669 661
f 664 670 665
f 670 671 672
f 670 664 671
f 664 666 671
f 527 532 673
f 527 673 666
f 666 673 671
f 532 534 673
f 540 674 541
f 675 674 540
f 675 540 676
f 676 540 542
f 668 542 530
f 676 542 668
f 671 677 672
f 677 678 679
f 677 671 678
f 671 673 678
f 534 543 680
f 534 680 673
f 673 680 678
f 543 544 681
f 680 543 681
f 544 545 682
f 681 544 682
f 545 547 682
f 553 683 552
f 553 554 684
f 683 553 684
f 554 685 684
f 541 685 554
f 541 686 685
f 541 674 686
f 675 686 674
f 678 687 679
f 687 688 689
f 687 678 688
f 678 680 688
f 681 690 680
f 690 688 680
f 682 691 681
f 691 690 681
f 547 555 692
f 547 692 682
f 682 692 691
f 555 556 693
f 692 555 693
f 693 556 694
f 694 556 695
f 556 557 696
f 695 556 696
f 557 697 696
f 552 697 557
f 552 698 697
f 552 683 698
f 684 698 683
f 699 698 684
f 685 699 684
f 688 700 689
f 690 700 688
f 701 700 690
f 691 701 690
f 702 701 691
f 692 702 691
f 703 702 692
f 693 703 692
f 704 703 693
f 694 704 693
f 705 704 694
f 695 705 694
f 706 705 695
f 696 706 695
f 707 706 696
f 697 707 696
f 708 709 710
f 708 711 712
f 710 711 708
f 712 713 714
f 711 713 712
f 714 715 716
f 713 715 714
f 716 717 718
f 715 717 716
f 718 719 720
f 717 719 718
f 720 560 559
f 720 719 560
f 561 560 719
f 562 561 719
f 564 721 722
f 564 562 721
f 562 719 721
f 721 723 722
f 724 725 726
f 709 724 726
f 708 724 709
f 708 566 724
f 708 567 566
f 712 567 708
f 714 567 712
f 716 567 714
f 571 567 716
f 718 571 716
f 573 571 718
f 720 573 718
f 559 573 720
f 564 722 575
f 722 723 727
f 722 727 575
f 575 727 577
f 579 728 729
f 579 577 728
f 577 727 728
f 729 730 731
f 728 730 729
f 730 732 731
f 733 734 735
f 733 736 737
f 735 736 733
f 737 582 581
f 737 736 582
f 736 738 582
f 725 724 583
f 725 583 738
f 738 583 582
f 566 583 724
f 579 729 585
f 587 585 729
f 731 587 729
f 589 739 740
f 587 739 589
f 587 732 739
f 587 731 732
f 739 741 740
f 592 734 733
f 592 591 734
f 591 742 734
f 593 592 733
f 737 593 733
f 581 593 737
f 589 740 594
f 740 741 743
f 740 743 594
f 594 743 596
f 743 598 596
f 744 598 743
f 745 746 747
f 745 748 749
f 747 748 745
f 749 748 742
f 749 742 599
f 599 742 591
f 598 744 750
f 601 598 750
f 750 603 601
f 751 603 750
f 752 746 745
f 753 746 752
f 605 604 752
f 605 752 749
f 749 752 745
f 599 605 749
f 754 755 607
f 754 607 751
f 751 607 603
f 754 756 755
f 757 758 759
f 753 757 759
f 752 757 753
f 752 609 757
f 752 610 609
f 604 610 752
f 755 760 612
f 607 755 612
f 761 755 756
f 760 755 761
f 762 758 757
f 763 758 762
f 609 614 762
f 757 609 762
f 760 764 616
f 612 760 616
f 765 760 761
f 764 760 765
f 766 767 768
f 763 766 768
f 763 762 766
f 762 614 766
f 764 769 620
f 616 764 620
f 770 764 765
f 769 764 770
f 771 767 766
f 772 767 771
f 623 622 771
f 623 771 614
f 614 771 766
f 618 623 614
f 769 773 626
f 620 769 626
f 774 769 770
f 773 769 774
f 775 772 771
f 776 772 775
f 622 628 775
f 771 622 775
f 773 777 778
f 773 778 626
f 626 778 630
f 774 777 773
f 779 776 775
f 780 776 779
f 628 632 779
f 775 628 779
f 630 778 635
f 778 781 635
f 779 782 780
f 783 784 782
f 636 783 782
f 636 782 779
f 636 779 632
f 636 638 783
f 639 785 640
f 639 906 785
f 639 635 906
f 635 781 906
f 786 784 783
f 787 784 786
f 638 642 786
f 783 638 786
f 785 788 789
f 785 789 640
f 640 789 644
f 906 788 785
f 790 787 786
f 791 787 790
f 642 645 792
f 642 792 786
f 786 792 790
f 645 647 792
f 644 789 649
f 789 793 649
f 790 794 791
f 794 795 796
f 794 790 795
f 790 792 795
f 647 651 795
f 792 647 795
f 654 797 798
f 653 654 798
f 793 654 649
f 797 654 793
f 799 796 795
f 800 796 799
f 651 655 801
f 651 801 795
f 795 801 799
f 655 656 801
f 653 798 658
f 798 802 658
f 799 803 800
f 803 804 805
f 803 799 804
f 799 801 804
f 656 660 804
f 801 656 804
f 663 806 807
f 662 663 807
f 802 663 658
f 806 663 802
f 808 805 804
f 660 665 808
f 804 660 808
f 668 667 809
f 669 810 667
f 807 669 662
f 810 669 807
f 811 805 808
f 812 805 811
f 665 670 813
f 665 813 808
f 808 813 811
f 670 672 813
f 676 821 675
f 676 814 821
f 676 668 814
f 668 809 814
f 811 815 812
f 813 815 811
f 816 815 813
f 672 816 813
f 672 677 816
f 677 817 816
f 817 677 679
f 818 817 679
f 686 819 685
f 686 820 819
f 675 820 686
f 675 821 820
f 822 679 687
f 822 823 679
f 823 818 679
f 687 689 822
f 698 824 697
f 698 699 825
f 824 698 825
f 699 826 825
f 685 826 699
f 685 827 826
f 685 819 827
f 820 827 819
f 822 828 823
f 689 828 822
f 689 700 828
f 700 829 828
f 701 830 700
f 700 830 829
f 702 831 701
f 701 831 830
f 832 833 831
f 832 831 703
f 703 831 702
f 703 704 834
f 832 703 834
f 704 705 835
f 834 704 835
f 705 706 836
f 835 705 836
f 837 836 706
f 837 706 838
f 838 706 707
f 824 707 697
f 824 839 707
f 839 838 707
f 825 839 824
f 840 839 825
f 826 840 825
f 832 841 833
f 834 841 832
f 842 841 834
f 835 842 834
f 843 842 835
f 836 843 835
f 844 843 836
f 837 844 836
f 845 846 847
f 845 848 850
f 847 848 845
f 848 849 850
f 849 851 850
f 850 852 853
f 851 852 850
f 852 854 853
f 710 855 856
f 709 855 710
f 711 710 857
f 710 856 857
f 713 711 858
f 711 857 858
f 846 845 715
f 846 715 858
f 858 715 713
f 717 715 845
f 850 717 845
f 719 717 850
f 853 719 850
f 853 854 859
f 853 859 719
f 721 719 860
f 719 859 860
f 723 860 861
f 723 721 860
f 860 862 861
f 863 864 865
f 863 726 725
f 863 865 726
f 865 866 726
f 855 709 726
f 866 855 726
f 723 861 727
f 861 862 867
f 861 867 727
f 727 867 728
f 730 728 868
f 728 867 868
f 732 869 870
f 732 730 869
f 730 868 869
f 870 871 872
f 869 871 870
f 871 873 872
f 735 874 987
f 734 874 735
f 736 735 875
f 735 987 875
f 864 863 738
f 864 738 875
f 875 738 736
f 725 738 863
f 732 870 739
f 741 739 870
f 741 870 876
f 876 870 872
f 877 872 873
f 876 872 877
f 878 879 880
f 878 880 874
f 878 874 742
f 742 874 734
f 741 876 743
f 744 881 882
f 743 881 744
f 743 877 881
f 743 876 877
f 881 883 882
f 747 884 885
f 746 884 747
f 879 878 748
f 879 748 885
f 885 748 747
f 742 748 878
f 744 882 750
f 882 751 750
f 882 883 751
f 883 886 751
f 746 753 884
f 884 753 887
f 751 886 888
f 754 751 888
f 888 756 754
f 889 756 888
f 759 890 891
f 758 890 759
f 887 753 759
f 891 887 759
f 756 889 761
f 889 1099 761
f 892 893 894
f 892 894 890
f 892 890 763
f 763 890 758
f 761 1099 765
f 1099 895 765
f 768 893 892
f 768 767 893
f 767 1006 893
f 763 768 892
f 765 895 770
f 767 772 1006
f 770 895 774
f 772 776 1006
f 777 896 778
f 777 895 896
f 777 774 895
f 776 780 1006
f 896 897 781
f 778 896 781
f 898 896 895
f 897 896 898
f 899 780 782
f 899 900 780
f 900 1006 780
f 782 784 899
f 897 901 902
f 897 902 781
f 781 902 906
f 898 901 897
f 903 900 899
f 904 900 903
f 784 787 903
f 899 784 903
f 788 905 789
f 788 906 905
f 907 904 903
f 787 791 907
f 903 787 907
f 905 908 793
f 789 905 793
f 909 905 906
f 908 905 909
f 907 910 904
f 911 912 910
f 794 911 910
f 794 910 907
f 794 907 791
f 794 796 911
f 797 913 798
f 797 914 913
f 793 914 797
f 793 915 914
f 793 908 915
f 909 915 908
f 916 912 911
f 917 912 916
f 796 800 916
f 911 796 916
f 913 918 919
f 913 919 798
f 798 919 802
f 914 918 913
f 920 917 916
f 921 917 920
f 800 803 922
f 800 922 916
f 916 922 920
f 803 805 922
f 806 923 807
f 919 806 802
f 923 806 919
f 920 924 921
f 924 925 926
f 924 920 925
f 920 922 925
f 922 805 925
f 667 927 809
f 667 810 928
f 927 667 928
f 810 929 928
f 810 807 929
f 930 926 925
f 931 926 930
f 805 812 930
f 925 805 930
f 927 932 933
f 927 933 809
f 809 933 814
f 928 932 927
f 934 932 928
f 929 934 928
f 935 931 930
f 936 931 935
f 812 815 937
f 812 937 930
f 930 937 935
f 815 816 938
f 937 815 938
f 816 817 939
f 938 816 939
f 817 818 939
f 820 821 940
f 933 821 814
f 935 941 936
f 937 941 935
f 942 941 937
f 938 942 937
f 943 942 938
f 939 943 938
f 944 943 939
f 944 939 818
f 944 818 945
f 945 818 823
f 827 946 947
f 826 827 947
f 940 827 820
f 946 827 940
f 948 823 828
f 948 949 823
f 949 945 823
f 828 829 955
f 948 828 955
f 829 830 955
f 830 831 955
f 831 833 955
f 838 950 837
f 838 839 951
f 950 838 951
f 952 951 839
f 952 839 953
f 953 839 840
f 947 840 826
f 953 840 947
f 948 954 949
f 955 954 948
f 833 841 955
f 842 955 841
f 843 955 842
f 844 955 843
f 950 844 837
f 950 956 844
f 956 955 844
f 951 956 950
f 957 956 951
f 952 957 951
f 958 959 960
f 958 847 846
f 958 960 847
f 960 1067 847
f 848 847 1067
f 849 848 1067
f 851 849 1067
f 852 851 1067
f 854 961 962
f 854 852 961
f 852 1067 961
f 962 963 964
f 961 963 962
f 964 965 966
f 963 965 964
f 965 967 966
f 968 969 970
f 968 856 855
f 968 970 856
f 970 971 856
f 857 856 972
f 856 971 972
f 959 958 858
f 959 858 972
f 972 858 857
f 846 858 958
f 854 962 859
f 860 859 962
f 964 860 962
f 966 860 964
f 862 973 974
f 860 973 862
f 860 967 973
f 860 966 967
f 974 975 976
f 973 975 974
f 976 977 978
f 975 977 976
f 977 979 978
f 980 981 982
f 980 865 864
f 980 982 865
f 982 983 865
f 969 968 866
f 969 866 983
f 983 866 865
f 855 866 968
f 862 974 867
f 868 867 974
f 976 868 974
f 869 868 976
f 978 869 976
f 978 979 984
f 978 984 869
f 869 984 871
f 984 873 871
f 985 873 984
f 874 986 987
f 981 980 875
f 981 875 987
f 864 875 980
f 988 989 877
f 988 877 985
f 985 877 873
f 988 990 989
f 991 992 993
f 991 880 879
f 991 993 880
f 993 994 880
f 986 874 880
f 994 986 880
f 877 989 881
f 883 995 996
f 881 995 883
f 881 990 995
f 881 989 990
f 995 997 996
f 885 992 991
f 885 884 992
f 879 885 991
f 996 998 886
f 883 996 886
f 999 996 997
f 998 996 999
f 884 887 992
f 992 887 1000
f 886 998 888
f 998 889 888
f 998 999 889
f 999 1099 889
f 1001 1002 1003
f 1001 891 890
f 1001 1003 891
f 1003 1004 891
f 1000 887 891
f 1004 1000 891
f 894 1002 1001
f 894 893 1002
f 893 1005 1002
f 890 894 1001
f 893 1006 1005
f 895 1007 898
f 1006 900 1107
f 901 1008 1009
f 902 901 1009
f 1007 901 898
f 1008 901 1007
f 900 904 1107
f 902 1009 906
f 906 1010 909
f 910 1107 904
f 1107 910 912
f 1011 1107 912
f 915 1012 1013
f 914 915 1013
f 1010 915 909
f 1012 915 1010
f 912 917 1011
f 1011 917 1014
f 918 1015 919
f 918 1016 1015
f 918 914 1016
f 914 1013 1016
f 917 921 1014
f 1014 921 1021
f 923 1017 1018
f 807 923 1018
f 1015 923 919
f 1015 1019 923
f 1019 1017 923
f 1016 1019 1015
f 1020 921 924
f 1020 1021 921
f 924 926 1020
f 807 1018 929
f 1018 1022 929
f 1023 1021 1020
f 1024 1021 1023
f 926 931 1023
f 1020 926 1023
f 932 1025 1026
f 933 932 1026
f 934 1027 932
f 932 1027 1025
f 1022 934 929
f 1027 934 1022
f 1023 1028 1024
f 1028 1023 931
f 1028 931 1029
f 1029 931 936
f 821 1030 1031
f 940 821 1031
f 1026 821 933
f 1030 821 1026
f 936 1032 1029
f 941 1032 936
f 1033 1034 1032
f 1033 1032 942
f 942 1032 941
f 942 943 1035
f 1033 942 1035
f 943 944 1036
f 1035 943 1036
f 944 945 1036
f 946 1037 947
f 946 1038 1037
f 946 940 1038
f 940 1031 1038
f 1033 1039 1034
f 1039 1040 1041
f 1039 1033 1040
f 1033 1035 1040
f 1036 1042 1035
f 1042 1040 1035
f 945 949 1042
f 1036 945 1042
f 953 1043 952
f 953 1044 1043
f 947 1044 953
f 947 1045 1044
f 947 1037 1045
f 1038 1045 1037
f 1040 1046 1041
f 1046 1047 1048
f 1046 1040 1047
f 1040 1042 1047
f 949 954 1049
f 949 1049 1042
f 1042 1049 1047
f 1049 954 955
f 956 957 1050
f 955 956 1050
f 957 1051 1050
f 952 1051 957
f 952 1052 1051
f 952 1043 1052
f 1044 1052 1043
f 1047 1053 1048
f 1049 1053 1047
f 1054 1053 1049
f 955 1054 1049
f 1055 1054 955
f 1056 1055 955
f 1057 1056 955
f 1058 1057 955
f 1059 1058 955
f 1060 1059 955
f 1061 1060 955
f 1062 1061 955
f 1050 1062 955
f 1063 1062 1050
f 1051 1063 1050
f 1064 1065 1066
f 1064 960 959
f 1064 1066 960
f 1066 1067 960
f 963 961 1067
f 965 963 1067
f 967 1069 1070
f 967 965 1069
f 965 1067 1069
f 1069 1071 1070
f 1072 1073 1074
f 1072 970 969
f 1072 1074 970
f 1074 1075 970
f 971 970 1076
f 970 1075 1076
f 1065 1064 972
f 1065 972 1076
f 1076 972 971
f 959 972 1064
f 967 1070 973
f 1070 1071 1077
f 1070 1077 973
f 973 1077 975
f 977 975 1078
f 975 1077 1078
f 1078 979 977
f 1079 979 1078
f 982 981 1080
f 1073 1072 983
f 1073 983 1080
f 1080 983 982
f 969 983 1072
f 979 1079 1081
f 984 979 1081
f 1081 985 984
f 1082 985 1081
f 1083 1084 1085
f 1083 987 986
f 1083 1085 987
f 985 1082 1086
f 988 985 1086
f 1086 990 988
f 1087 990 1086
f 993 992 1088
f 1084 1083 994
f 1084 994 1088
f 1088 994 993
f 986 994 1083
f 990 1087 1089
f 995 990 1089
f 1089 997 995
f 1090 997 1089
f 997 1090 999
f 1090 1092 999
f 1093 1094 1095
f 1093 1096 1097
f 1095 1096 1093
f 1097 1096 1091
f 1097 1091 1000
f 1000 1091 992
f 999 1092 1099
f 1003 1094 1093
f 1003 1002 1094
f 1002 1098 1094
f 1004 1003 1093
f 1097 1004 1093
f 1000 1004 1097
f 1100 1101 1102
f 1100 1102 1098
f 1100 1098 1005
f 1005 1098 1002
f 1103 1101 1100
f 1105 1101 1103
f 1005 1006 1103
f 1100 1005 1103
f 1104 1105 1103
f 1103 1006 1104
f 1099 1207 895
f 1006 1105 1104
f 1207 1007 895
f 1006 1209 1105
f 1209 1006 1106
f 1006 1107 1106
f 1008 1108 1009
f 1008 1109 1108
f 1008 1007 1109
f 1007 1207 1109
f 1108 1110 1111
f 1108 1111 1009
f 1009 1111 906
f 1109 1110 1108
f 906 1111 1010
f 1111 1112 1010
f 1113 1107 1011
f 1012 1114 1013
f 1012 1115 1114
f 1012 1010 1115
f 1010 1112 1115
f 1011 1014 1113
f 1113 1014 1021
f 1114 1116 1117
f 1114 1117 1013
f 1013 1117 1016
f 1115 1116 1114
f 1017 1118 1018
f 1119 1118 1017
f 1119 1017 1120
f 1120 1017 1019
f 1117 1019 1016
f 1120 1019 1117
f 1118 1121 1022
f 1018 1118 1022
f 1121 1118 1119
f 1021 1024 1122
f 1025 1123 1026
f 1025 1027 1124
f 1123 1025 1124
f 1027 1022 1121
f 1027 1121 1124
f 1124 1121 1125
f 1126 1121 1119
f 1125 1121 1126
f 1127 1024 1028
f 1127 1128 1024
f 1128 1122 1024
f 1028 1029 1127
f 1030 1129 1130
f 1031 1030 1130
f 1123 1030 1026
f 1123 1131 1030
f 1131 1129 1030
f 1124 1131 1123
f 1132 1131 1124
f 1125 1132 1124
f 1133 1132 1125
f 1126 1133 1125
f 1127 1258 1128
f 1032 1258 1127
f 1032 1127 1029
f 1032 1034 1258
f 1031 1130 1038
f 1130 1134 1038
f 1034 1135 1258
f 1034 1039 1135
f 1039 1136 1135
f 1136 1039 1041
f 1137 1136 1041
f 1045 1138 1044
f 1045 1139 1138
f 1045 1038 1139
f 1038 1134 1139
f 1041 1140 1137
f 1046 1140 1041
f 1140 1046 1048
f 1141 1140 1048
f 1052 1142 1051
f 1052 1143 1142
f 1044 1143 1052
f 1044 1144 1143
f 1044 1138 1144
f 1139 1144 1138
f 1048 1145 1141
f 1053 1145 1048
f 1054 1146 1053
f 1053 1146 1145
f 1055 1147 1054
f 1054 1147 1146
f 1056 1148 1055
f 1055 1148 1147
f 1057 1149 1056
f 1056 1149 1148
f 1150 1151 1149
f 1150 1149 1058
f 1058 1149 1057
f 1058 1059 1152
f 1150 1058 1152
f 1059 1060 1153
f 1152 1059 1153
f 1060 1061 1154
f 1153 1060 1154
f 1061 1062 1155
f 1154 1061 1155
f 1156 1155 1062
f 1156 1062 1157
f 1157 1062 1063
f 1142 1063 1051
f 1142 1158 1063
f 1158 1157 1063
f 1143 1158 1142
f 1150 1159 1151
f 1152 1159 1150
f 1160 1159 1152
f 1153 1160 1152
f 1161 1160 1153
f 1154 1161 1153
f 1162 1161 1154
f 1155 1162 1154
f 1163 1162 1155
f 1156 1163 1155
f 1067 1164 1165
f 1165 1166 1067
f 1166 1167 1067
f 1167 1168 1067
f 1067 1169 1170
f 1168 1169 1067
f 1169 1171 1170
f 1066 1172 1173
f 1065 1172 1066
f 1067 1066 1174
f 1066 1173 1174
f 1164 1067 1174
f 1170 1068 1067
f 1170 1171 1175
f 1170 1175 1068
f 1068 1175 1067
f 1067 1175 1176
f 1071 1177 1178
f 1071 1069 1177
f 1069 1067 1177
f 1177 1179 1178
f 1074 1180 1181
f 1073 1180 1074
f 1075 1074 1181
f 1076 1075 1182
f 1075 1181 1182
f 1172 1065 1076
f 1182 1172 1076
f 1071 1178 1077
f 1178 1179 1183
f 1178 1183 1077
f 1077 1183 1078
f 1079 1184 1185
f 1079 1078 1184
f 1078 1183 1184
f 1184 1186 1185
f 1080 1187 1188
f 981 1187 1080
f 1180 1073 1080
f 1188 1180 1080
f 1079 1185 1081
f 1082 1189 1190
f 1081 1189 1082
f 1081 1186 1189
f 1081 1185 1186
f 1189 1191 1190
f 1085 1192 1193
f 1084 1192 1085
f 1085 1193 987
f 1187 981 987
f 1082 1190 1086
f 1190 1087 1086
f 1190 1191 1087
f 1088 1194 1195
f 992 1194 1088
f 1192 1084 1088
f 1195 1192 1088
f 1089 1087 1196
f 1196 1090 1089
f 1197 1090 1196
f 1091 1194 992
f 1198 1199 1092
f 1198 1092 1197
f 1197 1092 1090
f 1198 1200 1199
f 1095 1658 1201
f 1094 1658 1095
f 1194 1096 1201
f 1201 1096 1095
f 1091 1096 1194
f 1199 1202 1099
f 1092 1199 1099
f 1203 1199 1200
f 1202 1199 1203
f 1094 1098 1658
f 1658 1098 1204
f 1205 1202 1203
f 1099 1202 1205
f 1102 1329 1206
f 1101 1329 1102
f 1204 1098 1102
f 1206 1204 1102
f 1205 1207 1099
f 1101 1105 1329
f 1329 1105 1209
f 1106 1107 1209
f 1207 1208 1109
f 1208 1210 1109
f 1110 1211 1111
f 1110 1210 1211
f 1110 1109 1210
f 1209 1107 1212
f 1211 1213 1112
f 1111 1211 1112
f 1214 1211 1210
f 1213 1211 1214
f 1215 1209 1212
f 1216 1209 1215
f 1107 1217 1212
f 1212 1217 1215
f 1107 1113 1217
f 1218 1219 1220
f 1218 1221 1222
f 1219 1218 1222
f 1221 1223 1224
f 1222 1221 1224
f 1224 1223 1225
f 1213 1226 1227
f 1213 1227 1112
f 1112 1227 1115
f 1214 1226 1213
f 1215 1228 1216
f 1217 1228 1215
f 1229 1228 1217
f 1229 1217 1113
f 1229 1113 1230
f 1230 1113 1021
f 1235 1218 1220
f 1221 1218 1235
f 1223 1221 1231
f 1231 1221 1235
f 1231 1225 1223
f 1116 1232 1117
f 1116 1233 1232
f 1116 1115 1233
f 1115 1227 1233
f 1230 1021 1234
f 1231 1235 1236
f 1237 1225 1231
f 1236 1237 1231
f 1120 1238 1119
f 1120 1117 1232
f 1120 1232 1238
f 1238 1232 1239
f 1240 1232 1233
f 1239 1232 1240
f 1234 1021 1241
f 1242 1235 1220
f 1236 1235 1243
f 1244 1237 1236
f 1243 1244 1236
f 1238 1245 1246
f 1238 1246 1119
f 1239 1245 1238
f 1247 1245 1239
f 1240 1247 1239
f 1021 1122 1241
f 1241 1122 1252
f 1235 1242 1248
f 1249 1235 1248
f 1243 1235 1249
f 1250 1243 1249
f 1244 1243 1250
f 1119 1246 1126
f 1246 1251 1126
f 1122 1128 1252
f 1129 1253 1130
f 1129 1131 1254
f 1253 1129 1254
f 1131 1132 1255
f 1254 1131 1255
f 1256 1255 1132
f 1256 1132 1257
f 1257 1132 1133
f 1251 1133 1126
f 1257 1133 1251
f 1128 1258 1252
f 1253 1259 1134
f 1130 1253 1134
f 1260 1254 1261
f 1260 1259 1254
f 1259 1253 1254
f 1255 1261 1254
f 1262 1261 1255
f 1256 1262 1255
f 1263 1258 1135
f 1263 1264 1258
f 1135 1136 1265
f 1263 1135 1265
f 1136 1137 1265
f 1259 1266 1139
f 1134 1259 1139
f 1267 1259 1260
f 1266 1259 1267
f 1263 1268 1264
f 1265 1268 1263
f 1269 1268 1265
f 1137 1269 1265
f 1137 1140 1269
f 1140 1270 1269
f 1270 1140 1141
f 1271 1270 1141
f 1144 1272 1143
f 1144 1273 1272
f 1139 1273 1144
f 1139 1274 1273
f 1139 1266 1274
f 1267 1274 1266
f 1141 1275 1271
f 1145 1275 1141
f 1276 1277 1275
f 1276 1275 1146
f 1146 1275 1145
f 1146 1147 1278
f 1276 1146 1278
f 1147 1148 1279
f 1278 1147 1279
f 1148 1149 1280
f 1279 1148 1280
f 1149 1151 1280
f 1157 1281 1156
f 1282 1281 1157
f 1282 1157 1283
f 1283 1157 1158
f 1272 1158 1143
f 1272 1284 1158
f 1284 1283 1158
f 1273 1284 1272
f 1276 1285 1277
f 1278 1285 1276
f 1286 1285 1278
f 1279 1286 1278
f 1287 1286 1279
f 1280 1287 1279
f 1288 1287 1280
f 1151 1288 1280
f 1151 1159 1288
f 1159 1289 1288
f 1160 1290 1159
f 1159 1290 1289
f 1161 1291 1160
f 1160 1291 1290
f 1162 1292 1161
f 1161 1292 1291
f 1163 1293 1162
f 1162 1293 1292
f 1281 1163 1156
f 1281 1294 1163
f 1294 1293 1163
f 1282 1294 1281
f 1165 1295 1296
f 1164 1295 1165
f 1166 1165 1297
f 1165 1296 1297
f 1167 1166 1298
f 1166 1297 1298
f 1168 1167 1299
f 1167 1298 1299
f 1169 1168 1300
f 1168 1299 1300
f 1171 1301 1302
f 1171 1169 1301
f 1169 1300 1301
f 1302 1303 1304
f 1301 1303 1302
f 1303 1305 1304
f 1173 1306 1307
f 1172 1306 1173
f 1173 1307 1174
f 1295 1164 1174
f 1171 1302 1175
f 1176 1175 1302
f 1304 1176 1302
f 1304 1305 1308
f 1304 1308 1176
f 1176 1308 1067
f 1179 1309 1310
f 1179 1177 1309
f 1177 1067 1309
f 1309 1311 1310
f 1181 1312 1313
f 1180 1312 1181
f 1181 1313 1314
f 1306 1172 1182
f 1181 1306 1182
f 1179 1310 1183
f 1310 1311 1315
f 1310 1315 1183
f 1183 1315 1184
f 1315 1186 1184
f 1466 1186 1315
f 1188 1316 1317
f 1187 1316 1188
f 1312 1180 1188
f 1317 1312 1188
f 1186 1466 1318
f 1189 1186 1318
f 1318 1191 1189
f 1193 1319 1320
f 1192 1319 1193
f 987 1193 1321
f 1193 1320 1321
f 1316 1187 987
f 1321 1316 987
f 1191 1322 1087
f 1195 1194 1323
f 1319 1192 1195
f 1323 1319 1195
f 1087 1322 1324
f 1196 1087 1324
f 1324 1197 1196
f 1325 1197 1324
f 1197 1325 1326
f 1198 1197 1326
f 1326 1200 1198
f 1327 1200 1326
f 1658 1194 1201
f 1200 1327 1203
f 1327 2193 1203
f 1658 1204 1328
f 1203 2193 1205
f 1206 1329 1330
f 1328 1204 1206
f 1330 1328 1206
f 1207 1332 1331
f 1207 1205 1332
f 1205 2193 1332
f 1331 1333 1207
f 1334 1331 1332
f 1333 1331 1334
f 1333 1335 1207
f 1336 1333 1334
f 1335 1333 1336
f 1335 1337 1207
f 1338 1335 1336
f 1337 1335 1338
f 1339 1341 1347
f 1339 1340 1341
f 1340 1342 1341
f 1341 1342 1343
f 1337 1344 1208
f 1207 1337 1208
f 1345 1337 1338
f 1344 1337 1345
f 1346 1339 1347
f 1340 1339 1348
f 1348 1339 1346
f 1342 1340 1349
f 1349 1340 1348
f 1350 1343 1342
f 1350 1342 1351
f 1351 1342 1349
f 1350 1351 1352
f 1344 1353 1354
f 1344 1354 1208
f 1208 1354 1210
f 1345 1353 1344
f 1355 1346 1347
f 1348 1346 1356
f 1356 1346 1355
f 1349 1348 1357
f 1357 1348 1356
f 1351 1349 1358
f 1358 1349 1357
f 1359 1352 1351
f 1359 1351 1360
f 1360 1351 1358
f 1359 1360 1361
f 1354 1497 1210
f 1362 1355 1347
f 1356 1355 1363
f 1363 1355 1362
f 1357 1356 1364
f 1364 1356 1363
f 1358 1357 1365
f 1365 1357 1364
f 1360 1358 1366
f 1366 1358 1365
f 1367 1361 1360
f 1366 1367 1360
f 1210 1497 1214
f 1209 1216 1368
f 1369 1362 1347
f 1363 1362 1370
f 1370 1362 1369
f 1364 1363 1371
f 1371 1363 1370
f 1219 1371 1220
f 1219 1365 1371
f 1365 1364 1371
f 1222 1365 1219
f 1366 1365 1222
f 1366 1372 1367
f 1366 1222 1372
f 1222 1224 1372
f 1372 1224 1225
f 1373 1372 1225
f 1226 1374 1227
f 1226 1375 1374
f 1226 1214 1375
f 1214 1497 1375
f 1216 1376 1368
f 1228 1376 1216
f 1229 1377 1228
f 1228 1377 1376
f 1377 1229 1230
f 1378 1377 1230
f 1379 1369 1347
f 1370 1369 1380
f 1380 1369 1379
f 1371 1370 1386
f 1386 1370 1380
f 1371 1386 1220
f 1373 1225 1381
f 1374 1382 1383
f 1374 1383 1227
f 1227 1383 1233
f 1375 1382 1374
f 1230 1234 1378
f 1378 1234 1384
f 1385 1379 1347
f 1514 1385 1347
f 1380 1379 1386
f 1386 1379 1385
f 1225 1237 1381
f 1381 1237 1387
f 1233 1383 1240
f 1383 1388 1240
f 1234 1241 1384
f 1384 1241 1389
f 1385 1514 1390
f 1386 1385 1390
f 1391 1386 1390
f 1392 1386 1391
f 1392 1220 1386
f 1392 1393 1220
f 1393 1242 1220
f 1237 1244 1387
f 1387 1244 1394
f 1245 1395 1246
f 1396 1395 1245
f 1396 1245 1397
f 1397 1245 1247
f 1388 1247 1240
f 1397 1247 1388
f 1241 1252 1389
f 1242 1393 1398
f 1248 1242 1398
f 1249 1248 1399
f 1248 1398 1399
f 1250 1249 1400
f 1249 1399 1400
f 1394 1244 1250
f 1400 1394 1250
f 1395 1401 1251
f 1246 1395 1251
f 1402 1395 1396
f 1401 1395 1402
f 1257 1403 1256
f 1257 1404 1403
f 1251 1404 1257
f 1251 1405 1404
f 1251 1401 1405
f 1402 1405 1401
f 1258 1406 1252
f 1261 1407 1260
f 1261 1262 1408
f 1407 1261 1408
f 1262 1409 1408
f 1256 1409 1262
f 1256 1410 1409
f 1256 1403 1410
f 1404 1410 1403
f 1407 1411 1267
f 1260 1407 1267
f 1408 1412 1407
f 1412 1411 1407
f 1413 1408 1409
f 1412 1408 1413
f 1268 1414 1264
f 1270 1415 1269
f 1269 1415 1268
f 1415 1270 1271
f 1416 1415 1271
f 1274 1417 1273
f 1274 1418 1417
f 1267 1418 1274
f 1267 1419 1418
f 1267 1411 1419
f 1412 1419 1411
f 1420 1419 1412
f 1413 1420 1412
f 1271 1421 1416
f 1275 1421 1271
f 1421 1275 1277
f 1422 1421 1277
f 1283 1423 1282
f 1424 1423 1283
f 1424 1283 1425
f 1425 1283 1284
f 1417 1284 1273
f 1417 1426 1284
f 1426 1425 1284
f 1418 1426 1417
f 1277 1427 1422
f 1285 1427 1277
f 1286 1428 1285
f 1285 1428 1427
f 1287 1429 1286
f 1286 1429 1428
f 1430 1431 1429
f 1430 1429 1288
f 1288 1429 1287
f 1288 1289 1432
f 1430 1288 1432
f 1289 1290 1433
f 1432 1289 1433
f 1290 1291 1434
f 1433 1290 1434
f 1291 1292 1435
f 1434 1291 1435
f 1292 1293 1436
f 1435 1292 1436
f 1437 1436 1293
f 1437 1293 1438
f 1438 1293 1294
f 1423 1294 1282
f 1423 1439 1294
f 1439 1438 1294
f 1424 1439 1423
f 1430 1440 1431
f 1432 1440 1430
f 1441 1440 1432
f 1433 1441 1432
f 1442 1441 1433
f 1434 1442 1433
f 1443 1442 1434
f 1435 1443 1434
f 1444 1443 1435
f 1436 1444 1435
f 1445 1444 1436
f 1437 1445 1436
f 1296 1446 1447
f 1295 1446 1296
f 1297 1296 1448
f 1296 1447 1448
f 1298 1297 1449
f 1297 1448 1449
f 1299 1298 1450
f 1298 1449 1450
f 1300 1299 1451
f 1299 1450 1451
f 1301 1300 1452
f 1300 1451 1452
f 1303 1301 1453
f 1301 1452 1453
f 1453 1305 1303
f 1454 1305 1453
f 1307 1455 1456
f 1306 1455 1307
f 1174 1307 1457
f 1307 1456 1457
f 1446 1295 1174
f 1457 1446 1174
f 1305 1454 1458
f 1308 1305 1458
f 1308 1458 1067
f 1309 1067 1459
f 1459 1311 1309
f 1460 1311 1459
f 1313 1312 1461
f 1313 1462 1314
f 1461 1462 1313
f 1463 1314 1462
f 1463 1464 1314
f 1464 1181 1314
f 1455 1306 1181
f 1464 1455 1181
f 1311 1460 1465
f 1315 1311 1465
f 1465 1466 1315
f 1317 1467 1468
f 1316 1467 1317
f 1461 1312 1317
f 1461 1317 1469
f 1469 1317 1468
f 1462 1461 1469
f 1470 1462 1469
f 1463 1462 1470
f 1318 1466 1471
f 1471 1191 1318
f 1472 1191 1471
f 1320 1473 1474
f 1319 1473 1320
f 1320 1474 1321
f 1467 1316 1321
f 1475 1476 1322
f 1475 1322 1472
f 1472 1322 1191
f 1475 1477 1476
f 1323 1194 1478
f 1473 1319 1323
f 1478 1473 1323
f 1322 1476 1324
f 1476 1325 1324
f 1476 1477 1325
f 1477 1479 1325
f 1325 1479 1480
f 1326 1325 1480
f 1480 1327 1326
f 1481 1327 1480
f 1327 1481 2193
f 1658 1328 1482
f 1482 1328 1330
f 1329 1482 1330
f 1332 2193 1334
f 1334 2193 1336
f 1336 2193 1338
f 1483 1341 1343
f 1338 2193 1345
f 1343 1484 1483
f 1350 1484 1343
f 1352 1485 1486
f 1352 1486 1350
f 1350 1486 1484
f 1486 1485 1487
f 1353 1488 1354
f 1353 1489 1488
f 1353 1345 1489
f 1345 2193 1489
f 1352 1359 1485
f 1361 1490 1491
f 1359 1361 1491
f 1359 1491 1487
f 1359 1487 1485
f 1491 1490 1492
f 1488 1493 1497
f 1354 1488 1497
f 1494 1488 1489
f 1493 1488 1494
f 1490 1367 1495
f 1361 1367 1490
f 1496 1492 1490
f 1495 1496 1490
f 1493 1670 1497
f 1494 1670 1493
f 1367 1372 1495
f 1495 1372 1373
f 1495 1373 1496
f 1496 1373 1498
f 1499 1368 1376
f 1499 1500 1368
f 1500 1209 1368
f 1376 1377 1501
f 1499 1376 1501
f 1377 1378 1501
f 1502 1381 1503
f 1502 1498 1381
f 1498 1373 1381
f 1502 1503 1504
f 1505 1506 1507
f 1505 1508 1509
f 1506 1505 1509
f 1382 1510 1383
f 1382 1511 1510
f 1382 1375 1511
f 1375 1497 1511
f 1512 1500 1499
f 1513 1500 1512
f 1501 1522 1499
f 1522 1512 1499
f 1378 1384 1522
f 1501 1378 1522
f 1503 1387 1515
f 1381 1387 1503
f 1516 1504 1503
f 1515 1516 1503
f 1517 1505 1507
f 1518 1517 1507
f 1508 1505 1517
f 1510 1519 1520
f 1510 1520 1383
f 1383 1520 1388
f 1511 1519 1510
f 1512 1521 1513
f 1521 1522 1523
f 1521 1512 1522
f 1384 1389 1522
f 1390 1514 1524
f 1525 1524 1526
f 1525 1391 1524
f 1391 1390 1524
f 1391 1527 1392
f 1525 1527 1391
f 1392 1527 1393
f 1515 1394 1528
f 1387 1394 1515
f 1529 1516 1515
f 1529 1515 1530
f 1530 1515 1528
f 1530 1531 1532
f 1529 1530 1532
f 1531 1533 1534
f 1532 1531 1534
f 1518 1534 1533
f 1518 1533 1517
f 1517 1533 1508
f 1397 1535 1536
f 1396 1397 1536
f 1520 1397 1388
f 1535 1397 1520
f 1708 1523 1522
f 1389 1252 1522
f 1537 1525 1526
f 1538 1537 1526
f 1527 1525 1539
f 1539 1525 1537
f 1393 1540 1398
f 1393 1527 1540
f 1527 1539 1540
f 1398 1541 1399
f 1540 1541 1398
f 1399 1542 1400
f 1541 1542 1399
f 1400 1528 1394
f 1400 1542 1528
f 1542 1508 1528
f 1530 1528 1508
f 1531 1530 1508
f 1533 1531 1508
f 1544 1508 1543
f 1544 1545 1508
f 1396 1536 1402
f 1536 1546 1402
f 1547 1708 1522
f 1522 1252 1547
f 1537 1538 1548
f 1539 1537 1548
f 1549 1539 1548
f 1540 1539 1549
f 1550 1540 1549
f 1550 1551 1552
f 1550 1552 1540
f 1540 1552 1541
f 1542 1541 1553
f 1553 1541 1552
f 1508 1542 1554
f 1554 1542 1553
f 1555 1508 1554
f 1556 1508 1555
f 1557 1508 1556
f 1558 1508 1557
f 1559 1508 1558
f 1560 1508 1559
f 1561 1562 1543
f 1561 1543 1560
f 1560 1543 1508
f 1563 1543 1562
f 1544 1543 1563
f 1564 1544 1563
f 1545 1544 1564
f 1405 1565 1404
f 1405 1566 1565
f 1405 1402 1566
f 1402 1546 1566
f 1547 1567 1708
f 1252 1567 1547
f 1252 1406 1567
f 1406 1721 1567
f 1721 1406 1258
f 1552 1551 1568
f 1553 1552 1568
f 1569 1553 1568
f 1554 1553 1569
f 1570 1554 1569
f 1555 1554 1570
f 1571 1555 1570
f 1556 1555 1571
f 1572 1556 1571
f 1557 1556 1572
f 1573 1557 1572
f 1558 1557 1573
f 1574 1558 1573
f 1559 1558 1574
f 1575 1559 1574
f 1560 1559 1575
f 1576 1560 1575
f 1561 1560 1576
f 1410 1577 1409
f 1410 1578 1577
f 1404 1578 1410
f 1404 1579 1578
f 1404 1565 1579
f 1566 1579 1565
f 1258 1264 1580
f 1577 1581 1582
f 1577 1582 1409
f 1409 1582 1413
f 1578 1581 1577
f 1264 1583 1580
f 1414 1583 1264
f 1268 1584 1414
f 1414 1584 1583
f 1415 1585 1268
f 1268 1585 1584
f 1585 1415 1416
f 1586 1585 1416
f 1419 1587 1588
f 1418 1419 1588
f 1420 1589 1419
f 1419 1589 1587
f 1582 1420 1413
f 1589 1420 1582
f 1590 1416 1421
f 1590 1591 1416
f 1591 1586 1416
f 1421 1422 1590
f 1425 1592 1424
f 1425 1426 1593
f 1592 1425 1593
f 1426 1594 1593
f 1426 1418 1594
f 1418 1588 1594
f 1590 1595 1591
f 1596 1597 1595
f 1427 1596 1595
f 1427 1595 1590
f 1427 1590 1422
f 1427 1428 1598
f 1596 1427 1598
f 1428 1429 1599
f 1598 1428 1599
f 1429 1431 1599
f 1438 1600 1437
f 1936 1600 1438
f 1936 1438 1601
f 1601 1438 1439
f 1592 1439 1424
f 1592 1602 1439
f 1602 1601 1439
f 1593 1602 1592
f 1603 1602 1593
f 1594 1603 1593
f 1596 1604 1597
f 1598 1604 1596
f 1605 1604 1598
f 1599 1605 1598
f 1606 1605 1599
f 1431 1606 1599
f 1431 1440 1606
f 1440 1607 1606
f 1441 1608 1440
f 1440 1608 1607
f 1609 1610 1608
f 1609 1608 1442
f 1442 1608 1441
f 1442 1443 1611
f 1609 1442 1611
f 1443 1444 1612
f 1611 1443 1612
f 1613 1612 1444
f 1613 1444 1614
f 1614 1444 1445
f 1600 1445 1437
f 1600 1936 1445
f 1936 1614 1445
f 1609 1615 1610
f 1611 1615 1609
f 1616 1615 1611
f 1612 1616 1611
f 1617 1616 1612
f 1613 1617 1612
f 1447 1446 1618
f 1447 1619 1448
f 1618 1619 1447
f 1620 1448 1619
f 1620 1621 1448
f 1621 1449 1448
f 1450 1449 1622
f 1449 1621 1622
f 1451 1450 1623
f 1450 1622 1623
f 1452 1451 1624
f 1451 1623 1624
f 1453 1452 1625
f 1452 1624 1625
f 1625 1454 1453
f 1626 1454 1625
f 1627 1456 1455
f 1627 1628 1456
f 1628 1457 1456
f 1618 1446 1457
f 1618 1457 1629
f 1629 1457 1628
f 1619 1618 1629
f 1630 1619 1629
f 1620 1619 1630
f 1454 1626 1631
f 1458 1454 1631
f 1458 1631 1067
f 1459 1067 1632
f 1632 1460 1459
f 1633 1460 1632
f 1464 1463 1634
f 1455 1464 1634
f 1455 1634 1635
f 1627 1455 1635
f 1460 1633 1636
f 1465 1460 1636
f 1636 1466 1465
f 1468 1467 1637
f 1468 1638 1469
f 1637 1638 1468
f 1639 1469 1638
f 1639 1640 1469
f 1640 1470 1469
f 1634 1463 1470
f 1634 1470 1641
f 1641 1470 1640
f 1471 1466 1642
f 1642 1472 1471
f 1643 1472 1642
f 1474 1473 1644
f 1474 1645 1321
f 1644 1645 1474
f 1321 1645 1646
f 1467 1321 1646
f 1467 1646 1647
f 1467 1647 1637
f 1638 1637 1647
f 1648 1638 1647
f 1639 1638 1648
f 1472 1643 1649
f 1475 1472 1649
f 1649 1477 1475
f 1650 1477 1649
f 1478 1651 1652
f 1194 1651 1478
f 1644 1473 1478
f 1644 1478 1653
f 1653 1478 1652
f 1645 1644 1653
f 1654 1645 1653
f 1646 1645 1654
f 1477 1650 1479
f 1651 1194 1658
f 1655 1651 1658
f 1480 1479 1656
f 1656 1481 1480
f 1657 1481 1656
f 1481 1657 2193
f 1329 1659 1658
f 1329 1209 1659
f 1482 1329 1658
f 1660 1341 1483
f 1661 1660 1483
f 1483 1662 1661
f 1484 1662 1483
f 1486 1663 1484
f 1484 1663 1662
f 1487 1664 1665
f 1487 1665 1486
f 1486 1665 1663
f 1664 1666 1667
f 1665 1664 1667
f 1667 1666 1669
f 1487 1491 1664
f 1492 1664 1491
f 1492 1668 1664
f 1668 1666 1664
f 1668 1669 1666
f 1489 2193 1494
f 1668 1496 1669
f 1492 1496 1668
f 1670 1494 1671
f 1494 2193 1671
f 1669 1498 1672
f 1496 1498 1669
f 1672 1673 1669
f 1670 1674 1497
f 1498 1502 1672
f 1672 1502 1504
f 1672 1504 1673
f 1673 1504 1675
f 1506 1676 1677
f 1507 1506 1677
f 1506 1509 1676
f 1508 1679 1680
f 1508 1680 1509
f 1509 1680 1678
f 1680 1679 1681
f 1497 1674 1511
f 1674 1682 1511
f 1500 1513 1209
f 1209 1513 1683
f 1684 1516 1685
f 1684 1675 1516
f 1675 1504 1516
f 1685 1686 1687
f 1684 1685 1687
f 1686 1688 1689
f 1687 1686 1689
f 1688 1677 1689
f 1688 1518 1677
f 1518 1507 1677
f 1679 1508 1690
f 1691 1681 1679
f 1690 1691 1679
f 1519 1692 1520
f 1519 1693 1692
f 1519 1511 1693
f 1511 1682 1693
f 1513 1694 1683
f 1521 1694 1513
f 1694 1521 1523
f 1695 1694 1523
f 1524 1514 1696
f 1696 1526 1524
f 1697 1526 1696
f 1516 1529 1685
f 1532 1685 1529
f 1686 1685 1532
f 1534 1686 1532
f 1688 1686 1534
f 1518 1688 1534
f 1690 1508 1698
f 1699 1691 1690
f 1698 1699 1690
f 1535 1700 1536
f 1535 1701 1700
f 1520 1701 1535
f 1520 1702 1701
f 1520 1692 1702
f 1693 1702 1692
f 1523 1708 1695
f 1526 1697 1538
f 1697 1703 1538
f 1698 1545 1704
f 1508 1545 1698
f 1705 1699 1698
f 1704 1705 1698
f 1700 1706 1546
f 1536 1700 1546
f 1707 1700 1701
f 1706 1700 1707
f 1538 1703 1709
f 1548 1538 1709
f 1549 1548 1710
f 1548 1709 1710
f 1711 1710 1712
f 1711 1550 1710
f 1550 1549 1710
f 1550 1711 1551
f 1562 1561 1713
f 1562 1714 1563
f 1713 1714 1562
f 1563 1715 1564
f 1714 1715 1563
f 1564 1715 1716
f 1545 1564 1716
f 1545 1716 1717
f 1545 1717 1704
f 1705 1704 1717
f 1706 1718 1719
f 1706 1719 1546
f 1546 1719 1566
f 1707 1718 1706
f 1567 1720 1708
f 1567 1721 1720
f 1711 1712 1722
f 1551 1711 1722
f 1551 1722 1568
f 1568 1722 1723
f 1569 1568 1724
f 1568 1723 1724
f 1570 1569 1725
f 1569 1724 1725
f 1571 1570 1725
f 1572 1571 1725
f 1573 1572 1725
f 1574 1573 1725
f 1575 1574 1726
f 1574 1725 1726
f 1576 1575 1727
f 1575 1726 1727
f 1713 1561 1576
f 1713 1576 1728
f 1728 1576 1727
f 1714 1713 1728
f 1729 1714 1728
f 1715 1714 1729
f 1730 1715 1729
f 1716 1715 1730
f 1719 1579 1566
f 1258 1580 1731
f 1581 1732 1582
f 1581 1733 1732
f 1581 1578 1733
f 1580 1734 1731
f 1583 1734 1580
f 1584 1735 1583
f 1583 1735 1734
f 1585 1736 1584
f 1584 1736 1735
f 1736 1585 1586
f 1737 1736 1586
f 1587 1738 1588
f 1739 1738 1587
f 1739 1587 1740
f 1740 1587 1589
f 1732 1589 1582
f 1732 1741 1589
f 1741 1740 1589
f 1733 1741 1732
f 1586 1591 1737
f 1737 1591 1742
f 1738 1743 1594
f 1588 1738 1594
f 1744 1738 1739
f 1743 1738 1744
f 1595 1742 1591
f 1742 1595 1597
f 1745 1742 1597
f 1601 1602 1746
f 1936 1601 1746
f 1747 1746 1602
f 1747 1602 1748
f 1748 1602 1603
f 1743 1603 1594
f 1743 1749 1603
f 1749 1748 1603
f 1744 1749 1743
f 1597 1750 1745
f 1604 1750 1597
f 1605 1751 1604
f 1604 1751 1750
f 1606 1752 1605
f 1605 1752 1751
f 1753 1754 1752
f 1753 1752 1607
f 1607 1752 1606
f 1607 1608 1755
f 1753 1607 1755
f 1608 1610 1755
f 1614 1756 1613
f 1757 1756 1614
f 1757 1614 1758
f 1758 1614 1936
f 1759 1936 1746
f 1747 1759 1746
f 1753 1760 1754
f 1755 1760 1753
f 1761 1760 1755
f 1610 1761 1755
f 1610 1615 1761
f 1615 1762 1761
f 1616 1763 1615
f 1615 1763 1762
f 1617 1764 1616
f 1616 1764 1763
f 1756 1617 1613
f 1756 1765 1617
f 1765 1764 1617
f 1757 1765 1756
f 1621 1766 1767
f 1620 1766 1621
f 1622 1621 1768
f 1621 1767 1768
f 1623 1622 1769
f 1622 1768 1769
f 1624 1623 1770
f 1623 1769 1770
f 1625 1624 1771
f 1624 1770 1771
f 1771 1626 1625
f 1772 1626 1771
f 1628 1627 1773
f 1774 1628 1773
f 1774 1775 1628
f 1775 1629 1628
f 1630 1629 1776
f 1629 1775 1776
f 1766 1620 1630
f 1776 1766 1630
f 1626 1772 1777
f 1631 1626 1777
f 1631 1777 1067
f 1632 1067 1778
f 1778 1633 1632
f 1779 1633 1778
f 1635 1634 1780
f 1635 1780 1781
f 1627 1635 1781
f 1627 1781 1782
f 1627 1782 1773
f 1774 1773 1782
f 1633 1779 1783
f 1636 1633 1783
f 1783 1466 1636
f 1640 1639 1784
f 1785 1640 1784
f 1785 1786 1640
f 1786 1641 1640
f 1780 1634 1641
f 1780 1641 1787
f 1787 1641 1786
f 1781 1780 1787
f 1642 1466 1788
f 1788 1643 1642
f 1789 1643 1788
f 1647 1646 1790
f 1647 1791 1648
f 1790 1791 1647
f 1648 1791 1792
f 1639 1648 1792
f 1639 1792 1793
f 1639 1793 1784
f 1785 1784 1793
f 1643 1789 1794
f 1649 1643 1794
f 1794 1650 1649
f 1795 1650 1794
f 1652 1651 1796
f 1797 1652 1796
f 1797 1798 1652
f 1798 1653 1652
f 1654 1653 1799
f 1653 1798 1799
f 1790 1646 1654
f 1790 1654 1800
f 1800 1654 1799
f 1791 1790 1800
f 1801 1791 1800
f 1792 1791 1801
f 1650 1795 1479
f 1795 1802 1479
f 1655 1658 1803
f 1796 1651 1655
f 1796 1655 1804
f 1804 1655 1803
f 1797 1796 1804
f 1805 1656 1479
f 1656 1805 1657
f 1805 1479 1806
f 1806 1657 1805
f 1806 1807 1657
f 1807 2193 1657
f 1659 1996 1658
f 1659 1209 1996
f 1809 1660 1661
f 1808 1209 1810
f 1661 1811 1809
f 1662 1811 1661
f 1663 1812 1662
f 1662 1812 1811
f 1665 1813 1663
f 1663 1813 1812
f 1667 1814 1665
f 1665 1814 1813
f 1814 1667 1669
f 1810 1209 1815
f 1816 1819 1817
f 1816 1818 1819
f 1818 1820 1819
f 1820 1821 1819
f 1821 1822 1823
f 1819 1821 1823
f 1823 1822 1824
f 1825 1673 1826
f 1825 2023 1673
f 2023 1669 1673
f 1826 1827 1828
f 1825 1826 1828
f 1827 1829 1830
f 1828 1827 1830
f 1829 1831 1832
f 1830 1829 1832
f 1832 1831 1833
f 1834 1816 1817
f 1835 1834 1817
f 1818 1816 1836
f 1836 1816 1834
f 1820 1818 1837
f 1837 1818 1836
f 1821 1820 1838
f 1838 1820 1837
f 1822 1821 1839
f 1839 1821 1838
f 1840 1824 1822
f 1839 1840 1822
f 1670 1841 1674
f 1670 1842 1841
f 1670 1671 1842
f 1671 2193 1842
f 1826 1675 1843
f 1673 1675 1826
f 1827 1826 1843
f 1829 1827 1843
f 1676 1843 1677
f 1676 1831 1843
f 1831 1829 1843
f 1831 1844 1833
f 1831 1676 1844
f 1676 1509 1844
f 1509 1845 1844
f 1509 1846 1845
f 1509 1847 1846
f 1835 1678 1834
f 1835 1847 1678
f 1847 1509 1678
f 1680 1834 1678
f 1836 1834 1680
f 1681 1836 1680
f 1681 1848 1836
f 1848 1837 1836
f 1838 1837 1849
f 1849 1837 1848
f 1839 1838 1850
f 1850 1838 1849
f 1851 1840 1839
f 1850 1851 1839
f 1841 1852 1682
f 1674 1841 1682
f 1853 1841 1842
f 1852 1841 1853
f 1675 1684 1843
f 1687 1843 1684
f 1689 1843 1687
f 1677 1843 1689
f 1848 1691 1855
f 1681 1691 1848
f 1856 1857 1849
f 1856 1849 1855
f 1855 1849 1848
f 1850 1849 1857
f 1858 1850 1857
f 1851 1850 1858
f 1852 1859 1860
f 1852 1860 1682
f 1682 1860 1693
f 1853 1859 1852
f 1861 1683 1694
f 1861 1862 1683
f 1862 1209 1683
f 1694 1695 1861
f 1514 1854 1863
f 1696 1514 1863
f 1863 1697 1696
f 1864 1697 1863
f 1855 1699 1865
f 1691 1699 1855
f 1866 1856 1855
f 1865 1866 1855
f 1702 1867 1701
f 1702 1868 1867
f 1702 1693 1868
f 1693 1860 1868
f 1861 1869 1862
f 1869 1861 1695
f 1869 1695 1870
f 1870 1695 1708
f 1697 1864 1703
f 1864 3222 1703
f 1865 1871 1872
f 1865 1699 1871
f 1699 1705 1871
f 1866 1865 1872
f 1867 1873 1874
f 1867 1874 1701
f 1701 1874 1707
f 1868 1873 1867
f 1875 1709 1703
f 1875 1703 1876
f 1876 1703 3222
f 1709 1877 1710
f 1875 1877 1709
f 1710 1877 1712
f 1717 1716 1878
f 1717 1878 1879
f 1717 1879 1705
f 1705 1879 1871
f 1718 1880 1881
f 1719 1718 1881
f 1874 1718 1707
f 1880 1718 1874
f 1720 1882 1708
f 1720 1721 1882
f 1883 1721 1258
f 1884 1875 1876
f 1885 1884 1876
f 1877 1875 1886
f 1886 1875 1884
f 1712 1887 1722
f 1712 1877 1887
f 1877 1886 1887
f 1722 1888 1723
f 1887 1888 1722
f 1723 1889 1724
f 1888 1889 1723
f 1724 1890 1725
f 1889 1890 1724
f 1890 1891 1725
f 1892 1725 1891
f 1892 1893 1725
f 1725 1893 1894
f 1725 1894 1895
f 1896 1895 1897
f 1896 1726 1895
f 1726 1725 1895
f 1726 1898 1727
f 1896 1898 1726
f 1727 1899 1728
f 1898 1899 1727
f 1728 1900 1729
f 1899 1900 1728
f 1729 1901 1730
f 1900 1901 1729
f 1730 1878 1716
f 1730 1901 1878
f 1901 1902 1878
f 1903 1879 1878
f 1902 1903 1878
f 1579 1904 1905
f 1578 1579 1905
f 1881 1579 1719
f 1904 1579 1881
f 1906 1731 1907
f 1906 1883 1731
f 1883 1258 1731
f 1885 1906 1907
f 1885 1907 1884
f 1884 1907 1908
f 1909 1910 1886
f 1909 1886 1908
f 1908 1886 1884
f 1887 1886 1910
f 1911 1887 1910
f 1888 1887 1911
f 1912 1888 1911
f 1889 1888 1912
f 1913 1889 1912
f 1890 1889 1913
f 1891 1890 1913
f 1914 1891 1913
f 1892 1891 1914
f 1896 1897 1915
f 1898 1896 1915
f 1916 1898 1915
f 1899 1898 1916
f 1917 1899 1916
f 1900 1899 1917
f 1918 1900 1917
f 1901 1900 1918
f 1919 1901 1918
f 1902 1901 1919
f 1920 1902 1919
f 1903 1902 1920
f 1578 1905 1733
f 1905 1921 1733
f 1731 1734 1907
f 1735 1907 1734
f 1908 1907 1735
f 1908 1736 1909
f 1908 1735 1736
f 1922 1736 1737
f 1740 1923 1924
f 1739 1740 1924
f 1741 1925 1740
f 1740 1925 1923
f 1921 1741 1733
f 1925 1741 1921
f 1737 1742 1922
f 1739 1924 1744
f 1924 1926 1744
f 1927 1928 1742
f 1742 1745 1927
f 1926 1747 1748
f 1926 1748 1929
f 1929 1748 1749
f 1926 1749 1744
f 1929 1749 1926
f 1927 1930 1928
f 1745 1930 1927
f 1745 1750 1930
f 1750 1931 1930
f 1932 1933 1931
f 1932 1931 1751
f 1751 1931 1750
f 1751 1752 1934
f 1932 1751 1934
f 1752 1754 1934
f 1758 1935 1757
f 1935 1758 1936
f 1747 1937 1759
f 1937 1936 1759
f 1926 1937 1747
f 1932 1938 1933
f 1934 1938 1932
f 1939 1938 1934
f 1754 1939 1934
f 1754 1760 1939
f 1760 1940 1939
f 1761 1940 1760
f 1941 1940 1762
f 1762 1940 1761
f 1762 1763 1942
f 1941 1762 1942
f 1763 1764 1943
f 1942 1763 1943
f 1944 1943 1764
f 1944 1764 1945
f 1945 1764 1765
f 1935 1765 1757
f 1935 1946 1765
f 1946 1945 1765
f 1936 1946 1935
f 1941 1947 1940
f 1942 1947 1941
f 1948 1947 1942
f 1943 1948 1942
f 1949 1948 1943
f 1944 1949 1943
f 1767 1766 1950
f 1767 1951 1768
f 1950 1951 1767
f 1768 1952 1769
f 1951 1952 1768
f 1769 1953 1770
f 1952 1953 1769
f 1770 1954 1771
f 1953 1954 1770
f 1771 1954 1772
f 1775 1774 1955
f 1956 1775 1955
f 1956 1957 1775
f 1957 1776 1775
f 1950 1766 1776
f 1950 1776 1958
f 1958 1776 1957
f 1951 1950 1958
f 1959 1951 1958
f 1952 1951 1959
f 1960 1952 1959
f 1953 1952 1960
f 1961 1953 1960
f 1954 1953 1961
f 1962 1954 1961
f 1772 1954 1962
f 1772 1962 1777
f 1777 1962 1067
f 1964 1963 1965
f 1964 1778 1963
f 1778 1067 1963
f 1778 1964 1779
f 1782 1781 1966
f 1782 1966 1774
f 1774 1967 1955
f 1956 1955 1967
f 1964 1965 1968
f 1779 1964 1968
f 1779 1968 1783
f 1783 1968 1969
f 1969 1466 1783
f 1786 1785 1970
f 1786 1971 1787
f 1970 1971 1786
f 1787 1971 1972
f 1781 1787 1972
f 1781 1972 1973
f 1781 1973 1966
f 1774 1966 1973
f 1788 1466 1974
f 1974 1789 1788
f 1975 1789 1974
f 1793 1792 1976
f 1793 1976 1977
f 1785 1793 1977
f 1785 1977 1978
f 1785 1978 1970
f 1971 1970 1978
f 1979 1971 1978
f 1972 1971 1979
f 1980 1794 1789
f 1980 1789 1981
f 1981 1789 1975
f 1794 1980 1795
f 1798 1797 1982
f 1798 1989 1799
f 1982 1989 1798
f 1799 1983 1800
f 1989 1983 1799
f 1984 1800 1983
f 1984 1985 1800
f 1985 1801 1800
f 1976 1792 1801
f 1976 1801 1986
f 1986 1801 1985
f 1977 1976 1986
f 1987 1980 1981
f 1988 1987 1981
f 1795 1987 1802
f 1980 1987 1795
f 1982 1797 1804
f 1982 1804 1989
f 1989 1804 1803
f 1990 1983 1989
f 1984 1983 1990
f 1987 1988 1991
f 1991 1802 1987
f 1991 1992 1802
f 1992 1479 1802
f 1658 1993 1994
f 1994 1803 1658
f 1806 1479 1995
f 1995 1479 1992
f 1658 1996 1997
f 1997 1993 1658
f 1806 1995 1998
f 1998 1807 1806
f 1998 1999 1807
f 1999 2193 1807
f 2000 2001 1808
f 2002 2001 2000
f 2003 2001 2002
f 2000 1808 2002
f 2004 2003 2002
f 2005 2003 2004
f 2002 1808 2004
f 1809 2006 2007
f 1809 2007 1660
f 1660 2007 1341
f 2006 2008 2009
f 2007 2006 2009
f 2009 2008 2010
f 2011 2005 2004
f 2012 2005 2011
f 1808 1810 2011
f 2004 1808 2011
f 1809 1811 2006
f 1812 2006 1811
f 2008 2006 1812
f 2008 2014 2010
f 2008 1812 2014
f 1812 1813 2014
f 1814 2015 1813
f 1813 2015 2014
f 2015 1814 1669
f 2016 2015 1669
f 2017 2012 2011
f 2018 2012 2017
f 1810 1815 2017
f 2011 1810 2017
f 2013 2019 1347
f 2017 2020 2018
f 2020 2017 1815
f 2020 1815 2021
f 2021 1815 1209
f 2019 2022 1347
f 1819 2024 2025
f 1817 1819 2025
f 1819 2026 2024
f 1819 2027 2026
f 1819 2028 2027
f 1823 2029 1819
f 1819 2029 2028
f 2029 1823 1824
f 2030 2029 1824
f 1347 2022 1514
f 2022 2031 1514
f 1828 2527 1825
f 1830 2527 1828
f 1832 2527 1830
f 1833 2032 2033
f 1833 2033 1832
f 1832 2033 2527
f 2032 2034 2035
f 2033 2032 2035
f 2034 2036 2037
f 2035 2034 2037
f 2036 2038 2039
f 2037 2036 2039
f 2038 2025 2039
f 2038 1835 2025
f 1835 1817 2025
f 1824 1840 2030
f 2030 1840 2188
f 1833 1844 2032
f 1845 2032 1844
f 2034 2032 1845
f 1846 2034 1845
f 2036 2034 1846
f 1847 2036 1846
f 2038 2036 1847
f 1835 2038 1847
f 1840 1851 2188
f 2188 1851 2040
f 1842 2193 1853
f 1514 2031 1854
f 2031 2041 1854
f 1857 1856 2042
f 2043 1857 2042
f 2043 2044 1857
f 2044 1858 1857
f 2040 1851 1858
f 2044 2040 1858
f 1859 2045 1860
f 1859 2046 2045
f 1859 1853 2046
f 1853 2193 2046
f 1209 1862 2047
f 1854 2041 2048
f 1863 1854 2048
f 2048 1864 1863
f 2049 1864 2048
f 2042 1866 2050
f 1856 1866 2042
f 2051 2043 2042
f 2050 2051 2042
f 2045 2052 2053
f 2045 2053 1860
f 1860 2053 1868
f 2046 2052 2045
f 1862 2054 2047
f 1869 2054 1862
f 2054 1869 1870
f 1864 2049 3222
f 1872 1871 2055
f 1872 2050 1866
f 1872 2055 2050
f 2055 2056 2050
f 2057 2051 2050
f 2056 2057 2050
f 1873 2058 2059
f 1874 1873 2059
f 2053 1873 1868
f 2058 1873 2053
f 1870 1708 2054
f 2054 1708 2060
f 2055 2061 2062
f 2055 1871 2061
f 1871 1879 2061
f 2056 2055 2062
f 2063 2056 2062
f 2057 2056 2063
f 1880 2064 1881
f 1880 2065 2064
f 1880 1874 2065
f 1874 2059 2065
f 1708 2066 2060
f 1882 2066 1708
f 1882 1721 2066
f 2067 1721 1883
f 1876 3222 1885
f 3222 2068 1885
f 1893 1892 2069
f 1893 2070 1894
f 2069 2070 1893
f 1894 2071 1895
f 2070 2071 1894
f 1895 2071 1897
f 1879 1903 2061
f 1904 2072 1905
f 1904 1881 2064
f 1904 2064 2072
f 2072 2064 2073
f 2074 2064 2065
f 2073 2064 2074
f 1883 2075 2067
f 1906 2075 1883
f 2068 1906 1885
f 2075 1906 2068
f 1910 2076 2077
f 1909 2076 1910
f 1911 1910 2078
f 1910 2077 2078
f 1912 1911 2079
f 1911 2078 2079
f 1913 1912 2080
f 1912 2079 2080
f 1913 2080 2081
f 2069 1892 1914
f 2069 1914 2082
f 2082 1914 1913
f 2070 2069 2082
f 2083 2070 2082
f 2071 2070 2083
f 2084 2071 2083
f 1897 2071 2084
f 1897 2084 1915
f 1915 2084 2085
f 1916 1915 2086
f 1915 2085 2086
f 1917 1916 2087
f 1916 2086 2087
f 1918 1917 2088
f 1917 2087 2088
f 1919 1918 2089
f 1918 2088 2089
f 1919 2089 1920
f 2072 2090 1921
f 1905 2072 1921
f 2091 2073 2092
f 2091 2090 2073
f 2090 2072 2073
f 2074 2092 2073
f 1909 2093 2076
f 1736 2093 1909
f 2093 1736 1922
f 2094 2093 1922
f 1923 2095 1924
f 1923 1925 2096
f 2095 1923 2096
f 1925 2097 2096
f 1921 2097 1925
f 1921 2098 2097
f 1921 2090 2098
f 2091 2098 2090
f 1922 1742 2094
f 2094 1742 2099
f 2095 2100 1926
f 1924 2095 1926
f 1926 2096 2097
f 1926 2100 2096
f 2100 2095 2096
f 1742 1928 2099
f 2099 1928 2101
f 1928 2102 2101
f 1930 2102 1928
f 2103 2104 2102
f 2103 2102 1931
f 1931 2102 1930
f 1931 1933 2103
f 2105 1936 1937
f 1926 2106 1937
f 2106 2105 1937
f 2103 2107 2104
f 1933 2107 2103
f 1933 1938 2107
f 1938 2108 2107
f 1939 2108 1938
f 1940 2109 1939
f 1939 2109 2108
f 1945 2110 1944
f 1945 1946 1936
f 2110 1945 1936
f 1940 1947 2111
f 1947 2112 2111
f 1948 2112 1947
f 1949 2113 1948
f 1948 2113 2112
f 2110 1949 1944
f 2110 2114 1949
f 2114 2113 1949
f 1936 2114 2110
f 2115 2114 1936
f 2116 2115 1936
f 1957 1956 2117
f 2118 1957 2117
f 2118 2119 1957
f 2119 1958 1957
f 1959 1958 2120
f 1958 2119 2120
f 1960 1959 2121
f 1959 2120 2121
f 1961 1960 2122
f 1960 2121 2122
f 1962 1961 2123
f 1961 2122 2123
f 1067 1962 2124
f 1962 2123 2124
f 1067 2124 2125
f 1963 1067 2126
f 1067 2125 2126
f 2126 1965 1963
f 2127 1965 2126
f 1967 1774 2128
f 1967 2128 2129
f 1956 1967 2129
f 1956 2129 2130
f 1956 2130 2117
f 2118 2117 2130
f 2131 1968 1965
f 2131 1965 2132
f 2132 1965 2127
f 1968 2133 1969
f 2131 2133 1968
f 1969 2133 1466
f 1973 1972 2134
f 1973 2134 2135
f 1774 1973 2135
f 1774 2135 2136
f 1774 2136 2128
f 2129 2128 2136
f 2131 2132 2137
f 2137 2138 2139
f 2137 2139 2131
f 2131 2139 2133
f 1466 2140 1974
f 1466 2133 2140
f 2133 2139 2140
f 1974 2140 1975
f 1978 2141 2142
f 1977 2141 1978
f 1979 1978 2143
f 1978 2142 2143
f 2134 1972 1979
f 2134 1979 2144
f 2144 1979 2143
f 2135 2134 2144
f 2139 2138 2145
f 2145 2146 2147
f 2145 2147 2139
f 2139 2147 2140
f 1975 2147 1981
f 2140 2147 1975
f 1985 1984 2148
f 1985 2149 1986
f 2148 2149 1985
f 1986 2149 2150
f 1986 2150 1977
f 1977 2150 2141
f 2147 2151 1981
f 2151 1988 1981
f 2152 2153 1803
f 1989 1803 2154
f 1803 2153 2154
f 1990 1989 2154
f 2148 1984 1990
f 2148 1990 2155
f 2155 1990 2154
f 2149 2148 2155
f 2156 2149 2155
f 2150 2149 2156
f 1988 2151 2157
f 1991 1988 2157
f 2157 1992 1991
f 2158 1992 2157
f 1994 1993 2159
f 1994 2159 2160
f 1803 1994 2160
f 1803 2160 2161
f 2152 1803 2161
f 1992 2158 1995
f 2158 2162 1995
f 1997 1996 2163
f 2159 1993 1997
f 2159 1997 2164
f 2164 1997 2163
f 2160 2159 2164
f 1995 2162 2165
f 1998 1995 2165
f 2165 1999 1998
f 2166 1999 2165
f 1999 2166 2193
f 1209 1808 2167
f 1808 2168 2169
f 2001 2168 1808
f 2169 2167 1808
f 2001 2003 2168
f 2168 2003 2342
f 2003 2005 2342
f 1347 1341 2170
f 2009 2171 2007
f 2007 2171 1341
f 2171 2009 2010
f 2172 2171 2010
f 2005 2012 2342
f 1347 2170 2013
f 2170 2345 2013
f 2010 2174 2172
f 2014 2174 2010
f 2016 2175 2174
f 2016 2174 2015
f 2015 2174 2014
f 2012 2018 2342
f 2013 2345 2019
f 2016 2176 2175
f 2176 2016 2177
f 2177 2016 1669
f 2178 2179 2180
f 2178 2181 2182
f 2179 2178 2182
f 2181 2183 2184
f 2182 2181 2184
f 2183 2185 2186
f 2184 2183 2186
f 2185 2187 2359
f 2186 2185 2359
f 2359 2187 2188
f 2189 2018 2020
f 2189 2190 2018
f 2190 2342 2018
f 2020 2021 2189
f 2019 2345 2022
f 2345 2191 2022
f 1669 2023 2177
f 2180 2192 2527
f 2178 2180 2527
f 2178 2527 2025
f 2178 2025 2024
f 2026 2178 2024
f 2181 2178 2026
f 2027 2181 2026
f 2183 2181 2027
f 2028 2183 2027
f 2185 2183 2028
f 2029 2185 2028
f 2187 2185 2029
f 2187 2029 2030
f 2187 2030 2188
f 2189 2194 2190
f 2194 2189 2021
f 2194 2021 2195
f 2195 2021 1209
f 2196 2197 2031
f 2196 2031 2191
f 2191 2031 2022
f 2196 2198 2197
f 1825 2199 2023
f 1825 2527 2199
f 2035 2527 2033
f 2037 2527 2035
f 2527 2037 2039
f 2025 2527 2039
f 2197 2200 2031
f 2200 2197 2198
f 2200 2201 2041
f 2031 2200 2041
f 2202 2200 2198
f 2201 2200 2202
f 2044 2043 2203
f 2044 2203 2204
f 2044 2204 2040
f 2040 2204 2188
f 2041 2201 2048
f 2201 2049 2048
f 2201 2202 2049
f 2202 3222 2049
f 2203 2051 2205
f 2043 2051 2203
f 2206 2204 2203
f 2205 2206 2203
f 2052 2207 2053
f 2052 2208 2207
f 2052 2046 2208
f 2046 2193 2208
f 2209 2047 2054
f 2209 2210 2047
f 2210 1209 2047
f 2205 2211 2212
f 2205 2051 2211
f 2051 2057 2211
f 2206 2205 2212
f 2058 2213 2059
f 2058 2214 2213
f 2053 2214 2058
f 2053 2215 2214
f 2053 2207 2215
f 2208 2215 2207
f 2209 2216 2210
f 2216 2209 2054
f 2216 2054 2217
f 2217 2054 2060
f 2062 2061 2218
f 2219 2062 2218
f 2219 2220 2062
f 2220 2063 2062
f 2211 2057 2063
f 2220 2211 2063
f 2213 2221 2065
f 2059 2213 2065
f 2222 2213 2214
f 2221 2213 2222
f 2223 2060 2066
f 2223 2224 2060
f 2224 2217 2060
f 2066 1721 2225
f 2223 2066 2225
f 1721 2067 2225
f 3222 2226 2068
f 2218 1903 2227
f 2218 2061 1903
f 2219 2218 2227
f 2221 2228 2229
f 2221 2229 2065
f 2065 2229 2074
f 2222 2228 2221
f 2223 2230 2224
f 2225 2230 2223
f 2231 2230 2225
f 2067 2231 2225
f 2067 2075 2231
f 2075 2232 2231
f 2226 2075 2068
f 2232 2075 2226
f 2077 2233 2234
f 2076 2233 2077
f 2235 2234 2236
f 2235 2078 2234
f 2078 2077 2234
f 2078 2237 2079
f 2235 2237 2078
f 2079 2238 2080
f 2237 2238 2079
f 2080 2239 2081
f 2238 2239 2080
f 2240 2081 2239
f 2240 2241 2081
f 2241 1913 2081
f 2082 1913 2396
f 1913 2241 2396
f 2083 2082 2242
f 2082 2396 2242
f 2243 2242 2244
f 2243 2084 2242
f 2084 2083 2242
f 2084 2245 2085
f 2243 2245 2084
f 2085 2246 2086
f 2245 2246 2085
f 2086 2247 2087
f 2246 2247 2086
f 2087 2248 2088
f 2247 2248 2087
f 2088 2249 2089
f 2248 2249 2088
f 2250 2089 2249
f 2250 1920 2089
f 2092 2251 2091
f 2092 2252 2251
f 2092 2074 2252
f 2074 2229 2252
f 2253 2076 2093
f 2253 2254 2076
f 2254 2233 2076
f 2236 2255 2235
f 2253 2093 2094
f 2237 2235 2255
f 2256 2237 2255
f 2238 2237 2256
f 2257 2238 2256
f 2239 2238 2257
f 2258 2239 2257
f 2240 2239 2258
f 2243 2244 2259
f 2245 2243 2259
f 2260 2245 2259
f 2246 2245 2260
f 2247 2246 2260
f 2261 2247 2260
f 2248 2247 2261
f 2262 2248 2261
f 2249 2248 2262
f 2263 2249 2262
f 2250 2249 2263
f 2098 2264 2097
f 2098 2265 2264
f 2091 2265 2098
f 2091 2266 2265
f 2091 2251 2266
f 2252 2266 2251
f 2267 2254 2253
f 2094 2099 2253
f 2097 2268 1926
f 2097 2269 2268
f 2097 2264 2269
f 2265 2269 2264
f 2270 2267 2253
f 2271 2267 2270
f 2099 2101 2270
f 2253 2099 2270
f 2270 2272 2271
f 2101 2272 2270
f 2101 2102 2272
f 2102 2273 2272
f 2273 2102 2104
f 2274 2273 2104
f 2105 2275 1936
f 2105 2106 2276
f 2275 2105 2276
f 1926 2276 2106
f 1926 2277 2276
f 2104 2278 2274
f 2107 2278 2104
f 2107 2108 2278
f 1936 2275 2279
f 2276 2279 2275
f 2109 2280 2108
f 2281 2280 2109
f 1940 2281 2109
f 1940 2111 2281
f 2111 2112 2281
f 2112 2113 2282
f 2283 2282 2113
f 2283 2113 2284
f 2284 2113 2114
f 2115 2285 2114
f 2114 2285 2284
f 2116 2285 2115
f 1936 2286 2116
f 2286 2285 2116
f 2288 2287 2112
f 2282 2288 2112
f 2289 2288 2282
f 2283 2289 2282
f 2119 2118 2290
f 2119 2296 2120
f 2290 2296 2119
f 2120 2296 2121
f 2121 2296 2122
f 2122 2296 2123
f 2123 2296 2124
f 2124 2291 2125
f 2296 2291 2124
f 2125 2292 2126
f 2291 2292 2125
f 2126 2292 2127
f 2130 2129 2293
f 2130 2293 2294
f 2118 2130 2294
f 2118 2294 2295
f 2118 2295 2290
f 2296 2290 2295
f 2297 2291 2296
f 2297 2298 2299
f 2297 2299 2291
f 2291 2299 2292
f 2127 2299 2132
f 2292 2299 2127
f 2136 2135 2300
f 2136 2300 2301
f 2129 2136 2301
f 2129 2301 2302
f 2129 2302 2293
f 2294 2293 2302
f 2303 2299 2298
f 2304 2303 2298
f 2132 2305 2137
f 2132 2299 2305
f 2299 2303 2305
f 2137 2305 2138
f 2142 2141 2306
f 2306 2143 2142
f 2307 2308 2143
f 2308 2144 2143
f 2300 2135 2144
f 2300 2144 2309
f 2309 2144 2308
f 2301 2300 2309
f 2303 2304 2310
f 2310 2311 2312
f 2310 2312 2303
f 2303 2312 2305
f 2138 2313 2145
f 2138 2305 2313
f 2305 2312 2313
f 2145 2313 2146
f 2306 2314 2315
f 2306 2141 2314
f 2141 2150 2314
f 2143 2306 2315
f 2316 2143 2315
f 2307 2143 2316
f 2317 2312 2311
f 2318 2317 2311
f 2313 2312 2319
f 2319 2312 2317
f 2146 2320 2147
f 2146 2313 2320
f 2313 2319 2320
f 2147 2320 2151
f 2153 2152 2330
f 2153 2330 2154
f 2321 2322 2154
f 2322 2155 2154
f 2156 2155 2323
f 2155 2322 2323
f 2314 2150 2156
f 2323 2314 2156
f 2317 2318 2324
f 2319 2317 2324
f 2325 2319 2324
f 2320 2319 2325
f 2326 2320 2325
f 2327 2326 2328
f 2157 2326 2327
f 2157 2320 2326
f 2157 2151 2320
f 2157 2327 2158
f 2160 2329 2161
f 2330 2152 2161
f 2330 2161 2329
f 2331 2154 2330
f 2321 2154 2331
f 2327 2328 2332
f 2332 2158 2327
f 2163 2333 2334
f 1996 2333 2163
f 2164 2163 2335
f 2163 2334 2335
f 2329 2160 2164
f 2335 2329 2164
f 2336 2165 2162
f 2336 2162 2337
f 2337 2162 2158
f 2165 2336 2166
f 1996 1209 2333
f 2333 1209 2338
f 2336 2337 2339
f 2339 2166 2336
f 2339 2340 2166
f 2340 2193 2166
f 2341 2342 2338
f 2341 2338 2167
f 2167 2338 1209
f 2169 2342 2341
f 2169 2168 2342
f 2167 2169 2341
f 1341 2344 2345
f 2170 1341 2345
f 1341 2346 2344
f 1341 2347 2346
f 1341 2348 2347
f 2171 2349 1341
f 1341 2349 2348
f 2349 2171 2172
f 2350 2349 2172
f 2351 2173 2343
f 2343 2173 2193
f 2351 2352 2173
f 2353 2172 2174
f 2353 2354 2172
f 2354 2350 2172
f 2174 2175 2353
f 2363 2173 2352
f 2353 2355 2354
f 2175 2355 2353
f 2175 2176 2355
f 2176 2356 2355
f 2356 2176 2177
f 2357 2356 2177
f 2179 2358 2180
f 2182 2358 2179
f 2184 2359 2182
f 2182 2359 2358
f 2186 2359 2184
f 2173 2363 2193
f 2345 2360 2191
f 2177 2023 2357
f 2192 2361 2527
f 2361 2192 2180
f 2364 2190 2194
f 2364 2365 2190
f 2365 2342 2190
f 2194 2195 2364
f 2191 2360 3222
f 2196 2191 3222
f 3222 2198 2196
f 2199 2366 2023
f 2199 2527 2366
f 2362 2188 2369
f 2364 2367 2365
f 2367 2364 2195
f 2367 2195 2368
f 2368 2195 1209
f 2363 2370 2193
f 2198 3222 2202
f 2188 2204 2369
f 2370 2371 2193
f 2204 2206 2369
f 2369 2206 2372
f 2193 2371 2208
f 2371 2373 2208
f 1209 2210 2374
f 2212 2375 2376
f 2211 2375 2212
f 2372 2206 2212
f 2376 2372 2212
f 2215 2377 2214
f 2215 2378 2377
f 2215 2208 2378
f 2208 2373 2378
f 2210 3459 2374
f 2216 3459 2210
f 3459 2216 2217
f 2220 2379 2380
f 2219 2379 2220
f 2375 2211 2220
f 2380 2375 2220
f 2377 2381 2382
f 2377 2382 2214
f 2214 2382 2222
f 2378 2381 2377
f 2217 2224 3459
f 3459 2224 2383
f 3222 2384 2226
f 2227 2385 2386
f 1903 2385 2227
f 2379 2219 2227
f 2386 2379 2227
f 2228 2387 2229
f 2228 2388 2387
f 2228 2222 2388
f 2222 2382 2388
f 2224 2389 2383
f 2230 2389 2224
f 2231 2390 2230
f 2230 2390 2389
f 2391 2392 2390
f 2391 2390 2232
f 2232 2390 2231
f 2393 2226 2384
f 2393 2391 2226
f 2393 2394 2391
f 2391 2232 2226
f 2394 2234 2233
f 2394 2393 2234
f 2395 2236 2234
f 2241 2256 2396
f 2240 2256 2241
f 2242 2396 2397
f 2397 2244 2242
f 2398 2244 2397
f 1920 2399 2400
f 2250 2399 1920
f 2385 1903 1920
f 2400 2385 1920
f 2387 2401 2402
f 2387 2402 2229
f 2229 2402 2252
f 2388 2401 2387
f 2403 2392 2391
f 2404 2392 2403
f 2394 2405 2391
f 2405 2403 2391
f 2233 2254 2405
f 2394 2233 2405
f 2236 2395 2406
f 2255 2236 2406
f 2255 2406 2256
f 2258 2257 2256
f 2256 2240 2258
f 2244 2398 2407
f 2259 2244 2407
f 2408 2407 2409
f 2408 2260 2407
f 2260 2259 2407
f 2408 2410 2260
f 2260 2411 2261
f 2410 2411 2260
f 2571 2261 2411
f 2571 2412 2261
f 2412 2262 2261
f 2263 2262 2413
f 2262 2412 2413
f 2399 2250 2263
f 2413 2399 2263
f 2266 2414 2265
f 2266 2415 2414
f 2266 2252 2415
f 2252 2402 2415
f 2416 2404 2403
f 2417 2404 2416
f 2405 2418 2403
f 2418 2416 2403
f 2254 2267 2418
f 2405 2254 2418
f 2408 2409 2419
f 2410 2408 2419
f 2420 2410 2419
f 2411 2410 2420
f 2421 2411 2420
f 2571 2411 2421
f 2269 2422 2423
f 2268 2269 2423
f 2414 2269 2265
f 2414 2424 2269
f 2424 2422 2269
f 2415 2424 2414
f 2416 2425 2417
f 2418 2425 2416
f 2426 2425 2418
f 2426 2418 2267
f 2426 2267 2427
f 2427 2267 2271
f 1926 2268 2428
f 2268 2423 2428
f 2271 2429 2427
f 2272 2429 2271
f 2430 2431 2429
f 2430 2429 2273
f 2273 2429 2272
f 2273 2274 2430
f 2277 2432 2433
f 2276 2277 2433
f 1926 2434 2277
f 2434 2432 2277
f 2428 2434 1926
f 2430 2435 2431
f 2274 2435 2430
f 2274 2278 2435
f 2278 2108 2435
f 1936 2279 2436
f 2436 2279 2276
f 2436 2276 2433
f 2108 2280 2437
f 2280 2112 2437
f 2281 2112 2280
f 2284 2438 2283
f 2284 2285 2445
f 2438 2284 2445
f 2445 2285 2595
f 2595 2285 2286
f 1936 2439 2286
f 2439 2595 2286
f 2112 2287 2440
f 2287 2441 2440
f 2288 2442 2287
f 2287 2442 2441
f 2289 2443 2288
f 2288 2443 2442
f 2438 2289 2283
f 2438 2444 2289
f 2444 2443 2289
f 2445 2444 2438
f 2295 2294 2446
f 2446 2296 2295
f 2296 2447 2448
f 2296 2448 2449
f 2450 2449 2451
f 2450 2297 2449
f 2297 2296 2449
f 2297 2450 2298
f 2302 2301 2452
f 2302 2452 2453
f 2294 2302 2453
f 2294 2453 2454
f 2294 2454 2446
f 2296 2446 2454
f 2455 2296 2454
f 2456 2296 2455
f 2457 2450 2451
f 2458 2457 2451
f 2298 2457 2304
f 2450 2457 2298
f 2308 2307 2459
f 2460 2308 2459
f 2460 2461 2308
f 2461 2309 2308
f 2452 2301 2309
f 2452 2309 2462
f 2462 2309 2461
f 2453 2452 2462
f 2457 2458 2463
f 2464 2463 2465
f 2310 2463 2464
f 2310 2457 2463
f 2310 2304 2457
f 2310 2464 2311
f 2315 2314 2466
f 2467 2315 2466
f 2467 2468 2315
f 2468 2316 2315
f 2459 2307 2316
f 2459 2316 2469
f 2469 2316 2468
f 2460 2459 2469
f 2464 2465 2470
f 2470 2311 2464
f 2470 2471 2311
f 2471 2318 2311
f 2322 2321 2472
f 2473 2322 2472
f 2473 2474 2322
f 2474 2323 2322
f 2466 2314 2323
f 2466 2323 2475
f 2475 2323 2474
f 2467 2466 2475
f 2318 2471 2476
f 2324 2318 2476
f 2477 2476 2478
f 2477 2325 2476
f 2325 2324 2476
f 2325 2479 2326
f 2477 2479 2325
f 2326 2479 2328
f 2480 2330 2329
f 2481 2482 2330
f 2330 2482 2483
f 2331 2330 2484
f 2330 2483 2484
f 2472 2321 2331
f 2472 2331 2485
f 2485 2331 2484
f 2473 2472 2485
f 2477 2478 2486
f 2479 2477 2486
f 2487 2479 2486
f 2488 2487 2489
f 2332 2487 2488
f 2332 2479 2487
f 2332 2328 2479
f 2332 2488 2158
f 2490 2491 2334
f 2491 2335 2334
f 2480 2329 2335
f 2480 2335 2492
f 2492 2335 2491
f 2330 2480 2492
f 2493 2330 2492
f 2481 2330 2493
f 2488 2489 2494
f 2494 2158 2488
f 2494 2495 2158
f 2495 2337 2158
f 2334 2496 2497
f 2334 2333 2496
f 2333 2338 2496
f 2490 2334 2497
f 2337 2495 2498
f 2339 2337 2498
f 2498 2340 2339
f 2499 2340 2498
f 2496 2338 2342
f 2340 2499 2193
f 2501 2502 2343
f 2501 2343 2500
f 2500 2343 2193
f 2501 2503 2502
f 2344 2504 2345
f 2344 2346 2505
f 2504 2344 2505
f 2346 2347 2506
f 2505 2346 2506
f 2347 2348 2507
f 2506 2347 2507
f 2348 2349 2508
f 2507 2348 2508
f 2349 2350 2508
f 2343 2502 2351
f 2502 2352 2351
f 2502 2503 2352
f 2503 2822 2352
f 2504 2509 2345
f 2505 2509 2504
f 2506 2509 2505
f 2507 2509 2506
f 2510 2509 2507
f 2510 2511 2512
f 2510 2507 2511
f 2507 2508 2511
f 2350 2354 2511
f 2508 2350 2511
f 2352 2822 2363
f 2511 2513 2512
f 2514 2515 2513
f 2355 2514 2513
f 2355 2513 2511
f 2355 2511 2354
f 2355 2356 2516
f 2514 2355 2516
f 2356 2357 2516
f 2180 2358 2517
f 2518 2359 2188
f 2345 2519 2360
f 2514 2520 2515
f 2520 2521 2522
f 2520 2514 2521
f 2514 2516 2521
f 2357 2023 2521
f 2516 2357 2521
f 2361 2523 2527
f 2517 2361 2180
f 2523 2361 2517
f 2524 2362 2528
f 2524 2518 2362
f 2518 2188 2362
f 2342 2365 2525
f 2360 2519 3222
f 2521 2526 2522
f 2023 2526 2521
f 2023 2366 2526
f 2366 2527 2526
f 2362 2369 2528
f 2365 2529 2525
f 2367 2529 2365
f 2529 2367 2368
f 2530 2529 2368
f 2363 2531 2370
f 2363 2532 2531
f 2368 1209 2530
f 2533 2528 2369
f 2531 2534 2371
f 2370 2531 2371
f 2535 2531 2532
f 2534 2531 2535
f 2369 2536 2537
f 2369 2372 2536
f 2533 2369 2537
f 2534 2538 2539
f 2534 2539 2371
f 2371 2539 2373
f 2535 2538 2534
f 1209 2374 2540
f 2375 2541 2376
f 2536 2372 2376
f 2373 2539 2378
f 2539 2542 2378
f 2374 3459 2540
f 2380 2379 2544
f 2380 2544 2545
f 2380 2545 2375
f 2375 2545 2541
f 2381 2546 2382
f 2381 2547 2546
f 2381 2378 2547
f 2378 2542 2547
f 2548 2549 2384
f 2548 2384 2543
f 2543 2384 3222
f 2548 2550 2549
f 2386 2385 2551
f 2386 2551 2552
f 2379 2386 2552
f 2379 2552 2553
f 2379 2553 2544
f 2545 2544 2553
f 2546 2554 2555
f 2546 2555 2382
f 2382 2555 2388
f 2547 2554 2546
f 2556 2383 2389
f 2556 2557 2383
f 2557 3459 2383
f 2389 2390 2558
f 2556 2389 2558
f 2390 2392 2558
f 2384 2549 2393
f 2549 2550 2707
f 2549 2707 2393
f 2393 2707 2234
f 2707 2395 2234
f 2559 2395 2707
f 2397 2396 2560
f 2560 2398 2397
f 2561 2398 2560
f 2400 2399 2562
f 2400 2562 2563
f 2385 2400 2563
f 2385 2563 2564
f 2385 2564 2551
f 2552 2551 2564
f 2401 2565 2566
f 2402 2401 2566
f 2555 2401 2388
f 2565 2401 2555
f 2556 2568 2557
f 2568 2556 2567
f 2556 2558 2567
f 2392 2404 2567
f 2558 2392 2567
f 2395 2559 2569
f 2406 2395 2569
f 2256 2406 2570
f 2406 2569 2570
f 2407 2398 2409
f 2571 2572 2412
f 2572 2413 2412
f 2562 2399 2413
f 2562 2413 2573
f 2573 2413 2572
f 2563 2562 2573
f 2402 2566 2415
f 2566 2574 2415
f 2568 2567 2404
f 2568 2404 2575
f 2575 2404 2417
f 2419 2398 2576
f 2419 2409 2398
f 2419 2577 2420
f 2576 2577 2419
f 2420 2578 2421
f 2577 2578 2420
f 2421 2578 2571
f 2422 2574 2423
f 2574 2422 2579
f 2579 2422 2424
f 2574 2424 2415
f 2579 2424 2574
f 2417 2580 2575
f 2425 2580 2417
f 2426 2581 2425
f 2425 2581 2580
f 2581 2426 2427
f 2582 2581 2427
f 2576 2398 2741
f 2577 2576 2741
f 2578 2577 2741
f 2583 2578 2741
f 2571 2578 2583
f 2574 2584 2423
f 2423 2584 2428
f 2427 2585 2582
f 2429 2585 2427
f 2585 2429 2431
f 2586 2585 2431
f 2432 2587 2433
f 2588 2587 2432
f 2588 2432 2589
f 2589 2432 2434
f 2584 2434 2428
f 2589 2434 2584
f 2431 2590 2586
f 2435 2590 2431
f 2108 2591 2590
f 2108 2590 2435
f 2436 2592 1936
f 2433 2592 2436
f 2433 2593 2592
f 2433 2587 2593
f 2588 2593 2587
f 2108 2594 2591
f 2108 2437 2594
f 2437 2112 2594
f 1936 2596 2439
f 2596 2595 2439
f 2592 2596 1936
f 2112 2440 2597
f 2440 2598 2597
f 2441 2599 2440
f 2440 2599 2598
f 2442 2600 2441
f 2441 2600 2599
f 2443 2601 2442
f 2442 2601 2600
f 2444 2602 2443
f 2443 2602 2601
f 2445 2603 2444
f 2444 2603 2602
f 2447 2296 2604
f 2447 2605 2448
f 2604 2605 2447
f 2448 2606 2449
f 2605 2606 2448
f 2449 2606 2451
f 2454 2453 2607
f 2608 2454 2607
f 2608 2609 2454
f 2609 2455 2454
f 2456 2455 2610
f 2455 2609 2610
f 2604 2296 2456
f 2604 2456 2611
f 2611 2456 2610
f 2605 2604 2611
f 2612 2605 2611
f 2606 2605 2612
f 2613 2606 2612
f 2613 2451 2606
f 2613 2614 2451
f 2614 2458 2451
f 2461 2460 2615
f 2616 2461 2615
f 2616 2617 2461
f 2617 2462 2461
f 2607 2453 2462
f 2607 2462 2618
f 2618 2462 2617
f 2608 2607 2618
f 2619 2463 2458
f 2619 2458 2620
f 2620 2458 2614
f 2463 2619 2465
f 2468 2621 2622
f 2467 2621 2468
f 2469 2468 2623
f 2468 2622 2623
f 2615 2460 2469
f 2615 2469 2624
f 2624 2469 2623
f 2616 2615 2624
f 2619 2620 2625
f 2626 2625 2627
f 2470 2625 2626
f 2470 2619 2625
f 2470 2465 2619
f 2470 2626 2471
f 2474 2473 2628
f 2629 2474 2628
f 2629 2630 2474
f 2630 2475 2474
f 2621 2467 2475
f 2630 2621 2475
f 2626 2627 2631
f 2632 2631 2633
f 2476 2631 2632
f 2476 2626 2631
f 2476 2471 2626
f 2476 2632 2478
f 2482 2481 2634
f 2482 2635 2483
f 2634 2635 2482
f 2483 2636 2484
f 2635 2636 2483
f 2637 2484 2636
f 2637 3172 2484
f 3172 2485 2484
f 2628 2473 2485
f 2628 2485 2638
f 2638 2485 3172
f 2629 2628 2638
f 2639 2632 2633
f 2640 2639 2633
f 2478 2641 2486
f 2478 2632 2641
f 2632 2639 2641
f 2486 2642 2487
f 2641 2642 2486
f 2487 2642 2489
f 2491 2643 2644
f 2490 2643 2491
f 2492 2491 2645
f 2491 2644 2645
f 2493 2492 2645
f 2634 2481 2493
f 2634 2493 2635
f 2635 2493 2645
f 2646 2636 2635
f 2637 2636 2646
f 2639 2640 2647
f 2641 2639 2647
f 2648 2641 2647
f 2642 2641 2648
f 2649 2642 2648
f 2650 2649 2651
f 2494 2649 2650
f 2494 2642 2649
f 2494 2489 2642
f 2494 2650 2495
f 2497 2652 2653
f 2496 2652 2497
f 2643 2490 2497
f 2653 2643 2497
f 2650 2651 2654
f 2495 2650 2654
f 2495 2654 2498
f 2498 2654 2655
f 2655 2499 2498
f 2656 2499 2655
f 2342 2657 2658
f 2652 2496 2342
f 2658 2652 2342
f 2499 2656 2193
f 2822 2503 2501
f 2509 2659 2660
f 2345 2509 2660
f 2509 2661 2659
f 2509 2662 2661
f 2510 2663 2509
f 2509 2663 2662
f 2663 2510 2512
f 2664 2663 2512
f 2660 2665 2345
f 2512 2666 2664
f 2513 2666 2512
f 2666 2513 2515
f 2358 2667 2517
f 2358 2359 2667
f 2667 2359 2668
f 2359 2518 2668
f 2345 2665 2519
f 2520 2669 2515
f 2669 2520 2522
f 2523 2670 2527
f 2667 2523 2517
f 2667 2671 2523
f 2671 2670 2523
f 2672 2671 2667
f 2673 2672 2667
f 2674 2673 2667
f 2668 2674 2667
f 2675 2674 2668
f 2518 2675 2668
f 2518 2524 2675
f 2524 2676 2675
f 2676 2524 2528
f 2342 2525 2677
f 2519 2665 2678
f 3222 2519 2678
f 2679 3222 2678
f 2526 2680 2522
f 2526 2527 2680
f 2525 2681 2677
f 2529 2681 2525
f 2681 2529 2530
f 2682 2681 2530
f 2530 1209 2682
f 2528 2533 2683
f 2532 2363 2535
f 2537 2684 2685
f 2536 2684 2537
f 2683 2533 2537
f 2685 2683 2537
f 2538 2686 2539
f 2538 2687 2686
f 2538 2535 2687
f 2535 2363 2687
f 1209 2540 2688
f 2376 2541 2690
f 2376 2690 2691
f 2376 2691 2536
f 2536 2691 2684
f 2686 2692 2542
f 2539 2686 2542
f 2693 2686 2687
f 2692 2686 2693
f 2540 3459 2688
f 2694 2695 2543
f 2694 2543 2689
f 2689 2543 3222
f 2694 2696 2695
f 2690 2545 2697
f 2541 2545 2690
f 2698 2691 2690
f 2697 2698 2690
f 2692 2699 2700
f 2692 2700 2542
f 2542 2700 2547
f 2693 2699 2692
f 2543 2695 2548
f 2695 2550 2548
f 2695 2696 2550
f 2696 2701 2550
f 2553 2552 2702
f 2553 2702 2703
f 2545 2553 2703
f 2545 2703 2704
f 2545 2704 2697
f 2698 2697 2704
f 2554 2705 2555
f 2554 2706 2705
f 2554 2547 2706
f 2547 2700 2706
f 2550 2701 2707
f 2708 2559 2707
f 2709 2710 2396
f 2396 2711 2560
f 2710 2711 2396
f 2560 2711 2561
f 2564 2563 2712
f 2564 2712 2713
f 2552 2564 2713
f 2552 2713 2714
f 2552 2714 2702
f 2703 2702 2714
f 2565 2715 2716
f 2566 2565 2716
f 2705 2565 2555
f 2705 2717 2565
f 2717 2715 2565
f 2706 2717 2705
f 2559 2708 2718
f 2569 2559 2718
f 2719 2718 2720
f 2719 2570 2718
f 2570 2569 2718
f 2570 2721 2256
f 2719 2721 2570
f 2721 2722 2256
f 2396 2256 2723
f 2396 2723 2709
f 2710 2709 2723
f 2724 2710 2723
f 2711 2710 2724
f 2725 2711 2724
f 2725 2561 2711
f 2725 2726 2561
f 2726 2398 2561
f 2572 2727 2728
f 2571 2727 2572
f 2573 2572 2729
f 2572 2728 2729
f 2712 2563 2573
f 2712 2573 2730
f 2730 2573 2729
f 2713 2712 2730
f 2566 2716 2574
f 2731 2568 2575
f 2732 2731 2575
f 2719 2720 2733
f 2721 2719 2733
f 2734 2721 2733
f 2722 2721 2734
f 2735 2722 2734
f 2256 2722 2735
f 2736 2398 2726
f 2571 2741 2737
f 2737 2727 2571
f 2575 2738 2732
f 2580 2738 2575
f 2739 2905 2738
f 2739 2738 2581
f 2581 2738 2580
f 2581 2582 2739
f 2398 2736 2740
f 2398 2740 2741
f 2741 2571 2583
f 2574 2743 2742
f 2739 2744 2905
f 2745 2746 2744
f 2585 2745 2744
f 2585 2744 2739
f 2585 2739 2582
f 2585 2586 2745
f 2589 2747 2588
f 2589 2748 2747
f 2584 2748 2589
f 2584 2749 2748
f 2584 2574 2749
f 2742 2749 2574
f 2745 2750 2746
f 2586 2750 2745
f 2586 2590 2750
f 2590 2751 2750
f 2751 2590 2591
f 2752 2751 2591
f 2593 2753 2754
f 2592 2593 2754
f 2747 2593 2588
f 2747 2755 2593
f 2755 2753 2593
f 2748 2755 2747
f 2591 2756 2752
f 2594 2756 2591
f 2112 2757 2594
f 2594 2757 2756
f 2112 2758 2757
f 2759 2595 2596
f 2754 2596 2592
f 2759 2596 2754
f 2112 2760 2758
f 2112 2597 2760
f 2597 2761 2760
f 2762 2763 2761
f 2762 2761 2598
f 2598 2761 2597
f 2598 2599 2764
f 2762 2598 2764
f 2599 2600 2764
f 2600 2601 2764
f 2601 2602 2764
f 2602 2603 2764
f 2764 2603 2765
f 2765 2603 2445
f 2445 2766 2765
f 2767 2766 2445
f 2595 2767 2445
f 2762 2768 2763
f 2764 2768 2762
f 2609 2608 2770
f 2609 2771 2610
f 2770 2771 2609
f 2610 2772 2611
f 2771 2772 2610
f 2611 2773 2612
f 2772 2773 2611
f 2612 2774 2613
f 2773 2774 2612
f 2613 2774 2614
f 2617 2616 2775
f 2776 2617 2775
f 2776 2777 2617
f 2777 2618 2617
f 2770 2608 2618
f 2770 2618 2778
f 2778 2618 2777
f 2771 2770 2778
f 2779 2771 2778
f 2772 2771 2779
f 2780 2772 2779
f 2780 2781 2782
f 2780 2782 2772
f 2772 2782 2773
f 2774 2773 2783
f 2783 2773 2782
f 2614 2783 2620
f 2774 2783 2614
f 2622 2621 2784
f 2622 2785 2623
f 2784 2785 2622
f 2786 2623 2785
f 2775 2616 2624
f 2776 2775 2624
f 2782 2781 2787
f 2783 2782 2787
f 2788 2783 2787
f 2789 2788 2790
f 2625 2788 2789
f 2625 2783 2788
f 2625 2620 2783
f 2625 2789 2627
f 2630 2629 2791
f 2630 2791 2792
f 2621 2630 2792
f 2621 2792 2793
f 2621 2793 2784
f 2785 2784 2793
f 2794 2785 2793
f 2786 2785 2794
f 2789 2790 2963
f 2627 2789 2963
f 2627 2963 2631
f 2631 2963 2795
f 2795 2633 2631
f 2796 2633 2795
f 3172 2637 2797
f 2798 3172 2797
f 2791 2629 2638
f 2791 2638 2799
f 2799 2638 3172
f 2792 2791 2799
f 2633 2796 2640
f 2796 2800 2640
f 2644 2643 2801
f 2802 2644 2801
f 2802 2645 2644
f 2635 2645 2803
f 2797 2637 2646
f 2797 2646 2804
f 2804 2646 2635
f 2798 2797 2804
f 2640 2800 2805
f 2647 2640 2805
f 2648 2647 2806
f 2647 2805 2806
f 2807 2806 2808
f 2807 2649 2806
f 2649 2648 2806
f 2649 2807 2651
f 2653 2809 2810
f 2652 2809 2653
f 2801 2643 2653
f 2801 2653 2811
f 2811 2653 2810
f 2802 2801 2811
f 2807 2808 2812
f 2651 2807 2812
f 2651 2812 2654
f 2654 2812 2813
f 2814 2813 2815
f 2814 2655 2813
f 2655 2654 2813
f 2655 2814 2656
f 2658 2657 2816
f 2658 2816 2817
f 2658 2817 2652
f 2652 2817 2809
f 2814 2815 2818
f 2818 2656 2814
f 2818 2819 2656
f 2819 2193 2656
f 2816 2820 2817
f 2816 2657 2820
f 2657 2342 2820
f 2193 2819 2500
f 2501 2500 2821
f 2821 2822 2501
f 2823 2342 2824
f 2659 2825 2660
f 2659 2661 2826
f 2825 2659 2826
f 2661 2662 2827
f 2826 2661 2827
f 2662 2663 2828
f 2827 2662 2828
f 2663 2664 2828
f 2825 2829 2665
f 2660 2825 2665
f 2830 2826 2831
f 2830 2829 2826
f 2829 2825 2826
f 2827 2831 2826
f 2832 2831 2827
f 2828 2832 2827
f 2833 2832 2828
f 2664 2833 2828
f 2664 2666 2833
f 2666 2834 2833
f 2834 2666 2515
f 2835 2834 2515
f 2829 2836 2665
f 2837 2829 2830
f 2836 2829 2837
f 2515 2838 2835
f 2669 2838 2515
f 2838 2669 2522
f 2839 2838 2522
f 2670 2840 2841
f 2527 2670 2841
f 2671 2842 2670
f 2670 2842 2840
f 2672 2843 2671
f 2671 2843 2842
f 2673 2844 2672
f 2672 2844 2843
f 2674 2845 2673
f 2673 2845 2844
f 2675 2846 2674
f 2674 2846 2845
f 2676 2847 2675
f 2675 2847 2846
f 2847 2676 2528
f 2848 2847 2528
f 2665 2836 2678
f 2836 2679 2678
f 2836 2837 2679
f 2837 3222 2679
f 2522 2850 2839
f 2680 2850 2522
f 2527 2851 2680
f 2680 2851 2850
f 2527 2853 2852
f 2853 2527 2841
f 2854 2677 2681
f 2854 2855 2677
f 2855 2342 2677
f 2681 2682 2854
f 2849 2856 2363
f 2854 2857 2855
f 2857 2854 2682
f 2857 2682 2858
f 2858 2682 1209
f 2685 2684 2859
f 2685 2859 2860
f 2685 2860 2683
f 1209 2688 2861
f 3222 3060 2689
f 2859 2691 2862
f 2684 2691 2859
f 2863 2860 2859
f 2862 2863 2859
f 2687 2363 2693
f 2363 2864 2693
f 2688 3459 2861
f 2689 3060 2865
f 2694 2689 2865
f 2865 2696 2694
f 3263 2696 2865
f 2862 2698 2866
f 2691 2698 2862
f 2867 2863 2862
f 2866 2867 2862
f 2699 2868 2700
f 2864 2699 2693
f 2868 2699 2864
f 2696 3263 2701
f 3263 2869 2701
f 2704 2870 2871
f 2703 2870 2704
f 2866 2698 2704
f 2866 2704 2872
f 2872 2704 2871
f 2867 2866 2872
f 2700 2873 2706
f 3459 2557 4277
f 2701 2869 2707
f 2874 2708 2707
f 2714 2875 2876
f 2713 2875 2714
f 2870 2703 2714
f 2876 2870 2714
f 2715 2877 2878
f 2716 2715 2878
f 2717 2879 2715
f 2715 2879 2877
f 2873 2717 2706
f 2879 2717 2873
f 2557 2568 4277
f 2708 2874 2880
f 2718 2708 2880
f 2880 2720 2718
f 2881 2720 2880
f 2723 2256 2882
f 2723 2883 2724
f 2882 2883 2723
f 2724 2884 2725
f 2883 2884 2724
f 2725 2884 2726
f 2728 2727 2885
f 2728 2886 2729
f 2885 2886 2728
f 2887 2729 2886
f 2887 2888 2729
f 2888 2730 2729
f 2875 2713 2730
f 2888 2875 2730
f 2716 2878 2574
f 2878 2889 2574
f 2731 2890 2568
f 2890 2731 2732
f 2891 2890 2732
f 2720 2881 2892
f 2733 2720 2892
f 2734 2733 2893
f 2733 2892 2893
f 2735 2734 2894
f 2734 2893 2894
f 2882 2256 2735
f 2882 2735 2895
f 2895 2735 2894
f 2883 2882 2895
f 2896 2883 2895
f 2884 2883 2896
f 2897 2884 2896
f 2897 2726 2884
f 2897 2898 2726
f 2898 2736 2726
f 2737 2741 2899
f 2737 2899 2900
f 2727 2737 2900
f 2727 2900 2901
f 2727 2901 2885
f 2886 2885 2901
f 2902 2886 2901
f 2887 2886 2902
f 2889 2903 2574
f 2732 2904 2891
f 2738 2904 2732
f 2904 2738 2905
f 2736 2898 2906
f 2740 2736 2906
f 2740 2906 2741
f 2899 2741 2907
f 2900 2899 2907
f 2743 2908 2742
f 2743 2909 2908
f 2743 2574 2909
f 2574 2903 2909
f 2905 2744 2746
f 2749 2910 2748
f 2749 2911 2910
f 2742 2911 2749
f 2742 2912 2911
f 2742 2908 2912
f 2909 2912 2908
f 2746 2913 2905
f 2750 2913 2746
f 2914 2915 2913
f 2914 2913 2751
f 2751 2913 2750
f 2751 2752 2914
f 2753 2916 2754
f 2753 2755 2917
f 2916 2753 2917
f 2755 2918 2917
f 2748 2918 2755
f 2748 2919 2918
f 2748 2910 2919
f 2911 2919 2910
f 2914 2920 2915
f 2752 2920 2914
f 2752 2756 2920
f 2756 2921 2920
f 2922 2923 2921
f 2922 2921 2757
f 2757 2921 2756
f 2757 2758 2922
f 2759 2924 2595
f 2759 2925 2924
f 2754 2925 2759
f 2754 2926 2925
f 2754 2916 2926
f 2917 2926 2916
f 2927 2926 2917
f 2918 2927 2917
f 2922 2928 2923
f 2758 2928 2922
f 2758 2760 2928
f 2760 2929 2928
f 2930 2931 2929
f 2930 2929 2761
f 2761 2929 2760
f 2761 2763 2930
f 2765 2932 2764
f 2765 2766 2933
f 2932 2765 2933
f 2934 2933 2766
f 2934 2766 2935
f 2935 2766 2767
f 2924 2767 2595
f 2924 2936 2767
f 2936 2935 2767
f 2925 2936 2924
f 2930 2937 2931
f 2763 2937 2930
f 2763 2768 2937
f 2768 2938 2937
f 2764 2939 2768
f 2768 2939 2938
f 2764 2940 2939
f 2764 2941 2940
f 2764 2942 2941
f 2769 2943 2764
f 2764 2943 2942
f 2932 2769 2764
f 2932 2944 2769
f 2944 2943 2769
f 2933 2944 2932
f 2945 2944 2933
f 2934 2945 2933
f 2777 2776 2946
f 2777 2947 2778
f 2946 2947 2777
f 2778 2948 2779
f 2947 2948 2778
f 2779 2949 2780
f 2948 2949 2779
f 2780 2949 2781
f 2623 2786 2950
f 2951 2623 2950
f 2951 2952 2623
f 2952 2624 2623
f 2946 2776 2624
f 2946 2624 2953
f 2953 2624 2952
f 2947 2946 2953
f 2954 2947 2953
f 2948 2947 2954
f 2955 2948 2954
f 2949 2948 2955
f 2956 2949 2955
f 2781 2949 2956
f 2781 2956 2787
f 2787 2956 2788
f 2957 2788 2958
f 2788 2957 2790
f 2793 2792 2959
f 2960 2793 2959
f 2960 2961 2793
f 2961 2794 2793
f 2950 2786 2794
f 2950 2794 2962
f 2962 2794 2961
f 2951 2950 2962
f 2957 2958 2963
f 2790 2957 2963
f 2796 2964 2965
f 2796 2795 2964
f 2795 2963 2964
f 3172 2798 2966
f 2967 3172 2966
f 2959 2792 2799
f 2959 2799 2968
f 2968 2799 3172
f 2960 2959 2968
f 2969 2796 2965
f 2970 2969 2965
f 2796 2969 2800
f 2645 2802 2971
f 2971 2972 2645
f 2972 2973 2645
f 2645 2974 2803
f 2973 2974 2645
f 2974 2975 2803
f 2975 2635 2803
f 2966 2798 2804
f 2966 2804 2976
f 2976 2804 2635
f 2967 2966 2976
f 2977 2969 2970
f 2978 2977 2970
f 2800 2979 2805
f 2800 2969 2979
f 2969 2977 2979
f 2805 2980 2806
f 2979 2980 2805
f 2806 2980 2808
f 2810 2981 2982
f 2809 2981 2810
f 2811 2810 2983
f 2810 2982 2983
f 2971 2802 2811
f 2971 2811 2984
f 2984 2811 2983
f 2972 2971 2984
f 2985 2972 2984
f 2973 2972 2985
f 2986 2973 2985
f 2974 2973 2986
f 2987 2974 2986
f 2977 2978 2988
f 2979 2977 2988
f 2989 2979 2988
f 2980 2979 2989
f 2990 2980 2989
f 2991 2990 2992
f 2812 2990 2991
f 2812 2980 2990
f 2812 2808 2980
f 2812 2993 2813
f 2991 2993 2812
f 2813 2993 2815
f 2809 2817 2981
f 2991 2992 2994
f 2993 2991 2994
f 2995 2993 2994
f 2815 2993 2995
f 2815 2995 2818
f 2818 2995 2996
f 2996 2819 2818
f 2997 2819 2996
f 2817 2998 3584
f 2820 2998 2817
f 2819 2997 2500
f 2997 2999 2500
f 2820 2342 2998
f 2998 2342 3000
f 3001 3205 3002
f 3001 3003 3205
f 3003 3004 3005
f 3205 3003 3005
f 3005 3004 3006
f 2500 2999 2822
f 2821 2500 2822
f 3212 3000 2823
f 2823 3000 2342
f 3007 3001 3002
f 3008 3007 3002
f 3003 3001 3007
f 3004 3003 3009
f 3009 3003 3007
f 3010 3006 3004
f 3009 3010 3004
f 3212 2823 2824
f 3011 3007 3008
f 3009 3007 3012
f 3013 3010 3009
f 3012 3013 3009
f 3014 3212 2824
f 2831 3015 3016
f 2830 2831 3016
f 2832 3015 2831
f 2833 3015 2832
f 2834 3017 2833
f 2833 3017 3015
f 2835 3018 3007
f 2835 3007 3017
f 2835 3017 2834
f 3017 3007 3011
f 3012 3007 3019
f 3020 3013 3012
f 3019 3020 3012
f 2822 3221 2363
f 2830 3016 2837
f 3016 3222 2837
f 2835 2838 3018
f 2839 3018 2838
f 2839 3021 3018
f 3021 3007 3018
f 3019 3007 3022
f 3022 3007 3021
f 3023 3020 3019
f 3022 3023 3019
f 2840 3024 2841
f 2840 2842 3025
f 3024 2840 3025
f 2842 2843 3026
f 3025 2842 3026
f 2843 2844 3027
f 3026 2843 3027
f 2844 2845 3028
f 3027 2844 3028
f 2845 2846 3029
f 3028 2845 3029
f 2846 2847 3030
f 3029 2846 3030
f 2847 2848 3030
f 3031 3032 2849
f 3031 2849 3221
f 3221 2849 2363
f 3031 3033 3032
f 2839 2850 3021
f 2851 3021 2850
f 3022 3021 2851
f 3022 3034 3023
f 3022 2851 3034
f 2851 2527 3034
f 2527 3036 3035
f 3037 3038 3036
f 3037 3036 2852
f 2852 3036 2527
f 2852 2853 3039
f 3037 2852 3039
f 2853 2841 3024
f 2853 3024 3039
f 3039 3024 3040
f 3041 3025 3042
f 3041 3040 3025
f 3040 3024 3025
f 3026 3042 3025
f 3043 3042 3026
f 3027 3043 3026
f 3044 3043 3027
f 3028 3044 3027
f 3045 3044 3028
f 3029 3045 3028
f 3046 3045 3029
f 3030 3046 3029
f 3047 3046 3030
f 3047 3030 2848
f 3047 2848 3048
f 3048 2848 2528
f 3032 3049 2849
f 3231 3032 3033
f 3049 3032 3231
f 3037 3050 3038
f 3039 3050 3037
f 3051 3050 3039
f 3040 3051 3039
f 3052 3051 3040
f 3041 3052 3040
f 3049 3053 2856
f 2849 3049 2856
f 3053 3049 3231
f 2857 3054 2855
f 3054 2857 2858
f 3055 3054 2858
f 2528 2683 3056
f 3053 3231 3057
f 3053 3057 2856
f 2856 3057 2363
f 2858 1209 3055
f 2683 2860 3056
f 3056 2860 3058
f 1209 2861 3059
f 2860 2863 3058
f 2363 3061 2864
f 2861 3459 3059
f 2863 2867 3058
f 2868 3062 2700
f 3061 2868 2864
f 3062 2868 3061
f 3263 3063 2869
f 2871 2870 3064
f 2871 3065 2872
f 3064 3065 2871
f 2872 3065 3066
f 2872 3066 2867
f 2700 3067 2873
f 2869 3063 2707
f 3068 2874 2707
f 2876 2875 3069
f 2876 3069 3070
f 2870 2876 3070
f 2870 3070 3071
f 2870 3071 3064
f 3065 3064 3071
f 3072 3065 3071
f 3066 3065 3072
f 2877 3073 2878
f 2877 2879 3074
f 3073 2877 3074
f 2879 3075 3074
f 2879 2873 3075
f 2873 3067 3075
f 2874 3068 3076
f 2880 2874 3076
f 3076 2881 2880
f 3077 2881 3076
f 2888 2887 3078
f 2888 3078 3079
f 2875 2888 3079
f 2875 3079 3080
f 2875 3080 3069
f 3070 3069 3080
f 3073 3081 2889
f 2878 3073 2889
f 3074 3082 3073
f 3082 3081 3073
f 3083 3074 3075
f 3082 3074 3083
f 2890 3084 2568
f 3084 2890 2891
f 3480 3084 2891
f 2881 3077 3085
f 2892 2881 3085
f 2893 2892 3086
f 2892 3085 3086
f 3087 3086 3088
f 3087 2894 3086
f 2894 2893 3086
f 2894 3089 2895
f 3087 3089 2894
f 2895 3090 2896
f 3089 3090 2895
f 2896 3091 2897
f 3090 3091 2896
f 2897 3091 2898
f 2901 2900 3092
f 3093 2901 3092
f 3093 3094 2901
f 3094 2902 2901
f 3078 2887 2902
f 3078 2902 3095
f 3095 2902 3094
f 3079 3078 3095
f 3081 3096 2903
f 2889 3081 2903
f 3097 3082 3098
f 3097 3096 3082
f 3096 3081 3082
f 3083 3098 3082
f 2891 3099 3480
f 2904 3099 2891
f 3099 2904 2905
f 3087 3088 3100
f 3089 3087 3100
f 3101 3089 3100
f 3090 3089 3101
f 3102 3090 3101
f 3091 3090 3102
f 3103 3091 3102
f 2898 3091 3103
f 2898 3103 2906
f 2906 3103 3104
f 2741 2906 3105
f 2906 3104 3105
f 2741 3105 3106
f 3092 2900 2907
f 3092 2907 3107
f 3107 2907 2741
f 3093 3092 3107
f 3096 3108 3109
f 3096 3109 2903
f 2903 3109 2909
f 3097 3108 3096
f 2912 3111 2911
f 2912 3112 3111
f 2912 2909 3112
f 2909 3109 3112
f 2905 3113 3110
f 2913 3113 2905
f 3113 2913 2915
f 3114 3113 2915
f 2919 3115 2918
f 2919 3116 3115
f 2911 3116 2919
f 2911 3117 3116
f 2911 3111 3117
f 3112 3117 3111
f 2915 3118 3114
f 2920 3118 2915
f 3119 3120 3118
f 3119 3118 2921
f 2921 3118 2920
f 2921 2923 3119
f 2926 3121 2925
f 2926 2927 3122
f 3121 2926 3122
f 2927 3123 3122
f 2918 3123 2927
f 2918 3115 3123
f 3116 3123 3115
f 3119 3124 3120
f 2923 3124 3119
f 2923 2928 3124
f 2928 3125 3124
f 3126 3127 3125
f 3126 3125 2929
f 2929 3125 2928
f 2929 2931 3126
f 2935 3128 2934
f 2935 2936 3129
f 3128 2935 3129
f 2936 2925 3121
f 2936 3121 3129
f 3129 3121 3130
f 3131 3122 3132
f 3131 3130 3122
f 3130 3121 3122
f 3123 3132 3122
f 3126 3133 3127
f 2931 3133 3126
f 2931 2937 3133
f 2937 3134 3133
f 2938 3135 2937
f 2937 3135 3134
f 3136 3137 3135
f 3136 3135 2939
f 2939 3135 2938
f 2939 2940 3138
f 3136 2939 3138
f 2940 2941 3139
f 3138 2940 3139
f 2941 2942 3140
f 3139 2941 3140
f 2942 2943 3141
f 3140 2942 3141
f 2943 2944 3142
f 3141 2943 3142
f 2944 2945 3143
f 3142 2944 3143
f 2945 3144 3143
f 2934 3144 2945
f 2934 3145 3144
f 2934 3128 3145
f 3129 3145 3128
f 3146 3145 3129
f 3130 3146 3129
f 3147 3146 3130
f 3131 3147 3130
f 3136 3148 3137
f 3138 3148 3136
f 3149 3148 3138
f 3139 3149 3138
f 3150 3149 3139
f 3140 3150 3139
f 3151 3150 3140
f 3141 3151 3140
f 3152 3151 3141
f 3142 3152 3141
f 3153 3152 3142
f 3143 3153 3142
f 3154 3153 3143
f 3144 3154 3143
f 2952 2951 3155
f 3156 2952 3155
f 3156 3157 2952
f 3157 2953 2952
f 2954 2953 3158
f 2953 3157 3158
f 2955 2954 3159
f 2954 3158 3159
f 2956 2955 3160
f 2955 3159 3160
f 3161 3160 3162
f 3161 2788 3160
f 2788 2956 3160
f 2788 3161 2958
f 2961 2960 3163
f 3164 2961 3163
f 3164 3165 2961
f 3165 2962 2961
f 3155 2951 2962
f 3155 2962 3166
f 3166 2962 3165
f 3156 3155 3166
f 3161 3162 2963
f 3167 2963 3168
f 2963 2958 3161
f 2963 3169 2964
f 3167 3169 2963
f 2964 3169 2965
f 3172 2967 3170
f 3171 3172 3170
f 3163 2960 2968
f 3163 2968 3173
f 3173 2968 3172
f 3164 3163 3173
f 3167 3168 3174
f 3174 3175 3176
f 3174 3176 3167
f 3167 3176 3169
f 2965 3176 2970
f 3169 3176 2965
f 2975 2974 3177
f 3178 2975 3177
f 3178 3179 2975
f 3179 2635 2975
f 3170 2967 2976
f 3170 2976 3180
f 3180 2976 2635
f 3171 3170 3180
f 3176 3175 3181
f 3181 2970 3176
f 3181 3182 2970
f 3182 2978 2970
f 2982 3183 3184
f 2981 3183 2982
f 2983 2982 3185
f 2982 3184 3185
f 2984 2983 3186
f 2983 3185 3186
f 2985 2984 3187
f 2984 3186 3187
f 2986 2985 3188
f 2985 3187 3188
f 2987 2986 3189
f 2986 3188 3189
f 3177 2974 2987
f 3177 2987 3190
f 3190 2987 3189
f 3178 3177 3190
f 2978 3182 3191
f 2988 2978 3191
f 2989 2988 3192
f 2988 3191 3192
f 2990 2989 3193
f 2989 3192 3193
f 3193 2992 2990
f 3194 2992 3193
f 2981 2817 3183
f 3183 2817 3195
f 2992 3194 3196
f 2994 2992 3196
f 3197 3196 3198
f 3197 2995 3196
f 2995 2994 3196
f 2995 3199 2996
f 3197 3199 2995
f 2996 3199 2997
f 2998 3200 3584
f 3195 2817 3584
f 3197 3198 3201
f 3199 3197 3201
f 3202 3199 3201
f 3202 2997 3199
f 3202 3203 2997
f 3203 2999 2997
f 2998 3000 3200
f 3200 3000 3204
f 3002 3205 3206
f 3006 3207 3208
f 3006 3208 3005
f 3005 3208 3205
f 3208 3207 3209
f 3210 2822 2999
f 3210 2999 3211
f 3211 2999 3203
f 3204 3000 3212
f 3213 3204 3212
f 3002 3206 3008
f 3206 3214 3008
f 3207 3010 3215
f 3006 3010 3207
f 3216 3209 3207
f 3215 3216 3207
f 3210 3211 3217
f 3217 2822 3210
f 3217 3221 2822
f 3008 3214 3011
f 3214 3218 3011
f 3215 3013 3219
f 3010 3013 3215
f 3220 3216 3215
f 3219 3220 3215
f 3016 3015 3222
f 3017 3224 3015
f 3015 3224 3223
f 3218 3017 3011
f 3224 3017 3218
f 3219 3020 3225
f 3013 3020 3219
f 3226 3220 3219
f 3225 3226 3219
f 2824 3227 3014
f 3227 3212 3014
f 3225 3023 3228
f 3020 3023 3225
f 3229 3226 3225
f 3228 3229 3225
f 3031 3221 3230
f 3230 3033 3031
f 3231 3033 3230
f 3023 3034 3228
f 3228 3232 3229
f 3228 3034 3232
f 3034 2527 3232
f 3233 3234 3232
f 3233 3232 3035
f 3035 3232 2527
f 3035 3036 3235
f 3233 3035 3235
f 3036 3038 3235
f 3042 3236 3237
f 3041 3042 3237
f 3043 3238 3042
f 3042 3238 3236
f 3044 3239 3043
f 3043 3239 3238
f 3045 3240 3044
f 3044 3240 3239
f 3046 3241 3045
f 3045 3241 3240
f 3047 3242 3046
f 3046 3242 3241
f 3242 3047 3048
f 3243 3242 3048
f 2342 2855 2824
f 2824 2855 3244
f 3233 3245 3234
f 3235 3245 3233
f 3246 3245 3235
f 3038 3246 3235
f 3038 3050 3246
f 3050 3247 3246
f 3051 3248 3050
f 3050 3248 3247
f 3052 3249 3051
f 3051 3249 3248
f 3237 3052 3041
f 3249 3052 3237
f 3048 2528 3243
f 3243 2528 3250
f 2855 3251 3244
f 3054 3251 2855
f 3251 3054 3055
f 3252 3251 3055
f 3253 3056 3254
f 3253 3250 3056
f 3250 2528 3056
f 3253 3254 3255
f 3231 3256 3057
f 3055 1209 3252
f 3056 3058 3254
f 3257 3255 3254
f 3256 3231 3258
f 3256 3258 3057
f 3057 3258 2363
f 1209 3059 3259
f 3254 3058 3260
f 3261 3257 3254
f 3260 3261 3254
f 2363 3258 3061
f 3258 3262 3061
f 3059 3459 3259
f 3260 3264 3265
f 3260 3058 3264
f 3058 2867 3264
f 3261 3260 3265
f 3062 3266 2700
f 3062 3267 3266
f 3062 3061 3267
f 3061 3262 3267
f 3263 3268 3063
f 2867 3066 3264
f 3264 3066 3269
f 3266 3270 3067
f 2700 3266 3067
f 3271 3266 3267
f 3270 3266 3271
f 3063 3268 3272
f 2707 3063 3272
f 3272 3068 2707
f 3273 3068 3272
f 3071 3070 3274
f 3275 3071 3274
f 3275 3276 3071
f 3276 3072 3071
f 3269 3066 3072
f 3276 3269 3072
f 3270 3277 3278
f 3270 3278 3067
f 3067 3278 3075
f 3271 3277 3270
f 3068 3273 3279
f 3076 3068 3279
f 3279 3077 3076
f 3280 3077 3279
f 3080 3281 3282
f 3079 3281 3080
f 3274 3070 3080
f 3274 3080 3283
f 3283 3080 3282
f 3275 3274 3283
f 3075 3278 3083
f 3278 3284 3083
f 3084 3285 2568
f 3285 3084 3480
f 3077 3280 3286
f 3085 3077 3286
f 3287 3286 3288
f 3287 3086 3286
f 3086 3085 3286
f 3086 3287 3088
f 3094 3093 3289
f 3094 3290 3095
f 3289 3290 3094
f 3095 3290 3291
f 3095 3291 3079
f 3079 3291 3281
f 3098 3292 3097
f 3098 3293 3292
f 3098 3083 3293
f 3083 3284 3293
f 3480 3099 2905
f 3287 3288 3294
f 3088 3287 3294
f 3088 3294 3100
f 3100 3294 3295
f 3101 3100 3296
f 3100 3295 3296
f 3102 3101 3297
f 3101 3296 3297
f 3103 3102 3298
f 3102 3297 3298
f 3104 3103 3299
f 3103 3298 3299
f 3300 3299 3301
f 3300 3105 3299
f 3105 3104 3299
f 3105 3302 3106
f 3300 3302 3105
f 3106 3303 2741
f 3302 3303 3106
f 3304 2741 3303
f 3304 3305 2741
f 3107 2741 3306
f 2741 3305 3306
f 3289 3093 3107
f 3289 3107 3307
f 3307 3107 3306
f 3290 3289 3307
f 3308 3290 3307
f 3291 3290 3308
f 3108 3309 3109
f 3108 3310 3309
f 3097 3310 3108
f 3097 3311 3310
f 3097 3292 3311
f 3293 3311 3292
f 3312 2905 3110
f 3300 3301 3313
f 3302 3300 3313
f 3314 3302 3313
f 3303 3302 3314
f 3315 3303 3314
f 3304 3303 3315
f 3309 3316 3317
f 3309 3317 3109
f 3109 3317 3112
f 3310 3316 3309
f 3110 3318 3312
f 3113 3318 3110
f 3318 3113 3114
f 3319 3318 3114
f 3117 3320 3321
f 3116 3117 3321
f 3317 3117 3112
f 3320 3117 3317
f 3114 3322 3319
f 3118 3322 3114
f 3322 3118 3120
f 3323 3322 3120
f 3123 3324 3325
f 3321 3123 3116
f 3324 3123 3321
f 3120 3326 3323
f 3124 3326 3120
f 3327 3326 3125
f 3125 3326 3124
f 3125 3127 3327
f 3132 3328 3329
f 3131 3132 3329
f 3325 3132 3123
f 3328 3132 3325
f 3327 3330 3326
f 3127 3330 3327
f 3127 3133 3330
f 3133 3331 3330
f 3332 3333 3331
f 3332 3331 3134
f 3134 3331 3133
f 3134 3135 3334
f 3332 3134 3334
f 3135 3137 3334
f 3145 3335 3336
f 3144 3145 3336
f 3146 3337 3145
f 3145 3337 3335
f 3147 3338 3146
f 3146 3338 3337
f 3329 3147 3131
f 3338 3147 3329
f 3332 3339 3333
f 3334 3339 3332
f 3340 3339 3334
f 3137 3340 3334
f 3137 3148 3340
f 3148 3341 3340
f 3149 3342 3148
f 3148 3342 3341
f 3150 3343 3149
f 3149 3343 3342
f 3151 3344 3150
f 3150 3344 3343
f 3152 3344 3151
f 3153 3345 3152
f 3152 3345 3344
f 3154 3346 3153
f 3153 3346 3345
f 3336 3154 3144
f 3346 3154 3336
f 3157 3156 3347
f 3157 3348 3158
f 3347 3348 3157
f 3158 3349 3159
f 3348 3349 3158
f 3159 3350 3160
f 3349 3350 3159
f 3160 3350 3162
f 3165 3164 3351
f 3352 3165 3351
f 3352 3353 3165
f 3353 3166 3165
f 3347 3156 3166
f 3347 3166 3354
f 3354 3166 3353
f 3348 3347 3354
f 3355 3348 3354
f 3349 3348 3355
f 3356 3349 3355
f 3350 3349 3356
f 3357 3350 3356
f 3358 3357 3359
f 2963 3357 3358
f 2963 3350 3357
f 2963 3162 3350
f 2963 3358 3168
f 3172 3360 3361
f 3171 3360 3172
f 3351 3164 3173
f 3351 3173 3362
f 3362 3173 3172
f 3352 3351 3362
f 3358 3359 3174
f 3363 3174 3364
f 3174 3168 3358
f 3174 3363 3175
f 3179 3365 3366
f 3178 3365 3179
f 2635 3179 3367
f 3179 3366 3367
f 3180 2635 3368
f 2635 3367 3368
f 3360 3171 3180
f 3368 3360 3180
f 3363 3364 3369
f 3175 3363 3369
f 3175 3369 3181
f 3181 3369 3370
f 3370 3182 3181
f 3371 3182 3370
f 3184 3183 3372
f 3184 3373 3185
f 3372 3373 3184
f 3185 3374 3186
f 3373 3374 3185
f 3186 3375 3187
f 3374 3375 3186
f 3376 3187 3375
f 3376 3377 3187
f 3377 3188 3187
f 3189 3188 3378
f 3188 3377 3378
f 3190 3189 3379
f 3189 3378 3379
f 3365 3178 3190
f 3379 3365 3190
f 3182 3371 3380
f 3191 3182 3380
f 3192 3191 3381
f 3191 3380 3381
f 3382 3381 3383
f 3382 3193 3381
f 3193 3192 3381
f 3193 3382 3194
f 3372 3384 3385
f 3372 3183 3384
f 3183 3195 3384
f 3373 3372 3385
f 3386 3373 3385
f 3374 3373 3386
f 3387 3374 3386
f 3375 3374 3387
f 3388 3375 3387
f 3376 3375 3388
f 3382 3383 3389
f 3390 3389 3391
f 3196 3389 3390
f 3196 3382 3389
f 3196 3194 3382
f 3196 3390 3198
f 3200 3392 3584
f 3384 3195 3584
f 3390 3391 3393
f 3198 3390 3393
f 3198 3393 3201
f 3201 3393 3394
f 3395 3394 3396
f 3395 3202 3394
f 3202 3201 3394
f 3202 3395 3203
f 3200 3204 3392
f 3392 3204 3397
f 3206 3205 3398
f 3208 3399 3205
f 3399 3208 3209
f 3400 3399 3209
f 3395 3396 3401
f 3401 3203 3395
f 3401 3402 3203
f 3402 3211 3203
f 3213 3212 3403
f 3397 3204 3213
f 3403 3397 3213
f 3404 3405 3406
f 3404 3398 3405
f 3404 3214 3398
f 3214 3206 3398
f 3407 3216 3408
f 3407 3400 3216
f 3400 3209 3216
f 3407 3408 3409
f 3211 3402 3410
f 3217 3211 3410
f 3410 3221 3217
f 3411 3221 3410
f 3412 3404 3406
f 3413 3412 3406
f 3214 3412 3218
f 3404 3412 3214
f 3408 3220 3414
f 3216 3220 3408
f 3415 3409 3408
f 3414 3415 3408
f 3015 3416 3222
f 3416 3015 3417
f 3015 3223 3418
f 3417 3015 3418
f 3412 3413 3419
f 3412 3419 3223
f 3412 3223 3224
f 3418 3223 3419
f 3218 3412 3224
f 3414 3226 3420
f 3220 3226 3414
f 3421 3415 3414
f 3420 3421 3414
f 3212 3227 3968
f 3416 3430 3222
f 3417 3422 3416
f 3422 3430 3416
f 3418 3423 3417
f 3423 3422 3417
f 3424 3418 3419
f 3423 3418 3424
f 3420 3229 3425
f 3226 3229 3420
f 3426 3421 3420
f 3425 3426 3420
f 3230 3221 3427
f 3427 3231 3230
f 3428 3231 3427
f 2824 3429 3227
f 3429 3968 3227
f 3423 3431 3422
f 3431 3430 3422
f 3432 3423 3424
f 3431 3423 3432
f 3229 3232 3425
f 3425 3232 3234
f 3425 3234 3426
f 3426 3234 3433
f 3236 3434 3237
f 3236 3238 3447
f 3434 3236 3447
f 3238 3239 3447
f 3239 3240 3447
f 3240 3241 3447
f 3241 3242 3435
f 3447 3241 3435
f 3242 3243 3435
f 2824 3436 3429
f 3436 2824 3437
f 3437 2824 3244
f 3430 3438 3222
f 3439 3430 3431
f 3432 3439 3431
f 3234 3440 3433
f 3245 3440 3234
f 3441 3442 3440
f 3441 3440 3246
f 3246 3440 3245
f 3246 3247 3443
f 3441 3246 3443
f 3247 3248 3444
f 3443 3247 3444
f 3445 3444 3248
f 3445 3248 3446
f 3446 3248 3249
f 3434 3249 3237
f 3434 3447 3249
f 3447 3446 3249
f 3435 3448 3447
f 3449 3448 3435
f 3449 3435 3243
f 3449 3243 3450
f 3450 3243 3250
f 3826 3244 3251
f 3826 3451 3244
f 3451 3437 3244
f 3251 3252 3826
f 3441 3452 3442
f 3443 3452 3441
f 3453 3452 3443
f 3444 3453 3443
f 3454 3453 3444
f 3445 3454 3444
f 3250 3455 3450
f 3253 3455 3250
f 3455 3253 3255
f 3456 3455 3255
f 3826 3252 1209
f 3255 3257 3456
f 3456 3257 3261
f 3231 3457 3258
f 3231 3646 3457
f 1209 3259 3826
f 3457 3458 3262
f 3258 3457 3262
f 3458 3457 3646
f 3259 3459 3826
f 3265 3264 3460
f 3460 3261 3265
f 3458 3461 3462
f 3458 3462 3262
f 3262 3462 3267
f 3646 3461 3458
f 3463 3464 3268
f 3463 3268 3263
f 3463 3465 3464
f 3264 3269 3466
f 3267 3462 3271
f 3462 3467 3271
f 3268 3464 3272
f 3464 3273 3272
f 3464 3465 3273
f 3465 3468 3273
f 3275 3469 3276
f 3466 3269 3276
f 3277 3470 3278
f 3277 3471 3470
f 3277 3271 3471
f 3271 3467 3471
f 3273 3468 3472
f 3279 3273 3472
f 3472 3280 3279
f 3473 3280 3472
f 3282 3281 3474
f 3475 3282 3474
f 3475 3476 3282
f 3476 3283 3282
f 3469 3275 3283
f 3476 3469 3283
f 3470 3477 3284
f 3278 3470 3284
f 3478 3470 3471
f 3477 3470 3478
f 3285 3479 2568
f 3479 3285 3480
f 3280 3473 3673
f 3286 3280 3673
f 3673 3288 3286
f 3474 3481 3482
f 3474 3281 3481
f 3281 3291 3481
f 3475 3474 3482
f 3477 3483 3484
f 3477 3484 3284
f 3284 3484 3293
f 3478 3483 3477
f 3288 3673 3485
f 3294 3288 3485
f 3486 3485 3487
f 3486 3295 3485
f 3295 3294 3485
f 3295 3488 3296
f 3486 3488 3295
f 3296 3489 3297
f 3488 3489 3296
f 3297 3490 3298
f 3489 3490 3297
f 3298 3491 3299
f 3490 3491 3298
f 3299 3491 3301
f 3305 3304 3492
f 3305 3493 3306
f 3492 3493 3305
f 3306 3494 3307
f 3493 3494 3306
f 3495 3307 3494
f 3495 3496 3307
f 3496 3308 3307
f 3481 3291 3308
f 3496 3481 3308
f 3311 3497 3498
f 3310 3311 3498
f 3484 3311 3293
f 3497 3311 3484
f 3499 3500 2905
f 2905 3312 3499
f 3486 3487 3501
f 3488 3486 3501
f 3502 3488 3501
f 3489 3488 3502
f 3503 3489 3502
f 3490 3489 3503
f 3504 3490 3503
f 3491 3490 3504
f 3505 3491 3504
f 3301 3491 3505
f 3301 3505 3313
f 3313 3505 3673
f 3314 3313 3673
f 3315 3314 3673
f 3492 3304 3315
f 3492 3315 3506
f 3506 3315 3673
f 3493 3492 3506
f 3507 3493 3506
f 3494 3493 3507
f 3508 3494 3507
f 3495 3494 3508
f 3316 3509 3317
f 3316 3510 3509
f 3316 3310 3510
f 3310 3498 3510
f 3499 3511 3500
f 3312 3511 3499
f 3312 3318 3511
f 3318 3512 3511
f 3512 3318 3319
f 3513 3512 3319
f 3320 3514 3321
f 3320 3515 3514
f 3317 3515 3320
f 3317 3516 3515
f 3317 3509 3516
f 3510 3516 3509
f 3319 3517 3513
f 3322 3517 3319
f 3517 3322 3323
f 3518 3517 3323
f 3324 3519 3325
f 3324 3520 3519
f 3321 3520 3324
f 3321 3521 3520
f 3321 3514 3521
f 3515 3521 3514
f 3323 3522 3518
f 3326 3522 3323
f 3523 3522 3326
f 3328 3524 3329
f 3328 3525 3524
f 3325 3525 3328
f 3325 3526 3525
f 3325 3519 3526
f 3520 3526 3519
f 3326 3527 3523
f 3330 3527 3326
f 3331 3528 3330
f 3330 3528 3527
f 3528 3331 3333
f 3529 3528 3333
f 3335 3530 3336
f 3335 3337 3531
f 3530 3335 3531
f 3532 3531 3337
f 3532 3337 3533
f 3533 3337 3338
f 3524 3338 3329
f 3524 3534 3338
f 3534 3533 3338
f 3525 3534 3524
f 3333 3535 3529
f 3339 3535 3333
f 3340 3536 3339
f 3339 3536 3535
f 3537 3538 3536
f 3537 3536 3341
f 3341 3536 3340
f 3341 3342 3539
f 3537 3341 3539
f 3342 3343 3540
f 3539 3342 3540
f 3343 3344 3541
f 3540 3343 3541
f 3344 3345 3542
f 3541 3344 3542
f 3345 3346 3543
f 3542 3345 3543
f 3346 3544 3543
f 3336 3544 3346
f 3336 3545 3544
f 3336 3530 3545
f 3531 3545 3530
f 3546 3545 3531
f 3532 3546 3531
f 3537 3547 3538
f 3539 3547 3537
f 3548 3547 3539
f 3540 3548 3539
f 3549 3548 3540
f 3541 3549 3540
f 3550 3549 3541
f 3551 3550 3541
f 3542 3551 3541
f 3552 3551 3542
f 3543 3552 3542
f 3553 3552 3543
f 3544 3553 3543
f 3353 3352 3554
f 3353 3555 3354
f 3554 3555 3353
f 3354 3556 3355
f 3555 3556 3354
f 3355 3557 3356
f 3556 3557 3355
f 3356 3558 3357
f 3557 3558 3356
f 3357 3558 3359
f 3554 3352 3362
f 3554 3362 3559
f 3559 3362 3172
f 3555 3554 3559
f 3560 3555 3559
f 3556 3555 3560
f 3561 3556 3560
f 3557 3556 3561
f 3562 3557 3561
f 3558 3557 3562
f 3563 3558 3562
f 3564 3563 3565
f 3174 3563 3564
f 3174 3558 3563
f 3174 3359 3558
f 3174 3564 3364
f 3366 3365 3566
f 3366 3567 3367
f 3566 3567 3366
f 3568 3367 3567
f 3568 3738 3367
f 3738 3368 3367
f 3564 3565 3569
f 3570 3569 3571
f 3369 3569 3570
f 3369 3564 3569
f 3369 3364 3564
f 3369 3572 3370
f 3570 3572 3369
f 3370 3572 3371
f 3377 3376 3573
f 3574 3377 3573
f 3574 3575 3377
f 3575 3378 3377
f 3379 3378 3576
f 3378 3575 3576
f 3566 3365 3379
f 3566 3379 3577
f 3577 3379 3576
f 3567 3566 3577
f 3578 3567 3577
f 3568 3567 3578
f 3570 3571 3579
f 3572 3570 3579
f 3580 3572 3579
f 3371 3572 3580
f 3371 3580 3380
f 3380 3580 3581
f 3582 3581 3583
f 3582 3381 3581
f 3381 3380 3581
f 3381 3582 3383
f 3384 3584 3385
f 3386 3385 3584
f 3387 3386 3584
f 3388 3387 3584
f 3573 3376 3388
f 3573 3388 3585
f 3585 3388 3584
f 3574 3573 3585
f 3586 3582 3583
f 3587 3586 3583
f 3383 3588 3389
f 3383 3582 3588
f 3582 3586 3588
f 3389 3588 3391
f 3392 3589 3584
f 3586 3587 3590
f 3588 3586 3590
f 3591 3588 3590
f 3391 3588 3591
f 3391 3591 3393
f 3393 3591 3592
f 3394 3393 3593
f 3393 3592 3593
f 3593 3396 3394
f 3594 3396 3593
f 3392 3397 3589
f 3589 3397 3595
f 3398 3205 3596
f 3399 3598 3205
f 3205 3598 3597
f 3598 3399 3400
f 3599 3598 3400
f 3396 3594 3600
f 3401 3396 3600
f 3600 3402 3401
f 3601 3402 3600
f 3403 3212 3602
f 3595 3397 3403
f 3602 3595 3403
f 3405 3603 3773
f 3406 3405 3773
f 3596 3405 3398
f 3603 3405 3596
f 3400 3604 3599
f 3407 3604 3400
f 3604 3407 3409
f 3605 3604 3409
f 3410 3402 3606
f 3606 3402 3601
f 3406 3773 3413
f 3409 3415 3605
f 3605 3415 3607
f 3410 3606 3608
f 3608 3411 3410
f 3608 3609 3411
f 3609 3221 3411
f 3413 3773 3419
f 3415 3421 3607
f 3607 3421 3610
f 3609 3611 3221
f 3419 3773 3424
f 3421 3426 3610
f 3610 3426 3612
f 3221 3611 3613
f 3427 3221 3613
f 3613 3428 3427
f 3614 3428 3613
f 3968 3429 3615
f 3424 3773 3432
f 3426 3433 3612
f 3612 3433 3616
f 3428 3614 3231
f 3429 3617 3615
f 3436 3617 3429
f 3617 3436 3437
f 3618 3617 3437
f 3438 3619 3222
f 3438 3430 3620
f 3619 3438 3620
f 3430 3439 3621
f 3620 3430 3621
f 3439 3622 3621
f 3439 3432 3622
f 3432 3773 3622
f 3433 3623 3616
f 3440 3623 3433
f 3623 3440 3442
f 3624 3623 3442
f 3446 3625 3445
f 3626 3625 3446
f 3626 3446 3627
f 3627 3446 3447
f 3447 3628 3627
f 3447 3629 3628
f 3447 3630 3629
f 3631 3632 3630
f 3631 3630 3448
f 3448 3630 3447
f 3448 3449 3633
f 3631 3448 3633
f 3449 3450 3633
f 3437 3451 3618
f 3619 3634 3635
f 3619 3635 3222
f 3620 3634 3619
f 3636 3634 3620
f 3621 3636 3620
f 3637 3636 3621
f 3622 3637 3621
f 3442 3638 3624
f 3452 3638 3442
f 3453 3639 3452
f 3452 3639 3638
f 3454 3640 3453
f 3453 3640 3639
f 3625 3454 3445
f 3625 3641 3454
f 3641 3640 3454
f 3626 3641 3625
f 3631 3642 3632
f 3633 3642 3631
f 3643 3642 3633
f 3450 3643 3633
f 3450 3455 3643
f 3455 3644 3643
f 3644 3455 3456
f 3645 3644 3456
f 3635 3060 3222
f 3456 3261 3645
f 3459 3647 3826
f 2865 3060 3648
f 3648 3263 2865
f 3649 3263 3648
f 3460 3650 3651
f 3264 3650 3460
f 3651 3261 3460
f 3461 3652 3462
f 3461 3646 3652
f 3459 3653 3647
f 3653 3459 3654
f 3263 3649 3463
f 3655 3465 3463
f 3264 3466 3650
f 3650 3466 3656
f 3652 3657 3467
f 3462 3652 3467
f 3657 3652 3646
f 3459 4277 3654
f 3465 3655 3468
f 3655 3658 3468
f 3469 3659 3276
f 3656 3466 3276
f 3657 3660 3661
f 3657 3661 3467
f 3467 3661 3471
f 3646 3660 3657
f 3468 3658 3662
f 3472 3468 3662
f 3662 3473 3472
f 3663 3473 3662
f 3476 3664 3665
f 3475 3664 3476
f 3659 3469 3476
f 3665 3659 3476
f 3471 3661 3478
f 3661 3666 3478
f 3479 3667 2568
f 3667 3479 3480
f 3473 3663 3673
f 3482 3481 3668
f 3482 3668 3669
f 3482 3669 3475
f 3475 3669 3664
f 3483 3670 3484
f 3483 3671 3670
f 3483 3478 3671
f 3478 3666 3671
f 3672 3480 2905
f 3673 3487 3485
f 3496 3495 3674
f 3496 3674 3675
f 3481 3496 3675
f 3481 3675 3676
f 3481 3676 3668
f 3669 3668 3676
f 3497 3677 3498
f 3497 3678 3677
f 3484 3678 3497
f 3484 3679 3678
f 3484 3670 3679
f 3671 3679 3670
f 2905 3500 3672
f 3672 3500 3680
f 3501 3487 3673
f 3502 3501 3673
f 3503 3502 3673
f 3504 3503 3673
f 3505 3504 3673
f 3507 3506 3681
f 3506 3673 3681
f 3508 3507 3681
f 3674 3495 3508
f 3674 3508 3681
f 3675 3674 3681
f 3677 3682 3683
f 3677 3683 3498
f 3498 3683 3510
f 3678 3682 3677
f 3500 3684 3680
f 3511 3684 3500
f 3512 3685 3511
f 3511 3685 3684
f 3685 3512 3513
f 3686 3685 3513
f 3516 3687 3515
f 3516 3688 3687
f 3516 3510 3688
f 3510 3683 3688
f 3689 3513 3517
f 3689 3690 3513
f 3690 3686 3513
f 3517 3518 3689
f 3521 3691 3520
f 3521 3692 3691
f 3515 3692 3521
f 3515 3693 3692
f 3515 3687 3693
f 3688 3693 3687
f 3689 3694 3690
f 3518 3694 3689
f 3518 3522 3694
f 3522 3695 3694
f 3695 3522 3523
f 3696 3695 3523
f 3526 3697 3698
f 3525 3526 3698
f 3691 3526 3520
f 3691 3699 3526
f 3699 3697 3526
f 3692 3699 3691
f 3523 3700 3696
f 3527 3700 3523
f 3701 3702 3700
f 3701 3700 3528
f 3528 3700 3527
f 3528 3529 3701
f 3533 3703 3532
f 3533 3534 3704
f 3703 3533 3704
f 3534 3705 3704
f 3534 3525 3705
f 3525 3698 3705
f 3701 3706 3702
f 3529 3706 3701
f 3529 3535 3706
f 3535 3707 3706
f 3708 3709 3707
f 3708 3707 3536
f 3536 3707 3535
f 3536 3538 3708
f 3545 3710 3544
f 3711 3710 3545
f 3711 3545 3712
f 3712 3545 3546
f 3703 3546 3532
f 3703 3713 3546
f 3713 3712 3546
f 3704 3713 3703
f 3714 3713 3704
f 3705 3714 3704
f 3708 3715 3709
f 3538 3715 3708
f 3538 3547 3715
f 3547 3716 3715
f 3717 3718 3716
f 3717 3716 3548
f 3548 3716 3547
f 3548 3549 3719
f 3717 3548 3719
f 3549 3550 3720
f 3719 3549 3720
f 3721 3720 3550
f 3721 3550 3722
f 3722 3550 3551
f 3552 3723 3551
f 3551 3723 3722
f 3553 3724 3552
f 3552 3724 3723
f 3710 3553 3544
f 3710 3725 3553
f 3725 3724 3553
f 3711 3725 3710
f 3717 3726 3718
f 3719 3726 3717
f 3727 3726 3719
f 3720 3727 3719
f 3728 3727 3720
f 3721 3728 3720
f 3360 3729 3361
f 3729 3172 3361
f 3559 3172 3730
f 3172 3729 3730
f 3560 3559 3731
f 3559 3730 3731
f 3561 3560 3732
f 3560 3731 3732
f 3562 3561 3733
f 3561 3732 3733
f 3734 3733 3735
f 3734 3563 3733
f 3563 3562 3733
f 3563 3734 3565
f 3738 3568 3736
f 3737 3738 3736
f 3360 3368 3739
f 3739 3368 3738
f 3734 3735 3740
f 3565 3734 3740
f 3565 3740 3569
f 3569 3740 3741
f 3741 3571 3569
f 3742 3571 3741
f 3575 3743 3744
f 3574 3743 3575
f 3576 3575 3745
f 3575 3744 3745
f 3577 3576 3746
f 3576 3745 3746
f 3578 3577 3747
f 3577 3746 3747
f 3736 3568 3578
f 3736 3578 3748
f 3748 3578 3747
f 3737 3736 3748
f 3749 3579 3571
f 3749 3571 3750
f 3750 3571 3742
f 3579 3751 3580
f 3749 3751 3579
f 3580 3752 3581
f 3751 3752 3580
f 3581 3752 3583
f 3585 3584 3753
f 3743 3574 3585
f 3753 3743 3585
f 3749 3750 3754
f 3751 3749 3754
f 3755 3751 3754
f 3752 3751 3755
f 3756 3752 3755
f 3756 3583 3752
f 3756 3757 3583
f 3757 3587 3583
f 3584 3758 3759
f 3589 3758 3584
f 3587 3757 3760
f 3590 3587 3760
f 3591 3590 3761
f 3590 3760 3761
f 3592 3591 3762
f 3591 3761 3762
f 3763 3762 3764
f 3763 3593 3762
f 3593 3592 3762
f 3593 3763 3594
f 3589 3595 3758
f 3758 3595 3765
f 3205 3766 3596
f 3766 3205 3767
f 3205 3597 3768
f 3767 3205 3768
f 3597 3598 3769
f 3768 3597 3769
f 3598 3599 3769
f 3763 3764 3770
f 3601 3770 3771
f 3600 3770 3601
f 3600 3763 3770
f 3600 3594 3763
f 3602 3212 3772
f 3765 3595 3602
f 3772 3765 3602
f 3766 3603 3596
f 3766 3774 3603
f 3767 3774 3766
f 3775 3774 3767
f 3768 3775 3767
f 3776 3775 3768
f 3769 3776 3768
f 3777 3776 3769
f 3599 3777 3769
f 3599 3604 3777
f 3604 3778 3777
f 3778 3604 3605
f 3779 3778 3605
f 3601 3771 3780
f 3780 3781 3601
f 3781 3606 3601
f 3782 3607 3783
f 3782 3779 3607
f 3779 3605 3607
f 3782 3783 3784
f 3606 3781 4094
f 3608 3606 4094
f 4094 3609 3608
f 3783 3610 3963
f 3607 3610 3783
f 3963 3784 3783
f 3609 4094 3611
f 4094 3785 3611
f 3610 3612 3963
f 3611 3785 3786
f 3613 3611 3786
f 3786 3614 3613
f 3787 3614 3786
f 3963 3612 3788
f 3612 3616 3788
f 3614 3787 3231
f 3789 3615 3617
f 3789 3790 3615
f 3790 3968 3615
f 3617 3618 3789
f 3773 3791 3622
f 3792 3616 3623
f 3792 3793 3616
f 3793 3788 3616
f 3623 3624 3792
f 3627 3794 3626
f 3627 3628 3977
f 3794 3627 3977
f 3628 3629 3977
f 3629 3630 3795
f 3977 3629 3795
f 3630 3632 3795
f 3789 3796 3790
f 3796 3789 3618
f 3796 3618 3797
f 3797 3618 3451
f 3634 3798 3635
f 3634 3636 3799
f 3798 3634 3799
f 3800 3799 3636
f 3800 3636 3801
f 3801 3636 3637
f 3791 3637 3622
f 3801 3637 3791
f 3802 3793 3792
f 3803 3793 3802
f 3624 3638 3804
f 3624 3804 3792
f 3792 3804 3802
f 3638 3639 3805
f 3804 3638 3805
f 3639 3640 3806
f 3805 3639 3806
f 3807 3806 3640
f 3807 3640 3808
f 3808 3640 3641
f 3794 3641 3626
f 3794 3809 3641
f 3809 3808 3641
f 3977 3809 3794
f 3810 3977 3795
f 3811 3812 3810
f 3642 3811 3810
f 3642 3810 3795
f 3642 3795 3632
f 3642 3643 3813
f 3811 3642 3813
f 3643 3644 3814
f 3813 3643 3814
f 3644 3645 3814
f 3451 3826 3797
f 3798 3815 3060
f 3635 3798 3060
f 3816 3799 3817
f 3816 3815 3799
f 3815 3798 3799
f 3800 3817 3799
f 3802 3818 3803
f 3804 3818 3802
f 3819 3818 3804
f 3805 3819 3804
f 3820 3819 3805
f 3806 3820 3805
f 3821 3820 3806
f 3807 3821 3806
f 3811 3822 3812
f 3813 3822 3811
f 3823 3822 3813
f 3823 3824 3825
f 3823 3813 3824
f 3813 3814 3824
f 3645 3261 3824
f 3814 3645 3824
f 3815 3827 3060
f 3828 3815 3816
f 3827 3815 3828
f 3261 3825 3824
f 3981 3825 3261
f 3826 3647 3829
f 3060 3827 3648
f 3827 3649 3648
f 3827 3828 3649
f 3828 3830 3649
f 3651 3981 3261
f 3651 3650 3981
f 3647 3831 3829
f 3653 3831 3647
f 3831 3653 3654
f 3649 3830 3463
f 3832 3655 3463
f 3650 3656 3981
f 3981 3656 3833
f 3654 4277 3831
f 3655 3832 3658
f 3832 3834 3658
f 3276 3835 3836
f 3659 3835 3276
f 3833 3656 3276
f 3836 3833 3276
f 3660 3837 3661
f 3660 3838 3837
f 3660 3646 3838
f 3658 3834 3839
f 3662 3658 3839
f 3839 3663 3662
f 3840 3663 3839
f 3665 3664 3841
f 3665 3841 4127
f 3665 4127 3659
f 3659 4127 3835
f 3837 3842 3843
f 3837 3843 3661
f 3661 3843 3666
f 3838 3842 3837
f 3667 3844 2568
f 3844 3667 3480
f 3663 3840 3673
f 3841 3845 3846
f 3841 3664 3845
f 3664 3669 3845
f 4127 3841 3846
f 3666 3843 3671
f 3843 3847 3671
f 3848 3849 3480
f 3480 3672 3848
f 3676 3681 3850
f 3675 3681 3676
f 3845 3669 3676
f 3850 3845 3676
f 3679 3851 3678
f 3679 3852 3851
f 3679 3671 3852
f 3671 3847 3852
f 3848 3853 3849
f 3853 3848 3672
f 3853 3672 3680
f 3682 3856 3683
f 3682 3857 3856
f 3678 3857 3682
f 3678 3858 3857
f 3678 3851 3858
f 3852 3858 3851
f 3684 3859 3680
f 3860 3861 3859
f 3860 3859 3685
f 3685 3859 3684
f 3685 3686 3860
f 3856 3862 3688
f 3683 3856 3688
f 3863 3856 3857
f 3862 3856 3863
f 3860 3864 3861
f 3864 3860 3686
f 3864 3686 3865
f 3865 3686 3690
f 3693 3866 3867
f 3692 3693 3867
f 3862 3693 3688
f 3862 3868 3693
f 3868 3866 3693
f 3863 3868 3862
f 3690 3869 3865
f 3694 3869 3690
f 3870 3871 3869
f 3870 3869 3695
f 3695 3869 3694
f 3695 3696 3870
f 3697 3872 3698
f 3697 3699 3873
f 3872 3697 3873
f 3699 3874 3873
f 3699 3692 3874
f 3692 3867 3874
f 3870 3875 3871
f 3876 3877 3875
f 3700 3876 3875
f 3700 3875 3870
f 3700 3870 3696
f 3700 3702 3876
f 3872 3878 3879
f 3872 3879 3698
f 3698 3879 3705
f 3873 3878 3872
f 3880 3878 3873
f 3874 3880 3873
f 3876 3881 3877
f 3702 3881 3876
f 3702 3706 3881
f 3706 3882 3881
f 3883 3884 3882
f 3883 3882 3707
f 3707 3882 3706
f 3707 3709 3883
f 3712 3885 3711
f 3712 3713 3886
f 3885 3712 3886
f 3887 3886 3713
f 3887 3713 3888
f 3888 3713 3714
f 3879 3714 3705
f 3888 3714 3879
f 3883 3889 3884
f 3709 3889 3883
f 3709 3715 3889
f 3715 3890 3889
f 3891 3892 3890
f 3891 3890 3716
f 3716 3890 3715
f 3716 3718 3891
f 3722 3893 3721
f 3722 3723 3894
f 3893 3722 3894
f 3723 3724 3895
f 3894 3723 3895
f 3896 3895 3724
f 3896 3724 3897
f 3897 3724 3725
f 3885 3725 3711
f 3885 3898 3725
f 3898 3897 3725
f 3886 3898 3885
f 3899 3898 3886
f 3887 3899 3886
f 3891 3900 3892
f 3718 3900 3891
f 3718 3726 3900
f 3726 3901 3900
f 3727 3901 3726
f 3728 3901 3727
f 3893 3728 3721
f 3893 3902 3728
f 3902 3901 3728
f 3894 3902 3893
f 3903 3902 3894
f 3895 3903 3894
f 3904 3903 3895
f 3896 3904 3895
f 3729 3360 3905
f 3729 3906 3730
f 3905 3906 3729
f 3730 3907 3731
f 3906 3907 3730
f 3731 3908 3732
f 3907 3908 3731
f 3732 3909 3733
f 3908 3909 3732
f 3733 3909 3735
f 3738 3910 3911
f 3737 3910 3738
f 3905 3360 3739
f 3905 3739 3912
f 3912 3739 3738
f 3906 3905 3912
f 3913 3906 3912
f 3907 3906 3913
f 3914 3907 3913
f 3908 3907 3914
f 3915 3908 3914
f 3909 3908 3915
f 3916 3909 3915
f 3735 3909 3916
f 3735 3916 3740
f 3740 3916 3917
f 3918 3917 3919
f 3918 3741 3917
f 3741 3740 3917
f 3741 3918 3742
f 3744 3743 3920
f 3744 3921 3745
f 3920 3921 3744
f 3922 3745 3921
f 3922 3923 3745
f 3923 3746 3745
f 3747 3746 3924
f 3746 3923 3924
f 3748 3747 3925
f 3747 3924 3925
f 3910 3737 3748
f 3925 3910 3748
f 3918 3919 3926
f 3926 3742 3918
f 3926 3927 3742
f 3927 3750 3742
f 3584 3928 3929
f 3584 3929 3930
f 3753 3584 3931
f 3584 3930 3931
f 3920 3743 3753
f 3920 3753 3932
f 3932 3753 3931
f 3921 3920 3932
f 3933 3921 3932
f 3922 3921 3933
f 3750 3927 3934
f 3754 3750 3934
f 3935 3934 3936
f 3935 3755 3934
f 3755 3754 3934
f 3755 3937 3756
f 3935 3937 3755
f 3756 3937 3757
f 3759 3938 3939
f 3758 3938 3759
f 3584 3759 3940
f 3940 3759 3939
f 3935 3936 3941
f 3937 3935 3941
f 3942 3937 3941
f 3757 3937 3942
f 3757 3942 3760
f 3760 3942 3943
f 3761 3760 3944
f 3760 3943 3944
f 3945 3944 3946
f 3945 3762 3944
f 3762 3761 3944
f 3762 3945 3764
f 3758 3765 3938
f 3938 3765 3947
f 3945 3946 3948
f 3764 3945 3948
f 3764 3948 3770
f 3770 3948 3949
f 3949 3771 3770
f 3950 3771 3949
f 3772 3951 3952
f 3212 3951 3772
f 3947 3765 3772
f 3952 3947 3772
f 3603 3953 3773
f 3774 3954 3603
f 3603 3954 3953
f 3775 3955 3774
f 3774 3955 3954
f 3776 3956 3775
f 3775 3956 3955
f 3777 3957 3776
f 3776 3957 3956
f 3778 3958 3777
f 3777 3958 3957
f 3958 3778 3779
f 3959 3958 3779
f 3771 3950 3960
f 3780 3771 3960
f 3960 3781 3780
f 4094 3781 3960
f 3212 3968 3951
f 3779 3961 3959
f 3782 3961 3779
f 3961 3782 3784
f 3962 3961 3784
f 3784 3963 3962
f 3964 3786 3785
f 3964 3785 3965
f 3965 3785 4094
f 3786 3964 3787
f 3964 3965 3966
f 3966 3787 3964
f 3966 3967 3787
f 3967 3231 3787
f 3773 3969 3791
f 3967 3646 3231
f 3790 3826 3968
f 3796 3826 3790
f 3826 3796 3797
f 3801 3970 3971
f 3800 3801 3971
f 3969 3801 3791
f 3970 3801 3969
f 3793 3803 3788
f 3808 3972 3807
f 3808 3809 3977
f 3972 3808 3977
f 3977 3810 3973
f 3810 3812 3973
f 3817 3974 3975
f 3816 3817 3975
f 3971 3817 3800
f 3974 3817 3971
f 3818 3976 3803
f 3819 3977 3818
f 3818 3977 3976
f 3820 3977 3819
f 3821 3977 3820
f 3972 3821 3807
f 3972 3978 3821
f 3978 3977 3821
f 3977 3978 3972
f 3979 3977 3973
f 3812 3979 3973
f 3812 3822 3979
f 3822 3980 3979
f 3981 3980 3823
f 3823 3980 3822
f 3823 3825 3981
f 3816 3975 3828
f 3826 3829 3982
f 3828 3975 3830
f 3975 3983 3830
f 3829 3831 3982
f 3830 3983 3984
f 3463 3830 3984
f 3984 3832 3463
f 3985 3832 3984
f 3832 3985 3834
f 3985 3986 3834
f 3836 3835 3981
f 3835 4127 3981
f 3833 3836 3981
f 3646 3987 3838
f 3834 3986 3988
f 3839 3834 3988
f 3988 3840 3839
f 3989 3840 3988
f 3842 3990 3843
f 3842 3991 3990
f 3842 3838 3991
f 3838 3987 3991
f 3844 3992 2568
f 3992 3844 3480
f 3840 3989 3673
f 3846 3845 3993
f 3846 3993 4127
f 3990 3994 3847
f 3843 3990 3847
f 3995 3990 3991
f 3994 3990 3995
f 3480 3849 3996
f 3681 4135 3850
f 3993 3845 3850
f 3993 3850 3997
f 3997 3850 4135
f 4127 3993 3997
f 3994 3995 3998
f 3994 3998 3847
f 3847 3998 3852
f 3849 3853 3680
f 4139 3849 3680
f 4000 3999 4001
f 4000 3854 3999
f 3854 3673 3999
f 4000 3673 3854
f 3673 4002 3855
f 4003 3855 4002
f 4003 4004 3855
f 4004 3673 3855
f 3673 4004 3681
f 3858 4005 3857
f 3858 4006 4005
f 3858 3852 4006
f 3852 3998 4006
f 3859 4139 3680
f 4139 3859 3861
f 4000 4001 4007
f 3673 4000 4007
f 4008 3673 4007
f 4009 3673 4008
f 4010 3673 4009
f 4011 3673 4010
f 4012 3673 4011
f 4002 3673 4012
f 4013 4002 4012
f 4003 4002 4013
f 4005 4014 4015
f 4005 4015 3857
f 3857 4015 3863
f 4006 4014 4005
f 3864 4139 3861
f 4139 3864 3865
f 3866 4016 3867
f 4017 4016 3866
f 4017 3866 4018
f 4018 3866 3868
f 4015 3868 3863
f 4018 3868 4015
f 3869 4139 3865
f 4139 3869 3871
f 4016 4019 4020
f 4016 4020 3867
f 3867 4020 3874
f 4017 4019 4016
f 3875 4139 3871
f 4139 3875 3877
f 3878 4021 3879
f 4022 4021 3878
f 4022 3878 4023
f 4023 3878 3880
f 4020 3880 3874
f 4023 3880 4020
f 3877 4024 4139
f 3881 4024 3877
f 3882 4025 3881
f 3881 4025 4024
f 4025 3882 3884
f 4026 4025 3884
f 3888 4027 3887
f 3888 4028 4027
f 3879 4028 3888
f 3879 4029 4028
f 3879 4021 4029
f 4022 4029 4021
f 3884 4030 4026
f 3889 4030 3884
f 4031 4032 4030
f 4031 4030 3890
f 3890 4030 3889
f 3890 3892 4031
f 3897 4033 3896
f 4034 4033 3897
f 4034 3897 4035
f 4035 3897 3898
f 3899 4036 3898
f 3898 4036 4035
f 4027 3899 3887
f 4027 4037 3899
f 4037 4036 3899
f 4028 4037 4027
f 4031 4038 4032
f 3892 4038 4031
f 3892 3900 4038
f 3900 3901 4038
f 3903 3901 3902
f 3904 4039 3903
f 3903 4039 3901
f 4033 3904 3896
f 4033 4040 3904
f 4040 4039 3904
f 4034 4040 4033
f 3911 3910 4041
f 4042 3911 4041
f 4042 4043 3911
f 4043 3738 3911
f 3913 3912 4044
f 3912 3738 4044
f 3914 3913 4045
f 3913 4044 4045
f 3915 3914 4046
f 3914 4045 4046
f 3916 3915 4047
f 3915 4046 4047
f 4048 4047 4049
f 4048 3917 4047
f 3917 3916 4047
f 3917 4048 3919
f 3923 3922 4050
f 4051 3923 4050
f 4051 4052 3923
f 4052 3924 3923
f 3925 3924 4053
f 3924 4052 4053
f 4041 3910 3925
f 4041 3925 4054
f 4054 3925 4053
f 4042 4041 4054
f 4048 4049 4055
f 3919 4048 4055
f 3919 4055 3926
f 3926 4055 4056
f 4056 3927 3926
f 4057 3927 4056
f 3928 3584 4058
f 3928 4059 3929
f 4058 4059 3928
f 3929 4060 3930
f 4059 4060 3929
f 3930 4061 3931
f 4060 4061 3930
f 4062 3931 4061
f 4062 4063 3931
f 4063 3932 3931
f 3933 3932 4218
f 3932 4063 4218
f 4050 3922 3933
f 4050 3933 4064
f 4064 3933 4218
f 4051 4050 4064
f 4065 3934 3927
f 4065 3927 4066
f 4066 3927 4057
f 3934 4065 3936
f 3939 3938 4067
f 4068 3939 4067
f 4068 4069 3939
f 4069 3940 3939
f 4058 3584 3940
f 4058 3940 4070
f 4070 3940 4069
f 4059 4058 4070
f 4060 4059 4070
f 4071 4060 4070
f 4061 4060 4071
f 4072 4061 4071
f 4062 4061 4072
f 4065 4066 4073
f 3936 4065 4073
f 3936 4073 3941
f 3941 4073 4074
f 3942 3941 4075
f 3941 4074 4075
f 3943 3942 4076
f 3942 4075 4076
f 3944 3943 4077
f 3943 4076 4077
f 4077 3946 3944
f 4078 3946 4077
f 4067 4079 4080
f 4067 3938 4079
f 3938 3947 4079
f 4068 4067 4080
f 3946 4078 4081
f 3948 3946 4081
f 4082 4081 4083
f 4082 3949 4081
f 3949 3948 4081
f 3949 4082 3950
f 3952 4084 4085
f 3951 4084 3952
f 4079 3947 3952
f 4085 4079 3952
f 3953 4086 3773
f 3953 3954 4091
f 4086 3953 4091
f 3954 3955 4091
f 3955 3956 4091
f 3956 3957 4091
f 3957 3958 4091
f 3958 3959 4091
f 4082 4083 4087
f 3950 4082 4087
f 3950 4087 3960
f 3960 4087 4088
f 4088 4094 3960
f 3951 3968 4084
f 4086 4089 4090
f 4086 4090 3773
f 4091 4089 4086
f 3959 3961 4091
f 3961 4092 4091
f 4092 3961 3962
f 4093 4092 3962
f 3962 3963 4093
f 4094 4096 3965
f 4095 3963 3788
f 3965 4096 4570
f 3966 3965 4570
f 4570 3967 3966
f 3773 4097 3969
f 3967 4570 3646
f 3970 4098 4099
f 3971 3970 4099
f 4097 3970 3969
f 4098 3970 4097
f 3788 3803 4100
f 4102 3968 3826
f 3974 4103 3975
f 3974 4104 4103
f 3974 3971 4104
f 3971 4099 4104
f 3803 3976 4100
f 3977 4105 3976
f 3977 4106 4105
f 3979 3980 4107
f 3977 3979 4107
f 3980 3981 4107
f 4422 3646 4101
f 4102 3826 4108
f 4109 4103 4104
f 3975 4103 4109
f 3977 4110 4106
f 4111 4110 3977
f 4113 4112 3977
f 4114 4113 3977
f 4107 4114 3977
f 4115 4114 4107
f 4115 4107 3981
f 4115 3981 4116
f 4117 3982 4118
f 4117 4108 3982
f 4108 3826 3982
f 4117 4118 4119
f 3975 4120 3983
f 4121 3975 4109
f 4120 3975 4121
f 4116 3981 4127
f 3982 3831 4118
f 4118 3831 4119
f 3983 4120 3984
f 4120 3985 3984
f 4120 4121 3985
f 4121 4266 3985
f 3985 4266 3986
f 4266 4122 3986
f 3646 4123 3987
f 4124 3646 4422
f 4123 3646 4124
f 2568 4446 4277
f 3986 4122 4125
f 3988 3986 4125
f 4125 3989 3988
f 4126 3989 4125
f 4123 4128 4129
f 4123 4129 3987
f 3987 4129 3991
f 4124 4128 4123
f 2568 4130 4446
f 3992 4130 2568
f 4130 3992 3480
f 3989 4126 4131
f 3673 3989 4131
f 4132 3673 4131
f 3991 4129 3995
f 4129 4133 3995
f 3480 3996 4134
f 3997 4135 4136
f 4136 4127 3997
f 3995 4137 4138
f 3998 3995 4138
f 4137 3995 4133
f 3996 4139 4134
f 3849 4139 3996
f 3673 4001 3999
f 4004 4140 4297
f 4003 4140 4004
f 4004 4297 3681
f 3998 4138 4006
f 4138 4141 4006
f 4001 3673 4142
f 4007 4001 4142
f 4143 4142 4144
f 4143 4008 4142
f 4008 4007 4142
f 4008 4143 4009
f 4009 4143 4010
f 4010 4143 4011
f 4011 4145 4012
f 4143 4145 4011
f 4146 4012 4145
f 4146 4147 4012
f 4147 4013 4012
f 4140 4003 4013
f 4147 4140 4013
f 4014 4148 4015
f 4014 4149 4148
f 4014 4006 4149
f 4006 4141 4149
f 4143 4144 4150
f 4151 4143 4150
f 4152 4143 4151
f 4153 4143 4152
f 4145 4143 4153
f 4154 4145 4153
f 4146 4145 4154
f 4018 4155 4017
f 4018 4156 4155
f 4015 4156 4018
f 4015 4157 4156
f 4015 4148 4157
f 4149 4157 4148
f 4019 4158 4020
f 4019 4159 4158
f 4017 4159 4019
f 4017 4160 4159
f 4017 4155 4160
f 4156 4160 4155
f 4023 4161 4022
f 4023 4162 4161
f 4020 4162 4023
f 4020 4163 4162
f 4020 4158 4163
f 4159 4163 4158
f 4024 4164 4139
f 4165 4166 4164
f 4165 4164 4025
f 4025 4164 4024
f 4025 4026 4165
f 4029 4167 4028
f 4029 4168 4167
f 4022 4168 4029
f 4022 4169 4168
f 4022 4161 4169
f 4162 4169 4161
f 4165 4170 4166
f 4026 4170 4165
f 4026 4030 4170
f 4030 4171 4170
f 4171 4030 4032
f 4172 4171 4032
f 4035 4173 4034
f 4035 4036 4174
f 4173 4035 4174
f 4036 4037 4175
f 4174 4036 4175
f 4037 4176 4175
f 4028 4176 4037
f 4028 4177 4176
f 4028 4167 4177
f 4168 4177 4167
f 4032 4178 4172
f 4038 4178 4032
f 4179 4180 4178
f 4179 4178 3901
f 3901 4178 4038
f 4179 3901 4181
f 4181 3901 4182
f 4182 3901 4183
f 4183 3901 4184
f 3901 4039 4185
f 4184 3901 4185
f 4186 4185 4039
f 4186 4039 4187
f 4187 4039 4040
f 4173 4040 4034
f 4173 4188 4040
f 4188 4187 4040
f 4174 4188 4173
f 4189 4188 4174
f 4175 4189 4174
f 4190 4189 4175
f 4176 4190 4175
f 4179 4191 4180
f 4181 4191 4179
f 4192 4191 4181
f 4182 4192 4181
f 4193 4192 4182
f 4183 4193 4182
f 4194 4193 4183
f 4195 4194 4183
f 4184 4195 4183
f 4196 4195 4184
f 4185 4196 4184
f 4197 4196 4185
f 4186 4197 4185
f 4043 4042 4198
f 4199 4043 4198
f 4199 4200 4043
f 4200 3738 4043
f 4044 3738 4201
f 3738 4200 4201
f 4045 4044 4202
f 4044 4201 4202
f 4203 4202 4204
f 4203 4046 4202
f 4046 4045 4202
f 4046 4205 4047
f 4203 4205 4046
f 4047 4205 4049
f 4052 4051 4206
f 4207 4052 4206
f 4207 4208 4052
f 4208 4053 4052
f 4054 4053 4209
f 4053 4208 4209
f 4198 4042 4054
f 4198 4054 4210
f 4210 4054 4209
f 4199 4198 4210
f 4203 4204 4211
f 4205 4203 4211
f 4212 4205 4211
f 4213 4212 4214
f 4055 4212 4213
f 4055 4205 4212
f 4055 4049 4205
f 4055 4215 4056
f 4213 4215 4055
f 4056 4215 4057
f 4063 4216 4217
f 4062 4216 4063
f 4063 4217 4218
f 4206 4051 4064
f 4206 4064 4219
f 4219 4064 4218
f 4207 4206 4219
f 4213 4214 4220
f 4215 4213 4220
f 4221 4215 4220
f 4221 4057 4215
f 4221 4222 4057
f 4222 4066 4057
f 4069 4223 4224
f 4068 4223 4069
f 4069 4224 4070
f 4071 4070 4690
f 4072 4071 4225
f 4071 4690 4225
f 4216 4062 4072
f 4225 4216 4072
f 4066 4222 4226
f 4073 4066 4226
f 4074 4073 4227
f 4073 4226 4227
f 4075 4074 4228
f 4074 4227 4228
f 4229 4228 4230
f 4229 4076 4228
f 4076 4075 4228
f 4076 4231 4077
f 4229 4231 4076
f 4077 4231 4078
f 4080 4232 4223
f 4079 4232 4080
f 4223 4068 4080
f 4233 4229 4230
f 4231 4229 4233
f 4078 4234 4081
f 4078 4231 4234
f 4231 4233 4234
f 4081 4234 4083
f 4084 4235 4085
f 4232 4079 4085
f 4237 4233 4236
f 4234 4233 4237
f 4238 4234 4237
f 4083 4234 4238
f 4083 4238 4087
f 4087 4238 4239
f 4094 4239 4240
f 4094 4088 4239
f 4088 4087 4239
f 4084 3968 4235
f 4089 4241 4242
f 4090 4089 4242
f 4089 4091 4241
f 4092 4395 4091
f 4395 4092 4093
f 4243 4395 4093
f 4094 4240 4244
f 4094 4244 4245
f 4090 4242 3773
f 4247 3963 4401
f 4247 4243 3963
f 4243 4093 3963
f 4094 4245 4248
f 4248 4249 4094
f 4401 4095 4250
f 3963 4095 4401
f 4094 4249 4096
f 4249 4251 4096
f 3788 4250 4095
f 3788 4252 4250
f 4252 4253 4250
f 4253 4401 4250
f 4096 4251 4570
f 3773 4242 4097
f 4242 4254 4097
f 4252 3788 4255
f 4253 4252 4256
f 4256 4252 4255
f 4256 4401 4253
f 4098 4257 4258
f 4099 4098 4258
f 4254 4098 4097
f 4257 4098 4254
f 4255 4100 4259
f 3788 4100 4255
f 4256 4255 4260
f 4260 4255 4259
f 4261 4401 4256
f 4260 4261 4256
f 3646 4262 4101
f 4099 4258 4104
f 4258 4266 4104
f 4100 3976 4259
f 4105 4259 3976
f 4260 4259 4105
f 4260 4105 4106
f 4260 4106 4261
f 4261 4106 4263
f 4101 4262 4574
f 4422 4101 4574
f 4264 3968 4102
f 4264 4102 4265
f 4265 4102 4108
f 4104 4266 4109
f 4106 4267 4263
f 4110 4267 4106
f 4268 4269 4267
f 4268 4267 4111
f 4111 4267 4110
f 4268 4111 3977
f 3977 4112 4270
f 4271 4270 4112
f 4271 4112 4272
f 4272 4112 4113
f 4114 4747 4113
f 4113 4747 4272
f 4115 4273 4114
f 4114 4273 4747
f 4273 4115 4116
f 4274 4273 4116
f 4108 4119 4265
f 4117 4119 4108
f 4109 4266 4121
f 4268 4275 4269
f 3977 4275 4268
f 4434 4275 3977
f 4270 4434 3977
f 4276 4434 4270
f 4271 4276 4270
f 4116 4127 4274
f 4119 3831 4277
f 4266 4278 4122
f 4422 4472 4124
f 4122 4278 4279
f 4125 4122 4279
f 4126 4280 4281
f 4126 4125 4280
f 4125 4279 4280
f 4280 4282 4281
f 4128 4283 4129
f 4128 4284 4283
f 4128 4124 4284
f 4124 4472 4284
f 4130 4285 4446
f 4285 4130 3480
f 4286 4285 3480
f 4126 4281 4131
f 4281 4132 4131
f 4281 4282 4132
f 4282 4287 4132
f 4283 4288 4289
f 4283 4289 4129
f 4129 4289 4133
f 4284 4288 4283
f 4290 4134 4139
f 4290 4286 4134
f 4286 3480 4134
f 4290 4139 4291
f 4132 4287 4292
f 3673 4132 4292
f 4293 3673 4292
f 4136 4135 4294
f 4294 4127 4136
f 4137 4295 4138
f 4137 4296 4295
f 4137 4133 4296
f 4133 4289 4296
f 3681 4297 4298
f 3681 4298 4299
f 3681 4299 4300
f 4300 4135 3681
f 4295 4301 4141
f 4138 4295 4141
f 4302 4295 4296
f 4301 4295 4302
f 3673 4144 4142
f 4146 4620 4147
f 4297 4140 4147
f 4620 4297 4147
f 4301 4302 4303
f 4301 4303 4141
f 4141 4303 4149
f 4144 3673 4304
f 4150 4144 4304
f 4151 4150 4620
f 4150 4304 4620
f 4152 4151 4620
f 4153 4152 4620
f 4154 4153 4620
f 4620 4146 4154
f 4157 4305 4306
f 4156 4157 4306
f 4303 4157 4149
f 4305 4157 4303
f 4160 4308 4159
f 4160 4309 4308
f 4160 4156 4309
f 4156 4306 4309
f 4139 4310 4307
f 4311 4310 4139
f 4163 4312 4162
f 4163 4313 4312
f 4159 4313 4163
f 4159 4314 4313
f 4159 4308 4314
f 4309 4314 4308
f 4139 4315 4311
f 4164 4315 4139
f 4315 4164 4166
f 4316 4315 4166
f 4169 4317 4168
f 4169 4318 4317
f 4162 4318 4169
f 4162 4319 4318
f 4162 4312 4319
f 4313 4319 4312
f 4166 4320 4316
f 4170 4320 4166
f 4321 4322 4320
f 4321 4320 4171
f 4171 4320 4170
f 4171 4172 4321
f 4177 4323 4324
f 4176 4177 4324
f 4317 4177 4168
f 4317 4325 4177
f 4325 4323 4177
f 4318 4325 4317
f 4321 4326 4322
f 4178 4327 4326
f 4178 4326 4321
f 4178 4321 4172
f 4178 4180 4327
f 4187 4328 4186
f 4187 4188 4329
f 4328 4187 4329
f 4188 4189 4330
f 4329 4188 4330
f 4331 4330 4189
f 4331 4189 4332
f 4332 4189 4190
f 4324 4190 4176
f 4332 4190 4324
f 4327 4333 4326
f 4180 4333 4327
f 4180 4191 4333
f 4191 4334 4333
f 4192 4335 4191
f 4191 4335 4334
f 4193 4336 4192
f 4192 4336 4335
f 4337 4338 4336
f 4337 4336 4194
f 4194 4336 4193
f 4194 4195 4339
f 4337 4194 4339
f 4195 4196 4340
f 4339 4195 4340
f 4196 4197 4341
f 4340 4196 4341
f 4197 4342 4341
f 4186 4342 4197
f 4186 4343 4342
f 4186 4328 4343
f 4329 4343 4328
f 4344 4343 4329
f 4330 4344 4329
f 4345 4344 4330
f 4331 4345 4330
f 4337 4346 4338
f 4339 4346 4337
f 4347 4346 4339
f 4340 4347 4339
f 4348 4347 4340
f 4341 4348 4340
f 4342 4348 4341
f 4200 4199 4349
f 4200 4350 4201
f 4349 4350 4200
f 4201 4351 4202
f 4350 4351 4201
f 4202 4351 4204
f 4208 4207 4352
f 4208 4353 4209
f 4352 4353 4208
f 4354 4209 4353
f 4354 4355 4209
f 4355 4210 4209
f 4349 4199 4210
f 4349 4210 4356
f 4356 4210 4355
f 4350 4349 4356
f 4357 4350 4356
f 4351 4350 4357
f 4358 4351 4357
f 4204 4351 4358
f 4204 4358 4211
f 4211 4358 4359
f 4360 4359 4361
f 4360 4212 4359
f 4212 4211 4359
f 4212 4360 4214
f 4217 4216 4362
f 4217 4363 4218
f 4362 4363 4217
f 4364 4218 4363
f 4352 4207 4219
f 4352 4219 4365
f 4365 4219 4218
f 4353 4352 4365
f 4366 4353 4365
f 4354 4353 4366
f 4360 4361 4367
f 4214 4360 4367
f 4214 4367 4220
f 4220 4367 4368
f 4369 4368 4370
f 4369 4221 4368
f 4221 4220 4368
f 4221 4369 4222
f 4224 4223 4371
f 4372 4224 4371
f 4372 4373 4224
f 4373 4070 4224
f 4070 4373 4690
f 4362 4216 4225
f 4362 4225 4374
f 4374 4225 4690
f 4363 4362 4374
f 4375 4363 4374
f 4364 4363 4375
f 4369 4370 4376
f 4377 4376 4378
f 4226 4376 4377
f 4226 4369 4376
f 4226 4222 4369
f 4226 4379 4227
f 4377 4379 4226
f 4227 4380 4228
f 4379 4380 4227
f 4228 4380 4230
f 4371 4223 4381
f 4372 4371 4381
f 4377 4378 4382
f 4382 4383 4384
f 4382 4384 4377
f 4377 4384 4379
f 4380 4379 4385
f 4385 4379 4384
f 4230 4385 4233
f 4380 4385 4230
f 4085 4235 4386
f 4085 4386 4387
f 4085 4387 4232
f 4384 4383 4388
f 4385 4384 4388
f 4389 4385 4388
f 4233 4385 4389
f 4233 4389 4236
f 4236 4389 4237
f 4239 4238 4390
f 4238 4237 4390
f 4390 4240 4239
f 4391 4240 4390
f 4386 4235 4392
f 4235 3968 4392
f 4393 4242 4241
f 4393 4241 4394
f 4394 4241 4091
f 4396 4395 4243
f 4240 4391 4397
f 4244 4240 4397
f 4397 4245 4244
f 4398 4245 4397
f 3968 4246 4392
f 4392 4246 4399
f 4400 4242 4393
f 4243 4401 4396
f 4247 4401 4243
f 4245 4398 4402
f 4248 4245 4402
f 4402 4249 4248
f 4403 4249 4402
f 4246 3968 4399
f 4399 3968 4404
f 4406 4242 4400
f 4405 4242 4406
f 4249 4403 4251
f 4403 4407 4251
f 4405 4408 4242
f 4409 4405 4406
f 4409 4410 4405
f 4410 4408 4405
f 4409 4411 4410
f 4251 4407 4570
f 4408 4412 4254
f 4242 4408 4254
f 4410 4413 4408
f 4413 4412 4408
f 4571 4410 4411
f 4413 4410 4571
f 4257 4414 4258
f 4257 4254 4412
f 4257 4412 4414
f 4414 4412 4415
f 4413 4416 4412
f 4416 4415 4412
f 4416 4413 4571
f 3646 4417 4262
f 4414 4419 4266
f 4414 4266 4258
f 4415 4419 4414
f 4416 4419 4415
f 4420 4419 4416
f 4571 4420 4416
f 4261 4263 4401
f 4401 4263 4421
f 4262 4417 4574
f 3968 4423 4418
f 3968 4264 4423
f 4264 4424 4423
f 4424 4264 4265
f 4425 4424 4265
f 4263 4426 4421
f 4267 4426 4263
f 4426 4267 4269
f 4427 4426 4269
f 4271 4272 4428
f 4274 4429 4430
f 4274 4430 4273
f 4273 4430 4747
f 4430 4429 4591
f 4265 4431 4425
f 4119 4431 4265
f 4432 4431 4119
f 4269 4433 4427
f 4275 4433 4269
f 4275 4434 4433
f 4428 4276 4271
f 4429 4127 4435
f 4274 4127 4429
f 4591 4429 4436
f 4436 4429 4435
f 4119 4277 4432
f 4435 4127 4438
f 4436 4435 4439
f 4439 4435 4438
f 4591 4436 4440
f 4440 4436 4439
f 4441 4442 4278
f 4441 4278 4437
f 4437 4278 4266
f 4441 4443 4442
f 4438 4127 4444
f 4439 4438 4445
f 4445 4438 4444
f 4439 4591 4440
f 4278 4442 4279
f 4442 4443 4594
f 4442 4594 4279
f 4279 4594 4280
f 4594 4282 4280
f 4447 4282 4594
f 4444 4127 4448
f 4445 4444 4439
f 4439 4444 4448
f 4449 4591 4439
f 4285 4450 4446
f 4450 4285 4286
f 4451 4450 4286
f 4447 4452 4287
f 4447 4287 4282
f 4447 4453 4452
f 4454 4455 4456
f 4454 4457 4458
f 4456 4457 4454
f 4458 4459 4460
f 4457 4459 4458
f 4459 4461 4460
f 4460 4462 4294
f 4461 4462 4460
f 4448 4127 4462
f 4127 4294 4462
f 4439 4448 4462
f 4463 4439 4462
f 4449 4439 4463
f 4288 4464 4289
f 4288 4465 4464
f 4288 4284 4465
f 4284 4472 4465
f 4286 4466 4451
f 4290 4466 4286
f 4466 4290 4291
f 4467 4466 4291
f 4287 4452 4292
f 4452 4293 4292
f 4452 4453 4293
f 4453 5145 4293
f 4468 4455 4454
f 4469 4455 4468
f 4458 4470 4454
f 4470 4468 4454
f 4460 4471 4458
f 4471 4470 4458
f 4135 4471 4460
f 4294 4135 4460
f 4464 4472 4296
f 4289 4464 4296
f 4472 4464 4465
f 4291 4139 4467
f 4293 5145 3673
f 4469 4468 4298
f 4469 4298 4297
f 4299 4298 4468
f 4470 4299 4468
f 4300 4299 4470
f 4471 4300 4470
f 4135 4300 4471
f 4472 4473 4296
f 4296 4473 4302
f 4302 4474 4475
f 4303 4302 4475
f 4474 4302 4473
f 4304 3673 4476
f 4304 4476 4620
f 4305 4477 4306
f 4305 4478 4477
f 4305 4303 4478
f 4303 4475 4478
f 4479 4139 4307
f 4477 4480 4481
f 4477 4481 4306
f 4306 4481 4309
f 4478 4480 4477
f 4482 4307 4310
f 4482 4483 4307
f 4483 4479 4307
f 4310 4311 4482
f 4314 4484 4485
f 4313 4314 4485
f 4481 4314 4309
f 4484 4314 4481
f 4482 4486 4483
f 4487 4488 4486
f 4315 4487 4486
f 4315 4486 4482
f 4315 4482 4311
f 4315 4316 4487
f 4319 4489 4490
f 4318 4319 4490
f 4485 4319 4313
f 4489 4319 4485
f 4487 4491 4488
f 4492 4493 4491
f 4320 4492 4491
f 4320 4491 4487
f 4320 4487 4316
f 4320 4322 4492
f 4323 4494 4324
f 4495 4494 4323
f 4495 4323 4496
f 4496 4323 4325
f 4490 4325 4318
f 4496 4325 4490
f 4492 4497 4493
f 4322 4497 4492
f 4322 4326 4497
f 4326 4498 4497
f 4499 4498 4326
f 4332 4500 4501
f 4331 4332 4501
f 4494 4332 4324
f 4494 4502 4332
f 4502 4500 4332
f 4495 4502 4494
f 4326 4503 4499
f 4333 4503 4326
f 4504 4505 4503
f 4504 4503 4334
f 4334 4503 4333
f 4334 4335 4506
f 4504 4334 4506
f 4335 4336 4507
f 4506 4335 4507
f 4336 4338 4507
f 4343 4508 4342
f 4343 4344 4509
f 4508 4343 4509
f 4510 4509 4344
f 4510 4344 4511
f 4511 4344 4345
f 4501 4345 4331
f 4511 4345 4501
f 4504 4512 4505
f 4506 4512 4504
f 4513 4512 4506
f 4507 4513 4506
f 4514 4513 4507
f 4338 4514 4507
f 4338 4346 4514
f 4346 4515 4514
f 4347 4515 4346
f 4348 4515 4347
f 4508 4348 4342
f 4508 4516 4348
f 4516 4515 4348
f 4509 4516 4508
f 4517 4516 4509
f 4510 4517 4509
f 4355 4354 4518
f 4355 4519 4356
f 4518 4519 4355
f 4356 4520 4357
f 4519 4520 4356
f 4357 4521 4358
f 4520 4521 4357
f 4358 4522 4359
f 4521 4522 4358
f 4359 4522 4361
f 4218 4364 4523
f 4524 4218 4523
f 4365 4218 4525
f 4366 4365 4526
f 4365 4525 4526
f 4518 4354 4366
f 4518 4366 4527
f 4527 4366 4526
f 4519 4518 4527
f 4528 4519 4527
f 4520 4519 4528
f 4529 4520 4528
f 4521 4520 4529
f 4530 4521 4529
f 4522 4521 4530
f 4531 4522 4530
f 4361 4522 4531
f 4361 4531 4367
f 4367 4531 4532
f 4533 4532 4534
f 4533 4368 4532
f 4368 4367 4532
f 4368 4533 4370
f 4373 4535 4536
f 4372 4535 4373
f 4373 4536 4537
f 4690 4373 4538
f 4373 4537 4538
f 4375 4374 4690
f 4523 4364 4375
f 4523 4375 4539
f 4539 4375 4690
f 4524 4523 4539
f 4533 4534 4540
f 4370 4533 4540
f 4370 4540 4376
f 4376 4540 4541
f 4541 4378 4376
f 4542 4378 4541
f 4232 4543 4223
f 4381 4223 4544
f 4535 4372 4381
f 4544 4535 4381
f 4378 4542 4545
f 4382 4378 4545
f 4545 4383 4382
f 4546 4383 4545
f 4232 4387 4543
f 4543 4387 4547
f 4383 4546 4548
f 4388 4383 4548
f 4389 4388 4237
f 4388 4548 4237
f 4390 4237 4391
f 4386 4549 4550
f 4392 4549 4386
f 4547 4387 4386
f 4550 4547 4386
f 4394 4551 4552
f 4393 4394 4552
f 4091 4553 4394
f 4394 4553 4551
f 4091 4554 4553
f 4091 4555 4554
f 4091 4556 4555
f 4091 4395 4556
f 4557 4395 4396
f 4391 4237 4558
f 4391 4558 4397
f 4397 4558 4559
f 4559 4398 4397
f 4560 4398 4559
f 4392 4399 4549
f 4549 4399 4561
f 4393 4552 4400
f 4552 4562 4400
f 4396 4563 4557
f 4401 4563 4396
f 4564 4563 4401
f 4570 4402 4398
f 4402 4570 4403
f 4399 4404 4561
f 4561 4404 4565
f 4400 4562 4406
f 4562 4566 4406
f 4570 4407 4403
f 4404 3968 4565
f 4565 3968 4567
f 4406 4566 4568
f 4409 4406 4568
f 4568 4411 4409
f 4569 4411 4568
f 4411 4569 4571
f 3646 4572 4417
f 3968 4418 4573
f 4417 4572 4574
f 4418 4575 4573
f 4423 4575 4418
f 4576 4577 4575
f 4576 4575 4424
f 4424 4575 4423
f 4424 4425 4576
f 4578 4421 4426
f 4578 4579 4421
f 4579 4401 4421
f 4426 4427 4578
f 4272 4580 4581
f 4428 4272 4581
f 4272 4747 4580
f 4430 4582 4747
f 4582 4430 4591
f 4583 4582 4591
f 4576 4584 4577
f 4585 4586 4584
f 4431 4585 4584
f 4431 4584 4576
f 4431 4576 4425
f 4431 4432 4585
f 4578 4587 4579
f 4427 4587 4578
f 4427 4433 4587
f 4433 4434 4587
f 4581 4276 4428
f 4434 4276 4581
f 4585 4588 4586
f 4588 4585 4432
f 4588 4432 4589
f 4589 4432 4277
f 4266 4590 4437
f 4437 4590 4592
f 4441 4437 4592
f 4592 4443 4441
f 4593 4443 4592
f 4443 4593 4594
f 5137 4447 4594
f 4591 4449 4607
f 4450 4595 4446
f 4595 4450 4451
f 4596 4595 4451
f 5137 4453 4447
f 4597 4453 5137
f 4456 4455 4598
f 4457 4456 4599
f 4456 4598 4599
f 4459 4457 4600
f 4457 4599 4600
f 4601 4600 4602
f 4601 4461 4600
f 4461 4459 4600
f 4461 4603 4462
f 4601 4603 4461
f 4603 4604 4462
f 4604 4605 4462
f 4462 4606 4463
f 4605 4606 4462
f 4463 4606 4607
f 4463 4607 4449
f 4451 4608 4596
f 4466 4608 4451
f 4608 4466 4467
f 4609 4608 4467
f 4453 4597 5145
f 4455 4469 4610
f 4601 4602 4611
f 4603 4601 4611
f 4612 4603 4611
f 4604 4603 4612
f 4613 4604 4612
f 4605 4604 4613
f 4614 4605 4613
f 4606 4605 4614
f 4615 4606 4614
f 4607 4606 4615
f 4467 4139 4609
f 4297 4620 4617
f 4610 4469 4297
f 4617 4610 4297
f 4472 4618 4619
f 4473 4472 4619
f 4618 4472 4616
f 4474 4621 4475
f 4474 4622 4621
f 4474 4473 4622
f 4473 4619 4622
f 4476 3673 4624
f 4620 4476 4625
f 4476 4624 4625
f 4620 4625 4626
f 4621 4627 4628
f 4621 4628 4475
f 4475 4628 4478
f 4622 4627 4621
f 4139 4629 4623
f 4629 4139 4479
f 4630 4629 4479
f 4480 4631 4481
f 4480 4632 4631
f 4480 4478 4632
f 4478 4628 4632
f 4479 4483 4630
f 4630 4483 4633
f 4484 4634 4485
f 4484 4635 4634
f 4481 4635 4484
f 4481 4636 4635
f 4481 4631 4636
f 4632 4636 4631
f 4483 4974 4633
f 4486 4974 4483
f 4974 4486 4488
f 4489 4637 4490
f 4489 4638 4637
f 4485 4638 4489
f 4485 4639 4638
f 4485 4634 4639
f 4635 4639 4634
f 4491 4974 4488
f 4974 4491 4493
f 4496 4640 4495
f 4496 4641 4640
f 4490 4641 4496
f 4490 4642 4641
f 4490 4637 4642
f 4638 4642 4637
f 4493 4643 4974
f 4497 4643 4493
f 4644 4643 4498
f 4498 4643 4497
f 4498 4499 4644
f 4500 4645 4501
f 4646 4645 4500
f 4646 4500 4647
f 4647 4500 4502
f 4640 4502 4495
f 4640 4648 4502
f 4648 4647 4502
f 4641 4648 4640
f 4644 4649 4643
f 4499 4649 4644
f 4499 4503 4649
f 4503 4650 4649
f 4650 4503 4505
f 4651 4650 4505
f 4511 4652 4510
f 4511 4653 4652
f 4501 4653 4511
f 4501 4654 4653
f 4501 4645 4654
f 4646 4654 4645
f 4505 4655 4651
f 4512 4655 4505
f 4513 4656 4512
f 4512 4656 4655
f 4657 4658 4656
f 4657 4656 4514
f 4514 4656 4513
f 4514 4515 4659
f 4657 4514 4659
f 4659 4515 4660
f 4660 4515 4661
f 4661 4515 4662
f 4663 4662 4515
f 4663 4515 4664
f 4664 4515 4516
f 4517 4665 4516
f 4516 4665 4664
f 4652 4517 4510
f 4652 4666 4517
f 4666 4665 4517
f 4653 4666 4652
f 4657 4667 4658
f 4659 4667 4657
f 4668 4667 4659
f 4660 4668 4659
f 4669 4668 4660
f 4661 4669 4660
f 4670 4669 4661
f 4662 4670 4661
f 4671 4670 4662
f 4663 4671 4662
f 4218 4524 4672
f 4218 4673 4525
f 4672 4673 4218
f 4674 4525 4673
f 4674 4675 4525
f 4675 4526 4525
f 4527 4526 4676
f 4526 4675 4676
f 4528 4527 4677
f 4527 4676 4677
f 4529 4528 4678
f 4528 4677 4678
f 4530 4529 4679
f 4529 4678 4679
f 4531 4530 4680
f 4530 4679 4680
f 4681 4680 4682
f 4681 4532 4680
f 4532 4531 4680
f 4532 4681 4534
f 4536 4535 4683
f 4536 4684 4537
f 4683 4684 4536
f 4537 4685 4538
f 4684 4685 4537
f 4686 4538 4685
f 4686 4687 4538
f 4687 4690 4538
f 4690 4687 4688
f 4690 4688 4689
f 4672 4524 4539
f 4672 4539 4690
f 4673 4672 4690
f 4691 4673 4690
f 4674 4673 4691
f 4681 4682 4692
f 4534 4681 4692
f 4534 4692 4540
f 4540 4692 4693
f 4541 4540 4694
f 4540 4693 4694
f 4694 4542 4541
f 4695 4542 4694
f 4223 4543 4696
f 4697 4223 4696
f 4697 4698 4223
f 4698 4544 4223
f 4683 4535 4544
f 4683 4544 4699
f 4699 4544 4698
f 4684 4683 4699
f 4685 4684 4699
f 4700 4685 4699
f 4686 4685 4700
f 4542 4695 4701
f 4545 4542 4701
f 4701 4546 4545
f 4702 4546 4701
f 4696 4703 4704
f 4696 4543 4703
f 4543 4547 4703
f 4697 4696 4704
f 4546 4702 4705
f 4548 4546 4705
f 4548 4705 4237
f 4237 4706 4707
f 4708 4237 4707
f 4550 4709 4710
f 4549 4709 4550
f 4703 4547 4550
f 4710 4703 4550
f 4551 4711 4552
f 4551 4553 4712
f 4711 4551 4712
f 4553 4554 4713
f 4712 4553 4713
f 4554 4555 4714
f 4713 4554 4714
f 4555 4556 4715
f 4714 4555 4715
f 4556 4395 4716
f 4715 4556 4716
f 4395 4557 4716
f 4237 4708 4717
f 4558 4237 4717
f 4718 4717 4719
f 4718 4559 4717
f 4559 4558 4717
f 4559 4718 4560
f 4549 4561 4709
f 4709 4561 4720
f 4711 4721 4562
f 4552 4711 4562
f 4722 4712 4723
f 4722 4721 4712
f 4721 4711 4712
f 4713 4723 4712
f 4724 4723 4713
f 4714 4724 4713
f 4725 4724 4714
f 4715 4725 4714
f 4726 4725 4715
f 4726 4727 4728
f 4726 4715 4727
f 4715 4716 4727
f 4557 4563 4729
f 4557 4729 4716
f 4716 4729 4727
f 4563 4564 4729
f 4718 4719 4730
f 4730 4560 4718
f 4730 4731 4560
f 4731 4398 4560
f 4561 4565 4720
f 4720 4565 4732
f 4721 4733 4566
f 4562 4721 4566
f 4734 4721 4722
f 4733 4721 4734
f 4727 4735 4728
f 4729 4735 4727
f 4736 4735 4729
f 4736 4729 4564
f 4736 4564 4737
f 4737 4564 4401
f 4570 4398 4913
f 4913 4398 4731
f 4565 4567 4732
f 4732 4567 4738
f 4566 4733 4568
f 4733 4569 4568
f 4733 4734 4569
f 4734 4571 4569
f 4567 3968 4738
f 4738 3968 4739
f 4913 3646 4570
f 4739 3968 4740
f 3646 4913 4572
f 4913 4741 4572
f 3968 4573 4740
f 4740 4573 4742
f 4419 4743 4744
f 4266 4419 4744
f 4419 4420 4743
f 4572 4741 4574
f 4573 5129 4742
f 4575 5129 4573
f 5129 4575 4577
f 4401 4579 4745
f 4746 4747 4748
f 4746 4581 4580
f 4746 4580 4747
f 4582 4749 4747
f 4749 4582 4583
f 4750 4749 4583
f 4584 5129 4577
f 5129 4584 4586
f 4751 4579 4587
f 4751 4752 4579
f 4752 4745 4579
f 4751 4587 4434
f 4753 4434 4754
f 4748 4434 4746
f 4748 4754 4434
f 4581 4746 4434
f 4583 4755 4750
f 4591 4755 4583
f 4756 4755 4591
f 4588 5129 4586
f 5129 4588 4589
f 4757 5129 4589
f 4266 4758 4590
f 4751 4759 4752
f 4434 4759 4751
f 4760 4759 4434
f 4761 4760 4434
f 4753 4761 4434
f 4591 4762 4756
f 4589 4277 4757
f 4590 4758 4763
f 4592 4590 4763
f 4763 4593 4592
f 4764 4593 4763
f 4593 4764 4594
f 4595 4765 4446
f 4765 4595 4596
f 4766 4765 4596
f 4767 4597 5137
f 4598 4455 4768
f 4599 4598 4769
f 4598 4768 4769
f 4600 4599 4770
f 4599 4769 4770
f 4770 4602 4600
f 4771 4602 4770
f 4596 4772 4766
f 4608 4772 4596
f 4772 4608 4609
f 4773 4772 4609
f 4597 4767 5145
f 4455 4610 4774
f 4775 4611 4602
f 4775 4602 4776
f 4776 4602 4771
f 4611 4777 4612
f 4775 4777 4611
f 4612 4778 4613
f 4777 4778 4612
f 4613 4779 4614
f 4778 4779 4613
f 4614 4780 4615
f 4779 4780 4614
f 4615 4780 4781
f 4615 4781 4607
f 4609 4139 4773
f 4617 4620 4782
f 4617 4782 4774
f 4617 4774 4610
f 4775 4776 4783
f 4777 4775 4783
f 4784 4777 4783
f 4778 4777 4784
f 4785 4778 4784
f 4779 4778 4785
f 4786 4779 4785
f 4780 4779 4786
f 4787 4780 4786
f 4781 4780 4787
f 4618 4788 4619
f 4618 4789 4788
f 4618 4616 4789
f 4616 4472 4789
f 4620 4790 4782
f 4790 4791 4782
f 4791 4774 4782
f 4788 4792 4793
f 4788 4793 4619
f 4619 4793 4622
f 4789 4792 4788
f 4794 4139 4623
f 4624 3673 4795
f 4796 4795 4797
f 4796 4625 4795
f 4625 4624 4795
f 4625 4798 4626
f 4796 4798 4625
f 4626 4799 4620
f 4798 4799 4626
f 4799 4800 4620
f 4620 4800 4790
f 4800 4801 4790
f 4791 4790 4802
f 4802 4790 4801
f 4803 4774 4791
f 4802 4803 4791
f 4627 4804 4628
f 4627 4805 4804
f 4627 4622 4805
f 4622 4793 4805
f 4806 4623 4629
f 4806 4974 4623
f 4974 4794 4623
f 4629 4630 4806
f 4796 4797 4807
f 4798 4796 4807
f 4808 4798 4807
f 4799 4798 4808
f 4809 4799 4808
f 4800 4799 4809
f 4810 4800 4809
f 4801 4800 4810
f 4811 4801 4810
f 4802 4801 4811
f 4812 4802 4811
f 4803 4802 4812
f 4804 4813 4814
f 4804 4814 4628
f 4628 4814 4632
f 4805 4813 4804
f 4806 4815 4974
f 4815 4806 4630
f 4815 4630 4816
f 4816 4630 4633
f 4636 4817 4635
f 4636 4818 4817
f 4636 4632 4818
f 4632 4814 4818
f 4633 4974 4816
f 4639 4819 4820
f 4638 4639 4820
f 4817 4639 4635
f 4817 4821 4639
f 4821 4819 4639
f 4818 4821 4817
f 4642 4823 4824
f 4641 4642 4824
f 4820 4642 4638
f 4823 4642 4820
f 4974 4825 4822
f 4643 4825 4974
f 4826 4825 4643
f 4647 4827 4646
f 4647 4648 4828
f 4827 4647 4828
f 4648 4829 4828
f 4648 4641 4829
f 4641 4824 4829
f 4643 4830 4826
f 4649 4830 4643
f 4831 4832 4830
f 4831 4830 4650
f 4650 4830 4649
f 4650 4651 4831
f 4653 4654 4833
f 4827 4654 4646
f 4827 4834 4654
f 4834 4833 4654
f 4828 4834 4827
f 4835 4834 4828
f 4829 4835 4828
f 4831 4836 4832
f 4651 4836 4831
f 4651 4655 4836
f 4655 4837 4836
f 4838 4839 4837
f 4838 4837 4656
f 4656 4837 4655
f 4656 4658 4838
f 4664 4840 4663
f 4664 4665 4841
f 4840 4664 4841
f 4842 4841 4665
f 4842 4665 4833
f 4833 4665 4666
f 4833 4666 4653
f 4838 4843 4839
f 4658 4843 4838
f 4658 4667 4843
f 4667 4844 4843
f 4668 4844 4667
f 4669 4844 4668
f 4670 4844 4669
f 4671 4845 4670
f 4670 4845 4844
f 4840 4671 4663
f 4840 4846 4671
f 4846 4845 4671
f 4841 4846 4840
f 4847 4846 4841
f 4842 4847 4841
f 4675 4674 4848
f 4675 4849 4676
f 4848 4849 4675
f 4676 4850 4677
f 4849 4850 4676
f 4677 4851 4678
f 4850 4851 4677
f 4678 4852 4679
f 4851 4852 4678
f 4679 4853 4680
f 4852 4853 4679
f 4680 4853 4682
f 4687 4686 4854
f 4687 4855 4688
f 4854 4855 4687
f 4688 4856 4689
f 4855 4856 4688
f 4857 4689 4856
f 4857 4858 4689
f 4858 4690 4689
f 4848 4674 4691
f 4848 4691 4859
f 4859 4691 4690
f 4849 4848 4859
f 4860 4849 4859
f 4850 4849 4860
f 4861 4850 4860
f 4851 4850 4861
f 4862 4851 4861
f 4852 4851 4862
f 4863 4852 4862
f 4853 4852 4863
f 4864 4853 4863
f 4865 4864 4866
f 4692 4864 4865
f 4692 4853 4864
f 4692 4682 4853
f 4692 4867 4693
f 4865 4867 4692
f 4693 4868 4694
f 4867 4868 4693
f 4694 4868 4695
f 4698 4869 4870
f 4697 4869 4698
f 4698 4870 4699
f 4700 4699 4871
f 4854 4686 4700
f 4854 4700 4872
f 4872 4700 4871
f 4855 4854 4872
f 4873 4855 4872
f 4856 4855 4873
f 4874 4856 4873
f 4857 4856 4874
f 4865 4866 4875
f 4867 4865 4875
f 4876 4867 4875
f 4868 4867 4876
f 4877 4868 4876
f 4695 4868 4877
f 4695 4877 4701
f 4701 4877 4878
f 4878 4702 4701
f 4879 4702 4878
f 4704 4880 4881
f 4703 4880 4704
f 4869 4697 4704
f 4881 4869 4704
f 4702 4879 4882
f 4705 4702 4882
f 4237 4705 4883
f 4705 4882 4883
f 4884 4883 4885
f 4884 4706 4883
f 4706 4237 4883
f 4706 4886 4707
f 4884 4886 4706
f 4707 4886 4708
f 4710 4887 4888
f 4709 4887 4710
f 4880 4703 4710
f 4888 4880 4710
f 4884 4885 4889
f 4886 4884 4889
f 4890 4886 4889
f 4708 4886 4890
f 4708 4890 4717
f 4717 4890 4891
f 4891 4719 4717
f 4892 4719 4891
f 4709 4720 4887
f 4887 4720 4893
f 4723 4894 4722
f 4723 4724 4895
f 4894 4723 4895
f 4724 4725 4896
f 4895 4724 4896
f 4725 4726 4897
f 4896 4725 4897
f 4726 4728 4897
f 4719 4892 4898
f 4730 4719 4898
f 4898 4731 4730
f 4899 4731 4898
f 4720 4732 4893
f 4893 4732 4900
f 4894 4901 4902
f 4894 4902 4722
f 4722 4902 4734
f 4895 4901 4894
f 4903 4901 4895
f 4896 4903 4895
f 4904 4903 4896
f 4897 4904 4896
f 4905 4904 4897
f 4906 4907 4905
f 4735 4906 4905
f 4735 4905 4897
f 4735 4897 4728
f 4735 4736 4908
f 4906 4735 4908
f 4736 4737 4908
f 4731 4899 4913
f 4732 4738 4900
f 4900 4738 4909
f 4734 4902 4571
f 4906 4910 4907
f 4908 4910 4906
f 4911 4910 4908
f 4911 4908 4737
f 4911 4737 4912
f 4912 4737 4401
f 4738 4739 4909
f 4909 4739 4914
f 4739 4740 4914
f 4914 4740 4915
f 4913 4916 4741
f 4740 4742 4915
f 4915 4742 4917
f 4743 4918 4744
f 4919 4918 4743
f 4919 4743 4920
f 4920 4743 4420
f 4420 4921 4920
f 4921 4420 4571
f 4741 4916 4574
f 4742 5129 4917
f 4918 4922 4923
f 4918 4923 4744
f 4744 4923 4266
f 4919 4922 4918
f 4748 4747 4924
f 4926 4927 4925
f 4926 4925 4749
f 4749 4925 4747
f 4749 4750 4926
f 4923 4928 4266
f 4745 4752 4929
f 4754 4930 4931
f 4753 4754 4931
f 4924 4754 4748
f 4930 4754 4924
f 4926 4932 4927
f 4933 4934 4932
f 4755 4933 4932
f 4755 4932 4926
f 4755 4926 4750
f 4755 4756 4933
f 4266 4928 4758
f 4928 4935 4758
f 4752 4936 4929
f 4759 4936 4752
f 4760 4937 4759
f 4759 4937 4936
f 4761 4938 4760
f 4760 4938 4937
f 4931 4761 4753
f 4938 4761 4931
f 4933 4939 4934
f 4756 4939 4933
f 4756 4762 4939
f 4762 4940 4939
f 4940 4762 4591
f 5129 4757 4277
f 4758 4935 4941
f 4763 4758 4941
f 4941 4764 4763
f 4942 4764 4941
f 4277 4446 5129
f 4764 4942 4594
f 4591 4607 4943
f 4765 4944 4446
f 4944 4765 4766
f 4945 4944 4766
f 4946 4767 5137
f 4768 4455 4951
f 4768 4947 4769
f 4951 4947 4768
f 4769 4948 4770
f 4947 4948 4769
f 4770 4948 4771
f 4766 4949 4945
f 4772 4949 4766
f 4949 4772 4773
f 4950 4949 4773
f 4767 4946 5145
f 4455 4774 4951
f 4948 4947 4952
f 4952 4947 4951
f 4771 4952 4776
f 4948 4952 4771
f 4607 4781 4953
f 4773 4139 4950
f 4776 4954 4783
f 4776 4952 4954
f 4952 4951 4954
f 4783 4955 4784
f 4954 4955 4783
f 4784 4956 4785
f 4955 4956 4784
f 4785 4957 4786
f 4956 4957 4785
f 4786 4958 4787
f 4957 4958 4786
f 4787 4958 4959
f 4787 4959 4781
f 4781 4959 4953
f 4472 4960 4789
f 4951 4774 4961
f 4962 4951 4961
f 4963 4964 4951
f 4963 4951 4962
f 4954 4951 4964
f 5149 4954 4964
f 4955 4954 5149
f 4956 4955 5149
f 4957 4956 5149
f 4965 4957 5149
f 4958 4957 4965
f 4966 4958 4965
f 4959 4958 4966
f 4792 4967 4968
f 4793 4792 4968
f 4960 4792 4789
f 4967 4792 4960
f 4969 4139 4794
f 3673 4797 4795
f 4961 4803 4970
f 4774 4803 4961
f 4962 4961 4971
f 4971 4961 4970
f 4972 4963 4962
f 4971 4972 4962
f 4793 4968 4805
f 4968 4973 4805
f 4794 4974 4969
f 4797 3673 4975
f 4807 4797 4975
f 4808 4807 4976
f 4807 4975 4976
f 4977 4976 4978
f 4977 4809 4976
f 4809 4808 4976
f 4809 4979 4810
f 4977 4979 4809
f 4810 4980 4811
f 4979 4980 4810
f 4811 4981 4812
f 4980 4981 4811
f 4812 4970 4803
f 4812 4981 4970
f 4981 4982 4970
f 4988 4971 4982
f 4982 4971 4970
f 4972 4971 4988
f 4813 4983 4984
f 4814 4813 4984
f 4973 4813 4805
f 4983 4813 4973
f 4974 4815 4816
f 4977 4978 4985
f 4979 4977 4985
f 4986 4979 4985
f 4980 4979 4986
f 5173 4980 4986
f 4981 4980 5173
f 4987 4981 5173
f 4982 4981 4987
f 4988 4982 4987
f 4814 4984 4818
f 4984 5171 4818
f 4819 4990 4820
f 4991 4990 4819
f 4991 4819 4992
f 4992 4819 4821
f 5171 4821 4818
f 4992 4821 5171
f 4974 4993 4989
f 4993 4974 4822
f 4994 4993 4822
f 4823 4995 4824
f 4823 4996 4995
f 4820 4996 4823
f 4820 4997 4996
f 4820 4990 4997
f 4991 4997 4990
f 4998 4822 4825
f 4998 5183 4822
f 5183 4994 4822
f 4825 4826 4998
f 4995 4999 5000
f 4995 5000 4824
f 4824 5000 4829
f 4996 4999 4995
f 4998 5005 5183
f 4830 5005 4998
f 4830 4998 4826
f 4830 4832 5005
f 4833 4834 5002
f 5001 4833 5002
f 5003 5002 4834
f 5003 4834 5004
f 5004 4834 4835
f 5000 4835 4829
f 5004 4835 5000
f 4832 4836 5005
f 4836 5006 5005
f 5007 5008 5006
f 5007 5006 4837
f 4837 5006 4836
f 4837 4839 5007
f 4833 5009 4842
f 4833 5010 5009
f 4833 5011 5010
f 4833 5001 5011
f 5002 5011 5001
f 5012 5011 5002
f 5003 5012 5002
f 5007 5013 5008
f 4839 5013 5007
f 4839 4843 5013
f 4843 5014 5013
f 4844 5015 4843
f 4843 5015 5014
f 5016 5017 5015
f 5016 5015 4844
f 5016 4844 5018
f 5018 4844 5019
f 4844 4845 5020
f 5019 4844 5020
f 5021 5020 4845
f 5021 4845 5022
f 5022 4845 4846
f 4847 5023 4846
f 4846 5023 5022
f 5009 4847 4842
f 5009 5024 4847
f 5024 5023 4847
f 5010 5024 5009
f 5016 5025 5017
f 5018 5025 5016
f 5026 5025 5018
f 5019 5026 5018
f 5027 5026 5019
f 5020 5027 5019
f 5028 5027 5020
f 5021 5028 5020
f 4858 4857 5029
f 5030 4858 5029
f 5030 4690 4858
f 4860 4859 4690
f 4861 4860 5031
f 4860 4690 5031
f 4862 4861 5032
f 4861 5031 5032
f 4863 4862 5033
f 4862 5032 5033
f 5034 5033 5035
f 5034 4864 5033
f 4864 4863 5033
f 4864 5034 4866
f 4870 4869 5212
f 5212 5036 4870
f 5036 4699 4870
f 4699 5036 5037
f 4871 4699 5038
f 4699 5037 5038
f 4872 4871 5039
f 4871 5038 5039
f 4873 4872 5040
f 4872 5039 5040
f 4874 4873 5041
f 4873 5040 5041
f 5029 4857 4874
f 5029 4874 5042
f 5042 4874 5041
f 5030 5029 5042
f 5034 5035 5043
f 4866 5034 5043
f 4866 5043 4875
f 4875 5043 5044
f 4876 4875 5045
f 4875 5044 5045
f 4877 4876 5046
f 4876 5045 5046
f 5047 5046 5048
f 5047 4878 5046
f 4878 4877 5046
f 4878 5047 4879
f 4881 5049 5050
f 4880 5049 4881
f 5212 4869 4881
f 5212 4881 5050
f 5047 5048 5051
f 4879 5047 5051
f 4879 5051 4882
f 4882 5051 4883
f 5052 4885 4883
f 4888 5053 5054
f 4887 5053 4888
f 5049 4880 4888
f 5054 5049 4888
f 4885 5052 5055
f 4889 4885 5055
f 4890 4889 5056
f 4889 5055 5056
f 5057 5056 5058
f 5057 4891 5056
f 4891 4890 5056
f 4891 5057 4892
f 4887 4893 5053
f 5053 4893 5059
f 5057 5058 5060
f 5061 5060 5062
f 4898 5060 5061
f 4898 5057 5060
f 4898 4892 5057
f 4898 5061 4899
f 4893 4900 5059
f 5059 4900 5063
f 4901 5064 4902
f 4901 4903 5065
f 5064 4901 5065
f 4903 4904 5066
f 5065 4903 5066
f 4904 4905 5067
f 5066 4904 5067
f 4905 4907 5067
f 5061 5062 5068
f 5068 4899 5061
f 5068 4913 4899
f 4900 4909 5063
f 5063 4909 5069
f 5064 5070 4571
f 4902 5064 4571
f 5071 5065 5072
f 5071 5070 5065
f 5070 5064 5065
f 5066 5072 5065
f 5073 5072 5066
f 5067 5073 5066
f 5074 5073 5067
f 4907 5074 5067
f 4907 4910 5074
f 4910 5075 5074
f 4911 5076 4910
f 4910 5076 5075
f 5076 4911 4912
f 5077 5076 4912
f 4909 4914 5069
f 5069 4914 5078
f 5070 5079 4571
f 5080 5070 5071
f 5079 5070 5080
f 4912 4401 5077
f 4914 4915 5078
f 5078 4915 5081
f 5079 5082 4571
f 5083 5079 5080
f 5082 5079 5083
f 4913 5084 4916
f 4915 4917 5081
f 5081 4917 5085
f 4920 5086 4919
f 4920 4921 5087
f 5086 4920 5087
f 4921 4571 5082
f 4921 5082 5087
f 5087 5082 5088
f 5089 5082 5083
f 5088 5082 5089
f 4916 5084 5091
f 4574 4916 5091
f 5091 4422 4574
f 5092 4422 5091
f 4917 5093 5085
f 5129 5093 4917
f 5094 5093 5129
f 4922 5095 4923
f 4922 5096 5095
f 4919 5096 4922
f 4919 5097 5096
f 4919 5086 5097
f 5087 5097 5086
f 5098 5097 5087
f 5088 5098 5087
f 5099 5098 5088
f 5089 5099 5088
f 5100 5101 5102
f 5100 5103 5104
f 5102 5103 5100
f 5104 5103 5090
f 5104 5090 4745
f 4745 5090 4401
f 4924 4747 5105
f 4925 5106 4747
f 5106 4925 4927
f 5107 5106 4927
f 4422 5092 4472
f 5095 5108 4928
f 4923 5095 4928
f 5109 5095 5096
f 5108 5095 5109
f 5110 5101 5100
f 5111 5101 5110
f 5104 5112 5100
f 5112 5110 5100
f 4745 4929 5112
f 5104 4745 5112
f 4930 5113 4931
f 4930 5114 5113
f 4930 4924 5114
f 4924 5105 5114
f 5115 4927 4932
f 5115 5116 4927
f 5116 5107 4927
f 4932 4934 5115
f 5108 5117 4935
f 4928 5108 4935
f 5118 5108 5109
f 5117 5108 5118
f 5119 5111 5110
f 4929 4936 5120
f 4929 5120 5112
f 5112 5120 5110
f 4936 4937 5121
f 5120 4936 5121
f 4937 4938 5122
f 5121 4937 5122
f 4938 5123 5122
f 4931 5123 4938
f 4931 5124 5123
f 4931 5113 5124
f 5114 5124 5113
f 5115 5125 5116
f 4934 5125 5115
f 4934 4939 5125
f 4939 5126 5125
f 4940 5127 4939
f 4939 5127 5126
f 5127 4940 4591
f 5128 5127 4591
f 4935 5117 4941
f 5117 4942 4941
f 5117 5118 4942
f 5118 5130 4942
f 5110 5131 5119
f 5132 5131 5110
f 5120 5132 5110
f 5133 5132 5120
f 5121 5133 5120
f 5134 5133 5121
f 5122 5134 5121
f 5135 5134 5122
f 5123 5135 5122
f 4591 4943 5128
f 5128 4943 5136
f 4942 5130 4594
f 4943 4607 5136
f 5136 4607 5138
f 4944 5139 4446
f 5139 4944 4945
f 5140 5139 4945
f 5141 4946 5137
f 5138 4607 5142
f 4945 5143 5140
f 4949 5143 4945
f 5143 4949 4950
f 5144 5143 4950
f 4946 5141 5145
f 4607 4953 5142
f 5142 4953 5146
f 4950 4139 5144
f 4953 4959 5146
f 5146 4959 5147
f 4964 4963 5148
f 5148 5149 4964
f 5149 5150 4965
f 5151 4965 5150
f 5151 4966 4965
f 5147 4959 4966
f 5151 5147 4966
f 4967 5152 4968
f 4967 5153 5152
f 4967 4960 5153
f 4960 4472 5153
f 5154 4139 4969
f 4963 4972 5148
f 5149 5148 5155
f 5155 5148 4972
f 5150 5149 5156
f 5157 5150 5156
f 5151 5150 5157
f 5152 5158 5159
f 5152 5159 4968
f 4968 5159 4973
f 5153 5158 5152
f 4969 4974 5154
f 4975 3673 5160
f 5161 5160 5162
f 5161 4976 5160
f 4976 4975 5160
f 4976 5161 4978
f 4972 4988 5163
f 5155 4972 5163
f 5164 5155 5163
f 5149 5155 5164
f 4983 5171 4984
f 4983 5165 5171
f 4983 4973 5165
f 4973 5159 5165
f 5161 5162 5166
f 4978 5161 5166
f 4978 5166 4985
f 4985 5166 5167
f 5173 4986 5167
f 4986 4985 5167
f 5173 5168 4987
f 5169 4987 5168
f 5169 5170 4987
f 5170 4988 4987
f 5172 4974 4989
f 5174 5168 5173
f 5169 5168 5174
f 4992 5171 5175
f 4991 4992 5175
f 5176 4989 4993
f 5176 5172 4989
f 4993 4994 5176
f 4997 5177 4996
f 4997 5178 5177
f 4997 4991 5178
f 4991 5175 5178
f 5176 4994 5179
f 5179 4994 5183
f 4999 5180 5181
f 5000 4999 5181
f 5177 4999 4996
f 5177 5182 4999
f 5182 5180 4999
f 5178 5182 5177
f 5004 5012 5003
f 5004 5184 5012
f 5004 5000 5184
f 5000 5181 5184
f 5005 5006 5185
f 5006 5008 5185
f 5011 5378 5010
f 5378 5011 5186
f 5186 5011 5012
f 5187 5186 5012
f 5184 5187 5012
f 5005 5188 5183
f 5185 5188 5005
f 5189 5188 5185
f 5008 5189 5185
f 5008 5013 5189
f 5013 5190 5189
f 5191 5192 5190
f 5191 5190 5014
f 5014 5190 5013
f 5014 5015 5193
f 5191 5014 5193
f 5015 5017 5193
f 5022 5194 5021
f 5022 5023 5195
f 5194 5022 5195
f 5196 5195 5023
f 5196 5023 5197
f 5197 5023 5024
f 5378 5024 5010
f 5378 5198 5024
f 5198 5197 5024
f 5191 5199 5192
f 5193 5199 5191
f 5200 5199 5193
f 5017 5200 5193
f 5017 5025 5200
f 5025 5201 5200
f 5026 5202 5025
f 5025 5202 5201
f 5027 5203 5026
f 5026 5203 5202
f 5028 5204 5027
f 5027 5204 5203
f 5194 5028 5021
f 5194 5205 5028
f 5205 5204 5028
f 5195 5205 5194
f 5206 5205 5195
f 5196 5206 5195
f 5207 5208 4690
f 4690 5209 5031
f 5208 5209 4690
f 5031 5210 5032
f 5209 5210 5031
f 5032 5211 5033
f 5210 5211 5032
f 5033 5211 5035
f 5036 5212 5037
f 5037 5212 5038
f 5038 5212 5039
f 5039 5213 5040
f 5212 5213 5039
f 5214 5040 5213
f 5214 5041 5040
f 5042 5041 5215
f 4690 5030 5042
f 4690 5042 5216
f 5216 5042 5215
f 5217 4690 5216
f 5207 4690 5217
f 5218 5207 5217
f 5208 5207 5218
f 5219 5208 5218
f 5209 5208 5219
f 5220 5209 5219
f 5210 5209 5220
f 5221 5210 5220
f 5211 5210 5221
f 5222 5211 5221
f 5035 5211 5222
f 5035 5222 5043
f 5043 5222 5223
f 5044 5043 5224
f 5043 5223 5224
f 5225 5224 5226
f 5225 5045 5224
f 5045 5044 5224
f 5045 5227 5046
f 5225 5227 5045
f 5046 5227 5048
f 5050 5049 5228
f 5229 5050 5228
f 5229 5230 5050
f 5230 5212 5050
f 5231 5213 5212
f 5214 5213 5231
f 5225 5226 5232
f 5227 5225 5232
f 5233 5227 5232
f 5048 5227 5233
f 5048 5233 5051
f 5051 5233 5234
f 4883 5051 5235
f 5051 5234 5235
f 5236 5235 5237
f 5236 4883 5235
f 5236 5238 4883
f 4883 5238 5052
f 5054 5053 5239
f 5054 5239 5240
f 5049 5054 5240
f 5049 5240 5241
f 5049 5241 5228
f 5229 5228 5241
f 5236 5237 5242
f 5238 5236 5242
f 5243 5238 5242
f 5052 5238 5243
f 5052 5243 5055
f 5056 5055 5244
f 5244 5058 5056
f 5245 5058 5244
f 5239 5059 5246
f 5053 5059 5239
f 5409 5240 5239
f 5246 5409 5239
f 5058 5245 5247
f 5060 5058 5247
f 5247 5062 5060
f 5248 5062 5247
f 5246 5063 5249
f 5059 5063 5246
f 5249 5409 5246
f 5062 5248 5250
f 5068 5062 5250
f 5250 4913 5068
f 5249 5069 5251
f 5063 5069 5249
f 5251 5409 5249
f 5072 5252 5071
f 5072 5073 5253
f 5252 5072 5253
f 5073 5074 5254
f 5253 5073 5254
f 5074 5075 5255
f 5254 5074 5255
f 5075 5076 5256
f 5255 5075 5256
f 5076 5077 5256
f 5251 5078 5257
f 5069 5078 5251
f 5258 5409 5251
f 5257 5258 5251
f 5252 5259 5260
f 5252 5260 5071
f 5071 5260 5080
f 5253 5259 5252
f 5261 5259 5253
f 5254 5261 5253
f 5262 5261 5254
f 5255 5262 5254
f 5263 5262 5255
f 5256 5263 5255
f 5264 5263 5256
f 5264 5256 5077
f 5264 5077 5265
f 5265 5077 4401
f 5257 5081 5267
f 5078 5081 5257
f 5268 5258 5257
f 5267 5268 5257
f 5080 5260 5083
f 5265 4401 5269
f 4913 5266 5084
f 5266 5270 5084
f 5267 5085 5271
f 5081 5085 5267
f 5272 5268 5267
f 5271 5272 5267
f 5083 5260 5089
f 4401 5090 5269
f 5269 5090 5273
f 5274 5091 5084
f 5274 5084 5270
f 5091 5274 5092
f 5085 5093 5271
f 5271 5093 5094
f 5271 5094 5272
f 5272 5094 5275
f 5097 5276 5277
f 5096 5097 5277
f 5098 5278 5097
f 5097 5278 5276
f 5099 5279 5098
f 5098 5279 5278
f 5260 5099 5089
f 5279 5099 5260
f 5102 5280 5281
f 5101 5280 5102
f 5103 5102 5282
f 5102 5281 5282
f 5273 5090 5103
f 5282 5273 5103
f 5105 4747 5283
f 5106 5284 4747
f 5284 5106 5107
f 5274 5270 5444
f 5444 5092 5274
f 5444 5445 5092
f 5445 4472 5092
f 5094 5129 5275
f 5096 5277 5109
f 5277 5285 5109
f 5101 5111 5280
f 5280 5111 5289
f 5105 5283 5114
f 5283 5286 5114
f 5107 5116 5287
f 5109 5285 5118
f 5285 5288 5118
f 5111 5119 5289
f 5124 5290 5123
f 5124 5291 5290
f 5124 5114 5291
f 5114 5286 5291
f 5116 5292 5287
f 5125 5292 5116
f 5293 5294 5292
f 5293 5292 5126
f 5126 5292 5125
f 5126 5127 5295
f 5293 5126 5295
f 5127 5128 5295
f 5118 5288 5130
f 5288 5296 5130
f 5297 5119 5131
f 5297 5289 5119
f 5131 5132 5298
f 5297 5131 5298
f 5132 5133 5299
f 5298 5132 5299
f 5133 5134 5300
f 5299 5133 5300
f 5134 5135 5301
f 5300 5134 5301
f 5135 5123 5290
f 5135 5290 5301
f 5301 5290 5302
f 5303 5290 5291
f 5302 5290 5303
f 5293 5304 5294
f 5295 5304 5293
f 5305 5304 5295
f 5305 5295 5128
f 5305 5128 5306
f 5306 5128 5136
f 5130 5296 4594
f 5297 5307 5289
f 5298 5307 5297
f 5299 5307 5298
f 5308 5307 5299
f 5308 5309 5310
f 5308 5299 5309
f 5299 5300 5309
f 5301 5309 5300
f 5302 5311 5301
f 5311 5309 5301
f 5312 5302 5303
f 5311 5302 5312
f 5136 5138 5306
f 5139 5313 4446
f 5313 5139 5140
f 5314 5313 5140
f 5145 5137 5315
f 5137 5145 5141
f 5309 5316 5310
f 5479 5316 5309
f 5311 5479 5309
f 5312 5479 5311
f 5138 5142 5306
f 5306 5142 5317
f 5140 5318 5314
f 5143 5318 5140
f 5318 5143 5144
f 5319 5318 5144
f 5142 5146 5317
f 5317 5146 5628
f 5144 4139 5319
f 5146 5147 5628
f 3673 5145 5320
f 5321 3673 5320
f 5151 5322 5147
f 4472 5323 5153
f 5324 4139 5154
f 3673 5321 5325
f 5326 3673 5325
f 5149 5327 5156
f 5328 5156 5327
f 5328 5329 5156
f 5329 5157 5156
f 5151 5157 5330
f 5330 5157 5329
f 5322 5151 5330
f 5158 5331 5332
f 5159 5158 5332
f 5323 5158 5153
f 5331 5158 5323
f 5154 4974 5324
f 3673 5326 5333
f 5160 3673 5333
f 5333 5162 5160
f 5334 5162 5333
f 5163 4988 5335
f 5163 5336 5164
f 5335 5336 5163
f 5164 5336 5337
f 5149 5164 5337
f 5149 5337 5338
f 5327 5149 5338
f 5339 5327 5338
f 5328 5327 5339
f 5159 5332 5165
f 5332 5340 5165
f 5162 5334 5341
f 5166 5162 5341
f 5173 5167 5341
f 5167 5166 5341
f 5170 5342 5343
f 5169 5342 5170
f 4988 5170 5344
f 5170 5343 5344
f 5335 4988 5345
f 5345 4988 5344
f 5336 5335 5345
f 5346 5336 5345
f 5337 5336 5346
f 5171 5347 5348
f 5340 5171 5165
f 5347 5171 5340
f 5349 4974 5172
f 5174 5173 5350
f 5342 5169 5174
f 5350 5342 5174
f 5171 5348 5351
f 5172 5176 5349
f 5171 5352 5353
f 5171 5353 5175
f 5175 5353 5178
f 5351 5352 5171
f 5354 5176 5179
f 5181 5180 5355
f 5355 5180 5182
f 5353 5182 5178
f 5355 5182 5353
f 5179 5183 5354
f 5181 5356 5357
f 5181 5357 5184
f 5378 5186 5358
f 5358 5186 5187
f 5357 5187 5184
f 5358 5187 5357
f 5183 5359 6099
f 5188 5359 5183
f 5360 5361 5359
f 5360 5359 5189
f 5189 5359 5188
f 5189 5190 5362
f 5360 5189 5362
f 5190 5192 5362
f 5197 5363 5196
f 5197 5198 5378
f 5363 5197 5378
f 5360 5365 5361
f 5362 5365 5360
f 5366 5365 5362
f 5192 5366 5362
f 5192 5199 5366
f 5199 5367 5366
f 5368 5369 5367
f 5368 5367 5200
f 5200 5367 5199
f 5200 5201 5370
f 5368 5200 5370
f 5201 5202 5371
f 5370 5201 5371
f 5202 5203 5372
f 5371 5202 5372
f 5203 5204 5373
f 5372 5203 5373
f 5374 5373 5204
f 5374 5204 5375
f 5375 5204 5205
f 5206 5376 5205
f 5205 5376 5375
f 5363 5206 5196
f 5363 5377 5206
f 5377 5376 5206
f 5378 5377 5363
f 5368 5379 5369
f 5370 5379 5368
f 5380 5379 5370
f 5371 5380 5370
f 5381 5380 5371
f 5372 5381 5371
f 5382 5381 5372
f 5373 5382 5372
f 5383 5382 5373
f 5374 5383 5373
f 5041 5214 5384
f 5041 5385 5215
f 5384 5385 5041
f 5386 5215 5385
f 5386 5387 5215
f 5387 5216 5215
f 5217 5216 6290
f 5216 5387 6290
f 5218 5217 6290
f 5219 5218 6290
f 5220 5219 6290
f 5221 5220 6290
f 5222 5221 6290
f 5223 5222 5388
f 5222 6290 5388
f 5389 5388 5390
f 5389 5224 5388
f 5224 5223 5388
f 5224 5389 5226
f 5230 5391 5392
f 5229 5391 5230
f 5212 5230 5393
f 5230 5392 5393
f 5212 5393 5394
f 5212 5394 5395
f 5212 5395 6148
f 5231 5212 6148
f 5384 5214 5231
f 5384 5231 5396
f 5396 5231 6148
f 5385 5384 5396
f 5397 5385 5396
f 5386 5385 5397
f 5389 5390 5705
f 5226 5389 5705
f 5226 5705 5232
f 5233 5232 5705
f 5234 5233 5398
f 5233 5705 5398
f 5399 5398 5400
f 5399 5235 5398
f 5235 5234 5398
f 5235 5399 5237
f 5241 5401 5402
f 5240 5401 5241
f 5391 5229 5241
f 5402 5391 5241
f 5399 5400 5403
f 5237 5399 5403
f 5237 5403 5242
f 5242 5403 5404
f 5243 5242 5405
f 5242 5404 5405
f 5055 5243 5406
f 5243 5405 5406
f 5407 5406 5408
f 5407 5244 5406
f 5244 5055 5406
f 5244 5407 5245
f 5240 5409 5401
f 5407 5408 5410
f 5411 5410 5412
f 5247 5410 5411
f 5247 5407 5410
f 5247 5245 5407
f 5247 5411 5248
f 5411 5412 5413
f 5248 5411 5413
f 5248 5413 5250
f 5250 5413 5414
f 5414 4913 5250
f 5415 4913 5414
f 4913 5415 5416
f 5417 4913 5416
f 5259 5418 5260
f 5259 5261 5418
f 5261 5262 5419
f 5418 5261 5419
f 5262 5263 5420
f 5419 5262 5420
f 5263 5264 5421
f 5420 5263 5421
f 5264 5265 5421
f 5422 5266 4913
f 5422 4913 5423
f 5423 4913 5417
f 5258 5268 5409
f 5419 5429 5418
f 5420 5429 5419
f 5421 5424 5420
f 5424 5429 5420
f 5265 5269 5424
f 5421 5265 5424
f 5422 5423 5425
f 5425 5266 5422
f 5425 5426 5266
f 5426 5270 5266
f 5268 5272 5409
f 5418 5427 5260
f 5429 5428 5418
f 5428 5427 5418
f 5424 5430 5429
f 5269 5273 5430
f 5424 5269 5430
f 5272 5275 5409
f 5409 5275 5431
f 5276 5432 5433
f 5277 5276 5433
f 5278 5434 5276
f 5276 5434 5432
f 5279 5435 5278
f 5278 5435 5434
f 5427 5279 5260
f 5427 5436 5279
f 5436 5435 5279
f 5428 5436 5427
f 5437 5436 5428
f 5437 5438 5439
f 5437 5428 5438
f 5428 5429 5438
f 5281 5280 5438
f 5281 5438 5429
f 5282 5281 5429
f 5430 5282 5429
f 5273 5282 5430
f 4747 5440 5283
f 5440 4747 5441
f 5441 4747 5442
f 4747 5284 5443
f 5442 4747 5443
f 5284 5107 5443
f 5275 5446 5431
f 5129 5446 5275
f 5447 5446 5129
f 5277 5433 5285
f 5433 5448 5285
f 5289 5439 5438
f 5449 5439 5289
f 5438 5280 5289
f 5440 5450 5286
f 5283 5440 5286
f 5441 5451 5440
f 5451 5450 5440
f 5442 5451 5441
f 5443 5451 5442
f 5107 5287 5451
f 5443 5107 5451
f 5129 5452 5447
f 5453 5452 5129
f 5285 5448 5288
f 5448 5454 5288
f 5455 5449 5289
f 5450 5457 5456
f 5450 5456 5286
f 5286 5456 5291
f 5451 5457 5450
f 5458 5459 5457
f 5292 5458 5457
f 5292 5457 5451
f 5292 5451 5287
f 5292 5294 5458
f 5288 5454 5296
f 5454 5460 5296
f 5461 5455 5289
f 5291 5456 5303
f 5458 5462 5459
f 5294 5462 5458
f 5294 5304 5462
f 5304 5463 5462
f 5464 5465 5463
f 5464 5463 5305
f 5305 5463 5304
f 5305 5306 5464
f 5129 4446 5466
f 5296 5460 5467
f 4594 5296 5467
f 5467 5137 4594
f 5468 5137 5467
f 5289 5469 5461
f 5289 5307 5469
f 5308 5470 5307
f 5470 5308 5310
f 5471 5470 5310
f 5303 5472 5312
f 5464 5473 5465
f 5473 5464 5306
f 5473 5306 5474
f 4446 5475 5466
f 5313 5475 4446
f 5475 5313 5314
f 5476 5475 5314
f 5137 5468 5315
f 5468 5477 5315
f 5310 5478 5471
f 5316 5478 5310
f 5316 5479 5478
f 5472 5479 5312
f 5306 5317 5474
f 5474 5317 5628
f 5314 5480 5476
f 5318 5480 5314
f 5480 5318 5319
f 5481 5480 5319
f 5315 5477 5145
f 5319 4139 5481
f 5483 5482 4139
f 5320 5145 5484
f 5321 5485 5486
f 5321 5320 5485
f 5320 5484 5485
f 5485 5487 5486
f 5147 5322 5628
f 5628 5322 5488
f 4139 5489 5483
f 5489 4139 5324
f 5490 5489 5324
f 5321 5486 5325
f 5486 5326 5325
f 5486 5487 5326
f 5487 5491 5326
f 5329 5328 5492
f 5493 5329 5492
f 5493 5494 5329
f 5494 5330 5329
f 5488 5322 5330
f 5494 5488 5330
f 5331 5495 5332
f 5331 5496 5495
f 5331 5323 5496
f 5323 4472 5496
f 5324 4974 5490
f 5326 5491 5497
f 5333 5326 5497
f 5497 5334 5333
f 5498 5334 5497
f 5338 5499 5500
f 5337 5499 5338
f 5339 5338 5501
f 5338 5500 5501
f 5492 5328 5339
f 5492 5339 5501
f 5493 5492 5501
f 5495 5502 5503
f 5495 5503 5332
f 5332 5503 5340
f 5496 5502 5495
f 5173 5341 5334
f 5173 5334 5505
f 5505 5334 5498
f 5343 5342 5506
f 5343 5516 5344
f 5506 5516 5343
f 5344 5516 5345
f 5643 5345 5516
f 5643 5507 5345
f 5507 5346 5345
f 5499 5337 5346
f 5507 5499 5346
f 5347 5508 5348
f 5347 5509 5508
f 5347 5340 5509
f 5340 5503 5509
f 4974 5510 5504
f 5510 4974 5349
f 5511 5510 5349
f 5173 5505 5512
f 5173 5512 5513
f 5350 5173 5513
f 5506 5342 5350
f 5506 5350 5514
f 5514 5350 5513
f 5516 5506 5514
f 5515 5516 5514
f 5508 5517 5518
f 5508 5518 5348
f 5348 5518 5351
f 5509 5517 5508
f 5349 5176 5511
f 5511 5176 5519
f 5352 5520 5521
f 5353 5352 5521
f 5518 5352 5351
f 5520 5352 5518
f 5176 5354 5519
f 5355 5522 5181
f 5355 5353 5522
f 5353 5521 5522
f 5356 5523 5524
f 5357 5356 5524
f 5181 5525 5356
f 5525 5523 5356
f 5522 5525 5181
f 5358 5526 5378
f 5358 5357 5526
f 5357 5524 5526
f 6099 5359 5361
f 5527 6099 5361
f 5364 5528 5378
f 5378 5529 5364
f 5529 5528 5364
f 5526 5529 5378
f 5361 5530 5527
f 5365 5530 5361
f 5366 5530 5365
f 5531 5532 5530
f 5531 5530 5367
f 5367 5530 5366
f 5367 5369 5531
f 5375 5533 5374
f 5375 5376 5534
f 5533 5375 5534
f 5853 5534 5376
f 5853 5376 5535
f 5535 5376 5377
f 5377 5378 5535
f 5531 5536 5532
f 5369 5536 5531
f 5369 5379 5536
f 5379 5537 5536
f 5380 5538 5379
f 5379 5538 5537
f 5381 5539 5380
f 5380 5539 5538
f 5382 5540 5381
f 5381 5540 5539
f 5383 5541 5382
f 5382 5541 5540
f 5533 5383 5374
f 5533 5542 5383
f 5542 5541 5383
f 5534 5542 5533
f 5543 5542 5534
f 5853 5543 5534
f 5387 5386 5544
f 5545 5387 5544
f 5545 5546 5387
f 5546 6290 5387
f 5705 5388 5547
f 5388 6290 5547
f 5388 5705 5390
f 5392 5391 5548
f 5392 5549 5393
f 5548 5549 5392
f 5393 5550 5394
f 5549 5550 5393
f 5394 5551 5395
f 5550 5551 5394
f 5552 5395 5551
f 5552 5553 5395
f 5553 6148 5395
f 5397 5396 6148
f 5544 5386 5397
f 5544 5397 5554
f 5554 5397 6148
f 5545 5544 5554
f 5556 5555 5557
f 5556 5398 5555
f 5398 5705 5555
f 5398 5556 5400
f 5402 5401 5558
f 5402 5558 5559
f 5391 5402 5559
f 5391 5559 5560
f 5391 5560 5548
f 5549 5548 5560
f 5561 5549 5560
f 5550 5549 5561
f 5562 5550 5561
f 5551 5550 5562
f 5563 5551 5562
f 5552 5551 5563
f 5556 5557 5564
f 5400 5556 5564
f 5400 5564 5403
f 5403 5564 5565
f 5404 5403 5566
f 5403 5565 5566
f 5405 5404 5567
f 5404 5566 5567
f 5406 5405 5568
f 5405 5567 5568
f 5568 5408 5406
f 5895 5408 5568
f 5558 5409 5569
f 5558 5401 5409
f 5559 5558 5569
f 5410 5408 5895
f 5895 5412 5410
f 5412 5895 5570
f 5413 5412 5570
f 5414 5413 5571
f 5413 5570 5571
f 5571 5415 5414
f 5572 5415 5571
f 5573 5416 5415
f 5573 5415 5574
f 5574 5415 5572
f 5416 5573 5417
f 5573 5574 5575
f 5575 5417 5573
f 5575 5576 5417
f 5576 5423 5417
f 5423 5576 5577
f 5425 5423 5577
f 5577 5426 5425
f 5578 5426 5577
f 5426 5578 5270
f 5580 5431 5581
f 5580 5579 5431
f 5579 5409 5431
f 5580 5581 5582
f 5432 5583 5433
f 5432 5434 5584
f 5583 5432 5584
f 5434 5435 5584
f 5435 5436 5584
f 5436 5437 5585
f 5584 5436 5585
f 5437 5439 5585
f 5431 5446 5581
f 5447 5586 5587
f 5446 5447 5587
f 5446 5587 5582
f 5446 5582 5581
f 5587 5586 5588
f 5583 5589 5448
f 5433 5583 5448
f 5590 5584 5591
f 5590 5589 5584
f 5589 5583 5584
f 5592 5591 5584
f 5593 5592 5584
f 5585 5593 5584
f 5594 5593 5585
f 5594 5585 5439
f 5594 5439 5595
f 5595 5439 5449
f 5447 5452 5586
f 5586 5452 5453
f 5586 5453 5588
f 5588 5453 5596
f 5448 5589 5454
f 5597 5589 5590
f 5449 5455 5595
f 5457 5598 5303
f 5456 5457 5303
f 5599 5457 5459
f 5453 5600 5596
f 5129 5600 5453
f 5601 5600 5129
f 5589 5602 5460
f 5454 5589 5460
f 5602 5589 5597
f 5455 5461 5595
f 5595 5461 5603
f 5604 5459 5462
f 5604 5605 5459
f 5605 5599 5459
f 5462 5463 5606
f 5604 5462 5606
f 5463 5465 5606
f 5607 5466 5608
f 5607 5601 5466
f 5601 5129 5466
f 5607 5608 5609
f 5460 5602 5467
f 5602 5468 5467
f 5602 5597 5468
f 5597 5610 5468
f 5461 5611 5603
f 5469 5611 5461
f 5307 5612 5469
f 5469 5612 5611
f 5307 5613 5612
f 5470 5614 5307
f 5307 5614 5613
f 5614 5470 5471
f 5615 5614 5471
f 5604 5616 5605
f 5606 5616 5604
f 5617 5616 5606
f 5465 5617 5606
f 5465 5473 5617
f 5473 5618 5617
f 5618 5473 5474
f 5619 5618 5474
f 5466 5475 5608
f 5608 5475 5476
f 5608 5476 5609
f 5609 5476 5620
f 5468 5610 5477
f 5610 5621 5477
f 5471 5622 5615
f 5478 5622 5471
f 5478 5479 5622
f 5474 5628 5619
f 5619 5628 5623
f 5476 5624 5620
f 5480 5624 5476
f 5624 5480 5481
f 5625 5624 5481
f 5477 5621 5626
f 5145 5477 5626
f 5627 5145 5626
f 5481 4139 5625
f 5625 4139 5629
f 4139 5631 5629
f 5482 5631 4139
f 5483 5632 5633
f 5483 5633 5482
f 5482 5633 5631
f 5633 5632 5634
f 5145 5630 5635
f 5484 5145 5635
f 5485 5484 5636
f 5484 5635 5636
f 5636 5487 5485
f 5637 5487 5636
f 5628 5488 5638
f 5483 5489 5632
f 5632 5489 5490
f 5632 5490 5634
f 5634 5490 6727
f 5487 5637 5491
f 5637 5639 5491
f 5493 5645 5494
f 5638 5488 5494
f 5645 5638 5494
f 4472 5640 5496
f 5490 4974 6727
f 5491 5639 5641
f 5497 5491 5641
f 5641 5498 5497
f 5642 5498 5641
f 5500 5499 5643
f 5643 5644 5500
f 5644 5501 5500
f 5501 5644 5645
f 5645 5493 5501
f 5502 5646 5647
f 5503 5502 5647
f 5640 5502 5496
f 5646 5502 5640
f 6374 4974 5504
f 5498 5642 5505
f 5642 6092 5505
f 5499 5507 5643
f 5503 5647 5509
f 5647 5827 5509
f 5648 5504 5510
f 5648 5649 5504
f 5649 6374 5504
f 5510 5511 5648
f 5505 6092 5650
f 5512 5505 5650
f 5513 5650 5651
f 5513 5512 5650
f 5513 5661 5514
f 5514 5652 5515
f 5661 5652 5514
f 5653 5515 5652
f 5653 5654 5515
f 5654 5516 5515
f 5517 5655 5518
f 5517 5656 5655
f 5517 5509 5656
f 5509 5827 5656
f 5648 5657 5649
f 5657 5648 5511
f 5657 5511 5658
f 5658 5511 5519
f 5513 5651 5659
f 5661 5513 5659
f 5662 5652 5661
f 5653 5652 5662
f 5520 5671 5521
f 5520 5663 5671
f 5518 5663 5520
f 5518 5664 5663
f 5518 5655 5664
f 5656 5664 5655
f 5354 5665 5519
f 5665 5658 5519
f 5671 5666 5521
f 5521 5666 5522
f 5354 5667 5665
f 5667 5354 5668
f 5668 5354 5183
f 5523 5671 5524
f 5671 5523 5669
f 5669 5523 5525
f 5666 5525 5522
f 5669 5525 5666
f 5183 6099 5668
f 5671 5672 5524
f 5524 5672 5526
f 6099 5673 5670
f 5673 6099 5527
f 5674 5673 5527
f 5528 5675 5676
f 5378 5528 5676
f 5529 5677 5528
f 5528 5677 5675
f 5672 5529 5526
f 5677 5529 5672
f 5527 5530 5674
f 5678 5679 5530
f 5530 5532 5678
f 5853 5535 5680
f 5680 5535 5378
f 5680 5378 5676
f 5678 5681 5679
f 5532 5681 5678
f 5532 5536 5681
f 5536 5682 5681
f 5683 5684 5682
f 5683 5682 5537
f 5537 5682 5536
f 5537 5538 5685
f 5683 5537 5685
f 5538 5539 5686
f 5685 5538 5686
f 5539 5540 5687
f 5686 5539 5687
f 5540 5541 5688
f 5687 5540 5688
f 5541 5542 5689
f 5688 5541 5689
f 5690 5689 5542
f 5690 5542 5691
f 5691 5542 5543
f 5853 5692 5543
f 5692 5691 5543
f 5683 5693 5684
f 5685 5693 5683
f 5686 5693 5685
f 5687 5693 5686
f 5688 5693 5687
f 5694 5693 5688
f 5689 5694 5688
f 5695 5694 5689
f 5690 5695 5689
f 5546 5545 5696
f 5697 5546 5696
f 5697 5698 5546
f 5698 6290 5546
f 5547 6290 5699
f 5699 5705 5547
f 5553 5552 5700
f 5701 5553 5700
f 5701 5702 5553
f 5702 6148 5553
f 6148 5702 5703
f 5696 5545 5554
f 5696 5554 5704
f 5704 5554 6148
f 5697 5696 5704
f 5555 5705 5706
f 5706 5557 5555
f 5707 5557 5706
f 5560 5708 5709
f 5559 5708 5560
f 5561 5560 5710
f 5560 5709 5710
f 5562 5561 5711
f 5561 5710 5711
f 5563 5562 5712
f 5562 5711 5712
f 5700 5552 5563
f 5700 5563 5713
f 5713 5563 5712
f 5701 5700 5713
f 5557 5707 5714
f 5564 5557 5714
f 5565 5564 5715
f 5564 5714 5715
f 5566 5565 5716
f 5565 5715 5716
f 5567 5566 5717
f 5566 5716 5717
f 5568 5567 5718
f 5567 5717 5718
f 5718 5895 5568
f 5569 5409 5719
f 5569 5719 5720
f 5569 5720 5559
f 5559 5720 5708
f 5721 5720 5719
f 5409 5721 5719
f 5570 5895 5722
f 5723 5722 5724
f 5723 5571 5722
f 5571 5570 5722
f 5571 5723 5572
f 5409 5725 5726
f 5721 5409 5726
f 5723 5724 5727
f 5727 5572 5723
f 5727 5728 5572
f 5728 5574 5572
f 5725 5409 5729
f 5574 5728 5730
f 5575 5574 5730
f 5730 5576 5575
f 5731 5576 5730
f 5729 5409 5732
f 5733 5577 5576
f 5733 5576 5734
f 5734 5576 5731
f 5577 5733 5578
f 5409 5579 5732
f 5732 5579 5735
f 5733 5734 5736
f 5736 5578 5733
f 5736 5737 5578
f 5737 5270 5578
f 5579 5738 5735
f 5580 5738 5579
f 5738 5580 5582
f 5739 5738 5582
f 5270 5737 5740
f 5444 5270 5740
f 5740 5445 5444
f 5741 5445 5740
f 5582 5913 5739
f 5587 5913 5582
f 5913 5587 5588
f 5742 5913 5588
f 5591 5743 5590
f 5591 5592 5744
f 5743 5591 5744
f 5592 5593 5745
f 5744 5592 5745
f 5593 5594 5746
f 5745 5593 5746
f 5594 5595 5746
f 5445 5741 4472
f 5747 5596 5748
f 5747 5742 5596
f 5742 5588 5596
f 5747 5748 5749
f 5743 5750 5751
f 5743 5751 5590
f 5590 5751 5597
f 5744 5750 5743
f 5752 5750 5744
f 5745 5752 5744
f 5753 5752 5745
f 5746 5753 5745
f 5754 5753 5746
f 5754 5746 5595
f 5754 5595 5755
f 5598 5756 5303
f 5757 5756 5598
f 5757 5598 5758
f 5758 5598 5457
f 5759 5457 5599
f 5596 5600 5748
f 5748 5600 5601
f 5748 5601 5749
f 5749 5601 5760
f 5751 5761 5597
f 5595 5603 5755
f 5755 5603 5926
f 5756 5762 5303
f 5763 5756 5757
f 5762 5756 5763
f 5599 5605 5759
f 5759 5605 5764
f 5601 5765 5760
f 5607 5765 5601
f 5765 5607 5609
f 5766 5765 5609
f 5597 5761 5610
f 5761 5767 5610
f 5768 5603 5611
f 5768 5769 5603
f 5769 5926 5603
f 5611 5612 5770
f 5768 5611 5770
f 5612 5613 5771
f 5770 5612 5771
f 5613 5614 5772
f 5771 5613 5772
f 5614 5615 5772
f 5762 5773 5472
f 5762 5472 5303
f 5763 5773 5762
f 5605 5774 5764
f 5616 5774 5605
f 5775 5776 5774
f 5775 5774 5617
f 5617 5774 5616
f 5617 5618 5777
f 5775 5617 5777
f 5618 5619 5777
f 5778 5620 5779
f 5778 5766 5620
f 5766 5609 5620
f 5778 5779 5780
f 5610 5767 5621
f 5767 5781 5621
f 5782 5769 5768
f 5783 5769 5782
f 5770 5784 5768
f 5784 5782 5768
f 5785 5771 5786
f 5785 5784 5771
f 5784 5770 5771
f 5772 5786 5771
f 5787 5786 5772
f 5615 5787 5772
f 5615 5622 5787
f 5622 5788 5787
f 5622 5479 5788
f 5943 5479 5472
f 5775 5789 5776
f 5789 5790 5791
f 5789 5775 5790
f 5775 5777 5790
f 5619 5623 5790
f 5777 5619 5790
f 5620 5624 5779
f 5779 5624 5625
f 5779 5625 5780
f 5780 5625 5792
f 5621 5781 5793
f 5626 5621 5793
f 5627 5794 5795
f 5627 5626 5794
f 5626 5793 5794
f 5795 5794 5796
f 5796 5797 5798
f 5794 5797 5796
f 5783 5798 5797
f 5783 5782 5798
f 5782 5799 5798
f 5784 5800 5782
f 5800 5799 5782
f 5801 5784 5785
f 5800 5784 5801
f 5790 5802 5791
f 5802 5790 5623
f 5802 5623 5628
f 5803 5629 5804
f 5803 5792 5629
f 5792 5625 5629
f 5803 5804 5805
f 5627 5795 5145
f 5630 5145 5795
f 5630 5795 5806
f 5806 5795 5796
f 5798 5807 5796
f 5807 5806 5796
f 5799 5808 5798
f 5808 5807 5798
f 5800 5809 5799
f 5809 5808 5799
f 5810 5800 5801
f 5809 5800 5810
f 5629 5631 5804
f 5804 5812 5805
f 5804 5631 5812
f 5631 5633 5812
f 5812 5633 5634
f 5813 5812 5634
f 5630 5806 5635
f 5636 5635 5806
f 5807 5636 5806
f 5637 5636 5807
f 5637 5807 5814
f 5814 5807 5808
f 5809 5815 5808
f 5815 5814 5808
f 5816 5809 5810
f 5815 5809 5816
f 5628 5638 5811
f 5811 5638 5817
f 5634 6727 5813
f 5814 5818 5639
f 5637 5814 5639
f 5819 5815 5820
f 5819 5818 5815
f 5818 5814 5815
f 5816 5820 5815
f 5817 5638 5645
f 5639 5818 5641
f 5818 5642 5641
f 5818 5819 5642
f 5819 6229 5642
f 5644 5821 5822
f 5643 5821 5644
f 5644 5822 5645
f 5646 5823 5647
f 5646 5824 5823
f 5646 5640 5824
f 5640 4472 5824
f 5642 6229 6092
f 5643 5825 5821
f 5823 5826 5827
f 5823 5827 5647
f 5824 5826 5823
f 6374 5649 6099
f 6092 5651 5650
f 5654 5653 5828
f 5829 5654 5828
f 5829 5830 5654
f 5830 5516 5654
f 5825 5643 5516
f 5827 5831 5656
f 5832 5649 5657
f 5832 5833 5649
f 5833 6099 5649
f 5657 5658 5832
f 5661 5659 5834
f 5659 5651 5834
f 5835 5834 5836
f 5835 5660 5834
f 5660 5661 5834
f 5835 5661 5660
f 5828 5653 5662
f 5828 5662 5837
f 5837 5662 5661
f 5829 5828 5837
f 5664 5838 5839
f 5663 5664 5839
f 5831 5664 5656
f 5838 5664 5831
f 5832 5840 5833
f 5840 5832 5658
f 5840 5658 5841
f 5841 5658 5665
f 5835 5836 5842
f 5661 5835 5842
f 5843 5661 5842
f 5844 5661 5843
f 5671 5663 6262
f 5663 5839 6262
f 5665 6099 5841
f 5667 6099 5665
f 6099 5667 5668
f 5666 5671 5669
f 5981 6099 5670
f 5671 5845 5846
f 5672 5671 5846
f 5530 5670 5673
f 5530 5847 5670
f 5847 5981 5670
f 5673 5674 5530
f 5675 5848 5676
f 5848 5675 5677
f 5677 5672 5849
f 5672 5846 5849
f 5530 5850 5847
f 5851 5852 5850
f 5530 5851 5850
f 5530 5679 5851
f 5676 5853 5680
f 5676 5854 5853
f 5676 5848 5854
f 5677 5854 5848
f 5855 5854 5677
f 5849 5855 5677
f 5851 5856 5852
f 5679 5856 5851
f 5679 5681 5856
f 5681 5857 5856
f 5858 5859 5857
f 5858 5857 5682
f 5682 5857 5681
f 5682 5684 5858
f 5691 5860 5690
f 5861 5860 5691
f 5861 5691 5862
f 5862 5691 5692
f 5853 5863 5692
f 5863 5862 5692
f 5858 5864 5859
f 5684 5864 5858
f 5684 5693 5864
f 5693 5865 5864
f 5866 5867 5865
f 5866 5865 5693
f 5866 5693 5868
f 5693 5694 5868
f 5868 5694 5869
f 5869 5694 5695
f 5860 5695 5690
f 5860 5870 5695
f 5870 5869 5695
f 5861 5870 5860
f 5866 5871 5867
f 5868 5871 5866
f 5872 5871 5868
f 5873 5872 5868
f 5698 5697 5874
f 5698 5874 6290
f 5699 6290 5875
f 5875 5705 5699
f 5702 5701 5876
f 5702 5877 5703
f 5876 5877 5702
f 6148 5703 5877
f 5706 5705 5878
f 5878 5707 5706
f 5879 5707 5878
f 5709 5708 5880
f 5881 5709 5880
f 5881 5882 5709
f 5882 5710 5709
f 5711 5710 5883
f 5710 5882 5883
f 5712 5711 5884
f 5711 5883 5884
f 5713 5712 5885
f 5712 5884 5885
f 5876 5701 5713
f 5876 5713 5886
f 5886 5713 5885
f 5877 5876 5886
f 5887 5877 5886
f 6148 5877 5887
f 5707 5879 5888
f 5714 5707 5888
f 5715 5714 5889
f 5714 5888 5889
f 5716 5715 5890
f 5715 5889 5890
f 5717 5716 5891
f 5716 5890 5891
f 5718 5717 5892
f 5717 5891 5892
f 5892 5895 5718
f 5880 5893 5894
f 5880 5708 5893
f 5708 5720 5893
f 5881 5880 5894
f 5720 5721 5893
f 5893 5721 5896
f 5722 5895 5724
f 5726 5725 5897
f 5726 5897 5898
f 5726 5898 5721
f 5721 5898 5896
f 5899 5727 5724
f 5899 5724 5900
f 5727 5899 5728
f 5897 5729 5906
f 5725 5729 5897
f 5906 5898 5897
f 5899 5900 5901
f 5902 5901 5903
f 5730 5901 5902
f 5730 5899 5901
f 5730 5728 5899
f 5730 5902 5731
f 5729 5732 5906
f 5902 5903 5904
f 5904 5731 5902
f 5904 5905 5731
f 5905 5734 5731
f 5732 5735 5906
f 5734 5905 5907
f 5736 5734 5907
f 5907 5737 5736
f 5735 5738 5906
f 5906 5738 5739
f 5906 5739 5908
f 5909 5740 5737
f 5909 5737 5910
f 5910 5737 5907
f 5740 5909 5741
f 5739 5913 5908
f 5909 5910 5911
f 5911 5741 5909
f 5911 5912 5741
f 5912 4472 5741
f 5747 5913 5742
f 5913 5747 5749
f 5750 5914 5751
f 5750 5752 5915
f 5914 5750 5915
f 5752 5753 5916
f 5915 5752 5916
f 5753 5754 5917
f 5916 5753 5917
f 5754 5755 5917
f 5757 5758 5918
f 5919 5457 5759
f 5749 5760 5913
f 5913 5760 5920
f 5914 5921 5761
f 5751 5914 5761
f 5922 5915 5923
f 5922 5921 5915
f 5921 5914 5915
f 5916 5923 5915
f 5924 5923 5916
f 5917 5924 5916
f 5925 5924 5917
f 5925 5917 5755
f 5925 5755 5926
f 5757 5918 5763
f 5918 5927 5763
f 5759 5764 5919
f 5919 5764 6050
f 5760 5928 5920
f 5765 5928 5760
f 5928 5765 5766
f 5929 5928 5766
f 5921 5930 5767
f 5761 5921 5767
f 5931 5921 5922
f 5930 5921 5931
f 5773 5932 5472
f 5927 5773 5763
f 5932 5773 5927
f 5933 5764 5774
f 5933 6050 5764
f 5774 5776 5933
f 5778 5929 5766
f 5929 5778 5780
f 5934 5929 5780
f 5930 5935 5781
f 5767 5930 5781
f 5936 5930 5931
f 5935 5930 5936
f 5769 5783 5926
f 5926 5783 5937
f 5786 5938 5939
f 5785 5786 5939
f 5787 5940 5786
f 5786 5940 5938
f 5788 5941 5787
f 5787 5941 5940
f 5479 5942 5788
f 5788 5942 5941
f 5479 5943 5942
f 5933 5944 6050
f 5945 5946 5944
f 5789 5945 5944
f 5789 5944 5933
f 5789 5933 5776
f 5789 5791 5945
f 5780 5792 5934
f 5781 5935 5793
f 5935 5936 5947
f 5935 5947 5793
f 5793 5947 5794
f 5794 5947 5948
f 5797 5794 5949
f 5794 5948 5949
f 5937 5783 5797
f 5949 5937 5797
f 5785 5939 5801
f 5939 5950 5801
f 5945 5951 5946
f 5791 5951 5945
f 5791 5802 5951
f 5802 5952 5951
f 5952 5802 5628
f 5953 5952 5628
f 5792 5803 5805
f 5801 5950 5810
f 5954 5811 6085
f 5954 5953 5811
f 5953 5628 5811
f 5812 5792 5805
f 5792 5812 5813
f 5955 5792 5813
f 5810 5950 5816
f 6085 5817 5956
f 5811 5817 6085
f 5813 6727 5955
f 5820 5957 5958
f 5819 5820 5958
f 5950 5820 5816
f 5957 5820 5950
f 5645 5956 5817
f 5960 6085 5956
f 5959 5960 5956
f 5819 5958 6229
f 5822 5821 5961
f 5822 5962 5645
f 5961 5962 5822
f 5645 5962 5956
f 5962 5963 5956
f 5963 5959 5956
f 4472 5964 5824
f 5961 5825 5965
f 5821 5825 5961
f 5966 5967 5962
f 5966 5962 5965
f 5965 5962 5961
f 5963 5962 5967
f 5968 5963 5967
f 5959 5963 5968
f 5826 6376 5827
f 5964 5826 5824
f 6376 5826 5964
f 5830 5969 5970
f 5829 5969 5830
f 5516 5830 5971
f 5830 5970 5971
f 5965 5825 5516
f 5965 5516 5966
f 5966 5516 5971
f 5827 5972 5831
f 5651 6092 5973
f 5974 5973 5975
f 5974 5834 5973
f 5834 5651 5973
f 5834 5974 5836
f 5976 5837 5661
f 5969 5829 5837
f 5976 5969 5837
f 5972 5838 5831
f 5840 6099 5833
f 6099 5840 5841
f 5974 5975 5977
f 5836 5974 5977
f 5836 5977 5842
f 5842 5977 5978
f 5843 5842 5978
f 5844 5843 5978
f 5661 5844 5979
f 5979 5844 5978
f 5839 5838 6262
f 6099 5981 5980
f 5845 5982 5846
f 5983 5982 5845
f 5983 5845 5984
f 5984 5845 5671
f 5985 5984 5671
f 6262 5985 5671
f 5981 5847 5986
f 5982 5987 5988
f 5982 5988 5846
f 5846 5988 5849
f 5983 5987 5982
f 5847 5989 5986
f 5850 5989 5847
f 5989 5850 5852
f 5990 5989 5852
f 5853 5854 5991
f 5991 5854 5855
f 5988 5855 5849
f 5991 5855 5988
f 5852 5992 5990
f 5856 5992 5852
f 5993 5994 5992
f 5993 5992 5857
f 5857 5992 5856
f 5857 5859 5993
f 5862 5995 5861
f 5996 5995 5862
f 5996 5862 5997
f 5997 5862 5863
f 5853 5998 5863
f 5998 5997 5863
f 5993 5999 5994
f 6000 6001 5999
f 5864 6000 5999
f 5864 5999 5993
f 5864 5993 5859
f 5864 5865 6002
f 6000 5864 6002
f 6002 5865 6003
f 5865 5867 6003
f 6004 5868 5869
f 6004 5869 6005
f 6005 5869 5870
f 5995 5870 5861
f 5995 6006 5870
f 6006 6005 5870
f 5996 6006 5995
f 6000 6007 6001
f 6002 6007 6000
f 6008 6007 6002
f 6003 6008 6002
f 6009 6008 6003
f 5867 6009 6003
f 5867 5871 6009
f 5871 6010 6009
f 5872 6011 5871
f 5871 6011 6010
f 5873 6012 5872
f 5872 6012 6011
f 5868 6141 5873
f 6141 6012 5873
f 6004 6141 5868
f 5874 6013 6014
f 5697 6013 5874
f 5874 6014 6290
f 5875 6290 6015
f 6015 5705 5875
f 6016 5705 6015
f 6013 5697 5704
f 5705 6016 6017
f 5878 5705 6018
f 6018 5879 5878
f 6019 5879 6018
f 5882 6020 6021
f 5881 6020 5882
f 5883 5882 6022
f 5882 6021 6022
f 5884 5883 6023
f 5883 6022 6023
f 5885 5884 6024
f 5884 6023 6024
f 5886 5885 6025
f 5885 6024 6025
f 5887 5886 6026
f 5886 6025 6026
f 6026 6148 5887
f 5879 6019 6027
f 5888 5879 6027
f 5889 5888 6028
f 5888 6027 6028
f 5890 5889 6029
f 5889 6028 6029
f 5891 5890 6030
f 5890 6029 6030
f 5892 5891 6031
f 5891 6030 6031
f 6031 5895 5892
f 6032 5895 6031
f 5894 5893 6033
f 5894 6033 6034
f 5894 6034 5881
f 5881 6034 6020
f 6033 6035 6036
f 6033 5893 6035
f 5893 5896 6035
f 6034 6033 6036
f 5896 5898 6035
f 6035 5898 6037
f 5724 6459 5900
f 5898 5906 6037
f 5901 5900 6459
f 6459 5903 5901
f 5903 6459 6038
f 5904 5903 6038
f 6038 5905 5904
f 6039 5905 6038
f 5905 6039 5907
f 6041 5908 5913
f 6041 6040 5908
f 6040 5906 5908
f 6041 5913 6042
f 5907 6043 5910
f 5913 6044 6042
f 6044 5913 6188
f 5910 6043 6045
f 5911 5910 6045
f 6045 5912 5911
f 6188 5913 6046
f 5758 6047 6048
f 5918 5758 6048
f 5457 6049 5758
f 6049 5457 5919
f 6050 6049 5919
f 5913 5920 6046
f 6046 5920 6051
f 5923 6052 5922
f 5923 5924 6053
f 6052 5923 6053
f 5924 5925 6054
f 6053 5924 6054
f 5925 5926 6054
f 5918 6048 5927
f 5920 6055 6051
f 5928 6055 5920
f 6055 5928 5929
f 6056 6055 5929
f 6052 6057 5931
f 5922 6052 5931
f 6053 6058 6052
f 6058 6057 6052
f 6054 6059 6053
f 6059 6058 6053
f 6054 5926 6059
f 5929 6060 6056
f 6060 5929 5934
f 6061 6060 5934
f 6057 6062 5936
f 5931 6057 5936
f 6058 6063 6057
f 6063 6062 6057
f 6059 6064 6058
f 6064 6063 6058
f 5926 5937 6064
f 6059 5926 6064
f 5938 6065 5939
f 5938 5940 6066
f 6065 5938 6066
f 5940 5941 6067
f 6066 5940 6067
f 5941 5942 6068
f 6067 5941 6068
f 6069 6068 5942
f 6069 5942 5943
f 5944 6070 6050
f 6070 5944 5946
f 6071 6070 5946
f 5934 5792 6061
f 5936 6062 5947
f 5948 5947 6062
f 6063 5948 6062
f 5949 5948 6063
f 6064 5949 6063
f 5937 5949 6064
f 6065 6072 5950
f 5939 6065 5950
f 6066 6073 6065
f 6073 6072 6065
f 6067 6074 6066
f 6074 6073 6066
f 6068 6075 6067
f 6075 6074 6067
f 6076 6068 6069
f 6075 6068 6076
f 5946 6077 6071
f 5951 6077 5946
f 5952 6078 5951
f 5951 6078 6077
f 6078 5952 5953
f 6079 6078 5953
f 6072 6080 6081
f 6072 6081 5950
f 6073 6080 6072
f 6082 6080 6073
f 6074 6082 6073
f 6083 6082 6074
f 6075 6083 6074
f 6084 6083 6075
f 6076 6084 6075
f 5953 5954 6079
f 6086 5792 5955
f 6081 6087 5950
f 5955 6727 6086
f 5957 6088 6089
f 5958 5957 6089
f 6087 5957 5950
f 6088 5957 6087
f 5958 6089 6229
f 5959 6090 5960
f 5960 6090 6085
f 4472 6091 5964
f 5966 6093 5967
f 5968 5967 6093
f 5959 5968 6094
f 6094 5968 6093
f 6090 5959 6094
f 6091 6376 5964
f 5970 5969 6095
f 5970 6096 5971
f 6095 6096 5970
f 6096 6097 5971
f 6097 5966 5971
f 6097 6093 5966
f 5827 6098 5972
f 5973 6092 6100
f 6100 5975 5973
f 6101 5975 6100
f 5976 5661 6102
f 5969 5976 6102
f 5969 6102 6103
f 5969 6103 6095
f 6096 6095 6103
f 6104 6096 6103
f 5838 6105 6106
f 6098 5838 5972
f 6105 5838 6098
f 5975 6101 6108
f 5977 5975 6108
f 5977 6108 5978
f 5661 5979 6109
f 6109 5979 5978
f 6102 5661 6109
f 5838 6106 6262
f 6099 6110 6107
f 6110 6099 5980
f 6111 6110 5980
f 5981 6112 5980
f 6112 6111 5980
f 5984 6113 6114
f 5983 5984 6114
f 5985 6115 5984
f 5984 6115 6113
f 6115 5985 6262
f 6112 5981 6116
f 6116 5981 5986
f 5987 6117 5988
f 5987 6118 6117
f 5987 5983 6118
f 5983 6114 6118
f 6119 5986 5989
f 6119 6120 5986
f 6120 6116 5986
f 5989 5990 6119
f 5991 6121 5853
f 5988 6121 5991
f 5988 6122 6121
f 5988 6117 6122
f 6118 6122 6117
f 6119 6123 6120
f 5994 6124 6123
f 5992 5994 6123
f 5992 6123 6119
f 5992 6119 5990
f 5997 6125 5996
f 6126 6125 5997
f 6126 5997 6127
f 6127 5997 5998
f 5853 6128 5998
f 6128 6127 5998
f 6121 6128 5853
f 5994 6129 6124
f 5994 5999 6129
f 5999 6130 6129
f 6130 5999 6001
f 6131 6130 6001
f 6005 6132 6004
f 6133 6132 6005
f 6133 6005 6134
f 6134 6005 6006
f 6125 6006 5996
f 6125 6135 6006
f 6135 6134 6006
f 6126 6135 6125
f 6001 6136 6131
f 6007 6136 6001
f 6137 6136 6008
f 6008 6136 6007
f 6008 6009 6137
f 6009 6010 6137
f 6010 6011 6137
f 6011 6012 6138
f 6137 6011 6138
f 6139 6138 6012
f 6139 6012 6140
f 6140 6012 6141
f 6132 6141 6004
f 6133 6141 6132
f 6138 6142 6137
f 6143 6142 6138
f 6139 6143 6138
f 6290 6014 6013
f 6015 6290 6144
f 6016 6145 6146
f 6016 6015 6145
f 6015 6144 6145
f 6145 6147 6146
f 6290 5704 6292
f 6292 5704 6148
f 6013 5704 6290
f 6016 6146 6017
f 6146 6147 6149
f 6146 6149 6017
f 6017 6149 5705
f 6018 5705 6150
f 6150 6019 6018
f 6151 6019 6150
f 6021 6020 6152
f 6021 6153 6022
f 6152 6153 6021
f 6022 6154 6023
f 6153 6154 6022
f 6155 6023 6154
f 6155 6156 6023
f 6156 6024 6023
f 6025 6024 6157
f 6024 6156 6157
f 6026 6025 6158
f 6025 6157 6158
f 6158 6148 6026
f 6019 6151 6159
f 6027 6019 6159
f 6028 6027 6160
f 6027 6159 6160
f 6029 6028 6161
f 6028 6160 6161
f 6030 6029 6162
f 6029 6161 6162
f 6163 6162 6164
f 6163 6031 6162
f 6031 6030 6162
f 6031 6163 6032
f 6152 6165 6166
f 6152 6020 6165
f 6020 6034 6165
f 6153 6152 6166
f 6154 6153 6166
f 6167 6154 6166
f 6155 6154 6167
f 6163 6164 6168
f 6032 6163 6168
f 6032 6168 5895
f 5895 6168 6169
f 6170 5895 6169
f 6036 6035 6171
f 6036 6171 6172
f 6036 6172 6034
f 6034 6172 6165
f 5895 6170 6173
f 5724 5895 6173
f 6174 5724 6173
f 6171 6037 6175
f 6035 6037 6171
f 6176 6172 6171
f 6175 6176 6171
f 5724 6174 6459
f 6175 6177 6178
f 6175 6037 6177
f 6037 5906 6177
f 6176 6175 6178
f 6177 5906 6180
f 6459 6179 6181
f 6038 6459 6181
f 6181 6039 6038
f 6182 6039 6181
f 5906 6040 6180
f 6180 6040 6183
f 6184 5907 6039
f 6184 6039 6185
f 6185 6039 6182
f 6040 6326 6183
f 6041 6326 6040
f 6326 6041 6042
f 6184 6185 6186
f 6186 5907 6184
f 6186 6187 5907
f 6187 6043 5907
f 6044 6326 6042
f 6326 6044 6188
f 6189 6045 6043
f 6189 6043 6190
f 6190 6043 6187
f 6045 6189 5912
f 6047 6191 6048
f 6047 5758 6192
f 6191 6047 6192
f 5758 6049 6193
f 6192 5758 6193
f 6049 6050 6193
f 6194 6189 6190
f 6195 6194 6190
f 6189 6194 5912
f 6196 6051 6197
f 6196 6046 6051
f 6196 6197 6198
f 6191 6199 6200
f 6191 6200 6048
f 6048 6200 5927
f 6192 6199 6191
f 6193 6199 6192
f 6201 6199 6193
f 6201 6193 6050
f 6201 6050 6202
f 6194 6195 6203
f 6203 5912 6194
f 6203 6204 5912
f 6204 4472 5912
f 6051 6055 6197
f 6056 6205 6206
f 6055 6056 6206
f 6055 6206 6198
f 6055 6198 6197
f 6206 6205 6207
f 5932 6208 6209
f 5472 5932 6209
f 6200 5932 5927
f 6208 5932 6200
f 6056 6060 6205
f 6205 6060 6061
f 6205 6061 6207
f 6207 6061 5792
f 5943 6210 6211
f 6069 5943 6211
f 6209 5943 5472
f 6210 5943 6209
f 6070 6212 6050
f 6212 6070 6071
f 6213 6212 6071
f 6069 6211 6076
f 6211 6214 6076
f 6071 6215 6213
f 6077 6215 6071
f 6078 6216 6077
f 6077 6216 6215
f 6216 6078 6079
f 6217 6216 6079
f 6219 6220 6221
f 6219 6081 6080
f 6219 6080 6220
f 6220 6080 6222
f 6082 6223 6080
f 6080 6223 6222
f 6083 6224 6082
f 6082 6224 6223
f 6084 6225 6083
f 6083 6225 6224
f 6214 6084 6076
f 6225 6084 6214
f 6079 6226 6217
f 5954 6226 6079
f 6226 5954 6085
f 6227 6226 6085
f 6228 5792 6086
f 6229 6219 6221
f 6081 6229 6087
f 6219 6229 6081
f 6086 6727 6228
f 6088 6229 6089
f 6087 6229 6088
f 4472 6231 6091
f 6229 6626 6092
f 6094 6093 6232
f 6230 6090 6094
f 6232 6230 6094
f 6231 6376 6091
f 6097 6378 6233
f 6096 6378 6097
f 6233 6093 6097
f 5827 7156 6098
f 6092 6234 6100
f 6100 6234 6235
f 6235 6101 6100
f 6236 6101 6235
f 6103 6237 6238
f 6102 6237 6103
f 6104 6103 6239
f 6103 6238 6239
f 6378 6096 6104
f 6239 6378 6104
f 6105 6240 6106
f 6105 6241 6240
f 6105 6098 6241
f 6098 7156 6241
f 6242 6099 6107
f 6243 6108 6101
f 6243 6101 6244
f 6244 6101 6236
f 6108 6245 5978
f 6243 6245 6108
f 6245 6246 5978
f 6246 6247 5978
f 6247 6248 5978
f 6399 5978 6248
f 6399 6249 5978
f 6249 6109 5978
f 6237 6102 6109
f 6249 6237 6109
f 6240 6250 6251
f 6240 6251 6106
f 6106 6251 6262
f 6241 6250 6240
f 6252 6107 6110
f 6252 6253 6107
f 6253 6242 6107
f 6110 6111 6252
f 6243 6244 6254
f 6254 6255 6256
f 6254 6256 6243
f 6243 6256 6245
f 6246 6245 6257
f 6257 6245 6256
f 6247 6246 6257
f 6399 6248 6257
f 6257 6248 6247
f 6252 6258 6253
f 6258 6252 6111
f 6258 6111 6112
f 6256 6255 6259
f 6257 6256 6259
f 6260 6257 6259
f 6399 6257 6260
f 6113 6261 6114
f 6262 6261 6113
f 6262 6113 6115
f 6258 6112 6116
f 6263 6258 6116
f 6261 6262 6264
f 6261 6264 6114
f 6114 6264 6118
f 6116 6120 6263
f 6122 6265 6266
f 6121 6122 6266
f 6264 6122 6118
f 6265 6122 6264
f 6123 6267 6120
f 6267 6123 6124
f 6268 6267 6124
f 6127 6269 6126
f 6270 6269 6127
f 6270 6127 6271
f 6271 6127 6128
f 6266 6128 6121
f 6271 6128 6266
f 6124 6272 6268
f 6129 6272 6124
f 6273 6274 6272
f 6273 6272 6130
f 6130 6272 6129
f 6130 6131 6273
f 6134 6275 6133
f 6276 6275 6134
f 6276 6134 6277
f 6277 6134 6135
f 6269 6135 6126
f 6269 6278 6135
f 6278 6277 6135
f 6270 6278 6269
f 6273 6279 6274
f 6137 6280 6279
f 6136 6137 6279
f 6136 6279 6273
f 6136 6273 6131
f 6140 6281 6139
f 6282 6281 6140
f 6275 6141 6133
f 6276 6141 6275
f 6137 6283 6280
f 6137 6142 6283
f 6142 6284 6283
f 6142 6285 6284
f 6142 6286 6285
f 6142 6287 6286
f 6143 6288 6142
f 6142 6288 6287
f 6281 6143 6139
f 6281 6289 6143
f 6289 6288 6143
f 6282 6289 6281
f 6144 6147 6145
f 6291 6147 6144
f 6147 6291 6293
f 6149 6147 6293
f 5705 6149 6293
f 6150 5705 6293
f 6151 6294 6295
f 6151 6150 6294
f 6150 6293 6294
f 6295 6296 6297
f 6294 6296 6295
f 6296 6298 6297
f 6156 6155 6299
f 6300 6156 6299
f 6300 6301 6156
f 6301 6157 6156
f 6158 6157 6685
f 6157 6301 6685
f 6685 6148 6158
f 6151 6295 6159
f 6160 6159 6295
f 6297 6160 6295
f 6297 6298 6302
f 6297 6302 6160
f 6160 6302 6161
f 6162 6161 6303
f 6161 6302 6303
f 6303 6164 6162
f 6563 6164 6303
f 6166 6165 6304
f 6305 6166 6304
f 6305 6306 6166
f 6167 6166 6307
f 6166 6306 6307
f 6299 6155 6167
f 6299 6167 6307
f 6300 6299 6307
f 6164 6563 6308
f 6168 6164 6308
f 6309 6308 6310
f 6309 6169 6308
f 6169 6168 6308
f 6169 6309 6170
f 6304 6311 6312
f 6304 6165 6311
f 6165 6172 6311
f 6305 6304 6312
f 6309 6310 6313
f 6314 6313 6315
f 6173 6313 6314
f 6173 6309 6313
f 6173 6170 6309
f 6173 6314 6174
f 6172 6176 6311
f 6314 6315 6316
f 6316 6174 6314
f 6316 6317 6174
f 6317 6459 6174
f 6178 6177 6318
f 6178 6318 6319
f 6178 6319 6176
f 6320 6179 6459
f 6318 6180 6323
f 6177 6180 6318
f 6323 6319 6318
f 6321 6181 6179
f 6321 6179 6322
f 6322 6179 6320
f 6181 6321 6182
f 6180 6183 6323
f 6321 6322 6324
f 6324 6182 6321
f 6324 6325 6182
f 6325 6185 6182
f 6183 6326 6323
f 6186 6185 6325
f 6325 6187 6186
f 6327 6187 6325
f 6187 6327 6190
f 6188 6046 6328
f 6190 6329 6195
f 6046 6330 6328
f 6196 6330 6046
f 6330 6196 6198
f 6331 6330 6198
f 6199 6332 6200
f 6332 6199 6333
f 6199 6201 6334
f 6333 6199 6334
f 6201 6202 6334
f 6195 6329 6335
f 6203 6195 6335
f 6335 6204 6203
f 6336 6204 6335
f 6198 6337 6331
f 6206 6337 6198
f 6337 6206 6207
f 6338 6337 6207
f 6208 6339 6209
f 6208 6200 6332
f 6208 6332 6339
f 6339 6332 6349
f 6333 6349 6332
f 6334 6340 6333
f 6340 6349 6333
f 6050 6341 6202
f 6341 6342 6202
f 6343 6202 6342
f 6202 6343 6334
f 6344 6334 6343
f 6334 6344 6341
f 6341 6340 6334
f 6050 6340 6341
f 6341 6344 6342
f 6342 6345 6343
f 6343 6345 6346
f 6204 6336 4472
f 6207 5792 6338
f 6338 5792 6347
f 6210 6348 6211
f 6210 6209 6339
f 6210 6339 6348
f 6348 6339 6349
f 6340 6350 6349
f 6356 6342 6344
f 6342 6356 6212
f 6350 6212 6356
f 6212 6350 6050
f 6340 6050 6350
f 6213 6342 6212
f 6213 6351 6342
f 6345 6342 6352
f 6352 6342 6351
f 6478 6346 6345
f 6352 6478 6345
f 6353 6347 5792
f 6353 5792 6354
f 6348 6355 6214
f 6211 6348 6214
f 6349 6355 6348
f 6356 6349 6350
f 6213 6215 6351
f 6216 6351 6215
f 6352 6351 6216
f 6217 6358 6357
f 6216 6217 6357
f 6216 6357 6478
f 6216 6478 6352
f 5792 6218 6354
f 6354 6218 6359
f 6220 6360 6361
f 6221 6220 6361
f 6222 6362 6220
f 6220 6362 6360
f 6223 6363 6222
f 6222 6363 6362
f 6224 6364 6223
f 6223 6364 6363
f 6225 6365 6224
f 6224 6365 6364
f 6355 6225 6214
f 6355 6366 6225
f 6366 6365 6225
f 6349 6366 6355
f 6367 6366 6349
f 6368 6367 6349
f 6369 6368 6349
f 6356 6369 6349
f 6217 6226 6358
f 6358 6226 6227
f 6218 6370 6359
f 5792 6370 6218
f 6370 5792 6228
f 6371 6370 6228
f 6221 6361 6229
f 6227 6085 6358
f 6228 6727 6371
f 6085 6090 6358
f 6090 6230 6358
f 6358 6230 6372
f 4472 6373 6231
f 6232 6093 6375
f 6372 6230 6232
f 6375 6372 6232
f 5827 6376 6753
f 6373 6376 6231
f 6374 6099 6377
f 6093 6233 6379
f 6379 6233 6378
f 5827 6753 7156
f 6380 6377 6099
f 6380 6099 6381
f 6382 6234 6092
f 6382 6092 6383
f 6383 6092 6626
f 6234 6384 6235
f 6382 6384 6234
f 6235 6384 6236
f 6238 6237 6399
f 6385 6238 6399
f 6385 6386 6238
f 6386 6239 6238
f 6386 6378 6239
f 7156 6387 6241
f 6099 6242 6381
f 6381 6242 6388
f 6389 6382 6383
f 6390 6389 6383
f 6384 6382 6391
f 6391 6382 6389
f 6236 6391 6244
f 6384 6391 6236
f 6237 6249 6399
f 6250 6392 6393
f 6251 6250 6393
f 6387 6250 6241
f 6392 6250 6387
f 6242 6253 6388
f 6388 6253 6394
f 6389 6390 6395
f 6391 6389 6395
f 6396 6391 6395
f 6244 6391 6396
f 6244 6396 6254
f 6254 6396 6397
f 6397 6255 6254
f 6398 6255 6397
f 6251 6393 6262
f 6253 6400 6394
f 6258 6400 6253
f 6401 6400 6258
f 6255 6398 6259
f 6260 6259 7397
f 6399 6260 6402
f 6402 6260 7397
f 6403 6401 6258
f 6264 6262 6404
f 6258 6405 6403
f 6405 6258 6263
f 6405 6263 6406
f 6406 6263 6120
f 6265 6407 6408
f 6266 6265 6408
f 6404 6265 6264
f 6407 6265 6404
f 6120 6409 6406
f 6267 6409 6120
f 6409 6267 6268
f 6410 6409 6268
f 6271 6411 6270
f 6271 6266 6411
f 6266 6408 6411
f 6412 6268 6272
f 6412 6413 6268
f 6413 6410 6268
f 6272 6274 6412
f 6277 6414 6276
f 6277 6278 6415
f 6414 6277 6415
f 6278 6416 6415
f 6270 6416 6278
f 6270 6417 6416
f 6270 6411 6417
f 6412 6418 6413
f 6419 6420 6418
f 6279 6419 6418
f 6279 6418 6412
f 6279 6412 6274
f 6279 6280 6419
f 6140 6421 6282
f 6140 6141 6422
f 6421 6140 6422
f 6141 6423 6422
f 6276 6423 6141
f 6276 6424 6423
f 6276 6414 6424
f 6415 6424 6414
f 6425 6424 6415
f 6416 6425 6415
f 6419 6426 6420
f 6427 6428 6426
f 6283 6427 6426
f 6283 6426 6419
f 6283 6419 6280
f 6283 6284 6429
f 6427 6283 6429
f 6284 6285 6430
f 6429 6284 6430
f 6285 6286 6431
f 6430 6285 6431
f 6286 6287 6432
f 6431 6286 6432
f 6287 6288 6433
f 6432 6287 6433
f 6288 6289 6434
f 6433 6288 6434
f 6289 6435 6434
f 6282 6435 6289
f 6282 6436 6435
f 6282 6421 6436
f 6422 6436 6421
f 6437 6436 6422
f 6423 6437 6422
f 6427 6438 6428
f 6429 6438 6427
f 6439 6438 6429
f 6430 6439 6429
f 6431 6439 6430
f 6432 6439 6431
f 6433 6439 6432
f 6434 6439 6433
f 6440 6439 6434
f 6435 6440 6434
f 6291 6442 6441
f 6291 6144 6442
f 6441 6443 6444
f 6442 6443 6441
f 6443 6445 6444
f 6291 6441 6293
f 6294 6293 6441
f 6444 6294 6441
f 6444 6445 6446
f 6444 6446 6294
f 6294 6446 6296
f 6298 6447 6448
f 6298 6296 6447
f 6296 6446 6447
f 6447 6449 6448
f 6300 6562 6301
f 6301 6562 6685
f 6298 6448 6302
f 6448 6449 6450
f 6448 6450 6302
f 6302 6450 6303
f 6450 6563 6303
f 6306 6305 6451
f 6452 6306 6451
f 6452 6453 6306
f 6453 6307 6306
f 6562 6300 6307
f 6563 6310 6308
f 6694 6310 6563
f 6312 6311 6454
f 6312 6454 6455
f 6305 6312 6455
f 6305 6455 6456
f 6305 6456 6451
f 6452 6451 6456
f 6313 6310 6694
f 6694 6315 6313
f 6454 6457 6458
f 6454 6311 6457
f 6311 6176 6457
f 6455 6454 6458
f 6316 6315 6694
f 6694 6317 6316
f 6459 6317 6694
f 6176 6319 6457
f 6457 6319 6460
f 6461 6320 6459
f 6319 6323 6460
f 6320 6461 6322
f 6461 6462 6322
f 6322 6462 6325
f 6324 6322 6325
f 6463 6325 6464
f 6325 6463 6327
f 6463 6464 6465
f 6465 6327 6463
f 6465 6466 6327
f 6466 6190 6327
f 6467 6328 6468
f 6467 6188 6328
f 6467 6468 6469
f 6190 6466 6329
f 6466 6470 6329
f 6328 6330 6468
f 6330 6331 6471
f 6330 6471 6469
f 6330 6469 6468
f 6329 6470 6473
f 6335 6329 6473
f 6473 6336 6335
f 6474 6336 6473
f 6331 6337 6471
f 6471 6337 6338
f 6471 6338 6472
f 6472 6338 6590
f 6343 6475 6344
f 6476 6343 6346
f 6336 6474 4472
f 6338 6347 6590
f 6590 6347 6477
f 6346 6478 6476
f 6347 6479 6477
f 6353 6479 6347
f 6479 6353 6354
f 6480 6479 6354
f 6357 6481 6478
f 6481 6357 6358
f 6482 6359 6483
f 6482 6480 6359
f 6480 6354 6359
f 6482 6483 6484
f 6360 6485 6486
f 6361 6360 6486
f 6362 6487 6360
f 6360 6487 6485
f 6363 6488 6362
f 6362 6488 6487
f 6489 6490 6488
f 6489 6488 6364
f 6364 6488 6363
f 6364 6365 6491
f 6489 6364 6491
f 6365 6366 6492
f 6491 6365 6492
f 6493 6492 6366
f 6493 6366 6494
f 6494 6366 6367
f 6368 6495 6367
f 6367 6495 6494
f 6369 6496 6368
f 6368 6496 6495
f 6496 6369 6356
f 6359 6370 6483
f 6483 6370 6371
f 6483 6371 6484
f 6484 6371 6727
f 6361 6486 6229
f 6489 6497 6490
f 6491 6497 6489
f 6492 6497 6491
f 6498 6497 6492
f 6493 6498 6492
f 6727 4974 6499
f 6358 6372 6500
f 4472 6749 6373
f 4974 6374 6499
f 6379 6501 6093
f 6501 6375 6093
f 6500 6372 6375
f 6501 6500 6375
f 6749 6376 6373
f 6374 6377 6502
f 6377 6503 6502
f 6380 6503 6377
f 6503 6380 6381
f 6625 6503 6381
f 6386 6504 6378
f 6385 6504 6386
f 6381 6388 6625
f 6625 6388 6889
f 6383 6626 6390
f 6399 6505 6385
f 6385 6505 6504
f 6392 6766 6393
f 6392 6387 6766
f 6387 7156 6766
f 6388 6394 6889
f 6390 6626 6506
f 6395 6390 6506
f 6396 6395 6507
f 6395 6506 6507
f 6397 6396 6508
f 6396 6507 6508
f 6508 6398 6397
f 6509 6398 6508
f 6399 6510 6511
f 6512 6399 6511
f 6505 6399 6512
f 6766 6513 6393
f 6393 6513 6262
f 6514 6394 6400
f 6514 6515 6394
f 6515 6889 6394
f 6400 6401 6514
f 6398 6509 6259
f 6402 7397 6516
f 6510 6399 6402
f 6516 6510 6402
f 6262 6517 6518
f 6517 6262 6513
f 6514 6519 6515
f 6519 6514 6401
f 6519 6401 6520
f 6520 6401 6403
f 6262 6521 6522
f 6404 6262 6522
f 6521 6262 6518
f 6523 6403 6405
f 6523 6524 6403
f 6524 6520 6403
f 6405 6406 6523
f 6407 6525 6408
f 6407 6526 6525
f 6407 6404 6526
f 6404 6522 6526
f 6523 6527 6524
f 6410 6528 6527
f 6409 6410 6527
f 6409 6527 6523
f 6409 6523 6406
f 6525 6529 6530
f 6525 6530 6408
f 6408 6530 6411
f 6526 6529 6525
f 6410 6531 6528
f 6531 6410 6532
f 6532 6410 6413
f 6417 6533 6534
f 6416 6417 6534
f 6530 6417 6411
f 6533 6417 6530
f 6535 6413 6418
f 6535 6536 6413
f 6536 6532 6413
f 6418 6420 6535
f 6424 6537 6423
f 6538 6537 6424
f 6538 6424 6539
f 6539 6424 6425
f 6534 6425 6416
f 6539 6425 6534
f 6535 6540 6536
f 6541 6542 6540
f 6426 6541 6540
f 6426 6540 6535
f 6426 6535 6420
f 6426 6428 6541
f 6435 6436 6543
f 6543 6436 6437
f 6537 6437 6423
f 6537 6544 6437
f 6544 6543 6437
f 6538 6544 6537
f 6541 6545 6542
f 6546 6547 6545
f 6438 6546 6545
f 6438 6545 6541
f 6438 6541 6428
f 6438 6439 6548
f 6546 6438 6548
f 6435 6549 6440
f 6549 6439 6440
f 6546 6550 6547
f 6548 6550 6546
f 6551 6550 6548
f 6552 6551 6548
f 6553 6552 6548
f 6442 6144 6947
f 6443 6442 6947
f 6445 6554 6555
f 6445 6443 6554
f 6443 6947 6554
f 6554 6556 6555
f 6445 6555 6446
f 6555 6556 6557
f 6555 6557 6446
f 6446 6557 6447
f 6557 6449 6447
f 6558 6449 6557
f 6449 6558 6559
f 6450 6449 6559
f 6559 6563 6450
f 6453 6452 6560
f 6561 6453 6560
f 6561 6562 6453
f 6562 6307 6453
f 6456 6455 6564
f 6456 6564 6565
f 6452 6456 6565
f 6452 6565 6566
f 6452 6566 6560
f 6561 6560 6566
f 6458 6457 6567
f 6455 6458 6567
f 6455 6567 6568
f 6455 6568 6564
f 6565 6564 6568
f 6457 6460 6569
f 6570 6567 6457
f 6569 6570 6457
f 6571 6459 6572
f 6572 6459 6694
f 6459 6571 6461
f 6569 6573 6574
f 6569 6460 6573
f 6460 6323 6573
f 6570 6569 6574
f 6571 6572 6575
f 6575 6461 6571
f 6575 6576 6461
f 6576 6462 6461
f 6573 6323 6577
f 6462 6576 6578
f 6325 6462 6578
f 6323 6326 6577
f 6577 6326 6579
f 6325 6578 6464
f 6326 6580 6579
f 6580 6326 6188
f 6581 6580 6188
f 6582 6465 6464
f 6582 6464 6583
f 6583 6464 6578
f 6465 6582 6466
f 6188 6584 6581
f 6467 6584 6188
f 6584 6467 6469
f 6585 6584 6469
f 6582 6583 6586
f 6586 6466 6582
f 6586 6587 6466
f 6587 6470 6466
f 6469 6471 6585
f 6590 6471 6472
f 6470 6587 6588
f 6473 6470 6588
f 6588 6474 6473
f 6589 6474 6588
f 6475 6591 6592
f 6344 6475 6592
f 6475 6343 6591
f 6474 6589 4472
f 6590 6477 6593
f 6344 6592 6356
f 6477 6594 6593
f 6479 6594 6477
f 6594 6479 6480
f 6595 6594 6480
f 6481 6596 6478
f 6596 6481 6358
f 6480 6727 6595
f 6482 6727 6480
f 6727 6482 6484
f 6485 6597 6486
f 6485 6487 6598
f 6597 6485 6598
f 6487 6488 6599
f 6598 6487 6599
f 6488 6490 6599
f 6494 6600 6493
f 6494 6495 6601
f 6600 6494 6601
f 6602 6601 6495
f 6602 6495 6603
f 6603 6495 6496
f 6722 6496 6356
f 6603 6496 6722
f 6597 6604 6605
f 6597 6605 6486
f 6486 6605 6229
f 6598 6604 6597
f 6606 6604 6598
f 6599 6606 6598
f 6607 6606 6599
f 6608 6609 6607
f 6497 6608 6607
f 6497 6607 6599
f 6497 6599 6490
f 6608 6497 6610
f 6497 6498 6611
f 6610 6497 6611
f 6498 6493 6600
f 6498 6600 6611
f 6611 6600 6612
f 6613 6601 6614
f 6613 6612 6601
f 6612 6600 6601
f 6602 6614 6601
f 6605 6626 6229
f 6608 6616 6609
f 6610 6616 6608
f 6617 6616 6610
f 6611 6617 6610
f 6618 6617 6611
f 6612 6618 6611
f 6619 6618 6612
f 6613 6619 6612
f 6620 6499 6621
f 6620 6615 6499
f 6615 6727 6499
f 6620 6621 6622
f 6358 6500 6623
f 6499 6374 6621
f 6621 6374 6622
f 6622 6374 7016
f 6379 6752 6501
f 6623 6500 6501
f 6752 6623 6501
f 6374 6502 7016
f 7016 6502 6624
f 6503 6624 6502
f 6624 6503 6625
f 6378 6765 6627
f 6378 6628 6765
f 6378 6504 6628
f 6504 6505 6628
f 6506 6626 6629
f 6507 6506 6630
f 6506 6629 6630
f 6508 6507 6631
f 6507 6630 6631
f 6631 6509 6508
f 6511 6510 6632
f 6511 6633 6512
f 6632 6633 6511
f 6512 6633 6634
f 6512 6634 6505
f 6505 6634 6628
f 6513 6766 6635
f 6889 6515 6636
f 6259 6509 6637
f 6259 6637 7397
f 6632 6510 6516
f 6632 6516 6638
f 6638 6516 7397
f 6633 6632 6638
f 6639 6633 6638
f 6634 6633 6639
f 6517 6640 6518
f 6517 6513 6640
f 6513 6635 6640
f 6519 6636 6515
f 6636 6519 6520
f 6641 6636 6520
f 6521 6642 6522
f 6521 6643 6642
f 6518 6643 6521
f 6518 6640 6643
f 6520 6524 6641
f 6641 6524 6644
f 6522 6642 6526
f 6645 6642 6643
f 6526 6642 6645
f 6524 6646 6644
f 6527 6646 6524
f 6646 6527 6528
f 6647 6646 6528
f 6529 6648 6649
f 6530 6529 6649
f 6526 6650 6529
f 6650 6648 6529
f 6645 6650 6526
f 6651 6528 6531
f 6651 6652 6528
f 6652 6647 6528
f 6531 6532 6651
f 6533 6653 6654
f 6534 6533 6654
f 6649 6533 6530
f 6653 6533 6649
f 6651 6655 6652
f 6655 6651 6532
f 6655 6532 6656
f 6656 6532 6536
f 6539 6657 6658
f 6538 6539 6658
f 6654 6539 6534
f 6657 6539 6654
f 6536 6659 6656
f 6540 6659 6536
f 6659 6540 6542
f 6660 6659 6542
f 6543 6661 6435
f 6543 6544 6662
f 6661 6543 6662
f 6544 6663 6662
f 6544 6538 6663
f 6538 6658 6663
f 6664 6542 6545
f 6664 6665 6542
f 6665 6660 6542
f 6545 6547 6664
f 6661 6549 6435
f 6661 6666 6549
f 6666 6439 6549
f 6662 6666 6661
f 6667 6666 6662
f 6663 6667 6662
f 6664 6668 6665
f 6547 6668 6664
f 6547 6550 6668
f 6550 6551 6668
f 6669 6670 6551
f 6669 6551 6671
f 6551 6552 6672
f 6671 6551 6672
f 6673 6672 6552
f 6553 6674 6552
f 6548 6675 6553
f 6675 6674 6553
f 6669 6676 6670
f 6671 6676 6669
f 6677 6676 6671
f 6672 6677 6671
f 6678 6677 6672
f 6673 6678 6672
f 6290 6679 6680
f 6144 6290 6947
f 6556 6681 6682
f 6556 6554 6681
f 6554 6947 6681
f 6681 6683 6682
f 6679 6290 6292
f 6556 6682 6557
f 6682 6558 6557
f 6682 6683 6558
f 6683 6684 6558
f 6558 6684 6686
f 6559 6558 6686
f 6563 6559 6687
f 6559 6686 6687
f 6687 6688 6563
f 6561 6689 6562
f 6566 6690 6689
f 6565 6690 6566
f 6689 6561 6566
f 6568 6567 6692
f 6568 6692 6693
f 6568 6693 6565
f 6565 6693 6690
f 6692 6695 6820
f 6692 6567 6695
f 6567 6570 6695
f 6693 6692 6820
f 6694 6822 6572
f 6574 6573 6696
f 6574 6696 6697
f 6574 6697 6570
f 6570 6697 6695
f 6572 6822 6824
f 6575 6572 6824
f 6824 6576 6575
f 6573 6577 6696
f 6698 6697 6696
f 6577 6698 6696
f 6699 6578 6576
f 6699 6576 6700
f 6700 6576 6824
f 6577 6579 6701
f 6702 6698 6577
f 6701 6702 6577
f 6699 6700 6703
f 6703 6578 6699
f 6703 6704 6578
f 6579 6580 6701
f 6581 6705 6706
f 6580 6581 6706
f 6580 6706 6702
f 6580 6702 6701
f 6706 6705 6707
f 6578 6704 6583
f 6704 6708 6583
f 6581 6584 6705
f 6705 6584 6585
f 6705 6585 6707
f 6707 6585 6709
f 6583 6708 6969
f 6586 6583 6969
f 6969 6587 6586
f 6585 6471 6709
f 6710 6588 6587
f 6710 6587 6711
f 6711 6587 6969
f 6588 6710 6589
f 6591 6712 6713
f 6592 6591 6713
f 6343 6714 6591
f 6591 6714 6712
f 6343 6715 6714
f 6715 6343 6476
f 6716 6715 6476
f 6710 6711 6717
f 6717 6589 6710
f 6717 6718 6589
f 6718 4472 6589
f 6719 6593 6720
f 6719 6590 6593
f 6719 6720 6721
f 6592 6713 6356
f 6713 6722 6356
f 6476 6478 6716
f 6593 6594 6720
f 6720 6594 6595
f 6720 6595 6721
f 6721 6595 6723
f 6596 6725 6478
f 6725 6596 6358
f 6726 6725 6358
f 6595 6727 6723
f 6603 6728 6729
f 6602 6603 6729
f 6724 6603 6722
f 6728 6603 6724
f 6604 6730 6605
f 6604 6606 6731
f 6730 6604 6731
f 6606 6607 6732
f 6731 6606 6732
f 6607 6609 6732
f 6614 6733 6613
f 6602 6729 6614
f 6727 6615 6734
f 6730 6735 6626
f 6605 6730 6626
f 6731 6736 6730
f 6736 6735 6730
f 6732 6737 6731
f 6737 6736 6731
f 6609 6616 6738
f 6609 6738 6732
f 6732 6738 6737
f 6739 6738 6616
f 6739 6616 6617
f 6618 6739 6617
f 6619 6739 6618
f 6733 6619 6613
f 6733 6740 6619
f 6740 6739 6619
f 6614 6740 6733
f 6615 6741 6734
f 6620 6741 6615
f 6741 6620 6622
f 6742 6741 6622
f 6735 6743 6626
f 6744 6736 6745
f 6744 6743 6736
f 6743 6735 6736
f 6737 6745 6736
f 6746 6745 6737
f 6738 6746 6737
f 6747 6746 6738
f 6739 6747 6738
f 6358 6623 6748
f 6622 7016 6742
f 6743 6750 6626
f 6751 6743 6744
f 6750 6743 6751
f 6748 6623 6752
f 6750 6754 6626
f 6755 6750 6751
f 6754 6750 6755
f 6756 6757 6378
f 6757 6379 6378
f 6757 6752 6379
f 6754 6759 6626
f 6760 6754 6755
f 6759 6754 6760
f 6627 6765 6761
f 6378 6627 6762
f 6762 6627 6761
f 6756 6378 6762
f 6625 6889 6758
f 6759 6763 6626
f 6764 6759 6760
f 6763 6759 6764
f 6626 6763 6629
f 6763 6764 6767
f 6763 6767 6629
f 6629 6767 6630
f 6631 6630 6768
f 6630 6767 6768
f 6768 6509 6631
f 6769 6509 6768
f 6628 6634 6765
f 6765 6634 6770
f 6635 6766 6771
f 6889 6636 8392
f 6509 6769 6772
f 6637 6509 6772
f 6637 6772 7397
f 6639 6638 6773
f 6638 7397 6773
f 6770 6634 6639
f 6773 6770 6639
f 6635 6771 6640
f 6643 6640 6774
f 6775 6636 6641
f 6775 6641 6644
f 6643 6774 6645
f 6646 6776 6644
f 6776 6646 6647
f 6777 6776 6647
f 6648 6778 6649
f 6779 6778 6648
f 6779 6648 6780
f 6780 6648 6650
f 6780 6650 6645
f 6647 6652 6777
f 6777 6652 6781
f 6653 6782 6654
f 6653 6783 6782
f 6649 6783 6653
f 6649 6784 6783
f 6649 6778 6784
f 6779 6784 6778
f 6652 6785 6781
f 6655 6785 6652
f 6785 6655 6656
f 6786 6785 6656
f 6657 6787 6658
f 6657 6788 6787
f 6654 6788 6657
f 6654 6789 6788
f 6654 6782 6789
f 6783 6789 6782
f 6790 6656 6659
f 6790 6791 6656
f 6791 6786 6656
f 6659 6660 6790
f 6787 6792 6793
f 6787 6793 6658
f 6658 6793 6663
f 6788 6792 6787
f 6790 6794 6791
f 6794 6790 6660
f 6794 6660 6795
f 6795 6660 6665
f 6796 6548 6439
f 6796 6439 6797
f 6797 6439 6666
f 6667 6798 6666
f 6666 6798 6797
f 6793 6667 6663
f 6798 6667 6793
f 6665 6799 6795
f 6668 6799 6665
f 6800 6801 6799
f 6800 6799 6551
f 6551 6799 6668
f 6551 6670 6800
f 6552 6802 6673
f 6803 6802 6552
f 6803 6552 6804
f 6804 6552 6674
f 6675 6805 6674
f 6674 6805 6804
f 6548 6806 6675
f 6806 6805 6675
f 6796 6806 6548
f 6800 6807 6801
f 6670 6807 6800
f 6670 6676 6807
f 6676 6808 6807
f 6677 6808 6676
f 6678 6808 6677
f 6802 6678 6673
f 6802 6808 6678
f 6803 6808 6802
f 6680 6679 6947
f 6947 6290 6680
f 6681 6947 6809
f 6809 6683 6681
f 6810 6683 6809
f 6148 6685 6811
f 6947 6679 6292
f 6947 6292 6812
f 6812 6292 6148
f 6813 6814 6684
f 6813 6684 6810
f 6810 6684 6683
f 6813 6815 6814
f 6684 6814 6686
f 6814 6815 6816
f 6814 6816 6686
f 6686 6816 6687
f 6816 6688 6687
f 6817 6688 6816
f 6689 6818 6562
f 6688 6817 6563
f 7088 6691 6694
f 6694 6691 6819
f 6819 6691 7088
f 6820 6821 6693
f 6693 6821 6690
f 6694 6819 6822
f 6695 6697 6820
f 6823 6821 6820
f 6697 6698 6820
f 6824 6825 6700
f 6820 6702 6826
f 6698 6702 6820
f 6827 6823 6820
f 6826 6827 6820
f 6703 6700 6825
f 6825 6704 6703
f 6828 6704 6825
f 6702 6706 6826
f 6826 6706 6707
f 6826 6707 6827
f 6827 6707 6829
f 6704 6828 6708
f 6707 6709 6829
f 6829 6709 6830
f 6709 6831 6830
f 6471 6831 6709
f 6831 6471 6590
f 6832 6590 6833
f 6832 6833 6834
f 6712 6835 6713
f 6712 6714 6836
f 6835 6712 6836
f 6714 6715 6837
f 6836 6714 6837
f 6715 6716 6837
f 6838 6717 6711
f 6838 6711 6839
f 6839 6711 6969
f 6717 6838 6718
f 6590 6719 6833
f 6833 6719 6721
f 6833 6721 6834
f 6834 6721 6840
f 6835 6841 6842
f 6835 6842 6713
f 6713 6842 6722
f 6836 6841 6835
f 6843 6841 6836
f 6837 6843 6836
f 6844 6843 6837
f 6844 6837 6716
f 6844 6716 6845
f 6845 6716 6478
f 6838 6839 6846
f 6846 6718 6838
f 6846 6847 6718
f 6847 4472 6718
f 6727 6840 6723
f 6840 6721 6723
f 6848 6478 6725
f 6848 6849 6478
f 6849 6845 6478
f 6725 6726 6848
f 6847 6850 4472
f 6728 6851 6729
f 6728 6852 6851
f 6728 6724 6852
f 6848 6853 6849
f 6853 6848 6726
f 6853 6726 6854
f 6854 6726 6358
f 6850 6855 4472
f 6851 6857 6614
f 6729 6851 6614
f 6858 6851 6852
f 6857 6851 6858
f 6854 6358 6859
f 6855 6860 4472
f 6856 6734 6861
f 6856 6727 6734
f 6856 6861 6862
f 6740 6864 6739
f 6857 6740 6614
f 6857 6865 6740
f 6865 6864 6740
f 6858 6865 6857
f 6859 6358 6866
f 6860 6749 4472
f 6734 6741 6861
f 6861 6741 6742
f 6861 6742 6862
f 6862 6742 7016
f 6745 6867 6744
f 6745 6746 6868
f 6867 6745 6868
f 6869 6868 6746
f 6869 6746 6870
f 6870 6746 6747
f 6863 6747 6739
f 6870 6747 6863
f 6358 6748 6866
f 6866 6748 6871
f 6867 6872 6751
f 6744 6867 6751
f 6873 6868 6874
f 6873 6872 6868
f 6872 6867 6868
f 6869 6874 6868
f 6871 6748 6752
f 6875 6871 6752
f 6376 6876 6753
f 6876 6376 6749
f 6872 6877 6755
f 6751 6872 6755
f 6878 6872 6873
f 6877 6872 6878
f 6757 6756 6879
f 6757 6879 6880
f 6757 6880 6752
f 6881 6624 6625
f 6881 6882 6624
f 6882 7016 6624
f 6625 6758 6881
f 6877 6883 6760
f 6755 6877 6760
f 6884 6877 6878
f 6883 6877 6884
f 6761 6885 6886
f 6765 6885 6761
f 6762 6761 6887
f 6761 6886 6887
f 6879 6756 6762
f 6879 6762 6888
f 6888 6762 6887
f 6880 6879 6888
f 6881 6889 6882
f 6889 6881 6758
f 6883 6890 6764
f 6760 6883 6764
f 6891 6883 6884
f 6891 6892 6883
f 6892 6890 6883
f 6891 6893 6892
f 6894 6885 6765
f 7156 6895 6766
f 6764 6890 6767
f 6768 6767 6890
f 6892 6768 6890
f 6769 6896 6897
f 6768 6896 6769
f 6768 6893 6896
f 6768 6892 6893
f 6896 6898 6897
f 6766 6899 6900
f 6771 6766 6900
f 6899 6766 6895
f 6769 6897 6772
f 6897 6898 6901
f 6897 6901 6772
f 6772 6901 7397
f 6773 7397 6902
f 6902 6770 6773
f 6771 6900 6640
f 6900 6903 6640
f 6640 6904 6905
f 6774 6640 6905
f 6904 6640 6903
f 6906 6636 6775
f 6906 6907 6636
f 6907 8392 6636
f 6775 6644 6906
f 6774 6905 6645
f 6905 6908 6645
f 6906 6909 6907
f 6910 6911 6909
f 6776 6910 6909
f 6776 6909 6906
f 6776 6906 6644
f 6776 6777 6910
f 6780 7041 6912
f 6779 6780 6912
f 6908 6780 6645
f 7041 6780 6908
f 6913 6911 6910
f 6914 6911 6913
f 6777 6781 6913
f 6910 6777 6913
f 6784 6915 6916
f 6783 6784 6916
f 6912 6784 6779
f 6915 6784 6912
f 6913 6917 6914
f 6918 6919 6917
f 6785 6918 6917
f 6785 6917 6913
f 6785 6913 6781
f 6785 6786 6918
f 6789 6920 6921
f 6788 6789 6921
f 6916 6789 6783
f 6920 6789 6916
f 6918 6922 6919
f 6922 6918 6786
f 6792 6923 6793
f 6792 6924 6923
f 6792 6788 6924
f 6788 6921 6924
f 6925 6791 6794
f 6925 6926 6791
f 6926 6786 6791
f 6794 6795 6925
f 6797 6927 6796
f 6928 6927 6797
f 6928 6797 6929
f 6929 6797 6798
f 6923 6798 6793
f 6923 6930 6798
f 6930 6929 6798
f 6924 6930 6923
f 6925 6931 6926
f 6932 6933 6931
f 6799 6932 6931
f 6799 6931 6925
f 6799 6925 6795
f 6799 6801 6932
f 6804 6934 6803
f 6804 6805 6942
f 6934 6804 6942
f 6805 6806 6942
f 6806 6935 6942
f 6796 6935 6806
f 6796 6936 6935
f 6796 6927 6936
f 6928 6936 6927
f 6932 6937 6933
f 6938 6939 6937
f 6807 6938 6937
f 6807 6937 6932
f 6807 6932 6801
f 6938 6807 6808
f 6803 6940 6808
f 6803 6941 6940
f 6803 6934 6941
f 6942 6941 6934
f 6938 6943 6939
f 6808 6943 6938
f 6944 6943 6808
f 6946 6945 6808
f 6940 6946 6808
f 6810 6948 6949
f 6810 6809 6948
f 6809 6947 6948
f 6948 6950 6949
f 6951 6811 6685
f 6951 6952 6811
f 6952 6148 6811
f 6947 6812 6953
f 6953 6812 6148
f 6810 6949 6813
f 6815 6954 6955
f 6813 6954 6815
f 6813 6950 6954
f 6813 6949 6950
f 6954 6956 6955
f 6957 6685 6562
f 6951 6685 6957
f 6815 6955 6816
f 6955 6817 6816
f 6955 6956 6817
f 6956 7334 6817
f 6817 7334 6563
f 6562 6818 6958
f 6818 6689 6958
f 6689 6959 6958
f 7088 6960 6819
f 6689 6961 7091
f 6689 6690 6961
f 6690 6821 6961
f 6959 6689 7091
f 6819 6960 6822
f 6821 6823 6961
f 6961 6823 6962
f 6824 6822 6963
f 6962 6823 6964
f 6963 6965 6824
f 6965 6825 6824
f 6823 6827 6964
f 6964 6827 6966
f 6825 6969 6828
f 6827 6829 6966
f 6966 6829 6967
f 6969 6708 6828
f 6829 6830 6967
f 6967 6830 6968
f 6830 6970 6968
f 6831 6970 6830
f 6590 6971 6831
f 6831 6971 6970
f 6971 6590 6972
f 6590 6832 6834
f 6590 6834 6972
f 6972 6834 6974
f 6969 6973 6839
f 6973 6975 6839
f 6976 6840 6727
f 6976 6974 6840
f 6974 6834 6840
f 6976 6727 6977
f 6841 6978 6842
f 6841 6843 6979
f 6978 6841 6979
f 6843 6844 6980
f 6979 6843 6980
f 6844 6845 6980
f 6981 6846 6839
f 6981 6839 6975
f 6846 6981 6847
f 6722 6982 6724
f 6978 6722 6842
f 6978 6983 6722
f 6983 6982 6722
f 6979 6983 6978
f 6984 6983 6979
f 6980 6984 6979
f 6985 6984 6980
f 6985 6980 6845
f 6985 6845 6986
f 6986 6845 6849
f 6987 6981 6975
f 6988 6987 6975
f 6847 6987 6850
f 6981 6987 6847
f 6849 6989 6986
f 6853 6989 6849
f 6854 6990 6991
f 6854 6991 6853
f 6853 6991 6989
f 6990 6992 6993
f 6991 6990 6993
f 6988 6993 6992
f 6988 6992 6987
f 6987 6992 6995
f 6850 6995 6855
f 6987 6995 6850
f 6852 6724 6858
f 6724 6994 6858
f 6854 6859 6990
f 6992 6990 6995
f 6855 6995 6860
f 7245 6856 6862
f 6739 6996 6997
f 6863 6739 6997
f 6739 6998 6996
f 6739 6999 6998
f 6864 7000 6739
f 6739 7000 6999
f 6865 7001 6864
f 6864 7001 7000
f 6994 6865 6858
f 7001 6865 6994
f 6990 6866 7002
f 6859 6866 6990
f 6995 6990 7002
f 6860 6995 6749
f 6862 7016 7245
f 6870 7003 7004
f 6869 6870 7004
f 6997 6870 6863
f 7003 6870 6997
f 7002 6871 7005
f 6866 6871 7002
f 6995 7002 7006
f 7006 7002 7005
f 6874 7007 6873
f 6874 7008 7007
f 6874 6869 7008
f 6869 7004 7008
f 6875 6752 7009
f 7005 6871 6875
f 7005 6875 7010
f 7010 6875 7009
f 7006 7005 7010
f 7011 7006 7010
f 6876 7012 6753
f 6876 7006 7012
f 6876 6995 7006
f 7006 7011 7012
f 6749 6995 6876
f 7007 7013 6878
f 6873 7007 6878
f 7014 7007 7008
f 7013 7007 7014
f 6752 6880 7015
f 6753 7012 7156
f 7013 7017 6884
f 6878 7013 6884
f 7018 7013 7014
f 7017 7013 7018
f 6886 7019 7020
f 6885 7019 6886
f 6887 6886 7021
f 6886 7020 7021
f 6888 6887 7022
f 6887 7021 7022
f 7015 6880 6888
f 7022 7015 6888
f 6882 6889 7016
f 6884 7017 6891
f 6893 7023 7024
f 6891 7023 6893
f 6891 7018 7023
f 6891 7017 7018
f 7023 7025 7024
f 6894 6765 7026
f 6894 7026 7027
f 6894 7027 6885
f 6885 7027 7019
f 6893 7024 6896
f 7024 6898 6896
f 7024 7025 6898
f 7025 7028 6898
f 7026 6770 7029
f 6765 6770 7026
f 7030 7027 7026
f 7029 7030 7026
f 6899 7156 6900
f 6899 6895 7156
f 6898 7028 7031
f 6901 6898 7031
f 7397 6901 7032
f 6901 7031 7032
f 7029 6770 6902
f 7029 6902 7033
f 7033 6902 7397
f 7030 7029 7033
f 6900 7156 6903
f 6904 7034 6905
f 6904 7035 7034
f 6904 6903 7035
f 6903 7156 7035
f 8392 6907 7036
f 7034 7037 7038
f 7034 7038 6905
f 6905 7038 6908
f 7035 7037 7034
f 6907 7039 7036
f 6909 7039 6907
f 7039 6909 6911
f 7040 7039 6911
f 6912 7041 7042
f 7038 7041 6908
f 6911 6914 7040
f 7040 6914 7043
f 6915 7044 7045
f 6916 6915 7045
f 7042 6915 6912
f 7044 6915 7042
f 6914 7046 7043
f 6917 7046 6914
f 7046 6917 6919
f 7047 7046 6919
f 6920 6916 7048
f 6916 7045 7048
f 7049 6919 6922
f 7049 7050 6919
f 7050 7047 6919
f 6922 6786 7049
f 6920 7051 7052
f 6920 7052 6921
f 6921 7052 6924
f 7048 7051 6920
f 7049 7053 7050
f 7053 7049 6786
f 7053 6786 7054
f 7054 6786 6926
f 7055 6929 7056
f 7056 6929 6930
f 7052 6930 6924
f 7056 6930 7052
f 6926 7057 7054
f 6931 7057 6926
f 7057 6931 6933
f 7058 7057 6933
f 6936 7059 6935
f 6936 7060 7059
f 6928 7060 6936
f 6928 7061 7060
f 6928 6929 7061
f 7055 7061 6929
f 7062 6933 6937
f 7062 7063 6933
f 7063 7058 6933
f 6937 6939 7062
f 6941 7064 6940
f 7065 7064 6941
f 7065 6941 7066
f 7066 6941 6942
f 7059 6942 6935
f 7059 7067 6942
f 7060 7067 7059
f 7062 7068 7063
f 6939 7068 7062
f 6939 6943 7068
f 6943 7069 7068
f 7070 7071 7069
f 7070 7069 6944
f 6944 7069 6943
f 7070 6944 6808
f 6808 6945 7072
f 7073 7072 6945
f 7073 6945 7074
f 7074 6945 6946
f 7064 6946 6940
f 7064 7075 6946
f 7075 7074 6946
f 7065 7075 7064
f 7070 7076 7071
f 6808 7076 7070
f 7077 7076 6808
f 7072 7077 6808
f 7078 7077 7072
f 7073 7078 7072
f 6948 6947 7079
f 7079 6950 6948
f 7080 6950 7079
f 6952 7081 7082
f 6951 7081 6952
f 6952 7082 6148
f 6953 6148 7083
f 7083 6947 6953
f 6950 7080 7084
f 6954 6950 7084
f 7084 6956 6954
f 7085 6957 6562
f 7081 6951 6957
f 7085 7081 6957
f 6562 6958 7086
f 6562 7086 7087
f 6694 6563 7088
f 6958 6959 7086
f 7089 7087 7086
f 6959 7089 7086
f 7088 7090 6960
f 7089 6959 7091
f 6960 7090 6822
f 6961 6962 7091
f 6822 7092 6963
f 6962 6964 7091
f 7092 6965 6963
f 7093 6965 7092
f 6964 6966 7091
f 6965 7093 6825
f 6966 6967 7091
f 7091 6968 7095
f 6967 6968 7091
f 7096 7094 7091
f 7095 7096 7091
f 6968 6970 7095
f 7095 7098 7096
f 7095 6970 7098
f 6970 6971 7098
f 7098 6971 6972
f 7099 7098 6972
f 7100 6969 7097
f 6969 7100 6973
f 6972 6974 7099
f 7099 6974 7101
f 7100 6975 6973
f 6974 7102 7101
f 6976 7102 6974
f 7102 6976 6977
f 7100 7103 6975
f 6977 6727 7102
f 6982 7104 6724
f 7105 7104 6982
f 7105 6982 7106
f 7106 6982 6983
f 6984 7107 6983
f 6983 7107 7106
f 6985 7108 6984
f 6984 7108 7107
f 7108 6985 6986
f 7109 7108 6986
f 6975 7103 6988
f 7103 7110 6988
f 7111 7104 7105
f 6986 7112 7109
f 6989 7112 6986
f 6991 7113 6989
f 6989 7113 7112
f 6993 7114 6991
f 6991 7114 7113
f 7110 6993 6988
f 7114 6993 7110
f 6727 6856 7115
f 6724 7104 6994
f 7116 7104 7111
f 6856 7245 7115
f 6996 7117 6997
f 6996 6998 7118
f 7117 6996 7118
f 6998 6999 7119
f 7118 6998 7119
f 6999 7000 7120
f 7119 6999 7120
f 7000 7001 7120
f 7001 6994 7104
f 7001 7104 7120
f 7121 7104 7116
f 7003 7122 7004
f 7003 6997 7117
f 7003 7117 7122
f 7122 7117 7123
f 7118 7124 7117
f 7124 7123 7117
f 7119 7125 7118
f 7125 7124 7118
f 7120 7126 7119
f 7126 7125 7119
f 7127 7126 7120
f 7104 7128 7120
f 7128 7127 7120
f 7128 7104 7121
f 7122 7129 7130
f 7122 7130 7004
f 7004 7130 7008
f 7123 7129 7122
f 7250 7129 7123
f 7124 7250 7123
f 7125 7250 7124
f 7126 7250 7125
f 7127 7250 7126
f 7128 7250 7127
f 7121 7250 7128
f 7009 6752 7131
f 7010 7009 7132
f 7009 7131 7132
f 7011 7010 7133
f 7010 7132 7133
f 7133 7012 7011
f 7134 7012 7133
f 7008 7130 7014
f 6752 7015 7136
f 7012 7134 7156
f 7014 7130 7018
f 7130 7137 7018
f 7020 7019 7138
f 7020 7139 7021
f 7138 7139 7020
f 7140 7021 7139
f 7140 7141 7021
f 7141 7022 7021
f 7136 7015 7022
f 7141 7136 7022
f 7142 7016 6889
f 7018 7137 7143
f 7023 7018 7143
f 7143 7025 7023
f 7144 7025 7143
f 7138 7027 7145
f 7019 7027 7138
f 7139 7138 7146
f 7146 7138 7145
f 7147 7140 7139
f 7146 7147 7139
f 7142 6889 8392
f 7031 7028 7144
f 7144 7028 7025
f 7031 7260 7148
f 7260 7149 7148
f 7145 7030 7150
f 7027 7030 7145
f 7146 7145 7151
f 7151 7145 7150
f 7152 7147 7146
f 7151 7152 7146
f 7148 7032 7031
f 7148 7149 7153
f 7148 7153 7032
f 7032 7153 7397
f 7150 7030 7033
f 7150 7033 7154
f 7154 7033 7397
f 7151 7150 7154
f 7155 7151 7154
f 7152 7151 7155
f 7156 7268 7035
f 7038 7037 7157
f 7268 7037 7035
f 7158 7036 7039
f 7158 7159 7036
f 7159 8392 7036
f 7039 7040 7158
f 7041 7038 7160
f 7038 7157 7160
f 7158 7161 7159
f 7161 7158 7040
f 7161 7040 7162
f 7162 7040 7043
f 7044 7163 7045
f 7044 7164 7163
f 7042 7164 7044
f 7042 7165 7164
f 7042 7041 7165
f 7160 7165 7041
f 7166 7043 7046
f 7046 7047 7166
f 7163 7167 7168
f 7163 7168 7045
f 7045 7168 7048
f 7164 7167 7163
f 7166 7169 7043
f 7169 7166 7047
f 7169 7047 7170
f 7170 7047 7050
f 7051 7171 7172
f 7052 7051 7172
f 7168 7051 7048
f 7171 7051 7168
f 7050 7173 7170
f 7053 7173 7050
f 7173 7053 7054
f 7174 7173 7054
f 7056 7175 7176
f 7055 7056 7176
f 7172 7056 7052
f 7175 7056 7172
f 7177 7054 7057
f 7177 7178 7054
f 7178 7174 7054
f 7057 7058 7177
f 7061 7179 7180
f 7060 7061 7180
f 7176 7061 7055
f 7179 7061 7176
f 7177 7181 7178
f 7181 7177 7058
f 7181 7058 7182
f 7182 7058 7063
f 7066 7183 7065
f 7184 7183 7066
f 7184 7066 7185
f 7185 7066 6942
f 7067 7186 6942
f 6942 7186 7185
f 7180 7067 7060
f 7186 7067 7180
f 7063 7187 7182
f 7068 7187 7063
f 7069 7188 7068
f 7068 7188 7187
f 7188 7069 7071
f 7189 7188 7071
f 7074 7190 7073
f 7191 7190 7074
f 7191 7074 7192
f 7192 7074 7075
f 7183 7075 7065
f 7183 7193 7075
f 7193 7192 7075
f 7184 7193 7183
f 7071 7194 7189
f 7076 7194 7071
f 7077 7195 7076
f 7076 7195 7194
f 7078 7196 7077
f 7077 7196 7195
f 7190 7078 7073
f 7190 7197 7078
f 7197 7196 7078
f 7191 7197 7190
f 6947 7198 7199
f 6947 7199 7200
f 7079 6947 7202
f 6947 7201 7202
f 7202 7080 7079
f 7203 7080 7202
f 7082 7081 7204
f 7205 7082 7204
f 7205 7206 7082
f 7206 6148 7082
f 6148 7206 7083
f 7198 6947 7083
f 7080 7203 7207
f 7084 7080 7207
f 7207 6956 7084
f 7085 6562 7208
f 7081 7085 7208
f 7081 7208 7209
f 7081 7209 7204
f 7205 7204 7209
f 6562 7210 7211
f 7208 6562 7211
f 7334 7212 6563
f 6562 7213 7214
f 7210 6562 7214
f 6563 7212 7088
f 6562 7087 7215
f 7087 7089 7215
f 7088 7216 7090
f 7215 7089 7091
f 7217 7215 7091
f 7090 7216 7218
f 6822 7090 7218
f 7219 6822 7218
f 6822 7219 7092
f 7217 7091 7220
f 7092 7221 7093
f 7222 7094 7223
f 7222 7220 7094
f 7220 7091 7094
f 7222 7223 7224
f 7093 7221 6825
f 7221 7483 6825
f 7223 7096 7225
f 7094 7096 7223
f 7226 7224 7223
f 7225 7226 7223
f 7096 7098 7225
f 7225 7098 7099
f 7225 7099 7226
f 6969 7227 7097
f 7227 7100 7097
f 7099 7101 7226
f 7226 7101 7228
f 7229 7100 7230
f 7230 7100 7227
f 7101 7231 7228
f 7102 7231 7101
f 7483 7229 7230
f 7100 7483 7103
f 7229 7483 7100
f 7106 7232 7105
f 7106 7107 7233
f 7232 7106 7233
f 7107 7108 7234
f 7233 7107 7234
f 7108 7109 7234
f 7236 7235 7483
f 7103 7235 7110
f 7483 7235 7103
f 7232 7237 7238
f 7232 7238 7105
f 7105 7238 7111
f 7233 7237 7232
f 7239 7237 7233
f 7234 7239 7233
f 7240 7239 7234
f 7109 7240 7234
f 7109 7112 7240
f 7112 7241 7240
f 7113 7242 7112
f 7112 7242 7241
f 7236 7114 7235
f 7236 7242 7114
f 7242 7113 7114
f 7110 7235 7114
f 6727 7115 7243
f 7111 7238 7116
f 7238 7244 7116
f 7115 7245 7243
f 7116 7244 7121
f 7244 7375 7121
f 7129 7246 7130
f 7247 7246 7129
f 7247 7129 7248
f 7248 7129 7250
f 7250 7249 7248
f 7375 7250 7121
f 7131 7251 7132
f 6752 7251 7131
f 7132 7134 7133
f 7252 7134 7132
f 7246 7254 7130
f 7255 7246 7247
f 7254 7246 7255
f 6752 7136 7251
f 7251 7136 7256
f 7134 7252 7156
f 7257 7253 7135
f 7016 7257 7135
f 7254 7258 7137
f 7130 7254 7137
f 7259 7254 7255
f 7258 7254 7259
f 7140 7512 7141
f 7256 7136 7141
f 7512 7256 7141
f 7016 7142 7257
f 7257 7142 8392
f 7137 7258 7143
f 7144 7260 7031
f 7143 7260 7144
f 7143 7259 7260
f 7143 7258 7259
f 7260 7261 7262
f 7261 7263 7262
f 7140 7147 7512
f 7149 7260 7264
f 7264 7260 7262
f 7265 7262 7263
f 7264 7262 7265
f 7147 7152 7512
f 7512 7152 7396
f 7149 7264 7153
f 7264 7265 7266
f 7264 7266 7153
f 7397 7153 7267
f 7153 7266 7267
f 7155 7154 7397
f 7396 7152 7155
f 7397 7396 7155
f 7037 7268 7269
f 7157 7037 7269
f 7157 7269 7160
f 7269 7270 7160
f 7043 7161 7162
f 7165 7271 7272
f 7164 7165 7272
f 7270 7165 7160
f 7271 7165 7270
f 7167 7273 7274
f 7168 7167 7274
f 7272 7167 7164
f 7273 7167 7272
f 7275 7043 7169
f 7275 7276 7043
f 7169 7170 7275
f 7171 7277 7278
f 7172 7171 7278
f 7274 7171 7168
f 7277 7171 7274
f 7275 7279 7276
f 7280 7281 7279
f 7173 7280 7279
f 7173 7279 7275
f 7173 7275 7170
f 7173 7174 7280
f 7175 7172 7282
f 7172 7278 7282
f 7283 7281 7280
f 7174 7178 7283
f 7280 7174 7283
f 7179 7284 7180
f 7179 7285 7284
f 7176 7285 7179
f 7176 7286 7285
f 7176 7175 7286
f 7282 7286 7175
f 7287 7281 7283
f 7178 7181 7288
f 7178 7288 7283
f 7283 7288 7287
f 7181 7182 7288
f 7185 7289 7184
f 7290 7289 7185
f 7290 7185 7291
f 7291 7185 7186
f 7284 7186 7180
f 7284 7292 7186
f 7292 7291 7186
f 7285 7292 7284
f 7287 7293 7281
f 7288 7293 7287
f 7294 7293 7288
f 7295 7296 7294
f 7187 7295 7294
f 7187 7294 7288
f 7187 7288 7182
f 7187 7188 7297
f 7295 7187 7297
f 7188 7189 7297
f 7192 7298 7191
f 7298 7192 7193
f 7184 7299 7193
f 7184 7300 7299
f 7184 7289 7300
f 7290 7300 7289
f 7295 7301 7296
f 7297 7301 7295
f 7302 7301 7297
f 7309 7303 7302
f 7194 7309 7302
f 7194 7302 7297
f 7194 7297 7189
f 7194 7195 7309
f 7195 7196 7304
f 7309 7195 7304
f 7305 7304 7196
f 7305 7196 7306
f 7306 7196 7197
f 7298 7197 7191
f 7298 7307 7197
f 7307 7306 7197
f 7193 7307 7298
f 7308 7307 7193
f 7299 7308 7193
f 7310 7309 7304
f 7305 7310 7304
f 7199 7198 7311
f 7199 7312 7200
f 7311 7312 7199
f 7313 7200 7312
f 7313 7314 7200
f 7314 6947 7200
f 7316 7315 7317
f 7316 7201 7315
f 7201 6947 7315
f 7201 7318 7202
f 7316 7318 7201
f 7202 7318 7203
f 7206 7319 7320
f 7205 7319 7206
f 7083 7206 7321
f 7206 7320 7321
f 7311 7198 7083
f 7311 7083 7322
f 7322 7083 7321
f 7312 7311 7322
f 7323 7312 7322
f 7313 7312 7323
f 7316 7317 7324
f 7318 7316 7324
f 7325 7318 7324
f 7203 7318 7325
f 7203 7325 7207
f 7207 7325 7326
f 7326 6956 7207
f 7327 6956 7326
f 7209 7328 7329
f 7208 7328 7209
f 7319 7205 7209
f 7329 7319 7209
f 6956 7327 7334
f 7211 7330 7331
f 7210 7330 7211
f 7328 7208 7211
f 7331 7328 7211
f 7214 7332 7333
f 7213 7332 7214
f 7330 7210 7214
f 7333 7330 7214
f 7334 7088 7212
f 6562 7335 7213
f 7213 7335 7332
f 7334 7472 7088
f 7472 7216 7088
f 7215 7217 6562
f 7336 7216 7472
f 7218 7216 7219
f 7216 7336 7337
f 7337 7219 7216
f 7337 7338 7219
f 7338 7092 7219
f 7338 7339 7092
f 7217 7220 7340
f 7340 7341 7217
f 7092 7339 7342
f 7342 7221 7092
f 7343 7221 7342
f 7220 7222 7340
f 7340 7222 7224
f 7340 7224 7341
f 7341 7224 7226
f 7221 7343 7483
f 7344 6969 6825
f 7344 6825 7345
f 7345 6825 7483
f 6969 7344 7227
f 7346 7228 7347
f 7346 7226 7228
f 7346 7347 7348
f 7483 7344 7345
f 7227 7483 7230
f 7344 7483 7227
f 7228 7231 7347
f 7347 7231 7102
f 7347 7102 7348
f 7348 7102 6727
f 7351 7350 7483
f 7483 7350 7236
f 7349 6727 7352
f 7237 7353 7238
f 7237 7239 7354
f 7353 7237 7354
f 7239 7240 7355
f 7354 7239 7355
f 7240 7241 7356
f 7355 7240 7356
f 7242 7357 7241
f 7357 7350 7241
f 7351 7241 7350
f 7241 7351 7356
f 7358 7356 7351
f 7356 7358 7357
f 7357 7359 7356
f 7242 7359 7357
f 7357 7358 7350
f 7360 7350 7358
f 7350 7360 7236
f 7366 7236 7360
f 7236 7366 7242
f 7359 7242 7366
f 7360 7361 7366
f 6727 7243 7352
f 7352 7243 7362
f 7353 7363 7244
f 7238 7353 7244
f 7354 7364 7353
f 7364 7363 7353
f 7355 7365 7354
f 7365 7364 7354
f 7356 7359 7355
f 7359 7365 7355
f 7367 7366 7361
f 7243 7245 7362
f 7363 7368 7369
f 7363 7369 7244
f 7244 7369 7375
f 7364 7368 7363
f 7370 7368 7364
f 7365 7370 7364
f 7371 7370 7365
f 7371 7359 7372
f 7371 7365 7359
f 7373 7366 7367
f 7245 7016 7374
f 7376 7372 7359
f 7377 7372 7376
f 7366 7376 7359
f 7378 7366 7373
f 7379 7374 7135
f 7374 7016 7135
f 7379 7135 7380
f 7248 7381 7247
f 7381 7248 7382
f 7248 7249 7382
f 7383 7382 7249
f 7383 7249 7384
f 7384 7249 7250
f 7132 7377 7376
f 7132 7251 7377
f 7366 7132 7376
f 7366 7252 7132
f 7366 7378 7252
f 7378 7156 7252
f 7135 7253 7380
f 7380 7253 8392
f 7381 7385 7255
f 7247 7381 7255
f 7382 7385 7381
f 7386 7382 7383
f 7251 7256 7387
f 7253 7257 8392
f 7385 7388 7259
f 7255 7385 7259
f 7382 7260 7385
f 7260 7388 7385
f 7389 7260 7382
f 7390 7382 7386
f 7389 7382 7390
f 7387 7256 7512
f 7259 7388 7260
f 7389 7261 7260
f 7389 7263 7261
f 7389 7390 7263
f 7390 7391 7263
f 7392 7266 7265
f 7392 7265 7391
f 7391 7265 7263
f 7266 7393 7394
f 7392 7393 7266
f 7393 7395 7394
f 7394 7267 7266
f 7394 7395 7397
f 7394 7397 7267
f 7268 7398 7269
f 7268 7399 7398
f 8392 7159 7400
f 7398 7401 7402
f 7398 7402 7269
f 7269 7402 7270
f 7399 7401 7398
f 7159 7403 7400
f 7161 7403 7159
f 7403 7161 7043
f 7404 7403 7043
f 7271 7405 7406
f 7272 7271 7406
f 7402 7271 7270
f 7405 7271 7402
f 7404 7043 7407
f 7273 7408 7274
f 7273 7409 7408
f 7273 7272 7409
f 7272 7406 7409
f 7043 7276 7407
f 7407 7276 7410
f 7277 7411 7278
f 7277 7412 7411
f 7274 7412 7277
f 7274 7413 7412
f 7274 7408 7413
f 7409 7413 7408
f 7276 7414 7410
f 7279 7414 7276
f 7414 7279 7281
f 7415 7414 7281
f 7411 7416 7282
f 7278 7411 7282
f 7417 7411 7412
f 7416 7411 7417
f 7286 7536 7285
f 7282 7536 7286
f 7282 7418 7536
f 7282 7416 7418
f 7417 7418 7416
f 7415 7281 7419
f 7291 7420 7290
f 7421 7420 7291
f 7421 7291 7422
f 7422 7291 7292
f 7536 7292 7285
f 7536 7423 7292
f 7423 7422 7292
f 7281 7424 7419
f 7293 7424 7281
f 7425 7426 7424
f 7425 7424 7294
f 7294 7424 7293
f 7294 7296 7425
f 7300 7427 7299
f 7300 7428 7427
f 7290 7428 7300
f 7290 7429 7428
f 7290 7420 7429
f 7421 7429 7420
f 7425 7430 7426
f 7431 7432 7430
f 7301 7431 7430
f 7301 7430 7425
f 7301 7425 7296
f 7301 7302 7433
f 7431 7301 7433
f 7302 7303 7433
f 7306 7434 7305
f 7306 7307 7435
f 7434 7306 7435
f 7436 7435 7307
f 7436 7307 7437
f 7437 7307 7308
f 7427 7308 7299
f 7427 7438 7308
f 7438 7437 7308
f 7428 7438 7427
f 7431 7439 7432
f 7433 7439 7431
f 7440 7439 7433
f 7303 7440 7433
f 7303 7309 7440
f 7434 7310 7305
f 7434 7441 7310
f 7441 7309 7310
f 7435 7441 7434
f 7442 7441 7435
f 7436 7442 7435
f 7314 7313 7443
f 7444 7314 7443
f 7444 7445 7314
f 7445 6947 7314
f 7447 7446 7448
f 7447 7315 7446
f 7315 6947 7446
f 7315 7447 7317
f 7320 7319 7449
f 7320 7450 7321
f 7449 7450 7320
f 7321 7451 7322
f 7450 7451 7321
f 7452 7322 7451
f 7452 7453 7322
f 7453 7323 7322
f 7443 7313 7323
f 7444 7443 7323
f 7447 7448 7454
f 7317 7447 7454
f 7317 7454 7324
f 7324 7454 7455
f 7325 7324 7456
f 7324 7455 7456
f 7457 7456 7458
f 7457 7326 7456
f 7326 7325 7456
f 7326 7457 7327
f 7329 7328 7459
f 7329 7459 7460
f 7319 7329 7460
f 7319 7460 7461
f 7319 7461 7449
f 7450 7449 7461
f 7462 7450 7461
f 7451 7450 7462
f 7463 7451 7462
f 7452 7451 7463
f 7457 7458 7464
f 7464 7327 7457
f 7464 7465 7327
f 7465 7334 7327
f 7331 7330 7466
f 7331 7466 7467
f 7328 7331 7467
f 7328 7467 7468
f 7328 7468 7459
f 7460 7459 7468
f 7333 7332 7469
f 7333 7469 7470
f 7330 7333 7470
f 7330 7470 7471
f 7330 7471 7466
f 7467 7466 7471
f 7469 7335 7574
f 7332 7335 7469
f 7574 7470 7469
f 7335 6562 7217
f 7335 7217 7574
f 7473 7337 7336
f 7473 7336 7474
f 7474 7336 7472
f 7337 7473 7338
f 7473 7474 7475
f 7475 7338 7473
f 7475 7476 7338
f 7476 7339 7338
f 7217 7341 7226
f 7226 7477 7217
f 7478 7342 7339
f 7478 7339 7479
f 7479 7339 7476
f 7342 7478 7343
f 7480 7477 7226
f 7483 7478 7479
f 7481 7483 7479
f 7478 7483 7343
f 7482 7480 7226
f 7485 7482 7226
f 7484 7485 7226
f 7226 7346 7484
f 7484 7346 7348
f 7484 7348 7485
f 7485 7348 6727
f 7487 7349 7488
f 7487 7486 7349
f 7486 6727 7349
f 7487 7488 7489
f 7483 7490 7351
f 7488 7352 7493
f 7349 7352 7488
f 7493 7489 7488
f 7351 7490 7491
f 7358 7351 7491
f 7360 7358 7492
f 7358 7491 7492
f 7492 7361 7360
f 7373 7361 7492
f 7352 7362 7493
f 7361 7373 7367
f 7362 7245 7493
f 7368 7494 7495
f 7369 7368 7495
f 7370 7496 7368
f 7368 7496 7494
f 7371 7497 7370
f 7370 7497 7496
f 7497 7371 7372
f 7498 7497 7372
f 7245 7374 7493
f 7493 7374 7499
f 7369 7495 7375
f 7372 7377 7498
f 7498 7377 7500
f 7373 7156 7378
f 7374 7501 7499
f 7379 7501 7374
f 7501 7379 7380
f 7502 7501 7380
f 7384 7503 7383
f 7504 7503 7384
f 7504 7384 7505
f 7505 7384 7250
f 7250 7506 7505
f 7506 7250 7375
f 7377 7251 7500
f 7500 7251 7507
f 7380 8392 7502
f 7503 7508 7386
f 7383 7503 7386
f 7509 7503 7504
f 7508 7503 7509
f 7251 7387 7507
f 7508 7510 7390
f 7386 7508 7390
f 7511 7508 7509
f 7510 7508 7511
f 7507 7387 7512
f 7510 7513 7391
f 7390 7510 7391
f 7514 7510 7511
f 7513 7510 7514
f 7391 7513 7392
f 7513 7514 7515
f 7513 7515 7392
f 7392 7515 7393
f 7515 7395 7393
f 7516 7395 7515
f 7395 7516 7517
f 7397 7395 7517
f 7156 7798 7268
f 7268 7518 7399
f 7401 7519 7402
f 7518 7401 7399
f 7519 7401 7518
f 7520 7400 7403
f 7520 7521 7400
f 7521 8392 7400
f 7403 7404 7520
f 7405 7522 7406
f 7405 7523 7522
f 7405 7402 7523
f 7524 7521 7520
f 7525 7521 7524
f 7404 7407 7524
f 7520 7404 7524
f 7522 7526 7527
f 7522 7527 7406
f 7406 7527 7409
f 7523 7526 7522
f 7524 7528 7525
f 7528 7524 7407
f 7528 7407 7529
f 7529 7407 7410
f 7413 7530 7531
f 7412 7413 7531
f 7527 7413 7409
f 7530 7413 7527
f 7532 7410 7414
f 7532 7622 7410
f 7622 7529 7410
f 7414 7415 7532
f 7412 7531 7417
f 7531 7533 7417
f 7532 7534 7622
f 7534 7532 7415
f 7534 7415 7535
f 7418 7623 7536
f 7533 7418 7417
f 7623 7418 7533
f 7415 7419 7535
f 7535 7419 7537
f 7422 7538 7539
f 7421 7422 7539
f 7423 7628 7422
f 7422 7628 7538
f 7628 7423 7536
f 7419 7540 7537
f 7424 7540 7419
f 7540 7424 7426
f 7541 7540 7426
f 7429 7542 7543
f 7428 7429 7543
f 7539 7429 7421
f 7542 7429 7539
f 7426 7544 7541
f 7430 7544 7426
f 7544 7430 7432
f 7437 7545 7436
f 7546 7545 7437
f 7546 7437 7547
f 7547 7437 7438
f 7543 7438 7428
f 7547 7438 7543
f 7439 7728 7432
f 7440 7728 7439
f 7309 7728 7440
f 7442 7309 7441
f 7545 7442 7436
f 7545 7548 7442
f 7548 7309 7442
f 7546 7548 7545
f 7445 7444 7549
f 7550 7445 7549
f 7550 7551 7445
f 7551 6947 7445
f 7553 7552 7554
f 7553 7446 7552
f 7446 6947 7552
f 7446 7553 7448
f 7453 7555 7556
f 7452 7555 7453
f 7323 7453 7557
f 7453 7556 7557
f 7549 7444 7323
f 7550 7549 7323
f 7553 7554 7558
f 7448 7553 7558
f 7448 7558 7454
f 7454 7558 7559
f 7455 7454 7560
f 7454 7559 7560
f 7456 7560 7561
f 7456 7455 7560
f 7461 7460 7562
f 7563 7461 7562
f 7563 7564 7461
f 7564 7462 7461
f 7463 7462 7565
f 7462 7564 7565
f 7555 7452 7463
f 7565 7555 7463
f 7456 7561 7566
f 7458 7456 7566
f 7458 7566 7464
f 7464 7566 7567
f 7567 7465 7464
f 7568 7465 7567
f 7468 7467 7569
f 7468 7569 7570
f 7460 7468 7570
f 7460 7570 7571
f 7460 7571 7562
f 7563 7562 7571
f 7465 7568 7334
f 7471 7470 7572
f 7467 7471 7572
f 7467 7572 7573
f 7467 7573 7569
f 7570 7569 7573
f 7470 7574 7572
f 7574 7217 7575
f 7576 7575 7217
f 7472 7577 7474
f 7578 7576 7217
f 7474 7577 7579
f 7475 7474 7579
f 7579 7476 7475
f 7580 7476 7579
f 7217 7477 7581
f 7582 7578 7217
f 7581 7582 7217
f 7476 7580 7479
f 7580 7939 7479
f 7581 7583 7584
f 7581 7477 7583
f 7477 7480 7583
f 7582 7581 7584
f 7479 7939 7481
f 7480 7482 7583
f 7583 7482 6727
f 7483 7481 7585
f 7585 7481 7939
f 7482 7485 6727
f 7483 7585 7586
f 7586 7587 7483
f 6727 7486 7588
f 7588 7486 7589
f 7486 7590 7589
f 7487 7590 7486
f 7590 7487 7489
f 7591 7590 7489
f 7483 7592 7490
f 7489 7493 7591
f 7490 7592 7593
f 7491 7490 7593
f 7492 7491 7594
f 7491 7593 7594
f 7594 7373 7492
f 7494 7596 7495
f 7494 7496 7596
f 7496 7497 7597
f 7596 7496 7597
f 7497 7498 7597
f 7493 7499 7595
f 7595 7499 7598
f 7596 7603 7375
f 7495 7596 7375
f 7597 7599 7596
f 7498 7500 7599
f 7597 7498 7599
f 7499 7600 7598
f 7501 7600 7499
f 7600 7501 7502
f 7601 7600 7502
f 7505 7602 7504
f 7505 7506 7603
f 7602 7505 7603
f 7506 7375 7603
f 7599 7604 7596
f 7604 7603 7596
f 7500 7507 7604
f 7599 7500 7604
f 7502 8392 7601
f 7602 7607 7509
f 7504 7602 7509
f 7603 7607 7602
f 7604 7507 7603
f 7373 7605 7156
f 7509 7607 7511
f 7606 7607 7603
f 7512 7606 7603
f 7507 7512 7603
f 7511 7607 7514
f 7606 7608 7607
f 7606 7512 7608
f 7514 7607 7515
f 7516 7515 7607
f 7516 7607 7609
f 7608 7610 7607
f 7610 7609 7607
f 7512 7396 7610
f 7608 7512 7610
f 7516 7609 7517
f 7397 7517 7609
f 7610 7397 7609
f 7396 7397 7610
f 7268 7798 7518
f 7798 7611 7518
f 7519 7612 7402
f 7611 7519 7518
f 7612 7519 7611
f 8392 7521 7708
f 7402 7613 7523
f 7521 7525 7708
f 7526 7614 7615
f 7527 7526 7615
f 7613 7526 7523
f 7614 7526 7613
f 7525 7616 7708
f 7528 7616 7525
f 7616 7528 7529
f 7622 7616 7529
f 7530 7617 7531
f 7530 7618 7617
f 7530 7527 7618
f 7527 7615 7618
f 7617 7619 7620
f 7617 7620 7531
f 7531 7620 7533
f 7618 7619 7617
f 7621 7622 7534
f 7534 7535 7621
f 7620 7623 7533
f 7621 7624 7622
f 7624 7621 7535
f 7624 7535 7625
f 7625 7535 7537
f 7538 7626 7539
f 7627 7626 7538
f 7627 7538 7628
f 7629 7537 7540
f 7629 7630 7537
f 7630 7625 7537
f 7540 7541 7629
f 7542 7631 7632
f 7543 7542 7632
f 7626 7542 7539
f 7626 7633 7542
f 7633 7631 7542
f 7627 7633 7626
f 7629 7634 7630
f 7541 7634 7629
f 7541 7544 7634
f 7547 7635 7546
f 7632 7547 7543
f 7635 7547 7632
f 7309 7548 7728
f 7551 7636 7637
f 7550 7636 7551
f 6947 7551 7638
f 7551 7637 7638
f 6947 7638 7639
f 7552 6947 7640
f 6947 7639 7640
f 7640 7554 7552
f 7641 7554 7640
f 7556 7555 7565
f 7565 7642 7556
f 7642 7557 7556
f 7636 7550 7323
f 7557 7636 7323
f 7554 7641 7643
f 7558 7554 7643
f 7559 7558 7644
f 7558 7643 7644
f 7645 7644 7646
f 7645 7560 7644
f 7560 7559 7644
f 7560 7645 7561
f 7564 7647 7648
f 7563 7647 7564
f 7565 7564 7649
f 7564 7648 7649
f 7645 7646 7650
f 7561 7645 7650
f 7561 7650 7566
f 7566 7650 7651
f 7567 7566 7651
f 7567 7651 7568
f 7571 7652 7653
f 7570 7652 7571
f 7647 7563 7571
f 7653 7647 7571
f 7654 7568 7651
f 7654 7655 7568
f 7655 7334 7568
f 7573 7572 7656
f 7573 7656 7657
f 7573 7657 7570
f 7570 7657 7652
f 7656 7658 7659
f 7656 7572 7658
f 7572 7574 7658
f 7657 7656 7659
f 7574 7660 7658
f 7574 7575 7661
f 7575 7576 7661
f 7472 7764 7577
f 7576 7578 7661
f 7661 7578 7662
f 7577 7764 7663
f 7579 7577 7663
f 7663 7580 7579
f 7664 7580 7663
f 7578 7582 7662
f 7662 7582 7665
f 7580 7664 7939
f 7583 7666 7584
f 7665 7582 7584
f 7666 7665 7584
f 7583 6727 7666
f 7939 7667 7585
f 7666 6727 7668
f 7586 7585 7667
f 7667 7587 7586
f 7669 7587 7667
f 7670 7668 7588
f 7668 6727 7588
f 7670 7588 7671
f 7587 7669 7483
f 7669 7672 7483
f 7588 7589 7673
f 7674 7671 7588
f 7673 7674 7588
f 7589 7590 7673
f 7673 7590 7591
f 7673 7591 7674
f 7674 7591 7493
f 7676 7593 7592
f 7676 7592 7677
f 7677 7592 7483
f 7593 7678 7594
f 7676 7678 7593
f 7594 7678 7373
f 7675 7493 7679
f 7680 7676 7677
f 7681 7680 7677
f 7678 7676 7696
f 7696 7676 7680
f 7678 7696 7373
f 7682 7595 7683
f 7682 7679 7595
f 7679 7493 7595
f 7682 7683 7684
f 7685 7680 7681
f 7683 7598 7686
f 7595 7598 7683
f 7687 7684 7683
f 7686 7687 7683
f 7688 7689 7690
f 7689 7688 7691
f 7688 7692 7693
f 7691 7688 7693
f 7685 7693 7692
f 7685 7692 7680
f 7598 7600 7686
f 7686 7600 7601
f 7686 7601 7687
f 7687 7601 7694
f 7695 7688 7690
f 7680 7692 7688
f 7696 7680 7688
f 7601 8392 7694
f 7694 8392 7697
f 7698 7688 7695
f 7696 7688 7698
f 7373 7696 7605
f 7697 8392 7699
f 7698 7695 7700
f 7701 7698 7700
f 7702 7698 7701
f 7703 7698 7702
f 7696 7698 7703
f 7704 7696 7703
f 7704 7605 7696
f 7704 7705 7605
f 7705 7156 7605
f 7612 7706 7402
f 7612 7707 7706
f 7612 7611 7707
f 7611 7798 7707
f 7706 7709 7710
f 7706 7710 7402
f 7402 7710 7613
f 7707 7709 7706
f 7614 7711 7712
f 7615 7614 7712
f 7710 7614 7613
f 7711 7614 7710
f 7616 7713 7708
f 7713 7616 7622
f 7714 7713 7622
f 7615 7712 7618
f 7712 7715 7618
f 7714 7622 7716
f 7619 7717 7623
f 7620 7619 7623
f 7715 7619 7618
f 7717 7619 7715
f 7718 7622 7624
f 7624 7625 7718
f 7627 7628 7719
f 7718 7720 7622
f 7720 7718 7625
f 7720 7625 7721
f 7721 7625 7630
f 7631 7722 7632
f 7723 7722 7631
f 7723 7631 7724
f 7724 7631 7633
f 7719 7633 7627
f 7724 7633 7719
f 7630 7892 7721
f 7634 7892 7630
f 7634 7544 7892
f 7728 7544 7432
f 7635 7725 7726
f 7546 7635 7726
f 7722 7635 7632
f 7722 7727 7635
f 7727 7725 7635
f 7723 7727 7722
f 7548 7729 7728
f 7726 7548 7546
f 7729 7548 7726
f 7637 7636 7730
f 7637 7731 7638
f 7730 7731 7637
f 7638 7732 7639
f 7731 7732 7638
f 7639 7733 7640
f 7732 7733 7639
f 7640 7733 7641
f 7642 7565 7734
f 7734 7557 7642
f 7636 7557 7735
f 7636 7735 7736
f 7636 7736 7730
f 7731 7730 7736
f 7737 7731 7736
f 7732 7731 7737
f 7738 7732 7737
f 7733 7732 7738
f 7739 7733 7738
f 7641 7733 7739
f 7641 7739 7643
f 7643 7739 7740
f 7741 7740 7742
f 7741 7644 7740
f 7644 7643 7740
f 7644 7741 7646
f 7648 7647 7743
f 7648 7744 7649
f 7743 7744 7648
f 7927 7649 7744
f 7927 7745 7649
f 7745 7565 7649
f 7734 7565 7746
f 7746 7565 7745
f 7557 7734 7746
f 7747 7557 7746
f 7735 7557 7747
f 7741 7742 7748
f 7646 7741 7748
f 7646 7748 7650
f 7650 7748 7749
f 7651 7650 7750
f 7650 7749 7750
f 7751 7651 7750
f 7653 7652 7752
f 7653 7743 7647
f 7653 7752 7743
f 7752 7753 7743
f 7927 7744 7753
f 7753 7744 7743
f 7651 7751 7754
f 7654 7651 7754
f 7754 7655 7654
f 7755 7655 7754
f 7752 7657 7756
f 7652 7657 7752
f 7927 7753 7756
f 7756 7753 7752
f 7655 7755 7334
f 7659 7658 7757
f 7659 7757 7758
f 7657 7659 7758
f 7657 7758 7927
f 7657 7927 7756
f 7757 7660 7759
f 7658 7660 7757
f 7760 7758 7757
f 7759 7760 7757
f 7574 7661 7761
f 7574 7761 7762
f 7660 7574 7762
f 7660 7762 7763
f 7660 7763 7759
f 7760 7759 7763
f 7761 7662 7765
f 7661 7662 7761
f 7766 7762 7761
f 7765 7766 7761
f 7764 7664 7663
f 7767 7664 7764
f 7765 7768 7769
f 7765 7662 7768
f 7662 7665 7768
f 7766 7765 7769
f 7664 7767 7939
f 7665 7666 7768
f 7666 7668 7770
f 7770 7771 7666
f 7772 7667 7773
f 7773 7667 7939
f 7667 7772 7669
f 7668 7670 7770
f 7770 7670 7671
f 7770 7671 7771
f 7771 7671 7774
f 7775 7772 7773
f 7776 7775 7773
f 7669 7775 7672
f 7772 7775 7669
f 7671 7674 7774
f 7774 7674 7777
f 7775 7776 7778
f 7778 7672 7775
f 7778 7779 7672
f 7779 7483 7672
f 7674 7493 7777
f 7777 7493 7780
f 7781 7675 7782
f 7781 7780 7675
f 7780 7493 7675
f 7781 7782 7783
f 7782 7679 7784
f 7675 7679 7782
f 7785 7783 7782
f 7784 7785 7782
f 7677 7483 7681
f 7679 7682 7784
f 7784 7682 7684
f 7784 7684 7785
f 7785 7684 7786
f 7681 7483 7685
f 7483 7787 7685
f 7684 7687 7786
f 7786 7687 7788
f 7689 7789 7790
f 7690 7689 7790
f 7691 7791 7689
f 7689 7791 7789
f 7691 7693 7791
f 7787 7693 7685
f 7687 7694 7788
f 7788 7694 7792
f 7690 7790 7695
f 7694 7697 7792
f 7792 7697 7793
f 7697 7699 7793
f 7793 7699 7794
f 7700 7695 7795
f 7701 7700 7795
f 7702 7701 7795
f 7703 7702 7795
f 7704 7703 7796
f 7703 7795 7796
f 7796 7705 7704
f 7797 7705 7796
f 7699 8392 7794
f 7705 7797 7156
f 7798 8041 7707
f 8041 7799 7707
f 7709 7800 7801
f 7710 7709 7801
f 7799 7709 7707
f 7800 7709 7799
f 7711 7802 7712
f 7711 7803 7802
f 7711 7710 7803
f 7710 7801 7803
f 7804 7708 7713
f 7804 7805 7708
f 7713 7714 7804
f 7802 7806 7807
f 7802 7807 7712
f 7712 7807 7715
f 7803 7806 7802
f 7808 7805 7804
f 7809 7805 7808
f 7714 7716 7808
f 7804 7714 7808
f 7717 7810 7623
f 7807 7717 7715
f 7810 7717 7807
f 7808 7811 7809
f 7811 7808 7716
f 7811 7716 7812
f 7812 7716 7622
f 7719 7628 7813
f 7720 7814 7622
f 7814 7720 7721
f 7892 7814 7721
f 7724 7815 7816
f 7723 7724 7816
f 7813 7724 7719
f 7815 7724 7813
f 7728 7818 7817
f 7728 7817 7544
f 7544 7817 7892
f 7817 7818 7819
f 7818 7820 7819
f 7820 7726 7725
f 7820 7725 7819
f 7819 7725 7894
f 7727 7894 7725
f 7816 7727 7723
f 7894 7727 7816
f 7729 7818 7728
f 7820 7818 7729
f 7726 7820 7729
f 7736 7735 7821
f 7736 7822 7737
f 7821 7822 7736
f 7737 7823 7738
f 7822 7823 7737
f 7738 7824 7739
f 7823 7824 7738
f 7739 7825 7740
f 7824 7825 7739
f 7740 7825 7742
f 7927 7826 7745
f 7826 7746 7745
f 7747 7746 7827
f 7746 7826 7827
f 7821 7735 7747
f 7821 7747 7828
f 7828 7747 7827
f 7822 7821 7828
f 7829 7822 7828
f 7823 7822 7829
f 7830 7823 7829
f 7824 7823 7830
f 7831 7824 7830
f 7825 7824 7831
f 7832 7825 7831
f 7742 7825 7832
f 7742 7832 7748
f 7748 7832 7833
f 7749 7748 7834
f 7748 7833 7834
f 7835 7834 7836
f 7835 7750 7834
f 7750 7749 7834
f 7750 7835 7751
f 7835 7836 7837
f 7838 7837 7839
f 7754 7837 7838
f 7754 7835 7837
f 7754 7751 7835
f 7754 7838 7755
f 7838 7839 7840
f 7840 7755 7838
f 7840 7841 7755
f 7841 7334 7755
f 7927 7758 7842
f 7758 7760 7842
f 7763 7843 7844
f 7762 7843 7763
f 7842 7760 7763
f 7844 7842 7763
f 7762 7766 7843
f 7843 7766 7845
f 7846 7764 7472
f 7769 7768 7847
f 7769 7847 7766
f 7766 7847 7845
f 7764 7846 7848
f 7848 7767 7764
f 7848 7849 7767
f 7849 7939 7767
f 7666 7847 7768
f 7666 7771 7850
f 7850 7771 7851
f 7771 7774 7851
f 7851 7774 7852
f 7773 7939 7776
f 7853 7777 7854
f 7853 7852 7777
f 7852 7774 7777
f 7853 7854 7855
f 7778 7776 7939
f 7939 7779 7778
f 7856 7779 7939
f 7854 7780 7857
f 7777 7780 7854
f 7858 7855 7854
f 7857 7858 7854
f 7779 7856 7483
f 7780 7781 7857
f 7857 7781 7783
f 7857 7783 7858
f 7858 7783 7859
f 7783 7785 7859
f 7859 7785 7860
f 7785 7786 7860
f 7483 7943 7787
f 7786 7788 7860
f 7789 7861 7862
f 7790 7789 7862
f 7791 7863 7789
f 7789 7863 7861
f 7693 7864 7791
f 7791 7864 7863
f 7943 7693 7787
f 7864 7693 7943
f 7788 7792 7860
f 7790 7862 7695
f 7862 7865 7695
f 7792 7793 7860
f 7865 7866 7695
f 7793 7794 7860
f 7860 7794 7867
f 7695 7866 7795
f 7796 7795 7869
f 7869 7797 7796
f 7870 7797 7869
f 7794 8392 7867
f 7797 7870 7156
f 7870 7871 7156
f 7871 7872 7156
f 7798 7156 7872
f 8041 7873 7799
f 7800 7874 7875
f 7801 7800 7875
f 7873 7800 7799
f 7874 7800 7873
f 7801 7875 7803
f 7708 7805 7876
f 7806 7877 7878
f 7807 7806 7878
f 7877 7806 7803
f 7805 7809 7876
f 7876 7809 7879
f 7810 7880 7623
f 7810 7881 7880
f 7810 7807 7881
f 7807 7878 7881
f 7882 7809 7811
f 7882 7883 7809
f 7883 7879 7809
f 7811 7812 7882
f 7536 7623 7884
f 7880 7885 7623
f 7881 7885 7880
f 7882 7886 7883
f 7886 7882 7812
f 7886 7812 7887
f 7887 7812 7622
f 7813 7628 7888
f 7884 7628 7536
f 7622 7889 7887
f 7814 7889 7622
f 7889 7814 7892
f 7815 7890 7891
f 7816 7815 7891
f 7888 7815 7813
f 7890 7815 7888
f 7819 7892 7817
f 7819 7893 7892
f 7819 7894 7893
f 7891 7894 7816
f 7826 7927 7895
f 7826 7896 7827
f 7895 7896 7826
f 7827 7897 7828
f 7896 7897 7827
f 7828 7898 7829
f 7897 7898 7828
f 7899 7829 7898
f 7899 7900 7829
f 7900 7830 7829
f 7831 7830 7901
f 7830 7900 7901
f 7832 7831 7902
f 7831 7901 7902
f 7903 7902 7904
f 7903 7833 7902
f 7833 7832 7902
f 7833 7905 7834
f 7903 7905 7833
f 7834 7905 7836
f 7927 7906 7895
f 7906 7907 7895
f 8086 7908 7896
f 8086 7896 7907
f 7907 7896 7895
f 7897 7896 7908
f 7909 7897 7908
f 7898 7897 7909
f 7910 7898 7909
f 7899 7898 7910
f 7903 7904 7911
f 7905 7903 7911
f 7912 7905 7911
f 7913 7912 7914
f 7837 7912 7913
f 7837 7905 7912
f 7837 7836 7905
f 7837 7913 7839
f 7927 7915 7906
f 7907 7906 7915
f 7916 7907 7915
f 8086 7907 7916
f 7913 7914 7917
f 7839 7913 7917
f 7839 7917 7840
f 7840 7917 7918
f 7918 7841 7840
f 7919 7841 7918
f 7841 7919 7920
f 7334 7841 7920
f 7920 7472 7334
f 7921 7472 7920
f 7927 7842 7922
f 7921 7924 7472
f 7844 7843 7925
f 7844 7922 7842
f 7844 7925 7922
f 7925 7926 7922
f 7926 7927 7922
f 7925 7845 7928
f 7843 7845 7925
f 7926 7925 7929
f 7929 7925 7928
f 7929 7927 7926
f 7472 7930 7846
f 7928 7847 7931
f 7845 7847 7928
f 7929 7928 7932
f 7932 7928 7931
f 7933 7927 7929
f 7932 7933 7929
f 7846 7930 8024
f 7848 7846 8024
f 8024 7849 7848
f 7931 7666 7934
f 7847 7666 7931
f 7933 7932 7934
f 7934 7932 7931
f 7849 8024 7939
f 7666 7850 7935
f 7666 7935 7936
f 7933 7934 7666
f 7935 7851 7937
f 7850 7851 7935
f 7938 7936 7935
f 7937 7938 7935
f 7937 7852 7940
f 7851 7852 7937
f 7941 7938 7937
f 7940 7941 7937
f 7852 7853 7940
f 7940 7853 7855
f 7940 7855 7941
f 7941 7855 8029
f 7942 7856 7939
f 7855 7858 8029
f 7856 7942 7483
f 7858 7859 8029
f 8029 7859 7860
f 7861 7945 7862
f 7861 7863 7946
f 7945 7861 7946
f 7863 7864 7947
f 7946 7863 7947
f 7864 7948 7947
f 7864 7943 7948
f 7945 7949 7865
f 7862 7945 7865
f 7946 7950 7945
f 7950 7949 7945
f 7947 7951 7946
f 7951 7950 7946
f 7952 7947 7948
f 7951 7947 7952
f 7949 7953 7866
f 7865 7949 7866
f 7950 7953 7949
f 7951 7954 7950
f 7954 7953 7950
f 7955 7951 7952
f 7954 7951 7955
f 7944 7867 7956
f 7860 7867 7944
f 7956 7957 7944
f 7866 7953 7795
f 7868 7795 7953
f 7954 7868 7953
f 7954 7955 7958
f 7954 7958 7868
f 7868 7958 7795
f 7870 7958 7959
f 7870 7869 7958
f 7869 7795 7958
f 7956 7960 7961
f 7956 7867 7960
f 7867 8392 7960
f 7957 7956 7961
f 7871 7870 7959
f 7962 7871 7959
f 7963 7962 7959
f 7871 7962 7872
f 7798 7962 7963
f 7798 7963 8041
f 7872 7962 7798
f 7965 8041 7964
f 7965 7873 8041
f 7874 7965 7875
f 7875 7965 7967
f 7873 7965 7874
f 8392 7708 7966
f 7966 7708 7968
f 7875 7967 7803
f 7708 7876 7968
f 7968 7876 7969
f 7877 7970 7971
f 7878 7877 7971
f 7967 7877 7803
f 7970 7877 7967
f 7876 7879 7969
f 7969 7879 7972
f 7878 7971 7881
f 7879 7883 7972
f 7972 7883 7973
f 7885 7974 7623
f 7974 7885 7881
f 7883 7886 7973
f 7975 7886 7887
f 7628 7976 7977
f 7888 7628 7977
f 7976 7628 7884
f 7887 7978 7975
f 7889 7978 7887
f 7978 7889 7892
f 7980 7979 7981
f 7981 7979 7982
f 7982 7979 7983
f 7979 7984 7985
f 7983 7979 7985
f 7984 7891 7890
f 7984 7890 7985
f 7985 7890 7986
f 7977 7890 7888
f 7986 7890 7977
f 7979 7987 7893
f 7987 7892 7893
f 7894 7979 7893
f 7984 7979 7894
f 7891 7984 7894
f 7900 7899 7988
f 7900 7989 7901
f 7988 7989 7900
f 7901 7990 7902
f 7989 7990 7901
f 7902 7990 7904
f 7908 8086 7991
f 7908 7992 7909
f 7991 7992 7908
f 7909 7993 7910
f 7992 7993 7909
f 7910 7988 7899
f 7910 7993 7988
f 7993 7994 7988
f 7989 7988 7995
f 7995 7988 7994
f 7990 7989 7996
f 7996 7989 7995
f 7904 7997 7911
f 7904 7990 7997
f 7990 7996 7997
f 7911 7998 7912
f 7997 7998 7911
f 7912 7998 7914
f 7915 7927 7999
f 7915 8000 7916
f 7999 8000 7915
f 7916 8000 8086
f 8086 8001 7991
f 7992 7991 8001
f 8156 7992 8001
f 7993 7992 8156
f 7994 7993 8156
f 8002 7994 8156
f 7995 7994 8002
f 8003 7995 8002
f 7996 7995 8003
f 8004 7996 8003
f 7997 7996 8004
f 8005 7997 8004
f 7998 7997 8005
f 8006 7998 8005
f 7914 7998 8006
f 7914 8006 7917
f 7917 8006 8007
f 8008 8007 8009
f 8008 7918 8007
f 7918 7917 8007
f 7918 8008 7919
f 7927 8010 7999
f 8000 7999 8010
f 8011 8000 8010
f 8086 8000 8011
f 8008 8009 8012
f 7921 8012 8013
f 7920 8012 7921
f 7920 8008 8012
f 7920 7919 8008
f 7923 8014 8015
f 7927 8014 7923
f 7927 7923 8016
f 8016 7923 8015
f 8017 7921 8013
f 7921 8017 7924
f 8014 7927 8018
f 8019 7924 8017
f 8019 8020 7924
f 8020 7472 7924
f 8018 7927 8021
f 7472 8020 7930
f 8020 8022 7930
f 7927 7933 8021
f 8021 7933 8023
f 7930 8022 8024
f 7666 7936 8025
f 7666 8025 8026
f 7933 7666 8026
f 8025 7938 8027
f 7936 7938 8025
f 8028 8026 8025
f 8027 8028 8025
f 8027 7938 8029
f 7938 7941 8029
f 8028 8027 8029
f 7939 7943 7942
f 7943 7483 7942
f 7944 8030 7860
f 8030 8029 7860
f 8031 8032 7943
f 8033 8034 7948
f 8033 7948 8032
f 8032 7948 7943
f 8033 8114 8034
f 8034 8035 7952
f 7948 8034 7952
f 8035 8034 8114
f 8035 8036 7955
f 7952 8035 7955
f 8036 8035 8114
f 7944 7957 8491
f 8491 7957 8037
f 7955 8036 7958
f 8036 7959 7958
f 8036 8114 7959
f 8114 8493 7959
f 7961 8038 8039
f 7960 8038 7961
f 8037 7957 7961
f 8039 8037 7961
f 7960 8392 8038
f 7959 8493 7963
f 7963 8493 8041
f 8040 8392 8042
f 7964 8043 7965
f 8043 7964 8041
f 8392 7966 8042
f 8042 7966 8044
f 7965 8045 7967
f 7966 7968 8044
f 8044 7968 8046
f 8045 8047 7967
f 7968 7969 8046
f 7970 8048 8049
f 7971 7970 8049
f 8047 7970 7967
f 8048 7970 8047
f 7969 7972 8046
f 7971 8049 7881
f 8049 8050 7881
f 7972 7973 8046
f 8046 7973 8051
f 7623 8052 8053
f 7884 7623 8053
f 7974 8054 7623
f 7623 8054 8052
f 8050 7974 7881
f 8054 7974 8050
f 7973 8055 8051
f 7886 8055 7973
f 8055 7886 7975
f 8056 8055 7975
f 8057 8058 8149
f 8057 8059 8060
f 8058 8057 8060
f 8059 7977 7976
f 8059 7976 8060
f 8060 7976 8061
f 8053 7976 7884
f 8061 7976 8053
f 7975 8062 8056
f 7978 8062 7975
f 7892 8063 7978
f 7978 8063 8062
f 8063 7892 8064
f 8064 7892 8065
f 8065 7892 8066
f 8066 7892 8067
f 8067 7892 8068
f 7892 8069 8070
f 8068 7892 8070
f 8069 7979 7980
f 8069 7980 8070
f 8070 7980 8071
f 7981 8071 7980
f 7982 8072 7981
f 7981 8072 8071
f 7983 8073 7982
f 7982 8073 8072
f 8149 7985 8057
f 8149 8073 7985
f 8073 7983 7985
f 7986 8057 7985
f 8059 8057 7986
f 7977 8059 7986
f 8069 7892 7987
f 7979 8069 7987
f 8001 8086 8074
f 8074 8156 8001
f 8002 8156 8003
f 8003 8156 8004
f 8004 8156 8005
f 8005 8075 8006
f 8156 8075 8005
f 8006 8076 8007
f 8075 8076 8006
f 8007 8076 8009
f 8010 7927 8077
f 8010 8078 8011
f 8077 8078 8010
f 8011 8078 8086
f 8086 8079 8074
f 8156 8074 8079
f 8080 8075 8156
f 8076 8075 8080
f 8081 8076 8080
f 8082 8081 8083
f 8012 8081 8082
f 8012 8076 8081
f 8012 8009 8076
f 8012 8082 8013
f 8015 8014 8084
f 8015 8085 8016
f 8084 8085 8015
f 8016 8077 7927
f 8016 8085 8077
f 8085 8086 8077
f 8086 8078 8077
f 8082 8083 8087
f 8087 8013 8082
f 8087 8088 8013
f 8088 8017 8013
f 8084 8018 8089
f 8014 8018 8084
f 8085 8084 8086
f 8086 8084 8089
f 8020 8019 8017
f 8020 8017 8090
f 8090 8017 8088
f 8089 8021 8091
f 8018 8021 8089
f 8092 8086 8091
f 8091 8086 8089
f 8093 8020 8090
f 8094 8093 8090
f 8020 8093 8022
f 8091 8023 8095
f 8021 8023 8091
f 8095 8092 8091
f 8093 8094 8096
f 8024 8096 8097
f 8024 8093 8096
f 8024 8022 8093
f 8095 8023 8098
f 8023 7933 8098
f 8099 7939 8024
f 7933 8100 8098
f 7933 8101 8102
f 7933 8026 8101
f 8026 8028 8101
f 8100 7933 8102
f 8029 8103 8028
f 8028 8103 8101
f 8104 8103 8029
f 8029 8030 8105
f 8106 8104 8029
f 8105 8106 8029
f 8107 7939 8108
f 7939 8107 7943
f 8030 7944 8105
f 8105 7944 8106
f 8109 8107 8108
f 7943 8109 8031
f 8107 8109 7943
f 8110 8031 8109
f 8110 8111 8031
f 8031 8111 8032
f 8111 8112 8032
f 8032 8112 8113
f 8033 8032 8113
f 8113 8114 8033
f 8039 8038 8115
f 8039 8115 8116
f 8039 8116 8037
f 8115 8117 8118
f 8115 8038 8117
f 8038 8392 8117
f 8116 8115 8118
f 8040 8042 8119
f 7965 8043 8120
f 8121 8122 8123
f 8121 8123 8119
f 8121 8119 8044
f 8044 8119 8042
f 7965 8120 8045
f 8120 8124 8045
f 8125 8122 8121
f 8044 8046 8121
f 8045 8124 8047
f 8124 8126 8047
f 8127 8125 8121
f 8128 8125 8127
f 8121 8046 8127
f 8048 8129 8130
f 8049 8048 8130
f 8126 8048 8047
f 8129 8048 8126
f 8127 8131 8128
f 8131 8127 8046
f 8131 8046 8132
f 8133 8134 8135
f 8133 8130 8134
f 8133 8050 8130
f 8050 8049 8130
f 8046 8051 8132
f 8132 8051 8136
f 8137 8139 8140
f 8138 8137 8140
f 8139 8053 8052
f 8139 8052 8140
f 8140 8052 8141
f 8135 8054 8133
f 8135 8141 8054
f 8141 8052 8054
f 8050 8133 8054
f 8051 8142 8136
f 8055 8142 8051
f 8056 8143 8144
f 8056 8144 8055
f 8055 8144 8142
f 8144 8143 8145
f 8146 8147 8148
f 8146 8149 8150
f 8147 8146 8150
f 8150 8149 8151
f 8149 8058 8151
f 8151 8058 8152
f 8137 8152 8060
f 8152 8058 8060
f 8061 8137 8060
f 8139 8137 8061
f 8053 8139 8061
f 8056 8062 8143
f 8143 8153 8145
f 8143 8062 8153
f 8062 8063 8153
f 8064 8341 8063
f 8063 8341 8153
f 8065 8341 8064
f 8066 8341 8065
f 8067 8341 8066
f 8068 8341 8067
f 8070 8154 8068
f 8068 8154 8341
f 8070 8071 8154
f 8148 8071 8146
f 8072 8146 8071
f 8149 8146 8072
f 8073 8149 8072
f 8079 8086 8155
f 8155 8156 8079
f 8080 8157 8081
f 8156 8157 8080
f 8081 8157 8083
f 8086 8158 8155
f 8158 8159 8155
f 8160 8161 8156
f 8160 8156 8159
f 8159 8156 8155
f 8162 8156 8161
f 8163 8156 8162
f 8164 8156 8163
f 8165 8156 8164
f 8166 8156 8165
f 8167 8156 8166
f 8157 8156 8167
f 8168 8157 8167
f 8169 8168 8170
f 8087 8168 8169
f 8087 8157 8168
f 8087 8083 8157
f 8087 8169 8088
f 8086 8171 8172
f 8086 8172 8173
f 8086 8173 8158
f 8159 8158 8173
f 8174 8159 8173
f 8160 8159 8174
f 8169 8170 8175
f 8175 8088 8169
f 8175 8176 8088
f 8176 8090 8088
f 8086 8092 8177
f 8086 8177 8171
f 8177 8178 8171
f 8179 8172 8171
f 8178 8179 8171
f 8090 8176 8094
f 8176 8180 8094
f 8177 8095 8181
f 8092 8095 8177
f 8182 8183 8178
f 8182 8178 8181
f 8181 8178 8177
f 8179 8178 8183
f 8094 8180 8184
f 8096 8094 8184
f 8184 8097 8096
f 8185 8097 8184
f 8095 8098 8186
f 8095 8186 8187
f 8095 8187 8188
f 8095 8188 8181
f 8182 8181 8188
f 8189 8024 8097
f 8189 8097 8190
f 8190 8097 8185
f 8024 8189 8099
f 8186 8100 8191
f 8098 8100 8186
f 8192 8187 8186
f 8191 8192 8186
f 8189 8190 8193
f 8193 8099 8189
f 8193 8194 8099
f 8194 7939 8099
f 8102 8101 8195
f 8102 8195 8196
f 8100 8102 8196
f 8100 8196 8197
f 8100 8197 8191
f 8192 8191 8197
f 8194 8198 7939
f 8195 8103 8199
f 8101 8103 8195
f 8200 8196 8195
f 8199 8200 8195
f 8198 8201 7939
f 8199 8202 8203
f 8199 8103 8202
f 8103 8104 8202
f 8200 8199 8203
f 8104 8106 8202
f 8202 8106 7944
f 8108 7939 8109
f 7939 8204 8109
f 8109 8204 8205
f 8110 8109 8205
f 8205 8111 8110
f 8206 8111 8205
f 8111 8206 8112
f 8206 8207 8112
f 8112 8207 8208
f 8113 8112 8208
f 8208 8114 8113
f 8209 8114 8208
f 8037 8116 8491
f 8117 8392 8118
f 8491 8116 8118
f 8392 8491 8118
f 8493 8210 8041
f 8212 8213 8214
f 8212 8214 8211
f 8212 8211 8040
f 8040 8211 8392
f 8216 8213 8212
f 8217 8213 8216
f 8040 8119 8216
f 8212 8040 8216
f 8120 8043 8218
f 8215 8043 8041
f 8123 8217 8216
f 8123 8122 8217
f 8122 8504 8217
f 8119 8123 8216
f 8120 8218 8124
f 8218 8219 8124
f 8122 8125 8504
f 8220 8221 8222
f 8220 8219 8221
f 8220 8126 8219
f 8126 8124 8219
f 8125 8128 8504
f 8504 8128 8223
f 8224 8225 8226
f 8222 8225 8224
f 8220 8222 8224
f 8220 8224 8130
f 8220 8130 8129
f 8126 8220 8129
f 8128 8227 8223
f 8131 8227 8128
f 8227 8131 8132
f 8228 8319 8229
f 8319 8228 8230
f 8224 8226 8230
f 8224 8230 8135
f 8224 8135 8134
f 8130 8224 8134
f 8132 8136 8231
f 8232 8233 8234
f 8232 8137 8138
f 8232 8138 8233
f 8233 8138 8235
f 8229 8140 8228
f 8229 8235 8140
f 8235 8138 8140
f 8141 8228 8140
f 8230 8228 8141
f 8135 8230 8141
f 8136 8236 8231
f 8142 8236 8136
f 8144 8237 8142
f 8142 8237 8236
f 8237 8144 8145
f 8238 8237 8145
f 8239 8241 8242
f 8241 8148 8147
f 8241 8147 8242
f 8242 8147 8243
f 8150 8243 8147
f 8151 8244 8150
f 8150 8244 8243
f 8234 8152 8232
f 8234 8244 8152
f 8244 8151 8152
f 8137 8232 8152
f 8145 8153 8238
f 8240 8154 8239
f 8240 8245 8154
f 8245 8341 8154
f 8071 8239 8154
f 8241 8239 8071
f 8148 8241 8071
f 8161 8160 8246
f 8161 8247 8162
f 8246 8247 8161
f 8162 8248 8163
f 8247 8248 8162
f 8163 8249 8164
f 8248 8249 8163
f 8164 8250 8165
f 8249 8250 8164
f 8165 8251 8166
f 8250 8251 8165
f 8166 8252 8167
f 8251 8252 8166
f 8167 8253 8168
f 8252 8253 8167
f 8168 8253 8170
f 8173 8172 8254
f 8173 8255 8174
f 8254 8255 8173
f 8174 8255 8256
f 8160 8174 8256
f 8160 8256 8257
f 8160 8257 8246
f 8247 8246 8257
f 8258 8247 8257
f 8248 8247 8258
f 8259 8248 8258
f 8249 8248 8259
f 8260 8249 8259
f 8250 8249 8260
f 8261 8250 8260
f 8251 8250 8261
f 8262 8251 8261
f 8262 8263 8264
f 8262 8264 8251
f 8251 8264 8252
f 8253 8252 8265
f 8265 8252 8264
f 8170 8266 8175
f 8170 8253 8266
f 8253 8265 8266
f 8175 8266 8176
f 8254 8179 8267
f 8172 8179 8254
f 8268 8269 8255
f 8268 8255 8267
f 8267 8255 8254
f 8256 8255 8269
f 8264 8263 8270
f 8265 8264 8270
f 8271 8265 8270
f 8266 8265 8271
f 8272 8266 8271
f 8272 8176 8266
f 8272 8273 8176
f 8273 8180 8176
f 8183 8182 8274
f 8183 8274 8275
f 8179 8183 8275
f 8179 8275 8276
f 8179 8276 8267
f 8268 8267 8276
f 8277 8184 8180
f 8277 8180 8278
f 8278 8180 8273
f 8184 8277 8185
f 8188 8187 8279
f 8188 8274 8182
f 8188 8279 8274
f 8279 8280 8274
f 8281 8275 8274
f 8280 8281 8274
f 8277 8278 8282
f 8282 8185 8277
f 8282 8283 8185
f 8283 8190 8185
f 8279 8192 8284
f 8187 8192 8279
f 8285 8286 8280
f 8285 8280 8284
f 8284 8280 8279
f 8281 8280 8286
f 8287 8193 8190
f 8287 8190 8288
f 8288 8190 8283
f 8193 8287 8194
f 8197 8196 8289
f 8197 8289 8290
f 8192 8197 8290
f 8192 8290 8291
f 8192 8291 8284
f 8285 8284 8291
f 8194 8287 8198
f 8289 8200 8292
f 8196 8200 8289
f 8293 8290 8289
f 8292 8293 8289
f 8294 8287 8288
f 8295 8294 8288
f 8198 8294 8201
f 8287 8294 8198
f 8203 8202 8296
f 8203 8296 8200
f 8200 8297 8292
f 8293 8292 8297
f 8294 8295 8298
f 8298 8201 8294
f 8298 8299 8201
f 8299 7939 8201
f 8296 8300 8301
f 8296 8202 8300
f 8202 7944 8300
f 8200 8296 8301
f 8300 7944 8302
f 7939 8205 8204
f 8205 7939 8206
f 7939 8303 8206
f 8303 8207 8206
f 8304 8208 8207
f 8304 8207 8305
f 8305 8207 8303
f 8208 8304 8209
f 8304 8305 8306
f 8306 8209 8304
f 8306 8307 8209
f 8307 8114 8209
f 8114 8307 8493
f 8307 8308 8493
f 8493 8309 8210
f 8392 8211 8310
f 8210 8309 8041
f 8309 8311 8041
f 8213 8312 8214
f 8310 8211 8214
f 8313 8215 8311
f 8215 8041 8311
f 8213 8217 8312
f 8312 8217 8504
f 8043 8313 8314
f 8043 8314 8218
f 8218 8314 8315
f 8215 8313 8043
f 8218 8315 8219
f 8221 8316 8317
f 8222 8221 8317
f 8315 8221 8219
f 8316 8221 8315
f 8504 8223 8318
f 8319 8230 8321
f 8230 8226 8225
f 8230 8225 8321
f 8321 8225 8322
f 8317 8225 8222
f 8322 8225 8317
f 8223 8323 8318
f 8227 8323 8223
f 8323 8227 8132
f 8324 8323 8132
f 8325 8326 8327
f 8326 8325 8328
f 8319 8320 8328
f 8319 8328 8229
f 8329 8231 8330
f 8329 8324 8231
f 8324 8132 8231
f 8329 8330 8331
f 8243 8332 8333
f 8243 8334 8335
f 8332 8243 8335
f 8327 8335 8334
f 8325 8327 8334
f 8325 8334 8234
f 8325 8234 8233
f 8235 8325 8233
f 8328 8325 8235
f 8229 8328 8235
f 8231 8236 8330
f 8330 8336 8331
f 8330 8236 8336
f 8236 8237 8336
f 8336 8237 8238
f 8337 8336 8238
f 8240 8239 8338
f 8243 8339 8242
f 8242 8339 8239
f 8333 8339 8243
f 8334 8243 8244
f 8234 8334 8244
f 8238 8340 8337
f 8153 8340 8238
f 8153 8341 8340
f 8245 8342 8341
f 8338 8245 8240
f 8342 8245 8338
f 8257 8256 8343
f 8257 8344 8258
f 8343 8344 8257
f 8258 8345 8259
f 8344 8345 8258
f 8259 8345 8260
f 8260 8345 8261
f 8261 8345 8262
f 8262 8345 8263
f 8269 8268 8346
f 8269 8343 8256
f 8269 8346 8343
f 8346 8347 8343
f 8348 8349 8344
f 8348 8344 8347
f 8347 8344 8343
f 8345 8344 8349
f 8350 8345 8349
f 8263 8345 8350
f 8263 8350 8270
f 8271 8270 8351
f 8270 8350 8351
f 8352 8351 8353
f 8352 8272 8351
f 8272 8271 8351
f 8272 8352 8273
f 8276 8275 8354
f 8276 8346 8268
f 8276 8354 8346
f 8354 8355 8346
f 8356 8357 8347
f 8356 8347 8355
f 8355 8347 8346
f 8348 8347 8357
f 8352 8353 8358
f 8358 8273 8352
f 8358 8359 8273
f 8359 8278 8273
f 8354 8360 8361
f 8354 8275 8360
f 8275 8281 8360
f 8355 8354 8361
f 8362 8355 8361
f 8356 8355 8362
f 8363 8282 8278
f 8363 8278 8364
f 8364 8278 8359
f 8282 8363 8283
f 8286 8285 8365
f 8286 8365 8366
f 8286 8366 8281
f 8281 8366 8360
f 8363 8364 8367
f 8367 8283 8363
f 8367 8368 8283
f 8368 8288 8283
f 8291 8290 8369
f 8291 8369 8370
f 8285 8291 8370
f 8285 8370 8371
f 8285 8371 8365
f 8366 8365 8371
f 8369 8293 8372
f 8290 8293 8369
f 8373 8370 8369
f 8372 8373 8369
f 8288 8374 8295
f 8297 8200 8375
f 8297 8375 8293
f 8293 8376 8372
f 8373 8372 8376
f 8295 8374 8377
f 8298 8295 8377
f 8377 8299 8298
f 8378 8299 8377
f 8301 8300 8379
f 8301 8379 8380
f 8200 8301 8380
f 8200 8380 8381
f 8200 8381 8375
f 8293 8375 8381
f 8299 8378 7939
f 8379 8302 8382
f 8300 8302 8379
f 8383 8380 8379
f 8382 8383 8379
f 8382 8384 8385
f 8382 8302 8384
f 8302 7944 8384
f 8383 8382 8385
f 7944 8491 8384
f 8384 8491 8386
f 7939 8387 8303
f 8387 8305 8303
f 8388 8306 8305
f 8388 8305 8389
f 8389 8305 8387
f 8306 8388 8307
f 8390 8388 8389
f 8391 8390 8389
f 8307 8390 8308
f 8388 8390 8307
f 8390 8391 8493
f 8493 8308 8390
f 8392 8310 8592
f 8309 8493 8311
f 8493 8393 8311
f 8214 8394 8592
f 8312 8394 8214
f 8592 8310 8214
f 8313 8395 8396
f 8314 8313 8396
f 8393 8313 8311
f 8395 8313 8393
f 8312 8504 8394
f 8314 8396 8315
f 8396 8397 8315
f 8398 8399 8400
f 8398 8401 8402
f 8399 8398 8402
f 8401 8397 8402
f 8401 8315 8397
f 8403 8404 8405
f 8403 8406 8407
f 8404 8403 8407
f 8400 8407 8406
f 8400 8406 8398
f 8398 8406 8408
f 8316 8408 8317
f 8316 8401 8408
f 8401 8398 8408
f 8315 8401 8316
f 8504 8318 8409
f 8410 8411 8412
f 8405 8411 8410
f 8403 8405 8410
f 8403 8410 8320
f 8403 8320 8319
f 8321 8403 8319
f 8406 8403 8321
f 8322 8406 8321
f 8408 8406 8322
f 8317 8408 8322
f 8318 8413 8409
f 8323 8413 8318
f 8413 8323 8324
f 8414 8413 8324
f 8415 8416 8417
f 8415 8327 8326
f 8415 8326 8416
f 8416 8326 8418
f 8412 8328 8410
f 8412 8418 8328
f 8418 8326 8328
f 8320 8410 8328
f 8324 8419 8414
f 8329 8419 8324
f 8331 8420 8421
f 8331 8421 8329
f 8329 8421 8419
f 8421 8420 8422
f 8423 8424 8425
f 8423 8333 8332
f 8423 8332 8424
f 8424 8332 8426
f 8417 8335 8415
f 8417 8426 8335
f 8426 8332 8335
f 8327 8415 8335
f 8331 8336 8420
f 8337 8427 8428
f 8336 8337 8428
f 8336 8428 8422
f 8336 8422 8420
f 8427 8341 8429
f 8428 8427 8429
f 8429 8341 8430
f 8430 8341 8431
f 8239 8432 8433
f 8338 8239 8433
f 8239 8434 8432
f 8425 8339 8423
f 8425 8434 8339
f 8434 8239 8339
f 8333 8423 8339
f 8337 8340 8427
f 8341 8427 8340
f 8341 8435 8431
f 8341 8436 8435
f 8342 8437 8341
f 8341 8437 8436
f 8433 8342 8338
f 8437 8342 8433
f 8349 8348 8438
f 8349 8439 8350
f 8438 8439 8349
f 8439 8440 8350
f 8440 8441 8350
f 8441 8442 8350
f 8442 8443 8350
f 8350 8444 8351
f 8443 8444 8350
f 8351 8444 8353
f 8357 8356 8445
f 8357 8445 8446
f 8348 8357 8446
f 8348 8446 8447
f 8348 8447 8438
f 8439 8438 8447
f 8448 8439 8447
f 8440 8439 8448
f 8441 8440 8448
f 8442 8441 8448
f 8449 8442 8448
f 8449 8450 8451
f 8449 8451 8442
f 8442 8451 8443
f 8444 8443 8452
f 8452 8443 8451
f 8353 8453 8358
f 8353 8444 8453
f 8444 8452 8453
f 8358 8453 8359
f 8361 8360 8454
f 8361 8455 8362
f 8454 8455 8361
f 8362 8455 8456
f 8356 8362 8456
f 8356 8456 8457
f 8356 8457 8445
f 8446 8445 8457
f 8451 8450 8458
f 8452 8451 8458
f 8459 8452 8458
f 8453 8452 8459
f 8460 8453 8459
f 8460 8359 8453
f 8460 8461 8359
f 8461 8364 8359
f 8454 8366 8462
f 8360 8366 8454
f 8463 8464 8455
f 8463 8455 8462
f 8462 8455 8454
f 8456 8455 8464
f 8465 8367 8364
f 8465 8364 8466
f 8466 8364 8461
f 8367 8465 8368
f 8371 8370 8467
f 8371 8467 8468
f 8366 8371 8468
f 8366 8468 8469
f 8366 8469 8462
f 8463 8462 8469
f 8465 8466 8470
f 8470 8368 8465
f 8470 8471 8368
f 8471 8288 8368
f 8467 8472 8473
f 8467 8370 8472
f 8370 8373 8472
f 8468 8467 8473
f 8288 8471 8374
f 8471 8474 8374
f 8376 8293 8475
f 8376 8475 8476
f 8376 8476 8373
f 8373 8476 8472
f 8477 8377 8374
f 8477 8374 8478
f 8478 8374 8474
f 8377 8477 8378
f 8381 8380 8479
f 8381 8479 8480
f 8293 8381 8480
f 8293 8480 8481
f 8293 8481 8475
f 8476 8475 8481
f 8477 8478 8482
f 8482 8378 8477
f 8482 8483 8378
f 8483 7939 8378
f 8479 8484 8485
f 8479 8380 8484
f 8380 8383 8484
f 8480 8479 8485
f 8385 8384 8486
f 8385 8486 8487
f 8385 8487 8383
f 8383 8487 8484
f 8486 8488 8489
f 8486 8384 8488
f 8384 8386 8488
f 8487 8486 8489
f 7939 8490 8387
f 8490 8389 8387
f 8389 8490 8391
f 8492 8493 8391
f 8492 8391 8588
f 8588 8391 8490
f 8492 8588 8493
f 8495 8496 8497
f 8495 8494 8496
f 8495 8393 8494
f 8393 8493 8494
f 8394 8498 8592
f 8499 8500 8501
f 8497 8500 8499
f 8495 8497 8499
f 8495 8499 8396
f 8495 8396 8395
f 8393 8495 8395
f 8394 8504 8498
f 8502 8499 8501
f 8503 8502 8501
f 8396 8502 8397
f 8499 8502 8396
f 8505 8506 8507
f 8505 8400 8399
f 8505 8399 8506
f 8506 8399 8508
f 8503 8402 8502
f 8503 8508 8402
f 8508 8399 8402
f 8397 8502 8402
f 8509 8510 8511
f 8509 8405 8404
f 8509 8404 8510
f 8510 8404 8512
f 8507 8407 8505
f 8507 8512 8407
f 8512 8404 8407
f 8400 8505 8407
f 8513 8409 8514
f 8513 8504 8409
f 8513 8514 8515
f 8418 8516 8517
f 8511 8516 8418
f 8509 8511 8418
f 8509 8418 8412
f 8509 8412 8411
f 8405 8509 8411
f 8409 8413 8514
f 8414 8518 8519
f 8413 8414 8519
f 8413 8519 8515
f 8413 8515 8514
f 8519 8518 8520
f 8521 8522 8523
f 8521 8417 8416
f 8521 8416 8522
f 8522 8416 8524
f 8517 8524 8418
f 8524 8416 8418
f 8414 8419 8518
f 8518 8525 8520
f 8518 8419 8525
f 8419 8421 8525
f 8422 8526 8527
f 8422 8527 8421
f 8421 8527 8525
f 8527 8526 8528
f 8424 8529 8530
f 8425 8424 8530
f 8523 8426 8521
f 8523 8529 8426
f 8529 8424 8426
f 8417 8521 8426
f 8422 8428 8526
f 8526 8531 8528
f 8526 8428 8531
f 8428 8429 8531
f 8430 8532 8429
f 8429 8532 8531
f 8431 8533 8534
f 8431 8534 8430
f 8430 8534 8532
f 8534 8533 8538
f 8538 8535 8536
f 8535 8433 8432
f 8535 8432 8536
f 8536 8432 8537
f 8434 8538 8432
f 8432 8538 8537
f 8530 8434 8425
f 8538 8434 8530
f 8431 8435 8533
f 8436 8533 8435
f 8538 8533 8436
f 8437 8538 8436
f 8535 8538 8437
f 8433 8535 8437
f 8447 8446 8539
f 8447 8540 8448
f 8539 8540 8447
f 8540 8541 8448
f 8541 8542 8448
f 8448 8543 8449
f 8542 8543 8448
f 8449 8543 8450
f 8457 8456 8544
f 8457 8539 8446
f 8457 8544 8539
f 8544 8545 8539
f 8546 8547 8540
f 8546 8540 8545
f 8545 8540 8539
f 8541 8540 8547
f 8548 8541 8547
f 8542 8541 8548
f 8549 8542 8548
f 8543 8542 8549
f 8550 8543 8549
f 8450 8543 8550
f 8450 8550 8458
f 8458 8550 8551
f 8459 8458 8551
f 8552 8460 8551
f 8460 8459 8551
f 8460 8552 8461
f 8464 8463 8553
f 8464 8544 8456
f 8464 8553 8544
f 8553 8554 8544
f 8555 8556 8545
f 8555 8545 8554
f 8554 8545 8544
f 8546 8545 8556
f 8552 8551 8557
f 8557 8461 8552
f 8557 8558 8461
f 8558 8466 8461
f 8469 8559 8560
f 8468 8559 8469
f 8553 8463 8469
f 8553 8469 8561
f 8561 8469 8560
f 8554 8553 8561
f 8562 8554 8561
f 8555 8554 8562
f 8563 8470 8466
f 8563 8466 8564
f 8564 8466 8558
f 8470 8563 8471
f 8473 8565 8559
f 8472 8565 8473
f 8559 8468 8473
f 8563 8564 8566
f 8566 8471 8563
f 8566 8567 8471
f 8567 8474 8471
f 8472 8476 8565
f 8565 8476 8568
f 8474 8567 8478
f 8567 8569 8478
f 8481 8570 8571
f 8480 8570 8481
f 8568 8476 8481
f 8571 8568 8481
f 8478 8569 8572
f 8482 8478 8572
f 8572 8483 8482
f 8573 8483 8572
f 8485 8484 8574
f 8570 8480 8485
f 8574 8570 8485
f 8483 8573 7939
f 8573 8575 7939
f 8489 8488 8576
f 8489 8576 8577
f 8489 8577 8487
f 8487 8577 8484
f 8576 8386 8578
f 8488 8386 8576
f 8579 8577 8576
f 8578 8579 8576
f 8578 8580 8581
f 8578 8386 8580
f 8386 8491 8580
f 8579 8578 8581
f 7939 8582 8583
f 8583 8490 7939
f 8491 8585 8586
f 8491 8586 8584
f 8587 8493 8588
f 8392 8585 8491
f 8589 8587 8588
f 8587 8589 8493
f 8590 8589 8588
f 8591 8590 8588
f 8493 8590 8494
f 8589 8590 8493
f 8593 8594 8595
f 8593 8596 8597
f 8594 8593 8597
f 8591 8597 8596
f 8590 8591 8596
f 8590 8596 8497
f 8590 8497 8496
f 8494 8590 8496
f 8592 8598 8599
f 8498 8598 8592
f 8600 8593 8595
f 8601 8600 8595
f 8500 8600 8501
f 8500 8596 8600
f 8596 8593 8600
f 8497 8596 8500
f 8498 8504 8598
f 8602 8600 8601
f 8603 8602 8601
f 8501 8602 8503
f 8600 8602 8501
f 8604 8605 8606
f 8604 8507 8506
f 8604 8506 8605
f 8605 8506 8607
f 8603 8508 8602
f 8603 8607 8508
f 8607 8506 8508
f 8503 8602 8508
f 8510 8609 8610
f 8511 8510 8610
f 8606 8512 8604
f 8606 8609 8512
f 8609 8510 8512
f 8507 8604 8512
f 8515 8611 8612
f 8513 8515 8612
f 8513 8612 8608
f 8513 8608 8504
f 8612 8611 8613
f 8614 8615 8616
f 8614 8517 8516
f 8614 8516 8615
f 8615 8516 8617
f 8610 8516 8511
f 8617 8516 8610
f 8515 8519 8611
f 8520 8618 8619
f 8519 8520 8619
f 8519 8619 8613
f 8519 8613 8611
f 8618 8620 8621
f 8619 8618 8621
f 8621 8620 8622
f 8522 8623 8624
f 8523 8522 8624
f 8616 8524 8614
f 8616 8623 8524
f 8623 8522 8524
f 8517 8614 8524
f 8520 8525 8618
f 8527 8618 8525
f 8620 8618 8527
f 8528 8625 8626
f 8527 8528 8626
f 8527 8626 8622
f 8527 8622 8620
f 8626 8625 8538
f 8538 8627 8628
f 8627 8530 8529
f 8627 8529 8628
f 8628 8529 8629
f 8624 8529 8523
f 8629 8529 8624
f 8528 8531 8625
f 8532 8625 8531
f 8538 8625 8532
f 8534 8538 8532
f 8537 8538 8536
f 8530 8627 8538
f 8547 8546 8630
f 8547 8631 8548
f 8630 8631 8547
f 8548 8631 8549
f 8549 8631 8550
f 8550 8631 8551
f 8631 8632 8551
f 8556 8555 8633
f 8556 8633 8634
f 8546 8556 8634
f 8546 8634 8635
f 8546 8635 8630
f 8631 8630 8635
f 8636 8631 8635
f 8637 8631 8636
f 8637 8638 8631
f 8551 8639 8557
f 8551 8632 8639
f 8632 8631 8639
f 8557 8639 8558
f 8560 8559 8640
f 8560 8641 8561
f 8640 8641 8560
f 8642 8561 8641
f 8642 8643 8561
f 8643 8562 8561
f 8633 8555 8562
f 8633 8562 8644
f 8644 8562 8643
f 8634 8633 8644
f 8631 8638 8645
f 8645 8646 8647
f 8645 8647 8631
f 8631 8647 8639
f 8558 8647 8564
f 8639 8647 8558
f 8559 8565 8648
f 8559 8648 8640
f 8648 8649 8640
f 8650 8651 8641
f 8650 8641 8649
f 8649 8641 8640
f 8642 8641 8651
f 8647 8646 8652
f 8653 8652 8654
f 8566 8652 8653
f 8566 8647 8652
f 8566 8564 8647
f 8566 8653 8567
f 8648 8568 8655
f 8565 8568 8648
f 8656 8657 8649
f 8656 8649 8655
f 8655 8649 8648
f 8650 8649 8657
f 8653 8654 8658
f 8658 8567 8653
f 8658 8659 8567
f 8659 8569 8567
f 8571 8660 8661
f 8570 8660 8571
f 8655 8568 8571
f 8655 8571 8662
f 8662 8571 8661
f 8656 8655 8662
f 8663 8572 8569
f 8663 8569 8664
f 8664 8569 8659
f 8572 8663 8573
f 8574 8665 8666
f 8484 8665 8574
f 8660 8570 8574
f 8666 8660 8574
f 8667 8663 8664
f 8668 8667 8664
f 8573 8667 8575
f 8663 8667 8573
f 8665 8484 8669
f 8667 8668 8670
f 8670 8575 8667
f 8484 8577 8669
f 8669 8577 8671
f 8577 8579 8671
f 8671 8579 8765
f 8575 8672 7939
f 8581 8673 8674
f 8580 8673 8581
f 8765 8579 8581
f 8674 8765 8581
f 8580 8491 8673
f 8583 8582 8675
f 8675 8490 8583
f 8491 8584 8676
f 8585 8772 8586
f 8676 8584 8586
f 8585 8392 8772
f 8772 8392 8592
f 8490 8591 8588
f 8594 8678 8679
f 8595 8594 8679
f 8597 8680 8594
f 8594 8680 8678
f 8677 8597 8591
f 8680 8597 8677
f 8599 8598 8681
f 8599 8681 8682
f 8599 8682 8592
f 8683 8684 8685
f 8683 8679 8684
f 8683 8601 8679
f 8601 8595 8679
f 8598 8504 8681
f 8686 8683 8685
f 8687 8686 8685
f 8601 8686 8603
f 8683 8686 8601
f 8688 8682 8681
f 8504 8688 8681
f 8605 8689 8690
f 8606 8605 8690
f 8687 8607 8686
f 8687 8689 8607
f 8689 8605 8607
f 8603 8686 8607
f 8608 8691 8692
f 8504 8608 8692
f 8504 8692 8688
f 8692 8691 8693
f 8694 8695 8696
f 8694 8610 8609
f 8694 8609 8695
f 8695 8609 8697
f 8690 8609 8606
f 8697 8609 8690
f 8608 8612 8691
f 8613 8698 8699
f 8612 8613 8699
f 8612 8699 8693
f 8612 8693 8691
f 8698 8621 8700
f 8699 8698 8700
f 8700 8621 8701
f 8702 8703 8704
f 8702 8616 8615
f 8702 8615 8703
f 8703 8615 8705
f 8696 8617 8694
f 8696 8705 8617
f 8705 8615 8617
f 8610 8694 8617
f 8613 8619 8698
f 8621 8698 8619
f 8622 8706 8707
f 8621 8622 8707
f 8621 8707 8701
f 8707 8706 8708
f 8538 8709 8710
f 8704 8710 8709
f 8702 8704 8709
f 8702 8709 8624
f 8702 8624 8623
f 8616 8702 8623
f 8622 8626 8706
f 8706 8711 8708
f 8706 8626 8711
f 8626 8538 8711
f 8538 8712 8711
f 8538 8713 8712
f 8538 8714 8713
f 8629 8538 8628
f 8709 8538 8629
f 8624 8709 8629
f 8635 8634 8715
f 8635 8716 8636
f 8715 8716 8635
f 8716 8717 8636
f 8717 8718 8636
f 8636 8719 8637
f 8718 8719 8636
f 8637 8719 8638
f 8643 8642 8720
f 8643 8721 8644
f 8720 8721 8643
f 8644 8721 8722
f 8634 8644 8722
f 8634 8722 8723
f 8634 8723 8715
f 8716 8715 8723
f 8724 8716 8723
f 8717 8716 8724
f 8725 8717 8724
f 8718 8717 8725
f 8726 8718 8725
f 8719 8718 8726
f 8727 8719 8726
f 8728 8727 8729
f 8645 8727 8728
f 8645 8719 8727
f 8645 8638 8719
f 8645 8728 8646
f 8651 8650 8730
f 8651 8730 8731
f 8642 8651 8731
f 8642 8731 8732
f 8642 8732 8720
f 8721 8720 8732
f 8733 8721 8732
f 8722 8721 8733
f 8728 8729 8734
f 8646 8728 8734
f 8646 8734 8652
f 8652 8734 8735
f 8735 8654 8652
f 8736 8654 8735
f 8657 8656 8737
f 8657 8737 8738
f 8650 8657 8738
f 8650 8738 8739
f 8650 8739 8730
f 8731 8730 8739
f 8740 8658 8654
f 8740 8654 8741
f 8741 8654 8736
f 8658 8740 8659
f 8661 8660 8742
f 8743 8661 8742
f 8743 8744 8661
f 8744 8662 8661
f 8737 8656 8662
f 8737 8662 8745
f 8745 8662 8744
f 8738 8737 8745
f 8740 8741 8746
f 8746 8659 8740
f 8666 8665 8747
f 8666 8742 8660
f 8666 8747 8742
f 8747 8748 8742
f 8749 8743 8742
f 8748 8749 8742
f 8664 8659 8668
f 8659 8750 8668
f 8747 8669 8751
f 8665 8669 8747
f 8752 8753 8748
f 8752 8748 8751
f 8751 8748 8747
f 8749 8748 8753
f 8754 8670 8668
f 8754 8668 8755
f 8755 8668 8750
f 8670 8754 8575
f 8751 8671 8756
f 8669 8671 8751
f 8757 8752 8751
f 8756 8757 8751
f 8758 8754 8755
f 8759 8758 8755
f 8575 8758 8672
f 8754 8758 8575
f 8756 8760 8761
f 8756 8671 8760
f 8671 8765 8760
f 8757 8756 8761
f 8758 8759 8762
f 8762 8672 8758
f 8762 8763 8672
f 8763 7939 8672
f 8674 8673 8764
f 8674 8764 8765
f 7939 8763 8582
f 8763 8766 8582
f 8764 8767 8768
f 8764 8673 8767
f 8673 8491 8767
f 8765 8764 8768
f 8582 8766 8769
f 8675 8582 8769
f 8769 8490 8675
f 8770 8490 8769
f 8491 8676 8767
f 8770 8771 8490
f 8586 8772 8773
f 8773 8676 8586
f 8771 8774 8490
f 8490 8774 8591
f 8775 8591 8776
f 8775 8677 8591
f 8777 8778 8779
f 8777 8679 8678
f 8777 8678 8778
f 8778 8678 8780
f 8776 8680 8775
f 8776 8780 8680
f 8780 8678 8680
f 8677 8775 8680
f 8592 8682 8772
f 8772 8682 8781
f 8684 8777 8779
f 8684 8779 8685
f 8685 8779 8782
f 8679 8777 8684
f 8781 8682 8783
f 8784 8785 8786
f 8784 8782 8785
f 8784 8687 8782
f 8687 8685 8782
f 8682 8688 8783
f 8783 8688 8787
f 8788 8789 8790
f 8788 8791 8792
f 8789 8788 8792
f 8786 8792 8791
f 8784 8786 8791
f 8784 8791 8690
f 8784 8690 8689
f 8687 8784 8689
f 8688 8793 8787
f 8692 8793 8688
f 8693 8794 8795
f 8693 8795 8692
f 8692 8795 8793
f 8795 8794 8796
f 8797 8798 8799
f 8790 8798 8797
f 8788 8790 8797
f 8788 8797 8696
f 8788 8696 8695
f 8697 8788 8695
f 8791 8788 8697
f 8690 8791 8697
f 8693 8699 8794
f 8794 8800 8796
f 8794 8699 8800
f 8699 8700 8800
f 8701 8801 8802
f 8701 8802 8700
f 8700 8802 8800
f 8801 8803 8976
f 8802 8801 8976
f 8803 8804 8976
f 8804 8805 8976
f 8976 8805 8538
f 8538 8806 8807
f 8806 8704 8703
f 8806 8703 8807
f 8807 8703 8808
f 8799 8705 8797
f 8799 8808 8705
f 8808 8703 8705
f 8696 8797 8705
f 8701 8707 8801
f 8708 8801 8707
f 8708 8809 8801
f 8809 8803 8801
f 8804 8803 8810
f 8810 8803 8809
f 8805 8804 8811
f 8811 8804 8810
f 8812 8805 8811
f 8538 8805 8812
f 8806 8538 8710
f 8704 8806 8710
f 8708 8711 8809
f 8712 8809 8711
f 8810 8809 8712
f 8713 8810 8712
f 8811 8810 8713
f 8714 8811 8713
f 8812 8811 8714
f 8538 8812 8714
f 8723 8722 8813
f 8723 8814 8724
f 8813 8814 8723
f 8724 8815 8725
f 8814 8815 8724
f 8725 8815 8726
f 8726 8816 8727
f 8815 8816 8726
f 8727 8816 8729
f 8732 8731 8817
f 8732 8818 8733
f 8817 8818 8732
f 8733 8818 8819
f 8722 8733 8819
f 8722 8819 8820
f 8722 8820 8813
f 8814 8813 8820
f 8821 8814 8820
f 8815 8814 8821
f 8822 8815 8821
f 8823 8815 8822
f 8816 8815 8823
f 8824 8816 8823
f 8825 8824 8826
f 8734 8824 8825
f 8734 8816 8824
f 8734 8729 8816
f 8734 8827 8735
f 8825 8827 8734
f 8735 8827 8736
f 8739 8738 8828
f 8739 8828 8829
f 8731 8739 8829
f 8731 8829 8830
f 8731 8830 8817
f 8818 8817 8830
f 8831 8818 8830
f 8819 8818 8831
f 8825 8826 8832
f 8832 8833 8834
f 8832 8834 8825
f 8825 8834 8827
f 8736 8834 8741
f 8827 8834 8736
f 8744 8743 8835
f 8836 8744 8835
f 8836 8837 8744
f 8837 8745 8744
f 8828 8738 8745
f 8828 8745 8838
f 8838 8745 8837
f 8829 8828 8838
f 8834 8833 8839
f 8840 8839 8841
f 8746 8839 8840
f 8746 8834 8839
f 8746 8741 8834
f 8746 8840 8659
f 8835 8842 8843
f 8835 8743 8842
f 8743 8749 8842
f 8836 8835 8843
f 8844 8840 8841
f 8845 8844 8841
f 8659 8844 8750
f 8840 8844 8659
f 8753 8846 8847
f 8752 8846 8753
f 8842 8749 8753
f 8847 8842 8753
f 8844 8845 8848
f 8848 8750 8844
f 8848 8849 8750
f 8849 8755 8750
f 8752 8757 8846
f 8846 8757 8850
f 8755 8849 8759
f 8849 8851 8759
f 8761 8852 8853
f 8760 8852 8761
f 8850 8757 8761
f 8853 8850 8761
f 8759 8851 8854
f 8762 8759 8854
f 8854 8763 8762
f 8855 8763 8854
f 8760 8765 8852
f 8852 8765 8856
f 8763 8855 8766
f 8768 8767 8857
f 8768 8857 8765
f 8858 8769 8766
f 8858 8766 8859
f 8859 8766 8855
f 8769 8858 8770
f 8857 8860 8861
f 8857 8767 8860
f 8767 8676 8860
f 8765 8857 8861
f 8862 8858 8859
f 8863 8862 8859
f 8770 8862 8771
f 8858 8862 8770
f 8773 8772 8864
f 8773 8864 8868
f 8773 8868 8676
f 8676 8868 8860
f 8865 8866 8867
f 8863 8866 8865
f 8863 8865 8862
f 8771 8862 8774
f 8869 8865 8867
f 8870 8869 8867
f 8862 8865 8869
f 8774 8862 8591
f 8871 8870 8872
f 8870 8871 8869
f 8869 8871 8873
f 8776 8862 8873
f 8862 8869 8873
f 8591 8862 8776
f 8874 8875 8876
f 8872 8875 8874
f 8871 8872 8874
f 8871 8874 8779
f 8871 8779 8778
f 8780 8871 8778
f 8873 8871 8780
f 8776 8873 8780
f 8864 8781 8877
f 8772 8781 8864
f 8877 8868 8864
f 8878 8879 8880
f 8876 8879 8878
f 8876 8878 8874
f 8874 8878 8881
f 8779 8881 8782
f 8874 8881 8779
f 8781 8783 8877
f 8882 8868 8877
f 8883 8878 8880
f 8884 8883 8880
f 8785 8883 8786
f 8785 8881 8883
f 8881 8878 8883
f 8782 8881 8785
f 8877 8787 8885
f 8783 8787 8877
f 8886 8882 8877
f 8886 8877 8887
f 8887 8877 8885
f 8886 8887 8888
f 8889 8890 8891
f 8889 8892 8893
f 8890 8889 8893
f 8892 8894 8895
f 8893 8892 8895
f 8894 8790 8789
f 8894 8789 8895
f 8895 8789 8896
f 8884 8792 8883
f 8884 8896 8792
f 8896 8789 8792
f 8786 8883 8792
f 8787 8793 8885
f 8795 8885 8793
f 8887 8885 8795
f 8796 8897 8898
f 8795 8796 8898
f 8795 8898 8888
f 8795 8888 8887
f 8898 8897 8976
f 8538 8899 8900
f 8976 8538 8900
f 8891 8900 8899
f 8891 8899 8889
f 8889 8899 8901
f 8892 8889 8902
f 8902 8889 8901
f 8798 8902 8799
f 8798 8894 8902
f 8894 8892 8902
f 8790 8894 8798
f 8796 8800 8897
f 8802 8897 8800
f 8976 8897 8802
f 8807 8899 8538
f 8901 8899 8807
f 8808 8901 8807
f 8902 8901 8808
f 8799 8902 8808
f 8820 8819 8903
f 8820 8904 8821
f 8903 8904 8820
f 8821 8905 8822
f 8904 8905 8821
f 8822 8906 8823
f 8905 8906 8822
f 8823 8907 8824
f 8906 8907 8823
f 8824 8907 8826
f 8830 8829 8908
f 8909 8830 8908
f 8909 8910 8830
f 8910 8831 8830
f 8903 8819 8831
f 8903 8831 8911
f 8911 8831 8910
f 8904 8903 8911
f 8912 8904 8911
f 8905 8904 8912
f 8913 8905 8912
f 8906 8905 8913
f 8914 8906 8913
f 8907 8906 8914
f 8915 8907 8914
f 8826 8907 8915
f 8826 8915 8832
f 8832 8915 8916
f 8916 8833 8832
f 8917 8833 8916
f 8837 8836 8918
f 8919 8837 8918
f 8919 8920 8837
f 8920 8838 8837
f 8908 8829 8838
f 8908 8838 8921
f 8921 8838 8920
f 8909 8908 8921
f 8833 8917 8922
f 8839 8833 8922
f 8922 8841 8839
f 8923 8841 8922
f 8843 8842 8924
f 8843 8924 8925
f 8836 8843 8925
f 8836 8925 8926
f 8836 8926 8918
f 8919 8918 8926
f 8841 8923 8845
f 8923 8927 8845
f 8847 8846 8928
f 8847 8928 8929
f 8842 8847 8929
f 8842 8929 8930
f 8842 8930 8924
f 8925 8924 8930
f 8845 8927 8848
f 8931 8849 8848
f 8928 8932 8933
f 8928 8846 8932
f 8846 8850 8932
f 8929 8928 8933
f 8849 8931 8851
f 8931 8937 8851
f 8853 8852 8934
f 8853 8934 8935
f 8853 8935 8850
f 8850 8935 8932
f 8936 8854 8851
f 8936 8851 8937
f 8854 8936 8855
f 8934 8856 8938
f 8852 8856 8934
f 8939 8935 8934
f 8938 8939 8934
f 8938 8940 8941
f 8938 8856 8940
f 8856 8765 8940
f 8939 8938 8941
f 8942 8936 8937
f 8855 8936 8859
f 8861 8860 8943
f 8861 8943 8944
f 8861 8944 8765
f 8765 8944 8940
f 8945 8936 8942
f 8946 8945 8942
f 8859 8945 8863
f 8936 8945 8859
f 8943 8868 8947
f 8860 8868 8943
f 8950 8944 8943
f 8947 8950 8943
f 8866 8945 8946
f 8866 8946 8867
f 8867 8946 8948
f 8863 8945 8866
f 8947 8868 8949
f 8949 8950 8947
f 8951 8870 8948
f 8870 8867 8948
f 8949 8868 8952
f 8952 8950 8949
f 8951 8948 8953
f 8951 8872 8870
f 8952 8868 8954
f 8955 8950 8952
f 8954 8955 8952
f 8956 8957 8893
f 8956 8951 8958
f 8957 8956 8958
f 8953 8958 8951
f 8951 8876 8875
f 8872 8951 8875
f 8954 8868 8959
f 8960 8955 8954
f 8960 8954 8961
f 8961 8954 8959
f 8960 8961 8962
f 8893 8963 8964
f 8956 8893 8965
f 8879 8965 8880
f 8879 8951 8965
f 8951 8956 8965
f 8876 8951 8879
f 8868 8882 8959
f 8966 8962 8961
f 8966 8961 8967
f 8966 8967 8968
f 8969 8970 8976
f 8969 8971 8893
f 8970 8969 8893
f 8965 8893 8972
f 8880 8972 8884
f 8965 8972 8880
f 8882 8886 8959
f 8888 8959 8886
f 8888 8973 8959
f 8973 8961 8959
f 8967 8961 8973
f 8974 8968 8967
f 8974 8967 8975
f 8975 8967 8973
f 8974 8975 8976
f 8976 8977 8969
f 8969 8977 8978
f 8890 8978 8891
f 8890 8971 8978
f 8971 8969 8978
f 8893 8971 8890
f 8896 8893 8895
f 8972 8893 8896
f 8884 8972 8896
f 8888 8898 8973
f 8976 8973 8898
f 8975 8973 8976
f 8900 8977 8976
f 8978 8977 8900
f 8891 8978 8900
f 8910 8909 8979
f 8910 8980 8911
f 8979 8980 8910
f 8911 8981 8912
f 8980 8981 8911
f 8912 8982 8913
f 8981 8982 8912
f 8913 8983 8914
f 8982 8983 8913
f 8914 8984 8915
f 8983 8984 8914
f 8915 8985 8916
f 8984 8985 8915
f 8916 8985 8917
f 8920 8919 8986
f 8920 8987 8921
f 8986 8987 8920
f 8921 8987 8988
f 8909 8921 8988
f 8909 8988 8989
f 8909 8989 8979
f 8980 8979 8989
f 8990 8980 8989
f 8981 8980 8990
f 8991 8981 8990
f 8982 8981 8991
f 8992 8982 8991
f 8983 8982 8992
f 8993 8983 8992
f 8984 8983 8993
f 8994 8984 8993
f 8994 8995 8996
f 8994 8996 8984
f 8984 8996 8985
f 8917 8997 8922
f 8917 8985 8997
f 8985 8996 8997
f 8922 8997 8923
f 8926 8925 8998
f 8926 8998 8999
f 8919 8926 8999
f 8919 8999 9000
f 8919 9000 8986
f 8987 8986 9000
f 9001 8987 9000
f 8988 8987 9001
f 8996 8995 9002
f 8997 8996 9002
f 9003 8997 9002
f 9003 8923 8997
f 9003 9004 8923
f 9004 8927 8923
f 8930 8929 9005
f 8930 9005 9006
f 8925 8930 9006
f 8925 9006 9007
f 8925 9007 8998
f 8999 8998 9007
f 8927 9004 9008
f 8848 8927 9008
f 9008 8931 8848
f 9009 8931 9008
f 8933 8932 9010
f 8933 9010 9011
f 8929 8933 9011
f 8929 9011 9012
f 8929 9012 9005
f 9006 9005 9012
f 8931 9009 8937
f 9010 8935 9013
f 8932 8935 9010
f 9014 9011 9010
f 9013 9014 9010
f 9013 9015 9016
f 9013 8935 9015
f 8935 8939 9015
f 9014 9013 9016
f 9009 9017 8937
f 8941 8940 9018
f 8941 9018 9019
f 8941 9019 8939
f 8939 9019 9015
f 9020 9021 9022
f 9020 9017 9021
f 9020 8942 9017
f 8942 8937 9017
f 9018 8944 9023
f 8940 8944 9018
f 9033 9019 9018
f 9023 9033 9018
f 9024 9025 9026
f 9022 9025 9024
f 9022 9024 9020
f 9020 9024 9027
f 8942 9027 8946
f 9020 9027 8942
f 9023 8950 9028
f 8944 8950 9023
f 9028 9033 9023
f 9029 9024 9026
f 9030 9029 9026
f 9027 9024 9031
f 9031 9024 9029
f 8946 9031 8948
f 9027 9031 8946
f 9028 8950 9032
f 9032 9033 9028
f 9034 9035 9036
f 9030 9035 9034
f 9030 9034 9029
f 9029 9034 9037
f 8948 9031 9037
f 9031 9029 9037
f 9032 8950 9038
f 9033 9032 9052
f 9052 9032 9038
f 9039 9040 9041
f 9039 9042 9043
f 9040 9039 9043
f 9036 9043 9042
f 9036 9042 9034
f 9034 9042 9044
f 8948 9044 8953
f 8948 9037 9044
f 9037 9034 9044
f 9038 8955 9045
f 8950 8955 9038
f 9052 9038 8976
f 8976 9038 9045
f 9046 9047 9048
f 9041 9047 9046
f 9041 9046 9039
f 9039 9046 9049
f 8957 9049 8893
f 8957 9042 9049
f 9042 9039 9049
f 8958 9042 8957
f 9044 9042 8958
f 8953 9044 8958
f 8955 8960 9045
f 8962 9045 8960
f 8962 9050 9045
f 9050 8976 9045
f 9051 9033 9052
f 9051 9052 9125
f 9052 9053 9125
f 9053 9054 9125
f 9048 9125 9054
f 9048 9054 9046
f 9046 9054 9055
f 8963 9055 8964
f 8963 9049 9055
f 9049 9046 9055
f 8893 9049 8963
f 8962 8966 9050
f 8968 9050 8966
f 8968 9056 9050
f 9056 8976 9050
f 8970 9053 8976
f 9053 9052 8976
f 8893 9053 8970
f 9054 9053 8893
f 9055 9054 8893
f 8964 9055 8893
f 8968 8974 9056
f 8976 9056 8974
f 8989 8988 9057
f 8989 9058 8990
f 9057 9058 8989
f 8990 9059 8991
f 9058 9059 8990
f 8991 9060 8992
f 9059 9060 8991
f 8992 9061 8993
f 9060 9061 8992
f 8993 9062 8994
f 9061 9062 8993
f 8994 9062 8995
f 9000 8999 9063
f 9064 9000 9063
f 9064 9065 9000
f 9065 9001 9000
f 9057 8988 9001
f 9057 9001 9066
f 9066 9001 9065
f 9058 9057 9066
f 9067 9058 9066
f 9059 9058 9067
f 9068 9059 9067
f 9060 9059 9068
f 9069 9060 9068
f 9061 9060 9069
f 9070 9061 9069
f 9070 9071 9072
f 9070 9072 9061
f 9061 9072 9062
f 8995 9073 9002
f 8995 9062 9073
f 9062 9072 9073
f 9002 9074 9003
f 9073 9074 9002
f 9003 9074 9004
f 9007 9006 9075
f 9007 9063 8999
f 9007 9075 9063
f 9075 9076 9063
f 9077 9064 9063
f 9076 9077 9063
f 9072 9071 9078
f 9073 9072 9078
f 9079 9073 9078
f 9079 9080 9081
f 9079 9081 9073
f 9073 9081 9074
f 9004 9082 9008
f 9004 9074 9082
f 9074 9081 9082
f 9008 9082 9009
f 9012 9011 9083
f 9012 9083 9084
f 9006 9012 9084
f 9006 9084 9085
f 9006 9085 9075
f 9076 9075 9085
f 9086 9076 9085
f 9077 9076 9086
f 9087 9081 9080
f 9082 9081 9088
f 9088 9081 9087
f 9082 9088 9009
f 9083 9014 9089
f 9011 9014 9083
f 9090 9084 9083
f 9089 9090 9083
f 9091 9087 9080
f 9088 9087 9092
f 9092 9087 9091
f 9088 9092 9009
f 9016 9015 9093
f 9016 9089 9014
f 9016 9093 9089
f 9093 9094 9089
f 9095 9090 9089
f 9094 9095 9089
f 9096 9091 9080
f 9092 9091 9097
f 9097 9091 9096
f 9009 9097 9017
f 9092 9097 9009
f 9015 9019 9093
f 9094 9093 9098
f 9099 9095 9094
f 9098 9099 9094
f 9119 9080 9100
f 9080 9119 9096
f 9096 9119 9101
f 9021 9101 9022
f 9021 9097 9101
f 9097 9096 9101
f 9017 9097 9021
f 9019 9033 9093
f 9098 9093 9102
f 9103 9099 9098
f 9102 9103 9098
f 9119 9104 9105
f 9100 9104 9119
f 9025 9106 9026
f 9025 9101 9106
f 9101 9119 9106
f 9022 9101 9025
f 9102 9093 9108
f 9107 9103 9102
f 9107 9102 9108
f 9107 9108 9109
f 9108 9110 9111
f 9109 9108 9111
f 9111 9110 9112
f 9119 9113 9114
f 9105 9113 9119
f 9106 9119 9115
f 9026 9115 9030
f 9106 9115 9026
f 9093 9033 9116
f 9108 9093 9116
f 9117 9112 9110
f 9117 9110 9118
f 9118 9110 9108
f 9118 9119 9117
f 9117 9119 9120
f 9114 9120 9119
f 9122 9119 9121
f 9035 9122 9036
f 9035 9115 9122
f 9115 9119 9122
f 9030 9115 9035
f 9033 9123 9116
f 9123 9108 9116
f 9125 9108 9123
f 9118 9108 9125
f 9119 9118 9125
f 9040 9125 9041
f 9040 9121 9125
f 9121 9119 9125
f 9043 9121 9040
f 9122 9121 9043
f 9036 9122 9043
f 9033 9124 9123
f 9124 9125 9123
f 9047 9125 9048
f 9041 9125 9047
f 9033 9051 9124
f 9125 9124 9051
f 9065 9064 9126
f 9065 9127 9066
f 9126 9127 9065
f 9066 9128 9067
f 9127 9128 9066
f 9067 9129 9068
f 9128 9129 9067
f 9068 9130 9069
f 9129 9130 9068
f 9069 9131 9070
f 9130 9131 9069
f 9070 9131 9071
f 9126 9077 9132
f 9064 9077 9126
f 9127 9126 9144
f 9144 9126 9132
f 9128 9127 9144
f 9129 9128 9133
f 9133 9128 9144
f 9130 9129 9134
f 9134 9129 9133
f 9131 9130 9135
f 9135 9130 9134
f 9071 9136 9078
f 9071 9131 9136
f 9131 9135 9136
f 9078 9137 9079
f 9136 9137 9078
f 9079 9137 9080
f 9085 9084 9138
f 9085 9139 9086
f 9138 9139 9085
f 9086 9132 9077
f 9086 9139 9132
f 9139 9144 9132
f 9134 9133 9140
f 9140 9133 9144
f 9135 9134 9141
f 9141 9134 9140
f 9136 9135 9142
f 9142 9135 9141
f 9137 9136 9143
f 9143 9136 9142
f 9137 9143 9080
f 9138 9090 9144
f 9084 9090 9138
f 9139 9138 9144
f 9140 9144 9145
f 9141 9140 9148
f 9148 9140 9145
f 9142 9141 9148
f 9143 9142 9148
f 9143 9148 9080
f 9090 9095 9144
f 9145 9144 9147
f 9147 9144 9146
f 9148 9145 9147
f 9095 9099 9144
f 9146 9144 9149
f 9147 9146 9150
f 9150 9146 9149
f 9148 9147 9150
f 9080 9148 9100
f 9144 9103 9151
f 9099 9103 9144
f 9154 9144 9152
f 9152 9144 9151
f 9153 9154 9152
f 9149 9144 9155
f 9155 9144 9154
f 9150 9149 9156
f 9156 9149 9155
f 9148 9150 9157
f 9157 9150 9156
f 9104 9157 9105
f 9104 9148 9157
f 9100 9148 9104
f 9103 9107 9151
f 9109 9151 9107
f 9152 9151 9109
f 9111 9152 9109
f 9153 9152 9111
f 9112 9153 9111
f 9112 9154 9153
f 9156 9155 9158
f 9158 9155 9154
f 9113 9158 9114
f 9113 9157 9158
f 9157 9156 9158
f 9105 9157 9113
f 9112 9117 9154
f 9120 9154 9117
f 9158 9154 9120
f 9114 9158 9120
