# chimera.real_body_20260922: the committed CT preview, repaired
# and QEM-decimated under the importer's kMaxTris; see
# validation/slice_real_body_20260922/{preregistration.md,
# repair_and_decimate.py, check_body_closure.py, body_manifest.json}
v 12.880000 17.279999 50.240000
v 13.040000 17.279998 51.360000
v 12.880000 17.440000 50.079999
v 12.880000 17.279999 51.199997
v 13.052976 17.574123 51.372976
v 12.880000 17.760001 50.079999
v 12.880000 18.080000 51.199997
v 12.960000 18.080000 50.160000
v 12.880000 17.920001 50.239999
v 12.880000 18.240000 51.039997
v 12.960000 18.240000 50.160000
v 12.880000 18.240000 50.239998
v 12.960000 18.320000 51.039998
v 12.960000 18.320000 50.239998
v 12.960000 18.320000 50.399997
v 12.960000 18.320000 50.879997
v 13.040000 15.519999 47.519999
v 13.040000 15.519999 47.039998
v 13.040000 15.839999 47.520000
v 13.040000 15.840000 47.039998
v 13.040000 15.839999 47.280001
v 13.144698 15.839941 47.624677
v 13.040000 16.959999 50.559999
v 13.040000 16.959999 51.360000
v 13.120000 16.879999 51.360001
v 13.040000 17.119999 49.919998
v 13.120000 17.119999 49.840000
v 13.120000 17.039999 49.919998
v 13.120000 17.039999 50.079998
v 13.040000 17.119999 50.239998
v 13.040000 17.119999 50.399998
v 13.040000 17.119999 51.199997
v 13.040000 17.440000 49.919998
v 13.119999 17.760000 49.840000
v 13.040000 17.760000 49.919998
v 13.040000 17.920000 49.919998
v 13.120000 17.920001 49.840000
v 13.040000 17.920000 50.079998
v 13.119999 17.920002 51.439999
v 13.040000 18.080000 50.079998
v 13.120000 18.080000 51.439999
v 13.120001 18.240000 50.160000
v 13.120000 18.320000 51.199997
v 13.120000 18.240000 51.279999
v 13.040075 18.080060 51.359999
v 13.120000 18.320000 50.239999
v 13.120000 18.480000 50.399998
v 13.120000 18.320000 51.039999
v 13.120000 18.480000 50.879997
v 13.200000 14.880000 47.039999
v 13.200000 15.040000 46.559999
v 13.200000 15.040000 46.879997
v 13.360000 14.880000 46.879997
v 13.200000 15.199999 46.399999
v 13.200000 15.360000 47.039997
v 13.200000 15.360000 47.520000
v 13.200000 15.040000 47.680000
v 13.200000 15.520000 46.879997
v 13.200000 15.520000 46.599998
v 13.200000 15.679999 46.399998
v 13.360000 15.679999 46.239998
v 13.200000 15.839999 46.879997
v 13.199965 15.839975 46.560114
v 13.200000 16.000000 46.719997
v 13.360000 16.000000 46.559998
v 13.240000 16.040000 47.280001
v 13.120276 15.920324 47.520029
v 13.280001 15.840000 47.759999
v 13.279994 16.080040 46.719999
v 13.280000 16.080000 47.360001
v 13.280000 16.080000 47.520000
v 13.200000 16.799999 50.239998
v 13.280000 16.719999 50.239999
v 13.200000 16.799999 50.559998
v 13.280000 16.719999 50.879997
v 13.120000 16.879999 51.199997
v 13.280000 16.719999 51.199997
v 13.200000 16.959999 50.079998
v 13.280001 17.039999 49.919998
v 13.200000 16.959999 50.399998
v 13.280000 16.879999 51.520000
v 13.280000 16.959999 51.599998
v 13.120000 17.279998 49.840000
v 13.279999 17.599999 49.680000
v 13.279998 17.760000 49.680000
v 13.280000 17.760000 51.599998
v 13.280000 17.920000 51.599998
v 13.440000 18.240001 51.439999
v 13.280000 18.160000 49.919998
v 13.120000 18.160000 50.079999
v 13.280000 18.240002 51.439999
v 13.280000 18.480000 51.039997
v 13.360000 14.719999 46.559998
v 13.440000 14.639999 46.559999
v 13.440000 14.639999 46.719997
v 13.360000 14.719999 47.039997
v 13.360000 14.719999 47.680000
v 13.360000 14.879999 46.399999
v 13.360000 14.880000 46.559998
v 13.360000 14.719999 47.520000
v 13.360000 14.880000 47.839999
v 13.360000 15.040000 46.399999
v 13.392963 15.200131 46.206908
v 13.360000 15.039999 47.839999
v 13.360000 15.360001 46.239998
v 13.360000 15.520000 46.079998
v 13.440000 15.519998 46.000000
v 13.439999 15.519999 47.919998
v 13.440000 15.679999 47.919998
v 13.360000 15.839999 46.079998
v 13.360000 15.839999 46.239998
v 13.279999 15.680001 47.759998
v 13.440000 15.839999 47.759998
v 13.440000 15.920000 46.079998
v 13.440000 15.920000 46.239998
v 13.360000 16.000000 46.399999
v 13.439945 15.953156 47.646834
v 13.440000 16.080000 46.399998
v 13.440000 16.240000 46.719998
v 13.440000 16.240000 47.039997
v 13.200000 16.000000 47.039997
v 13.440000 16.080000 47.520000
v 13.440000 16.240000 47.360001
v 13.440000 16.559999 50.399998
v 13.439999 16.719999 50.079999
v 13.280000 16.719999 50.399998
v 13.439999 16.719999 51.359999
v 13.439959 16.990885 49.809091
v 13.439998 16.879999 51.520000
v 13.600001 16.959998 51.599998
v 13.279999 17.119999 49.840000
v 13.440000 17.279997 49.520000
v 13.440000 17.279997 51.759998
v 13.439998 17.600000 49.520000
v 13.439999 17.600000 51.759998
v 13.439999 17.760001 49.680000
v 13.439999 17.760001 51.599998
v 13.280000 17.920001 49.840000
v 13.439999 18.160000 50.079999
v 13.280000 18.480000 51.199997
v 13.599999 14.639999 46.559999
v 13.599999 14.480000 47.520000
v 13.599999 14.480000 47.679999
v 13.599999 14.639999 46.399998
v 13.599999 14.639999 47.840000
v 13.559999 14.719999 47.879999
v 13.549098 14.879965 46.210873
v 13.552353 15.040053 46.207665
v 13.599998 15.199999 46.000000
v 13.599999 15.360000 48.079998
v 13.599998 15.360000 46.000000
v 13.599998 15.520000 48.079998
v 13.440000 15.839999 46.000000
v 13.599999 15.679999 47.919998
v 13.599998 15.839999 47.919998
v 13.599998 15.920000 46.079999
v 13.599999 16.080000 46.239998
v 13.440000 16.080000 46.559998
v 13.599999 16.080000 47.680000
v 13.599998 16.559999 50.239999
v 13.599999 16.559999 51.039997
v 13.440000 16.719999 51.039997
v 13.440000 16.719999 51.199997
v 13.599999 16.719999 50.079998
v 13.612121 16.869313 49.930686
v 13.599999 17.119999 49.680000
v 13.759998 17.119998 49.680000
v 13.599998 17.119998 51.759998
v 13.759999 17.279999 49.520000
v 13.759914 17.200004 49.599976
v 13.759991 17.818988 49.738991
v 13.280000 18.080000 49.840000
v 13.599999 18.240000 51.439999
v 13.440000 18.400000 50.320000
v 13.599999 18.320000 51.360001
v 13.759999 18.480000 50.399998
v 13.760000 18.480000 51.039998
v 13.759999 14.320000 46.719998
v 13.759999 14.320000 47.119999
v 13.680076 14.400046 47.520113
v 13.759999 14.320000 47.519999
v 13.759999 14.480000 46.399999
v 13.759999 14.480000 46.559998
v 13.919999 14.480000 47.839999
v 13.759999 14.480000 47.840000
v 13.679999 14.719999 46.239998
v 13.759902 14.670140 46.209775
v 13.759995 14.608012 47.968032
v 13.759999 14.879999 46.000000
v 13.679999 15.040000 46.079998
v 13.759999 15.040000 46.000000
v 13.759999 15.200000 46.000000
v 13.759999 15.520000 46.000000
v 13.920000 16.240000 47.360001
v 13.599999 16.559999 51.199997
v 13.679999 16.779999 50.020000
v 13.599999 16.719999 51.360000
v 13.919999 16.959998 51.599998
v 13.759999 17.704586 49.624585
v 13.759999 17.760000 51.599998
v 13.599999 18.160000 50.239998
v 13.599999 18.240000 50.320000
v 13.759936 18.188791 51.491138
v 13.759999 18.400000 50.320000
v 13.759999 18.320000 51.199997
v 13.759999 18.320000 51.360001
v 13.759999 18.480000 50.719997
v 13.679999 18.879999 49.599999
v 13.679999 18.879999 49.919999
v 13.679999 19.039999 50.079997
v 13.679999 19.039999 50.399998
v 13.840000 19.039998 50.559998
v 13.679999 19.200000 49.599999
v 13.679999 19.359999 49.759998
v 13.679999 19.359998 50.399999
v 13.840000 19.359999 49.599999
v 13.759999 19.439999 49.759998
v 13.759999 19.439999 49.919998
v 13.679999 20.160000 52.799999
v 13.679999 20.160000 53.279999
v 13.840000 20.159998 53.439999
v 13.679999 20.639999 53.279999
v 13.679999 20.799999 53.119999
v 13.759999 20.639999 53.360001
v 13.679999 20.799999 52.799997
v 13.759999 20.796196 53.203800
v 13.759999 20.879999 52.799999
v 13.759999 20.879999 53.119999
v 13.920001 14.480000 46.399998
v 13.920000 14.320000 47.680000
v 13.920000 14.559999 46.320000
v 13.920000 14.679999 46.199999
v 13.760001 14.719998 48.079998
v 13.790962 14.879998 46.000000
v 13.920000 15.040000 46.000000
v 13.920000 15.199999 45.840000
v 13.919999 15.519999 45.840000
v 14.000000 15.520000 48.079998
v 13.919999 15.680000 46.000000
v 13.920000 15.840000 47.919998
v 13.920000 16.080000 46.239998
v 13.920000 16.080000 47.680000
v 14.080000 16.240000 47.200001
v 13.920001 16.559999 50.239999
v 13.920000 16.719999 50.079998
v 13.840000 16.759999 51.400000
v 14.080022 16.816723 51.456709
v 13.920000 17.039999 49.759998
v 13.840000 17.279999 49.599998
v 13.920000 17.279999 49.680000
v 13.760000 17.600000 49.520000
v 13.920000 17.600000 51.759998
v 13.920001 17.600001 49.680000
v 13.920002 17.760000 49.840000
v 13.920000 17.760001 51.599998
v 13.760001 18.080000 51.599998
v 13.920000 18.080000 49.840000
v 13.920000 18.160000 50.239998
v 13.920000 18.240000 50.320000
v 13.919910 18.160991 51.359188
v 13.920000 18.320000 51.199997
v 13.920000 18.400000 51.119999
v 13.840000 18.559999 50.399998
v 13.920000 18.559999 50.320000
v 14.000000 18.560000 50.879998
v 13.920000 18.480000 50.879997
v 13.920000 18.480000 51.039997
v 13.840000 18.719999 49.440000
v 13.840000 18.719999 49.599999
v 13.840000 18.719999 49.919998
v 13.840000 18.719999 50.239998
v 13.840000 18.879999 50.399998
v 13.840000 18.559999 50.719998
v 13.840000 18.879998 49.280000
v 13.840000 18.879999 50.079998
v 13.840000 19.039999 49.279999
v 13.840000 18.879999 49.439999
v 13.840000 19.199999 49.280000
v 13.840000 19.199999 49.439999
v 13.840000 19.520000 50.719998
v 13.840000 19.359999 49.439999
v 13.840000 19.359998 50.559999
v 13.920000 19.439999 49.599999
v 13.920000 19.600000 49.919999
v 13.920000 19.600000 50.079998
v 13.840000 19.520000 50.399996
v 13.920000 19.600000 50.559998
v 13.920000 19.600000 50.719997
v 13.920001 19.920000 52.799998
v 13.920000 19.920000 52.959999
v 13.840000 20.000000 53.279999
v 13.840000 20.000000 53.439999
v 13.920000 20.160001 52.559998
v 13.760000 20.319999 53.360001
v 13.920000 20.320000 53.520000
v 13.920001 20.479999 53.360001
v 13.920000 20.879999 52.639999
v 14.080000 14.520000 46.359999
v 14.240001 14.719999 48.079998
v 14.239993 15.119959 45.920018
v 14.240000 15.520001 45.840000
v 14.079999 15.680001 47.919998
v 14.079997 15.954954 46.114981
v 14.000000 16.000000 47.360001
v 14.080000 15.920000 47.360001
v 14.000000 16.000000 47.520000
v 14.080000 15.920000 47.680000
v 14.080000 16.080000 46.239998
v 14.000000 16.160000 47.360001
v 14.080000 16.160000 47.279999
v 14.080000 16.559999 51.199997
v 14.080000 16.639998 51.279999
v 14.080000 16.799999 50.000000
v 14.080000 16.719999 50.079998
v 14.080000 16.719999 50.239999
v 13.920000 16.799999 50.000000
v 14.080000 16.959999 50.000000
v 14.080000 16.879999 51.520000
v 14.080001 16.959999 51.599998
v 14.000000 17.119999 46.239999
v 14.160000 16.959999 46.239997
v 14.000000 17.119999 46.879998
v 14.080000 17.119999 49.680000
v 14.080000 17.039999 49.759998
v 14.080000 17.039999 49.919998
v 14.000000 17.440000 46.239999
v 14.000000 17.440001 46.399997
v 14.080000 17.119998 51.599998
v 14.000000 17.600000 46.879997
v 14.080000 17.600000 49.680000
v 14.080000 17.680000 46.559999
v 14.000000 17.600000 46.559998
v 14.000000 17.600001 46.879999
v 14.080001 17.600000 51.599998
v 14.080000 17.680000 46.879997
v 14.080000 17.760001 49.840000
v 13.759999 17.920000 49.840000
v 13.920001 18.080000 51.439999
v 14.080000 17.760002 51.599998
v 14.000000 18.240000 49.919998
v 14.080000 18.240000 49.840000
v 14.080000 18.239999 51.279999
v 14.000000 18.400000 49.440000
v 14.000000 18.400000 49.759998
v 14.000000 18.240000 50.239998
v 14.080001 18.400000 51.119999
v 14.080000 18.480000 49.279999
v 14.000000 18.559999 49.439999
v 14.000000 18.559999 50.239998
v 14.000000 18.720001 49.119997
v 14.080000 18.559999 51.119999
v 14.000000 18.880001 49.119997
v 14.000000 18.559999 51.039997
v 14.000000 19.039999 51.039997
v 14.076165 19.199959 49.043881
v 14.000000 19.279999 50.879997
v 14.080000 19.199999 51.119999
v 14.080000 19.279999 49.119999
v 14.080001 19.439999 49.279999
v 14.000000 19.359999 51.039997
v 13.919999 19.439999 49.759999
v 14.000000 19.520000 50.879999
v 14.079999 19.359997 51.119999
v 14.080000 19.600000 49.759998
v 14.053371 19.599966 49.946674
v 14.080000 19.760000 50.079999
v 14.079999 19.600000 50.719998
v 14.080000 19.760000 50.559999
v 14.080000 19.760000 52.959999
v 14.080000 19.760000 53.439999
v 14.080000 19.840000 53.520000
v 14.079999 19.920000 52.799999
v 13.920000 20.000000 53.520000
v 13.920002 20.799999 52.559998
v 14.160000 20.879999 53.119999
v 14.080000 14.320000 46.559998
v 14.400009 14.609583 46.270388
v 14.240000 14.719998 46.160000
v 14.240000 15.040000 46.000000
v 14.240000 15.200000 45.840000
v 14.400000 15.360000 48.079998
v 14.240000 15.520000 48.079998
v 14.240000 15.679999 46.000000
v 14.240000 15.680000 47.919998
v 14.080000 15.840001 46.000000
v 14.240000 15.759999 47.680000
v 14.239999 15.920000 47.519999
v 14.079999 15.759999 47.840000
v 14.240000 15.840000 46.160000
v 14.080000 16.000000 47.279999
v 14.240000 16.080000 46.399998
v 14.240000 16.160000 47.279999
v 14.240000 16.240000 46.719999
v 14.240000 16.240000 47.200001
v 14.240000 16.559999 51.199997
v 14.240000 16.639999 51.279999
v 14.160000 16.799999 46.239999
v 14.160000 16.799999 47.119999
v 14.160000 16.799999 47.680000
v 14.160000 16.799999 50.079998
v 14.160000 16.799999 50.239999
v 14.301092 16.959990 45.778932
v 14.160000 16.959999 46.079998
v 14.160000 16.959999 46.879997
v 14.160005 17.300273 47.499689
v 14.160000 16.959999 50.079998
v 14.240000 16.799998 51.279999
v 14.160000 16.959999 45.919998
v 14.160000 17.119999 47.039997
v 14.160000 17.119999 47.520000
v 14.240000 17.119999 47.759998
v 14.160000 17.199999 50.239998
v 14.240000 17.119999 51.599998
v 14.160000 17.279999 45.919999
v 14.160000 17.119999 46.079998
v 14.160000 17.119999 47.680000
v 14.160000 17.119999 49.919998
v 14.160000 17.440000 46.079998
v 14.431537 17.680029 47.391643
v 14.160000 17.600000 49.759998
v 14.160000 17.119999 49.759998
v 14.240000 17.440001 50.320000
v 14.240000 17.440001 51.599998
v 14.149044 17.589030 46.239992
v 14.160000 17.600000 47.039997
v 14.160000 17.600000 47.200001
v 14.159980 17.439977 47.360080
v 14.160000 17.600000 50.239998
v 14.240000 17.600000 50.320000
v 14.320000 17.600002 51.359999
v 14.240000 17.680000 46.239998
v 14.240000 17.680000 46.399998
v 14.240000 17.680000 47.200000
v 14.240000 17.680000 49.919998
v 14.240001 17.760000 51.439999
v 14.240000 17.760000 49.840000
v 14.240000 17.920000 51.439999
v 14.240000 18.080000 49.840000
v 14.160000 18.240000 49.439999
v 14.210846 18.189087 49.439889
v 14.240000 18.080001 51.439999
v 14.240000 18.240000 51.279999
v 14.160000 18.400000 49.279999
v 14.320065 18.335902 49.183866
v 14.240000 18.400000 51.279999
v 13.999790 18.637938 49.202225
v 14.240000 18.520000 49.079998
v 14.199854 18.720178 48.920155
v 14.160000 18.559999 51.199997
v 14.160000 18.719999 51.360001
v 14.239999 18.719998 51.439999
v 14.240001 19.040000 48.879997
v 14.160000 19.039999 51.360001
v 14.240001 19.199999 48.879998
v 14.160000 19.199998 51.199998
v 14.240000 19.040001 51.439999
v 14.240001 19.439999 49.119997
v 14.239999 19.359997 51.119999
v 14.176172 19.600047 49.823802
v 14.340326 19.760011 49.819642
v 14.399999 19.760000 52.959998
v 14.240000 19.760000 53.439999
v 14.160000 19.980000 52.739998
v 14.400000 19.840000 53.520000
v 14.160000 20.160000 52.559998
v 14.400000 20.319999 53.520000
v 14.240000 20.639999 53.360001
v 14.400000 20.879999 52.639999
v 14.400000 14.400000 46.480000
v 14.400000 14.320000 46.559998
v 13.920000 14.320000 46.559998
v 14.560013 14.319998 47.519997
v 14.400000 14.320000 47.680000
v 14.400019 14.521886 46.358169
v 14.399999 14.480000 47.840000
v 14.239999 14.559999 47.919998
v 14.400001 14.719999 46.160000
v 14.240001 14.880000 46.000000
v 14.400000 14.880000 46.160000
v 14.559999 15.040000 48.079998
v 14.400000 15.039999 46.000000
v 14.320000 15.200000 45.919998
v 14.400000 15.200000 46.000000
v 14.320000 15.360000 45.919998
v 14.320000 15.520000 45.919998
v 14.320000 15.520000 46.079999
v 14.400000 15.520001 47.919998
v 14.320000 15.679999 46.079998
v 14.400000 15.679999 46.160000
v 14.320000 15.679999 46.719999
v 14.400000 15.599999 46.879997
v 14.400000 15.599999 47.039997
v 14.559999 15.679999 47.919998
v 14.400000 15.839999 46.160000
v 14.320000 16.000000 46.719997
v 14.400000 15.839999 46.639999
v 14.320000 15.679999 47.039997
v 14.400000 15.839999 47.599998
v 14.400000 16.000001 46.319999
v 14.400000 16.000000 46.639999
v 14.320000 16.000000 47.039997
v 14.400000 15.920000 47.360001
v 14.400000 15.920000 47.520000
v 14.400000 16.080000 46.399998
v 14.320000 16.160001 46.559999
v 14.400000 16.080000 46.719997
v 14.400000 16.000000 47.279999
v 14.320000 16.320000 46.719997
v 14.320000 16.320000 47.200001
v 14.400000 16.320000 47.279999
v 14.320000 16.480000 46.559999
v 14.320000 16.480000 47.360002
v 14.320000 16.480000 47.840000
v 14.400000 16.480000 47.919998
v 14.320000 16.639999 46.079999
v 14.320000 16.639999 46.239998
v 14.320000 16.639999 46.399998
v 14.320000 16.639999 47.680000
v 14.320000 16.639999 50.559999
v 14.320000 16.639999 50.719997
v 14.320000 16.639999 51.039996
v 14.320000 16.639999 51.199997
v 14.320000 16.799999 45.919999
v 14.320000 16.799999 46.079998
v 14.320000 16.799999 47.840000
v 14.320000 16.799999 50.399998
v 14.320000 16.800001 50.559998
v 14.353020 16.959927 45.726961
v 14.400000 16.959999 47.919998
v 14.320000 16.800000 51.199998
v 14.239999 16.960000 47.759998
v 14.560000 17.280000 47.759998
v 14.320000 17.119999 50.559999
v 14.320000 17.120000 51.199998
v 14.319995 16.960029 51.359977
v 14.430866 17.279987 45.649180
v 14.399999 17.279999 47.759998
v 14.320000 17.440001 50.399998
v 14.320000 17.279999 50.719996
v 14.320000 17.279999 51.039997
v 14.320000 17.119999 51.520000
v 14.400000 17.359999 45.759998
v 14.360000 17.440001 45.879999
v 14.400000 17.440001 47.599998
v 14.320000 17.279999 50.879997
v 14.320000 17.440001 51.520000
v 14.400000 17.520000 45.919998
v 14.399995 17.679977 46.079867
v 14.360000 17.480000 47.520000
v 14.400000 17.600000 50.320000
v 14.399999 17.520000 50.399998
v 14.320000 17.600000 50.559998
v 14.320000 17.600000 51.039997
v 14.373349 17.680014 46.266601
v 14.400000 17.840000 46.399998
v 14.560000 17.680000 49.599999
v 14.240000 17.680000 50.239998
v 14.400000 17.680000 50.559998
v 14.319996 17.759971 51.199993
v 14.320000 17.920000 49.440000
v 14.320000 17.920000 49.599998
v 14.320000 17.760000 49.759998
v 14.400004 17.840141 51.200140
v 14.320000 17.920000 51.360001
v 14.319969 18.106534 49.253427
v 14.320000 18.080000 49.759998
v 14.400000 18.079999 51.439999
v 14.320000 18.240000 48.959999
v 14.480000 18.080000 48.959998
v 14.320000 18.240000 49.119999
v 14.320000 18.080000 49.439999
v 14.320000 18.240000 51.360001
v 14.320000 18.400000 48.799999
v 14.400000 18.400001 48.719997
v 14.320000 18.559999 51.360001
v 14.399999 18.239999 51.439999
v 14.320000 18.400000 51.520000
v 14.400000 18.400000 51.599998
v 14.320000 18.719999 48.799999
v 14.320000 18.719999 51.520000
v 14.399999 18.879999 51.439999
v 14.400000 19.039999 48.719998
v 14.640000 19.039999 51.439999
v 14.399999 19.199998 48.879997
v 14.400000 19.439999 49.119999
v 14.239999 19.439999 49.279999
v 14.240000 19.600000 49.439999
v 14.080000 19.600000 50.879997
v 14.400000 19.760000 50.159998
v 14.400000 19.840000 52.879997
v 14.400000 19.760000 53.439999
v 14.400000 20.160000 53.520000
v 14.400000 20.350598 52.559998
v 14.399999 20.800000 52.559998
v 14.400000 20.799999 53.199997
v 14.400000 20.879999 52.799999
v 14.400000 20.879999 53.119999
v 14.320000 21.439999 52.799998
v 14.319990 21.600014 52.639947
v 14.320000 21.640000 53.079999
v 14.320000 21.600001 53.279999
v 14.480000 21.599999 53.440000
v 14.320000 21.760000 52.479999
v 14.320000 21.800000 52.919999
v 14.320000 21.760001 53.280000
v 14.320000 22.211119 53.439999
v 14.320000 21.920001 53.440000
v 14.320000 22.079999 52.479999
v 14.320000 22.160000 52.879999
v 14.320000 22.400000 53.439999
v 14.320007 22.239978 52.639975
v 14.480000 22.240000 52.480000
v 14.320000 22.400000 52.799998
v 14.320000 22.400000 53.199999
v 14.400000 22.480000 52.799999
v 14.559999 14.480000 46.559998
v 14.560006 14.320014 46.720043
v 14.560001 14.559999 46.480000
v 14.559999 14.480000 47.840000
v 14.559999 14.559999 47.919998
v 14.588938 14.719984 46.348933
v 14.480000 14.879999 46.239999
v 14.559999 14.880000 47.919998
v 14.480000 15.040000 46.079998
v 14.639999 15.040000 48.000000
v 14.559999 15.360000 48.079998
v 14.480000 15.360000 46.080000
v 14.480000 15.200000 46.239999
v 14.480000 15.520000 46.239998
v 14.480000 15.520000 46.559997
v 14.480000 15.520000 46.719997
v 14.559999 15.440000 46.719997
v 14.560000 15.439999 46.879999
v 14.560000 15.520001 47.919998
v 14.480000 15.679999 46.559998
v 14.559999 15.599999 47.039997
v 14.400000 15.679999 47.119999
v 14.480000 15.839999 46.239998
v 14.480000 15.839999 46.559998
v 14.559999 15.759999 47.680000
v 14.559999 15.839999 47.599998
v 14.559999 15.759999 47.840000
v 14.559999 15.920000 46.399998
v 14.559999 15.920000 46.559998
v 14.559999 16.000000 46.639999
v 14.400000 16.000000 47.119999
v 14.480000 16.000000 47.360001
v 14.480000 16.000000 47.520000
v 14.559999 16.000000 47.599998
v 14.559999 16.160000 46.320000
v 14.719999 16.080000 46.719997
v 14.400000 16.080000 47.039997
v 14.480000 16.159999 47.519999
v 14.480000 16.320001 46.399998
v 14.480000 16.320000 47.360001
v 14.480000 16.320000 47.680001
v 14.639999 16.160000 47.840000
v 14.639999 16.320000 46.079998
v 14.480000 16.480000 46.239998
v 14.480000 16.480000 46.399998
v 14.480000 16.639999 45.760000
v 14.639999 16.480000 45.759998
v 14.480000 16.639999 45.919998
v 14.559999 16.320001 47.919998
v 14.480000 16.799999 45.759999
v 14.559999 16.799999 47.919998
v 14.480000 16.799999 51.039997
v 14.519749 16.960136 45.560285
v 14.479999 17.119999 50.719998
v 14.480000 16.799999 50.719997
v 14.520000 17.119999 45.559999
v 14.559999 17.119999 47.919998
v 14.480000 17.119999 51.039997
v 14.559999 17.359999 45.599999
v 14.559999 17.440001 47.599998
v 14.560058 17.587140 45.827098
v 14.559998 17.600000 47.599998
v 14.559999 17.680000 50.239999
v 14.559999 17.520000 50.399999
v 14.559999 17.680000 45.919998
v 14.559998 17.680000 46.080000
v 14.559999 17.840000 47.200000
v 14.559999 17.680000 47.360001
v 14.559999 17.680000 47.520000
v 14.559999 17.680000 49.439999
v 14.400000 17.680000 51.039998
v 14.719934 17.792032 51.151960
v 14.559999 17.840000 46.239998
v 14.559999 17.840000 46.399997
v 14.559999 17.840000 46.879999
v 14.480000 17.920000 49.119999
v 14.559999 17.840000 49.119998
v 14.559999 17.840000 49.280000
v 14.480000 17.920000 49.279999
v 14.480000 18.080000 49.119998
v 14.559999 18.080000 51.439999
v 14.559999 18.240001 48.719997
v 14.559998 18.240000 51.439999
v 14.560000 18.399998 51.599998
v 14.400000 18.719999 51.599998
v 14.559999 19.119999 48.799999
v 14.559999 19.199999 48.879997
v 14.559999 19.359997 48.879997
v 14.768961 19.324435 51.155562
v 14.559999 19.600000 49.119999
v 14.533414 19.600040 49.306540
v 14.400000 19.600000 49.439998
v 14.400000 19.600000 49.599999
v 14.559999 19.600000 50.719997
v 14.559999 19.760000 49.439999
v 14.559999 19.760000 49.599999
v 14.400000 19.760000 49.919999
v 14.559999 19.920000 49.919998
v 14.400000 19.760000 50.399998
v 14.559999 19.760000 50.559999
v 14.480000 19.840000 53.279998
v 14.480000 19.840000 53.439999
v 14.399980 19.970165 52.749746
v 14.399711 19.900637 52.819360
v 14.639999 20.000000 52.959999
v 14.480000 20.000000 53.440000
v 14.399999 20.160001 52.559998
v 14.639999 20.160000 52.799998
v 14.520000 20.160000 53.400000
v 14.521215 20.320059 53.398744
v 14.559999 20.639999 52.719997
v 14.559999 20.480000 53.199997
v 14.559999 20.639999 53.199997
v 14.480000 20.799999 52.639999
v 14.480000 20.959999 53.119999
v 14.559999 20.959999 53.199997
v 14.480000 20.959999 52.799999
v 14.479999 21.279999 52.799998
v 14.480000 21.119999 53.119999
v 14.480000 21.279999 53.119999
v 14.559999 21.119999 53.199997
v 14.479989 21.306712 53.306656
v 14.480000 21.439999 52.479998
v 14.480000 21.439999 52.639999
v 14.480012 21.446642 53.446656
v 14.480000 21.600001 52.159998
v 14.639999 21.439999 52.319999
v 14.480000 21.600000 52.320000
v 14.480000 21.600002 53.599999
v 14.480000 21.760001 52.319999
v 14.480000 21.760000 53.439999
v 14.639999 22.154465 53.759998
v 14.480000 22.079999 52.159998
v 14.480000 21.920001 53.599999
v 14.525140 22.285102 52.320018
v 14.482720 22.399979 53.602715
v 14.639999 22.399999 53.760000
v 14.559999 22.480000 52.959999
v 14.400000 22.480000 53.439999
v 14.719999 14.320000 46.879997
v 14.559999 14.480000 47.680000
v 14.719999 14.320000 47.359999
v 14.719999 14.559999 46.480000
v 14.719999 14.480000 46.559998
v 14.719999 14.480000 46.719997
v 14.639999 14.559999 47.680001
v 14.639999 14.559999 47.840000
v 14.720000 14.719999 46.480000
v 14.639999 14.719999 47.839999
v 14.639999 14.879999 47.839999
v 14.684900 15.315152 46.560025
v 14.639999 15.280000 47.840000
v 14.639999 15.360000 48.000000
v 14.719999 15.440000 46.879997
v 14.719999 15.520000 46.959999
v 14.639999 15.520000 47.840000
v 14.719999 15.520000 47.759998
v 14.639999 15.679999 47.840000
v 14.719999 15.679999 47.759998
v 14.639999 15.839999 47.680000
v 14.639999 15.759999 47.759998
v 14.719999 15.759999 47.840000
v 14.639999 15.839999 47.840000
v 14.559999 16.000000 46.320000
v 14.880000 15.920000 46.079999
v 14.719999 15.920000 46.559999
v 14.719999 16.000000 47.119999
v 14.639999 16.160000 47.680000
v 14.719999 15.839999 47.919998
v 14.639999 16.000000 48.000000
v 14.719999 16.000000 48.079998
v 14.639999 16.160001 46.239998
v 14.719999 16.080000 47.039997
v 14.719998 16.160000 48.079998
v 14.639999 16.320000 45.920000
v 14.639999 16.320000 46.239998
v 14.639999 16.319999 47.999999
v 14.639999 16.480000 45.599998
v 14.639999 16.480000 45.919998
v 14.639999 16.640001 45.439999
v 14.719999 16.639998 45.360001
v 14.639999 16.639999 45.599998
v 14.719999 16.799999 48.079998
v 14.719999 16.999999 45.360001
v 14.639999 16.799999 45.599998
v 14.639999 16.959999 45.439999
v 14.641914 16.799991 48.001878
v 14.719999 17.359999 45.439999
v 14.720000 17.440001 47.759998
v 14.719999 17.560000 45.799999
v 14.719999 17.520000 49.599998
v 14.719999 17.520000 49.759999
v 14.719999 17.520000 50.239997
v 14.719999 17.520001 50.399999
v 14.719998 17.680000 47.359999
v 14.719999 17.680000 49.439999
v 14.719999 17.680000 51.039997
v 14.719999 17.840000 46.239999
v 14.719999 18.000000 46.399998
v 14.719999 17.840000 47.200001
v 14.720000 17.920000 48.879997
v 14.719999 17.840000 48.959999
v 14.879998 17.840000 48.959999
v 14.719979 17.997848 51.357834
v 14.719999 18.000000 46.879997
v 14.560000 18.080000 48.879997
v 14.880004 18.160041 48.799982
v 14.880000 18.240000 48.719997
v 14.960000 18.280000 51.599998
v 14.559999 19.039999 48.719997
v 14.719999 19.359998 48.879997
v 14.719998 19.519999 50.959999
v 14.719998 19.600000 49.120000
v 14.719999 19.680000 50.799999
v 14.719999 19.760000 49.279999
v 14.559999 19.760000 49.759998
v 14.559999 19.920000 50.399997
v 14.879999 19.920000 50.719997
v 14.719999 19.920000 49.599998
v 14.719999 19.920000 49.759998
v 14.639999 20.320000 53.279999
v 14.639999 20.480000 53.119999
v 14.639999 20.639999 52.799999
v 14.639999 20.639999 53.119999
v 14.719999 20.799999 52.719997
v 14.719999 20.719999 52.799999
v 14.719999 20.719999 53.119999
v 14.719999 20.799999 53.199997
v 14.560000 20.959999 52.719998
v 14.719999 20.879999 52.639999
v 14.639999 21.119998 52.639999
v 14.639999 21.119999 53.439999
v 14.639999 21.279999 52.319998
v 14.639999 21.279999 52.480000
v 14.639999 21.279999 52.639999
v 14.639999 21.119999 53.279999
v 14.727474 21.312524 53.719999
v 14.639999 21.439999 51.999999
v 14.799999 21.279999 52.160000
v 14.639999 21.439999 52.160000
v 14.639999 21.600000 53.759998
v 14.639999 21.599999 53.919998
v 14.639999 21.600000 51.999999
v 14.799999 21.600000 54.079999
v 14.639999 21.760000 51.840000
v 14.719999 21.760001 51.759998
v 14.639999 21.840000 52.000000
v 14.639999 22.000000 53.919998
v 14.639999 22.080000 51.840000
v 14.639999 22.080000 52.000000
v 14.759999 22.080000 54.039999
v 14.719999 22.160000 51.840000
v 14.719999 22.160000 51.999999
v 14.734283 22.240041 54.014367
v 14.654031 22.414415 52.320295
v 14.767522 22.479931 53.807504
v 14.639999 22.240000 53.919998
v 14.719999 22.480000 52.320000
v 14.719999 22.480000 52.480000
v 14.720019 22.480005 52.800016
v 14.719999 22.639999 52.959998
v 14.559999 22.480000 53.440000
v 14.799999 14.400000 47.360001
v 14.799999 14.400000 46.879998
v 14.799999 14.559999 46.559998
v 14.799999 14.559999 46.719997
v 14.799999 14.720000 47.680000
v 14.799999 14.945868 46.559997
v 14.799999 15.200000 46.559999
v 14.799999 15.200000 46.719997
v 14.799999 15.360000 46.879999
v 14.799999 15.360000 47.520000
v 14.799999 15.520000 47.680000
v 14.880000 15.440000 47.039997
v 14.880000 15.520000 46.959999
v 14.880000 15.440000 47.520000
v 14.880011 15.520001 47.599995
v 14.719998 15.680001 47.119999
v 14.880000 15.679999 46.959999
v 14.880001 15.679999 47.759998
v 14.799999 15.839999 47.039997
v 14.880001 15.759999 47.840000
v 14.799999 16.000000 46.079998
v 14.799999 16.000000 46.879997
v 14.799999 16.000000 47.039997
v 14.880001 15.999999 48.079998
v 14.799999 16.160000 45.760000
v 14.799999 16.160000 45.919998
v 14.799999 16.160000 46.079998
v 14.799999 16.320000 45.599999
v 14.799999 16.320000 45.759998
v 14.879999 16.160000 48.239998
v 14.820567 16.539635 45.359634
v 14.719998 16.480000 48.079998
v 14.880000 16.480000 48.239998
v 14.880001 16.640001 48.079998
v 14.879998 16.959999 48.079998
v 14.719998 17.279999 45.360001
v 14.880001 17.120000 47.919998
v 14.880000 17.279999 47.759998
v 14.880000 17.359999 49.760000
v 14.880000 17.359999 50.399999
v 14.880000 17.680000 45.919998
v 14.720000 17.600001 47.599998
v 14.719999 17.680000 49.279999
v 14.880000 17.520000 49.280000
v 14.880000 17.520000 49.439997
v 14.926946 17.473054 50.704887
v 14.719999 17.680000 50.559997
v 14.833181 17.566817 51.039983
v 14.719998 17.680000 46.079999
v 14.880002 17.680000 47.520000
v 14.880030 17.750893 49.049168
v 14.880000 17.680000 51.199997
v 14.879999 17.840000 46.080000
v 14.879999 17.840000 46.239999
v 14.788245 17.839980 47.108381
v 14.719982 17.898702 51.258703
v 14.880000 17.920000 51.439999
v 14.880000 18.000000 46.399998
v 14.880000 18.080000 48.879997
v 14.720000 18.079998 51.439999
v 14.879999 18.560000 48.719997
v 14.720000 19.199998 48.719997
v 14.800000 19.119999 51.360001
v 14.880000 19.520000 50.959999
v 14.880000 19.519999 49.039997
v 14.719999 19.600000 50.879997
v 14.880000 19.680000 50.959999
v 14.880000 19.760000 49.279999
v 14.875611 19.919984 49.444446
v 14.879949 19.798692 50.841294
v 14.880000 19.920000 49.599999
v 14.880000 20.879999 52.639998
v 14.880000 20.719999 52.799999
v 14.880000 20.719999 53.119999
v 14.880000 20.799999 53.199997
v 14.799999 20.959999 52.159999
v 14.799999 20.959999 52.479999
v 14.830370 20.929852 53.280366
v 14.799999 20.959999 53.439999
v 14.799999 20.959999 53.599999
v 14.799835 21.173350 51.946672
v 14.880000 21.039999 52.000000
v 14.799999 21.119999 52.320000
v 14.799999 21.119999 52.480000
v 14.880000 21.039999 53.759998
v 14.890065 21.130720 53.860784
v 14.799999 21.279999 51.840000
v 14.880000 21.280000 51.759998
v 14.799999 21.279999 52.000000
v 14.799989 21.179526 53.659512
v 14.880000 21.199999 53.919998
v 14.799993 21.304626 53.944653
v 14.799999 21.439999 51.840000
v 14.799999 21.439999 53.919998
v 14.799999 21.440000 54.079999
v 14.880001 21.600000 51.759998
v 14.880000 21.760000 51.759998
v 14.880001 21.920001 54.160000
v 14.880000 22.160000 51.840000
v 14.880000 22.240000 54.160000
v 14.880060 22.338154 52.018189
v 14.799999 22.400000 52.160000
v 14.880057 22.358805 54.041135
v 14.880000 22.480000 52.160000
v 14.839074 22.480027 52.680958
v 14.799999 22.559999 52.799999
v 14.748044 22.479996 53.628058
v 14.879998 22.480000 53.759998
v 14.880003 22.640046 52.800069
v 14.880000 22.639999 53.599998
v 15.039999 15.519999 46.799999
v 15.040000 15.440000 46.879997
v 14.960000 15.679999 46.879997
v 15.040000 15.679999 46.799999
v 15.040001 15.599999 47.680000
v 14.960000 15.839999 45.919999
v 14.960000 15.839999 46.079998
v 14.960000 15.839999 46.719997
v 14.960000 15.840000 46.879999
v 15.040000 15.759999 47.840000
v 15.040000 15.759999 48.000000
v 14.960000 16.000000 45.759999
v 14.960000 16.000000 45.919998
v 15.102092 15.937490 48.239778
v 15.000000 16.160000 45.559999
v 15.040000 16.480000 48.239998
v 14.959686 16.399862 45.359518
v 15.040000 16.240000 45.439999
v 15.040000 16.519999 45.360001
v 15.039999 16.640000 48.079998
v 15.200000 16.959999 48.079998
v 15.040000 17.279999 47.919998
v 15.040000 17.359999 45.599999
v 15.040000 17.440001 47.759998
v 14.975924 17.519815 49.504416
v 15.200000 17.359999 49.439999
v 15.040000 17.359999 50.079998
v 15.040001 17.359999 50.559997
v 15.040000 17.359999 50.879998
v 15.040000 17.359999 51.039997
v 15.040000 17.520000 47.680000
v 15.040000 17.520000 49.279999
v 15.040000 17.520000 51.199998
v 15.039999 17.680000 47.519999
v 14.879999 17.840000 47.359999
v 15.040000 17.680000 49.119999
v 14.980000 17.660000 51.279999
v 15.040000 17.840000 46.079999
v 15.040001 17.840000 47.360000
v 15.000000 17.860000 51.500000
v 14.936279 18.022405 51.599765
v 15.040000 18.000000 46.239998
v 15.040000 18.000000 46.559998
v 15.040001 18.000000 47.200001
v 15.039998 18.239999 48.879997
v 15.040000 18.559999 48.879997
v 15.679998 19.039998 51.439999
v 15.040000 19.199999 48.719997
v 15.040000 19.199999 51.279999
v 15.040000 19.359998 48.879997
v 15.039999 19.359998 51.119999
v 15.040000 19.519999 50.959999
v 15.039967 19.680079 49.040031
v 15.040000 19.920000 49.280000
v 15.040000 19.800000 50.839998
v 15.040000 19.920000 49.439999
v 15.040000 20.080000 49.599998
v 15.040000 20.080000 49.919998
v 15.040000 20.080000 50.239999
v 14.960108 20.799536 52.160615
v 15.080634 20.679774 52.159544
v 15.000000 20.759999 52.320000
v 14.880000 20.879999 52.480000
v 15.040000 20.719999 53.279999
v 14.960000 20.799999 53.599998
v 14.960000 20.799999 53.759999
v 15.040001 20.959999 51.919998
v 15.039999 21.120001 51.759998
v 14.960000 20.960000 53.760000
v 15.040000 21.159999 54.039999
v 14.880001 21.439999 51.759998
v 15.040001 21.760000 51.599999
v 15.040001 21.919999 54.320000
v 14.719999 22.080000 51.759998
v 15.039999 22.079998 54.160000
v 15.200000 22.079999 51.759998
v 15.199999 22.240000 54.160000
v 15.040000 22.360000 52.039999
v 15.013333 22.480012 52.506695
v 14.880000 22.480000 53.919998
v 15.013387 22.640012 52.666675
v 15.200000 15.520000 46.799999
v 15.200000 15.440000 46.879997
v 15.200000 15.440000 47.520000
v 15.200000 15.599999 47.679999
v 15.200000 15.599999 46.239998
v 15.200000 15.599999 47.840000
v 15.200000 15.599999 47.999999
v 15.159801 15.920368 45.639830
v 15.120000 15.839999 48.160000
v 15.200000 15.960000 45.559999
v 15.360000 16.000000 48.239998
v 15.120112 16.240450 45.359135
v 15.200000 16.080000 45.439999
v 15.359999 16.320001 48.239998
v 15.359999 16.799999 48.239998
v 15.200000 16.799999 48.079998
v 15.519999 16.960001 45.360001
v 15.199963 17.040033 48.000003
v 15.199999 17.119999 47.919998
v 15.200000 17.279999 45.360001
v 15.200000 17.279999 47.919998
v 15.200000 17.199999 50.079999
v 15.200000 17.199999 50.239998
v 15.119483 17.280516 50.400474
v 15.120000 17.279999 50.719997
v 15.176606 17.223445 50.880011
v 15.199999 17.440001 47.759998
v 15.200000 17.359999 49.599998
v 15.200000 17.359999 49.919998
v 15.200000 17.359999 51.039998
v 15.200016 17.569230 45.649248
v 15.040045 17.562257 45.802211
v 15.200000 17.600000 47.759998
v 15.200001 17.520000 49.280000
v 15.200000 17.520000 51.199997
v 15.200000 17.520000 51.360001
v 15.200000 17.599999 51.439999
v 15.199975 17.746924 45.826967
v 15.199999 17.680000 47.519999
v 15.200000 17.680000 47.680000
v 15.040000 17.760000 49.039997
v 15.199999 17.760000 51.599998
v 15.200000 17.840000 45.919998
v 15.200053 17.884019 47.315990
v 15.039999 17.920001 48.879997
v 15.360000 18.080000 49.039997
v 15.200000 18.160000 46.559998
v 15.200000 18.160000 47.039997
v 15.200000 18.000000 47.200001
v 15.360000 18.080000 51.599998
v 15.199998 18.719999 48.879997
v 15.039999 18.719998 48.719997
v 15.120001 19.199983 48.800006
v 15.200001 19.199998 48.879997
v 15.200001 19.200000 51.279999
v 15.199998 19.359996 48.879997
v 15.200000 19.359998 51.119999
v 15.199999 19.519999 51.119999
v 15.200000 19.520000 49.039997
v 15.200000 19.680000 50.959999
v 15.120000 19.840000 49.119999
v 15.199999 19.839999 50.799999
v 15.200000 20.000000 49.200001
v 15.040000 20.080000 50.399998
v 15.199999 19.920000 50.719997
v 15.120064 20.000141 49.280116
v 15.200000 20.080000 49.439999
v 15.200000 20.080000 49.759998
v 15.200000 20.240000 49.920000
v 15.200000 20.240000 50.239998
v 15.120000 20.480000 53.119997
v 15.200000 20.400000 53.279999
v 15.200000 20.400000 53.439999
v 15.120000 20.480000 53.440000
v 15.200000 20.560000 52.159999
v 15.200000 20.559999 52.479999
v 15.040000 20.719999 52.640000
v 15.120000 20.639999 52.959999
v 15.120000 20.639999 53.599998
v 15.120000 20.799999 52.000000
v 15.200000 20.800000 51.919998
v 15.200001 20.799999 54.000000
v 15.200001 20.959999 54.000000
v 15.040000 21.279999 51.759998
v 15.040000 21.440000 51.599998
v 15.040000 21.439999 54.320000
v 15.040000 21.920000 51.759998
v 15.280000 21.920000 54.320000
v 15.200000 22.080000 54.160000
v 15.199990 22.289364 51.969404
v 15.200000 22.480000 52.159999
v 15.200000 22.480000 52.319999
v 15.199999 22.480000 53.919999
v 15.173318 22.639995 52.506769
v 15.200000 22.639999 53.119999
v 15.280000 15.360000 46.719999
v 15.280000 15.360000 46.879997
v 15.280000 15.360000 47.520000
v 15.360000 15.280000 47.680000
v 15.280000 15.360000 47.679999
v 15.360000 15.440000 46.239998
v 15.360000 15.440000 46.559998
v 15.280000 15.520000 46.559998
v 15.280000 15.520000 46.719997
v 15.280000 15.520000 47.680000
v 15.280000 15.520000 47.840000
v 15.280000 15.679999 45.759998
v 15.360000 15.599999 45.759999
v 15.360000 15.599999 45.919998
v 15.360000 15.599999 46.079998
v 15.360000 15.599999 48.160000
v 15.359998 15.679999 48.239998
v 15.360012 15.773073 45.587092
v 15.520000 15.839999 48.239998
v 15.360000 15.999999 45.360001
v 15.360000 16.960001 48.079998
v 15.360000 17.119999 48.079998
v 15.317927 17.082049 50.240101
v 15.360000 17.039999 50.239998
v 15.360000 17.039999 50.719997
v 15.360000 17.039999 50.879997
v 15.200000 17.359999 45.439999
v 15.360000 17.280000 47.919998
v 15.359999 17.199999 49.600000
v 15.360000 17.199999 49.919998
v 15.360000 17.199999 50.079998
v 15.440000 17.279997 51.199997
v 15.199999 17.440001 45.520000
v 15.360000 17.440002 47.919998
v 15.359998 17.359999 49.440000
v 15.360000 17.359999 51.199997
v 15.360000 17.359999 51.360000
v 15.360000 17.440001 51.439999
v 15.360000 17.600002 45.680000
v 15.360000 17.600000 47.759998
v 15.360000 17.760000 47.599998
v 15.360000 17.680000 47.680000
v 15.520000 17.760001 49.039997
v 15.360000 17.599999 51.439999
v 15.359999 17.760000 51.599998
v 15.199999 17.840000 46.079999
v 15.422224 17.999789 47.422097
v 15.359999 17.840000 45.919999
v 15.199999 18.000000 46.239997
v 15.200000 18.000000 46.399998
v 15.360000 18.000000 47.200001
v 15.360000 18.160000 46.239998
v 15.360000 18.160000 47.039997
v 15.360000 18.240001 48.879997
v 15.359999 18.239999 51.599998
v 15.360000 18.879999 51.439999
v 15.360000 19.359999 51.279999
v 15.289115 19.609389 49.040374
v 15.360000 19.519999 51.119999
v 15.200000 19.840000 49.039997
v 15.360000 19.839999 50.799999
v 15.519999 20.000000 49.200001
v 15.360000 20.080000 50.719997
v 15.360000 20.000000 50.799999
v 15.360000 20.160000 49.200001
v 15.440251 20.240020 50.480379
v 15.519999 20.080000 50.719997
v 15.360000 20.240000 49.279999
v 15.360000 20.240000 49.759998
v 15.280000 20.320000 52.959999
v 15.360000 20.240000 52.959998
v 15.280000 20.320000 53.119999
v 15.360000 20.240000 53.279999
v 15.360000 20.400000 52.479999
v 15.360000 20.400000 52.639999
v 15.280000 20.480000 52.799999
v 15.280000 20.480000 52.959999
v 15.360000 20.400000 53.439999
v 15.360000 20.400000 53.599998
v 15.359963 20.399970 53.759858
v 15.239664 20.520154 53.759730
v 15.520000 20.559999 52.159999
v 15.360000 20.559999 53.919998
v 15.360000 20.640000 54.000000
v 15.360001 20.799999 54.000000
v 15.280000 20.959999 51.919998
v 15.280000 21.119999 51.759998
v 15.360000 21.760000 51.599998
v 15.360000 21.840000 51.680000
v 15.360000 22.239999 51.759998
v 15.360000 22.079999 54.160000
v 15.360038 22.423499 51.943473
v 15.280000 22.400000 53.919998
v 15.359992 22.351327 53.888694
v 15.360000 22.639999 52.159998
v 15.359999 22.480000 53.759999
v 15.360000 22.639999 52.639999
v 15.200000 22.639999 52.799999
v 15.200000 22.639999 52.959999
v 15.360000 22.719999 53.199997
v 15.360000 22.799999 52.799999
v 15.360000 22.799999 53.119999
v 15.440000 15.200000 46.559998
v 15.520000 15.120000 46.559999
v 15.440000 15.200000 46.719997
v 15.520000 15.120000 47.039997
v 15.520000 15.120000 47.360001
v 15.520000 15.120000 47.520000
v 15.479909 15.320557 46.240039
v 15.440000 15.360000 46.399998
v 15.440000 15.360000 46.559998
v 15.360000 15.280000 47.520000
v 15.551931 15.280026 47.871943
v 15.520000 15.440000 45.919999
v 15.519999 15.440000 46.079999
v 15.680000 15.440000 48.160000
v 15.519999 15.599999 45.760000
v 15.520000 15.599999 48.160000
v 15.519998 15.680000 48.239998
v 15.520000 15.840728 45.519271
v 15.519999 15.999999 45.360001
v 15.519999 15.999999 48.399998
v 15.520000 16.480000 48.239998
v 15.519999 16.639999 48.239998
v 15.519999 17.119999 45.520000
v 15.520000 17.119999 48.079998
v 15.520000 17.039999 49.919999
v 15.520000 17.039999 50.079997
v 15.520000 17.039999 50.679997
v 15.520000 17.039999 51.039997
v 15.440000 17.119999 51.039997
v 15.520000 17.039999 51.199997
v 15.440000 17.119999 51.199997
v 15.520000 17.119999 51.279999
v 15.519999 17.280000 47.919998
v 15.520000 17.279999 51.279999
v 15.520000 17.440001 45.520000
v 15.520000 17.359999 51.360001
v 15.520000 17.440001 51.439999
v 15.520000 17.520000 45.599998
v 15.519999 17.440001 47.919998
v 15.599999 17.440001 51.520000
v 15.519999 17.760000 45.680000
v 15.519998 17.760001 47.599999
v 15.519999 17.600000 51.599998
v 15.520000 17.840000 45.759998
v 15.519999 17.840000 45.919999
v 15.679999 18.000000 47.680000
v 15.520000 17.920000 47.599998
v 15.520000 18.000000 50.079998
v 15.440000 18.080000 50.079998
v 15.520000 18.000000 50.239998
v 15.439999 18.080000 50.441157
v 15.520000 18.160000 46.239998
v 15.360000 18.160000 46.399998
v 15.519999 18.320000 47.039997
v 15.520000 18.160000 47.200001
v 15.520000 18.080000 50.000000
v 15.520000 18.400000 50.799999
v 15.519999 18.240001 51.759998
v 15.520000 18.320000 46.399998
v 15.519998 18.240000 48.879997
v 15.519999 18.719999 50.000000
v 15.440000 18.360000 50.079998
v 15.440001 18.587004 50.532957
v 15.440000 18.719999 50.079998
v 15.440000 18.719999 50.399998
v 15.520000 18.719999 51.599998
v 15.520000 18.799999 50.079998
v 15.520000 18.799999 50.239997
v 15.519999 18.880000 51.439999
v 15.520000 19.359999 51.279999
v 15.520000 19.519999 51.119999
v 15.519999 19.839999 50.959999
v 15.520000 19.680000 51.119999
v 15.520001 19.840000 49.039997
v 15.520000 20.160000 49.200001
v 15.520000 20.240000 49.439999
v 15.360000 20.240000 49.599999
v 15.520000 20.400000 49.599998
v 15.520000 20.400000 50.079998
v 15.360000 20.240000 50.079998
v 15.520000 20.240000 50.239999
v 15.520000 20.240000 52.639999
v 15.520000 20.240000 52.800000
v 15.520000 20.240000 53.119999
v 15.520000 20.240000 53.439999
v 15.520000 20.240000 53.599998
v 15.520000 20.240000 53.759998
v 15.520000 20.400000 52.319999
v 15.519999 20.361230 53.881277
v 15.520000 20.639999 54.159999
v 15.520000 20.800001 54.160000
v 15.440000 20.919999 54.199999
v 15.440000 20.959999 54.239998
v 15.520000 20.959999 54.320000
v 15.520000 21.039999 51.840000
v 15.360000 21.280000 51.759998
v 15.359999 21.439998 51.599998
v 15.679999 21.760000 54.320000
v 15.360000 21.920000 51.759998
v 15.519999 21.919999 54.320000
v 15.520000 22.080000 54.160000
v 15.520000 22.240000 54.000000
v 15.520000 22.320000 51.840000
v 15.520000 22.360000 53.879999
v 15.520000 22.399999 51.919998
v 15.520000 22.639999 52.159999
v 15.464954 22.640008 53.384999
v 15.520000 22.639999 53.599998
v 15.520000 22.799999 52.320000
v 15.520000 22.799999 52.639999
v 15.519961 22.799968 53.279956
v 15.679999 14.960000 47.039998
v 15.629208 15.010798 47.359982
v 15.679999 14.960000 47.360001
v 15.679999 15.120000 46.239999
v 15.679999 15.120000 46.399997
v 15.679999 15.120000 46.559998
v 15.679999 15.120000 46.879997
v 15.679999 15.120000 47.520000
v 15.639999 15.320000 46.079998
v 15.679999 15.280000 48.000000
v 15.680000 15.440000 45.759999
v 15.680175 15.598007 45.602149
v 15.679999 15.679999 48.399998
v 15.680000 15.839998 45.360001
v 15.679998 15.839999 48.399998
v 15.559999 16.160000 45.360001
v 15.839999 16.639999 45.360001
v 15.679999 16.639999 48.399998
v 15.679999 16.959999 45.360001
v 15.679999 16.960000 48.079998
v 15.679999 16.879999 50.079999
v 15.520000 17.039999 50.239998
v 15.679999 16.879999 51.039998
v 15.679999 17.039999 45.439999
v 15.680000 17.199999 49.599999
v 15.679999 17.039999 49.919998
v 15.679998 17.119999 51.279999
v 15.680001 17.279999 45.520000
v 15.679999 17.279999 48.079998
v 15.679999 17.199999 51.360001
v 15.599999 17.279999 51.360001
v 15.679999 17.199999 51.520000
v 15.599999 17.279999 51.520000
v 15.679999 17.279999 51.599998
v 15.680000 17.440001 47.919998
v 15.520000 17.600000 45.680000
v 15.680000 17.760002 47.759998
v 15.679999 17.600000 47.919998
v 15.840008 17.520025 49.280044
v 15.519998 17.599999 49.200001
v 15.520000 17.760000 51.759998
v 15.679999 17.840000 45.759999
v 15.679998 17.920000 47.759998
v 15.679999 17.920000 49.039997
v 15.679999 17.840000 49.119999
v 15.679938 18.049381 45.969344
v 15.520053 18.042709 46.122525
v 15.711331 18.081806 47.469525
v 15.546719 17.999959 47.386752
v 15.520000 18.080001 49.039997
v 15.680001 18.000000 50.079998
v 15.520000 18.080000 50.799999
v 15.679975 18.227311 46.147256
v 15.679999 18.160000 47.200001
v 15.679999 18.160000 47.360000
v 15.679999 18.080000 50.000000
v 15.679999 18.320000 46.239998
v 15.679999 18.320000 46.399998
v 15.679999 18.320000 47.039997
v 15.679999 18.400000 51.759998
v 15.679998 18.399999 48.879997
v 15.599999 18.559999 50.719997
v 15.679999 18.559999 50.799999
v 15.680000 18.560001 51.599998
v 15.839999 18.720000 50.000000
v 15.599999 18.879999 50.399998
v 15.599999 18.719999 50.719997
v 15.679999 18.799999 50.079999
v 15.599999 18.879999 50.559998
v 15.679999 18.879999 51.599998
v 15.599999 18.919999 48.879997
v 15.679999 18.959999 50.239998
v 15.679999 18.959999 50.559998
v 15.839998 19.039999 51.599998
v 15.679999 19.200000 51.279999
v 15.679999 19.520000 51.279999
v 15.680000 19.840000 48.879997
v 15.680000 20.160002 49.200001
v 15.679999 20.240000 50.719997
v 15.520001 20.000000 50.799999
v 15.759999 20.000000 53.119999
v 15.520000 20.240000 49.279999
v 15.679999 20.240000 50.559999
v 15.680000 20.240000 52.479999
v 15.679999 20.240000 52.639999
v 15.679999 20.240000 52.959999
v 15.679999 20.240000 53.599998
v 15.679999 20.240000 53.759999
v 15.679999 20.400000 49.279999
v 15.679999 20.400000 49.439999
v 15.679999 20.400000 49.599998
v 15.679999 20.400000 50.239997
v 15.520000 20.240000 50.399998
v 15.680000 20.400000 52.319999
v 15.680024 20.432442 53.952440
v 15.679999 20.639999 52.079998
v 15.840001 20.640001 52.079998
v 15.679999 20.640000 54.160000
v 15.599999 20.799999 51.919998
v 15.839954 20.720032 51.999960
v 15.680000 20.800000 54.320000
v 15.599999 20.959999 51.919998
v 15.599999 21.119999 51.759998
v 15.519998 21.439998 51.759998
v 15.680000 21.919999 54.160000
v 15.626084 22.240000 51.759998
v 15.679999 22.239999 54.000000
v 15.680043 22.410020 53.829974
v 15.839999 22.719999 51.919998
v 15.680001 22.480000 53.759999
v 15.679999 22.639999 52.160000
v 15.546667 22.639958 53.466655
v 15.679998 22.639999 53.599999
v 15.679998 22.799999 52.319999
v 15.679999 22.799999 53.119997
v 15.839999 14.960000 46.559999
v 15.840000 14.960000 46.879998
v 15.839999 14.960000 47.520000
v 15.839999 14.960000 47.680000
v 15.679999 15.120000 47.679999
v 15.839998 15.120000 46.079999
v 15.839999 15.120000 46.399998
v 15.679999 15.280000 47.840000
v 15.839999 15.120000 48.000000
v 15.839999 15.200000 48.079998
v 15.839999 15.280000 45.919998
v 15.839998 15.360000 48.079998
v 15.839999 15.440000 45.759998
v 15.839999 15.440000 48.160000
v 15.839999 15.440000 48.320000
v 15.839999 15.520000 48.399998
v 15.840000 15.519999 45.680000
v 16.000001 15.839998 45.360001
v 15.520000 16.320000 48.399998
v 15.679998 16.479999 48.399998
v 15.839999 16.959999 48.239998
v 15.965205 17.244475 48.080530
v 15.679998 17.039999 49.759999
v 15.839998 17.039999 51.359999
v 15.839999 17.279999 48.079998
v 15.759999 17.319999 49.480000
v 15.839999 17.199999 51.520000
v 15.679999 17.440001 45.680000
v 15.839998 17.440000 47.919998
v 15.839998 17.439999 49.360001
v 15.679999 17.440001 51.599998
v 15.839998 17.600001 47.919998
v 15.839927 17.625738 47.894341
v 15.876181 17.955180 49.201214
v 15.839999 17.600000 51.599998
v 15.839999 17.960000 45.879999
v 15.839999 17.920000 47.759998
v 15.759999 17.920000 49.119999
v 15.679999 17.840000 50.239998
v 15.679999 17.840000 50.719997
v 15.679999 17.920000 50.799999
v 15.839570 18.079727 49.041002
v 15.839999 17.920000 50.000000
v 15.839999 18.080001 46.000000
v 15.999999 18.240000 47.599998
v 15.839999 18.240000 50.799999
v 15.839999 18.320000 46.239999
v 15.840000 18.480000 46.399998
v 15.679999 18.320000 46.835068
v 16.000000 18.639999 47.039997
v 15.839999 18.320000 47.360001
v 15.679998 18.720000 48.879997
v 15.679999 18.719999 50.799999
v 15.839999 18.879999 48.879997
v 15.839999 18.879999 50.639999
v 16.000000 18.799999 50.719997
v 15.839999 18.559999 51.599998
v 15.839999 18.959999 50.239999
v 15.839999 18.959999 50.559998
v 15.679999 19.279999 48.879997
v 15.839987 19.160880 51.479057
v 15.839999 19.360000 51.279999
v 15.679999 19.679999 51.119999
v 15.839998 19.999999 49.039997
v 15.680000 19.840000 50.959999
v 15.759999 20.000000 52.799999
v 15.839999 19.920000 52.799998
v 15.759999 20.000000 53.440000
v 15.759999 20.000000 53.599998
v 15.839999 20.160000 49.200001
v 15.839999 20.160000 50.959999
v 15.759999 20.160000 52.639999
v 15.839999 20.240000 52.479998
v 15.759999 20.160000 52.959999
v 15.759999 20.160000 53.599998
v 15.839999 19.920000 53.599999
v 15.759999 20.160000 53.759998
v 15.679999 20.320000 49.200001
v 15.839998 20.272951 53.952904
v 15.782869 20.502905 49.599922
v 15.679999 20.400000 49.920385
v 15.839999 20.400000 50.559998
v 15.839999 20.400000 50.719998
v 15.840000 20.480000 54.160000
v 15.839999 20.559999 50.239999
v 15.839999 20.879999 52.799998
v 15.839999 20.879999 53.119999
v 15.759999 20.959999 53.119998
v 15.839999 20.960000 51.919998
v 15.839999 21.120000 52.559998
v 15.759999 21.119999 53.119998
v 15.840000 21.280000 52.559998
v 15.759999 21.119999 52.639999
v 15.759999 20.959999 52.799999
v 15.759999 21.279998 53.279999
v 16.000000 21.439999 54.320000
v 15.520000 21.600000 51.759998
v 15.759999 21.600000 52.639999
v 15.759999 21.600000 53.039999
v 15.759999 21.600000 53.279999
v 15.839999 21.600000 53.360001
v 15.519999 21.760000 51.759998
v 15.759999 21.600001 52.639998
v 15.920000 21.760000 52.639999
v 15.839999 21.680000 53.279999
v 15.839998 21.760000 54.320000
v 15.840000 21.919999 54.160000
v 15.840000 22.480000 53.919998
v 15.839999 22.399999 54.000000
v 15.840000 22.480000 53.760000
v 15.679999 22.639999 52.000000
v 15.840000 22.639999 53.600000
v 15.839999 22.799999 52.000000
v 15.679999 22.799999 52.479999
v 15.679999 22.799999 53.439999
v 15.839999 22.959999 52.480000
v 15.839999 22.959999 52.959999
v 16.000000 14.799999 46.879997
v 16.000001 14.799999 47.519999
v 16.000000 14.960000 46.559999
v 16.000000 14.960000 46.719997
v 16.160000 14.960000 47.840000
v 15.839999 15.120000 47.839999
v 16.000000 15.120000 46.239998
v 16.000000 15.120000 48.000000
v 16.000000 15.200000 48.079998
v 15.999999 15.360000 45.680000
v 16.000000 15.280000 45.759998
v 16.000000 15.440000 48.320000
v 16.000000 15.520000 48.399998
v 16.000000 15.679999 45.520000
v 16.000000 16.320000 45.360001
v 16.000000 16.480000 45.360001
v 16.000002 16.639998 45.520000
v 15.840000 16.800000 45.360001
v 16.000000 16.799999 45.520000
v 15.999999 16.799999 48.239998
v 16.160000 16.879999 50.079999
v 15.680000 17.119999 45.520000
v 15.950685 17.071512 48.240709
v 16.320000 17.039999 49.759998
v 16.160000 17.039999 49.919999
v 15.680000 17.039999 51.199998
v 16.000001 17.119999 51.439999
v 16.000000 17.199999 48.160000
v 16.000000 17.279997 51.599998
v 16.000000 17.440001 48.079998
v 16.000000 17.440001 49.360001
v 16.000000 17.600000 48.079998
v 15.840001 17.600000 49.200001
v 16.000000 17.600000 49.360001
v 16.160000 17.599999 51.599998
v 15.999999 17.759999 49.200001
v 16.160001 17.760000 51.759998
v 16.000000 17.920001 45.840000
v 15.839998 17.760000 47.759998
v 16.160000 18.080000 47.759998
v 15.839999 17.840000 50.079998
v 16.160000 17.840000 50.719997
v 16.000000 18.080000 46.000000
v 15.840000 18.000000 47.680000
v 16.000000 18.080001 47.759998
v 15.969571 18.048969 49.199080
v 16.000000 18.240000 46.000000
v 16.000000 18.080001 50.799999
v 16.000002 18.240000 50.959999
v 16.000000 18.320000 46.079998
v 15.999999 18.320000 46.239999
v 15.839999 18.320000 47.200000
v 16.000000 18.320000 47.520000
v 15.839999 18.400001 49.039997
v 16.000001 18.560001 50.959999
v 15.839999 18.480000 46.559999
v 16.000000 18.639999 46.559997
v 15.840000 18.559999 50.799999
v 16.000000 18.719999 50.000000
v 16.000001 18.719999 50.799999
v 15.920000 18.879999 48.959999
v 16.000524 18.880483 49.040582
v 15.920000 18.879999 50.079998
v 16.000000 18.879999 50.000000
v 15.997351 19.039168 48.879913
v 15.920000 19.039999 50.239998
v 15.920000 19.039999 50.559998
v 16.000000 19.039999 51.599998
v 15.920000 19.199999 50.559997
v 16.000000 19.199999 50.639999
v 16.000000 19.159999 51.480000
v 15.960000 19.279999 48.879997
v 15.920001 19.199999 50.079999
v 16.000000 19.279999 50.399998
v 16.000000 19.279999 50.559998
v 15.920000 19.600000 48.879997
v 16.000000 20.159998 50.959999
v 16.000000 20.000000 51.119999
v 16.320066 20.000016 53.680010
v 16.000000 20.160000 49.039997
v 15.840032 20.119116 53.799084
v 16.000000 20.320000 49.200001
v 16.000001 20.400000 50.879997
v 16.000001 20.320000 50.959999
v 16.000000 20.320000 52.399998
v 16.160028 20.266819 52.453160
v 16.040000 20.200000 53.879999
v 16.000000 20.400000 49.279999
v 15.920000 20.480000 49.439999
v 16.000000 20.480000 49.360001
v 15.839999 20.559999 50.399998
v 15.999999 20.400000 50.719998
v 16.000000 20.440000 52.279999
v 16.000000 20.400000 54.079998
v 15.920000 20.639999 49.439999
v 16.000000 20.639999 49.360001
v 15.920000 20.639999 49.599998
v 16.000000 20.559999 50.559998
v 16.160000 20.639999 52.079998
v 16.000000 20.719999 49.439999
v 16.000000 20.719999 49.599997
v 16.000000 20.719999 50.239998
v 15.839999 20.799999 51.919998
v 16.000000 20.799999 54.320000
v 16.159999 20.959998 52.079998
v 16.000001 20.879999 52.639999
v 15.920000 20.959999 53.279999
v 16.000000 20.879999 53.280000
v 15.839998 21.119999 51.759998
v 16.000000 21.119999 51.919998
v 16.000000 21.119999 52.559998
v 15.920000 21.119999 53.279999
v 16.000000 21.120000 53.520000
v 15.920000 21.119999 53.439999
v 16.160000 21.279999 54.320000
v 15.839998 21.279999 51.759998
v 16.000000 21.279999 51.919998
v 16.000000 21.280000 52.399998
v 15.920000 21.279997 53.439999
v 16.000001 21.440000 51.759998
v 15.840000 21.439997 53.360001
v 15.920000 21.600000 52.480000
v 16.000000 21.600000 53.360001
v 16.000000 21.600000 54.320000
v 15.920000 21.760000 52.480000
v 16.000000 21.760000 52.399998
v 15.840000 21.680000 53.119999
v 16.000000 21.680000 53.279999
v 16.000000 21.840000 52.480000
v 16.000000 21.840000 52.640000
v 16.000000 22.239998 51.759998
v 15.999998 22.480000 53.919999
v 16.000001 22.639999 53.600000
v 16.000000 22.639999 53.759998
v 16.000000 22.799999 51.999999
v 15.839999 22.799999 52.160001
v 15.840000 22.799999 52.320000
v 16.160000 22.959999 53.439999
v 15.999999 22.799999 53.439999
v 16.000000 22.959999 52.160000
v 15.839999 22.959999 52.640000
v 16.000000 23.039999 53.039997
v 15.839999 22.959999 53.119999
v 16.000000 23.119999 52.639999
v 16.160000 14.799999 46.559999
v 16.160000 14.799999 46.719996
v 16.160000 14.799999 47.679999
v 16.000000 15.120000 46.079998
v 16.160000 14.960000 46.079999
v 16.159999 14.960000 46.399999
v 16.000000 15.120000 46.399998
v 16.160000 14.960000 48.000000
v 15.999999 15.280000 45.920000
v 16.159998 15.151497 45.888504
v 16.160036 15.060663 48.100697
v 16.160012 15.200028 48.240010
v 16.160000 15.280000 45.759998
v 16.159968 15.289313 48.329235
v 16.160000 15.360000 48.399998
v 16.160001 15.839999 45.520000
v 16.160000 16.240000 45.520000
v 16.078878 16.479966 45.438858
v 16.160000 16.480000 45.520000
v 16.000001 16.639999 48.399998
v 16.160000 16.879999 50.668252
v 16.160000 16.879999 51.039997
v 16.160000 16.959999 51.119999
v 16.159999 17.119998 49.680000
v 16.160000 17.039999 51.360001
v 16.160000 17.119999 51.439999
v 16.181027 17.301169 48.240011
v 16.159982 17.244622 49.555408
v 16.160000 17.440001 48.079998
v 16.160001 17.439999 49.360000
v 16.154010 17.434100 51.600073
v 16.159999 17.600000 48.079998
v 16.160000 17.760000 48.079998
v 16.160000 17.600000 49.360000
v 16.320000 17.920000 45.840000
v 16.160000 17.920000 50.000000
v 16.160000 17.840000 50.079998
v 16.160000 17.920000 50.799999
v 16.160000 18.080000 45.840000
v 16.159999 18.240001 46.000000
v 16.159999 18.240000 47.599999
v 16.080000 18.240000 49.119999
v 16.160000 18.240000 49.200001
v 16.160000 18.240000 50.000000
v 16.160000 18.240000 51.759998
v 16.160001 18.320000 46.079998
v 16.000000 18.320000 47.360001
v 16.160000 18.400000 49.039997
v 16.320001 18.240000 51.599998
v 16.000000 18.560000 51.599998
v 16.000000 18.480000 46.399998
v 16.160000 18.480000 47.360001
v 16.160000 18.480000 47.520000
v 16.160000 18.639999 46.560002
v 16.080000 18.719999 49.919998
v 16.160000 18.879998 49.680000
v 16.160000 18.799999 50.879997
v 16.080000 19.039999 48.959999
v 16.080000 18.879999 49.759998
v 16.000000 19.039999 50.639999
v 16.160000 19.199999 48.879997
v 16.160000 19.119999 48.959999
v 16.080000 19.199999 49.919998
v 16.160000 19.200000 51.439999
v 16.080000 19.319999 49.759998
v 16.080000 19.359999 50.399998
v 16.160000 19.279999 50.559998
v 16.080000 19.359999 50.079998
v 16.080000 19.520000 50.399998
v 16.160000 19.520000 51.279999
v 15.920000 19.840000 48.879997
v 16.080000 19.600000 49.999998
v 16.079970 19.653290 50.266638
v 16.160024 19.600023 51.199983
v 16.080000 19.840000 49.759998
v 16.080000 19.840000 50.079998
v 16.160000 19.840000 50.160000
v 16.160000 19.760000 50.239998
v 16.160000 19.680000 51.119999
v 16.320000 20.080000 50.079998
v 16.320000 20.160000 50.959999
v 16.160001 20.160001 52.559998
v 16.160000 20.160000 49.039997
v 16.249350 20.569140 49.199900
v 16.159999 20.400000 50.719997
v 16.320000 20.400000 50.879997
v 16.160000 20.480001 52.239998
v 16.159999 20.400000 52.320000
v 16.160000 20.639999 49.360001
v 16.063370 20.559990 50.463299
v 16.160001 20.559999 50.559999
v 16.160025 20.880004 49.599952
v 16.000000 20.719999 50.079998
v 16.159999 20.800001 54.320000
v 16.120000 20.999999 52.000000
v 16.000000 20.959999 52.559998
v 16.319999 20.879999 53.280000
v 16.160000 21.119999 51.919998
v 16.160000 21.280000 51.919998
v 16.000000 21.439999 53.520000
v 16.159999 21.439998 54.160000
v 16.080000 21.600000 54.239998
v 16.160000 21.600000 54.160000
v 16.160000 21.760000 52.399998
v 16.000000 21.760000 53.199997
v 16.159999 21.840000 52.480000
v 16.240000 22.080000 52.639999
v 16.240000 22.080000 53.119999
v 16.320000 22.559999 51.759998
v 16.159999 22.719998 51.919998
v 16.160041 22.840926 53.558868
v 16.160000 22.959999 52.160000
v 16.000000 22.959999 52.319999
v 16.000000 22.959999 52.480000
v 16.072810 22.959992 53.192692
v 16.160000 23.119999 52.320000
v 16.000000 23.119999 52.959999
v 16.320000 15.140000 45.900000
v 16.240000 15.360000 45.680000
v 16.400000 15.280000 48.320000
v 16.639999 15.359999 48.399998
v 16.639999 15.679999 48.399998
v 16.279980 16.999963 51.039979
v 16.320000 17.119999 48.239998
v 16.320000 17.119999 49.680000
v 16.320000 17.039999 50.079997
v 16.160000 17.039999 51.199997
v 16.320000 17.199999 51.360001
v 16.480000 17.280000 48.239998
v 16.320000 17.279998 49.680000
v 16.320000 17.199999 51.199999
v 16.319998 17.440000 48.239998
v 16.400000 17.439999 49.599999
v 16.320277 17.440734 51.440406
v 16.320000 17.600000 48.239998
v 16.320001 17.600000 51.599998
v 16.320000 17.760001 48.079998
v 16.160001 17.760000 49.200001
v 16.320000 17.760000 49.360001
v 16.320000 17.680000 49.439999
v 16.320000 17.760000 51.599998
v 16.319999 17.920001 47.919998
v 16.240000 17.920000 50.079998
v 16.320001 17.920001 51.599998
v 16.320001 18.080001 45.840000
v 16.320000 18.080001 47.919998
v 16.240000 18.240000 50.079998
v 16.319999 18.160000 50.239998
v 16.320000 18.080000 50.799999
v 16.373136 18.239941 47.813174
v 16.320000 18.240000 49.200001
v 16.320001 18.240000 50.160000
v 16.320000 18.160000 50.879997
v 16.319998 18.400000 46.000000
v 16.159999 18.399999 47.599998
v 16.160000 18.240000 50.959999
v 16.319999 18.560000 46.160000
v 16.320000 18.480000 47.520000
v 16.480000 18.559999 50.000000
v 16.479999 18.418851 51.599998
v 16.160000 18.639999 46.399997
v 16.320000 18.719999 49.840000
v 16.160000 18.719999 50.959999
v 16.359903 18.839873 46.399865
v 16.160000 18.639999 47.200001
v 16.240000 18.879999 49.039997
v 16.480000 18.879999 50.639999
v 16.320000 19.199999 49.039997
v 16.160000 19.199999 50.639999
v 16.320746 19.360745 48.879854
v 16.320000 19.359999 50.639999
v 16.320000 19.359999 51.439999
v 16.320000 19.520000 48.879997
v 16.320000 19.520001 51.279999
v 16.160000 19.520000 50.480000
v 16.320001 19.680000 51.279999
v 16.320000 19.840000 48.879997
v 16.320000 19.840000 50.160000
v 16.320000 19.760000 50.239998
v 16.319999 19.839999 51.119999
v 16.320000 19.999999 49.039997
v 16.320000 20.080000 49.759998
v 16.320000 20.000000 49.680000
v 16.320000 20.000000 50.160000
v 16.320000 19.920000 52.799998
v 16.320000 19.920000 53.599998
v 16.320000 20.160000 49.039997
v 16.319999 19.999998 51.119999
v 16.320000 20.080000 53.759998
v 16.320000 20.320000 50.959999
v 16.320000 20.320000 52.559998
v 16.320000 20.240000 53.919999
v 16.320000 20.320001 54.000000
v 16.160000 20.320000 49.200001
v 16.320000 20.480000 52.239998
v 16.320000 20.400000 52.320000
v 16.320000 20.400000 52.480000
v 16.320001 20.480001 54.160000
v 16.480000 20.639999 50.799999
v 16.319999 20.639999 52.239998
v 16.160000 20.639999 54.160000
v 16.320000 20.719999 49.279999
v 16.160001 20.719999 49.439999
v 16.160000 20.719999 50.239999
v 16.258304 20.978425 49.599956
v 16.240000 20.959999 49.759998
v 16.304481 21.024445 50.079912
v 16.160000 20.719999 50.399998
v 16.320000 20.879999 52.639999
v 16.320000 20.959999 52.559998
v 16.319983 21.009201 53.409210
v 16.319999 20.799998 54.160000
v 16.319999 21.040022 49.600099
v 16.320000 21.039999 49.919998
v 16.320000 21.039999 50.079998
v 16.320268 21.164963 52.034915
v 16.320000 21.039999 52.160000
v 16.320000 21.119999 52.559998
v 16.320000 21.119999 53.520000
v 16.319998 21.279998 54.160000
v 16.320000 21.280000 51.919998
v 16.320000 21.280000 52.399998
v 16.320000 21.439999 53.520000
v 16.159998 21.439999 51.759998
v 16.159999 21.600001 51.759998
v 16.320000 21.600000 51.919998
v 16.319999 21.760000 52.399998
v 16.240000 21.920000 52.480000
v 16.320000 21.920000 52.399998
v 16.479999 22.079999 54.160000
v 16.320000 22.080000 53.199997
v 16.320000 22.240000 52.399998
v 16.240000 22.240000 52.480000
v 16.320001 22.240001 53.039997
v 16.320000 22.240000 54.000000
v 16.240000 22.240000 52.959999
v 16.159999 22.639999 53.759999
v 16.320000 22.719999 51.919998
v 16.320000 23.119999 52.159999
v 16.320000 23.119999 53.280000
v 16.320000 23.119999 52.320000
v 16.160000 23.119999 52.479999
v 16.320000 23.279999 52.639999
v 16.160000 23.119999 52.959999
v 16.320000 23.119999 53.119998
v 16.320000 23.279999 52.480000
v 16.400000 23.359999 52.799999
v 16.480000 14.799999 46.559999
v 16.480000 15.040000 46.000000
v 16.400000 14.960000 46.079998
v 16.480000 14.960000 46.399998
v 16.479999 14.960000 47.839999
v 16.479909 15.161846 45.878090
v 16.440000 15.100000 48.139998
v 16.480000 15.520000 45.680000
v 16.480000 16.000000 45.520000
v 16.799999 16.000000 48.399998
v 16.640001 17.120000 48.399998
v 16.479999 17.119999 48.399998
v 16.400000 17.119999 49.759998
v 16.400000 17.119998 49.919998
v 16.400000 17.119999 50.879997
v 16.480000 17.199999 51.039997
v 16.400000 17.279999 49.759998
v 16.480000 17.279999 49.840000
v 16.480000 17.199999 50.079998
v 16.480000 17.199999 50.319998
v 16.480000 17.199999 50.879997
v 16.480000 17.199999 51.199997
v 16.479999 17.280000 45.520000
v 16.480000 17.440001 45.680000
v 16.400000 17.440001 49.759998
v 16.479999 17.440000 49.840000
v 16.480000 17.439999 51.439999
v 16.480000 17.600000 48.239998
v 16.400000 17.600000 49.599998
v 16.480000 17.600000 51.439999
v 16.479999 17.760001 48.079998
v 16.480000 17.680000 49.439999
v 16.480000 17.680000 49.599998
v 16.520000 17.760000 51.400000
v 16.480000 17.920000 48.079998
v 16.320001 17.920001 49.200001
v 16.479999 18.080001 45.840000
v 16.479999 18.080000 48.079998
v 16.480000 18.080000 49.360001
v 16.240000 17.920000 50.399999
v 16.480000 18.160000 50.719997
v 16.480000 18.000000 51.520000
v 16.480001 18.080000 51.599998
v 16.480000 18.240001 47.919998
v 16.320001 18.080000 49.200001
v 16.480000 18.160000 50.239998
v 16.480000 18.240000 50.160000
v 16.480000 18.160000 50.399998
v 16.480000 18.160000 50.879997
v 16.319998 18.240000 46.000000
v 16.480000 18.400000 46.000000
v 16.350198 18.400080 47.790137
v 16.480000 18.400000 47.919998
v 16.320000 18.400000 49.039997
v 16.480000 18.400000 50.160000
v 16.480000 18.240000 50.959999
v 16.480000 18.719999 50.959999
v 16.279838 18.759775 46.400106
v 16.479999 18.720000 46.160000
v 16.320000 18.480000 47.680000
v 16.480000 18.639999 49.919999
v 16.480000 18.959999 46.399998
v 16.320000 18.719999 47.279999
v 16.440000 18.959999 49.039997
v 16.480000 18.799999 50.719997
v 16.480000 18.799999 50.879997
v 16.480000 19.200000 51.439999
v 16.480000 19.359999 51.439999
v 16.480000 19.520001 48.879997
v 16.160000 19.359998 50.480000
v 16.480001 19.520000 50.639999
v 16.479999 19.520001 51.279999
v 16.160000 19.840000 49.680000
v 16.479999 19.679999 50.480000
v 16.480000 19.679999 51.279999
v 16.639999 20.000000 50.480000
v 16.480001 19.840000 51.119999
v 16.480000 20.000000 48.879997
v 16.480000 20.000000 49.680000
v 16.480000 20.000000 50.160000
v 16.320000 19.760000 50.399998
v 16.480000 20.080000 49.759998
v 16.480000 20.080000 52.799999
v 16.480000 20.240000 51.039997
v 16.319999 20.160000 52.559998
v 16.320094 20.052149 52.668380
v 16.480000 20.240000 53.759998
v 16.480000 20.240000 53.919998
v 16.480000 20.320000 54.000000
v 16.400000 20.480000 52.320000
v 16.400000 20.480000 52.480000
v 16.480000 20.480000 54.000000
v 16.480000 20.639999 49.200001
v 16.480000 20.479998 50.959999
v 16.480000 20.480000 52.559998
v 16.480000 20.640001 54.160000
v 16.400000 20.799999 49.279999
v 16.556481 20.876545 49.200050
v 16.480000 20.879999 50.559999
v 16.400000 20.799999 52.320000
v 16.400000 20.799999 52.480000
v 16.479999 20.800115 54.160000
v 16.400000 20.959999 49.439999
v 16.400000 20.959999 52.320000
v 16.400000 20.959999 52.480000
v 16.400000 20.879999 52.559998
v 16.480000 20.959999 52.559998
v 16.400000 20.959999 52.639999
v 16.409316 21.129240 49.600158
v 16.480000 21.119999 50.000000
v 16.480000 21.039999 50.239997
v 16.480000 21.039999 50.399998
v 16.480000 21.039999 52.480000
v 16.480000 21.119999 52.559998
v 16.480000 21.039999 52.639999
v 16.639999 21.199999 53.279998
v 16.479999 21.119999 53.360001
v 16.480000 21.199999 49.599998
v 16.480000 21.119999 52.079998
v 16.320000 21.439999 51.919998
v 16.479998 21.279998 52.559998
v 16.479998 21.439998 53.360001
v 16.480000 21.760000 51.919998
v 16.400000 21.760000 51.840000
v 16.479999 21.760000 52.559998
v 16.480001 21.920002 51.759998
v 16.480000 21.920002 52.399998
v 16.479999 22.240001 53.039997
v 16.480000 22.240000 54.000000
v 16.639999 22.639999 52.480000
v 16.479999 22.559998 53.840000
v 16.479999 22.719998 51.919998
v 16.479963 22.640002 53.759966
v 16.480001 22.719999 53.680000
v 16.382239 22.942350 51.920023
v 16.320001 22.719999 53.680000
v 16.400000 23.039999 52.000000
v 16.320000 22.959999 53.439999
v 16.320003 22.843896 53.556282
v 16.439966 23.239999 52.160017
v 16.400000 23.199999 52.320000
v 16.480000 23.279999 52.320000
v 16.480000 23.439999 52.639998
v 16.463619 23.423732 52.959580
v 16.480000 23.279999 53.279999
v 16.639999 14.799999 46.719999
v 16.639999 14.799999 47.519999
v 16.639999 15.040000 46.000000
v 16.639999 14.960000 46.079998
v 16.639999 14.960000 46.399999
v 16.639999 14.960000 47.680000
v 16.639999 14.960000 47.999999
v 16.639999 15.199998 46.000000
v 16.480000 15.359999 45.680000
v 16.639999 15.360000 45.840000
v 16.480001 15.679999 45.520000
v 16.640000 16.000001 45.680000
v 16.799999 15.839999 48.399998
v 16.559999 16.639999 46.559998
v 16.639999 16.559999 46.879998
v 16.639999 16.639999 46.480000
v 16.559999 16.639999 46.879997
v 16.640000 16.800000 47.119999
v 16.639999 17.119999 45.520000
v 16.559999 16.799999 47.039997
v 16.639999 17.119999 47.119999
v 16.640000 17.280000 45.680000
v 16.559999 17.279999 47.039997
v 16.639998 17.279999 48.239998
v 16.639999 17.199999 50.239998
v 16.639999 17.199999 50.719997
v 16.560000 17.279999 50.879999
v 16.559999 17.279999 51.199997
v 16.559999 17.440002 46.879998
v 16.639987 17.360023 50.080058
v 16.559999 17.440000 50.879998
v 16.559999 17.440001 51.199997
v 16.559999 17.440001 51.360001
v 16.799810 17.439976 48.240207
v 16.639999 17.680000 49.600000
v 16.639999 17.440000 49.840000
v 16.639999 17.520000 50.879997
v 16.639999 17.520000 51.199997
v 16.559999 17.600001 51.360000
v 16.639999 17.760000 46.480000
v 16.639999 17.760000 48.239998
v 16.480000 17.760001 49.360000
v 16.559999 18.080000 46.879998
v 16.640000 17.920002 48.079998
v 16.640000 18.080001 45.840000
v 16.559999 18.080000 46.559998
v 16.639999 18.080000 46.480000
v 16.480000 17.920000 49.360001
v 16.566331 17.920136 51.353695
v 16.639999 18.160000 46.559998
v 16.639999 18.160000 46.879996
v 16.559999 18.240000 50.239998
v 16.559999 18.240000 50.879997
v 16.640000 18.240000 51.439999
v 16.639998 18.400000 45.840000
v 16.559999 18.400000 50.239998
v 16.559999 18.400000 50.559997
v 16.639999 18.560000 46.000000
v 16.480000 18.560001 46.160000
v 16.639999 18.560001 47.919998
v 16.480000 18.559999 49.039997
v 16.639999 18.559999 49.200001
v 16.613408 18.639978 50.053413
v 16.559999 18.559999 50.719997
v 16.639999 18.719999 49.200001
v 16.639998 18.639999 49.919998
v 16.559999 18.719999 50.719997
v 16.559999 18.719999 50.879997
v 16.640059 18.830450 46.270442
v 16.559999 18.879999 47.360001
v 16.559999 18.799999 47.439999
v 16.639999 18.799999 47.680000
v 16.639999 18.879999 49.039997
v 16.640000 18.879998 49.680000
v 16.639999 18.719999 50.639999
v 16.640000 18.959999 46.399998
v 16.627571 19.107421 47.199555
v 16.639999 19.039999 51.439999
v 16.639999 19.119999 47.200001
v 16.480000 19.359999 49.039997
v 16.640000 19.520002 51.439999
v 16.639999 19.680000 51.279999
v 16.639999 20.080000 50.239998
v 16.639999 20.080000 50.399998
v 16.799999 19.999999 51.279999
v 16.640001 20.000001 51.119999
v 16.480001 20.159999 48.879997
v 16.639999 20.160000 49.680000
v 16.480000 20.080000 50.079998
v 16.639999 20.160000 50.160000
v 16.640000 20.160000 51.119999
v 16.719999 20.160000 52.959998
v 16.639999 20.080000 52.959999
v 16.639999 20.080000 53.439999
v 16.599999 20.220000 53.619999
v 16.683936 20.123931 53.439988
v 16.479999 20.319999 49.039997
v 16.799999 20.480000 51.119999
v 16.559999 20.320000 53.759998
v 16.559999 20.320000 53.919998
v 16.639999 20.479999 50.959999
v 16.799999 20.639999 52.559998
v 16.639999 20.400000 52.639999
v 16.559999 20.479999 53.919998
v 16.640000 20.639999 50.799999
v 16.616686 20.640194 54.023377
v 16.639999 20.799999 49.200001
v 16.640000 20.879999 50.719997
v 16.640000 20.799999 50.799999
v 16.480000 20.799999 52.559998
v 16.559999 20.959999 49.279999
v 16.707913 21.028064 49.200165
v 16.639998 20.879999 50.559998
v 16.639999 20.959999 52.559998
v 16.640246 21.200038 49.439759
v 16.690661 21.090740 50.240052
v 16.639999 21.039999 50.239998
v 16.799999 21.119999 52.079998
v 16.799999 21.039999 52.160000
v 16.480000 21.039999 52.320000
v 16.639999 21.039999 52.480000
v 16.639999 21.039999 52.639999
v 16.639999 21.119999 52.559998
v 16.639999 21.039999 52.959999
v 16.480000 21.039999 53.119999
v 16.639999 20.959999 54.000000
v 16.639999 21.199999 49.599998
v 16.639999 21.199999 49.919998
v 16.480000 21.199999 49.919998
v 16.479998 21.279999 51.919998
v 16.799999 21.279999 52.559998
v 16.639999 21.199999 53.119999
v 16.680576 21.480829 51.919490
v 16.639999 21.760000 52.559998
v 16.639999 21.760000 53.199997
v 16.639999 21.760001 51.919998
v 16.639999 21.920001 52.399998
v 16.480000 22.080000 53.199997
v 16.639998 22.080000 54.000000
v 16.719999 22.400000 54.000000
v 16.480000 22.559999 51.759998
v 16.639999 22.559999 53.039997
v 16.640000 22.719998 51.759998
v 16.639999 22.719999 53.840000
v 16.639999 22.879999 51.919998
v 16.639999 22.879998 53.680000
v 16.542107 23.101963 51.919962
v 16.639986 23.119991 53.599974
v 16.639999 23.039999 53.680000
v 16.702101 23.262142 51.919949
v 16.640000 23.279999 53.439999
v 16.639999 23.199999 53.520000
v 16.639999 23.439999 52.159998
v 16.480000 23.279999 52.480000
v 16.480000 23.279999 53.119998
v 16.640000 23.439999 52.320001
v 16.639999 23.439999 52.480000
v 16.480000 23.439999 52.959999
v 16.719999 14.880000 47.520000
v 16.799999 14.960000 46.559998
v 16.719999 14.880000 47.200002
v 16.719999 15.040000 47.359999
v 16.719999 15.040000 47.680000
v 16.719999 15.040000 48.000000
v 16.799999 15.120000 47.360001
v 16.719999 15.040000 47.840000
v 16.799999 15.199999 46.000000
v 16.800089 15.280118 48.000029
v 16.719977 15.331791 48.131895
v 16.719999 15.360000 48.320000
v 16.640001 15.520000 45.680000
v 16.799999 15.519999 45.840000
v 16.799999 15.440000 48.160000
v 16.799999 15.520000 48.239998
v 16.719999 15.520000 48.320000
v 16.640000 15.679999 45.680000
v 16.799999 15.679999 45.840000
v 16.719971 15.679974 48.319965
v 16.799999 15.679999 48.239998
v 16.799999 15.839999 45.680000
v 16.799999 16.319999 45.520000
v 16.639999 16.559999 46.559998
v 17.119999 16.639999 48.399998
v 16.799999 16.799999 45.520000
v 16.799999 16.959999 45.520000
v 16.799999 17.039999 47.200001
v 16.719999 17.119999 47.200001
v 16.719999 17.119999 47.360001
v 16.799999 17.039999 47.360001
v 16.799999 17.119999 47.439999
v 16.799999 17.280000 45.680000
v 16.719999 17.279999 47.200001
v 16.719999 17.279999 50.239999
v 16.719999 17.279999 50.719997
v 16.719999 17.440000 47.039997
v 16.719999 17.440001 47.200001
v 16.719999 17.440001 47.359999
v 16.719999 17.440001 49.919998
v 16.719999 17.440001 50.079998
v 16.719999 17.440001 50.239998
v 16.719999 17.440001 50.719997
v 16.480000 17.920000 45.680000
v 16.719999 17.600000 47.039998
v 16.719999 17.600000 49.759998
v 16.719999 17.600000 50.080000
v 16.799999 17.520000 50.719997
v 16.799999 17.520000 51.039997
v 16.799999 17.760000 48.239998
v 16.799999 17.680000 49.919998
v 16.799999 17.680000 50.079998
v 16.799998 17.759999 51.119999
v 16.639999 17.920000 45.680000
v 16.799999 17.920001 48.079998
v 16.719999 17.920000 51.199997
v 16.624256 17.919965 49.504251
v 16.799999 18.040000 49.559999
v 16.719999 18.080000 51.199997
v 16.799999 18.080000 51.119999
v 16.719999 18.080000 51.360001
v 16.799999 18.240000 45.840000
v 16.799999 18.160000 46.559998
v 16.799999 18.160000 46.879997
v 16.906901 18.346902 48.079998
v 16.799999 18.240000 49.360001
v 16.800000 18.240001 51.279999
v 16.719999 18.240000 51.360001
v 16.640000 18.240001 47.919998
v 16.800000 18.400001 45.840000
v 16.799999 18.559999 46.000000
v 16.799999 18.559999 47.919998
v 16.690353 18.530304 50.239992
v 16.639998 18.719999 46.160000
v 16.799999 18.720000 46.000000
v 16.799977 18.673105 47.806883
v 16.799999 18.639999 50.079998
v 16.799999 18.639999 50.239997
v 16.639999 18.559999 50.639999
v 16.799998 18.879999 46.160000
v 16.639999 18.799999 47.520000
v 16.799999 18.719999 49.200001
v 16.873783 18.880709 49.913074
v 16.640011 18.673541 49.886297
v 16.959999 18.719999 51.439999
v 16.799999 19.159999 46.439999
v 16.799999 19.279999 46.559998
v 16.639999 19.119999 47.039997
v 16.799999 19.119999 47.200001
v 16.799999 19.119999 47.360000
v 16.639999 19.359999 49.039997
v 16.799999 19.279999 47.039997
v 16.639999 19.520001 48.879997
v 16.879999 19.520000 51.439999
v 16.800000 19.680002 48.879997
v 16.640000 19.679999 50.480000
v 16.799999 19.839999 50.480000
v 16.799999 20.160000 50.160000
v 16.799999 20.080000 50.239998
v 16.799999 20.159998 51.279999
v 16.719999 20.160000 53.119999
v 16.959998 20.320000 49.039997
v 16.799999 20.320000 49.680000
v 16.799999 20.319999 51.119999
v 16.719999 20.320000 52.799999
v 16.719999 20.320000 52.959997
v 16.826840 20.266791 53.439873
v 16.800059 20.559990 51.039832
v 16.759999 20.480000 52.679998
v 16.879999 20.480000 52.960000
v 16.719999 20.480000 53.759998
v 16.799999 20.559999 52.639999
v 16.799999 20.460000 53.659999
v 16.769258 20.640016 53.870802
v 16.800000 20.799998 50.799999
v 16.799999 20.959999 52.559998
v 16.759999 20.799999 53.879999
v 16.799999 20.879999 50.719997
v 16.750760 20.959985 53.889208
v 16.640000 21.039999 50.399999
v 16.799999 21.119999 50.480000
v 16.799999 21.039999 50.559998
v 16.799999 21.039999 52.480000
v 16.719999 21.039999 52.559998
v 16.799999 21.039999 53.919998
v 16.799998 21.119999 54.000000
v 16.799999 21.199999 49.279999
v 16.799999 21.199999 49.439999
v 16.749432 21.309347 49.599872
v 16.850828 21.250843 50.079858
v 16.799999 21.199999 50.079998
v 16.799999 21.199999 50.399998
v 16.799999 21.279999 52.079998
v 16.719999 21.119999 52.639999
v 16.799999 21.199999 53.119999
v 16.797030 21.280038 53.202920
v 16.799999 21.279999 54.000000
v 16.799999 21.359999 49.599998
v 16.799999 21.359999 49.759998
v 16.799999 21.359999 49.919998
v 16.799999 21.439999 53.199997
v 16.799999 21.439999 54.000000
v 16.799999 21.600000 51.919998
v 16.800000 21.440001 52.079998
v 16.799999 21.600000 53.199997
v 16.799998 21.760000 52.559998
v 16.639999 21.920000 51.759998
v 16.799999 21.920000 51.919998
v 16.799999 21.920000 52.559998
v 16.800000 22.080001 52.399998
v 16.640000 22.560000 52.399998
v 16.799999 22.559999 53.039997
v 16.799999 22.639999 52.639999
v 16.799999 22.639999 52.959999
v 16.799999 22.719998 53.840000
v 16.799999 22.879998 51.919998
v 16.800000 22.879999 53.680000
v 16.799999 23.039999 51.919998
v 16.799999 23.119999 53.599998
v 16.799999 23.199999 53.520000
v 16.799999 23.439999 53.279999
v 16.799999 23.359999 53.360001
v 16.799999 23.279999 53.439999
v 16.799999 23.439999 52.000000
v 16.773284 23.440037 52.186833
v 16.800000 23.600000 52.319999
v 16.800000 23.600000 52.479999
v 16.640000 23.439999 52.959999
v 16.799999 23.519999 53.039997
v 16.799999 23.600000 52.799999
v 16.799999 23.600000 52.959999
v 16.959999 15.120000 47.200001
v 16.960004 15.120005 46.559997
v 16.799999 15.120000 47.680001
v 16.920092 15.240059 47.840106
v 16.800001 15.360000 45.840000
v 16.959999 15.360000 46.000000
v 16.959999 15.280000 46.079998
v 16.879889 15.519959 45.919931
v 16.959999 15.440000 47.999999
v 16.959999 15.440000 48.160000
v 16.959999 15.679999 45.840000
v 16.959999 15.520000 48.239998
v 16.960000 15.839999 45.840000
v 16.960000 15.839999 48.239998
v 16.800000 15.999999 45.680000
v 16.911094 15.999951 48.288897
v 16.959999 16.159999 48.399998
v 16.960000 16.320000 45.680000
v 16.959999 16.320000 48.399998
v 16.960000 16.480000 45.680000
v 16.959999 16.559999 46.559998
v 16.959999 16.639999 46.480000
v 16.959999 16.559999 46.879997
v 16.960002 16.639987 46.960012
v 16.959999 16.879999 46.480000
v 16.959999 16.719999 47.039997
v 16.799999 16.959999 47.119999
v 16.800001 17.120000 45.520001
v 16.959999 17.039999 47.360001
v 16.959999 17.119999 47.439999
v 17.119999 17.039999 47.520000
v 16.799998 17.279999 47.439999
v 16.879999 17.440001 47.520000
v 16.959999 17.440001 47.599998
v 16.879999 17.440001 48.320000
v 16.959999 17.440001 48.399998
v 16.879999 17.600000 47.200001
v 16.879999 17.600000 47.360001
v 16.879999 17.600000 47.520000
v 16.959999 17.600000 47.599998
v 16.960000 17.600002 48.239998
v 16.959999 17.680000 50.239997
v 16.879999 17.600000 50.719997
v 16.879999 17.600000 51.039997
v 16.879999 17.760000 47.200001
v 16.959999 17.760000 47.279999
v 16.959999 17.680000 47.360001
v 16.959999 17.680000 47.520000
v 16.879999 17.760000 49.759999
v 16.879999 17.760000 49.919999
v 16.959999 17.680000 50.079998
v 16.989231 17.709263 50.720036
v 16.879999 17.760000 51.039997
v 16.879999 17.920000 47.200001
v 16.960000 17.920002 48.239998
v 16.879999 17.760000 50.879997
v 16.959999 17.920000 51.119999
v 16.799998 18.080000 45.680000
v 16.799999 18.080000 46.480000
v 16.880034 18.079895 47.200090
v 16.879999 18.080000 49.599998
v 16.800040 17.920025 49.679953
v 16.879999 17.920000 49.759998
v 16.959999 18.080000 51.119999
v 16.959999 18.240000 46.480000
v 16.959999 18.160000 47.039997
v 16.959999 18.160000 47.200001
v 16.959999 18.080000 48.079998
v 16.959999 18.160000 49.599998
v 16.959999 18.320000 46.559998
v 16.959999 18.320000 46.719997
v 17.039999 18.400000 46.879996
v 16.959999 18.400000 51.279999
v 16.959999 18.559999 45.840000
v 16.919999 18.440000 48.000000
v 16.960000 18.559999 49.360001
v 16.959999 18.559998 51.439999
v 16.960110 18.639980 45.919990
v 16.959999 18.719998 49.200001
v 16.879999 18.720000 50.399998
v 16.879999 18.719999 50.559998
v 16.959999 18.720000 46.000000
v 16.959999 18.879999 46.160000
v 16.799999 18.799999 47.680000
v 17.039999 18.879998 47.840000
v 16.799999 18.879999 49.039997
v 17.005489 18.845497 50.079944
v 16.959999 18.799999 50.079998
v 16.879999 19.039999 46.239998
v 17.022405 19.102119 46.160020
v 16.959999 18.999999 47.639999
v 16.959999 18.959999 49.919999
v 16.879999 19.199999 46.399998
v 16.986513 19.279978 46.373480
v 17.039999 19.199999 47.520000
v 16.959999 19.199997 49.680000
v 16.959999 19.279999 46.559998
v 16.799999 19.520000 49.039997
v 16.799999 19.680000 50.639999
v 16.959999 19.600000 48.959999
v 16.959999 19.600000 51.360001
v 16.959999 19.760000 50.559998
v 16.959999 20.159999 48.879997
v 16.799999 20.000000 50.480000
v 16.799999 20.080000 50.399998
v 17.119999 20.320000 50.480000
v 17.119999 20.480000 50.160000
v 16.879999 20.320000 53.119999
v 16.879999 20.320000 53.279999
v 16.879999 20.320000 53.439999
v 16.959999 20.480000 49.680000
v 17.119999 20.639999 50.160000
v 16.959999 20.479999 51.119999
v 16.879999 20.480000 53.599998
v 16.959957 20.610201 50.989608
v 16.917251 20.639990 52.677207
v 17.039999 20.639999 52.959999
v 17.039999 20.639999 53.599999
v 16.929228 20.640038 53.710790
v 16.959999 20.719999 50.879997
v 16.960001 20.799999 50.799999
v 16.959998 20.799998 52.719997
v 16.959998 20.799998 53.680000
v 16.960000 20.959999 50.799999
v 16.959998 20.960000 52.719997
v 16.879999 20.959999 53.759998
v 16.959993 21.119993 49.200001
v 16.960065 21.158153 50.601791
v 16.959999 21.039999 50.719997
v 16.879999 21.119999 52.160000
v 16.879999 21.119999 52.480000
v 16.959999 21.119999 52.559998
v 16.959999 20.960000 53.680000
v 16.917539 21.119971 53.882516
v 16.879999 21.279999 49.279999
v 16.799999 21.199999 50.239998
v 16.960055 21.241197 50.518741
v 16.879999 21.279999 52.160000
v 16.879999 21.279999 52.320000
v 16.960062 21.230636 52.449404
v 16.879999 21.279999 52.639999
v 16.959999 21.279998 53.840000
v 16.959999 21.359999 49.439999
v 16.959999 21.359999 50.079998
v 16.960000 21.359999 50.239998
v 16.959999 21.359999 50.399998
v 16.959999 21.359999 52.160000
v 16.959999 21.359999 52.319999
v 16.879999 21.439999 52.799999
v 16.879999 21.439999 53.119999
v 16.959998 21.439998 53.840000
v 16.959999 21.440000 52.079998
v 16.879999 21.599999 52.639999
v 17.039999 21.600001 52.799999
v 16.959993 21.519951 53.120032
v 16.959999 21.600000 53.199997
v 16.959999 21.760000 52.719997
v 16.959999 21.760000 53.199997
v 16.959999 22.080000 51.919998
v 16.959999 21.920001 52.559998
v 16.959998 22.080000 52.399998
v 16.959999 22.240001 51.759998
v 16.959998 22.400000 54.000000
v 16.959998 22.559999 53.199997
v 16.960000 22.559998 53.840000
v 16.799999 22.719999 51.759998
v 16.959999 22.639999 52.479999
v 16.959998 22.799998 52.959998
v 16.959982 22.640028 53.120039
v 16.960000 22.879999 51.759998
v 16.959999 22.799999 52.639999
v 16.959999 22.799999 52.959999
v 16.959998 22.879998 53.840000
v 16.960000 23.039999 53.680000
v 16.879931 23.039981 51.839887
v 16.959999 23.199999 51.919998
v 16.960007 23.161582 53.558370
v 16.799999 23.359999 51.919998
v 16.960113 23.321603 53.398416
v 16.959999 23.439999 52.000000
v 16.959999 23.519999 52.079998
v 16.826792 23.439946 53.146800
v 16.964401 23.528413 53.195986
v 16.959999 23.600000 52.160000
v 16.909350 23.709236 52.479875
v 17.010663 23.650989 52.960153
v 16.959999 23.600000 52.959999
v 16.959999 23.760000 52.480000
v 16.959999 23.760000 52.639999
v 16.959999 23.760000 52.799999
v 17.005527 15.165573 46.560338
v 17.040001 15.200001 46.720004
v 17.039999 15.200000 47.200001
v 17.039999 15.200000 47.360001
v 17.039999 15.200000 47.520000
v 17.070874 15.359971 46.110885
v 17.119999 15.280000 46.239998
v 17.119999 15.280000 46.559998
v 17.149306 15.309279 47.360036
v 17.039999 15.360000 47.520000
v 17.039999 15.360000 47.680000
v 17.039999 15.360000 47.840000
v 16.986707 15.519996 46.026682
v 17.119999 15.440000 47.520000
v 17.159869 15.479909 47.679968
v 17.039999 15.520000 47.839999
v 17.039999 15.520000 48.000001
v 17.039999 15.520000 48.160000
v 17.077268 15.679994 45.957239
v 17.119999 15.599999 46.079998
v 17.039999 15.679999 48.159999
v 17.120000 15.840001 46.000000
v 17.040003 16.000010 48.160029
v 17.119999 15.839999 48.079998
v 16.986683 16.000030 45.866689
v 17.119999 15.999999 48.079998
v 16.960001 16.160001 45.680000
v 17.119999 15.999999 46.000000
v 17.120000 16.160000 48.239998
v 17.119999 16.320000 45.840000
v 17.120000 16.320000 48.239998
v 17.039991 16.480061 45.760024
v 17.119999 16.480000 45.840000
v 17.119999 16.479998 48.399998
v 17.119999 16.639999 45.680000
v 17.119999 16.719999 46.559998
v 17.119999 16.719999 46.879997
v 17.119999 16.959999 46.480000
v 17.119999 17.119999 46.480000
v 17.440000 17.119997 48.399998
v 16.959999 17.279999 47.599998
v 17.199999 17.440001 48.399998
v 17.119999 17.760000 47.279999
v 17.119999 17.680000 47.360001
v 17.039999 17.760000 50.079998
v 17.039999 17.760000 50.239998
v 17.039999 17.760000 50.559998
v 17.039999 17.760000 50.719997
v 17.119999 17.920001 48.239998
v 17.039999 17.920000 50.080000
v 17.039999 17.760000 50.399998
v 17.149058 17.869213 50.560246
v 17.039999 17.920000 50.879997
v 17.039999 17.920000 51.039997
v 16.959999 18.080000 47.279999
v 17.119997 18.080000 48.079998
v 17.119999 18.080000 49.840000
v 17.039999 17.920000 49.919998
v 17.039999 17.920000 50.719997
v 17.119999 18.000000 50.879997
v 17.039999 18.079999 51.039997
v 17.119999 18.080001 45.680000
v 17.119999 18.240000 45.840000
v 17.119999 18.240000 46.480000
v 17.039999 18.240000 47.039998
v 17.039999 18.240000 47.200001
v 17.079999 18.120000 49.759998
v 16.960088 18.159980 51.200120
v 16.959999 18.240000 51.279999
v 17.120000 18.320000 46.559998
v 17.119999 18.400000 47.279999
v 17.119999 18.240000 48.079998
v 17.182240 18.538519 49.443721
v 17.119999 18.480000 46.879997
v 17.039999 18.559999 48.000000
v 17.119999 18.559999 48.079998
v 17.119999 18.559999 49.360001
v 17.120000 18.559999 51.279999
v 17.119999 18.719999 46.000000
v 17.119999 18.720001 47.919998
v 17.119999 18.639999 49.279999
v 17.120000 18.720000 51.279999
v 17.119999 18.879999 46.000000
v 17.119999 18.879999 47.919998
v 17.119999 18.879999 49.200001
v 17.039999 18.879999 50.239998
v 17.119999 18.879999 51.439999
v 17.079999 18.919999 46.079998
v 17.039999 19.039999 47.840000
v 17.119999 19.039999 47.919998
v 17.279999 19.199999 49.200001
v 17.119999 18.959999 49.920000
v 17.119999 18.959999 50.079998
v 17.199999 19.039999 50.559998
v 17.119999 19.039999 50.639999
v 17.279999 19.359999 46.160000
v 17.039999 19.199999 47.680000
v 17.120001 19.150957 47.809057
v 17.119999 19.119999 49.759998
v 17.279999 19.199999 49.680000
v 17.119999 19.199999 50.639999
v 17.119999 19.279999 46.239998
v 17.119999 19.279999 46.399999
v 17.039999 19.359999 47.360001
v 17.119999 19.359999 47.439999
v 17.119999 19.279999 47.680000
v 17.119999 19.359999 50.639999
v 17.119999 19.359999 51.439999
v 17.119974 19.440013 47.360068
v 16.959999 19.520000 49.039997
v 17.120000 19.520000 51.439999
v 16.959998 19.680000 48.879997
v 16.959999 19.680000 50.639999
v 17.119999 19.680001 51.279999
v 17.119999 19.840000 49.039997
v 16.960000 19.840000 50.480000
v 17.119998 20.159999 49.039997
v 17.119999 20.000000 50.480000
v 17.119999 19.920000 50.559998
v 17.279999 20.160000 51.279999
v 17.119999 20.400000 50.239998
v 17.119999 20.320000 51.119999
v 17.440001 20.480000 49.680000
v 17.119999 20.400000 50.399998
v 17.199999 20.480000 51.119999
v 17.279999 20.799999 49.680000
v 17.119999 20.639999 51.119999
v 17.039999 20.639999 52.799999
v 17.039999 20.639999 53.439998
v 17.119998 20.799998 50.959999
v 17.039999 20.799998 52.799999
v 17.119999 20.719999 52.959999
v 17.199999 20.799999 53.439999
v 17.119999 20.799999 53.520000
v 17.039999 20.799999 53.599998
v 17.120000 20.959999 50.799999
v 17.119999 20.959999 52.719997
v 17.119999 20.879999 52.799999
v 17.119999 20.959999 53.680000
v 17.119999 21.119999 49.039997
v 17.119989 21.081766 50.678239
v 17.119999 21.079999 52.599998
v 17.119998 21.119999 53.680000
v 17.119999 21.199999 50.559998
v 17.119982 21.250200 50.509668
v 17.119999 21.199999 52.480000
v 17.119997 21.279998 53.680000
v 17.039869 21.440138 49.279668
v 17.120171 21.440002 49.200211
v 17.077998 21.478011 49.280082
v 17.108423 21.508424 49.514635
v 17.119999 21.439999 50.320000
v 17.279999 21.439999 52.079998
v 16.959998 21.600000 51.919998
v 17.120609 21.600627 52.080286
v 17.039999 21.600000 53.119999
v 17.119999 21.600001 53.840000
v 17.119999 21.760000 51.919998
v 17.199980 21.759998 51.999983
v 17.039999 21.760000 52.799999
v 17.039999 21.760000 53.119999
v 16.959999 21.840000 52.639999
v 17.119999 21.840000 52.799999
v 17.119999 21.840000 53.119999
v 17.119999 21.920000 53.199997
v 17.119999 22.080000 51.919998
v 17.119999 22.080000 52.559998
v 17.279990 22.160015 51.840006
v 17.119999 22.400000 53.840000
v 17.119998 22.559998 52.399998
v 17.119999 22.799999 52.639999
v 17.119999 22.719999 53.039997
v 17.119999 22.799999 52.959999
v 17.279999 22.879999 53.840000
v 16.959999 23.039999 51.759998
v 17.119999 23.199999 51.759998
v 17.119923 23.279963 53.600013
v 17.119999 23.199999 53.680000
v 17.120092 23.280002 51.840028
v 17.119950 23.439995 53.440019
v 17.119999 23.359999 53.520000
v 17.119999 23.359998 51.919998
v 17.119997 23.519999 52.079998
v 16.960000 23.439999 53.279999
v 17.119999 23.519999 53.360001
v 16.959999 23.600000 52.320000
v 16.959999 23.600000 53.119999
v 17.199989 23.839991 52.160000
v 17.119999 23.760000 52.320000
v 17.119999 23.760000 52.959999
v 17.199999 15.360000 46.239998
v 17.199999 15.360000 47.200002
v 17.199999 15.360000 47.360001
v 17.199999 15.519999 46.239999
v 17.199999 15.519999 46.399998
v 17.279999 15.520000 46.799999
v 17.360064 15.520087 47.200131
v 17.199999 15.520000 47.360001
v 17.199999 15.520000 47.520000
v 17.199999 15.679999 46.079998
v 17.199994 15.706641 46.213479
v 17.279999 15.679999 46.320000
v 17.243074 15.562983 47.359831
v 17.199999 15.679999 47.840001
v 17.306303 15.626557 47.680027
v 17.199999 15.679999 48.000000
v 17.199999 15.840000 46.079998
v 17.279999 15.799999 47.879999
v 17.199999 15.839999 48.000000
v 17.279999 16.000000 48.079998
v 17.119999 16.159999 45.840000
v 17.279999 16.159998 48.079998
v 17.279999 16.320000 48.239998
v 17.279999 16.479999 45.840000
v 17.280000 16.479999 48.239998
v 17.280000 16.640000 45.840000
v 17.280000 16.640000 48.239998
v 17.321693 16.762134 46.720096
v 17.279999 16.719999 46.719997
v 17.279999 16.719999 47.039997
v 17.279999 16.799999 47.119999
v 17.279999 16.799999 48.399998
v 17.280000 16.959998 45.680000
v 17.199999 16.799999 46.559998
v 17.278513 16.958820 46.480287
v 17.279999 16.959999 48.399998
v 17.279999 17.119999 45.680000
v 17.440001 17.039999 47.200001
v 17.119999 17.119999 47.599998
v 17.440001 17.279999 46.480000
v 17.279999 17.600000 48.239998
v 17.119999 17.680000 47.520000
v 17.279999 17.920000 47.279999
v 17.359999 17.920000 47.520000
v 17.199999 17.920000 50.239998
v 17.199999 17.920000 50.559998
v 17.279999 18.080000 47.279999
v 17.279999 18.080000 48.239998
v 17.199999 18.080000 50.079997
v 17.199999 18.080000 50.719997
v 17.240084 18.120064 50.880117
v 17.279999 18.240000 45.680000
v 17.119999 18.240000 47.279999
v 17.279999 18.240000 48.239998
v 17.279999 18.160000 49.919998
v 17.359999 18.240000 50.079998
v 17.239999 18.240000 50.999998
v 17.279912 18.320027 45.759995
v 17.199999 18.400000 46.559998
v 17.280356 18.560314 47.279708
v 17.203525 18.239877 48.163560
v 17.279999 18.400000 48.079998
v 17.279999 18.400000 49.680000
v 17.199999 18.320000 51.119997
v 17.185217 18.465099 51.280161
v 17.279999 18.400000 51.119999
v 17.335183 18.455088 46.480172
v 17.199999 18.559999 46.719997
v 17.199999 18.559999 47.039997
v 17.199999 18.559999 47.200001
v 17.279999 18.560000 48.079998
v 17.359999 18.559999 51.199997
v 17.279999 18.559999 51.279999
v 17.279998 18.719999 45.840000
v 17.252198 18.612206 46.720066
v 17.359999 18.719999 47.039997
v 17.279997 18.719999 47.919998
v 17.120000 18.719999 49.200001
v 17.199999 18.879999 45.919998
v 17.279999 19.039999 45.840000
v 17.239427 18.879999 49.319428
v 17.200006 18.879890 51.359942
v 17.279999 18.879999 51.279999
v 17.199999 19.039999 45.919998
v 17.199999 19.039999 46.079998
v 17.440001 19.039999 47.919998
v 17.279999 19.039998 49.200001
v 17.279999 19.119999 50.079998
v 17.199999 19.039999 50.239998
v 17.279998 19.039585 51.279999
v 17.279999 19.119999 45.919998
v 17.279999 19.119999 46.079998
v 17.280185 19.200000 46.160158
v 17.280000 19.199999 47.759998
v 17.279999 19.119999 49.759998
v 17.279999 19.119999 49.919997
v 17.308993 19.148997 50.239857
v 17.199999 19.199999 50.399998
v 17.199999 19.199999 50.559998
v 17.199999 19.359999 46.239998
v 17.199999 19.359999 46.399998
v 17.119999 19.279999 47.520000
v 17.279999 19.359999 49.039997
v 17.279999 19.359999 49.680000
v 17.280437 19.280438 50.559998
v 17.279972 19.360082 50.639907
v 17.279998 19.520001 46.320000
v 17.199999 19.520000 46.559997
v 17.199999 19.520000 47.039998
v 17.199999 19.520000 47.360001
v 17.279999 19.480000 47.480000
v 17.279999 19.520000 49.039997
v 17.279999 19.520000 50.639999
v 17.279999 19.520000 51.279999
v 17.199999 19.680000 46.559999
v 17.360106 19.680115 47.040151
v 17.199999 19.520000 47.200001
v 17.279999 19.600000 47.360001
v 17.119999 19.680000 49.039997
v 17.440001 19.680000 49.680000
v 17.279999 19.760000 46.559998
v 17.279999 19.760000 46.879998
v 17.119999 19.840000 50.639999
v 17.279999 20.000000 50.480000
v 17.279999 20.320000 50.480000
v 17.279999 20.240000 51.199997
v 17.279999 20.320000 51.119999
v 17.230459 20.480013 50.270495
v 17.279999 20.400000 50.399998
v 17.440001 20.639999 49.680000
v 17.280228 20.639999 50.320229
v 17.279999 20.639999 51.119999
v 17.279999 20.799999 50.160000
v 17.196816 20.639873 50.236882
v 17.279999 20.719999 51.039997
v 17.279999 20.799999 50.959999
v 17.200054 20.800020 52.960166
v 17.199999 20.799999 53.279998
v 17.199999 20.959999 49.039997
v 17.279999 20.879999 49.759998
v 17.279999 20.879999 50.079998
v 17.440001 21.119999 50.959999
v 17.279998 20.879999 52.799998
v 17.279999 20.879999 52.959999
v 17.359999 20.959999 53.119999
v 17.199999 20.959999 53.599998
v 17.280112 21.280679 49.039966
v 17.199999 21.119999 50.719997
v 17.279999 21.119999 50.799999
v 17.279999 21.039999 52.639999
v 17.199999 21.119999 53.599998
v 17.239999 21.319999 49.119999
v 17.281192 21.240536 50.680654
v 17.280000 21.280000 52.399998
v 17.279997 21.279999 53.680000
v 17.440001 21.600000 49.200001
v 17.119999 21.359999 50.399998
v 17.279877 21.439836 50.480040
v 17.279999 21.359999 52.160000
v 17.279999 21.359999 52.320000
v 17.279999 21.600000 49.200001
v 17.119746 21.519764 50.239725
v 17.279999 21.600000 50.320000
v 17.279997 21.600001 53.840000
v 17.279999 21.680000 49.279999
v 17.279999 21.680000 50.079998
v 17.279999 21.760000 52.079998
v 17.279999 21.760000 53.840000
v 17.278521 21.918904 51.920059
v 17.279999 21.840000 52.639999
v 17.279999 21.920000 52.559998
v 17.279999 21.840000 53.119999
v 17.279999 21.920000 53.199997
v 17.279999 22.080000 51.919998
v 17.279999 22.080001 52.559998
v 17.279999 22.080000 53.840000
v 17.279999 22.240000 51.759998
v 17.279997 22.240000 52.399998
v 17.360000 22.160000 53.840000
v 17.279999 22.400000 51.759998
v 17.279999 22.400000 52.399998
v 17.199999 22.559999 51.759998
v 17.199999 22.719999 52.480000
v 17.279999 22.719999 52.399998
v 17.279999 22.720000 53.039997
v 17.199999 22.879999 52.639999
v 17.199999 22.879999 52.959999
v 17.199999 23.039999 52.480000
v 17.279999 23.039999 52.399998
v 17.199999 23.039999 52.799999
v 17.280014 22.990866 52.929065
v 17.279999 22.959999 53.759998
v 17.279999 23.039999 53.680000
v 17.279999 23.119999 52.480000
v 17.279999 23.119999 52.799999
v 17.279999 23.199998 53.680000
v 17.279998 23.359997 51.919998
v 17.280033 23.350620 53.529365
v 17.199999 23.519999 52.000000
v 17.320235 23.560253 51.919994
v 17.279999 23.439999 53.439999
v 17.279999 23.519999 53.360001
v 17.279999 23.760000 53.279999
v 17.279999 23.680000 53.360001
v 17.279998 23.920000 53.119998
v 17.279999 23.920000 52.320000
v 17.279998 23.920000 52.799999
v 17.359999 15.520000 46.879997
v 17.359999 15.520000 47.039997
v 17.359999 15.679999 46.399998
v 17.359999 15.679999 46.559998
v 17.484861 15.644603 46.880099
v 17.440001 15.599999 47.039997
v 17.359770 15.679771 47.360000
v 17.474425 15.634549 47.199769
v 17.359999 15.679999 47.520000
v 17.359999 15.679999 47.680000
v 17.359999 15.839999 46.239998
v 17.359999 15.839999 46.399998
v 17.520000 15.839999 47.520000
v 17.359989 15.812807 47.652936
v 17.359999 15.839999 47.840000
v 17.359999 16.000000 46.079998
v 17.509645 15.989770 46.240059
v 17.440001 15.920000 47.680000
v 17.360011 15.979993 47.819973
v 17.359999 16.000000 48.000000
v 17.440001 16.159999 46.000000
v 17.440001 16.080000 47.840000
v 17.359999 16.160000 48.000000
v 17.280000 16.320000 45.840000
v 17.440001 16.320000 46.000000
v 17.440002 16.160000 47.919998
v 17.440001 16.320000 48.079998
v 17.378528 16.480027 45.938702
v 17.440001 16.479999 48.079998
v 17.279999 16.799999 45.840000
v 17.279999 16.719999 46.879997
v 17.359999 16.799999 47.039997
v 17.359958 16.799903 48.319973
v 17.440001 16.799999 48.239998
v 17.440001 16.959999 45.840000
v 17.359999 16.959999 46.559998
v 17.440001 16.959999 46.639999
v 17.439971 16.879972 47.040005
v 17.440001 16.959999 48.239998
v 17.378397 17.120123 45.778643
v 17.440001 17.119998 46.480000
v 17.440001 17.279999 45.680000
v 17.440002 17.440000 48.399998
v 17.440001 17.600000 45.680000
v 17.600000 17.440001 46.480000
v 17.440001 17.600001 48.239998
v 17.279854 17.759917 47.599902
v 17.359999 17.920000 47.360001
v 17.359999 18.080000 47.360001
v 17.439992 18.039847 47.480145
v 17.440001 18.240000 45.680000
v 17.520000 18.240000 46.480000
v 17.425811 18.225617 47.279697
v 17.306144 18.185583 49.920098
v 17.359999 18.239999 50.719998
v 17.359999 18.240000 50.879997
v 17.440001 18.400000 46.480000
v 17.440001 18.400000 47.279999
v 17.359999 18.400000 48.160000
v 17.439839 18.399901 48.240051
v 17.484424 18.364376 49.919879
v 17.400000 18.280000 50.159998
v 17.520000 18.399999 50.559997
v 17.359953 18.373295 50.853290
v 17.359999 18.400000 51.039997
v 17.359999 18.559999 46.559998
v 17.426105 18.546491 48.080148
v 17.440001 18.480000 49.759998
v 17.440001 18.480000 50.879997
v 17.359995 18.560072 51.039997
v 17.476004 18.595909 46.480028
v 17.359999 18.719999 46.719997
v 17.360758 18.720758 46.881136
v 17.357031 18.717128 47.199890
v 17.440001 18.719999 47.279999
v 17.458805 18.738871 48.079959
v 17.440001 18.720001 51.119999
v 17.359999 18.719999 51.199997
v 17.418255 18.778217 46.719928
v 17.440001 18.799999 47.039997
v 17.386213 18.826521 47.919972
v 17.359999 18.879999 49.439999
v 17.362492 18.880004 51.197527
v 17.440001 18.879999 51.119999
v 17.359999 19.039999 49.279999
v 17.359999 19.039999 49.599998
v 17.440001 19.039999 49.680000
v 17.440001 19.039999 51.279999
v 17.440001 19.119999 45.919998
v 17.439999 19.199999 46.000000
v 17.440072 19.120032 47.839983
v 17.440001 19.199999 47.759998
v 17.359999 19.199999 49.279999
v 17.359999 19.199999 49.599998
v 17.359999 19.119999 49.680000
v 17.359999 19.199999 49.759998
v 17.359999 19.199999 50.239998
v 17.439999 19.199998 51.279999
v 17.439999 19.359999 46.160000
v 17.279998 19.279999 47.680000
v 17.440000 19.359998 49.200001
v 17.440001 19.279999 49.599998
v 17.359999 19.279999 49.680000
v 17.359999 19.359999 49.919998
v 17.359999 19.359998 50.399997
v 17.400000 19.560000 47.520000
v 17.499405 19.544257 47.635147
v 17.440000 19.520000 49.200001
v 17.359999 19.359998 49.759998
v 17.440001 19.520000 49.680000
v 17.440000 19.520000 50.639999
v 17.440001 19.680000 46.320000
v 17.440000 19.760000 47.039997
v 17.416840 19.736774 47.359999
v 17.440001 19.680000 49.039997
v 17.600000 19.680000 51.279999
v 17.440000 19.760000 46.399998
v 17.440001 19.760000 46.559998
v 17.440001 19.760000 47.200001
v 17.440001 19.760000 47.360001
v 17.440001 19.840000 50.639999
v 17.600000 19.840000 49.680000
v 17.440001 20.000000 50.480000
v 17.440001 19.920000 50.559998
v 17.520000 20.160000 51.279999
v 17.600000 20.320000 49.680000
v 17.420428 20.300603 51.280157
v 17.440001 20.480000 50.480000
v 17.494317 20.534534 51.119609
v 17.440001 20.799999 49.680000
v 17.359999 20.799999 50.239998
v 17.440032 20.756212 50.363840
v 17.440001 20.799999 51.119999
v 17.440000 20.879999 49.759998
v 17.440001 20.879999 50.079998
v 17.440001 20.879999 50.239998
v 17.440000 20.959998 50.959999
v 17.440000 21.039999 52.800001
v 17.393802 20.993808 53.280005
v 17.439953 21.120030 52.559937
v 17.520000 21.119998 53.119998
v 17.400000 21.119999 53.400000
v 17.440000 21.279997 50.799999
v 17.440001 21.199999 52.480000
v 17.440001 21.280000 53.520000
v 17.440001 21.439999 49.039997
v 17.400000 21.439999 50.599998
v 17.440001 21.359999 50.719997
v 17.600000 21.599999 52.399998
v 17.279996 21.439998 53.680000
v 17.439931 21.523448 49.123478
v 17.440001 21.600000 52.079998
v 17.440001 21.440001 53.520000
v 17.440001 21.680000 49.279999
v 17.406000 21.805963 49.439934
v 17.400000 21.800000 49.759998
v 17.440000 21.840000 49.919998
v 17.359999 21.760000 50.079998
v 17.357087 21.757178 50.240030
v 17.440000 21.680000 50.399999
v 17.440001 21.920000 52.079998
v 17.439998 21.759999 53.680000
v 17.440001 21.840000 49.439999
v 17.440000 21.840000 49.599999
v 17.440001 21.840000 50.239998
v 17.359999 21.920000 52.000000
v 17.359999 21.920000 52.639999
v 17.359999 21.920000 53.119999
v 17.439885 21.920269 53.840438
v 17.440001 22.080001 51.919998
v 17.359999 22.079999 52.639999
v 17.359999 22.079999 52.960000
v 17.359999 22.240000 51.840000
v 17.440001 22.240000 52.559998
v 17.440001 22.240000 53.039997
v 17.600000 22.399999 53.840000
v 17.426008 22.386142 51.759841
v 17.359999 22.400000 52.480000
v 17.440001 22.400000 52.559998
v 17.359999 22.240000 53.119999
v 17.440001 22.559999 53.039997
v 17.440001 22.560001 52.399998
v 17.279999 22.559999 53.199997
v 17.279999 22.879999 53.039997
v 17.440001 23.039999 52.879997
v 17.440001 22.959999 52.959999
v 17.440001 23.039999 53.840000
v 17.279999 23.199999 51.759998
v 17.440001 23.119999 53.759998
v 17.440001 23.199999 53.680000
v 17.359999 23.359999 51.840000
v 17.450513 23.370770 51.759808
v 17.470302 23.550402 51.919887
v 17.440001 23.519998 53.520000
v 17.440001 23.439999 53.599998
v 17.440404 23.679998 51.919984
v 17.440001 23.680000 53.520001
v 17.400085 23.720113 52.000028
v 17.440000 23.840000 53.199997
v 17.440001 23.760000 53.439999
v 17.359872 23.999796 52.160001
v 17.440000 24.000000 52.079998
v 17.439999 24.080000 52.160000
v 17.440001 24.080000 52.480000
v 17.471446 23.951349 52.960072
v 17.440001 23.920000 52.959999
v 17.440001 24.080000 52.799999
v 17.520000 15.679999 46.879997
v 17.520000 15.679999 47.200001
v 17.520000 15.839999 46.559998
v 17.520000 15.839999 46.719997
v 17.520000 15.839999 47.200001
v 17.520000 16.000000 46.239998
v 17.520000 16.000000 46.399998
v 17.650136 15.970208 46.560044
v 17.600000 15.920000 46.719997
v 17.680000 16.000000 46.975045
v 17.632164 15.952247 47.360155
v 17.520000 16.000000 47.680000
v 17.520000 16.160000 46.079998
v 17.519981 16.160027 46.240006
v 17.600000 16.160000 46.320000
v 17.520000 16.000000 47.520000
v 17.600000 16.080000 47.680000
v 17.600000 16.080000 47.840000
v 17.600000 16.160000 47.919998
v 17.520000 16.320000 46.079998
v 17.600000 16.320000 46.160000
v 17.600000 16.319999 47.919998
v 17.440001 16.480000 46.000000
v 17.600000 16.639999 48.079998
v 17.600000 16.799998 45.840000
v 17.560120 16.760118 48.239998
v 17.600000 16.959999 45.840000
v 17.520000 16.959998 46.719998
v 17.520000 16.959999 47.039997
v 17.440001 17.119999 45.840000
v 17.520000 17.119999 46.559998
v 17.520000 17.119999 46.719997
v 17.520000 17.119999 47.200001
v 17.600001 17.119999 48.239998
v 17.600002 17.279999 45.840000
v 17.520000 17.280000 46.559998
v 17.600000 17.199999 46.719997
v 17.600000 17.199999 47.520000
v 17.440001 17.119999 47.599998
v 17.600000 17.440000 48.239998
v 17.440001 17.440001 45.680000
v 17.600000 17.359999 46.559998
v 17.520000 17.520000 47.599998
v 17.520042 17.600085 45.760024
v 17.600000 17.600000 45.840000
v 17.600002 17.760001 45.680000
v 17.600000 17.760000 47.599998
v 17.680000 17.680000 48.239998
v 17.440147 17.920159 47.599941
v 17.600000 18.240000 45.680000
v 17.600000 18.080000 47.599998
v 17.680000 18.080000 48.239998
v 17.520000 18.240000 47.360001
v 17.600000 18.240000 47.439999
v 17.600000 18.240000 48.239998
v 17.680000 18.400000 46.480000
v 17.600000 18.400000 47.279999
v 17.680000 18.320000 48.239998
v 17.520000 18.400000 49.919998
v 17.520000 18.400000 50.079998
v 17.520000 18.400000 50.719997
v 17.600000 18.559999 46.480000
v 17.600000 18.719999 47.279999
v 17.600000 18.559999 48.239998
v 17.520000 18.560000 49.759999
v 17.520023 18.586684 49.893328
v 17.600000 18.559999 50.000000
v 17.639978 18.520004 50.560062
v 17.520000 18.559999 50.719999
v 17.520000 18.559999 50.879997
v 17.520000 18.719999 46.559998
v 17.520000 18.559999 48.160000
v 17.600000 18.719999 48.079998
v 17.520000 18.719999 49.759998
v 17.600000 18.719999 49.840000
v 17.560000 18.759999 51.039997
v 17.600000 18.719999 50.959999
v 17.662566 18.782447 46.480053
v 17.520000 18.879999 46.719997
v 17.520000 18.879999 46.879997
v 17.440245 18.800088 47.200187
v 17.600000 18.879999 47.279999
v 17.600207 18.880206 48.079998
v 17.440001 18.879999 49.680000
v 17.600000 18.879999 49.840000
v 17.600000 18.879999 51.119999
v 17.565138 18.925100 46.720042
v 17.600000 18.959999 47.039997
v 17.600000 18.959999 47.200001
v 17.600000 19.039999 47.919998
v 17.600000 19.039997 49.680000
v 17.600000 19.039999 51.119999
v 17.600000 19.199999 46.000000
v 17.520023 19.200004 47.840017
v 17.600000 19.199999 47.919998
v 17.440001 19.199999 49.680000
v 17.600000 19.200000 51.119999
v 17.620847 19.380882 46.000037
v 17.440001 19.279999 49.279999
v 17.600000 19.423664 49.296334
v 17.600000 19.279999 49.439999
v 17.600000 19.359999 51.279999
v 17.439999 19.520000 46.320000
v 17.600000 19.520000 47.759998
v 17.520000 19.520000 49.759998
v 17.520000 19.520000 50.399997
v 17.520000 19.520000 50.559998
v 17.600000 19.520000 49.200001
v 17.520000 19.680000 49.759998
v 17.520000 19.680000 49.919998
v 17.520000 19.520000 50.079998
v 17.520000 19.680000 50.559998
v 17.600000 19.680000 50.480000
v 17.549114 19.869182 46.560082
v 17.600000 19.920000 46.879997
v 17.680000 19.840000 47.359999
v 17.600000 19.760000 47.360001
v 17.600000 19.760000 47.520001
v 17.600000 19.840000 49.039997
v 17.600000 19.760000 49.759998
v 17.600000 19.760000 49.919999
v 17.599999 19.840001 50.480000
v 17.600000 19.920000 46.559998
v 17.600000 19.920000 46.719996
v 17.760000 19.840000 51.279999
v 17.920000 20.000000 49.680000
v 17.680000 20.320000 51.279999
v 17.600000 20.479998 49.520000
v 17.600000 20.479998 51.279999
v 17.519922 20.479990 49.600008
v 17.600000 20.800000 49.520000
v 17.440001 20.639999 50.480000
v 17.600001 20.640000 51.119999
v 17.600001 20.959999 49.039997
v 17.600001 20.800000 50.320000
v 17.600000 20.719999 50.399998
v 17.600000 20.799998 51.119999
v 17.680000 20.959998 49.599998
v 17.760110 21.107468 50.172459
v 17.600000 20.879999 50.239998
v 17.600001 20.959999 50.959999
v 17.600000 21.119999 50.959999
v 17.440000 21.039999 52.640000
v 17.520000 21.119999 53.279999
v 17.600000 21.439999 49.039997
v 17.600000 21.279999 50.799999
v 17.439999 21.279999 52.399998
v 17.639973 21.239969 53.119918
v 17.520000 21.279999 53.279998
v 17.520000 21.279999 53.439999
v 17.611791 21.451676 50.800003
v 17.600000 21.440000 52.399998
v 17.600000 21.520000 49.119999
v 17.600000 21.680000 50.559997
v 17.600000 21.600000 50.639999
v 17.600000 21.520000 50.719997
v 17.600000 21.680000 52.160000
v 17.440001 21.600002 53.680000
v 17.600000 21.600000 53.520000
v 17.760000 21.920000 49.200001
v 17.600000 21.680000 50.399998
v 17.600002 21.680002 50.399998
v 17.600000 21.760000 52.079998
v 17.679906 21.760028 53.599936
v 17.600000 21.760000 53.680000
v 17.600000 21.840000 49.279999
v 17.600000 21.840000 49.439999
v 17.559994 21.959992 49.600077
v 17.560000 21.960000 49.759998
v 17.500420 21.900398 49.920341
v 17.600000 21.840000 50.079998
v 17.600000 21.920002 53.680000
v 17.600000 22.000000 49.919998
v 17.600000 21.920001 52.079998
v 17.599999 22.080000 53.840000
v 17.439874 22.240107 51.920072
v 17.520000 22.400000 51.840000
v 17.600000 22.400000 52.559998
v 17.680000 22.400000 52.959999
v 17.600001 22.560001 51.759998
v 17.600000 22.560000 52.399998
v 17.600000 22.399999 53.039997
v 17.600002 22.879999 53.039997
v 17.600001 23.040000 52.879997
v 17.760000 23.039999 53.840000
v 17.600000 23.199999 53.680000
v 17.600000 23.359999 51.759998
v 17.680000 23.359999 53.680000
v 17.520000 23.519999 51.840000
v 17.633344 23.553512 51.759891
v 17.520108 23.440296 53.679957
v 17.600001 23.680000 53.520000
v 17.440001 23.760000 53.279999
v 17.600000 23.760000 53.439999
v 17.600001 24.000000 52.079998
v 17.440001 23.920000 53.119999
v 17.600000 24.000000 53.199997
v 17.600001 24.080000 52.160000
v 17.600000 24.080000 52.959999
v 17.600000 24.080000 53.119999
v 17.680000 16.000000 46.559998
v 17.680000 16.160000 46.399998
v 17.680000 16.160000 47.680000
v 17.680000 16.160000 47.840000
v 17.680000 16.320000 46.239998
v 17.810019 16.289943 46.400034
v 17.800000 16.280000 46.639997
v 17.800000 16.280000 47.360001
v 17.760000 16.240000 47.520000
v 17.680000 16.320000 47.679999
v 17.680000 16.319999 47.840001
v 17.680000 16.480000 46.079998
v 17.760000 16.400000 46.239998
v 17.760000 16.480000 47.919998
v 17.760000 16.639998 46.000000
v 17.760000 16.559999 48.000000
v 17.824847 16.704835 48.079958
v 17.760001 16.800000 46.000000
v 17.760000 16.799999 48.079998
v 17.679835 16.960032 45.919997
v 17.760000 16.959999 46.000000
v 17.760000 16.959998 48.239998
v 17.760000 17.119999 45.840000
v 17.840000 17.279999 46.879998
v 17.760000 17.199999 46.879997
v 17.760000 17.199999 47.360000
v 17.680000 17.279999 47.520000
v 17.760000 17.279999 48.239998
v 17.600000 17.440001 45.840000
v 17.723306 17.440015 46.603318
v 17.760000 17.359999 46.719997
v 17.754788 17.435388 47.600084
v 17.760001 17.760001 45.840000
v 17.600001 17.600000 46.480000
v 17.840000 17.600000 46.719999
v 17.680000 17.600000 47.599998
v 17.760000 17.760000 46.480000
v 17.600000 17.920000 45.680000
v 17.920000 17.760000 46.480000
v 17.760000 18.000000 47.599998
v 17.679982 18.239993 45.759978
v 17.760000 18.240000 45.840000
v 17.680039 18.399956 47.360008
v 17.760001 18.400001 47.439999
v 17.840000 18.559999 46.480000
v 17.760000 18.559999 47.439999
v 17.680000 18.559999 50.079998
v 17.680000 18.559999 50.239998
v 17.760000 18.719999 46.480000
v 17.680017 18.720003 47.360134
v 17.680000 18.719999 49.919998
v 17.680000 18.719999 50.080000
v 17.639941 18.679923 50.719896
v 17.786686 18.666834 50.560164
v 17.720135 18.760126 50.879945
v 17.680000 18.879999 46.559998
v 17.759999 18.879999 47.279999
v 17.920000 19.039999 48.079998
v 17.760000 18.879999 49.840000
v 17.760000 18.799999 50.719997
v 17.729386 18.879968 50.990625
v 17.822052 18.942158 46.479993
v 17.680000 19.039999 46.719997
v 17.679993 19.039992 46.879987
v 17.760000 18.959999 47.200001
v 17.710904 19.040059 51.009110
v 17.760001 19.200000 46.000000
v 17.725341 19.085339 46.719932
v 17.840000 19.199999 47.039997
v 17.799348 19.152654 48.006694
v 17.920000 19.359999 47.919998
v 17.760000 19.119999 51.039997
v 17.825224 19.265173 51.119877
v 17.680000 19.359999 47.840000
v 17.760000 19.359999 47.919998
v 17.760000 19.279999 49.439999
v 17.759999 19.359999 51.119999
v 17.725948 19.486417 47.760074
v 17.760000 19.520000 49.200001
v 17.759999 19.680001 51.119999
v 17.599999 19.680000 46.320000
v 17.760001 19.680002 46.160000
v 17.920000 19.840000 47.759998
v 17.600000 19.680000 49.039997
v 17.760000 19.680000 49.200001
v 17.760000 19.760000 50.079997
v 17.600000 19.760000 46.399998
v 17.760000 19.800000 47.639999
v 17.760000 19.840000 49.200001
v 17.760000 19.760000 49.759998
v 17.760000 19.840000 49.680000
v 18.000000 20.000000 50.399998
v 17.760000 19.920000 46.399998
v 17.760000 19.920000 46.559999
v 17.759966 20.079929 46.719998
v 17.680000 20.000000 47.200002
v 17.680000 20.000000 47.360001
v 17.680000 19.840000 47.520000
v 17.760000 20.000000 49.039997
v 17.760000 20.000000 51.279999
v 17.760006 20.080006 46.960021
v 17.760000 20.080000 47.200001
v 17.760000 20.080000 47.359999
v 17.760000 20.320000 49.680000
v 17.920000 20.479999 51.279999
v 17.760000 20.960000 48.879997
v 17.760000 20.959999 49.520000
v 17.760000 20.959999 51.119999
v 17.680000 21.119999 49.599998
v 17.680000 21.119999 49.759998
v 17.760000 20.959998 50.320000
v 17.760000 21.119998 50.959999
v 17.760000 21.439999 48.879997
v 17.760000 21.199999 49.599998
v 17.759972 21.199958 50.880005
v 17.680000 21.279999 52.639998
v 17.760001 21.600000 50.799999
v 17.680000 21.439999 52.480000
v 17.679946 21.466218 52.613782
v 17.760000 21.439999 52.719997
v 17.646091 21.406019 53.279907
v 17.765816 21.365868 53.120119
v 17.710802 21.470840 53.440020
v 17.600000 21.600000 49.200001
v 17.680000 21.600000 52.480000
v 17.760000 21.520000 53.279999
v 17.760000 21.600000 53.520000
v 17.760000 21.680000 49.119999
v 17.680000 21.760000 50.559998
v 17.760004 21.721181 50.678782
v 17.759999 21.759999 52.239998
v 17.600000 21.680000 52.320000
v 17.760000 21.760000 53.520000
v 17.760000 22.000000 49.279999
v 17.600000 21.840000 50.239998
v 17.760000 21.840000 50.559998
v 17.759999 21.920000 53.520000
v 17.760000 22.000000 49.439999
v 17.709090 22.109178 49.600122
v 17.680000 22.080000 49.759998
v 17.760000 22.160000 49.919998
v 17.805857 22.045467 50.080225
v 17.760000 22.000000 50.079998
v 17.599999 22.080000 51.919998
v 17.760000 22.080000 52.079998
v 17.760000 21.920002 52.239998
v 17.760000 22.080001 53.680000
v 17.760000 22.160000 49.599998
v 17.760001 22.240001 51.919998
v 17.600000 22.400000 51.919998
v 17.760000 22.400000 53.680000
v 17.920017 22.479977 51.839963
v 17.680000 22.559999 52.480000
v 17.680000 22.559999 52.799999
v 17.760000 22.560001 53.840000
v 17.760000 22.719999 52.399998
v 17.759968 22.639959 52.799835
v 17.680000 22.719999 52.959998
v 17.760000 22.879999 52.399998
v 17.760000 22.879999 52.879997
v 17.760000 23.039999 52.879997
v 17.680000 23.199999 51.759998
v 17.760000 23.119999 52.799999
v 17.760000 23.119999 53.759998
v 17.760000 23.199999 53.680000
v 17.760000 23.519999 51.759998
v 17.840000 23.519999 53.680000
v 17.680000 23.680000 51.840000
v 17.760000 23.679999 53.680000
v 17.760000 23.839999 51.919998
v 17.760000 23.999999 51.919998
v 17.760000 24.000000 53.360001
v 17.760000 23.883834 53.476166
v 17.920000 24.160000 51.919998
v 17.760000 24.240000 52.160000
v 17.760000 24.240000 52.320000
v 17.760000 24.160000 53.039997
v 17.760000 24.080000 53.279999
v 17.840000 24.320000 52.799999
v 17.760000 24.240000 52.959999
v 17.840000 16.320000 46.399998
v 17.840000 16.320000 46.559998
v 17.879950 16.360002 47.520097
v 17.840045 16.530676 46.189398
v 17.840065 16.479987 46.400084
v 17.920000 16.480000 46.480000
v 18.000000 16.480000 47.360001
v 17.800044 16.440010 47.679934
v 17.920000 16.480000 47.599998
v 17.879965 16.519971 47.840094
v 17.840000 16.639999 46.079998
v 17.840035 16.666568 46.213358
v 17.920000 16.639999 46.320000
v 18.000000 16.639999 47.680000
v 17.920000 16.639999 47.919998
v 17.840000 16.799999 46.079998
v 17.920000 16.799999 46.160000
v 18.000000 16.799999 48.000000
v 17.920000 16.799999 48.079998
v 17.855064 16.895103 46.000155
v 17.920001 16.959999 48.079998
v 17.920002 17.119999 46.000000
v 17.920002 17.120000 48.079998
v 17.760001 17.279999 45.840000
v 17.920000 17.279999 46.000000
v 17.760000 17.119998 48.239998
v 17.919553 17.279702 48.239878
v 17.920000 17.359999 45.919998
v 17.840000 17.440001 46.719997
v 17.840000 17.440001 46.879997
v 17.840000 17.440001 47.520000
v 17.920000 17.600000 47.599998
v 18.080000 17.600000 48.239998
v 17.920000 17.680000 45.840000
v 17.920000 17.680000 46.559998
v 17.760000 17.680000 46.559998
v 17.920000 17.760000 47.599998
v 17.920000 18.320000 47.520000
v 17.920000 18.559999 47.439999
v 18.000000 18.719999 46.480000
v 17.760000 18.719999 47.439999
v 17.840000 18.719999 50.239998
v 17.840000 18.719999 50.399998
v 17.840000 18.719999 50.559998
v 17.920000 18.879999 46.480000
v 17.920000 18.879999 47.439999
v 17.840000 18.879999 50.079997
v 17.840000 18.879999 50.719997
v 17.840000 18.879999 50.879997
v 17.760000 19.039999 45.840000
v 17.840000 19.039999 46.559998
v 17.840000 19.039999 47.200001
v 17.760002 19.039999 49.680000
v 17.759940 18.910100 49.809975
v 17.920001 18.960000 49.919998
v 17.920000 18.959999 50.559998
v 17.959795 18.999806 50.719965
v 17.840000 19.039998 50.879997
v 17.920000 19.040000 46.480000
v 17.840065 19.200053 46.719843
v 17.920000 19.199999 46.639999
v 17.840035 19.200033 46.880020
v 17.840000 19.199999 47.200001
v 17.920000 19.199999 47.279999
v 17.919688 19.199888 50.960199
v 17.920000 19.200000 48.079998
v 17.920001 19.279999 49.440000
v 17.920000 19.279999 49.599998
v 17.919999 19.359999 51.119999
v 18.080000 19.520001 46.000000
v 17.840000 19.520000 47.840000
v 17.920001 19.519999 49.200001
v 17.920000 19.520000 51.119999
v 17.920000 19.520001 47.919998
v 17.920000 19.680000 47.759998
v 17.982337 19.902347 46.160017
v 17.919999 19.840000 51.119999
v 17.840000 20.000000 46.399998
v 17.885255 20.045259 46.399991
v 17.840000 20.000000 46.559998
v 17.893433 20.079961 47.493524
v 17.920000 20.000000 47.599998
v 17.920000 19.840000 49.200001
v 17.920000 20.000000 50.480000
v 17.919999 19.999999 51.119999
v 17.920000 20.080000 46.559998
v 17.869340 20.189374 46.719748
v 17.920000 20.160001 51.279999
v 17.920000 20.240000 46.719997
v 17.920000 20.240000 46.879997
v 17.920000 20.320000 49.680000
v 17.920068 20.400027 49.599998
v 17.920000 20.480000 49.520000
v 17.920000 20.639999 50.480000
v 17.920000 20.639999 49.039997
v 17.920000 20.639999 51.119999
v 17.920000 20.800000 48.879997
v 17.920000 20.799999 50.320000
v 17.920000 20.719999 50.399998
v 17.920000 20.959999 50.320000
v 17.920000 20.959998 51.119999
v 17.760000 21.119999 49.520000
v 17.920088 21.081768 50.198236
v 17.920001 21.119999 50.959999
v 17.920000 21.199999 49.759997
v 17.920000 21.199999 50.079998
v 17.760001 21.279999 50.799999
v 17.920000 21.279999 50.959999
v 18.025417 21.385454 50.959444
v 17.991989 21.511842 50.800086
v 17.840000 21.439999 52.799999
v 17.840000 21.439999 52.959999
v 17.840000 21.439999 53.119999
v 17.840000 21.600000 48.959999
v 17.975200 21.655037 48.880088
v 17.920000 21.600000 50.799999
v 17.840000 21.600000 52.639998
v 17.840000 21.600000 53.279999
v 17.840000 21.600000 53.439999
v 17.764577 21.764870 49.200133
v 17.920529 21.759784 49.039253
v 17.919906 21.679939 50.720020
v 17.759987 21.679959 52.319930
v 17.920000 21.680000 52.480000
v 17.920000 21.680000 52.639999
v 17.959968 21.719967 53.280158
v 17.840000 21.759999 53.439999
v 17.760000 21.840000 50.399998
v 17.920000 21.840000 50.559999
v 17.920000 21.840000 52.320000
v 17.919999 21.840003 53.440003
v 17.920001 22.000000 49.279999
v 17.760001 22.000000 50.239999
v 17.920052 22.041800 52.118200
v 17.920000 22.160000 49.439999
v 17.920000 22.160000 50.079998
v 17.920000 22.160000 52.000000
v 18.015980 22.335941 53.680008
v 17.920000 22.400000 51.919998
v 17.919999 22.559999 51.759998
v 17.919999 22.559999 53.680000
v 17.840000 22.719999 52.480000
v 17.840000 22.719999 52.799999
v 17.920000 22.719999 53.680000
v 17.840000 22.879999 52.480000
v 17.840000 22.879999 52.799999
v 17.919999 23.039998 53.680000
v 17.920000 22.959999 52.799999
v 17.840000 23.199999 52.480000
v 17.840000 23.199999 52.799999
v 17.920000 23.199999 52.879997
v 17.920000 23.039999 53.680000
v 17.840000 23.359999 51.759998
v 17.840000 23.359999 52.480000
v 17.840000 23.359999 52.799999
v 17.920000 23.359999 52.879997
v 17.759812 23.679590 51.760259
v 18.000015 23.520074 52.480014
v 17.920000 23.439999 52.639999
v 18.000000 23.680000 53.680000
v 17.920001 23.840000 51.759998
v 17.920001 24.000000 51.759999
v 17.760000 24.080000 53.119999
v 17.920000 24.160000 53.360001
v 17.920000 24.240000 52.000000
v 17.920000 24.240000 52.159999
v 17.880049 24.360086 52.320189
v 17.880000 24.360000 52.480000
v 17.897410 24.376664 52.960172
v 17.920000 24.240000 53.119999
v 17.920000 24.240000 53.279999
v 18.000000 16.480000 47.200001
v 18.000000 16.480000 47.520000
v 18.000000 16.639999 46.399998
v 18.160000 16.639999 46.559998
v 18.000000 16.639999 47.360000
v 18.000000 16.639999 47.840000
v 18.000000 16.799999 46.239998
v 18.000000 16.800000 46.399998
v 18.080000 16.799999 46.480000
v 18.080000 16.719999 47.520000
v 18.120016 16.759968 47.680014
v 17.999954 16.799971 47.840060
v 18.000000 16.959999 46.079998
v 18.080043 16.880253 47.840211
v 18.000000 16.959999 48.000000
v 18.080000 17.119999 46.000000
v 18.000000 16.959999 46.239998
v 18.240000 17.279999 48.079998
v 18.080000 17.279999 46.000000
v 18.000000 17.279999 48.160000
v 17.938869 17.458972 45.839852
v 18.123999 17.324594 48.079870
v 18.080000 17.440001 48.239998
v 18.240000 17.759999 45.840000
v 18.080000 17.680000 46.879996
v 18.000000 17.600000 47.200001
v 18.000000 17.600000 47.360001
v 18.158720 17.843378 46.635341
v 18.079907 17.679895 47.359840
v 18.000000 17.760001 47.520000
v 18.080000 17.920000 46.480000
v 18.080000 17.840000 47.520000
v 18.240000 18.080000 46.480000
v 18.080000 18.080000 47.599998
v 17.920000 18.240000 47.599998
v 17.919999 18.399999 47.439999
v 18.000110 18.559967 47.520038
v 18.080000 18.559999 47.599998
v 18.080000 18.719999 47.439999
v 18.079998 19.039999 48.239998
v 18.079999 19.039999 46.480000
v 17.962564 19.039960 47.322557
v 18.080000 19.040000 47.439999
v 18.080001 19.200000 46.639999
v 18.079999 19.199999 47.439999
v 17.999946 19.200024 48.159974
v 18.080000 19.199999 48.239998
v 17.920001 19.199999 49.680000
v 18.080000 19.199999 49.840000
v 18.080000 19.119999 49.919998
v 18.040000 19.079999 50.479998
v 17.960000 19.159999 50.879997
v 18.106410 19.146572 50.720103
v 18.080000 19.359999 45.840000
v 18.080000 19.439999 46.719997
v 18.080000 19.359999 46.639999
v 18.000000 19.359999 46.879997
v 18.080000 19.439999 47.200001
v 18.080034 19.321173 47.318782
v 18.079998 19.359999 48.079998
v 18.000000 19.359999 49.439999
v 18.080000 19.279999 49.599998
v 18.080000 19.360000 50.959999
v 18.079999 19.520001 48.079998
v 18.000000 19.520000 49.279999
v 18.080000 19.359999 49.520000
v 18.079998 19.520000 50.959999
v 18.080000 19.600562 46.080560
v 18.080000 19.680000 46.160000
v 18.079999 19.680000 47.919998
v 18.080000 19.600000 48.000000
v 18.000000 19.680000 49.279999
v 18.000000 19.680000 49.439999
v 18.080000 19.680000 49.520000
v 18.080000 19.680001 51.119999
v 18.080000 19.840000 46.160000
v 18.079999 19.840000 47.919998
v 17.920000 19.680000 49.200001
v 18.080000 19.760000 49.439999
v 18.080000 19.840000 51.119999
v 18.000000 20.000000 46.239998
v 18.142380 20.062369 46.159830
v 18.080000 20.000001 47.759998
v 17.920000 20.000000 49.039997
v 18.080000 20.000000 49.200001
v 18.000000 20.000000 49.759998
v 18.000000 20.160000 46.399998
v 18.042405 20.202346 46.399995
v 18.000000 20.160000 46.559998
v 17.920003 20.079997 47.359986
v 18.080000 20.160000 47.439999
v 18.080000 20.080000 47.680000
v 18.080000 20.160000 49.039997
v 18.000000 20.160000 50.079998
v 18.000000 20.160000 50.239997
v 18.080000 20.160001 51.119999
v 18.080000 20.240000 46.559998
v 18.080000 20.240000 46.719999
v 17.999844 20.199956 47.319888
v 18.000000 20.320000 49.759998
v 18.080000 20.320000 49.840000
v 18.000000 20.160000 49.919998
v 18.080000 20.320000 50.320000
v 18.080000 20.400000 46.879997
v 18.000000 20.480000 49.599998
v 18.080000 20.400000 49.759999
v 18.000000 20.320000 50.399998
v 18.079998 20.480000 51.119999
v 18.080000 20.639999 49.039997
v 18.079999 20.639998 49.520000
v 18.079999 20.639999 50.320000
v 18.240016 20.720003 48.960021
v 18.240000 21.119999 49.520000
v 18.000000 21.119999 50.239998
v 18.080000 21.119999 50.320000
v 18.080000 21.199999 49.599998
v 18.080000 21.279999 49.680000
v 18.000000 21.279999 50.079998
v 18.080000 21.279999 50.160000
v 18.080000 21.199999 50.239998
v 18.080000 21.279999 50.959999
v 18.000000 21.439999 48.879997
v 18.080000 21.359999 49.759998
v 18.080000 21.359999 49.919998
v 18.159960 21.439927 50.080122
v 18.080000 21.520000 50.879997
v 18.027290 21.546746 50.800514
v 18.080000 21.759999 48.879997
v 17.980311 21.739896 52.480718
v 18.080000 21.840000 53.119999
v 17.920000 21.920000 49.200001
v 18.080000 21.840000 50.719997
v 17.919999 21.920000 52.239998
v 18.106480 21.866665 53.280145
v 18.080000 21.920000 49.039997
v 18.000000 22.080000 52.160000
v 18.080000 22.080000 53.520000
v 18.080000 22.160000 49.279999
v 18.035901 22.275799 49.440094
v 17.919999 22.240000 51.919998
v 18.080000 22.240000 52.079998
v 18.080000 22.160000 52.160000
v 18.000000 22.240000 53.599998
v 18.080000 22.240000 53.520000
v 18.119987 22.359960 49.440022
v 18.080010 22.320010 49.679998
v 18.080000 22.320000 50.079998
v 18.080000 22.320000 50.239998
v 18.080000 22.400000 51.919998
v 18.080000 22.320000 52.000000
v 18.080000 22.400000 53.680000
v 18.080000 22.559999 51.919998
v 18.080000 22.559999 53.680000
v 18.080000 22.720001 51.759998
v 17.920000 22.959999 52.480000
v 17.920000 23.039999 52.399998
v 17.920000 23.039999 52.879997
v 17.920000 23.199999 52.399998
v 18.080000 23.359999 51.759998
v 17.920000 23.359999 52.399998
v 18.080000 23.519999 52.879997
v 18.080000 23.519999 52.399998
v 17.999971 23.519961 52.800036
v 18.000000 23.680000 51.759998
v 18.080000 23.600000 52.799999
v 18.080000 23.760000 53.599998
v 18.079999 23.840000 53.520000
v 18.080000 24.080000 51.840000
v 18.080000 24.160000 51.919998
v 18.080000 24.160000 53.360001
v 18.080001 24.240000 53.279999
v 18.039964 24.359962 52.159992
v 18.000000 24.480000 52.320000
v 18.042675 24.522595 52.320016
v 18.040000 24.520000 52.480000
v 17.920000 24.400000 52.799999
v 18.080000 24.480000 52.879997
v 17.920000 24.400000 52.959999
v 18.160000 24.639999 52.639999
v 18.080000 24.559999 52.799999
v 18.160000 16.639999 46.719997
v 18.160000 16.800000 46.559998
v 18.277723 16.757899 46.719743
v 18.240000 16.719999 46.879997
v 18.240000 16.719999 47.039997
v 18.266891 16.746640 47.199767
v 18.160000 16.799999 47.520000
v 18.240000 16.959999 46.480000
v 18.160045 16.800069 47.360027
v 18.274632 16.914721 47.680208
v 18.160000 17.119999 46.079998
v 18.160000 17.119999 46.239997
v 18.239976 17.039955 46.400018
v 18.237045 17.195107 47.998062
v 18.160000 17.279999 46.079998
v 18.356111 17.397046 46.159065
v 18.400000 17.600001 46.000000
v 18.240001 17.440001 48.079998
v 18.240001 17.600000 48.079998
v 18.080000 17.680000 46.719997
v 18.160000 17.760000 47.200001
v 18.160000 17.760000 47.360001
v 18.240000 17.920000 45.840000
v 18.320000 17.920000 46.719997
v 18.240046 17.840015 47.360228
v 18.208924 17.920083 47.471097
v 18.190450 18.080014 47.489497
v 18.240000 18.240000 46.480000
v 18.240000 18.160000 47.520000
v 18.240000 18.240000 47.599998
v 18.080000 18.400000 47.599998
v 18.240000 18.719999 47.599998
v 18.160000 18.719999 47.520000
v 18.240000 18.880000 47.439999
v 18.320000 19.039999 46.480000
v 18.160000 19.199999 50.559998
v 18.160000 19.199999 50.719997
v 18.240000 19.279999 46.559998
v 18.240000 19.359999 46.639999
v 18.240000 19.279999 47.360001
v 18.080000 19.279999 49.759998
v 18.240000 19.359999 49.840000
v 18.240000 19.279999 49.919998
v 18.279997 19.319996 50.399993
v 18.240000 19.279999 50.559998
v 18.160000 19.359999 50.719999
v 18.160000 19.359998 50.879997
v 18.240000 19.520001 46.000000
v 18.239999 19.439999 46.719998
v 18.239999 19.439999 47.200001
v 18.240000 19.520001 48.079998
v 18.240000 19.520000 49.520000
v 18.320000 19.520000 49.599999
v 18.240000 19.439999 49.759998
v 18.240000 19.520000 50.959999
v 18.399999 19.840000 46.000000
v 18.240000 19.600000 48.000000
v 18.239999 19.680000 47.919998
v 18.240000 19.680000 49.520000
v 18.239999 19.680001 50.959999
v 18.240000 19.840000 46.160000
v 18.080000 19.760000 49.279999
v 18.240000 19.840000 49.360001
v 18.240000 19.760000 49.439999
v 18.239998 19.839999 50.959999
v 18.240000 20.000000 46.160000
v 18.240000 19.840001 47.919998
v 18.240000 20.000000 47.759998
v 18.240000 19.920000 49.279999
v 18.240000 20.000001 51.119999
v 18.160000 20.160000 46.239998
v 18.240000 20.160000 46.160000
v 18.080000 20.080000 47.520000
v 18.239999 20.159999 47.759998
v 18.240000 20.000000 49.200001
v 18.160000 20.320000 46.239998
v 18.160000 20.320000 46.399998
v 18.160000 20.320000 47.360001
v 18.289717 20.290053 47.520314
v 18.320000 20.320000 47.680000
v 18.240000 20.320000 49.039997
v 18.240000 20.400000 49.919997
v 18.240000 20.400000 50.239998
v 18.240000 20.400000 46.239998
v 18.240000 20.400000 46.559998
v 18.200097 20.360085 46.720008
v 18.160000 20.480000 46.879997
v 18.205046 20.525116 46.879921
v 18.120000 20.440000 47.039997
v 18.320000 20.480000 47.359999
v 18.240000 20.400000 47.360001
v 18.240000 20.479999 49.680000
v 18.240000 20.480000 50.320000
v 18.240000 20.559999 47.039997
v 18.240001 20.639999 49.520000
v 18.240000 21.199999 49.599998
v 18.240000 21.279999 49.680000
v 18.120000 21.239999 51.039997
v 18.204094 21.484135 49.760188
v 18.400000 21.600000 49.680000
v 18.160000 21.439999 49.919998
v 18.240000 21.439999 50.160000
v 18.240000 21.359999 51.039997
v 18.311566 21.511530 50.960003
v 18.160000 21.600000 48.879997
v 18.240000 21.520000 49.919998
v 18.239874 21.519902 50.080075
v 18.240000 21.600000 50.959999
v 18.240000 21.760000 50.799999
v 18.240000 21.919999 49.039997
v 18.240000 21.919999 50.799999
v 18.120000 21.920000 52.439999
v 18.240000 21.840000 52.639999
v 18.240000 21.840000 52.799999
v 18.160000 21.920000 53.119999
v 18.240000 21.840000 52.959998
v 18.160000 21.920000 53.279999
v 18.248829 22.089008 49.039767
v 18.240001 22.080000 50.639999
v 18.120000 22.080000 52.279999
v 18.240000 22.000000 52.480000
v 18.240000 22.000000 53.119999
v 18.159970 22.080018 53.279947
v 18.160000 22.080000 53.439999
v 18.160000 22.240000 49.279999
v 18.240000 22.280000 49.240000
v 18.240118 22.259265 52.220243
v 18.240000 22.160000 52.320000
v 18.319679 22.080227 53.120546
v 18.160000 22.239999 53.439999
v 18.240000 22.400000 49.360001
v 18.240000 22.320000 50.399998
v 18.240000 22.320000 52.000000
v 18.240000 22.320000 52.160000
v 18.160000 22.400000 53.599998
v 18.240082 22.400082 53.520231
v 18.239999 22.560000 51.919998
v 18.240000 22.559999 53.520000
v 18.240000 22.639999 51.840000
v 18.239998 22.719999 53.520000
v 18.080000 22.720000 53.680000
v 18.240000 23.039999 52.399998
v 18.240000 22.959999 52.480000
v 18.400000 23.199999 52.399998
v 18.240000 23.039999 52.879997
v 18.400000 23.039999 53.680000
v 18.160000 23.439999 51.759998
v 18.400000 23.519999 52.879997
v 18.080000 23.600000 52.480000
v 18.240000 23.680000 53.680000
v 18.240000 23.839999 53.520000
v 18.080000 24.000000 51.759998
v 18.400000 24.320000 51.759998
v 18.400000 24.320000 53.360001
v 18.240001 24.319999 51.919998
v 18.239999 24.400000 53.279999
v 18.240000 24.320000 53.360001
v 18.160000 24.480000 52.000000
v 18.240000 24.479999 51.919998
v 18.160000 24.480000 52.160000
v 18.080068 24.399980 52.959957
v 18.240000 24.480000 53.039997
v 18.160000 24.639999 52.159999
v 18.160000 24.639999 52.320000
v 18.159996 24.639995 52.479993
v 18.217142 24.697090 52.800224
v 18.239961 24.719954 52.160039
v 18.240000 24.719999 52.799999
v 18.320000 16.799999 46.719997
v 18.320000 16.799999 47.200001
v 18.320000 16.959999 46.559998
v 18.320000 16.959999 47.360001
v 18.280000 16.919999 47.520000
v 18.360008 17.000056 47.679973
v 18.449866 17.089824 46.559749
v 18.400000 17.039999 46.719997
v 18.480000 17.119999 47.520000
v 18.360000 17.159999 47.840000
v 18.369301 17.279981 47.950718
v 18.350760 17.439915 47.969248
v 18.400001 17.760000 46.000000
v 18.400000 17.760000 48.079998
v 18.320126 17.920038 45.920100
v 18.400000 17.920000 46.000000
v 18.320000 17.920000 47.200001
v 18.320000 17.920000 47.360001
v 18.400000 18.080000 45.840000
v 18.320000 18.080000 46.559998
v 18.400000 18.080000 46.799999
v 18.320000 17.920000 46.879997
v 18.480000 18.080000 47.039997
v 18.429070 18.029228 47.199999
v 18.320000 18.080000 47.360001
v 18.320000 18.240000 46.559998
v 18.400000 18.240000 46.639999
v 18.320006 18.106701 46.693267
v 18.400000 18.160000 47.360001
v 18.400000 18.399998 46.480000
v 18.400000 18.240000 47.599998
v 18.400000 18.559999 46.480000
v 18.480000 19.199999 46.480000
v 18.240000 19.359999 45.840000
v 18.333283 19.293207 46.479934
v 18.400000 19.359999 46.480000
v 18.240000 19.332004 47.308037
v 18.400298 19.360513 47.439994
v 18.400000 19.359999 48.239998
v 18.400111 19.440007 49.920209
v 18.363918 19.403835 50.559878
v 18.329766 19.449519 45.840030
v 18.400090 19.482467 46.602384
v 18.400000 19.439999 47.360001
v 18.399998 19.520000 48.079998
v 18.320000 19.520000 49.759999
v 18.399992 19.439991 50.079889
v 18.440147 19.480147 50.399792
v 18.320000 19.520000 50.719997
v 18.400000 19.520000 50.639999
v 18.320000 19.520000 50.879997
v 18.400000 19.600000 45.919998
v 18.399999 19.600000 46.879998
v 18.400000 19.600000 47.200001
v 18.400000 19.680000 48.079998
v 18.320000 19.680000 49.599998
v 18.399999 19.760000 49.599999
v 18.400000 19.600000 49.759998
v 18.407709 19.621593 50.733880
v 18.320000 19.679999 50.879997
v 18.559999 19.840001 48.079998
v 18.399998 19.839999 47.919998
v 18.400000 19.760000 49.440000
v 18.399999 19.840000 50.959999
v 18.320000 20.000000 46.079998
v 18.399998 20.000000 47.919998
v 18.400000 19.999999 49.200001
v 18.399999 20.000000 50.959999
v 18.400000 20.080000 46.079998
v 18.400000 20.160000 46.160000
v 18.400000 20.160000 47.919998
v 18.240000 20.160000 49.039997
v 18.400000 20.160000 49.200001
v 18.399998 20.160000 50.959999
v 18.240000 20.320000 46.160000
v 18.320000 20.320000 47.520000
v 18.400000 20.320000 47.759998
v 18.400000 20.240000 47.840000
v 18.480000 20.319999 49.280000
v 18.240000 20.160001 51.119999
v 18.319885 20.479885 46.559999
v 18.320000 20.480000 47.520000
v 18.400000 20.400000 47.680000
v 18.400000 20.480000 49.039997
v 18.400000 20.400000 49.119999
v 18.400000 20.400000 49.759998
v 18.400000 20.480000 49.680000
v 18.400000 20.400000 50.239998
v 18.400000 20.480000 50.320000
v 18.439969 20.599965 46.559939
v 18.359956 20.519982 46.720004
v 18.320000 20.639999 46.879997
v 18.400000 20.719999 46.879999
v 18.377167 20.697196 47.199868
v 18.400000 20.559999 47.360000
v 18.400000 20.560000 47.519999
v 18.240000 20.639999 49.039997
v 18.400000 20.639999 49.680000
v 18.400000 20.639999 50.320000
v 18.400000 20.719999 47.200001
v 18.399998 20.799999 49.039997
v 18.239999 20.959999 48.879997
v 18.400000 20.879999 49.680000
v 18.400000 21.120000 48.879997
v 18.400001 21.119999 49.680000
v 18.399999 21.279999 49.680000
v 18.399999 21.439998 51.119999
v 18.320000 21.600000 49.759998
v 18.400000 21.680000 49.919998
v 18.399999 21.600000 50.160000
v 18.240000 21.760000 48.879997
v 18.400000 21.680000 49.759998
v 18.400000 21.680000 50.079998
v 18.280237 21.719942 50.880292
v 18.559999 22.080000 48.879997
v 18.360063 21.959987 52.960069
v 18.400001 22.079999 49.039997
v 18.399999 21.919999 50.799999
v 18.400000 22.080000 50.639999
v 18.400000 22.000000 52.639999
v 18.440000 22.040000 52.799999
v 18.400000 22.080000 53.039997
v 18.320000 22.240000 49.119999
v 18.400000 22.239999 49.039997
v 18.320000 22.240000 50.559998
v 18.400000 22.239999 50.639999
v 18.400000 22.320000 52.159998
v 18.373392 22.159979 52.453473
v 18.320000 22.240000 53.279999
v 18.400000 22.200000 53.159998
v 18.320000 22.400000 49.279999
v 18.400000 22.400000 49.200001
v 18.240000 22.320000 50.239998
v 18.320000 22.400000 50.399998
v 18.320000 22.400000 50.559998
v 18.400000 22.400000 50.639999
v 18.239998 22.399999 51.919998
v 18.400000 22.400000 52.079998
v 18.400000 22.320000 53.279999
v 18.399999 22.399999 53.360001
v 18.320000 22.559999 49.279999
v 18.400000 22.559999 49.200001
v 18.320000 22.559999 49.439999
v 18.400000 22.639999 49.599998
v 18.400000 22.559999 50.160000
v 18.400000 22.480000 50.239999
v 18.400000 22.480000 50.559998
v 18.400000 22.559999 52.079998
v 18.399998 22.559999 53.360001
v 18.400000 22.639999 49.279999
v 18.400000 22.719999 51.759998
v 18.400000 22.639999 51.840000
v 18.400000 22.639999 52.000000
v 18.400000 22.879999 51.759998
v 18.320000 22.879999 53.599998
v 18.559999 23.039999 53.520000
v 18.480052 23.039981 53.600055
v 18.480000 23.199999 52.799999
v 18.400000 23.199999 52.879997
v 18.400000 23.519999 52.399998
v 18.399998 23.519999 53.680000
v 18.400001 23.680000 51.759998
v 18.400000 23.600000 52.480000
v 18.559999 23.520000 53.520000
v 18.400000 24.080000 51.759998
v 18.320000 24.480000 51.840000
v 18.400000 24.639999 51.759998
v 18.239984 24.399982 53.119902
v 18.400000 24.480000 53.199997
v 18.320000 24.639999 51.840000
v 18.320000 24.639999 52.000000
v 18.320000 24.599999 52.999998
v 18.400000 24.559999 53.119999
v 18.400000 24.719999 51.840000
v 18.400000 24.719999 51.999999
v 18.359857 24.839853 52.160071
v 18.367584 24.847584 52.361243
v 18.240000 24.719999 52.639999
v 18.450725 24.770611 52.800175
v 18.400000 24.719999 52.799999
v 18.400000 24.719999 52.960000
v 18.400000 24.879999 52.639999
v 18.480000 17.119999 46.559998
v 18.480000 17.119999 46.719997
v 18.480000 17.119999 47.679999
v 18.480000 17.279999 46.399997
v 18.480000 17.279999 46.559999
v 18.559999 17.199999 46.719997
v 18.560030 17.200029 46.879967
v 18.639999 17.279999 47.520000
v 18.480005 17.234120 47.634099
v 18.480000 17.279999 47.840000
v 18.559999 17.359999 46.399998
v 18.559999 17.359999 46.559998
v 18.559999 17.359999 47.680000
v 18.480000 17.440001 47.840000
v 18.480000 17.600000 46.079998
v 18.480000 17.520000 47.920000
v 18.464941 17.664980 48.080060
v 18.557546 17.601233 47.923686
v 18.559999 17.760000 46.160000
v 18.559999 17.680000 48.000000
v 18.625170 17.824634 48.079986
v 18.559999 17.920000 48.079998
v 18.560001 18.080000 46.000000
v 18.480000 18.080000 46.879997
v 18.480000 18.080000 47.200001
v 18.400001 18.240000 45.840000
v 18.480000 18.240000 47.039997
v 18.480000 18.240000 47.360001
v 18.400000 18.160000 47.520000
v 18.480000 18.400000 46.559998
v 18.480000 18.559999 46.559998
v 18.559998 18.480000 46.719997
v 18.480000 18.240000 46.879997
v 18.560000 18.400000 47.599998
v 18.560001 18.559999 46.639999
v 18.625256 18.785256 46.480000
v 18.559999 18.719999 47.599998
v 18.559999 18.880000 47.439999
v 18.639999 19.520000 45.840000
v 18.559999 19.359999 46.480000
v 18.440000 19.520000 47.320000
v 18.559907 19.519908 47.439999
v 18.559999 19.520000 48.239998
v 18.559999 19.600000 49.919997
v 18.511333 19.551317 50.559969
v 18.479997 19.679996 45.919997
v 18.559999 19.680000 45.840000
v 18.560000 19.600000 46.719997
v 18.440000 19.640000 47.039997
v 18.537441 19.737468 47.200272
v 18.559999 19.600000 47.360001
v 18.559999 19.680000 48.239998
v 18.560000 19.600000 49.760000
v 18.480000 19.520000 50.079998
v 18.559999 19.760000 47.039997
v 18.559999 19.760000 47.200001
v 18.480004 19.679998 48.159950
v 18.480000 19.840000 49.439999
v 18.559999 19.760000 49.599998
v 18.559999 19.720000 50.679998
v 18.400000 20.000000 46.000000
v 18.559999 20.000000 48.079998
v 18.480000 20.000000 49.279999
v 18.559999 20.000000 49.520000
v 18.559999 20.160000 46.000000
v 18.560000 20.160001 47.919998
v 18.480000 20.160000 49.439999
v 18.559999 20.160000 49.520000
v 18.560042 20.240029 46.079838
v 18.559999 20.320000 46.160000
v 18.560012 20.282119 47.797910
v 18.560016 20.270634 49.409371
v 18.480000 20.480000 46.399998
v 18.559948 20.444077 47.635855
v 18.559999 20.400000 49.119999
v 18.560001 20.400000 49.280000
v 18.480000 20.480000 49.759998
v 18.480000 20.480000 50.239998
v 18.879999 20.799999 51.119999
v 18.559999 20.599999 46.439999
v 18.640024 20.668417 47.491545
v 18.559999 20.559999 47.520000
v 18.559999 20.639999 49.039997
v 18.480000 20.639999 50.239998
v 18.559999 20.719999 46.559998
v 18.559999 20.719999 46.719997
v 18.559999 20.719999 47.360001
v 18.480000 20.639999 49.759998
v 18.559999 21.119999 49.680000
v 18.560000 21.119999 48.879997
v 18.560000 21.279997 49.520000
v 18.480000 21.600000 49.599998
v 18.560000 21.600000 50.160000
v 18.560000 21.600002 49.520000
v 18.479979 21.759941 49.759969
v 18.559999 21.840000 50.079998
v 18.559999 21.760000 50.160000
v 18.559999 21.840000 49.759998
v 18.560001 22.080001 50.799999
v 18.445753 22.045694 52.640105
v 18.520019 22.119930 52.959880
v 18.559999 22.240000 50.799999
v 18.400000 22.160000 52.320000
v 18.559999 22.160000 52.480000
v 18.559999 22.160000 52.639999
v 18.639984 22.239958 52.960001
v 18.520000 22.240000 53.079998
v 18.490826 22.240072 48.949303
v 18.564717 22.399087 49.034368
v 18.559999 22.399999 50.639999
v 18.560052 22.359903 52.280148
v 18.562577 22.397301 53.194721
v 18.719999 22.720000 53.360001
v 18.559999 22.639999 49.279998
v 18.559999 22.639999 49.440000
v 18.519980 22.759960 49.599981
v 18.480000 22.719999 49.759998
v 18.559999 22.719999 50.160000
v 18.480000 22.719999 51.840000
v 18.480000 22.719999 52.000000
v 18.559999 22.719999 52.079998
v 18.559999 22.719999 53.360001
v 18.559999 22.799999 50.079998
v 18.480000 22.879999 51.840000
v 18.560000 22.880001 51.919998
v 18.639938 22.880016 53.440125
v 18.559999 22.879999 53.520000
v 18.559999 23.199999 53.520000
v 18.480000 23.519999 52.799999
v 18.480000 23.519999 52.480000
v 18.560000 23.680002 51.599999
v 18.559999 24.000000 51.599998
v 18.559999 24.160000 51.599998
v 18.560000 24.319999 53.520000
v 18.479996 24.319939 51.679976
v 18.559999 24.480000 51.759998
v 18.400000 24.400000 53.279999
v 18.559999 24.480000 53.360001
v 18.559999 24.640000 53.199997
v 18.559999 24.719999 51.839999
v 18.480000 24.799999 52.000000
v 18.559999 24.799999 53.039997
v 18.560022 24.929033 52.048993
v 18.559999 25.039999 52.159999
v 18.610547 24.930616 52.639681
v 18.559999 24.879999 52.639999
v 18.559999 24.879999 52.959999
v 18.559999 25.039999 52.480000
v 18.639925 17.279899 46.719918
v 18.639999 17.279999 47.360002
v 18.639999 17.440000 46.399999
v 18.719999 17.359999 46.559998
v 18.719999 17.359999 46.719997
v 18.719999 17.359999 46.879997
v 18.719999 17.359999 47.039997
v 18.757344 17.397336 47.359985
v 18.639999 17.440001 47.520000
v 18.639999 17.440001 47.680000
v 18.639999 17.600000 46.239998
v 18.719999 17.520000 47.519998
v 18.719999 17.520000 47.680000
v 18.639999 17.600000 46.399998
v 18.719999 17.720000 47.879999
v 18.719999 17.840000 48.000000
v 18.784835 17.984932 48.079859
v 18.719999 18.080000 48.079998
v 18.559999 18.240000 46.000000
v 18.719999 18.480000 46.879996
v 18.639999 18.400000 47.200001
v 18.639999 18.400000 47.360001
v 19.039999 18.559999 48.239998
v 18.719999 18.559998 45.840000
v 18.719999 18.480000 46.719997
v 18.719999 18.559999 46.639999
v 18.799999 18.559999 47.039997
v 18.719983 18.479948 47.359953
v 18.639999 18.559999 47.520000
v 18.719999 18.559999 47.439999
v 18.719999 18.719999 45.840000
v 18.720001 18.719999 47.439999
v 18.719999 18.719999 46.639999
v 18.639999 19.039999 47.439999
v 18.639999 19.359999 45.840000
v 18.719999 19.840001 45.840000
v 18.639999 19.680000 46.719997
v 18.719998 19.680000 47.439999
v 18.639999 19.680000 49.759998
v 18.639999 19.680000 49.919998
v 18.679981 19.719989 50.559966
v 18.639999 19.840000 46.719997
v 18.719999 19.840000 46.639999
v 18.639999 19.840000 46.879997
v 18.879998 19.760000 47.360001
v 18.719999 19.760000 47.360001
v 18.719999 19.840000 48.239998
v 18.639999 19.840000 49.599999
v 18.640051 19.839992 49.759900
v 18.679048 19.719959 49.919476
v 18.799999 19.840000 50.399998
v 18.559999 19.840001 50.799999
v 18.799999 19.840000 50.559998
v 18.720000 20.000001 46.000000
v 18.719999 19.920000 47.039997
v 18.639999 19.840000 48.160000
v 18.720000 20.000001 48.079998
v 18.639999 20.000001 49.599998
v 18.799999 20.000000 50.719997
v 18.720000 20.160001 46.000000
v 18.719998 20.160000 47.919998
v 18.720000 20.080000 49.599998
v 18.719999 20.320000 46.160000
v 18.720073 20.400054 47.840019
v 18.879999 20.480000 47.919998
v 18.719998 20.159999 49.520000
v 18.559998 20.000000 50.799999
v 18.719999 20.320000 50.959999
v 18.639999 20.480000 46.239998
v 18.639999 20.480000 47.680000
v 18.719999 20.480000 47.759998
v 18.559999 20.480000 49.039997
v 18.719999 20.480000 49.200001
v 18.719999 20.400000 49.279999
v 18.639999 20.639999 46.239998
v 18.719999 20.639999 46.160000
v 18.639999 20.639999 46.399998
v 18.719999 20.639999 47.759998
v 18.719999 20.639999 49.200001
v 18.719999 20.719999 46.239998
v 18.719999 20.719999 46.399998
v 18.719999 20.719999 46.559999
v 18.639999 20.799999 46.719997
v 18.639999 20.799999 47.520000
v 18.639999 20.639999 47.680000
v 18.639999 20.959999 46.879998
v 18.719999 20.879999 47.360000
v 18.719999 20.879999 47.519999
v 18.719999 20.959999 49.039997
v 18.719999 21.039999 46.879997
v 18.719999 21.039999 47.200001
v 18.880018 21.039998 48.960018
v 18.719999 21.119999 49.680000
v 18.559999 21.439999 50.320000
v 18.879999 21.279999 49.520000
v 18.813181 21.439998 51.119999
v 18.560018 21.717528 49.637516
v 18.719999 21.760000 49.680000
v 18.719999 21.840000 49.759998
v 18.879999 22.240000 50.959999
v 18.559999 22.240000 48.879997
v 18.679999 22.120000 50.879997
v 18.719999 22.239999 50.799999
v 18.621193 22.221574 52.480395
v 18.640000 22.240000 52.799999
v 18.639999 22.400000 48.959999
v 18.720000 22.399999 48.879997
v 18.719999 22.480000 50.559998
v 18.719999 22.400000 52.399998
v 18.720017 22.320018 52.479999
v 18.754771 22.354709 52.959955
v 18.559999 22.559999 49.200001
v 18.719999 22.559999 49.039997
v 18.559952 22.480048 50.399971
v 18.688270 22.565421 52.202849
v 18.680962 22.519835 53.198872
v 18.719999 22.719999 49.200001
v 18.599999 22.679999 50.239998
v 18.720012 22.640012 50.399998
v 18.720115 22.800115 49.279999
v 18.680048 22.760008 49.439874
v 18.639999 22.879999 49.599998
v 18.685110 22.925124 49.599990
v 18.639999 22.879999 49.759998
v 18.599999 22.839999 49.919998
v 18.697496 22.937242 50.080047
v 18.719999 22.799999 50.239998
v 18.719999 22.720000 52.079998
v 18.719999 22.879999 53.360001
v 18.719999 22.959999 50.079998
v 18.719999 23.039999 51.919998
v 18.719998 23.039998 53.360001
v 18.720000 23.200000 51.759998
v 18.719999 23.600000 51.680000
v 18.559999 24.320000 51.599998
v 18.719999 24.480000 51.599998
v 18.719998 24.479999 53.360001
v 18.720031 24.559894 51.680047
v 18.719999 24.639999 51.759998
v 18.719999 24.639999 53.199997
v 18.720086 24.750749 51.870772
v 18.719999 24.799999 53.199997
v 18.719999 24.879999 52.000000
v 18.559999 24.879999 52.799999
v 18.719999 24.959999 52.879997
v 18.719999 24.879999 53.119999
v 18.719999 25.039999 52.159999
v 18.719999 25.039999 52.640000
v 18.719999 25.039999 52.799999
v 18.799999 17.440001 46.559998
v 18.799999 17.440001 46.879997
v 18.800066 17.440068 47.199959
v 18.799999 17.600000 46.719999
v 18.879999 17.520000 47.200001
v 18.879999 17.520000 47.360001
v 18.879999 17.520000 47.519999
v 18.720007 17.599948 46.479925
v 18.799999 17.600000 46.559998
v 18.842691 17.717872 47.755180
v 18.879999 17.800000 47.799999
v 18.879999 17.920000 46.160000
v 18.959999 17.920000 46.239998
v 18.959999 17.920000 46.399998
v 18.879999 17.920000 47.919998
v 18.799999 18.080000 46.079998
v 18.879999 18.079999 46.160000
v 18.879976 18.000035 48.000059
v 18.945003 18.145157 48.079996
v 18.879999 18.240000 46.000000
v 18.879999 18.240000 48.079998
v 18.880001 18.560000 46.000000
v 18.799999 18.559999 46.719997
v 18.879999 18.640000 47.039997
v 18.800003 18.560004 47.360001
v 18.799999 18.719999 45.919998
v 18.879999 18.719999 46.000000
v 18.799999 18.719999 46.719997
v 18.799999 18.719999 46.879997
v 18.879999 18.879998 45.840000
v 18.879999 18.799999 46.719999
v 18.879999 18.799999 46.879998
v 18.879999 18.959999 46.559998
v 18.879999 19.039999 46.480000
v 19.039998 19.520002 46.480000
v 18.720000 19.680001 46.639999
v 18.959999 19.839999 47.360001
v 18.799999 19.840000 50.079998
v 18.719999 19.920000 46.719997
v 18.879999 19.920000 46.879997
v 18.879866 20.079971 48.159965
v 18.879999 20.000000 48.239998
v 18.880025 19.920025 49.919998
v 18.879491 19.919492 50.239681
v 18.920029 19.960002 50.400030
v 18.799999 20.000000 50.559999
v 18.879998 20.160000 48.079998
v 18.880000 20.080001 49.599999
v 18.879999 20.080000 49.760000
v 19.039999 20.320000 50.799999
v 18.879998 20.320000 46.000000
v 18.879998 20.319999 47.919998
v 18.879981 20.281657 49.398366
v 18.719998 20.479999 46.160000
v 18.879999 20.400000 49.279999
v 18.879999 20.400000 50.879997
v 18.976022 20.575948 50.960130
v 18.879999 20.640000 46.160000
v 19.039999 20.799999 50.959999
v 18.880000 20.719999 46.239998
v 18.799999 20.799999 46.399998
v 18.799999 20.799999 46.559998
v 18.879999 20.879999 47.680000
v 18.879999 20.799999 47.759998
v 18.879999 20.639999 49.200001
v 18.960178 20.800035 51.040015
v 18.799999 20.959999 46.559999
v 18.799999 20.959999 46.719997
v 18.879999 20.959999 47.439999
v 18.879999 20.959999 49.039997
v 18.879999 20.959999 51.119999
v 18.959999 21.119999 46.559997
v 18.879999 21.039999 46.719997
v 18.879999 21.039999 47.360001
v 18.879999 21.119999 48.879997
v 18.879999 21.119999 49.680000
v 18.880002 21.200018 49.599969
v 18.879999 21.600000 49.520000
v 18.720000 21.760000 50.160000
v 18.879999 21.759999 50.320000
v 18.879999 21.920000 50.160000
v 18.880000 22.400000 50.799999
v 18.880007 22.320033 50.879957
v 18.839942 22.439968 52.959951
v 18.879989 22.510775 48.990819
v 18.966731 22.603365 50.683365
v 18.839694 22.559901 52.359792
v 18.839999 22.440000 52.719999
v 18.959992 22.560023 52.960105
v 18.799999 22.559999 53.119999
v 18.879999 22.559999 53.039997
v 18.879999 22.639999 49.119999
v 18.719999 22.559999 50.480000
v 18.879999 22.719998 53.199997
v 18.799999 22.879999 50.239998
v 18.941770 22.873063 50.388705
v 18.719998 22.879999 51.919998
v 18.879999 22.879999 52.079998
v 18.879999 22.799999 52.160000
v 18.879999 22.879999 53.199997
v 18.840019 22.919972 49.439923
v 18.799999 23.039999 49.599998
v 18.842586 23.082465 49.599865
v 18.799999 23.039999 49.759998
v 18.719999 22.959999 49.919998
v 18.879999 23.039999 50.000000
v 18.959999 23.199999 49.759998
v 18.879999 23.040000 51.919998
v 19.039998 23.359998 53.360001
v 18.879999 23.360000 53.520000
v 18.879999 23.519999 53.520000
v 19.039999 23.680000 53.520000
v 18.879998 24.639998 51.759998
v 18.879999 24.799999 51.759998
v 19.039999 24.799999 53.360001
v 18.879999 24.799999 53.199997
v 18.799999 24.959999 51.840000
v 18.879999 24.959998 51.759998
v 18.799999 24.799999 51.840000
v 18.746787 24.879908 52.986853
v 18.879999 24.959999 53.039997
v 18.799999 25.119999 52.000000
v 18.879999 25.199999 51.999999
v 18.799999 25.119999 52.160000
v 18.879999 25.039999 52.959999
v 18.879999 25.199999 52.160000
v 18.959999 17.600000 46.879997
v 19.000021 17.639977 47.519969
v 19.039908 17.839888 46.720002
v 19.090098 17.730192 46.879823
v 19.039999 17.680000 47.039997
v 19.119999 17.760000 47.360001
v 19.039999 17.920000 46.480000
v 19.039999 17.800000 47.639999
v 19.039999 17.960000 47.799999
v 19.039999 18.080000 47.919998
v 19.040001 18.240001 46.160000
v 18.959999 18.080000 46.239998
v 18.880000 18.400000 46.000000
v 18.959999 18.400000 48.160000
v 19.199999 18.559999 48.079998
v 19.039999 18.559999 46.000000
v 19.119990 18.559987 46.080002
v 19.120024 18.559969 48.160064
v 19.039999 18.799999 47.039996
v 19.039999 18.719999 48.239998
v 19.039998 18.719998 46.000000
v 19.013488 18.960103 46.693466
v 19.090873 18.850857 46.880017
v 19.039999 18.799999 46.879997
v 19.039999 18.959999 46.559998
v 19.040000 19.039999 46.479999
v 19.119999 19.359999 48.239998
v 19.039999 19.680000 46.639999
v 18.879999 19.680000 47.439999
v 19.039999 19.840000 45.840000
v 19.039999 19.920000 46.719997
v 18.959999 20.000000 46.879999
v 18.959999 20.000000 47.200001
v 18.959999 20.000000 47.360001
v 19.039999 20.000000 47.439999
v 18.959999 20.160000 46.879998
v 18.959999 20.160000 47.200001
v 19.040015 20.110828 47.329191
v 19.039999 20.080000 48.160000
v 19.039998 20.160000 48.079998
v 18.959999 20.160000 49.759998
v 19.039999 20.160000 49.840000
v 18.920058 20.120022 50.560002
v 19.066623 20.106507 50.400036
v 18.959999 20.160000 50.719997
v 19.039999 20.240000 46.879997
v 19.039999 20.240000 47.200001
v 19.039999 20.320000 48.079998
v 19.090089 20.289955 49.600593
v 19.039999 20.240000 50.559998
v 19.119999 20.320000 50.719997
v 18.879999 20.480000 46.000000
v 18.960000 20.480000 47.999959
v 19.039999 20.480000 48.079998
v 18.880000 20.480000 49.200001
v 19.039999 20.480000 49.360001
v 19.039999 20.400000 49.439999
v 18.959999 20.480000 50.879997
v 19.039999 20.480000 50.799999
v 19.039999 20.639999 47.919998
v 19.039999 20.639999 50.959999
v 19.039998 20.800000 46.160000
v 19.199997 20.799999 47.919998
v 19.039998 20.799999 47.759998
v 18.879998 20.799999 49.039997
v 19.039998 20.959999 46.320000
v 18.880032 20.879929 47.519885
v 19.119999 20.959998 47.680000
v 19.039999 20.879999 47.680000
v 19.039997 20.959998 50.959999
v 19.079999 21.119999 46.439999
v 18.959999 21.119999 47.360001
v 19.050886 21.120061 47.450990
v 19.039997 21.119998 49.039997
v 19.039999 21.120000 51.119999
v 19.039999 21.199999 46.559998
v 18.959999 21.279999 46.719999
v 18.959999 21.279999 47.359999
v 18.879998 21.279999 48.879997
v 19.039999 21.279999 49.039997
v 18.959999 21.279999 49.599998
v 19.039999 21.279999 51.119999
v 19.039999 21.359999 46.719997
v 19.040000 21.440000 48.879997
v 18.959984 21.599995 49.599994
v 19.039999 21.279999 49.680000
v 19.039998 21.439999 51.119999
v 19.039999 21.600000 50.959999
v 19.039999 21.600000 49.680000
v 19.199999 22.240000 50.160000
v 18.879999 22.400000 48.879997
v 19.039999 22.240000 50.959999
v 19.039999 22.320000 50.879997
v 19.040000 22.400000 50.799999
v 18.959999 22.559999 48.959999
v 19.102169 22.622141 48.879855
v 19.039999 22.559999 50.799999
v 18.999999 22.599999 52.639999
v 18.959999 22.559999 52.799999
v 18.879999 22.719999 49.200001
v 19.079737 22.719732 48.999993
v 18.919999 22.719999 52.279999
v 19.039999 22.639999 52.480000
v 19.039999 22.639999 52.799999
v 18.959999 22.719999 53.119999
v 19.074718 22.674783 52.959907
v 19.039999 22.799999 53.119999
v 19.039999 22.879999 53.199997
v 18.959999 23.039999 49.279999
v 19.039999 23.040000 49.200001
v 18.959999 23.039999 49.439999
v 18.879959 22.959981 50.079924
v 19.119999 23.039999 50.239999
v 19.039999 22.959999 50.239998
v 19.039999 22.959999 50.399998
v 19.039998 23.039999 52.079998
v 19.040001 23.040000 53.199997
v 18.959999 23.199999 49.440000
v 18.959999 23.199999 49.599998
v 19.119999 23.199999 50.080000
v 19.039999 23.119999 50.079998
v 18.879999 23.199999 51.759998
v 19.039999 23.200000 51.919998
v 19.039999 23.279999 49.439999
v 19.039999 23.279999 49.599998
v 19.039999 23.519999 51.759998
v 18.959999 23.519999 53.439999
v 19.039999 23.519999 53.360001
v 19.199966 23.599974 51.680007
v 19.039999 23.840000 53.520000
v 18.879999 24.480000 51.599998
v 18.959999 24.639999 51.680000
v 19.039999 24.639999 51.599998
v 19.039999 24.799999 51.759998
v 19.039999 24.959999 51.759998
v 18.879999 24.879999 53.119999
v 19.039999 24.959999 53.199997
v 19.040016 25.013130 51.813062
v 19.040000 25.119911 51.919911
v 18.879999 25.039999 52.799999
v 19.017104 25.177090 52.960106
v 19.199997 25.119999 53.199997
v 19.039998 25.199999 52.000000
v 18.959999 25.279999 52.160000
v 18.879998 25.199997 52.320003
v 19.039999 25.279999 52.719997
v 19.039999 25.199999 52.799998
v 19.039999 25.199999 52.959999
v 19.039999 25.359999 52.639999
v 19.119999 17.760000 46.879997
v 19.119999 17.760000 47.520000
v 19.040239 17.840240 46.559998
v 19.119999 17.920000 46.719997
v 19.119999 17.920000 47.680000
v 19.199999 18.000000 47.360001
v 19.199999 18.000000 47.520000
v 19.119999 18.080000 47.840000
v 19.234723 18.034784 47.679847
v 19.199999 18.240000 46.320000
v 19.119999 18.160000 47.920000
v 19.104911 18.304658 48.079807
v 19.199999 18.400000 46.160000
v 19.199999 18.320000 48.000000
v 19.200000 18.399999 48.079998
v 19.039999 18.400000 46.160000
v 19.200000 18.719999 48.079998
v 19.040000 18.879999 45.840000
v 19.119999 18.879999 47.039997
v 19.199999 18.879998 48.239998
v 19.279999 19.039999 46.719999
v 19.199999 18.959999 46.719997
v 19.199999 18.959999 46.879997
v 19.359999 19.039999 48.239998
v 19.200000 19.200000 46.639999
v 19.199999 19.199999 45.840000
v 19.200000 19.520000 46.639999
v 19.039999 19.840000 46.639999
v 19.039999 19.840000 47.439999
v 19.199999 19.840002 45.840000
v 19.199999 20.000000 46.000000
v 19.199998 20.000000 46.639999
v 19.199999 20.160000 46.000000
v 19.199997 20.160000 46.639999
v 19.359966 20.080022 47.359977
v 19.199999 20.160000 48.239998
v 19.119999 20.160000 50.239998
v 19.119999 20.160000 50.399998
v 19.199999 20.240000 46.719997
v 19.199999 20.240000 46.879997
v 19.359999 20.320001 48.239998
v 19.199997 20.319999 48.079998
v 19.199999 20.320000 49.840000
v 19.119999 20.320000 50.399999
v 19.119999 20.320000 50.559998
v 19.199999 20.480000 46.000000
v 19.199999 20.480000 48.079998
v 19.199999 20.480000 49.360001
v 19.199999 20.400000 49.439999
v 19.199999 20.400000 49.599998
v 19.199999 20.400000 49.759998
v 19.199999 20.400000 50.399998
v 19.199999 20.400000 50.559998
v 19.119999 20.479999 50.719997
v 19.199999 20.640001 46.160000
v 19.199999 20.639999 48.079998
v 19.199999 20.559999 50.719997
v 19.199997 20.639999 50.799999
v 19.199998 20.800000 46.159999
v 19.200078 20.719893 48.000015
v 19.199999 20.799999 49.200001
v 19.199999 20.799999 50.959999
v 19.199999 20.960000 47.759998
v 19.199999 20.959999 49.200001
v 19.262289 21.182330 46.319922
v 19.119999 21.119999 47.520000
v 19.119999 21.119999 47.680000
v 19.199999 21.119999 47.759998
v 19.199999 21.359999 46.559998
v 19.119999 21.279999 47.520000
v 19.199909 21.230627 47.649364
v 19.199999 21.279999 49.039997
v 19.119999 21.279999 49.759998
v 19.200000 21.359999 47.360001
v 19.199999 21.359999 47.520000
v 19.199999 21.439999 49.680000
v 19.159999 21.319999 49.919998
v 19.199998 21.439998 50.320000
v 19.199999 21.439999 50.959999
v 19.119999 21.600000 48.879997
v 19.279999 21.760000 49.680000
v 19.199998 21.919999 50.160000
v 19.199999 22.240000 49.680000
v 19.199999 22.320000 50.079998
v 19.119999 22.400000 48.879997
v 19.199999 22.320000 49.759998
v 19.199999 22.400000 50.959999
v 19.199999 22.559998 50.959999
v 19.262379 22.782513 48.880134
v 19.200000 22.719999 50.799999
v 19.085898 22.685839 52.480341
v 19.119996 22.719996 52.639962
v 19.120088 22.720049 52.960179
v 19.039999 22.880000 49.200001
v 19.199999 22.879998 49.039997
v 19.039998 22.879999 52.079998
v 19.040000 22.799999 52.160000
v 19.199999 22.799999 52.320000
v 19.199999 22.799999 52.480000
v 19.279999 22.879999 52.959999
v 19.169225 22.879949 53.070778
v 19.199999 23.039999 49.039997
v 19.119999 23.039999 50.399999
v 19.199999 22.959999 52.160000
v 19.199999 23.039999 53.039997
v 19.119999 23.199999 49.279999
v 19.226544 23.279954 49.253412
v 19.223100 23.191876 50.351223
v 19.199999 23.119999 52.000000
v 19.199999 23.119999 53.119999
v 19.199999 23.199999 53.199997
v 19.171550 23.280005 49.468383
v 19.119999 23.199999 50.239998
v 19.199999 23.359999 51.919998
v 19.199999 23.520000 51.759998
v 19.199999 23.680000 51.599998
v 19.199998 23.680000 53.360001
v 19.199999 23.840000 51.599998
v 19.199997 23.839999 53.360001
v 19.199999 24.000001 53.520000
v 19.119999 24.160000 51.599998
v 19.199997 24.320000 53.520000
v 19.120096 24.799990 51.679990
v 19.359999 24.799999 53.360001
v 19.200000 24.960000 51.599998
v 19.199999 25.199999 51.840000
v 19.119999 25.279999 52.000000
v 19.199999 25.199999 53.119999
v 19.079820 25.399644 52.160047
v 19.148789 25.468766 52.159825
v 19.039999 25.359999 52.480000
v 19.177417 25.497493 52.640023
v 19.199999 25.359999 52.799999
v 19.199999 25.519999 52.160000
v 19.199999 25.519999 52.320000
v 19.199999 25.519999 52.639999
v 19.279902 18.079885 47.680166
v 19.279999 18.240000 46.399998
v 19.359999 18.160000 46.559998
v 19.440082 18.240083 46.720246
v 19.359999 18.160000 47.360001
v 19.439999 18.240000 47.520000
v 19.239999 18.240000 47.879999
v 19.386541 18.186637 47.679870
v 19.359999 18.320000 46.399998
v 19.377435 18.400137 47.902578
v 19.359999 18.559999 46.160000
v 19.310933 18.560012 47.969032
v 19.279999 18.719999 46.079998
v 19.359999 18.719999 46.160000
v 19.360176 18.639970 47.999794
v 19.359999 18.719999 48.079998
v 19.361828 18.881273 45.999743
v 19.359999 18.879998 48.239998
v 19.200000 19.040000 45.840000
v 19.359999 19.039998 46.000000
v 19.276776 19.199789 45.916749
v 19.359999 19.199999 46.000000
v 19.279999 19.199999 46.719997
v 19.359999 19.199999 46.799999
v 19.279999 19.039999 46.879997
v 19.279999 19.199999 47.360000
v 19.359999 19.199999 48.239998
v 19.410528 19.410659 45.839887
v 19.359999 19.359998 46.639999
v 19.520206 19.200144 48.239867
v 19.359999 19.520000 46.639999
v 19.359999 19.439999 47.360001
v 19.359999 19.520000 47.439999
v 19.440000 19.520000 48.239998
v 19.520030 19.680147 46.640095
v 19.359998 20.000000 45.840000
v 19.359999 20.000000 47.439999
v 19.359999 20.160000 47.279999
v 19.280062 20.159978 45.919966
v 19.360000 20.240000 46.719997
v 19.199998 20.160000 47.279999
v 19.320435 20.360436 49.919998
v 19.359990 20.319917 45.999746
v 19.359999 20.400000 46.879997
v 19.439999 20.480000 47.039997
v 19.279999 20.480000 48.160000
v 19.359999 20.480000 48.239998
v 19.359999 20.559999 49.599998
v 19.359999 20.400000 49.919998
v 19.359999 20.400000 50.239998
v 19.359999 20.400000 50.399999
v 19.359998 20.639999 46.000000
v 19.359999 20.640000 48.079998
v 19.359999 20.639999 49.360001
v 19.439999 20.639999 49.439999
v 19.360190 20.560131 49.760071
v 19.359999 20.559999 50.559998
v 19.359999 20.559999 50.719997
v 19.359999 20.639999 50.799999
v 19.359999 20.800001 46.000000
v 19.359999 20.719999 48.000000
v 19.359997 20.799999 47.919998
v 19.279999 20.799999 49.279999
v 19.359999 20.800000 50.799999
v 19.199998 20.959999 46.320000
v 19.359763 21.038078 46.238311
v 19.266913 20.867342 49.199464
v 19.359998 20.959999 50.959999
v 19.520000 21.120000 47.919998
v 19.359998 21.119999 47.759998
v 19.520000 21.279999 49.200001
v 19.279999 21.279999 46.399998
v 19.415154 21.335177 46.320188
v 19.359999 21.279999 50.959999
v 19.359999 21.439999 46.480000
v 19.279999 21.439998 46.559997
v 19.359999 21.359999 47.519999
v 19.199998 21.439999 48.879997
v 19.200001 21.280001 49.039997
v 19.279578 21.439586 49.760245
v 19.318256 21.478300 49.759954
v 19.279999 21.439999 50.079998
v 19.279999 21.439999 50.239998
v 19.359999 21.600000 46.480000
v 19.279999 21.600000 46.559998
v 19.279999 21.439999 47.200001
v 19.359999 21.520000 47.360001
v 19.359999 21.520000 48.959999
v 19.359999 21.600000 49.680000
v 19.360018 21.520018 50.080002
v 19.279999 21.600000 50.239998
v 19.359999 21.600000 50.160000
v 19.359999 21.680000 46.559998
v 19.359999 21.680000 47.039997
v 19.279999 21.760000 48.879997
v 19.359997 21.760001 50.160000
v 19.440000 21.920000 49.680000
v 19.359999 22.240000 49.680000
v 19.359999 22.320000 49.759998
v 19.359999 22.320000 49.919998
v 19.359993 22.559999 50.959999
v 19.279999 22.559999 48.879997
v 19.359999 22.719999 50.799999
v 19.360269 22.879932 48.880181
v 19.279999 22.879999 52.800000
v 19.359999 23.039999 49.039997
v 19.359732 23.119730 50.559999
v 19.519999 23.039997 50.799999
v 19.199998 23.039999 52.079998
v 19.359999 22.959999 52.480000
v 19.440037 23.040046 52.800003
v 19.279999 23.039999 52.959999
v 19.359999 23.199999 49.039997
v 19.199998 23.199999 51.919998
v 19.401905 23.159551 52.162354
v 19.359999 23.119999 52.959998
v 19.359999 23.199999 53.199997
v 19.359999 23.279999 49.119999
v 19.359999 23.279999 49.279999
v 19.279999 23.360000 49.440000
v 19.359999 23.439999 50.239998
v 19.389610 23.355527 50.354082
v 19.437078 23.519999 53.282919
v 19.439999 23.519997 49.280000
v 19.279999 23.519999 49.599998
v 19.279999 23.519999 49.759998
v 19.279999 23.519999 49.919998
v 19.359999 23.519999 50.000000
v 19.359999 23.439999 50.079998
v 19.279999 23.519999 49.439999
v 19.360033 23.599989 49.920095
v 19.279999 23.680000 51.680000
v 19.342613 23.662202 51.760314
v 19.359998 23.679998 53.360001
v 19.359676 23.840529 51.599937
v 19.359999 24.000000 51.599998
v 19.359998 24.000000 53.360001
v 19.359999 24.160000 51.599998
v 19.359999 24.160000 53.360001
v 19.359999 24.320000 53.360001
v 19.199999 24.799999 51.599998
v 19.360000 24.959999 53.199997
v 19.279999 25.119999 51.680000
v 19.421596 25.181518 51.600096
v 19.359999 25.119999 53.199997
v 19.279999 25.279999 51.839999
v 19.200028 25.199986 52.960019
v 19.359999 25.279999 53.039997
v 19.279999 25.439999 51.839999
v 19.279999 25.439999 52.000000
v 19.279999 25.319999 52.919998
v 19.359999 25.519999 51.840000
v 19.359999 25.519999 52.000000
v 19.384823 18.184898 46.560412
v 19.439999 18.240000 47.680000
v 19.439999 18.400000 46.399998
v 19.520000 18.440000 46.439999
v 19.479964 18.279964 46.800469
v 19.519746 18.319746 47.357989
v 19.560475 18.360419 47.519972
v 19.440059 18.399932 47.679977
v 19.439999 18.400000 47.840000
v 19.439999 18.559999 46.239998
v 19.499781 18.560077 46.299563
v 19.520000 18.480000 47.680000
v 19.439999 18.560000 47.840000
v 19.499312 18.720037 46.299457
v 19.600000 18.839999 46.279999
v 19.520000 18.879998 48.079998
v 19.448090 18.968051 45.999692
v 19.520001 19.039999 48.079998
v 19.520090 19.360068 46.000079
v 19.439999 19.199999 46.879997
v 19.439999 19.199999 47.200001
v 19.520000 19.119999 48.160000
v 19.439999 19.359999 46.719997
v 19.439999 19.359999 46.879997
v 19.439999 19.359999 47.200001
v 19.520000 19.359999 48.239998
v 19.520000 19.439999 45.919998
v 19.520000 19.520000 46.799999
v 19.520000 19.439999 46.879997
v 19.520000 19.439999 47.200001
v 19.439999 19.520000 46.719997
v 19.439999 20.160000 47.360001
v 19.520060 20.160004 47.439921
v 19.439999 20.320000 46.719997
v 19.505784 20.306350 47.280132
v 19.519955 20.394744 45.914785
v 19.520000 20.480000 46.000000
v 19.439999 20.480000 46.719997
v 19.520000 20.480000 46.639999
v 19.439999 20.480000 46.879997
v 19.436904 20.476963 47.199924
v 19.520001 20.480000 48.239998
v 19.384870 20.424202 49.920118
v 19.480000 20.520000 50.079998
v 19.439999 20.479999 50.239998
v 19.439999 20.480000 50.399998
v 19.520000 20.559999 46.719997
v 19.520000 20.559999 46.879997
v 19.520000 20.559999 47.039997
v 19.519999 20.639999 48.079998
v 19.439999 20.639999 49.599998
v 19.564853 20.604714 49.920112
v 19.440010 20.613406 50.373439
v 19.439999 20.639999 50.559998
v 19.439999 20.639999 50.719997
v 19.539490 20.819369 48.079895
v 19.483902 20.683904 49.759997
v 19.520000 20.719999 50.399998
v 19.439981 20.763587 50.523580
v 19.439999 20.799999 50.719997
v 19.519999 20.959999 46.000000
v 19.519999 20.959998 47.919998
v 19.359999 20.799999 49.360001
v 19.439999 20.799998 49.439999
v 19.520000 20.879999 50.559998
v 19.439999 20.959999 50.879997
v 19.429805 21.189715 46.319968
v 19.520002 21.120000 46.160000
v 19.447997 21.048248 49.200149
v 19.600200 21.080030 49.320168
v 19.519999 20.959999 50.639999
v 19.439999 21.119999 50.879997
v 19.520684 21.280242 46.319946
v 19.439999 21.279999 47.680000
v 19.359993 21.141573 47.738206
v 19.519999 21.199998 47.840000
v 19.519998 21.279998 50.799999
v 19.520000 21.439999 46.320000
v 19.399999 21.439999 47.480000
v 19.545749 21.441022 47.624724
v 19.520000 21.439999 49.039997
v 19.520052 21.522276 46.402253
v 19.520000 21.600000 46.480000
v 19.520000 21.680000 47.200001
v 19.508245 21.668389 47.359807
v 19.560000 21.560000 47.520000
v 19.424650 21.664610 48.879939
v 19.520000 21.600000 49.039997
v 19.480000 21.640000 49.919998
v 19.470904 21.630959 50.079906
v 19.520000 21.680000 46.719997
v 19.600000 21.760000 47.360001
v 19.520001 21.760002 48.879997
v 19.489454 21.649470 49.759820
v 19.520046 21.760622 49.680081
v 19.520002 21.760002 50.160000
v 19.359999 22.240000 50.160000
v 19.489478 22.449483 49.760104
v 19.359998 22.320000 50.079998
v 19.520000 22.480000 49.919998
v 19.600000 22.559999 50.079998
v 19.520000 22.559999 50.959999
v 19.440000 22.719999 48.879997
v 19.520000 22.639999 50.879997
v 19.520002 22.719999 50.799999
v 19.520000 22.879999 50.799999
v 19.440217 23.040080 48.960016
v 19.481321 23.080723 52.320532
v 19.480000 23.079999 52.480000
v 19.439999 23.039999 52.639999
v 19.520001 23.199999 48.879997
v 19.520000 23.199999 52.239998
v 19.519674 23.119731 52.319923
v 19.520000 23.119999 52.639999
v 19.519840 23.119772 52.800144
v 19.436631 23.196537 52.959931
v 19.359998 23.119999 53.119999
v 19.520000 23.359998 49.039997
v 19.439999 23.359999 49.119999
v 19.439999 23.359999 49.279999
v 19.558984 23.344550 50.534430
v 19.359998 23.359999 51.919998
v 19.520000 23.279999 52.959999
v 19.520000 23.279999 53.119999
v 19.520000 23.359999 53.199997
v 19.439999 23.519999 49.119999
v 19.520000 23.519999 49.039997
v 19.600000 23.519999 50.239998
v 19.520000 23.439999 50.239998
v 19.520000 23.439999 50.399998
v 19.359997 23.519999 51.759998
v 19.520000 23.519999 53.199997
v 19.439999 23.680000 49.279999
v 19.498512 23.738516 49.279979
v 19.439999 23.680000 49.439998
v 19.520000 23.680000 50.000000
v 19.680000 23.840000 51.759998
v 19.680000 23.760000 51.840000
v 19.520000 23.680001 53.199997
v 19.520000 23.760000 49.919998
v 19.439999 23.840000 51.680000
v 19.520000 23.840000 51.759998
v 19.505198 23.985506 51.599762
v 19.520000 24.160000 51.599998
v 19.600000 24.639999 53.360001
v 19.520000 24.799999 53.360001
v 19.440000 24.959999 51.599998
v 19.520021 24.959958 53.360083
v 19.520001 25.279999 51.599998
v 19.359998 25.199999 53.119999
v 19.520000 25.279999 53.199997
v 19.520001 25.439999 51.599998
v 19.443057 25.459117 52.943937
v 19.520002 25.440000 53.039997
v 19.520000 25.519999 51.680000
v 19.525595 25.520054 51.834198
v 19.496333 25.656244 52.000394
v 19.439999 25.599998 52.160000
v 19.439999 25.599998 52.799999
v 19.520000 25.599998 52.879997
v 19.439999 25.760000 52.319999
v 19.439999 25.760000 52.639999
v 19.520000 25.840000 52.320000
v 19.520000 25.840000 52.639999
v 19.519690 18.319767 46.560262
v 19.680000 18.480000 46.719997
v 19.680002 18.560000 46.480000
v 19.680000 18.480000 47.200001
v 19.600000 18.559999 47.680000
v 19.706831 18.506890 47.519890
v 19.680000 18.719999 46.480000
v 19.680000 18.959999 46.239998
v 19.599989 18.719842 46.400102
v 19.663037 18.879619 47.936582
v 19.599971 19.039985 46.079983
v 19.680000 18.959999 48.000000
v 19.744891 19.104707 48.079873
v 19.680046 19.200044 46.000000
v 19.680001 19.199999 48.079998
v 19.680000 19.359998 48.239998
v 19.520002 19.520001 45.840000
v 19.680000 19.520000 46.000000
v 19.680000 19.439999 46.879997
v 19.680000 19.520000 46.799999
v 19.680000 19.439999 47.360001
v 19.840000 19.519999 48.239998
v 19.680000 19.680000 46.799999
v 19.520002 19.680001 45.840000
v 19.680000 19.760000 46.719997
v 19.680000 19.840000 46.639999
v 19.840000 19.840000 46.639999
v 19.520000 20.320000 45.840000
v 19.600000 20.320000 47.360001
v 19.680000 20.320000 47.439999
v 19.680000 20.480000 46.000000
v 19.680000 20.480000 46.639999
v 19.680000 20.480000 47.279999
v 19.680001 20.559999 46.719997
v 19.519838 20.559817 47.200258
v 19.520286 20.480144 47.280380
v 19.600000 20.639999 49.919998
v 19.600000 20.639999 50.239998
v 19.720000 20.759999 47.039997
v 19.679891 20.719890 47.200001
v 19.680000 20.879999 49.599998
v 19.600000 20.799999 49.759998
v 19.600000 20.799999 50.399998
v 19.680000 20.959999 48.079998
v 19.680000 20.879999 50.399998
v 19.680000 20.879999 50.559998
v 19.680000 20.959999 50.639999
v 19.840000 21.119999 46.160000
v 19.599872 21.119996 47.999826
v 19.520000 21.120000 50.799999
v 19.680000 21.119999 50.639999
v 19.600000 21.279999 46.239998
v 19.797428 21.397461 46.160014
v 19.680000 21.279999 47.919998
v 19.680001 21.279999 49.200001
v 19.680000 21.279999 50.799999
v 19.680000 21.359999 46.239998
v 19.680001 21.440001 46.320000
v 19.600287 21.400300 47.719985
v 19.680000 21.359999 47.840000
v 19.639903 21.479880 50.879974
v 19.680000 21.680000 46.559999
v 19.600000 21.760000 46.719998
v 19.680000 21.760000 47.439999
v 19.678082 21.679276 47.518806
v 19.680000 21.600001 49.039997
v 19.599997 21.759997 49.759998
v 19.600008 21.760008 50.079998
v 19.600000 21.920000 46.879998
v 19.837534 21.999160 47.358373
v 19.680000 21.920000 48.879997
v 19.680000 21.840000 49.919998
v 19.680053 22.000034 46.880161
v 19.680000 22.080000 49.680000
v 19.840000 22.399999 49.680000
v 19.680000 22.559999 50.160000
v 19.600000 22.559999 49.759998
v 19.680000 22.559998 49.680000
v 19.680000 22.719999 48.879997
v 19.600001 22.720000 49.759999
v 19.600000 22.719999 50.079998
v 19.680000 22.719999 50.160000
v 19.680000 22.719999 50.959999
v 19.680000 22.799999 50.079998
v 19.600000 22.879999 50.879997
v 19.680000 22.879999 50.959999
v 19.520000 23.039999 48.879997
v 19.680000 23.039998 50.799999
v 19.680001 23.199999 50.639999
v 19.680000 23.279999 52.480000
v 19.600000 23.199999 52.639999
v 19.600000 23.359999 48.959999
v 19.680000 23.359999 48.879997
v 19.680000 23.359999 50.639999
v 19.680000 23.359999 52.239998
v 19.680000 23.279999 52.320000
v 19.680000 23.279999 52.799999
v 19.680000 23.279999 52.959999
v 19.649273 23.360035 53.070740
v 19.680000 23.519999 49.039997
v 19.600000 23.519999 50.399999
v 19.680000 23.439999 50.559998
v 19.680000 23.479999 52.119999
v 19.630745 23.520062 53.089233
v 19.600000 23.680000 49.119999
v 19.680000 23.679999 49.039997
v 19.600000 23.680000 50.079998
v 19.600000 23.680000 50.239998
v 19.680000 23.600000 53.119999
v 19.600000 23.840000 49.279999
v 19.680000 23.920000 49.280000
v 19.680000 23.920000 49.439999
v 19.520000 23.760000 49.759998
v 19.730839 23.810871 49.919954
v 19.680000 23.760000 49.919998
v 19.680000 23.760000 50.239999
v 19.680000 23.840000 53.199997
v 19.680000 23.920000 49.759998
v 19.600000 24.000000 51.680000
v 19.680000 24.000000 51.759998
v 19.680000 24.000000 53.360001
v 19.680001 24.160001 51.599998
v 19.760000 24.959999 53.360001
v 19.600000 25.119999 51.599998
v 19.680000 25.119999 53.360001
v 19.680000 25.279999 53.199997
v 19.680000 25.439999 51.599998
v 19.680000 25.359999 53.119999
v 19.679999 25.439999 53.039997
v 19.680000 25.519999 51.680000
v 19.600000 25.599998 51.840000
v 19.683818 25.706700 52.937116
v 19.680000 25.599998 53.039997
v 19.679846 25.719843 51.879996
v 19.639999 25.799905 51.999973
v 19.600000 25.760000 52.160000
v 19.680000 25.840000 52.160000
v 19.680003 18.480002 46.559998
v 19.760000 18.559999 47.360001
v 19.760000 18.559999 47.520000
v 19.886685 18.686684 47.147453
v 19.839896 18.639889 47.360036
v 19.760000 18.719999 47.519999
v 19.760000 18.719999 47.680000
v 19.840000 18.879999 46.480000
v 19.840000 18.799999 47.520000
v 19.840000 18.799999 47.680000
v 19.840000 18.959999 46.239998
v 19.840001 18.959999 46.399998
v 19.840000 19.199998 46.160000
v 19.840000 19.199998 48.079998
v 19.839543 19.360658 45.999647
v 19.840000 19.359997 48.239998
v 19.680000 19.680000 46.000000
v 19.760000 19.520000 46.879997
v 19.760000 19.520000 47.360001
v 19.760000 19.680000 46.879997
v 19.760000 19.680000 47.360001
v 19.840000 19.760000 46.719997
v 19.840000 20.000000 45.840000
v 19.840000 20.160000 45.840000
v 19.840000 20.240000 47.439999
v 19.840000 20.320000 45.840000
v 19.840000 20.400000 45.919998
v 19.840000 20.480000 47.439999
v 19.840001 20.640001 47.279999
v 19.839999 20.640000 46.639999
v 19.759859 20.799850 46.880056
v 20.000000 20.959999 47.279999
v 19.840000 20.799999 48.239998
v 19.840000 20.959999 48.079998
v 19.840000 20.879999 49.760000
v 19.760000 20.959999 50.399998
v 19.840000 20.879999 50.239999
v 19.680000 21.119999 48.079998
v 19.840000 21.279999 46.160000
v 19.840000 21.279999 48.079998
v 19.760000 21.279999 50.719997
v 19.943241 21.383462 50.640405
v 19.840000 21.439999 46.160000
v 19.879004 21.439733 47.959270
v 19.680001 21.439999 49.039997
v 19.920000 21.520000 49.200001
v 19.893291 21.492824 50.799983
v 19.840000 21.600002 46.320000
v 19.860175 21.537434 47.842741
v 19.840000 21.520000 49.119999
v 19.740355 21.500079 50.800263
v 19.880000 21.720000 46.399998
v 19.837749 21.753691 46.475940
v 19.679999 21.760000 48.879997
v 19.840000 21.760000 49.039997
v 19.831211 21.882195 46.610982
v 19.840920 21.880821 47.480099
v 19.839999 21.920000 49.039997
v 19.760001 21.920001 49.759998
v 19.840122 21.999998 46.719873
v 19.788954 22.108964 46.879864
v 19.839905 22.159822 47.200184
v 19.920000 22.079999 47.360001
v 19.840001 22.080001 48.879997
v 19.840001 22.080001 49.680000
v 19.840000 22.160000 46.879997
v 19.840000 22.160000 47.039997
v 19.840000 22.559998 49.520000
v 19.760000 22.799999 48.879997
v 19.760000 22.719999 49.599998
v 19.760000 22.879999 49.599998
v 19.840000 22.879999 49.520000
v 19.760000 22.879999 49.759998
v 19.680000 22.799999 49.919998
v 19.839999 22.799999 50.079998
v 19.840000 22.879999 50.959999
v 19.840000 23.039999 48.879997
v 19.840000 22.959999 49.919998
v 19.840001 23.039998 50.799999
v 19.840000 23.199999 48.879997
v 19.840000 23.199999 50.799999
v 19.840000 23.519999 48.879997
v 19.840000 23.279999 50.719997
v 19.840000 23.359999 50.639999
v 19.760000 23.359999 52.320000
v 19.760000 23.359999 52.799999
v 19.760000 23.359999 52.959999
v 19.760013 23.520139 48.959989
v 19.851990 23.531557 50.640021
v 19.760000 23.519999 52.160000
v 19.913699 23.513840 52.320076
v 19.800068 23.400066 52.479902
v 19.760000 23.520000 52.959999
v 19.840000 23.680000 48.879997
v 19.840000 23.760000 50.399997
v 19.956402 23.782643 50.493758
v 19.840001 23.600000 52.159999
v 19.840000 23.600000 52.959999
v 19.840001 23.680000 53.039997
v 19.840000 23.680000 48.879999
v 19.840001 23.920000 49.119997
v 19.680000 23.760000 50.079998
v 19.920000 23.840000 50.239999
v 19.840000 23.760000 50.239998
v 19.840000 23.760000 52.000000
v 19.595660 23.596406 53.200492
v 19.840000 23.840000 53.199997
v 19.840000 23.920000 49.279999
v 19.840000 23.920000 49.919998
v 19.840000 24.000000 53.199997
v 19.840000 24.000001 51.759998
v 19.840000 24.160000 53.199997
v 19.680000 24.160000 53.360001
v 19.840000 24.639999 53.360001
v 19.920000 24.719999 53.360001
v 19.840000 25.119999 51.599998
v 19.840000 25.119999 53.360001
v 19.840000 25.279999 51.599998
v 19.840000 25.279999 53.199997
v 19.840000 25.439999 53.199997
v 19.790623 25.550514 51.599981
v 20.052401 25.653329 53.199487
v 19.840909 25.600593 53.039680
v 19.840000 25.680000 51.680000
v 19.840000 25.760000 53.039997
v 19.760000 25.920000 51.999999
v 19.760000 25.920000 52.240000
v 19.840000 25.920000 52.719997
v 19.760000 26.080000 51.999999
v 19.760000 26.080000 52.320000
v 19.760000 25.920000 52.480000
v 19.840000 26.000000 52.639999
v 19.840000 26.160000 52.000000
v 19.840000 26.160000 52.319998
v 20.000000 18.799999 46.719997
v 20.000000 18.879999 46.480000
v 20.000000 18.799999 46.559998
v 20.000000 18.799999 47.360001
v 20.000000 18.799999 47.519999
v 19.840002 19.039999 46.160000
v 20.000000 19.039999 46.320000
v 20.000000 18.959999 46.399998
v 20.000000 18.959999 47.680000
v 20.000000 18.959999 47.839999
v 20.000000 19.199999 46.320000
v 20.000000 19.199997 48.079998
v 19.920000 19.359999 46.079998
v 20.000000 19.359999 46.160000
v 19.919984 19.199906 46.239924
v 20.000001 19.359999 48.079998
v 20.000002 19.520001 48.079998
v 20.000000 19.680000 46.000000
v 19.840000 19.760000 46.879997
v 20.000002 20.000001 46.000000
v 20.000000 20.000000 46.639999
v 19.920002 20.320031 45.920008
v 20.000000 20.320000 46.000000
v 19.840000 20.480000 46.000000
v 20.160000 20.320000 46.639999
v 20.000000 20.640001 47.279999
v 19.840002 20.800001 46.799999
v 19.920008 20.960007 46.879997
v 19.840019 20.880018 47.039949
v 20.000000 20.800000 48.239998
v 20.000000 20.959999 48.079998
v 19.920000 20.959999 49.759998
v 19.920000 20.959999 49.919998
v 19.920042 20.960046 50.240263
v 19.999997 21.119997 46.000000
v 20.000000 21.119999 48.079998
v 19.920000 21.119999 49.760000
v 19.879969 21.080003 50.400069
v 20.026593 21.066479 50.239805
v 19.999999 21.279999 46.000000
v 19.920000 21.119999 49.599998
v 20.000000 21.199999 50.399998
v 20.000006 21.200005 50.559998
v 20.159639 21.439766 50.639962
v 20.000000 21.439999 46.160000
v 20.000000 21.439999 48.079998
v 19.919663 21.440881 49.278780
v 20.003215 21.443005 50.639963
v 20.000000 21.600003 46.320000
v 19.839965 21.599997 49.040398
v 19.999827 21.599066 50.799879
v 19.999998 21.760000 46.320000
v 20.000000 21.760000 49.039997
v 20.039672 21.719751 49.119921
v 19.920000 21.760000 50.879997
v 20.000000 21.760000 50.799999
v 19.960171 21.920007 46.519834
v 20.000001 21.920001 49.039997
v 20.000000 22.000000 46.559998
v 20.000000 22.160000 46.719998
v 20.042931 22.080029 47.482963
v 20.000000 22.000000 47.520000
v 20.000000 22.160000 46.879998
v 19.919972 22.239989 47.039892
v 19.920000 22.240000 47.200001
v 19.920000 22.240000 47.359999
v 20.160000 22.400000 50.160000
v 20.000000 22.320000 47.200001
v 20.000000 22.320000 47.360001
v 19.840000 22.719999 50.160000
v 19.840001 22.879999 48.879997
v 20.000000 22.880001 48.719997
v 20.000000 22.879999 49.520000
v 19.840000 22.959999 49.599998
v 20.000000 22.959999 49.759998
v 20.000000 22.959999 50.079998
v 20.000000 23.039999 50.959999
v 20.000000 23.199999 48.719997
v 19.999999 23.199997 50.799999
v 20.000000 23.359999 48.879997
v 19.920000 23.359999 50.719997
v 20.000000 23.439999 50.719997
v 20.070458 23.590389 50.640083
v 19.920000 23.519999 52.799999
v 20.000000 23.680000 48.879997
v 20.000000 23.680000 50.639999
v 20.000000 23.600000 52.160000
v 20.000000 23.600000 52.320001
v 20.000000 23.600000 52.479794
v 20.000000 23.600000 52.959999
v 20.000000 23.680000 53.039997
v 20.000000 23.760000 48.959999
v 20.000000 23.840000 49.039997
v 19.840000 23.840000 51.759998
v 19.840001 23.760000 51.840000
v 20.000000 23.839999 53.039997
v 20.000001 23.920000 49.119999
v 19.959987 24.040008 49.279970
v 19.920000 24.000000 49.439999
v 19.920000 23.840000 50.399998
v 19.936319 23.935912 53.200050
v 20.029044 24.109031 49.439982
v 19.920000 24.160000 49.599998
v 19.920000 24.160000 49.919998
v 20.000000 24.160000 50.000000
v 20.000000 24.080000 50.079998
v 19.920000 24.000000 50.239998
v 19.839999 24.160000 51.599998
v 20.000000 24.160000 51.759998
v 20.000000 24.160000 53.199997
v 20.000001 24.320001 51.599998
v 20.000000 24.320000 53.199997
v 20.000000 24.800000 51.599998
v 20.160000 24.799999 53.360001
v 19.840001 24.959999 51.599998
v 20.000000 24.960000 51.439999
v 20.000000 25.119999 51.439999
v 20.000000 25.279999 53.360001
v 19.920026 25.280017 51.519928
v 20.000000 25.439999 51.599998
v 20.000000 25.439999 53.199997
v 19.920000 25.760000 51.680000
v 20.000000 25.760000 51.599998
v 20.000000 25.680000 53.119999
v 19.999999 25.760000 53.039997
v 19.920000 25.920000 51.680000
v 20.000000 25.919999 51.599998
v 19.920000 25.920000 51.840000
v 19.840036 25.839965 52.800009
v 19.999515 25.999026 52.800487
v 19.920000 26.080000 51.840000
v 20.026490 26.160047 51.813484
v 19.977069 26.137138 52.640277
v 20.000000 26.160000 52.000000
v 20.000000 26.160000 52.480000
v 20.000000 26.160000 52.639999
v 20.079875 18.879903 46.559886
v 20.120096 18.920129 47.520086
v 20.160000 19.039999 46.320000
v 20.160000 18.959999 46.399998
v 20.160000 18.959999 46.559998
v 20.160000 18.959999 46.719997
v 20.160000 18.959999 47.360001
v 20.080000 19.039999 47.840000
v 20.159999 19.119999 47.680000
v 20.160001 19.199999 47.759998
v 20.080000 19.039999 47.680000
v 20.080000 19.199999 48.000000
v 20.120000 19.399999 46.239998
v 20.160000 19.359999 46.320000
v 20.080000 19.360000 48.000000
v 20.000002 19.520001 46.000000
v 20.160000 19.519999 46.160000
v 20.160000 19.439999 48.000000
v 20.195862 19.555750 48.080032
v 20.079937 19.680053 46.079977
v 20.160000 19.680000 46.160000
v 20.160000 19.680000 48.079998
v 20.159980 19.839981 46.000000
v 20.080000 20.000000 46.879997
v 20.160000 20.080000 47.360001
v 20.160000 20.160000 46.799999
v 20.160000 20.080000 46.879997
v 20.160000 20.160000 47.439999
v 20.080000 20.160000 46.719997
v 20.160000 20.320000 47.439999
v 20.000000 20.480000 47.439999
v 20.159998 20.639999 47.439999
v 20.160000 20.640001 46.639999
v 20.160000 20.799999 46.799999
v 20.160000 20.959999 47.439999
v 20.159998 20.959999 48.239998
v 20.160000 21.199999 46.879997
v 20.160000 21.199999 47.200000
v 20.160044 21.040031 47.359983
v 20.160000 21.119999 48.239998
v 20.080000 21.119999 49.919998
v 20.080000 21.119999 50.079998
v 20.080000 21.119999 50.239998
v 20.160000 21.279999 48.239998
v 20.080000 21.279999 49.759997
v 20.080000 21.279999 50.399998
v 20.160001 21.440000 46.160000
v 20.080067 21.280045 48.159894
v 20.000000 21.279998 48.079998
v 20.160000 21.359999 49.599998
v 20.160000 21.359999 50.239998
v 20.240000 21.439999 50.399998
v 20.160000 21.359999 50.559998
v 20.159999 21.600000 46.160000
v 20.080000 21.600000 48.000000
v 20.036354 21.476335 48.079946
v 20.120848 21.604764 49.316084
v 20.160000 21.520000 49.439999
v 20.228775 21.669684 50.640108
v 20.159999 21.760001 46.160000
v 20.080000 21.760000 47.839999
v 20.160000 21.680000 48.000000
v 20.160000 21.680000 50.719997
v 20.159999 21.920000 46.320000
v 20.080000 21.920000 47.839999
v 20.160000 21.920000 49.039997
v 20.319998 22.079999 50.799999
v 20.120000 22.080000 46.519999
v 20.160000 22.080001 47.599998
v 20.160000 22.000000 47.840000
v 20.000000 22.080000 48.879997
v 20.320000 22.240000 50.959999
v 20.177374 22.240127 46.622650
v 20.080000 22.240000 46.719997
v 20.080000 22.240000 46.879997
v 20.159999 22.240000 47.599998
v 20.319999 22.240000 49.039997
v 20.160000 22.320000 50.079998
v 20.160000 22.400000 46.639999
v 20.080000 22.400000 47.039997
v 20.080000 22.400000 47.200000
v 20.160000 22.320000 47.360001
v 20.160000 22.320000 47.520000
v 20.160000 22.320000 49.759998
v 20.160000 22.400000 49.680000
v 20.080000 22.559999 46.719997
v 20.160000 22.559999 46.639999
v 20.080000 22.559999 47.039997
v 20.000000 22.719999 48.879997
v 20.160000 22.639999 46.719997
v 20.160000 22.639999 47.039997
v 20.160000 22.879999 49.520000
v 20.160001 22.959999 49.599998
v 20.160000 23.039999 50.959999
v 20.240000 23.199999 49.759998
v 20.160025 23.120019 50.879905
v 20.160000 23.279999 48.799999
v 20.160000 23.359999 48.879997
v 20.160000 23.199999 50.799999
v 20.159712 23.520266 50.799879
v 20.160001 23.680001 48.879997
v 20.146753 23.667026 50.639694
v 20.000048 23.650096 52.110028
v 20.160000 23.600000 52.319998
v 20.160000 23.600000 52.799999
v 20.129352 23.680015 52.910696
v 20.080000 23.840000 48.959999
v 20.160000 23.840000 48.879997
v 20.160000 23.840000 50.639999
v 20.000000 23.760000 52.000000
v 20.160000 23.760000 52.160000
v 20.080000 23.840000 52.959999
v 20.160000 24.000000 48.879997
v 20.080000 24.000000 49.119999
v 20.160285 23.840171 52.880132
v 20.080425 24.000170 53.119742
v 20.080000 24.000000 48.959999
v 20.186568 24.106576 49.120271
v 20.080000 24.160000 49.279998
v 20.080000 24.160000 49.439999
v 20.080000 24.160000 50.079998
v 20.080059 24.160059 50.239998
v 20.102250 24.039119 50.383130
v 20.159999 24.160000 51.759998
v 20.160000 24.080000 53.119999
v 20.224844 24.224759 53.200037
v 20.080000 24.320000 49.439999
v 20.122416 24.362510 49.440114
v 20.080000 24.320000 49.599998
v 20.210078 24.290135 50.080114
v 20.240000 24.480000 49.919997
v 20.160000 24.639999 53.360001
v 20.320000 24.959999 53.360001
v 20.000000 25.279999 51.439999
v 20.160001 25.439999 51.439999
v 20.160000 25.439999 53.199997
v 20.000002 25.599999 51.599998
v 20.240000 25.599998 53.199997
v 20.160000 25.760000 51.599998
v 20.160000 25.760002 53.199997
v 20.160000 25.920000 51.599998
v 20.000000 25.840000 52.959999
v 20.160000 25.993103 52.966895
v 20.159999 26.080000 52.879997
v 20.160009 26.160006 51.680022
v 20.159990 26.159965 51.839970
v 20.080000 26.240000 52.000000
v 20.000000 26.160000 52.160000
v 20.120000 26.280000 52.240000
v 20.160000 26.160000 52.799999
v 20.200000 26.360000 52.320000
v 20.240000 19.039999 46.399998
v 20.240000 19.039999 46.719997
v 20.320000 19.119999 47.520000
v 20.240000 19.359999 46.399998
v 20.240027 19.200015 46.559950
v 20.400000 19.199999 47.360001
v 20.320000 19.119999 47.680000
v 20.320000 19.199999 47.759998
v 20.320000 19.520000 46.320000
v 20.319999 19.439999 46.399998
v 20.320000 19.359997 47.759998
v 20.320029 19.520005 47.919974
v 20.217280 19.577588 46.159966
v 20.320000 19.600000 46.239998
v 20.320000 19.840000 46.160000
v 20.320000 19.840000 48.079998
v 20.320000 20.160000 46.799999
v 20.320000 20.080000 46.879997
v 20.320000 20.080000 47.200001
v 20.289401 20.160009 47.310608
v 20.320001 20.320000 46.799999
v 20.270936 20.319918 47.329068
v 20.320000 20.480000 46.799999
v 20.320000 20.400000 47.360001
v 20.320000 20.480000 47.439999
v 20.240000 20.639999 46.719997
v 20.320000 20.639999 46.799999
v 20.480000 20.639999 46.799999
v 20.639999 20.799999 46.799999
v 20.160000 21.279999 46.000000
v 20.320000 21.119999 47.279999
v 20.320000 21.199999 46.879997
v 20.320000 21.199999 47.200001
v 20.320000 21.439999 46.000000
v 20.240000 21.439999 48.160000
v 20.320068 21.439947 48.239916
v 20.320000 21.359999 49.759998
v 20.320000 21.359999 49.919998
v 20.320000 21.359999 50.080000
v 20.271302 21.471264 50.559814
v 20.320014 21.517688 46.077543
v 20.320000 21.600000 46.160000
v 20.276930 21.556992 48.080425
v 20.320126 21.636433 49.483687
v 20.320000 21.520000 49.599998
v 20.320000 21.520000 50.239998
v 20.400000 21.600001 50.399998
v 20.320000 21.600000 50.639999
v 20.319998 21.760000 48.079998
v 20.320001 21.760000 49.360001
v 20.320000 21.680000 49.439999
v 20.240000 21.760000 50.719997
v 20.320000 21.760000 50.639999
v 20.320001 21.920002 46.320000
v 20.319999 21.920000 48.079998
v 20.320000 22.000000 49.119999
v 20.320000 21.920000 49.200001
v 20.320000 21.840000 50.719997
v 20.319999 21.920000 50.799999
v 20.240000 22.080000 46.399998
v 20.320000 22.080000 46.320000
v 20.320000 22.080000 47.759998
v 20.160000 22.000000 47.680000
v 20.320000 22.000000 48.000000
v 20.320000 22.080000 49.039997
v 20.240000 22.240000 46.399998
v 20.320000 22.240001 46.320000
v 20.240000 22.240000 46.559998
v 20.320000 22.240000 47.599998
v 20.240000 22.399999 46.559998
v 20.240000 22.400000 47.360001
v 20.320000 22.400000 47.599998
v 20.320000 22.400001 48.879997
v 20.320000 22.320000 49.760000
v 20.320000 22.320000 50.079998
v 20.320000 22.400000 50.160000
v 20.319999 22.559999 46.639999
v 20.240000 22.559999 47.200001
v 20.240000 22.400000 47.520000
v 20.320000 22.559999 49.520001
v 20.320000 22.559999 50.160000
v 20.320000 22.639999 46.719997
v 20.320000 22.639999 47.200001
v 20.240000 22.559999 47.360000
v 20.240000 22.719999 48.879997
v 20.320000 22.879999 48.719997
v 20.320001 22.879999 49.520000
v 20.240000 23.039999 49.599998
v 20.320000 23.039999 49.520000
v 20.160000 23.199999 48.719997
v 20.320000 23.199999 50.160000
v 20.320001 23.359999 48.719997
v 20.320000 23.359999 49.520000
v 20.319999 23.359997 50.000000
v 20.319844 23.279777 50.880064
v 20.320000 23.359999 50.799999
v 20.320000 23.680000 48.719997
v 20.240000 23.359999 49.599998
v 20.240000 23.359999 49.759998
v 20.240000 23.359999 49.919998
v 20.320000 23.519999 50.799999
v 20.240000 23.680000 50.719997
v 20.240000 23.680000 52.320000
v 20.240000 23.680000 52.799999
v 20.320000 23.839999 48.879997
v 20.238418 23.598239 50.800072
v 20.480000 24.000000 50.639999
v 20.240000 23.840000 52.799999
v 20.320000 24.000000 48.879997
v 20.320001 24.000000 50.639999
v 20.240000 23.840000 52.159999
v 20.240000 23.840000 52.639999
v 20.240000 24.000000 52.959999
v 20.354678 23.954673 52.799947
v 20.240000 24.160000 48.959999
v 20.320000 24.159999 48.879997
v 20.240000 24.160000 49.119999
v 20.319999 24.159998 50.480000
v 20.319998 24.160000 51.919998
v 20.320000 24.080000 52.000000
v 20.320000 24.120000 52.999998
v 20.240000 24.320000 50.079998
v 20.240000 24.320000 50.239999
v 20.159998 24.320000 51.599998
v 20.320000 24.319999 53.199997
v 20.320000 24.320000 49.039997
v 20.240000 24.480000 49.279999
v 20.282094 24.522094 49.280174
v 20.240000 24.480000 49.439999
v 20.280000 24.520000 49.519999
v 20.240000 24.480000 50.079998
v 20.320000 24.799999 53.199997
v 20.320803 24.959999 51.439999
v 20.320000 25.279999 53.360001
v 20.320000 25.439999 53.199997
v 20.160000 25.599998 51.439999
v 20.320001 25.760000 51.439999
v 20.320000 25.760000 53.199997
v 20.320006 25.881838 53.078150
v 20.160001 26.080001 51.599998
v 20.320000 26.000000 52.959999
v 20.319998 26.080000 52.879997
v 20.320000 26.160000 51.520000
v 20.320000 26.160000 51.679999
v 20.240000 26.240000 51.840000
v 20.160000 26.160000 52.639999
v 20.320000 26.240000 52.879997
v 20.199904 26.359936 52.000186
v 20.276015 26.436000 52.000028
v 20.240000 26.400000 52.160000
v 20.319998 26.479998 52.480000
v 20.160000 26.240000 52.559998
v 20.319947 26.479905 51.999835
v 20.360000 26.520000 52.320000
v 20.400000 19.199999 47.680000
v 20.400000 19.359999 46.559998
v 20.480000 19.359999 46.639999
v 20.520000 19.319999 46.879997
v 20.489026 19.288970 47.359793
v 20.400000 19.359999 47.680000
v 20.480000 19.439999 46.399998
v 20.400000 19.359998 47.520000
v 20.525843 19.485852 47.680011
v 20.399984 19.679992 46.239991
v 20.400000 19.600000 47.920000
v 20.384915 19.745290 48.080047
v 20.480000 19.680000 47.919998
v 20.480126 19.840126 46.160000
v 20.480000 19.760000 48.000000
v 20.545183 19.905443 48.079930
v 20.480000 20.000000 46.160000
v 20.480000 20.000000 48.079998
v 20.639897 20.239958 46.079937
v 20.400000 20.160000 46.879997
v 20.400000 20.160000 47.200001
v 20.639990 20.319990 48.239998
v 20.400000 20.320000 46.879997
v 20.400000 20.320000 47.200001
v 20.480000 20.480000 46.799999
v 20.480000 20.400000 47.200001
v 20.480000 20.480000 47.439999
v 20.559999 20.639999 48.239998
v 20.480000 21.039999 47.360001
v 20.480000 21.119999 48.239998
v 20.400000 21.279999 46.879997
v 20.480000 21.279999 46.799999
v 20.400000 21.279999 47.200001
v 20.480000 21.279999 47.279999
v 20.559999 21.199999 48.239998
v 20.480000 21.440001 46.000000
v 20.400000 21.439999 46.879997
v 20.400000 21.439999 47.200001
v 20.480000 21.439999 47.279999
v 20.559999 21.439999 48.239998
v 20.365954 21.406114 49.760385
v 20.444645 21.484608 50.079980
v 20.480000 21.600000 46.160000
v 20.480000 21.520000 47.200001
v 20.400000 21.600000 48.160000
v 20.479969 21.623587 49.496408
v 20.480000 21.520000 49.599998
v 20.480000 21.520000 49.759998
v 20.516484 21.556459 50.080054
v 20.400000 21.600000 50.239998
v 20.400000 21.600000 50.559998
v 20.319999 21.760000 46.160000
v 20.480000 21.760000 48.079998
v 20.480001 21.760000 49.360001
v 20.445086 21.644991 50.240092
v 20.400000 21.759999 50.559998
v 20.479999 21.920000 48.079998
v 20.480001 21.920000 49.360001
v 20.480000 21.920002 50.639999
v 20.400000 22.080000 47.840000
v 20.480000 22.080001 47.919998
v 20.480000 22.000000 48.000000
v 20.480000 22.000000 49.119999
v 20.480000 22.000000 49.279999
v 20.400000 22.240000 47.680000
v 20.480000 22.240000 47.919998
v 20.479999 22.080001 50.640000
v 20.479998 22.240000 50.799999
v 20.400000 22.400000 47.680000
v 20.484955 22.400313 47.764641
v 20.400000 22.240000 47.840000
v 20.480000 22.240001 49.039997
v 20.400000 22.400000 49.759998
v 20.400000 22.400000 50.079998
v 20.479998 22.399999 50.799999
v 20.479998 22.559999 46.480000
v 20.400000 22.559999 49.599998
v 20.400000 22.559999 50.079998
v 20.400000 22.559999 50.079998
v 20.320000 22.400001 50.959999
v 20.507590 22.587591 50.959999
v 20.400000 22.719999 46.719997
v 20.445007 22.765053 46.719938
v 20.320000 22.639999 46.879997
v 20.440004 22.760004 46.959990
v 20.400000 22.719999 49.599998
v 20.480000 22.719999 49.680000
v 20.480000 22.799999 48.799999
v 20.480000 22.879999 49.680000
v 20.480000 23.039998 49.520000
v 20.639999 23.359999 50.959999
v 20.559999 23.279999 49.520000
v 20.480001 23.359998 50.000000
v 20.480000 23.359999 50.959999
v 20.443920 23.563848 49.600162
v 20.479817 23.519865 49.520205
v 20.479999 23.519997 50.799999
v 20.440000 23.559999 49.759998
v 20.430491 23.550420 49.920111
v 20.559999 23.680000 50.799999
v 20.480000 23.840000 48.719997
v 20.400000 23.840000 50.719997
v 20.480000 23.840000 50.799999
v 20.559999 24.000000 50.719997
v 20.480000 24.080000 52.160001
v 20.440004 24.040070 52.800102
v 20.399919 23.999970 48.799987
v 20.480000 24.160000 48.879997
v 20.480000 24.159999 50.480000
v 20.480000 24.080000 52.480000
v 20.400000 24.160000 52.959999
v 20.480000 24.160000 52.879997
v 20.480000 24.319998 49.039997
v 20.480000 24.319999 50.480000
v 20.480001 24.319999 53.039997
v 20.400000 24.480000 49.119999
v 20.480000 24.480000 49.039997
v 20.479998 24.551535 51.688463
v 20.480001 24.479999 53.039997
v 20.400000 24.640000 49.119998
v 20.400000 24.639999 49.279999
v 20.527657 24.640847 50.206810
v 20.480000 24.640001 51.599998
v 20.320000 24.479998 53.199997
v 20.639393 24.799393 53.199997
v 20.480000 24.719999 49.119999
v 20.480000 24.719999 49.279998
v 20.480000 24.719999 50.079998
v 20.480000 24.799999 51.599998
v 20.640032 24.879996 51.519970
v 20.480000 24.959999 53.199997
v 20.480000 25.279999 53.199997
v 20.443330 25.961216 53.122114
v 20.480000 25.920000 53.199997
v 20.320000 26.080000 51.439999
v 20.480000 26.080000 53.039997
v 20.400000 26.240000 51.520000
v 20.544845 26.304771 51.440049
v 20.400000 26.240000 51.680000
v 20.400000 26.240000 52.959999
v 20.480000 26.240000 53.039997
v 20.400000 26.400000 51.680000
v 20.445205 26.445246 51.680057
v 20.400000 26.400000 51.840000
v 20.360000 26.360000 52.799999
v 20.480083 26.361275 52.918819
v 20.514789 26.514723 51.840104
v 20.439930 26.599938 51.999920
v 20.400019 26.560018 52.159970
v 20.456994 26.616870 52.480057
v 20.480000 26.480000 52.639999
v 20.480000 26.480000 52.799999
v 20.480000 26.639999 52.480000
v 20.559999 19.359998 47.039998
v 20.559999 19.359999 47.200001
v 20.559999 19.359999 47.360001
v 20.480001 19.520000 46.320000
v 20.639999 19.439999 46.560000
v 20.639999 19.439999 46.719997
v 20.678169 19.478181 47.040040
v 20.559999 19.520000 47.200001
v 20.559999 19.520000 47.520000
v 20.587443 19.547500 47.680007
v 20.639999 19.679999 46.320000
v 20.639999 19.600000 47.200000
v 20.599999 19.680000 47.799999
v 20.639999 19.839999 46.320000
v 20.639999 19.800000 47.879999
v 20.639999 19.920000 48.000000
v 20.704760 20.064947 48.079882
v 20.639999 20.160000 46.160000
v 20.640029 20.160028 48.079998
v 20.639999 20.320000 46.000000
v 20.559999 20.480000 46.879997
v 20.480000 20.400000 47.360001
v 20.639999 20.480000 48.239998
v 20.639999 20.480000 46.000000
v 20.559999 20.639999 46.879997
v 20.639998 20.719999 46.879997
v 20.639999 20.799999 47.439999
v 20.719999 20.799999 48.239998
v 20.799999 20.799999 46.799999
v 20.480000 20.959999 47.439999
v 20.479998 21.119999 47.279999
v 20.559850 21.279966 47.359947
v 20.639999 21.279999 47.439999
v 20.480000 21.439999 46.799999
v 20.639999 21.439999 47.279999
v 20.640267 21.600104 45.999589
v 20.480000 21.520000 46.879997
v 20.639999 21.520000 47.039997
v 20.639999 21.520000 47.200001
v 20.479871 21.599940 48.239784
v 20.559999 21.600000 46.079998
v 20.639999 21.760000 46.160000
v 20.559999 21.760000 48.160000
v 20.640169 21.760171 48.239998
v 20.645715 21.768061 49.517655
v 20.639999 21.680000 49.599998
v 20.599999 21.640000 49.839998
v 20.639999 21.680000 49.919998
v 20.639973 21.679999 50.080082
v 20.589038 21.789122 50.240024
v 20.639999 21.840000 50.399997
v 20.639999 21.840000 50.239998
v 20.660156 21.912917 50.452759
v 20.620587 22.137913 46.237323
v 20.480000 22.080000 49.039997
v 20.639999 22.000000 49.279999
v 20.639999 22.000000 50.559998
v 20.639998 22.080000 50.639999
v 20.639999 22.240000 46.320000
v 20.799999 22.240001 48.079998
v 20.639998 22.239999 47.919998
v 20.639999 22.240000 49.200001
v 20.639999 22.160000 50.719997
v 20.639998 22.240000 50.799999
v 20.639999 22.400000 47.919998
v 20.479999 22.400000 48.879997
v 20.639999 22.400000 49.039997
v 20.639999 22.400000 50.799999
v 20.640000 22.400001 46.320000
v 20.639999 22.559999 46.480000
v 20.639980 22.559980 50.799999
v 20.559999 22.719999 46.559998
v 20.639999 22.720001 46.480000
v 20.681127 22.782448 47.578678
v 20.479999 22.719999 48.879997
v 20.559999 22.719999 49.759998
v 20.559999 22.719999 50.079998
v 20.559999 22.879999 46.719997
v 20.639999 22.959999 46.719999
v 20.639999 22.959999 46.879997
v 20.479998 22.879999 48.719997
v 20.639999 22.879999 49.680000
v 20.599999 22.759999 49.919998
v 20.639999 22.799999 50.079998
v 20.639999 22.879999 50.160000
v 20.639999 22.959999 49.599998
v 20.639999 23.039999 50.160000
v 20.480000 23.199999 50.160000
v 20.719999 23.359999 49.520000
v 20.639999 23.519999 50.160000
v 20.640000 23.519997 50.799999
v 20.559999 23.680000 49.599998
v 20.639998 23.679999 49.520000
v 20.599999 23.720000 49.759998
v 20.559999 23.680000 49.919998
v 20.480000 23.519999 50.000000
v 20.559913 23.519997 50.079991
v 20.639999 23.760000 49.919998
v 20.480000 24.000000 48.719997
v 20.639999 24.000000 50.799999
v 20.559999 24.160000 48.799999
v 20.702070 24.222034 48.720153
v 20.559999 24.160000 50.559998
v 20.639999 24.159999 50.799999
v 20.479998 24.160000 51.919998
v 20.480001 24.080000 52.000000
v 20.639999 24.080000 52.479998
v 20.480000 24.080000 52.640000
v 20.599878 24.199776 52.799815
v 20.559999 24.320000 50.559998
v 20.689880 24.375456 50.634424
v 20.639999 24.240000 52.639999
v 20.639999 24.320000 52.879997
v 20.639956 24.441956 51.798025
v 20.639999 24.400000 52.959999
v 20.705004 24.544976 53.040146
v 20.640001 24.640000 48.879997
v 20.639999 24.559999 51.680000
v 20.639999 24.719999 48.959999
v 20.639999 24.719999 49.120000
v 20.480000 24.719999 49.919998
v 20.701428 24.780958 50.079866
v 20.639999 24.719999 50.079998
v 20.639999 24.799999 51.599998
v 20.639998 24.959999 51.439999
v 20.799999 24.959999 53.199997
v 20.639999 26.080000 53.199997
v 20.639999 26.240000 51.439999
v 20.640000 26.240001 53.039997
v 20.559999 26.400000 51.520000
v 20.702289 26.462307 51.440150
v 20.559999 26.559999 51.680000
v 20.605065 26.605065 51.679977
v 20.559999 26.559999 51.840000
v 20.639999 26.480000 52.799998
v 20.666372 26.666366 51.839982
v 20.560040 26.720053 51.999991
v 20.560007 26.720007 52.159988
v 20.480000 26.639999 52.320000
v 20.719999 26.719999 52.479998
v 20.639999 26.639999 52.480000
v 20.639999 26.639999 52.639999
v 20.719999 19.520000 46.559998
v 20.719999 19.520000 46.879997
v 20.719999 19.680000 46.399998
v 20.719999 19.680000 46.559998
v 20.719999 19.680000 46.719999
v 20.799999 19.600000 47.039997
v 20.639999 19.600000 47.520001
v 20.799999 19.600000 47.359999
v 20.760023 19.719986 47.680009
v 20.759999 19.880000 47.840000
v 20.799999 19.840000 47.759998
v 20.719999 19.840000 46.399998
v 20.800034 19.999143 47.919107
v 20.960001 20.320000 46.160000
v 20.800000 20.160000 48.079998
v 20.800001 20.320000 46.160000
v 20.799999 20.319999 48.079998
v 20.720085 20.479918 46.079876
v 20.736183 20.415809 48.240077
v 20.799999 20.639999 46.000000
v 20.799999 20.719999 47.039996
v 20.719999 20.639999 47.200001
v 20.719999 20.639999 47.360001
v 20.799999 20.639999 48.239998
v 20.799999 20.719999 46.879997
v 20.719999 20.800000 47.360001
v 20.799999 20.879999 47.360001
v 20.799999 20.959999 47.439999
v 20.639999 21.119999 47.439999
v 20.719999 21.359999 46.000000
v 20.799999 21.439999 47.439999
v 20.799999 21.439999 46.799999
v 20.719999 21.439999 47.360001
v 20.879999 21.439999 48.239998
v 20.799999 21.520000 46.879997
v 20.719999 21.600001 47.039998
v 20.719999 21.600000 47.200001
v 20.799998 21.760000 46.000000
v 20.719999 21.760000 47.039997
v 20.719999 21.760000 47.360001
v 20.799999 21.760000 47.439999
v 20.799999 21.680000 48.239998
v 20.719999 21.760000 49.599998
v 20.719999 21.760000 49.919998
v 20.639998 21.920000 46.160000
v 20.799999 21.840000 47.360001
v 20.640000 21.920000 49.360001
v 20.850576 21.890341 49.600230
v 20.799999 21.840000 49.759998
v 20.799999 21.840000 50.079998
v 20.799999 21.840000 50.239999
v 20.809198 22.089199 48.079998
v 20.639999 22.079999 49.200001
v 20.799999 22.000000 49.439999
v 20.879999 22.080000 50.399999
v 20.799999 22.160000 49.279999
v 20.800060 22.240006 50.640171
v 20.799999 22.400001 46.320000
v 20.799998 22.400000 48.079998
v 20.799999 22.400000 49.039997
v 20.750736 22.400020 50.689252
v 20.799998 22.559999 46.320000
v 20.799999 22.480000 48.000000
v 20.800647 22.477731 50.717079
v 20.799998 22.719999 46.320000
v 20.799999 22.719999 47.759998
v 20.958423 22.878423 48.879997
v 20.799999 22.880000 46.480000
v 20.799999 23.039999 48.879997
v 20.719965 22.879897 49.760055
v 20.719999 22.879999 50.079998
v 20.799999 22.959999 46.559998
v 20.799999 22.959999 46.719999
v 20.760034 23.080113 46.879897
v 20.719990 23.039990 47.039995
v 20.799999 23.039999 49.520000
v 20.799999 22.959999 49.759998
v 20.719999 22.879999 49.919997
v 20.719999 23.039999 50.079998
v 20.800001 23.119999 50.079998
v 20.879999 23.199999 47.360001
v 20.799999 23.199999 50.160000
v 20.639999 23.359999 50.160000
v 20.800201 23.519943 50.960072
v 20.799999 23.599999 49.520000
v 20.719999 23.680000 50.079998
v 20.799999 23.680000 50.160000
v 20.746119 23.626637 50.799616
v 20.760000 23.880001 49.760003
v 20.777302 23.897207 49.919777
v 20.799999 23.840000 50.799999
v 20.799999 23.920000 49.919998
v 20.959999 23.840000 50.799999
v 20.879999 24.160000 48.719997
v 20.639999 24.080000 52.160000
v 20.799999 24.240000 52.320000
v 20.800000 24.320001 48.719997
v 20.639998 24.320000 51.919998
v 20.822906 24.339851 52.083054
v 20.760019 24.200057 52.480038
v 20.749082 24.349279 52.639802
v 20.799999 24.400000 52.800000
v 21.075965 24.755965 48.879997
v 20.786799 24.518579 51.868219
v 20.799999 24.400000 52.639999
v 20.799999 24.480000 52.879997
v 20.639998 24.639999 51.599998
v 20.719999 24.799999 48.959999
v 20.799999 24.799998 48.879997
v 20.719999 24.799999 49.119999
v 20.639999 24.719999 50.239997
v 20.997014 24.849996 50.467017
v 20.799999 24.799999 53.039997
v 20.799999 24.959999 49.039997
v 20.719999 24.959999 49.279999
v 20.719999 24.959999 49.919999
v 20.799999 24.959999 51.599998
v 20.799942 24.880064 53.120182
v 20.719999 24.959999 49.119999
v 20.719999 25.119999 49.440000
v 20.719999 25.119999 49.759998
v 20.879951 25.146664 49.893259
v 20.799999 25.039999 49.919998
v 20.959999 25.119999 53.199997
v 20.799999 25.199999 49.439999
v 20.799999 25.199999 49.599998
v 20.959999 25.279999 53.199997
v 20.800000 25.920000 51.439999
v 20.799999 26.080000 51.439999
v 20.799999 26.080001 53.199997
v 20.800001 26.240000 51.439999
v 20.799998 26.240000 53.039997
v 20.799999 26.400000 51.439999
v 20.719999 26.400000 52.959999
v 20.799999 26.400000 53.039997
v 20.719999 26.559999 51.520000
v 20.862463 26.622311 51.439996
v 20.719999 26.559999 52.959999
v 20.799999 26.559999 53.039997
v 20.719999 26.719999 51.679999
v 20.719999 26.719999 51.840000
v 20.719999 26.719999 52.639999
v 20.719999 26.719999 52.799999
v 20.800019 26.671056 52.928885
v 20.719999 26.879999 51.680000
v 20.719999 26.879999 52.000000
v 20.719999 26.879999 52.320001
v 20.719999 26.879999 52.479998
v 20.799999 26.799999 52.640000
v 20.799999 26.799999 52.799999
v 20.879999 19.680000 46.879997
v 20.879999 19.680000 47.360001
v 20.879999 19.840000 46.719996
v 20.879999 19.840000 47.520000
v 20.919901 19.879943 47.679899
v 20.953794 20.051316 46.422477
v 21.161515 20.121516 46.559997
v 20.959999 19.920000 47.520000
v 20.879999 20.000000 47.840000
v 20.959999 20.000000 47.759998
v 20.879999 20.080000 46.320000
v 20.959999 20.159998 47.919998
v 20.879999 20.320000 48.000000
v 20.960001 20.480000 46.160000
v 20.959999 20.319998 47.919998
v 20.919999 20.480000 48.119999
v 20.879999 20.639999 46.079998
v 20.799999 20.480000 46.160000
v 20.960032 20.560105 48.160072
v 21.025377 20.705223 48.239960
v 20.959999 20.879999 47.200001
v 20.959999 20.959999 47.439999
v 21.039999 21.439999 46.799999
v 20.879999 21.600000 46.000000
v 20.959998 21.600000 46.799999
v 20.879999 21.759999 46.879998
v 20.799999 21.920000 46.000000
v 20.959999 21.920000 46.799999
v 20.879999 21.920000 47.039997
v 20.799999 21.840000 47.200001
v 20.959999 21.840000 47.360001
v 20.879999 21.920000 49.599998
v 20.879999 21.920000 49.759998
v 20.879999 21.920000 50.079998
v 20.879999 21.920000 50.239998
v 20.959999 22.080000 46.000000
v 20.879999 21.920000 46.879997
v 21.039999 22.080000 47.200002
v 20.879999 22.080000 49.440000
v 20.879999 22.080000 49.599998
v 20.959999 22.080000 49.680000
v 20.919999 21.960000 49.919998
v 20.959999 22.000000 50.079998
v 20.879999 22.080000 50.239999
v 20.959999 22.160000 48.160000
v 20.800000 22.240000 49.200001
v 21.009620 22.209753 49.439498
v 20.959999 22.160000 50.239998
v 20.959883 22.159950 50.399834
v 20.959998 22.240000 50.480000
v 20.959998 22.400000 46.160000
v 20.959999 22.320000 49.279999
v 20.879999 22.400000 50.559998
v 20.959999 22.400001 48.079998
v 20.959999 22.559999 47.919998
v 21.119998 22.719999 49.039997
v 20.959999 22.400001 50.480000
v 20.879995 22.559923 46.240044
v 20.959999 22.720001 46.320000
v 20.999932 22.839904 47.840029
v 20.799999 22.559999 47.919998
v 21.119998 22.879999 49.039997
v 20.959999 22.719999 50.799999
v 21.119987 23.040022 47.760226
v 20.959999 23.039999 46.480000
v 20.959999 23.039999 47.599998
v 20.799999 22.959999 49.599998
v 20.919908 23.079985 46.719979
v 20.879999 23.199999 47.039997
v 20.959999 23.200000 47.439999
v 20.959999 23.040000 48.879997
v 20.959999 23.119999 49.919998
v 20.959999 23.119999 50.079998
v 20.959999 23.279999 50.959999
v 20.879999 23.199999 46.879997
v 20.879999 23.359999 47.039997
v 20.959999 23.359999 46.959999
v 20.879999 23.359999 47.360001
v 20.959999 23.359999 47.439999
v 20.959999 23.199999 50.160000
v 20.960000 23.439999 47.200001
v 20.959999 23.439999 47.360001
v 20.959999 23.599999 50.160000
v 20.959367 23.679368 50.959999
v 20.959999 23.840000 49.520000
v 20.879999 23.840000 50.079998
v 20.879999 24.000000 48.719997
v 20.959999 24.000000 50.160000
v 20.959999 24.000000 50.799999
v 21.039999 24.160000 49.599998
v 20.879999 24.000000 49.919998
v 20.879999 24.000000 50.079998
v 20.959999 24.400000 52.480000
v 20.959999 24.400000 52.639998
v 20.876025 24.614759 50.581265
v 20.879999 24.559999 52.879999
v 20.864707 24.704595 53.039740
v 20.959999 24.799999 48.879997
v 20.959999 24.719999 51.839999
v 20.959999 24.719999 52.959999
v 20.960000 24.799999 53.039997
v 20.959998 24.959998 49.039997
v 20.879999 24.959999 50.079998
v 20.959999 24.960000 51.599998
v 20.959999 24.879999 53.119999
v 20.960000 24.959999 53.199997
v 20.959999 25.039999 51.520000
v 20.959999 25.199999 49.279999
v 20.959999 25.199999 49.440000
v 20.879999 25.279999 49.759997
v 20.959999 25.279999 50.000000
v 20.879964 25.120049 50.080004
v 20.879999 25.279999 49.919998
v 20.959999 25.519999 53.199997
v 20.959999 25.920001 51.279999
v 20.879999 26.080000 51.360001
v 20.959999 26.240000 51.279999
v 20.959999 26.399999 51.439999
v 21.119999 26.400001 53.199997
v 20.959998 26.399999 53.039997
v 20.959999 26.559999 51.439999
v 20.960000 26.719999 51.439999
v 20.959999 26.639999 52.959999
v 20.879999 26.879999 51.520000
v 20.959999 26.879998 51.439999
v 20.959999 26.799999 52.799998
v 20.879999 27.039999 51.680000
v 20.925183 27.085128 51.679879
v 20.839997 26.999997 51.839999
v 20.959999 27.039999 52.559998
v 20.959999 27.119999 52.480000
v 21.080018 20.039985 47.680078
v 21.119999 20.080000 46.719997
v 21.119999 20.160000 47.759998
v 21.119999 20.319999 46.320000
v 21.119999 20.240000 47.840000
v 21.185200 20.384995 47.919871
v 21.119999 20.480000 46.320000
v 21.119999 20.479999 47.919998
v 21.119999 20.639999 48.079998
v 21.119999 20.959998 46.000000
v 20.959999 20.879999 47.360001
v 21.119999 21.119999 46.000000
v 21.199999 21.279999 48.239998
v 21.039999 21.439999 46.000000
v 21.199999 21.600000 46.799999
v 20.959999 21.760000 47.439999
v 21.199999 21.840000 46.799999
v 21.039999 21.919999 47.360001
v 21.039999 22.080000 47.360001
v 21.119999 22.080000 47.439999
v 21.039999 22.080000 49.759998
v 21.279999 22.400000 46.000000
v 21.039999 22.240000 48.160000
v 21.039999 22.240000 49.439999
v 21.039999 22.240000 49.599998
v 21.169894 22.210109 49.759573
v 21.079999 22.120000 49.919998
v 21.080112 22.120084 50.079987
v 21.069166 22.269252 50.240057
v 21.079999 22.280000 46.079998
v 21.119999 22.320000 48.160000
v 21.039999 22.400000 49.280000
v 21.039999 22.400000 49.439999
v 21.119999 22.320000 49.599999
v 21.119999 22.320000 50.239998
v 21.119999 22.320000 50.399998
v 21.119999 22.400000 50.480000
v 20.959999 22.559999 46.160000
v 21.119999 22.639999 49.119999
v 21.119999 22.480000 49.280000
v 21.119999 22.480000 49.439999
v 21.119999 22.560001 50.639999
v 21.182772 22.782777 46.159906
v 21.119999 22.719999 50.639999
v 20.959998 22.879999 46.480000
v 21.161107 22.880002 46.278894
v 21.055465 22.815299 50.800158
v 21.119999 22.959999 46.399998
v 21.119999 22.959999 47.840000
v 21.119999 23.040001 48.879997
v 21.119999 23.039999 50.799999
v 21.039999 23.199999 46.559998
v 21.039999 23.199999 46.719997
v 21.039999 23.199999 47.679999
v 20.959998 23.199999 48.719997
v 21.119999 23.199999 48.879997
v 21.185055 23.264918 46.479873
v 21.040012 23.359964 46.719978
v 21.039949 23.280395 46.800382
v 21.039999 23.199999 47.520000
v 21.119999 23.359999 47.439999
v 21.199999 23.359999 47.680000
v 21.119999 23.360000 48.719997
v 21.199991 23.359991 49.599998
v 21.119999 23.359999 50.160000
v 21.119999 23.359999 50.959999
v 21.050137 23.518010 46.867871
v 21.039999 23.519999 47.039998
v 21.200000 23.534216 47.345848
v 21.119999 23.439999 47.360001
v 21.119999 23.680000 49.520000
v 21.119999 23.680000 50.160000
v 21.119999 23.599999 50.959999
v 21.119998 23.839999 49.360001
v 20.959999 23.840000 50.160000
v 21.120000 23.840001 50.959999
v 21.039999 24.000000 49.439999
v 21.119999 24.000000 50.959999
v 21.039999 24.160000 49.439999
v 21.119999 24.160000 49.360001
v 21.039999 24.160000 50.079998
v 21.039852 24.000041 50.879834
v 21.119475 24.159475 50.799999
v 21.119999 24.320001 49.520000
v 21.119999 24.639999 48.719997
v 21.039999 24.320000 49.599998
v 21.039999 24.320000 49.919998
v 21.039999 24.480000 52.480000
v 21.039999 24.480000 52.639999
v 21.279969 24.719969 52.160000
v 21.039999 24.639999 52.639998
v 21.039999 24.639999 52.799998
v 21.119999 24.719999 51.840000
v 21.119999 24.719999 52.000000
v 21.119999 24.719999 52.639999
v 21.119999 24.719999 52.799999
v 21.039999 24.959999 48.959999
v 21.119984 24.823972 51.735954
v 21.119874 24.960102 53.039947
v 21.200102 25.120008 48.960107
v 21.119999 25.119999 49.039997
v 21.199999 25.120000 50.399998
v 20.959999 25.119999 51.439999
v 21.120000 25.120000 53.039997
v 21.119999 25.279999 49.039997
v 21.039999 25.279999 49.279999
v 21.039999 25.279999 49.439999
v 21.039999 25.279999 50.079998
v 21.039999 25.159999 50.199999
v 21.119999 25.120000 51.599998
v 21.120000 25.280000 53.039997
v 21.120006 25.360136 49.119919
v 21.039999 25.439999 49.440000
v 21.039999 25.439999 49.599998
v 20.999999 25.399999 49.759998
v 21.039999 25.439999 49.919998
v 21.199969 25.490528 50.029479
v 21.119999 25.359999 50.079998
v 21.280129 25.600324 53.199802
v 21.119999 25.519999 49.439999
v 21.119999 25.519999 49.599998
v 21.120026 25.519875 49.919739
v 21.119999 25.599998 51.439999
v 21.119999 25.599998 53.199997
v 21.039999 25.760000 51.360001
v 21.119998 25.760003 51.279999
v 21.119999 25.760000 53.199997
v 21.120000 26.400000 51.279999
v 20.959998 26.559999 53.039997
v 21.119999 26.559999 53.199997
v 21.039934 26.560047 51.360016
v 21.119999 26.719999 51.439999
v 21.119998 26.719999 53.039997
v 21.079355 26.919335 52.800019
v 21.039999 27.039999 51.520000
v 21.182065 27.102050 51.439825
v 21.039999 27.199999 51.680000
v 21.085212 27.245158 51.680110
v 21.039999 27.199999 51.840000
v 20.959999 27.119999 52.320000
v 21.199999 27.199999 52.479998
v 21.119999 27.119999 52.480000
v 21.119999 27.119999 52.639999
v 21.199999 20.160000 46.719997
v 21.279999 20.080000 46.879997
v 21.279999 20.080000 47.039997
v 21.279999 20.080000 47.359999
v 21.119999 20.080000 47.520001
v 21.239819 20.199878 47.679816
v 21.279442 20.319840 46.479602
v 21.279999 20.240000 46.559998
v 21.279999 20.240000 47.520000
v 21.279999 20.480000 46.320000
v 21.279999 20.400000 47.840000
v 21.280000 20.480000 47.919998
v 21.279998 20.639998 48.079998
v 21.279999 20.799999 46.160000
v 21.119999 20.799999 48.239998
v 21.280000 20.960000 46.160000
v 21.279999 20.959999 48.239998
v 21.199903 21.119902 46.079757
v 21.279999 21.119999 46.160000
v 21.279994 21.199994 47.360001
v 21.279999 21.119999 48.239998
v 21.280225 21.280224 46.000000
v 21.279999 21.199999 46.879997
v 21.279999 21.279999 46.799999
v 21.439816 21.440086 46.799981
v 21.359999 21.439999 48.239998
v 21.119999 21.920000 47.439999
v 21.279999 22.000000 46.799999
v 21.439999 22.400000 47.439999
v 21.199999 22.240000 50.079998
v 21.279973 22.480042 46.079908
v 21.359999 22.400000 46.879997
v 21.359999 22.400000 47.360001
v 21.279999 22.400000 48.239998
v 21.280000 22.480000 49.440000
v 21.279999 22.320000 49.599998
v 21.279999 22.320000 49.759997
v 21.199999 22.240000 49.919998
v 21.279999 22.320000 50.079998
v 21.279999 22.320000 50.239998
v 21.199999 22.400001 50.399999
v 21.279999 22.559999 46.160000
v 21.279999 22.480000 48.160000
v 21.439999 22.719999 48.079998
v 21.279999 22.559999 49.360001
v 21.199999 22.559999 50.399998
v 21.199999 22.559999 50.559998
v 21.279999 22.639999 49.119999
v 21.253282 22.639999 49.253276
v 21.279809 22.560114 50.319995
v 21.199999 22.719999 50.559998
v 21.279997 22.879998 47.919998
v 21.279999 22.879999 49.039997
v 21.280000 22.799999 50.559998
v 21.279998 22.879999 50.639999
v 21.185170 23.105220 46.480187
v 21.279998 23.039999 47.919998
v 21.279999 22.959999 50.719997
v 21.439928 23.199759 50.800027
v 21.279998 23.039999 46.320000
v 21.279999 23.199999 46.480000
v 21.200185 23.200079 47.839916
v 21.279999 23.199999 47.919998
v 21.279999 23.200000 48.879997
v 21.279999 23.199999 50.799999
v 21.199999 23.359999 46.559998
v 21.279999 23.360000 46.480000
v 21.199999 23.359999 47.520000
v 21.279999 23.359999 47.759998
v 21.279744 23.359743 50.959999
v 21.279999 23.519999 47.599998
v 21.279999 23.519999 48.719997
v 21.279999 23.519999 49.520000
v 21.279999 23.439999 49.759998
v 21.279999 23.439999 49.919998
v 21.279980 23.519932 50.160142
v 21.149415 23.629493 46.880024
v 21.236064 23.716158 46.880024
v 21.199999 23.680001 47.200002
v 21.199989 23.521329 47.518605
v 21.199999 23.679999 48.719997
v 21.279999 23.680000 49.520000
v 21.279999 23.680000 50.160000
v 21.279999 23.680000 50.959999
v 21.280026 23.759983 46.880008
v 21.199999 23.680000 47.360000
v 21.359999 23.760000 50.959999
v 21.280000 24.000000 48.719997
v 21.439999 23.840000 49.360001
v 21.279999 24.080000 50.160000
v 21.279999 24.160001 49.360001
v 21.279999 24.160000 50.959999
v 21.279999 24.320000 49.520000
v 21.279999 24.320000 50.160000
v 21.279998 24.319998 50.799999
v 21.280000 24.640000 48.719997
v 21.279999 24.480000 49.520000
v 21.119999 24.320000 50.000000
v 21.239998 24.359998 50.079999
v 21.359999 24.639999 49.599998
v 21.199999 24.639999 52.320000
v 21.279999 24.799999 48.719997
v 21.257255 24.857475 51.999871
v 21.279999 24.719999 52.639998
v 21.279999 24.959998 48.879997
v 21.279999 24.959998 50.639999
v 21.119998 24.959999 51.599999
v 21.279999 24.879999 51.840001
v 21.279999 24.879999 52.000000
v 21.279999 24.879999 52.799999
v 21.280000 24.959998 52.879997
v 21.279999 25.119999 48.879997
v 21.322531 25.120022 50.522523
v 21.279999 25.039999 50.559998
v 21.279998 25.119999 51.759998
v 21.280000 25.120000 52.879997
v 21.280000 25.279999 48.879997
v 21.199978 25.330546 50.189348
v 21.293470 25.280016 50.493477
v 21.279998 25.279999 51.599998
v 21.279999 25.199999 51.680000
v 21.279999 25.199999 52.959999
v 21.279999 25.439998 49.039997
v 21.199951 25.440002 49.119810
v 21.439999 25.599999 50.320000
v 21.199999 25.279999 50.399998
v 21.160000 25.399999 53.119998
v 21.279999 25.519999 49.279999
v 21.279999 25.519999 49.440000
v 21.237347 25.637351 49.600035
v 21.199999 25.599998 49.919998
v 21.199999 25.599998 50.079998
v 21.199976 25.440056 50.239975
v 21.279999 25.599998 51.439999
v 21.279999 25.680000 49.839998
v 21.283629 25.683616 50.079745
v 21.439998 25.759999 51.279999
v 21.439981 25.679992 51.359973
v 21.279999 25.760000 53.199997
v 21.439954 25.760047 53.199985
v 21.359999 26.080000 53.199997
v 21.119999 26.559999 51.279999
v 21.279999 26.559999 53.199997
v 21.199999 26.719999 51.360001
v 21.279999 26.639999 53.119999
v 21.279998 26.719999 53.039997
v 21.279999 27.039999 51.439999
v 21.199999 27.199999 51.520000
v 21.341967 27.261937 51.439963
v 21.199999 27.199999 52.639998
v 21.199999 27.359999 51.680000
v 21.245242 27.405239 51.679888
v 21.279999 27.439999 51.840000
v 21.199999 27.359999 52.320001
v 21.319999 27.359999 52.599998
v 21.199999 27.359999 52.480000
v 21.340019 20.140621 46.879492
v 21.439936 20.399952 46.560203
v 21.452756 20.252715 46.880035
v 21.399999 20.200000 47.119999
v 21.457645 20.257530 47.359930
v 21.323920 20.283915 47.680042
v 21.399999 20.480000 46.439999
v 21.439975 20.399980 46.719961
v 21.397843 20.357840 47.520072
v 21.457587 20.417702 47.680080
v 21.439999 20.559999 46.399998
v 21.439999 20.559999 47.840000
v 21.520000 20.639999 47.839999
v 21.359999 20.799999 46.239998
v 21.439999 20.799999 48.079998
v 21.398660 20.918184 46.159832
v 21.439999 21.279999 46.160000
v 21.402351 21.082277 48.239919
v 21.359999 21.279999 47.039997
v 21.439818 21.359846 47.359817
v 21.439999 21.279999 48.239998
v 21.439998 21.439997 46.000000
v 21.439890 21.359853 46.880051
v 21.514953 21.435004 47.359992
v 21.439999 21.600000 46.799999
v 21.520000 21.600000 48.239998
v 21.600064 21.599945 46.800039
v 21.520000 21.920000 46.799999
v 21.760000 22.080000 47.439999
v 21.439999 22.400000 46.799999
v 21.439999 22.320000 48.239998
v 21.359999 22.400000 49.599998
v 21.359999 22.400000 49.759998
v 21.359999 22.400000 50.079998
v 21.359999 22.400000 50.239998
v 21.439999 22.560001 46.160000
v 21.359999 22.560000 46.879997
v 21.359999 22.559999 48.160000
v 21.359999 22.559999 49.439999
v 21.359999 22.560000 49.599999
v 21.439999 22.559999 49.680000
v 21.359999 22.559999 50.239998
v 21.359999 22.559999 47.360001
v 21.511396 22.631201 48.239643
v 21.279999 22.719999 49.039997
v 21.439999 22.639999 49.279999
v 21.439999 22.639999 49.439999
v 21.439998 22.639999 50.239999
v 21.439999 22.879999 46.160000
v 21.439999 22.879999 48.079998
v 21.424364 22.879917 49.184446
v 21.520000 22.879999 49.280001
v 21.439999 22.799999 50.399998
v 21.439999 22.799999 50.559998
v 21.439998 22.879999 50.639999
v 21.439999 23.040000 46.320000
v 21.439998 23.039999 48.079998
v 21.279997 23.039999 48.879997
v 21.279853 22.931325 48.988806
v 21.385645 22.985679 50.640365
v 21.439998 23.199999 46.320000
v 21.429648 23.189577 47.919664
v 21.439999 23.119999 50.719997
v 21.439999 23.359997 46.320000
v 21.439999 23.359999 47.919998
v 21.279998 23.359999 48.719997
v 21.386796 23.306644 50.799912
v 21.374553 23.359890 46.385584
v 21.360221 23.520173 46.559949
v 21.439998 23.519999 47.759998
v 21.439890 23.440000 47.839946
v 21.439999 23.439999 48.799999
v 21.360131 23.520121 49.599834
v 21.430343 23.590354 49.599995
v 21.439999 23.600000 49.759998
v 21.360110 23.520081 50.079945
v 21.465095 23.545204 50.959981
v 21.439999 23.600000 46.559998
v 21.359999 23.680000 46.719997
v 21.359999 23.680000 47.520000
v 21.439999 23.680000 49.520000
v 21.439999 23.600000 49.919998
v 21.439954 23.679930 50.160119
v 21.439999 23.760000 46.719997
v 21.359999 23.840000 46.879997
v 21.400597 23.880621 46.880041
v 21.440016 23.920018 47.039982
v 21.359999 23.840000 47.200001
v 21.359999 23.840000 47.360001
v 21.359999 23.720000 47.480000
v 21.439999 23.840000 48.719997
v 21.440047 23.760029 49.440009
v 21.439999 23.840000 50.160000
v 21.600000 23.680000 50.959999
v 21.439998 24.000001 48.559998
v 21.439999 24.160000 48.559998
v 21.439999 24.160000 49.360001
v 21.439999 24.240000 50.160000
v 21.439998 24.320000 49.360001
v 21.439999 24.320000 48.559998
v 21.439999 24.639999 48.559998
v 21.359999 24.480000 49.439999
v 21.600000 24.320000 50.799999
v 21.359999 24.639999 49.439999
v 21.439999 24.639999 49.360001
v 21.439999 24.639999 50.000000
v 21.439999 24.559999 50.079998
v 21.421233 24.781331 48.719996
v 21.439999 24.719999 49.439999
v 21.439999 24.719999 49.599998
v 21.440043 24.719983 49.919853
v 21.360011 24.799953 52.160017
v 21.279999 24.719999 52.480000
v 21.439999 24.879999 52.640000
v 21.440000 24.959999 48.719997
v 21.439998 24.799998 50.799999
v 21.439999 24.959999 50.639999
v 21.279999 24.960000 51.759998
v 21.439999 24.879999 52.160000
v 21.439999 24.959999 52.719997
v 21.439999 25.119999 48.719997
v 21.439999 25.119999 50.639999
v 21.439999 25.039999 52.799999
v 21.498856 25.178808 52.880207
v 21.366701 25.119930 48.793302
v 21.361600 25.279975 50.561552
v 21.439999 25.279998 50.639999
v 21.440000 25.199999 51.680000
v 21.359999 25.279999 52.959999
v 21.439998 25.279997 48.879997
v 21.439999 25.439999 49.039997
v 21.439999 25.439999 51.599998
v 21.454147 25.294496 52.879770
v 21.440572 25.440406 53.039793
v 21.466600 25.626555 49.040010
v 21.359999 25.599998 49.119999
v 21.359999 25.599998 49.439999
v 21.359999 25.599998 50.239998
v 21.480000 25.559999 50.399998
v 21.439999 25.600000 51.439999
v 21.359999 25.599998 53.119999
v 21.440136 25.599761 53.039925
v 21.359999 25.760000 49.279999
v 21.395397 25.795398 49.279960
v 21.359999 25.760001 49.599999
v 21.359999 25.760001 50.239998
v 21.439999 25.760000 50.320000
v 21.439999 25.680000 53.119999
v 21.439999 25.920000 53.199997
v 21.439999 26.719999 53.199997
v 21.440000 26.879999 51.279999
v 21.439999 26.880001 53.039997
v 21.439999 27.039999 51.279999
v 21.439998 27.039999 53.039997
v 21.366592 27.039999 51.353387
v 21.439999 27.199999 51.439999
v 21.439997 27.199999 52.879997
v 21.359999 27.359999 51.520000
v 21.439999 27.359997 51.439999
v 21.439999 27.359999 52.719997
v 21.359999 27.519999 51.680000
v 21.421822 27.581832 51.680002
v 21.439999 27.599998 51.840000
v 21.439999 27.439999 52.639999
v 21.439999 27.599998 52.480000
v 21.520000 20.320000 46.879997
v 21.520000 20.320000 47.200001
v 21.520000 20.320000 47.360001
v 21.520000 20.480000 46.559998
v 21.520000 20.480000 46.719997
v 21.520000 20.480000 47.520000
v 21.520000 20.480000 47.680000
v 21.444961 20.645286 46.320017
v 21.600000 20.559999 46.559999
v 21.600000 20.559999 47.520000
v 21.520000 20.639999 47.679999
v 21.600000 20.799999 46.320000
v 21.600001 20.719999 46.399998
v 21.600000 20.719999 47.680000
v 21.600000 20.719999 47.840000
v 21.600002 20.799999 47.919998
v 21.520000 20.959999 46.239998
v 21.600000 20.959999 46.320000
v 21.520000 20.959999 48.000000
v 21.600000 21.119997 46.160000
v 21.600000 20.959998 47.919998
v 21.561147 21.161253 48.160107
v 21.723338 21.403501 48.240104
v 21.600000 21.279998 46.160000
v 21.520000 21.439999 47.039997
v 21.520000 21.439999 47.200001
v 21.600000 21.439999 48.239998
v 21.600000 21.600000 46.000000
v 21.600001 21.520000 46.879997
v 21.600000 21.520000 47.119999
v 21.600000 21.520000 47.360001
v 21.600000 21.600000 47.439999
v 21.600000 21.760000 46.799999
v 21.680000 21.760000 48.239998
v 21.439999 22.400000 46.000000
v 21.600000 22.400000 48.239998
v 21.581848 22.542064 45.999709
v 21.439999 22.559999 46.799999
v 21.680000 22.480000 48.239998
v 21.523857 22.563817 49.760005
v 21.488080 22.607928 46.160324
v 21.519640 22.719602 46.879601
v 21.760000 22.879999 46.799999
v 21.439999 22.559999 47.439999
v 21.600000 22.719999 48.239998
v 21.520001 22.720000 49.280001
v 21.520000 22.719999 49.439999
v 21.600000 22.719999 49.680000
v 21.520000 22.559999 49.919998
v 21.600001 22.639999 50.239999
v 21.520011 22.720010 47.040005
v 21.600000 22.879999 48.239998
v 21.519728 22.719615 49.599991
v 21.600001 22.799999 50.399998
v 21.600000 23.039999 46.160000
v 21.483702 22.924092 48.079518
v 21.600001 23.039999 49.200001
v 21.599999 22.959999 49.279999
v 21.520000 23.199999 48.000000
v 21.600000 23.119999 49.119999
v 21.520000 23.199999 50.719997
v 21.514856 23.200043 46.245400
v 21.547026 23.146614 48.080033
v 21.760000 23.519999 48.879997
v 21.758797 23.439134 48.959661
v 21.692914 23.293313 50.640416
v 21.723375 23.483327 50.800088
v 21.600000 23.439999 47.840000
v 21.760000 23.519999 47.759998
v 21.472606 23.552674 48.720044
v 21.600000 23.519999 48.879997
v 21.520000 23.519999 50.879997
v 21.521108 23.521282 46.400172
v 21.520000 23.679999 46.559998
v 21.439999 23.600000 47.680000
v 21.600000 23.680000 47.759998
v 21.600001 23.680003 48.719997
v 21.600000 23.760000 49.759998
v 21.520000 23.680000 49.919998
v 21.450688 23.610713 50.080033
v 21.642542 23.562312 50.800051
v 21.520000 23.840000 46.559998
v 21.600000 23.840001 46.480000
v 21.520000 23.840000 46.719997
v 21.520000 23.840000 47.520000
v 21.520000 23.720000 47.639999
v 21.600000 23.840000 48.719997
v 21.520000 23.840000 49.439999
v 21.600001 23.760000 49.599999
v 21.600000 23.760000 50.079998
v 21.600000 23.840000 50.160000
v 21.600000 24.000000 46.639999
v 21.520000 24.000000 46.879997
v 21.520000 24.000000 47.360002
v 21.626681 24.000008 47.626696
v 21.760014 23.920010 48.640000
v 21.520004 24.159998 49.440008
v 21.600000 23.840000 49.520000
v 21.600000 24.080000 46.719997
v 21.520000 24.160000 46.879998
v 21.520000 24.160000 47.360001
v 21.600000 24.160000 47.439999
v 21.520000 24.000000 47.520000
v 21.600000 24.160000 49.520000
v 21.599999 24.160000 50.959999
v 21.599955 24.239979 46.880018
v 21.600000 24.240000 47.200001
v 21.600000 24.240000 47.360001
v 21.600000 24.240000 49.439999
v 21.600000 24.320000 49.360001
v 21.599979 24.240018 50.879940
v 21.439481 24.478808 50.160448
v 21.599999 24.639999 49.360001
v 21.600002 24.639999 50.160000
v 21.600000 24.639999 50.799999
v 21.600000 24.799999 49.360001
v 21.520014 24.799989 49.440136
v 21.520000 24.799999 49.759998
v 21.520000 24.799999 49.919998
v 21.599999 24.799998 50.000000
v 21.599771 24.959836 50.799946
v 21.520000 24.799999 48.639999
v 21.600000 24.959999 48.719997
v 21.680000 24.959999 49.439999
v 21.600000 24.879999 52.160000
v 21.600000 24.879999 52.320000
v 21.600000 24.879999 52.479998
v 21.520000 24.959999 50.719997
v 21.600000 25.119999 50.639999
v 21.439998 25.119999 51.759998
v 21.560154 25.079881 52.719728
v 21.520000 25.279999 48.799999
v 21.600000 25.279999 48.719997
v 21.600001 25.279999 50.639999
v 21.600000 25.279999 51.599998
v 21.599859 25.199791 52.799934
v 21.600000 25.439998 48.719997
v 21.520000 25.439999 48.959999
v 21.520000 25.439999 50.559998
v 21.600002 25.439999 52.879997
v 21.520000 25.439999 48.799999
v 21.600000 25.599998 49.039997
v 21.600069 25.560030 50.520035
v 21.600000 25.440000 51.599998
v 21.600001 25.599998 53.039997
v 21.520000 25.760000 49.119999
v 21.601888 25.761888 49.040147
v 21.600002 25.760001 50.320000
v 21.600000 25.760000 51.439999
v 21.520000 25.760000 53.119999
v 21.600000 25.760000 53.039997
v 21.520000 25.920000 49.279999
v 21.600001 26.000000 49.280000
v 21.520031 25.920031 49.759963
v 21.520000 25.920000 50.079998
v 21.520018 25.919970 50.240004
v 21.600000 25.920000 50.320000
v 21.600001 25.920002 51.279999
v 21.676417 25.920088 53.123547
v 21.600000 25.920000 53.199997
v 21.600000 26.000000 49.439999
v 21.600000 26.080000 53.199997
v 21.520000 26.400000 52.000000
v 21.600000 26.320000 52.320000
v 21.520000 26.400000 52.320000
v 21.600000 26.400000 52.399998
v 21.600000 26.400000 51.919998
v 21.520000 26.719999 52.000000
v 21.600000 26.719999 51.919998
v 21.520000 26.719999 52.320000
v 21.600000 26.720000 53.199997
v 21.600000 26.959999 51.279999
v 21.599999 26.879999 53.039997
v 21.600002 27.199999 51.279999
v 21.600001 27.040000 53.039997
v 21.600000 27.359999 51.279999
v 21.605250 27.365567 52.880332
v 21.528830 27.359996 51.351268
v 21.520000 27.519999 51.520000
v 21.600000 27.559999 51.480000
v 21.600000 27.519999 52.719997
v 21.520000 27.680000 51.680000
v 21.600000 27.760000 51.679998
v 21.600000 27.760000 51.840000
v 21.600000 27.760000 52.320000
v 21.600000 27.760000 52.480000
v 21.819311 20.619271 46.719792
v 21.760000 20.559999 46.719997
v 21.760000 20.559999 47.359999
v 21.760000 20.799999 46.320000
v 21.760000 20.719999 46.399998
v 21.760000 20.719999 46.559998
v 21.760000 20.719999 47.520000
v 21.760000 20.719999 47.679999
v 21.760000 20.879999 47.840000
v 21.824885 21.024949 47.920104
v 21.760000 20.959998 46.320000
v 21.680000 21.119999 48.000000
v 21.760000 21.279999 46.160000
v 21.822199 21.182369 47.920147
v 21.720226 21.279502 48.119277
v 21.600002 21.439999 46.000000
v 21.760000 21.439999 46.160000
v 21.760000 21.359999 48.160000
v 21.680000 21.600000 46.079998
v 21.760000 21.600000 46.160000
v 21.680000 21.600000 46.879997
v 21.840000 21.600000 47.039998
v 21.760000 21.520000 47.039997
v 21.760000 21.520000 47.360001
v 21.760000 21.600000 47.439999
v 21.760000 21.600000 48.239998
v 21.760000 21.759999 46.000000
v 21.694820 21.694820 46.799733
v 21.760000 21.760000 47.439999
v 21.760000 22.160000 47.520000
v 21.760000 22.240000 47.599998
v 21.840000 22.559999 46.000000
v 21.759999 22.559999 46.799999
v 21.599999 22.560000 47.439999
v 21.920000 22.879999 46.000000
v 21.680000 22.719999 49.759998
v 21.679999 22.719998 49.919998
v 21.600000 22.639999 50.079998
v 21.720087 22.760099 50.239862
v 21.760000 22.799999 46.079998
v 21.760000 22.879999 46.160000
v 21.680000 22.879999 46.879997
v 21.680000 22.879999 47.119999
v 21.680000 22.879999 47.360001
v 21.680000 22.879999 49.599998
v 21.810421 22.850192 49.760033
v 21.840000 22.879999 50.079998
v 21.679064 22.879822 50.400758
v 21.760000 23.039999 46.799999
v 21.680000 23.039999 46.879997
v 21.680000 23.039999 47.199999
v 21.760000 22.880000 47.439999
v 21.680004 23.040002 48.160000
v 21.760000 23.039999 48.239998
v 21.760000 23.039999 49.200001
v 21.760000 22.959999 49.279999
v 21.760000 22.959999 49.439998
v 21.760000 22.959999 49.599998
v 21.731563 22.976449 50.444885
v 21.658682 23.098563 50.639889
v 21.600000 23.199999 46.160000
v 21.760000 23.119999 46.879997
v 21.760000 23.119999 47.039997
v 21.840000 23.199999 47.200002
v 21.760000 23.199999 48.079998
v 21.760000 23.199999 49.200001
v 21.840000 23.199999 50.559998
v 21.760000 23.199999 50.639999
v 21.680000 23.359999 46.239998
v 21.862897 23.462997 46.159658
v 21.599999 23.359999 47.919998
v 21.760000 23.359999 48.079998
v 21.680000 23.279999 49.039997
v 21.760000 23.360000 50.639999
v 21.760000 23.439999 46.239998
v 21.723447 23.483725 46.320131
v 21.760000 23.439999 47.840000
v 21.760000 23.439999 48.000000
v 21.760000 23.439999 50.719997
v 21.760000 23.680000 46.320000
v 21.760000 23.600000 48.799999
v 21.759999 23.680000 50.799999
v 21.600000 23.680000 46.480000
v 21.680000 23.840000 47.680000
v 21.760000 23.840000 47.759998
v 21.810761 23.810715 49.760081
v 21.760000 23.760000 49.759998
v 21.760000 23.760000 50.079998
v 21.760000 23.840000 50.160000
v 21.680000 24.000000 46.559998
v 21.822306 24.062220 46.480066
v 21.759999 24.000000 48.559998
v 21.760000 23.920000 49.599998
v 21.760000 24.000000 49.520000
v 21.760000 24.160001 50.799999
v 21.680000 24.160000 46.719997
v 21.836553 24.159672 46.563118
v 21.920050 24.319900 47.600098
v 21.759970 24.079971 47.680000
v 21.680000 24.240000 50.160000
v 21.760000 24.240000 46.719997
v 21.715941 24.355883 46.879921
v 21.736954 24.376969 47.360013
v 21.720000 24.200000 47.520000
v 21.760000 24.320000 49.360001
v 21.680000 24.320000 50.879997
v 21.840000 24.480000 46.879997
v 21.720000 24.360000 47.039997
v 21.760000 24.400000 47.200001
v 21.680000 24.559999 48.559998
v 21.760000 24.480000 49.360001
v 21.760000 24.480000 50.160000
v 21.679988 24.639985 50.879981
v 21.760000 24.320000 50.959999
v 21.760000 24.639998 49.200001
v 21.600095 24.800421 48.559684
v 21.680000 24.799999 49.279999
v 21.759275 24.799273 50.799999
v 21.760001 24.959999 48.559998
v 21.680000 24.959999 49.279999
v 21.760000 24.959999 49.200001
v 21.612785 24.893369 52.159887
v 21.719901 24.999911 52.479990
v 21.600002 25.119999 48.719997
v 21.760002 25.119999 50.799999
v 21.720000 25.119999 52.039999
v 21.760000 25.039999 52.160000
v 21.760000 25.039999 52.320000
v 21.760000 25.119999 52.559998
v 21.760000 25.279998 48.719997
v 21.760000 25.279998 50.799999
v 21.600000 25.199999 51.680000
v 21.700130 25.199909 51.780078
v 21.759613 25.198608 52.638996
v 21.760000 25.439999 48.719997
v 21.760109 25.440107 50.639999
v 21.839905 25.399914 51.719989
v 21.759999 25.359999 52.799999
v 21.759999 25.439998 52.879997
v 21.723704 25.643698 48.799807
v 21.710456 25.630434 48.960046
v 21.720000 25.639999 50.559998
v 21.819403 25.658996 50.639895
v 21.600000 25.599998 51.439999
v 21.760000 25.599998 51.599998
v 21.760000 25.760000 49.039997
v 21.760000 25.760000 50.480000
v 21.760001 25.760002 51.439999
v 21.760000 25.920000 49.039997
v 21.680000 25.920000 50.399998
v 21.760000 25.920000 50.480000
v 21.760000 25.920000 53.039997
v 21.760000 26.000000 49.119999
v 21.760000 26.000000 49.280000
v 21.680000 26.080000 49.439999
v 21.759999 26.079998 50.320000
v 21.760002 26.080001 53.039997
v 21.760000 26.160000 49.439999
v 21.680000 26.240000 49.599998
v 21.722209 26.282270 49.599995
v 21.680000 26.240000 49.759998
v 21.680000 26.240000 50.079998
v 21.800806 26.275906 50.164900
v 21.680000 26.080000 50.239998
v 21.760000 26.160000 53.119999
v 21.760000 26.559999 51.279999
v 21.920000 26.400000 53.199997
v 21.599999 26.719999 51.279999
v 21.760000 26.719998 51.119999
v 21.600000 26.719999 52.399998
v 21.767436 26.887435 53.199997
v 21.920000 27.199999 53.039997
v 21.599999 27.199999 52.879997
v 21.680002 27.200017 51.199984
v 21.760000 27.359999 51.279999
v 21.920000 27.360000 53.039997
v 21.759999 27.359998 52.879997
v 21.680000 27.519999 51.360001
v 21.640093 27.480196 52.799894
v 21.680000 27.680000 51.360001
v 21.760000 27.680000 51.279999
v 21.680000 27.680000 51.520000
v 21.720000 27.680000 52.679998
v 21.760000 27.760000 51.360001
v 21.760000 27.760000 51.520001
v 21.760000 27.760000 51.679999
v 21.720035 27.880027 51.840016
v 21.680000 27.840000 52.000000
v 21.840000 27.840000 52.479998
v 21.760000 27.760000 52.480000
v 21.760000 27.760000 52.639999
v 21.880000 20.679999 46.879997
v 21.840000 20.639999 47.200001
v 21.840000 20.639999 47.360001
v 21.840000 20.799999 46.399998
v 21.840000 20.799999 46.559999
v 21.920002 20.720001 46.719997
v 21.880000 20.679999 47.039997
v 21.920000 20.719999 47.200001
v 21.840000 20.799999 47.360000
v 21.840000 20.799999 47.520000
v 21.840000 20.799999 47.680000
v 21.840000 20.960001 46.399998
v 21.920000 20.879999 47.360001
v 21.954816 20.914802 47.680062
v 21.760002 21.119999 46.160000
v 21.920000 21.119999 46.320000
v 21.920000 21.039999 47.840000
v 21.984864 21.185081 47.920145
v 21.839998 21.280052 46.240003
v 21.920000 21.439999 46.160000
v 21.920000 21.279998 47.919998
v 21.920001 21.439999 48.079998
v 21.840000 21.600000 47.360001
v 21.901561 21.582118 48.239852
v 21.920000 21.599999 46.160000
v 21.840000 21.760000 46.879997
v 21.840000 21.760000 47.360001
v 21.920000 21.920000 46.799999
v 21.920000 22.240000 47.599998
v 21.840000 22.400000 46.000000
v 21.920001 22.559998 46.639999
v 21.760000 22.559999 47.599998
v 21.759999 22.719999 47.439999
v 22.080000 22.719999 48.239998
v 21.840000 22.879999 46.079998
v 21.920000 22.879999 46.639999
v 21.840000 22.879999 47.520000
v 21.920000 22.959999 49.759997
v 21.840000 22.879999 49.919998
v 21.759999 23.039998 46.160000
v 21.920000 23.039999 46.000000
v 21.919999 23.039999 46.799999
v 21.920000 22.960106 47.599998
v 21.840000 23.039999 49.279999
v 21.840000 23.039999 49.439998
v 21.920000 23.039999 49.520000
v 21.920000 22.959999 49.599998
v 21.920000 22.959999 49.919998
v 21.919992 22.959837 50.079952
v 21.840041 23.011502 50.211458
v 21.840000 22.879999 50.239998
v 21.920000 23.119999 46.079998
v 21.920000 23.199999 46.160000
v 21.920001 23.119999 46.879997
v 21.840000 23.199999 47.520000
v 21.920000 23.199999 48.239998
v 21.920000 23.199999 49.360001
v 21.919999 23.119999 50.239999
v 21.840000 23.199999 50.399998
v 21.920000 23.279999 47.200001
v 21.920000 23.359999 48.079998
v 21.840000 23.199999 49.279999
v 21.920000 23.360000 50.480000
v 21.840000 23.519999 47.840000
v 21.980520 23.580596 48.079800
v 21.920024 23.541756 49.018302
v 21.919999 23.439999 49.119999
v 21.840000 23.359999 50.559998
v 21.880838 23.520239 50.679399
v 21.830460 23.590168 46.320214
v 21.840000 23.680000 47.840000
v 21.920000 23.680000 47.919998
v 21.840000 23.519999 48.000001
v 21.759999 23.680000 48.719997
v 21.920001 23.680003 48.879997
v 21.920000 23.600000 50.719997
v 21.919999 23.680000 50.799999
v 21.920000 23.840000 46.320000
v 21.920000 23.840000 47.919998
v 21.920000 23.760000 48.799999
v 21.840000 23.840000 50.079998
v 21.920000 24.000000 46.480000
v 21.840097 23.839848 47.839884
v 22.080000 24.160000 47.759998
v 21.760000 23.840000 48.719997
v 21.920000 23.920000 49.599998
v 21.920000 24.000000 49.520000
v 21.920000 23.920000 49.759998
v 21.840000 23.840000 49.919997
v 21.982157 24.222157 46.479917
v 21.760000 24.000000 47.759998
v 21.920000 24.160000 49.520000
v 21.840000 24.000000 50.079998
v 21.840000 24.320000 46.719997
v 21.920000 24.360000 46.679998
v 21.840000 24.320000 47.520000
v 21.920000 24.240000 47.680000
v 21.920000 24.240000 49.439999
v 22.080000 24.320000 49.360001
v 21.840000 24.320000 50.160000
v 21.920000 24.320000 50.959999
v 21.960162 24.481492 46.761329
v 21.840000 24.480000 47.360002
v 21.840000 24.480000 47.519999
v 21.920000 24.559999 46.879997
v 21.840000 24.639999 47.039997
v 21.882392 24.682254 47.039869
v 21.840000 24.639999 47.200001
v 21.840000 24.639999 47.360001
v 22.080000 24.639999 49.200001
v 21.760001 24.799999 50.000000
v 22.080000 25.119999 50.000000
v 22.080000 25.119999 50.799999
v 21.760000 25.119999 48.559998
v 22.000000 25.279999 49.919998
v 21.879944 25.159864 52.479896
v 21.920001 25.279999 48.559998
v 21.840000 25.279999 51.840000
v 21.920439 25.280366 51.920070
v 21.920000 25.199999 52.000000
v 21.920000 25.199999 52.160000
v 22.000000 25.279999 52.480000
v 21.920000 25.439999 50.799999
v 21.920000 25.359999 51.840000
v 21.920000 25.359999 52.639998
v 21.920000 25.359999 52.799998
v 21.840015 25.440014 48.639948
v 22.080000 25.760000 48.719997
v 21.920000 25.519999 50.719997
v 21.919999 25.599998 51.599998
v 21.920000 25.599997 53.039997
v 21.840000 25.760000 48.799999
v 21.920000 25.760000 48.719997
v 21.840000 25.760000 48.959999
v 21.920000 25.680000 51.520000
v 21.840000 25.920000 48.799999
v 21.920000 25.919999 48.719997
v 21.840000 25.920000 48.959999
v 21.880000 25.800000 50.559998
v 21.920000 25.919999 50.480000
v 21.760000 25.920000 51.279999
v 21.920000 25.920000 53.039997
v 21.920001 26.080000 48.879997
v 21.840000 26.080000 49.119999
v 21.840000 26.080000 49.279999
v 21.920002 26.080000 50.320000
v 22.000000 26.080000 51.360001
v 21.920000 26.240000 53.039997
v 21.840000 26.080000 48.959999
v 21.839993 26.213471 49.253505
v 21.840000 26.240000 49.439999
v 21.920000 26.239999 50.320000
v 21.919965 26.320007 53.120018
v 21.920000 26.320000 49.279999
v 21.839956 26.400017 49.439836
v 21.840000 26.400000 49.599998
v 21.919999 26.400000 51.279999
v 21.920000 26.320000 52.000000
v 21.920000 26.400000 51.919998
v 21.920000 26.320000 52.320000
v 21.920000 26.400000 52.399998
v 21.840000 26.559999 49.599999
v 21.840000 26.559999 49.919998
v 21.840000 26.400000 50.079998
v 21.920001 26.559998 51.119999
v 22.080000 26.559999 53.199997
v 21.919993 26.639984 49.600033
v 21.920001 26.719999 51.919998
v 21.920000 27.039999 51.919998
v 21.760000 27.199999 51.119999
v 22.000000 27.199999 52.000000
v 21.919999 27.359999 51.119999
v 21.759999 27.519998 51.279999
v 21.839832 27.519857 52.959828
v 21.920000 27.519999 53.039997
v 21.920000 27.520000 51.119999
v 21.919999 27.680000 51.279999
v 21.919999 27.760000 51.360001
v 21.840000 27.840000 52.639998
v 22.000000 27.840000 52.799999
v 22.000000 28.000000 51.520000
v 21.880052 27.880054 51.680053
v 21.840000 28.000000 51.840000
v 21.882366 28.042283 51.839904
v 21.920000 28.080000 52.000000
v 21.840000 28.000000 52.320001
v 21.920000 28.000000 52.559998
v 21.840000 28.000000 52.480000
v 22.000000 20.959999 46.559998
v 22.080000 20.879999 46.719997
v 22.000000 20.799999 47.039997
v 22.040000 20.840021 47.200121
v 22.029360 20.989510 47.359979
v 22.080000 21.039999 47.520000
v 22.000000 20.959999 47.680000
v 21.920000 21.039999 46.399998
v 22.080000 21.039999 47.360001
v 22.114558 21.074534 47.679970
v 21.920000 21.279999 46.320000
v 22.080000 21.199999 47.840000
v 22.080001 21.279999 47.919998
v 22.000000 21.439999 46.239998
v 22.080000 21.359999 48.000000
v 22.079999 21.439999 48.079998
v 22.066926 21.587277 46.159992
v 21.966988 21.486245 48.079780
v 21.920001 21.760000 46.000000
v 22.080000 21.760000 46.160000
v 22.080000 21.760000 48.239998
v 22.079999 21.919999 46.000000
v 22.080000 22.080000 47.439999
v 22.080000 22.160000 47.520000
v 22.240000 22.400000 48.239998
v 22.079998 22.560000 48.239998
v 22.240000 22.560000 46.639999
v 21.920000 22.719999 47.599998
v 22.000000 23.039999 46.719997
v 22.000000 23.039999 49.919998
v 22.080000 23.200000 46.160000
v 22.142051 23.102024 46.640041
v 22.000000 23.199999 46.879997
v 21.920000 23.199999 47.599998
v 22.080000 23.199999 48.239998
v 22.129720 23.169928 49.600312
v 22.080000 23.119999 49.759998
v 22.080000 23.119999 50.079998
v 22.080000 23.119999 50.239999
v 22.080000 23.359999 46.160000
v 22.080000 23.239999 46.839998
v 22.080000 23.439999 47.520000
v 22.080000 23.359999 47.599998
v 21.960000 23.319999 48.160000
v 22.080000 23.279999 49.440000
v 22.080001 23.360000 50.480000
v 21.919934 23.519905 46.159951
v 22.042161 23.402220 47.039843
v 22.080000 23.439999 47.360001
v 22.080000 23.439999 48.160000
v 22.080887 23.520641 48.079849
v 22.080000 23.439999 49.279999
v 22.000000 23.680000 46.239998
v 22.080000 23.680000 46.160000
v 22.080000 23.600000 48.959999
v 22.079999 23.520000 50.480000
v 22.080000 23.680000 50.639999
v 22.079997 23.759998 46.239999
v 22.080001 23.840001 46.320000
v 22.040000 23.720000 48.000000
v 22.080000 23.840000 47.919998
v 22.240000 24.000000 48.879997
v 22.079998 23.839999 50.639999
v 22.000000 24.000000 47.840000
v 22.000000 24.000000 49.599998
v 22.000000 24.000000 49.919998
v 21.920000 23.840001 50.799999
v 22.080000 24.160000 46.480000
v 22.080000 24.000001 47.919998
v 22.080000 24.160000 48.719997
v 22.000000 24.160000 49.599998
v 22.000000 24.160000 50.079999
v 22.080000 24.160001 50.799999
v 22.079999 24.319999 47.759998
v 22.080000 24.320001 48.559998
v 22.080000 24.240000 49.439999
v 22.080000 24.240000 49.599998
v 22.080000 24.320000 50.160000
v 22.080000 24.320000 50.959999
v 21.999965 24.480168 47.680158
v 22.080000 24.480000 47.759998
v 22.080000 24.480000 49.360001
v 22.079916 24.639928 46.799910
v 22.000000 24.639999 46.879997
v 22.040000 24.679999 47.520000
v 22.080000 24.639999 47.599998
v 22.080046 24.560000 49.280019
v 22.000000 24.799999 46.879998
v 22.000000 24.799999 47.039997
v 22.080000 24.879999 47.200001
v 22.080053 24.879958 47.359879
v 22.080000 24.799999 47.439999
v 22.000000 24.799999 48.559998
v 22.080007 24.880016 46.879930
v 21.760000 24.639998 50.959999
v 22.080000 25.119999 48.559998
v 22.000000 25.279999 49.279999
v 22.080000 25.279999 49.200001
v 22.040000 25.319999 52.160000
v 22.000000 25.279999 52.320000
v 21.920000 25.439999 48.559998
v 22.000000 25.439999 49.279999
v 22.080000 25.439999 49.200001
v 22.080000 25.279998 50.000000
v 22.080000 25.279999 50.799999
v 22.080000 25.359999 52.320000
v 22.000000 25.439999 52.479998
v 22.000000 25.439999 52.640000
v 22.000000 25.439999 52.799999
v 22.000000 25.599998 48.639999
v 22.113542 25.633634 48.560056
v 22.190960 25.630959 49.444818
v 22.080213 25.600145 50.799992
v 22.080000 25.599998 51.759998
v 22.080000 25.519999 51.840000
v 22.000000 25.599998 52.959999
v 22.040000 25.639999 50.719997
v 21.920000 25.760000 51.439999
v 22.080000 25.680000 51.680000
v 22.000000 25.760000 52.959999
v 22.080000 25.920000 48.719997
v 22.080000 25.919999 50.639999
v 22.079999 25.760000 51.599998
v 22.080001 25.920000 52.879997
v 22.079999 26.079998 48.879997
v 22.122740 26.079994 50.522735
v 22.080000 26.000000 50.559998
v 22.080000 26.080000 51.439999
v 22.079464 26.079463 53.039997
v 22.000000 26.240000 48.959999
v 22.000000 26.240000 49.119999
v 22.000101 26.240116 50.399981
v 22.079947 26.240044 50.480092
v 22.080000 26.240001 51.279999
v 22.079999 26.239998 53.039997
v 22.000000 26.400000 49.119998
v 22.240000 26.559999 50.320000
v 22.080000 26.400000 51.279999
v 22.080000 26.480000 52.320000
v 22.080000 26.400000 53.199997
v 22.160000 26.559999 49.119999
v 22.000000 26.400000 49.279998
v 22.080000 26.559999 49.360001
v 22.239967 26.480020 51.200014
v 22.080000 26.480000 52.000000
v 22.080000 26.559999 51.919998
v 22.080000 26.559999 52.399998
v 22.040000 26.599999 49.439999
v 22.000000 26.719999 49.599998
v 22.041994 26.762083 49.600063
v 22.040000 26.759999 49.759998
v 22.079899 26.799899 49.919997
v 22.080000 26.719999 50.000000
v 22.080000 26.720001 51.759998
v 22.080000 26.879999 51.759998
v 22.000000 27.039999 51.840000
v 22.079999 27.199999 51.119999
v 22.080000 27.199999 51.759998
v 22.079998 27.199998 53.199997
v 22.080000 27.519999 51.119999
v 22.000000 27.199999 51.840000
v 22.080000 27.359999 53.199997
v 22.000023 27.359982 53.119958
v 22.080000 27.519999 53.039997
v 22.239999 27.840001 51.119999
v 22.000111 27.680110 52.960000
v 22.000000 27.840000 51.360001
v 22.080000 27.840001 52.879997
v 22.000000 28.000000 51.360001
v 22.000000 28.000000 51.680000
v 22.000000 28.000000 52.640000
v 22.080000 28.000000 52.879997
v 22.080115 28.079927 51.359812
v 22.000000 28.160000 51.520000
v 22.000000 28.160000 51.840000
v 22.040000 28.200000 51.920000
v 22.160020 28.160020 52.639999
v 22.000000 28.000000 52.799999
v 22.080000 28.240000 52.480000
v 22.125328 20.925479 46.719695
v 22.159998 20.959997 46.879987
v 22.160000 20.959999 47.200001
v 22.080002 21.119999 46.320000
v 22.079999 21.039999 46.399998
v 22.240000 21.039999 46.559997
v 22.240000 21.039999 46.719997
v 22.240000 21.039999 47.200001
v 22.240000 21.039999 47.359999
v 22.160000 21.119999 47.680000
v 22.160080 21.120075 47.520198
v 22.274843 21.234843 47.680063
v 22.240000 21.439999 46.320000
v 22.200214 21.401005 47.920792
v 22.140257 21.500190 46.319953
v 22.240000 21.760000 46.160000
v 22.240000 21.680000 46.239998
v 22.080000 21.680000 48.160000
v 22.240000 21.760000 48.079998
v 22.240000 21.840000 46.079998
v 22.240000 21.919999 48.239998
v 22.240000 22.160000 47.360001
v 22.240000 22.160000 46.879997
v 22.240000 22.160000 47.520000
v 22.240000 22.240000 47.599998
v 22.240000 22.400000 46.799999
v 22.240000 22.400000 47.599998
v 22.240010 22.480006 46.719963
v 22.160000 22.559999 47.599998
v 22.239999 22.559998 48.399998
v 22.240000 22.799999 46.639999
v 22.240000 23.039538 48.399998
v 22.080000 23.039999 46.000000
v 22.320000 23.039999 46.639999
v 22.239999 23.199999 46.000000
v 22.160000 23.199999 46.719997
v 22.240000 23.199999 48.399998
v 22.160000 23.199999 49.919998
v 22.160000 23.199999 50.239998
v 22.302082 23.262098 46.639774
v 22.160000 23.360000 46.879999
v 22.240000 23.359999 47.599998
v 22.159948 23.199963 48.320027
v 22.240000 23.359999 48.239998
v 22.240001 23.439999 49.280000
v 22.240000 23.279999 49.599998
v 22.160000 23.199999 49.759998
v 22.240000 23.279999 49.919998
v 22.160000 23.359999 50.079999
v 22.160000 23.359999 50.239998
v 22.160000 23.359999 50.399998
v 22.160032 23.360024 46.079957
v 22.240008 23.519995 46.160086
v 22.160000 23.680000 46.879997
v 22.240000 23.520000 46.799999
v 22.160000 23.519999 47.039997
v 22.160000 23.519999 47.360001
v 22.240000 23.439999 47.520000
v 22.240232 23.520288 48.240030
v 22.079990 23.519943 49.040014
v 22.079999 23.439999 49.119999
v 22.240000 23.439999 50.079998
v 22.240000 23.519999 50.480000
v 22.240000 23.680000 46.799999
v 22.160000 23.680000 47.360001
v 22.240000 23.680000 47.439999
v 22.240000 23.600000 48.160000
v 22.239998 23.680000 48.079998
v 22.079998 23.680000 48.879997
v 22.400000 23.760000 49.119999
v 22.240000 23.680003 50.639999
v 22.240000 23.840001 46.160000
v 22.240000 23.760000 47.200001
v 22.240000 23.760000 47.360001
v 22.239999 23.840000 48.079998
v 22.240000 23.840000 50.639999
v 22.239999 24.000001 48.079998
v 22.239999 24.000000 50.639999
v 22.240000 24.160000 46.320000
v 22.239999 24.159999 47.919998
v 22.240000 24.160001 48.719997
v 22.240000 24.160001 50.799999
v 22.240000 24.320000 47.919998
v 22.240000 24.320000 49.520000
v 22.240000 24.240000 49.599998
v 22.239999 24.320000 50.799999
v 22.160000 24.480000 46.559998
v 22.302415 24.542476 46.480092
v 22.160020 24.320133 47.840087
v 22.240000 24.480000 50.959999
v 22.209362 24.640002 46.670628
v 22.240000 24.639999 47.759998
v 22.400000 24.639999 50.959999
v 22.160000 24.799999 46.719997
v 22.240161 24.800116 46.639919
v 22.160000 24.799999 47.520000
v 22.160000 24.639999 47.680000
v 22.240000 24.959999 47.759998
v 22.240000 24.799999 48.559998
v 22.200000 24.679999 49.279999
v 21.760000 24.639998 50.160000
v 22.160000 24.959999 46.879998
v 22.160000 24.959999 47.119999
v 22.160000 24.959999 47.360001
v 22.160000 24.959999 47.520000
v 22.160000 24.959999 47.680000
v 22.080001 24.959999 48.559998
v 22.240000 25.119999 50.160000
v 22.240000 25.039999 46.879997
v 22.160000 25.119999 47.039997
v 22.202275 25.162215 47.040087
v 22.160000 25.119999 47.200001
v 22.160000 25.119999 47.359999
v 22.240000 25.039999 47.520000
v 22.240000 25.039999 47.680000
v 22.240000 24.960000 48.399998
v 22.160000 25.119999 50.079998
v 22.240001 25.119999 50.959999
v 22.280000 25.239999 47.200001
v 22.080001 25.279999 48.559998
v 22.160000 25.279999 50.079998
v 22.240000 25.439999 50.160000
v 22.240000 25.279999 50.959999
v 22.240000 25.439998 48.559998
v 22.160018 25.466711 49.893402
v 22.160000 25.439999 50.079998
v 22.159890 25.279992 50.880098
v 22.239773 25.439771 50.799999
v 22.160000 25.439999 52.000000
v 22.199913 25.479935 52.320136
v 22.240000 25.599998 48.559998
v 22.203736 25.643764 49.279828
v 22.239991 25.599857 49.200085
v 22.160000 25.599998 49.439999
v 22.160000 25.599999 49.759998
v 22.160000 25.599998 49.919998
v 22.239999 25.599997 50.000000
v 22.240000 25.519999 52.000000
v 22.320000 25.599998 52.160000
v 22.126229 25.566197 52.479916
v 22.240000 25.599998 52.399998
v 22.240001 25.680000 52.639999
v 22.240001 25.760000 48.559998
v 22.240001 25.760001 50.799999
v 22.213275 25.680068 51.813300
v 22.240000 25.680000 52.480000
v 22.080000 25.759999 52.879997
v 22.287310 25.761112 52.673800
v 22.160000 25.920000 48.639999
v 22.240000 26.080000 48.559998
v 22.240000 25.919999 50.799999
v 22.239998 25.920000 51.599998
v 22.240000 25.840000 52.799999
v 22.305144 25.985001 52.879934
v 22.160000 26.080000 48.639999
v 22.160000 26.080000 48.799999
v 22.240000 26.080000 50.639999
v 22.240000 26.080001 51.439999
v 22.320000 26.240000 48.799999
v 22.240000 26.240000 48.879997
v 22.160158 26.239960 50.560187
v 22.240000 26.240000 50.639999
v 22.240000 26.160000 51.360001
v 22.240000 26.160000 52.959999
v 22.335722 26.335811 53.039852
v 22.240000 26.399998 48.879997
v 22.240000 26.400000 51.279999
v 22.240001 26.400000 53.039997
v 22.240000 26.559999 49.039997
v 22.160000 26.559999 49.279999
v 22.320000 26.559999 50.399998
v 22.240001 26.559999 51.119999
v 22.240000 26.479999 51.999998
v 22.240000 26.480000 52.320000
v 22.240000 26.559999 52.399998
v 22.240001 26.560000 53.039997
v 22.240000 26.639999 49.119999
v 22.160041 26.693480 49.253379
v 22.240000 26.639999 51.840000
v 22.400000 26.719999 51.759998
v 22.240000 26.719998 53.199997
v 22.240000 26.839999 49.320000
v 22.160000 26.879999 49.439999
v 22.160000 26.879999 49.599998
v 22.160000 26.879999 49.759998
v 22.217260 26.937242 49.920341
v 22.320000 26.879999 50.079998
v 22.240000 26.959999 49.759998
v 22.240000 27.039999 51.119999
v 22.240000 27.199998 50.959999
v 22.240000 27.359999 50.959999
v 22.240000 27.439999 51.840000
v 22.400000 27.519999 52.399998
v 22.240000 27.439999 52.000000
v 22.160000 27.519999 53.119999
v 22.240743 27.519636 53.200069
v 22.165329 27.519971 51.034570
v 22.240000 27.680000 51.119999
v 22.206611 27.646408 53.040112
v 22.240000 27.840000 53.039997
v 22.160000 28.000000 51.199997
v 22.205956 27.999966 51.153811
v 22.400000 28.000001 53.039997
v 22.239998 27.999999 52.879997
v 22.240000 28.240000 51.360001
v 22.240000 28.160000 52.879997
v 22.160000 28.320000 51.520000
v 22.205267 28.365240 51.520002
v 22.160000 28.320000 51.680000
v 22.160000 28.320000 52.320000
v 22.216904 28.376641 52.479910
v 22.240000 28.400000 51.760000
v 22.320000 28.480000 52.480001
v 22.320000 21.119999 47.200002
v 22.320000 21.119999 47.360001
v 22.240001 21.280000 46.320000
v 22.320000 21.279999 47.360001
v 22.320000 21.279999 47.520000
v 22.400000 21.359999 47.680001
v 22.320000 21.439999 46.399998
v 22.400000 21.359999 47.359999
v 22.387048 21.587009 46.320027
v 22.389526 21.625373 47.955846
v 22.400001 21.760000 46.320000
v 22.240002 21.920000 46.000000
v 22.399999 21.919999 46.160000
v 22.399999 21.759999 48.079998
v 22.400000 22.160000 47.359999
v 22.559999 22.240000 48.239998
v 22.400000 22.320000 46.879997
v 22.400000 22.320000 47.520000
v 22.319862 22.559871 46.719987
v 22.400000 22.559999 47.599998
v 22.400000 22.480000 48.320000
v 22.320000 22.719999 47.599998
v 22.559999 22.879999 46.639999
v 22.400000 23.039999 47.599998
v 22.480000 23.199999 46.639999
v 22.400000 23.199999 47.599998
v 22.240000 23.359999 46.000000
v 22.399999 23.359999 46.639999
v 22.400000 23.359999 48.399998
v 22.240000 23.279999 49.439999
v 22.360099 23.400057 49.919903
v 22.381035 23.501183 45.999706
v 22.399998 23.519998 46.639999
v 22.240000 23.519999 47.439999
v 22.460505 23.580396 47.600168
v 22.360000 23.399999 48.320000
v 22.559999 23.679999 48.239998
v 22.400000 23.439999 49.439999
v 22.360000 23.399999 49.679998
v 22.479895 23.519878 49.920175
v 22.400000 23.600000 50.080000
v 22.319997 23.520005 50.079985
v 22.320038 23.520070 50.399967
v 22.400000 23.680002 46.160000
v 22.400000 23.600000 46.719997
v 22.400000 23.600000 47.520000
v 22.400000 23.680000 48.239998
v 22.400000 23.600000 50.399998
v 22.369198 23.680022 50.510764
v 22.400000 23.840000 46.160000
v 22.400000 23.920000 46.879997
v 22.400000 23.840000 46.799999
v 22.400000 23.840000 47.279999
v 22.400000 23.760000 47.360001
v 22.400000 23.840001 48.239998
v 22.399999 23.840000 49.039997
v 22.351298 23.839965 50.528681
v 22.320076 23.840104 48.159977
v 22.400000 24.000001 48.879997
v 22.399999 24.000000 50.639999
v 22.559308 24.239019 46.239709
v 22.400000 24.000001 48.079998
v 22.400000 24.080000 50.719997
v 22.559999 24.160000 50.799999
v 22.399110 24.398555 46.399442
v 22.559999 24.479999 46.320000
v 22.400000 24.160000 47.919998
v 22.239999 24.320000 48.559998
v 22.320000 24.320000 49.599998
v 22.360000 24.360000 49.759998
v 22.240000 24.240000 50.079998
v 22.400000 24.320001 50.799999
v 22.400000 24.480000 46.480000
v 22.399999 24.479999 47.919998
v 22.449859 24.449612 49.600242
v 22.240000 24.320000 50.160000
v 22.400000 24.480000 50.959999
v 22.399999 24.639999 46.480000
v 22.360000 24.520000 47.840000
v 22.400000 24.639999 47.759998
v 22.400000 24.799999 46.480000
v 22.399999 24.799999 47.759998
v 22.330781 24.800031 46.549374
v 22.320000 24.959999 46.719997
v 22.400000 24.959999 47.759998
v 22.400000 24.879999 48.480000
v 22.559999 24.799999 50.959999
v 22.417348 25.119954 46.782704
v 22.320000 25.119999 46.879997
v 22.480000 25.119998 47.680000
v 22.400000 25.039999 47.680000
v 22.320000 25.279999 46.879998
v 22.320000 25.279999 47.039997
v 22.320000 25.279999 47.360001
v 22.480013 25.330744 47.469254
v 22.400000 25.199999 47.520000
v 22.240000 25.279999 48.399998
v 22.399910 25.359956 47.359727
v 22.400001 25.439999 48.399998
v 22.480000 25.439999 49.200001
v 22.400000 25.439999 50.959999
v 22.400000 25.599998 48.399998
v 22.532304 25.599999 50.000000
v 22.399999 25.599997 50.799999
v 22.300454 25.580567 52.000058
v 22.400000 25.680000 52.320000
v 22.400000 25.840000 49.279999
v 22.400000 25.760000 49.200001
v 22.320000 25.760000 49.439999
v 22.240009 25.680151 49.920074
v 22.400000 25.760000 50.000000
v 22.239998 25.760000 51.599998
v 22.240001 25.680000 51.680000
v 22.400000 25.680000 51.840000
v 22.400000 25.680000 52.000000
v 22.400000 25.680000 52.480000
v 22.319990 25.760020 48.479960
v 22.400000 25.920000 48.559998
v 22.400000 25.840000 49.599998
v 22.400000 25.840000 49.919998
v 22.400000 25.919999 50.799999
v 22.399998 25.840000 52.639999
v 22.400001 25.920000 52.719997
v 22.400001 26.080000 50.639999
v 22.400000 26.000000 51.520000
v 22.400000 26.080000 52.879997
v 22.320000 26.240000 48.639999
v 22.400000 26.240000 48.559998
v 22.239999 26.240000 51.279999
v 22.400000 26.240000 51.439999
v 22.320000 26.240000 52.959999
v 22.400000 26.240000 52.879997
v 22.320000 26.400000 48.639999
v 22.400000 26.399998 48.559998
v 22.320000 26.400000 48.799999
v 22.400099 26.480074 50.560181
v 22.400000 26.400000 50.639999
v 22.400000 26.400001 51.279999
v 22.400000 26.400000 53.039997
v 22.320000 26.559999 48.799999
v 22.365047 26.605049 48.800069
v 22.320000 26.559999 48.960000
v 22.400000 26.559999 50.480000
v 22.399999 26.559998 53.039997
v 22.320000 26.719998 49.119997
v 22.320000 26.719999 50.239998
v 22.320000 26.719999 50.399998
v 22.400000 26.719999 50.480000
v 22.400000 26.639999 51.840000
v 22.400000 26.639999 52.000000
v 22.400000 26.639999 52.320000
v 22.400000 26.719999 52.399998
v 22.400000 26.719999 53.199997
v 22.320000 26.879999 49.119999
v 22.400013 26.879962 49.039892
v 22.320000 26.879999 49.279999
v 22.400000 26.879998 50.160000
v 22.400000 26.799999 50.239999
v 22.400000 26.799999 50.399998
v 22.320000 27.039999 49.279999
v 22.365415 27.085450 49.280016
v 22.320000 27.039999 49.439999
v 22.320000 27.039999 49.919997
v 22.400000 27.039999 50.160000
v 22.320000 27.039999 50.079998
v 22.480000 27.359999 53.199997
v 22.240000 27.519999 50.959999
v 22.400000 27.439999 51.839999
v 22.399999 27.680001 50.959999
v 22.400000 27.599998 52.320000
v 22.400199 27.680225 53.200100
v 22.400000 27.840000 50.959999
v 22.320000 27.680000 53.119999
v 22.400000 27.840000 53.039997
v 22.330763 28.000011 51.029111
v 22.320000 28.160000 51.199997
v 22.400001 28.240000 51.199997
v 22.319820 28.159807 52.959898
v 22.400000 28.160000 53.039997
v 22.320000 28.320000 51.360001
v 22.400001 28.320000 51.279999
v 22.320000 28.320000 52.639999
v 22.320000 28.320000 52.799999
v 22.320000 28.480000 51.520000
v 22.362291 28.522273 51.519982
v 22.360000 28.520000 51.680000
v 22.280000 28.440000 52.320000
v 22.320000 28.480000 52.639999
v 22.400000 28.559999 52.480000
v 22.400000 28.559999 52.639998
v 22.480000 21.279999 46.879997
v 22.560000 21.359999 47.200000
v 22.480000 21.439999 46.559998
v 22.480000 21.439999 46.719999
v 22.560000 21.359999 47.520000
v 22.399885 21.440021 46.479916
v 22.559999 21.520000 46.719997
v 22.559999 21.520000 47.680000
v 22.480000 21.600000 47.840000
v 22.594603 21.637836 47.763233
v 22.560000 21.760000 46.320000
v 22.400001 21.920000 48.239998
v 22.400001 22.080001 46.000000
v 22.559999 22.080000 46.160000
v 22.560000 22.080000 48.239998
v 22.400000 22.160000 47.039997
v 22.480000 22.240000 47.200001
v 22.400001 22.399999 46.000000
v 22.610137 22.370441 47.039805
v 22.639999 22.400000 47.200001
v 22.594908 22.355025 47.360137
v 22.464957 22.464788 47.600049
v 22.559999 22.480000 46.879997
v 22.559999 22.559999 46.799999
v 22.559999 22.480000 47.520000
v 22.559999 22.400000 48.239998
v 22.559999 22.719998 46.799999
v 22.559999 22.719999 47.599998
v 22.559999 22.879999 47.599998
v 22.559998 23.039998 47.759998
v 22.559999 23.199999 47.759998
v 22.559999 23.359999 46.000000
v 22.399999 23.359999 47.599998
v 22.559999 23.279999 48.399998
v 22.559999 23.519999 46.639999
v 22.559999 23.520000 47.599998
v 22.480000 23.519999 48.320000
v 22.480000 23.519999 49.759998
v 22.559999 23.680000 46.000000
v 22.480000 23.680000 46.719997
v 22.559660 23.679990 46.639870
v 22.399999 23.680000 47.439999
v 22.565077 23.525073 48.400302
v 22.528830 23.568869 49.439974
v 22.520000 23.559999 49.599998
v 22.559999 23.600000 49.759998
v 22.559999 23.600000 49.919998
v 22.559999 23.600000 50.239998
v 22.529198 23.679891 50.350747
v 22.559999 23.840000 46.799999
v 22.559999 23.760000 47.359999
v 22.559999 23.840001 48.239998
v 22.559999 23.840000 49.039997
v 22.559999 23.760000 49.119999
v 22.559999 23.760000 49.279999
v 22.480000 23.840000 50.399998
v 22.559999 23.840000 50.320000
v 22.480007 23.840100 46.079976
v 22.559999 23.920000 46.879997
v 22.559999 23.920000 47.200001
v 22.480000 24.000000 48.160000
v 22.559999 24.000001 49.039997
v 22.480000 24.000000 50.399998
v 22.559999 24.000000 50.320000
v 22.480000 24.000000 50.559998
v 22.719997 24.319998 46.160000
v 22.559999 24.160000 48.079998
v 22.399998 24.160000 48.719997
v 22.559999 24.120000 48.919998
v 22.559999 24.080000 50.559998
v 22.559999 24.080000 50.719997
v 22.559999 24.320000 46.320000
v 22.559999 24.320000 50.799999
v 22.559999 24.480001 48.079998
v 22.559999 24.480000 48.719997
v 22.480000 24.480000 49.599998
v 22.559999 24.480000 50.799999
v 22.480000 24.639999 46.399998
v 22.559999 24.639999 46.320000
v 22.559998 24.639998 47.919998
v 22.560000 24.640001 48.559998
v 22.480000 24.639999 49.439998
v 22.560126 24.640061 49.680066
v 22.480000 24.480000 49.759998
v 22.559998 24.640000 50.799999
v 22.480000 24.799999 48.559998
v 22.639999 24.799999 49.439999
v 22.559999 24.799999 49.360001
v 22.480000 24.639999 49.599998
v 22.480000 24.959999 46.559998
v 22.559999 24.959999 46.480000
v 22.559999 24.959999 48.399998
v 22.559999 24.959999 49.360001
v 22.480000 25.119999 46.559998
v 22.559999 25.120000 46.480000
v 22.480000 25.119998 46.719997
v 22.559999 25.119999 47.759998
v 22.480000 25.279999 46.719997
v 22.559999 25.279999 46.639999
v 22.559999 25.279999 47.759998
v 22.480000 25.439999 46.719997
v 22.559999 25.440000 46.639999
v 22.480000 25.439999 46.879997
v 22.480000 25.439999 47.200001
v 22.480000 25.439999 47.360001
v 22.559999 25.439999 47.599998
v 22.480000 25.279999 47.680000
v 22.480000 25.439999 50.160000
v 22.559999 25.439998 50.959999
v 22.480000 25.599998 46.879997
v 22.514455 25.634517 46.879958
v 22.480000 25.599998 47.039997
v 22.480000 25.599998 47.200001
v 22.480000 25.599998 47.360001
v 22.479952 25.440028 47.519866
v 22.719999 25.599998 49.200001
v 22.560001 25.599999 50.799999
v 22.513826 25.633860 47.360133
v 22.400000 25.760000 48.399998
v 22.559999 25.840000 52.480000
v 22.480000 25.920000 48.480000
v 22.559999 25.760000 50.799999
v 22.399999 25.920000 51.599998
v 22.559999 25.920000 51.759998
v 22.559999 25.840000 52.639999
v 22.559999 25.920000 52.719997
v 22.559999 26.079999 48.559998
v 22.399999 26.080000 51.439999
v 22.559999 26.000000 51.680000
v 22.560000 26.080000 52.719997
v 22.719999 26.239999 50.799999
v 22.560001 26.240001 50.639999
v 22.559999 26.160000 51.520000
v 22.480000 26.240000 52.799999
v 22.559999 26.399999 50.639999
v 22.560000 26.240001 51.439999
v 22.560000 26.239999 52.719997
v 22.560001 26.400000 52.879997
v 22.480000 26.559999 48.639999
v 22.560001 26.559999 48.559998
v 22.560001 26.559999 50.480000
v 22.400000 26.559999 51.279999
v 22.479999 26.719999 48.799998
v 22.480000 26.719999 48.959999
v 22.559999 26.719999 50.480000
v 22.510802 26.719994 51.870778
v 22.559999 26.639999 52.000000
v 22.559999 26.639999 52.320000
v 22.559999 26.719999 52.399998
v 22.560000 26.719999 53.039997
v 22.480000 26.879999 48.799998
v 22.559999 26.799999 50.399998
v 22.639999 26.879999 51.999999
v 22.559999 26.879999 52.399998
v 22.560001 26.880000 53.039997
v 22.639999 27.039999 48.800000
v 22.479999 26.879999 48.959999
v 22.480000 27.039999 49.119999
v 22.559999 27.039999 49.039997
v 22.560001 27.040000 50.160000
v 22.479894 26.879984 51.839853
v 22.559998 27.039999 51.759998
v 22.559999 27.239999 49.240000
v 22.480000 27.199999 49.279999
v 22.480000 27.199999 49.919998
v 22.480000 27.199999 50.079998
v 22.559999 27.199999 50.160000
v 22.559999 27.199999 51.759998
v 22.480000 27.359999 49.439999
v 22.559999 27.439999 49.440000
v 22.480000 27.359999 49.759998
v 22.559999 27.359999 49.840000
v 22.559999 27.279999 50.079998
v 22.559999 27.359998 51.759999
v 22.559999 27.439999 49.759998
v 22.559999 27.519999 51.919998
v 22.639999 27.519999 53.199997
v 22.559999 27.599998 52.000000
v 22.559998 27.840000 53.199997
v 22.400000 28.000000 50.959999
v 22.559999 28.000000 53.199997
v 22.559999 28.160000 50.959999
v 22.479976 28.000028 53.119821
v 22.559999 28.160000 53.039997
v 22.559999 28.240000 51.039997
v 22.559999 28.240000 51.199997
v 22.559999 28.320000 51.279999
v 22.559999 28.320000 53.039997
v 22.480000 28.480000 51.360001
v 22.559999 28.480000 51.279999
v 22.559999 28.559999 52.800000
v 22.639999 28.479999 52.959999
v 22.480000 28.639999 51.360001
v 22.480000 28.639999 51.760021
v 22.480000 28.639999 52.320000
v 22.639999 28.639999 52.639998
v 22.559999 28.559999 52.639999
v 22.562115 28.722115 51.360002
v 22.480000 28.639999 51.520001
v 22.480000 28.799999 51.680000
v 22.525046 28.844969 51.679931
v 22.480000 28.799999 51.840000
v 22.480000 28.799999 52.160000
v 22.559999 28.799999 52.239998
v 22.559999 28.879999 52.000000
v 22.559999 28.879999 52.160000
v 22.719999 21.520000 46.879996
v 22.559999 21.520000 46.559998
v 22.719999 21.600000 46.639999
v 22.719999 21.520000 46.719997
v 22.754684 21.554683 47.520035
v 22.599999 21.720000 46.399998
v 22.723130 21.722927 46.520202
v 22.719999 21.680000 47.680000
v 22.559999 21.919999 46.160000
v 22.719999 22.079999 48.079998
v 22.720001 22.240000 48.079998
v 22.559999 22.400000 46.160000
v 22.639999 22.400000 47.039997
v 22.639999 22.400000 47.360001
v 22.719999 22.399999 48.239998
v 22.719999 22.480000 46.879997
v 22.719999 22.559999 46.799999
v 22.719999 22.480000 47.039997
v 22.719954 22.479963 47.360099
v 22.625105 22.625105 47.599814
v 22.763964 22.523973 47.359940
v 22.719999 22.559999 48.399998
v 22.719999 22.719998 46.000000
v 22.719999 22.719999 46.799999
v 22.719999 22.639999 47.520000
v 22.720000 22.879999 46.639999
v 22.719999 22.879999 47.599998
v 22.639999 23.439999 46.000000
v 22.719999 23.359999 48.399998
v 22.719999 23.519999 47.599998
v 22.799999 23.439999 48.399998
v 22.719998 23.680000 48.399998
v 22.639999 23.680000 49.439999
v 22.640157 23.680158 49.600389
v 22.639999 23.680000 50.079997
v 22.639999 23.680000 50.239998
v 22.559999 23.840000 46.000000
v 22.599999 23.800000 46.719997
v 22.719999 23.920000 47.360002
v 22.559999 23.760000 47.520000
v 22.719999 23.840000 47.599998
v 22.719999 23.840000 48.399998
v 22.639999 23.840000 49.119999
v 22.639999 23.840000 49.280000
v 22.719999 23.760000 49.439999
v 22.759992 23.799993 49.919980
v 22.639999 23.839999 50.239998
v 22.879999 24.160000 46.000000
v 22.719999 23.920000 46.719997
v 22.719999 23.920000 46.879997
v 22.719999 23.920000 47.520000
v 22.879999 24.160000 48.239998
v 22.639999 24.000000 49.119999
v 22.719999 23.920000 49.280000
v 22.719999 24.000001 50.320000
v 22.679999 24.040000 46.079998
v 22.719998 24.160000 46.160000
v 22.719928 24.159845 49.040121
v 22.639999 24.160000 50.399998
v 22.719999 24.160000 50.320000
v 22.639999 24.160000 50.719997
v 22.719999 24.320000 48.879997
v 22.720029 24.239968 48.960024
v 22.719998 24.240000 50.400000
v 22.639999 24.320000 50.559998
v 22.639999 24.320000 50.719997
v 22.639999 24.480000 46.239998
v 22.719999 24.480000 46.160000
v 22.719999 24.320000 48.079998
v 22.719999 24.480000 48.719997
v 22.720000 24.400000 50.559997
v 22.719999 24.400000 50.719997
v 22.719999 24.640000 46.320000
v 22.639999 24.639999 48.000000
v 22.719999 24.639999 48.079998
v 22.719999 24.559999 48.639999
v 22.720001 24.640001 50.799999
v 22.639999 24.799999 46.399998
v 22.719999 24.799999 46.320000
v 22.654950 24.734760 47.919829
v 22.719998 24.800000 48.559997
v 22.719999 24.959999 46.480000
v 22.719999 25.120000 47.759998
v 22.559999 24.800000 47.919998
v 22.719999 24.879999 48.480000
v 22.867426 25.120310 49.507403
v 22.639999 24.799999 49.599999
v 22.719999 25.119999 46.480000
v 22.639999 24.959999 49.439999
v 22.719998 25.279999 46.480000
v 22.719999 25.279999 47.759998
v 22.719999 25.440000 46.639999
v 22.719999 25.439999 47.759998
v 22.639999 25.599998 46.719997
v 22.719999 25.599998 46.639999
v 22.639999 25.599998 47.520000
v 22.720000 25.600000 47.599999
v 22.879999 25.599998 50.000000
v 22.879999 25.519999 50.079998
v 22.719999 25.599998 50.959999
v 22.639999 25.760001 46.719998
v 22.639999 25.760000 46.879997
v 22.639999 25.760000 47.360001
v 22.639999 25.760000 47.520000
v 22.719999 25.760000 47.599998
v 22.719999 25.760000 49.200001
v 22.719999 25.760000 50.000000
v 22.719999 25.760000 50.959999
v 22.639999 25.920000 47.360001
v 22.719909 25.870583 47.489347
v 22.719999 25.840000 49.279999
v 22.640111 25.759959 50.879953
v 22.719999 25.920000 50.799999
v 22.639999 25.920000 51.840000
v 22.639999 25.920000 52.480000
v 22.639999 25.920000 52.639999
v 22.719999 26.000000 46.879997
v 22.719999 26.000000 47.360001
v 22.720000 26.079999 48.399998
v 22.720000 26.080000 50.799999
v 22.599999 26.080000 51.639999
v 22.770608 26.050668 51.839890
v 22.639999 26.080001 52.639999
v 22.719999 26.160000 51.520000
v 22.720000 26.239998 52.719997
v 22.719999 26.559999 48.399998
v 22.720000 26.399999 50.799999
v 22.559998 26.400000 51.279999
v 22.719999 26.400000 51.439999
v 22.719998 26.559998 50.639999
v 22.719999 26.560000 51.279999
v 22.737350 26.720055 48.542696
v 22.639999 26.719999 48.639999
v 22.719999 26.719999 51.119999
v 22.639999 26.719999 52.000000
v 22.639999 26.719999 52.320000
v 22.719999 26.639999 52.959999
v 22.719999 26.719999 53.039997
v 22.639999 26.879999 48.639999
v 22.702294 26.879941 48.577884
v 22.720000 26.879999 50.480000
v 22.879999 26.879999 53.039997
v 22.719999 27.039999 48.719997
v 22.639999 27.039999 48.959999
v 22.719999 27.039998 50.319999
v 22.639999 27.039999 51.119999
v 22.719999 27.039999 51.919998
v 22.639999 26.879999 52.320000
v 22.719999 27.039999 52.399998
v 22.720000 27.039999 53.039997
v 22.639903 27.173527 48.933428
v 22.640136 27.173593 49.093176
v 22.719999 27.199999 50.320000
v 22.719999 27.119999 51.039997
v 22.799999 27.199999 52.000000
v 22.719999 27.199998 53.199997
v 22.719999 27.279999 48.959999
v 22.639999 27.359999 49.119999
v 22.682649 27.402630 49.120067
v 22.639999 27.359999 49.279999
v 22.640020 27.360159 49.920145
v 22.697703 27.417553 50.079832
v 22.640040 27.200139 50.239905
v 22.719999 27.359999 51.919998
v 22.719999 27.519999 52.399998
v 22.879999 27.359999 53.199997
v 22.719999 27.439999 49.279999
v 22.719999 27.439999 50.079998
v 22.719999 27.519999 51.919998
v 22.719999 27.599998 52.000000
v 22.719999 27.599998 52.160000
v 22.719999 27.599998 52.320000
v 22.799999 27.680000 53.199997
v 22.719999 28.080000 50.959999
v 22.719998 28.159999 53.199997
v 22.639999 28.320000 51.039997
v 22.785363 28.385226 50.959985
v 22.639999 28.320000 51.199997
v 22.639924 28.319857 53.120130
v 22.719999 28.320000 53.199997
v 22.639999 28.480000 51.199998
v 22.639999 28.639999 51.199997
v 22.672103 28.640009 51.167913
v 22.639999 28.639999 52.799999
v 22.719999 28.639999 53.039997
v 22.799999 28.799999 51.199997
v 22.639880 28.799933 52.320012
v 22.639999 28.799999 52.480000
v 22.639999 28.799999 52.799999
v 22.719999 28.879999 52.799998
v 22.639999 28.639999 52.959999
v 22.719981 28.879981 51.360001
v 22.679933 28.839899 51.520002
v 22.639999 28.959999 51.680000
v 22.719999 29.039999 51.679999
v 22.639999 28.959999 51.840000
v 22.799999 28.959999 52.159999
v 22.719999 28.879999 52.160000
v 22.719999 28.879999 52.320000
v 22.719999 28.879999 52.639999
v 22.719999 29.039999 52.000000
v 22.839817 21.639818 47.519962
v 22.879999 21.760000 46.639999
v 22.959999 21.760000 47.200001
v 22.799999 21.760000 47.680000
v 22.879999 21.760000 47.599998
v 22.897609 21.886768 46.530841
v 22.879999 21.840000 47.680000
v 22.999828 22.119896 46.399931
v 22.863331 22.065165 47.921832
v 22.880000 22.240000 48.079998
v 22.719999 22.559999 46.160000
v 22.799999 22.559999 46.879997
v 22.799999 22.559999 47.039997
v 22.719965 22.480021 48.320057
v 23.040007 22.639966 46.080040
v 22.799999 22.719999 46.879997
v 22.959990 22.720026 47.039915
v 22.880012 22.640032 47.360066
v 22.785230 22.785455 47.600036
v 22.879999 22.719999 47.439999
v 22.879999 22.879999 46.799999
v 22.879998 22.799999 46.879997
v 22.879999 22.799999 47.520000
v 22.879998 22.879998 47.599998
v 22.879999 23.039997 46.639999
v 22.959999 23.359999 46.639999
v 22.799999 23.680000 47.599998
v 22.719999 23.840000 46.639999
v 22.799932 23.839938 49.440076
v 22.840121 23.880080 50.079918
v 22.880000 23.920000 46.719998
v 22.719999 23.920000 47.200001
v 22.853547 23.920032 47.333508
v 22.879999 23.920000 49.439999
v 22.839999 23.880000 49.679998
v 22.959999 24.000000 49.919998
v 22.879998 24.000000 50.160000
v 22.879999 24.080000 46.879997
v 22.879999 24.080000 47.200001
v 22.879999 24.080000 49.119999
v 22.879998 24.160000 50.160000
v 22.719998 24.319999 46.160000
v 22.879999 24.320000 46.000000
v 22.879998 24.320000 48.239998
v 22.879999 24.240000 48.959999
v 22.879999 24.240000 50.239998
v 23.039999 24.240000 50.399998
v 22.879999 24.480001 46.160000
v 22.879999 24.480000 48.879997
v 22.719999 24.480000 50.799999
v 22.879999 24.639999 46.320000
v 22.799999 24.639999 48.160000
v 22.879999 24.799999 48.239998
v 22.719998 24.639999 48.559998
v 22.879999 24.639999 48.719997
v 22.879999 24.559999 48.799999
v 23.039999 24.639999 50.799999
v 22.799999 24.799999 48.160000
v 22.719998 24.799999 50.959999
v 22.800040 24.959915 46.400094
v 22.879999 24.959999 46.320000
v 22.799999 24.799999 48.000000
v 22.879999 24.959999 47.919998
v 22.879999 24.959999 48.399998
v 22.879999 24.879999 48.480000
v 22.879999 24.879999 48.639999
v 22.879998 25.119998 47.919998
v 22.799999 25.119999 49.439999
v 22.879999 25.279999 47.919998
v 22.799999 25.279999 49.279999
v 22.799999 25.279999 49.439999
v 22.959999 25.279999 49.599999
v 22.849404 25.440006 46.510638
v 22.800034 25.279843 47.839907
v 22.880000 25.440000 47.759998
v 22.799999 25.439999 49.279999
v 22.896959 25.439888 49.376942
v 22.799999 25.439999 50.160000
v 22.879998 25.599997 46.480000
v 22.879998 25.599998 47.599998
v 22.959999 25.599998 49.439999
v 22.879998 25.760000 46.480000
v 22.879999 25.760001 47.599998
v 22.849075 25.759975 49.329073
v 22.879999 25.760000 50.000000
v 22.879999 26.000000 46.719998
v 22.879982 25.890145 47.469901
v 22.799999 25.920000 50.879997
v 22.879999 25.920000 50.959999
v 22.879999 26.000000 47.360001
v 22.879999 26.080000 50.959999
v 22.879999 26.160000 52.480000
v 22.879999 26.239998 50.799999
v 22.719998 26.240000 51.439999
v 22.879999 26.160000 51.840001
v 22.879999 26.160000 52.000004
v 22.879999 26.240000 52.559998
v 22.879999 26.400000 50.799999
v 22.879999 26.320000 52.639999
v 22.880000 26.400000 52.719997
v 22.879999 26.480000 50.719997
v 22.880000 26.559999 50.639999
v 22.879999 26.480000 51.360001
v 22.880000 26.719999 48.399998
v 23.039999 26.879999 50.639999
v 22.879999 26.639999 51.199997
v 22.879999 26.719999 52.879997
v 22.879999 27.039999 48.399998
v 22.879999 26.879998 50.480000
v 22.879899 26.799833 52.959959
v 22.799999 27.039999 48.480000
v 22.799999 26.879999 48.480000
v 22.880001 27.039999 50.320000
v 22.799999 27.039999 52.000000
v 22.799999 27.039999 52.320000
v 22.879999 27.039997 53.039997
v 22.800055 27.200020 48.640024
v 22.799999 27.173343 48.773407
v 22.879999 27.199999 50.320000
v 22.879999 27.199999 50.959999
v 22.879999 27.199999 53.199997
v 22.879999 27.279999 48.639999
v 22.799969 27.359834 48.799864
v 22.799999 27.359999 48.959999
v 22.879999 27.359999 50.320000
v 22.799999 27.519999 48.959998
v 22.799999 27.519999 49.119999
v 22.799999 27.519999 49.359999
v 22.799999 27.519999 49.759998
v 22.880000 27.439999 50.239998
v 22.799999 27.519999 52.000000
v 22.799999 27.519999 52.160000
v 22.879999 27.599998 48.959999
v 22.799999 27.680000 49.280000
v 22.799999 27.680000 49.599998
v 22.879999 27.599998 49.760000
v 22.799999 27.680000 51.680000
v 22.879999 27.680000 51.599998
v 22.799999 27.680000 51.840000
v 22.879999 27.599998 51.840000
v 22.799999 27.599998 51.919998
v 22.799999 27.680000 52.000000
v 22.799999 27.599998 52.079998
v 22.879999 27.680000 52.079998
v 22.879999 27.760000 49.279999
v 22.879999 27.760000 49.599998
v 22.959999 27.840000 53.199997
v 22.799999 28.000000 51.680000
v 22.879999 28.000000 51.599998
v 22.799999 28.000000 52.000000
v 22.879999 28.080000 51.680000
v 22.879999 28.080000 52.000000
v 22.879999 28.320000 50.959999
v 22.879998 28.479999 50.959999
v 22.719999 28.480000 53.039997
v 22.879999 28.480000 53.199997
v 22.799999 28.639999 51.039997
v 22.879999 28.799999 50.959999
v 23.039999 28.640000 53.199997
v 22.879998 28.639999 53.039997
v 22.799999 28.799999 51.039997
v 22.879999 28.879999 52.960000
v 22.879999 28.799999 53.039997
v 22.879999 28.879999 51.039997
v 22.879999 28.879999 51.199997
v 22.879999 29.039999 51.360001
v 22.799999 28.959999 51.520000
v 22.799999 28.959999 52.639998
v 22.879999 28.879999 52.799999
v 22.879999 29.039999 51.520000
v 22.879999 29.039999 51.839999
v 22.799999 29.119999 52.000000
v 22.799999 29.119999 52.480000
v 22.879999 29.119999 52.559998
v 22.879999 29.199999 52.320000
v 22.879999 29.199999 52.480000
v 22.959852 21.759840 47.519556
v 23.039545 21.921036 46.638508
v 23.079999 21.880000 47.200001
v 23.039999 21.840000 47.360001
v 23.039980 21.999932 47.679951
v 23.075003 21.874960 47.520107
v 23.039999 22.080000 46.480000
v 23.039999 22.320000 46.239998
v 23.079999 22.240000 47.879999
v 23.039999 22.400000 46.160000
v 22.879970 22.319900 48.159967
v 22.880000 22.400000 48.239998
v 23.039999 22.400000 48.079998
v 23.039999 22.559999 46.160000
v 23.039999 22.480000 48.160000
v 23.104744 22.625014 48.240015
v 23.039999 22.719999 46.000000
v 23.039999 22.799999 47.039997
v 22.959999 22.719999 47.360001
v 23.039999 22.719999 48.239998
v 23.040000 22.800000 46.879998
v 23.039999 22.799999 47.360001
v 23.039999 22.800000 47.520000
v 23.039999 22.879998 48.399998
v 23.039999 23.039998 46.639999
v 23.039999 22.959999 47.680000
v 23.039999 23.519999 47.599998
v 23.199999 23.777867 48.399998
v 23.039999 23.840000 47.599998
v 23.119999 23.999999 47.520000
v 23.039999 23.920000 47.520000
v 22.880000 23.920001 49.279999
v 23.039999 24.080000 46.879997
v 23.039999 24.080000 47.360001
v 23.039997 24.159999 48.399998
v 22.880017 24.160188 49.039925
v 23.039999 24.160000 49.200001
v 23.039999 24.080000 49.279999
v 23.039999 24.080000 50.079998
v 23.039998 24.160000 50.160000
v 23.039999 24.320000 48.399998
v 22.879998 24.320000 48.879997
v 23.039999 24.240000 50.239998
v 23.039999 24.480001 46.160000
v 23.040000 24.480001 48.239998
v 23.039998 24.480000 49.039997
v 23.039999 24.400000 50.559998
v 23.039999 24.400000 50.719997
v 23.039999 24.480000 50.799999
v 23.039998 24.639999 46.160000
v 23.039999 24.559999 48.799999
v 23.039999 24.559999 48.959999
v 22.879998 24.799999 46.320000
v 23.199999 24.799999 48.239998
v 22.879999 24.799999 48.719997
v 23.039999 24.960000 46.320000
v 22.959999 24.959999 48.160000
v 23.039999 24.879999 48.320000
v 22.959999 24.959999 48.320000
v 23.199999 25.279999 48.399998
v 22.959999 25.119999 49.599998
v 23.119999 25.119998 49.760000
v 23.039999 25.119999 50.160000
v 23.084734 25.164734 50.959999
v 23.039998 25.439999 46.320000
v 23.039983 25.519897 47.840063
v 23.039999 25.439999 47.919998
v 22.959999 25.439999 49.439999
v 22.959999 25.439999 49.600000
v 23.039999 25.439999 50.160000
v 23.039999 25.599999 46.320000
v 23.039998 25.599998 47.759998
v 22.959999 25.599998 49.759997
v 23.039999 25.519999 49.919998
v 22.959999 25.599998 49.919998
v 23.039999 25.519999 50.079998
v 23.359999 25.440000 50.959999
v 22.961931 25.599988 46.397975
v 23.039999 25.760000 46.480000
v 23.094174 25.813739 47.599935
v 22.959999 25.760000 49.439999
v 22.959999 25.920000 46.559998
v 23.039999 25.920000 46.480000
v 23.040315 25.920317 47.599999
v 22.959999 26.080000 46.559998
v 22.959999 26.080000 46.719997
v 23.039999 26.160000 47.360001
v 23.039999 26.080000 47.439999
v 23.039999 26.160000 46.559997
v 23.040000 26.239998 50.799999
v 22.959999 26.240000 51.680000
v 23.039999 26.160000 51.840000
v 23.039999 26.160000 52.000000
v 23.039999 26.160000 52.320000
v 22.959999 26.240000 52.480000
v 22.879998 26.400000 51.439999
v 23.039884 26.438819 51.561317
v 23.040000 26.320000 51.680000
v 23.066671 26.320023 52.453379
v 23.039999 26.559999 50.799999
v 22.880140 26.479891 51.359776
v 23.039999 26.559999 51.439999
v 23.039999 26.480000 51.520000
v 23.039999 26.639999 50.719997
v 23.039999 26.719999 50.639999
v 22.880000 26.719999 51.119999
v 23.039958 26.639948 51.360059
v 23.119999 26.719999 52.799999
v 23.039999 26.719999 52.879997
v 22.959999 26.879999 50.559998
v 23.039998 26.879998 51.119999
v 23.039999 26.799999 52.959999
v 23.040000 26.879999 53.039997
v 23.039998 27.039998 50.479999
v 23.039999 27.039998 51.119999
v 23.039999 27.039999 53.039997
v 22.959999 27.199999 48.480000
v 23.102345 27.262220 48.399852
v 22.959999 27.199999 50.399998
v 23.039999 27.199999 50.480000
v 23.040000 27.199999 53.039997
v 23.041580 27.360961 48.559380
v 23.039999 27.359998 50.320000
v 23.040001 27.359999 53.039997
v 23.039998 27.599998 48.799999
v 23.039999 27.519999 50.160000
v 23.039999 27.439999 50.239998
v 23.039999 27.519999 53.199997
v 23.039999 27.599998 48.959999
v 22.879999 27.599998 49.119999
v 23.039998 27.599998 49.759998
v 22.879999 27.599998 49.919998
v 22.879999 27.599998 51.680000
v 22.879999 27.599998 52.000000
v 23.199962 27.679944 53.200039
v 23.040123 27.760002 49.119935
v 23.040000 27.760000 49.600001
v 23.039999 27.840000 50.959999
v 22.879999 28.000000 52.079998
v 23.039999 28.159999 50.799999
v 23.039999 28.320000 50.799999
v 23.039999 28.480000 50.799999
v 22.959966 28.480016 50.879985
v 23.039999 28.639999 50.959999
v 22.959774 28.799884 53.119845
v 23.039999 28.799999 53.199997
v 23.039998 28.879999 51.039999
v 22.959999 28.959999 52.799999
v 23.022016 29.040000 51.378026
v 22.959999 29.119999 52.640000
v 23.079874 29.120011 52.919861
v 22.959999 28.959999 52.959999
v 23.039999 29.199999 51.520000
v 23.039999 29.199999 51.840000
v 23.039999 29.359999 51.999999
v 23.091075 29.250783 52.480105
v 23.039999 29.199999 52.480000
v 22.959999 29.119999 52.799999
v 23.039999 29.359999 52.320000
v 23.199999 22.000000 46.719997
v 23.119914 21.919968 47.520156
v 23.200028 22.117963 46.601943
v 23.199999 22.000000 47.200001
v 23.199999 22.000000 47.360001
v 23.119999 22.080000 47.680000
v 23.234672 22.034687 47.519795
v 23.119999 22.240000 46.399998
v 23.199992 22.201198 46.518745
v 23.199999 22.200000 47.719999
v 23.199999 22.320000 46.239998
v 23.199999 22.320000 46.399998
v 23.119999 22.400000 48.000000
v 23.200000 22.320000 47.839999
v 23.199999 22.559999 46.160000
v 23.199999 22.559999 48.079998
v 23.200000 22.720000 46.160000
v 23.199999 22.719998 48.239998
v 23.040000 22.879999 46.000000
v 23.199999 22.959999 47.360002
v 23.199999 23.039999 46.000000
v 23.199999 22.879998 46.160000
v 23.200000 23.039999 46.799999
v 23.199999 22.959999 46.879997
v 23.199999 22.959999 47.520000
v 23.199999 22.959999 47.680000
v 23.199999 23.039999 47.759998
v 23.200000 23.200000 46.639999
v 23.199999 23.359999 46.639999
v 23.359999 23.359999 48.399998
v 23.199999 23.519999 47.599998
v 23.199997 23.519999 48.399998
v 23.519998 23.840000 46.639999
v 23.199999 24.000000 47.599998
v 23.039999 24.000000 46.799999
v 23.119999 24.160000 47.360001
v 23.119999 24.160000 47.520000
v 23.199998 24.160000 48.399998
v 23.199999 24.240000 49.279999
v 23.199999 24.080000 49.439999
v 23.199999 24.080000 49.599998
v 23.199999 24.160000 50.000000
v 23.039999 24.320000 46.000000
v 23.199999 24.240000 47.200001
v 23.199999 24.240000 47.520000
v 23.199999 24.320001 48.399998
v 23.039999 24.320000 49.039997
v 23.199999 24.320000 49.200001
v 23.199999 24.240000 50.239999
v 23.199998 24.480000 48.239998
v 23.119999 24.480000 50.559998
v 23.199999 24.480001 50.480000
v 23.119999 24.480000 50.719997
v 23.039998 24.639999 48.719997
v 23.199999 24.559999 48.959998
v 23.119999 24.639999 50.559998
v 23.199999 24.639999 50.480000
v 23.119999 24.639999 50.719997
v 23.039999 24.799999 46.160000
v 23.199999 24.799999 48.719997
v 23.199999 24.719999 48.799999
v 23.199999 24.799999 50.799999
v 23.199998 24.959999 46.160000
v 23.199999 24.879999 48.320000
v 23.199999 24.879999 48.639999
v 23.199999 24.959999 50.799999
v 23.199999 25.119999 46.160000
v 23.119999 25.119998 49.760000
v 23.359998 25.279999 50.799999
v 23.359999 25.439999 47.919998
v 23.119999 25.439999 49.759998
v 23.199998 25.439999 46.160000
v 23.119999 25.439999 50.079998
v 23.199999 25.519999 46.239998
v 23.199999 25.760000 47.759998
v 23.199999 25.760000 48.399998
v 23.279999 25.760000 50.959999
v 23.358750 25.998190 46.399436
v 23.200028 25.836480 47.683550
v 23.199999 25.920000 47.599998
v 23.119999 25.920000 48.399998
v 23.039999 26.080000 46.480000
v 23.199998 26.080000 47.599998
v 23.359999 26.240000 50.959999
v 23.199999 26.160000 47.360001
v 23.199999 26.160000 47.520000
v 23.090721 26.210783 51.839790
v 23.199998 26.399998 50.799999
v 23.199999 26.320000 51.680000
v 23.199999 26.320000 51.840000
v 23.199999 26.320000 52.320000
v 23.199999 26.320000 52.639999
v 23.199999 26.400000 52.719997
v 23.200004 26.521605 51.478386
v 23.199999 26.719999 50.639999
v 23.199957 26.640032 51.359832
v 23.199999 26.719999 52.719997
v 23.119999 26.959999 48.399998
v 23.199999 26.879998 50.639999
v 23.199863 26.799823 51.200102
v 23.199999 26.879997 52.879997
v 23.200000 27.039999 50.479999
v 23.199999 27.039999 51.119999
v 23.200000 27.039999 52.879997
v 23.199999 27.199999 48.399998
v 23.199999 27.199998 50.479999
v 23.199999 27.199999 51.119999
v 23.199999 27.199998 53.039997
v 23.199999 27.359998 48.399998
v 23.200000 27.359999 50.320000
v 23.200000 27.359999 50.959999
v 23.359999 27.359999 53.039997
v 23.119999 27.519999 48.639999
v 23.199976 27.575553 48.615551
v 23.199999 27.599998 50.239998
v 23.199999 27.519999 50.320000
v 23.199999 27.760000 48.799998
v 23.104916 27.664936 48.959975
v 23.039998 27.599998 49.919998
v 23.199999 27.680000 50.000000
v 23.199999 27.599998 51.680000
v 23.199999 27.599998 52.000000
v 23.199999 27.680000 52.079998
v 23.243464 27.563488 53.039848
v 23.199999 27.760000 48.959999
v 23.199999 27.760000 49.759998
v 23.199999 27.760000 49.919998
v 23.119999 27.840000 50.879997
v 23.199999 27.839998 50.799999
v 23.199999 27.920000 53.199997
v 23.119999 28.000000 50.879997
v 23.199999 28.000000 50.799999
v 23.199999 28.000000 51.599998
v 23.199999 28.080000 51.680000
v 23.199999 28.080000 52.000000
v 23.199999 28.480000 50.799999
v 23.199998 28.639999 50.799999
v 23.039998 28.799999 50.959999
v 23.199999 28.639999 53.199997
v 23.199999 28.879999 50.879997
v 23.199999 29.039999 53.119999
v 23.199999 28.959999 53.199997
v 23.199999 29.039999 51.199997
v 23.119999 29.119999 51.360001
v 23.199999 29.119999 53.039997
v 23.199999 29.199999 51.360001
v 23.200000 29.199999 51.679998
v 23.039999 29.199999 52.639999
v 23.199994 29.241220 52.918866
v 23.199999 29.359999 51.840000
v 23.199999 29.359999 52.480000
v 23.199999 29.359999 52.799999
v 23.359999 22.000001 46.719998
v 23.280000 22.080045 47.520045
v 23.359999 22.320000 46.399999
v 23.359999 22.160000 47.200001
v 23.359999 22.160000 47.520000
v 23.200000 22.400000 46.160000
v 23.359999 22.400000 46.320000
v 23.359998 22.320000 47.839999
v 23.279999 22.559999 46.239998
v 23.359999 22.559999 46.320000
v 23.359999 22.559998 48.079998
v 23.359998 22.719998 46.160000
v 23.359999 22.719998 48.079998
v 23.359999 23.039999 46.000000
v 23.359999 23.039999 46.799999
v 23.359999 22.959999 47.200000
v 23.279999 23.039999 47.680000
v 23.359999 22.959999 48.320000
v 23.359999 23.039999 48.399998
v 23.359999 23.199999 46.799999
v 23.359999 23.119999 47.360001
v 23.279999 23.039999 47.520001
v 23.279999 23.199999 47.680000
v 23.359999 23.199999 47.599998
v 23.519999 23.039999 48.399998
v 23.279999 23.359999 46.719997
v 23.359999 23.359999 46.799999
v 23.360000 23.359998 47.599998
v 23.359998 23.519997 46.639999
v 23.359999 23.680000 48.559998
v 23.199999 24.160000 47.599998
v 23.359999 24.160000 48.559998
v 23.250976 24.131041 49.440133
v 23.280054 24.159995 49.920127
v 23.359999 24.320000 46.799999
v 23.359999 24.320000 47.279999
v 23.359999 24.240000 47.360001
v 23.359999 24.320001 48.399998
v 23.359999 24.320000 49.200001
v 23.359999 24.240000 49.279999
v 23.359999 24.240000 49.439999
v 23.359999 24.240000 49.759998
v 23.199999 24.240000 50.079998
v 23.394975 24.275072 49.919981
v 23.320021 24.360043 50.239957
v 23.359999 24.400000 46.879997
v 23.359999 24.400000 47.200001
v 23.359999 24.480000 48.399998
v 23.199999 24.480000 49.039997
v 23.359999 24.480000 49.200001
v 23.342101 24.479983 50.337880
v 23.519999 24.799999 46.000000
v 23.279999 24.639999 48.320000
v 23.359999 24.639999 48.399998
v 23.359997 24.719999 48.799998
v 23.359999 24.559999 49.119999
v 23.439999 24.639999 50.399998
v 23.359999 24.639999 50.480000
v 23.359999 24.719999 46.079998
v 23.359999 24.799999 46.160000
v 23.279999 24.799999 48.320000
v 23.359999 24.719999 48.480000
v 23.279999 24.799999 48.480000
v 23.359999 24.719999 48.640000
v 23.279999 24.799999 50.559998
v 23.359999 24.799999 50.480000
v 23.279999 24.799999 50.719997
v 23.279999 24.959999 50.559999
v 23.279999 24.959999 50.719997
v 23.359999 25.039999 50.559998
v 23.359999 25.039999 50.719997
v 23.359999 25.119999 50.799999
v 23.359999 25.199999 48.480000
v 23.359998 25.279999 48.559998
v 23.359998 25.279999 48.079998
v 23.214046 25.613416 46.319954
v 23.359999 25.599998 46.160000
v 23.359999 25.519999 47.840000
v 23.279999 25.599998 47.759998
v 23.199998 25.599998 48.399998
v 23.439999 25.599998 50.959999
v 23.359998 25.760002 46.320000
v 23.519997 25.760000 48.559998
v 23.359999 25.920000 47.759998
v 23.519999 25.920001 48.399998
v 23.359999 26.080000 46.480000
v 23.359999 26.080001 47.599998
v 23.359998 26.160000 46.559999
v 23.359999 26.320000 46.719997
v 23.359999 26.320000 47.039997
v 23.359999 26.240000 47.439999
v 23.359999 26.160000 47.520000
v 23.360000 26.399999 50.799999
v 23.279999 26.400000 52.480000
v 23.279999 26.400000 52.639999
v 23.359998 26.559999 50.799999
v 23.286648 26.568325 51.518322
v 23.199855 26.400062 51.599869
v 23.359999 26.480000 51.680000
v 23.359999 26.480000 52.320000
v 23.279999 26.559999 52.639998
v 23.360000 26.719999 50.639999
v 23.279999 26.719999 52.639999
v 23.279999 27.039999 48.399998
v 23.200000 26.879999 51.119999
v 23.359999 26.879999 51.279999
v 23.359999 26.799999 51.360001
v 23.359794 26.719872 52.560194
v 23.359999 26.879999 52.719997
v 23.359999 27.039999 50.639999
v 23.279999 27.039999 51.199997
v 23.359999 27.039999 52.879997
v 23.360000 27.199999 50.639999
v 23.359999 27.199998 51.119999
v 23.359999 27.119999 52.959999
v 23.360000 27.199999 53.039997
v 23.519999 27.359999 48.399998
v 23.359999 27.385196 50.454801
v 23.359999 27.479999 48.519999
v 23.359999 27.519999 50.320000
v 23.359999 27.519999 53.039997
v 23.359999 27.639999 48.679998
v 23.226615 27.599958 50.106571
v 23.359998 27.673598 50.166401
v 23.359999 27.599998 50.239998
v 23.199999 27.680000 50.959999
v 23.279999 27.680000 51.680000
v 23.279999 27.680000 52.000000
v 23.359699 27.679620 53.039766
v 23.359999 27.760000 50.079998
v 23.279999 28.000000 51.680000
v 23.359999 27.760000 53.119999
v 23.359999 27.840000 53.199997
v 23.359999 28.000000 50.799999
v 23.199998 28.160000 50.799999
v 23.359999 28.159999 50.639999
v 23.359997 28.479999 50.639999
v 23.359999 28.480000 53.199997
v 23.359997 28.639999 50.799999
v 23.359999 28.639999 53.360001
v 23.199999 28.799999 50.799999
v 23.519999 28.879999 50.879997
v 23.519999 29.199999 51.360001
v 23.359999 29.119999 53.039997
v 23.633184 29.199999 51.680001
v 23.359999 29.199999 52.959999
v 23.359999 29.279999 52.879997
v 23.439999 22.080000 46.879997
v 23.359999 22.000000 47.039997
v 23.359944 22.159994 46.560008
v 23.519999 22.240000 46.639999
v 23.546051 22.186071 46.719889
v 23.560041 22.200041 46.961384
v 23.519998 22.160000 47.039997
v 23.519999 22.160000 47.360000
v 23.519999 22.480000 46.399998
v 23.519999 22.320000 46.559998
v 23.519997 22.320000 47.520000
v 23.519999 22.480000 47.679999
v 23.519999 22.480000 47.840001
v 23.519999 22.559999 47.919998
v 23.519998 22.559999 46.320000
v 23.439999 22.719998 47.999998
v 23.439999 22.879999 46.160000
v 23.439999 22.879999 47.999998
v 23.439999 22.879999 48.159999
v 23.679956 22.959985 46.079978
v 23.359999 22.959999 46.879997
v 23.520028 23.120018 46.880025
v 23.519999 22.959999 48.000000
v 23.519999 22.959999 48.160000
v 23.519999 22.959999 48.320000
v 23.519999 23.199999 46.799999
v 23.600000 23.199999 47.039997
v 23.537763 23.137739 47.200081
v 23.477578 23.237639 47.359958
v 23.519923 23.280060 47.520040
v 23.519999 23.199999 48.399998
v 23.519998 23.359998 46.799999
v 23.519999 23.359999 47.599998
v 23.680000 23.359999 48.399998
v 23.520001 23.519999 46.639999
v 23.519999 23.519999 47.599998
v 23.519998 24.000002 46.799999
v 23.519999 24.136580 47.599998
v 23.519999 24.160000 48.559998
v 23.519999 24.240000 47.360001
v 23.519999 24.240000 47.520000
v 23.519999 24.240000 48.480000
v 23.439949 24.319920 49.919924
v 23.519999 24.320000 48.399998
v 23.519999 24.480000 49.200001
v 23.520246 24.400186 49.279734
v 23.519999 24.400000 49.439999
v 23.519999 24.400000 49.599998
v 23.559999 24.440000 49.759998
v 23.439999 24.480000 50.079998
v 23.561944 24.442069 49.920088
v 23.439999 24.480000 50.239998
v 23.519998 24.639999 48.399998
v 23.359999 24.559999 48.959999
v 23.519999 24.559999 49.119999
v 23.519999 24.640000 50.160000
v 23.439999 24.639999 50.239998
v 23.520057 24.880042 46.080136
v 23.519999 24.719999 48.480000
v 23.439999 24.799999 50.239998
v 23.439999 24.959999 50.399998
v 23.519999 24.959999 46.160000
v 23.519998 24.800000 50.160000
v 23.519999 24.959999 50.320000
v 23.519999 25.039999 50.399998
v 23.680000 25.119999 50.799999
v 23.359999 25.199999 48.160000
v 23.519999 25.280000 50.799999
v 23.519998 25.519999 48.000000
v 23.519999 25.439999 48.079998
v 23.519999 25.439999 50.959999
v 23.520001 25.519999 47.840000
v 23.519999 25.599998 47.759998
v 23.359999 25.599998 48.559998
v 23.519999 25.760002 46.320000
v 23.413020 25.812674 48.400482
v 23.599999 25.760000 50.959999
v 23.519999 25.920000 46.320000
v 23.519998 25.920001 47.759998
v 23.519997 26.080000 46.320000
v 23.519966 26.074713 47.605286
v 23.599999 26.000000 50.959999
v 23.519998 26.160000 46.399998
v 23.519997 26.160000 47.519999
v 23.519999 26.400000 50.959999
v 23.520000 26.559999 50.959999
v 23.519999 26.480000 51.840000
v 23.439999 26.559999 52.320000
v 23.519999 26.480000 52.159999
v 23.439999 26.559999 52.480000
v 23.519998 26.665274 50.854723
v 23.399999 26.719999 51.480000
v 23.519999 26.639999 51.680000
v 23.520426 26.640792 52.320365
v 23.439999 26.720001 52.480000
v 23.519998 26.879998 50.639999
v 23.519999 26.799999 51.360001
v 23.519998 26.799999 51.519999
v 23.519999 26.839999 52.519999
v 23.359999 27.039999 51.279999
v 23.519999 26.959999 52.639999
v 23.520000 27.039999 52.719997
v 23.680000 27.199999 50.639999
v 23.519999 27.119999 51.199997
v 23.519999 27.199998 52.879997
v 23.680000 27.279999 51.039997
v 23.520000 27.359999 52.879997
v 23.519999 27.439999 48.480000
v 23.519999 27.519999 48.559998
v 23.574023 27.473165 50.366832
v 23.493701 27.493521 53.039843
v 23.519999 27.599998 48.639999
v 23.519999 27.680000 48.719997
v 23.519999 27.680000 53.039997
v 23.625974 27.760000 50.079998
v 23.519999 27.840000 50.799999
v 23.520000 27.840000 53.039997
v 23.519999 28.000000 50.799999
v 23.519999 27.999999 53.199997
v 23.679976 28.079970 50.719987
v 23.680000 28.480000 50.639999
v 23.680000 28.639999 53.360001
v 23.519999 28.879999 51.039997
v 23.519998 29.039999 51.199997
v 23.359999 29.039999 53.279999
v 23.481113 29.359999 51.840000
v 23.519999 29.199999 52.959998
v 23.599999 29.359999 52.080000
v 23.519999 29.359999 52.160000
v 23.519999 29.359999 52.480000
v 23.680000 22.400000 46.639999
v 23.604215 22.244259 46.719896
v 23.680000 22.320000 46.879997
v 23.680000 22.320000 47.519999
v 23.680000 22.559999 46.320000
v 23.680000 22.480000 46.399998
v 23.680000 22.480000 46.559998
v 23.680000 22.480000 47.680000
v 23.625566 22.560064 47.814421
v 23.520000 22.719999 46.160000
v 23.680000 22.719999 46.320000
v 23.680002 22.720001 47.759998
v 23.680000 22.879999 46.160000
v 23.600000 22.879999 47.840000
v 23.680001 22.879998 47.759998
v 23.680023 23.039991 47.919993
v 23.600000 23.039999 48.000000
v 23.600000 23.039999 48.320000
v 23.600000 23.199999 46.879997
v 23.600000 23.199999 47.200001
v 23.680035 23.169201 48.049180
v 23.600000 23.199999 48.160000
v 23.600000 23.199999 48.320000
v 23.600000 23.359999 46.879997
v 23.600000 23.359999 47.360001
v 23.600000 23.359999 47.520000
v 23.680000 23.279999 48.320000
v 23.760000 23.519999 46.879998
v 23.678363 23.438571 46.880014
v 23.680000 23.439999 47.200001
v 23.600000 23.519998 47.519999
v 23.680000 23.680000 46.799999
v 23.599998 23.840004 46.719998
v 23.680000 23.840000 46.799999
v 23.520001 24.160000 47.599999
v 23.729834 24.160038 47.390188
v 23.840001 24.159999 48.559998
v 23.680000 24.320000 47.279999
v 23.680000 24.240000 47.360001
v 23.680000 24.320000 48.559998
v 23.600000 24.480000 49.279999
v 23.600000 24.479999 49.439999
v 23.680001 24.559999 49.919998
v 23.680000 24.639999 48.559998
v 23.600000 24.639999 49.119999
v 23.600000 24.639999 49.279999
v 23.680000 24.559999 49.440000
v 23.680000 24.719999 48.639999
v 23.680000 24.719999 48.800000
v 23.680000 24.719999 49.279999
v 23.680000 24.799999 50.160000
v 23.680001 24.960001 46.160000
v 23.680000 24.879999 50.239998
v 23.680000 24.959999 50.320000
v 23.680000 25.039999 50.399998
v 23.680000 25.039999 50.719997
v 23.680000 25.199999 48.160000
v 23.680000 25.279999 48.079998
v 23.680000 25.199999 48.480000
v 23.680000 25.279999 50.799999
v 23.680000 25.439999 48.079998
v 23.600000 25.439999 50.879997
v 23.519999 25.599998 46.160000
v 23.680000 25.519999 48.000000
v 23.773174 25.532879 50.799468
v 23.710903 25.631297 50.959966
v 23.680000 25.759999 46.160000
v 23.680000 25.680000 47.840000
v 23.679971 25.759778 47.759986
v 23.680000 25.920000 46.160000
v 23.679999 26.080000 46.320000
v 23.680000 26.080000 47.759998
v 23.599999 26.160000 46.559998
v 23.842953 26.160000 47.520001
v 23.680000 26.240000 47.439999
v 24.160000 26.080000 48.399998
v 23.600000 26.559999 52.160000
v 23.680000 26.719999 48.399998
v 23.680000 26.719998 50.799999
v 23.680000 26.639999 51.680000
v 23.680001 26.639999 51.840000
v 23.600000 26.559999 52.000000
v 23.707934 26.667916 52.160075
v 23.680002 26.879999 50.639999
v 23.519998 26.879999 51.279999
v 23.680000 26.799999 51.520000
v 23.680000 26.799999 52.320000
v 23.600000 26.879999 52.480000
v 23.680000 27.040000 51.279999
v 23.680000 26.959999 52.479999
v 23.680000 26.959999 52.639999
v 23.680000 27.039999 52.719997
v 23.680000 27.119999 51.199998
v 23.680000 27.199997 52.719997
v 23.680000 27.199998 48.399998
v 23.680004 27.351884 48.551882
v 23.680000 27.279999 50.559998
v 23.680000 27.359999 50.480000
v 23.680000 27.279999 52.799999
v 23.743657 27.423548 52.879845
v 23.680001 27.439999 48.639999
v 23.680000 27.519999 48.719997
v 23.680000 27.519999 50.320000
v 23.680002 27.519999 52.879997
v 23.680000 27.680000 48.719997
v 23.680000 27.680000 50.160000
v 23.599999 27.680000 50.959999
v 23.680000 27.679999 53.039997
v 23.680000 27.760000 48.799999
v 23.680000 27.760000 48.959999
v 23.840000 27.840000 50.799999
v 23.839920 27.760061 50.879955
v 23.680000 27.840000 53.039997
v 23.680000 28.000000 50.799999
v 23.680000 28.000000 53.199997
v 23.680000 28.160000 50.639999
v 23.680000 28.480000 53.199997
v 23.680000 28.559999 50.719997
v 23.680000 28.640000 50.799999
v 23.520000 28.799999 50.799999
v 23.680001 28.879999 51.039998
v 23.680000 29.039999 51.199997
v 23.680000 29.039999 53.119997
v 23.680000 29.039999 53.279999
v 23.840000 29.199999 51.680000
v 23.840012 29.280017 51.760013
v 23.680001 29.199999 52.479999
v 23.680000 29.279999 52.399998
v 23.680001 29.199999 52.800001
v 23.680000 29.199999 52.959999
v 23.704353 29.359946 52.295647
v 23.760000 22.400000 46.879997
v 23.680000 22.320000 47.360001
v 23.799983 22.439995 47.519950
v 23.760000 22.559999 46.399998
v 23.760000 22.559999 46.559999
v 23.760237 22.400236 46.719998
v 23.920000 22.559999 47.360001
v 23.809437 22.560041 47.630576
v 23.760000 22.719999 46.399998
v 23.840000 22.679999 46.519999
v 23.790885 22.720044 47.649047
v 23.840000 22.799999 46.239998
v 23.680000 22.799999 46.239998
v 23.840000 22.799999 47.680000
v 23.840001 22.879999 47.759998
v 23.840000 23.039998 46.160000
v 23.840000 23.159999 48.039999
v 23.680000 23.279999 48.160000
v 23.840001 23.279999 48.320000
v 23.840000 23.359999 48.399998
v 23.760000 23.519999 47.119999
v 23.760000 23.519999 47.360000
v 23.680055 23.449314 48.489314
v 23.840000 23.519999 48.399998
v 23.760000 23.680000 47.200002
v 23.760000 23.680000 46.879997
v 23.840000 23.840000 47.279999
v 24.000000 24.000000 46.799999
v 23.760000 23.840000 47.360001
v 23.840000 24.160000 47.279999
v 24.000000 23.999999 48.559998
v 24.000000 24.400000 47.200001
v 23.680000 24.799999 46.000000
v 23.840000 24.639999 48.559998
v 23.840000 24.719999 49.280000
v 23.840000 24.559999 49.439999
v 23.840000 24.559999 49.599998
v 23.840000 24.559999 49.759999
v 23.840000 24.719999 48.639999
v 23.840000 24.799999 48.719997
v 23.840000 24.879999 48.959999
v 23.821342 24.748448 49.967105
v 23.840000 24.879999 50.079998
v 23.840000 24.959999 46.000000
v 23.920000 24.959999 48.799999
v 23.840000 24.879999 49.120000
v 23.839999 24.959999 50.320000
v 23.839913 25.039980 46.079975
v 23.760000 25.119999 50.559997
v 23.760000 25.119999 50.719997
v 23.760000 25.279999 50.719997
v 23.840000 25.439999 48.079998
v 23.840000 25.439999 48.559998
v 23.840001 25.359999 50.719997
v 23.840000 25.439999 50.799999
v 23.840000 25.599999 48.079998
v 23.821223 25.581038 50.799724
v 23.760000 25.760000 47.840000
v 23.840000 25.760000 47.919998
v 23.840000 25.680000 48.000000
v 23.840000 25.680000 50.879997
v 23.840001 25.920002 47.759998
v 23.840000 25.920001 48.399998
v 23.840000 25.920000 50.959999
v 23.840000 26.040000 46.279999
v 24.000000 26.080000 47.759998
v 23.840000 26.160000 46.559998
v 23.680000 26.160000 47.680000
v 23.680000 26.639999 51.679999
v 23.760000 26.719999 52.160000
v 23.999998 26.880000 48.399998
v 23.840000 26.879999 50.799999
v 23.840000 26.879999 51.439999
v 23.840000 26.799999 51.520000
v 23.840000 26.799999 51.680000
v 23.840000 26.799999 52.000000
v 23.760000 26.879999 52.320000
v 23.874764 26.834718 52.160027
v 23.760000 27.039999 50.719997
v 23.840000 27.039999 50.799999
v 23.760000 27.039999 52.479999
v 23.840000 26.999999 52.359999
v 23.760000 27.039999 52.639999
v 23.760000 27.199999 50.719997
v 23.840000 27.119999 50.879997
v 23.760000 27.199999 50.879997
v 23.840000 27.119999 51.039996
v 23.840000 27.119999 51.199997
v 23.760000 27.200000 52.639999
v 23.840000 27.279999 50.559998
v 23.840000 27.279999 50.719997
v 23.840000 27.279999 50.879997
v 23.840000 27.359999 50.959999
v 23.839704 27.319054 52.679350
v 23.840000 27.439999 48.639999
v 23.760000 27.519999 48.799999
v 23.839999 27.439999 48.799998
v 23.999485 27.440978 50.399019
v 23.840001 27.519999 52.879997
v 23.760000 27.680000 48.799999
v 23.839988 27.649214 49.009206
v 23.760000 27.680000 48.959999
v 23.840000 27.639999 50.199999
v 23.840000 27.680000 50.959999
v 23.840000 27.599998 52.959999
v 23.840000 27.680000 53.039997
v 23.840000 27.760000 49.119999
v 24.000000 27.760000 50.079998
v 23.679957 27.919945 53.119966
v 23.840000 28.000000 53.039997
v 23.756110 28.160000 50.716107
v 23.840000 28.160000 50.799999
v 23.840005 28.080002 53.119996
v 23.840001 28.480000 50.799999
v 24.000000 28.480000 53.199997
v 23.840000 28.639999 53.199997
v 23.839980 28.752354 50.912351
v 23.760000 28.799999 53.279999
v 23.840000 28.799999 53.199997
v 23.840000 28.879999 51.039997
v 23.680038 29.003594 51.163630
v 23.840000 28.879999 51.199997
v 23.760000 28.959999 53.119999
v 23.839999 28.879999 53.119999
v 23.760000 28.959999 53.279999
v 23.840000 29.039999 51.520000
v 23.839947 29.102000 51.581947
v 23.866631 29.200140 52.293414
v 23.840000 29.199999 52.799998
v 23.840000 29.359999 51.840000
v 23.840000 29.359999 52.160000
v 23.920000 22.559999 47.520000
v 23.998934 22.638934 47.199653
v 24.039959 22.679971 47.360071
v 23.920000 22.720000 47.520000
v 23.840002 22.879999 46.160000
v 24.000000 22.879998 46.320000
v 23.973277 22.800141 46.533307
v 24.000000 22.839999 47.559999
v 24.000001 23.039998 46.320000
v 23.840000 22.959999 47.840000
v 24.000000 22.959999 47.840000
v 24.000095 23.023366 47.903288
v 24.000001 23.199999 46.160000
v 24.000000 23.119999 48.000000
v 24.000000 23.199999 48.079998
v 24.000000 23.279999 48.160000
v 24.000000 23.439999 48.320000
v 23.999999 23.519998 48.399998
v 24.000000 24.000000 47.279999
v 23.999999 24.160000 48.719997
v 24.000000 24.320000 47.279999
v 23.920000 24.320000 48.639999
v 24.000000 24.400000 46.879997
v 23.919981 24.640010 48.639969
v 24.000000 24.400000 48.719997
v 23.960061 24.680126 49.760051
v 23.920000 24.799999 48.639999
v 23.999999 24.640001 48.719997
v 24.000000 24.719999 49.599998
v 23.999997 24.959999 46.000000
v 23.920000 24.959999 48.959998
v 24.000000 24.879999 49.119999
v 23.973200 24.880029 49.253198
v 24.000001 24.879999 49.919998
v 23.840000 24.879999 50.239998
v 24.000000 25.119999 48.559998
v 23.999959 25.120044 49.039970
v 24.000000 25.039999 50.239998
v 23.920000 25.119999 48.639999
v 23.920000 25.119999 48.959999
v 24.000000 25.279999 50.320000
v 23.920000 25.439999 48.160000
v 23.920000 25.439999 48.480000
v 24.000000 25.359999 50.559998
v 24.000000 25.359999 50.719997
v 24.000000 25.439999 50.799999
v 23.920000 25.599998 48.160000
v 23.920000 25.599998 48.320000
v 24.000000 25.599998 50.799999
v 24.000000 25.680000 48.160000
v 24.000000 25.680000 48.320000
v 23.920000 25.760000 48.480000
v 24.000000 25.760000 48.399998
v 23.999999 25.760000 50.799999
v 24.000001 25.920000 46.160000
v 24.000000 25.920000 48.399998
v 24.000000 25.920001 50.959999
v 24.000000 26.000000 46.239998
v 24.000000 26.160000 46.399998
v 24.160001 26.240032 46.640037
v 24.000000 26.240000 47.439999
v 24.000000 26.160000 47.680000
v 24.160000 26.320000 46.719997
v 24.160000 26.559998 48.399998
v 23.920000 26.719999 48.399998
v 24.000000 26.719999 50.799999
v 23.920000 26.879999 52.160000
v 24.000000 27.039999 48.399998
v 23.840009 26.960170 51.359874
v 23.839844 26.909791 51.410335
v 24.000000 26.959999 51.520000
v 23.920000 26.879999 52.000000
v 23.920000 27.039999 52.320000
v 24.034809 26.994681 52.159892
v 23.839999 27.199999 48.399998
v 24.080000 27.159999 48.599998
v 23.920000 27.199999 50.719997
v 23.999997 27.151151 50.688672
v 23.920000 27.199999 50.879997
v 23.920000 27.199999 51.199997
v 23.999996 27.119994 51.360002
v 24.000027 27.158059 52.358032
v 23.839939 27.376815 48.576741
v 23.839999 27.319943 48.519947
v 23.999999 27.359999 48.719997
v 24.000000 27.279999 50.559998
v 24.000000 27.359999 50.480000
v 23.920000 27.360000 51.039998
v 23.999999 27.439999 48.799998
v 23.840001 27.519999 50.959999
v 24.000000 27.519999 51.119999
v 23.999999 27.439999 52.639999
v 24.000000 27.519999 52.719997
v 24.000000 27.599998 48.959999
v 24.000000 27.680000 49.039997
v 24.000000 27.599998 50.239998
v 24.000000 27.680000 50.160000
v 23.971884 27.652848 52.880964
v 23.999999 27.760000 49.119999
v 24.000000 27.760000 49.856163
v 24.000001 27.840000 50.959999
v 24.000000 27.839999 53.039997
v 23.840001 28.000000 50.799999
v 24.000000 28.159999 50.799999
v 24.000001 28.160000 53.039997
v 24.000001 28.320000 53.199997
v 24.000000 28.480000 50.799999
v 23.840001 28.639999 50.799999
v 24.000000 28.719999 51.039998
v 24.000000 28.719999 51.199997
v 24.000000 28.799999 53.199997
v 23.921004 28.955284 51.356290
v 23.920000 28.959999 52.959999
v 24.028503 28.880005 52.931371
v 24.000000 28.879999 53.119999
v 24.000000 29.039999 51.520000
v 23.840000 29.199999 52.639999
v 24.000000 29.039999 52.639999
v 24.000000 29.119999 52.559998
v 23.920370 29.119442 52.799757
v 24.000000 29.199999 51.679999
v 24.000000 29.199999 51.840000
v 24.000000 29.199999 52.160000
v 24.000000 29.199999 52.480000
v 24.045512 22.685857 46.720088
v 24.160000 22.799999 46.879997
v 24.160000 22.799999 46.559998
v 24.160000 22.799999 46.719997
v 24.148485 22.788410 47.360197
v 24.160000 22.879999 47.439999
v 24.160000 23.039998 46.320000
v 24.160000 22.959999 46.399998
v 24.160000 22.959999 47.520000
v 24.160079 22.960007 47.679942
v 24.160000 23.199999 46.160000
v 24.160000 23.199999 48.079998
v 24.160000 23.359999 46.160000
v 24.160000 23.359999 48.079998
v 24.159999 23.519997 46.000000
v 24.159998 23.439999 48.160000
v 24.160000 23.439999 48.320000
v 24.159906 23.520117 48.400218
v 24.160000 23.680000 48.559998
v 24.080000 24.320000 46.879997
v 24.159948 24.160000 48.719997
v 24.360242 24.639999 48.719997
v 24.000000 24.799999 48.559998
v 24.045752 24.765874 49.440308
v 24.160000 24.959999 48.559998
v 24.159963 24.960045 49.200018
v 24.160000 24.879999 49.439999
v 24.160000 24.879999 49.759998
v 24.160000 24.959999 50.000000
v 24.080000 25.119999 48.480000
v 24.160000 25.120000 48.399998
v 24.190886 25.119992 49.230917
v 24.160001 25.039999 50.079998
v 24.160000 25.279999 48.399998
v 24.080000 25.279999 48.639999
v 24.080000 25.279999 48.959999
v 24.160000 25.279999 49.039997
v 24.160000 25.199999 49.119999
v 24.160000 25.279999 50.320000
v 24.159977 25.390845 48.289152
v 24.080013 25.440119 48.320071
v 24.080000 25.279999 48.480000
v 24.080033 25.440043 48.800009
v 24.239262 25.478917 48.920342
v 24.080000 25.439999 50.559998
v 24.160001 25.359999 50.399998
v 24.080000 25.439999 50.719997
v 24.160000 25.599998 46.160000
v 24.080000 25.599998 48.160000
v 24.160035 25.573684 48.106299
v 24.080000 25.599998 48.320000
v 24.080000 25.599998 48.639999
v 24.160000 25.599998 48.719997
v 24.080000 25.599998 50.719997
v 24.160000 25.680000 46.239998
v 24.000002 25.760000 46.160000
v 24.160000 25.760000 46.320000
v 24.160000 25.680000 48.000000
v 24.080000 25.760000 48.480000
v 24.080000 25.760000 48.639999
v 24.160000 25.760000 48.719997
v 24.159998 25.760000 50.799999
v 24.160000 25.920001 46.320000
v 24.159999 25.920001 47.759998
v 24.080000 25.920000 48.480000
v 24.199854 25.920003 48.599850
v 24.159999 25.920000 50.959999
v 23.999911 26.096622 46.336553
v 24.160000 26.080000 46.480000
v 24.080000 26.080000 47.680000
v 24.159964 26.031383 47.648579
v 24.160000 26.160000 46.559998
v 24.160000 26.160000 47.519999
v 24.159999 26.559999 50.959999
v 24.160000 26.719999 48.399998
v 24.160000 26.719999 50.799999
v 24.160000 26.879999 48.559998
v 24.000000 27.039999 50.799999
v 24.079940 27.039902 48.479865
v 24.160000 27.039999 50.799999
v 24.080000 27.039999 52.160000
v 24.160000 27.199999 48.719997
v 24.160000 27.119999 50.719997
v 24.160000 27.200026 50.639972
v 24.240000 27.199998 51.520000
v 24.160000 27.119999 51.520000
v 24.160000 27.119999 52.160000
v 24.160011 27.329011 50.510923
v 24.079958 27.359959 51.199984
v 24.240000 27.359999 51.360001
v 24.159999 27.279999 52.320000
v 24.160001 27.359999 52.399998
v 24.160000 27.359997 48.719997
v 24.159998 27.489405 50.350745
v 24.080166 27.519893 51.199987
v 24.160000 27.519999 51.279999
v 24.160000 27.439999 52.480000
v 24.160000 27.439999 52.639999
v 24.160000 27.519999 52.719997
v 24.160000 27.599998 48.959998
v 24.160000 27.599998 49.119999
v 24.160000 27.599998 50.079997
v 24.160000 27.599998 50.239998
v 24.000002 27.680001 50.959999
v 24.119824 27.679905 51.079949
v 24.160000 27.679999 52.719997
v 24.120000 27.840000 51.079998
v 24.080000 28.000000 51.039999
v 24.160000 28.000000 52.879997
v 24.080000 28.160000 50.879997
v 24.160000 28.159999 52.879997
v 24.117644 28.319978 53.082355
v 24.080000 28.480000 50.879997
v 24.120000 28.559999 53.079998
v 24.080000 28.640000 51.039999
v 24.240000 28.800000 52.959998
v 24.160000 28.719999 51.199997
v 24.160000 28.719999 51.360001
v 24.110693 28.799935 53.089271
v 24.080000 28.959999 51.519999
v 24.160000 28.879999 51.520000
v 24.160000 28.879999 51.680000
v 24.080000 28.959999 51.679999
v 24.079603 28.960173 52.640754
v 24.080000 28.959999 52.799999
v 24.160000 28.879999 52.799999
v 24.160000 28.879999 52.959999
v 24.080000 29.119999 51.680000
v 24.080000 29.119999 51.840000
v 24.120000 29.079999 52.320000
v 24.159578 29.040198 52.480063
v 24.211001 22.850890 46.560067
v 24.160000 22.799999 47.200001
v 24.320000 22.959999 47.360001
v 24.320000 23.039999 46.320000
v 24.320000 22.959999 46.399998
v 24.320000 22.959999 46.559998
v 24.160000 23.119999 47.840000
v 24.320000 22.959999 47.519999
v 24.320000 23.199999 46.320000
v 24.319906 23.119931 47.680026
v 24.269199 23.229325 47.839779
v 24.160000 23.119999 48.000000
v 24.320000 23.359997 46.160000
v 24.320000 23.279999 47.840000
v 24.320000 23.279999 48.000000
v 24.320001 23.359999 48.079998
v 24.319999 23.439999 48.160000
v 24.320000 23.640000 48.359999
v 24.320000 24.160000 48.719997
v 24.443750 24.959999 48.559998
v 24.270935 24.960006 49.310948
v 24.320000 24.879999 49.439999
v 24.320000 24.959999 50.000000
v 24.320000 25.120000 50.000000
v 24.320000 25.279999 48.399998
v 24.320000 25.279999 49.039997
v 24.320000 25.199999 49.119999
v 24.320000 25.199999 49.279999
v 24.320000 25.279999 50.160000
v 24.319893 25.360126 48.320369
v 24.319999 25.440000 48.239998
v 24.320000 25.439999 49.039997
v 24.292379 25.409121 50.316741
v 24.320000 25.599998 46.160000
v 24.320000 25.599998 48.079998
v 24.240000 25.599998 48.799999
v 24.320000 25.599998 48.879997
v 24.320000 25.559999 50.439999
v 24.344361 25.745995 47.934005
v 24.320000 25.760002 48.719997
v 24.319999 25.680000 50.559999
v 24.480000 25.920000 46.320000
v 24.320000 25.920000 47.759998
v 24.320000 25.920000 48.719997
v 24.320000 25.920001 50.799999
v 24.319998 26.000000 46.399998
v 24.320000 26.000000 47.680000
v 24.323378 26.080558 47.599441
v 24.240000 26.080000 48.480000
v 24.330795 26.079817 48.570989
v 24.320000 26.160000 46.559998
v 24.320000 26.160000 47.360001
v 24.320000 26.400000 50.959999
v 24.319999 26.559999 50.799999
v 24.240036 26.719992 48.480018
v 24.319999 26.720000 48.559998
v 24.320000 26.879999 50.799999
v 24.447623 26.880005 48.687613
v 24.160000 27.039998 48.559998
v 24.320000 27.039999 48.719997
v 24.240000 27.199999 48.799999
v 24.320000 27.199999 48.879997
v 24.280000 27.159999 50.559998
v 24.280040 27.319791 50.400165
v 24.320000 27.119999 51.680000
v 24.320000 27.119999 51.999999
v 24.240000 27.359999 48.799999
v 24.320000 27.279999 48.959999
v 24.239985 27.388347 48.988344
v 24.320000 27.359999 50.320000
v 24.240000 27.359999 51.519999
v 24.320000 27.279999 52.160000
v 24.320000 27.279999 52.320000
v 24.320000 27.359999 52.399998
v 24.240000 27.519999 48.959999
v 24.240000 27.519999 49.119999
v 24.240000 27.519999 50.079998
v 24.320000 27.439999 50.079998
v 24.240070 27.520098 50.239299
v 24.240000 27.519997 51.360001
v 24.240000 27.519999 52.480000
v 24.240000 27.519999 52.639999
v 24.240000 27.680000 51.199997
v 24.355070 27.680200 51.315185
v 24.320000 27.519997 52.399998
v 24.240000 27.680001 52.639999
v 24.280000 27.840000 51.239998
v 24.320000 28.160000 52.879997
v 24.240000 28.320000 51.199997
v 24.320000 28.319999 52.879997
v 24.240000 28.480000 51.199997
v 24.280000 28.480000 52.919998
v 24.240000 28.639999 51.199997
v 24.240000 28.639999 51.360001
v 24.240000 28.639999 52.959999
v 24.320000 28.639999 52.879997
v 24.240000 28.799999 52.639999
v 24.291281 28.749225 52.639644
v 24.240000 28.799999 52.799999
v 24.320000 28.879999 51.680000
v 24.320000 28.879999 51.840000
v 24.280000 28.919999 52.320000
v 24.239999 28.960000 52.480000
v 24.439992 23.079995 47.519903
v 24.480000 23.119999 46.399999
v 24.480000 23.359997 46.160000
v 24.480000 23.279999 47.680000
v 24.480000 23.279999 47.839999
v 24.320001 23.519999 46.000000
v 24.480000 23.519999 46.160000
v 24.479974 23.440001 48.000028
v 24.479999 23.680000 46.000000
v 24.480000 23.640000 48.199999
v 24.480000 23.760000 48.320000
v 24.480001 23.840000 48.399998
v 24.480000 23.999998 48.559998
v 24.480001 24.160000 48.719997
v 24.639999 24.319999 48.719997
v 24.480000 24.719999 48.639999
v 24.400000 24.959999 49.439999
v 24.400000 24.959999 49.919998
v 24.479998 25.120000 48.399998
v 24.400000 25.119999 49.440000
v 24.400000 25.119999 49.919998
v 24.479999 25.280000 48.239998
v 24.400000 25.279999 49.119999
v 24.400000 25.279999 49.280000
v 24.400000 25.119999 49.759998
v 24.400000 25.279999 50.079998
v 24.506899 25.226816 49.920297
v 24.559999 25.439999 48.239998
v 24.400000 25.439999 49.119999
v 24.480000 25.359999 49.279999
v 24.400000 25.439999 50.239998
v 24.480000 25.399999 50.119999
v 24.480000 25.599998 48.079998
v 24.400000 25.599998 48.959999
v 24.482252 25.600235 49.042033
v 24.479869 25.519971 50.240101
v 24.479999 25.760003 46.320000
v 24.400000 25.760000 48.799999
v 24.400000 25.760001 48.959998
v 24.480000 25.680000 50.399999
v 24.480000 25.680000 50.559999
v 24.400000 25.920000 48.799998
v 24.480000 25.920002 50.799999
v 24.480000 26.000000 46.399998
v 24.480000 26.000000 46.559999
v 24.400000 26.080000 48.639999
v 24.400000 26.080000 48.799999
v 24.559999 26.080000 48.959998
v 24.400027 26.079963 50.879823
v 24.480000 26.080000 50.799999
v 24.480000 26.160000 46.719997
v 24.480000 26.160000 47.039997
v 24.400000 26.240001 48.639998
v 24.496948 26.240083 48.737065
v 24.440000 26.240000 50.839998
v 24.440000 26.400000 48.679998
v 24.432525 26.399999 50.847548
v 24.480000 26.559999 48.719997
v 24.480000 26.559998 50.639999
v 24.440000 26.719999 48.679998
v 24.479999 26.720000 50.639999
v 24.319999 26.879999 48.559998
v 24.400000 26.879999 50.719997
v 24.480000 26.959999 48.799999
v 24.480000 27.039998 48.879997
v 24.517205 26.880077 50.602708
v 24.440000 27.119999 50.439999
v 24.480000 27.199999 48.879997
v 24.480000 27.199999 50.320000
v 24.400000 27.199999 51.679999
v 24.400000 27.199999 52.000000
v 24.480000 27.279999 48.959999
v 24.559999 27.199999 50.079998
v 24.399751 27.360127 50.240009
v 24.480000 27.279999 50.239998
v 24.400000 27.359999 51.680000
v 24.400000 27.359999 52.160000
v 24.400000 27.359999 52.320000
v 24.399981 27.495546 51.544497
v 24.400000 27.519998 51.680001
v 24.400000 27.519998 51.871006
v 24.400000 27.519999 52.320000
v 24.400000 27.680000 51.360001
v 24.400000 27.680000 51.520000
v 24.559999 27.680000 51.679999
v 24.520000 27.639999 52.160000
v 24.525809 27.645745 52.319933
v 24.480000 27.880000 52.599998
v 24.437510 28.000012 52.762465
v 24.454460 28.240886 52.745538
v 24.559999 28.159998 51.679999
v 24.400000 28.480000 51.360001
v 24.400000 28.479999 51.519999
v 24.400000 28.479998 52.799999
v 24.399991 28.659947 51.539936
v 24.400000 28.639999 51.680000
v 24.400000 28.639999 52.639999
v 24.400000 28.639999 52.799999
v 24.400000 28.799999 51.680000
v 24.480000 23.199999 46.320000
v 24.639999 23.119999 46.559998
v 24.639999 23.119999 47.200001
v 24.480000 23.119999 47.360002
v 24.639999 23.199999 47.279999
v 24.599953 23.239972 47.520114
v 24.719999 23.359999 46.399998
v 24.559999 23.359999 47.680000
v 24.559999 23.359999 47.840000
v 24.605341 23.405364 47.680140
v 24.559999 23.519999 48.000000
v 24.649738 23.449991 47.839896
v 24.640000 23.680000 46.000000
v 24.600054 23.639856 48.079800
v 24.639999 23.760000 48.160000
v 24.639999 23.760000 48.320000
v 24.640001 23.840000 48.399998
v 24.640000 23.999999 48.399998
v 24.640001 24.160000 48.559998
v 24.640001 24.639999 48.719997
v 24.639999 24.800000 48.559998
v 24.639999 24.959999 46.000000
v 24.639999 25.039999 46.079998
v 24.639999 25.119999 46.160000
v 24.639999 25.039999 48.480000
v 24.639999 25.119999 48.399998
v 24.639999 25.199999 48.320000
v 24.639999 25.279999 48.239998
v 24.559999 25.279999 49.439999
v 24.559999 25.279999 49.919998
v 24.799999 25.279999 46.160000
v 24.560015 25.466676 49.253412
v 24.559999 25.439999 49.439999
v 24.559999 25.439999 50.079998
v 24.685962 25.509361 46.275323
v 24.480001 25.599998 46.160000
v 24.639999 25.599998 46.320000
v 24.639999 25.519999 48.160000
v 24.639999 25.599998 48.079998
v 24.559999 25.599998 49.119999
v 24.559863 25.612454 49.267427
v 24.639999 25.599998 49.360001
v 24.559999 25.439999 49.919927
v 24.687374 25.567384 50.080277
v 24.639999 25.760000 46.320000
v 24.639999 25.720000 47.959999
v 24.559999 25.760000 49.120000
v 24.559999 25.760000 50.399998
v 24.559999 25.760000 50.559998
v 24.559999 25.920000 46.399998
v 24.640039 25.839858 46.559704
v 24.639999 25.920000 46.639999
v 24.799999 25.840000 47.839999
v 24.559999 25.920001 48.959999
v 24.559999 25.920000 49.119999
v 24.560032 25.893146 50.533147
v 24.559999 25.920000 50.719997
v 24.639999 26.000000 46.719997
v 24.559999 26.080000 46.879997
v 24.639999 26.000000 47.679999
v 24.643407 26.079872 49.043294
v 24.639999 26.000000 50.559998
v 24.559999 26.080000 50.719998
v 24.599999 26.240000 50.679998
v 24.559999 26.240000 48.799999
v 24.559999 26.400000 48.959999
v 24.639999 26.400000 49.039997
v 24.559999 26.400000 50.719997
v 24.639999 26.400000 50.639999
v 24.559999 26.559999 48.799999
v 24.656599 26.559892 48.896452
v 24.639999 26.559999 50.639999
v 24.599999 26.719999 48.839998
v 24.559999 26.719999 50.559998
v 24.611484 26.720040 50.508536
v 24.559999 26.879999 48.799999
v 24.666520 26.879974 48.906511
v 24.559999 26.879999 50.559998
v 24.639999 26.879999 50.480000
v 24.559999 27.040000 48.959999
v 24.559999 27.039999 50.239998
v 24.610905 26.989174 50.240093
v 24.559999 27.039999 50.399998
v 24.559999 27.199999 48.959999
v 24.559999 27.199999 49.119999
v 24.719999 27.039999 49.119999
v 24.559999 27.199999 50.239997
v 24.559999 27.680000 51.840000
v 24.587247 27.707260 52.319915
v 24.559999 27.840001 51.679999
v 24.640422 27.839999 51.760422
v 24.719999 27.840000 52.160000
v 24.559999 27.840001 52.479999
v 24.559999 28.000000 52.639999
v 24.559999 28.160000 52.480000
v 24.639999 28.160000 52.399998
v 24.559999 28.240000 52.639999
v 24.559999 28.320000 51.840001
v 24.719999 28.160000 51.839999
v 24.559999 28.320000 52.320000
v 24.559999 28.480000 51.680000
v 24.559999 28.480000 52.639999
v 24.719999 23.199999 46.959997
v 24.760007 23.240036 47.200139
v 24.799999 23.279999 46.559998
v 24.879999 23.359999 47.039997
v 24.679922 23.319927 47.360041
v 24.799999 23.359999 47.279999
v 24.759985 23.400004 47.520055
v 24.640000 23.519999 46.160000
v 24.800000 23.519999 46.320000
v 24.799999 23.439999 46.399998
v 24.719999 23.519999 47.680000
v 24.719999 23.519999 47.840000
v 24.799779 23.679712 46.160068
v 24.789168 23.589186 47.679805
v 24.835068 23.635113 47.839920
v 24.799999 23.760000 48.000000
v 24.799999 23.760000 48.159999
v 24.799999 24.000000 48.399998
v 24.799999 24.111937 46.000000
v 24.799999 24.159998 48.559998
v 24.799999 24.319999 48.559998
v 24.799999 24.639999 48.559998
v 24.799999 24.799999 46.000000
v 24.800000 24.959999 46.160000
v 24.799999 24.959999 48.559998
v 24.800013 25.089185 48.430746
v 24.799999 25.280000 48.239998
v 24.799999 25.439999 48.239998
v 24.799993 25.587897 48.092113
v 24.719999 25.599998 49.439999
v 24.719999 25.599999 49.599998
v 24.719999 25.599998 49.919998
v 24.719999 25.599998 50.079998
v 24.719999 25.760000 46.399998
v 24.939814 25.607107 46.626921
v 24.719999 25.760000 46.559999
v 24.799999 25.680000 48.000000
v 24.799999 25.760000 47.919998
v 24.719999 25.760000 49.279999
v 24.719999 25.760001 49.440000
v 24.759999 25.639999 49.759998
v 24.817551 25.697412 49.919764
v 24.719999 25.760000 50.239998
v 24.799788 25.839955 46.719857
v 24.799999 25.840000 47.039997
v 24.719999 25.920000 49.280000
v 24.719999 25.920000 49.439999
v 24.719999 25.760000 50.079998
v 24.880000 25.920001 50.239999
v 24.639999 26.160000 47.200001
v 24.799999 26.000000 47.520000
v 24.799999 26.000000 47.680000
v 24.719999 26.080000 49.119999
v 24.719999 26.080001 49.279998
v 24.816934 26.079949 49.377064
v 24.719999 26.080000 50.399998
v 24.719999 26.080000 50.559998
v 24.719999 26.240000 49.119999
v 24.783158 26.080059 50.336801
v 24.719999 26.240000 50.559999
v 24.719999 26.400000 49.119999
v 24.719999 26.560000 49.280000
v 24.799999 26.559999 50.480000
v 24.719999 26.559999 48.959999
v 24.719999 26.719999 49.279999
v 24.720027 26.746431 49.466457
v 24.719999 26.720000 50.399998
v 24.719999 26.879999 48.959999
v 24.719999 26.879999 49.599998
v 24.719999 26.879999 50.239998
v 24.879999 26.719999 50.239998
v 24.719999 26.879999 50.399998
v 24.719999 27.039999 49.599998
v 24.719999 27.840000 52.319999
v 24.719999 28.160000 52.320000
v 24.845729 23.325720 46.559966
v 24.880009 23.360008 46.720037
v 24.919991 23.399965 47.200046
v 24.959999 23.519999 46.320000
v 24.959999 23.439999 46.399998
v 24.959999 23.439999 46.559998
v 25.039999 23.519999 47.039997
v 24.846143 23.486165 47.359951
v 24.959999 23.519999 47.279999
v 24.960000 23.600000 47.520000
v 24.959999 23.680000 46.320000
v 24.959999 23.600000 47.360001
v 24.879999 23.680000 47.680000
v 24.879999 23.680000 47.840000
v 24.800001 23.840001 46.000000
v 24.930302 23.840105 46.130341
v 24.959999 23.760000 46.239998
v 24.959999 23.760000 47.679999
v 24.959999 23.760000 47.840000
v 24.879999 23.840000 47.999999
v 24.879999 23.840000 48.160000
v 24.919988 24.000159 46.119988
v 24.960000 23.920000 47.999998
v 24.879999 24.000000 48.160000
v 24.879999 24.000000 48.320000
v 24.959999 24.080000 48.160000
v 24.959999 24.080000 48.320000
v 24.960000 24.160000 48.399998
v 24.960001 24.320000 48.399998
v 24.959999 24.480000 48.559998
v 24.986597 24.800041 46.186631
v 24.959999 24.799999 48.559998
v 24.919999 24.959999 48.439999
v 25.039886 24.799844 48.479987
v 24.879999 25.119999 46.239999
v 24.879999 25.119999 48.320000
v 24.960001 25.119998 48.239998
v 24.879999 25.279999 46.239998
v 24.879999 25.279999 46.399999
v 24.879999 25.279999 48.160000
v 24.959999 25.280000 48.079998
v 24.879999 25.439999 46.399998
v 24.879999 25.439999 48.160000
v 24.959999 25.439999 48.079998
v 24.959999 25.599999 47.919998
v 24.879999 25.760000 46.719997
v 24.917021 25.722886 46.879902
v 24.959999 25.760000 47.919998
v 24.879999 25.760000 49.919998
v 24.959999 25.840000 47.039997
v 24.959999 25.840000 47.200001
v 24.959999 25.840000 47.680000
v 24.959999 25.840000 47.840000
v 24.879999 25.920000 49.600000
v 24.879999 25.760000 49.599998
v 24.879999 25.920000 50.079998
v 24.879999 26.080000 50.239998
v 24.879999 26.240195 49.439998
v 24.879999 26.080000 49.439999
v 24.879999 26.240000 50.399998
v 24.879999 26.559999 49.439999
v 24.879999 26.559999 50.399998
v 24.879999 26.719999 49.599998
v 25.039999 23.519999 46.399998
v 25.039999 23.519999 46.559998
v 25.119999 23.600000 47.200001
v 25.039999 23.680001 46.399998
v 25.119999 23.600000 47.360000
v 25.077109 23.840026 46.277112
v 25.119999 23.760000 46.399998
v 25.119999 23.760000 47.679999
v 25.119999 23.920000 47.999999
v 25.119998 24.080000 48.160000
v 25.119999 24.240000 48.320000
v 25.120000 24.320000 48.399998
v 25.079999 24.480000 46.279999
v 25.120000 24.479999 48.399998
v 25.039999 24.640001 46.239999
v 25.079999 24.639999 48.439999
v 25.039999 24.799999 46.239998
v 25.039999 24.799999 46.399999
v 25.119999 24.799999 48.399998
v 25.039999 24.959998 46.399998
v 25.039722 25.040440 48.240410
v 25.119999 24.879999 48.320000
v 25.039999 25.279998 46.559998
v 25.119999 25.199999 48.160000
v 25.039999 25.439999 46.559999
v 25.119999 25.359999 46.719997
v 25.039988 25.466676 46.746690
v 25.120000 25.279999 48.079998
v 25.039999 25.599999 46.719997
v 25.039999 25.599998 46.879997
v 25.039999 25.599998 47.039997
v 25.039999 25.599997 47.840000
v 25.039999 25.760000 47.039999
v 25.199999 25.600000 47.200002
v 25.039999 25.760000 47.200001
v 25.039999 25.760001 47.680000
v 25.039999 25.760000 47.840000
v 25.199999 23.680001 46.559997
v 25.199999 23.680000 46.719997
v 25.199999 23.680000 47.200001
v 25.199999 23.680000 47.360001
v 25.199999 23.840000 46.399998
v 25.200029 23.866650 46.533437
v 25.279999 23.840000 46.639999
v 25.119999 23.760000 47.520001
v 25.314779 23.794728 47.360058
v 25.239957 23.879901 47.680056
v 25.199999 24.000001 46.399998
v 25.119999 23.920000 47.840001
v 25.279999 24.000000 47.759998
v 25.240044 24.040055 48.000021
v 25.239999 24.160000 48.119999
v 25.279971 24.320063 48.239970
v 25.239999 24.480000 46.439999
v 25.240467 24.478962 48.279530
v 25.150769 24.640004 46.350753
v 25.199999 24.799999 46.559998
v 25.245302 24.754364 46.559798
v 25.199999 24.799999 46.719997
v 25.280000 24.799999 48.239998
v 25.199999 24.959999 46.559998
v 25.199999 25.119999 46.559998
v 25.279999 25.119999 48.239998
v 25.199999 25.279999 46.719997
v 25.359999 25.119999 46.879997
v 25.199999 25.279999 46.879997
v 25.199999 25.279999 47.200001
v 25.279999 25.199999 47.999999
v 25.279999 25.199999 48.160000
v 25.199999 25.439999 46.879997
v 25.199999 25.439999 47.039997
v 25.199999 25.439999 47.360001
v 25.199999 25.439999 47.840000
v 25.199999 25.599998 47.680000
v 25.359999 23.840000 46.719997
v 25.359999 23.840000 46.879997
v 25.399975 23.879989 47.360050
v 25.359999 24.000000 46.559998
v 25.359999 24.000000 46.719997
v 25.399999 23.880000 47.119999
v 25.519999 24.000000 47.360001
v 25.319943 23.959932 47.519936
v 25.439999 24.000000 47.439999
v 25.400079 24.040183 47.680053
v 25.519999 24.160000 47.520000
v 25.319973 24.119974 47.840099
v 25.439999 24.160000 47.759998
v 25.400064 24.200089 48.000022
v 25.519999 24.320000 47.840000
v 25.409061 24.320052 48.110861
v 25.359999 24.480000 46.559998
v 25.399999 24.480000 48.119999
v 25.359999 24.639999 46.559999
v 25.439999 24.639999 46.799999
v 25.359999 24.799999 46.879998
v 25.359999 24.799999 47.039997
v 25.359999 24.799998 48.159999
v 25.519999 24.799999 47.200001
v 25.359999 24.959999 47.200001
v 25.359999 24.959999 47.360001
v 25.468814 25.010868 47.519584
v 25.359999 25.119999 47.520000
v 25.359999 25.119999 47.680000
v 25.359999 25.119999 47.840000
v 25.359999 25.119999 48.000000
v 25.359999 25.119999 48.160000
v 25.359999 25.279999 47.359999
v 25.519999 24.000000 46.879999
v 25.519999 24.160000 47.680000
v 25.519999 24.320000 48.000000
v 25.519999 24.480000 46.879997
v 25.519999 24.480000 48.000000
v 25.519999 24.639999 46.879997
v 25.519999 24.639999 47.039997
v 25.519999 24.799999 47.360001
v 25.519999 24.799999 48.000000
v 25.519999 24.959999 47.520000
f 12 3 1
f 4 12 1
f 12 6 3
f 6 12 9
f 4 7 12
f 8 9 12
f 11 8 12
f 13 7 43
f 13 10 7
f 10 12 7
f 45 43 7
f 12 14 11
f 15 14 12
f 10 15 12
f 16 15 10
f 13 16 10
f 55 17 18
f 17 21 18
f 21 20 18
f 19 21 17
f 22 19 17
f 19 67 21
f 22 67 19
f 23 76 24
f 76 25 24
f 26 27 28
f 28 29 26
f 29 30 26
f 24 32 23
f 32 31 23
f 2 32 24
f 33 27 26
f 83 27 33
f 1 33 30
f 30 33 26
f 31 1 30
f 4 1 31
f 32 4 31
f 2 4 32
f 34 83 33
f 1 3 33
f 2 5 4
f 5 2 82
f 33 3 34
f 3 6 35
f 34 3 35
f 36 34 35
f 37 34 36
f 6 38 35
f 35 38 36
f 6 9 38
f 5 39 7
f 4 5 7
f 37 40 90
f 37 36 40
f 36 38 40
f 9 8 40
f 38 9 40
f 7 39 45
f 45 39 41
f 90 40 8
f 90 8 42
f 42 8 11
f 45 44 43
f 11 46 42
f 14 46 11
f 15 46 14
f 47 15 16
f 48 16 13
f 43 48 13
f 15 47 46
f 49 47 16
f 48 49 16
f 50 52 53
f 55 52 50
f 52 54 51
f 55 54 52
f 50 56 55
f 57 56 50
f 58 59 54
f 55 18 58
f 55 58 54
f 56 17 55
f 17 56 57
f 61 54 60
f 59 60 54
f 58 62 59
f 58 18 62
f 61 60 63
f 60 59 63
f 62 64 59
f 64 63 59
f 18 20 62
f 17 57 22
f 68 57 112
f 22 57 68
f 63 64 65
f 20 121 62
f 62 121 64
f 20 21 66
f 121 20 66
f 21 67 66
f 22 68 67
f 64 69 65
f 121 69 64
f 67 70 66
f 71 70 67
f 68 71 67
f 73 126 72
f 126 74 72
f 73 72 78
f 80 78 72
f 23 80 74
f 74 80 72
f 77 23 75
f 76 23 77
f 76 77 129
f 76 129 25
f 24 25 81
f 25 129 81
f 81 82 24
f 28 131 79
f 27 131 28
f 79 78 29
f 79 29 28
f 30 29 78
f 31 30 78
f 80 31 78
f 23 31 80
f 24 82 2
f 83 131 27
f 83 34 84
f 84 34 85
f 138 85 34
f 138 34 37
f 5 86 39
f 39 86 87
f 89 172 37
f 172 138 37
f 37 90 89
f 39 88 41
f 45 91 44
f 45 41 91
f 41 88 91
f 44 91 43
f 46 47 42
f 48 92 49
f 92 47 49
f 43 92 48
f 140 92 43
f 91 140 43
f 94 95 93
f 94 93 98
f 93 99 98
f 53 99 93
f 50 53 96
f 96 53 93
f 100 50 96
f 101 100 97
f 51 102 99
f 99 102 98
f 52 51 99
f 53 52 99
f 50 100 57
f 57 100 104
f 104 100 101
f 102 54 103
f 51 54 102
f 103 54 105
f 108 57 104
f 105 106 107
f 105 61 106
f 105 54 61
f 57 108 112
f 110 107 106
f 153 107 110
f 61 110 106
f 112 108 109
f 61 111 110
f 61 65 111
f 61 63 65
f 112 113 68
f 110 114 153
f 111 114 110
f 115 114 111
f 115 111 116
f 111 65 116
f 117 68 113
f 65 118 116
f 158 118 65
f 69 119 158
f 69 158 65
f 69 121 120
f 119 69 120
f 121 66 70
f 122 70 71
f 117 71 68
f 122 71 117
f 123 120 121
f 70 123 121
f 122 123 70
f 125 126 73
f 74 126 124
f 23 74 124
f 75 23 124
f 124 162 75
f 75 162 77
f 77 162 163
f 77 163 127
f 125 79 128
f 125 78 79
f 73 78 125
f 77 127 129
f 129 82 81
f 130 82 129
f 79 131 128
f 130 5 82
f 131 132 128
f 131 83 132
f 83 84 132
f 135 5 133
f 132 84 134
f 136 134 84
f 136 84 85
f 5 137 86
f 135 137 5
f 85 138 136
f 86 137 87
f 90 139 89
f 90 174 139
f 42 174 90
f 175 91 88
f 42 47 174
f 175 140 91
f 144 141 94
f 141 95 94
f 96 93 95
f 142 100 96
f 97 100 142
f 143 97 142
f 97 145 146
f 97 143 145
f 144 98 147
f 94 98 144
f 98 102 148
f 147 98 148
f 101 97 104
f 148 103 149
f 102 103 148
f 104 97 150
f 103 105 151
f 149 103 151
f 104 150 108
f 107 193 151
f 105 107 151
f 150 152 108
f 107 153 193
f 152 154 108
f 108 154 109
f 112 155 113
f 112 109 155
f 109 154 155
f 114 156 153
f 115 156 114
f 115 116 156
f 113 159 117
f 113 155 159
f 116 157 156
f 116 118 157
f 118 158 157
f 159 122 117
f 120 243 119
f 123 243 120
f 124 161 162
f 162 195 163
f 161 195 162
f 125 196 164
f 160 126 164
f 164 126 125
f 124 126 160
f 163 195 197
f 163 197 127
f 196 125 128
f 165 196 128
f 127 197 130
f 129 127 130
f 128 166 167
f 167 165 128
f 168 5 130
f 132 169 170
f 166 128 132
f 170 166 132
f 5 168 133
f 133 130 135
f 132 134 169
f 136 199 134
f 136 171 199
f 138 171 136
f 337 171 138
f 138 172 337
f 139 201 89
f 88 203 173
f 203 88 39
f 139 174 201
f 201 174 202
f 173 175 88
f 47 176 174
f 47 177 207
f 140 47 92
f 47 140 175
f 178 179 96
f 179 181 180
f 178 141 183
f 178 95 141
f 96 95 178
f 180 96 179
f 142 96 180
f 180 181 184
f 180 184 142
f 142 184 143
f 143 184 185
f 182 186 187
f 182 144 186
f 141 144 182
f 183 141 182
f 143 185 145
f 145 188 146
f 145 185 188
f 186 189 187
f 186 147 189
f 144 147 186
f 146 188 97
f 188 233 97
f 233 299 97
f 191 189 190
f 147 148 190
f 189 147 190
f 149 191 190
f 149 192 191
f 148 149 190
f 149 151 192
f 151 193 192
f 156 157 153
f 159 242 122
f 123 194 243
f 194 123 122
f 160 244 124
f 161 124 195
f 244 160 164
f 196 244 164
f 197 246 198
f 130 197 198
f 167 166 170
f 168 130 133
f 169 134 251
f 134 199 251
f 200 137 135
f 137 200 87
f 87 256 39
f 256 203 39
f 202 174 204
f 205 47 175
f 205 175 206
f 203 175 173
f 206 175 203
f 174 176 204
f 47 207 176
f 177 47 205
f 210 208 209
f 214 213 208
f 211 215 210
f 215 208 210
f 215 211 212
f 213 214 216
f 215 214 208
f 214 217 216
f 218 217 214
f 215 218 214
f 286 218 215
f 282 286 215
f 222 219 220
f 294 220 221
f 222 220 294
f 224 222 294
f 223 225 219
f 226 222 224
f 226 223 222
f 223 219 222
f 228 227 225
f 223 228 225
f 226 228 223
f 229 471 178
f 181 179 178
f 182 231 229
f 229 183 182
f 178 183 229
f 181 230 184
f 184 188 185
f 231 182 187
f 232 231 187
f 188 184 233
f 232 187 189
f 234 232 189
f 189 191 234
f 234 191 235
f 236 235 192
f 192 235 191
f 97 299 150
f 236 192 237
f 192 193 237
f 150 238 152
f 239 237 193
f 239 193 153
f 238 154 152
f 239 153 385
f 154 240 155
f 241 385 153
f 240 159 155
f 157 241 153
f 240 242 159
f 196 316 245
f 245 244 196
f 197 195 246
f 316 196 165
f 198 246 247
f 167 323 248
f 316 165 167
f 248 316 167
f 170 169 249
f 170 249 250
f 170 250 167
f 167 250 323
f 169 251 249
f 251 250 249
f 253 250 251
f 130 252 135
f 251 199 253
f 171 254 253
f 199 171 253
f 252 200 135
f 255 200 252
f 254 171 337
f 200 255 87
f 255 256 87
f 337 172 257
f 172 89 257
f 201 258 89
f 258 201 202
f 259 258 202
f 256 338 260
f 256 260 203
f 202 204 259
f 205 261 262
f 177 205 262
f 261 206 260
f 261 205 206
f 203 260 206
f 263 204 176
f 263 264 204
f 264 259 204
f 176 207 273
f 263 176 273
f 265 273 207
f 265 207 266
f 177 267 207
f 207 267 266
f 267 177 262
f 264 263 271
f 263 272 271
f 268 277 274
f 208 277 269
f 269 277 268
f 209 208 269
f 270 209 269
f 209 270 275
f 271 275 270
f 272 275 271
f 263 273 272
f 277 276 274
f 209 275 210
f 211 210 275
f 272 211 275
f 212 211 272
f 212 272 273
f 277 279 276
f 279 278 276
f 208 213 279
f 277 208 279
f 273 280 212
f 280 273 265
f 278 279 281
f 213 216 279
f 279 216 281
f 215 212 282
f 280 282 212
f 283 281 216
f 216 217 283
f 217 361 283
f 284 361 218
f 218 361 217
f 284 218 285
f 285 218 286
f 286 282 280
f 362 280 356
f 280 287 286
f 288 287 280
f 362 288 280
f 289 219 293
f 290 219 289
f 220 219 290
f 291 220 290
f 221 220 291
f 221 291 292
f 295 292 373
f 221 292 295
f 294 221 295
f 295 296 294
f 219 225 293
f 294 296 224
f 293 225 374
f 225 297 374
f 225 227 297
f 229 376 471
f 181 178 230
f 231 298 229
f 298 376 229
f 184 230 476
f 298 231 232
f 378 298 232
f 184 476 299
f 233 184 299
f 378 232 234
f 234 235 379
f 236 380 300
f 379 235 236
f 300 379 236
f 236 237 380
f 299 381 150
f 380 237 301
f 150 381 238
f 237 239 301
f 302 154 238
f 240 302 388
f 240 154 302
f 303 385 241
f 304 305 390
f 304 306 305
f 305 306 307
f 240 388 307
f 241 308 303
f 157 391 241
f 241 391 308
f 157 158 391
f 309 304 390
f 310 309 390
f 122 306 309
f 306 304 309
f 242 306 122
f 307 306 242
f 240 307 242
f 310 194 309
f 310 243 194
f 122 309 194
f 195 124 311
f 124 395 311
f 311 246 195
f 312 246 311
f 245 313 314
f 316 313 245
f 244 245 315
f 315 245 314
f 312 247 246
f 316 317 313
f 318 198 247
f 319 198 318
f 321 322 320
f 248 323 324
f 316 248 325
f 325 248 324
f 317 316 325
f 328 130 198
f 328 198 319
f 322 326 320
f 322 327 326
f 322 329 327
f 333 329 322
f 323 250 330
f 130 328 252
f 327 424 326
f 327 332 331
f 329 332 327
f 250 253 330
f 328 334 252
f 335 331 332
f 329 335 332
f 333 335 329
f 253 336 330
f 336 253 254
f 255 334 339
f 252 334 255
f 254 337 336
f 338 256 339
f 256 255 339
f 340 257 89
f 340 341 257
f 89 258 345
f 340 89 345
f 258 259 345
f 260 441 342
f 261 260 342
f 441 260 338
f 341 340 344
f 340 269 344
f 261 342 346
f 262 261 346
f 343 446 347
f 343 348 446
f 344 348 343
f 269 348 344
f 345 349 340
f 349 269 340
f 259 264 349
f 345 259 349
f 266 267 353
f 265 266 353
f 267 351 353
f 267 262 351
f 262 346 351
f 446 352 350
f 268 352 348
f 348 352 446
f 269 268 348
f 271 270 269
f 349 271 269
f 264 271 349
f 268 274 352
f 455 353 351
f 352 274 276
f 353 354 265
f 354 353 455
f 355 352 276
f 276 278 355
f 265 356 280
f 354 360 265
f 360 356 265
f 360 354 357
f 278 359 358
f 278 358 355
f 278 281 359
f 363 360 357
f 363 362 360
f 362 356 360
f 364 281 283
f 361 364 283
f 284 364 361
f 284 365 364
f 366 365 285
f 285 365 284
f 285 286 366
f 367 287 288
f 362 588 288
f 588 367 288
f 363 588 362
f 368 366 286
f 287 368 286
f 367 368 287
f 289 463 372
f 372 369 290
f 372 290 289
f 291 290 369
f 370 291 369
f 292 291 370
f 370 373 292
f 370 371 373
f 463 289 293
f 373 466 295
f 466 296 295
f 293 374 593
f 227 375 297
f 228 375 227
f 375 228 226
f 471 376 617
f 376 470 617
f 230 178 473
f 298 377 376
f 377 298 378
f 234 478 378
f 234 379 478
f 381 382 238
f 383 301 239
f 382 302 238
f 384 302 382
f 488 383 385
f 383 239 385
f 488 385 389
f 384 388 302
f 303 389 385
f 305 502 390
f 305 387 502
f 387 307 386
f 387 305 307
f 388 386 307
f 303 391 389
f 303 308 391
f 390 392 310
f 119 393 158
f 119 394 393
f 243 394 119
f 392 243 310
f 394 243 392
f 519 244 315
f 519 124 244
f 395 312 311
f 396 312 395
f 314 313 400
f 314 401 315
f 400 401 314
f 247 312 407
f 407 312 396
f 397 321 403
f 404 321 397
f 398 404 397
f 399 416 398
f 416 399 531
f 400 317 406
f 313 317 400
f 401 400 406
f 318 407 319
f 318 247 407
f 403 415 408
f 321 320 415
f 321 415 403
f 404 322 321
f 322 404 409
f 398 409 404
f 405 409 398
f 398 410 405
f 416 410 398
f 411 416 531
f 324 323 421
f 324 417 325
f 421 417 324
f 325 406 317
f 325 417 406
f 401 406 412
f 319 407 541
f 541 413 319
f 413 328 319
f 414 402 408
f 415 414 408
f 320 326 415
f 537 405 416
f 405 410 416
f 406 417 428
f 412 406 428
f 414 415 418
f 415 326 418
f 322 409 333
f 405 427 409
f 427 426 409
f 419 427 405
f 421 330 420
f 323 330 421
f 428 417 421
f 428 422 412
f 413 423 328
f 424 418 326
f 424 327 432
f 327 331 432
f 409 425 333
f 426 425 409
f 433 426 427
f 428 421 420
f 429 422 428
f 334 423 430
f 334 328 423
f 432 431 424
f 335 432 331
f 425 335 333
f 425 432 335
f 426 432 425
f 433 432 426
f 330 336 420
f 434 420 336
f 434 336 436
f 557 420 434
f 428 420 557
f 429 428 557
f 435 334 430
f 334 435 339
f 336 337 436
f 339 435 338
f 338 435 437
f 337 257 436
f 436 257 438
f 338 437 441
f 566 438 341
f 341 438 257
f 342 441 442
f 440 443 444
f 439 443 440
f 439 343 443
f 344 343 439
f 440 344 439
f 566 344 440
f 341 344 566
f 342 445 346
f 342 442 445
f 444 446 447
f 443 446 444
f 443 347 446
f 343 347 443
f 346 449 351
f 449 346 445
f 446 448 447
f 446 350 448
f 451 450 449
f 351 449 455
f 450 455 449
f 350 352 452
f 450 453 455
f 456 450 451
f 453 450 456
f 352 355 454
f 452 352 454
f 354 455 357
f 456 455 453
f 358 454 355
f 358 359 454
f 455 458 357
f 357 458 363
f 456 458 455
f 359 457 454
f 359 586 457
f 586 359 281
f 587 586 281
f 364 459 281
f 365 459 364
f 458 588 363
f 365 460 459
f 365 366 460
f 366 589 460
f 372 461 369
f 369 461 462
f 370 369 462
f 462 371 370
f 463 461 372
f 371 464 373
f 465 463 293
f 465 293 593
f 296 467 224
f 467 226 224
f 297 468 374
f 376 469 470
f 475 230 473
f 377 474 376
f 474 469 376
f 475 476 230
f 378 477 377
f 299 476 623
f 378 478 479
f 378 479 477
f 478 379 481
f 479 478 481
f 300 380 482
f 300 482 483
f 300 483 379
f 379 483 481
f 482 301 484
f 380 301 482
f 627 483 482
f 484 627 482
f 484 301 485
f 627 484 486
f 486 484 485
f 487 382 381
f 383 485 301
f 383 488 485
f 488 486 485
f 488 489 486
f 490 497 491
f 491 497 492
f 492 497 637
f 384 487 493
f 382 487 384
f 488 389 489
f 489 389 494
f 496 495 490
f 497 490 495
f 646 637 497
f 386 640 498
f 387 386 498
f 386 388 640
f 493 388 384
f 389 499 494
f 500 495 496
f 501 497 495
f 501 646 497
f 390 502 507
f 387 503 502
f 503 387 498
f 389 504 499
f 391 504 389
f 505 504 158
f 158 504 391
f 500 506 495
f 505 158 393
f 501 495 506
f 652 501 506
f 646 501 652
f 390 507 392
f 393 508 505
f 393 394 508
f 508 394 509
f 394 510 509
f 394 392 510
f 392 507 510
f 508 517 505
f 517 511 505
f 512 509 510
f 655 513 512
f 509 517 508
f 512 517 509
f 518 517 512
f 513 518 512
f 519 520 124
f 520 521 124
f 124 522 395
f 521 522 124
f 395 522 396
f 515 523 665
f 515 524 523
f 397 524 516
f 516 524 515
f 517 397 516
f 398 397 517
f 518 398 517
f 399 398 518
f 399 518 525
f 525 518 513
f 525 513 514
f 315 401 526
f 315 526 519
f 526 527 519
f 527 520 519
f 521 530 522
f 396 530 407
f 522 530 396
f 523 402 528
f 523 408 402
f 403 408 523
f 524 403 523
f 397 403 524
f 399 525 531
f 529 525 514
f 531 525 529
f 407 530 535
f 531 532 411
f 401 412 526
f 527 526 533
f 533 669 527
f 535 530 534
f 407 535 541
f 402 414 536
f 416 411 537
f 411 532 537
f 526 412 538
f 539 533 526
f 534 540 559
f 541 535 534
f 414 543 542
f 414 542 536
f 414 418 543
f 405 549 419
f 405 544 549
f 537 544 405
f 412 422 538
f 526 538 552
f 545 539 553
f 553 539 526
f 559 540 545
f 534 559 430
f 541 534 546
f 546 534 430
f 413 546 423
f 541 546 413
f 424 548 547
f 424 547 543
f 424 543 418
f 427 419 433
f 538 550 551
f 538 422 550
f 422 429 550
f 551 552 538
f 553 526 552
f 559 545 553
f 423 546 430
f 424 431 548
f 431 554 548
f 555 554 432
f 432 554 431
f 683 432 433
f 419 683 433
f 562 434 436
f 562 556 434
f 550 429 557
f 552 551 558
f 553 552 558
f 686 553 558
f 686 559 553
f 430 559 564
f 430 564 435
f 556 562 561
f 559 686 563
f 563 564 559
f 435 564 437
f 560 565 695
f 560 571 565
f 561 571 560
f 562 566 561
f 566 571 561
f 436 438 566
f 562 436 566
f 564 563 567
f 567 437 564
f 567 441 437
f 565 571 570
f 566 440 571
f 441 572 442
f 441 576 572
f 441 567 576
f 569 573 574
f 569 568 573
f 568 579 573
f 570 444 568
f 444 579 568
f 571 444 570
f 440 444 571
f 572 575 445
f 442 572 445
f 576 577 572
f 577 575 572
f 576 578 577
f 579 574 573
f 447 579 444
f 445 575 449
f 582 574 579
f 447 448 579
f 449 575 451
f 451 575 580
f 580 575 577
f 700 577 578
f 580 577 700
f 448 350 582
f 579 448 582
f 580 581 451
f 700 581 580
f 350 452 582
f 451 581 456
f 581 583 456
f 582 452 584
f 584 452 454
f 458 456 583
f 584 454 457
f 457 585 584
f 586 587 585
f 586 585 457
f 281 708 587
f 587 708 707
f 460 708 459
f 459 708 281
f 367 709 368
f 367 588 709
f 704 588 458
f 460 589 712
f 366 714 589
f 368 715 366
f 366 715 714
f 462 461 591
f 591 371 462
f 464 371 591
f 463 718 719
f 590 461 463
f 719 590 463
f 718 463 465
f 722 718 465
f 464 592 373
f 465 593 722
f 373 592 466
f 467 296 226
f 593 374 594
f 374 468 594
f 297 596 468
f 375 597 297
f 297 597 596
f 595 375 226
f 597 375 595
f 598 599 745
f 600 599 598
f 601 600 598
f 745 599 603
f 600 604 599
f 601 605 600
f 605 601 602
f 600 606 604
f 605 606 600
f 607 606 605
f 611 608 603
f 599 609 603
f 609 611 603
f 604 614 599
f 614 609 599
f 606 610 604
f 610 614 604
f 606 607 749
f 608 611 612
f 612 611 613
f 609 613 611
f 614 613 609
f 610 606 751
f 614 615 613
f 754 615 614
f 610 754 614
f 751 754 610
f 470 469 616
f 616 617 470
f 471 617 755
f 178 471 757
f 471 755 757
f 475 473 472
f 473 178 472
f 469 474 618
f 469 618 616
f 475 472 756
f 475 756 619
f 619 476 475
f 620 476 619
f 377 477 621
f 474 377 621
f 474 621 618
f 476 620 623
f 477 479 622
f 622 621 477
f 480 299 623
f 481 622 479
f 481 624 622
f 480 623 625
f 481 483 624
f 622 624 628
f 480 626 299
f 483 627 624
f 628 624 627
f 299 626 381
f 486 629 627
f 628 627 635
f 635 627 629
f 630 628 635
f 630 631 632
f 632 631 633
f 626 487 381
f 634 487 626
f 486 489 629
f 490 631 635
f 631 630 635
f 491 631 490
f 633 631 491
f 633 491 636
f 491 492 636
f 636 492 637
f 487 634 493
f 629 494 638
f 489 494 629
f 635 629 638
f 639 635 638
f 490 639 496
f 635 639 490
f 637 646 782
f 498 640 641
f 388 642 640
f 642 388 493
f 494 499 638
f 643 638 499
f 643 499 779
f 639 638 643
f 644 639 643
f 644 496 639
f 644 645 496
f 645 500 496
f 502 647 507
f 502 503 648
f 647 502 648
f 503 649 648
f 503 498 649
f 498 641 649
f 650 499 504
f 650 779 499
f 504 505 650
f 500 645 651
f 506 500 651
f 506 651 652
f 648 653 647
f 653 648 649
f 650 505 654
f 647 655 510
f 507 647 510
f 653 655 647
f 656 655 653
f 656 657 513
f 657 664 513
f 658 659 515
f 654 660 659
f 505 511 660
f 654 505 660
f 510 655 512
f 656 513 655
f 513 664 514
f 662 663 661
f 515 663 658
f 659 516 515
f 517 516 659
f 660 517 659
f 511 517 660
f 663 665 661
f 515 665 663
f 664 666 514
f 520 527 670
f 670 667 520
f 520 667 521
f 521 667 530
f 665 528 668
f 523 528 665
f 514 666 529
f 527 669 670
f 528 402 671
f 668 528 671
f 531 672 532
f 531 529 672
f 670 669 673
f 667 670 673
f 530 673 534
f 667 673 530
f 671 402 536
f 533 539 669
f 545 669 539
f 673 669 545
f 540 673 545
f 534 673 540
f 542 674 536
f 542 543 674
f 532 544 537
f 675 544 532
f 547 676 674
f 547 674 543
f 547 548 676
f 549 677 419
f 549 544 677
f 544 675 677
f 551 678 679
f 550 678 551
f 548 680 676
f 548 681 680
f 554 681 548
f 682 432 683
f 677 684 419
f 684 683 419
f 557 434 678
f 434 556 678
f 678 550 557
f 551 679 558
f 554 688 681
f 554 555 688
f 555 689 688
f 555 690 689
f 432 682 555
f 691 693 694
f 692 693 691
f 685 694 693
f 685 560 694
f 561 560 685
f 556 561 685
f 686 687 696
f 563 686 696
f 692 569 821
f 692 691 569
f 691 695 569
f 694 695 691
f 560 695 694
f 567 563 696
f 569 697 821
f 570 568 569
f 695 570 569
f 565 570 695
f 567 696 576
f 696 698 576
f 574 823 697
f 569 574 697
f 576 698 699
f 699 578 576
f 699 700 578
f 582 701 825
f 701 582 584
f 702 701 584
f 703 702 584
f 585 703 584
f 585 705 703
f 587 705 585
f 587 706 705
f 707 706 587
f 368 709 715
f 588 943 709
f 707 710 706
f 708 710 707
f 711 710 708
f 708 460 711
f 460 831 711
f 712 831 460
f 712 589 713
f 713 589 714
f 461 717 591
f 716 717 461
f 591 717 464
f 832 713 714
f 715 832 714
f 590 719 720
f 590 720 461
f 716 461 720
f 716 721 717
f 717 721 464
f 718 722 723
f 719 718 723
f 464 724 592
f 721 724 464
f 592 725 466
f 724 725 592
f 722 593 726
f 466 725 296
f 593 594 726
f 296 725 727
f 296 727 226
f 226 727 728
f 729 726 594
f 226 728 595
f 594 468 729
f 729 468 596
f 729 596 844
f 729 844 726
f 844 596 732
f 732 596 730
f 596 597 730
f 597 731 730
f 597 595 731
f 733 844 732
f 730 734 732
f 736 730 731
f 734 730 736
f 734 735 732
f 735 733 732
f 736 737 734
f 737 735 734
f 733 598 739
f 735 598 733
f 598 735 602
f 602 735 737
f 740 602 737
f 741 742 743
f 738 743 742
f 738 745 743
f 739 745 738
f 598 745 739
f 598 602 601
f 744 602 740
f 743 745 741
f 602 746 605
f 744 746 602
f 745 748 741
f 605 746 607
f 607 746 749
f 749 746 744
f 749 744 747
f 603 608 748
f 745 603 748
f 608 612 748
f 749 751 606
f 751 749 747
f 612 750 748
f 615 753 875
f 754 753 615
f 754 877 753
f 752 754 751
f 617 616 760
f 879 617 760
f 879 755 617
f 756 472 757
f 472 178 757
f 616 758 759
f 618 758 616
f 760 616 759
f 756 757 761
f 756 762 619
f 761 762 756
f 619 762 620
f 618 621 763
f 618 763 758
f 882 764 761
f 761 764 762
f 620 764 623
f 762 764 620
f 621 883 763
f 764 765 623
f 621 622 883
f 623 765 625
f 883 628 884
f 622 628 883
f 625 765 767
f 480 625 626
f 628 766 884
f 625 767 768
f 625 768 626
f 628 630 766
f 632 766 630
f 632 769 886
f 632 633 769
f 770 769 633
f 772 771 767
f 634 768 771
f 768 767 771
f 626 768 634
f 633 893 770
f 636 893 633
f 893 636 637
f 773 771 772
f 774 773 772
f 634 773 493
f 771 773 634
f 637 782 893
f 640 775 641
f 642 776 640
f 776 773 640
f 774 640 773
f 640 774 775
f 777 775 774
f 775 777 776
f 776 778 775
f 642 778 776
f 776 777 773
f 784 773 777
f 784 493 773
f 784 778 642
f 493 784 642
f 779 780 643
f 644 643 781
f 781 645 644
f 775 783 649
f 641 775 649
f 784 785 778
f 785 775 778
f 784 786 785
f 779 650 787
f 645 781 651
f 652 651 788
f 782 646 652
f 788 782 652
f 649 783 653
f 775 657 783
f 785 657 775
f 789 785 786
f 787 791 658
f 650 654 791
f 787 650 791
f 653 783 656
f 657 656 783
f 664 657 792
f 792 657 785
f 792 785 789
f 790 794 662
f 658 794 790
f 791 659 658
f 654 659 791
f 792 909 664
f 793 797 795
f 662 661 797
f 662 797 793
f 794 663 662
f 658 663 794
f 664 909 798
f 799 796 795
f 797 800 795
f 661 665 800
f 797 661 800
f 664 802 666
f 802 664 798
f 801 799 795
f 668 801 800
f 800 801 795
f 665 668 800
f 668 671 799
f 801 668 799
f 529 666 672
f 671 536 913
f 799 671 913
f 532 914 915
f 914 532 672
f 536 803 913
f 536 674 803
f 675 532 804
f 532 915 804
f 676 805 674
f 675 804 919
f 675 919 677
f 806 807 556
f 808 679 678
f 808 809 679
f 676 680 805
f 681 926 680
f 682 683 810
f 683 684 810
f 919 684 677
f 693 920 685
f 920 811 685
f 811 556 685
f 808 678 556
f 679 809 924
f 558 679 924
f 686 558 812
f 558 924 812
f 812 687 686
f 681 813 926
f 688 813 681
f 689 813 688
f 814 689 690
f 932 690 555
f 682 815 555
f 555 815 932
f 815 682 810
f 816 817 692
f 817 818 692
f 818 693 692
f 696 687 933
f 819 696 933
f 689 814 813
f 690 820 814
f 692 821 816
f 696 819 937
f 697 823 822
f 822 821 697
f 937 698 696
f 937 699 698
f 823 574 938
f 699 824 700
f 574 582 938
f 939 825 701
f 701 702 939
f 940 458 583
f 939 702 826
f 826 702 703
f 827 588 704
f 703 828 826
f 705 828 703
f 706 828 705
f 829 709 943
f 827 943 588
f 706 830 828
f 706 710 830
f 710 711 830
f 715 833 832
f 715 709 833
f 831 834 711
f 835 834 831
f 712 835 831
f 712 713 835
f 713 948 835
f 716 720 721
f 723 720 719
f 721 720 724
f 720 723 837
f 837 723 722
f 836 720 837
f 724 836 725
f 720 836 724
f 722 726 838
f 727 836 837
f 725 836 727
f 837 722 839
f 839 722 838
f 727 839 728
f 837 839 727
f 838 840 841
f 838 726 840
f 839 838 841
f 842 839 841
f 842 728 839
f 842 843 728
f 843 595 728
f 844 845 840
f 844 840 726
f 595 843 731
f 843 736 731
f 844 733 846
f 846 850 849
f 846 733 850
f 737 736 851
f 967 852 847
f 853 854 855
f 848 855 854
f 848 742 855
f 738 742 849
f 849 742 848
f 739 738 849
f 850 739 849
f 733 739 850
f 737 851 740
f 740 851 856
f 856 851 847
f 852 857 847
f 857 856 847
f 741 858 855
f 855 858 853
f 742 741 855
f 740 856 744
f 858 860 861
f 858 862 860
f 858 741 862
f 744 856 747
f 857 747 856
f 1154 857 859
f 864 861 860
f 862 864 860
f 741 748 862
f 857 863 747
f 863 857 1154
f 1061 861 864
f 862 865 864
f 862 748 865
f 864 867 1061
f 865 867 864
f 868 867 865
f 748 868 865
f 748 750 868
f 863 872 747
f 869 863 866
f 872 863 869
f 750 870 868
f 750 612 874
f 870 750 874
f 612 613 874
f 751 747 752
f 871 752 872
f 752 747 872
f 874 873 870
f 613 615 874
f 615 982 874
f 615 875 982
f 876 875 753
f 876 753 877
f 984 877 754
f 752 871 754
f 871 984 754
f 879 878 755
f 755 878 757
f 759 758 880
f 759 881 760
f 880 881 759
f 760 881 879
f 757 878 761
f 761 878 882
f 758 763 880
f 878 879 882
f 882 879 881
f 763 883 880
f 887 880 883
f 881 880 887
f 764 882 765
f 885 883 884
f 887 883 885
f 765 882 767
f 632 884 766
f 885 884 632
f 886 885 632
f 886 887 885
f 882 881 888
f 888 881 887
f 882 888 767
f 889 887 886
f 889 886 770
f 889 770 890
f 769 770 886
f 891 887 889
f 891 892 888
f 891 888 887
f 767 888 772
f 893 894 770
f 894 890 770
f 888 892 895
f 895 772 888
f 895 774 772
f 896 894 893
f 996 894 896
f 893 782 896
f 774 895 897
f 777 774 897
f 897 784 777
f 898 780 779
f 781 643 780
f 996 896 899
f 896 900 899
f 896 782 900
f 784 897 901
f 901 786 784
f 780 898 903
f 898 904 903
f 779 787 904
f 898 779 904
f 781 780 651
f 788 651 780
f 899 788 780
f 900 788 899
f 782 788 900
f 907 789 901
f 901 789 786
f 902 906 905
f 790 906 903
f 903 906 902
f 658 790 903
f 904 658 903
f 787 658 904
f 789 907 792
f 905 795 908
f 905 793 795
f 662 793 905
f 906 662 905
f 790 662 906
f 792 907 909
f 909 907 910
f 796 1006 908
f 795 796 908
f 909 911 798
f 910 911 909
f 796 799 1006
f 911 912 798
f 802 912 666
f 802 798 912
f 912 914 666
f 666 914 672
f 799 913 1006
f 805 918 674
f 921 922 920
f 922 806 556
f 922 807 806
f 556 807 916
f 808 556 916
f 809 808 916
f 917 809 916
f 809 917 1015
f 1015 923 924
f 923 812 924
f 680 918 805
f 926 930 918
f 926 918 680
f 927 810 684
f 927 684 919
f 920 928 921
f 920 693 928
f 922 811 920
f 556 811 922
f 809 1015 924
f 812 929 687
f 812 925 929
f 926 813 930
f 813 931 930
f 810 1022 815
f 1022 932 815
f 927 1022 810
f 817 1113 818
f 816 1113 817
f 693 818 928
f 933 934 819
f 813 935 931
f 814 935 813
f 814 1030 935
f 820 1030 814
f 932 820 690
f 932 1031 820
f 816 821 1113
f 1113 821 936
f 937 819 934
f 936 821 822
f 1028 699 937
f 1028 824 699
f 825 939 1035
f 940 704 458
f 941 827 704
f 828 942 826
f 943 827 944
f 827 941 944
f 828 945 942
f 830 945 828
f 946 945 711
f 711 945 830
f 709 947 833
f 829 947 709
f 829 943 947
f 944 947 943
f 711 834 946
f 834 948 946
f 835 948 834
f 832 833 713
f 841 949 950
f 840 949 841
f 842 841 951
f 841 950 951
f 951 843 842
f 952 843 951
f 954 845 844
f 954 1050 845
f 1050 949 845
f 949 840 845
f 955 736 952
f 952 736 843
f 953 958 959
f 954 960 953
f 961 960 954
f 844 846 961
f 954 844 961
f 736 955 851
f 847 851 955
f 956 847 955
f 847 956 967
f 967 956 957
f 962 963 957
f 958 964 965
f 958 966 964
f 953 854 958
f 854 966 958
f 848 854 960
f 960 854 953
f 849 848 960
f 961 849 960
f 846 849 961
f 968 957 963
f 968 969 957
f 969 967 957
f 970 965 964
f 1058 965 970
f 853 970 966
f 966 970 964
f 854 853 966
f 857 852 967
f 857 967 971
f 971 967 969
f 972 971 969
f 973 1058 970
f 853 858 973
f 970 853 973
f 857 971 859
f 859 971 972
f 861 974 973
f 858 861 973
f 1154 975 863
f 863 975 866
f 867 976 1061
f 978 976 868
f 868 976 867
f 977 866 975
f 869 866 977
f 870 979 978
f 870 978 868
f 872 980 871
f 869 980 872
f 977 980 869
f 979 981 978
f 870 981 979
f 870 873 981
f 874 982 873
f 983 982 875
f 875 876 983
f 985 984 871
f 1067 985 871
f 980 1067 871
f 983 986 982
f 876 986 983
f 876 1163 986
f 984 876 877
f 984 987 876
f 985 987 984
f 988 889 890
f 988 989 889
f 991 988 990
f 890 894 990
f 988 890 990
f 895 892 992
f 991 990 995
f 990 996 995
f 990 894 996
f 895 992 997
f 897 895 997
f 897 997 998
f 993 1000 999
f 780 1000 994
f 994 1000 993
f 899 780 995
f 996 899 995
f 897 998 901
f 901 998 1001
f 999 1002 1076
f 999 902 1002
f 903 902 999
f 1000 903 999
f 780 903 1000
f 901 1001 907
f 1001 1003 907
f 1002 1004 1005
f 1002 905 1004
f 902 905 1002
f 908 1006 1004
f 905 908 1004
f 907 1003 910
f 1003 911 910
f 1007 911 1003
f 911 1007 912
f 1007 1008 912
f 914 1086 1087
f 1008 914 912
f 1086 914 1008
f 914 1011 915
f 914 1009 1011
f 914 1087 1009
f 674 1010 803
f 1010 674 918
f 915 1011 804
f 1012 1013 916
f 917 916 1014
f 917 1014 1015
f 918 1100 1010
f 919 1018 1021
f 1011 919 804
f 1018 919 1011
f 922 921 1012
f 921 1019 1012
f 1012 807 922
f 916 807 1012
f 1016 812 923
f 925 812 1016
f 1017 925 1016
f 925 1020 1024
f 925 1017 1020
f 918 1025 1100
f 1025 918 930
f 927 1021 1022
f 1021 927 919
f 928 1109 1023
f 1019 921 928
f 1023 1019 928
f 925 1024 929
f 929 1024 687
f 931 1025 930
f 1026 1031 932
f 1026 932 1022
f 1109 928 818
f 1113 1109 818
f 687 1024 933
f 933 1027 934
f 933 1024 1027
f 931 1029 1025
f 931 935 1029
f 935 1030 1029
f 1031 1030 820
f 1113 936 1032
f 934 1027 937
f 1027 1028 937
f 822 823 1032
f 822 1032 936
f 1028 1110 824
f 823 1033 1032
f 938 1033 823
f 938 582 1120
f 582 825 1120
f 825 1035 1120
f 581 1034 583
f 940 1123 1036
f 1034 940 583
f 1123 940 1034
f 939 1037 1035
f 826 1037 939
f 1036 704 940
f 1038 704 1036
f 826 942 1037
f 1038 941 704
f 1039 941 1038
f 1040 1127 942
f 941 1039 944
f 945 1041 1040
f 945 1040 942
f 945 946 1041
f 1042 947 944
f 946 1043 1041
f 948 1043 946
f 1044 948 1045
f 1045 948 713
f 1133 713 833
f 1042 833 947
f 713 1137 1045
f 1046 1137 713
f 1132 1046 713
f 1133 1132 713
f 1145 950 949
f 950 1145 1051
f 951 950 1051
f 952 951 1051
f 1047 1054 1048
f 1047 953 1054
f 954 953 1047
f 1049 954 1047
f 1050 954 1049
f 1145 949 1050
f 952 1051 955
f 956 955 1051
f 1146 956 1051
f 957 956 1146
f 1052 957 1146
f 957 1052 1056
f 1056 1052 1053
f 1054 958 1055
f 1054 959 958
f 953 959 1054
f 957 1056 962
f 962 1056 963
f 1056 1057 963
f 965 1152 1055
f 958 965 1055
f 968 1057 969
f 968 963 1057
f 1058 1153 1152
f 1058 1152 965
f 969 1057 972
f 972 1057 1154
f 1059 1153 1058
f 1058 973 1059
f 972 1154 859
f 973 974 1059
f 1059 974 1155
f 1155 974 861
f 1154 1060 975
f 861 1061 1155
f 1060 1062 975
f 975 1062 977
f 1062 1064 977
f 976 1065 1063
f 978 1065 976
f 1064 980 977
f 978 981 1065
f 873 1066 981
f 981 1066 1160
f 1068 1066 982
f 982 1066 873
f 1064 1067 980
f 982 986 1068
f 989 1069 1070
f 988 1069 989
f 889 989 1070
f 891 889 1070
f 891 1070 1071
f 1071 892 891
f 1072 892 1071
f 1172 1069 991
f 991 1069 988
f 992 892 1072
f 992 1072 1074
f 1073 994 993
f 780 994 1073
f 1171 780 1073
f 995 780 1171
f 1172 995 1171
f 991 995 1172
f 992 1074 997
f 998 997 1074
f 1075 998 1074
f 998 1180 1077
f 998 1075 1180
f 1073 999 1076
f 993 999 1073
f 998 1077 1001
f 1077 1180 1001
f 1180 1079 1001
f 1078 1080 1081
f 1076 1080 1078
f 1076 1002 1080
f 1001 1079 1003
f 1005 1004 1080
f 1004 1006 1080
f 1002 1005 1080
f 1007 1003 1083
f 1007 1083 1084
f 1007 1084 1008
f 1006 913 1085
f 1085 913 1088
f 1087 1089 1009
f 913 1190 1088
f 803 1190 913
f 1196 1190 1010
f 1010 1190 803
f 1011 1089 1095
f 1089 1011 1009
f 1102 1013 1012
f 916 1013 1096
f 1014 916 1097
f 916 1096 1097
f 1090 1014 1097
f 1091 1014 1090
f 1092 1014 1091
f 1015 1014 1092
f 923 1015 1092
f 1093 923 1092
f 1016 923 1093
f 1094 1016 1093
f 1094 1098 1016
f 1016 1098 1017
f 1098 1020 1017
f 1100 1099 1196
f 1100 1196 1010
f 1018 1101 1021
f 1018 1011 1101
f 1011 1095 1101
f 1102 1012 1019
f 1020 1098 1103
f 1024 1104 1105
f 1024 1020 1104
f 1020 1103 1104
f 1100 1106 1099
f 1025 1106 1100
f 1022 1021 1107
f 1108 1107 1021
f 1101 1108 1021
f 1102 1019 1023
f 1109 1102 1023
f 1027 1105 1110
f 1024 1105 1027
f 1025 1111 1106
f 1025 1209 1111
f 1107 1026 1022
f 1112 1026 1107
f 1113 1114 1109
f 1110 1028 1027
f 1025 1212 1209
f 1029 1212 1025
f 1029 1213 1212
f 1030 1213 1029
f 1115 1030 1116
f 1117 1030 1031
f 1112 1031 1026
f 1117 1031 1112
f 1117 1116 1030
f 1113 1032 1217
f 1110 1118 824
f 1032 1033 1217
f 938 1120 1119
f 938 1119 1033
f 1120 1122 1119
f 1120 1035 1121
f 1121 1122 1120
f 1035 1037 1121
f 1121 1037 1122
f 1122 1037 1124
f 1123 1038 1036
f 1125 1038 1123
f 942 1124 1037
f 1124 942 1127
f 1039 1038 1126
f 1038 1125 1126
f 1039 1126 1128
f 1039 1128 944
f 1129 1223 1040
f 1223 1127 1040
f 1040 1041 1129
f 1128 1042 944
f 1130 1042 1128
f 1134 1131 1223
f 1041 1134 1223
f 1041 1223 1129
f 1041 1043 1135
f 1134 1041 1135
f 1043 948 1135
f 1130 833 1042
f 1133 833 1130
f 948 1044 1135
f 1044 1136 1135
f 1137 1136 1045
f 1045 1136 1044
f 1230 1046 1132
f 1138 1137 1046
f 1139 1141 1142
f 1140 1141 1139
f 1143 1144 1050
f 1144 1239 1145
f 1239 1146 1145
f 1142 1146 1139
f 1147 1146 1142
f 1143 1148 1149
f 1048 1148 1143
f 1049 1047 1048
f 1143 1049 1048
f 1050 1049 1143
f 1144 1145 1050
f 1146 1051 1145
f 1147 1052 1146
f 1053 1052 1147
f 1244 1053 1147
f 1054 1149 1148
f 1054 1249 1149
f 1048 1054 1148
f 1150 1151 1056
f 1053 1150 1056
f 1249 1054 1055
f 1056 1154 1057
f 1056 1151 1154
f 1055 1152 1250
f 1361 1152 1153
f 1153 1059 1362
f 1154 1156 1060
f 1155 1061 1063
f 1156 1062 1060
f 1157 1062 1156
f 976 1063 1061
f 1062 1157 1064
f 1065 1158 1063
f 1159 1158 1065
f 981 1159 1065
f 981 1160 1159
f 1162 1160 1066
f 1067 1161 985
f 1161 1067 1064
f 1066 1068 1162
f 1068 1260 1162
f 1068 1261 1260
f 986 1262 1068
f 1068 1262 1261
f 986 1163 1262
f 876 1373 1163
f 876 987 985
f 1165 1275 1166
f 1166 1167 1168
f 1275 1167 1166
f 1073 1278 1169
f 1169 1273 1073
f 1273 1170 1171
f 1164 1171 1170
f 1164 1172 1171
f 1070 1069 1172
f 1070 1172 1165
f 1165 1172 1164
f 1071 1070 1165
f 1166 1071 1165
f 1072 1071 1166
f 1072 1166 1173
f 1173 1166 1168
f 1174 1173 1168
f 1175 1176 1073
f 1176 1177 1073
f 1073 1177 1178
f 1278 1073 1178
f 1273 1171 1073
f 1074 1072 1173
f 1174 1074 1173
f 1174 1281 1074
f 1074 1281 1075
f 1075 1179 1180
f 1075 1281 1179
f 1175 1181 1176
f 1175 1076 1181
f 1073 1076 1175
f 1181 1078 1183
f 1076 1078 1181
f 1180 1182 1079
f 1081 1080 1183
f 1080 1392 1183
f 1078 1081 1183
f 1079 1082 1003
f 1080 1006 1392
f 1392 1006 1509
f 1083 1184 1084
f 1084 1184 1008
f 1086 1185 1087
f 1086 1008 1185
f 1008 1184 1185
f 1190 1085 1088
f 1087 1191 1089
f 1185 1191 1087
f 1193 1194 1090
f 1186 1091 1194
f 1194 1091 1090
f 1092 1091 1186
f 1187 1092 1186
f 1093 1092 1187
f 1188 1093 1187
f 1094 1093 1188
f 1189 1094 1188
f 1190 1196 1288
f 1089 1197 1095
f 1089 1191 1197
f 1102 1198 1013
f 1192 1096 1198
f 1198 1096 1013
f 1097 1096 1192
f 1193 1097 1192
f 1090 1097 1193
f 1094 1294 1098
f 1098 1195 1199
f 1098 1294 1195
f 1099 1202 1196
f 1095 1197 1203
f 1095 1203 1101
f 1098 1199 1103
f 1104 1103 1199
f 1200 1104 1199
f 1200 1105 1104
f 1200 1201 1105
f 1201 1207 1105
f 1106 1202 1099
f 1204 1107 1205
f 1205 1107 1108
f 1203 1108 1101
f 1205 1108 1203
f 1206 1102 1109
f 1207 1110 1105
f 1208 1110 1207
f 1106 1211 1202
f 1111 1211 1106
f 1209 1211 1111
f 1107 1210 1112
f 1204 1210 1107
f 1109 1114 1206
f 1212 1211 1209
f 1210 1117 1112
f 1210 1214 1117
f 1110 1208 1118
f 1212 1215 1211
f 1213 1215 1212
f 1318 1215 1213
f 1030 1318 1213
f 1030 1115 1318
f 1115 1216 1318
f 1116 1216 1115
f 1214 1116 1117
f 1216 1116 1214
f 1114 1113 1217
f 1118 1218 824
f 1217 1033 1325
f 824 1218 700
f 1033 1119 1325
f 1119 1122 1325
f 1219 581 700
f 581 1219 1034
f 1125 1123 1220
f 1124 1127 1221
f 1125 1222 1126
f 1220 1222 1125
f 1128 1126 1222
f 1127 1223 1221
f 1222 1130 1128
f 1224 1130 1222
f 1133 1226 1132
f 1133 1227 1226
f 1133 1130 1227
f 1130 1224 1227
f 1231 1131 1134
f 1231 1228 1131
f 1228 1225 1131
f 1134 1135 1231
f 1231 1135 1136
f 1136 1137 1232
f 1229 1046 1230
f 1226 1230 1132
f 1136 1342 1231
f 1232 1342 1136
f 1137 1345 1232
f 1137 1138 1345
f 1046 1229 1138
f 1233 1236 1235
f 1234 1236 1233
f 1235 1236 1140
f 1234 1233 1239
f 1233 1240 1239
f 1139 1240 1235
f 1235 1240 1233
f 1140 1139 1235
f 1140 1241 1141
f 1142 1141 1242
f 1141 1241 1242
f 1143 1149 1245
f 1143 1245 1144
f 1238 1144 1237
f 1239 1144 1238
f 1240 1146 1239
f 1139 1146 1240
f 1142 1242 1147
f 1244 1147 1242
f 1243 1244 1242
f 1053 1246 1247
f 1244 1246 1053
f 1053 1247 1150
f 1247 1248 1150
f 1356 1151 1248
f 1248 1151 1150
f 1356 1357 1151
f 1250 1249 1055
f 1154 1151 1357
f 1250 1152 1361
f 1153 1362 1361
f 1362 1059 1251
f 1059 1252 1251
f 1252 1059 1155
f 1364 1252 1155
f 1155 1063 1364
f 1254 1157 1156
f 1253 1364 1063
f 1063 1158 1253
f 1064 1157 1254
f 1158 1255 1253
f 1158 1159 1255
f 1254 1257 1256
f 1064 1254 1256
f 1064 1256 1161
f 1159 1258 1255
f 1159 1160 1260
f 1257 1161 1256
f 1257 1259 1161
f 1259 985 1161
f 1260 1258 1159
f 1160 1162 1260
f 1263 1163 1372
f 1372 1163 1373
f 1259 876 985
f 1262 1264 1261
f 1163 1264 1262
f 1265 1264 1163
f 1263 1265 1163
f 1266 1267 1268
f 1267 1266 1273
f 1266 1274 1273
f 1164 1274 1268
f 1268 1274 1266
f 1165 1164 1268
f 1267 1165 1268
f 1269 1165 1267
f 1270 1165 1269
f 1271 1165 1270
f 1275 1165 1271
f 1271 1496 1275
f 1168 1167 1276
f 1167 1275 1276
f 1272 1169 1278
f 1273 1169 1272
f 1274 1170 1273
f 1164 1170 1274
f 1168 1276 1174
f 1277 1177 1280
f 1280 1177 1176
f 1178 1177 1277
f 1278 1178 1277
f 1174 1279 1281
f 1281 1180 1179
f 1282 1180 1281
f 1280 1176 1181
f 1283 1280 1181
f 1180 1282 1182
f 1283 1181 1183
f 1284 1283 1183
f 1285 1079 1182
f 1183 1392 1284
f 1079 1285 1082
f 1082 1285 1510
f 1082 1286 1003
f 1003 1286 1083
f 1286 1287 1083
f 1396 1184 1083
f 1184 1396 1185
f 1396 1289 1185
f 1291 1187 1186
f 1291 1398 1187
f 1187 1398 1292
f 1188 1187 1292
f 1189 1188 1292
f 1094 1293 1294
f 1094 1189 1293
f 1189 1292 1293
f 1294 1295 1296
f 1293 1295 1294
f 1295 1297 1296
f 1085 1190 1288
f 1289 1191 1185
f 1298 1191 1289
f 1290 1193 1401
f 1401 1193 1192
f 1194 1193 1290
f 1291 1194 1290
f 1186 1194 1291
f 1195 1294 1296
f 1299 1296 1297
f 1195 1296 1299
f 1191 1298 1197
f 1298 1304 1197
f 1195 1299 1301
f 1195 1301 1199
f 1199 1301 1200
f 1301 1201 1200
f 1302 1201 1301
f 1196 1303 1300
f 1202 1303 1196
f 1412 1303 1202
f 1203 1197 1304
f 1416 1198 1102
f 1305 1207 1302
f 1302 1207 1201
f 1305 1308 1207
f 1309 1306 1202
f 1306 1412 1202
f 1204 1205 1307
f 1304 1205 1203
f 1307 1205 1304
f 1416 1102 1206
f 1207 1308 1208
f 1308 1417 1208
f 1202 1211 1309
f 1211 1310 1309
f 1210 1312 1311
f 1210 1204 1312
f 1204 1307 1312
f 1211 1423 1310
f 1425 1214 1210
f 1311 1425 1210
f 1314 1313 1321
f 1313 1314 1315
f 1315 1314 1316
f 1208 1417 1118
f 1211 1317 1423
f 1215 1317 1211
f 1318 1317 1215
f 1214 1319 1216
f 1214 1320 1319
f 1425 1320 1214
f 1217 1325 1426
f 1426 1114 1217
f 1327 1314 1321
f 1322 1428 1316
f 1118 1417 1218
f 1218 1417 1323
f 1216 1324 1318
f 1319 1324 1216
f 1326 1327 1321
f 1316 1314 1328
f 1328 1314 1327
f 1328 1327 1330
f 1329 1327 1326
f 1330 1327 1329
f 1442 1328 1330
f 1325 1122 1543
f 1543 1122 1447
f 1329 1326 1332
f 1333 1329 1332
f 1330 1329 1333
f 1442 1330 1333
f 1331 1219 700
f 1334 1219 1331
f 1219 1334 1034
f 1123 1335 1220
f 1335 1222 1220
f 1336 1222 1335
f 1339 1124 1221
f 1339 1453 1124
f 1222 1338 1337
f 1222 1336 1338
f 1339 1221 1223
f 1222 1337 1224
f 1223 1225 1339
f 1131 1225 1223
f 1224 1337 1456
f 1224 1456 1227
f 1225 1228 1340
f 1456 1226 1227
f 1230 1226 1456
f 1228 1458 1340
f 1231 1458 1228
f 1342 1341 1231
f 1231 1341 1458
f 1342 1232 1343
f 1343 1232 1344
f 1344 1232 1345
f 1346 1345 1138
f 1229 1469 1138
f 1138 1469 1346
f 1236 1234 1349
f 1234 1348 1349
f 1140 1236 1350
f 1236 1349 1350
f 1346 1344 1345
f 1353 1238 1237
f 1239 1238 1347
f 1348 1239 1347
f 1234 1239 1348
f 1140 1350 1241
f 1242 1241 1350
f 1351 1242 1350
f 1243 1242 1351
f 1352 1243 1351
f 1243 1354 1244
f 1243 1352 1354
f 1353 1144 1245
f 1237 1144 1353
f 1244 1354 1246
f 1246 1355 1247
f 1246 1354 1355
f 1475 1245 1149
f 1247 1355 1248
f 1248 1355 1356
f 1149 1249 1475
f 1475 1249 1478
f 1357 1359 1358
f 1250 1479 1360
f 1478 1249 1250
f 1360 1478 1250
f 1357 1358 1154
f 1358 1359 1154
f 1250 1361 1479
f 1361 1362 1480
f 1362 1588 1480
f 1362 1251 1593
f 1593 1588 1362
f 1154 1363 1156
f 1251 1252 1593
f 1593 1252 1364
f 1254 1365 1366
f 1365 1254 1156
f 1364 1253 2287
f 2287 1253 1482
f 1254 1366 1367
f 1253 1368 1482
f 1368 1253 1255
f 1370 1368 1255
f 1367 1257 1254
f 1369 1257 1367
f 1370 1255 1258
f 1259 1484 876
f 1369 1259 1257
f 1484 1259 1369
f 1258 1371 1370
f 1260 1371 1258
f 1488 1372 1373
f 1260 1374 1371
f 1375 1374 1260
f 1261 1375 1260
f 1261 1264 1375
f 1264 1605 1375
f 1372 1265 1263
f 1372 1376 1265
f 1376 1264 1265
f 1377 1379 1378
f 1381 1382 1267
f 1267 1382 1383
f 1377 1269 1383
f 1383 1269 1267
f 1270 1269 1377
f 1378 1270 1377
f 1378 1384 1270
f 1270 1384 1271
f 1271 1384 1496
f 1380 1272 1385
f 1273 1272 1380
f 1381 1273 1380
f 1267 1273 1381
f 1275 1499 1276
f 1276 1386 1174
f 1276 1499 1386
f 1388 1387 1277
f 1387 1278 1277
f 1272 1278 1385
f 1277 1280 1388
f 1281 1279 1282
f 1388 1284 1390
f 1388 1283 1284
f 1280 1283 1388
f 1282 1391 1182
f 1391 1282 1389
f 1284 1509 1390
f 1182 1391 1285
f 1284 1392 1509
f 1509 1006 1393
f 1082 1511 1286
f 1082 1510 1511
f 1286 1511 1287
f 1287 1511 1394
f 1393 1006 1085
f 1394 1083 1287
f 1085 1400 1395
f 1400 1085 1288
f 1630 1400 1288
f 1401 1514 1290
f 1514 1402 1290
f 1397 1291 1402
f 1402 1291 1290
f 1398 1291 1397
f 1397 1292 1398
f 1399 1292 1397
f 1293 1292 1399
f 1399 1634 1293
f 1293 1634 1295
f 1634 1297 1295
f 1403 1297 1634
f 1288 1196 1630
f 1630 1196 1404
f 1298 1289 1405
f 1406 1407 1299
f 1406 1299 1403
f 1403 1299 1297
f 1407 1408 1409
f 1406 1408 1407
f 1408 1410 1409
f 1404 1196 1300
f 1298 1411 1304
f 1405 1411 1298
f 1401 1192 1198
f 1517 1401 1198
f 1299 1407 1301
f 1302 1301 1407
f 1302 1407 1305
f 1305 1407 1409
f 1522 1409 1410
f 1305 1409 1522
f 1300 1303 1404
f 1404 1303 1412
f 1404 1412 1519
f 1304 1414 1413
f 1304 1411 1414
f 1416 1641 1415
f 1517 1198 1416
f 1415 1517 1416
f 1305 1522 1308
f 1304 1413 1307
f 1309 1418 1306
f 1310 1418 1309
f 1307 1419 1312
f 1419 1307 1413
f 1206 1420 1421
f 1206 1114 1420
f 1416 1206 1421
f 1310 1422 1418
f 1423 1422 1310
f 1419 1311 1312
f 1114 1426 1420
f 1313 1427 1432
f 1321 1313 1432
f 1427 1315 1530
f 1427 1313 1315
f 1316 1530 1315
f 1531 1530 1316
f 1531 1316 1428
f 1531 1428 1532
f 1423 1429 1422
f 1317 1429 1423
f 1317 1318 1429
f 1319 1320 1430
f 1425 1431 1320
f 1431 1430 1320
f 1424 1431 1425
f 1428 1322 1537
f 1318 1433 1429
f 1318 1324 1433
f 1324 1434 1433
f 1319 1434 1324
f 1319 1540 1434
f 1319 1435 1540
f 1435 1319 1430
f 1325 1437 1662
f 1426 1325 1662
f 1321 1432 1326
f 1537 1322 1439
f 1316 1438 1439
f 1316 1439 1322
f 1323 1440 1218
f 1218 1440 700
f 1436 1440 1323
f 1325 1543 1437
f 1328 1438 1316
f 1328 1442 1438
f 1442 1443 1438
f 1544 1439 1438
f 1443 1544 1438
f 700 1440 1331
f 1326 1441 1444
f 1332 1326 1444
f 1333 1332 1444
f 1544 1443 1445
f 1445 1443 1442
f 1334 1331 1446
f 1333 1444 1448
f 1442 1333 1448
f 1449 1442 1448
f 1445 1442 1449
f 1544 1445 1449
f 1334 1450 1034
f 1446 1450 1334
f 1122 1124 1447
f 1447 1124 1551
f 1451 1123 1034
f 1123 1451 1335
f 1336 1335 1452
f 1336 1554 1338
f 1452 1554 1336
f 1337 1554 1556
f 1554 1337 1338
f 1225 1454 1453
f 1225 1453 1339
f 1454 1225 1340
f 1458 1569 1340
f 1569 1454 1340
f 1458 1341 1466
f 1341 1342 1466
f 1459 1469 1229
f 1455 1229 1230
f 1455 1459 1229
f 1460 1461 1347
f 1348 1347 1461
f 1348 1461 1462
f 1457 1349 1462
f 1462 1349 1348
f 1567 1349 1457
f 1350 1349 1567
f 1559 1350 1567
f 1559 1463 1350
f 1350 1463 1351
f 1352 1351 1464
f 1351 1463 1464
f 1464 1354 1352
f 1458 1465 1569
f 1466 1465 1458
f 1342 1343 1466
f 1343 1467 1466
f 1344 1572 1343
f 1343 1572 1467
f 1346 1468 1344
f 1468 1572 1344
f 1469 1468 1346
f 1460 1238 1470
f 1470 1238 1353
f 1347 1238 1460
f 1354 1464 1471
f 1471 1355 1354
f 1245 1472 1473
f 1470 1353 1245
f 1473 1470 1245
f 1355 1471 1474
f 1472 1245 1475
f 1476 1472 1475
f 1477 1356 1474
f 1474 1356 1355
f 1356 1359 1357
f 1356 1477 1359
f 1479 1478 1360
f 1359 1477 1154
f 1479 1361 1724
f 1361 1480 1724
f 1154 1587 1363
f 1593 1364 2287
f 1365 1363 1481
f 1365 1156 1363
f 1365 1481 1366
f 1367 1366 1483
f 1482 1368 1370
f 1483 1369 1367
f 1484 1369 1483
f 1602 1485 1370
f 876 1484 1486
f 1370 1371 1602
f 1371 1487 1602
f 1490 1487 1371
f 1489 1488 1373
f 1486 1373 876
f 1489 1373 1486
f 1374 1490 1371
f 1375 1605 1374
f 1374 1605 1490
f 1264 1491 1605
f 1264 1376 1491
f 1488 1376 1372
f 1488 1606 1376
f 1489 1606 1488
f 1492 1493 1382
f 1379 1377 1494
f 1377 1493 1494
f 1378 1379 1494
f 1494 1495 1496
f 1497 1759 1380
f 1381 1380 1498
f 1380 1759 1498
f 1492 1382 1498
f 1498 1382 1381
f 1493 1383 1382
f 1377 1383 1493
f 1378 1494 1384
f 1496 1384 1494
f 1275 1614 1499
f 1496 1614 1275
f 1614 1500 1499
f 1278 1618 1502
f 1497 1278 1502
f 1497 1385 1278
f 1380 1385 1497
f 1500 1386 1499
f 1500 1174 1386
f 1500 1501 1174
f 1501 1503 1174
f 1387 1508 1504
f 1618 1278 1504
f 1504 1278 1387
f 1174 1503 1505
f 1279 1174 1505
f 1282 1279 1506
f 1279 1505 1506
f 1388 1622 1508
f 1508 1387 1388
f 1506 1389 1282
f 1506 1507 1389
f 1622 1388 1390
f 1509 1622 1390
f 1391 1874 1285
f 1509 1393 1623
f 1393 1085 1626
f 1628 1083 1394
f 1630 1626 1395
f 1626 1085 1395
f 1083 1512 1396
f 1083 1628 1512
f 1395 1400 1630
f 1396 1631 1513
f 1396 1513 1289
f 1512 1631 1396
f 1403 1634 1515
f 1289 1513 1405
f 1513 1516 1405
f 1517 1514 1401
f 1403 1515 1518
f 1403 1518 1406
f 1406 1518 1408
f 1518 1410 1408
f 1411 1516 1520
f 1516 1411 1405
f 1411 1520 1414
f 1520 1523 1414
f 1521 1517 1415
f 1522 1526 1308
f 1413 1524 1647
f 1523 1413 1414
f 1524 1413 1523
f 1641 1416 1525
f 1417 1308 1526
f 1527 1306 1418
f 1413 1647 1419
f 1647 1528 1419
f 1421 1420 1529
f 1421 1529 1525
f 1421 1525 1416
f 1649 1427 1530
f 1422 1527 1418
f 1535 1527 1422
f 1652 1424 1425
f 1652 1425 1311
f 1528 1311 1419
f 1652 1311 1528
f 1529 1533 1525
f 1529 1420 1533
f 1420 1426 1533
f 1427 1649 1534
f 1427 1534 1432
f 1532 1428 1656
f 1429 1535 1422
f 1424 1536 1431
f 1652 1536 1424
f 1534 1326 1432
f 1428 1537 1656
f 1429 1538 1535
f 1433 1538 1429
f 1539 1538 1434
f 1434 1538 1433
f 1539 1434 1664
f 1664 1434 1540
f 1430 1541 1435
f 1430 1660 1541
f 1431 1660 1430
f 1542 1660 1431
f 1426 1662 1533
f 1537 1439 1666
f 1548 1440 1436
f 1437 1543 1662
f 1439 1544 1666
f 1440 1548 1331
f 1543 1447 1545
f 1549 1444 1441
f 1544 1546 1547
f 1331 1548 1446
f 1545 1447 1673
f 1448 1444 1549
f 1449 1448 1549
f 1449 1549 1550
f 1546 1544 1449
f 1550 1546 1449
f 1446 1548 1450
f 1447 1551 1673
f 1034 1552 1451
f 1450 1552 1034
f 1451 1553 1335
f 1552 1553 1451
f 1551 1124 1680
f 1335 1553 1452
f 1124 1453 1684
f 1684 1453 1823
f 1453 1555 1823
f 1454 1555 1453
f 1557 1558 1457
f 1558 1567 1457
f 1559 1567 1560
f 1454 1561 1555
f 1456 1692 1230
f 1456 1562 1692
f 1456 1337 1562
f 1337 1556 1562
f 1558 1563 1564
f 1558 1557 1563
f 1557 1565 1563
f 1457 1565 1557
f 1566 1559 1560
f 1567 1568 1560
f 1568 1566 1560
f 1567 1689 1568
f 1454 1569 1561
f 1459 1455 1574
f 1230 1574 1455
f 1230 1692 1574
f 1564 1563 1461
f 1564 1461 1460
f 1565 1461 1563
f 1462 1461 1565
f 1457 1462 1565
f 1559 1566 1463
f 1464 1463 1566
f 1568 1464 1566
f 1464 1689 1570
f 1464 1568 1689
f 1465 1696 1569
f 1466 1696 1465
f 1571 1696 1467
f 1467 1696 1466
f 1468 1469 1699
f 1459 1699 1469
f 1459 1573 1699
f 1574 1573 1459
f 1564 1460 1470
f 1464 1570 1471
f 1471 1570 1575
f 1572 1571 1467
f 1699 1576 1468
f 1564 1470 1473
f 1471 1575 1474
f 1475 1711 1476
f 1473 1472 1476
f 1475 1478 1711
f 1711 1478 1580
f 1577 1585 1578
f 1585 1579 1578
f 1479 1717 1580
f 1580 1478 1479
f 1577 1581 1584
f 1577 1584 1585
f 1579 1585 1582
f 1479 1724 1717
f 1589 1584 1581
f 1583 1589 1581
f 1586 1582 1585
f 1594 1589 1583
f 1584 1589 1590
f 1585 1584 1591
f 1591 1584 1590
f 1586 1585 1591
f 1729 1727 1586
f 1592 1729 1586
f 1591 1592 1586
f 1587 1597 1363
f 1590 1589 1594
f 1595 1590 1594
f 1735 1590 1595
f 1591 1590 1735
f 1596 1591 1735
f 1592 1591 1596
f 1597 1481 1363
f 1598 1481 1597
f 1481 1598 1366
f 1484 1600 1599
f 1484 1483 1600
f 1599 1486 1484
f 1599 1601 1486
f 1601 1489 1486
f 1603 1489 1601
f 1602 1604 1485
f 1487 1604 1602
f 1744 1604 1487
f 1490 1744 1487
f 1490 1745 1744
f 1605 1745 1490
f 1749 1605 1608
f 1608 1605 1491
f 1747 1491 1376
f 1376 1606 1747
f 1603 1606 1489
f 1749 1607 1605
f 1751 1608 1491
f 1493 1492 1612
f 1492 1611 1612
f 1494 1493 1609
f 1610 1494 1609
f 1610 1613 1494
f 1494 1613 1495
f 1496 1495 1614
f 1497 1761 1756
f 1759 1497 1615
f 1497 1756 1615
f 1611 1492 1498
f 1759 1611 1498
f 1614 1616 1500
f 1616 1501 1500
f 1617 1501 1616
f 1618 1619 1502
f 1619 1761 1502
f 1761 1497 1502
f 1617 1503 1501
f 1504 1508 1618
f 1503 1766 1620
f 1503 1620 1505
f 1505 1620 1506
f 1620 1507 1506
f 1621 1507 1620
f 1507 1621 1389
f 1389 1621 1391
f 1391 1621 1874
f 1510 1772 1511
f 1770 1393 1625
f 1770 1624 1393
f 1624 1623 1393
f 1511 1772 1394
f 1393 1626 1625
f 1626 1627 1625
f 1772 1628 1394
f 1626 1630 1627
f 1512 1628 1631
f 1514 1776 1632
f 1402 1514 1633
f 1514 1632 1633
f 1629 1397 1402
f 1633 1629 1402
f 1515 1634 1777
f 1635 1515 1777
f 1631 1636 1513
f 1517 1639 1776
f 1776 1514 1517
f 1515 1635 1637
f 1518 1515 1637
f 1637 1410 1518
f 1516 1638 1520
f 1516 1513 1638
f 1639 1517 1521
f 1410 1637 1522
f 1637 1526 1522
f 1640 1520 1638
f 1523 1520 1640
f 1415 1641 1642
f 1415 1642 1521
f 1521 1642 1639
f 1641 1525 1644
f 1642 1641 1644
f 1526 1643 1417
f 1646 1306 1527
f 1647 1648 1528
f 1644 1525 1890
f 1649 1789 1788
f 1534 1649 1788
f 1530 1650 1649
f 1531 1650 1530
f 1650 1531 1532
f 1417 1645 1323
f 1646 1527 1535
f 1651 1646 1535
f 1652 1528 1653
f 1528 1648 1653
f 1525 1533 1654
f 1525 1654 1890
f 1658 1655 1535
f 1655 1651 1535
f 1652 1653 1536
f 1654 1533 1800
f 1656 1537 1657
f 1535 1538 1658
f 1538 1659 1658
f 1799 1660 1542
f 1536 1542 1431
f 1536 1661 1542
f 1661 1799 1542
f 1533 1662 1800
f 1657 1537 1663
f 1538 1803 1659
f 1539 1803 1538
f 1664 1803 1539
f 1664 1540 1665
f 1537 1666 1663
f 1323 1548 1436
f 1802 1548 1323
f 1541 1665 1540
f 1435 1541 1540
f 1326 1667 1441
f 1666 1544 1668
f 1663 1666 1668
f 1543 1545 1669
f 1543 1669 1670
f 1543 1670 1662
f 1671 1441 1672
f 1672 1441 1667
f 1441 1671 1549
f 1668 1544 1547
f 1669 1545 1673
f 1681 1671 1672
f 1549 1671 1674
f 1549 1675 1550
f 1674 1675 1549
f 1550 1675 1812
f 1550 1812 1546
f 1548 1676 1450
f 1673 1551 1680
f 1674 1671 1677
f 1677 1671 1681
f 1675 1674 1677
f 1678 1812 1675
f 1677 1678 1675
f 1676 1552 1450
f 1679 1552 1676
f 1683 1677 1682
f 1678 1677 1683
f 1679 1553 1552
f 1680 1124 1684
f 1826 1554 1452
f 1556 1686 1685
f 1556 1554 1686
f 1688 1555 1561
f 1556 1685 1562
f 1567 1687 1689
f 1690 1688 1561
f 1690 1561 1569
f 1692 1691 1574
f 1562 1685 1692
f 1564 1693 1694
f 1694 1834 1564
f 1570 1689 1695
f 1569 1696 1690
f 1697 1698 1696
f 1696 1571 1697
f 1700 1699 1573
f 1700 1573 1574
f 1691 1700 1574
f 1701 1693 1564
f 1570 1695 1702
f 1575 1570 1702
f 1703 1698 1697
f 1704 1698 1703
f 1571 1705 1697
f 1697 1705 1703
f 1571 1572 1705
f 1705 1572 1709
f 1709 1572 1468
f 1842 1576 1699
f 1706 1842 1699
f 1700 1706 1699
f 1473 1707 1839
f 1701 1564 1473
f 1839 1701 1473
f 1575 1953 1474
f 1703 1708 1704
f 1705 1708 1703
f 1709 1708 1705
f 1468 1845 1709
f 1576 1845 1468
f 1710 1845 1576
f 1476 1711 1713
f 1476 1713 1473
f 1473 1713 1707
f 1474 1953 1712
f 1477 1474 1712
f 1714 1577 1578
f 1579 1715 1716
f 1579 1716 1578
f 1477 1712 1154
f 1580 1717 1718
f 1580 1718 1711
f 1581 1714 1848
f 1581 1848 1719
f 1577 1714 1581
f 1715 1582 1720
f 1579 1582 1715
f 1721 1716 1715
f 1721 1715 1722
f 1722 1715 1720
f 1725 1718 1717
f 1724 1725 1717
f 1583 1719 1726
f 1583 1581 1719
f 1582 1586 1720
f 1727 1720 1586
f 1727 1722 1720
f 1727 1721 1722
f 1724 1480 1728
f 1725 1724 1728
f 1583 1726 1594
f 1852 1721 1727
f 1729 1852 1727
f 1154 1723 1587
f 1480 1588 1728
f 1728 1588 1977
f 1734 1730 1726
f 1726 1730 1594
f 1729 1592 1731
f 1852 1729 1731
f 1587 1732 1597
f 1588 1593 1977
f 1977 1593 2287
f 1733 1730 1734
f 1594 1730 1595
f 1730 1733 1595
f 1857 1736 1735
f 1736 1596 1735
f 1731 1592 1596
f 1736 1731 1596
f 1733 1734 1737
f 1595 1733 1737
f 1738 1595 1737
f 1860 1595 1738
f 1370 1739 1482
f 1740 1601 1599
f 1740 1599 1600
f 1601 1742 1603
f 1742 1741 1603
f 1740 1742 1601
f 1604 1743 1485
f 1744 1743 1604
f 1746 1491 1747
f 1741 1606 1603
f 1747 1606 1741
f 1744 1748 1743
f 1745 1748 1744
f 1865 1748 1745
f 1605 1865 1745
f 1605 1607 1865
f 1607 1866 1865
f 1749 1866 1607
f 1749 1608 1752
f 1750 1608 1867
f 1867 1608 1751
f 1746 1751 1491
f 1869 1752 1608
f 1750 1869 1608
f 1754 1609 1493
f 1610 1609 1755
f 1757 1758 1759
f 1753 1759 1758
f 1753 1611 1759
f 1612 1611 1753
f 1754 1612 1753
f 1493 1612 1754
f 1610 1755 1613
f 1614 1760 1763
f 1614 1495 1760
f 1495 1613 1760
f 1757 1761 1762
f 1756 1761 1757
f 1757 1615 1756
f 1759 1615 1757
f 1614 1763 1616
f 1616 1763 1617
f 1619 1871 1765
f 1618 1871 1619
f 1762 1761 1765
f 1765 1761 1619
f 1617 1763 1503
f 1503 1764 1766
f 1503 1763 1764
f 1618 1508 1871
f 1766 1621 1620
f 1766 1767 1621
f 1509 1768 1622
f 1769 1768 1509
f 1769 1623 1770
f 1509 1623 1769
f 1285 2327 1510
f 1623 1624 1770
f 1771 1769 1770
f 1510 2327 1772
f 1770 1625 1771
f 1625 1627 1771
f 1771 1627 1630
f 1397 1629 1773
f 1399 1397 1774
f 1397 1773 1774
f 1774 1634 1399
f 1775 1634 1774
f 1634 1775 1879
f 1634 1879 1777
f 1778 1635 1777
f 1636 1779 1513
f 1636 1631 1779
f 1639 1780 1776
f 1779 1781 1513
f 1513 1781 1638
f 1782 1780 1639
f 1637 1635 1783
f 1783 1526 1637
f 1519 1412 2023
f 1638 1781 1640
f 1781 1784 1640
f 1639 1642 1782
f 1782 1642 1786
f 1526 1783 1643
f 1412 1306 2023
f 1523 1647 1524
f 1523 1785 1647
f 1523 1640 1785
f 1640 1784 1785
f 1644 1890 1786
f 1786 1642 1644
f 1643 1645 1417
f 1649 1650 1789
f 1790 1650 1532
f 1792 1791 1646
f 1791 1787 1646
f 1646 1651 1792
f 1890 1654 2044
f 1788 1796 1534
f 1532 1656 1790
f 1790 1656 1901
f 1792 1651 1655
f 1536 1653 1793
f 1793 1653 1648
f 1654 1800 1794
f 1654 1794 1795
f 1654 1795 2044
f 1534 1796 1326
f 1656 1908 1901
f 1908 1656 1657
f 1645 1797 1323
f 1655 1798 1792
f 1658 1798 1655
f 1659 1798 1658
f 1661 1536 1907
f 1536 1793 1907
f 1795 1794 1800
f 1657 1663 1908
f 1323 1801 1802
f 1323 1797 1801
f 1659 1906 1798
f 1803 1906 1659
f 1660 1799 1804
f 1661 1804 1799
f 1805 1804 1661
f 1907 1805 1661
f 1664 1913 1803
f 1664 1665 1913
f 1665 1806 1913
f 1541 1806 1665
f 1660 1917 1541
f 1917 1806 1541
f 1807 1667 1326
f 1668 1915 1663
f 1326 1808 1811
f 1326 1811 1807
f 1667 1807 1672
f 1668 1547 1809
f 1915 1668 1809
f 1669 1673 1810
f 1669 1810 1670
f 2072 1811 1808
f 1672 1807 1681
f 1810 1813 1814
f 1810 1673 1813
f 1673 1680 1813
f 1670 1810 1814
f 1817 1811 2072
f 1807 1811 1815
f 1815 1811 1817
f 1807 1815 1681
f 1812 1678 1921
f 1912 1679 1676
f 1816 1679 1912
f 1813 1680 1922
f 1681 1815 1820
f 1815 1817 1820
f 1681 1818 1677
f 1820 1818 1681
f 1677 1818 1682
f 2069 1682 1818
f 2069 1819 1682
f 1819 1683 1682
f 1921 1678 1683
f 1819 1921 1683
f 1816 1553 1679
f 1680 1684 1922
f 1820 1817 1825
f 1825 1817 1824
f 1821 1818 1820
f 1927 2069 1818
f 1821 1927 1818
f 1553 1822 1452
f 1684 1823 1922
f 1827 1817 2072
f 1824 1817 1828
f 1828 1817 1827
f 1825 1821 1820
f 1554 1826 1831
f 1822 1826 1452
f 1829 1830 1825
f 1829 1825 1828
f 1828 1825 1824
f 1823 1933 1929
f 1555 1933 1823
f 1828 1827 1832
f 1554 1831 1686
f 1567 1558 1937
f 1555 1688 1933
f 1933 1688 1835
f 1685 1940 1833
f 1940 1685 1686
f 1937 1558 1564
f 1834 1937 1564
f 1689 1687 1695
f 1690 1835 1688
f 1946 1835 1690
f 1685 1833 1692
f 1695 1944 1945
f 1696 1836 1690
f 1836 1946 1690
f 1700 1837 1843
f 1691 1838 1700
f 1700 1838 1837
f 1838 1691 1692
f 1701 1839 1840
f 1694 1693 1701
f 1840 1694 1701
f 1695 1945 1950
f 1702 1695 1950
f 1950 1575 1702
f 1696 1698 1836
f 1841 1698 1704
f 1843 1842 1706
f 1843 1706 1700
f 1575 1950 1953
f 1704 1955 1841
f 1708 1955 1704
f 1709 1955 1708
f 1709 1845 1958
f 1844 1709 1958
f 1956 1845 1710
f 1842 1710 1576
f 1842 1960 1710
f 1960 1956 1710
f 1712 1953 1846
f 1709 1844 1955
f 1845 1966 1958
f 1959 1966 1845
f 1956 1959 1845
f 1713 1711 1847
f 1714 1961 1848
f 1578 1961 1714
f 1578 1716 1849
f 1712 1846 1154
f 1847 1711 1850
f 1711 1718 1850
f 1716 1721 1849
f 1154 1846 1723
f 1718 1725 1850
f 1850 1725 1851
f 1974 1726 1719
f 1728 1976 1851
f 1851 1725 1728
f 1853 1587 1723
f 1728 1977 1976
f 1726 1974 1734
f 1855 1854 1853
f 1587 1854 1732
f 1853 1854 1587
f 1857 1731 1736
f 1597 1854 1855
f 1597 1855 1598
f 1598 1855 1982
f 1732 1854 1597
f 1734 1856 1858
f 1737 1734 1858
f 1738 1737 1858
f 1595 1860 1735
f 1735 1860 1983
f 1735 1983 1857
f 1598 1982 1366
f 1738 1858 1859
f 1860 1738 1859
f 1482 1739 2287
f 1739 1370 1861
f 1370 1485 1862
f 1989 1741 1742
f 1600 1742 1740
f 1989 1742 1600
f 1743 1862 1485
f 1747 1863 1746
f 1741 1863 1747
f 1989 1863 1741
f 1743 1864 1862
f 1748 1864 1743
f 1865 1864 1748
f 1746 1867 1751
f 1866 1868 1865
f 1994 1868 1866
f 1749 1994 1866
f 1749 1752 1994
f 1752 1996 1994
f 1869 1996 1752
f 1867 1869 1750
f 1753 1758 2000
f 1754 1753 1609
f 1753 2000 1609
f 1757 1870 2002
f 1757 2002 2003
f 1757 2003 1758
f 2006 1763 1760
f 1870 1757 1762
f 1870 1762 1765
f 1871 1870 1765
f 1766 1764 1872
f 1872 1767 1766
f 1871 1508 2007
f 1767 1873 1621
f 1622 2007 1508
f 1873 1874 1621
f 1622 1768 2008
f 1768 1769 2008
f 1874 2327 1285
f 1628 1772 2011
f 1772 2327 2011
f 1629 1633 1878
f 1773 1875 1774
f 1774 1875 1775
f 1630 1404 2329
f 2329 1404 2163
f 1628 1876 1631
f 1776 1877 1632
f 1633 1632 1878
f 1879 1875 1883
f 1879 1775 1875
f 1879 1880 1777
f 1777 1880 1778
f 1631 1876 1779
f 1876 1881 1779
f 1780 1882 1776
f 1776 1882 1877
f 1880 1879 1883
f 1880 2026 1778
f 2026 1635 1778
f 1779 1884 1781
f 1779 1881 1884
f 1780 1782 1885
f 1780 1885 1882
f 1886 1783 1635
f 1886 1635 2026
f 1781 1884 1784
f 1784 1884 1887
f 1786 1885 1782
f 1888 1783 1886
f 1888 1643 1783
f 1784 1889 1785
f 1887 1889 1784
f 1786 1890 1891
f 1786 1891 1892
f 1893 1643 1888
f 1643 1893 1645
f 1306 1646 1787
f 1889 1647 1785
f 1894 1647 1889
f 1890 2035 2192
f 1891 1890 2192
f 1789 1895 1788
f 1895 1789 2039
f 2039 1789 1650
f 1896 1645 1893
f 1787 1791 1897
f 1647 1898 1648
f 1647 1894 1898
f 1890 2044 2035
f 1788 1895 1796
f 1900 1899 2039
f 1899 1895 2039
f 1650 1790 1901
f 1792 1897 1791
f 2049 1897 1792
f 1648 1902 1793
f 1648 1898 1902
f 2044 1795 1903
f 1895 1899 1796
f 1904 1899 1900
f 1908 1905 1901
f 2055 1905 1908
f 1645 1801 1797
f 1896 1801 1645
f 1906 1792 1798
f 1906 2049 1792
f 2051 1793 1902
f 1907 1793 2051
f 1903 1795 1800
f 2053 1903 1800
f 1899 1904 1326
f 1899 1326 1796
f 1802 1801 1548
f 1906 1803 1909
f 1910 1804 1805
f 1907 2059 1805
f 2059 1910 1805
f 2051 2059 1907
f 1800 1662 2053
f 1908 1663 2056
f 1913 1909 1803
f 2057 1913 1806
f 1660 2062 1917
f 1910 1660 1804
f 1326 2060 1914
f 2060 1326 1911
f 1663 1915 2056
f 1806 1916 2057
f 1917 2389 1806
f 1670 1918 1662
f 1914 1808 1326
f 1546 1919 1547
f 1809 1547 2065
f 2065 1915 1809
f 1548 1912 1676
f 1918 1670 2063
f 1546 1812 1919
f 1814 1920 1670
f 1670 1920 2063
f 1812 1921 1919
f 1814 1813 1922
f 1819 2069 1923
f 1819 1923 1921
f 1816 1924 1553
f 1923 2069 2070
f 1553 1926 1822
f 1924 1926 1553
f 1922 1823 1925
f 1925 1823 1929
f 1821 1825 1830
f 1821 1830 1927
f 1826 1928 1831
f 1826 1822 1928
f 1822 1926 1928
f 1830 1930 1931
f 1829 1930 1830
f 2080 1830 1931
f 1927 1830 2080
f 1928 1932 1831
f 1934 1827 2072
f 1934 2072 1935
f 1827 1934 1832
f 1828 1832 1936
f 1828 1936 1829
f 1829 1936 1930
f 1831 1932 1686
f 1932 1940 1686
f 1567 1937 1938
f 1938 1687 1567
f 1933 1835 1939
f 1834 2084 2085
f 2085 1937 1834
f 1695 1687 1941
f 1941 1944 1695
f 1833 1942 1692
f 1694 1840 1943
f 1694 1943 1834
f 1834 1943 2084
f 1942 1838 1692
f 1840 1947 1948
f 1839 1947 1840
f 1949 1840 1948
f 1943 1840 1949
f 1698 1841 1836
f 1843 1837 1951
f 1839 1707 1952
f 1839 1952 1947
f 1955 1954 1836
f 1955 1836 1841
f 1707 1713 1952
f 1713 2099 1952
f 1846 1953 1964
f 1844 1957 1955
f 1957 1844 1958
f 1956 2110 1959
f 1960 2110 1956
f 1848 1961 1962
f 1849 1961 1578
f 1958 1965 1957
f 1966 1965 1958
f 1967 1966 1959
f 1847 1850 1968
f 1713 1847 1968
f 1713 1968 1969
f 1848 1962 1719
f 1962 1970 1719
f 1721 1963 1849
f 1963 1721 1971
f 1846 1972 1723
f 1964 1972 1846
f 1968 1850 1973
f 1850 1851 1973
f 1970 1974 1719
f 1971 1721 1975
f 1851 1976 2119
f 1851 2119 1973
f 1721 1852 1975
f 1853 1972 2101
f 1723 1972 1853
f 1978 2119 1976
f 1977 1978 1976
f 1975 1852 1731
f 1853 2101 1855
f 1977 2287 2125
f 1734 1974 1856
f 1974 1979 1856
f 1857 2279 1731
f 1980 1858 1856
f 1980 1856 1981
f 1981 1856 1979
f 1857 1983 2279
f 1984 1980 1981
f 1858 1980 1859
f 1985 1980 1984
f 1859 1980 1985
f 1860 1859 1985
f 1988 1860 1985
f 1986 1860 1988
f 1983 1860 1986
f 1987 1483 1366
f 1739 1861 2287
f 1483 1987 1600
f 1861 1370 1990
f 1990 1370 1862
f 1989 2132 2135
f 2134 1990 1862
f 2135 1863 1989
f 2138 1863 2135
f 1864 1991 2134
f 1864 2134 1862
f 1864 1865 1991
f 1992 1867 2137
f 2137 1867 1746
f 2138 1746 1863
f 2137 1746 2138
f 1865 1868 1991
f 1868 1993 1991
f 1994 1993 1868
f 1994 1996 1995
f 1997 1996 1869
f 1992 1869 1867
f 1992 1997 1869
f 1995 1998 1994
f 1996 1999 1995
f 2143 1999 1996
f 1997 2143 1996
f 1609 2000 2145
f 1609 2145 2146
f 1870 2001 2002
f 2003 2000 1758
f 1613 1755 2004
f 1613 2004 1760
f 2005 2001 1870
f 2006 1764 1763
f 2005 1870 1871
f 2153 2005 1871
f 1764 2006 1872
f 1873 1767 1872
f 1871 2007 2153
f 2155 2007 1622
f 1622 2008 2155
f 1874 2009 2327
f 1769 1771 2008
f 1771 1630 2008
f 2327 2010 2011
f 1628 2011 1876
f 1632 1877 2012
f 1632 2013 1878
f 2012 2013 1632
f 2013 2018 1878
f 1878 2018 1629
f 1629 2019 1773
f 1773 2019 1875
f 2019 2014 1875
f 2014 2015 1875
f 1875 2015 1883
f 2163 1404 2022
f 2011 1881 1876
f 2012 1882 2016
f 1877 1882 2012
f 2017 2013 2016
f 2016 2013 2012
f 1629 2018 2019
f 2014 2019 2020
f 2015 2014 2020
f 1883 2015 2021
f 1880 1883 2021
f 1519 2022 1404
f 2022 1519 2023
f 1881 2027 1884
f 1885 2016 1882
f 1885 2024 2016
f 2025 2017 2016
f 2024 2025 2016
f 1880 2021 2026
f 1884 2027 1887
f 1885 1786 2028
f 2025 2024 2028
f 2028 2024 1885
f 1888 1886 2029
f 2029 1886 2026
f 2027 1889 1887
f 2030 1889 2027
f 1892 2186 2031
f 1891 2186 1892
f 2028 1786 1892
f 2028 1892 2032
f 2032 1892 2031
f 2025 2028 2032
f 2033 1888 2029
f 1888 2033 1893
f 2036 2346 1306
f 1306 1787 2036
f 1894 1889 2034
f 1889 2030 2034
f 1891 2192 2186
f 2033 1896 1893
f 2036 1787 1897
f 1894 2037 1898
f 2037 1894 2034
f 2038 2192 2035
f 2044 2038 2035
f 1650 1901 2040
f 2041 2042 1896
f 2042 1801 1896
f 1898 2043 1902
f 1898 2037 2043
f 1900 2045 2046
f 1904 1900 2046
f 2039 2047 1900
f 2047 2045 1900
f 1650 2047 2039
f 2040 2047 1650
f 1901 1905 2040
f 1905 2048 2040
f 2048 1905 2055
f 2042 1912 1801
f 2050 2049 1906
f 2052 1902 2043
f 2051 1902 2052
f 2053 2206 1903
f 1903 2206 2044
f 1904 2054 1326
f 1904 2046 2054
f 1801 1912 1548
f 1906 2203 2050
f 1909 2203 1906
f 2053 2205 2206
f 2053 1662 2205
f 1908 2056 2055
f 2057 1909 1913
f 2057 2058 1909
f 2058 2203 1909
f 1910 2215 1660
f 1916 2058 2057
f 1916 1806 2061
f 2061 1806 2389
f 1662 1918 2063
f 2060 1808 1914
f 1547 1919 2064
f 1547 2064 2065
f 2056 1915 2065
f 1916 2061 2058
f 2063 1920 2224
f 1919 1921 2070
f 2066 1816 1912
f 1814 1922 2068
f 1814 2068 2224
f 1814 2224 1920
f 1921 1923 2070
f 1816 2066 1924
f 2066 2067 1924
f 1922 1925 2068
f 2067 1926 1924
f 2071 1926 2067
f 1925 1929 2068
f 2068 1929 2576
f 2069 1927 2073
f 2070 2069 2073
f 1926 2071 1928
f 2071 2074 1928
f 2080 2075 1927
f 1927 2075 2073
f 1932 2074 2076
f 2074 1932 1928
f 2077 1929 1933
f 2077 2576 1929
f 2072 2078 1935
f 1931 1930 2079
f 1930 1936 2079
f 1932 2076 1940
f 1937 2082 1938
f 1938 2082 1687
f 1933 1939 2231
f 2077 1933 2231
f 1935 2078 2081
f 1934 1935 2081
f 1832 1934 2233
f 1934 2081 2233
f 2079 1936 1832
f 2233 2079 1832
f 1937 2085 2082
f 1941 1687 2082
f 2231 1939 2241
f 2241 1939 1835
f 1940 2083 1833
f 1944 1941 2086
f 1944 2086 2087
f 2087 1945 1944
f 2088 1945 2087
f 1946 2803 1835
f 2803 2241 1835
f 1838 2093 1837
f 1838 1942 2093
f 1942 1833 2093
f 1948 1947 2089
f 1948 2090 1949
f 2089 2090 1948
f 1949 2090 2094
f 1949 2094 1943
f 1943 2094 2084
f 2091 1945 2088
f 1945 2091 1950
f 2092 1946 1836
f 1837 2093 1951
f 1947 1952 2089
f 2095 1950 2091
f 2095 1953 1950
f 2096 1836 1954
f 2096 2097 1836
f 2097 2092 1836
f 1954 1955 2096
f 1843 2098 1842
f 1843 2253 2098
f 1951 2253 1843
f 1952 2099 2089
f 2090 2089 2100
f 2100 2089 2099
f 2254 2094 2090
f 2100 2254 2090
f 1953 2095 1964
f 2095 2101 1964
f 1957 2102 2097
f 1957 2097 2096
f 1957 2096 1955
f 2110 1960 2111
f 1960 2098 2111
f 1842 2098 1960
f 2099 1713 2103
f 2100 2099 2104
f 2104 2099 2103
f 2254 2105 2106
f 2254 2107 2105
f 2107 2254 1961
f 2100 1961 2254
f 1961 2100 1962
f 2105 1962 2100
f 2100 2104 2105
f 2105 2104 2106
f 2107 1962 2105
f 2107 1961 2114
f 1961 1849 2115
f 1849 1963 2115
f 2102 2108 2097
f 1965 2108 2102
f 1965 2102 1957
f 2108 1965 2273
f 2273 1965 1966
f 2109 1966 2261
f 2261 1966 1967
f 2110 1967 1959
f 2110 2261 1967
f 1968 2118 1969
f 2103 1713 1969
f 2103 1969 2264
f 2104 2103 2264
f 2112 2104 2264
f 2104 2112 2106
f 2113 2107 2114
f 2107 2113 1962
f 1970 1962 2113
f 1961 2269 2114
f 2115 2269 1961
f 1963 2116 2115
f 1963 1971 2116
f 1964 2101 1972
f 2273 2117 2108
f 2109 2273 1966
f 1973 2274 2118
f 2118 1968 1973
f 1974 1970 2120
f 1970 2113 2120
f 1971 1975 2121
f 2116 1971 2121
f 1973 2119 2274
f 2119 1978 2122
f 2120 2124 1974
f 1975 1731 2121
f 2101 1982 1855
f 1977 2125 2123
f 1977 2123 2122
f 1977 2122 1978
f 1974 2124 1979
f 2122 2123 2125
f 1979 2126 1981
f 2124 2126 1979
f 1981 2126 1984
f 2282 1983 1986
f 2127 2282 1986
f 1987 1982 2128
f 1982 1987 1366
f 2129 1985 1984
f 2129 1988 1985
f 1988 2286 1986
f 1986 2286 2127
f 1987 2128 1600
f 2287 1861 2285
f 2286 1988 2129
f 2130 1989 1600
f 1861 2131 2285
f 2131 1861 1990
f 2135 2132 2133
f 2130 2132 1989
f 1990 2134 2131
f 2136 2291 2134
f 2134 1991 2136
f 1991 2139 2291
f 1991 2291 2136
f 1991 1993 2140
f 2139 1991 2140
f 1993 1994 2140
f 1997 1992 2144
f 1992 2137 2144
f 2138 2144 2137
f 2141 2139 2140
f 1994 2141 2140
f 1994 1998 2141
f 1998 2298 2141
f 2142 2298 1995
f 1995 2298 1998
f 2142 1995 1999
f 1997 2299 2143
f 2144 2299 1997
f 2143 2142 1999
f 2302 2142 2143
f 2145 2000 2003
f 2004 1755 2146
f 1755 1609 2146
f 2002 2147 2148
f 2001 2147 2002
f 2002 2148 2149
f 2003 2002 2149
f 2004 2146 2150
f 1760 2004 2151
f 2004 2150 2151
f 2151 2006 1760
f 2005 2152 2001
f 2001 2152 2147
f 1873 2006 2151
f 2005 2153 2154
f 2005 2154 2152
f 1872 2006 1873
f 2153 2315 2316
f 2153 2007 2315
f 2154 2153 2316
f 2155 2320 2007
f 2007 2320 2315
f 2155 2008 2156
f 2156 2320 2155
f 2008 2325 2156
f 1874 2157 2009
f 2160 2326 2158
f 2159 2161 2158
f 2159 2158 2326
f 2161 2159 2162
f 2164 2161 2162
f 2158 2161 2164
f 2164 2162 2165
f 2166 2163 2022
f 2167 2158 2164
f 2164 2165 2167
f 1881 2010 2168
f 2010 1881 2011
f 2013 2174 2018
f 2337 2018 2174
f 2337 2169 2018
f 2169 2019 2018
f 2020 2019 2170
f 2019 2169 2170
f 2171 2020 2170
f 2020 2172 2015
f 2171 2172 2020
f 2015 2172 2021
f 2166 2022 2023
f 2166 2023 2356
f 2167 2339 2173
f 2158 2167 2173
f 1881 2168 2027
f 2013 2017 2180
f 2017 2025 2180
f 2172 2171 2175
f 2176 2172 2175
f 2021 2177 2026
f 2021 2172 2177
f 2172 2176 2177
f 2025 2179 2180
f 2176 2175 2181
f 2182 2176 2181
f 2182 2183 2176
f 2176 2183 2177
f 2026 2183 2029
f 2177 2183 2026
f 2023 1306 2346
f 2160 2158 2184
f 2030 2027 2185
f 2027 2178 2185
f 2186 2179 2031
f 2179 2032 2031
f 2179 2025 2032
f 2183 2033 2029
f 2184 2158 2191
f 2187 2158 2173
f 2030 2188 2034
f 2185 2188 2030
f 2192 2359 2186
f 2033 2193 1896
f 2346 2189 2356
f 2036 2189 2346
f 2191 2158 2190
f 2190 2158 2187
f 2034 2188 2037
f 2188 2367 2037
f 2041 2193 2042
f 2041 1896 2193
f 2036 1897 2189
f 2194 2191 2190
f 2194 2190 2187
f 2194 2187 2195
f 2367 2043 2037
f 2371 2043 2367
f 2045 2196 2046
f 2045 2047 2196
f 2047 2040 2197
f 2196 2047 2197
f 2040 2048 2197
f 2048 2055 2197
f 2199 1897 2049
f 2049 2050 2199
f 2043 2371 2052
f 2196 2200 2054
f 2046 2196 2054
f 2197 2201 2196
f 2201 2200 2196
f 2197 2055 2212
f 2042 2198 1912
f 2203 2202 2199
f 2203 2199 2050
f 2051 2052 2204
f 1326 2207 1911
f 1326 2375 2207
f 2054 2375 1326
f 2054 2200 2375
f 2201 2208 2381
f 2201 2197 2208
f 2212 2208 2197
f 2055 2056 2212
f 2203 2376 2202
f 2376 2203 2058
f 1910 2059 2216
f 2051 2216 2059
f 2051 2204 2216
f 2205 1662 2209
f 2209 2206 2205
f 2060 2210 2386
f 2207 2060 1911
f 2207 2210 2060
f 2211 2381 2208
f 2219 2381 2211
f 2212 2211 2208
f 2058 2213 2376
f 1660 2214 2062
f 1660 2215 2214
f 2215 1910 2383
f 2216 2383 1910
f 2209 1662 2217
f 1662 2063 2217
f 2386 1808 2060
f 2218 1808 2386
f 2064 2219 2211
f 2064 1919 2219
f 2065 2064 2211
f 2212 2065 2211
f 2056 2065 2212
f 2058 2220 2213
f 2061 2220 2058
f 2389 2220 2061
f 2062 2221 1917
f 2062 2214 2221
f 2215 2221 2214
f 2217 2063 2559
f 1808 2218 2072
f 1919 2070 2219
f 1912 2198 2222
f 2390 2389 1917
f 2221 2390 1917
f 2223 2390 2221
f 2063 2224 2559
f 2066 1912 2222
f 2066 2222 2067
f 2393 2224 2068
f 2395 2393 2068
f 2071 2067 2225
f 2068 2576 2395
f 2398 2070 2073
f 2071 2225 2226
f 2071 2226 2074
f 2073 2075 2398
f 2074 2229 2076
f 2074 2226 2229
f 1931 2079 2227
f 1931 2228 2080
f 2227 2228 1931
f 2080 2228 2075
f 2076 2229 2230
f 2076 2230 1940
f 2077 2231 2576
f 2081 2078 2232
f 2079 2233 2234
f 2079 2234 2227
f 2230 2235 1940
f 2236 2237 2082
f 2082 2237 2238
f 2239 2238 2240
f 2239 1941 2238
f 1941 2082 2238
f 2083 2410 1833
f 2083 2242 2410
f 2083 1940 2242
f 1940 2235 2242
f 2085 2407 2082
f 2236 2082 2407
f 2086 2239 2243
f 2086 1941 2239
f 2086 2244 2087
f 2243 2244 2086
f 2087 2244 2088
f 2241 2803 3401
f 2410 2245 1833
f 1833 2245 2093
f 2085 2246 2247
f 2085 2084 2246
f 2084 2094 2246
f 2407 2085 2247
f 2243 2239 2248
f 2243 2248 2244
f 2088 2248 2091
f 2244 2248 2088
f 2093 2245 2249
f 1951 2093 2249
f 2095 2248 2250
f 2095 2091 2248
f 1946 2092 2251
f 2251 2092 2097
f 1951 2249 2253
f 2094 2254 2246
f 2250 2101 2095
f 2255 2256 2097
f 2256 2251 2097
f 2098 2257 2422
f 2252 2098 2253
f 2252 2257 2098
f 2254 2106 2258
f 2108 2259 2256
f 2108 2256 2255
f 2108 2255 2097
f 2111 2422 2110
f 2110 2422 2261
f 2422 2111 2098
f 1969 2262 2263
f 2118 2262 1969
f 1969 2263 2264
f 2112 2264 2265
f 2266 2113 2114
f 2113 2266 2267
f 2106 2112 2258
f 2265 2258 2112
f 2269 2268 2114
f 2114 2268 2266
f 2108 2117 2259
f 2117 2271 2259
f 2273 2271 2117
f 2273 2272 2271
f 2261 2273 2109
f 2260 2273 2261
f 2113 2267 2120
f 2267 2275 2120
f 2115 2276 2269
f 2115 2116 1731
f 1731 2116 2121
f 2274 2119 2277
f 2118 2274 2277
f 2119 2122 2277
f 2277 2122 2445
f 2120 2278 2124
f 2270 1982 2101
f 2445 2122 2280
f 2125 2449 2280
f 2280 2122 2125
f 2278 2126 2124
f 2281 2126 2278
f 2125 2287 2449
f 2126 2281 1984
f 1983 2282 2279
f 2270 2283 1982
f 2127 2637 2282
f 1982 2283 2128
f 2127 2454 2637
f 2127 2286 2454
f 2128 2283 1600
f 2283 2284 1600
f 2129 1984 2453
f 2284 2130 1600
f 2638 2130 2284
f 2287 2285 2131
f 2132 2288 2133
f 2132 2130 2288
f 2130 2638 2288
f 2287 2131 2289
f 2289 2131 2134
f 2133 2290 2135
f 2288 2290 2133
f 2134 2291 2289
f 2138 2293 2292
f 2138 2135 2293
f 2135 2290 2293
f 2144 2296 2295
f 2138 2296 2144
f 2138 2292 2296
f 2139 2297 2294
f 2139 2294 2291
f 2297 2139 2141
f 2295 2299 2144
f 2300 2297 2141
f 2298 2300 2141
f 2301 2300 2298
f 2142 2301 2298
f 2302 2470 2142
f 2142 2470 2301
f 2299 2302 2143
f 2305 2303 2145
f 2145 2303 2146
f 2304 2003 2149
f 2145 2003 2475
f 2475 2003 2304
f 2305 2306 2303
f 2146 2307 2150
f 2146 2303 2307
f 2303 2306 2307
f 2307 2310 2150
f 2150 2308 2151
f 2310 2308 2150
f 2148 2147 2311
f 2147 2152 2311
f 2307 2306 2309
f 2476 2307 2309
f 2310 2307 2476
f 2151 2308 1873
f 2152 2478 2311
f 2154 2478 2152
f 2312 2313 2310
f 2310 2313 2308
f 1873 2308 2314
f 2308 2313 2314
f 2154 2316 2478
f 2317 2318 2319
f 2317 2319 2313
f 2313 2319 2314
f 2314 2319 1873
f 2321 2316 2315
f 2320 2321 2315
f 2322 2319 2318
f 2323 2322 2318
f 1873 2322 1874
f 2319 2322 1873
f 2320 2156 2324
f 2322 2157 1874
f 2324 2156 2488
f 2008 1630 2325
f 2495 2326 2160
f 2325 1630 2328
f 2497 2162 2159
f 1630 2329 2328
f 2500 2165 2162
f 2329 2163 2501
f 2331 2165 2330
f 2165 2500 2330
f 2333 2332 2331
f 2333 2331 2330
f 2334 2332 2333
f 2163 2335 2501
f 2166 2335 2163
f 2336 2167 2331
f 2331 2167 2165
f 2336 2331 2332
f 2332 2334 2505
f 2169 2337 2170
f 2337 2338 2170
f 2170 2338 2171
f 2166 2356 2335
f 2167 2336 2339
f 2336 2340 2339
f 2341 2336 2332
f 2340 2336 2341
f 2332 2505 2341
f 2168 2010 2178
f 2168 2178 2027
f 2013 2180 2342
f 2013 2343 2174
f 2342 2343 2013
f 2174 2343 2337
f 2343 2344 2337
f 2345 2337 2344
f 2338 2337 2345
f 2171 2345 2175
f 2338 2345 2171
f 2356 2023 2346
f 2339 2347 2173
f 2339 2340 2347
f 2340 2341 2511
f 2180 2179 2348
f 2180 2348 2342
f 2343 2342 2349
f 2349 2342 2348
f 2349 2344 2343
f 2175 2345 2350
f 2175 2350 2181
f 2181 2350 2351
f 2183 2182 2351
f 2182 2181 2351
f 2178 2352 2185
f 2179 2186 2522
f 2179 2522 2348
f 2353 2348 2522
f 2349 2348 2353
f 2354 2349 2353
f 2183 2355 2033
f 2191 2532 2184
f 2347 2187 2173
f 2352 2188 2185
f 2357 2188 2352
f 2186 2359 2522
f 2359 2535 2522
f 2362 2358 2355
f 2033 2358 2193
f 2355 2358 2033
f 2531 2356 2189
f 2347 2533 2187
f 2188 2357 2367
f 2535 2359 2360
f 2361 2358 2362
f 2193 2358 2363
f 2358 2361 2363
f 2193 2363 2042
f 2531 2189 2364
f 2364 2189 1897
f 2365 2532 2191
f 2365 2191 2194
f 2366 2194 2195
f 2366 2365 2194
f 2195 2187 2533
f 2359 2368 2736
f 2359 2192 2368
f 2192 2038 2368
f 2360 2359 2736
f 2361 2362 2369
f 2369 2370 2361
f 2361 2370 2363
f 2042 2370 2198
f 2363 2370 2042
f 1897 2199 2364
f 2364 2199 2372
f 2044 2549 2038
f 2038 2549 2368
f 2202 2372 2199
f 2373 2372 2202
f 2052 2371 2204
f 2371 2374 2204
f 2375 2200 2201
f 2376 2377 2202
f 2377 2373 2202
f 2216 2204 2378
f 2378 2204 2374
f 2206 2209 2044
f 2044 2209 2384
f 2379 2210 2207
f 2380 2207 2375
f 2380 2379 2207
f 2213 2382 2377
f 2213 2377 2376
f 2557 2383 2216
f 2557 2216 2378
f 2217 2559 2384
f 2384 2209 2217
f 2386 2385 2218
f 2381 2219 2070
f 2198 2387 2222
f 2220 2382 2213
f 2215 2392 2221
f 2215 2383 2392
f 2389 2388 2382
f 2389 2382 2220
f 2391 2390 2223
f 2392 2223 2221
f 2392 2391 2223
f 2559 2224 2393
f 2222 2225 2067
f 2390 2394 2389
f 2391 2394 2390
f 2395 2571 2393
f 2395 2576 2397
f 2571 2395 2397
f 2398 2572 2070
f 2226 2225 2396
f 2572 2398 2399
f 2226 2402 2229
f 2398 2075 2399
f 2399 2075 2577
f 2078 2072 2232
f 2227 2400 2401
f 2234 2400 2227
f 2228 2227 2578
f 2227 2401 2578
f 2577 2075 2228
f 2578 2577 2228
f 2402 2230 2229
f 2235 2230 2402
f 2236 2403 2237
f 2403 2240 2237
f 2237 2240 2238
f 2241 2576 2231
f 2404 2576 2241
f 2081 2232 2405
f 2405 2232 2072
f 2235 2406 2242
f 2402 2406 2235
f 2407 2408 2236
f 2408 2403 2236
f 2582 2240 2403
f 2409 2240 2582
f 2239 2409 2248
f 2239 2240 2409
f 2241 3401 2404
f 2247 2246 2411
f 2407 2247 2411
f 2412 2408 2407
f 2248 2409 2415
f 2248 2415 2413
f 2245 2417 2249
f 2245 2410 2417
f 2411 2246 2414
f 2250 2415 2416
f 2250 2413 2415
f 2250 2248 2413
f 2249 2417 2253
f 2246 2254 2418
f 2250 2419 2101
f 2416 2419 2250
f 2803 1946 2251
f 2420 2257 2252
f 2417 2252 2253
f 2420 2252 2417
f 2254 2258 2418
f 2101 2421 2270
f 2419 2421 2101
f 2256 2259 2429
f 2260 2261 2422
f 2422 2424 2423
f 2257 2424 2422
f 2264 2263 2425
f 2265 2264 2425
f 2258 2426 2418
f 2426 2266 2418
f 2436 2418 2266
f 2418 2436 2425
f 2267 2425 2436
f 2425 2267 2426
f 2426 2265 2425
f 2258 2265 2426
f 2426 2267 2266
f 2436 2266 2268
f 2427 2270 2421
f 2427 2428 2270
f 2259 2430 2429
f 2431 2430 2271
f 2271 2430 2259
f 2431 2271 2441
f 2441 2271 2272
f 2432 2272 2433
f 2433 2272 2273
f 2260 2609 2273
f 2609 2433 2273
f 2422 2609 2260
f 2434 2609 2422
f 2423 2434 2422
f 2262 2118 2435
f 2436 2275 2267
f 2269 2276 2268
f 2276 2437 2268
f 2438 2437 2115
f 2115 2437 2276
f 2115 1731 2438
f 2428 2439 2270
f 2441 2440 2431
f 2442 2441 2272
f 2432 2442 2272
f 2277 2446 2118
f 2118 2446 2435
f 2438 1731 2443
f 2439 2444 2270
f 2277 2445 2446
f 2120 2275 2278
f 2443 1731 2447
f 2444 2283 2270
f 2275 2448 2278
f 1731 2279 2447
f 2280 2449 2450
f 2281 2278 2451
f 2278 2448 2451
f 2281 2452 1984
f 2451 2452 2281
f 2282 2637 2279
f 2129 2455 2456
f 2454 2286 2129
f 2456 2454 2129
f 2638 2457 2288
f 2287 2458 2639
f 2458 2287 2289
f 2290 2457 2459
f 2457 2290 2288
f 2289 2291 2458
f 2458 2291 2460
f 2290 2459 2293
f 2291 2294 2460
f 2292 2461 2462
f 2296 2292 2462
f 2461 2292 2293
f 2466 2651 2294
f 2651 2460 2294
f 2294 2297 2466
f 2464 2463 2299
f 2464 2299 2465
f 2465 2299 2295
f 2462 2295 2296
f 2465 2295 2462
f 2297 2467 2466
f 2300 2467 2297
f 2300 2301 2468
f 2468 2301 2469
f 2469 2301 2470
f 2471 2470 2655
f 2655 2470 2302
f 2463 2302 2299
f 2463 2655 2302
f 2300 2468 2467
f 2470 2472 2469
f 2473 2472 2470
f 2471 2473 2470
f 2145 2474 2305
f 2305 2474 2306
f 2148 2480 2149
f 2149 2664 2475
f 2149 2475 2304
f 2474 2145 2475
f 2306 2474 2309
f 2476 2309 2474
f 2476 2477 2310
f 2311 2478 2479
f 2311 2479 2480
f 2311 2480 2148
f 2476 2474 2674
f 2477 2476 2674
f 2312 2477 2482
f 2312 2310 2477
f 2478 2316 2481
f 2676 2479 2478
f 2481 2676 2478
f 2313 2312 2482
f 2313 2482 2317
f 2317 2482 2483
f 2483 2318 2317
f 2485 2318 2483
f 2481 2316 2484
f 2316 2321 2484
f 2318 2485 2323
f 2320 2324 2486
f 2320 2486 2321
f 2321 2486 2484
f 2487 2322 2323
f 2487 2323 2485
f 2322 2487 2157
f 2324 2488 2486
f 2488 2688 2486
f 2157 2489 2009
f 2487 2489 2157
f 2488 2156 2690
f 2490 2009 2489
f 2490 2327 2009
f 2325 2491 2156
f 2156 2491 2690
f 2490 2492 2327
f 2491 2325 2493
f 2495 2494 2326
f 2326 2494 2159
f 2494 2496 2159
f 2497 2159 2496
f 2325 2328 2493
f 2160 2498 2495
f 2497 2499 2162
f 2328 2329 2493
f 2327 2703 2010
f 2329 2501 2493
f 2501 2335 2493
f 2184 2498 2160
f 2330 2502 2333
f 2334 2333 2502
f 2334 2502 2503
f 2505 2503 2504
f 2505 2334 2503
f 2704 2505 2504
f 2506 2341 2505
f 2505 2704 2507
f 2505 2507 2506
f 2010 2508 2178
f 2010 2509 2508
f 2010 2703 2509
f 2510 2347 2340
f 2340 2511 2510
f 2341 2506 2511
f 2506 2512 2511
f 2506 2507 2513
f 2506 2513 2512
f 2508 2514 2178
f 2178 2514 2352
f 2509 2514 2508
f 2344 2349 2515
f 2344 2515 2345
f 2345 2516 2350
f 2515 2516 2345
f 2350 2517 2351
f 2516 2517 2350
f 2351 2517 2183
f 2518 2347 2510
f 2511 2520 2519
f 2518 2511 2519
f 2510 2511 2518
f 2520 2511 2512
f 2520 2512 2521
f 2521 2512 2513
f 2514 3858 2352
f 2522 2523 2353
f 2523 2524 2353
f 2524 2354 2353
f 2515 2349 2354
f 2515 2354 2524
f 2525 2516 2515
f 2525 2529 2516
f 2517 2516 2526
f 2526 2516 2529
f 2183 2526 2355
f 2517 2526 2183
f 2532 2727 2184
f 2527 2347 2518
f 2518 2519 2527
f 2357 2352 2528
f 2352 3858 2528
f 2522 2535 2536
f 2536 2523 2522
f 2717 2526 2529
f 2717 2355 2526
f 2717 2530 2355
f 2530 2362 2355
f 2527 2533 2347
f 2527 2519 2718
f 2527 2718 2533
f 2357 2528 2541
f 2357 2541 2367
f 2360 2534 2535
f 2530 2537 2362
f 2538 2532 2365
f 2365 2366 2543
f 2366 2539 2728
f 2366 2195 2539
f 2540 2195 2533
f 2539 2195 2540
f 2540 2533 2718
f 2360 2736 2542
f 2360 2542 2534
f 2535 2534 2542
f 2362 2537 2731
f 2369 2362 2731
f 2732 2369 2731
f 2364 2372 2547
f 2543 2538 2365
f 2544 2543 2366
f 2544 2366 2545
f 2545 2366 2728
f 2367 2548 2371
f 2736 2368 2740
f 2368 2549 2740
f 2370 2369 2546
f 2546 2369 2732
f 2551 2547 2372
f 2372 2373 2551
f 2370 2546 2550
f 2550 2198 2370
f 2551 2373 2555
f 2555 2373 2377
f 2549 2044 2552
f 2044 2384 2552
f 2380 2375 2553
f 2375 2201 2554
f 2553 2375 2554
f 2201 2381 2554
f 2550 2387 2198
f 2555 2377 2382
f 2556 2555 2382
f 2378 2558 2557
f 2374 2558 2378
f 2384 2559 2754
f 2384 2754 2552
f 2386 2560 2385
f 2210 2560 2386
f 2210 2561 2560
f 2210 2379 2561
f 2380 2561 2379
f 2757 2553 2554
f 2757 2554 2381
f 2757 2381 2758
f 2758 2381 2070
f 2562 2563 2382
f 2563 2556 2382
f 2383 2557 2564
f 2558 2564 2557
f 2385 2565 2218
f 2560 2565 2385
f 2566 2567 2563
f 2388 2566 2563
f 2388 2563 2562
f 2388 2562 2382
f 2392 2383 2568
f 2564 2568 2383
f 2218 2569 2072
f 2565 2569 2218
f 2222 2750 2225
f 2388 2567 2566
f 2388 2389 2567
f 2389 2570 2567
f 2394 2570 2389
f 2394 2391 2570
f 2393 2571 2559
f 2750 2396 2225
f 2070 2572 2764
f 2397 2775 2573
f 2773 2571 2397
f 2573 2773 2397
f 2574 2226 2396
f 2397 2576 2775
f 2399 2779 2575
f 2776 2572 2399
f 2575 2776 2399
f 2399 2577 2779
f 2578 2579 2577
f 2072 2786 2405
f 2401 2400 2580
f 2400 2234 2580
f 2403 2408 2581
f 2581 2582 2403
f 2582 2583 2409
f 2081 2405 2584
f 2584 2405 2786
f 2233 2585 2234
f 2234 2585 2580
f 2406 2586 2242
f 2412 2581 2408
f 2582 2581 2412
f 2583 2582 2587
f 2587 2582 2412
f 2409 2587 2415
f 2409 2583 2587
f 2410 2586 2588
f 2417 2410 2588
f 2586 2410 2242
f 2414 2246 2589
f 2411 2414 2589
f 2411 2589 2407
f 2590 2412 2407
f 2591 2587 2412
f 2415 2591 2592
f 2415 2587 2591
f 2415 2592 2416
f 2417 2593 2594
f 2593 2417 2588
f 2589 2418 2595
f 2246 2418 2589
f 2416 2596 2419
f 2592 2596 2416
f 2420 2597 2257
f 2420 2417 2597
f 2417 2594 2597
f 2595 2418 2598
f 2606 2599 2596
f 2419 2599 2421
f 2596 2599 2419
f 2803 2251 2600
f 2600 2251 2256
f 2424 2601 2423
f 2257 2601 2424
f 2257 2602 2601
f 2257 2597 2602
f 2263 2262 2603
f 2263 2603 2425
f 2603 2604 2425
f 2425 2604 2605
f 2418 2425 2605
f 2418 2605 2598
f 2428 2606 2607
f 2427 2606 2428
f 2427 2599 2606
f 2427 2421 2599
f 2608 2256 2429
f 2608 2812 2256
f 2812 2600 2256
f 2429 2430 2616
f 2608 2429 2616
f 2430 2431 2616
f 2432 2433 2609
f 2609 2434 2619
f 2434 2610 2619
f 2423 2610 2434
f 2423 2601 2610
f 2603 2435 2611
f 2262 2435 2603
f 2612 2603 2611
f 2613 2604 2612
f 2612 2604 2603
f 2614 2275 2436
f 2613 2605 2604
f 2436 2268 2614
f 2268 2437 2614
f 2437 2438 2614
f 2428 2607 2439
f 2608 2811 2812
f 2616 2811 2608
f 2431 2440 2616
f 2441 2616 2440
f 2442 2617 2441
f 2441 2617 2616
f 2432 2617 2442
f 2609 2617 2432
f 2618 2617 2609
f 2619 2618 2609
f 2611 2625 2620
f 2611 2435 2625
f 2435 2446 2625
f 2612 2611 2620
f 2621 2612 2620
f 2613 2612 2621
f 2623 2622 2614
f 2438 2443 2623
f 2614 2438 2623
f 2624 2607 2615
f 2439 2624 2444
f 2607 2624 2439
f 2446 2817 2625
f 2445 2817 2446
f 2614 2626 2275
f 2626 2622 2627
f 2626 2614 2622
f 2628 2627 2622
f 2623 2628 2622
f 2628 2623 2443
f 2628 2443 2629
f 2629 2443 2447
f 2283 2444 2624
f 2445 2280 2817
f 2275 2626 2448
f 2448 2626 2630
f 2447 2279 2629
f 2629 2279 2631
f 2280 2450 2632
f 2448 2825 2633
f 2448 2633 2451
f 2630 2825 2448
f 2449 2635 2632
f 2449 2632 2450
f 2452 2633 2634
f 2633 2452 2451
f 2449 2287 2635
f 2283 2636 2284
f 1984 2452 2453
f 2636 2638 2284
f 2129 2453 2640
f 2455 2129 2640
f 2455 2641 2456
f 2454 2456 2641
f 2454 2641 2642
f 2454 2642 2637
f 2643 2639 2458
f 2455 2640 2644
f 2645 2455 2644
f 2641 2455 2645
f 2457 2646 2459
f 2457 2638 2646
f 2838 2643 2648
f 2458 2460 2648
f 2643 2458 2648
f 2459 2646 2647
f 2459 2647 2293
f 2648 2460 2649
f 2462 2461 2650
f 2647 2461 2293
f 2650 2461 2647
f 2460 2651 2649
f 2464 2465 2652
f 2650 2465 2462
f 2652 2465 2650
f 2466 2653 2651
f 2654 2653 2467
f 2467 2653 2466
f 2656 2655 2847
f 2847 2655 2463
f 2652 2463 2464
f 2847 2463 2652
f 2467 2657 2654
f 2467 2468 2657
f 2468 2849 2657
f 2658 2849 2469
f 2469 2849 2468
f 2658 2469 2662
f 2662 2469 2472
f 2659 2472 2660
f 2660 2472 2473
f 2655 2473 2471
f 2655 2850 2473
f 2850 2660 2473
f 2656 2850 2655
f 2662 2661 2658
f 2663 2662 2472
f 2659 2663 2472
f 2664 2665 2475
f 2665 2474 2475
f 2666 2667 2474
f 2667 2668 2474
f 2480 2479 2669
f 2669 2670 2480
f 2670 2149 2480
f 2664 2149 2671
f 2671 2149 2670
f 2665 2664 2671
f 2854 2474 2665
f 2666 2474 2854
f 2672 2667 2666
f 2672 2673 2667
f 2667 2673 2668
f 2474 2668 2674
f 2668 2673 2674
f 2674 2675 2477
f 2477 2675 2482
f 2479 2676 2669
f 2676 2857 2669
f 2673 2672 2677
f 2674 2673 2677
f 2678 2674 2677
f 2678 2679 2674
f 2674 2679 2675
f 2482 2675 2680
f 2675 2679 2680
f 2482 2681 2483
f 2680 2681 2482
f 2483 2681 2485
f 2481 2484 2682
f 2676 2481 2682
f 2676 2682 2683
f 2857 2676 2683
f 2680 2679 2867
f 2680 2684 2681
f 2681 2684 2485
f 2682 2486 2685
f 2484 2486 2682
f 2687 2686 2684
f 2485 2686 2487
f 2684 2686 2485
f 2486 2688 2685
f 2688 2691 2685
f 2689 2686 2687
f 2487 2686 2489
f 2488 2690 2874
f 2688 2488 2874
f 2688 2874 2691
f 2490 2689 2692
f 2490 2686 2689
f 2490 2489 2686
f 2690 2491 2693
f 2693 2874 2690
f 2490 2694 2492
f 2692 2694 2490
f 2693 2493 2695
f 2491 2493 2693
f 2695 2696 2693
f 2697 2492 2694
f 2697 2327 2492
f 2695 2493 2698
f 2495 2699 2494
f 2495 2888 2699
f 2498 2888 2495
f 2494 2699 2700
f 2494 2700 2496
f 2496 2700 2497
f 2700 2499 2497
f 2162 2499 2884
f 2498 2701 2888
f 2884 2500 2162
f 2184 2701 2498
f 2184 2702 2701
f 2502 2504 2503
f 2330 2504 2502
f 2892 2704 2504
f 2703 2705 2509
f 2705 2514 2509
f 2707 2706 2520
f 2520 2706 2519
f 2895 2520 2521
f 2895 2707 2520
f 2521 2513 2507
f 2521 2507 2895
f 2524 2523 2708
f 2524 2709 2515
f 2708 2709 2524
f 2709 2714 2515
f 2714 2710 2515
f 2515 2711 2525
f 2710 2711 2515
f 2896 2519 2706
f 3858 2712 2528
f 2523 2721 2708
f 2721 2713 2708
f 2713 2709 2708
f 2715 2710 2714
f 2715 2722 2710
f 2710 2722 2711
f 2525 2716 2529
f 2525 2711 2716
f 2711 2722 2716
f 2716 2717 2529
f 2356 2531 2725
f 2896 2718 2519
f 2528 2712 2719
f 2541 2528 2719
f 2536 2535 2730
f 2536 2730 2720
f 2523 2536 2720
f 2523 2720 2721
f 2902 2713 2721
f 2723 2716 2722
f 2723 2724 2716
f 2716 2724 2717
f 2530 2724 2537
f 2717 2724 2530
f 2364 2725 2531
f 2726 2725 2364
f 2538 2727 2532
f 2540 2729 2539
f 2539 2729 2728
f 2906 2729 2540
f 2718 2906 2540
f 2719 2735 2541
f 2542 2736 2916
f 2535 2542 2916
f 2535 2916 2730
f 2731 2537 2724
f 2364 2547 2726
f 2733 2727 2538
f 2733 2538 2543
f 2733 2543 2544
f 2545 2728 2729
f 2729 2906 2734
f 2729 2734 2545
f 2541 2735 2367
f 2917 2918 2732
f 2918 2546 2732
f 2544 2545 2737
f 2548 2738 2371
f 2548 2739 2738
f 2548 2367 2739
f 2367 2735 2739
f 2741 2550 2546
f 2741 2546 2918
f 2547 2551 2555
f 2742 2547 2555
f 2738 2743 2371
f 2371 2743 2374
f 2739 2743 2738
f 2552 2931 2744
f 2740 2549 2552
f 2744 2740 2552
f 2550 2745 2387
f 2741 2745 2550
f 2751 2746 2555
f 2746 2742 2555
f 2555 2556 2751
f 2558 2374 2747
f 2374 2743 2747
f 2552 2754 2931
f 2931 2754 2748
f 2561 2380 2749
f 2560 2561 2749
f 2749 2380 2553
f 2935 2387 2745
f 2935 2750 2387
f 2751 2556 2946
f 2946 2556 2563
f 2753 2558 2747
f 2752 2558 2753
f 2560 2756 2565
f 2756 2755 2565
f 2749 2756 2560
f 2553 2756 2749
f 2387 2750 2222
f 2765 2759 2563
f 2759 2946 2563
f 2563 2567 2765
f 2568 2564 2558
f 2568 2558 2760
f 2761 2760 2752
f 2760 2558 2752
f 2753 2761 2752
f 2569 2762 2763
f 2755 2569 2565
f 2762 2569 2755
f 2758 2070 2764
f 2567 2766 2765
f 2570 2766 2567
f 2961 2570 2391
f 2391 2392 2767
f 2392 2768 2767
f 2568 2768 2392
f 2568 2955 2768
f 2760 2955 2568
f 2769 2955 2760
f 2761 2769 2760
f 2559 2571 2956
f 2569 2763 2072
f 2750 2771 2396
f 2570 2961 2766
f 2962 2961 2391
f 2772 2962 2391
f 2767 2772 2391
f 2768 2772 2767
f 2571 2773 2956
f 2764 2572 2770
f 2770 2572 2959
f 2771 2774 2396
f 2573 2775 2972
f 2573 2972 2773
f 2572 2776 2959
f 2226 2574 2777
f 2774 2574 2396
f 2777 2574 2774
f 2775 2576 2778
f 2778 2972 2775
f 2575 2779 2976
f 2575 2976 2776
f 2226 2777 2402
f 2778 2576 2780
f 2779 2781 2782
f 2779 2577 2781
f 2976 2779 2782
f 2577 2579 2781
f 2780 2576 2404
f 2780 2404 3401
f 2401 2580 2784
f 2784 2578 2401
f 2406 2402 2785
f 2785 2402 2783
f 2787 2578 2784
f 2579 2578 2787
f 2406 2785 2586
f 2785 2788 2586
f 2081 2584 2789
f 2789 2584 2786
f 2586 2790 2588
f 2586 2788 2790
f 2407 2589 2791
f 2791 2590 2407
f 2792 2591 2412
f 2593 2793 2594
f 2588 2793 2593
f 2790 2793 2588
f 2791 2595 2794
f 2589 2595 2791
f 2794 2795 2590
f 2794 2590 2791
f 2412 2590 2795
f 2792 2412 2796
f 2792 2797 2798
f 2792 2798 2591
f 2592 2798 2596
f 2591 2798 2592
f 3401 2803 2992
f 2594 2799 2597
f 2794 2800 2801
f 2794 2595 2800
f 2595 2598 2800
f 2798 2802 2596
f 2802 2606 2596
f 2601 2602 2804
f 2799 2602 2597
f 2804 2602 2799
f 2605 2805 2598
f 2805 2800 2598
f 2806 2606 2802
f 2606 2806 2607
f 2610 2807 2808
f 2804 2610 2601
f 2807 2610 2804
f 2613 2621 2809
f 2805 2605 2613
f 2809 2805 2613
f 2607 2810 2615
f 2806 2810 2607
f 2811 2616 2813
f 2813 2616 2814
f 2616 2617 2814
f 2814 2617 2618
f 2815 2618 3010
f 3010 2618 2619
f 2808 2619 2610
f 3010 2619 2808
f 2625 2816 2620
f 2811 2813 2812
f 3015 2814 2618
f 2815 3015 2618
f 2625 2817 2818
f 2625 2818 2816
f 2627 2628 2819
f 2628 2629 2819
f 2820 2283 2624
f 2820 2624 2615
f 2817 2821 2822
f 2817 2280 2821
f 2818 2817 2822
f 2627 2823 2630
f 2626 2627 2630
f 2819 2823 2627
f 2824 2823 2819
f 2629 2631 2824
f 2819 2629 2824
f 2280 2632 2821
f 2821 2632 3022
f 2633 2825 3024
f 2823 2825 2630
f 2823 2826 2825
f 2827 2826 2823
f 2824 2827 2823
f 2827 2824 2631
f 2827 2631 2828
f 2828 2631 2279
f 3022 2632 2829
f 2633 2830 2634
f 2633 3024 2830
f 2829 2632 2635
f 2831 2829 2635
f 2830 2452 2634
f 3026 2279 2637
f 2832 2636 2820
f 2820 2636 2283
f 2452 2833 2453
f 2638 2636 2832
f 2287 2639 3035
f 3035 2639 4145
f 2640 2453 2833
f 2834 2640 2833
f 2641 2835 2642
f 2639 2643 4145
f 2644 2640 2834
f 2645 2644 2834
f 2645 2834 2836
f 2835 2641 2645
f 2836 2835 2645
f 2638 2837 2646
f 2643 2838 4145
f 2647 2646 2837
f 2842 2838 2648
f 2842 2839 2838
f 2648 2649 2842
f 2650 2841 2840
f 2650 2647 2841
f 2842 2649 2845
f 2845 2649 2651
f 2652 2844 2843
f 2650 2844 2652
f 2650 2840 2844
f 2653 2845 2651
f 2845 2653 2654
f 2846 2845 2654
f 2652 2848 2847
f 2652 2843 2848
f 2659 2660 2850
f 2848 2656 2847
f 2657 2851 2654
f 2849 2851 2657
f 2852 2851 2849
f 2658 2852 2849
f 2658 2661 2852
f 2662 2852 2661
f 2663 2853 2662
f 2662 2853 2852
f 2659 2853 2663
f 2850 2853 2659
f 2670 2669 2854
f 2670 2854 2671
f 2671 2854 2665
f 2854 2855 2666
f 2666 2856 2672
f 2855 2856 2666
f 2669 2857 2854
f 2858 2854 2857
f 2859 2854 2858
f 2855 2854 2860
f 2855 2866 2861
f 2855 2861 2856
f 2672 2862 2677
f 2672 2856 2862
f 2856 2861 2862
f 2862 2678 2677
f 2683 2682 2863
f 2683 2863 2857
f 2863 2864 2857
f 2865 2858 2864
f 2864 2858 2857
f 2862 2861 2866
f 3069 2862 2866
f 2678 2862 3069
f 2868 2678 3069
f 2867 2678 2868
f 2867 2679 2678
f 2867 2869 2680
f 2680 2869 2684
f 2863 2685 2870
f 2682 2685 2863
f 2870 2864 2863
f 2867 2868 2871
f 2871 2872 2867
f 2867 2872 2869
f 2684 2872 2687
f 2869 2872 2684
f 2872 2873 2687
f 2873 2689 2687
f 2875 2689 2873
f 2689 2875 2692
f 2874 3084 3085
f 2874 2693 3084
f 2691 2874 3085
f 2875 2876 2692
f 2876 2694 2692
f 2693 2696 3084
f 3084 2696 2877
f 2878 2697 2694
f 2878 2694 2876
f 2695 2698 2879
f 2695 2879 2696
f 2696 2879 2877
f 2697 2880 2327
f 2878 2880 2697
f 2698 2493 2879
f 2493 3090 2879
f 2888 2887 2699
f 2699 2887 2881
f 2882 2699 2881
f 2700 2699 2882
f 2882 3091 2700
f 2700 2883 2499
f 3091 2883 2700
f 2884 2499 2883
f 3093 2327 2880
f 3093 2885 2327
f 2885 2703 2327
f 3090 2493 2886
f 2885 2889 2703
f 2493 2335 2886
f 2886 2335 2890
f 2702 2888 2701
f 2702 2184 2888
f 2500 2891 2330
f 2335 2356 2890
f 2507 2704 2892
f 2894 2514 2705
f 2507 3107 2895
f 2514 2894 3858
f 2896 2706 2707
f 2707 2895 2897
f 2897 2895 3107
f 2709 2713 2898
f 2709 2898 2714
f 2714 2899 2715
f 2898 2899 2714
f 2900 2718 2896
f 2712 2901 2719
f 2902 2898 2713
f 2899 2898 2903
f 2903 2898 2902
f 2715 2903 2722
f 2715 2899 2903
f 2722 2904 2723
f 2903 2904 2722
f 2723 2904 2724
f 2911 2905 2725
f 2905 2356 2725
f 2725 2726 2911
f 2900 2906 2718
f 2719 2914 2735
f 2907 2719 2901
f 2914 2719 2907
f 2720 2730 3114
f 2720 3114 2908
f 2720 2908 2721
f 2902 2721 2908
f 2909 2902 2908
f 3115 2903 2902
f 2904 2903 3115
f 2731 2904 2910
f 2731 2724 2904
f 2731 2910 2732
f 2911 2726 2547
f 2727 2733 2912
f 2920 2727 2912
f 2913 2734 2906
f 2914 2915 2735
f 2918 2917 2919
f 2917 2732 2910
f 2928 2920 2921
f 2921 2920 2544
f 2920 2912 2544
f 2912 2733 2544
f 2544 2737 2921
f 2545 2922 2737
f 2545 2923 2922
f 2913 2923 2545
f 2734 2913 2545
f 2735 2915 2739
f 2915 2924 2739
f 2918 2919 2925
f 2925 2926 2918
f 2926 2741 2918
f 2547 2742 2927
f 2928 2921 2737
f 2928 2737 2929
f 2929 2737 2922
f 2922 2923 3134
f 3134 2923 2913
f 2743 2924 2930
f 2924 2743 2739
f 2744 2931 2736
f 2740 2744 2736
f 2741 2926 2745
f 2933 2927 2932
f 2742 2746 2932
f 2927 2742 2932
f 2743 2930 2747
f 2931 2748 2934
f 2934 2736 2931
f 2935 2745 2936
f 2936 2745 2926
f 2937 2933 2932
f 2746 2751 2938
f 2746 2938 2932
f 2932 2938 2937
f 2751 2946 2938
f 2747 2939 2753
f 2934 2748 2940
f 2748 2754 2940
f 2755 2756 2941
f 2949 2755 2941
f 2941 2756 2942
f 2756 2553 2942
f 2942 2553 2757
f 2943 2935 2936
f 2935 2943 2750
f 2937 2944 2933
f 2938 2944 2937
f 2945 2944 2938
f 2945 2938 2946
f 2761 3151 2947
f 2939 2761 2753
f 3151 2761 2939
f 2762 2948 2763
f 2949 2762 2755
f 2949 2948 2762
f 2950 2941 2942
f 2950 2942 2951
f 2757 2952 2942
f 2952 2951 2942
f 2758 2764 2952
f 2757 2758 2952
f 2953 2759 2765
f 2765 2766 2954
f 2953 2765 2954
f 3167 2955 3160
f 3160 2955 2769
f 2947 2769 2761
f 3160 2769 2947
f 2754 2559 2956
f 2763 2957 2072
f 2958 2951 2952
f 2958 2952 2764
f 2958 2764 2959
f 2959 2764 2770
f 2750 2943 2771
f 2953 2960 2759
f 2766 2961 2954
f 2954 2961 2953
f 2962 2772 2970
f 2970 2772 2963
f 2772 2964 2963
f 2768 2964 2772
f 2768 2955 2964
f 3167 2964 2955
f 2956 2773 2965
f 2967 2774 2943
f 2943 2774 2771
f 2960 2953 2968
f 2953 2961 2968
f 2975 2962 2969
f 2975 2968 2962
f 2968 2961 2962
f 2970 2969 2962
f 2971 2970 2963
f 2964 2971 2963
f 2773 2972 2965
f 2959 2776 2966
f 2966 2776 3171
f 2777 2774 2967
f 2777 2967 2402
f 2975 2974 2968
f 2972 2778 3401
f 2776 2976 3171
f 2778 2780 3401
f 2781 2977 2782
f 2977 2976 2782
f 2072 3393 2786
f 2977 2781 3188
f 2781 2579 3188
f 3188 2579 2978
f 2785 2979 2980
f 2979 2785 2783
f 2784 2580 2981
f 2981 2982 2784
f 2982 2787 2784
f 2978 2579 2787
f 2982 2978 2787
f 2785 2980 2788
f 2786 2983 2789
f 2981 2585 2987
f 2580 2585 2981
f 2987 2984 2981
f 2788 2985 2790
f 2081 2993 2233
f 2585 2233 2986
f 2585 2986 2987
f 2793 2988 2989
f 2985 2793 2790
f 2988 2793 2985
f 2795 2794 2990
f 2795 2990 2412
f 2412 2991 2796
f 2990 2991 2412
f 2792 2796 2797
f 2081 2789 2993
f 2233 2993 2994
f 2986 2233 2994
f 2594 2995 2799
f 2594 2793 2995
f 2793 2989 2995
f 2800 2996 2801
f 2990 2794 2801
f 2990 2801 2997
f 2997 2801 2996
f 2998 2990 2997
f 2991 2990 2998
f 2991 3004 2796
f 2797 2999 2798
f 2797 2796 2999
f 2796 3004 2999
f 2798 2999 2802
f 2992 2803 3000
f 2804 3002 3001
f 2799 3002 2804
f 2799 2995 3002
f 2805 3200 3003
f 2996 2800 2805
f 3003 2996 2805
f 2802 3004 2806
f 2999 3004 2802
f 3005 3000 2803
f 2803 2600 3005
f 2807 3006 2808
f 2804 3006 2807
f 2804 3001 3006
f 3002 3006 3001
f 2621 3007 2809
f 3200 2805 2809
f 3007 3200 2809
f 3004 3008 2806
f 3008 2810 2806
f 3005 2600 3009
f 3009 2600 2812
f 2808 3011 3010
f 2808 3006 3011
f 2620 2816 3012
f 2621 2620 3013
f 2620 3012 3013
f 3013 3007 2621
f 2615 2810 3210
f 3210 2810 3008
f 3018 2812 2813
f 3018 3014 2812
f 3014 3009 2812
f 3018 2813 2814
f 2815 3016 3015
f 2815 3011 3016
f 2815 3010 3011
f 3017 2820 2615
f 3015 3019 2814
f 3219 3019 3015
f 3016 3219 3015
f 2822 3020 2818
f 3017 3021 2820
f 2822 2821 3022
f 2825 3023 3024
f 2826 3023 2825
f 2827 3023 2826
f 2827 3025 3023
f 3025 2827 2828
f 3026 3025 2828
f 3022 2829 3027
f 3024 3028 2830
f 2828 2279 3026
f 3021 3029 2820
f 2635 3030 2831
f 3027 2829 2831
f 2452 3028 3031
f 3028 2452 2830
f 3029 3032 2820
f 2635 2287 3030
f 3030 2287 3033
f 3031 3034 2452
f 2820 3032 2832
f 2287 3035 3033
f 2452 3034 2833
f 3026 2637 3243
f 3036 2833 3037
f 2833 3036 2834
f 2835 3038 2642
f 3243 2637 2642
f 3038 3243 2642
f 3042 3036 3037
f 2834 3036 3039
f 2834 3040 2836
f 3039 3040 2834
f 2836 3040 3244
f 2836 3244 2835
f 2835 3244 3038
f 4145 2838 2839
f 3041 3036 3042
f 3039 3036 3041
f 3043 3039 3041
f 3044 3040 3043
f 3043 3040 3039
f 3244 3040 3044
f 2647 3045 3046
f 3045 2647 2837
f 3041 3042 3047
f 3048 3041 3047
f 3043 3041 3048
f 3044 3043 3048
f 2647 3046 2841
f 3046 3049 2841
f 2839 3050 3248
f 2842 3050 2839
f 3050 2842 2845
f 2840 3049 3051
f 2844 2840 3051
f 3049 2840 2841
f 3052 3053 2845
f 3053 3050 2845
f 2845 2846 3052
f 2843 3054 3055
f 2848 2843 3055
f 3051 2843 2844
f 3054 2843 3051
f 3053 3052 2846
f 2656 3057 3056
f 2656 2848 3057
f 2848 3055 3057
f 2851 3262 2654
f 3262 2846 2654
f 2851 2852 3059
f 2853 2850 3058
f 2656 3058 2850
f 2656 3056 3058
f 2851 3261 3262
f 3059 3261 2851
f 3263 3059 2852
f 2853 3263 2852
f 3058 3060 2853
f 2854 2859 3061
f 2854 3062 2860
f 3061 3062 2854
f 2855 2860 2866
f 2858 2865 3063
f 3063 3064 2858
f 3064 3271 2858
f 2858 3271 3065
f 2859 2858 3065
f 2859 3065 3061
f 3062 3061 3065
f 3066 3062 3065
f 2860 3062 3066
f 3068 2860 3066
f 2866 3068 3067
f 2866 2860 3068
f 3067 3069 2866
f 3069 3070 2868
f 2864 2870 3071
f 2864 3063 2865
f 2864 3071 3063
f 3071 3072 3063
f 3072 3064 3063
f 3073 3069 3067
f 3073 3074 3069
f 3069 3074 3070
f 2868 3075 2871
f 2868 3070 3075
f 3070 3074 3075
f 2870 2685 3076
f 2870 3076 3077
f 2870 3077 3071
f 3072 3071 3077
f 3078 3079 3074
f 3074 3079 3075
f 2871 3080 2872
f 2871 3075 3080
f 3075 3079 3080
f 2872 3080 2873
f 3076 2685 3081
f 2685 2691 3081
f 3077 3076 3081
f 3082 3086 3083
f 3082 3083 3079
f 3079 3083 3080
f 2873 3083 2875
f 3080 3083 2873
f 2691 3085 3081
f 2876 3086 3087
f 2875 3086 2876
f 2875 3083 3086
f 3084 2877 3088
f 3290 3085 3084
f 3088 3290 3084
f 3089 2876 3087
f 2876 3089 2878
f 2879 3090 2877
f 3091 2882 2881
f 3092 2883 3091
f 3092 2884 2883
f 3093 2880 3094
f 3094 2880 2878
f 2886 3095 3090
f 2888 3096 2887
f 3096 3097 2887
f 2887 3097 2881
f 3097 3295 2881
f 2881 3295 3091
f 3091 3295 3098
f 3091 3098 3092
f 2884 3092 3098
f 2500 2884 3098
f 3099 3093 3094
f 2885 3099 2889
f 3093 3099 2885
f 2886 2890 3100
f 3297 3095 2886
f 3100 3297 2886
f 2888 3101 3096
f 2184 3101 2888
f 3096 3101 3097
f 2891 2504 2330
f 2892 2504 3306
f 2703 2889 3099
f 3100 2890 3102
f 2890 2356 3102
f 2727 3101 2184
f 2727 2893 3101
f 3306 2507 2892
f 3102 2356 3308
f 2703 3103 2705
f 2356 3104 3308
f 3103 2894 2705
f 3106 2894 3103
f 3310 3107 2507
f 2894 3106 3858
f 3108 2896 2707
f 2707 2897 3108
f 3107 3316 2897
f 3109 2900 3108
f 3108 2900 2896
f 3109 2897 3110
f 3108 2897 3109
f 3110 2897 3316
f 2712 3858 2901
f 2356 2905 3111
f 3113 2900 3109
f 3113 2906 2900
f 3113 3109 3110
f 2901 3120 2907
f 3114 2909 2908
f 2909 3122 2902
f 3115 3116 2904
f 2904 3116 2910
f 2911 3111 2905
f 3111 2911 2547
f 2927 3111 2547
f 2920 3112 2727
f 2920 3117 3112
f 3113 2913 2906
f 3118 2913 3113
f 2914 3119 2915
f 2914 3120 3119
f 2914 2907 3120
f 3114 2730 3121
f 2909 3114 3121
f 3122 2909 3121
f 3115 2902 3123
f 3115 3124 3116
f 2910 3125 2917
f 2910 3116 3125
f 3116 3124 3125
f 2917 3125 2919
f 3131 2920 3126
f 3117 2920 3131
f 2928 3126 2920
f 3324 2913 3118
f 3119 3127 2915
f 2915 3127 2924
f 3120 3127 3119
f 2916 2736 3332
f 2916 3332 3128
f 2916 3128 2730
f 3121 2730 3128
f 3129 3130 3124
f 3124 3130 3125
f 2919 3125 2925
f 3125 3130 2925
f 3139 3131 3132
f 3132 3131 2928
f 3131 3126 2928
f 2929 3133 2928
f 2928 3133 3132
f 2922 3134 2929
f 2913 3135 3134
f 3324 3135 2913
f 2924 3136 2930
f 2924 3127 3136
f 3137 3138 3130
f 3130 3138 2925
f 2925 3138 2926
f 2927 2933 4374
f 3139 3132 3133
f 3133 2929 3140
f 3140 2929 3134
f 3140 3134 3348
f 3348 3134 3135
f 2930 3136 3141
f 2930 3141 2747
f 2736 2934 3142
f 3146 2736 3142
f 3146 3351 2736
f 3143 3138 3137
f 3144 3143 3137
f 2926 3143 2936
f 3138 3143 2926
f 2747 3141 2939
f 2940 3142 2934
f 2940 3145 3142
f 3147 3351 3146
f 3143 3148 2936
f 3148 2943 2936
f 2944 3149 2933
f 3150 3149 2945
f 2945 3149 2944
f 2945 2946 3150
f 2947 3151 3152
f 3145 2754 3153
f 2940 2754 3145
f 3142 3145 3153
f 3146 3142 3154
f 3154 3142 3153
f 3147 3155 3363
f 3147 3156 3155
f 3156 3147 2948
f 3146 2948 3147
f 2948 3146 2763
f 3155 2763 3146
f 3146 3154 3155
f 3155 3154 3363
f 3156 2763 3155
f 2948 2949 3156
f 2949 2941 3157
f 3156 2949 3157
f 2941 2950 3157
f 3148 3158 2943
f 3159 3150 2946
f 3159 2946 2759
f 2754 2956 3161
f 2754 3161 3366
f 2754 3366 3153
f 3162 3153 3366
f 3154 3153 3162
f 2763 3163 2957
f 3163 3154 2957
f 3162 2957 3154
f 2957 3162 3169
f 3363 3169 3162
f 3169 3363 3163
f 3163 3156 3169
f 2763 3156 3163
f 3163 3363 3154
f 3164 3169 3156
f 3157 3164 3156
f 2950 2951 3165
f 2950 3165 3157
f 3157 3165 3164
f 3165 2951 2958
f 2960 3159 2759
f 3370 3159 2960
f 2964 3167 3166
f 2947 3167 3160
f 3161 2965 3168
f 2956 2965 3161
f 3169 3170 2957
f 2957 3170 2072
f 2958 2959 3171
f 3171 2959 2966
f 2943 3158 2967
f 3177 3172 2960
f 3172 3370 2960
f 2960 2968 3177
f 2969 2970 3173
f 2970 2971 3174
f 3173 2970 3174
f 2964 3174 2971
f 2964 3166 3174
f 3168 2965 3175
f 2965 2972 3175
f 2072 3170 2973
f 2967 3176 2402
f 2968 2974 3177
f 2974 3178 3177
f 2974 3173 3178
f 2975 3173 2974
f 2969 3173 2975
f 3174 3179 3173
f 3180 3179 3174
f 2972 3401 3175
f 3171 2976 3181
f 2973 3182 2072
f 2977 3183 3184
f 3181 2976 2977
f 3184 3181 2977
f 2072 3182 3393
f 2977 3188 3183
f 2402 3185 2783
f 3393 3186 2786
f 2979 3187 2980
f 2979 2783 3187
f 2783 3185 3187
f 2982 2981 3188
f 2982 3188 2978
f 2980 3187 3189
f 2980 3189 2788
f 2981 2984 3188
f 2984 3399 3188
f 2788 3189 2985
f 2983 3190 2789
f 2987 2986 3191
f 2987 3191 3192
f 2984 2987 3192
f 3399 2984 3192
f 2988 3193 2989
f 2988 2985 3193
f 2789 3190 3194
f 2993 2789 3194
f 2994 2993 3194
f 2994 3194 3195
f 3191 2986 2994
f 3191 2994 3196
f 3196 2994 3195
f 3192 3191 3196
f 2989 3197 2995
f 3193 3197 2989
f 2996 2998 2997
f 2998 3199 2991
f 2992 3000 3401
f 3003 3200 3410
f 3198 2996 3003
f 3198 3003 3410
f 2998 2996 3198
f 3201 2998 3198
f 3199 2998 3201
f 2991 3199 3202
f 3002 3203 3006
f 3002 2995 3203
f 3007 3414 3204
f 3204 3200 3007
f 3004 3205 3008
f 3004 3202 3205
f 3004 2991 3202
f 3211 3000 3005
f 3211 3206 3000
f 3206 3401 3000
f 3005 3009 3211
f 3006 3207 3011
f 3006 3208 3207
f 3203 3208 3006
f 3013 3209 3007
f 3007 3209 3414
f 3210 3008 3205
f 3213 3210 3205
f 3012 2816 3212
f 2816 2818 3212
f 3017 3213 3425
f 2615 3213 3017
f 2615 3210 3213
f 3014 3214 3009
f 3018 3214 3014
f 3215 3214 2814
f 2814 3214 3018
f 3215 2814 3224
f 3224 2814 3216
f 3216 2814 3217
f 2814 3019 3218
f 3217 2814 3218
f 3218 3019 3219
f 3016 3220 3219
f 3016 3011 3220
f 2818 3020 3212
f 3212 3020 3221
f 3222 3017 3425
f 3017 3222 3021
f 3224 3223 3215
f 3225 3217 3218
f 3219 3225 3218
f 3220 3225 3219
f 2822 3022 3226
f 2822 3226 3221
f 2822 3221 3020
f 3023 3227 3024
f 3227 3023 3228
f 3023 3025 3228
f 3025 3026 3228
f 3229 3021 3222
f 3226 3022 3230
f 3022 3027 3230
f 3221 3226 3230
f 3227 3231 3028
f 3024 3227 3028
f 3228 3232 3227
f 3232 3231 3227
f 3021 3229 3029
f 3229 3032 3029
f 2831 3030 3233
f 2831 3233 3443
f 2831 3443 3027
f 3027 3443 3230
f 3028 3234 3031
f 3028 3231 3234
f 3232 3240 3235
f 3232 3228 3240
f 3228 3026 3240
f 3233 3030 3237
f 3030 3033 3237
f 3443 3233 3237
f 3031 3238 3034
f 3239 3031 3234
f 3238 3031 3239
f 3241 3235 3240
f 3032 3236 2832
f 3236 2638 2832
f 3033 3035 3237
f 3238 3242 3034
f 3034 3242 2833
f 3239 3242 3238
f 3243 3241 3240
f 3240 3026 3243
f 2833 3242 3037
f 3242 3042 3037
f 3038 3241 3243
f 3038 3244 3241
f 3044 3245 3246
f 3450 3244 3044
f 3246 3450 3044
f 3045 3247 3046
f 3045 2837 3247
f 2837 2638 3247
f 2839 3248 4145
f 3245 3044 3048
f 3046 3249 3250
f 3046 3250 3049
f 3247 3249 3046
f 3251 3248 3050
f 3251 3252 3248
f 3049 3458 3051
f 3049 3250 3458
f 3252 3251 3050
f 3252 3050 3253
f 3253 3050 3053
f 3054 3254 3055
f 3051 3254 3054
f 3051 3255 3254
f 3458 3255 3051
f 3258 3256 3053
f 3256 3253 3053
f 3053 2846 3258
f 3055 3257 3057
f 3257 3055 3254
f 3258 2846 3462
f 3462 2846 3262
f 3056 3460 3259
f 3058 3056 3259
f 3257 3056 3057
f 3257 3260 3056
f 3260 3460 3056
f 3261 3059 3263
f 3263 2853 3264
f 3264 2853 3060
f 3265 3060 3266
f 3266 3060 3058
f 3058 3463 3266
f 3463 3058 3259
f 3261 3263 3262
f 3060 3267 3264
f 3265 3267 3060
f 3065 3269 3066
f 3268 3269 3065
f 3066 3269 3068
f 3064 3072 3270
f 3270 3271 3064
f 3271 3268 3065
f 3269 3268 3271
f 3272 3269 3271
f 3068 3269 3067
f 3269 3272 3067
f 3077 3274 3072
f 3273 3274 3077
f 3072 3274 3275
f 3072 3275 3270
f 3271 3270 3275
f 3276 3271 3275
f 3277 3271 3276
f 3272 3271 3277
f 3278 3067 3272
f 3278 3283 3067
f 3067 3283 3073
f 3074 3279 3078
f 3074 3073 3279
f 3073 3283 3279
f 3078 3279 3079
f 3081 3273 3077
f 3081 3280 3273
f 3280 3281 3273
f 3282 3274 3281
f 3281 3274 3273
f 3284 3279 3283
f 3079 3279 3284
f 3079 3284 3082
f 3082 3284 3285
f 3285 3086 3082
f 3286 3086 3285
f 3280 3085 3287
f 3081 3085 3280
f 3288 3281 3287
f 3287 3281 3280
f 3289 3086 3286
f 3086 3289 3087
f 3088 2877 3292
f 3088 3292 3290
f 3291 3089 3087
f 2877 3090 3292
f 3089 3291 3293
f 3293 2878 3089
f 3293 3094 2878
f 3090 3095 3292
f 3292 3095 3294
f 3296 3098 3295
f 3296 2500 3098
f 3094 3293 3099
f 3095 3297 3294
f 3295 3097 3101
f 3298 3295 3101
f 3299 3295 3298
f 3295 3299 3296
f 3300 2891 2500
f 3296 3300 2500
f 3299 3300 3296
f 2504 2891 3300
f 3301 2703 3099
f 3100 3102 3302
f 3100 3302 3297
f 2893 3303 3298
f 2893 3298 3101
f 3304 3299 3303
f 3299 3298 3303
f 3299 3304 3300
f 3300 3304 2504
f 2504 3304 3305
f 3306 2504 3305
f 3301 3307 2703
f 3102 3308 3302
f 3308 3496 3302
f 3105 3309 3303
f 2893 3105 3303
f 2727 3105 2893
f 3310 2507 3306
f 3307 3103 2703
f 3308 3104 3311
f 3312 3496 3308
f 3311 3312 3308
f 3106 3103 3307
f 3106 3307 3858
f 3311 3104 3313
f 3104 2356 3313
f 2727 3501 3105
f 3503 3107 3310
f 3314 3107 3503
f 3314 3316 3107
f 3313 2356 3505
f 3505 2356 3317
f 3316 3318 3110
f 3858 3319 2901
f 2356 3111 3317
f 3321 3320 3113
f 3321 3113 3110
f 2901 3319 3120
f 3319 3322 3120
f 3111 2927 3317
f 3117 3323 3112
f 3510 3324 3320
f 3324 3113 3320
f 3324 3118 3113
f 3510 3320 3321
f 3322 3325 3120
f 3121 3327 3122
f 3326 3327 3121
f 3122 3327 2902
f 3327 3123 2902
f 3123 3328 3115
f 3115 3328 3124
f 3131 3323 3117
f 3131 3329 3323
f 3127 3331 3339
f 3127 3120 3331
f 3120 3325 3331
f 3128 3326 3121
f 3128 3332 3326
f 3332 3333 3326
f 3334 3327 3333
f 3333 3327 3326
f 3335 3336 3123
f 3123 3336 3328
f 3124 3337 3129
f 3124 3328 3337
f 3328 3336 3337
f 3129 3337 3130
f 3345 3131 3338
f 3329 3131 3345
f 3139 3338 3131
f 3330 3135 3324
f 3339 3340 3127
f 3127 3340 3136
f 3332 2736 3341
f 3342 3333 3341
f 3341 3333 3332
f 3337 3336 3520
f 3343 3337 3344
f 3137 3337 3343
f 3137 3130 3337
f 3354 3345 3346
f 3346 3345 3139
f 3345 3338 3139
f 3133 3347 3139
f 3139 3347 3346
f 3133 3140 3347
f 3135 3349 3348
f 3330 3349 3135
f 3136 3350 3141
f 3136 3340 3350
f 2736 3351 3341
f 3352 3342 3341
f 3351 3352 3341
f 3343 3353 3137
f 3353 3144 3137
f 3354 3346 3347
f 3354 3347 3531
f 3531 3347 3140
f 3531 3140 3355
f 3355 3140 3348
f 3355 3348 3356
f 3356 3348 3349
f 3141 3350 3357
f 3141 3357 2939
f 3351 3147 3358
f 3352 3351 3358
f 3359 3143 3144
f 3359 3144 3353
f 3143 3359 3148
f 3149 3360 2933
f 3360 3149 3150
f 3151 3361 3152
f 3151 3362 3361
f 3151 2939 3362
f 2939 3357 3362
f 3147 3363 3358
f 3364 3158 3359
f 3359 3158 3148
f 3159 3365 3150
f 3365 3360 3150
f 3367 3368 3366
f 3368 3162 3366
f 3364 3369 3158
f 3159 3370 3365
f 3167 2947 3371
f 2947 3152 3371
f 3366 3375 3367
f 3366 3161 3375
f 3161 3168 3375
f 3169 3372 3170
f 3169 3164 3372
f 3372 3164 3378
f 3378 3164 3557
f 3164 3165 3373
f 3557 3164 3373
f 3165 2958 3374
f 3373 3165 3374
f 2958 3171 3374
f 3158 3369 2967
f 3548 3370 3172
f 3166 3385 3174
f 3166 3167 3385
f 3175 3551 3375
f 3375 3168 3175
f 3372 3376 2973
f 3170 3372 2973
f 3377 3376 3372
f 3388 3377 3378
f 3377 3372 3378
f 3373 3379 3380
f 3373 3374 3379
f 3374 3171 3379
f 2967 3369 3176
f 3172 3554 3548
f 3177 3554 3172
f 3381 3554 3178
f 3178 3554 3177
f 3381 3178 3173
f 3382 3173 3179
f 3383 3179 3384
f 3384 3179 3180
f 3385 3180 3174
f 3385 3384 3180
f 3175 3401 3551
f 3551 3401 3386
f 3376 3387 3182
f 3376 3182 2973
f 3377 3387 3376
f 3388 3387 3377
f 3389 3380 3379
f 3171 3181 3389
f 3379 3171 3389
f 3173 3390 3381
f 3391 3390 3173
f 3382 3391 3173
f 3383 3563 3179
f 3184 3183 3389
f 3183 3188 3389
f 3181 3184 3389
f 2402 3392 3185
f 3185 3394 3187
f 3397 3186 3395
f 3397 2786 3186
f 3187 3396 3189
f 3187 3394 3396
f 3398 3397 3395
f 2786 3397 2983
f 3189 3396 3400
f 3189 3400 2985
f 2983 3398 3190
f 3397 3398 2983
f 3192 3402 3403
f 3403 3399 3192
f 2985 3400 3193
f 3400 3404 3193
f 3194 3398 3405
f 3194 3190 3398
f 3406 3407 3195
f 3407 3196 3195
f 3402 3192 3196
f 3407 3402 3196
f 3197 3404 3408
f 3404 3197 3193
f 3197 3408 2995
f 3408 3409 2995
f 3201 3411 3199
f 3199 3411 3202
f 3203 3582 3413
f 3409 3203 2995
f 3582 3203 3409
f 3204 3414 3583
f 3200 3204 3583
f 3200 3583 3410
f 3415 3416 3201
f 3201 3416 3411
f 3202 3417 3205
f 3202 3411 3417
f 3411 3416 3417
f 3401 3206 3412
f 3208 3418 3207
f 3208 3203 3418
f 3203 3413 3418
f 3414 3209 3419
f 3583 3414 3419
f 3417 3416 3588
f 3417 3594 3205
f 3594 3213 3205
f 3206 3420 3412
f 3211 3420 3206
f 3420 3211 3009
f 3591 3420 3009
f 3011 3422 3421
f 3207 3422 3011
f 3207 3423 3422
f 3207 3418 3423
f 3012 3212 3424
f 3424 3013 3012
f 3425 3213 3426
f 3426 3213 3594
f 3433 3009 3214
f 3433 3427 3009
f 3427 3591 3009
f 3214 3215 3433
f 3220 3428 3429
f 3421 3220 3011
f 3421 3428 3220
f 3424 3212 3430
f 3212 3221 3430
f 3599 3013 3424
f 3209 3013 3599
f 3425 3426 3431
f 3431 3432 3425
f 3432 3222 3425
f 3215 3223 3433
f 3223 3434 3433
f 3435 3434 3224
f 3224 3434 3223
f 3224 3216 3436
f 3435 3224 3436
f 3216 3217 3437
f 3436 3216 3437
f 3437 3217 3438
f 3438 3217 3225
f 3225 3602 3438
f 3429 3225 3220
f 3602 3225 3429
f 3430 3221 3441
f 3439 3229 3222
f 3439 3222 3432
f 3440 3436 3437
f 3230 3611 3441
f 3441 3221 3230
f 3439 3442 3229
f 3442 3032 3229
f 3230 3443 3611
f 3032 3442 3236
f 3237 3444 3617
f 3237 3617 3443
f 3231 3445 3234
f 3234 3445 3239
f 3446 3231 3232
f 3446 3232 3235
f 3446 3235 3449
f 3449 3235 3241
f 3444 3237 3447
f 3237 3035 3447
f 3617 3444 3447
f 3445 3242 3239
f 3448 3242 3445
f 3035 4145 3447
f 3242 3448 3042
f 3241 3244 3449
f 3244 3450 3449
f 3245 3451 3246
f 3451 3450 3246
f 4145 3248 3629
f 3047 3630 3048
f 3451 3245 3048
f 3250 3249 3453
f 3452 3249 3247
f 3453 3249 3452
f 3248 3252 3629
f 3629 3252 3454
f 3250 3453 3458
f 3453 3455 3458
f 3456 3457 3252
f 3457 3454 3252
f 3252 3253 3456
f 3255 3458 3254
f 3457 3456 3253
f 3254 3459 3257
f 3640 3460 3461
f 3461 3460 3260
f 3459 3260 3257
f 3461 3260 3459
f 3265 3266 3463
f 3259 3464 3463
f 3640 3259 3460
f 3262 3465 3462
f 3263 3465 3262
f 3264 3465 3263
f 3267 3466 3264
f 3264 3466 3465
f 3265 3466 3267
f 3463 3466 3265
f 3467 3466 3463
f 3464 3467 3463
f 3275 3468 3276
f 3468 3277 3276
f 3272 3277 3278
f 3274 3282 3469
f 3274 3468 3275
f 3274 3469 3468
f 3277 3468 3469
f 3278 3469 3283
f 3278 3277 3469
f 3283 3470 3284
f 3469 3470 3283
f 3284 3471 3285
f 3470 3471 3284
f 3285 3471 3286
f 3281 3288 3472
f 3281 3472 3473
f 3282 3281 3473
f 3282 3473 3469
f 3474 3469 3473
f 3475 3469 3822
f 3476 3469 3475
f 3476 3477 3469
f 3469 3477 3470
f 3471 3470 3478
f 3478 3470 3477
f 3286 3478 3289
f 3471 3478 3286
f 3287 3085 3479
f 3287 3479 3651
f 3288 3287 3651
f 3288 3651 3480
f 3288 3480 3472
f 3473 3472 3480
f 3478 3477 3655
f 3087 3478 3481
f 3087 3289 3478
f 3479 3085 3482
f 3085 3290 3482
f 3651 3479 3482
f 3087 3481 3483
f 3483 3484 3087
f 3484 3291 3087
f 3292 3485 3290
f 3290 3485 3482
f 3486 3293 3291
f 3486 3291 3484
f 3485 3294 3487
f 3292 3294 3485
f 3487 3488 3485
f 3489 3293 3486
f 3489 3099 3293
f 3487 3294 3490
f 3294 3297 3490
f 3099 3489 3301
f 3489 3673 3301
f 3297 3302 3490
f 3490 3302 3671
f 3492 3304 3491
f 3492 3493 3304
f 3305 3493 3494
f 3304 3493 3305
f 3494 3306 3305
f 3301 3673 3307
f 3673 3495 3307
f 3302 3496 3671
f 3105 3497 3309
f 3309 3497 3303
f 3497 3498 3303
f 3498 3304 3303
f 3304 3498 3491
f 3493 3499 3494
f 3306 3494 3499
f 3310 3306 3499
f 3496 3312 3500
f 3501 3497 3105
f 3502 3497 3501
f 3499 3503 3310
f 3307 3315 3858
f 3311 3313 3500
f 3311 3500 3312
f 3504 3683 3501
f 2727 3504 3501
f 3501 3683 3502
f 3684 3314 3503
f 3505 3500 3313
f 2727 3506 3504
f 3684 3316 3314
f 3507 3316 3684
f 3505 3317 3508
f 3509 3500 3505
f 3508 3509 3505
f 3507 3318 3316
f 3507 3110 3318
f 3319 3325 3322
f 3317 2927 3508
f 3508 2927 3509
f 3323 2727 3112
f 3511 3510 3321
f 3110 3511 3321
f 3329 3512 3323
f 3513 3330 3510
f 3510 3330 3324
f 3510 3511 3513
f 3325 3858 3331
f 3327 3334 3514
f 3514 3515 3327
f 3515 3123 3327
f 3345 3512 3329
f 3345 3516 3512
f 3517 3330 3513
f 3513 3688 3517
f 3339 3858 3340
f 3339 3331 3858
f 3333 3342 3518
f 3333 3514 3334
f 3333 3518 3514
f 3518 3519 3514
f 3519 3515 3514
f 3690 3123 3515
f 3335 3123 3690
f 3521 3335 3690
f 3520 3335 3521
f 3520 3336 3335
f 3520 3522 3337
f 3337 3522 3344
f 3529 3345 3523
f 3516 3345 3529
f 3354 3523 3345
f 3524 3330 3517
f 3524 3349 3330
f 3858 3525 3340
f 3340 3525 3350
f 3518 3342 3526
f 3342 3352 3526
f 3694 3519 3518
f 3520 3521 3527
f 3522 3520 3527
f 3343 3522 3528
f 3343 3344 3522
f 3343 3528 3353
f 4374 2933 3697
f 3535 3529 3530
f 3530 3529 3354
f 3529 3523 3354
f 3354 3531 3530
f 3355 3532 3699
f 3355 3356 3532
f 3356 3349 3524
f 3356 3524 3532
f 3358 3700 3701
f 3526 3352 3358
f 3701 3526 3358
f 3353 3533 3359
f 3528 3533 3353
f 2933 3534 3697
f 3360 3534 2933
f 3535 3530 3531
f 3531 3355 3536
f 3536 3355 3699
f 3357 3537 3538
f 3357 3538 3362
f 3350 3537 3357
f 3358 3363 3700
f 3539 3359 3533
f 3539 3540 3359
f 3540 3364 3359
f 3360 3365 3534
f 3361 3541 3152
f 3361 3542 3541
f 3361 3362 3542
f 3362 3538 3542
f 3367 3543 3368
f 3368 3543 3162
f 3544 3364 3540
f 3364 3544 3369
f 3541 3545 3152
f 3152 3545 3371
f 3542 3545 3541
f 3375 3546 3367
f 3546 3543 3367
f 3547 3369 3544
f 3548 3549 3534
f 3370 3548 3534
f 3370 3534 3365
f 3167 3371 3550
f 3371 3545 3550
f 3375 3551 3552
f 3375 3552 3546
f 3378 3553 3388
f 3553 3378 3557
f 3369 3547 3176
f 3554 3560 3549
f 3554 3549 3548
f 3384 3385 3565
f 3383 3384 3565
f 3385 3555 3565
f 3167 3555 3385
f 3550 3555 3167
f 3556 3552 3551
f 3386 3556 3551
f 3387 3557 3558
f 3182 3387 3558
f 3388 3557 3387
f 3553 3557 3388
f 3559 3557 3373
f 3559 3373 3380
f 3559 3380 3731
f 3731 3380 3389
f 3547 3392 3176
f 3392 2402 3176
f 3381 3560 3554
f 3381 3390 3560
f 3390 3561 3560
f 3391 3561 3390
f 3391 3382 3562
f 3562 3382 3179
f 3563 3383 3564
f 3570 3564 3565
f 3564 3383 3565
f 3386 3401 3566
f 3556 3386 3566
f 3182 3558 3393
f 3389 3188 3731
f 3391 3562 3561
f 3179 3568 3562
f 3563 3568 3179
f 3569 3568 3563
f 3564 3569 3563
f 3570 3569 3564
f 3392 3567 3185
f 3567 3394 3185
f 3393 3571 3186
f 3571 3395 3186
f 3739 3395 3571
f 3394 3572 3396
f 3188 3399 3741
f 3400 3396 3572
f 3741 3399 3403
f 3402 3741 3403
f 3405 3398 3574
f 3407 3578 3402
f 3404 3575 3408
f 3580 3573 3401
f 3576 3405 3574
f 3749 3576 3574
f 3405 3577 3194
f 3405 3576 3577
f 3577 3195 3194
f 3406 3578 3407
f 3408 3579 3409
f 3575 3579 3408
f 3401 3412 3580
f 3576 3749 3581
f 3577 3576 3581
f 3195 3577 3581
f 3413 3582 3754
f 3579 3582 3409
f 3583 3198 3410
f 3413 3754 3418
f 3754 3584 3418
f 3419 3585 3583
f 3585 3586 3583
f 3587 3198 3586
f 3586 3198 3583
f 3759 3201 3198
f 3415 3201 3759
f 3589 3415 3759
f 3588 3415 3589
f 3588 3416 3415
f 3588 3590 3417
f 3417 3590 3594
f 3420 3591 3580
f 3420 3580 3412
f 3423 3584 3422
f 3423 3418 3584
f 3585 3209 3592
f 3419 3209 3585
f 3764 3586 3592
f 3592 3586 3585
f 3588 3589 3593
f 3590 3588 3593
f 3591 3595 3580
f 3595 3591 3767
f 3767 3591 3427
f 3428 3421 3596
f 3429 3428 3596
f 3421 3597 3596
f 3422 3597 3421
f 3422 3584 3597
f 3424 3430 3598
f 3598 3770 3424
f 3770 3599 3424
f 3592 3209 3599
f 3764 3592 3599
f 3431 3426 3600
f 3600 3426 3594
f 3601 3427 3433
f 3601 3433 3434
f 3429 3775 3602
f 3596 3775 3429
f 3603 3775 3596
f 3597 3603 3596
f 3430 3441 3598
f 3441 3613 3598
f 3604 3431 3600
f 3432 3604 3439
f 3431 3604 3432
f 3605 3601 3434
f 3435 3606 3605
f 3435 3605 3434
f 3435 3436 3607
f 3606 3435 3607
f 3436 3440 3608
f 3607 3436 3608
f 3440 3609 3608
f 3437 3609 3440
f 3437 3610 3609
f 3437 3438 3610
f 3602 3610 3438
f 3780 3610 3602
f 3775 3780 3602
f 3441 3611 3612
f 3441 3612 3613
f 3439 3614 3442
f 3439 3604 3614
f 3607 3615 3606
f 3608 3615 3607
f 3611 3443 3616
f 3612 3611 3616
f 3618 3442 3614
f 3442 3618 3236
f 3443 3617 3616
f 3619 3617 3447
f 3448 3445 3231
f 3448 3231 3620
f 3621 3620 3231
f 3446 3621 3231
f 3622 3236 3618
f 3622 2638 3236
f 3620 3789 3623
f 3620 3623 3448
f 3448 3623 3042
f 3624 3789 3620
f 3621 3624 3620
f 3624 3621 3625
f 3621 3446 3625
f 3446 3449 3625
f 3623 3626 3042
f 3627 3625 3450
f 3625 3449 3450
f 2638 3622 3247
f 3451 3627 3450
f 3451 3628 3627
f 3247 3622 3452
f 3628 3451 3048
f 3630 3628 3048
f 3453 3631 3632
f 3631 3453 3452
f 3629 3454 3800
f 3453 3632 3455
f 3454 3457 3800
f 3800 3457 3633
f 3455 3634 3458
f 3635 3804 3457
f 3804 3633 3457
f 3457 3253 3635
f 3254 3636 3459
f 3254 3458 3636
f 3458 3634 3636
f 3635 3637 3804
f 3637 3635 3253
f 3637 3253 3256
f 3459 3640 3461
f 3459 3636 3640
f 3258 3638 3256
f 3638 3637 3256
f 3259 3639 3464
f 3640 3639 3259
f 3465 3641 3638
f 3465 3638 3258
f 3465 3258 3462
f 3642 3465 3643
f 3643 3465 3466
f 3644 3466 3810
f 3810 3466 3467
f 3639 3467 3464
f 3639 3645 3467
f 3645 3810 3467
f 3465 3642 3641
f 3647 3646 3466
f 3644 3647 3466
f 3473 3649 3474
f 3648 3649 3473
f 3474 3822 3469
f 3475 3650 3476
f 3476 3650 3477
f 3480 3648 3473
f 3480 3651 3648
f 3651 3652 3648
f 3653 3649 3652
f 3652 3649 3648
f 3822 3474 3649
f 3654 3475 3822
f 3650 3475 3654
f 3655 3650 3656
f 3655 3477 3650
f 3655 3657 3478
f 3478 3657 3481
f 3482 3658 3651
f 3658 3659 3651
f 3660 3652 3659
f 3659 3652 3651
f 3655 3656 3661
f 3657 3655 3661
f 3484 3657 3662
f 3483 3657 3484
f 3483 3481 3657
f 3658 3485 3663
f 3482 3485 3658
f 3664 3659 3663
f 3663 3659 3658
f 3484 3662 3665
f 3665 3666 3484
f 3666 3486 3484
f 3663 3485 3667
f 3485 3488 3667
f 3664 3663 3667
f 3668 3489 3486
f 3668 3486 3666
f 3487 3490 3669
f 3487 3669 3488
f 3488 3669 3667
f 3489 3670 3673
f 3668 3670 3489
f 3490 3671 3669
f 3671 3672 3669
f 3491 3493 3492
f 3674 3495 3673
f 3671 3839 3675
f 3671 3496 3839
f 3672 3671 3675
f 3497 3676 3498
f 3676 3491 3498
f 3677 3491 3676
f 3491 3677 3678
f 3678 3499 3493
f 3491 3678 3493
f 3495 3674 3307
f 3496 3500 3839
f 3839 3500 3681
f 3502 3676 3497
f 3677 3676 3502
f 3499 3678 3677
f 3679 3499 3677
f 3503 3499 3679
f 3307 3674 3315
f 3674 3680 3315
f 3506 3682 3683
f 3506 3683 3504
f 3679 3684 3503
f 3315 3680 3858
f 3500 3509 4374
f 4374 3509 2927
f 3684 3110 3507
f 3853 3110 3684
f 3319 3858 3325
f 3685 3854 3511
f 3511 3110 3853
f 3511 3853 3685
f 3512 2727 3323
f 3854 3513 3511
f 3686 3513 3854
f 3516 3687 3512
f 3686 3688 3513
f 3515 3519 3689
f 3689 3690 3515
f 3690 3691 3521
f 3529 3687 3516
f 3529 3692 3687
f 3693 3524 3517
f 3688 3693 3517
f 3694 3689 3519
f 3690 3689 3694
f 3691 3690 3695
f 3695 3690 3694
f 3521 3695 3527
f 3521 3691 3695
f 3527 3696 3522
f 3695 3696 3527
f 3522 3696 3528
f 3706 3529 3698
f 3692 3529 3706
f 3535 3698 3529
f 3860 3699 3532
f 3860 3532 3524
f 3861 3860 3524
f 3861 3524 3693
f 3526 3701 3702
f 3526 3702 3518
f 3694 3518 3702
f 3695 3694 4042
f 3703 3695 4042
f 3704 3695 3703
f 3704 3705 3695
f 3695 3705 3696
f 3528 3705 3533
f 3696 3705 3528
f 3708 3706 3707
f 3707 3706 3535
f 3706 3698 3535
f 3531 3709 3535
f 3535 3709 3707
f 3531 3536 3709
f 3699 3710 3536
f 3699 3860 3711
f 3699 3711 3710
f 3537 3350 3713
f 3350 3525 3713
f 3700 3363 3866
f 3540 3870 3712
f 3539 3870 3540
f 3539 3705 3870
f 3539 3533 3705
f 3717 3697 3534
f 3709 3536 3876
f 3876 3536 3710
f 3537 3713 3538
f 3162 3543 3715
f 3543 3714 3715
f 3866 3363 3162
f 3715 3866 3162
f 3712 3716 3540
f 3716 3544 3540
f 3545 3721 3718
f 3545 3542 3721
f 3542 3538 3721
f 3714 3543 3546
f 3719 3714 3546
f 3544 3716 3547
f 3716 3720 3547
f 3534 3549 3717
f 3718 3721 3722
f 3718 3722 3545
f 3545 3722 3550
f 3546 3552 3719
f 3719 3552 3896
f 3723 3887 3549
f 3552 3556 3896
f 3896 3556 3730
f 3547 3724 3392
f 3725 3726 3723
f 3560 3725 3723
f 3560 3723 3549
f 3560 3561 3727
f 3725 3560 3727
f 3565 3728 3570
f 3565 3729 3728
f 3555 3729 3565
f 3555 3550 3729
f 3566 3902 3730
f 3730 3556 3566
f 3557 3904 3393
f 3557 3393 3558
f 3392 3732 3567
f 3724 3732 3392
f 3727 3726 3725
f 3733 3726 3727
f 3562 3734 3733
f 3562 3733 3727
f 3562 3727 3561
f 3562 3568 3737
f 3734 3562 3737
f 3917 3569 3908
f 3908 3569 3570
f 3728 3908 3570
f 3566 3401 3902
f 3731 3188 3741
f 3735 3567 3732
f 3735 3394 3567
f 3737 3736 3734
f 3569 3737 3568
f 3393 3738 3571
f 3735 3572 3394
f 3395 3739 3740
f 3738 3739 3571
f 3395 3740 3398
f 3740 4093 3398
f 3400 3572 3743
f 3401 3744 3742
f 3402 3745 3746
f 3746 3741 3402
f 3400 3743 3404
f 3573 3744 3401
f 3573 3580 3744
f 3398 4093 3574
f 3402 3578 3745
f 3745 3578 3747
f 3404 3748 3575
f 3406 3750 3578
f 3750 3747 3578
f 3579 3748 3751
f 3748 3579 3575
f 3195 3581 3753
f 3581 3752 3753
f 3750 3406 3195
f 3753 3750 3195
f 3582 3755 3754
f 3582 3579 3755
f 3579 3751 3755
f 3754 3756 3757
f 3754 3757 3584
f 3755 3756 3754
f 3198 3587 3758
f 3758 3759 3198
f 3759 3760 3589
f 3761 3762 3580
f 3762 3940 3580
f 3757 3763 3584
f 3586 3758 3587
f 3586 3764 3758
f 3759 3758 3764
f 3760 3759 3765
f 3765 3759 3764
f 3589 3765 3593
f 3589 3760 3765
f 3593 3766 3590
f 3765 3766 3593
f 3590 3766 3594
f 3767 3768 3762
f 3595 3767 3762
f 3595 3762 3761
f 3595 3761 3580
f 3597 3769 3776
f 3763 3597 3584
f 3769 3597 3763
f 3947 3771 3770
f 3771 3599 3770
f 3764 3599 3772
f 3772 3599 3771
f 3773 3774 3765
f 3765 3774 3766
f 3594 3774 3600
f 3766 3774 3594
f 3768 3767 3949
f 3949 3767 3427
f 3776 3775 3603
f 3776 3603 3597
f 3770 3951 3777
f 3770 3598 3951
f 3598 3613 3951
f 3947 3770 3777
f 3778 3600 3774
f 3427 3779 3949
f 3601 3779 3427
f 3605 3779 3601
f 3609 3610 3780
f 3612 3781 3613
f 3781 3951 3613
f 3962 3604 3600
f 3605 3782 3779
f 3606 3782 3605
f 3606 3615 3782
f 3615 3783 3782
f 3608 3783 3615
f 3609 3783 3608
f 3780 3783 3609
f 3616 3958 3784
f 3781 3612 3616
f 3784 3781 3616
f 3604 3785 3614
f 3785 3618 3614
f 3616 3617 3958
f 3958 3617 3786
f 3447 3787 3619
f 3786 3617 3619
f 3788 3622 3618
f 3447 4145 3787
f 3789 3624 3790
f 3624 3625 3790
f 3788 3791 3622
f 3789 3792 3626
f 3623 3789 3626
f 3790 3792 3789
f 3793 3792 3790
f 3625 3627 3793
f 3790 3625 3793
f 3794 3622 3791
f 3792 3973 3974
f 3792 3974 3626
f 3626 3974 3042
f 3795 3973 3792
f 3793 3795 3792
f 3795 3793 3627
f 3795 3627 3975
f 3975 3627 3628
f 3622 3794 3452
f 3796 3047 3042
f 3796 3042 3976
f 3976 3042 3974
f 3047 3797 3630
f 3796 3797 3047
f 3630 3797 3798
f 3630 3798 3628
f 3628 3798 3975
f 3631 3794 3799
f 3631 3799 3632
f 3452 3794 3631
f 3629 3800 4145
f 3801 3796 3976
f 3978 3801 3976
f 3797 3796 3802
f 3802 3796 3801
f 3803 3798 3797
f 3802 3803 3797
f 3632 3799 3455
f 3799 4144 3455
f 3800 3633 3804
f 3801 3978 3805
f 3806 3801 3805
f 3802 3801 3806
f 3455 4144 3634
f 3634 3807 3636
f 3808 3804 3637
f 3808 3982 3804
f 3640 3636 3807
f 3637 3638 3809
f 3808 3637 3809
f 3638 3641 3809
f 3645 3639 3811
f 3639 3640 3811
f 3641 3642 3812
f 3642 3813 3812
f 3814 3813 3643
f 3643 3813 3642
f 3643 3466 3815
f 3814 3643 3815
f 3815 3466 3646
f 3646 3647 3816
f 3644 3816 3647
f 3644 3817 3816
f 3644 3810 3817
f 3645 3817 3810
f 3818 3817 3645
f 3811 3818 3645
f 3816 3994 3646
f 3996 3994 3816
f 3649 3653 3822
f 3819 3654 3822
f 3654 3820 3650
f 3650 3820 3656
f 3652 3660 3821
f 3652 3821 3822
f 3653 3652 3822
f 3819 3823 3654
f 3820 3654 3823
f 3656 3820 3661
f 3820 3823 3661
f 3661 3824 3657
f 3657 3824 3662
f 3659 3664 3825
f 3659 3821 3660
f 3659 3825 3821
f 3825 3826 3821
f 3827 3822 3821
f 3826 3827 3821
f 3661 3823 3828
f 3829 3661 3828
f 3829 3830 3661
f 3661 3830 3824
f 3662 3824 3665
f 3824 3830 3665
f 3667 3825 3664
f 3667 3831 3825
f 3831 3835 3825
f 3835 3826 3825
f 3832 3833 3830
f 3830 3833 3665
f 3666 3833 3668
f 3665 3833 3666
f 3831 3667 3834
f 3667 3669 3834
f 3833 3836 3668
f 3836 3670 3668
f 3669 3672 3834
f 3834 3672 3837
f 3838 3673 3670
f 3838 3670 3840
f 3840 3670 3836
f 3673 3838 3674
f 3675 3839 3672
f 3840 3674 3838
f 3840 3841 3674
f 3839 3681 3842
f 3672 3839 3842
f 3502 3843 3677
f 3843 3844 3677
f 3845 3677 3844
f 3674 3841 3680
f 3842 3681 4374
f 4018 3682 3846
f 3683 3682 4018
f 3502 3683 3843
f 3683 4018 3843
f 3843 4019 3844
f 3844 4019 3847
f 3844 3847 3845
f 3848 3845 3847
f 3848 3677 3845
f 3848 3684 3679
f 3848 3679 3677
f 3681 3500 4374
f 3506 3849 3682
f 2727 3849 3506
f 3684 3848 3850
f 2727 3851 3849
f 3852 3853 3684
f 4029 3854 3685
f 3853 4029 3685
f 3855 3686 3854
f 3854 4029 3856
f 3854 3856 3855
f 3687 2727 3512
f 3857 3686 3855
f 3857 3688 3686
f 3692 2727 3687
f 3857 3693 3688
f 3706 2727 3692
f 3706 3859 2727
f 4042 3869 3703
f 3869 3704 3703
f 3862 3859 3706
f 3706 3708 3862
f 3863 3711 3860
f 3860 3861 3863
f 3858 3864 3713
f 3525 3858 3713
f 3864 3858 3865
f 3700 3866 3867
f 3701 3700 3867
f 3701 3867 3868
f 3701 3868 3702
f 3694 3702 3868
f 4042 3694 3868
f 3704 3869 4034
f 3871 3704 4034
f 3870 3704 3871
f 3870 3705 3704
f 3717 3872 3697
f 3872 4374 3697
f 3708 3707 3873
f 3874 3708 3873
f 3862 3708 3874
f 3709 3875 3707
f 3707 3875 3873
f 3709 3876 3875
f 3877 3876 3710
f 3877 3710 3711
f 3863 3877 3711
f 3713 3878 3538
f 3713 3864 3878
f 3884 3714 3879
f 3884 3880 3714
f 3880 3715 3714
f 3866 3715 4039
f 4039 3715 3880
f 3867 3866 4039
f 3870 3871 3881
f 3712 3881 3716
f 3712 3870 3881
f 3873 3875 3876
f 3878 3882 3721
f 3538 3878 3721
f 3719 3879 3714
f 3719 3883 3879
f 3885 3716 3881
f 3716 3885 3720
f 3549 3886 3717
f 3886 3549 3887
f 3721 3888 3722
f 3721 3889 3888
f 3721 3882 3889
f 3883 3896 3890
f 3719 3896 3883
f 3879 3883 3891
f 3891 3883 3890
f 3892 3884 3879
f 3891 3892 3879
f 3893 3720 3885
f 3893 3547 3720
f 3887 3723 3894
f 3888 3895 3550
f 3722 3888 3550
f 3890 3896 4060
f 3891 3890 4060
f 3897 3891 4060
f 3892 3891 3897
f 3547 3893 3724
f 3893 3898 3724
f 3899 3900 3723
f 3900 3894 3723
f 3723 3726 3899
f 3550 3901 3729
f 3550 3895 3901
f 3730 3902 3903
f 3730 3903 3896
f 3904 3557 3559
f 3724 3898 3732
f 3905 3906 3900
f 3726 3905 3900
f 3726 3900 3899
f 3726 3733 3907
f 3905 3726 3907
f 3733 3734 3907
f 3909 3908 4071
f 4071 3908 3728
f 3901 3728 3729
f 3901 3910 3728
f 3910 4071 3728
f 3902 3401 3911
f 3903 3902 3911
f 3904 3918 3393
f 3920 3918 3904
f 3912 3920 3904
f 3559 3913 3904
f 3913 3912 3904
f 3731 3741 3559
f 3914 3735 3732
f 3914 3732 3898
f 3907 3906 3905
f 3915 3906 3907
f 3734 3915 3907
f 3734 3736 3915
f 3736 3916 3915
f 3737 3916 3736
f 3909 3917 3908
f 3393 3918 3738
f 3919 3918 3920
f 3913 3925 3921
f 3913 3559 3925
f 3559 3741 3925
f 3735 3914 3572
f 3737 3922 3916
f 4087 3922 3737
f 3569 4087 3737
f 3739 3923 3740
f 3739 3924 3923
f 3738 3924 3739
f 3738 3918 3924
f 3919 3924 3918
f 3929 3921 3925
f 3914 3926 3572
f 3401 3742 3927
f 3923 3928 3740
f 3740 3928 4093
f 3924 3928 3923
f 3925 3741 3929
f 3572 3926 3743
f 3743 3926 3404
f 3927 3742 3744
f 3930 3927 3744
f 3746 3745 3929
f 3741 3746 3929
f 3745 3747 3929
f 3574 4093 3749
f 4093 3931 3749
f 3750 3932 3933
f 3750 3933 3747
f 3749 3931 3934
f 3581 3749 3934
f 3752 3934 3935
f 3752 3581 3934
f 3752 3941 3753
f 3941 3936 3753
f 3753 3936 3937
f 3750 3753 3937
f 3750 3937 3938
f 3750 3938 3932
f 3933 3932 3938
f 3751 4096 3939
f 3751 3939 3755
f 3748 4096 3751
f 3752 3935 3941
f 3936 3941 3942
f 3943 3936 3942
f 3937 3936 3943
f 3755 3939 3756
f 3940 3762 4103
f 3757 3944 3945
f 3757 3945 3763
f 3756 3944 3757
f 3768 3946 3762
f 3946 4103 3762
f 3947 3772 3771
f 3772 3948 3764
f 3764 3948 3765
f 3948 3773 3765
f 3949 3953 3946
f 3768 3949 3946
f 3776 3769 3950
f 3763 3950 3769
f 3777 3951 4110
f 3947 3777 4110
f 3947 4110 3948
f 3772 3947 3948
f 3952 3773 3948
f 3778 3773 3952
f 3778 3774 3773
f 3779 3953 3949
f 3775 3776 3780
f 3781 3954 4118
f 3951 3781 4118
f 3778 3952 4122
f 4122 3600 3778
f 4122 3955 3600
f 3955 3962 3600
f 3782 3957 3956
f 3782 3956 3779
f 3957 3782 3783
f 3965 3783 3780
f 3784 3958 3959
f 3781 3784 3959
f 3781 3959 3960
f 3781 3960 3954
f 4118 3954 3960
f 3961 3604 3962
f 3604 3961 3785
f 3783 3963 3957
f 3964 3963 3783
f 3965 3964 3783
f 3966 3965 3780
f 3958 3967 3968
f 3958 3786 3967
f 3959 3958 3968
f 3961 3962 3785
f 3969 3618 3785
f 3619 3787 3970
f 3619 3970 3786
f 3786 3970 3967
f 3618 3969 3788
f 3969 3971 3788
f 3787 4145 3972
f 3970 3787 3972
f 3788 3971 3791
f 3971 4139 3791
f 3791 4139 3794
f 4139 4144 3794
f 3795 4141 3973
f 4141 3795 3975
f 3794 4144 3799
f 4145 3800 3977
f 3798 3803 3979
f 3800 3804 3977
f 3977 3804 4145
f 3805 3978 3980
f 3805 3981 3806
f 3806 3981 3802
f 3802 3981 3979
f 3802 3979 3803
f 3804 3982 4145
f 3805 3980 4147
f 3981 3805 4147
f 3983 3981 4147
f 3979 3981 3983
f 3634 4144 3807
f 3982 3808 3809
f 3640 3984 3985
f 3984 3640 3807
f 3809 3986 4150
f 3986 3809 3641
f 3987 3986 3641
f 3640 3985 3811
f 3985 3988 3811
f 3812 4157 3641
f 4157 3987 3641
f 3812 3813 3990
f 3989 3817 3818
f 3988 3818 3811
f 3989 3818 3988
f 3812 4156 4157
f 3990 4156 3812
f 3991 3992 3990
f 3814 3991 3990
f 3814 3990 3813
f 3814 3815 3993
f 3991 3814 3993
f 3993 3815 3646
f 3995 3994 4159
f 4159 3994 3996
f 3817 3996 3816
f 3989 3996 3817
f 3993 3992 3991
f 3997 3993 3646
f 3994 3997 3646
f 3998 3997 3994
f 3995 3998 3994
f 3999 4002 3822
f 4002 4003 3822
f 4003 3819 3822
f 3822 3827 4000
f 4001 3999 4000
f 4000 3999 3822
f 4002 3999 4001
f 4004 3819 4003
f 3823 4004 4007
f 3823 3819 4004
f 3823 4005 3828
f 4007 4005 3823
f 4005 3829 3828
f 3827 3826 4006
f 3827 4006 4000
f 4171 4005 4007
f 3829 4005 4171
f 4008 3829 4171
f 3832 3829 4008
f 3832 3830 3829
f 3831 3834 4009
f 3831 4010 3835
f 4009 4010 3831
f 3826 3835 4010
f 3826 4010 4011
f 4006 3826 4011
f 3833 3832 4012
f 4009 3837 4013
f 3834 3837 4009
f 4014 4010 4013
f 4013 4010 4009
f 4012 3836 3833
f 4013 3837 4015
f 3837 3672 4015
f 4016 3840 3836
f 3840 4016 3841
f 3842 4179 3672
f 3672 4179 4015
f 3841 4017 3680
f 4016 4017 3841
f 4020 3847 4019
f 4020 3848 3847
f 4017 4519 3680
f 4519 3858 3680
f 3842 4374 4021
f 3849 3846 3682
f 4022 4018 3846
f 4018 4022 3843
f 3843 4183 4019
f 4019 4183 4023
f 4019 4023 4020
f 4023 4024 3850
f 4020 4023 3850
f 3848 4020 3850
f 4024 3684 3850
f 4021 4374 4185
f 3849 3851 3846
f 4025 3852 3684
f 4025 3684 4024
f 2727 4026 3851
f 3852 4025 4027
f 4028 3852 4027
f 3853 3852 4028
f 4028 4029 3853
f 4030 3856 4029
f 4031 3857 3855
f 4030 4031 3855
f 3856 4030 3855
f 4032 3857 4031
f 4032 3693 3857
f 4032 4031 4030
f 3859 4033 2727
f 4032 3861 3693
f 3863 3861 4032
f 4033 3859 4201
f 4042 4034 3869
f 4034 4035 3871
f 4036 4201 3859
f 3859 3862 4036
f 3862 4037 4036
f 3862 3874 4037
f 4038 4203 3877
f 3877 3863 4032
f 3877 4032 4038
f 3864 3865 3878
f 3867 4039 4040
f 3867 4040 4041
f 3867 4041 3868
f 4042 3868 4041
f 4043 4034 4042
f 4043 4044 4034
f 4034 4044 4035
f 3871 4045 3881
f 3871 4035 4045
f 4035 4044 4045
f 3872 4046 4200
f 3717 4046 3872
f 4047 4037 3874
f 4047 3874 3873
f 4047 3873 3876
f 4048 4047 3876
f 3876 3877 4203
f 3876 4203 4048
f 3878 4049 3882
f 3880 4050 4051
f 3880 3884 4050
f 4039 3880 4051
f 4052 4039 4051
f 4040 4039 4052
f 4045 4044 4215
f 4045 4053 3881
f 4053 3885 3881
f 3886 4054 3717
f 4054 4046 3717
f 3889 4055 4056
f 3888 3889 4056
f 4049 3889 3882
f 4055 3889 4049
f 3884 3892 4050
f 4050 3892 4057
f 4058 3893 3885
f 4058 3885 4053
f 3886 3887 4059
f 4059 3887 3894
f 3888 4056 3895
f 4056 4065 3895
f 4061 4062 4060
f 4062 3897 4060
f 4057 3892 3897
f 4062 4057 3897
f 3893 4063 3898
f 4058 4063 3893
f 3894 3900 4059
f 4059 3900 4064
f 3901 4065 4066
f 4065 3901 3895
f 4060 4073 4067
f 4060 3896 4073
f 3896 3903 4073
f 4061 4060 4067
f 4068 3898 4063
f 4069 4070 3900
f 4070 4064 3900
f 3900 3906 4069
f 3910 3901 4072
f 3901 4066 4072
f 3911 4238 4073
f 4073 3903 3911
f 3898 4068 3914
f 4068 4246 3914
f 4074 4070 4069
f 4241 4070 4074
f 3906 4075 4069
f 4069 4075 4074
f 4075 3906 3915
f 3915 3916 4084
f 3917 4077 4076
f 3909 4077 3917
f 3909 4071 4077
f 3910 4077 4071
f 4078 4077 3910
f 4072 4078 3910
f 3911 3401 4238
f 4238 3401 4079
f 3920 4080 3919
f 3920 3912 4080
f 3912 3913 4081
f 4080 3912 4081
f 3913 3921 4081
f 4246 3404 3914
f 4074 4082 4241
f 4075 4082 4074
f 4083 4082 4075
f 3915 4083 4075
f 4084 4083 3915
f 4085 4086 4084
f 3922 4085 4084
f 3922 4084 3916
f 4085 3922 4087
f 3917 4088 3569
f 3917 4089 4088
f 3917 4076 4089
f 4077 4089 4076
f 3924 4252 4090
f 4080 3924 3919
f 4080 4252 3924
f 4081 3921 4091
f 4091 3921 3929
f 3914 3404 3926
f 4087 4086 4085
f 4092 4086 4087
f 3569 4092 4087
f 3401 3927 4263
f 3928 4090 4093
f 4090 3928 3924
f 4091 3929 4255
f 4263 3927 3930
f 4255 3929 3747
f 3744 3580 4268
f 3934 3931 4094
f 4094 3935 3934
f 4095 3935 4094
f 3938 3937 3747
f 3938 3747 3933
f 4096 3748 4273
f 3748 3404 4273
f 4097 3941 3935
f 4097 3935 4098
f 4098 3935 4095
f 3941 4099 3942
f 4097 4099 3941
f 4099 3943 3942
f 3937 3943 4100
f 3937 4100 3747
f 4096 4101 4102
f 4096 4102 3939
f 3939 4102 3756
f 4273 4101 4096
f 3940 4103 3580
f 4104 4099 4097
f 3943 4099 4104
f 4105 3943 4104
f 4100 3943 4105
f 3944 4106 3945
f 3944 3756 4106
f 3756 4102 4106
f 4103 3946 4277
f 3945 4280 4107
f 3945 4107 3763
f 4106 4280 3945
f 3946 4108 4277
f 4108 3946 3953
f 3950 4109 3776
f 3950 3763 4109
f 3763 4107 4109
f 3948 4111 4112
f 3948 4112 4114
f 4113 3948 4114
f 3948 4115 3952
f 4113 4115 3948
f 3779 4116 3953
f 4116 4108 3953
f 3776 4109 4117
f 3951 4118 4126
f 4110 3951 4126
f 4110 4126 4119
f 3948 4110 4119
f 4113 4114 4120
f 4120 4121 4113
f 4113 4121 4115
f 3952 4115 4122
f 4115 4121 4122
f 4123 4124 4116
f 3956 4123 4116
f 3956 4116 3779
f 3956 3957 4123
f 3776 4292 3780
f 3776 4117 4292
f 3960 3959 4125
f 4118 3960 4125
f 4118 4125 4126
f 4127 4128 4121
f 4121 4128 4122
f 3955 4128 3962
f 4122 4128 3955
f 3963 4129 4124
f 3963 4124 4123
f 3963 4123 3957
f 4312 3965 4299
f 4299 3965 3966
f 3780 4130 3966
f 4130 4299 3966
f 3968 4303 4131
f 3967 4303 3968
f 4125 3959 3968
f 4125 3968 4132
f 4132 3968 4131
f 3785 4134 4133
f 3785 4128 4134
f 3785 3962 4128
f 3785 4133 3969
f 3963 4309 4129
f 3964 4309 3963
f 3967 3970 4303
f 4303 3970 4135
f 3971 4133 4134
f 4136 3971 4134
f 4133 3971 3969
f 3972 4317 4137
f 4135 3970 3972
f 4137 4135 3972
f 4138 3971 4136
f 3971 4138 4139
f 3972 4145 4317
f 3973 4141 4140
f 3974 3973 4140
f 4143 4141 3975
f 3974 4140 3976
f 4140 4142 3976
f 3975 3798 4143
f 3976 4142 3978
f 3798 3979 4143
f 4143 3979 4146
f 3978 4142 3980
f 4147 3980 4329
f 4146 3979 3983
f 4144 4148 3807
f 3982 3809 4145
f 4145 3809 4328
f 3985 3984 4149
f 4148 3984 3807
f 4149 3984 4148
f 3809 4150 4328
f 3986 4151 4150
f 3985 4152 3988
f 3986 3987 4153
f 4153 3987 4157
f 3989 4155 4154
f 3989 3988 4155
f 3988 4152 4155
f 4156 3990 4158
f 3990 3992 4158
f 4160 4159 4334
f 4334 4159 3996
f 4154 3996 3989
f 4154 4334 3996
f 4157 4156 4161
f 4156 4158 4161
f 3992 4162 4158
f 4158 4162 4161
f 3992 3993 4163
f 4162 3992 4163
f 4163 3993 3997
f 3997 3998 4164
f 3995 4164 3998
f 3995 4338 4164
f 3995 4159 4338
f 4160 4338 4159
f 4162 4165 4161
f 4163 4165 4162
f 4344 4163 3997
f 4164 4344 3997
f 4166 4344 4164
f 4001 4167 4002
f 4002 4168 4003
f 4167 4168 4002
f 4003 4168 4004
f 4000 4006 4169
f 4000 4167 4001
f 4000 4169 4167
f 4168 4167 4169
f 4004 4170 4007
f 4004 4168 4170
f 4168 4169 4170
f 4170 4171 4007
f 4171 4172 4008
f 4006 4011 4173
f 4006 4173 4169
f 4174 4169 4173
f 4355 4170 4169
f 4171 4170 4355
f 4175 4171 4355
f 4172 4171 4175
f 4176 4172 4351
f 3832 4172 4176
f 3832 4008 4172
f 3832 4176 4012
f 4010 4352 4011
f 4173 4011 4352
f 4012 4176 4177
f 4012 4177 3836
f 3836 4178 4016
f 4177 4178 3836
f 4364 4016 4178
f 4364 4365 4016
f 4365 4017 4016
f 4180 4017 4365
f 4179 4021 4181
f 3842 4021 4179
f 4181 4182 4179
f 4188 3843 4022
f 4184 4023 4183
f 4184 4024 4023
f 4017 4180 4519
f 4181 4021 4185
f 3851 4186 3846
f 4186 4022 3846
f 4194 4022 4186
f 4188 4194 4187
f 4188 4022 4194
f 3843 4188 4189
f 3843 4189 4183
f 4183 4189 4190
f 4191 4183 4190
f 4191 4184 4183
f 4191 4025 4024
f 4191 4024 4184
f 4026 4192 4186
f 4026 4186 3851
f 4194 4192 4193
f 4194 4186 4192
f 4190 4195 4191
f 4191 4195 4025
f 4195 4027 4025
f 4195 4377 4027
f 4028 4027 4377
f 4028 4377 4197
f 4026 4196 4192
f 2727 4196 4026
f 4192 4196 4193
f 4197 4029 4028
f 2727 4198 4196
f 4197 4030 4029
f 4382 4030 4197
f 4201 4199 4033
f 3858 4205 3865
f 3872 4200 4374
f 4199 4201 4202
f 4037 4201 4036
f 4204 4203 4038
f 4032 4204 4038
f 3865 4205 3878
f 4041 4040 4206
f 4041 4213 4042
f 4206 4213 4041
f 4042 4207 4043
f 4043 4207 4044
f 4208 4200 4046
f 4209 4202 4201
f 4209 4201 4047
f 4201 4037 4047
f 4047 4048 4219
f 4389 4048 4203
f 4210 4389 4203
f 4210 4203 4204
f 4049 4205 4211
f 4205 4049 3878
f 4051 4212 4052
f 4040 4052 4212
f 4040 4212 4206
f 4214 4042 4213
f 4207 4042 4214
f 4215 4207 4216
f 4215 4044 4207
f 4215 4217 4045
f 4045 4217 4053
f 4218 4208 4046
f 4397 4219 4048
f 4397 4048 4220
f 4220 4048 4389
f 4055 4221 4056
f 4055 4049 4221
f 4049 4211 4221
f 4051 4057 4222
f 4050 4057 4051
f 4223 4224 4212
f 4223 4212 4222
f 4222 4212 4051
f 4215 4216 4225
f 4225 4226 4215
f 4215 4226 4217
f 4053 4226 4058
f 4217 4226 4053
f 3886 4059 4054
f 4056 4227 4228
f 4056 4228 4065
f 4221 4227 4056
f 4061 4229 4062
f 4222 4057 4062
f 4222 4062 4223
f 4223 4062 4229
f 4230 4063 4058
f 4409 4054 4231
f 4059 4064 4231
f 4054 4059 4231
f 4065 4232 4066
f 4065 4228 4232
f 4073 4233 4067
f 4229 4061 4067
f 4233 4229 4067
f 4234 4068 4063
f 4234 4063 4230
f 4231 4235 4409
f 4235 4231 4064
f 4235 4064 4236
f 4236 4064 4070
f 4066 4232 4072
f 4072 4232 4237
f 4073 4238 4239
f 4073 4239 4233
f 4068 4240 4246
f 4234 4240 4068
f 4070 4241 4236
f 4242 4077 4078
f 4072 4243 4078
f 4072 4244 4243
f 4237 4244 4072
f 4245 4239 4238
f 4079 4245 4238
f 4083 4084 4257
f 4247 4083 4257
f 4084 4086 4257
f 4089 4077 4242
f 4089 4242 4088
f 4088 4242 4248
f 4262 4078 4249
f 4262 4248 4078
f 4248 4242 4078
f 4243 4249 4078
f 4079 4250 4251
f 4079 3401 4250
f 4245 4079 4251
f 4090 4252 4253
f 4081 4254 4080
f 4080 4254 4252
f 4254 4081 4091
f 4255 4254 4091
f 4257 4256 4247
f 4258 4259 4257
f 4086 4258 4257
f 4258 4086 4092
f 4092 3569 4260
f 4088 4260 3569
f 4088 4261 4260
f 4248 4261 4088
f 4262 4261 4248
f 3401 4263 4250
f 4090 4264 4093
f 4090 4253 4264
f 4092 4259 4258
f 4266 4259 4092
f 4260 4266 4092
f 3930 3744 4267
f 3930 4267 4263
f 4269 4093 4264
f 4255 3747 4265
f 3744 4268 4267
f 4268 3580 4270
f 4267 4268 4270
f 4093 4271 3931
f 4271 4093 4269
f 3931 4271 4094
f 4271 4095 4094
f 4271 4272 4095
f 4095 4272 4098
f 4101 4273 4102
f 4274 4097 4098
f 4097 4275 4104
f 4274 4275 4097
f 4275 4105 4104
f 4100 4105 4276
f 4100 4276 3747
f 4102 4273 4106
f 4103 4277 3580
f 4274 4098 4278
f 4275 4274 4278
f 4279 4105 4275
f 4276 4105 4279
f 4108 4281 4277
f 4280 4284 4107
f 4107 4284 4109
f 4112 4282 4114
f 4283 4108 4116
f 4109 4284 4285
f 4117 4109 4285
f 4119 4126 4294
f 4119 4294 4448
f 3948 4119 4448
f 3948 4448 4286
f 3948 4286 4111
f 4112 4111 4286
f 4287 4112 4286
f 4282 4112 4287
f 4127 4282 4288
f 4120 4282 4127
f 4120 4114 4282
f 4120 4127 4121
f 4289 4290 4116
f 4290 4283 4116
f 4116 4124 4289
f 4292 4291 3780
f 4117 4285 4292
f 4126 4293 4451
f 4125 4293 4126
f 4294 4126 4451
f 4127 4288 4296
f 4127 4296 4295
f 4127 4295 4128
f 4297 4298 4290
f 4124 4297 4290
f 4124 4290 4289
f 4124 4129 4297
f 4299 4130 4300
f 4130 3780 4291
f 4130 4291 4300
f 4300 4291 4301
f 4302 4291 4292
f 4301 4291 4302
f 4304 4131 4303
f 4304 4293 4131
f 4293 4132 4131
f 4293 4125 4132
f 4295 4296 4305
f 4134 4305 4306
f 4134 4295 4305
f 4134 4128 4295
f 4307 4298 4297
f 4308 4298 4307
f 4129 4309 4297
f 4297 4309 4307
f 4309 3964 4310
f 3964 3965 4310
f 4312 4311 3965
f 4300 4312 4299
f 4313 4312 4300
f 4301 4313 4300
f 4302 4313 4301
f 4314 4304 4303
f 4135 4314 4303
f 4134 4315 4136
f 4306 4315 4134
f 4307 4316 4308
f 4309 4316 4307
f 4310 4316 4309
f 4137 4317 4318
f 4135 4137 4319
f 4319 4137 4318
f 4314 4135 4319
f 4317 4145 4320
f 4321 4139 4138
f 4321 4138 4322
f 4322 4138 4136
f 4139 4321 4144
f 4321 4322 4323
f 4323 4144 4321
f 4141 4142 4140
f 4324 4141 4143
f 4324 4143 4325
f 4143 4146 4325
f 4142 4326 3980
f 3980 4326 4329
f 4147 4329 3983
f 4149 4148 4327
f 4148 4144 4327
f 4149 4330 4482
f 4328 4150 4331
f 4149 4482 3985
f 4150 4151 4331
f 4153 4151 3986
f 4332 4151 4153
f 4333 4151 4332
f 4153 4157 4332
f 4335 4334 4485
f 4485 4334 4154
f 4152 4154 4155
f 4485 4154 4152
f 4336 4333 4332
f 4157 4337 4332
f 4332 4337 4336
f 4157 4161 4337
f 4338 4347 4164
f 4160 4339 4338
f 4160 4334 4339
f 4335 4339 4334
f 4336 4340 4333
f 4337 4340 4336
f 4341 4340 4337
f 4165 4342 4341
f 4165 4341 4337
f 4165 4337 4161
f 4342 4165 4343
f 4165 4163 4343
f 4343 4163 4344
f 4345 4344 4346
f 4346 4344 4166
f 4347 4166 4164
f 4347 4346 4166
f 4348 4343 4344
f 4345 4348 4344
f 4173 4350 4174
f 4349 4350 4173
f 4174 4350 4169
f 4350 4355 4169
f 4175 4351 4172
f 4352 4349 4173
f 4352 4353 4349
f 4353 4354 4350
f 4353 4350 4349
f 4355 4350 4354
f 4356 4175 4355
f 4356 4357 4175
f 4175 4357 4351
f 4351 4358 4176
f 4351 4357 4358
f 4176 4358 4177
f 4010 4359 4352
f 4353 4352 4359
f 4360 4353 4359
f 4361 4362 4357
f 4357 4362 4358
f 4177 4362 4178
f 4358 4362 4177
f 4013 4015 4363
f 4013 4363 4014
f 4365 4364 4366
f 4364 4178 4362
f 4015 4179 4363
f 4367 4014 4363
f 4179 4367 4363
f 4365 4366 4368
f 4368 4369 4365
f 4369 4180 4365
f 4519 4180 4370
f 4370 4180 4369
f 4181 4185 4371
f 4181 4371 4182
f 4182 4371 4179
f 4187 4372 4188
f 4189 4188 4372
f 4373 4190 4189
f 4185 4374 4371
f 4374 4515 4371
f 4193 4372 4194
f 4372 4187 4194
f 4372 4375 4189
f 4372 4381 4375
f 4189 4376 4373
f 4189 4375 4376
f 4376 4195 4190
f 4373 4376 4190
f 4377 4195 4376
f 4372 4193 4196
f 4378 4372 4196
f 4379 4372 4378
f 4381 4379 4380
f 4381 4372 4379
f 4375 4381 4516
f 4375 4516 4376
f 4376 4516 4517
f 4197 4377 4376
f 4382 4197 4376
f 4198 4379 4378
f 4198 4378 4196
f 4380 4379 4383
f 4384 4383 4379
f 4198 4384 4379
f 2727 4384 4198
f 4385 4030 4382
f 4030 4386 4032
f 4030 4385 4386
f 4530 4032 4386
f 4199 2727 4033
f 4204 4032 4530
f 4374 4200 4531
f 4202 4388 4199
f 4200 4208 4531
f 4531 4208 4387
f 4388 4202 4209
f 4390 4389 4210
f 4204 4390 4210
f 4205 4391 4211
f 4205 3858 4391
f 4206 4212 4392
f 4206 4402 4213
f 4392 4402 4206
f 4402 4214 4213
f 4214 4393 4207
f 4207 4393 4216
f 4394 4208 4218
f 4394 4395 4208
f 4395 4387 4208
f 4218 4046 4394
f 4396 4388 4209
f 4396 4209 4047
f 4396 4047 4219
f 4220 4398 4397
f 4398 4220 4389
f 4399 4398 4389
f 4399 4389 4390
f 4211 4405 4221
f 4400 4211 4391
f 4405 4211 4400
f 4223 4401 4224
f 4392 4212 4224
f 4392 4224 4401
f 4689 4214 4402
f 4393 4214 4689
f 4225 4393 4408
f 4225 4216 4393
f 4394 4046 4550
f 4550 4046 4054
f 4219 4397 4403
f 4403 4397 4398
f 4403 4398 4404
f 4221 4405 4227
f 4544 4229 4406
f 4544 4407 4229
f 4407 4223 4229
f 4407 4401 4223
f 4230 4408 4548
f 4058 4408 4230
f 4058 4225 4408
f 4058 4226 4225
f 4054 4409 4550
f 4410 4228 4227
f 4232 4228 4410
f 4233 4406 4229
f 4233 4411 4406
f 4412 4544 4406
f 4563 4230 4548
f 4230 4563 4234
f 4417 4409 4235
f 4417 4413 4409
f 4235 4236 4417
f 4232 4414 4237
f 4410 4414 4232
f 4233 4239 4411
f 4406 4411 4415
f 4416 4412 4406
f 4415 4416 4406
f 4417 4236 4418
f 4418 4236 4241
f 4243 4244 4419
f 4414 4244 4237
f 4419 4244 4414
f 4239 4245 4411
f 4420 4415 4245
f 4245 4415 4411
f 4416 4415 4420
f 4241 4082 4418
f 4421 4082 4083
f 4083 4247 4421
f 4262 4249 4422
f 4419 4249 4243
f 4422 4249 4419
f 4251 4568 4423
f 4250 4568 4251
f 4245 4251 4424
f 4424 4251 4423
f 4420 4245 4424
f 4252 4425 4253
f 4425 4252 4426
f 4252 4254 4426
f 4254 4255 4426
f 4240 4427 4246
f 4427 3404 4246
f 4421 4428 4082
f 4256 4428 4421
f 4256 4421 4247
f 4256 4257 4434
f 4257 4259 4434
f 4429 4261 4430
f 4430 4261 4262
f 4430 4262 4422
f 4250 4263 4568
f 4568 4263 4431
f 4425 4436 4264
f 4253 4425 4264
f 4432 4436 4425
f 4426 4432 4425
f 4255 4265 4432
f 4426 4255 4432
f 4256 4433 4428
f 4434 4433 4256
f 4266 4434 4259
f 4266 4435 4434
f 4261 4266 4260
f 4261 4435 4266
f 4429 4435 4261
f 4263 4267 4431
f 4264 4437 4269
f 4438 4267 4270
f 4269 4437 4271
f 4270 3580 4438
f 4272 4437 4439
f 4272 4271 4437
f 4272 4439 4098
f 4442 4440 4439
f 4439 4440 4098
f 4590 3747 4276
f 4441 4590 4276
f 4443 4442 4593
f 4278 4442 4443
f 4278 4440 4442
f 4278 4098 4440
f 4278 4443 4275
f 4275 4444 4279
f 4443 4444 4275
f 4279 4444 4445
f 4279 4445 4276
f 4276 4445 4441
f 4277 4281 3580
f 4443 4593 4446
f 4444 4443 4446
f 4280 4106 4596
f 4106 4273 4596
f 4283 4281 4108
f 4284 4447 4285
f 4284 4280 4447
f 4448 4287 4286
f 4287 4449 4282
f 4282 4449 4288
f 4456 4281 4283
f 4597 4281 4456
f 4283 4290 4456
f 4285 4447 4292
f 4292 4447 4450
f 4600 4452 4451
f 4452 4294 4451
f 4448 4294 4453
f 4453 4294 4452
f 4287 4448 4453
f 4454 4287 4453
f 4449 4287 4454
f 4296 4449 4455
f 4296 4288 4449
f 4298 4457 4456
f 4290 4298 4456
f 4292 4458 4302
f 4450 4458 4292
f 4293 4304 4459
f 4293 4459 4451
f 4600 4451 4459
f 4305 4455 4460
f 4305 4296 4455
f 4305 4460 4306
f 4457 4298 4608
f 4608 4298 4308
f 4610 4312 4313
f 4313 4604 4610
f 4458 4313 4302
f 4604 4313 4458
f 4460 4461 4306
f 4461 4315 4306
f 4308 4462 4608
f 4316 4462 4308
f 4310 4463 4316
f 4316 4463 4462
f 4464 4463 4310
f 4310 3965 4465
f 4464 4310 4465
f 4311 4466 3965
f 4311 4614 4466
f 4311 4312 4614
f 4318 4317 4467
f 4318 4468 4319
f 4467 4468 4318
f 4319 4468 4469
f 4319 4469 4314
f 4314 4469 4304
f 4470 4315 4461
f 4620 4464 4465
f 3965 4620 4465
f 4621 4620 3965
f 4471 4621 3965
f 4466 4471 3965
f 4467 4320 4472
f 4317 4320 4467
f 4473 4468 4472
f 4472 4468 4467
f 4469 4468 4473
f 4315 4470 4474
f 4474 4136 4315
f 4474 4475 4136
f 4475 4322 4136
f 4476 4323 4322
f 4323 4476 4144
f 4324 4477 4141
f 4325 4146 4477
f 4324 4325 4477
f 4476 4330 4144
f 4141 4478 4326
f 4142 4141 4326
f 4477 4478 4141
f 4330 4327 4144
f 4328 4479 4145
f 4326 4478 4329
f 3983 4329 4478
f 4477 3983 4478
f 4146 3983 4477
f 4149 4327 4330
f 4328 4331 4480
f 4479 4328 4480
f 4480 4331 4481
f 4631 4481 4483
f 4331 4151 4483
f 4481 4331 4483
f 3985 4482 4152
f 4483 4151 4484
f 4484 4151 4333
f 4152 4486 4485
f 4152 4482 4486
f 4484 4333 4635
f 4339 4487 4338
f 4335 4487 4339
f 4335 4485 4487
f 4486 4487 4485
f 4333 4488 4635
f 4340 4488 4333
f 4489 4488 4341
f 4341 4488 4340
f 4346 4347 4495
f 4345 4346 4495
f 4347 4490 4495
f 4338 4490 4347
f 4338 4487 4490
f 4489 4491 4488
f 4342 4492 4491
f 4342 4491 4489
f 4342 4489 4341
f 4492 4342 4343
f 4493 4343 4494
f 4494 4343 4348
f 4345 4640 4348
f 4640 4494 4348
f 4495 4640 4345
f 4496 4492 4343
f 4493 4496 4343
f 4354 4353 4497
f 4354 4497 4355
f 4497 4502 4355
f 4502 4503 4355
f 4503 4498 4355
f 4498 4356 4355
f 4359 4010 4499
f 4499 4500 4359
f 4500 4360 4359
f 4497 4353 4360
f 4497 4360 4501
f 4501 4360 4500
f 4502 4497 4501
f 4498 4503 4504
f 4498 4508 4505
f 4498 4505 4356
f 4357 4506 4361
f 4357 4356 4506
f 4356 4505 4506
f 4361 4506 4362
f 4014 4499 4010
f 4014 4507 4499
f 4507 4510 4499
f 4510 4653 4499
f 4506 4505 4508
f 4509 4506 4508
f 4364 4509 4366
f 4364 4506 4509
f 4364 4362 4506
f 4507 4014 4657
f 4014 4367 4657
f 4366 4509 4511
f 4368 4511 4369
f 4368 4366 4511
f 4369 4511 4512
f 4512 4513 4369
f 4513 4370 4369
f 4179 4371 4665
f 4519 4370 4514
f 4514 4370 4513
f 4371 4515 4665
f 4380 4516 4381
f 4518 4376 4517
f 4515 4374 4520
f 4522 4521 4380
f 4522 4380 4383
f 4380 4521 4516
f 4516 4523 4517
f 4517 4523 4524
f 4517 4524 4518
f 4526 4525 4524
f 4525 4518 4524
f 4525 4376 4518
f 4525 4382 4376
f 4520 4374 4527
f 4529 4522 4383
f 4525 4526 4528
f 4528 4385 4382
f 4528 4382 4525
f 4384 4529 4383
f 4528 4386 4385
f 4528 4530 4386
f 4390 4204 4530
f 4388 2727 4199
f 2727 4388 4396
f 4387 4395 4532
f 4681 4396 4533
f 4534 4398 4399
f 4390 4534 4399
f 4401 4536 4392
f 4535 4536 4401
f 4392 4689 4402
f 4536 4689 4392
f 4689 4537 4393
f 4393 4537 4408
f 4394 4532 4395
f 4681 4533 4538
f 4681 4538 4539
f 4219 4540 4396
f 4540 4533 4396
f 4540 4538 4533
f 4219 4403 4540
f 4403 4404 4541
f 4404 4398 4534
f 4542 4404 4534
f 4541 4404 4542
f 4405 4552 4227
f 4405 4543 4552
f 4405 4400 4543
f 4407 4535 4401
f 4407 4544 4535
f 4544 4545 4535
f 4546 4536 4545
f 4545 4536 4535
f 4537 4689 4547
f 4548 4537 4549
f 4408 4537 4548
f 4532 4394 4550
f 4684 4539 4538
f 4684 4538 4540
f 4684 4540 4551
f 4551 4540 4403
f 4551 4403 4541
f 4552 4553 4227
f 4227 4553 4410
f 4544 4412 4554
f 4554 4545 4544
f 4548 4549 4555
f 4409 4413 4550
f 4550 4413 4556
f 4414 4553 4557
f 4553 4414 4410
f 4554 4562 4558
f 4554 4412 4562
f 4412 4416 4562
f 4417 4556 4413
f 4556 4417 4418
f 4559 4556 4418
f 4419 4561 4560
f 4419 4414 4561
f 4414 4557 4561
f 4420 4424 4562
f 4562 4416 4420
f 4563 4564 4234
f 4564 4240 4234
f 4565 4418 4082
f 4565 4699 4418
f 4699 4559 4418
f 4422 4567 4566
f 4419 4567 4422
f 4419 4560 4567
f 4569 4423 4568
f 4569 4570 4423
f 4570 4424 4423
f 4571 4699 4565
f 4572 4699 4571
f 4082 4428 4573
f 4082 4573 4565
f 4565 4573 4571
f 4430 4422 4566
f 4430 4566 4429
f 4429 4566 4581
f 4574 4566 4567
f 4581 4566 4574
f 4568 4431 4575
f 4575 4569 4568
f 4571 4576 4572
f 4573 4576 4571
f 4577 4576 4573
f 4428 4577 4573
f 4428 4433 4577
f 4433 4578 4577
f 4579 4578 4434
f 4434 4578 4433
f 4434 4435 4579
f 4435 4429 4579
f 4579 4429 4580
f 4584 4580 4581
f 4580 4429 4581
f 4575 4431 4267
f 4583 4582 4579
f 4580 4583 4579
f 4584 4583 4580
f 4587 4586 4582
f 4583 4587 4582
f 4585 4267 4438
f 4588 4585 4438
f 4264 4589 4437
f 4589 4439 4437
f 4722 4439 4589
f 4439 4591 4442
f 4441 4725 4590
f 4441 4724 4725
f 4441 4445 4724
f 4593 4594 4595
f 4446 4593 4595
f 4444 4446 4595
f 4724 4445 4444
f 4595 4724 4444
f 4273 5130 4596
f 4280 4598 4447
f 4280 4596 4598
f 4281 4597 3580
f 4598 4599 4447
f 4447 4599 4450
f 4600 4453 4452
f 4453 4601 4454
f 4449 4454 4455
f 4602 4597 4456
f 4602 4603 4597
f 4456 4457 4602
f 4458 4599 4604
f 4599 4458 4450
f 4600 4459 4605
f 4600 4605 4606
f 4453 4600 4606
f 4601 4453 4606
f 4607 4454 4601
f 4460 4454 4607
f 4460 4455 4454
f 4608 4609 4603
f 4457 4608 4603
f 4457 4603 4602
f 4738 4610 4604
f 4459 4304 4611
f 4460 4607 4612
f 4460 4612 4461
f 4608 4613 4609
f 4462 4613 4608
f 4462 4463 4617
f 4312 4741 4614
f 4312 4615 4741
f 4312 4610 4615
f 4738 4615 4610
f 4611 4304 4624
f 4304 4469 4624
f 4462 4616 4613
f 4617 4616 4462
f 4618 4619 4617
f 4464 4618 4617
f 4464 4617 4463
f 4618 4464 4620
f 4621 4471 4622
f 4466 4622 4471
f 4466 4623 4622
f 4466 4614 4623
f 4741 4623 4614
f 4473 4742 4624
f 4624 4469 4473
f 4474 4470 4625
f 4625 4470 4461
f 4620 4619 4618
f 4750 4620 4621
f 4622 4750 4621
f 4626 4750 4622
f 4472 4627 4473
f 4473 4627 4742
f 4628 4474 4625
f 4475 4628 4322
f 4474 4628 4475
f 4472 4320 4629
f 4320 4145 4629
f 4627 4472 4629
f 4476 4322 4330
f 4630 4145 4479
f 4756 4482 4330
f 4634 4631 4483
f 4634 4632 4631
f 4483 4484 4634
f 4486 4482 4633
f 4634 4484 4635
f 4487 4633 4636
f 4633 4487 4486
f 4488 4637 4635
f 4487 4636 4638
f 4488 4639 4637
f 4491 4639 4488
f 4643 4639 4491
f 4493 4494 4640
f 4641 4640 4765
f 4765 4640 4495
f 4487 4495 4490
f 4487 4642 4495
f 4642 4765 4495
f 4638 4642 4487
f 4492 4643 4491
f 4496 4644 4492
f 4492 4644 4643
f 4493 4644 4496
f 4640 4644 4493
f 4645 4644 4640
f 4641 4645 4640
f 4500 4499 4646
f 4500 4646 4501
f 4501 4647 4502
f 4646 4647 4501
f 4502 4648 4503
f 4647 4648 4502
f 4503 4648 4504
f 4498 4504 4508
f 4646 4653 4654
f 4499 4653 4646
f 4649 4646 4654
f 4649 4647 4646
f 4504 4648 4650
f 4651 4504 4650
f 4508 4504 4651
f 4508 4651 4652
f 4509 4508 4652
f 4509 4652 4655
f 4511 4509 4655
f 4507 4657 4658
f 4510 4507 4658
f 4659 4510 4658
f 4653 4510 4659
f 4513 4656 4660
f 4512 4656 4513
f 4512 4655 4656
f 4512 4511 4655
f 4179 4665 4661
f 4179 4661 4662
f 4179 4662 4367
f 4367 4662 4657
f 4513 4660 4663
f 4663 4664 4513
f 4664 4514 4513
f 4661 4665 4662
f 4519 4514 4666
f 4666 4514 4664
f 4665 4515 4784
f 4520 4667 4515
f 4515 4667 4784
f 4522 4668 4521
f 4668 4516 4521
f 4523 4516 4668
f 4669 4524 4523
f 4670 4524 4669
f 4670 4526 4524
f 4667 4527 4671
f 4520 4527 4667
f 4671 4672 4667
f 4529 4673 4668
f 4529 4668 4522
f 4668 4673 4674
f 4669 4523 4677
f 4523 4674 4677
f 4523 4668 4674
f 4671 4527 4675
f 4527 4374 4675
f 4672 4671 4675
f 4384 4678 4529
f 4678 4676 4529
f 4676 4673 4529
f 4673 4676 4674
f 4674 4676 4677
f 4675 4374 4531
f 4384 4679 4678
f 2727 4679 4384
f 3858 4400 4391
f 4396 4680 2727
f 4387 4532 4531
f 4681 4680 4396
f 4800 4534 4390
f 4542 4534 4800
f 4542 4800 4541
f 4536 4683 4689
f 4546 4683 4536
f 4547 4549 4537
f 4685 4684 4551
f 4685 4551 4541
f 4552 4686 4553
f 4552 4687 4686
f 4552 4543 4687
f 4543 4400 4687
f 4545 4554 4558
f 4545 4558 4694
f 4546 4545 4694
f 4546 4694 4688
f 4683 4546 4688
f 4690 4547 4689
f 4690 4691 4547
f 4547 4691 4549
f 4549 4691 4555
f 4553 4692 4557
f 4553 4686 4692
f 4562 4693 4558
f 4694 4558 4693
f 4555 4691 4814
f 4555 4695 4548
f 4695 4563 4548
f 4696 4550 4556
f 4556 4559 4696
f 4557 4692 4697
f 4557 4697 4561
f 4424 4698 4562
f 4698 4693 4562
f 4830 4563 4695
f 4823 4696 4699
f 4696 4559 4699
f 4570 4826 4700
f 4569 4826 4570
f 4698 4424 4570
f 4700 4698 4570
f 4563 4830 4701
f 4701 4564 4563
f 4701 4702 4564
f 4702 4240 4564
f 4699 4703 4823
f 4703 4699 4572
f 4560 4561 4567
f 4569 4575 4826
f 4826 4575 4710
f 4704 4240 4702
f 4572 4705 4703
f 4576 4705 4572
f 4706 4705 4577
f 4577 4705 4576
f 4577 4578 4707
f 4706 4577 4707
f 4581 4708 4584
f 4581 4709 4708
f 4581 4574 4709
f 4574 4567 4709
f 4267 4836 4710
f 4710 4575 4267
f 4240 4704 4711
f 4711 4427 4240
f 4706 4707 4712
f 4578 4579 4713
f 4578 4713 4707
f 4707 4713 4712
f 4579 4582 4713
f 4714 4719 4583
f 4714 4583 4838
f 4838 4583 4584
f 4708 4838 4584
f 4267 4585 4836
f 4836 4585 4715
f 4427 4716 3404
f 4713 4717 4712
f 4718 4717 4713
f 4582 4718 4713
f 4582 4586 4718
f 4587 4718 4586
f 4719 4587 4583
f 4719 4718 4587
f 4438 4720 4588
f 4715 4585 4588
f 4436 4721 4264
f 4264 4721 4589
f 4438 3580 4720
f 4720 3580 4850
f 4439 4722 4591
f 4721 4722 4589
f 3747 4590 4265
f 4590 4725 4265
f 4273 3404 4592
f 4591 4723 4442
f 4442 4723 4860
f 4593 4442 4860
f 4860 4594 4593
f 4724 4595 4726
f 4724 4726 4725
f 4595 4594 5006
f 5004 4595 5006
f 4726 4595 5004
f 4598 4728 4599
f 4598 4596 4728
f 4597 4603 3580
f 3580 4603 4862
f 4599 4727 4604
f 4599 4728 4727
f 4601 4729 4607
f 4733 4729 4601
f 4603 4730 4862
f 4730 4603 4609
f 4604 4727 4731
f 4459 4611 4732
f 4605 4459 4732
f 4605 4732 4606
f 4733 4601 4606
f 4729 4733 4734
f 4735 4729 4736
f 4612 4729 4735
f 4612 4607 4729
f 4609 4737 4730
f 4613 4737 4609
f 4871 4737 4613
f 4738 4604 5163
f 4731 5163 4604
f 4611 4624 4873
f 4611 4873 4732
f 4735 4736 4739
f 4461 4735 4739
f 4461 4612 4735
f 4616 4881 4613
f 4881 4871 4613
f 4616 4617 4746
f 4617 4619 4746
f 4623 4740 4622
f 4623 4741 4740
f 4738 4741 4615
f 4624 4742 4743
f 4624 4743 4744
f 4873 4624 4744
f 4745 4461 4739
f 4461 4745 4625
f 4616 4880 4881
f 4746 4880 4616
f 4747 4748 4746
f 4619 4747 4746
f 4619 4620 4749
f 4747 4619 4749
f 4749 4620 4750
f 4751 4750 4883
f 4883 4750 4626
f 4740 4626 4622
f 4741 4626 4740
f 4742 4753 4887
f 4742 4627 4753
f 4743 4742 4887
f 4888 4625 4745
f 4749 4748 4747
f 4752 4748 4749
f 4750 4752 4749
f 4629 4893 4753
f 4753 4627 4629
f 4322 4628 4754
f 4754 4628 4625
f 4629 4145 4893
f 4322 4754 4755
f 4755 4330 4322
f 4330 4755 4756
f 4479 4480 4630
f 4480 4145 4630
f 4481 4631 4632
f 4632 4758 4902
f 4634 4758 4632
f 4758 4634 4635
f 4764 4635 4637
f 4764 4759 4635
f 4759 4758 4635
f 4636 4760 4761
f 4636 4761 4638
f 4633 4760 4636
f 4762 4759 4764
f 4763 4759 4762
f 4637 4639 4764
f 4639 4643 4764
f 4766 4765 4907
f 4907 4765 4642
f 4761 4642 4638
f 4907 4642 4761
f 4763 4767 4768
f 4763 4762 4767
f 4762 4764 4767
f 4643 4769 4764
f 4764 4769 4767
f 4643 4644 4769
f 4918 4644 4911
f 4911 4644 4645
f 4765 4645 4641
f 4765 4770 4645
f 4770 4911 4645
f 4766 4770 4765
f 4769 4768 4767
f 4771 4768 4769
f 4916 4771 4769
f 4644 4916 4769
f 4647 4649 4772
f 4647 4776 4648
f 4772 4776 4647
f 4648 4651 4650
f 4651 4773 4652
f 4654 4774 4649
f 4649 4774 4775
f 4649 4775 4772
f 4776 4772 4775
f 4651 4648 4776
f 4773 4651 4777
f 4655 4773 4779
f 4655 4652 4773
f 4653 4659 4778
f 4653 4778 4923
f 4653 4923 4654
f 4774 4654 4923
f 4663 4779 4780
f 4656 4779 4663
f 4656 4655 4779
f 4656 4663 4660
f 4658 4662 4783
f 4657 4662 4658
f 4783 4659 4658
f 4664 4780 4781
f 4663 4780 4664
f 4662 4665 4782
f 4662 4782 4783
f 4664 4781 4931
f 4931 4932 4664
f 4932 4666 4664
f 4665 4784 4782
f 4784 4936 4782
f 4785 4519 4666
f 4785 4666 4786
f 4786 4666 4932
f 4784 4787 4788
f 4784 4667 4787
f 4936 4784 4788
f 4785 4786 4789
f 4789 4519 4785
f 4667 4672 4787
f 4787 4672 4792
f 4677 4790 4669
f 4675 4938 4792
f 4792 4672 4675
f 4676 4793 4794
f 4795 4676 4794
f 4677 4676 4795
f 4677 4795 4790
f 4669 4790 4943
f 4669 4943 4670
f 4530 4526 4670
f 4528 4526 4530
f 4519 4791 3858
f 4675 4531 4938
f 4797 4796 4678
f 4797 4678 4679
f 4676 4678 4793
f 4678 4796 4793
f 2727 4797 4679
f 2727 4680 4797
f 4680 4681 4799
f 4539 4799 4681
f 4539 4948 4799
f 4949 4682 4541
f 4800 4949 4541
f 4801 4532 4550
f 4802 4948 4539
f 4802 4539 4684
f 4802 4685 4803
f 4802 4684 4685
f 4685 4804 4803
f 4541 4804 4685
f 4682 4804 4541
f 4682 4805 4804
f 4682 4949 4806
f 4682 4806 4805
f 4688 4689 4683
f 4807 4803 4804
f 4807 4804 4808
f 4808 4805 4809
f 4804 4805 4808
f 4809 4805 4806
f 4686 4810 4811
f 4692 4686 4811
f 4400 4686 4687
f 4810 4686 4400
f 4693 4812 4694
f 4694 4812 4813
f 4694 4813 4688
f 4690 4689 4957
f 4815 4690 4957
f 4814 4690 4815
f 4814 4691 4690
f 4814 4816 4555
f 4555 4816 4695
f 4550 4696 4953
f 4817 4807 4808
f 4817 4808 4818
f 4818 4808 4809
f 4692 4819 4697
f 4692 4811 4819
f 4698 4828 4820
f 4693 4698 4820
f 4812 4693 4820
f 4814 4815 4821
f 4816 4814 4821
f 4822 4816 4821
f 4822 4695 4816
f 4697 4824 4561
f 4825 4697 4819
f 4824 4697 4825
f 4700 4826 4827
f 4698 4700 4827
f 4698 4827 4828
f 4829 4701 4830
f 4701 4829 4702
f 4561 4834 4567
f 4561 4831 4834
f 4561 4824 4831
f 4829 4830 4702
f 4832 4704 4702
f 4706 4703 4705
f 4706 4833 4703
f 4834 4835 4567
f 4567 4835 4709
f 4706 4712 4833
f 4839 4838 4840
f 4840 4838 4708
f 4835 4708 4709
f 4840 4708 4835
f 4841 4711 4704
f 4427 4841 4716
f 4711 4841 4427
f 4717 4842 4837
f 4717 4837 4833
f 4717 4833 4712
f 4718 4719 4843
f 4717 4718 4843
f 4719 4844 4843
f 4714 4844 4719
f 4714 4838 4844
f 4839 4844 4838
f 4588 4720 4845
f 4588 4845 4715
f 4715 4845 4836
f 4846 4716 4841
f 4846 3404 4716
f 4717 4847 4842
f 4847 4717 4848
f 4843 4849 4717
f 4849 4848 4717
f 4849 4843 4844
f 4720 4850 4845
f 4850 4851 4845
f 4722 4852 4591
f 4722 4857 4852
f 4721 4857 4722
f 4721 4436 4857
f 4846 4853 3404
f 4849 4854 4848
f 4850 3580 4855
f 4851 4850 4855
f 4852 4856 4723
f 4591 4852 4723
f 4856 4852 4857
f 4265 4725 4998
f 3404 4853 4592
f 4853 4858 4592
f 4855 3580 5000
f 4860 4856 4857
f 4858 4273 4592
f 4859 4273 4858
f 4723 4856 4860
f 4273 4859 5130
f 4726 5002 4725
f 5002 4998 4725
f 5006 4594 5003
f 5003 4594 4860
f 5004 4861 4726
f 4726 4861 5002
f 5130 4863 4596
f 4728 4864 4865
f 4727 4728 4865
f 4863 4728 4596
f 4864 4728 4863
f 4866 4862 4730
f 4866 4867 4862
f 4867 5005 4862
f 4731 4727 4868
f 4727 4865 4868
f 4606 4869 4733
f 4733 4870 4734
f 4869 4870 4733
f 4729 4734 4736
f 4871 4872 4867
f 4737 4871 4867
f 4737 4867 4866
f 4737 4866 4730
f 4732 4873 5011
f 4732 5011 4874
f 4732 4874 4606
f 4869 4606 4874
f 4875 4870 4869
f 4734 4870 4875
f 4877 4734 4875
f 4739 4877 4876
f 4739 4734 4877
f 4739 4736 4734
f 4872 4871 5014
f 5014 4871 4881
f 4738 5163 4741
f 4744 5016 5017
f 4743 5016 4744
f 5011 4873 4744
f 4876 4877 4878
f 4878 4739 4876
f 4878 4879 4739
f 4879 4745 4739
f 4880 4746 4882
f 4746 4748 4882
f 4884 4883 4885
f 4885 4883 4626
f 4741 4886 4626
f 4886 4885 4626
f 4743 4887 5016
f 4888 4745 4879
f 4881 4880 4889
f 4880 4882 4889
f 4748 4890 4882
f 4882 4890 4889
f 4890 4748 4752
f 4751 4891 4750
f 4751 4892 4891
f 4751 4883 4892
f 4884 4892 4883
f 4753 4893 4894
f 4887 4753 4894
f 4890 4895 4889
f 4896 4895 4890
f 4752 4896 4890
f 4750 4896 4752
f 4893 4145 4897
f 4899 4898 4754
f 4755 4898 4756
f 4754 4898 4755
f 4897 4145 4480
f 4900 4897 4480
f 4898 4757 4756
f 4757 4482 4756
f 4480 4481 5036
f 4757 4901 4482
f 4481 4632 5041
f 5041 4632 5757
f 4632 4902 5757
f 4903 4902 4758
f 4903 4904 4902
f 4903 5043 4904
f 5043 4903 4758
f 5043 4758 4905
f 4905 4758 4759
f 4633 5044 4760
f 4759 4763 4905
f 4905 4763 4906
f 4761 4908 4907
f 4760 4908 4761
f 4763 4909 4906
f 4909 4763 4768
f 4910 4909 4768
f 4911 4770 4912
f 4766 4912 4770
f 4766 4913 4912
f 4766 4907 4913
f 4908 4913 4907
f 4768 4914 4910
f 4915 4914 4771
f 4771 4914 4768
f 4915 4771 4916
f 4918 4917 4644
f 4912 4918 4911
f 4919 4918 4912
f 4915 5049 4914
f 4916 5049 4915
f 5051 4916 4644
f 4920 5051 4644
f 4917 4920 4644
f 4775 4921 4776
f 4776 4921 4651
f 4921 4777 4651
f 4777 4922 4773
f 4773 4922 4779
f 4923 4924 4774
f 4774 4921 4775
f 4774 4924 4921
f 4777 4921 4924
f 4922 4777 4925
f 4925 4777 4924
f 4779 4922 4925
f 4779 4925 4780
f 4778 4659 4923
f 4925 4924 4926
f 4927 4925 4926
f 4929 4925 4927
f 4780 4929 4928
f 4780 4925 4929
f 4780 4928 4781
f 4659 4783 4930
f 4928 4929 4931
f 4932 4931 5063
f 4931 4781 4928
f 4783 4782 4933
f 4782 4936 4933
f 4932 5063 4934
f 4934 4935 4932
f 4935 4786 4932
f 4788 4787 5073
f 4787 4792 5073
f 4937 4789 4786
f 4519 4937 4791
f 4789 4937 4519
f 4939 4790 4795
f 4939 4795 4794
f 4943 4790 4939
f 4940 4791 4937
f 4938 5075 5076
f 4938 4531 5075
f 4792 4938 5076
f 4796 4797 4941
f 4942 4796 4941
f 4793 4796 4942
f 4793 4943 4794
f 4793 4942 4943
f 4794 4943 4939
f 4530 4670 4943
f 4791 4940 3858
f 4940 4944 3858
f 5075 4531 4946
f 4680 4945 4797
f 4941 4797 4945
f 3858 4944 4400
f 4531 4532 4946
f 4680 4947 4945
f 4680 4799 4947
f 4799 4948 4947
f 4949 4800 4390
f 4532 4801 5092
f 5092 4801 4950
f 4950 4801 4550
f 4951 4950 4550
f 4948 4802 4952
f 4803 4952 4802
f 5093 4806 4949
f 4550 4953 4951
f 4807 4954 4803
f 4803 4954 4952
f 4955 5097 4809
f 4809 4806 5093
f 4809 5093 4955
f 4810 4956 4811
f 4810 4400 4956
f 4400 6414 4956
f 4688 4813 5098
f 5098 4689 4688
f 4957 4958 4815
f 4953 4696 4966
f 4959 4954 4807
f 4817 4959 4807
f 4960 4959 4817
f 4960 4817 4818
f 4818 4809 5097
f 4818 5097 4960
f 4811 4961 4962
f 4811 4962 4819
f 4956 4961 4811
f 4970 4812 4820
f 4813 4812 4963
f 4813 4963 5098
f 4689 4964 4957
f 4957 4964 4958
f 4815 4965 4821
f 4815 4958 4965
f 4958 4964 4965
f 4965 4822 4821
f 4696 4823 4966
f 4819 4962 4825
f 4962 4967 4825
f 4828 4968 4969
f 4827 4968 4828
f 4970 4820 4828
f 4970 4828 4969
f 4971 4812 4970
f 4963 4812 4971
f 4965 4964 4972
f 4973 4965 4972
f 4973 4974 4965
f 4965 4974 4822
f 4695 4974 4830
f 4822 4974 4695
f 4823 4975 4966
f 4703 4975 4823
f 4824 4980 4831
f 4824 4976 4980
f 4824 4825 4976
f 4825 4967 4976
f 4702 4977 4978
f 4702 4974 4977
f 4702 4830 4974
f 4702 4978 4832
f 4703 4833 4975
f 4975 4833 4979
f 4831 4980 4834
f 4826 4710 4981
f 4978 4982 4832
f 4982 4704 4832
f 4979 4833 4837
f 5121 4979 4837
f 4840 4983 4839
f 4835 4983 4840
f 4835 4834 4983
f 4836 4984 4710
f 4710 4984 4981
f 4704 4982 4841
f 4982 5124 4841
f 4842 4985 4837
f 4985 5121 4837
f 4844 4839 4986
f 4986 4839 4987
f 4988 4839 4983
f 4987 4839 4988
f 5124 4846 4841
f 4847 4989 4985
f 4847 4985 4842
f 4847 4848 4989
f 4986 4990 4849
f 4844 4986 4849
f 4991 4990 4987
f 4990 4986 4987
f 4988 4991 4987
f 4845 4851 4836
f 4836 4851 4992
f 4436 4993 4857
f 4436 4432 4997
f 4993 4436 4997
f 4846 5124 4853
f 4848 4854 4989
f 4854 4994 4989
f 4990 4854 4849
f 4990 4995 4854
f 4995 4994 4854
f 4991 4995 4990
f 4855 5134 5135
f 4992 4851 4855
f 5135 4992 4855
f 4993 5136 4996
f 4993 4996 4857
f 4997 5136 4993
f 4432 4265 4998
f 4999 4858 5124
f 5124 4858 4853
f 4855 5000 5134
f 4857 4996 4860
f 4859 4858 4999
f 4859 4999 5130
f 5000 3580 5151
f 4862 5005 3580
f 4864 5007 4865
f 4864 4863 5007
f 4863 5157 5007
f 5005 4867 5158
f 4865 5008 4868
f 5008 4865 5007
f 4872 5009 4867
f 5009 5158 4867
f 4868 5010 4731
f 4868 5008 5010
f 4874 5012 4869
f 5011 5012 4874
f 4869 5013 4875
f 5012 5013 4869
f 4875 5013 4877
f 5014 5015 5009
f 4872 5014 5009
f 5018 4744 5017
f 5011 4744 5019
f 5019 4744 5018
f 5012 5011 5019
f 5020 5013 5012
f 4878 5020 5021
f 4878 5013 5020
f 4878 4877 5013
f 4878 5021 4879
f 5022 5015 5014
f 5014 4881 5022
f 4885 4886 5023
f 4884 4885 5023
f 4741 5023 4886
f 4741 5163 5023
f 5016 5165 5024
f 5016 4887 5165
f 5017 5016 5024
f 5025 4888 5021
f 5021 4888 4879
f 5026 5027 5022
f 4881 5026 5022
f 4881 4889 5026
f 4892 4884 4891
f 4891 4884 5033
f 5028 5033 5023
f 5033 4884 5023
f 4894 5170 5029
f 5165 4887 4894
f 5029 5165 4894
f 4888 5025 5030
f 4888 5030 5031
f 4888 5031 4625
f 4889 5027 5026
f 4889 4895 5027
f 4895 5032 5027
f 4896 5032 4895
f 4894 4893 5034
f 4894 5034 5170
f 5179 4625 5031
f 4750 5182 4896
f 4893 4897 5035
f 5034 4893 5035
f 4754 4625 4899
f 4480 5036 4900
f 5035 4897 4900
f 5037 4898 4899
f 4898 5037 4757
f 4757 5039 4901
f 5037 5039 4757
f 5036 4481 5038
f 5038 4481 5191
f 5040 4901 5039
f 5040 4482 4901
f 4481 5041 5191
f 5040 5042 4482
f 5042 4633 4482
f 4902 4904 5757
f 5043 5197 4904
f 5197 5757 4904
f 5045 5197 5043
f 4905 4906 5045
f 5043 4905 5045
f 5044 4908 4760
f 5198 4908 5044
f 4909 5045 4906
f 4908 5198 4913
f 5047 5202 5046
f 4914 5047 5046
f 4914 5046 4910
f 4918 5053 4917
f 5207 5053 4918
f 5207 4918 5203
f 5203 4918 4919
f 4913 4919 4912
f 4913 5048 4919
f 5048 5203 4919
f 5047 5049 5202
f 5049 5047 4914
f 5049 4916 5055
f 5050 5049 5055
f 5055 4916 5051
f 5051 4920 5052
f 4917 5052 4920
f 4917 5053 5052
f 5055 5054 5050
f 5056 5055 5051
f 5052 5056 5051
f 4926 5057 4927
f 4927 5057 4929
f 4659 4930 5058
f 4659 5058 5210
f 4659 5210 5059
f 4659 5059 4923
f 5060 4923 5059
f 5215 4923 5060
f 4924 4923 5215
f 5061 4926 4924
f 5057 4926 5061
f 5062 5057 5061
f 5064 5057 5062
f 4931 5064 5063
f 4931 5057 5064
f 4931 4929 5057
f 4930 4783 5220
f 4930 5220 5065
f 4930 5065 5058
f 5210 5058 5065
f 5063 5064 5066
f 4934 5066 4935
f 4934 5063 5066
f 4783 4933 5067
f 4933 4936 5067
f 5068 4935 5066
f 4935 5068 4786
f 4788 5073 5069
f 4788 5069 5070
f 4788 5070 4936
f 4936 5070 5067
f 5071 4786 5068
f 5071 5072 4786
f 5072 4937 4786
f 5069 5073 5070
f 4937 5072 5074
f 4940 4937 5074
f 4792 5076 5073
f 5081 4943 4942
f 5081 4942 4941
f 4940 5074 4944
f 5075 4946 5077
f 5078 5076 5075
f 5077 5078 5075
f 4945 5079 4941
f 5081 5079 5080
f 5081 4941 5079
f 5082 4390 4530
f 5082 4530 4943
f 4944 5083 4400
f 5077 4946 5084
f 4945 5085 5079
f 5079 5085 5080
f 4400 5083 4798
f 5083 5086 4798
f 4946 4532 5084
f 4947 5085 4945
f 4947 5087 5085
f 5089 4390 5088
f 4798 5086 4400
f 5086 5090 4400
f 4948 5087 4947
f 4948 5091 5087
f 5089 4949 4390
f 4400 5090 6414
f 4950 4951 5092
f 4951 4953 5095
f 5092 4951 5095
f 4955 5094 5097
f 5095 4953 5099
f 5099 4953 4966
f 5096 4952 4954
f 5096 4954 4959
f 5096 4959 4960
f 4956 6414 4961
f 5100 5096 4960
f 5100 4960 5101
f 5101 4960 5250
f 5250 4960 5097
f 4962 5102 4967
f 5103 4962 4961
f 5102 4962 5103
f 4969 5104 4970
f 4970 5112 4971
f 5104 5112 4970
f 4971 5112 5252
f 4963 4971 5252
f 4963 5252 5105
f 4963 5105 5098
f 5106 4689 5098
f 4964 4689 5106
f 4964 5106 4972
f 4972 5106 5107
f 4973 4972 5107
f 5108 4966 4975
f 5108 5099 4966
f 5102 5109 4967
f 4967 5109 4976
f 5103 5109 5102
f 4969 5110 5111
f 4969 4968 5110
f 4968 4827 5110
f 5104 4969 5111
f 4973 5107 5113
f 4974 4973 5113
f 4974 5113 4977
f 4977 5113 5114
f 5114 4978 4977
f 5115 4978 5114
f 5116 5108 4979
f 5108 4975 4979
f 4980 5117 5118
f 4834 4980 5118
f 5109 4980 4976
f 5117 4980 5109
f 4826 4981 5119
f 4826 5119 5272
f 4826 5272 4827
f 4827 5272 5110
f 5120 4978 5115
f 4978 5120 4982
f 5121 5122 5116
f 4979 5121 5116
f 5119 4981 5123
f 4981 4984 5123
f 5272 5119 5123
f 5124 4982 5120
f 5122 5121 5276
f 5276 5121 4985
f 4983 5125 5126
f 4983 5126 4988
f 4834 5125 4983
f 4836 5127 4984
f 4984 5127 5123
f 5128 5129 4985
f 5129 5276 4985
f 4985 4989 5128
f 4991 5284 5133
f 5126 4991 4988
f 5284 4991 5126
f 5132 5131 5129
f 4989 5132 5129
f 4989 5129 5128
f 5132 4989 5142
f 5142 4989 4994
f 5288 4994 5133
f 5133 4994 4995
f 5133 4995 4991
f 4992 5135 4836
f 5136 4997 5137
f 4997 4432 5138
f 5137 4997 5138
f 5138 4432 5139
f 4432 4998 5139
f 5124 5130 4999
f 5141 5131 5132
f 5140 5131 5141
f 5150 5141 5142
f 5141 5132 5142
f 5143 5142 4994
f 5288 5143 4994
f 5134 5296 5144
f 5134 5000 5296
f 5135 5134 5144
f 5136 5137 5145
f 5136 5145 4996
f 4996 5145 4860
f 5138 5146 5137
f 5146 5147 5148
f 5146 5138 5147
f 5138 5139 5147
f 5139 4998 5147
f 5141 5149 5140
f 5150 5149 5141
f 5000 5151 5296
f 4860 5145 5001
f 5152 5148 5147
f 5147 4998 5152
f 5001 5153 4860
f 4998 5002 5152
f 5130 5157 4863
f 4860 5153 5003
f 5153 5154 5003
f 5002 4861 5306
f 5003 5154 5155
f 5006 5003 5155
f 5006 5155 5156
f 5004 5006 5308
f 5006 5156 5308
f 5306 4861 5004
f 5308 5306 5004
f 5005 5158 3580
f 5007 5157 5008
f 5158 5009 5312
f 5010 5008 5159
f 5159 5008 5157
f 5015 5160 5009
f 5160 5312 5009
f 5010 5164 4731
f 5010 5159 5164
f 5019 5166 5012
f 5166 5161 5012
f 5161 5020 5012
f 5015 5316 5160
f 5316 5015 5162
f 5162 5015 5022
f 4731 5164 5163
f 5024 5165 5317
f 5017 5024 5317
f 5017 5317 5018
f 5166 5019 5018
f 5161 5166 5167
f 5161 5172 5168
f 5161 5168 5020
f 5021 5168 5025
f 5020 5168 5021
f 5174 5169 5022
f 5169 5162 5022
f 5022 5027 5174
f 5023 5163 5028
f 5029 5170 5171
f 5165 5029 5171
f 5317 5165 5171
f 5025 5168 5172
f 5025 5172 5030
f 5030 5172 5326
f 5326 5031 5030
f 5173 5031 5326
f 5027 5175 5174
f 5176 5175 5032
f 5032 5175 5027
f 4891 5033 5177
f 5185 4891 5177
f 5033 5178 5177
f 5028 5178 5033
f 5170 5034 5331
f 5171 5170 5331
f 5179 5031 5341
f 5341 5031 5173
f 5180 5176 5186
f 5032 4896 5181
f 5032 5181 5176
f 5176 5181 5186
f 5181 4896 5182
f 5182 4750 5183
f 4750 5184 5183
f 4891 5184 4750
f 4891 5185 5184
f 5035 5340 5331
f 5331 5034 5035
f 5344 5186 5181
f 5182 5344 5181
f 5187 5344 5182
f 5183 5187 5182
f 5184 5187 5183
f 4900 5036 5188
f 4900 5188 5189
f 4900 5189 5035
f 5035 5189 5340
f 4899 4625 5037
f 4625 5190 5037
f 5188 5191 5189
f 5188 5036 5191
f 5036 5038 5191
f 5037 5190 5039
f 5193 5040 5039
f 5193 5039 5190
f 5191 5041 5192
f 5192 5041 5194
f 5193 5195 5040
f 5041 5757 5194
f 5196 5042 5195
f 5195 5042 5040
f 4633 5042 5196
f 4633 5196 5044
f 5197 5045 5356
f 5199 5045 4909
f 5199 5200 5045
f 5200 5356 5045
f 4909 4910 5199
f 5198 5201 4913
f 5046 5202 5200
f 5046 5200 5199
f 5046 5199 4910
f 5204 5203 5359
f 5359 5203 5048
f 5201 5048 4913
f 5359 5048 5201
f 5202 5049 5206
f 5202 5206 5205
f 5049 5050 5206
f 5053 5209 5052
f 5053 5362 5209
f 5207 5362 5053
f 5204 5207 5203
f 5206 5208 5205
f 5209 5208 5206
f 5050 5209 5206
f 5050 5054 5209
f 5055 5209 5054
f 5056 5209 5055
f 5209 5056 5052
f 5210 5060 5059
f 5214 5215 5060
f 4924 5215 5061
f 5215 5062 5061
f 5062 5211 5064
f 5065 5220 5212
f 5065 5212 5213
f 5210 5065 5213
f 5210 5213 5374
f 5060 5210 5374
f 5214 5060 5374
f 5216 5062 5215
f 5216 5217 5062
f 5062 5217 5211
f 5064 5218 5066
f 5064 5211 5218
f 5211 5217 5218
f 4783 5067 5219
f 4783 5219 5220
f 5220 5213 5212
f 5221 5222 5217
f 5217 5222 5218
f 5066 5222 5068
f 5218 5222 5066
f 5219 5070 5223
f 5067 5070 5219
f 5223 5220 5219
f 5071 5068 5222
f 5070 5073 5226
f 5070 5224 5223
f 5072 5071 5225
f 5074 5072 5225
f 5073 5076 5226
f 5227 5074 5225
f 5074 5227 4944
f 5076 5078 5226
f 5226 5078 5228
f 5080 5229 5081
f 5229 4943 5081
f 5230 4943 5229
f 5230 5082 4943
f 5231 4944 5227
f 5231 5086 4944
f 5086 5083 4944
f 5077 5084 5228
f 5077 5228 5078
f 5229 5080 5085
f 5232 5229 5085
f 5233 5229 5232
f 5229 5234 5230
f 5229 5233 5234
f 5234 4390 5082
f 5234 5082 5230
f 5084 5390 5236
f 5084 4532 5390
f 5228 5084 5236
f 5087 5240 5232
f 5087 5232 5085
f 5238 5233 5237
f 5233 5240 5237
f 5233 5232 5240
f 5233 5238 5239
f 5233 5239 5234
f 5234 5239 4390
f 5239 5088 4390
f 5089 5088 4949
f 5086 5235 5090
f 4532 5092 5390
f 5087 5091 5240
f 5241 5094 4955
f 5242 5241 4955
f 5093 5242 4955
f 5245 5092 5095
f 5245 5401 5092
f 5095 5099 5245
f 4952 5096 5243
f 5244 5094 5241
f 5244 5097 5094
f 5244 5241 5242
f 6414 5251 4961
f 5245 5099 5246
f 4952 5243 5247
f 4952 5247 5248
f 5100 5249 5096
f 5249 5243 5096
f 5249 5247 5243
f 5100 5101 5249
f 5097 5409 5250
f 5244 5409 5097
f 4961 5251 5103
f 5105 5253 5098
f 5252 5253 5105
f 5098 5254 5106
f 5253 5254 5098
f 5106 5255 5107
f 5254 5255 5106
f 5099 5108 5246
f 5246 5108 5679
f 5256 5248 5247
f 5256 5247 5249
f 5256 5249 5257
f 5257 5249 5101
f 5257 5101 5258
f 5258 5101 5250
f 5258 5250 5408
f 5408 5250 5409
f 5109 5251 5259
f 5251 5109 5103
f 5111 5260 5104
f 5104 5266 5112
f 5260 5266 5104
f 5112 5266 5261
f 5252 5112 5261
f 5253 5252 5261
f 5254 5262 5255
f 5107 5263 5113
f 5107 5255 5263
f 5255 5262 5263
f 5113 5264 5114
f 5263 5264 5113
f 5114 5264 5115
f 5108 5116 5679
f 5117 5265 5118
f 5117 5109 5265
f 5109 5259 5265
f 5111 5272 5273
f 5110 5272 5111
f 5273 5260 5111
f 5267 5268 5262
f 5262 5268 5263
f 5264 5263 5269
f 5269 5263 5268
f 5115 5269 5120
f 5264 5269 5115
f 5122 5270 5116
f 5270 5679 5116
f 5118 5265 5271
f 5118 5271 4834
f 5123 5278 5272
f 5274 5280 5281
f 5274 5281 5268
f 5268 5281 5269
f 5120 5275 5124
f 5120 5269 5275
f 5269 5281 5275
f 5276 5277 5270
f 5122 5276 5270
f 4834 5271 5125
f 5123 5127 5278
f 5272 5278 5279
f 5280 5423 5281
f 5275 5281 5124
f 5276 5282 5277
f 5282 5276 5129
f 5284 5283 5133
f 5126 5285 5284
f 5125 5285 5126
f 5286 5281 5423
f 5124 5286 5130
f 5281 5286 5124
f 5291 5287 5129
f 5287 5282 5129
f 5129 5131 5291
f 5133 5289 5288
f 5133 5432 5289
f 5133 5283 5432
f 5284 5432 5283
f 4836 5135 5290
f 5127 4836 5290
f 5291 5131 5292
f 5292 5131 5140
f 5142 5293 5150
f 5142 5143 5294
f 5293 5142 5294
f 5288 5294 5143
f 5288 5295 5294
f 5289 5295 5288
f 5144 5296 5297
f 5144 5297 5135
f 5135 5297 5290
f 5137 5303 5145
f 5137 5146 5298
f 5303 5137 5298
f 5298 5146 5299
f 5146 5148 5299
f 5140 5149 5292
f 5150 5293 5149
f 5149 5293 5300
f 5301 5293 5294
f 5296 5151 5302
f 5297 5296 5302
f 5303 5304 5145
f 5145 5304 5001
f 5299 5148 5305
f 5305 5148 5152
f 5151 3580 5302
f 5001 5304 5153
f 5152 5002 5305
f 5307 5155 5154
f 5307 5154 5451
f 5307 5156 5155
f 5309 5156 5307
f 5308 5156 5309
f 5310 5308 5309
f 5306 5308 5310
f 5158 5312 3580
f 5159 5313 5314
f 5311 5159 5157
f 5313 5159 5311
f 5159 5314 5164
f 5314 5315 5164
f 5316 5460 5160
f 5018 5318 5166
f 5317 5318 5018
f 5166 5319 5167
f 5318 5319 5166
f 5161 5167 5172
f 5320 5460 5316
f 5162 5169 5320
f 5316 5162 5320
f 5317 5171 5321
f 5317 5321 5322
f 5318 5317 5322
f 5323 5319 5318
f 5167 5319 5323
f 5324 5167 5323
f 5172 5324 5325
f 5172 5167 5324
f 5325 5326 5172
f 5174 5328 5327
f 5174 5327 5320
f 5174 5320 5169
f 5174 5175 5329
f 5328 5174 5329
f 5175 5176 5329
f 5028 5330 5178
f 5028 5163 5330
f 5326 5325 5332
f 5333 5326 5332
f 5333 5173 5326
f 5333 5334 5173
f 5334 5341 5173
f 5335 5327 5328
f 5336 5327 5335
f 5329 5180 5328
f 5180 5335 5328
f 5329 5176 5180
f 5337 5185 5338
f 5338 5185 5177
f 5330 5177 5178
f 5330 5339 5177
f 5339 5338 5177
f 5336 5342 5343
f 5336 5335 5342
f 5335 5180 5342
f 5180 5186 5344
f 5180 5344 5342
f 5344 5187 5349
f 5187 5345 5349
f 5184 5345 5187
f 5184 5185 5345
f 5337 5345 5185
f 5340 5346 5347
f 5340 5189 5346
f 5331 5340 5347
f 5190 5179 5341
f 5348 5190 5341
f 5179 5190 4625
f 5344 5343 5342
f 5349 5486 5344
f 5189 5191 5350
f 5189 5350 5351
f 5189 5351 5346
f 5350 5191 5352
f 5191 5192 5352
f 5351 5350 5352
f 5192 5194 5352
f 5352 5194 5353
f 5193 5190 5195
f 5194 5757 5353
f 5195 5190 5196
f 5354 5355 5044
f 5197 5356 5757
f 5044 5357 5198
f 5044 5355 5357
f 5356 5200 5497
f 5358 5497 5200
f 5200 5202 5358
f 5359 5201 5360
f 5201 5198 5360
f 5202 5205 5361
f 5358 5202 5361
f 5207 5363 5362
f 5204 5363 5207
f 5204 5359 5363
f 5360 5363 5359
f 5205 5364 5361
f 5205 5208 5364
f 5208 5365 5364
f 5366 5365 5209
f 5209 5365 5208
f 5366 5209 5367
f 5367 5209 5368
f 5209 5369 5368
f 5362 5369 5209
f 5368 5371 5367
f 5371 5370 5367
f 5373 5371 5368
f 5371 5372 5370
f 5373 5372 5371
f 5374 5375 5214
f 5214 5377 5215
f 5377 5216 5215
f 5213 5220 5376
f 5213 5376 5511
f 5213 5511 5374
f 5375 5374 5511
f 5933 5214 5375
f 5216 5377 5512
f 5379 5216 5512
f 5221 5379 5378
f 5221 5216 5379
f 5221 5217 5216
f 5221 5378 5222
f 5376 5223 5382
f 5220 5223 5376
f 5382 5380 5376
f 5378 5379 5071
f 5071 5222 5378
f 5224 5070 5381
f 5223 5224 5382
f 5225 5517 5383
f 5225 5071 5517
f 5070 5226 5384
f 5385 5225 5383
f 5385 5386 5225
f 5386 5227 5225
f 5384 5226 5387
f 5226 5228 5387
f 5388 5231 5227
f 5388 5227 5386
f 5231 5388 5086
f 5387 5228 5525
f 5389 5086 5388
f 5389 5235 5086
f 5236 5390 5391
f 5236 5391 5228
f 5228 5391 5525
f 5393 5392 5238
f 5393 5238 5237
f 5238 5392 5239
f 5392 5394 5239
f 5239 5394 5088
f 4949 5088 5394
f 5235 5389 5090
f 5389 5395 5090
f 5390 5092 5397
f 5527 5391 5390
f 5397 5527 5390
f 5091 5398 5240
f 5398 5396 5240
f 5396 5237 5240
f 5396 5393 5237
f 5090 5395 6414
f 5091 5399 5398
f 4948 5399 5091
f 4952 5399 4948
f 4952 5400 5399
f 5092 5401 5533
f 5403 5402 5244
f 5242 5403 5244
f 5245 5404 5401
f 5404 5245 5246
f 5248 5405 4952
f 5406 5244 5402
f 5406 5409 5244
f 5246 5679 5404
f 5407 5405 5248
f 5407 5248 5256
f 5407 5256 5257
f 5261 5410 5253
f 5253 5411 5254
f 5410 5411 5253
f 5254 5411 5262
f 5257 5258 5412
f 5412 5258 5408
f 5412 5408 5413
f 5413 5408 5409
f 5259 5544 5265
f 5260 5415 5266
f 5414 5415 5260
f 5266 5410 5261
f 5266 5415 5410
f 5411 5410 5416
f 5416 5410 5415
f 5262 5416 5267
f 5262 5411 5416
f 5267 5416 5268
f 5265 5417 5271
f 5265 5544 5417
f 5418 5415 5414
f 5416 5415 5418
f 5268 5416 5418
f 5268 5418 5274
f 5274 5418 5419
f 5419 5280 5274
f 5420 5280 5419
f 5271 5422 5125
f 5548 5271 5417
f 5422 5271 5548
f 5279 5278 5428
f 5272 5279 5273
f 5260 5273 5279
f 5423 5280 5424
f 5424 5280 5420
f 5425 5277 5282
f 5425 5426 5277
f 5426 5421 5277
f 5125 5427 5285
f 5125 5422 5427
f 5278 5127 5428
f 5424 5429 5423
f 5429 5286 5423
f 5425 5430 5426
f 5430 5425 5282
f 5430 5282 5431
f 5431 5282 5287
f 5284 5433 5432
f 5284 5285 5433
f 5427 5433 5285
f 5290 5555 5428
f 5428 5127 5290
f 5434 5130 5286
f 5434 5286 5561
f 5561 5286 5429
f 5291 5431 5287
f 5431 5291 5292
f 5435 5431 5292
f 5290 5297 5555
f 5555 5297 5439
f 5149 5435 5292
f 5436 5435 5300
f 5300 5435 5149
f 5300 5293 5436
f 5436 5293 5301
f 5294 5437 5301
f 5294 5438 5437
f 5294 5295 5438
f 5289 5438 5295
f 5302 5564 5439
f 5439 5297 5302
f 5303 5440 5304
f 5303 5298 5445
f 5440 5303 5445
f 5298 5299 5441
f 5445 5298 5441
f 5299 5305 5441
f 5301 5442 5436
f 5443 5442 5301
f 5302 3580 5564
f 5564 3580 5444
f 5153 5304 5154
f 5304 5447 5154
f 5002 5306 5305
f 5305 5306 5455
f 5154 5448 5451
f 5455 5306 5449
f 5450 5307 5451
f 5307 5450 5309
f 5450 5310 5309
f 5310 5449 5306
f 3580 5312 5452
f 5453 5450 5451
f 5310 5450 5454
f 5454 5450 5453
f 5455 5449 5310
f 5454 5455 5310
f 5313 5456 5314
f 5313 5311 5456
f 5312 5160 5452
f 5452 5160 5579
f 5454 5453 5584
f 5457 5454 5584
f 5455 5454 5457
f 5314 5458 5315
f 5459 5314 5456
f 5458 5314 5459
f 5160 5460 5579
f 5458 5461 5315
f 5315 5461 5164
f 5459 5461 5458
f 5460 5320 5590
f 5164 5461 5462
f 5163 5164 5462
f 5322 5463 5318
f 5318 5464 5323
f 5463 5464 5318
f 5464 5324 5323
f 5465 5320 5327
f 5465 5466 5320
f 5466 5590 5320
f 5330 5163 5467
f 5163 5462 5467
f 5321 5171 5468
f 5321 5468 5469
f 5321 5469 5322
f 5463 5322 5469
f 5470 5464 5463
f 5324 5464 5470
f 5325 5324 5470
f 5325 5470 5332
f 5332 5470 5471
f 5472 5333 5471
f 5333 5332 5471
f 5333 5472 5334
f 5465 5598 5466
f 5598 5465 5327
f 5598 5327 5473
f 5473 5327 5336
f 5338 5339 5474
f 5337 5338 5474
f 5330 5474 5339
f 5330 5475 5474
f 5467 5475 5330
f 5331 5476 5171
f 5468 5171 5476
f 5334 5477 5341
f 5472 5477 5334
f 5478 5479 5336
f 5479 5473 5336
f 5336 5343 5478
f 5345 5337 5480
f 5480 5337 5481
f 5489 5481 5474
f 5481 5337 5474
f 5482 5341 5477
f 5482 5616 5341
f 5616 5348 5341
f 5483 5484 5479
f 5343 5483 5479
f 5343 5479 5478
f 5343 5344 5485
f 5483 5343 5485
f 5487 5486 5488
f 5488 5486 5349
f 5480 5349 5345
f 5480 5612 5349
f 5612 5488 5349
f 5481 5612 5480
f 5489 5612 5481
f 5190 5348 5490
f 5490 5348 5616
f 5485 5484 5483
f 5491 5485 5344
f 5486 5491 5344
f 5487 5491 5486
f 5352 5492 5493
f 5352 5493 5351
f 5351 5493 5346
f 5190 5490 5494
f 5492 5352 5495
f 5352 5353 5495
f 5493 5492 5495
f 5494 5623 5190
f 5353 5757 5495
f 5190 5623 5196
f 5623 5044 5196
f 5354 5357 5355
f 5356 5497 5757
f 5198 5357 5498
f 5357 5496 5498
f 5497 5358 5628
f 5198 5499 5360
f 5498 5499 5198
f 5358 5361 5628
f 5628 5361 5500
f 5363 5501 5502
f 5499 5363 5360
f 5501 5363 5499
f 5361 5503 5500
f 5364 5503 5361
f 5504 5503 5365
f 5365 5503 5364
f 5362 5505 5369
f 5362 5506 5505
f 5362 5363 5506
f 5363 5502 5506
f 5504 5507 5503
f 5366 5508 5507
f 5366 5507 5504
f 5366 5504 5365
f 5366 5367 5509
f 5508 5366 5509
f 5367 5370 5509
f 5368 5505 5373
f 5369 5505 5368
f 5510 5508 5509
f 5370 5510 5509
f 5370 5372 5510
f 5373 5510 5372
f 5505 5510 5373
f 5511 5933 5375
f 5214 5933 5377
f 5933 5512 5377
f 5512 5513 5379
f 5511 5376 5646
f 5376 5380 5646
f 5512 5933 5514
f 5515 5512 5514
f 5515 5516 5512
f 5512 5516 5513
f 5379 5517 5071
f 5379 5513 5517
f 5513 5516 5517
f 5382 5224 5522
f 5382 5522 5518
f 5382 5518 5380
f 5380 5518 5646
f 5517 5516 5519
f 5520 5517 5519
f 5517 5520 5383
f 5381 5650 5521
f 5070 5650 5381
f 5522 5224 5381
f 5522 5381 5521
f 5385 5383 5386
f 5384 5387 5523
f 5384 5523 5070
f 5070 5523 5650
f 5386 5383 5524
f 5524 5388 5386
f 5387 5525 5523
f 5388 5524 5526
f 5389 5388 5526
f 5525 5391 5527
f 5393 5528 5392
f 5529 5394 5392
f 5529 5392 5528
f 5529 4949 5394
f 5389 5526 5395
f 5396 5530 5528
f 5396 5528 5393
f 5528 5531 5529
f 5528 5530 5531
f 5531 4949 5529
f 5400 5532 5398
f 5400 5398 5399
f 5396 5398 5530
f 5398 5663 5530
f 5398 5532 5663
f 5530 5663 5531
f 5397 5092 5533
f 5535 5242 5093
f 5533 5401 5534
f 5534 5401 5536
f 5535 5403 5242
f 5401 5537 5536
f 5404 5537 5401
f 5668 5537 5404
f 5403 5538 5402
f 5535 5538 5403
f 5404 5679 5668
f 5405 5407 5540
f 5539 5406 5402
f 5539 5409 5406
f 5539 5402 5538
f 6414 5543 5251
f 5671 5540 5541
f 5541 5540 5257
f 5540 5407 5257
f 5257 5412 5541
f 5409 5542 5413
f 5539 5542 5409
f 5259 5251 5543
f 5541 5412 5673
f 5673 5412 5413
f 5545 5414 5260
f 5418 5414 5545
f 5418 5545 5547
f 5546 5418 5547
f 5546 5419 5418
f 5270 5277 5421
f 5417 5544 5548
f 5546 5547 5682
f 5419 5546 5682
f 5421 5426 5549
f 5422 5550 5427
f 5422 5548 5550
f 5279 5428 5691
f 5551 5424 5552
f 5552 5424 5420
f 5424 5551 5429
f 5553 5549 5426
f 5430 5431 5426
f 5433 5554 5432
f 5427 5554 5433
f 5427 5550 5554
f 5428 5555 5556
f 5428 5556 5691
f 5551 5552 5557
f 5557 5429 5551
f 5557 5561 5429
f 5426 5558 5553
f 5431 5558 5426
f 5432 5559 5289
f 5554 5559 5432
f 5555 5694 5560
f 5555 5439 5694
f 5556 5555 5560
f 5431 5562 5558
f 5435 5563 5562
f 5435 5562 5431
f 5435 5436 5563
f 5438 5567 5437
f 5439 5564 5565
f 5439 5565 5694
f 5436 5566 5563
f 5301 5567 5443
f 5437 5567 5301
f 5564 5444 5568
f 5568 5565 5564
f 5440 5569 5304
f 5440 5445 5569
f 5445 5441 5858
f 5569 5445 5858
f 5441 5305 5858
f 5436 5570 5566
f 5446 5571 5570
f 5446 5570 5436
f 5446 5436 5442
f 5571 5446 5577
f 5446 5442 5572
f 5577 5446 5572
f 5442 5573 5572
f 5443 5573 5442
f 5568 5444 5574
f 5444 3580 5574
f 5569 5575 5304
f 5304 5575 5447
f 5577 5576 5571
f 5447 5575 5154
f 5154 5575 5448
f 5451 5448 5578
f 5157 5456 5311
f 3580 5452 5579
f 5580 5451 5578
f 5582 5580 5578
f 5451 5580 5453
f 5581 5580 5582
f 5453 5580 5583
f 5580 5581 5583
f 5583 5584 5453
f 5585 5457 5584
f 5714 5455 5457
f 5585 5714 5457
f 5456 5586 5459
f 5579 5460 5715
f 5715 5460 5587
f 5581 5582 5718
f 5583 5581 5718
f 5588 5583 5718
f 5584 5583 5588
f 5585 5584 5588
f 5586 5461 5459
f 5589 5461 5586
f 5460 5590 5587
f 5461 5591 5462
f 5461 5589 5591
f 5590 5466 5592
f 5462 5593 5594
f 5462 5594 5467
f 5591 5593 5462
f 5469 5468 5595
f 5469 5602 5463
f 5595 5602 5469
f 5463 5602 5470
f 5602 5596 5470
f 5470 5597 5471
f 5596 5597 5470
f 5471 5597 5472
f 5598 5592 5466
f 5475 5599 5474
f 5475 5467 5599
f 5467 5594 5599
f 5476 5600 5601
f 5468 5476 5601
f 5468 5601 5595
f 5602 5595 5601
f 5596 5603 5597
f 5472 5603 5477
f 5597 5603 5472
f 5610 5592 5598
f 5604 5592 5610
f 5473 5479 5610
f 5598 5473 5610
f 5474 5605 5489
f 5474 5606 5605
f 5474 5599 5606
f 5331 5347 5615
f 5331 5615 5607
f 5476 5331 5607
f 5476 5607 5600
f 5601 5600 5607
f 5482 5608 5609
f 5482 5603 5608
f 5482 5477 5603
f 5482 5609 5616
f 5479 5611 5610
f 5487 5488 5612
f 5613 5612 5614
f 5614 5612 5489
f 5605 5614 5489
f 5347 5738 5739
f 5346 5738 5347
f 5615 5347 5739
f 5617 5490 5616
f 5484 5611 5479
f 5484 5618 5611
f 5485 5618 5484
f 5491 5618 5485
f 5487 5619 5491
f 5619 5618 5491
f 5612 5619 5487
f 5743 5619 5612
f 5613 5743 5612
f 5346 5493 5738
f 5738 5493 5621
f 5620 5494 5490
f 5620 5490 5617
f 5495 5752 5621
f 5621 5493 5495
f 5494 5622 5623
f 5620 5622 5494
f 5495 5757 5752
f 5044 5623 5354
f 5623 5624 5354
f 5354 5624 5357
f 5624 5625 5357
f 5357 5625 5496
f 5757 5497 5759
f 5759 5497 5626
f 5496 5627 5498
f 5497 5628 5626
f 5499 5627 5629
f 5627 5499 5498
f 5501 5630 5502
f 5501 5499 5630
f 5499 5629 5630
f 5631 5500 5503
f 5502 5632 5633
f 5502 5633 5506
f 5630 5632 5502
f 5507 5634 5631
f 5507 5631 5503
f 5505 5506 5635
f 5506 5633 5635
f 5508 5636 5507
f 5508 5510 5637
f 5636 5508 5637
f 5637 5510 5641
f 5638 5510 5773
f 5773 5510 5505
f 5637 5639 5636
f 5640 5639 5637
f 5644 5640 5641
f 5640 5637 5641
f 5642 5641 5510
f 5638 5642 5510
f 5640 5643 5639
f 5644 5643 5640
f 5511 5645 5933
f 5511 5646 5647
f 5645 5511 5647
f 5648 5515 5514
f 5516 5515 5648
f 5516 5648 5519
f 5519 5648 5649
f 5383 5520 5649
f 5520 5519 5649
f 5651 5521 5650
f 5651 5652 5521
f 5652 5522 5521
f 5646 5518 5522
f 5652 5646 5522
f 5383 5649 5653
f 5383 5653 5654
f 5650 5523 5659
f 5655 5651 5650
f 5659 5655 5650
f 5383 5654 5656
f 5524 5383 5656
f 5523 5525 5657
f 5523 5657 5658
f 5523 5658 5659
f 5660 5526 5524
f 5660 5524 5656
f 5657 5796 5797
f 5657 5525 5796
f 5525 5527 5796
f 5658 5657 5797
f 5526 5661 5395
f 5660 5661 5526
f 5527 5662 5796
f 5397 5533 5664
f 5397 5664 5527
f 5527 5664 5662
f 5400 5665 5532
f 4952 5665 5400
f 5663 5532 5531
f 5664 5534 5666
f 5533 5534 5664
f 5666 5679 5664
f 4949 5535 5093
f 5808 5535 4949
f 5534 5536 5666
f 5667 5679 5666
f 5538 5535 5808
f 5536 5537 5666
f 5666 5537 5668
f 5666 5668 5667
f 5405 5669 4952
f 5540 5669 5405
f 5539 5538 5811
f 5539 5811 5670
f 5670 5542 5539
f 6414 5674 5543
f 5671 5541 5672
f 5541 5673 5672
f 5259 5674 5675
f 5544 5259 5675
f 5674 5259 5543
f 5676 5677 5545
f 5677 5678 5545
f 5545 5678 5547
f 5270 5421 5679
f 5544 5675 5548
f 5675 5680 5548
f 5260 5279 5685
f 5260 5676 5545
f 5260 5685 5676
f 5685 5681 5676
f 5681 5677 5676
f 5822 5678 5677
f 5683 5678 5822
f 5682 5678 5683
f 5682 5547 5678
f 5421 5549 5684
f 5679 5421 5684
f 5548 5680 5550
f 5680 5829 5550
f 5825 5681 5685
f 5682 5683 5686
f 5419 5682 5686
f 5687 5419 5686
f 5687 5420 5419
f 5687 5688 5420
f 5688 5552 5420
f 5689 5684 5549
f 5689 5549 5553
f 5554 5550 5690
f 5550 5829 5690
f 5692 5552 5688
f 5553 5693 5689
f 5558 5693 5553
f 5554 5836 5559
f 5690 5836 5554
f 5560 5694 5556
f 5692 5557 5552
f 5692 5695 5557
f 5695 5561 5557
f 5562 5696 5558
f 5696 5693 5558
f 5289 5559 5438
f 5694 5697 5698
f 5694 5565 5697
f 5556 5694 5698
f 5699 5434 5561
f 5699 5561 5700
f 5700 5561 5695
f 5434 5699 5130
f 5566 5701 5696
f 5566 5696 5562
f 5566 5562 5563
f 5565 5568 5697
f 5697 5568 5702
f 5699 5700 5130
f 5570 5704 5703
f 5570 5703 5701
f 5570 5701 5566
f 5443 5705 5573
f 5567 5705 5443
f 5567 5706 5705
f 5438 5706 5567
f 5574 5851 5702
f 5702 5568 5574
f 5571 5704 5570
f 5571 5576 5704
f 5576 5707 5704
f 5708 5707 5577
f 5577 5707 5576
f 5577 5572 5709
f 5708 5577 5709
f 5572 5573 5709
f 5709 5573 5710
f 5710 5573 5705
f 5574 3580 5851
f 5858 5305 5711
f 5711 5305 5455
f 5712 5708 5709
f 5710 5712 5709
f 5713 5712 5710
f 5578 5448 6011
f 3580 5579 5869
f 5578 6011 5582
f 5455 5714 6012
f 5715 5716 5869
f 5715 5869 5579
f 6011 5717 5582
f 5585 5720 5714
f 5715 5587 5716
f 5582 5717 5718
f 5588 5718 5719
f 5588 5719 5720
f 5720 5585 5588
f 5589 5586 5721
f 5587 5590 5716
f 5589 5723 5591
f 5721 5723 5589
f 5716 5590 5724
f 5724 5590 5592
f 5593 5725 5594
f 5593 5880 5725
f 5593 5591 5880
f 5591 5723 5880
f 5724 5592 5604
f 5725 5726 5727
f 5725 5727 5594
f 5594 5727 5599
f 5880 5726 5725
f 5601 5733 5602
f 5732 5733 5601
f 5602 5728 5596
f 5733 5728 5602
f 5596 5728 5603
f 5606 5599 5730
f 5599 5727 5730
f 5607 5883 5731
f 5732 5601 5607
f 5732 5607 5731
f 5603 5728 5733
f 5603 5733 5608
f 5608 5733 5734
f 5734 5609 5608
f 5735 5609 5734
f 5604 5736 5729
f 5610 5736 5604
f 5736 5610 5611
f 5737 5736 5611
f 5614 5605 5744
f 5613 5614 5744
f 5605 5606 5744
f 5890 5615 5739
f 5883 5607 5615
f 5890 5883 5615
f 5740 5616 5609
f 5740 5609 5735
f 5616 5740 5617
f 5611 5741 5737
f 5742 5741 5618
f 5618 5741 5611
f 5742 5618 5743
f 5618 5619 5743
f 5743 5613 5751
f 5903 5751 5744
f 5751 5613 5744
f 5745 5617 5740
f 5745 5620 5617
f 5746 5742 5743
f 5746 5743 5747
f 5748 5747 5743
f 5749 5743 5750
f 5749 5748 5743
f 5751 5750 5743
f 5621 5752 5753
f 5621 5753 5738
f 5620 5745 5622
f 5745 5754 5622
f 5752 5757 5755
f 5753 5752 5755
f 5756 5623 5622
f 5756 5622 5754
f 5623 5625 5624
f 5759 5760 5757
f 5625 5758 5496
f 5761 5760 5759
f 5759 5626 5761
f 5496 5758 5627
f 5914 5761 5763
f 5626 5628 5763
f 5761 5626 5763
f 5627 5762 5629
f 5763 5628 5764
f 5764 5628 5500
f 5629 5762 5765
f 5629 5765 5630
f 5500 5631 5764
f 5764 5631 5917
f 5630 5765 5632
f 5766 5631 5634
f 5766 5767 5631
f 5767 5917 5631
f 5634 5507 5766
f 5633 5768 5769
f 5633 5769 5635
f 5632 5768 5633
f 5770 5767 5766
f 5771 5767 5770
f 5507 5772 5766
f 5766 5772 5770
f 5507 5636 5772
f 5774 5773 5922
f 5922 5773 5505
f 5769 5505 5635
f 5922 5505 5769
f 5771 5775 5776
f 5771 5770 5775
f 5770 5772 5775
f 5636 5639 5775
f 5772 5636 5775
f 5641 5642 5777
f 5638 5777 5642
f 5638 5774 5777
f 5638 5773 5774
f 5639 5776 5775
f 5639 5643 5776
f 5643 5778 5776
f 5643 5928 5778
f 5644 5779 5643
f 5643 5779 5928
f 5641 5779 5644
f 5777 5779 5641
f 5780 5779 5777
f 5647 5646 5781
f 5647 5781 5645
f 5645 5786 5933
f 5781 5786 5645
f 5933 5648 5514
f 5648 5782 5649
f 5652 5783 5784
f 5651 5783 5652
f 5781 5646 5652
f 5781 5652 5785
f 5785 5652 5784
f 5786 5781 5785
f 5787 5648 5933
f 5782 5648 5787
f 5791 5782 5789
f 5653 5782 5791
f 5653 5649 5782
f 5653 5788 5654
f 5791 5788 5653
f 5651 5655 5783
f 5789 5790 5791
f 5654 5792 5656
f 5654 5788 5792
f 5788 5791 5792
f 5659 5658 5793
f 5659 5793 5794
f 5659 5794 5655
f 5655 5794 5783
f 5790 5795 5791
f 5791 5795 5792
f 5656 5795 5660
f 5792 5795 5656
f 5658 5797 5793
f 5798 5660 5795
f 5798 5799 5660
f 5799 5661 5660
f 5796 5662 5800
f 5801 5797 5796
f 5800 5801 5796
f 5395 5661 5802
f 5802 5661 5799
f 5800 5662 5803
f 5662 5664 5803
f 5803 5664 5679
f 5804 5531 5532
f 5807 5531 5804
f 5805 4949 5531
f 4952 5809 5532
f 4952 5532 5665
f 5807 5804 5806
f 5804 5809 5806
f 5804 5532 5809
f 5807 5805 5531
f 5808 4949 5805
f 4952 5669 5809
f 5810 5538 5808
f 5667 5668 5679
f 5810 5811 5538
f 5540 5813 5669
f 5811 5812 5670
f 5813 5540 5671
f 5671 5814 5813
f 5815 5670 5812
f 5815 5542 5670
f 5674 5816 5675
f 5674 6414 5816
f 5671 5672 5817
f 5672 5673 5817
f 5413 5818 5673
f 5818 5413 5542
f 5819 5818 5542
f 5815 5819 5542
f 5675 5816 5680
f 5680 5816 5820
f 5677 5681 5821
f 5821 5822 5677
f 5822 5823 5683
f 5679 5684 5961
f 5817 5673 5818
f 5680 5828 5829
f 5824 5680 5820
f 5828 5680 5824
f 5685 5279 5830
f 5830 5825 5685
f 5825 5821 5681
f 5822 5821 5825
f 5823 5822 5826
f 5826 5822 5825
f 5683 5826 5686
f 5683 5823 5826
f 5826 5687 5686
f 5684 5827 5961
f 5689 5827 5684
f 5826 5825 5830
f 5831 5826 5830
f 5832 5826 5831
f 5687 5826 5832
f 5833 5687 5832
f 5833 5688 5687
f 5834 5689 5693
f 5834 5827 5689
f 5836 5835 5559
f 5690 5829 5836
f 5691 5556 5837
f 5279 5691 5837
f 5279 5837 5838
f 5839 5692 5688
f 5692 5839 5695
f 5840 5834 5696
f 5834 5693 5696
f 5559 5841 5438
f 5559 5842 5841
f 5559 5835 5842
f 5836 5842 5835
f 5556 5698 5837
f 5843 5695 5839
f 5696 5844 5840
f 5438 5841 5845
f 5698 5697 5846
f 5697 5702 5846
f 5130 5700 5847
f 5847 5700 5695
f 5703 5848 5844
f 5703 5844 5696
f 5703 5696 5701
f 5703 5704 5848
f 5706 5849 5705
f 5438 5849 5706
f 5438 5994 5849
f 5845 5994 5438
f 5850 5994 5845
f 5852 5157 5130
f 5704 5854 5853
f 5704 5853 5848
f 5704 5707 5855
f 5854 5704 5855
f 5705 5856 5710
f 5856 5705 5849
f 5702 5851 5857
f 5569 5864 5575
f 5864 5569 5858
f 5866 5853 5854
f 5859 5853 5866
f 5707 5708 5860
f 5707 5860 5855
f 5855 5860 5854
f 5708 5712 5861
f 5860 5708 5861
f 5861 5712 5862
f 5862 5712 5713
f 5856 5713 5710
f 5856 5863 5713
f 5863 5862 5713
f 5864 5865 5575
f 5575 5865 5448
f 5867 5859 5866
f 5860 5868 5854
f 5868 5866 5854
f 5871 5861 6002
f 5871 5868 5861
f 5868 5860 5861
f 6011 5448 5865
f 5455 6012 5711
f 5866 5870 5867
f 5868 5870 5866
f 5871 5870 5868
f 5157 6166 5456
f 6016 5869 5716
f 5456 6166 5586
f 6166 5874 5586
f 5717 5872 5873
f 5718 5717 5873
f 5719 5718 5873
f 5586 5874 5721
f 5719 5873 5875
f 5720 5719 5875
f 5714 5720 5875
f 5723 5876 5879
f 5874 5723 5721
f 5876 5723 5874
f 5722 5877 6021
f 5716 5877 5722
f 5877 5716 5724
f 5878 5877 5724
f 5723 5879 5880
f 5724 5604 5878
f 5726 5880 5727
f 5604 5729 5878
f 5878 5729 5881
f 5727 5882 5730
f 5880 5882 5727
f 5884 5731 5883
f 5884 5732 5731
f 5733 5732 5884
f 5733 5884 5885
f 5886 5734 5885
f 5734 5733 5885
f 5734 5886 5735
f 5887 5729 5736
f 5887 5888 5729
f 5888 5881 5729
f 5736 5737 5887
f 5606 5730 5889
f 5730 5882 5889
f 5883 5890 6042
f 5883 6042 5891
f 5884 5883 5891
f 5895 5892 5886
f 5735 5892 5740
f 5886 5892 5735
f 5897 5888 5887
f 5893 5888 5897
f 5737 5741 5894
f 5737 5894 5887
f 5887 5894 5897
f 5606 5903 5744
f 5889 5903 5606
f 5739 5738 5890
f 6042 5890 5738
f 5745 5895 5896
f 5745 5892 5895
f 5745 5740 5892
f 5898 5897 5894
f 5742 5899 5898
f 5742 5898 5894
f 5742 5894 5741
f 5742 5746 5900
f 5899 5742 5900
f 5750 5901 5749
f 5750 5751 5902
f 5901 5750 5902
f 5751 5903 5902
f 5738 5753 5904
f 5905 5745 5896
f 5905 5906 5745
f 5906 5754 5745
f 5899 5907 5908
f 5899 5900 5907
f 5746 5747 5909
f 5746 5909 5900
f 5900 5909 5907
f 5909 5747 6496
f 5747 5748 6496
f 5748 5910 6496
f 5749 5910 5748
f 5749 5901 5910
f 5902 5910 5901
f 5904 5753 5755
f 6055 5904 5755
f 5754 5906 5756
f 5906 6056 5756
f 5909 5908 5907
f 5910 5911 6496
f 5755 5757 6055
f 5756 5912 5623
f 5912 5625 5623
f 5625 5912 5758
f 5760 6064 5757
f 5760 5761 6064
f 5758 5913 5627
f 5761 5914 6064
f 5627 5913 5762
f 5915 5914 5763
f 5763 5764 5915
f 5765 5762 5916
f 6067 5915 5917
f 5915 5764 5917
f 5765 5916 5632
f 5916 5918 5632
f 5917 5919 6067
f 5919 5917 5767
f 5768 5920 5769
f 5768 5632 5920
f 5632 5918 5920
f 5767 5771 5919
f 5919 5771 5921
f 5769 5923 5922
f 5769 5920 5923
f 5925 6071 5771
f 6071 5921 5771
f 5771 5776 5925
f 5774 5924 5777
f 5774 5923 5924
f 5774 5922 5923
f 5776 5926 5925
f 5927 5926 5778
f 5778 5926 5776
f 5927 5778 5928
f 5928 5779 5929
f 6083 5779 6077
f 6077 5779 5780
f 5924 5780 5777
f 5924 5930 5780
f 5930 6077 5780
f 5927 6079 5926
f 5928 6079 5927
f 5929 6079 5928
f 5779 5931 5929
f 6082 5931 5779
f 6083 6082 5779
f 5784 5783 5932
f 5784 5932 5785
f 5785 5933 5786
f 5932 5933 5785
f 5787 5934 5782
f 5782 5934 5789
f 5932 5783 5935
f 5936 5932 5935
f 6088 5933 5936
f 5936 5933 5932
f 5937 5787 5933
f 5934 5787 5937
f 5789 5934 5938
f 5938 5790 5789
f 5939 5790 5938
f 5783 5794 5935
f 5941 5936 5935
f 5942 5790 5939
f 5793 5797 5944
f 5793 5944 5940
f 5794 5793 5940
f 5794 5940 5941
f 5794 5941 5935
f 5799 5942 5943
f 5798 5942 5799
f 5798 5790 5942
f 5798 5795 5790
f 5797 5801 5944
f 5940 5944 5945
f 5799 5943 6096
f 6096 6097 5799
f 6097 5802 5799
f 5800 5803 5946
f 5800 5946 5801
f 5801 5946 5944
f 5395 5802 5947
f 5947 5802 6097
f 5946 5803 6104
f 5948 5949 5807
f 5948 5807 5806
f 5807 5949 5805
f 5949 5950 5805
f 5805 5950 5951
f 5951 5808 5805
f 5669 5952 5809
f 5952 5806 5809
f 5952 5948 5806
f 5953 5810 5808
f 5953 5808 5951
f 5669 5954 5952
f 5810 5953 5955
f 5956 5810 5955
f 5811 5810 5956
f 5813 5957 5954
f 5813 5954 5669
f 5958 5954 5957
f 5956 5812 5811
f 6112 5812 5956
f 5813 5814 5957
f 5814 5958 5957
f 5814 5959 5958
f 6112 5815 5812
f 5671 5959 5814
f 5671 5960 5959
f 5819 5962 5818
f 5816 6414 5820
f 5963 5960 5671
f 5963 5671 5817
f 5963 5817 5818
f 5964 5963 5818
f 5818 5962 5964
f 5820 5967 5824
f 5972 5961 5827
f 5972 5965 5961
f 5965 5679 5961
f 5828 5966 5829
f 5828 5967 5966
f 5828 5824 5967
f 6126 5968 5830
f 5830 5968 5969
f 5830 5969 5970
f 5831 5830 5970
f 5832 5971 5833
f 5833 5971 5688
f 5972 5827 5973
f 5973 5827 5834
f 5966 5974 5829
f 5829 5974 5836
f 5967 5974 5966
f 5838 5837 5975
f 5279 5838 5975
f 5279 5975 5976
f 5279 5976 5830
f 6126 5830 5976
f 5831 5970 5977
f 5832 5831 5977
f 5978 5832 5977
f 5971 5832 5978
f 5971 5979 5688
f 5979 5839 5688
f 5834 5840 5973
f 5973 5840 6137
f 5842 5980 5841
f 5842 5836 5980
f 5836 5974 5980
f 5837 5698 5981
f 5837 5981 5982
f 5837 5982 5975
f 5983 5843 5839
f 5983 5839 5984
f 5984 5839 5979
f 5843 5983 5695
f 5840 5985 6137
f 5985 5840 5844
f 5980 5986 5845
f 5841 5980 5845
f 5698 5846 5987
f 5698 5987 5988
f 5698 5988 5981
f 5983 5984 5989
f 5989 5695 5983
f 5989 5990 5695
f 5990 5847 5695
f 5991 5992 5844
f 5992 5985 5844
f 5844 5848 5991
f 5993 5849 5994
f 5986 5850 5845
f 5986 5995 5850
f 5995 5994 5850
f 5987 5846 5996
f 5846 5702 5996
f 5997 5992 5991
f 5998 5992 5997
f 5848 5853 5999
f 5848 5999 5991
f 5991 5999 5997
f 5849 6150 6000
f 5849 6000 5856
f 5993 6150 5849
f 5702 5857 5996
f 5130 5847 5852
f 5998 5997 6001
f 5997 5999 6001
f 5853 5859 6001
f 5999 5853 6001
f 5862 6002 5861
f 5862 5863 6010
f 6002 5862 6010
f 5863 6003 6010
f 5863 5856 6003
f 5856 6000 6003
f 5857 5851 6004
f 5851 3580 6004
f 5865 5864 6005
f 5858 6006 5864
f 5864 6006 6005
f 6006 5858 5711
f 6007 6006 5711
f 6008 6001 5859
f 6008 5859 5867
f 6002 6009 5871
f 6009 6002 6015
f 6015 6002 6010
f 3580 5869 6004
f 6005 6011 5865
f 5711 6012 6007
f 5852 6165 5157
f 6165 6166 5157
f 5867 6013 6008
f 5870 6013 5867
f 5870 6169 6013
f 5871 6014 5870
f 5870 6014 6169
f 6009 6014 5871
f 6015 6014 6009
f 6017 6016 5716
f 5717 6011 5872
f 6011 6018 5872
f 5716 5722 6017
f 6017 5722 6021
f 6019 5873 5872
f 6019 5872 6020
f 6020 5872 6018
f 6166 6176 5874
f 6024 6019 6020
f 5873 6019 5875
f 5875 6022 5714
f 5714 6022 6012
f 5876 5874 6179
f 5874 6176 6179
f 6023 6021 5877
f 5877 5878 6023
f 6029 6019 6024
f 5875 6019 6030
f 6030 6019 6029
f 6031 5875 6030
f 6025 5875 6031
f 6022 5875 6025
f 5876 6026 6027
f 5876 6027 5879
f 6179 6026 5876
f 6028 6023 5878
f 5879 6027 5880
f 6027 6032 5880
f 5881 6028 5878
f 5882 6037 6033
f 5882 5880 6037
f 5880 6032 6037
f 6034 6035 5884
f 5884 6035 5885
f 5885 6035 5886
f 5881 6036 6028
f 6036 5881 5888
f 6033 6037 6038
f 6033 6038 5882
f 5882 6038 5889
f 5891 6034 5884
f 5891 6042 6034
f 6035 6034 6043
f 6043 6034 6042
f 6039 6035 6043
f 5886 6039 5895
f 6035 6039 5886
f 5888 5893 6036
f 6036 5893 6040
f 5903 5889 6041
f 5889 6038 6041
f 6045 6039 6043
f 5895 6045 6044
f 5895 6039 6045
f 5895 6044 5896
f 6046 5893 5897
f 6046 6047 5893
f 6047 6040 5893
f 5897 5898 6048
f 6046 5897 6048
f 5903 6041 6049
f 5738 5904 6050
f 5738 6050 6051
f 5738 6051 6042
f 6044 6045 6052
f 5905 6052 5906
f 5905 6044 6052
f 5905 5896 6044
f 6047 6046 6057
f 5898 5899 6060
f 5898 6060 6048
f 6048 6060 6046
f 5899 5908 6060
f 5910 5902 6054
f 6053 5910 6054
f 5903 6054 5902
f 5904 6055 6050
f 5906 6052 6056
f 6057 6058 6059
f 6057 6046 6058
f 6046 6060 6058
f 5908 5909 6061
f 6060 5908 6061
f 6061 5909 6496
f 5911 5910 6053
f 5911 6053 6062
f 6062 6053 6054
f 6056 6209 5756
f 6060 6059 6058
f 6061 6059 6060
f 6062 6496 5911
f 5912 6063 5758
f 5756 6063 5912
f 6063 5913 5758
f 6064 5914 6363
f 5913 6065 5762
f 5914 5915 6363
f 6065 5916 5762
f 6066 5916 6065
f 5915 6067 6363
f 5916 6066 5918
f 6068 6067 5919
f 5918 6069 5920
f 5919 5921 6220
f 6068 5919 6220
f 5923 5920 6070
f 6070 5920 6069
f 6220 5921 6071
f 5923 6072 6073
f 5924 5923 6073
f 6072 5923 6070
f 6071 6074 6220
f 6071 5925 6074
f 5925 6075 6074
f 6076 6075 5926
f 5926 6075 5925
f 5930 5924 6078
f 5924 6073 6078
f 6076 6079 6075
f 6079 6076 5926
f 6079 5929 6081
f 6080 6079 6081
f 6081 5929 5931
f 6230 6077 5930
f 6078 6230 5930
f 6081 6084 6080
f 5931 6084 6081
f 6085 6084 5931
f 6082 6085 5931
f 5937 6086 5934
f 5934 6086 5938
f 5938 6086 5939
f 5936 5941 6087
f 5936 6087 6088
f 5937 5933 6240
f 6090 5937 6240
f 6090 6093 5937
f 5937 6093 6086
f 6091 6086 6093
f 5939 6091 5942
f 6086 6091 5939
f 5941 6242 6092
f 5940 6242 5941
f 6087 5941 6244
f 6244 5941 6092
f 6088 6087 6244
f 6094 6091 6093
f 5942 6094 5943
f 5942 6091 6094
f 5945 5944 6095
f 5945 6095 5940
f 5943 6094 6096
f 6097 6096 6098
f 6095 5944 6099
f 5944 5946 6099
f 6097 6098 6100
f 6100 6101 6097
f 6101 5947 6097
f 6104 6102 5946
f 5946 6102 6099
f 6103 5947 6101
f 5948 6105 5949
f 6106 5950 5949
f 6106 5949 6105
f 6106 5951 5950
f 5947 6107 5395
f 6107 6414 5395
f 5803 5679 6258
f 5952 6108 6105
f 5952 6105 5948
f 6105 6109 6106
f 6105 6108 6109
f 6109 5953 5951
f 6109 5951 6106
f 5952 6110 6108
f 5954 6110 5952
f 6109 6108 6111
f 6109 6111 5953
f 6111 5955 5953
f 6111 6260 5955
f 5956 5955 6260
f 5956 6260 6112
f 5958 6110 5954
f 5958 5959 6110
f 6114 6269 5819
f 5819 6269 5962
f 5819 5815 6268
f 5819 6268 6114
f 6414 6115 5820
f 5960 5963 6116
f 6117 5960 6116
f 5964 6118 5963
f 5963 6118 6116
f 6119 6118 5964
f 5962 6119 5964
f 6269 6119 5962
f 5820 6115 5967
f 6115 6120 5967
f 5679 5965 6121
f 6117 6116 6122
f 6117 6122 6272
f 6123 6116 6118
f 6122 6116 6123
f 6118 6119 6124
f 6118 6124 6123
f 6120 6125 5967
f 6126 5969 5968
f 5969 6127 5970
f 5972 6121 5965
f 6121 5972 5973
f 6128 6121 5973
f 6275 6272 6122
f 6275 6122 6129
f 6129 6122 6123
f 6129 6123 6124
f 5974 6278 6130
f 5974 5967 6278
f 5967 6125 6278
f 5976 6131 6132
f 5975 6131 5976
f 6126 5976 6133
f 6133 5976 6132
f 5969 6126 6133
f 6134 5969 6133
f 6127 5969 6134
f 6135 6127 6140
f 5977 6127 6135
f 5977 5970 6127
f 6135 5978 5977
f 5978 6136 5971
f 5971 6136 5979
f 5973 6137 6128
f 6130 6281 6138
f 6130 6138 5974
f 5974 6138 5980
f 6278 6281 6130
f 5982 6139 6131
f 5981 6139 5982
f 6131 5975 5982
f 5978 6135 6140
f 5978 6141 6136
f 5979 6141 5984
f 6136 6141 5979
f 5980 6138 5986
f 6138 6142 5986
f 5981 5988 6143
f 5981 6143 6139
f 5989 6144 5990
f 5989 6141 6144
f 5989 5984 6141
f 6292 6137 5985
f 5994 6145 5993
f 6146 6145 5994
f 6146 5994 6147
f 6147 5994 5995
f 6142 5995 5986
f 6147 5995 6142
f 5987 6293 6148
f 5996 6293 5987
f 6143 5988 5987
f 6143 5987 6149
f 6149 5987 6148
f 5847 5990 6144
f 6152 5847 6144
f 5992 5998 5985
f 6150 5993 6145
f 6150 6145 6156
f 6151 6145 6146
f 6156 6145 6151
f 5996 5857 6293
f 6293 5857 6157
f 5852 6152 6153
f 5852 5847 6152
f 5998 6001 5985
f 6150 6154 6003
f 6000 6150 6003
f 6155 6154 6156
f 6154 6150 6156
f 6004 6304 6157
f 6157 5857 6004
f 6005 6006 6158
f 6158 6006 6159
f 6006 6007 6159
f 5852 6160 6165
f 6153 6160 5852
f 6008 5985 6001
f 6004 5869 6304
f 6011 6005 6158
f 6011 6158 6162
f 6162 6158 6163
f 6159 6164 6158
f 6164 6163 6158
f 6007 6012 6164
f 6159 6007 6164
f 6167 6168 6161
f 6013 6167 6161
f 6013 6161 5985
f 6013 5985 6008
f 6167 6013 6169
f 6169 6014 6170
f 6015 6010 6312
f 6003 6312 6010
f 5869 6016 6313
f 6162 6171 6011
f 6172 6171 6163
f 6171 6162 6163
f 6163 6164 6012
f 6169 6168 6167
f 6170 6168 6169
f 6014 6455 6170
f 6015 6455 6014
f 6017 6319 6173
f 6313 6016 6017
f 6173 6313 6017
f 6011 6171 6018
f 6174 6171 6172
f 6018 6171 6174
f 6017 6021 6319
f 6018 6175 6020
f 6174 6175 6018
f 6323 6012 6022
f 6020 6175 6024
f 6175 6177 6024
f 6326 6022 6025
f 6178 6326 6025
f 6023 6028 6021
f 6180 6029 6024
f 6180 6024 6181
f 6181 6024 6177
f 6029 6183 6030
f 6180 6183 6029
f 6030 6184 6031
f 6183 6184 6030
f 6031 6184 6334
f 6031 6334 6025
f 6025 6334 6178
f 6026 6182 6027
f 6027 6182 6032
f 6179 6182 6026
f 6032 6182 6037
f 6182 6185 6037
f 6186 6028 6036
f 6186 6021 6028
f 6037 6187 6038
f 6037 6188 6187
f 6037 6185 6188
f 6337 6186 6192
f 6036 6040 6192
f 6186 6036 6192
f 6187 6189 6038
f 6188 6189 6187
f 6042 6195 6043
f 6043 6191 6045
f 6195 6191 6043
f 6192 6040 6193
f 6193 6040 6047
f 6038 6049 6041
f 6194 6049 6038
f 6051 6343 6344
f 6050 6343 6051
f 6190 6042 6051
f 6190 6051 6344
f 6195 6042 6190
f 6191 6195 6346
f 6196 6191 6197
f 6052 6191 6196
f 6052 6045 6191
f 6047 6198 6193
f 6198 6047 6057
f 5903 6199 6054
f 5903 6049 6199
f 6049 6194 6199
f 6196 6197 6200
f 6056 6196 6200
f 6056 6052 6196
f 6201 6202 6057
f 6202 6198 6057
f 6057 6059 6201
f 6055 6203 6050
f 6056 6204 6209
f 6200 6204 6056
f 6205 6202 6201
f 6059 6206 6201
f 6201 6206 6205
f 6059 6061 6206
f 6206 6061 6496
f 6496 6062 6213
f 6062 6207 6213
f 6054 6207 6062
f 6203 6055 6208
f 6055 5757 6208
f 6210 5756 6209
f 6206 6211 6205
f 6212 6211 6206
f 6496 6212 6206
f 6213 6359 6496
f 6208 5757 6214
f 5756 6210 6063
f 6214 5757 6064
f 6215 6214 6064
f 6063 6216 5913
f 6216 6217 5913
f 6217 6065 5913
f 6066 6065 6217
f 6066 6217 6510
f 6363 6067 6068
f 6066 6510 5918
f 5918 6510 6069
f 6070 6219 6218
f 6070 6069 6219
f 6072 6221 6073
f 6070 6221 6072
f 6070 6218 6221
f 6222 6220 6074
f 6222 6223 6220
f 6074 6075 6224
f 6222 6074 6224
f 6073 6225 6078
f 6226 6073 6221
f 6225 6073 6226
f 6223 6227 6228
f 6223 6222 6227
f 6222 6224 6227
f 6075 6079 6229
f 6075 6229 6224
f 6224 6229 6227
f 6079 6080 6229
f 6078 6231 6230
f 6078 6225 6231
f 6226 6231 6225
f 6229 6228 6227
f 6232 6228 6229
f 6084 6233 6232
f 6084 6232 6229
f 6084 6229 6080
f 6233 6084 6234
f 6234 6084 6085
f 6085 6082 6235
f 6083 6235 6082
f 6083 6236 6235
f 6083 6077 6236
f 6230 6236 6077
f 6237 6236 6230
f 6231 6237 6230
f 6377 6234 6085
f 6235 6377 6085
f 6238 6377 6235
f 6089 6239 5933
f 6239 6240 5933
f 6240 6241 6090
f 6243 6092 6242
f 6243 6244 6092
f 5933 6088 6244
f 6089 5933 6244
f 6245 6089 6244
f 6239 6089 6245
f 6239 6250 6246
f 6239 6246 6240
f 6241 6240 6247
f 6247 6240 6246
f 6090 6247 6093
f 6090 6241 6247
f 6093 6248 6094
f 6247 6248 6093
f 6242 5940 6249
f 6243 6242 6249
f 6247 6246 6250
f 6387 6247 6250
f 6248 6247 6387
f 6096 6248 6251
f 6096 6094 6248
f 6096 6251 6098
f 6095 6252 5940
f 5940 6252 6249
f 6100 6253 6101
f 6100 6251 6253
f 6100 6098 6251
f 6095 6099 6252
f 6101 6253 6254
f 6254 6255 6101
f 6255 6103 6101
f 6104 6256 6102
f 6102 6256 6099
f 6257 5947 6103
f 6257 6103 6255
f 5947 6257 6107
f 6104 5803 6258
f 6258 5679 6262
f 6110 6259 6108
f 6111 6108 6259
f 6107 6261 6414
f 5959 6263 6259
f 5959 6259 6110
f 6111 6263 6264
f 6111 6259 6263
f 6260 6111 6403
f 6112 6260 6403
f 6414 6261 6113
f 5960 6264 6263
f 5959 5960 6263
f 6265 5815 6112
f 6113 6266 6414
f 6265 6268 5815
f 5960 6117 6267
f 6409 6269 6114
f 6268 6409 6114
f 6414 6120 6115
f 6270 6119 6269
f 6269 6409 6271
f 6269 6271 6270
f 5679 6121 6410
f 6273 6119 6270
f 6273 6124 6119
f 6120 6414 6125
f 6279 6274 6121
f 6274 6410 6121
f 6121 6128 6279
f 6276 6275 6129
f 6277 6276 6129
f 6129 6124 6273
f 6129 6273 6277
f 6133 6285 6134
f 6127 6134 6140
f 6279 6128 6280
f 6280 6128 6137
f 6281 6278 6282
f 6131 6139 6283
f 6131 6283 6284
f 6131 6284 6132
f 6133 6132 6284
f 6285 6133 6284
f 6134 6285 6286
f 6287 6134 6286
f 6140 6287 6288
f 6140 6134 6287
f 6140 6289 5978
f 6288 6289 6140
f 5978 6289 6141
f 6280 6137 6425
f 6281 6282 6138
f 6139 6427 6283
f 6139 6143 6427
f 6289 6288 6290
f 6144 6289 6291
f 6144 6141 6289
f 6147 6142 6146
f 6433 6148 6293
f 6433 6294 6148
f 6294 6149 6148
f 6427 6143 6149
f 6294 6427 6149
f 6144 6291 6295
f 6295 6296 6144
f 6296 6152 6144
f 6292 5985 6297
f 6146 6298 6299
f 6146 6299 6151
f 6142 6298 6146
f 6293 6157 6300
f 6300 6433 6293
f 6152 6296 6301
f 6301 6153 6152
f 6302 6153 6301
f 6297 5985 6307
f 6156 6303 6155
f 6156 6151 6303
f 6151 6299 6303
f 6157 6304 6305
f 6157 6305 6300
f 6153 6302 6160
f 6302 6306 6160
f 6307 5985 6161
f 6308 6307 6161
f 6155 6303 6591
f 6309 6165 6160
f 6309 6160 6306
f 6165 6309 6166
f 6310 6311 6161
f 6311 6308 6161
f 6161 6168 6310
f 6003 6154 6312
f 6155 6312 6154
f 5869 6313 6304
f 6163 6314 6172
f 6314 6163 6321
f 6321 6163 6315
f 6163 6012 6315
f 6316 6317 6311
f 6168 6316 6311
f 6168 6311 6310
f 6168 6170 6318
f 6316 6168 6318
f 6173 6319 6313
f 6314 6450 6320
f 6314 6320 6172
f 6172 6320 6174
f 6321 6450 6314
f 6322 6321 6315
f 6322 6315 6012
f 6322 6012 6323
f 6318 6317 6316
f 6455 6318 6170
f 6313 6319 6021
f 6320 6175 6174
f 6324 6175 6320
f 6323 6022 6325
f 6022 6326 6325
f 6178 6463 6326
f 6177 6327 6181
f 6178 6334 6335
f 6328 6463 6178
f 6335 6328 6178
f 6176 6182 6179
f 6329 6182 6176
f 6330 6180 6181
f 6330 6181 6331
f 6180 6332 6183
f 6330 6332 6180
f 6183 6333 6184
f 6332 6333 6183
f 6184 6333 6334
f 6182 6329 6185
f 6336 6333 6332
f 6334 6333 6336
f 6185 6338 6188
f 6186 6337 6021
f 6189 6188 6338
f 6339 6337 6192
f 6339 6340 6337
f 6192 6193 6339
f 6194 6038 6189
f 6194 6189 6341
f 6341 6189 6349
f 6342 6189 6338
f 6349 6189 6342
f 6475 6190 6344
f 6190 6475 6345
f 6195 6190 6345
f 6346 6195 6345
f 6346 6347 6191
f 6191 6347 6197
f 6198 6483 6340
f 6198 6340 6339
f 6198 6339 6193
f 6341 6348 6199
f 6194 6341 6199
f 6348 6341 6349
f 6343 6050 6478
f 6346 6345 6350
f 6347 6346 6350
f 6200 6347 6351
f 6200 6197 6347
f 6198 6202 6483
f 6054 6199 6492
f 6203 6352 6050
f 6352 6478 6050
f 6200 6351 6353
f 6353 6354 6200
f 6354 6204 6200
f 6202 6205 6355
f 6483 6202 6355
f 6054 6492 6207
f 6208 6487 6356
f 6352 6203 6208
f 6356 6352 6208
f 6493 6204 6354
f 6209 6204 6210
f 6205 6357 6355
f 6205 6211 6357
f 6211 6358 6357
f 6212 6358 6211
f 6360 6359 6361
f 6361 6359 6213
f 6207 6491 6213
f 6491 6361 6213
f 6208 6214 6487
f 6487 6214 6362
f 6360 6496 6359
f 6064 6363 6215
f 6362 6214 6215
f 6063 6210 6216
f 6210 6364 6216
f 6216 6364 6217
f 6069 6510 6219
f 6218 6219 6365
f 6219 6510 6365
f 6220 6223 6509
f 6509 6223 6366
f 6218 6367 6221
f 6221 6367 6226
f 6365 6367 6218
f 6368 6369 6223
f 6369 6366 6223
f 6223 6228 6368
f 6231 6367 6373
f 6367 6231 6226
f 6370 6371 6369
f 6228 6370 6369
f 6228 6369 6368
f 6228 6232 6372
f 6370 6228 6372
f 6373 6236 6237
f 6373 6237 6231
f 6372 6371 6370
f 6374 6371 6372
f 6233 6375 6374
f 6233 6374 6372
f 6233 6372 6232
f 6233 6234 6376
f 6375 6233 6376
f 6376 6234 6377
f 6378 6377 6379
f 6379 6377 6238
f 6236 6238 6235
f 6236 6380 6238
f 6380 6379 6238
f 6373 6380 6236
f 6527 6376 6377
f 6378 6527 6377
f 6243 6381 6244
f 6244 6382 6245
f 6381 6382 6244
f 6239 6245 6250
f 6249 6381 6243
f 6249 6383 6381
f 6383 6384 6381
f 6385 6381 6384
f 6385 6382 6381
f 6386 6245 6382
f 6250 6245 6386
f 6250 6386 6388
f 6387 6250 6388
f 6387 6389 6248
f 6248 6389 6251
f 6383 6252 6392
f 6249 6252 6383
f 6392 6384 6383
f 6533 6385 6384
f 6387 6388 6534
f 6389 6387 6534
f 6390 6389 6391
f 6253 6389 6390
f 6253 6251 6389
f 6252 6099 6394
f 6252 6394 6541
f 6252 6541 6392
f 6255 6390 6393
f 6254 6390 6255
f 6254 6253 6390
f 6393 6395 6255
f 6395 6257 6255
f 6104 6258 6396
f 6104 6396 6256
f 6256 6396 6099
f 6397 6257 6395
f 6257 6397 6107
f 6396 6262 6398
f 6258 6262 6396
f 6398 6548 6396
f 6399 6107 6397
f 6399 6261 6107
f 6398 6262 6400
f 6264 6401 6111
f 6402 6111 6401
f 6403 6111 6402
f 6261 6399 6113
f 6399 6404 6113
f 6262 5679 6400
f 6267 6405 6264
f 6267 6264 5960
f 6264 6405 6401
f 6406 6403 6402
f 6406 6265 6112
f 6406 6112 6403
f 6113 6404 6266
f 6265 6406 6407
f 6408 6265 6407
f 6268 6265 6408
f 6408 6409 6268
f 6411 6271 6409
f 6272 6412 6117
f 6413 6273 6270
f 6411 6413 6270
f 6271 6411 6270
f 6415 6412 6272
f 6415 6272 6275
f 6415 6276 6416
f 6415 6275 6276
f 6277 6417 6276
f 6276 6417 6416
f 6273 6413 6277
f 6413 6417 6277
f 6413 6411 6421
f 6125 6414 6278
f 6414 6422 6278
f 6418 6274 6279
f 6418 6554 6274
f 6279 6280 6418
f 6416 6419 6556
f 6420 6416 6417
f 6419 6416 6420
f 6420 6417 6413
f 6413 6421 6420
f 6278 6422 6282
f 6284 6283 6423
f 6284 6429 6285
f 6423 6429 6284
f 6285 6424 6286
f 6429 6424 6285
f 6424 6287 6286
f 6557 6418 6425
f 6418 6280 6425
f 6419 6420 6560
f 6560 6420 6426
f 6426 6420 6421
f 6283 6427 6428
f 6283 6428 6423
f 6429 6423 6428
f 6430 6424 6429
f 6287 6424 6430
f 6288 6287 6430
f 6288 6430 6290
f 6290 6430 6431
f 6291 6289 6431
f 6289 6290 6431
f 6282 6432 6138
f 6138 6432 6142
f 6294 6433 6569
f 6427 6294 6569
f 6427 6569 6434
f 6428 6427 6434
f 6296 6291 6435
f 6295 6291 6296
f 6142 6432 6298
f 6433 6576 6436
f 6433 6300 6576
f 6569 6433 6436
f 6296 6435 6437
f 6301 6437 6302
f 6301 6296 6437
f 6292 6438 6137
f 6438 6292 6297
f 6438 6297 6307
f 6299 6439 6303
f 6439 6299 6298
f 6576 6300 6305
f 6440 6576 6305
f 6441 6302 6437
f 6302 6441 6306
f 6442 6438 6307
f 6307 6308 6442
f 6303 6443 6591
f 6303 6439 6443
f 6444 6306 6441
f 6308 6311 6445
f 6442 6308 6445
f 6155 6446 6312
f 6155 6590 6446
f 6591 6590 6155
f 6305 6304 6447
f 6304 6313 6447
f 6311 6448 6445
f 6447 6313 6449
f 6450 6321 6458
f 6321 6322 6451
f 6458 6321 6451
f 6322 6323 6451
f 6311 6452 6448
f 6317 6452 6311
f 6317 6453 6452
f 6454 6453 6318
f 6318 6453 6317
f 6454 6318 6455
f 6021 6449 6313
f 6324 6597 6456
f 6175 6324 6456
f 6450 6324 6320
f 6450 6457 6324
f 6457 6597 6324
f 6458 6457 6450
f 6458 6459 6460
f 6458 6451 6459
f 6323 6325 6459
f 6451 6323 6459
f 6015 6599 6455
f 6461 6599 6015
f 6175 6456 6177
f 6460 6459 6325
f 6460 6325 6462
f 6462 6325 6326
f 6177 6456 6327
f 6326 6463 6462
f 6327 6465 6181
f 6329 6176 6464
f 6181 6465 6331
f 6335 6334 6466
f 6335 6466 6467
f 6335 6467 6328
f 6329 6468 6185
f 6330 6469 6332
f 6332 6470 6336
f 6469 6470 6332
f 6334 6336 6470
f 6334 6470 6616
f 6334 6616 6466
f 6467 6466 6616
f 6185 6468 6338
f 6468 6471 6338
f 6021 6337 6617
f 6472 6470 6469
f 6471 6473 6338
f 6337 6340 6617
f 6617 6340 6474
f 6338 6473 6342
f 6475 6476 6345
f 6476 6480 6345
f 6483 6477 6340
f 6477 6474 6340
f 6343 6478 6479
f 6344 6343 6479
f 6344 6479 6475
f 6350 6480 6481
f 6350 6345 6480
f 6350 6482 6347
f 6481 6482 6350
f 6347 6482 6351
f 6348 6349 6199
f 6478 6352 6484
f 6482 6481 6485
f 6354 6482 6486
f 6353 6482 6354
f 6353 6351 6482
f 6199 6625 6492
f 6349 6625 6199
f 6356 6487 6484
f 6352 6356 6484
f 6354 6486 6626
f 6626 6627 6354
f 6627 6493 6354
f 6488 6355 6357
f 6488 6489 6355
f 6489 6483 6355
f 6357 6358 6490
f 6488 6357 6490
f 6360 6361 6491
f 6207 6492 6491
f 6498 6204 6493
f 6204 6498 6210
f 6489 6499 6494
f 6489 6488 6499
f 6488 6490 6499
f 6358 6212 6495
f 6358 6495 6490
f 6490 6495 6499
f 6495 6212 6496
f 6360 6633 6496
f 6491 6633 6360
f 6215 6363 6497
f 6215 6497 6362
f 6362 6497 6487
f 6498 6364 6210
f 6495 6496 6500
f 6501 6500 6496
f 6502 6496 6503
f 6502 6501 6496
f 6364 6504 6217
f 6501 6505 6500
f 6506 6505 6501
f 6640 6506 6501
f 6502 6640 6501
f 6504 6510 6217
f 6068 6220 6764
f 6220 6509 6508
f 6509 6366 6511
f 6367 6510 6512
f 6510 6367 6365
f 6366 6369 6511
f 6511 6369 6513
f 6367 6514 6373
f 6367 6515 6514
f 6367 6512 6515
f 6516 6517 6369
f 6517 6513 6369
f 6369 6371 6516
f 6519 6514 6515
f 6518 6514 6519
f 6371 6520 6517
f 6371 6517 6516
f 6371 6374 6521
f 6520 6371 6521
f 6379 6380 6522
f 6378 6379 6522
f 6380 6373 6514
f 6380 6514 6522
f 6522 6514 6523
f 6524 6523 6518
f 6523 6514 6518
f 6519 6524 6518
f 6521 6526 6520
f 6526 6525 6520
f 6374 6375 6526
f 6374 6526 6521
f 6526 6375 6376
f 6527 6378 6528
f 6528 6522 6529
f 6528 6378 6522
f 6523 6529 6522
f 6530 6529 6523
f 6524 6530 6523
f 6659 6525 6526
f 7310 6659 6526
f 6376 7310 6526
f 6527 7310 6376
f 6528 7310 6527
f 6382 6385 6531
f 6382 6531 6386
f 6531 6532 6386
f 6386 6532 6388
f 6537 6533 6384
f 6533 6531 6385
f 6533 6534 6531
f 6532 6531 6534
f 6388 6532 6534
f 6534 6535 6389
f 6389 6535 6391
f 6384 6392 6536
f 6384 6536 6537
f 6534 6533 6537
f 6535 6534 6538
f 6539 6535 6540
f 6390 6535 6539
f 6390 6391 6535
f 6390 6539 6393
f 6541 6536 6392
f 6539 6540 6542
f 6393 6542 6395
f 6393 6539 6542
f 6099 6396 6394
f 6543 6395 6542
f 6545 6543 6542
f 6395 6543 6397
f 6396 6548 6394
f 6394 6548 6544
f 6399 6545 6546
f 6399 6543 6545
f 6399 6397 6543
f 6398 6400 6547
f 6398 6547 6548
f 6549 6399 6546
f 6549 6550 6399
f 6550 6404 6399
f 6547 6400 6671
f 6400 5679 6671
f 6548 6547 6671
f 6402 6401 6405
f 6404 6550 6266
f 6402 6551 6406
f 6551 6407 6406
f 6551 6672 6407
f 6408 6407 6672
f 6408 6672 6552
f 6552 6409 6408
f 5679 6410 6673
f 6552 6411 6409
f 6989 6411 6552
f 6410 6274 6673
f 6673 6274 6675
f 6412 6553 6117
f 6274 6554 6675
f 6412 6415 6555
f 6553 6412 6555
f 6416 6555 6415
f 6989 6421 6411
f 6554 6418 9590
f 6555 6556 6558
f 6416 6556 6555
f 6418 6557 9590
f 6558 6556 6567
f 6419 6559 6556
f 6559 6567 6556
f 6419 6560 6559
f 6560 6561 6679
f 6560 6426 6561
f 6426 6421 6677
f 6426 6677 6561
f 6422 6414 6282
f 6428 6563 6429
f 6562 6563 6428
f 6429 6572 6430
f 6563 6572 6429
f 6572 6564 6430
f 6430 6565 6431
f 6564 6565 6430
f 6425 6566 6557
f 6567 6559 6560
f 6567 6560 6568
f 6568 6560 6679
f 6434 6562 6428
f 6434 6569 6562
f 6569 6570 6562
f 6571 6563 6570
f 6570 6563 6562
f 6573 6564 6572
f 6573 6574 6564
f 6564 6574 6565
f 6431 6435 6291
f 6431 6565 6435
f 6565 6574 6435
f 6282 6575 6432
f 6436 6576 6577
f 6569 6436 6577
f 6570 6569 6577
f 6435 6574 6578
f 6579 6435 6578
f 6437 6579 6580
f 6437 6435 6579
f 6581 6137 6438
f 6581 6425 6137
f 6298 6432 6439
f 6432 6584 6439
f 6576 6440 6693
f 6576 6693 6582
f 6577 6576 6582
f 6587 6583 6580
f 6437 6583 6441
f 6580 6583 6437
f 6699 6581 6588
f 6438 6442 6588
f 6581 6438 6588
f 6443 6584 6585
f 6591 6443 6585
f 6584 6443 6439
f 6440 6305 6586
f 6693 6440 6586
f 6444 6583 6587
f 6444 6441 6583
f 6588 6442 6589
f 6589 6442 6445
f 6305 6447 6592
f 6444 6593 6306
f 6593 6309 6306
f 6448 6589 6445
f 6706 6589 6448
f 6446 6594 6312
f 6446 6590 6594
f 6874 6166 6309
f 6874 6309 6593
f 6452 6595 6448
f 6595 6706 6448
f 6452 6453 6598
f 6312 6596 6015
f 6447 6449 6601
f 6874 6176 6166
f 6452 6713 6595
f 6598 6713 6452
f 6605 6720 6598
f 6454 6605 6598
f 6454 6598 6453
f 6454 6455 6599
f 6605 6454 6599
f 6015 6600 6461
f 6596 6600 6015
f 6021 6716 6601
f 6601 6449 6021
f 6597 6725 6456
f 6457 6725 6597
f 6602 6725 6457
f 6458 6602 6457
f 6460 6602 6458
f 6460 6603 6602
f 6603 6460 6462
f 6610 6603 6462
f 6874 6604 6176
f 6605 6606 6607
f 6605 6599 6606
f 6461 6608 6599
f 6608 6606 6599
f 6609 6461 6600
f 6608 6461 6609
f 6456 6465 6327
f 6462 6463 6610
f 6606 6729 6607
f 6611 6729 6606
f 6608 6611 6606
f 6612 6611 6608
f 6609 6612 6608
f 6463 6328 6610
f 6610 6328 6613
f 6176 6604 6464
f 6328 6467 6613
f 6329 6614 6468
f 6329 6464 6614
f 6465 6615 6331
f 6616 6736 6467
f 6467 6736 6613
f 6468 6614 6473
f 6468 6473 6471
f 6021 6617 6885
f 6469 6621 6472
f 6472 6616 6470
f 6472 6621 6616
f 6621 6622 6616
f 6618 6736 6616
f 6622 6618 6616
f 6330 6331 6620
f 6469 6330 6620
f 6473 6619 6342
f 6476 6475 6480
f 6480 6475 6481
f 6479 6751 6475
f 6481 6475 6623
f 6481 6623 6485
f 6485 6623 6624
f 6482 6485 6624
f 6349 6342 6625
f 6482 6624 6626
f 6627 6626 6753
f 6626 6486 6482
f 6483 6489 6628
f 6484 6487 6629
f 6627 6753 6630
f 6630 6631 6627
f 6631 6493 6627
f 6489 6632 6628
f 6632 6489 6494
f 6487 6497 6634
f 6629 6487 6634
f 6493 6631 6635
f 6498 6493 6635
f 6635 6364 6498
f 6636 6364 6635
f 6499 6495 6638
f 6495 6500 6638
f 6503 6496 6633
f 6503 6633 6502
f 6502 6633 6642
f 6770 6642 6491
f 6642 6633 6491
f 6363 6764 6637
f 6634 6497 6363
f 6637 6634 6363
f 6364 6636 6504
f 6500 6505 6638
f 6505 6639 6638
f 6506 6639 6505
f 6640 6502 6643
f 6641 6643 6642
f 6643 6502 6642
f 6504 6507 6510
f 6776 6506 6640
f 6643 6776 6640
f 6363 6068 6764
f 6507 6644 6510
f 6764 6220 6784
f 6784 6220 6508
f 6646 6645 6508
f 6647 6645 6646
f 6508 6509 6646
f 6511 6647 6646
f 6646 6509 6511
f 6511 6648 6647
f 6648 6511 6513
f 6512 6649 6650
f 6512 6650 6515
f 6510 6649 6512
f 6513 6517 6648
f 6648 6517 6651
f 6515 6650 6519
f 6650 6790 6519
f 6652 6651 6517
f 6517 6520 6652
f 6524 6653 6656
f 6790 6524 6519
f 6653 6524 6790
f 6655 6652 6654
f 6520 6525 6654
f 6652 6520 6654
f 6656 6529 6530
f 6656 6530 6524
f 6657 6658 6655
f 6525 6657 6655
f 6525 6655 6654
f 6657 6525 6659
f 7310 6528 6661
f 6528 6660 6661
f 6528 6529 6660
f 6659 6658 6657
f 6661 6801 7310
f 6537 6663 6534
f 6663 6538 6534
f 6538 6662 6535
f 6535 6662 6540
f 6809 6538 6663
f 6662 6538 6809
f 6542 6662 6664
f 6542 6540 6662
f 6541 6394 6665
f 6541 6665 6536
f 6537 6536 6665
f 6542 6664 6666
f 6666 6667 6542
f 6667 6545 6542
f 6668 6665 6394
f 6544 6668 6394
f 6549 6545 6669
f 6669 6545 6667
f 6545 6549 6546
f 6550 6669 6670
f 6549 6669 6550
f 6670 6819 6550
f 6819 6266 6550
f 6672 6551 6402
f 6672 6402 6405
f 6266 6819 6414
f 6671 5679 6673
f 6675 6554 9590
f 6555 6676 6553
f 6558 6676 6555
f 6989 6677 6421
f 6831 6679 6561
f 6677 6831 6561
f 6557 6566 9590
f 6679 6680 6568
f 6679 6831 6681
f 6679 6681 6680
f 6563 6571 6682
f 6563 6688 6572
f 6682 6688 6563
f 6572 6689 6573
f 6688 6689 6572
f 6573 6689 6574
f 6691 6566 6425
f 6691 6683 6566
f 6683 9590 6566
f 6567 6568 6680
f 6575 6684 6432
f 6575 6282 6684
f 6577 6686 6570
f 6685 6686 6577
f 6570 6686 6687
f 6571 6570 6687
f 6571 6687 6682
f 6688 6682 6687
f 6578 6689 6690
f 6578 6574 6689
f 6690 6579 6578
f 6684 6692 6432
f 6282 6692 6684
f 6582 6685 6577
f 6582 6693 6685
f 6693 6694 6685
f 6695 6686 6694
f 6694 6686 6685
f 6687 6686 6695
f 6579 6690 6696
f 6697 6579 6696
f 6697 6580 6579
f 6697 6698 6580
f 6698 6587 6580
f 6581 6699 6425
f 6586 6700 6701
f 6693 6586 6701
f 6694 6693 6701
f 6702 6694 6701
f 6695 6694 6702
f 6587 6698 6703
f 6703 6444 6587
f 6589 6699 6588
f 6589 6704 6699
f 6705 6444 6703
f 6706 6707 6704
f 6589 6706 6704
f 6305 6592 6586
f 6444 6705 6708
f 6708 6593 6444
f 6708 6874 6593
f 6706 6709 6707
f 6709 6706 6860
f 6860 6706 6595
f 6594 6590 6710
f 6591 6710 6590
f 6592 6447 6711
f 6447 6601 6711
f 6712 6874 6708
f 6713 6718 6595
f 6718 6860 6595
f 6713 6598 6714
f 6598 6720 6714
f 6600 6596 6312
f 6600 6312 6721
f 6721 6312 6715
f 6715 6312 6594
f 6601 6716 6717
f 6601 6717 6711
f 6725 6602 6603
f 6718 6713 6719
f 6713 6714 6719
f 6714 6720 6719
f 6605 6607 6720
f 6721 6722 6600
f 6600 6722 6609
f 6723 6721 6715
f 6716 6021 6724
f 6717 6716 6724
f 6603 6610 6726
f 6874 6727 6604
f 6719 6720 6728
f 6607 6729 6720
f 6720 6729 6728
f 6730 6611 6731
f 6731 6611 6612
f 6722 6612 6609
f 6731 6612 6722
f 6456 6732 6465
f 6610 6613 6726
f 6726 6613 6880
f 6604 6727 6464
f 6727 6734 6464
f 6729 6881 6728
f 6883 6729 6611
f 6730 6883 6611
f 6465 6732 6615
f 6880 6613 6733
f 6464 6734 6614
f 6735 6615 6732
f 6613 6736 6733
f 6614 6737 6473
f 6614 6734 6737
f 6885 6617 6892
f 6741 6738 6735
f 6615 6738 6331
f 6735 6738 6615
f 6737 6743 6619
f 6473 6737 6619
f 6743 6737 6739
f 6617 6474 6892
f 6740 6738 6741
f 6331 6738 6620
f 6738 6740 6620
f 6469 6620 6621
f 6621 6742 6622
f 6620 6742 6621
f 6622 6742 6618
f 6743 6744 6619
f 6619 6744 6342
f 6740 6741 6745
f 6745 6747 6740
f 6740 6747 6620
f 6748 6620 6747
f 6902 6742 6748
f 6748 6742 6620
f 6474 6477 6746
f 6475 6749 6623
f 6623 6750 6624
f 6749 6750 6623
f 6483 6746 6477
f 6478 6484 6479
f 6475 6752 6749
f 6749 6752 6750
f 6624 6753 6626
f 6624 6750 6753
f 6750 6752 6753
f 6625 6342 6899
f 6629 6759 6754
f 6479 6484 6629
f 6479 6629 6755
f 6755 6629 6754
f 6753 6752 6756
f 6757 6753 6756
f 6630 6757 6631
f 6630 6753 6757
f 6758 6628 6632
f 6634 6911 6759
f 6759 6629 6634
f 6631 6757 6760
f 6635 6760 6636
f 6635 6631 6760
f 6758 6761 6628
f 6761 6758 6632
f 6761 6632 6762
f 6762 6632 6494
f 6491 6492 6763
f 6637 6764 6771
f 6637 6771 6634
f 6634 6771 6911
f 6765 6636 6760
f 6636 6765 6504
f 6773 6494 6499
f 6773 6766 6494
f 6766 6762 6494
f 6499 6638 6767
f 6773 6499 6767
f 6638 6639 6768
f 6767 6638 6768
f 6642 6769 6641
f 6642 6922 6769
f 6770 6922 6642
f 6763 6770 6491
f 6504 6772 6507
f 6765 6772 6504
f 6767 6768 6774
f 6639 6506 6775
f 6639 6775 6768
f 6768 6775 6774
f 6775 6506 6776
f 6776 6643 6777
f 6643 6778 6777
f 6641 6778 6643
f 6641 6779 6778
f 6641 6769 6779
f 6922 6779 6769
f 6931 6507 6772
f 6931 6780 6507
f 6780 6644 6507
f 6775 6781 6774
f 6782 6781 6775
f 6776 6782 6775
f 6783 6782 6776
f 6777 6783 6776
f 6778 6783 6777
f 6780 6785 6644
f 6786 6787 6784
f 6786 6784 6508
f 6644 6785 6510
f 6785 6788 6510
f 6645 6787 6786
f 6645 6946 6787
f 6508 6645 6786
f 6645 6647 6946
f 6789 6647 6648
f 6789 6946 6647
f 6946 6789 6792
f 6648 6651 6792
f 6789 6648 6792
f 6791 6650 6649
f 6790 6650 6791
f 6792 6651 6793
f 6793 6651 6652
f 6653 6794 6656
f 6790 6794 6653
f 6791 6794 6790
f 6652 6655 6793
f 6656 6794 6795
f 6796 6797 6655
f 6655 6658 6796
f 6798 6799 6797
f 6658 6798 6797
f 6658 6797 6796
f 6658 6659 6800
f 6798 6658 6800
f 6800 6659 7310
f 6802 6801 6803
f 6803 6801 6661
f 6529 6661 6660
f 6529 6804 6661
f 6804 6803 6661
f 6656 6804 6529
f 6800 6799 6798
f 6958 7310 6801
f 6802 6958 6801
f 6537 6805 6663
f 6961 6663 6805
f 6961 6806 6663
f 6663 6806 6807
f 6663 6807 6808
f 6809 6663 6808
f 6809 6810 6662
f 6662 6810 6664
f 6537 6665 6811
f 6537 6811 6812
f 6805 6537 6812
f 6809 6808 6813
f 6810 6809 6813
f 6667 6810 6966
f 6666 6810 6667
f 6666 6664 6810
f 6665 6814 6811
f 6665 6668 6814
f 6667 6966 6815
f 6815 6816 6667
f 6816 6669 6667
f 6669 6816 6817
f 6817 6670 6669
f 6544 6548 6818
f 6671 6820 6548
f 6548 6820 6818
f 6670 6821 6819
f 6821 6414 6819
f 6820 6673 6822
f 6671 6673 6820
f 6822 6823 6820
f 6824 6552 6672
f 6821 6825 6414
f 6822 6673 6826
f 6828 6827 6405
f 6267 6828 6405
f 6117 6828 6267
f 6405 6827 6672
f 6414 6825 6674
f 6673 6675 6826
f 6826 6675 9590
f 6553 6828 6117
f 6553 6829 6828
f 6674 6830 6414
f 6676 6829 6553
f 6558 6678 6676
f 6989 6831 6677
f 6558 6832 6678
f 6680 6837 6567
f 6833 6837 6680
f 6681 6833 6680
f 6687 6842 6688
f 6841 6842 6687
f 6688 6834 6689
f 6842 6834 6688
f 6689 6834 6690
f 6835 6683 6691
f 6691 6425 6835
f 6836 6558 6567
f 6692 6838 6432
f 6692 6282 6838
f 6282 6414 6838
f 6695 6839 6840
f 6841 6687 6695
f 6841 6695 6840
f 6843 6834 6842
f 6690 6834 6843
f 6690 6843 6696
f 6696 6843 6844
f 6845 6697 6844
f 6697 6696 6844
f 6697 6845 6698
f 6835 6425 6846
f 6846 6425 6699
f 6432 6847 6848
f 6432 6848 6584
f 6838 6847 6432
f 6849 6701 6853
f 6849 6839 6701
f 6839 6702 6701
f 6839 6695 6702
f 6854 6850 6845
f 6698 6851 6703
f 6698 6845 6851
f 6845 6850 6851
f 6699 6704 6846
f 6584 6848 7010
f 6700 7005 6852
f 6586 7005 6700
f 6853 6701 6700
f 6853 6700 6852
f 6854 6858 6855
f 6854 6855 6850
f 6850 6855 6851
f 6703 6855 6705
f 6851 6855 6703
f 6707 6846 6704
f 6584 6856 6585
f 6585 6856 6591
f 6586 6592 7005
f 7005 6592 6857
f 6708 6858 6859
f 6708 6855 6858
f 6708 6705 6855
f 6860 6864 6707
f 6709 6860 6707
f 6710 6861 6594
f 6710 6591 6861
f 6591 6856 6861
f 6711 7018 7019
f 6857 6592 6711
f 7019 6857 6711
f 6862 6708 6859
f 6862 6863 6708
f 6863 6712 6708
f 6864 6860 6865
f 6865 6860 6718
f 6861 6866 6715
f 6594 6861 6715
f 6866 6861 6867
f 6711 6717 7018
f 7018 6717 6868
f 6874 6712 6869
f 6869 6712 6863
f 6870 6871 6718
f 6871 6865 6718
f 6718 6719 6870
f 6721 6872 6722
f 6872 6721 6723
f 6715 6873 6723
f 6715 6866 6873
f 6724 7026 6868
f 6868 6717 6724
f 6725 6603 6878
f 6728 6871 6870
f 6728 6870 6719
f 6731 6722 6872
f 6731 6872 6730
f 6730 6872 6884
f 6875 6884 6723
f 6884 6872 6723
f 6724 6021 7026
f 7026 6021 6876
f 6725 7033 6877
f 6725 6877 6456
f 6456 6877 6732
f 6878 7033 6725
f 6879 6878 6603
f 7036 6879 6603
f 7036 6603 6726
f 7036 6726 6880
f 6727 6874 6734
f 6882 6881 6729
f 6883 6730 6890
f 7050 6890 6884
f 6890 6730 6884
f 6021 6885 6876
f 6877 6886 6732
f 6880 6733 6887
f 6874 6888 6734
f 6729 6889 6882
f 6883 6889 6729
f 7049 6889 6883
f 6890 7049 6883
f 6886 6735 6732
f 7052 6735 6886
f 6733 6736 6887
f 6887 6736 7043
f 6734 6888 6737
f 6888 6891 6737
f 6885 6892 7051
f 6735 6893 6741
f 6736 6618 7043
f 7043 6618 6894
f 6737 6891 6739
f 6893 6895 6741
f 6743 6896 6744
f 6743 6739 6896
f 6745 6741 6895
f 6897 6745 6895
f 6742 6902 6903
f 6742 6903 6898
f 6742 6898 6618
f 6618 6898 6894
f 6744 6899 6342
f 6896 6899 6744
f 6474 6746 6900
f 6747 6745 6901
f 6901 6745 6897
f 6747 6901 6904
f 6751 6905 6475
f 6906 6746 6483
f 6906 6900 6746
f 6754 6907 6755
f 6479 6755 6907
f 6479 6907 6751
f 7073 6475 6905
f 6752 6475 7073
f 6752 7073 6756
f 6756 7073 6908
f 6757 6756 6908
f 6909 6906 6483
f 6909 6483 6628
f 6625 6910 6492
f 6625 6899 6910
f 6759 6911 7078
f 6759 7078 6912
f 6759 6912 6754
f 6907 6754 6912
f 6913 6907 6912
f 6757 6908 6914
f 6760 6914 6915
f 6760 6757 6914
f 6761 6916 6628
f 6916 6909 6628
f 6492 6917 6763
f 6492 6918 6917
f 6492 6910 6918
f 6911 6771 6919
f 6919 7078 6911
f 6760 6920 6765
f 6915 6920 6760
f 6921 6916 6761
f 6762 6766 6921
f 6761 6762 6921
f 6770 6763 6922
f 6922 6763 6930
f 6923 6763 6917
f 6930 6763 6923
f 6771 6764 6924
f 6771 6924 6925
f 6771 6925 6919
f 6926 6765 6920
f 6926 7094 6765
f 7094 6772 6765
f 6773 6928 6927
f 6773 6927 6921
f 6773 6921 6766
f 6928 6773 6767
f 6779 6922 6778
f 6778 6922 6937
f 6929 6937 6930
f 6937 6922 6930
f 6931 6772 7102
f 7102 6772 7094
f 6932 6928 6767
f 6774 6932 6767
f 6774 6781 6932
f 6781 6933 6932
f 6782 6933 6781
f 6782 6783 6934
f 6934 6783 6935
f 6783 6778 6935
f 6935 6778 6936
f 6940 6936 6937
f 6936 6778 6937
f 6764 6784 6938
f 6782 6934 6933
f 6935 6939 6934
f 6936 6939 6935
f 6940 6939 6936
f 6787 6941 6942
f 6938 6784 6787
f 6942 6938 6787
f 6785 6780 6788
f 6780 6943 6788
f 6787 6946 6941
f 6788 6943 6510
f 6943 6944 6510
f 6944 6945 6510
f 6510 6947 6649
f 6649 6947 6791
f 6948 6946 6792
f 6792 6793 6948
f 6794 6949 6950
f 6947 6794 6791
f 6949 6794 6947
f 6948 6655 6946
f 6655 6948 6793
f 6655 6797 6951
f 6952 6953 6797
f 6953 6951 6797
f 6797 6799 6952
f 6803 6804 6954
f 6802 6803 6954
f 6656 6954 6804
f 6656 7117 6954
f 6656 6795 7117
f 6794 7117 6795
f 6955 6956 6953
f 6799 6955 6953
f 6799 6953 6952
f 6799 6800 6957
f 6955 6799 6957
f 6957 6800 7310
f 6958 6802 6960
f 6959 6960 6954
f 6960 6802 6954
f 6957 6956 6955
f 6960 7310 6958
f 6961 6807 6806
f 6807 6964 6808
f 6812 6811 6962
f 6812 6968 6805
f 6962 6968 6812
f 6805 6968 6963
f 6961 6805 6963
f 6807 6961 6963
f 6964 6807 6963
f 6808 6964 7127
f 6965 6808 7127
f 6813 6965 6969
f 6813 6808 6965
f 6813 6966 6810
f 6969 6966 6813
f 6811 6814 6967
f 6811 6967 6962
f 6970 6966 6969
f 6815 6970 6816
f 6815 6966 6970
f 6967 7133 6971
f 6967 6814 7133
f 6814 6668 7133
f 6816 6970 6972
f 7140 6972 6973
f 6817 6972 7140
f 6817 6816 6972
f 6544 6818 6974
f 6544 6974 7143
f 6544 7143 6668
f 6668 7143 7133
f 7140 6975 6817
f 6975 6670 6817
f 6974 6818 6976
f 6818 6820 6976
f 7143 6974 6976
f 6820 6823 6976
f 6976 6823 6977
f 6978 6821 6670
f 6978 6825 6821
f 6822 6826 6977
f 6822 6977 6823
f 6828 6983 6827
f 6979 6672 6827
f 6979 6827 6983
f 6980 6824 6672
f 6980 6552 6824
f 6825 6978 6674
f 6978 6981 6674
f 6826 9590 6982
f 6977 6826 6982
f 6828 6829 6983
f 6979 6983 7151
f 6979 7151 6672
f 6672 7151 6980
f 6552 6980 6984
f 7157 6552 6984
f 6989 6552 7157
f 6674 6981 6830
f 6982 9590 7153
f 6676 6985 6829
f 6830 6986 6414
f 6678 6985 6676
f 6678 6987 6985
f 6832 6987 6678
f 6832 6988 6987
f 6832 6990 6988
f 6989 6681 6831
f 6558 6990 6832
f 6989 6833 6681
f 9590 6683 7160
f 6990 6558 6836
f 6567 6837 6836
f 6414 6991 6838
f 6840 6839 6992
f 6840 6993 6841
f 6992 6993 6840
f 6841 6993 6842
f 6842 6994 6843
f 6993 6994 6842
f 6843 6995 6844
f 6994 6995 6843
f 6844 6995 6845
f 6683 6996 7160
f 6835 6996 6683
f 6996 6835 6846
f 6990 6836 6997
f 6990 6997 7163
f 6997 6836 6837
f 6997 6837 7003
f 6837 6833 7169
f 6837 7169 7003
f 6847 6998 6848
f 6847 7004 6998
f 6847 6838 7004
f 6838 6991 7004
f 6839 6849 6999
f 6839 6999 6992
f 6999 7000 6992
f 7001 6993 7000
f 7000 6993 6992
f 6994 7002 6995
f 6845 7002 6854
f 6995 7002 6845
f 6996 6846 7009
f 6998 7004 6848
f 7171 6852 7005
f 7171 7006 6852
f 7006 6853 6852
f 6999 6849 6853
f 6999 6853 7007
f 7007 6853 7006
f 7000 6999 7007
f 6854 7008 6858
f 6854 7002 7008
f 6846 6707 7009
f 6584 7010 6856
f 7005 6857 7011
f 7012 7171 7005
f 7011 7012 7005
f 6858 7008 7013
f 6858 7013 7014
f 7014 6859 6858
f 7015 6859 7014
f 6707 7016 7009
f 7016 6707 6864
f 6856 7017 6861
f 7017 6856 7010
f 6857 7019 7011
f 7020 6862 6859
f 7020 6859 7015
f 6862 7020 6863
f 7021 7016 6864
f 6864 6865 7021
f 7017 7022 6861
f 6861 7022 6867
f 7023 6863 7020
f 7024 7021 7028
f 6865 6871 7028
f 7021 6865 7028
f 6866 7031 6873
f 6866 7025 7031
f 6866 6867 7025
f 6867 7022 7025
f 7027 6869 6863
f 6869 7027 6874
f 6871 7029 7028
f 6871 6728 7029
f 6723 7030 6875
f 6873 7030 6723
f 6873 7031 7030
f 7026 7195 7032
f 7026 6876 7195
f 6868 7026 7032
f 7033 6878 7034
f 6878 6879 7035
f 7034 6878 7035
f 7035 6879 7036
f 7037 6874 7027
f 7039 7199 7038
f 6881 7039 7038
f 6881 7038 7029
f 6881 7029 6728
f 6881 6882 7039
f 6884 7040 7050
f 6884 7211 7040
f 6875 7211 6884
f 6875 7200 7211
f 6875 7030 7200
f 6876 6885 7195
f 7033 7034 7041
f 7033 7041 6877
f 6877 7041 6886
f 7036 7042 7035
f 7205 7042 7036
f 7205 7036 6880
f 7205 6880 7043
f 7043 6880 6887
f 6874 7037 6888
f 7037 6891 6888
f 7039 7044 7199
f 7045 7046 7044
f 6889 7045 7044
f 6889 7044 7039
f 6889 7039 6882
f 7045 6889 7047
f 6889 7049 7048
f 7047 6889 7048
f 7211 7050 7040
f 6735 7052 6893
f 7041 7052 6886
f 7047 7046 7045
f 7049 7047 7048
f 7219 7047 7049
f 6890 7219 7049
f 6892 7055 7051
f 7043 6894 7053
f 7053 6894 7216
f 6891 7054 6739
f 7056 7055 6892
f 6892 6474 7056
f 6893 7057 6895
f 7216 6894 7058
f 6739 7054 6896
f 7060 7056 6474
f 7059 6895 7057
f 6895 7059 6897
f 6894 6898 7058
f 7236 6899 6896
f 6474 6900 7060
f 7065 7062 7059
f 6897 7062 6901
f 7059 7062 6897
f 6903 7237 6898
f 6898 7237 7058
f 6900 7061 7060
f 7064 7062 7065
f 6901 7062 6904
f 7062 7064 6904
f 6904 7070 6747
f 7070 6748 6747
f 6902 6748 7066
f 6902 7066 7067
f 6902 7067 6903
f 7237 6903 7067
f 6900 7068 7061
f 7068 6900 6906
f 7064 7065 7069
f 6904 7064 7069
f 7070 6904 7069
f 6748 7070 7071
f 7066 6748 7071
f 6751 6907 7072
f 6751 7072 6905
f 7072 7073 6905
f 7073 7074 6908
f 7075 6906 6909
f 7075 7068 6906
f 6910 7076 7077
f 7076 6910 6899
f 7072 6907 6913
f 7072 6913 7079
f 7079 6913 6912
f 7073 7072 7079
f 7074 7073 7079
f 6915 7074 7080
f 6914 7074 6915
f 6914 6908 7074
f 7081 7075 7085
f 6909 6916 7085
f 7075 6909 7085
f 6918 7082 6917
f 6918 6910 7082
f 6910 7077 7082
f 7078 7255 7088
f 7078 6919 7255
f 6915 7080 7083
f 7083 7084 6915
f 7084 6920 6915
f 7085 6916 7090
f 7090 6916 6921
f 6917 7086 6923
f 7087 6917 7082
f 7086 6917 7087
f 6925 7260 7088
f 6924 7260 6925
f 7255 6919 6925
f 7088 7255 6925
f 7089 6926 6920
f 7089 6920 7093
f 7093 6920 7084
f 6926 7089 7094
f 6927 7090 6921
f 7091 7090 6927
f 6924 7092 7260
f 7093 7094 7089
f 7096 6927 6928
f 7096 7095 6927
f 7095 7091 6927
f 6928 6932 7096
f 6932 6933 7097
f 7096 6932 7097
f 6937 7098 6940
f 6937 6929 7098
f 6929 6930 7099
f 6923 7099 6930
f 6924 6764 7100
f 6764 6938 7100
f 7092 6924 7100
f 7101 6931 7102
f 6931 7101 6780
f 7095 7103 7104
f 7095 7096 7103
f 7097 7105 7096
f 7105 7103 7096
f 6933 6934 7105
f 6933 7105 7097
f 6934 6939 7105
f 6939 6940 7105
f 6940 7098 7105
f 7105 7098 7106
f 7107 7098 6929
f 7106 7098 7107
f 7100 6938 6942
f 7101 7102 7108
f 7108 6780 7101
f 7108 6944 6780
f 6944 6943 6780
f 7105 7104 7103
f 6944 7109 6945
f 6949 7110 6950
f 6949 6947 7110
f 6947 6510 7110
f 7111 6946 6655
f 6950 7112 6794
f 7110 7112 6950
f 7113 7111 7115
f 6655 6951 7115
f 7111 6655 7115
f 6794 7112 7114
f 7115 6951 7116
f 7116 6951 6953
f 6794 7114 7117
f 7118 7119 6953
f 7119 7116 6953
f 6953 6956 7118
f 6954 7120 6959
f 6954 7117 7120
f 7121 7122 7119
f 6956 7121 7119
f 6956 7119 7118
f 6956 6957 7123
f 7121 6956 7123
f 7123 6957 7310
f 6959 7124 6960
f 7120 7124 6959
f 7123 7122 7121
f 7125 7310 6960
f 6963 7126 6964
f 7126 7127 6964
f 7127 7128 6965
f 6962 6967 7129
f 6962 7130 6968
f 7129 7130 6962
f 6968 7126 6963
f 6968 7130 7126
f 7131 7126 7130
f 7127 7126 7131
f 7128 7127 7131
f 6965 7131 6969
f 6965 7128 7131
f 6969 7132 6970
f 7131 7132 6969
f 6971 7133 7134
f 6967 6971 7134
f 6967 7134 7129
f 7130 7129 7134
f 7131 7130 7134
f 7135 7131 7134
f 7135 7136 7131
f 7131 7136 7132
f 6970 6973 6972
f 6970 7132 6973
f 7132 7136 6973
f 7133 7137 7138
f 7133 7143 7137
f 7134 7133 7138
f 6973 7136 7139
f 7140 6973 7139
f 7140 7141 6975
f 6976 7142 7143
f 7146 7144 7141
f 6975 7144 6670
f 7141 7144 6975
f 7142 6976 7145
f 6976 6977 7145
f 7143 7142 7145
f 6978 7146 7147
f 6978 7144 7146
f 6978 6670 7144
f 7145 6977 7149
f 7147 7148 6978
f 7148 6981 6978
f 6982 7327 7149
f 7149 6977 6982
f 6829 7154 6983
f 7150 7151 6983
f 7150 6983 7154
f 6984 6980 7151
f 6981 7148 6830
f 7148 7152 6830
f 6982 7153 7327
f 6829 6987 7154
f 6985 6987 6829
f 7150 7154 7155
f 7150 7155 7151
f 7151 7155 6984
f 6984 7155 7156
f 7157 6984 7156
f 6830 7152 6986
f 6986 7159 6414
f 6988 7158 6987
f 6990 7530 6988
f 6414 7161 6991
f 7162 7160 6996
f 6989 7169 6833
f 7345 7169 6989
f 6991 7161 7004
f 7161 7164 7004
f 6993 7001 7165
f 7165 7174 6993
f 7174 6994 6993
f 7166 7162 6996
f 7166 6996 7009
f 7163 6997 7167
f 7168 7163 7167
f 6997 7176 7167
f 6997 7003 7176
f 7004 7170 6848
f 7004 7164 7170
f 7006 7172 7007
f 7171 7172 7006
f 7007 7178 7000
f 7172 7178 7007
f 7000 7178 7173
f 7001 7000 7173
f 7001 7173 7165
f 7349 6994 7174
f 7002 6994 7349
f 7002 7349 7008
f 7008 7349 7175
f 7176 7003 7355
f 7355 7003 7169
f 7170 7177 7010
f 6848 7170 7010
f 7183 7172 7012
f 7012 7172 7171
f 7008 7175 7179
f 7013 7008 7179
f 7015 7014 7179
f 7014 7013 7179
f 7180 7009 7016
f 7177 7181 7010
f 7010 7181 7017
f 7011 7019 7182
f 7012 7011 7182
f 7012 7182 7183
f 7015 7179 7370
f 7370 7371 7015
f 7371 7020 7015
f 7372 7180 7187
f 7016 7021 7187
f 7180 7016 7187
f 7022 7188 7184
f 7022 7017 7188
f 7017 7181 7188
f 7019 7018 7384
f 7019 7384 7185
f 7019 7185 7182
f 7186 7023 7020
f 7186 7020 7191
f 7191 7020 7371
f 7023 7186 6863
f 7187 7021 7387
f 7387 7021 7024
f 7184 7188 7382
f 7184 7382 7022
f 7022 7382 7025
f 7018 7189 7190
f 7018 6868 7189
f 7384 7018 7190
f 7191 6863 7186
f 7191 7192 6863
f 7192 7027 6863
f 7198 7024 7028
f 7028 7029 7198
f 7031 7193 7194
f 7030 7031 7194
f 7382 7031 7025
f 7193 7031 7382
f 7032 7195 7196
f 7032 7196 6868
f 6868 7196 7189
f 7197 7037 7027
f 7197 7027 7206
f 7206 7027 7192
f 7199 7394 7198
f 7038 7199 7198
f 7038 7198 7029
f 7200 7030 7201
f 7030 7194 7201
f 7195 6885 7202
f 7196 7195 7202
f 7034 7214 7041
f 7034 7035 7203
f 7214 7034 7203
f 7035 7042 7204
f 7203 7035 7204
f 7204 7042 7205
f 7206 7037 7197
f 7206 7054 7037
f 7054 6891 7037
f 7207 7394 7199
f 7208 7394 7207
f 7199 7044 7209
f 7199 7209 7207
f 7044 7046 7209
f 7050 7210 6890
f 7211 7210 7050
f 7201 7211 7200
f 6885 7051 7202
f 7202 7051 7212
f 7052 7213 6893
f 7052 7223 7213
f 7041 7223 7052
f 7041 7214 7223
f 7215 7203 7204
f 7205 7215 7204
f 7215 7205 7043
f 7215 7043 7216
f 7216 7043 7053
f 7208 7207 7217
f 7046 7218 7209
f 7209 7218 7207
f 7046 7047 7218
f 7218 7047 7219
f 7219 6890 7210
f 7219 7210 7228
f 7228 7210 7220
f 7055 7403 7221
f 7212 7051 7055
f 7221 7212 7055
f 7213 7222 7057
f 6893 7213 7057
f 7222 7213 7223
f 7207 7224 7217
f 7224 7207 7225
f 7207 7218 7225
f 7226 7225 7218
f 7219 7226 7218
f 7227 7226 7228
f 7226 7219 7228
f 7055 7056 7403
f 7229 7222 7223
f 7054 7230 6896
f 7226 7231 7225
f 7232 7231 7226
f 7233 7232 7226
f 7227 7233 7226
f 7056 7060 7403
f 7403 7060 7421
f 7222 7234 7235
f 7222 7235 7057
f 7057 7235 7059
f 7229 7234 7222
f 6899 7236 7063
f 7230 7236 6896
f 7060 7061 7421
f 7059 7235 7065
f 7058 7237 7411
f 7067 7066 7239
f 7067 7239 7237
f 7063 7240 6899
f 7247 7061 7068
f 7247 7427 7061
f 7427 7421 7061
f 7242 7069 7065
f 7242 7065 7241
f 7241 7065 7238
f 7069 7242 7070
f 7070 7243 7071
f 7242 7243 7070
f 7243 7244 7071
f 7071 7244 7245
f 7066 7071 7245
f 7066 7245 7239
f 6899 7240 7076
f 7240 7246 7076
f 7247 7068 7248
f 7248 7068 7075
f 7242 7241 7249
f 7243 7242 7249
f 7617 7244 7243
f 7245 7244 7617
f 7076 7253 7077
f 7076 7246 7253
f 7433 6912 7078
f 7433 7250 6912
f 7250 7079 6912
f 7079 7250 7251
f 7079 7251 7252
f 7074 7079 7252
f 7075 7081 7248
f 7248 7081 7435
f 7253 7254 7077
f 7077 7254 7082
f 7074 7252 7256
f 7083 7074 7256
f 7083 7080 7074
f 7083 7256 7084
f 7257 7081 7085
f 7257 7258 7081
f 7258 7435 7081
f 7085 7090 7257
f 7082 7254 7087
f 7254 7259 7087
f 7088 7260 7443
f 7261 7084 7256
f 7266 7258 7257
f 7262 7258 7266
f 7090 7263 7257
f 7257 7263 7266
f 7090 7091 7263
f 7086 7264 6923
f 7086 7087 7264
f 7260 7092 7269
f 7265 7093 7084
f 7093 7265 7094
f 7263 7091 7267
f 7267 7091 7095
f 6923 7268 7099
f 6923 7264 7268
f 7087 7268 7264
f 7100 7455 7269
f 7269 7092 7100
f 7270 7094 7265
f 7270 7102 7094
f 7271 7272 7095
f 7272 7267 7095
f 7095 7104 7271
f 7099 7268 7273
f 7099 7273 6929
f 6929 7273 7107
f 6942 6941 7274
f 6942 7274 7100
f 7100 7274 7455
f 7275 7108 7102
f 7275 7102 7276
f 7276 7102 7270
f 7108 7275 6944
f 7277 7278 7272
f 7104 7277 7272
f 7104 7272 7271
f 7104 7105 7278
f 7277 7104 7278
f 7279 7105 7280
f 7105 7106 7281
f 7280 7105 7281
f 7106 7282 7281
f 7106 7107 7282
f 7107 7273 7282
f 6941 6946 7283
f 7274 6941 7283
f 7275 7276 7284
f 7284 6944 7275
f 7284 7285 6944
f 7285 7109 6944
f 7105 7286 7278
f 7466 7286 7105
f 7279 7466 7105
f 7109 7285 6945
f 7285 7287 6945
f 6945 7287 6510
f 7292 7289 7288
f 7289 7290 7288
f 7291 7290 7289
f 7295 7288 7290
f 7290 7291 7295
f 7292 7288 7293
f 7292 7293 7294
f 7293 7288 7295
f 7295 7291 7481
f 6510 7296 7110
f 6946 7111 7479
f 7479 7111 7297
f 7293 7295 7673
f 7112 7296 7298
f 7296 7112 7110
f 7111 7113 7297
f 7112 7298 7114
f 7298 7300 7114
f 7299 7113 7115
f 7299 7297 7113
f 7115 7116 7299
f 7117 7300 7484
f 7300 7117 7114
f 7301 7299 7303
f 7116 7119 7303
f 7299 7116 7303
f 7117 7302 7120
f 7117 7484 7302
f 7304 7305 7303
f 7119 7304 7303
f 7119 7122 7304
f 7124 7306 6960
f 7120 7306 7124
f 7120 7490 7306
f 7120 7302 7490
f 7307 7308 7305
f 7122 7307 7305
f 7122 7305 7304
f 7122 7123 7309
f 7307 7122 7309
f 7309 7123 7310
f 7310 7125 7311
f 7125 6960 7311
f 7309 7308 7307
f 7312 7134 7138
f 7312 7313 7134
f 7134 7313 7314
f 7135 7134 7314
f 7138 7315 7316
f 7137 7315 7138
f 7317 7138 7316
f 7312 7138 7317
f 7135 7314 7318
f 7136 7135 7318
f 7136 7318 7139
f 7139 7318 7319
f 7140 7139 7319
f 7137 7143 7315
f 7315 7143 7322
f 7140 7319 7320
f 7320 7141 7140
f 7320 7321 7141
f 7321 7146 7141
f 7145 7517 7322
f 7322 7143 7145
f 7323 7146 7325
f 7325 7146 7321
f 7146 7323 7147
f 7145 7149 7517
f 7517 7149 7324
f 7147 7325 7326
f 7147 7323 7325
f 7147 7326 7148
f 7149 7327 7328
f 7149 7328 7324
f 7329 7148 7326
f 7327 7153 7330
f 7331 7328 7327
f 7330 7331 7327
f 6987 7332 7154
f 7154 7332 7333
f 7334 7154 7333
f 7155 7154 7334
f 7155 7335 7156
f 7334 7335 7155
f 7157 7156 7335
f 7157 7335 7336
f 7152 7148 6986
f 7148 7337 6986
f 7330 7153 7338
f 7153 9590 7338
f 7331 7330 7338
f 6987 7339 7332
f 7158 7339 6987
f 7332 7339 7333
f 7336 6989 7157
f 7340 6989 7336
f 6986 7337 7159
f 6988 7339 7158
f 6988 7530 7339
f 7342 6989 7341
f 9590 7160 7532
f 6414 7164 7161
f 7160 7162 7532
f 7532 7162 7343
f 7163 7344 6990
f 7342 7345 6989
f 7342 7534 7345
f 7351 7162 7166
f 7351 7346 7162
f 7346 7343 7162
f 7168 7344 7163
f 7535 7169 7345
f 7164 6414 7170
f 7165 7173 7347
f 7165 7348 7174
f 7347 7348 7165
f 7348 7349 7174
f 7349 7350 7175
f 7351 7166 7352
f 7352 7166 7009
f 7168 7167 7353
f 7176 7354 7167
f 7167 7354 7353
f 7176 7355 7354
f 7169 7363 7355
f 7535 7363 7169
f 7170 6414 7177
f 7172 7183 7368
f 7172 7356 7178
f 7368 7356 7172
f 7178 7356 7357
f 7173 7178 7357
f 7173 7357 7347
f 7348 7347 7357
f 7358 7349 7348
f 7350 7349 7358
f 7179 7350 7359
f 7179 7175 7350
f 7009 7180 7352
f 7352 7180 7542
f 7168 7353 7361
f 7168 7361 7360
f 7361 7353 7354
f 7361 7354 7362
f 7355 7363 7362
f 7354 7355 7362
f 7181 7365 7364
f 7181 7177 7365
f 7183 7366 7367
f 7182 7366 7183
f 7368 7183 7367
f 7369 7356 7368
f 7357 7356 7369
f 7370 7179 7359
f 7180 7372 7542
f 7373 7360 7361
f 7373 7361 7374
f 7374 7361 7362
f 7374 7362 7375
f 7364 7376 7181
f 7181 7376 7188
f 7185 7384 7377
f 7185 7377 7182
f 7182 7377 7366
f 7371 7370 7378
f 7378 7379 7371
f 7379 7191 7371
f 7380 7372 7187
f 7380 7381 7372
f 7187 7387 7380
f 7188 7383 7382
f 7188 7376 7383
f 7385 7191 7379
f 7191 7385 7192
f 7380 7386 7381
f 7386 7380 7387
f 7193 7388 7194
f 7382 7389 7193
f 7389 7388 7193
f 7383 7389 7382
f 7390 7192 7385
f 7198 7391 7024
f 7391 7387 7024
f 7194 7396 7201
f 7202 7576 7392
f 7189 7196 7202
f 7392 7189 7202
f 7393 7206 7192
f 7206 7393 7054
f 7211 7395 7210
f 7211 7396 7395
f 7211 7201 7396
f 7202 7212 7576
f 7576 7212 7587
f 7214 7404 7223
f 7397 7404 7214
f 7397 7214 7398
f 7398 7214 7203
f 7215 7398 7203
f 7215 7399 7398
f 7399 7215 7216
f 7400 7399 7216
f 7393 7406 7054
f 7401 7402 7208
f 7402 7394 7208
f 7208 7217 7401
f 7210 7395 7220
f 7593 7395 7396
f 7220 7395 7593
f 7587 7212 7221
f 7404 7405 7223
f 7216 7058 7400
f 7407 7408 7402
f 7224 7407 7402
f 7224 7402 7401
f 7224 7401 7217
f 7224 7225 7407
f 7228 7415 7227
f 7228 7409 7415
f 7220 7409 7228
f 7220 7410 7409
f 7593 7410 7220
f 7223 7405 7229
f 7406 7230 7054
f 7407 7412 7408
f 7231 7413 7412
f 7231 7412 7407
f 7231 7407 7225
f 7413 7231 7419
f 7419 7231 7232
f 7232 7233 7414
f 7227 7414 7233
f 7227 7415 7414
f 7235 7234 7416
f 7416 7234 7229
f 7417 7063 7236
f 7425 7230 7406
f 7425 7417 7236
f 7230 7425 7236
f 7419 7418 7413
f 7420 7419 7232
f 7414 7420 7232
f 7605 7420 7414
f 7235 7416 7065
f 7416 7422 7065
f 7411 7237 7602
f 7602 7237 7423
f 7417 7424 7240
f 7063 7417 7240
f 7424 7417 7425
f 7238 7422 7426
f 7238 7065 7422
f 7237 7239 7423
f 7423 7239 7970
f 7785 7424 7425
f 7428 7238 7426
f 7432 7428 7426
f 7238 7428 7241
f 7245 7613 7970
f 7970 7239 7245
f 7424 7785 7429
f 7424 7429 7240
f 7240 7429 7246
f 7430 7427 7247
f 7247 7248 7430
f 7431 7428 7432
f 7241 7428 7249
f 7428 7431 7249
f 7249 7617 7243
f 7433 7251 7250
f 7251 7434 7252
f 7616 7430 7435
f 7430 7248 7435
f 7617 7249 7431
f 7253 7436 7254
f 7253 7246 7436
f 7246 7429 7436
f 7078 7088 7437
f 7433 7078 7437
f 7433 7437 7438
f 7251 7433 7438
f 7439 7251 7438
f 7434 7251 7439
f 7256 7434 7440
f 7256 7252 7434
f 7435 7441 7616
f 7441 7435 7258
f 7254 7436 7259
f 7259 7436 7442
f 7444 7088 7443
f 7437 7088 7623
f 7623 7088 7444
f 7256 7440 7445
f 7261 7445 7449
f 7261 7256 7445
f 7258 7262 7441
f 7441 7262 7446
f 7259 7442 7447
f 7259 7447 7087
f 7443 7260 7448
f 7444 7443 7448
f 7449 7084 7261
f 7449 7450 7084
f 7450 7265 7084
f 7451 7262 7266
f 7266 7263 7452
f 7451 7266 7452
f 7263 7267 7452
f 7268 7454 7453
f 7268 7087 7454
f 7087 7447 7454
f 7269 7455 7456
f 7269 7456 7260
f 7270 7265 7450
f 7452 7267 7457
f 7457 7267 7272
f 7268 7458 7273
f 7268 7453 7458
f 7455 7274 7459
f 7456 7455 7459
f 7464 7460 7272
f 7460 7457 7272
f 7272 7278 7464
f 7273 7461 7282
f 7462 7273 7458
f 7461 7273 7462
f 7283 7643 7459
f 7459 7274 7283
f 7284 7276 7463
f 7463 7276 7270
f 7278 7465 7464
f 7466 7465 7286
f 7286 7465 7278
f 7279 7280 7466
f 7280 7281 7475
f 7466 7280 7475
f 7281 7467 7475
f 7282 7467 7281
f 7282 7461 7467
f 7462 7467 7461
f 7283 6946 7643
f 7468 7284 7463
f 7285 7468 7287
f 7284 7468 7285
f 7466 7469 7465
f 7469 7470 7471
f 7469 7466 7470
f 7472 7470 7466
f 7473 7472 7466
f 7474 7473 7475
f 7473 7466 7475
f 7476 7287 7468
f 7472 7471 7470
f 7661 7289 7292
f 7292 7294 7661
f 6510 7478 7296
f 7479 7480 7477
f 7479 7477 6946
f 7478 7482 7296
f 7479 7297 7480
f 7294 7293 7673
f 7671 7294 7673
f 7296 7482 7298
f 7298 7483 7300
f 7672 7480 7485
f 7297 7299 7485
f 7480 7297 7485
f 7485 7299 7486
f 7486 7299 7301
f 7484 7487 7488
f 7484 7488 7302
f 7300 7487 7484
f 7489 7301 7303
f 7489 7675 7301
f 7675 7486 7301
f 7303 7305 7489
f 7302 7488 7490
f 7491 7675 7489
f 7492 7675 7491
f 7305 7493 7489
f 7489 7493 7491
f 7305 7308 7493
f 7306 7494 6960
f 7306 7490 7494
f 7491 7495 7492
f 7493 7495 7491
f 7496 7495 7493
f 7308 7496 7493
f 7308 7497 7496
f 7498 7497 7309
f 7309 7497 7308
f 7309 7310 7499
f 7498 7309 7499
f 7500 7310 7501
f 7501 7310 7311
f 7494 7311 6960
f 7494 7502 7311
f 7502 7501 7311
f 7500 7688 7310
f 7312 7503 7313
f 7503 7509 7313
f 7509 7504 7313
f 7313 7505 7314
f 7504 7505 7313
f 7316 7315 7506
f 7316 7507 7317
f 7506 7507 7316
f 7312 7317 7507
f 7312 7507 7508
f 7503 7312 7508
f 7510 7504 7509
f 7510 7511 7504
f 7504 7511 7505
f 7314 7512 7318
f 7314 7505 7512
f 7505 7511 7512
f 7318 7513 7319
f 7512 7513 7318
f 7506 7322 7514
f 7315 7322 7506
f 7514 7507 7506
f 7512 7511 7515
f 7516 7513 7512
f 7320 7516 7321
f 7320 7513 7516
f 7320 7319 7513
f 7322 7517 7518
f 7322 7518 7698
f 7322 7698 7514
f 7321 7516 7519
f 7519 7520 7321
f 7520 7325 7321
f 7517 7324 7521
f 7701 7518 7517
f 7521 7701 7517
f 7326 7325 7523
f 7523 7325 7520
f 7521 7324 7522
f 7324 7328 7522
f 7329 7523 7524
f 7329 7326 7523
f 7329 7524 7148
f 7328 7331 7522
f 7522 7331 7527
f 7525 7334 7333
f 7525 7335 7334
f 7525 7336 7335
f 7526 7148 7524
f 7526 7337 7148
f 7338 7709 7527
f 7527 7331 7338
f 7528 7333 7339
f 7333 7528 7525
f 7525 7528 7529
f 7529 7340 7336
f 7529 7336 7525
f 7337 7526 7159
f 7338 9590 7709
f 7339 7530 7528
f 7713 7340 7529
f 6989 7340 7713
f 6989 7531 7341
f 7342 7341 7531
f 7533 6990 7344
f 7531 7534 7342
f 7343 7346 9590
f 7168 7533 7344
f 7718 7535 7345
f 7534 7718 7345
f 7537 7346 7351
f 7351 7352 7537
f 7533 7168 7538
f 7539 7363 7535
f 7535 7718 7545
f 7535 7545 7539
f 6414 7536 7177
f 7357 7541 7348
f 7540 7541 7357
f 7541 7358 7348
f 7358 7553 7350
f 7350 7553 7359
f 7542 7346 7537
f 7543 7346 7542
f 7537 7352 7542
f 7544 7538 7168
f 7168 7360 7544
f 7539 7362 7363
f 7177 7536 7365
f 7367 7366 7546
f 7367 7547 7368
f 7546 7547 7367
f 7548 7368 7547
f 7548 7549 7368
f 7549 7369 7368
f 7540 7357 7369
f 7540 7369 7549
f 7550 7541 7540
f 7358 7541 7550
f 7551 7358 7550
f 7551 7552 7358
f 7358 7552 7553
f 7359 7553 7370
f 7542 7554 7543
f 7554 7542 7555
f 7555 7542 7372
f 7556 7544 7360
f 7556 7360 7373
f 7556 7373 7374
f 7362 7539 7375
f 7539 7557 7375
f 7539 7545 7724
f 7539 7724 7557
f 7364 7365 7558
f 7365 7536 7558
f 7546 7377 7564
f 7366 7377 7546
f 7559 7547 7564
f 7564 7547 7546
f 7560 7561 7552
f 7552 7561 7553
f 7370 7553 7378
f 7553 7561 7378
f 7372 7381 7555
f 7374 7375 7562
f 7562 7375 7557
f 7364 7734 7563
f 7364 7563 7376
f 7376 7563 7383
f 7558 7734 7364
f 7377 7569 7564
f 7561 7560 7565
f 7565 7570 7561
f 7561 7570 7378
f 7379 7570 7385
f 7378 7570 7379
f 7737 7555 7381
f 7386 7387 7381
f 7388 7566 7194
f 7388 7389 7575
f 7566 7388 7575
f 7389 7567 7575
f 7389 7383 7567
f 7383 7563 7567
f 7190 7189 7568
f 7384 7190 7568
f 7384 7568 7569
f 7384 7569 7377
f 7390 7570 7571
f 7390 7385 7570
f 7390 7571 7192
f 7381 7572 7737
f 7572 7381 7387
f 7572 7387 7391
f 7566 7573 7396
f 7194 7566 7396
f 7574 7573 7575
f 7573 7566 7575
f 7392 7576 7577
f 7189 7392 7577
f 7189 7577 7568
f 7578 7192 7571
f 7578 7579 7192
f 7579 7393 7192
f 7198 7580 7391
f 7580 7572 7391
f 7573 7585 7396
f 7581 7573 7574
f 7585 7573 7581
f 7576 7950 7582
f 7576 7587 7950
f 7577 7576 7582
f 7397 7398 7591
f 7398 7399 7583
f 7591 7398 7583
f 7399 7400 7583
f 7393 7579 7406
f 7579 7757 7406
f 7198 7394 7584
f 7584 7394 7402
f 7585 7586 7396
f 7396 7586 7593
f 7221 7403 7587
f 7404 7588 7589
f 7405 7404 7589
f 7397 7590 7404
f 7590 7588 7404
f 7591 7590 7397
f 7591 7595 7762
f 7591 7583 7595
f 7400 7058 7595
f 7583 7400 7595
f 7408 7592 7402
f 7592 7584 7402
f 7405 7589 7229
f 7589 7594 7229
f 7595 7058 7768
f 7768 7058 7411
f 7596 7597 7592
f 7412 7596 7592
f 7412 7592 7408
f 7412 7413 7596
f 7415 7598 7414
f 7415 7409 7598
f 7409 7410 7599
f 7593 7599 7410
f 7416 7600 7601
f 7594 7416 7229
f 7600 7416 7594
f 7411 7602 7768
f 7603 7425 7406
f 7418 7604 7597
f 7418 7597 7596
f 7418 7596 7413
f 7419 7420 7418
f 7418 7420 7605
f 7605 7414 7598
f 7605 7598 7606
f 7606 7598 7409
f 7416 7601 7422
f 7602 7423 7970
f 7603 7785 7425
f 7418 7607 7604
f 7607 7608 7609
f 7607 7418 7608
f 7610 7608 7418
f 7605 7611 7418
f 7611 7610 7418
f 7611 7605 7606
f 7777 7426 7422
f 7610 7609 7608
f 7421 7427 7783
f 7426 7612 7432
f 7427 7430 7783
f 7612 7788 7432
f 7613 7614 7970
f 7613 7245 7614
f 7429 7785 7615
f 7431 7432 7788
f 7429 7615 7436
f 7439 7618 7434
f 7434 7618 7440
f 7619 7616 7441
f 7436 7615 7442
f 7621 7444 7620
f 7621 7622 7444
f 7622 7623 7444
f 7438 7437 7623
f 7439 7438 7623
f 7624 7439 7623
f 7618 7439 7624
f 7445 7618 7627
f 7445 7440 7618
f 7791 7619 7629
f 7441 7446 7629
f 7619 7441 7629
f 7442 7631 7447
f 7442 7625 7631
f 7448 7260 7632
f 7444 7448 7626
f 7444 7626 7620
f 7621 7620 7626
f 7449 7445 7627
f 7449 7627 7628
f 7628 7450 7449
f 7629 7446 7630
f 7630 7446 7262
f 7260 7456 7632
f 7450 7628 7633
f 7633 7270 7450
f 7634 7262 7451
f 7634 7635 7262
f 7635 7630 7262
f 7451 7452 7636
f 7634 7451 7636
f 7452 7457 7636
f 7453 7641 7458
f 7453 7454 7641
f 7459 7808 7637
f 7632 7456 7459
f 7637 7632 7459
f 7633 7644 7270
f 7638 7635 7634
f 7639 7635 7638
f 7636 7640 7634
f 7640 7638 7634
f 7457 7460 7640
f 7636 7457 7640
f 7641 7642 7458
f 7458 7642 7462
f 7459 7643 7818
f 7459 7818 7808
f 7270 7644 7463
f 7639 7651 7645
f 7639 7638 7651
f 7638 7640 7651
f 7460 7464 7646
f 7460 7646 7640
f 7640 7646 7651
f 7464 7465 7647
f 7646 7464 7647
f 7467 7642 7648
f 7642 7467 7462
f 7818 7643 7649
f 7463 7644 7468
f 7644 7650 7468
f 7646 7647 7652
f 7465 7469 7653
f 7465 7653 7647
f 7647 7653 7652
f 7469 7471 7653
f 7475 7654 7474
f 7475 7467 7654
f 7467 7648 7654
f 7655 7476 7468
f 7655 7468 7650
f 7476 7655 7287
f 7656 7652 7657
f 7652 7653 7657
f 7471 7658 7653
f 7653 7658 7657
f 7471 7472 7658
f 7658 7472 7666
f 7472 7473 7666
f 7473 7474 7666
f 7661 7660 7289
f 7660 7662 7289
f 7291 7289 7662
f 7291 7662 7663
f 7655 7478 7287
f 7478 6510 7287
f 7657 7658 7664
f 7666 7665 7658
f 7665 7664 7658
f 7477 7659 6946
f 7837 7291 7663
f 7665 7669 7664
f 7480 7667 7659
f 7480 8041 7667
f 7477 7480 7659
f 7837 7481 7291
f 7478 7668 7482
f 7671 7670 7294
f 7480 7672 8041
f 7674 7672 7485
f 7485 7486 7674
f 7300 7483 7487
f 7678 7674 7675
f 7674 7486 7675
f 7488 7676 7490
f 7677 7488 7487
f 7676 7488 7677
f 7678 7675 7679
f 7679 7675 7492
f 7492 7680 7679
f 7495 7680 7492
f 7496 7680 7495
f 7496 7497 7684
f 7501 7502 7681
f 7500 7501 7681
f 7494 7681 7502
f 7494 7682 7681
f 7494 7490 7682
f 7496 7683 7680
f 7684 7683 7496
f 7685 7686 7684
f 7498 7685 7684
f 7498 7684 7497
f 7498 7499 7687
f 7685 7498 7687
f 7687 7499 7310
f 7688 7500 7690
f 7689 7681 7861
f 7689 7690 7681
f 7690 7500 7681
f 7687 7686 7685
f 7690 7310 7688
f 7508 7871 7503
f 7503 7693 7509
f 7871 7693 7503
f 7509 7694 7510
f 7693 7694 7509
f 7510 7694 7511
f 7507 7514 7691
f 7507 7691 7870
f 7507 7870 7692
f 7507 7692 7508
f 7871 7508 7692
f 7515 7694 7695
f 7515 7511 7694
f 7515 7696 7512
f 7695 7696 7515
f 7512 7697 7516
f 7696 7697 7512
f 7698 7873 7874
f 7518 7873 7698
f 7691 7514 7698
f 7870 7691 7698
f 7696 7695 7699
f 7700 7697 7696
f 7519 7700 7520
f 7519 7697 7700
f 7519 7516 7697
f 7518 7701 7873
f 7520 7700 7702
f 7702 7703 7520
f 7703 7523 7520
f 7521 7522 7704
f 7521 7704 7884
f 7521 7884 7701
f 7523 7703 7705
f 7705 7524 7523
f 7706 7524 7705
f 7704 7522 7707
f 7522 7527 7707
f 7884 7704 7707
f 7708 7526 7524
f 7708 7524 7706
f 7527 7709 7710
f 7527 7710 7707
f 7887 7526 7708
f 7887 7711 7526
f 7711 7159 7526
f 7709 9590 7712
f 7710 7709 7712
f 7159 7711 6414
f 7529 7528 7891
f 7713 7529 7891
f 7713 7714 6989
f 6989 7714 7531
f 7531 7714 7894
f 7532 7343 9590
f 7717 7897 7533
f 6990 7533 7897
f 7898 7534 7531
f 7715 7716 6414
f 7898 7718 7534
f 6414 7716 7536
f 9590 7346 7543
f 7538 7717 7533
f 7538 7544 7719
f 7722 7538 7719
f 7549 7727 7540
f 7540 7720 7550
f 7727 7720 7540
f 7720 7551 7550
f 7543 7721 7902
f 7554 7721 7543
f 7721 7554 7555
f 7731 7722 7723
f 7723 7722 7556
f 7722 7719 7556
f 7719 7544 7556
f 7536 7725 7558
f 7548 7547 7726
f 7548 7726 7549
f 7727 7549 7726
f 7728 7720 7727
f 7551 7720 7728
f 7552 7551 7728
f 7552 7728 7560
f 7560 7728 7729
f 7721 7555 7730
f 7738 7731 7374
f 7731 7723 7374
f 7723 7556 7374
f 7733 7732 7557
f 7724 7733 7557
f 7734 7558 7928
f 7558 7725 7928
f 7559 7564 7735
f 7559 7735 7547
f 7726 7547 7735
f 7560 7729 7736
f 7565 7560 7736
f 7555 7737 7730
f 7738 7374 7562
f 7738 7562 7739
f 7739 7562 7557
f 7739 7557 7732
f 7734 7740 7741
f 7734 7741 7563
f 7563 7741 7567
f 7928 7740 7734
f 7569 7929 7930
f 7568 7929 7569
f 7564 7569 7742
f 7742 7569 7930
f 7735 7564 7742
f 7571 7570 7565
f 7571 7565 7746
f 7746 7565 7736
f 7743 7737 7572
f 7743 7744 7737
f 7575 7750 7574
f 7575 7567 7750
f 7577 7938 7745
f 7929 7568 7577
f 7745 7929 7577
f 7579 7746 7747
f 7578 7746 7579
f 7578 7571 7746
f 7743 7748 7744
f 7748 7743 7572
f 7748 7572 7749
f 7749 7572 7580
f 7750 7751 7574
f 7574 7751 7581
f 7582 7950 7752
f 7582 7752 7577
f 7577 7752 7938
f 7753 7579 7747
f 7579 7753 7757
f 7585 7754 7586
f 7585 7759 7754
f 7585 7581 7759
f 7581 7751 7759
f 7588 7755 7589
f 7588 7590 7755
f 7590 7591 7756
f 7755 7590 7756
f 7591 7762 7756
f 7198 8147 7580
f 8147 7198 7584
f 8147 7584 7758
f 7758 7584 7592
f 7754 7759 7586
f 7403 7760 7587
f 7587 7760 7950
f 7755 7761 7594
f 7589 7755 7594
f 7756 7761 7755
f 7756 7762 7761
f 7595 7768 7762
f 7757 7763 7406
f 7599 7764 7409
f 7599 7593 7764
f 7593 7586 7764
f 7403 7421 7765
f 7760 7403 7765
f 7600 7766 7601
f 7761 7600 7594
f 7761 7767 7600
f 7767 7766 7600
f 7762 7767 7761
f 7767 7762 7768
f 7603 7406 7763
f 7769 7603 7763
f 7597 7604 7592
f 7764 7770 7606
f 7409 7764 7606
f 7770 7764 7771
f 7601 7772 7422
f 7602 7970 7768
f 7603 7769 7785
f 7607 7774 7773
f 7607 7773 7604
f 7607 7609 7774
f 7606 7776 7775
f 7606 7770 7776
f 7426 7777 7612
f 7772 7777 7422
f 7778 7773 7774
f 7609 7779 7774
f 7774 7779 7778
f 7609 7610 7780
f 7779 7609 7780
f 7610 7611 7781
f 7780 7610 7781
f 7611 7782 7781
f 7606 7782 7611
f 7606 7775 7782
f 7779 7784 7778
f 7780 7784 7779
f 7783 7430 7976
f 7430 7616 7976
f 7976 7616 7786
f 7616 7619 7786
f 7786 7619 7989
f 7787 7431 7788
f 7431 7787 7617
f 7617 7794 7245
f 7245 7794 7614
f 7615 7795 7442
f 7622 7789 7623
f 7623 7790 7624
f 7789 7790 7623
f 7618 7624 7627
f 7619 7791 7989
f 7792 7787 7788
f 7793 7792 7788
f 7617 7787 7792
f 7994 7794 7617
f 7994 7617 7792
f 7442 7795 7625
f 7626 7448 7621
f 7796 7790 7789
f 7796 7797 7790
f 7790 7797 7624
f 7627 7624 7798
f 7624 7797 7798
f 7627 7799 7628
f 7798 7799 7627
f 7800 7791 7629
f 7800 7801 7791
f 7629 7630 7800
f 7631 7807 7447
f 7631 7803 7807
f 7631 7625 7803
f 7625 7795 7803
f 7448 7632 7809
f 7448 7809 7804
f 7448 7804 7805
f 7448 7805 7621
f 7798 7797 8009
f 7798 7810 7799
f 7628 7806 7633
f 7628 7799 7806
f 7799 7810 7806
f 7801 7800 7630
f 7637 7808 7813
f 7632 7637 7813
f 7632 7813 7809
f 7798 8016 7810
f 7633 7810 7644
f 7806 7810 7633
f 7635 7639 7630
f 7630 7639 7811
f 7641 7812 7642
f 7641 7454 7812
f 7454 7447 7812
f 7814 7810 8016
f 7810 7814 7644
f 7639 7815 7811
f 7815 7639 7645
f 7642 7816 7648
f 7642 7817 7816
f 7642 7812 7817
f 7819 7644 7814
f 7819 7650 7644
f 7820 7645 7651
f 7651 7646 7821
f 7820 7651 7821
f 7646 7652 7821
f 7648 7822 7654
f 7823 7648 7816
f 7822 7648 7823
f 7649 7643 7824
f 7643 6946 7824
f 7818 7649 7824
f 7819 7825 7650
f 7645 7820 7826
f 7820 7821 7826
f 7652 7656 7832
f 7652 7832 7821
f 7821 7832 7826
f 7656 7657 7832
f 7654 7822 7827
f 6946 7659 7824
f 7824 7659 7828
f 7661 7835 7660
f 7662 7660 7835
f 7829 7663 7662
f 7655 7650 7825
f 7825 7478 7655
f 7830 7478 7825
f 7832 7831 7826
f 7838 7833 7832
f 7664 7838 7832
f 7664 7832 7657
f 7828 7659 7667
f 7834 7828 7667
f 7661 7836 7835
f 7294 7836 7661
f 7662 7835 7829
f 7837 7663 7829
f 7478 7830 7668
f 7839 7840 7838
f 7669 7839 7838
f 7669 7838 7664
f 7839 7669 7841
f 7669 7665 7842
f 7841 7669 7842
f 7665 7843 7842
f 7666 7843 7665
f 7844 7836 7670
f 7836 7294 7670
f 7841 7840 7839
f 7844 7670 7845
f 7845 7846 7848
f 7671 7846 7670
f 7670 7846 7845
f 8041 7672 8058
f 8058 7672 7847
f 7848 7846 7851
f 7673 7846 7671
f 7673 7851 7846
f 7298 7849 7483
f 7298 7482 7849
f 7672 7674 7847
f 7847 7674 7850
f 7849 7853 7487
f 7483 7849 7487
f 7853 7849 7852
f 7674 7678 7850
f 7853 7854 7487
f 7487 7854 7677
f 7679 7855 7678
f 7855 7850 7678
f 7676 7856 7490
f 7676 7677 7856
f 7680 7857 7679
f 7490 7858 7682
f 7490 7856 7858
f 7680 7683 7857
f 7857 7683 7859
f 7683 7684 7860
f 7684 7686 7860
f 7861 7681 7682
f 7861 7682 7868
f 7862 7682 7858
f 7868 7682 7862
f 7863 7859 7864
f 7859 7683 7864
f 7860 7865 7683
f 7865 7864 7683
f 7686 7865 7860
f 7686 7687 7866
f 7865 7686 7866
f 7866 7687 7310
f 7689 7867 7690
f 7689 7861 7867
f 7868 7867 7861
f 8078 7864 7865
f 7866 8078 7865
f 7690 8079 7310
f 7869 8079 7690
f 7867 7869 7690
f 7870 7871 7692
f 7693 7872 7694
f 7871 7872 7693
f 7694 7872 7695
f 7875 7698 7874
f 7870 7698 7876
f 7876 7698 7875
f 7871 7870 7876
f 7877 7872 7871
f 7695 7872 7877
f 7695 7877 7699
f 7699 7877 7878
f 7880 7696 7878
f 7696 7699 7878
f 7696 7879 7700
f 7880 7879 7696
f 7873 7701 8085
f 7881 7879 7880
f 7702 7881 7703
f 7702 7879 7881
f 7702 7700 7879
f 7701 7884 8085
f 8085 7884 7882
f 7703 7881 7883
f 7705 7703 7883
f 7705 7883 7706
f 7707 7885 7884
f 7707 7710 7885
f 7884 7885 7886
f 7887 7708 7888
f 7888 7708 7706
f 7712 8094 7889
f 7885 7710 7712
f 7889 7885 7712
f 7887 7888 7890
f 7890 7711 7887
f 7890 6414 7711
f 7712 9590 8094
f 7530 7892 7528
f 7891 7528 7892
f 7891 7714 7713
f 7891 7893 7714
f 7894 7714 7893
f 6990 7895 7530
f 7896 7531 7894
f 6990 7897 7895
f 7896 7898 7531
f 7899 7716 7715
f 8104 7718 7898
f 7716 7901 7536
f 7901 7716 7899
f 7538 7900 7717
f 8104 7545 7718
f 7543 7902 9590
f 7722 7900 7538
f 7722 7903 7900
f 7536 7901 7725
f 7904 7902 7721
f 7909 7722 7905
f 7903 7722 7909
f 7731 7905 7722
f 8106 7724 7545
f 7733 7724 8106
f 7901 7912 7725
f 7912 7901 7906
f 7726 7916 7727
f 7915 7916 7726
f 7727 7907 7728
f 7916 7907 7727
f 7907 7908 7728
f 7728 7908 7729
f 8109 7904 7921
f 7721 7730 7921
f 7904 7721 7921
f 7910 7909 7731
f 7909 7905 7731
f 7738 7910 7731
f 7912 7913 7725
f 7725 7913 7928
f 7735 7914 8112
f 7915 7726 7735
f 7915 7735 8112
f 7917 7907 7916
f 7917 7918 7907
f 7907 7918 7908
f 7919 7908 7918
f 7729 7920 7736
f 7729 7908 7920
f 7908 7919 7920
f 7921 7730 7922
f 7922 7730 7737
f 7910 7923 7924
f 7925 7910 7738
f 7925 7923 7910
f 7739 7925 7738
f 7739 7926 7925
f 7926 7739 8116
f 7739 7927 8116
f 7739 7732 7927
f 7732 7733 7911
f 7732 7911 7927
f 7740 7928 7741
f 7914 7742 7930
f 7914 7735 7742
f 7919 7918 7931
f 8125 7920 7919
f 8125 7736 7920
f 8125 7932 7736
f 7932 7746 7736
f 7737 7744 7922
f 7924 7923 7933
f 7934 7925 7926
f 7923 7925 7934
f 7926 8116 7935
f 7926 7935 7934
f 7741 7936 7937
f 7741 7937 7567
f 7928 7936 7741
f 7745 7938 7939
f 7929 7745 7939
f 7930 7929 7939
f 7746 7932 7940
f 7940 7747 7746
f 7748 7941 7744
f 7941 7922 7744
f 7942 7923 7934
f 7942 7934 7943
f 7943 7934 7935
f 7750 7944 7751
f 7750 7567 7944
f 7567 7937 7944
f 7938 7752 8141
f 7747 7940 7753
f 7940 7945 7753
f 7748 8143 7941
f 8143 7748 7749
f 7944 7946 7759
f 7751 7944 7759
f 7947 7757 7753
f 7947 7753 7945
f 8147 7948 7580
f 7948 7749 7580
f 7759 7949 7586
f 7759 7946 7949
f 7951 7757 7947
f 7951 7763 7757
f 8147 7758 8155
f 8155 7758 7592
f 7949 7958 7764
f 7586 7949 7764
f 7958 7949 7952
f 7765 8150 7950
f 7950 7760 7765
f 7953 7766 7954
f 7954 7766 7767
f 7767 8153 7954
f 8153 7767 7768
f 8158 8153 7768
f 7955 7763 7951
f 7763 7955 7769
f 7956 7957 7592
f 7957 8155 7592
f 7592 7604 7956
f 7958 8162 7764
f 7764 8162 7771
f 7765 7421 8150
f 7953 7601 7766
f 7768 7970 8158
f 7959 7769 7955
f 7959 7785 7769
f 7773 7960 7957
f 7773 7957 7956
f 7773 7956 7604
f 7770 7966 7776
f 7770 7961 7966
f 7770 7771 7961
f 7771 8162 7961
f 7777 7969 7612
f 7777 7772 7969
f 7959 7962 7785
f 7964 7960 7963
f 7773 7778 7963
f 7960 7773 7963
f 7775 7965 7782
f 7775 7776 7966
f 7775 7966 7965
f 7967 7966 7961
f 7421 7783 7968
f 7969 7788 7612
f 7784 7971 7964
f 7784 7964 7963
f 7784 7963 7778
f 7971 7784 7972
f 7784 7780 7972
f 7780 7781 7973
f 7972 7780 7973
f 7781 7782 7965
f 7781 7965 7973
f 7973 7965 7974
f 7966 7975 7965
f 7975 7974 7965
f 7975 7966 7967
f 7976 7985 7968
f 7976 7968 7783
f 7978 7979 7980
f 7978 7971 7979
f 7971 7972 7979
f 7981 7979 7972
f 7973 7982 7972
f 7982 7981 7972
f 7982 7974 7983
f 7982 7973 7974
f 7975 7983 7974
f 7984 7983 7975
f 7967 7984 7975
f 7976 7786 7985
f 7970 7614 7986
f 7970 7986 7977
f 7785 7987 7615
f 7981 7980 7979
f 7988 7980 7981
f 7982 7988 7981
f 8179 7985 7989
f 7985 7786 7989
f 7986 7794 7990
f 7614 7794 7986
f 7991 7977 7986
f 7990 7991 7986
f 7987 7996 7795
f 7615 7987 7795
f 7996 7987 7992
f 7989 7993 8179
f 7993 7989 7791
f 7794 7994 7990
f 7994 7995 7990
f 7995 7991 7990
f 7996 7997 7795
f 7622 7621 7998
f 7622 7998 7789
f 7789 7999 7796
f 7998 7999 7789
f 7796 7999 7797
f 7791 7801 7993
f 7993 7801 8000
f 8001 7792 7793
f 8001 7793 8002
f 8001 8003 7792
f 8003 7802 7792
f 7802 8004 7792
f 7792 8004 7994
f 8004 8005 7994
f 8006 7995 8005
f 8005 7995 7994
f 7991 7995 8006
f 7795 7997 7803
f 7805 7804 8014
f 7805 8014 8187
f 7621 7805 8187
f 7621 8187 8007
f 7621 8007 7998
f 8008 7998 8007
f 7999 7998 8008
f 8009 7999 8010
f 8009 7797 7999
f 8009 8011 7798
f 8012 8000 7801
f 7801 7630 8012
f 7802 8003 8001
f 8192 8005 8004
f 8006 8005 8192
f 7807 8013 7447
f 7807 7803 8013
f 7809 8194 8195
f 7813 8194 7809
f 8014 7804 7809
f 8014 7809 8195
f 8009 8010 8015
f 8011 8009 8015
f 8016 8011 8017
f 7798 8011 8016
f 8019 8012 8018
f 7630 7811 8018
f 8012 7630 8018
f 8013 8020 7812
f 7447 8013 7812
f 7813 7808 8021
f 7813 8021 8194
f 8016 8017 8022
f 8022 8023 8016
f 8023 7814 8016
f 8024 8019 8018
f 7811 7815 8025
f 7811 8025 8018
f 8018 8025 8024
f 7817 8026 7816
f 7812 8026 7817
f 7812 8020 8026
f 8021 7808 8027
f 7808 7818 8027
f 8214 7814 8023
f 8028 8024 8025
f 8028 8025 7815
f 8028 7815 8029
f 8029 7815 7645
f 7816 8030 7823
f 8031 7816 8026
f 8030 7816 8031
f 7824 8211 8032
f 8027 7818 7824
f 8032 8027 7824
f 7814 8214 8033
f 8033 7819 7814
f 8033 8034 7819
f 8034 7825 7819
f 8035 8029 7645
f 7824 7828 8211
f 8211 7828 8036
f 8037 7825 8034
f 7825 8037 7830
f 7831 8038 8035
f 7831 8035 7645
f 7831 7645 7826
f 7831 7832 8039
f 7832 7833 8039
f 7827 7822 8040
f 7823 8040 7822
f 7667 8041 7834
f 8036 7828 7834
f 8042 7835 7836
f 7835 8042 7829
f 8042 8043 7829
f 7837 7829 8043
f 7837 8043 8044
f 7830 8045 7668
f 8037 8045 7830
f 7831 8046 8038
f 8046 7831 8047
f 7831 8039 8047
f 7833 7838 8039
f 7838 7840 8039
f 7666 8239 7843
f 7474 8239 7666
f 7474 7654 8239
f 8049 8048 7844
f 7836 7844 8042
f 8042 7844 8048
f 8044 7481 7837
f 8050 7668 8045
f 8050 7482 7668
f 8051 8047 8052
f 8047 8039 8052
f 7840 8053 8039
f 8039 8053 8052
f 7840 7841 8054
f 8053 7840 8054
f 7841 7842 8055
f 8054 7841 8055
f 7843 8055 7842
f 7843 8056 8055
f 7843 8239 8056
f 7845 8049 7844
f 8057 8053 8054
f 8055 8057 8054
f 8245 8057 8055
f 7847 8059 8058
f 8060 8059 7847
f 7847 7850 8060
f 7848 7851 8061
f 7851 7673 8061
f 7481 8062 7295
f 8426 8062 7481
f 7849 7482 7852
f 8249 8060 8066
f 8060 7850 8066
f 8061 7673 8063
f 7853 8064 7854
f 7853 8065 8064
f 7853 7852 8065
f 8066 7850 8067
f 8067 7850 7855
f 8064 8068 7854
f 7854 8068 7677
f 8065 8068 8064
f 7679 7857 7855
f 7856 8069 7858
f 7856 7677 8069
f 7677 8068 8069
f 8071 7855 8070
f 7857 7859 8070
f 7855 7857 8070
f 7858 8072 8073
f 7858 8073 7862
f 8069 8072 7858
f 7863 8074 8071
f 7863 8071 8070
f 7863 8070 7859
f 7868 7862 8075
f 7862 8073 8075
f 8076 8077 8074
f 7864 8076 8074
f 7864 8074 7863
f 8076 7864 8078
f 8078 7866 7310
f 8079 7869 8080
f 7867 8080 7869
f 8265 7867 7868
f 8075 8265 7868
f 8078 8077 8076
f 8081 8077 8078
f 7310 8081 8078
f 8269 7310 8079
f 8080 8269 8079
f 8082 8269 8080
f 7876 8273 7871
f 7871 8083 7877
f 7877 8084 7878
f 8083 8084 7877
f 7873 8085 7875
f 7874 7873 7875
f 8273 7876 7875
f 8083 7871 8273
f 8083 8090 8086
f 8083 8086 8084
f 7878 8087 7880
f 7878 8084 8087
f 8084 8086 8087
f 7880 8088 7881
f 8087 8088 7880
f 8085 7882 8089
f 8278 7875 8085
f 8089 8278 8085
f 8087 8086 8090
f 8088 8087 8090
f 7883 7881 8088
f 8089 7882 8091
f 7882 7884 8091
f 8278 8089 8091
f 7886 7885 8093
f 7886 8093 7884
f 7884 8093 8091
f 8092 7706 7883
f 8092 8096 7706
f 8096 7888 7706
f 7889 8094 8095
f 7885 7889 8095
f 7885 8095 8093
f 7890 7888 8096
f 8284 7890 8096
f 8094 9590 8285
f 7890 8284 6414
f 8285 9590 8290
f 7891 7892 8288
f 8288 8097 7891
f 7891 8097 7893
f 7530 8099 7892
f 8097 8100 7893
f 7894 7893 8100
f 8294 7894 8100
f 7896 7894 8294
f 6414 8098 7715
f 7717 8101 7897
f 8101 7895 7897
f 8294 7898 7896
f 8102 7898 8294
f 7899 7715 8103
f 8102 8104 7898
f 7900 8105 7717
f 8301 7545 8104
f 7903 8105 7900
f 8301 8106 7545
f 7902 7904 9590
f 7909 8107 7903
f 8108 7733 8106
f 7904 8109 9590
f 8107 7909 8110
f 7910 8110 7909
f 8108 7911 7733
f 8305 7911 8108
f 7912 8118 7913
f 7912 8111 8118
f 7912 7906 8111
f 8112 8120 7915
f 7915 8121 7916
f 8120 8121 7915
f 7916 8113 7917
f 8121 8113 7916
f 7917 8113 7918
f 8114 8109 7921
f 7921 7922 8114
f 7924 8115 7910
f 7910 8115 8110
f 8117 8116 7927
f 7911 8117 7927
f 8305 8117 7911
f 8118 8119 7913
f 7913 8119 7928
f 7914 8120 8112
f 8113 8121 8122
f 8124 8113 8123
f 7931 8113 8124
f 7931 7918 8113
f 7931 8124 7919
f 8124 8125 7919
f 8126 8114 7922
f 8115 7924 8127
f 8128 8314 8116
f 8314 7935 8116
f 8128 8116 8117
f 7936 8129 7937
f 7936 7928 8129
f 7928 8119 8129
f 7930 7939 7914
f 8130 8124 8123
f 8125 8124 8130
f 7940 8130 8131
f 7940 8125 8130
f 7940 7932 8125
f 7922 7941 8126
f 8126 7941 8132
f 7933 7923 8133
f 8134 7933 8133
f 7924 7933 8134
f 7942 8133 7923
f 8133 7942 8135
f 7942 8136 8135
f 7942 7943 8136
f 7943 7935 8314
f 7943 8314 8136
f 7937 8140 7944
f 8137 7937 8129
f 8140 7937 8137
f 7938 8141 8138
f 7939 7938 8138
f 7940 8139 7945
f 8131 8139 7940
f 8140 8144 7944
f 7944 8144 7946
f 8142 7945 8139
f 8142 7947 7945
f 8143 7749 8344
f 8344 7749 7948
f 7946 8144 8149
f 7949 7946 8149
f 7950 8340 8141
f 8141 7752 7950
f 7947 8142 8145
f 7951 7947 8145
f 8146 7951 8145
f 8147 8148 7948
f 8148 8344 7948
f 7949 8149 7952
f 7954 8151 7953
f 8151 7954 8152
f 8152 7954 8153
f 7951 8146 7955
f 8146 8154 7955
f 7958 8161 8162
f 7958 8156 8161
f 7958 7952 8156
f 7952 8149 8156
f 7950 8150 8347
f 7953 8157 7601
f 7953 8151 8157
f 8152 8157 8151
f 7959 7955 8154
f 8159 7959 8154
f 8160 8155 7957
f 7957 7960 8160
f 7601 8354 8360
f 7601 8360 7772
f 8157 8354 7601
f 7959 8159 7962
f 8163 8160 8165
f 7960 7964 8165
f 8160 7960 8165
f 7961 8162 7967
f 8162 8164 7967
f 7421 7968 8358
f 7969 7772 7788
f 8166 8368 8165
f 7964 8166 8165
f 7964 7971 8166
f 8164 8167 7967
f 8358 7968 7985
f 8168 8358 7985
f 8166 8170 8368
f 7978 8171 8170
f 7978 8170 8166
f 7978 8166 7971
f 7978 7980 8171
f 8172 7983 8173
f 8173 7983 7984
f 8167 7984 7967
f 8173 7984 8167
f 7785 8169 7987
f 8169 8381 7987
f 8174 8170 8171
f 7980 8175 8171
f 8171 8175 8174
f 8175 7980 7988
f 7988 7982 8176
f 7982 8177 8176
f 7982 8178 8177
f 7982 7983 8178
f 8172 8178 7983
f 7977 7991 7970
f 7987 8381 7992
f 8376 8174 8175
f 7988 8376 8175
f 8180 8376 7988
f 8176 8180 7988
f 8177 8180 8176
f 8181 8179 7993
f 7788 8182 7793
f 7970 7991 8380
f 7996 8183 7997
f 7996 7992 8183
f 7993 8000 8184
f 8181 7993 8184
f 7793 8182 8002
f 8380 7991 8006
f 7997 8186 7803
f 8183 8186 7997
f 8187 8008 8007
f 8008 8188 7999
f 7999 8188 8010
f 8391 8184 8199
f 8000 8012 8199
f 8184 8000 8199
f 8189 8001 8002
f 8189 8002 8190
f 8001 8191 7802
f 8189 8191 8001
f 7802 8201 8004
f 8201 8192 8004
f 8192 8193 8006
f 8006 8193 8185
f 7803 8186 8013
f 8186 8020 8013
f 8196 8014 8195
f 8187 8014 8197
f 8197 8014 8196
f 8008 8187 8197
f 8188 8008 8197
f 8010 8188 8015
f 8015 8188 8198
f 8017 8198 8204
f 8017 8011 8198
f 8011 8015 8198
f 8199 8012 8200
f 8200 8012 8019
f 7802 8191 8189
f 8201 7802 8189
f 8192 8201 8202
f 8193 8192 8202
f 8194 8021 8395
f 8023 8204 8205
f 8022 8204 8023
f 8022 8017 8204
f 8020 8203 8206
f 8026 8020 8206
f 8027 8400 8207
f 8395 8021 8027
f 8207 8395 8027
f 8205 8208 8023
f 8208 8214 8023
f 8209 8019 8024
f 8209 8210 8019
f 8209 8024 8028
f 8026 8206 8031
f 8032 8211 8212
f 8032 8212 8027
f 8027 8212 8400
f 8213 8033 8214
f 8033 8213 8034
f 8215 8210 8209
f 8216 8210 8215
f 8028 8217 8209
f 8217 8215 8209
f 8029 8035 8217
f 8028 8029 8217
f 8030 8218 7823
f 8030 8219 8218
f 8030 8031 8219
f 8211 8036 8220
f 8212 8211 8220
f 8213 8214 8034
f 8221 8037 8034
f 8216 8222 8223
f 8216 8215 8222
f 8215 8217 8222
f 8035 8224 8217
f 8217 8224 8222
f 8035 8038 8224
f 7823 8225 8040
f 7823 8218 8225
f 7834 8041 8414
f 7834 8414 8036
f 8036 8414 8220
f 8037 8221 8045
f 8221 8226 8045
f 8224 8223 8222
f 8046 8227 8224
f 8046 8224 8038
f 8046 8047 8227
f 7654 8228 8239
f 7654 7827 8040
f 7654 8040 8228
f 8228 8040 8229
f 8230 8040 8225
f 8229 8040 8230
f 8049 8231 8048
f 8048 8232 8042
f 8048 8231 8232
f 8042 8232 8043
f 8043 8232 8233
f 8044 8043 8233
f 8234 8044 8233
f 7481 8044 8234
f 8050 8045 8226
f 8235 8050 8226
f 8237 8227 8236
f 8047 8051 8238
f 8047 8238 8227
f 8227 8238 8236
f 8239 8228 8240
f 8229 8240 8228
f 8241 8240 8229
f 8230 8241 8229
f 8050 8235 7482
f 8237 8242 8243
f 8237 8236 8242
f 8236 8238 8242
f 8051 8052 8244
f 8051 8244 8238
f 8238 8244 8242
f 8052 8053 8436
f 8244 8052 8436
f 8053 8057 8436
f 8436 8057 8245
f 8245 8055 8056
f 8245 8056 8247
f 8246 8056 8239
f 8247 8056 8246
f 8244 8243 8242
f 8437 8436 8245
f 8247 8437 8245
f 7482 8248 7852
f 8060 8249 8059
f 8250 7848 8061
f 8250 8063 7673
f 8250 8061 8063
f 7295 8252 7673
f 8062 8252 7295
f 7852 8248 8065
f 8251 8249 8066
f 8066 8067 8251
f 8252 8250 7673
f 8068 8253 8255
f 8068 8065 8253
f 8067 7855 8254
f 8251 8067 8254
f 8255 8256 8068
f 8068 8256 8069
f 8452 8254 8257
f 7855 8071 8257
f 8254 7855 8257
f 8069 8256 8072
f 8258 8259 8257
f 8071 8258 8257
f 8071 8074 8258
f 8073 8260 8075
f 8261 8073 8072
f 8260 8073 8261
f 8262 8263 8259
f 8074 8262 8259
f 8074 8259 8258
f 8074 8077 8262
f 7867 8264 8080
f 8264 7867 8265
f 8266 8267 8263
f 8077 8266 8263
f 8077 8263 8262
f 8077 8081 8268
f 8266 8077 8268
f 8268 8081 7310
f 8082 8080 8264
f 8082 8264 8270
f 8272 8270 8265
f 8270 8264 8265
f 8268 8267 8266
f 8467 7310 8269
f 8082 8467 8269
f 8271 8467 8082
f 8270 8271 8082
f 8272 8271 8270
f 8273 8274 8083
f 8083 8274 8090
f 7875 8278 8275
f 8273 7875 8276
f 8276 7875 8275
f 8090 8274 8277
f 8088 8090 8277
f 8091 8283 8278
f 8278 8480 8275
f 8276 8275 8480
f 8279 8276 8480
f 8088 8277 8280
f 8281 8280 8282
f 8092 8280 8281
f 8092 8088 8280
f 8092 7883 8088
f 8091 8093 8283
f 8278 8283 8484
f 8092 8282 8284
f 8092 8281 8282
f 8092 8284 8096
f 8283 8093 8095
f 8487 8283 8095
f 8094 8285 8286
f 8094 8286 8095
f 8095 8286 8487
f 8287 6414 8284
f 8285 8290 8487
f 8487 8286 8285
f 8289 8097 8288
f 6414 8287 8098
f 8290 8490 8487
f 7530 8295 8099
f 8295 8291 8099
f 8099 8291 7892
f 8291 8288 7892
f 8288 8291 8289
f 8289 8291 8292
f 8289 8292 8097
f 8097 8292 8293
f 8293 8294 8100
f 8097 8293 8100
f 8098 8298 7715
f 7530 8296 8295
f 7895 8296 7530
f 8293 8297 8294
f 8498 8294 8297
f 8102 8294 8498
f 8103 7715 8298
f 8298 7899 8103
f 8299 7895 8101
f 8299 8296 7895
f 8498 8104 8102
f 8300 8104 8498
f 8105 8299 8101
f 7717 8105 8101
f 8300 8301 8104
f 7903 8107 8105
f 8106 8301 8302
f 8303 8108 8302
f 8302 8108 8106
f 7901 8306 7906
f 9590 8109 8304
f 8303 8305 8108
f 8303 8308 8305
f 7906 8306 8111
f 8109 8114 8304
f 8304 8114 8506
f 8115 8107 8110
f 8115 8307 8107
f 8308 8117 8305
f 8118 8309 8119
f 8118 8315 8309
f 8118 8111 8315
f 8111 8306 8315
f 8120 7914 8316
f 8120 8317 8121
f 8316 8317 8120
f 8121 8310 8122
f 8317 8310 8121
f 8113 8122 8123
f 8311 8114 8126
f 8311 8506 8114
f 8115 8127 8312
f 8313 8115 8312
f 8307 8115 8313
f 7924 8312 8127
f 8117 8314 8128
f 8309 8315 8119
f 8318 8310 8317
f 8122 8310 8318
f 8319 8122 8318
f 8123 8122 8319
f 8123 8319 8320
f 8130 8123 8320
f 8321 8130 8320
f 8130 8321 8131
f 8515 8311 8330
f 8126 8132 8330
f 8311 8126 8330
f 8516 8313 8312
f 8312 7924 8516
f 7924 8322 8516
f 7924 8134 8322
f 8136 8323 8135
f 8518 8136 8314
f 8323 8136 8518
f 8518 8314 8117
f 8129 8119 8137
f 8119 8324 8137
f 7939 8325 8326
f 8138 8325 7939
f 8327 7939 8326
f 7914 7939 8327
f 8329 8328 8321
f 8131 8328 8139
f 8321 8328 8131
f 8331 8322 8134
f 8331 8134 8133
f 8332 8331 8133
f 8133 8135 8323
f 8133 8323 8332
f 8140 8333 8144
f 8140 8137 8333
f 8138 8141 8334
f 8138 8334 8325
f 8335 8328 8329
f 8336 8335 8329
f 8139 8337 8142
f 8139 8328 8337
f 8328 8335 8337
f 8143 8338 7941
f 8338 8132 7941
f 8144 8339 8149
f 8144 8137 8339
f 8144 8333 8137
f 8141 8340 8341
f 8141 8341 8334
f 8342 8337 8335
f 8142 8337 8342
f 8142 8342 8145
f 8145 8342 8343
f 8343 8146 8145
f 8340 7950 8548
f 8146 8345 8154
f 8147 8155 8148
f 8149 8339 8156
f 8156 8339 8346
f 7950 8347 8548
f 8157 8152 8356
f 8348 8157 8356
f 8356 8152 8153
f 8349 8154 8345
f 8154 8349 8159
f 8351 8148 8350
f 8155 8160 8350
f 8148 8155 8350
f 8161 8352 8162
f 8156 8352 8161
f 8156 8346 8352
f 8150 7421 8353
f 8347 8150 8353
f 8354 8157 8348
f 8354 8348 8361
f 8355 8361 8356
f 8361 8348 8356
f 8159 8357 7962
f 8349 8357 8159
f 8350 8160 8560
f 8560 8160 8163
f 8162 8352 8164
f 8164 8352 8562
f 7421 8358 8353
f 8354 8359 8360
f 8361 8359 8354
f 8357 8169 7962
f 8169 7785 7962
f 8362 8163 8165
f 8362 8363 8163
f 8363 8560 8163
f 8165 8368 8362
f 7985 8364 8168
f 8364 8358 8168
f 7788 7772 8365
f 7772 8360 8365
f 8366 8363 8362
f 8367 8363 8366
f 8362 8368 8366
f 8173 8369 8172
f 8173 8167 8369
f 8167 8164 8369
f 8367 8370 8371
f 8367 8366 8370
f 8366 8368 8370
f 8170 8174 8370
f 8368 8170 8370
f 8178 8172 8177
f 8177 8172 8379
f 8372 8172 8369
f 8379 8172 8372
f 8373 8371 8370
f 8374 8371 8373
f 8174 8375 8370
f 8370 8375 8373
f 8174 8376 8375
f 8376 8180 8377
f 8180 8177 8377
f 8377 8177 8387
f 8378 8387 8379
f 8387 8177 8379
f 8179 8181 8915
f 7992 8381 8183
f 8374 8382 8383
f 8374 8373 8382
f 8373 8375 8382
f 8384 8382 8375
f 8376 8385 8375
f 8385 8384 8375
f 8377 8386 8376
f 8386 8385 8376
f 8390 8386 8387
f 8386 8377 8387
f 8181 8184 8915
f 8182 8388 8002
f 8185 8380 8006
f 8186 8381 8389
f 8381 8186 8183
f 8384 8383 8382
f 8390 8385 8386
f 8184 8391 8915
f 8002 8388 8190
f 8186 8389 8020
f 8389 8394 8020
f 8197 8196 8188
f 8188 8392 8198
f 8198 8392 8204
f 8393 8391 8199
f 8199 8200 8393
f 8201 8189 8589
f 8202 8201 8589
f 8020 8394 8203
f 8194 8395 8396
f 8195 8194 8396
f 8195 8396 8196
f 8392 8188 8196
f 8204 8392 8397
f 8397 8205 8204
f 8398 8205 8397
f 8393 8399 8391
f 8399 8393 8200
f 8399 8200 8019
f 8207 8400 8599
f 8395 8207 8599
f 8395 8599 8401
f 8396 8395 8401
f 8402 8205 8398
f 8205 8402 8208
f 8019 8210 8399
f 8206 8403 8404
f 8206 8404 8031
f 8203 8403 8206
f 8400 8408 8405
f 8400 8212 8408
f 8599 8400 8405
f 8409 8406 8402
f 8208 8406 8214
f 8402 8406 8208
f 8210 8216 8399
f 8399 8216 8412
f 8031 8404 8219
f 8404 8407 8219
f 8220 8606 8408
f 8408 8212 8220
f 8034 8409 8410
f 8034 8406 8409
f 8034 8214 8406
f 8034 8410 8221
f 8411 8412 8216
f 8216 8223 8411
f 8218 8407 8413
f 8225 8218 8413
f 8407 8218 8219
f 8220 8414 8606
f 8223 8415 8412
f 8223 8412 8411
f 8223 8224 8416
f 8415 8223 8416
f 8224 8227 8416
f 8225 8413 8230
f 8413 8417 8230
f 8049 8418 8231
f 8419 8231 8418
f 8232 8231 8419
f 8232 8420 8233
f 8419 8420 8232
f 8234 8233 8420
f 8234 8420 8421
f 8422 8226 8221
f 8226 8422 8235
f 8416 8429 8415
f 8429 8423 8415
f 8227 8237 8429
f 8416 8227 8429
f 8424 8240 8241
f 8417 8241 8230
f 8424 8241 8417
f 7845 8433 8418
f 7845 8418 8049
f 8425 8418 8433
f 8421 7481 8234
f 8426 7481 8421
f 8235 8427 7482
f 8422 8427 8235
f 8429 8428 8423
f 8430 8431 8429
f 8237 8430 8429
f 8237 8243 8430
f 8239 8432 8246
f 8041 8058 8624
f 7845 8434 8433
f 8430 8630 8431
f 8436 8435 8630
f 8243 8436 8630
f 8243 8630 8430
f 8243 8244 8436
f 8437 8247 8438
f 8247 8439 8438
f 8247 8246 8439
f 8246 8432 8439
f 8059 8624 8058
f 7848 8434 7845
f 7848 8440 8434
f 8435 8441 8442
f 8435 8436 8441
f 8443 8441 8436
f 8444 8437 8639
f 8444 8443 8437
f 8443 8436 8437
f 8438 8639 8437
f 8445 8639 8438
f 8439 8445 8438
f 7848 8446 8440
f 8443 8442 8441
f 8447 8442 8443
f 8444 8447 8443
f 8059 8249 9125
f 8446 7848 8250
f 8446 8250 8448
f 8643 8062 8426
f 8248 8449 8065
f 8249 8251 9125
f 8450 8448 8250
f 8450 8250 8252
f 8252 8062 8643
f 8065 8449 8253
f 8251 8254 9125
f 8255 8451 8256
f 8255 8253 8451
f 8254 8452 9125
f 8451 8455 8072
f 8256 8451 8072
f 8455 8451 8453
f 8457 8452 8257
f 8457 8454 8452
f 8257 8259 8457
f 8455 8456 8072
f 8072 8456 8261
f 8259 8458 8457
f 8458 8259 8263
f 8459 8458 8263
f 8260 8460 8075
f 8260 8261 8460
f 8261 8456 8460
f 8461 8462 8263
f 8462 8459 8263
f 8263 8267 8461
f 8265 8463 8272
f 8265 8464 8463
f 8075 8464 8265
f 8075 8460 8464
f 8465 8462 8461
f 8267 8471 8461
f 8461 8471 8465
f 8267 8268 8466
f 8471 8267 8466
f 8268 7310 8466
f 8466 7310 8467
f 8468 8271 8469
f 8469 8271 8272
f 8463 8469 8272
f 8471 8470 8465
f 8471 8472 8473
f 8471 8466 8472
f 8474 8472 8466
f 8475 8474 8466
f 8476 8467 8665
f 8476 8475 8467
f 8475 8466 8467
f 8271 8665 8467
f 8474 8473 8472
f 8477 8474 8475
f 8478 8477 8475
f 8476 8478 8475
f 8273 8276 8479
f 8479 8274 8273
f 8481 8482 8480
f 8482 8279 8480
f 8479 8276 8279
f 8479 8279 8482
f 8277 8274 8479
f 8483 8277 8479
f 8280 8483 8282
f 8280 8277 8483
f 8278 8484 8485
f 8278 8485 8480
f 8481 8480 8485
f 8282 8483 8486
f 8282 8486 8284
f 8485 8484 8283
f 8284 8488 8287
f 8489 8287 8488
f 8287 8489 8098
f 8292 8291 8491
f 8492 8293 8292
f 8493 8098 8489
f 8493 8298 8098
f 8290 8690 8490
f 8495 8494 8295
f 8495 8295 8296
f 8291 8295 8491
f 8295 8496 8491
f 8295 8494 8496
f 8491 8496 8292
f 8292 8496 8497
f 8292 8497 8492
f 8497 8499 8498
f 8497 8498 8297
f 8492 8497 8297
f 8293 8492 8297
f 8298 8493 8693
f 8693 7899 8298
f 8500 7899 8693
f 8290 9590 8501
f 8690 8290 8501
f 8299 8495 8296
f 8299 8502 8495
f 8499 8503 8498
f 8698 8498 8503
f 8300 8498 8698
f 7899 8500 7901
f 8504 8502 8299
f 8504 8299 8105
f 8698 8301 8300
f 8505 8301 8698
f 8107 8504 8105
f 8505 8302 8301
f 9590 8304 8506
f 8302 8308 8303
f 7901 8507 8306
f 8307 8313 8107
f 8306 8507 8315
f 8507 8509 8315
f 8506 8311 9590
f 8508 8117 8308
f 8706 8117 8508
f 8315 8510 8119
f 8315 8509 8510
f 8316 7914 8511
f 8316 8512 8317
f 8511 8512 8316
f 8317 8512 8318
f 8512 8319 8318
f 8319 8513 8320
f 8513 8514 8320
f 8320 8514 8321
f 8311 8515 9590
f 8707 8313 8516
f 8705 8313 8707
f 8323 8518 8517
f 8117 8519 8518
f 8706 8519 8117
f 8119 8510 8324
f 8324 8510 8520
f 8326 8325 8521
f 8326 8522 8327
f 8521 8522 8326
f 7914 8327 8522
f 7914 8522 8523
f 7914 8523 8511
f 8512 8511 8523
f 8524 8319 8512
f 8513 8319 8524
f 8513 8525 8514
f 8321 8525 8329
f 8514 8525 8321
f 8534 8515 8330
f 8534 8526 8515
f 8330 8132 8534
f 8527 8707 8516
f 8527 8516 8322
f 8331 8527 8322
f 8528 8527 8331
f 8711 8331 8332
f 8711 8528 8331
f 8332 8323 8517
f 8711 8332 8517
f 8517 8518 8529
f 8529 8518 8519
f 8324 8530 8137
f 8521 8334 8531
f 8325 8334 8521
f 8532 8522 8531
f 8531 8522 8521
f 8533 8329 8525
f 8533 8336 8329
f 8534 8132 8535
f 8535 8132 8338
f 8137 8723 8339
f 8341 8541 8536
f 8334 8341 8536
f 8334 8536 8531
f 8532 8531 8536
f 8537 8335 8336
f 8537 8336 8538
f 8538 8336 8533
f 8335 8537 8342
f 8342 8539 8343
f 8537 8539 8342
f 8343 8539 8146
f 8721 8535 8338
f 8143 8344 8338
f 8723 8547 8339
f 8341 8340 8540
f 8341 8540 8541
f 8537 8538 8542
f 8542 8543 8537
f 8539 8537 8544
f 8544 8537 8543
f 8146 8544 8345
f 8539 8544 8146
f 8545 8721 8338
f 8546 8721 8545
f 8344 8148 8545
f 8338 8344 8545
f 8339 8547 8346
f 8340 8548 8540
f 8543 8542 8549
f 8544 8543 8549
f 8550 8544 8549
f 8550 8345 8544
f 8550 8729 8345
f 8729 8349 8345
f 8545 8551 8546
f 8551 8545 8148
f 8551 8148 8351
f 8346 8552 8352
f 8346 8553 8552
f 8346 8547 8553
f 8353 8733 8554
f 8548 8347 8353
f 8554 8548 8353
f 8349 8729 8357
f 8729 8555 8357
f 8556 8351 8350
f 8556 8557 8351
f 8557 8551 8351
f 8350 8560 8556
f 8552 8558 8352
f 8352 8558 8562
f 8553 8558 8552
f 8353 8358 8733
f 8733 8358 8559
f 8359 8361 8565
f 8361 8355 8565
f 8555 8169 8357
f 8738 8169 8555
f 8556 8739 8557
f 8739 8556 8560
f 8562 8561 8164
f 8364 8743 8563
f 8559 8358 8364
f 8563 8559 8364
f 8359 8567 8365
f 8360 8359 8365
f 8564 8567 8565
f 8567 8359 8565
f 8169 8738 8381
f 8363 8367 8560
f 8560 8367 8566
f 8164 8561 8369
f 8364 7985 8743
f 8365 8567 7788
f 8568 8566 8367
f 8367 8371 8568
f 8369 8561 8372
f 8561 8569 8372
f 7985 8179 8915
f 8570 8568 8371
f 8570 8371 8374
f 8379 8372 8571
f 8372 8569 8571
f 7970 8380 8757
f 8572 8573 8374
f 8573 8570 8374
f 8374 8383 8572
f 8387 8574 8390
f 8387 8575 8574
f 8378 8575 8387
f 8378 8379 8575
f 8571 8575 8379
f 8182 7788 8388
f 8185 8576 8577
f 8757 8380 8185
f 8577 8757 8185
f 8381 8578 8389
f 8579 8573 8572
f 8383 8580 8572
f 8572 8580 8579
f 8383 8384 8580
f 8384 8385 8581
f 8580 8384 8581
f 8385 8390 8581
f 8390 8574 8581
f 8581 8574 8582
f 8583 8574 8575
f 8582 8574 8583
f 8388 8584 8190
f 8185 8193 8576
f 8576 8193 8585
f 8389 8590 8394
f 8586 8389 8578
f 8590 8389 8586
f 8581 8587 8580
f 8587 8579 8580
f 8588 8587 8582
f 8587 8581 8582
f 8583 8588 8582
f 8190 8584 8589
f 8189 8190 8589
f 8585 8193 8202
f 8589 8585 8202
f 8590 8591 8394
f 8196 8396 8592
f 8196 8593 8392
f 8392 8594 8397
f 8593 8594 8392
f 8397 8594 8398
f 8587 8595 8579
f 8596 8595 8587
f 8588 8596 8587
f 8597 8391 8399
f 8597 8915 8391
f 8394 8591 8203
f 8591 8598 8203
f 8401 8599 8600
f 8396 8401 8600
f 8396 8600 8592
f 8196 8592 8600
f 8593 8601 8594
f 8398 8601 8402
f 8594 8601 8398
f 8203 8598 8403
f 8405 8773 8602
f 8408 8773 8405
f 8600 8599 8405
f 8601 8603 8402
f 8603 8409 8402
f 8604 8597 8412
f 8597 8399 8412
f 8404 8605 8407
f 8605 8404 8403
f 8408 8606 8607
f 8408 8607 8773
f 8603 8410 8409
f 8407 8608 8413
f 8407 8605 8608
f 8606 8414 8609
f 8607 8606 8609
f 8221 8410 8786
f 8786 8410 8603
f 8412 8610 8604
f 8412 8611 8610
f 8412 8415 8611
f 8609 8414 8041
f 8612 8609 8041
f 8418 8613 8419
f 8614 8420 8419
f 8614 8419 8613
f 8614 8421 8420
f 8221 8786 8615
f 8615 8616 8221
f 8616 8422 8221
f 8617 8610 8611
f 8618 8610 8617
f 8415 8423 8617
f 8611 8415 8617
f 8424 8619 8240
f 8424 8417 8619
f 8417 8413 8619
f 8425 8613 8418
f 8613 8626 8614
f 8613 8425 8626
f 8626 8426 8421
f 8626 8421 8614
f 8422 8616 8427
f 8616 8620 8427
f 8428 8621 8618
f 8428 8618 8617
f 8428 8617 8423
f 8428 8429 8622
f 8429 8431 8622
f 8239 8623 8432
f 8240 8623 8239
f 8240 8619 8623
f 8434 8625 8433
f 8433 8625 8425
f 8425 8794 8626
f 8627 8426 8626
f 8628 7482 8427
f 8628 8427 8620
f 8428 8797 8621
f 8797 8428 8629
f 8428 8622 8629
f 8431 8630 8622
f 8622 8630 8629
f 8432 8641 8439
f 8631 8432 8623
f 8641 8432 8631
f 8632 8624 8059
f 8625 8434 8633
f 8633 8434 8440
f 8634 7482 8628
f 8635 8636 8637
f 8635 8629 8636
f 8629 8630 8636
f 8435 8638 8630
f 8630 8638 8636
f 8435 8442 8638
f 8639 8445 8640
f 8439 8640 8445
f 8439 8641 8640
f 8633 8440 8642
f 8642 8440 8446
f 8643 8426 8627
f 7482 8634 8248
f 8634 8644 8248
f 8638 8637 8636
f 8645 8637 8638
f 8442 8645 8638
f 8447 8645 8442
f 8639 8447 8444
f 8639 8645 8447
f 8640 8645 8639
f 8646 8645 8640
f 8448 8642 8446
f 8448 8647 8642
f 8248 8644 8449
f 8648 8647 8448
f 8648 8448 8450
f 8649 8450 8252
f 8649 8648 8450
f 8650 8649 8252
f 8252 8643 8650
f 8449 8651 8253
f 8253 8651 8451
f 8651 8453 8451
f 9125 8452 8652
f 8452 8454 8652
f 8455 8653 8456
f 8455 8453 8653
f 8654 8454 8457
f 8654 8655 8454
f 8655 8652 8454
f 8457 8458 8656
f 8654 8457 8656
f 8458 8459 8656
f 8653 8657 8460
f 8456 8653 8460
f 8657 8653 8658
f 8655 8654 8659
f 8654 8656 8659
f 8459 8462 8659
f 8656 8459 8659
f 8460 8834 8464
f 8460 8657 8834
f 8661 8659 8660
f 8462 8465 8660
f 8659 8462 8660
f 8469 8463 8662
f 8468 8469 8662
f 8463 8464 8662
f 8662 8464 8669
f 8663 8464 8834
f 8669 8464 8663
f 8470 8664 8661
f 8470 8661 8660
f 8470 8660 8465
f 8470 8471 8671
f 8471 8473 8671
f 8665 8271 8666
f 8271 8468 8666
f 8666 8468 8667
f 8662 8667 8468
f 8668 8667 8669
f 8667 8662 8669
f 8470 8670 8664
f 8671 8670 8470
f 8672 8673 8671
f 8473 8672 8671
f 8473 8474 8674
f 8672 8473 8674
f 8674 8474 8477
f 8675 8477 8676
f 8676 8477 8478
f 8665 8478 8476
f 8665 8677 8478
f 8677 8676 8478
f 8666 8677 8665
f 8667 8677 8666
f 8678 8677 8667
f 8668 8678 8667
f 8674 8673 8672
f 8477 8673 8674
f 8679 8673 8477
f 8675 8679 8477
f 8482 9015 8479
f 8479 8680 8483
f 8481 8485 8681
f 8481 8681 9015
f 8481 9015 8482
f 8682 8479 9015
f 8680 8479 8682
f 8683 8680 8684
f 8486 8680 8683
f 8486 8483 8680
f 8486 8683 8284
f 8283 8687 8685
f 8485 8283 8685
f 8681 8485 8685
f 8683 8684 8686
f 8284 8683 8686
f 8488 8284 8688
f 8688 8689 8488
f 8689 8489 8488
f 8487 8490 8865
f 8489 8689 8866
f 8493 8489 8866
f 8867 8493 8866
f 8490 8690 8865
f 8495 8691 8494
f 8692 8496 8494
f 8692 8494 8691
f 8692 8497 8496
f 8499 8497 8692
f 8693 8493 8875
f 8875 8493 8867
f 8694 8690 8501
f 8502 8695 8691
f 8502 8691 8495
f 8696 8692 8701
f 8692 8695 8701
f 8692 8691 8695
f 8692 8696 8697
f 8692 8697 8499
f 8697 8699 8698
f 8697 8698 8503
f 8499 8697 8503
f 8504 8700 8502
f 8700 8701 8502
f 8701 8695 8502
f 8699 8702 8698
f 8703 8698 8702
f 8505 8698 8703
f 8107 8704 8504
f 8504 8704 8700
f 8505 8703 8302
f 7901 8509 8507
f 8313 8705 8107
f 8509 7901 8510
f 8510 7901 8520
f 8523 8522 8708
f 8523 8708 8512
f 8708 8714 8512
f 8714 8524 8512
f 8524 8709 8513
f 8513 8709 8525
f 8515 8526 9590
f 8710 8707 8527
f 8710 8527 8528
f 8711 8517 8712
f 8886 8517 8529
f 8886 8712 8517
f 8529 8519 8886
f 8708 8522 8532
f 8708 8532 8713
f 8713 8532 8887
f 8714 8708 8713
f 8709 8524 8715
f 8533 8709 8716
f 8533 8525 8709
f 8535 8526 8534
f 8717 8710 8528
f 8717 8528 8711
f 8717 8711 8718
f 8718 8711 8712
f 8536 8891 8719
f 8887 8532 8536
f 8719 8887 8536
f 8533 8720 8538
f 8716 8720 8533
f 8721 8526 8535
f 8722 8526 8721
f 8137 8530 8723
f 8541 8897 8724
f 8540 8897 8541
f 8891 8536 8541
f 8724 8891 8541
f 8538 8720 8725
f 8538 8725 8542
f 8542 8725 8726
f 8722 8721 8727
f 8727 8721 8546
f 8723 8731 8547
f 8540 8548 8735
f 8540 8735 8728
f 8540 8728 8897
f 8551 8727 8546
f 8730 8727 8551
f 8547 8731 8553
f 8732 8731 8723
f 8554 8733 8734
f 8548 8554 8734
f 8548 8734 8735
f 8729 8736 8555
f 8551 8557 8730
f 8730 8557 8908
f 8558 8553 8731
f 8558 8731 8741
f 8741 8731 8737
f 8737 8731 8732
f 8910 8734 8733
f 8559 8910 8733
f 8739 8740 8557
f 8740 8908 8557
f 8741 8742 8558
f 8558 8742 8562
f 8563 8743 8744
f 8559 8563 8745
f 8745 8563 8744
f 8910 8559 8745
f 8153 8158 8918
f 8918 8158 7970
f 8566 8740 8739
f 8739 8560 8566
f 8562 8746 8561
f 8562 8742 8746
f 8743 7985 8915
f 8567 8747 7788
f 8567 8564 8747
f 8568 8740 8566
f 8746 8753 8569
f 8561 8746 8569
f 8753 8746 8748
f 8747 8749 7788
f 8749 8747 8750
f 8751 8747 8564
f 8750 8747 8751
f 8570 8752 8568
f 8753 8754 8569
f 8569 8754 8571
f 8749 8755 7788
f 8756 8755 8750
f 8755 8749 8750
f 8751 8756 8750
f 8570 8573 8758
f 8752 8570 8758
f 8575 8754 8759
f 8754 8575 8571
f 7788 8755 8388
f 8760 8755 8756
f 8573 8579 8761
f 8758 8573 8761
f 8575 8759 8583
f 8759 8762 8583
f 8755 8763 8584
f 8388 8755 8584
f 8763 8755 8760
f 8576 8585 8764
f 8578 8768 8586
f 8579 8765 8761
f 8588 8762 8766
f 8762 8588 8583
f 8584 8763 8589
f 8764 8585 8589
f 8590 8767 8591
f 8590 8768 8767
f 8590 8586 8768
f 8579 8595 8765
f 8595 8769 8765
f 8596 8769 8595
f 8766 8596 8588
f 8769 8596 8766
f 8915 8597 8787
f 8591 8767 8598
f 8770 8767 8768
f 8598 8767 8770
f 8600 8775 8196
f 8774 8775 8600
f 8196 8771 8593
f 8593 8771 8601
f 8598 8772 8403
f 8770 8772 8598
f 8953 8602 8773
f 8774 8600 8405
f 8774 8405 8602
f 8771 8196 8775
f 8603 8771 8776
f 8601 8771 8603
f 8597 8604 8787
f 8403 8772 8605
f 8772 8777 8605
f 8773 8951 8952
f 8773 8607 8951
f 8953 8773 8952
f 8603 8776 8778
f 8603 8778 8779
f 8608 8780 8781
f 8777 8608 8605
f 8780 8608 8777
f 8609 8956 8782
f 8951 8607 8609
f 8782 8951 8609
f 8783 8604 8610
f 8783 8787 8604
f 8413 8608 8784
f 8608 8781 8784
f 8612 8961 8785
f 8956 8609 8612
f 8785 8956 8612
f 8789 8615 8786
f 8615 8789 8616
f 8787 8783 8791
f 8610 8618 8791
f 8783 8610 8791
f 8413 8788 8619
f 8612 8041 8961
f 8789 8620 8616
f 8790 8787 8791
f 8618 8621 8791
f 8623 8788 8792
f 8788 8623 8619
f 8041 8624 8970
f 8625 8793 8425
f 8793 8794 8425
f 8794 8627 8626
f 8620 8795 8628
f 8790 8791 8796
f 8621 8797 8791
f 8791 8797 8796
f 8623 8792 8631
f 8792 8798 8631
f 8059 8799 8632
f 8970 8624 8632
f 8799 8970 8632
f 8633 8793 8625
f 8634 8628 8795
f 8800 8634 8795
f 8801 8796 8802
f 8796 8797 8802
f 8629 8635 8803
f 8629 8803 8797
f 8797 8803 8802
f 8635 8637 8803
f 8641 8809 8640
f 8641 8804 8809
f 8641 8631 8804
f 8631 8798 8804
f 8059 9125 8799
f 8642 8810 8633
f 8633 8794 8793
f 8633 8810 8794
f 8794 8643 8627
f 8634 8800 8644
f 8802 8803 8805
f 8637 8806 8803
f 8803 8806 8805
f 8637 8645 8807
f 8806 8637 8807
f 8807 8645 8808
f 8982 8645 8646
f 8809 8646 8640
f 8809 8982 8646
f 8647 8810 8642
f 8810 8811 8794
f 8806 8812 8805
f 8985 8812 8806
f 8985 8806 8813
f 8806 8807 8813
f 8808 8814 8807
f 8814 8813 8807
f 8815 8814 8808
f 8645 8815 8808
f 8987 8815 8645
f 8817 8988 8816
f 8819 8818 8816
f 8819 8816 8988
f 8989 8820 8819
f 8820 8810 8819
f 8647 8819 8810
f 8819 8647 8818
f 8648 8818 8647
f 8818 8648 8820
f 8820 8821 8818
f 8989 8821 8820
f 8820 8648 8810
f 8649 8822 8648
f 8649 8821 8822
f 8821 8649 8823
f 8811 8823 8649
f 8823 8811 8989
f 8822 8989 8811
f 8811 8810 8822
f 8822 8810 8648
f 8821 8989 8822
f 8811 8649 8650
f 8811 8650 8794
f 8794 8650 8643
f 8449 8644 8651
f 8814 8824 8813
f 8825 8824 8814
f 8815 8825 8814
f 8817 8816 8828
f 8827 8816 8818
f 8827 8818 8821
f 8651 8826 8453
f 9125 8652 8993
f 8828 8816 8827
f 8829 8827 8821
f 8821 8823 8994
f 8821 8994 8829
f 8826 9432 8453
f 8830 8828 8827
f 8830 8827 8831
f 8831 8827 8829
f 8831 8829 8994
f 8453 9432 8653
f 8652 8655 8832
f 8653 9432 8658
f 8833 8832 8655
f 8655 8659 8833
f 8657 8835 8834
f 8657 8658 8835
f 8837 8833 8836
f 8659 8661 8836
f 8833 8659 8836
f 8834 8838 8839
f 8834 8839 8663
f 8835 8838 8834
f 8840 8837 8836
f 8661 8664 8836
f 8836 8664 8840
f 8669 8841 8668
f 8669 8842 8841
f 8669 8663 8842
f 8663 8839 8842
f 8840 8843 8837
f 8664 8843 8840
f 8844 8843 8664
f 8670 8845 8844
f 8670 8844 8664
f 8670 8671 8846
f 8671 8673 8846
f 8676 8677 8675
f 8677 8678 8847
f 8675 8677 8847
f 8847 8678 8848
f 8848 8678 8668
f 8841 8848 8668
f 8846 8845 8670
f 8849 8845 8846
f 8673 8849 8846
f 8673 8850 8849
f 8851 8850 8679
f 8679 8850 8673
f 8679 8675 8851
f 8852 8851 8675
f 8853 8847 9005
f 8853 8852 8847
f 8852 8675 8847
f 8854 8851 8852
f 8855 8854 8852
f 8853 8855 8852
f 8682 8856 8680
f 8680 8856 8684
f 8681 8685 8857
f 8681 8857 9015
f 8858 8682 9015
f 8856 8682 8858
f 8859 8856 8858
f 8861 8856 8859
f 8686 8861 8860
f 8686 8856 8861
f 8686 8684 8856
f 8686 8860 8284
f 8685 8687 8862
f 8685 8862 8857
f 8688 8284 8860
f 8487 8863 8283
f 8689 8688 8864
f 8863 8487 8865
f 8689 8864 8866
f 8867 8866 8868
f 8865 8690 8869
f 8867 8868 8870
f 8870 8871 8867
f 8871 8875 8867
f 8501 8872 8694
f 8869 8690 8694
f 8873 8697 8696
f 8874 8697 8873
f 8874 8699 8697
f 8501 9590 8872
f 8872 9590 9033
f 8876 8701 8700
f 8701 8873 8696
f 8701 8876 8873
f 8873 8877 8874
f 8874 8877 8699
f 8877 8702 8699
f 8877 8878 8702
f 8703 8702 8878
f 8693 8875 8879
f 8879 8500 8693
f 8879 7901 8500
f 8700 8704 8876
f 8876 8704 8880
f 8878 8881 8703
f 8302 8703 8881
f 8302 8881 9041
f 8107 8880 8704
f 9041 8308 8302
f 8308 8882 8508
f 8882 8706 8508
f 9048 8706 8882
f 8707 9047 8705
f 9048 8519 8706
f 8884 8519 9048
f 7901 8883 8520
f 8710 9047 8707
f 8718 8712 8885
f 8712 8886 8885
f 8886 8519 8884
f 8713 8893 8714
f 8887 8893 8713
f 8893 8524 8714
f 8715 8894 8709
f 8709 8894 8716
f 9590 8526 8722
f 8888 9049 8710
f 8888 8710 8717
f 8889 8888 8717
f 8889 8717 8718
f 8889 8718 8885
f 8324 8890 8530
f 8324 8520 8890
f 8719 8891 8892
f 8887 8719 8892
f 8887 8892 8893
f 8715 8524 8893
f 8894 8715 8893
f 8894 8895 8716
f 8895 8720 8716
f 8530 8890 8723
f 8723 8890 8896
f 8724 8897 9061
f 8891 8724 9061
f 8891 9061 9062
f 8892 8891 9062
f 8720 8895 8898
f 8725 8720 8898
f 8725 8898 8726
f 8902 8542 8726
f 8722 8899 9057
f 8899 8722 8727
f 8896 8900 8723
f 8897 8728 8901
f 8901 9061 8897
f 8549 8542 8902
f 8550 8549 8903
f 8549 8902 8903
f 8903 8729 8550
f 8904 8729 8903
f 8905 8899 8727
f 8727 8730 8905
f 8723 8900 8732
f 8735 9068 8906
f 8734 9068 8735
f 8901 8728 8735
f 8901 8735 8907
f 8907 8735 8906
f 8729 8904 8736
f 9073 8905 8908
f 8905 8730 8908
f 8734 8910 9068
f 8736 9076 8555
f 8908 8911 9073
f 8911 8908 8740
f 8741 8737 8912
f 8913 8732 8909
f 8913 8912 8732
f 8913 8914 8912
f 8912 8737 8732
f 8914 8744 8743
f 8914 8913 8744
f 8745 8744 9079
f 9079 8910 8745
f 8738 8555 9083
f 9083 8555 9076
f 8914 8743 8915
f 8565 8916 8564
f 8565 8917 8916
f 8355 8917 8565
f 8355 8356 8917
f 8153 8917 8356
f 8917 8153 8918
f 8919 8381 8738
f 8740 8568 8911
f 8911 8568 8920
f 8746 8742 8748
f 8564 8916 8751
f 9082 8916 8917
f 8751 8916 9082
f 8918 7970 8925
f 8568 8752 8920
f 8753 8921 8754
f 8753 8922 8921
f 8753 8748 8922
f 8756 8751 8923
f 8923 8751 8924
f 8924 8751 9082
f 7970 8757 8925
f 8381 8919 8578
f 8926 8920 8933
f 8752 8758 8933
f 8920 8752 8933
f 8754 8927 8759
f 8754 8921 8927
f 8756 8923 8760
f 8928 8923 8924
f 8928 8929 8930
f 8930 8577 8576
f 8930 8929 8577
f 8929 8931 8577
f 8925 8757 8577
f 8931 8925 8577
f 8933 8758 8934
f 8934 8758 8761
f 8759 8927 8935
f 8759 8935 8762
f 8760 8936 8763
f 8923 8936 8760
f 8928 8936 8923
f 8930 8936 8928
f 8576 8764 8936
f 8930 8576 8936
f 8578 8932 8768
f 8937 8938 8761
f 8938 8934 8761
f 8761 8765 8937
f 8762 8939 8766
f 8762 8935 8939
f 8763 8936 8589
f 8764 8589 8936
f 8940 8938 8937
f 9096 8938 8940
f 8765 8941 8937
f 8937 8941 8940
f 8941 8765 8769
f 8766 8943 8769
f 8766 8939 8943
f 8940 8944 9096
f 8941 8944 8940
f 8769 8944 8941
f 8942 8944 8769
f 8943 8942 8769
f 8768 8772 8770
f 8945 8772 8768
f 8602 8953 8946
f 9101 8602 8946
f 9101 8947 8602
f 8947 8774 8602
f 8775 8774 8948
f 8774 8947 8948
f 8775 8948 8949
f 8950 8949 8954
f 8950 8771 8949
f 8771 8775 8949
f 8771 8950 8776
f 8772 8945 8777
f 9101 8946 8953
f 8776 8950 8954
f 8776 8954 8778
f 8778 8954 9106
f 9106 8779 8778
f 9107 8779 9106
f 8780 8955 8781
f 8780 8777 8955
f 8782 8956 8957
f 8951 8782 8957
f 8951 8957 8958
f 8952 8951 8958
f 8781 8959 8960
f 8781 8960 8784
f 8955 8959 8781
f 8785 8961 8962
f 8956 8785 8962
f 8957 8956 8962
f 8603 8779 8963
f 8963 8964 8603
f 8964 8786 8603
f 8413 8965 8788
f 8413 8784 8965
f 8961 8041 8966
f 8962 8961 8966
f 8786 8964 8967
f 8789 8786 8967
f 8967 8620 8789
f 8968 8620 8967
f 8788 8969 8792
f 8788 8965 8969
f 8784 8969 8965
f 8041 8970 8966
f 8620 8968 8795
f 8968 8971 8795
f 8972 8787 8790
f 8972 8973 8787
f 8973 9112 8787
f 8790 8796 8972
f 8792 8974 8798
f 8975 8792 8969
f 8974 8792 8975
f 8976 8795 8971
f 8795 8976 8800
f 8801 8977 8973
f 8801 8973 8972
f 8801 8972 8796
f 8801 8802 8977
f 8974 8978 8798
f 8798 8978 8804
f 8975 8978 8974
f 8799 9125 8970
f 8800 8979 8644
f 8976 8979 8800
f 8802 8980 8977
f 8981 8645 8982
f 8978 8809 8804
f 8982 8809 8978
f 8979 8983 8644
f 8805 8980 8802
f 8805 8812 8980
f 8812 8984 8980
f 8985 9132 8984
f 8985 8984 8812
f 8815 8986 8992
f 8987 9133 8815
f 8815 9133 8986
f 8981 8987 8645
f 8988 9136 8819
f 9136 8989 8819
f 8644 8983 8651
f 8983 8990 8651
f 8985 8991 9132
f 8813 8991 8985
f 8813 8824 8991
f 8824 9139 8991
f 8825 8992 8824
f 8824 8992 9139
f 8992 8825 8815
f 8651 8990 8826
f 9137 8994 8823
f 9149 8830 8831
f 8831 8994 9149
f 8996 8995 8652
f 8652 8832 8996
f 8997 8996 8998
f 8832 8833 8998
f 8996 8832 8998
f 8658 9432 8835
f 8998 8833 8999
f 8999 8833 8837
f 8835 9432 8838
f 8999 8837 9152
f 8839 9000 8842
f 9001 8839 8838
f 9000 8839 9001
f 8837 9002 9152
f 8843 9002 8837
f 8844 9002 8843
f 8848 9003 8847
f 8848 8841 9007
f 9003 8848 9007
f 8841 8842 9007
f 8845 9004 8844
f 8849 9004 8845
f 9005 8847 9003
f 9005 9003 9013
f 9006 9013 9007
f 9013 9003 9007
f 8849 9008 9004
f 8850 9008 8849
f 9009 9008 8850
f 8851 9010 9009
f 8851 9009 8850
f 9010 8851 8854
f 9011 8854 9012
f 9012 8854 8855
f 9005 8855 8853
f 9005 9162 8855
f 9162 9012 8855
f 9013 9162 9005
f 9014 9010 8854
f 9011 9014 8854
f 8858 9016 8859
f 8859 9016 8861
f 8857 8862 9017
f 8857 9017 9015
f 9018 8858 9015
f 9016 8858 9018
f 9019 9016 9018
f 9021 9016 9019
f 8860 9021 9020
f 8860 9016 9021
f 8860 8861 9016
f 8860 9020 8688
f 8687 8283 9022
f 8687 9022 9023
f 8862 8687 9023
f 8862 9023 9017
f 9020 9021 9024
f 8688 9024 8864
f 8688 9020 9024
f 8863 9172 9025
f 8865 9172 8863
f 9022 8283 8863
f 9022 8863 9026
f 9026 8863 9025
f 9023 9022 9026
f 8864 9024 9028
f 8866 9028 9027
f 8866 8864 9028
f 8866 9027 8868
f 8865 8869 9172
f 9172 8869 9029
f 9027 9028 9030
f 8870 9030 8871
f 8870 9027 9030
f 8870 8868 9027
f 8694 8872 9031
f 8694 9031 8869
f 8869 9031 9029
f 8871 9030 9032
f 9032 8875 8871
f 8872 9033 9031
f 9033 9036 9031
f 9034 8877 8873
f 9034 8873 8876
f 8878 8877 9034
f 8879 8875 9032
f 9033 9035 9036
f 9033 9590 9035
f 8880 9037 8876
f 9037 9038 8876
f 8876 9038 9034
f 8878 9034 9039
f 9039 8881 8878
f 9039 9040 8881
f 9041 8881 9040
f 8879 9032 7901
f 9042 9037 8880
f 8107 9042 8880
f 8705 9042 8107
f 8705 9043 9042
f 8308 9045 8882
f 9044 9046 7901
f 9045 9048 8882
f 7901 9046 8883
f 9048 8885 8886
f 8884 9048 8886
f 9201 9049 8888
f 8889 9212 8888
f 8885 9050 8889
f 8885 9051 9050
f 8885 9048 9197
f 8885 9197 9051
f 8520 8883 8890
f 8883 9052 8890
f 8893 8892 9053
f 9199 8893 9053
f 9199 9054 8893
f 8893 9054 9055
f 8894 8893 9055
f 8895 9055 9056
f 8895 8894 9055
f 8722 9057 9590
f 9212 9201 8888
f 9212 8889 9058
f 9058 8889 9050
f 9058 9050 9051
f 9058 9051 9059
f 9059 9051 9197
f 8890 9052 8896
f 9052 9060 8896
f 8892 9062 9053
f 8895 9056 9209
f 8895 9209 8898
f 8898 9209 9063
f 8726 8898 9063
f 8900 9060 9064
f 9060 8900 8896
f 9061 8901 9215
f 8726 9063 9066
f 8902 9066 9065
f 8902 8726 9066
f 8902 9067 8903
f 9065 9067 8902
f 8903 9067 8904
f 8900 9064 8732
f 9069 8906 9068
f 9069 8907 8906
f 9215 8901 8907
f 9069 9215 8907
f 9070 9065 9066
f 9071 9070 9066
f 9067 9065 9072
f 9072 9065 9070
f 8904 9072 8736
f 9067 9072 8904
f 8905 9073 8899
f 8732 9064 8909
f 9068 9074 9075
f 9068 8910 9074
f 9069 9068 9075
f 9072 9076 8736
f 9077 9073 8911
f 8913 8909 9078
f 8744 8913 9078
f 8744 9078 9079
f 9074 8910 9079
f 9076 9080 9083
f 9077 8911 9081
f 8741 8912 8914
f 8738 9083 8919
f 9086 9081 8920
f 9081 8911 8920
f 8741 9084 8742
f 8742 9084 8748
f 8917 9085 9082
f 8918 8925 8917
f 8748 9084 8922
f 9082 9085 8924
f 8917 9087 9085
f 8917 8925 9087
f 9088 9086 8920
f 9088 8920 9242
f 9242 8920 8926
f 8921 9244 9245
f 8927 8921 9245
f 9244 8921 8922
f 8924 9085 8928
f 8929 8928 9085
f 9087 8929 9085
f 8931 8929 9087
f 8925 8931 9087
f 8578 8919 8932
f 9092 8926 8933
f 8933 8934 9092
f 8927 9089 8935
f 8927 9245 9089
f 8915 8787 9246
f 9246 8787 9090
f 8932 9091 8768
f 9092 8934 9252
f 9252 8934 8938
f 8935 9093 9094
f 8935 9094 8939
f 9089 9093 8935
f 8787 9095 9090
f 8938 9096 9252
f 8939 9097 8943
f 8939 9094 9097
f 8942 9099 8944
f 9097 8942 8943
f 9097 9100 8942
f 9100 9099 8942
f 8945 8768 9098
f 9101 8948 8947
f 9104 8949 8948
f 8945 9102 8777
f 9098 9102 8945
f 8953 9264 9103
f 8952 9264 8953
f 9101 8953 9104
f 9104 8953 9103
f 8948 9101 9104
f 9105 8949 9104
f 8954 8949 9105
f 8954 9105 9106
f 8777 9102 8955
f 8957 9108 8958
f 9264 8952 8958
f 9108 9264 8958
f 9107 9111 8779
f 8960 8959 9109
f 9109 8959 8955
f 8962 9114 9110
f 9108 8957 8962
f 9110 9108 8962
f 8963 8779 9111
f 8960 9109 8784
f 9109 9113 8784
f 8966 9271 9114
f 9114 8962 8966
f 8963 9111 9115
f 8967 9115 8968
f 8967 8963 9115
f 8967 8964 8963
f 8969 9113 9116
f 9113 8969 8784
f 8966 8970 9271
f 9271 8970 9117
f 9118 8968 9115
f 8968 9118 8971
f 9112 8973 9270
f 9270 8973 9119
f 8969 9116 8975
f 9116 9120 8975
f 8970 9121 9117
f 9122 8971 9118
f 9122 8976 8971
f 8977 9123 8973
f 9123 9119 8973
f 8978 9120 9124
f 9120 8978 8975
f 9121 8970 9125
f 8976 9122 8979
f 9122 9126 8979
f 9127 9128 9123
f 8977 9127 9123
f 8977 8980 9127
f 8982 9129 8981
f 8982 9130 9129
f 8982 8978 9130
f 8978 9124 9130
f 9138 8979 9126
f 8980 9131 9128
f 8980 9128 9127
f 8980 8984 9132
f 9134 9133 9289
f 9289 9133 8987
f 9129 8987 8981
f 9129 9289 8987
f 8817 9135 8988
f 8988 9135 9136
f 8823 8989 9136
f 8823 9136 9137
f 9138 8983 8979
f 9138 8990 8983
f 9132 9131 8980
f 9139 9131 9132
f 9132 8991 9139
f 8986 9140 8992
f 9140 9139 8992
f 9133 9140 8986
f 9141 9140 9133
f 9134 9141 9133
f 9142 9143 9292
f 9142 9292 8993
f 8993 9292 9125
f 8990 9144 8826
f 9145 9143 9142
f 9146 9143 9145
f 8993 8652 9145
f 9142 8993 9145
f 8828 9147 8817
f 8826 9144 9432
f 8995 9146 9145
f 8995 9301 9146
f 8652 8995 9145
f 9148 9147 8828
f 9148 8828 8830
f 9149 9148 8830
f 9149 8994 9137
f 8995 8996 9301
f 9301 8996 9150
f 8996 8997 9150
f 9151 8997 8998
f 9151 9150 8997
f 8998 8999 9151
f 9432 9153 8838
f 9307 9151 9152
f 9151 8999 9152
f 8838 9153 9001
f 9152 9154 9307
f 9152 9002 9154
f 9000 9155 8842
f 9000 9156 9155
f 9000 9001 9156
f 9001 9153 9156
f 8844 9157 9002
f 9158 9157 9004
f 9004 9157 8844
f 9007 9159 9006
f 8842 9159 9007
f 8842 9155 9159
f 9158 9160 9157
f 9004 9160 9158
f 9004 9008 9160
f 9009 9161 9008
f 9008 9161 9160
f 9010 9161 9009
f 9011 9012 9162
f 9006 9163 9013
f 9159 9163 9006
f 9010 9164 9161
f 9010 9165 9164
f 9011 9165 9014
f 9165 9010 9014
f 9162 9165 9011
f 9166 9165 9162
f 9013 9166 9162
f 9163 9166 9013
f 9017 9167 9015
f 9015 9167 9315
f 9018 9315 9320
f 9018 9015 9315
f 9018 9168 9019
f 9019 9168 9021
f 9023 9169 9316
f 9167 9017 9023
f 9316 9167 9023
f 9018 9320 9170
f 9168 9018 9170
f 9171 9168 9170
f 9024 9168 9171
f 9024 9021 9168
f 9173 9025 9172
f 9173 9169 9025
f 9169 9026 9025
f 9169 9023 9026
f 9024 9171 9028
f 9028 9171 9174
f 9172 9029 9175
f 9176 9173 9172
f 9175 9176 9172
f 9028 9174 9177
f 9030 9028 9177
f 9175 9029 9178
f 9029 9031 9178
f 9176 9175 9178
f 9032 9030 9179
f 9179 9030 9177
f 9031 9036 9178
f 9178 9036 9330
f 9032 9179 9332
f 9035 9180 9036
f 9180 9330 9036
f 9181 9334 9038
f 9181 9038 9037
f 9334 9182 9038
f 9038 9182 9034
f 9188 9039 9034
f 9183 9040 9039
f 9183 9039 9188
f 9183 9041 9040
f 9032 9332 9184
f 9184 9185 9032
f 9185 7901 9032
f 9035 9590 9180
f 9042 9186 9037
f 9186 9181 9037
f 9182 9187 9034
f 9034 9187 9188
f 9190 9189 9188
f 9189 9183 9188
f 9189 8308 9041
f 9189 9041 9183
f 9185 9191 7901
f 9043 9192 9042
f 9186 9042 9193
f 9193 9042 9192
f 9189 9190 9194
f 9194 8308 9189
f 7901 9191 9044
f 9043 9195 9192
f 8705 9195 9043
f 9192 9195 9193
f 9194 9045 8308
f 9194 9349 9045
f 9196 9046 9044
f 9047 9195 8705
f 9349 9048 9045
f 9046 9196 8883
f 9351 9197 9048
f 8883 9196 9052
f 9052 9196 9198
f 9199 9055 9054
f 9055 9200 9056
f 9058 9213 9212
f 9213 9058 9202
f 9058 9203 9202
f 9059 9203 9058
f 9052 9204 9060
f 9198 9204 9052
f 9053 9205 9206
f 9062 9205 9053
f 9199 9053 9207
f 9207 9053 9206
f 9055 9199 9207
f 9200 9055 9207
f 9208 9200 9207
f 9210 9200 9208
f 9209 9200 9210
f 9209 9056 9200
f 9209 9211 9063
f 9060 9214 9064
f 9060 9204 9214
f 9061 9215 9216
f 9061 9216 9062
f 9062 9216 9205
f 9209 9210 9363
f 9211 9209 9363
f 9066 9211 9217
f 9066 9063 9211
f 8899 9218 9057
f 9218 9590 9057
f 9220 9064 9214
f 9219 9064 9220
f 9069 9221 9367
f 9215 9069 9222
f 9222 9069 9367
f 9216 9215 9222
f 9223 9066 9217
f 9223 9224 9066
f 9224 9071 9066
f 8899 9225 9218
f 9225 8899 9226
f 9226 8899 9073
f 9219 9227 8909
f 9064 9219 8909
f 9228 9219 9220
f 9228 9229 9219
f 9229 9227 9219
f 9228 9230 9229
f 9230 9075 9074
f 9230 9221 9075
f 9221 9069 9075
f 9231 9070 9071
f 9231 9071 9232
f 9232 9071 9224
f 9070 9233 9072
f 9231 9233 9070
f 9072 9233 9076
f 9073 9077 9226
f 9226 9077 9375
f 8909 9227 9078
f 9229 9078 9227
f 9079 9078 9229
f 9230 9079 9229
f 9074 9079 9230
f 9234 9231 9232
f 9233 9231 9235
f 9235 9231 9234
f 9076 9235 9080
f 9233 9235 9076
f 9077 9081 9375
f 9375 9081 9086
f 9235 9234 9236
f 9237 9235 9236
f 9237 9080 9235
f 9237 9238 9080
f 9238 9083 9080
f 9241 8741 9380
f 8914 9502 8741
f 8741 9502 9380
f 8915 9240 9239
f 8915 9239 8914
f 8914 9239 9502
f 8741 9241 9084
f 8932 8919 9083
f 9242 9086 9088
f 9242 9243 9086
f 9084 9244 8922
f 8915 9246 9240
f 9246 9387 9240
f 9242 9248 9243
f 9248 9242 8926
f 9245 9250 9089
f 9246 9389 9249
f 9246 9090 9389
f 9387 9246 9249
f 8932 9247 9091
f 9093 9089 9250
f 9090 9095 9389
f 9389 9095 9251
f 9091 9098 8768
f 9093 9253 9094
f 9094 9253 9097
f 9250 9253 9093
f 9095 8787 9251
f 9096 9254 9252
f 8944 9254 9096
f 9099 9254 8944
f 9255 9099 9256
f 9257 9099 9258
f 9258 9099 9100
f 9253 9100 9097
f 9258 9100 9253
f 9099 9255 9254
f 9257 9256 9099
f 9259 9102 9098
f 9103 9265 9104
f 9104 9266 9105
f 9266 9260 9105
f 9105 9261 9106
f 9260 9261 9105
f 9106 9261 9107
f 9102 9259 8955
f 9259 9262 8955
f 9108 9263 9264
f 9264 9265 9103
f 9104 9265 9266
f 9260 9267 9261
f 9107 9267 9111
f 9261 9267 9107
f 9109 9262 9268
f 9262 9109 8955
f 9108 9110 9405
f 9108 9405 9263
f 9274 9269 9267
f 9267 9269 9111
f 8787 9112 9270
f 9109 9268 9113
f 9114 9271 9272
f 9114 9272 9273
f 9114 9273 9110
f 9405 9110 9273
f 9115 9274 9275
f 9115 9269 9274
f 9115 9111 9269
f 9113 9276 9116
f 9271 9117 9277
f 9413 9272 9271
f 9277 9413 9271
f 9278 9118 9115
f 9270 9119 9283
f 9116 9279 9120
f 9279 9116 9276
f 9277 9117 9280
f 9117 9121 9280
f 9413 9277 9280
f 9118 9278 9281
f 9122 9118 9281
f 9282 9122 9281
f 9119 9123 9283
f 9120 9284 9124
f 9120 9279 9284
f 9280 9121 9125
f 9122 9282 9126
f 9123 9285 9283
f 9285 9123 9128
f 9124 9284 9286
f 9124 9286 9130
f 9126 9287 9138
f 9128 9288 9285
f 9288 9128 9131
f 9290 9289 9291
f 9291 9289 9129
f 9286 9129 9130
f 9291 9129 9286
f 8817 9293 9135
f 9294 9135 9293
f 9294 9136 9135
f 9294 9137 9136
f 9295 9138 9287
f 9138 9295 8990
f 9289 9141 9134
f 9289 9296 9141
f 9296 9140 9141
f 9290 9296 9289
f 9147 9297 9293
f 9147 9293 8817
f 9298 8990 9295
f 9298 9299 8990
f 9299 9144 8990
f 9143 9146 9300
f 9297 9294 9293
f 9299 9432 9144
f 9301 9302 9300
f 9301 9300 9146
f 9148 9297 9147
f 9297 9148 9294
f 9294 9148 9149
f 9294 9149 9137
f 9301 9150 9302
f 9302 9150 9303
f 9305 9303 9150
f 9305 9150 9151
f 9304 9306 9153
f 9304 9153 9432
f 9151 9307 9305
f 9154 9308 9307
f 9154 9002 9308
f 9153 9306 9156
f 9157 9437 9002
f 9309 9437 9157
f 9159 9155 9310
f 9156 9438 9155
f 9306 9438 9156
f 9157 9160 9309
f 9161 9311 9160
f 9163 9312 9313
f 9310 9163 9159
f 9312 9163 9310
f 9164 9439 9161
f 9313 9166 9163
f 9314 9315 9167
f 9167 9316 9317
f 9167 9317 9318
f 9314 9167 9318
f 9319 9314 9318
f 9315 9314 9319
f 9320 9315 9319
f 9170 9320 9321
f 9171 9321 9324
f 9171 9170 9321
f 9169 9173 9322
f 9169 9322 9323
f 9169 9323 9316
f 9317 9316 9323
f 9171 9324 9325
f 9171 9326 9174
f 9322 9173 9328
f 9173 9176 9328
f 9326 9171 9325
f 9177 9326 9327
f 9177 9174 9326
f 9178 9453 9328
f 9328 9176 9178
f 9329 9177 9327
f 9177 9329 9179
f 9178 9330 9453
f 9179 9329 9332
f 9329 9331 9332
f 9180 9590 9333
f 9333 9330 9180
f 9335 9182 9334
f 9332 9331 9336
f 9337 9332 9336
f 9332 9337 9184
f 9184 9337 9338
f 9338 9185 9184
f 9191 9185 9338
f 9339 9335 9334
f 9181 9339 9334
f 9186 9339 9181
f 9335 9340 9182
f 9182 9340 9341
f 9341 9342 9187
f 9182 9341 9187
f 9343 9188 9187
f 9343 9187 9342
f 9343 9190 9188
f 9193 9339 9186
f 9193 9345 9339
f 9346 9190 9343
f 9194 9190 9346
f 9191 9344 9044
f 9344 9347 9044
f 9348 9345 9195
f 9193 9195 9345
f 9346 9349 9194
f 9044 9347 9196
f 9047 9348 9195
f 9351 9048 9349
f 9350 9047 8710
f 8710 9049 9350
f 9478 9197 9351
f 9196 9352 9198
f 9201 9350 9049
f 9203 9353 9202
f 9354 9203 9059
f 9354 9353 9203
f 9059 9197 9478
f 9059 9478 9354
f 9204 9355 9357
f 9352 9204 9198
f 9355 9204 9352
f 9206 9359 9207
f 9359 9360 9207
f 9207 9356 9208
f 9360 9356 9207
f 9208 9356 9210
f 9213 9202 9353
f 9204 9357 9214
f 9206 9358 9359
f 9206 9205 9358
f 9205 9216 9358
f 9356 9360 9361
f 9362 9356 9361
f 9364 9356 9362
f 9363 9356 9364
f 9363 9210 9356
f 9363 9365 9211
f 9211 9365 9217
f 9214 9357 9220
f 9357 9366 9220
f 9488 9368 9367
f 9368 9222 9367
f 9358 9216 9222
f 9368 9358 9222
f 9363 9364 9369
f 9369 9370 9363
f 9363 9370 9365
f 9217 9365 9223
f 9365 9370 9223
f 9371 9218 9225
f 9225 9226 9371
f 9220 9366 9372
f 9228 9220 9372
f 9230 9228 9372
f 9221 9230 9492
f 9230 9372 9492
f 9488 9367 9221
f 9373 9370 9369
f 9376 9373 9369
f 9223 9370 9374
f 9374 9370 9373
f 9224 9374 9232
f 9223 9374 9224
f 9371 9226 9375
f 9376 9377 9374
f 9376 9374 9373
f 9232 9374 9234
f 9374 9377 9378
f 9234 9374 9378
f 9234 9378 9236
f 9236 9378 9237
f 9379 9238 9237
f 9241 9380 9501
f 9502 9239 9240
f 9238 9379 9083
f 9379 9381 9083
f 9241 9382 9084
f 9241 9383 9382
f 9241 9501 9383
f 8932 9083 9381
f 9384 8932 9381
f 9244 9385 9386
f 9245 9244 9386
f 9382 9244 9084
f 9382 9385 9244
f 8932 9384 9247
f 9243 9388 9506
f 9248 9388 9243
f 9245 9386 9250
f 9386 9512 9250
f 9247 9390 9091
f 9248 8926 9388
f 9388 8926 9391
f 9512 9392 9250
f 9249 9389 9251
f 9091 9390 9098
f 9393 8926 9092
f 9393 9391 8926
f 9092 9252 9393
f 9253 9392 9394
f 9392 9253 9250
f 9390 9395 9098
f 9252 9396 9393
f 9252 9254 9396
f 9254 9516 9396
f 9257 9258 9397
f 9394 9258 9253
f 9397 9258 9394
f 9395 9398 9098
f 9397 9256 9257
f 9259 9098 9398
f 9259 9399 9262
f 9399 9259 9398
f 9265 9264 9406
f 9400 9266 9265
f 9266 9400 9402
f 9401 9266 9402
f 9266 9403 9260
f 9401 9403 9266
f 9260 9403 9267
f 9262 9404 9268
f 9262 9399 9404
f 9263 9405 9411
f 9264 9263 9411
f 9264 9411 9406
f 9401 9402 9407
f 9407 9408 9401
f 9401 9408 9403
f 9267 9408 9274
f 9403 9408 9267
f 9268 9409 9113
f 9404 9409 9268
f 9273 9528 9410
f 9272 9528 9273
f 9405 9273 9411
f 9411 9273 9410
f 9274 9412 9414
f 9274 9408 9412
f 9274 9414 9275
f 9113 9409 9276
f 9272 9413 9528
f 9115 9414 9415
f 9115 9275 9414
f 9115 9415 9278
f 9276 9416 9279
f 9280 9125 9417
f 9417 9413 9280
f 9281 9418 9282
f 9281 9415 9418
f 9281 9278 9415
f 9416 9284 9279
f 9420 9282 9418
f 9282 9420 9126
f 9285 9421 9283
f 9422 9421 9285
f 9286 9284 9423
f 9424 9126 9420
f 9424 9287 9126
f 9285 9425 9422
f 9288 9425 9285
f 9426 9425 9288
f 9423 9291 9286
f 9290 9291 9423
f 9125 9292 9550
f 9287 9424 9295
f 9424 9427 9295
f 9288 9552 9426
f 9131 9552 9288
f 9140 9428 9139
f 9296 9428 9140
f 9428 9296 9290
f 9550 9292 9143
f 9429 9550 9143
f 9430 9298 9295
f 9430 9295 9427
f 9298 9430 9299
f 9143 9300 9429
f 9429 9300 9431
f 9432 9299 9430
f 9431 9300 9302
f 9433 9431 9302
f 9302 9303 9559
f 9559 9303 9434
f 9303 9305 9434
f 9305 9307 9563
f 9307 9308 9563
f 9002 9436 9308
f 9436 9002 9437
f 9439 9311 9161
f 9313 9312 9440
f 9155 9312 9310
f 9440 9312 9155
f 9164 9441 9439
f 9165 9442 9164
f 9164 9442 9441
f 9165 9443 9442
f 9440 9166 9313
f 9165 9166 9440
f 9318 9445 9319
f 9319 9321 9320
f 9323 9322 9444
f 9317 9323 9444
f 9317 9444 9445
f 9317 9445 9318
f 9319 9445 9446
f 9707 9319 9446
f 9576 9321 9319
f 9324 9321 9576
f 9324 9576 9447
f 9447 9325 9324
f 9322 9448 9449
f 9328 9448 9322
f 9450 9322 9449
f 9444 9322 9450
f 9325 9447 9451
f 9452 9326 9451
f 9326 9325 9451
f 9326 9452 9327
f 9328 9453 9454
f 9328 9454 9448
f 9327 9455 9329
f 9452 9455 9327
f 9453 9456 9587
f 9453 9330 9456
f 9454 9453 9587
f 9458 9457 9455
f 9329 9457 9331
f 9455 9457 9329
f 9456 9330 9333
f 9460 9458 9459
f 9336 9458 9460
f 9336 9457 9458
f 9336 9331 9457
f 9336 9460 9337
f 9337 9461 9338
f 9460 9461 9337
f 9338 9461 9191
f 9339 9462 9335
f 9340 9335 9462
f 9463 9341 9340
f 9460 9459 9464
f 9464 9465 9460
f 9461 9460 9466
f 9466 9460 9465
f 9191 9466 9344
f 9461 9466 9191
f 9345 9467 9462
f 9345 9462 9339
f 9462 9467 9340
f 9340 9468 9463
f 9340 9467 9468
f 9468 9342 9341
f 9463 9468 9341
f 9469 9343 9342
f 9469 9342 9468
f 9469 9346 9343
f 9465 9464 9592
f 9466 9465 9592
f 9470 9466 9592
f 9470 9344 9466
f 9470 9347 9344
f 9348 9471 9345
f 9471 9472 9345
f 9472 9467 9345
f 9467 9472 9468
f 9468 9472 9473
f 9468 9473 9596
f 9474 9468 9596
f 9474 9469 9468
f 9474 9349 9346
f 9474 9346 9469
f 9196 9347 9597
f 9047 9476 9348
f 9471 9348 9475
f 9475 9348 9476
f 9474 9351 9349
f 9475 9476 9477
f 9350 9476 9047
f 9350 9477 9476
f 9478 9351 9479
f 9196 9480 9352
f 9482 9481 9353
f 9354 9478 9479
f 9482 9354 9479
f 9353 9354 9482
f 9355 9483 9357
f 9355 9352 9483
f 9352 9480 9483
f 9213 9353 9481
f 9359 9358 9484
f 9359 9485 9360
f 9484 9485 9359
f 9360 9485 9361
f 9485 9362 9361
f 9362 9486 9364
f 9357 9483 9366
f 9366 9483 9487
f 9368 9484 9358
f 9368 9488 9484
f 9488 9489 9484
f 9490 9485 9489
f 9489 9485 9484
f 9486 9485 9490
f 9362 9485 9486
f 9369 9364 9486
f 9590 9218 9607
f 9366 9487 9491
f 9366 9491 9372
f 9372 9491 9492
f 9488 9221 9492
f 9489 9488 9492
f 9493 9489 9492
f 9490 9489 9493
f 9494 9376 9369
f 9218 9495 9607
f 9371 9495 9218
f 9495 9371 9375
f 9376 9494 9496
f 9496 9377 9376
f 9497 9377 9496
f 9375 9086 9495
f 9377 9497 9498
f 9378 9377 9498
f 9378 9498 9499
f 9237 9378 9499
f 9499 9379 9237
f 9380 9500 9501
f 9502 9500 9380
f 9379 9503 9381
f 9501 9504 9383
f 9505 9381 9508
f 9508 9381 9503
f 9381 9505 9384
f 9243 9506 9086
f 9507 9385 9382
f 9504 9382 9383
f 9507 9382 9504
f 9240 9387 9627
f 9508 9384 9505
f 9508 9509 9384
f 9509 9247 9384
f 9510 9506 9388
f 9386 9511 9512
f 9385 9511 9386
f 9387 9249 9627
f 9247 9509 9390
f 9388 9391 9513
f 9510 9388 9513
f 9514 9513 9391
f 9514 9391 9393
f 9392 9515 9394
f 9393 9396 9514
f 9255 9516 9254
f 9397 9517 9518
f 9394 9642 9397
f 9642 9517 9397
f 9515 9642 9394
f 9251 8787 9519
f 9395 9762 9398
f 9518 9256 9397
f 9400 9265 9524
f 9524 9525 9400
f 9400 9520 9402
f 9525 9520 9400
f 9522 9404 9399
f 9406 9643 9523
f 9411 9643 9406
f 9524 9265 9406
f 9524 9406 9523
f 9526 9520 9525
f 9407 9520 9526
f 9407 9402 9520
f 8787 9270 9521
f 9409 9522 9527
f 9522 9409 9404
f 9529 9410 9528
f 9529 9411 9410
f 9529 9643 9411
f 9407 9526 9530
f 9531 9530 9533
f 9412 9530 9531
f 9412 9407 9530
f 9412 9408 9407
f 9270 9283 9538
f 9409 9527 9276
f 9527 9416 9276
f 9528 9413 9532
f 9529 9528 9532
f 9412 9531 9533
f 9412 9533 9414
f 9414 9533 9534
f 9534 9415 9414
f 9535 9415 9534
f 9125 9536 9417
f 9532 9413 9417
f 9536 9532 9417
f 9537 9418 9415
f 9537 9415 9535
f 9538 9283 9539
f 9284 9540 9541
f 9540 9284 9416
f 9536 9125 9419
f 9542 9418 9537
f 9542 9543 9418
f 9543 9420 9418
f 9283 9421 9539
f 9421 9422 9544
f 9421 9544 9539
f 9541 9423 9284
f 9547 9424 9420
f 9547 9420 9543
f 9422 9425 9544
f 9544 9425 9426
f 9544 9426 9545
f 9545 9426 9548
f 9546 9290 9423
f 9125 9550 9667
f 9551 9424 9547
f 9551 9427 9424
f 9426 9552 9548
f 9131 9553 9552
f 9139 9681 9131
f 9131 9681 9553
f 9549 9428 9290
f 9429 9554 9555
f 9555 9550 9429
f 9427 9551 9430
f 9551 9556 9430
f 9429 9431 9554
f 9554 9431 9557
f 9430 9556 9683
f 9432 9430 9683
f 9558 9432 9683
f 9302 9559 9433
f 9557 9431 9433
f 9432 9560 9304
f 9305 9561 9434
f 9562 9561 9305
f 9306 9304 9560
f 9435 9306 9560
f 9562 9305 9563
f 9562 9563 9564
f 9563 9308 9564
f 9308 9436 9564
f 9695 9564 9436
f 9436 9565 9695
f 9437 9565 9436
f 9438 9567 9155
f 9155 9567 9566
f 9435 9438 9306
f 9567 9438 9435
f 9437 9309 9568
f 9309 9160 9568
f 9160 9311 9568
f 9569 9311 9439
f 9570 9165 9572
f 9572 9440 9573
f 9566 9440 9155
f 9573 9440 9566
f 9441 9705 9439
f 9443 9574 9442
f 9442 9574 9441
f 9571 9443 9570
f 9571 9574 9443
f 9165 9570 9443
f 9440 9572 9165
f 9445 9444 9580
f 9445 9575 9446
f 9580 9575 9445
f 9575 9707 9446
f 9707 9576 9319
f 9576 9577 9447
f 9449 9448 9578
f 9449 9579 9450
f 9578 9579 9449
f 9444 9450 9579
f 9444 9579 9580
f 9581 9576 9707
f 9577 9576 9581
f 9451 9577 9582
f 9451 9447 9577
f 9451 9582 9452
f 9578 9454 9583
f 9448 9454 9578
f 9584 9579 9583
f 9583 9579 9578
f 9452 9585 9455
f 9582 9585 9452
f 9587 9710 9586
f 9456 9710 9587
f 9583 9454 9587
f 9584 9583 9587
f 9588 9455 9585
f 9588 9589 9455
f 9589 9458 9455
f 9333 9590 9456
f 9456 9590 9710
f 9458 9589 9715
f 9715 9459 9458
f 9464 9459 9591
f 9464 9591 9592
f 9470 9592 9593
f 9593 9347 9470
f 9594 9347 9593
f 9595 9472 9471
f 9595 9473 9472
f 9596 9473 9595
f 9597 9347 9598
f 9598 9347 9594
f 9475 9600 9471
f 9471 9600 9595
f 9595 9600 9599
f 9595 9599 9596
f 9597 9598 9196
f 9601 9603 9599
f 9603 9596 9599
f 9603 9351 9474
f 9603 9474 9596
f 9350 9475 9477
f 9350 9602 9475
f 9603 9601 9604
f 9603 9604 9479
f 9479 9351 9603
f 9196 9605 9480
f 9479 9604 9482
f 9604 9481 9482
f 9604 9726 9481
f 9606 9212 9213
f 9213 9481 9726
f 9213 9726 9606
f 9480 9608 9483
f 9483 9608 9487
f 9490 9609 9610
f 9486 9490 9611
f 9490 9610 9611
f 9486 9611 9612
f 9369 9486 9612
f 9487 9608 9613
f 9491 9487 9613
f 9492 9613 9614
f 9492 9491 9613
f 9620 9609 9492
f 9609 9493 9492
f 9609 9490 9493
f 9369 9612 9616
f 9369 9616 9494
f 9622 9607 9495
f 9622 9618 9607
f 9618 9590 9607
f 9492 9614 9619
f 9615 9492 9619
f 9620 9492 9615
f 9494 9616 9617
f 9494 9617 9496
f 9496 9617 9740
f 9740 9497 9496
f 9621 9497 9740
f 9622 9495 9086
f 9498 9623 9499
f 9623 9624 9499
f 9499 9624 9379
f 9623 9628 9625
f 9623 9625 9624
f 9379 9625 9503
f 9624 9625 9379
f 9500 9747 9626
f 9500 9626 9501
f 9501 9626 9504
f 9748 9500 9502
f 9748 9502 9240
f 9748 9240 9627
f 9628 9503 9625
f 9628 9629 9503
f 9629 9508 9503
f 9507 9630 9385
f 9507 9504 9630
f 9504 9626 9630
f 9631 9508 9629
f 9508 9631 9509
f 9506 9510 9086
f 9086 9510 9513
f 9511 9632 9512
f 9511 9633 9632
f 9385 9633 9511
f 9385 9634 9633
f 9385 9630 9634
f 9635 9509 9631
f 9632 9636 9512
f 9512 9636 9392
f 9633 9636 9632
f 9627 9249 9251
f 9637 9627 9251
f 9390 9509 9395
f 9509 9638 9395
f 9514 9639 9513
f 9392 9636 9515
f 9636 9640 9515
f 9395 9638 9762
f 9514 9396 9639
f 9516 9641 9396
f 9641 9516 9255
f 9640 9642 9515
f 9255 9768 9641
f 9517 9256 9518
f 9398 9762 9399
f 8787 9521 9770
f 9524 9650 9525
f 9523 9650 9524
f 9525 9644 9526
f 9650 9644 9525
f 9521 9270 9770
f 9770 9270 9645
f 9522 9646 9527
f 9529 9647 9648
f 9643 9529 9649
f 9649 9529 9648
f 9523 9643 9649
f 9650 9523 9649
f 9652 9644 9650
f 9530 9652 9651
f 9530 9644 9652
f 9530 9526 9644
f 9530 9651 9533
f 9270 9538 9645
f 9527 9653 9416
f 9654 9527 9646
f 9653 9527 9654
f 9532 9774 9775
f 9647 9529 9532
f 9775 9647 9532
f 9651 9652 9656
f 9533 9656 9655
f 9533 9651 9656
f 9533 9657 9534
f 9655 9657 9533
f 9534 9657 9535
f 9653 9658 9416
f 9659 9653 9654
f 9659 9660 9653
f 9660 9658 9653
f 9659 9661 9660
f 9661 9662 9536
f 9774 9532 9536
f 9662 9774 9536
f 9655 9663 9657
f 9535 9663 9537
f 9657 9663 9535
f 9538 9789 9780
f 9789 9538 9539
f 9788 9789 9539
f 9541 9540 9664
f 9658 9540 9416
f 9658 9665 9540
f 9665 9664 9540
f 9660 9665 9658
f 9666 9665 9660
f 9419 9125 9667
f 9419 9667 9660
f 9419 9660 9661
f 9660 9667 9666
f 9536 9419 9661
f 9542 9668 9543
f 9542 9663 9668
f 9542 9537 9663
f 9539 9669 9788
f 9544 9669 9539
f 9545 9670 9671
f 9545 9671 9544
f 9544 9671 9669
f 9546 9423 9672
f 9664 9423 9541
f 9672 9423 9664
f 9668 9673 9543
f 9673 9547 9543
f 9670 9548 9674
f 9545 9548 9670
f 9675 9671 9670
f 9675 9670 9676
f 9676 9670 9674
f 9549 9290 9677
f 9672 9290 9546
f 9677 9290 9672
f 9667 9550 9795
f 9795 9550 9678
f 9547 9673 9679
f 9551 9547 9679
f 9680 9551 9679
f 9548 9552 9674
f 9553 9674 9552
f 9676 9674 9553
f 9676 9681 9675
f 9676 9553 9681
f 9428 9682 9139
f 9677 9428 9549
f 9682 9428 9677
f 9678 9550 9555
f 9551 9680 9556
f 9554 9557 9808
f 9683 9556 9684
f 9433 9559 9685
f 9433 9685 9686
f 9433 9686 9557
f 9557 9686 9808
f 9683 9684 9687
f 9687 9558 9683
f 9559 9434 9685
f 9685 9434 9688
f 9688 9686 9685
f 9432 9689 9560
f 9434 9561 9688
f 9688 9561 9562
f 9688 9562 9813
f 9690 9560 9689
f 9560 9690 9435
f 9562 9691 9813
f 9691 9562 9564
f 9693 9692 9690
f 9690 9692 9435
f 9564 9694 9691
f 9695 9696 9564
f 9564 9696 9694
f 9693 9698 9697
f 9693 9697 9692
f 9692 9697 9699
f 9692 9699 9435
f 9695 9565 9696
f 9437 9701 9700
f 9437 9700 9565
f 9697 9698 9573
f 9697 9573 9566
f 9567 9697 9566
f 9699 9697 9567
f 9435 9699 9567
f 9437 9568 9701
f 9568 9311 9569
f 9574 9571 9570
f 9574 9570 9702
f 9572 9703 9570
f 9570 9703 9822
f 9703 9572 9573
f 9439 9704 9569
f 9439 9705 9704
f 9702 9705 9574
f 9705 9441 9574
f 9580 9707 9575
f 9581 9706 9577
f 9577 9706 9582
f 9584 9712 9830
f 9579 9584 9830
f 9579 9830 9580
f 9708 9581 9707
f 9708 9709 9581
f 9581 9709 9706
f 9582 9709 9585
f 9706 9709 9582
f 9711 9586 9710
f 9712 9584 9587
f 9712 9587 9586
f 9588 9713 9589
f 9588 9709 9713
f 9588 9585 9709
f 9710 9590 9714
f 9714 9711 9710
f 9589 9713 9715
f 9716 9459 9715
f 9717 9459 9716
f 9590 9718 9714
f 9459 9717 9719
f 9591 9459 9719
f 9720 9591 9719
f 9591 9720 9721
f 9592 9591 9721
f 9593 9721 9845
f 9593 9592 9721
f 9593 9845 9722
f 9722 9594 9593
f 9722 9723 9594
f 9723 9598 9594
f 9196 9598 9723
f 9848 9196 9723
f 9600 9601 9599
f 9475 9602 9600
f 9724 9601 9600
f 9604 9601 9724
f 9350 9201 9602
f 9605 9725 9480
f 9724 9726 9604
f 9725 9727 9480
f 9727 9725 9730
f 9728 9201 9212
f 9728 9212 9606
f 9727 9729 9608
f 9480 9727 9608
f 9729 9727 9730
f 9733 9729 9730
f 9611 9731 9612
f 9613 9608 9729
f 9852 9732 9733
f 9614 9733 9732
f 9614 9613 9729
f 9733 9614 9729
f 9609 9620 9738
f 9609 9738 9853
f 9609 9853 9610
f 9734 9611 9610
f 9731 9611 9734
f 9616 9731 9739
f 9616 9612 9731
f 9590 9618 9735
f 9741 9732 9852
f 9614 9732 9619
f 9619 9736 9615
f 9736 9737 9615
f 9737 9620 9615
f 9738 9620 9737
f 9617 9616 9739
f 9622 9735 9618
f 9735 9622 9086
f 9744 9732 9741
f 9619 9732 9744
f 9736 9619 9745
f 9745 9619 9744
f 9745 9742 9736
f 9743 9740 9617
f 9743 9621 9740
f 9498 9497 9746
f 9746 9497 9621
f 9747 9500 9748
f 9749 9623 9498
f 9628 9623 9749
f 9628 9749 9750
f 9750 9629 9628
f 9751 9629 9750
f 9747 9752 9630
f 9626 9747 9630
f 9753 9752 9747
f 9748 9757 9747
f 9757 9753 9747
f 9748 9627 9757
f 9629 9751 9631
f 9751 9754 9631
f 9086 9513 9885
f 9752 9634 9630
f 9752 9755 9634
f 9753 9755 9752
f 9756 9755 9753
f 9756 9757 9758
f 9756 9753 9757
f 9759 9635 9631
f 9759 9631 9754
f 9635 9759 9509
f 9885 9513 9760
f 9634 9636 9633
f 9637 9758 9757
f 9637 9761 9758
f 9627 9637 9757
f 9762 9509 9759
f 9762 9638 9509
f 9513 9763 9760
f 9639 9763 9513
f 9897 9763 9639
f 9637 9251 9761
f 9761 9251 9519
f 9639 9764 9897
f 9396 9764 9639
f 9641 9901 9396
f 9396 9901 9764
f 9765 9901 9641
f 9642 9767 9517
f 9767 9642 9640
f 9641 9768 9765
f 9766 9256 9517
f 9255 9256 9766
f 9519 8787 9769
f 8787 9770 9769
f 9522 9399 9771
f 9522 9771 9646
f 9771 9654 9646
f 9649 9777 9650
f 9650 9772 9652
f 9777 9772 9650
f 9645 9538 9773
f 9647 9775 9776
f 9647 9776 9648
f 9649 9648 9776
f 9779 9772 9777
f 9656 9779 9778
f 9656 9772 9779
f 9656 9652 9772
f 9908 9773 9780
f 9773 9538 9780
f 9908 9780 9781
f 9659 9782 9784
f 9659 9907 9782
f 9659 9654 9907
f 9783 9782 9907
f 9659 9784 9661
f 9661 9785 9662
f 9784 9785 9661
f 9774 9662 9785
f 9774 9785 9786
f 9775 9774 9786
f 9778 9779 9787
f 9655 9778 9787
f 9655 9656 9778
f 9655 9787 9663
f 9789 9781 9780
f 9789 9788 9790
f 9664 9791 9792
f 9783 9665 9782
f 9783 9791 9665
f 9791 9664 9665
f 9666 9782 9665
f 9784 9782 9666
f 9667 9784 9666
f 9667 9793 9784
f 9793 9918 9785
f 9793 9785 9784
f 9668 9787 9797
f 9668 9663 9787
f 9788 9794 9790
f 9788 9669 9794
f 9669 9671 9794
f 9792 9672 9664
f 9667 9795 9793
f 9795 9796 9793
f 9673 9797 9798
f 9668 9797 9673
f 9671 9799 9794
f 9675 9799 9671
f 9800 9799 9675
f 9677 9801 9802
f 9801 9677 9672
f 9795 9933 9934
f 9795 9678 9933
f 9796 9795 9934
f 9673 9798 9803
f 9679 9673 9803
f 9679 9803 9680
f 9675 9804 9800
f 9681 9804 9675
f 9139 9804 9681
f 9139 9682 9805
f 9802 9682 9677
f 9555 9554 9806
f 9555 9806 9678
f 9678 9806 9933
f 9807 9680 9803
f 9807 9556 9680
f 9554 9808 9806
f 9808 9937 9806
f 9556 9807 9684
f 9807 9810 9684
f 9808 9686 9809
f 9937 9808 9809
f 9687 9684 9810
f 9810 9558 9687
f 9810 9811 9558
f 9811 9432 9558
f 9686 9688 9809
f 9809 9688 9812
f 9432 9811 9689
f 9942 9812 9813
f 9812 9688 9813
f 9942 9813 9814
f 9689 9816 9690
f 9691 9694 9814
f 9691 9814 9813
f 9814 9694 9815
f 9690 9816 9693
f 9815 9694 9696
f 9696 9817 9947
f 9696 9947 9815
f 9818 9698 9819
f 9819 9698 9820
f 9816 9698 9693
f 9820 9698 9816
f 9696 9565 9817
f 9817 9821 9949
f 9817 9565 9821
f 9565 9700 9821
f 9821 9700 9701
f 9826 9821 9701
f 9822 9823 9824
f 9823 9822 9825
f 9818 9819 9825
f 9818 9825 9703
f 9818 9703 9573
f 9698 9818 9573
f 9568 9826 9701
f 9569 10061 9827
f 9569 9827 9568
f 9568 9827 9826
f 10061 9705 9828
f 9705 9702 9828
f 9570 9829 9702
f 9702 9829 9828
f 9824 9829 9822
f 9829 9570 9822
f 9825 9822 9703
f 9569 9704 10061
f 9705 10061 9704
f 9580 9831 9707
f 9830 9831 9580
f 9961 9586 9711
f 9961 9832 9586
f 9832 9712 9586
f 9830 9712 9833
f 9833 9712 9832
f 9831 9830 9833
f 9708 9707 9962
f 9834 9708 9962
f 9713 9708 9834
f 9713 9709 9708
f 9711 9836 9837
f 9711 9714 9836
f 9961 9711 9837
f 9834 9835 9838
f 9713 9834 9838
f 9713 9838 9715
f 9715 9838 9839
f 9717 9716 9839
f 9716 9715 9839
f 9714 9840 9836
f 9718 9840 9714
f 9717 9839 9967
f 9717 9967 9719
f 9719 9967 9972
f 9972 9720 9719
f 9841 9720 9972
f 9718 9842 9840
f 9721 9720 9843
f 9843 9720 9841
f 9718 9590 9844
f 9842 9718 9844
f 9721 9843 9845
f 9722 9845 9846
f 9846 9723 9722
f 9847 9723 9846
f 9723 9847 9848
f 9196 9848 9605
f 9848 10076 9605
f 9201 9849 9600
f 9201 9600 9602
f 9605 10076 9850
f 9850 9725 9605
f 9600 9726 9724
f 9725 9850 9730
f 9728 9849 9201
f 9849 9728 9606
f 9849 9606 9600
f 9600 9606 9726
f 9730 9850 9733
f 9850 9851 9733
f 9853 9734 9610
f 9734 9857 9731
f 9731 9857 9739
f 9852 9854 9741
f 9737 9736 9855
f 9855 9982 9737
f 9982 9738 9737
f 9853 9738 9856
f 9856 9738 9982
f 9734 9853 9856
f 9857 9734 9856
f 9857 9617 9739
f 9858 9617 9857
f 9859 9854 9860
f 9859 9741 9854
f 9736 9742 9855
f 9742 9861 9855
f 9617 9858 9862
f 9621 9743 9862
f 9743 9617 9862
f 9871 9859 9860
f 9863 9871 9860
f 9741 9864 9744
f 9741 9859 9864
f 9859 9871 9864
f 9744 9865 9745
f 9864 9865 9744
f 9745 9865 9866
f 9742 9745 9866
f 9742 9866 9867
f 9861 9742 9867
f 9868 9746 9621
f 9863 9869 9870
f 9863 9870 9871
f 9872 9864 9871
f 9873 9865 9872
f 9872 9865 9864
f 9746 9868 9875
f 9498 9746 9875
f 9874 9749 9875
f 9749 9498 9875
f 9749 9876 9750
f 9874 9876 9749
f 9750 9876 9751
f 9869 9879 9878
f 9869 9878 9870
f 9870 9878 9880
f 9871 9870 9881
f 9881 9870 9880
f 9882 9872 9881
f 9881 9872 9871
f 9874 9883 9876
f 9751 9883 9754
f 9876 9883 9751
f 9884 9877 9885
f 9877 9086 9885
f 9884 9885 9886
f 9634 9887 9999
f 9879 9755 9878
f 9879 9887 9755
f 9887 9634 9755
f 9756 9878 9755
f 9880 9878 9756
f 9758 9880 9756
f 9758 9888 9880
f 9881 9880 9889
f 9889 9880 9888
f 9890 9882 9881
f 9889 9890 9881
f 9891 9754 9883
f 9891 9759 9754
f 9892 9886 9885
f 9760 9892 9885
f 9999 9636 9634
f 9893 9636 9999
f 9888 9761 9894
f 9758 9761 9888
f 9895 9889 9894
f 9894 9889 9888
f 9762 9759 9891
f 9896 9762 9891
f 9763 9897 9892
f 9763 9892 9760
f 9892 9897 9898
f 9899 9893 9900
f 9899 9640 9893
f 9640 9636 9893
f 9894 9761 9519
f 9897 9901 9898
f 9897 9764 9901
f 9766 9517 9902
f 9900 9767 9899
f 9900 9902 9767
f 9902 9517 9767
f 9640 9899 9767
f 9902 9255 9766
f 9769 9770 9904
f 9771 9903 9905
f 9903 9771 9399
f 10015 9904 9645
f 9904 9770 9645
f 10015 9645 9906
f 9771 9905 9654
f 9905 9907 9654
f 9645 9773 9908
f 10019 9906 9645
f 9908 10019 9645
f 9776 9775 9915
f 9776 9916 9649
f 9915 9916 9776
f 9649 9916 9777
f 9777 9910 9779
f 9916 9910 9777
f 9908 9781 10019
f 9781 9790 9911
f 9783 9912 9913
f 9909 9783 9907
f 9912 9783 9909
f 9775 9786 9914
f 9775 9914 9915
f 9787 9916 9920
f 9787 9910 9916
f 9787 9779 9910
f 9781 9789 9790
f 9911 9790 9922
f 9792 9791 9917
f 9913 9791 9783
f 9917 9791 9913
f 9785 9918 9919
f 9785 9919 9786
f 9914 9786 9919
f 9787 9920 9921
f 9787 9921 9797
f 9794 9922 9790
f 9929 9922 9794
f 9917 9672 9792
f 9923 9672 9917
f 9918 9796 9924
f 9793 9796 9918
f 9925 9919 9918
f 9924 9925 9918
f 9797 9921 9926
f 9797 9926 9927
f 9927 9798 9797
f 9928 9798 9927
f 9799 9929 9794
f 9800 9930 9799
f 9799 9930 9929
f 9930 9139 9805
f 9931 9802 9801
f 9931 9801 9932
f 9923 9801 9672
f 9932 9801 9923
f 9796 9934 9924
f 9935 9803 9798
f 9935 9798 9928
f 9800 9804 9930
f 9139 9930 9804
f 9931 9805 9682
f 9802 9931 9682
f 9933 9806 9936
f 9936 9934 9933
f 9807 9803 9935
f 9806 9937 9936
f 9807 9938 9810
f 9935 9938 9807
f 9809 9939 9937
f 9940 9810 9938
f 9811 9940 9941
f 9810 9940 9811
f 9939 9812 9942
f 9809 9812 9939
f 9937 9939 9942
f 9811 9941 9689
f 9814 9944 9942
f 9944 9937 9942
f 9689 9943 9816
f 9941 9943 9689
f 9944 9814 9946
f 9814 9815 9946
f 9815 9947 9946
f 9948 9943 9945
f 9943 9948 9816
f 9817 9949 9950
f 9949 9952 9951
f 9950 9949 9951
f 9953 9954 9955
f 9954 9819 9955
f 9955 9819 9956
f 9948 9956 9820
f 9956 9819 9820
f 9816 9948 9820
f 9826 9949 9821
f 9826 9957 9949
f 9957 9952 9949
f 10061 9952 9958
f 9958 9952 9957
f 10061 9828 9959
f 9959 9829 9960
f 9953 9960 9829
f 9953 9829 9824
f 9953 9824 9823
f 9825 9953 9823
f 9954 9953 9825
f 9819 9954 9825
f 9827 9957 9826
f 9958 9957 9827
f 10061 9958 9827
f 9829 9959 9828
f 9961 9833 9832
f 9833 9707 9831
f 9962 9963 9834
f 9834 9963 9835
f 9837 9964 9965
f 9836 9964 9837
f 9961 9837 9966
f 9966 9837 9965
f 9833 9961 9966
f 9707 9833 9966
f 9963 9962 9707
f 9835 9963 9838
f 9838 9963 9968
f 9967 9839 9968
f 9839 9838 9968
f 9836 9840 9973
f 9836 9973 9969
f 9836 9969 9964
f 9967 9968 9970
f 9967 9970 9971
f 9971 9972 9967
f 9840 9842 9973
f 9972 9971 9974
f 9975 9972 9974
f 9975 9841 9972
f 9975 9976 9841
f 9976 9843 9841
f 9844 10069 9973
f 9973 9842 9844
f 9843 9976 9977
f 9845 9843 9977
f 9847 9846 9977
f 9846 9845 9977
f 9844 9590 10069
f 9847 9977 9978
f 9848 9847 9978
f 9850 10076 9979
f 9852 9733 9851
f 9852 9980 9854
f 9982 9855 9981
f 9856 9982 9857
f 9983 9858 9857
f 9980 9860 9854
f 9855 9861 9981
f 9861 10083 9981
f 9984 9862 9858
f 9984 9858 9983
f 9860 9985 9863
f 9867 9986 9987
f 9866 9986 9867
f 9861 9867 9988
f 9988 9867 9987
f 10083 9861 9988
f 9621 9862 9984
f 9869 9990 9991
f 9985 9869 9863
f 9990 9869 9985
f 9865 9873 9992
f 9865 9992 9866
f 9866 9992 9986
f 9621 9989 9993
f 9875 9621 9993
f 9875 9868 9621
f 9086 9877 9994
f 9879 9991 9995
f 9991 9879 9869
f 9872 9882 9996
f 9872 9996 9997
f 9873 9872 9997
f 9874 9998 9891
f 9874 9993 9998
f 9874 9875 9993
f 9874 9891 9883
f 9884 9994 9877
f 9994 9884 9886
f 9995 9887 9879
f 9999 9887 9995
f 9996 9882 10000
f 9882 9890 10000
f 9997 9996 10000
f 9891 9998 10001
f 9886 9892 10002
f 9893 9999 10003
f 9889 9895 10004
f 9889 10004 9890
f 9890 10004 10000
f 9891 10001 10005
f 9891 10005 9896
f 9892 10006 10002
f 10006 9892 9898
f 9900 10007 10008
f 10003 9900 9893
f 10007 9900 10003
f 9894 9519 10009
f 9894 10009 10010
f 9895 9894 10010
f 10004 9895 10010
f 9896 10005 10112
f 10112 9762 9896
f 9898 10011 10006
f 9901 10011 9898
f 9765 9768 9901
f 9901 9768 10011
f 10008 9902 9900
f 10116 10010 10009
f 9519 10116 10009
f 10012 9768 9255
f 9902 10012 9255
f 10016 10116 9519
f 9762 10013 9399
f 9519 9769 10016
f 9903 10013 10014
f 9903 9399 10013
f 9769 9904 10015
f 10015 10016 9769
f 9903 10014 9905
f 9905 10014 10017
f 10015 9906 10016
f 10016 9906 10125
f 9905 10017 9907
f 10018 10125 10019
f 10125 9906 10019
f 10018 10019 10020
f 9913 9909 10017
f 9909 9907 10017
f 9781 9911 10021
f 9781 10021 10020
f 9781 10020 10019
f 9909 9913 9912
f 10133 9915 9914
f 10133 10025 9915
f 10025 9916 9915
f 9916 10025 10026
f 10021 9922 10027
f 9911 9922 10021
f 10028 10022 10021
f 10028 10021 10029
f 10029 10021 10027
f 10023 10024 9917
f 9913 10023 9917
f 9919 10031 9914
f 10031 10133 9914
f 9916 10026 10032
f 9920 9916 10032
f 9920 10032 10033
f 10033 9921 9920
f 10034 9921 10033
f 9929 10027 9922
f 9929 10035 10027
f 10035 10029 10027
f 10036 10029 10035
f 9805 10037 10038
f 10038 10037 10039
f 10024 10030 10039
f 10024 10039 9923
f 9917 10024 9923
f 9919 9925 10040
f 10040 10142 10031
f 10040 10031 9919
f 10041 9926 9921
f 10041 9921 10045
f 10045 9921 10034
f 9926 10042 9927
f 10041 10042 9926
f 9927 10042 9928
f 9930 10035 9929
f 10036 10035 9930
f 9805 10036 9930
f 10037 9805 9931
f 9932 10037 9931
f 10039 10037 9932
f 9923 10039 9932
f 9924 9934 10043
f 9924 10043 10044
f 9925 9924 10044
f 9925 10044 10040
f 10045 10046 10041
f 10041 10046 10042
f 9928 10046 9935
f 10042 10046 9928
f 10043 9936 10047
f 9934 9936 10043
f 10047 10044 10043
f 9936 9937 10047
f 9938 9935 9940
f 9935 10048 9940
f 10050 9940 10048
f 9940 10050 9941
f 10049 9937 10051
f 9941 10052 9943
f 10050 10052 9941
f 10051 9944 10053
f 9937 9944 10051
f 10054 10051 10053
f 10056 10055 10052
f 9943 10055 9945
f 10052 10055 9943
f 9944 9946 10053
f 9947 10053 9946
f 10054 10053 9947
f 9817 9950 10158
f 9947 9817 10158
f 10058 10057 10059
f 10056 10059 10055
f 10055 10059 9945
f 9950 9951 10060
f 9952 10061 9951
f 9951 10061 10060
f 10057 10058 10063
f 10057 10063 9960
f 10057 9960 9953
f 9955 10057 9953
f 10059 10057 9955
f 9956 10059 9955
f 9945 10059 9956
f 9948 9945 9956
f 10062 10061 9959
f 9960 10062 9959
f 10063 10062 9960
f 9965 9707 9966
f 10065 9963 9707
f 9963 10064 9968
f 10065 10064 9963
f 9965 10163 10065
f 9965 9964 10163
f 9964 9969 10163
f 9707 9965 10065
f 10064 10065 10166
f 9970 10064 10067
f 9970 9968 10064
f 10163 9969 9973
f 10066 10163 9973
f 9971 9970 10067
f 9971 10067 9974
f 9974 10067 10068
f 9976 9975 10068
f 9975 9974 10068
f 9973 10069 10070
f 9973 10070 10066
f 9976 10068 10071
f 9977 9976 10071
f 10069 9590 10072
f 10070 10069 10072
f 9978 10073 10074
f 9978 10071 10073
f 9978 9977 10071
f 9848 10074 10075
f 9848 9978 10074
f 10076 9848 10075
f 10077 9979 10076
f 9979 10077 9850
f 9850 10078 9851
f 10079 9852 9851
f 9982 9981 10080
f 9982 10080 9857
f 10080 10081 9857
f 9857 10081 9983
f 10082 9860 9980
f 9981 10083 10080
f 10088 10080 10083
f 10081 10080 10084
f 10084 10080 10088
f 9983 10084 9984
f 10081 10084 9983
f 9990 10082 10085
f 9990 9985 10082
f 9985 9860 10082
f 9987 9986 10086
f 9987 10087 9988
f 10086 10087 9987
f 10083 9988 10087
f 10090 10084 10088
f 9621 10090 10089
f 9621 10084 10090
f 9621 9984 10084
f 9621 10089 9989
f 9990 10085 9991
f 9991 10085 10091
f 10086 9992 10092
f 9986 9992 10086
f 10194 10093 10087
f 10194 10087 10092
f 10092 10087 10086
f 10089 10090 10095
f 9993 10095 10094
f 9993 10089 10095
f 9993 9989 10089
f 9086 9994 10198
f 9995 9991 10096
f 10096 9991 10091
f 9873 9997 10097
f 9873 10097 10098
f 9992 9873 10098
f 9992 10098 10092
f 10194 10092 10098
f 10094 10095 10099
f 9998 10094 10099
f 9998 9993 10094
f 9994 10100 10198
f 10100 9994 9886
f 10096 9999 9995
f 10000 10097 9997
f 10000 10101 10097
f 10101 10102 10097
f 10102 10098 10097
f 9998 10099 10103
f 9998 10103 10001
f 10001 10103 10104
f 9886 10002 10100
f 10003 9999 10215
f 10101 10004 10105
f 10000 10004 10101
f 10105 10216 10102
f 10105 10102 10101
f 10001 10104 10106
f 10005 10001 10106
f 10006 10107 10002
f 10006 10011 10108
f 10006 10108 10107
f 10215 10007 10003
f 10008 10007 10215
f 10010 10105 10004
f 10010 10109 10105
f 10109 10110 10105
f 10110 10111 10105
f 10112 10005 10113
f 10113 10005 10106
f 10011 10114 10108
f 10011 9768 10114
f 9768 10115 10114
f 10012 9902 9768
f 9768 9902 10115
f 10010 10116 10109
f 10117 10110 10116
f 10116 10110 10109
f 10111 10110 10117
f 10118 10112 10113
f 10112 10118 9762
f 10116 10016 10119
f 10119 10117 10116
f 9762 10120 10013
f 10118 10120 9762
f 10016 10121 10119
f 10120 10122 10014
f 10013 10120 10014
f 10123 10121 10016
f 10124 10014 10122
f 10014 10124 10017
f 10016 10125 10123
f 10125 10018 10123
f 10129 10126 10124
f 10124 10126 10017
f 10020 10128 10127
f 10018 10020 10127
f 10024 10129 10130
f 10126 10129 10024
f 10126 10024 9913
f 10126 9913 10017
f 10020 10021 10128
f 10128 10021 10022
f 10128 10022 10131
f 10130 10249 10132
f 9913 10024 10023
f 10133 10134 10025
f 10025 10134 10026
f 10022 10135 10131
f 10028 10135 10022
f 10029 10036 9805
f 10029 9805 10028
f 10028 9805 10135
f 9805 10137 10136
f 10136 10137 10138
f 10132 10138 10137
f 10130 10132 10137
f 10130 10137 10030
f 10130 10030 10024
f 10133 10031 10139
f 10134 10133 10139
f 10026 10140 10032
f 10026 10134 10140
f 10032 10141 10033
f 10140 10141 10032
f 10033 10141 10034
f 10137 9805 10038
f 10039 10137 10038
f 10030 10137 10039
f 10142 10139 10031
f 10142 10143 10139
f 10144 10139 10143
f 10134 10139 10144
f 10140 10134 10145
f 10145 10134 10144
f 10141 10140 10145
f 10034 10145 10045
f 10141 10145 10034
f 10044 10142 10040
f 10044 10146 10142
f 10146 10147 10142
f 10148 10143 10147
f 10147 10143 10142
f 10149 10145 10144
f 10150 10145 10149
f 10045 10150 9935
f 10045 10145 10150
f 10045 9935 10046
f 10044 10047 10146
f 10252 10148 10147
f 10047 9937 10146
f 9935 10151 10152
f 9935 10152 10048
f 10146 10049 10155
f 9937 10049 10146
f 10147 10146 10155
f 10048 10153 10050
f 10152 10153 10048
f 10049 10051 10155
f 10147 10155 10156
f 10156 10154 10147
f 10050 10157 10052
f 10153 10157 10050
f 10051 10054 10155
f 9947 10155 10054
f 9947 10158 10155
f 10158 10156 10155
f 10263 10156 10159
f 10159 10156 10158
f 10263 10159 10160
f 10157 10160 10161
f 10052 10161 10056
f 10157 10161 10052
f 9950 10162 10158
f 10162 10159 10158
f 10160 10159 10162
f 10058 10160 10162
f 10059 10160 10058
f 10161 10160 10059
f 10056 10161 10059
f 9950 10060 10162
f 10061 10162 10060
f 10062 10162 10061
f 10063 10162 10062
f 10058 10162 10063
f 10065 10164 10165
f 10166 10165 10167
f 10166 10065 10165
f 10166 10168 10064
f 10064 10168 10067
f 10065 10163 10169
f 10166 10167 10269
f 10168 10166 10269
f 10170 10168 10172
f 10067 10168 10170
f 10067 10171 10068
f 10170 10171 10067
f 10066 10272 10273
f 10066 10070 10272
f 10163 10066 10273
f 10171 10170 10172
f 10174 10171 10172
f 10071 10174 10173
f 10071 10171 10174
f 10071 10068 10171
f 10272 10070 10072
f 10175 10272 10072
f 10173 10174 10176
f 10073 10173 10176
f 10073 10071 10173
f 10072 9590 10175
f 10073 10176 10177
f 10073 10177 10074
f 10074 10177 10178
f 10178 10075 10074
f 10179 10075 10178
f 10076 10075 10180
f 10180 10075 10179
f 10077 10180 10181
f 10076 10180 10077
f 10181 10078 10077
f 10078 9850 10077
f 10078 10182 9851
f 9852 10079 10183
f 10182 10079 9851
f 10183 10079 10182
f 9590 9735 10287
f 10287 9735 10184
f 9852 10183 9980
f 9735 10185 10184
f 9086 10185 9735
f 10186 10185 9086
f 10082 10187 10188
f 10187 10082 9980
f 10085 10189 10190
f 10188 10085 10082
f 10189 10085 10188
f 10083 10087 10191
f 10083 10192 10088
f 10191 10192 10083
f 10088 10192 10090
f 10085 10190 10091
f 10093 10191 10087
f 10093 10194 10191
f 10194 10195 10191
f 10205 10191 10195
f 10192 10191 10205
f 10090 10196 10095
f 10090 10192 10196
f 10192 10205 10196
f 10197 10193 10198
f 10193 9086 10198
f 10197 10198 10199
f 10096 10200 10201
f 10200 10096 10091
f 10098 10202 10194
f 10202 10203 10194
f 10204 10195 10203
f 10203 10195 10194
f 10206 10196 10205
f 10099 10196 10206
f 10099 10095 10196
f 10198 10100 10199
f 10199 10100 10207
f 10201 9999 10096
f 10208 9999 10201
f 10202 10102 10209
f 10098 10102 10202
f 10209 10203 10202
f 10103 10099 10210
f 10103 10211 10104
f 10210 10211 10103
f 10298 10002 10212
f 10298 10207 10002
f 10207 10100 10002
f 10298 10212 10213
f 10208 10215 9999
f 10216 10209 10102
f 10216 10217 10209
f 10217 10310 10209
f 10210 10218 10211
f 10104 10219 10106
f 10104 10211 10219
f 10211 10218 10219
f 10002 10107 10212
f 10108 10212 10107
f 10213 10212 10108
f 10108 10114 10220
f 10108 10220 10214
f 10108 10214 10213
f 10220 10114 10221
f 10222 10008 10215
f 10105 10111 10216
f 10223 10217 10111
f 10111 10217 10216
f 10310 10217 10223
f 10224 10225 10218
f 10218 10225 10219
f 10106 10225 10113
f 10219 10225 10106
f 10115 10221 10114
f 10115 9902 10314
f 10222 9902 10008
f 10117 10227 10111
f 10322 10223 10111
f 10113 10226 10118
f 10225 10226 10113
f 10117 10119 10227
f 10111 10227 10228
f 10229 10322 10111
f 10228 10229 10111
f 10231 10230 10226
f 10118 10230 10120
f 10226 10230 10118
f 10227 10121 10232
f 10119 10121 10227
f 10233 10228 10232
f 10232 10228 10227
f 10229 10228 10233
f 10122 10230 10231
f 10122 10231 10234
f 10120 10230 10122
f 10232 10123 10235
f 10121 10123 10232
f 10235 10233 10232
f 10236 10234 10237
f 10236 10124 10234
f 10124 10122 10234
f 10235 10018 10238
f 10123 10018 10235
f 10238 10239 10235
f 10240 10236 10237
f 10241 10240 10237
f 10124 10240 10129
f 10236 10240 10124
f 10018 10127 10238
f 10128 10242 10239
f 10127 10128 10239
f 10127 10239 10238
f 10244 10243 10245
f 10240 10241 10245
f 10240 10245 10130
f 10240 10130 10129
f 10242 10131 10246
f 10128 10131 10242
f 10248 10242 10247
f 10247 10242 10246
f 10248 10247 9805
f 10244 10136 10243
f 10243 10136 10249
f 10245 10243 10249
f 10130 10245 10249
f 10131 10135 10246
f 9805 10246 10135
f 10247 10246 9805
f 10249 10136 10138
f 10132 10249 10138
f 10143 10250 10144
f 10148 10250 10143
f 10149 10251 10150
f 10253 10250 10252
f 10252 10250 10148
f 10254 10144 10250
f 10149 10144 10254
f 10251 10149 10254
f 9935 10251 10255
f 9935 10150 10251
f 9935 10255 10151
f 10252 10147 10253
f 10151 10255 10256
f 10151 10256 10152
f 10147 10154 10253
f 10154 10261 10253
f 10258 10257 10255
f 10256 10255 10259
f 10259 10255 10257
f 10152 10259 10153
f 10256 10259 10152
f 10260 10261 10154
f 10260 10154 10263
f 10261 10260 10262
f 10258 10262 10257
f 10257 10262 10263
f 10259 10257 10263
f 10154 10156 10263
f 10262 10260 10263
f 10259 10263 10264
f 10153 10264 10157
f 10259 10264 10153
f 10264 10263 10160
f 10157 10264 10160
f 10341 10265 10164
f 10164 10265 10165
f 10265 10266 10165
f 10165 10266 10167
f 10065 10169 10340
f 10065 10340 10267
f 10065 10267 10164
f 10341 10164 10267
f 10268 10265 10341
f 10266 10265 10268
f 10269 10266 10270
f 10269 10167 10266
f 10269 10271 10168
f 10168 10271 10172
f 10163 10273 10274
f 10163 10274 10169
f 10340 10169 10274
f 10269 10270 10347
f 10271 10269 10347
f 10275 10271 10278
f 10172 10271 10275
f 10172 10276 10174
f 10275 10276 10172
f 10272 10175 10277
f 10273 10272 10277
f 10276 10275 10278
f 10279 10276 10278
f 10176 10279 10280
f 10176 10276 10279
f 10176 10174 10276
f 10175 10354 10355
f 10175 9590 10354
f 10277 10175 10355
f 10176 10280 10177
f 10177 10280 10281
f 10179 10178 10281
f 10178 10177 10281
f 10354 9590 10283
f 10179 10281 10364
f 10364 10282 10179
f 10282 10180 10179
f 10180 10282 10284
f 10284 10181 10180
f 10285 10181 10284
f 10181 10285 10078
f 10286 10182 10285
f 10285 10182 10078
f 9590 10287 10283
f 10183 10182 10286
f 10183 10286 10289
f 10183 10289 9980
f 10184 10185 10288
f 10288 10185 10186
f 10188 10187 10290
f 10289 10187 9980
f 10290 10187 10289
f 10186 9086 10288
f 10288 9086 10193
f 10190 10189 10291
f 10290 10189 10188
f 10291 10189 10290
f 10190 10291 10091
f 10291 10292 10091
f 10201 10200 10293
f 10292 10200 10091
f 10293 10200 10292
f 10195 10204 10294
f 10195 10295 10205
f 10294 10295 10195
f 10295 10305 10205
f 10305 10296 10205
f 10205 10297 10206
f 10296 10297 10205
f 10197 10207 10298
f 10199 10207 10197
f 10299 10197 10300
f 10300 10197 10298
f 10208 10301 10302
f 10293 10208 10201
f 10301 10208 10293
f 10203 10209 10303
f 10203 10294 10204
f 10203 10303 10294
f 10303 10304 10294
f 10304 10295 10294
f 10306 10296 10305
f 10306 10312 10296
f 10296 10312 10297
f 10206 10307 10099
f 10206 10297 10307
f 10297 10312 10307
f 10300 10298 10213
f 10213 10214 10308
f 10213 10308 10300
f 10302 10215 10208
f 10209 10310 10303
f 10304 10303 10311
f 10311 10303 10310
f 10311 10393 10304
f 10313 10307 10312
f 10210 10307 10313
f 10210 10099 10307
f 10214 10220 10308
f 10221 10308 10220
f 10309 10221 10115
f 10115 10314 10309
f 9902 10222 10315
f 10315 10222 10316
f 10316 10222 10215
f 10223 10317 10310
f 10317 10318 10310
f 10319 10311 10318
f 10318 10311 10310
f 10393 10311 10319
f 10320 10210 10313
f 10323 10320 10313
f 10218 10321 10224
f 10218 10210 10321
f 10210 10320 10321
f 10224 10321 10225
f 10223 10322 10317
f 10318 10317 10322
f 10397 10319 10318
f 10323 10324 10320
f 10320 10324 10321
f 10225 10324 10226
f 10321 10324 10225
f 10322 10229 10325
f 10318 10322 10325
f 10226 10234 10231
f 10324 10234 10226
f 10233 10325 10229
f 10233 10328 10325
f 10318 10325 10326
f 10233 10235 10328
f 10326 10325 10329
f 10330 10326 10329
f 10327 10401 10331
f 10234 10327 10331
f 10234 10331 10237
f 10328 10239 10332
f 10235 10239 10328
f 10325 10328 10332
f 10330 10329 10337
f 10337 10329 10325
f 10333 10330 10337
f 10333 10334 10335
f 10331 10335 10334
f 10331 10334 10336
f 10237 10336 10241
f 10331 10336 10237
f 10242 10332 10239
f 10242 10248 10332
f 10325 10332 10248
f 10337 10325 10248
f 10244 10334 10337
f 10334 10333 10337
f 10245 10334 10244
f 10336 10334 10245
f 10241 10336 10245
f 10337 10248 9805
f 10136 10337 9805
f 10244 10337 10136
f 10250 10253 10254
f 10254 10338 10251
f 10251 10338 10255
f 10254 10253 10261
f 10338 10254 10339
f 10339 10254 10261
f 10255 10339 10258
f 10338 10339 10255
f 10339 10261 10262
f 10258 10339 10262
f 10340 10341 10267
f 10268 10342 10266
f 10266 10342 10270
f 10274 10343 10344
f 10273 10343 10274
f 10340 10274 10345
f 10345 10274 10344
f 10341 10340 10345
f 10346 10268 10341
f 10342 10268 10346
f 10347 10342 10348
f 10347 10270 10342
f 10347 10349 10271
f 10271 10349 10278
f 10277 10350 10273
f 10273 10350 10343
f 10347 10348 10351
f 10349 10347 10351
f 10352 10349 10357
f 10278 10349 10352
f 10278 10353 10279
f 10352 10353 10278
f 10277 10355 10356
f 10277 10356 10350
f 10353 10352 10357
f 10358 10353 10357
f 10280 10358 10359
f 10280 10353 10358
f 10280 10279 10353
f 10280 10360 10281
f 10359 10360 10280
f 10354 10283 10361
f 10361 10355 10354
f 10362 10363 10359
f 10359 10363 10360
f 10281 10360 10364
f 10360 10363 10364
f 10363 10362 10365
f 10364 10363 10365
f 10366 10364 10365
f 10284 10366 10367
f 10284 10364 10366
f 10284 10282 10364
f 10284 10368 10285
f 10367 10368 10284
f 10285 10369 10286
f 10283 10287 10184
f 10370 10417 10283
f 10184 10370 10283
f 10286 10369 10289
f 10369 10371 10289
f 10184 10288 10370
f 10370 10288 10422
f 10372 10371 10373
f 10372 10289 10371
f 10374 10422 10288
f 10372 10376 10375
f 10372 10375 10290
f 10289 10372 10290
f 10374 10193 10377
f 10288 10193 10374
f 10378 10374 10377
f 10376 10380 10379
f 10375 10376 10379
f 10375 10379 10291
f 10290 10375 10291
f 10193 10197 10377
f 10197 10381 10377
f 10381 10378 10377
f 10381 10427 10378
f 10382 10379 10380
f 10383 10382 10380
f 10291 10382 10292
f 10379 10382 10291
f 10197 10299 10427
f 10197 10427 10381
f 10382 10383 10293
f 10292 10382 10293
f 10300 10385 10431
f 10299 10300 10431
f 10431 10385 10386
f 10301 10383 10384
f 10301 10384 10302
f 10302 10384 10387
f 10293 10383 10301
f 10295 10304 10394
f 10295 10394 10305
f 10305 10388 10306
f 10394 10388 10305
f 10300 10308 10385
f 10221 10385 10308
f 10386 10385 10221
f 10386 10389 10435
f 10386 10221 10389
f 10221 10309 10389
f 10314 10390 10309
f 10309 10390 10389
f 10436 10316 10391
f 10316 10215 10391
f 10391 10215 10392
f 10387 10215 10302
f 10392 10215 10387
f 10304 10393 10394
f 10306 10395 10312
f 10306 10388 10395
f 10388 10394 10395
f 10395 10313 10312
f 9902 10390 10314
f 10436 10390 9902
f 10315 10436 9902
f 10316 10436 10315
f 10319 10398 10393
f 10398 10335 10393
f 10394 10393 10335
f 10395 10394 10335
f 10313 10395 10396
f 10313 10396 10323
f 10319 10397 10398
f 10396 10395 10234
f 10234 10395 10335
f 10323 10396 10399
f 10396 10234 10399
f 10323 10399 10324
f 10398 10397 10335
f 10399 10234 10324
f 10397 10326 10400
f 10318 10326 10397
f 10234 10335 10401
f 10234 10401 10327
f 10326 10330 10400
f 10330 10402 10400
f 10402 10397 10400
f 10335 10397 10402
f 10401 10335 10331
f 10330 10333 10402
f 10335 10402 10333
f 10344 10343 10403
f 10344 10404 10345
f 10403 10404 10344
f 10345 10404 10341
f 10404 10405 10341
f 10405 10346 10341
f 10346 10405 10342
f 10342 10405 10348
f 10403 10350 10406
f 10343 10350 10403
f 10406 10440 10404
f 10406 10404 10403
f 10405 10404 10440
f 10348 10405 10351
f 10351 10405 10407
f 10349 10351 10407
f 10356 10355 10408
f 10350 10356 10408
f 10350 10408 10409
f 10350 10409 10406
f 10349 10407 10447
f 10357 10349 10447
f 10357 10447 10410
f 10358 10357 10410
f 10355 10361 10408
f 10358 10410 10451
f 10359 10358 10451
f 10359 10451 10362
f 10362 10451 10411
f 10362 10411 10412
f 10365 10362 10412
f 10367 10366 10412
f 10366 10365 10412
f 10367 10412 10413
f 10413 10414 10367
f 10414 10368 10367
f 10361 10283 10415
f 10416 10285 10368
f 10416 10368 10414
f 10285 10416 10369
f 10283 10417 10415
f 10417 10458 10415
f 10416 10418 10369
f 10417 10370 10419
f 10460 10458 10417
f 10460 10417 10420
f 10420 10417 10419
f 10421 10373 10418
f 10369 10373 10371
f 10418 10373 10369
f 10422 10419 10370
f 10422 10420 10419
f 10422 10463 10420
f 10421 10424 10423
f 10373 10421 10423
f 10373 10423 10372
f 10374 10463 10422
f 10372 10423 10376
f 10378 10425 10374
f 10380 10426 10430
f 10426 10380 10376
f 10378 10427 10425
f 10428 10425 10429
f 10429 10425 10427
f 10434 10383 10430
f 10383 10380 10430
f 10299 10431 10427
f 10431 10429 10427
f 10432 10429 10431
f 10383 10434 10384
f 10432 10431 10386
f 10435 10432 10386
f 10435 10433 10432
f 10436 10433 10437
f 10437 10433 10435
f 10434 10438 10439
f 10384 10439 10387
f 10434 10439 10384
f 10390 10435 10389
f 10437 10435 10390
f 10436 10437 10390
f 10438 10436 10391
f 10392 10438 10391
f 10439 10438 10392
f 10387 10439 10392
f 10440 10441 10405
f 10405 10443 10407
f 10442 10443 10405
f 10409 10408 10444
f 10409 10440 10406
f 10409 10444 10440
f 10444 10445 10440
f 10446 10441 10445
f 10445 10441 10440
f 10442 10405 10441
f 10448 10443 10442
f 10447 10443 10448
f 10447 10407 10443
f 10447 10449 10410
f 10444 10361 10450
f 10408 10361 10444
f 10450 10445 10444
f 10447 10448 10484
f 10449 10447 10484
f 10451 10449 10452
f 10451 10410 10449
f 10451 10453 10411
f 10451 10452 10488
f 10453 10451 10488
f 10412 10453 10454
f 10412 10411 10453
f 10413 10455 10414
f 10413 10454 10455
f 10413 10412 10454
f 10361 10415 10456
f 10456 10480 10361
f 10457 10414 10455
f 10414 10457 10416
f 10415 10458 10456
f 10458 10495 10456
f 10420 10459 10460
f 10460 10495 10458
f 10460 10459 10461
f 10418 10462 10421
f 10416 10462 10418
f 10420 10463 10459
f 10461 10459 10463
f 10424 10462 10423
f 10423 10462 10465
f 10421 10462 10424
f 10463 10374 10464
f 10461 10463 10464
f 10423 10465 10376
f 10425 10464 10374
f 10425 10466 10464
f 10466 10461 10464
f 10467 10461 10468
f 10468 10461 10466
f 10470 10426 10471
f 10465 10426 10376
f 10471 10426 10465
f 10425 10428 10466
f 10429 10466 10428
f 10429 10472 10466
f 10472 10468 10466
f 10473 10468 10472
f 10469 10468 10436
f 10436 10468 10473
f 10474 10509 10469
f 10474 10469 10436
f 10509 10474 10475
f 10426 10470 10475
f 10426 10475 10434
f 10426 10434 10430
f 10429 10432 10472
f 10433 10472 10432
f 10473 10472 10433
f 10436 10473 10433
f 10476 10474 10436
f 10434 10475 10476
f 10475 10474 10476
f 10476 10436 10438
f 10434 10476 10438
f 10441 10446 10477
f 10477 10478 10441
f 10441 10482 10442
f 10442 10479 10448
f 10482 10479 10442
f 10445 10450 10480
f 10445 10477 10446
f 10445 10480 10477
f 10480 10481 10477
f 10510 10478 10481
f 10481 10478 10477
f 10482 10441 10478
f 10479 10482 10483
f 10484 10479 10485
f 10484 10448 10479
f 10484 10486 10449
f 10449 10486 10452
f 10450 10361 10480
f 10484 10485 10487
f 10486 10484 10487
f 10488 10486 10489
f 10488 10452 10486
f 10488 10490 10453
f 10453 10490 10454
f 10488 10489 10491
f 10490 10488 10491
f 10455 10490 10492
f 10455 10454 10490
f 10480 10456 10493
f 10481 10480 10493
f 10455 10494 10457
f 10492 10494 10455
f 10456 10495 10493
f 10481 10493 10495
f 10496 10513 10481
f 10461 10495 10460
f 10481 10495 10461
f 10461 10497 10515
f 10461 10515 10496
f 10461 10496 10481
f 10515 10497 10498
f 10416 10499 10462
f 10457 10499 10416
f 10497 10461 10467
f 10498 10497 10467
f 10500 10498 10501
f 10501 10498 10467
f 10500 10501 10502
f 10462 10499 10465
f 10503 10502 10504
f 10504 10502 10501
f 10503 10504 10505
f 10499 10506 10507
f 10508 10499 10507
f 10499 10508 10465
f 10469 10467 10468
f 10509 10467 10469
f 10509 10501 10467
f 10504 10501 10509
f 10505 10504 10509
f 10506 10505 10509
f 10470 10507 10509
f 10507 10506 10509
f 10471 10507 10470
f 10508 10507 10471
f 10465 10508 10471
f 10470 10509 10475
f 10478 10510 10482
f 10510 10483 10482
f 10479 10483 10485
f 10487 10483 10510
f 10485 10483 10487
f 10487 10511 10486
f 10486 10511 10489
f 10510 10481 10513
f 10487 10510 10513
f 10489 10511 10491
f 10511 10487 10491
f 10491 10512 10490
f 10490 10512 10492
f 10491 10487 10514
f 10512 10491 10514
f 10492 10514 10494
f 10512 10514 10492
f 10513 10496 10515
f 10516 10513 10515
f 10487 10513 10517
f 10517 10513 10516
f 10494 10514 10457
f 10516 10515 10498
f 10500 10516 10498
f 10500 10517 10516
f 10506 10487 10517
f 10514 10487 10518
f 10457 10518 10499
f 10514 10518 10457
f 10517 10500 10502
f 10503 10517 10502
f 10503 10519 10517
f 10519 10506 10517
f 10499 10518 10506
f 10518 10487 10506
f 10505 10519 10503
f 10506 10519 10505
