# chimera.real_body_20260922: the committed CT preview, repaired
# and QEM-decimated under the importer's kMaxTris; see
# validation/slice_real_body_20260922/{preregistration.md,
# repair_and_decimate.py, check_body_closure.py, body_manifest.json}
v 38.799999 27.199997 29.279999
v 38.879997 27.119999 29.920000
v 38.799999 27.199999 29.920000
v 38.879997 27.199999 30.000000
v 38.799999 27.359999 29.920000
v 38.879997 27.359999 30.000000
v 38.799999 27.519999 28.959999
v 38.879997 27.519999 28.879999
v 38.879997 27.439999 30.080000
v 38.799999 27.519999 30.080000
v 38.879997 27.439999 30.240000
v 38.799999 27.519999 30.240000
v 38.879997 27.519999 30.320000
v 38.879997 27.680000 28.879999
v 38.799999 27.680000 30.240000
v 38.879997 27.680000 30.320000
v 38.879997 27.840000 28.879999
v 38.799999 27.840000 30.240000
v 38.879997 27.840000 30.320000
v 38.879997 27.920000 28.959999
v 38.799999 28.000000 30.240000
v 38.879997 28.000000 30.320000
v 38.879997 28.080000 29.119999
v 38.799999 28.160000 29.279999
v 38.879997 28.160000 29.199999
v 38.799999 28.160000 30.240000
v 38.880000 28.160000 30.320002
v 38.799999 28.320000 29.279999
v 38.879997 28.320000 29.199999
v 38.799999 28.320000 29.439999
v 38.799999 28.320000 30.080000
v 38.879997 28.400000 29.279999
v 38.880003 28.400006 29.439999
v 38.799999 28.480000 29.599998
v 38.799999 28.480000 29.920000
v 38.879997 28.480000 30.000000
v 38.879997 28.400000 30.080000
v 38.880071 28.560073 29.599998
v 38.959999 27.039999 29.119999
v 39.040001 27.039999 29.039999
v 39.040001 26.959999 29.119999
v 38.959999 27.039999 29.279999
v 38.959999 27.039999 29.920000
v 38.959999 27.039999 30.080000
v 38.959999 27.039999 30.240000
v 38.959999 27.199999 28.799999
v 39.040001 27.199999 28.719999
v 39.040001 27.119999 28.799999
v 39.040001 27.119999 28.959999
v 38.959999 27.199999 28.959999
v 38.959999 27.199999 29.119999
v 38.959999 27.199999 30.080000
v 38.959999 27.199999 30.240000
v 38.959999 27.199999 30.400000
v 39.040001 27.199999 30.480000
v 38.959999 27.359999 28.799999
v 39.040001 27.359999 28.719999
v 38.959999 27.359999 28.959999
v 38.959999 27.359999 30.080000
v 38.959999 27.359999 30.240000
v 38.959999 27.359999 30.400000
v 39.040001 27.359999 30.480000
v 38.959999 27.519999 28.639999
v 39.040001 27.519999 28.559999
v 39.040001 27.439999 28.639999
v 38.959999 27.519999 28.799999
v 38.959999 27.519999 30.400000
v 39.040001 27.439999 30.559999
v 38.959999 27.519999 30.559999
v 39.040001 27.519999 30.639999
v 38.959999 27.840000 28.639999
v 39.040001 27.680000 28.559999
v 38.959999 27.680000 30.400000
v 38.959999 27.680000 30.559999
v 39.040001 27.680000 30.639999
v 39.040001 27.840000 28.559999
v 38.959999 27.840000 30.400000
v 38.959999 27.840000 30.559999
v 39.040001 27.840000 30.639999
v 39.040001 27.920000 28.639999
v 39.040001 27.920000 28.799999
v 38.959999 28.000000 28.959999
v 39.040001 28.000000 28.879999
v 38.959999 28.000000 30.400000
v 38.959999 28.000000 30.559999
v 39.040001 28.000000 30.639999
v 38.959999 28.160000 28.959999
v 39.040001 28.160000 28.879999
v 38.959999 28.160000 29.119999
v 38.959999 28.160000 30.400000
v 38.959999 28.160000 30.559999
v 39.040001 28.160000 30.639999
v 38.959999 28.320000 28.959999
v 39.040001 28.320000 28.879999
v 38.959999 28.320000 29.119999
v 38.959999 28.320000 30.240000
v 38.959999 28.320000 30.559999
v 39.040001 28.320000 30.639999
v 39.040004 28.400161 28.960157
v 38.959999 28.480000 29.119999
v 38.959999 28.480000 29.279999
v 38.959999 28.480000 30.080000
v 38.959999 28.639999 30.239999
v 39.040001 28.400000 30.559999
v 39.040001 28.559999 29.119999
v 39.040046 28.560044 29.439999
v 38.959999 28.639999 29.599998
v 38.959999 28.639999 29.920000
v 39.040001 28.639999 30.320000
v 39.040001 28.559999 30.400000
v 39.040001 28.719999 29.599998
v 39.040001 28.719999 29.760000
v 39.040001 28.719999 29.920000
v 39.040001 28.719999 30.080000
v 39.040001 28.719999 30.240000
v 39.200001 26.639999 29.279999
v 39.200001 26.639999 29.439999
v 39.119999 26.719999 29.279999
v 39.200001 26.639999 29.599998
v 39.200001 26.639999 29.920000
v 39.200001 26.639999 30.080000
v 39.119999 26.719999 30.080000
v 39.200001 26.719999 30.160000
v 39.119999 26.879999 28.799999
v 39.200001 26.879999 28.719999
v 39.200001 26.799999 28.799999
v 39.200001 26.799999 29.119999
v 39.119999 26.879999 29.119999
v 39.119999 26.880000 30.239999
v 39.200001 26.799999 30.240000
v 39.200001 26.799999 30.400000
v 39.119999 26.879999 30.400000
v 39.200001 26.879999 30.480000
v 39.119999 27.039999 28.480000
v 39.200001 27.039999 28.400000
v 39.200001 26.959999 28.480000
v 39.200001 26.959999 28.639999
v 39.119999 27.039999 28.639999
v 39.119999 27.039999 28.799999
v 39.119999 27.039999 28.959999
v 39.200001 26.959999 30.559999
v 39.119999 27.039999 30.559999
v 39.200001 27.039999 30.639999
v 39.119999 27.199999 28.320000
v 39.200001 27.199999 28.240000
v 39.119999 27.199999 28.639999
v 39.119999 27.199999 30.559999
v 39.200001 27.199999 30.639999
v 39.119999 27.359999 28.320000
v 39.119999 27.359999 28.639999
v 39.119999 27.359999 30.559999
v 39.200001 27.279999 30.719999
v 39.119999 27.359999 30.719999
v 39.200001 27.359999 30.799999
v 39.119999 27.519999 28.320000
v 39.200001 27.519999 28.240000
v 39.119999 27.519999 30.719999
v 39.200001 27.519999 30.799999
v 39.200001 27.599998 28.320000
v 39.119999 27.680000 28.480000
v 39.200001 27.680000 28.400000
v 39.119999 27.680000 30.879999
v 39.200001 27.680000 30.959999
v 39.119999 27.840000 28.480000
v 39.200001 27.840000 28.400000
v 39.119999 27.840000 30.879999
v 39.200001 27.840000 30.959999
v 39.200001 27.920000 28.480000
v 39.119999 28.000000 28.639999
v 39.200001 28.000000 28.559999
v 39.119999 28.000000 28.799999
v 39.119999 28.000000 30.719999
v 39.200001 28.000000 30.959999
v 39.200001 28.080000 28.639999
v 39.119999 28.160000 28.799999
v 39.200001 28.160000 28.719999
v 39.119999 28.160000 30.719999
v 39.119999 28.160000 30.879999
v 39.200001 28.160000 30.959999
v 39.119999 28.320000 28.799999
v 39.200001 28.320000 28.719999
v 39.119999 28.320000 30.719999
v 39.200001 28.320000 30.799999
v 39.200001 28.240000 30.879999
v 39.200001 28.400000 28.799999
v 39.119999 28.480000 28.959999
v 39.200001 28.480000 28.879999
v 39.119999 28.480000 30.559999
v 39.200001 28.480000 30.639999
v 39.200001 28.400000 30.719999
v 39.200001 28.559999 28.959999
v 39.119999 28.639999 29.119999
v 39.200001 28.639999 29.039999
v 39.119999 28.639999 29.279999
v 39.119999 28.639999 29.439999
v 39.119999 28.639999 30.400000
v 39.119999 28.639999 30.559999
v 39.200001 28.639999 30.639999
v 39.200001 28.719999 29.119999
v 39.200001 28.719999 29.279999
v 39.119999 28.799999 29.439999
v 39.200001 28.799999 29.359999
v 39.119999 28.799999 29.599998
v 39.119999 28.799999 29.760000
v 39.200001 28.799999 29.840000
v 39.200001 28.719999 29.920000
v 39.200001 28.719999 30.400000
v 39.200001 28.719999 30.559999
v 39.200001 28.879999 29.439999
v 39.200001 28.879999 29.599998
v 39.200001 28.879999 29.760000
v 39.279999 26.559999 29.599998
v 39.360001 26.559999 29.519999
v 39.360001 26.480000 29.599998
v 39.360001 26.480000 29.760000
v 39.279999 26.559999 29.760000
v 39.360001 26.480000 29.920000
v 39.279999 26.559999 29.920000
v 39.360001 26.480000 30.080000
v 39.279999 26.559999 30.080000
v 39.360001 26.559999 30.160000
v 39.279999 26.719999 28.480000
v 39.360001 26.719999 28.400000
v 39.360001 26.639999 28.480000
v 39.360001 26.639999 28.639999
v 39.279999 26.720000 28.799999
v 39.360001 26.639999 28.799999
v 39.360001 26.639999 29.119999
v 39.279999 26.719999 29.119999
v 39.360001 26.639999 29.279999
v 39.360001 26.639999 29.439999
v 39.360001 26.639999 30.240000
v 39.279999 26.719999 30.240000
v 39.360001 26.719999 30.320000
v 39.279999 26.879999 28.480000
v 39.360001 26.879999 28.400000
v 39.279999 26.879999 28.639999
v 39.360001 26.799999 30.400000
v 39.360001 26.799999 30.559999
v 39.279999 26.879999 30.559999
v 39.360001 26.879999 30.639999
v 39.279999 27.039999 28.320000
v 39.360001 27.039999 28.240000
v 39.360001 26.959999 28.320000
v 39.360001 26.959999 30.719999
v 39.279999 27.039999 30.719999
v 39.360001 27.039999 30.799999
v 39.360001 27.199999 28.240000
v 39.279999 27.199999 30.719999
v 39.360001 27.199999 30.799999
v 39.360001 27.359999 28.240000
v 39.360001 27.279999 30.879999
v 39.279999 27.359999 30.879999
v 39.360011 27.359986 30.959996
v 39.360001 27.519999 28.240000
v 39.279999 27.519999 30.879999
v 39.279999 27.519999 31.039999
v 39.360001 27.519999 31.119999
v 39.279999 27.680000 28.320000
v 39.360001 27.680000 28.240000
v 39.279999 27.680000 31.039999
v 39.360001 27.840000 31.119999
v 39.360001 27.760000 28.320000
v 39.360001 27.840000 28.400000
v 39.279999 28.000000 28.480000
v 39.360001 28.000000 28.400000
v 39.279999 28.000000 31.039999
v 39.360001 28.080000 28.480000
v 39.279999 28.160000 28.639999
v 39.360001 28.160000 28.559999
v 39.279999 28.160000 31.039999
v 39.360001 28.160000 31.119999
v 39.279999 28.320000 28.639999
v 39.360001 28.320000 28.559999
v 39.279999 28.320000 30.879999
v 39.279999 28.320000 31.039999
v 39.360001 28.320000 31.119999
v 39.360001 28.400000 28.639999
v 39.279999 28.480000 28.799999
v 39.360001 28.480000 28.719999
v 39.279999 28.480000 30.719999
v 39.279999 28.480000 30.879999
v 39.360001 28.559999 28.799999
v 39.360001 28.559999 28.959999
v 39.360001 28.639999 29.039999
v 39.279999 28.639999 30.719999
v 39.360001 28.639999 30.799999
v 39.360001 28.559999 30.879999
v 39.360001 28.719999 29.119999
v 39.360001 28.719999 29.279999
v 39.360001 28.799999 29.359999
v 39.279999 28.799999 29.920000
v 39.279999 28.799999 30.080000
v 39.279999 28.799999 30.400000
v 39.279999 28.799999 30.559999
v 39.279999 28.799999 30.719999
v 39.360001 28.799999 30.799999
v 39.360001 28.879999 29.439999
v 39.520000 28.879999 29.760000
v 39.360001 28.879999 29.760000
v 39.360001 28.879999 29.920000
v 39.360001 28.879999 30.080000
v 39.279999 28.959999 30.240000
v 39.360001 28.959999 30.160000
v 39.279999 28.959999 30.559999
v 39.360001 28.959999 30.639999
v 39.360001 29.039999 30.240000
v 39.360001 29.039999 30.400000
v 39.360001 29.039999 30.559999
v 39.439999 26.400000 29.119999
v 39.520000 26.400000 29.039999
v 39.520000 26.320000 29.119999
v 39.520000 26.320000 29.439999
v 39.439999 26.400000 29.279999
v 39.439999 26.400000 29.439999
v 39.520000 26.400000 29.519999
v 39.439999 26.559999 28.480000
v 39.520000 26.559999 28.400000
v 39.520000 26.480000 28.480000
v 39.520000 26.480000 28.639999
v 39.520000 26.480000 28.799999
v 39.439999 26.559999 28.959999
v 39.520000 26.480000 28.959999
v 39.439999 26.559999 29.119999
v 39.439999 26.559999 29.279999
v 39.439999 26.559999 29.439999
v 39.520000 26.480000 29.599998
v 39.520000 26.480000 29.760000
v 39.520000 26.480000 29.920000
v 39.520000 26.480000 30.080000
v 39.520000 26.480000 30.240000
v 39.439999 26.559999 30.240000
v 39.520000 26.559999 30.320000
v 39.439999 26.719999 28.320000
v 39.520000 26.719999 28.240000
v 39.521676 26.664571 30.426246
v 39.439999 26.719999 30.400000
v 39.439999 26.879999 28.320000
v 39.520000 26.879999 28.240000
v 39.520000 26.799999 30.559999
v 39.520000 26.799999 30.719999
v 39.439999 26.879999 30.719999
v 39.520000 26.879999 30.799999
v 39.439964 27.039999 28.160034
v 39.520000 27.039999 28.080000
v 39.520000 26.959999 28.160000
v 39.520000 26.959999 30.879999
v 39.439999 27.039999 30.879999
v 39.520000 27.039999 30.959999
v 39.520000 27.199999 28.080000
v 39.439999 27.199999 30.879999
v 39.520000 27.199999 30.959999
v 39.520000 27.359999 28.080000
v 39.520000 27.279999 31.039999
v 39.439999 27.359999 31.039999
v 39.520000 27.359999 31.119999
v 39.520000 27.519999 28.080000
v 39.520000 27.519999 31.119999
v 39.439999 27.680000 28.160000
v 39.520000 27.680000 28.080000
v 39.520000 27.680000 31.119999
v 39.520000 27.760000 28.160000
v 39.439999 27.840000 28.320000
v 39.520000 27.840000 28.240000
v 39.520000 27.760000 31.199999
v 39.439999 27.840000 31.199999
v 39.520000 27.840000 31.279999
v 39.439999 28.000000 28.320000
v 39.520000 28.000000 28.240000
v 39.439999 28.000000 31.199999
v 39.520000 28.000000 31.279999
v 39.520000 28.080000 28.320000
v 39.439999 28.160000 28.480000
v 39.520000 28.160000 28.400000
v 39.439999 28.160000 31.199999
v 39.520000 28.160000 31.279999
v 39.439999 28.320000 28.480000
v 39.520000 28.320000 28.400000
v 39.520000 28.240000 31.199999
v 39.520000 28.320000 31.119999
v 39.519992 28.400013 28.480022
v 39.439999 28.480000 28.639999
v 39.520000 28.399870 31.040129
v 39.520000 28.559999 28.639999
v 39.520000 28.559999 28.799999
v 39.520000 28.559999 28.959999
v 39.520000 28.639999 29.039999
v 39.520000 28.639999 30.799999
v 39.520000 28.719999 29.119999
v 39.520000 28.719999 29.279999
v 39.520000 28.799999 29.359999
v 39.520000 28.799999 30.799999
v 39.520000 28.879999 29.439999
v 39.520000 28.879999 29.599998
v 39.439999 28.959999 29.920000
v 39.520000 28.959999 29.840000
v 39.439999 28.959999 30.080000
v 39.520000 28.879999 30.719999
v 39.520000 28.959999 30.639999
v 39.439999 29.119999 29.920000
v 39.520000 29.119999 29.840000
v 39.439999 29.119999 30.080000
v 39.439999 29.119999 30.240000
v 39.439999 29.119999 30.400000
v 39.439999 29.119999 30.559999
v 39.520000 29.119999 30.639999
v 39.520000 29.199999 29.920000
v 39.520000 29.199999 30.080000
v 39.520000 29.199999 30.240000
v 39.520000 29.199999 30.400000
v 39.520000 29.199999 30.559999
v 39.599998 26.400000 28.959999
v 39.680000 26.400000 28.879999
v 39.680000 26.320000 28.959999
v 39.680000 26.320000 29.599998
v 39.599998 26.400000 29.599998
v 39.680000 26.320000 29.760000
v 39.599998 26.400000 29.760000
v 39.680000 26.320000 29.920000
v 39.599998 26.400000 29.920000
v 39.680000 26.320000 30.080000
v 39.599998 26.400000 30.080000
v 39.680000 26.400000 30.160000
v 39.680000 26.480000 28.480000
v 39.680000 26.480000 28.639999
v 39.680000 26.480000 28.799999
v 39.680000 26.480000 30.240000
v 39.680000 26.480000 30.400000
v 39.599998 26.559999 30.400000
v 39.680000 26.559999 30.480000
v 39.680000 26.719999 28.240000
v 39.680000 26.639999 28.320000
v 39.680000 26.639999 30.559999
v 39.599998 26.719999 30.559999
v 39.680000 26.639999 30.719999
v 39.599998 26.719999 30.719999
v 39.680000 26.719999 30.799999
v 39.599998 26.879999 28.160000
v 39.680000 26.879999 28.080000
v 39.680000 26.799999 30.879999
v 39.599998 26.879999 30.879999
v 39.680000 26.879999 30.959999
v 39.680000 27.039999 28.080000
v 39.680000 26.959999 31.039999
v 39.599998 27.039999 31.039999
v 39.680000 27.039999 31.119999
v 39.599998 27.199999 28.000000
v 39.680000 27.199999 27.920000
v 39.680000 27.119999 28.000000
v 39.599998 27.199999 31.039999
v 39.680000 27.199999 31.119999
v 39.599998 27.359999 28.000000
v 39.680000 27.359999 31.119999
v 39.599998 27.519999 28.000000
v 39.680000 27.519999 27.920000
v 39.680000 27.439999 31.199999
v 39.599998 27.519999 31.199999
v 39.680000 27.519999 31.279999
v 39.680000 27.599998 28.000000
v 39.680000 27.680000 28.080000
v 39.599998 27.680000 31.199999
v 39.680000 27.680000 31.279999
v 39.599998 27.840000 28.160000
v 39.680000 27.840000 28.080000
v 39.680000 27.840000 31.279999
v 39.680000 27.920000 28.160000
v 39.680000 28.000000 28.240000
v 39.680000 28.160000 31.279999
v 39.599998 28.160000 28.320000
v 39.680000 28.160000 28.240000
v 39.599998 28.320000 28.320000
v 39.680000 28.320000 28.240000
v 39.599998 28.320000 31.199999
v 39.680000 28.320000 31.279999
v 39.680000 28.400000 28.320000
v 39.599998 28.480000 28.480000
v 39.680000 28.480000 28.400000
v 39.599998 28.480000 31.039999
v 39.680000 28.480000 31.119999
v 39.680000 28.400000 31.199999
v 39.680000 28.559999 28.480000
v 39.599998 28.639999 28.639999
v 39.680000 28.639999 28.559999
v 39.599998 28.639999 28.959999
v 39.599998 28.639999 30.879999
v 39.599998 28.639999 31.039999
v 39.680000 28.639999 31.119999
v 39.599998 28.799999 28.639999
v 39.680000 28.799999 28.559999
v 39.599998 28.799999 28.799999
v 39.599998 28.799999 29.119999
v 39.599998 28.799999 29.279999
v 39.599998 28.799999 30.879999
v 39.599998 28.799999 31.039999
v 39.680000 28.799999 31.119999
v 39.680000 28.879999 28.639999
v 39.680000 28.879999 28.799999
v 39.599998 28.959999 28.959999
v 39.680028 28.959999 28.879971
v 39.599998 28.959999 29.439999
v 39.599998 28.959999 29.599998
v 39.599998 28.959999 29.760000
v 39.599998 28.959999 30.719999
v 39.680000 28.959999 30.799999
v 39.680000 28.879999 30.879999
v 39.680000 28.879999 31.039999
v 39.599998 29.119999 29.760000
v 39.599998 29.119999 30.719999
v 39.680000 29.119999 30.799999
v 39.599998 29.279999 28.959999
v 39.680000 29.279999 28.879999
v 39.599998 29.279999 29.920000
v 39.599998 29.279999 30.240000
v 39.680000 29.279999 30.320000
v 39.680000 29.199999 30.400000
v 39.680000 29.199999 30.559999
v 39.680000 29.199999 30.719999
v 39.680000 29.359999 28.959999
v 39.680000 29.359999 29.119999
v 39.680000 29.359999 29.279999
v 39.680000 29.359999 29.439999
v 39.680000 29.359999 29.599998
v 39.680000 29.359999 29.760000
v 39.680000 29.359999 29.920000
v 39.680000 29.359999 30.080000
v 39.680000 29.359999 30.240000
v 39.759998 26.400000 28.799999
v 39.840000 26.400000 28.719999
v 39.840000 26.320000 28.799999
v 39.840000 26.320000 29.119997
v 39.840000 26.320000 30.080000
v 39.840000 26.320000 30.240000
v 39.759998 26.400000 30.240000
v 39.840000 26.400000 30.320000
v 39.840000 26.559999 28.400000
v 39.840000 26.480000 28.480000
v 39.840000 26.480000 28.639999
v 39.840000 26.480000 30.400000
v 39.840000 26.480000 30.559999
v 39.759998 26.559999 30.559999
v 39.840000 26.480000 30.719999
v 39.759998 26.559999 30.719999
v 39.840000 26.559999 30.799999
v 39.840000 26.719999 28.240000
v 39.840000 26.639999 28.320000
v 39.840000 26.639999 30.879999
v 39.759998 26.719999 30.879999
v 39.840000 26.719999 30.959999
v 39.840000 26.879999 28.080000
v 39.840000 26.799999 28.160000
v 39.840000 26.799999 31.039999
v 39.759998 26.879999 31.039999
v 39.840000 26.879999 31.119999
v 39.759998 27.039999 28.000000
v 39.840000 27.039999 27.920000
v 39.840000 26.959999 28.000000
v 39.840000 27.039999 31.119999
v 39.840000 27.199999 27.920000
v 39.840000 27.119999 31.199999
v 39.759998 27.199999 31.199999
v 39.840000 27.199999 31.279999
v 39.840000 27.359999 27.920000
v 39.759998 27.359999 31.199999
v 39.840000 27.359999 31.279999
v 39.840000 27.519999 27.920000
v 39.840000 27.519999 31.279999
v 39.759998 27.680000 28.000000
v 39.840000 27.680000 27.920000
v 39.840000 27.599998 31.359999
v 39.760012 27.680000 31.360013
v 39.840000 27.760000 28.000000
v 39.840000 27.840000 28.080000
v 39.840000 27.680000 31.439999
v 39.759998 28.000000 28.160000
v 39.840000 28.000000 28.080000
v 39.759998 28.000000 31.359999
v 39.840000 28.080000 28.160000
v 39.840000 28.160000 28.240000
v 39.759998 28.160000 31.359999
v 39.840000 28.160000 31.439999
v 39.840000 28.320000 28.240000
v 39.840000 28.240000 31.359999
v 39.840000 28.320000 31.279999
v 39.840000 28.400000 28.320000
v 39.840000 28.480000 28.400000
v 39.759998 28.480000 31.199999
v 39.840000 28.480000 31.279999
v 39.759998 28.639999 28.480000
v 39.840000 28.639999 28.400000
v 39.759998 28.639999 31.199999
v 39.840000 28.639999 31.279999
v 39.759998 28.799999 28.480000
v 39.840000 28.799999 28.400000
v 39.840000 28.719999 31.199999
v 39.840000 28.799999 31.119999
v 39.840000 28.879999 28.480000
v 39.759998 28.959999 28.639999
v 39.840000 28.959999 28.559999
v 39.759998 28.959999 28.799999
v 39.759998 28.959999 30.879999
v 39.759998 28.959999 31.039999
v 39.840000 28.959999 31.119999
v 39.840000 29.039999 28.639999
v 39.759998 29.119999 28.799999
v 39.840000 29.119999 28.719999
v 39.840000 29.039999 30.879999
v 39.840000 29.119999 30.799999
v 39.840000 29.039999 31.039999
v 39.759998 29.279999 28.799999
v 39.840000 29.279999 28.719999
v 39.759998 29.279999 30.400000
v 39.840000 29.279999 30.480000
v 39.840000 29.199999 30.559999
v 39.840000 29.199999 30.719999
v 39.840000 29.359999 28.799999
v 39.759998 29.439999 28.959999
v 39.840000 29.439999 28.879999
v 39.759998 29.439999 29.119999
v 39.759998 29.439999 29.279999
v 39.759998 29.439999 29.439999
v 39.759998 29.439999 29.599998
v 39.759998 29.439999 29.760000
v 39.759998 29.439999 29.920000
v 39.840000 29.439999 30.000000
v 39.840000 29.359999 30.080000
v 39.840000 29.359999 30.400000
v 39.840000 29.519999 28.959999
v 39.840000 29.519999 29.599998
v 39.840000 29.519999 29.920000
v 40.000000 26.160000 29.119999
v 40.000000 26.160000 29.279999
v 39.919998 26.240000 29.279999
v 40.000000 26.160000 29.439999
v 40.000000 26.160000 29.599998
v 40.000000 26.160000 29.760000
v 39.919998 26.240000 29.760000
v 40.000000 26.160000 29.920000
v 39.919999 26.239999 30.080000
v 40.000000 26.160000 30.080000
v 40.000000 26.240000 30.160000
v 39.919998 26.400000 28.639999
v 40.000000 26.400000 28.559999
v 40.000000 26.320000 28.639999
v 40.000000 26.320000 28.799999
v 40.000000 26.320000 28.959999
v 40.000000 26.320000 30.240000
v 40.000000 26.320000 30.400000
v 39.919998 26.400000 30.400000
v 40.000000 26.320000 30.559999
v 39.919998 26.400000 30.559999
v 40.000000 26.400000 30.639999
v 40.000000 26.480000 28.320000
v 40.000000 26.480000 28.480000
v 40.000000 26.480000 30.719999
v 40.000000 26.480000 30.879999
v 39.919998 26.559999 30.879999
v 40.000000 26.559999 30.959999
v 39.919998 26.719999 28.000000
v 40.000000 26.719999 27.920000
v 40.000000 26.639999 28.000000
v 40.000000 26.639999 28.160000
v 39.919998 26.719999 28.160000
v 40.000000 26.719999 30.959999
v 39.919998 26.879999 28.000000
v 40.000000 26.879999 27.920000
v 40.000000 26.799999 31.039999
v 40.000000 26.799999 31.199999
v 39.919998 26.879999 31.199999
v 40.000000 26.879999 31.279999
v 40.000000 27.039999 27.920000
v 39.919998 27.039999 31.199999
v 40.000000 27.039999 31.279999
v 39.973202 27.199999 27.786798
v 40.000000 27.119999 27.840000
v 40.000000 27.199999 31.279999
v 40.000000 27.359999 27.760000
v 40.000000 27.279999 31.359999
v 39.919998 27.359999 31.359999
v 40.000000 27.359999 31.439999
v 39.919998 27.519999 27.840000
v 40.000000 27.519999 27.760000
v 39.919998 27.519999 31.359999
v 40.000000 27.519999 31.439999
v 40.000000 27.599998 27.840000
v 40.000000 27.680000 27.920000
v 40.000000 27.680000 31.439999
v 39.919998 27.840000 28.000000
v 40.000000 27.840000 27.920000
v 40.000000 27.840000 31.439999
v 40.000000 27.920000 28.000000
v 40.000000 28.000000 28.080000
v 40.000000 28.000000 31.439999
v 39.919998 28.160000 28.160000
v 40.000000 28.160000 28.080000
v 40.000000 28.160000 31.439999
v 39.919998 28.320000 28.160000
v 40.000000 28.480000 28.080000
v 39.919998 28.320000 31.359999
v 40.000000 28.320000 31.439999
v 39.919998 28.480000 28.160000
v 39.919998 28.480000 28.320000
v 40.000000 28.400000 31.359999
v 40.000000 28.480000 31.279999
v 39.919998 28.639999 28.320000
v 40.000000 28.639999 28.240000
v 40.000000 28.639999 31.279999
v 39.919998 28.799999 28.320000
v 40.000000 28.799999 28.240000
v 40.000000 28.719999 31.199999
v 40.000000 28.799999 31.119999
v 39.919998 28.959999 28.320000
v 40.000000 28.959999 28.240000
v 39.919998 28.959999 28.480000
v 40.000000 28.959999 31.119999
v 39.919998 29.119999 28.320000
v 40.000000 29.119999 28.240000
v 39.919998 29.119999 28.480000
v 39.919998 29.119999 28.639999
v 39.919998 29.119999 30.879999
v 40.000000 29.119999 30.959999
v 40.000000 29.039999 31.039999
v 40.000000 29.199999 28.320000
v 40.000000 29.199999 28.480000
v 39.919998 29.279999 28.639999
v 39.919998 29.279999 30.559999
v 40.000000 29.279999 30.639999
v 40.000000 29.199999 30.719999
v 40.000000 29.199999 30.879999
v 39.999970 29.360104 28.640135
v 39.919998 29.439999 28.799999
v 39.919998 29.439999 30.080000
v 39.919998 29.439999 30.240000
v 39.919998 29.439999 30.400000
v 40.000000 29.439999 30.480000
v 40.000000 29.359999 30.559999
v 40.000000 29.519999 28.799999
v 39.919998 29.599998 28.959999
v 39.998455 29.678453 28.959999
v 39.919998 29.599998 29.119999
v 39.919998 29.599998 29.279999
v 39.919998 29.599998 29.439999
v 39.919998 29.599998 29.599998
v 40.000000 29.599998 29.679998
v 40.000000 29.519999 29.760000
v 40.000000 29.519999 29.920000
v 40.000000 29.519999 30.080000
v 40.000000 29.519999 30.240000
v 40.000000 29.519999 30.400000
v 40.000000 29.679998 29.119999
v 40.000000 29.679998 29.279999
v 40.000000 29.679998 29.439999
v 40.000000 29.679998 29.599998
v 40.079998 26.240000 28.799999
v 40.160000 26.240000 28.719999
v 40.160000 26.160000 28.799999
v 40.160000 26.160000 28.959999
v 40.079998 26.240000 28.959999
v 40.160000 26.160000 29.119999
v 40.160000 26.160000 29.279999
v 40.160000 26.160000 29.439999
v 40.160000 26.160000 29.599998
v 40.160000 26.160000 29.760000
v 40.160000 26.160000 29.920000
v 40.160000 26.160000 30.080000
v 40.160000 26.160000 30.240000
v 40.079998 26.240000 30.240000
v 40.160000 26.240000 30.320000
v 40.079998 26.400000 28.320000
v 40.160000 26.320000 28.320000
v 40.160000 26.320000 28.480000
v 40.079998 26.400000 28.480000
v 40.160000 26.320000 28.639999
v 40.160000 26.320000 30.400000
v 40.160000 26.320000 30.559999
v 40.160000 26.400000 30.639999
v 40.159999 26.639999 28.000000
v 40.160000 26.480000 30.719999
v 40.160000 26.480000 30.879999
v 40.160000 26.559999 30.959999
v 40.160000 26.719999 27.920000
v 40.160000 26.639999 31.039999
v 40.079998 26.719999 31.039999
v 40.160000 26.719999 31.119999
v 40.079998 26.879999 27.840000
v 40.160000 26.879999 27.760000
v 40.160000 26.799999 31.199999
v 40.160000 26.879999 31.279999
v 40.079998 27.039999 27.840000
v 40.160000 27.039999 27.760000
v 40.160000 27.039999 31.279999
v 40.079998 27.199999 27.680000
v 40.160000 27.199999 27.599998
v 40.160000 27.119999 27.680000
v 40.160000 27.119999 31.359999
v 40.079998 27.199999 31.359999
v 40.160000 27.199999 31.439999
v 40.079998 27.359999 27.680000
v 40.160000 27.359999 27.599998
v 40.160000 27.359999 31.439999
v 40.079998 27.519999 27.680000
v 40.160000 27.519999 27.599998
v 40.160000 27.519999 31.439999
v 40.160000 27.599998 27.680000
v 40.079998 27.680000 27.840000
v 40.160000 27.680000 27.760000
v 40.160000 27.599998 31.519999
v 40.079998 27.680000 31.519999
v 40.160000 27.680000 31.599998
v 40.160000 27.760000 27.840000
v 40.160000 27.840000 27.920000
v 40.079998 27.840000 31.519999
v 40.160000 27.840000 31.599998
v 40.079998 28.000000 28.000000
v 40.160000 28.000000 27.920000
v 40.079998 28.000000 31.519999
v 40.160000 28.000000 31.599998
v 40.160000 28.080000 28.000000
v 40.160000 28.160000 28.080000
v 40.160000 28.080000 31.519999
v 40.160000 28.160000 31.439999
v 40.160000 28.639999 28.080000
v 40.160000 28.320000 31.439999
v 40.079998 28.480000 31.359999
v 40.160000 28.480000 31.439999
v 40.079998 28.639999 28.160000
v 40.079998 28.639999 31.359999
v 40.160000 28.639999 31.439999
v 40.079998 28.799999 28.160000
v 40.160000 28.799999 28.080000
v 40.079998 28.799999 31.199999
v 40.160000 28.799999 31.279999
v 40.160000 28.719999 31.359999
v 40.079998 28.959999 28.160000
v 40.160000 28.959999 28.080000
v 40.160000 28.879999 31.199999
v 40.160000 28.959999 31.119999
v 40.160000 29.039999 28.160000
v 40.160000 29.119999 28.240000
v 40.160000 29.199999 28.320000
v 40.079998 29.279999 28.480000
v 40.160000 29.199999 30.719999
v 40.160000 29.279999 30.639999
v 40.160000 29.199999 30.879999
v 40.160000 29.359999 28.480000
v 40.079998 29.439999 28.639999
v 40.160000 29.439999 28.559999
v 40.160000 29.359999 30.559999
v 40.160000 29.439999 30.480000
v 40.079998 29.599998 28.639999
v 40.160000 29.599998 28.559999
v 40.079998 29.599998 28.799999
v 40.079998 29.599998 29.760000
v 40.079998 29.599998 29.920000
v 40.079998 29.599998 30.080000
v 40.079998 29.599998 30.240000
v 40.160000 29.599998 30.320000
v 40.160000 29.519999 30.400000
v 40.160000 29.679998 28.639999
v 40.079998 29.760000 28.799999
v 40.079998 29.760000 28.959999
v 40.079998 29.760000 29.599998
v 40.079998 29.760000 29.760000
v 40.079998 29.760000 29.920000
v 40.160000 29.760000 30.000000
v 40.160000 29.679998 30.080000
v 40.160000 29.679998 30.240000
v 40.157677 29.837677 28.799999
v 40.160000 29.840000 29.599998
v 40.160000 29.840000 29.760000
v 40.160000 29.840000 29.920000
v 40.239998 26.080000 29.279999
v 40.320000 26.080000 29.199999
v 40.320000 26.000000 29.279999
v 40.239998 26.080000 29.439999
v 40.320000 26.000000 29.599998
v 40.239998 26.080000 29.599998
v 40.320000 26.080000 29.679998
v 40.239998 26.240000 28.639999
v 40.320000 26.240000 28.559999
v 40.320000 26.160000 28.639999
v 40.320000 26.160000 28.959999
v 40.320000 26.160000 29.119999
v 40.320000 26.160000 29.760000
v 40.320000 26.160000 29.920000
v 40.320000 26.160000 30.080000
v 40.320000 26.160000 30.240000
v 40.320000 26.240000 30.320000
v 40.320000 26.320000 28.320000
v 40.320000 26.320000 28.480000
v 40.320000 26.320000 30.400000
v 40.319999 26.320000 30.719999
v 40.320000 26.480000 30.879999
v 40.320000 26.639999 28.000000
v 40.319999 26.879999 27.760000
v 40.320000 26.879999 31.279999
v 40.320000 26.959999 31.359999
v 40.239998 27.039999 31.359999
v 40.320000 27.039999 31.439999
v 40.239998 27.199999 27.519999
v 40.320000 27.199999 27.439999
v 40.320000 27.119999 27.519999
v 40.320000 27.199999 31.439999
v 40.239998 27.359999 27.519999
v 40.320000 27.359999 27.439999
v 40.320000 27.279999 31.519999
v 40.239998 27.359999 31.519999
v 40.320000 27.359999 31.599998
v 40.239998 27.519999 27.519999
v 40.320000 27.519999 27.439999
v 40.239998 27.519999 31.519999
v 40.320000 27.519999 31.599998
v 40.239998 27.680000 27.519999
v 40.320000 27.680000 27.439999
v 40.239998 27.680000 27.680000
v 40.239998 27.840000 27.519999
v 40.320000 27.840000 27.439999
v 40.239998 27.840000 27.680000
v 40.239998 27.840000 27.840000
v 40.320000 27.920000 27.519999
v 40.320000 27.920000 27.680000
v 40.239998 28.000000 27.840000
v 40.320000 28.000000 27.760000
v 40.320000 28.080000 27.840000
v 40.319978 28.160000 27.920022
v 40.239998 28.160000 31.519999
v 40.320000 28.160000 31.599998
v 40.239998 28.320000 28.000000
v 40.320000 28.319999 31.599998
v 40.320000 28.480000 31.439999
v 40.239998 28.639999 28.000000
v 40.320000 28.639999 31.439999
v 40.320004 29.119999 27.919996
v 40.239998 28.959999 28.000000
v 40.239998 29.119999 28.000000
v 40.320000 29.119999 30.959999
v 40.239998 29.279999 28.160000
v 40.320000 29.279999 28.080000
v 40.239998 29.279999 30.719999
v 40.320000 29.279999 30.799999
v 40.320000 29.199999 30.879999
v 40.239998 29.439999 28.160000
v 40.320000 29.439999 28.080000
v 40.239998 29.439999 28.480000
v 40.239998 29.439999 30.559999
v 40.320000 29.439999 30.639999
v 40.320000 29.359999 30.719999
v 40.320000 29.519999 28.160000
v 40.239998 29.599998 28.320000
v 40.320000 29.599998 28.240000
v 40.320000 29.519999 30.400000
v 40.320000 29.599998 30.320000
v 40.320000 29.519999 30.559999
v 40.320000 29.679998 28.320000
v 40.239998 29.760000 28.480000
v 40.320000 29.760000 28.400000
v 40.239998 29.760000 28.639999
v 40.320000 29.679998 30.080000
v 40.320000 29.760000 30.000000
v 40.320000 29.679998 30.240000
v 40.320000 29.840000 28.480000
v 40.320000 29.840000 28.639999
v 40.240011 29.920013 28.799999
v 40.239998 29.920000 29.599998
v 40.320000 29.920000 29.679998
v 40.320000 29.840000 29.760000
v 40.320000 29.840000 29.920000
v 40.320024 30.000024 28.799999
v 40.320000 30.000000 29.119999
v 40.320000 30.000000 29.279999
v 40.320000 30.000000 29.439999
v 40.320000 30.000000 29.599998
v 40.480000 26.080000 29.199999
v 40.480000 26.000000 29.279999
v 40.480000 26.000000 29.599998
v 40.480000 26.080000 29.679998
v 40.480000 26.160000 28.639999
v 40.480000 26.160000 28.799999
v 40.480000 26.160000 28.959999
v 40.480000 26.160000 29.119999
v 40.480000 26.160000 29.760000
v 40.480000 26.160000 29.920000
v 40.480000 26.160000 30.080000
v 40.480000 26.160000 30.240000
v 40.480000 26.240000 30.320000
v 40.480000 26.320000 28.320000
v 40.480000 26.320000 30.400000
v 40.479999 26.639999 27.840000
v 40.399998 27.039999 27.519999
v 40.480000 27.039999 27.439999
v 40.480000 27.039999 31.439999
v 40.480000 27.199999 27.439999
v 40.480000 27.119999 31.519999
v 40.399998 27.199999 31.519999
v 40.480000 27.199999 31.599998
v 40.479999 27.359999 27.279999
v 40.399998 27.519999 27.359999
v 40.399998 27.680000 27.359999
v 40.480000 27.680000 27.279999
v 40.480000 27.760000 27.359999
v 40.480000 27.840000 27.439999
v 40.399998 28.000000 27.519999
v 40.480000 28.000000 27.439999
v 40.399998 28.000000 27.680000
v 40.399998 28.160000 27.680000
v 40.480000 28.160000 27.599998
v 40.399998 28.160000 27.840000
v 40.480000 28.240000 27.680000
v 40.399998 28.320000 27.840000
v 40.480000 28.320000 27.760000
v 40.399998 28.480000 27.840000
v 40.480000 28.480000 27.760000
v 40.399998 28.639999 27.840000
v 40.480000 28.639999 27.760000
v 40.480000 28.559999 31.519999
v 40.480000 28.639999 31.439999
v 40.399998 28.799999 27.840000
v 40.480000 28.719999 31.359999
v 40.480000 28.799999 31.279999
v 40.480000 28.959999 27.760000
v 40.480000 28.879999 31.199999
v 40.480000 28.959999 31.119999
v 40.399998 29.119999 27.840000
v 40.480000 29.119999 27.760000
v 40.480000 29.039999 31.039999
v 40.480000 29.119999 30.959999
v 40.480000 29.279999 27.760000
v 40.399998 29.279999 28.000000
v 40.399998 29.279999 30.879999
v 40.480000 29.279999 30.959999
v 40.480000 29.439999 27.760000
v 40.399998 29.439999 28.000000
v 40.480000 29.359999 30.719999
v 40.480000 29.439999 30.639999
v 40.480000 29.359999 30.879999
v 40.480000 29.599998 27.760000
v 40.399998 29.599998 28.000000
v 40.399998 29.599998 28.160000
v 40.399998 29.599998 30.400000
v 40.480000 29.599998 30.480000
v 40.480000 29.519999 30.559999
v 40.480000 29.679998 27.840000
v 40.480000 29.679998 28.000000
v 40.480000 29.679998 28.160000
v 40.399998 29.760000 28.320000
v 40.399998 29.760000 30.080000
v 40.480000 29.760000 30.160000
v 40.480000 29.679998 30.240000
v 40.480000 29.679998 30.400000
v 40.480322 29.801759 28.281436
v 40.399998 29.920000 28.480000
v 40.399998 29.920000 28.639999
v 40.399998 29.920000 29.760000
v 40.399998 29.920000 29.920000
v 40.480000 29.920000 30.000000
v 40.480000 29.840000 30.080000
v 40.399998 30.080000 28.639999
v 40.399998 30.080000 28.799999
v 40.399998 30.080000 29.439999
v 40.480000 30.080000 29.519999
v 40.480000 30.000000 29.599998
v 40.480000 30.000000 29.760000
v 40.480000 30.000000 29.920000
v 40.480000 30.160000 28.639999
v 40.480000 30.160000 28.799999
v 40.480000 30.160000 29.279999
v 40.480000 30.160000 29.439999
v 40.639999 26.080000 29.199999
v 40.639999 26.000000 29.279999
v 40.639999 26.000000 29.439999
v 40.639999 26.000000 29.599998
v 40.639999 26.080000 29.679998
v 40.639999 26.160000 28.639999
v 40.639999 26.160000 28.799999
v 40.639999 26.160000 28.959999
v 40.639999 26.160000 29.119999
v 40.639999 26.160000 29.760000
v 40.639999 26.160000 29.920000
v 40.639999 26.160000 30.080000
v 40.639999 26.160000 30.240000
v 40.639999 26.240000 30.320000
v 40.639999 26.320000 28.320000
v 40.639999 26.320000 30.400000
v 40.639999 26.879999 27.599998
v 40.639999 26.799999 27.680000
v 40.639999 27.039999 27.439999
v 40.639999 26.959999 27.519999
v 40.559998 27.199999 27.359999
v 40.666708 27.173291 27.279999
v 40.639999 27.359999 27.279999
v 40.559998 27.840000 27.359999
v 40.639999 27.840000 27.279999
v 40.559998 28.000000 27.359999
v 40.559998 28.160000 27.359999
v 40.559998 28.160000 27.519999
v 40.639999 28.240000 27.359999
v 40.559998 28.320000 27.519999
v 40.639999 28.320000 27.439999
v 40.559998 28.320000 27.680000
v 40.559998 28.480000 27.519999
v 40.639999 28.480000 27.439999
v 40.639999 28.480000 31.599998
v 40.639999 28.559999 27.519999
v 40.559998 28.639999 27.680000
v 40.639999 28.639999 27.599998
v 40.559998 28.639999 31.519999
v 40.639999 28.639999 31.599998
v 40.639999 28.799999 27.599998
v 40.559998 28.799999 31.359999
v 40.640000 28.879999 31.359999
v 40.539998 28.839999 27.700000
v 40.639999 28.959999 27.599998
v 40.559998 28.959999 31.039999
v 40.639999 28.879999 31.039999
v 40.639999 28.959999 30.959999
v 40.639999 29.119999 27.599998
v 40.639999 29.279999 27.599998
v 40.559998 29.439999 30.719999
v 40.639999 29.439999 30.799999
v 40.639999 29.359999 30.879999
v 40.559998 29.599998 27.680000
v 40.559998 29.599998 30.559999
v 40.639999 29.599998 30.639999
v 40.639999 29.519999 30.719999
v 40.559998 29.760000 27.680000
v 40.559998 29.760000 27.840000
v 40.559998 29.760000 28.160000
v 40.559998 29.760000 30.240000
v 40.639999 29.760000 30.320000
v 40.639999 29.679998 30.400000
v 40.639999 29.679998 30.559999
v 40.639993 29.839942 27.679949
v 40.559998 29.920000 27.840000
v 40.559998 29.920000 28.000000
v 40.559998 29.920000 28.160000
v 40.639999 29.840000 30.080000
v 40.639999 29.920000 30.000000
v 40.639999 29.840000 30.240000
v 40.639999 30.000000 27.840000
v 40.639999 30.000000 28.000000
v 40.639999 30.000000 28.160000
v 40.559998 30.080000 28.320000
v 40.639999 30.080000 28.240000
v 40.559998 30.080000 29.599998
v 40.639999 30.080000 29.679998
v 40.639999 30.000000 29.760000
v 40.639999 30.000000 29.920000
v 40.639999 30.160000 28.320000
v 40.559998 30.240000 28.480000
v 40.639999 30.240000 28.400000
v 40.559998 30.240000 28.639999
v 40.559998 30.240000 28.799999
v 40.559998 30.240000 28.959999
v 40.559998 30.240000 29.119999
v 40.559998 30.240000 29.279999
v 40.559998 30.240000 29.439999
v 40.639999 30.240000 29.519999
v 40.639999 30.160000 29.599998
v 40.639999 30.320000 28.480000
v 40.639999 30.320000 28.639999
v 40.639999 30.320000 29.439999
v 40.719997 26.080000 29.279999
v 40.719997 26.080000 29.439999
v 40.719997 26.080000 29.599998
v 40.799999 26.160000 28.639999
v 40.799999 26.160000 28.799999
v 40.799999 26.160000 28.959999
v 40.799999 26.160000 29.119999
v 40.799999 26.160000 29.279999
v 40.799999 26.160000 29.439999
v 40.799999 26.160000 29.599998
v 40.799999 26.160000 29.760000
v 40.799999 26.160000 29.920000
v 40.799999 26.160000 30.080000
v 40.799999 26.160000 30.240000
v 40.799999 26.240000 30.320000
v 40.799999 26.320000 28.320000
v 40.799999 26.320000 30.400000
v 40.799999 26.320000 30.719999
v 40.799999 26.400000 30.799999
v 40.799999 26.480000 30.879999
v 40.719997 26.879999 27.519999
v 40.799999 26.799999 27.519999
v 40.799999 26.799999 27.680000
v 40.799999 27.039999 27.279999
v 40.799999 26.959999 27.359999
v 40.799999 27.359999 27.119999
v 40.799999 27.279999 27.199999
v 40.719997 27.519999 27.039999
v 40.799999 27.519999 26.959999
v 40.719997 27.359999 27.199999
v 40.719997 27.680000 27.039999
v 40.799999 27.680000 26.959999
v 40.719997 27.840000 27.039999
v 40.799999 27.840000 26.959999
v 40.719997 27.840000 27.199999
v 40.799999 27.840000 31.599998
v 40.719997 28.000000 27.039999
v 40.799999 28.000000 26.959999
v 40.719997 28.000000 27.199999
v 40.799999 28.000000 31.599998
v 40.719997 28.160000 27.039999
v 40.719997 28.160000 27.199999
v 40.799999 28.160000 31.599998
v 40.719997 28.320000 27.039999
v 40.799999 28.320000 26.959999
v 40.719997 28.320000 27.199999
v 40.719997 28.320000 27.359999
v 40.799999 28.320000 31.599998
v 40.799999 28.400000 27.039999
v 40.799999 28.400000 27.199999
v 40.719997 28.480000 27.359999
v 40.799999 28.480000 27.279999
v 40.799999 28.480000 31.599998
v 40.719997 28.639999 27.359999
v 40.799999 28.639999 27.279999
v 40.719997 28.639999 27.519999
v 40.799999 28.639999 31.599998
v 40.799999 28.719999 27.359999
v 40.719997 28.799999 27.519999
v 40.799999 28.799999 27.439999
v 40.719997 28.959999 27.519999
v 40.799999 28.959999 27.439999
v 40.799999 28.879999 31.039999
v 40.719997 29.119999 27.519999
v 40.799999 29.119999 27.439999
v 40.799999 29.279999 30.959999
v 40.719997 29.279999 27.359999
v 40.719997 29.279999 27.519999
v 40.799999 29.599998 27.279999
v 40.719997 29.760000 27.519999
v 40.799999 29.679998 27.359999
v 40.799999 29.760000 27.439999
v 40.799999 29.679998 30.400000
v 40.799999 29.760000 30.320000
v 40.719997 29.920000 27.519999
v 40.799999 29.920000 27.439999
v 40.719997 29.920000 27.680000
v 40.719997 29.920000 30.080000
v 40.799999 29.920000 30.160000
v 40.799999 29.840000 30.240000
v 40.799999 30.000000 27.519999
v 40.799999 30.000000 27.680000
v 40.719997 30.080000 27.840000
v 40.799999 30.080000 27.760000
v 40.719997 30.080000 28.000000
v 40.719997 30.080000 28.160000
v 40.719997 30.080000 29.760000
v 40.799999 30.080000 29.840000
v 40.799999 30.000000 29.920000
v 40.799999 30.000000 30.080000
v 40.799999 30.160000 27.840000
v 40.719997 30.240000 28.000000
v 40.799999 30.240000 27.920000
v 40.719997 30.240000 28.160000
v 40.719997 30.240000 28.320000
v 40.799999 30.160000 29.599998
v 40.799999 30.240000 29.519999
v 40.799999 30.160000 29.760000
v 40.799999 30.320000 28.000000
v 40.799999 30.320000 28.160000
v 40.719997 30.400000 28.320000
v 40.799999 30.400000 28.240000
v 40.719997 30.400000 28.480000
v 40.719997 30.400000 28.639999
v 40.799999 30.400000 28.719999
v 40.799999 30.320000 28.799999
v 40.799999 30.320000 29.279999
v 40.799999 30.320000 29.439999
v 40.799999 30.480000 28.320000
v 40.799999 30.480000 28.480000
v 40.799999 30.480000 28.639999
v 40.959999 26.240000 28.559999
v 40.959999 26.160000 28.639999
v 40.959999 26.160000 28.799999
v 40.959999 26.160000 28.959999
v 40.959999 26.160000 29.119999
v 40.959999 26.160000 29.279999
v 40.959999 26.160000 29.439999
v 40.959999 26.160000 29.599998
v 40.959999 26.160000 29.760000
v 40.959999 26.160000 29.920000
v 40.959999 26.160000 30.080000
v 40.879997 26.240000 30.240000
v 40.959999 26.240000 30.160000
v 40.959999 26.400000 28.240000
v 40.959999 26.320000 28.320000
v 40.959999 26.320000 28.480000
v 40.959999 26.320000 30.240000
v 40.959999 26.320000 30.400000
v 40.959999 26.320000 30.559999
v 40.879997 26.400000 30.719999
v 40.959999 26.400000 30.639999
v 40.959999 26.480000 30.719999
v 40.959999 26.480000 30.879999
v 40.959999 26.799999 27.680000
v 40.959999 27.039999 31.439999
v 40.959999 27.199999 27.119999
v 40.959999 27.199999 31.599998
v 41.119999 27.359999 27.119999
v 40.959999 27.680000 26.959999
v 40.879997 27.840000 26.719999
v 40.959999 27.760000 26.879999
v 40.879997 27.840000 26.879999
v 40.959999 27.840000 31.599998
v 40.879997 28.000000 26.719999
v 40.879997 28.000000 26.879999
v 40.959999 28.000000 31.599998
v 40.879997 28.160000 26.879999
v 40.959999 28.160000 31.599998
v 40.879997 28.160000 26.559999
v 40.879997 28.320000 26.879999
v 40.959999 28.320000 31.599998
v 40.879997 28.480000 27.039999
v 40.879997 28.480000 27.199999
v 40.959999 28.480000 31.599998
v 40.879997 28.639999 26.559999
v 40.879997 28.639999 27.199999
v 40.959999 28.639999 31.599998
v 40.879997 28.799999 27.359999
v 40.959999 28.719999 31.519999
v 40.959999 28.799999 31.439999
v 40.879997 28.959999 26.879999
v 40.879997 28.959999 27.359999
v 40.879997 28.959999 30.879999
v 40.959999 28.879999 30.879999
v 40.959999 28.959999 30.799999
v 40.959999 28.879999 31.039999
v 40.959999 28.879999 31.199999
v 40.959999 28.879999 31.359999
v 40.879997 29.119999 27.359999
v 40.879997 29.119999 30.879999
v 40.879997 29.279999 30.879999
v 40.959999 29.279999 30.799999
v 40.879997 29.760000 26.879999
v 40.879997 29.599998 27.199999
v 40.959999 29.760000 26.799999
v 40.879997 29.760000 27.359999
v 40.959999 29.679998 30.400000
v 40.959999 29.760000 30.320000
v 40.959999 29.840000 26.879999
v 40.879997 29.920000 27.039999
v 40.959999 29.920000 26.959999
v 40.879997 29.920000 27.199999
v 40.879997 29.920000 27.359999
v 40.959999 29.840000 30.240000
v 40.959999 29.920000 30.160000
v 40.959999 30.000000 27.039999
v 40.959999 30.000000 27.199999
v 40.879997 30.080000 27.359999
v 40.879997 30.080000 27.519999
v 40.879997 30.080000 27.680000
v 40.879997 30.080000 29.920000
v 40.959999 30.080000 30.000000
v 40.959999 30.000000 30.080000
v 40.959999 30.160000 27.359999
v 40.959999 30.160000 27.519999
v 40.879997 30.240000 27.680000
v 40.959999 30.240000 27.599998
v 40.879997 30.240000 27.840000
v 40.879997 30.240000 29.599998
v 40.959999 30.240000 29.679998
v 40.959999 30.160000 29.760000
v 40.959999 30.160000 29.920000
v 40.959999 30.320000 27.680000
v 40.959999 30.320000 27.840000
v 40.959999 30.320000 28.000000
v 40.879997 30.400000 28.160000
v 40.959999 30.400000 28.080000
v 40.880019 30.400022 28.799999
v 40.879997 30.400000 29.119999
v 40.879997 30.400000 29.279999
v 40.959999 30.400000 29.359999
v 40.959999 30.320000 29.439999
v 40.959999 30.320000 29.599998
v 40.959999 30.480000 28.160000
v 40.959999 30.480000 28.639999
v 40.959999 30.480000 28.799999
v 40.959999 30.480000 28.959999
v 40.959999 30.480000 29.119999
v 40.959999 30.480000 29.279999
v 41.040001 26.240000 28.639999
v 41.040001 26.240000 28.799999
v 41.040001 26.240000 28.959999
v 41.040001 26.240000 29.119999
v 41.040001 26.240000 29.279999
v 41.119999 26.240000 29.359999
v 41.119999 26.160000 29.439999
v 41.119999 26.160000 29.760000
v 41.119999 26.160000 29.920000
v 41.119999 26.160000 30.080000
v 41.119999 26.240000 30.160000
v 41.040001 26.400000 28.320000
v 41.119999 26.400000 28.400000
v 41.119999 26.320000 28.480000
v 41.119999 26.320000 28.639999
v 41.119999 26.320000 28.799999
v 41.119999 26.320000 28.959999
v 41.119999 26.320000 29.119999
v 41.119999 26.320000 29.279999
v 41.119999 26.320000 30.240000
v 41.119999 26.320000 30.400000
v 41.119999 26.320000 30.559999
v 41.119999 26.400000 30.639999
v 40.959999 26.480000 28.160000
v 41.119999 26.480000 28.320000
v 41.119999 26.480000 30.719999
v 41.119999 26.480000 30.879999
v 41.119999 26.559999 30.959999
v 41.119999 26.639999 31.039999
v 41.119999 26.719999 31.119999
v 41.119999 26.959999 27.359999
v 41.119999 26.799999 27.519999
v 41.119999 26.799999 27.680000
v 41.119999 26.799999 31.199999
v 41.119999 26.879999 31.279999
v 40.959999 27.039999 27.279999
v 41.119999 26.959999 31.359999
v 41.119999 27.039999 31.439999
v 41.119999 27.199999 27.119999
v 41.040001 27.199999 31.519999
v 41.119999 27.199999 31.439999
v 41.119998 27.359999 31.599998
v 41.119999 27.519999 26.959999
v 41.040001 27.680000 26.719999
v 41.119999 27.680000 26.639999
v 41.119999 27.599998 26.719999
v 41.119999 27.599998 26.879999
v 41.040001 27.680000 26.879999
v 41.040001 27.840000 26.559999
v 41.119999 27.840000 26.480000
v 41.119999 27.760000 26.559999
v 41.119999 27.840000 31.599998
v 41.040001 28.000000 26.559999
v 41.119999 28.000000 26.480000
v 41.119999 28.000000 31.599998
v 41.040001 28.160000 26.240000
v 41.119999 28.160000 26.160000
v 41.119999 28.080000 26.240000
v 41.119999 28.080000 26.400000
v 41.040001 28.160000 26.400000
v 41.119999 28.160000 31.599998
v 41.040001 28.320000 26.240000
v 41.119999 28.320000 26.160000
v 41.040001 28.320000 26.400000
v 41.119999 28.320000 31.599998
v 41.040001 28.320000 26.080000
v 41.040001 28.480000 26.400000
v 41.119999 28.480000 31.599998
v 41.040001 28.639999 26.400000
v 41.040001 28.639999 30.240000
v 41.119999 28.559999 30.240000
v 41.119999 28.639999 30.160000
v 41.119999 28.559999 30.400000
v 41.040001 28.639999 30.559999
v 41.119999 28.559999 30.559999
v 41.119999 28.559999 30.719999
v 41.119999 28.559999 30.879999
v 41.119999 28.559999 31.039999
v 41.119999 28.559999 31.199999
v 41.040001 28.639999 31.519999
v 41.119999 28.559999 31.359999
v 41.119999 28.559999 31.519999
v 41.040001 28.799999 30.879999
v 41.119999 28.959999 30.160000
v 41.040001 28.959999 30.400000
v 41.040001 29.119999 26.080000
v 41.119999 29.119999 26.000000
v 41.119999 29.039999 30.240000
v 41.119999 29.119999 30.799999
v 41.119999 29.199999 26.080000
v 41.040001 29.279999 26.240000
v 41.119999 29.279999 26.160000
v 41.040001 29.439999 26.240000
v 41.119999 29.439999 26.160000
v 41.119999 29.519999 26.240000
v 41.040001 29.599998 26.400000
v 41.119999 29.599998 26.320000
v 41.119999 29.679998 30.559999
v 41.119999 29.679998 26.400000
v 41.040001 29.760000 26.559999
v 41.119999 29.760000 26.480000
v 41.040001 29.760000 26.719999
v 41.040001 29.760000 30.400000
v 41.119999 29.760000 30.480000
v 41.119999 29.840000 26.559999
v 41.119999 29.840000 26.719999
v 41.279999 29.840000 26.879999
v 41.119999 29.920000 26.959999
v 41.119999 30.000000 27.039999
v 41.040001 30.080000 27.199999
v 41.119999 30.080000 27.119999
v 41.119999 30.000000 30.080000
v 41.119997 30.000000 30.240000
v 41.040001 30.240000 27.199999
v 41.119999 30.240000 27.119999
v 41.040001 30.240000 27.359999
v 41.040001 30.240000 27.519999
v 41.040001 30.240000 29.760000
v 41.119999 30.240000 29.840000
v 41.119999 30.160000 29.920000
v 41.119999 30.320000 27.199999
v 41.119999 30.320000 27.359999
v 41.119999 30.320000 27.519999
v 41.119999 30.320000 27.680000
v 41.040001 30.400000 27.840000
v 41.119999 30.400000 27.760000
v 41.040001 30.400000 28.000000
v 41.119999 30.320000 29.439999
v 41.119999 30.400000 29.359999
v 41.119999 30.320000 29.599998
v 41.119999 30.320000 29.760000
v 41.119999 30.480000 27.840000
v 41.119999 30.480000 28.000000
v 41.040001 30.559999 28.160000
v 41.119999 30.559999 28.080000
v 41.040001 30.559999 28.320000
v 41.119999 30.480000 29.119999
v 41.119999 30.480000 29.279999
v 41.119999 30.639999 28.959998
v 41.200001 26.240000 29.439999
v 41.200001 26.240000 29.599998
v 41.200001 26.240000 29.760000
v 41.200001 26.240000 30.080000
v 41.279999 26.320000 28.799999
v 41.279999 26.320000 28.959999
v 41.279999 26.320000 29.119999
v 41.279999 26.320000 29.279999
v 41.279999 26.320000 29.439999
v 41.279999 26.320000 29.599998
v 41.279999 26.320000 29.760000
v 41.279999 26.320000 29.920000
v 41.279999 26.320000 30.080000
v 41.200012 26.400011 30.240000
v 41.279999 26.400000 30.160000
v 41.200001 26.400000 30.559999
v 41.279999 26.480000 28.320000
v 41.279999 26.480000 30.240000
v 41.279999 26.480000 30.400000
v 41.279999 26.480000 30.559999
v 41.200001 26.559999 30.719999
v 41.279999 26.559999 30.639999
v 41.200001 26.559999 30.879999
v 41.279999 26.639999 30.719999
v 41.279999 26.639999 30.879999
v 41.279999 26.639999 31.039999
v 41.279999 26.719999 31.119999
v 41.200001 26.879999 27.519999
v 41.279999 26.879999 27.599998
v 41.279999 26.799999 27.680000
v 41.200001 26.879999 31.199999
v 41.279999 26.879999 31.119999
v 41.279999 26.959999 27.519999
v 41.279999 26.959999 31.199999
v 41.200001 27.039999 31.359999
v 41.279999 27.039999 31.279999
v 41.279999 27.199999 27.119999
v 41.279999 27.119999 31.359999
v 41.279999 27.199999 31.439999
v 41.200001 27.359999 27.039999
v 41.279999 27.359999 26.959999
v 41.279999 27.279999 27.039999
v 41.200001 27.519999 26.879999
v 41.279999 27.519999 26.799999
v 41.279999 27.439999 26.879999
v 41.200001 27.680000 26.559999
v 41.279999 27.680000 26.480000
v 41.279999 27.599998 26.559999
v 41.279999 27.599998 26.719999
v 41.279999 27.680000 31.599998
v 41.200001 27.840000 26.400000
v 41.279999 27.840000 26.320000
v 41.279999 27.760000 26.400000
v 41.279999 27.840000 31.599998
v 41.200001 28.000000 26.400000
v 41.279999 28.000000 26.320000
v 41.279999 28.000000 31.599998
v 41.279999 28.160000 26.160000
v 41.279999 28.080000 26.240000
v 41.279999 28.160000 31.599998
v 41.200001 28.320000 25.920000
v 41.280023 28.320000 25.839976
v 41.279999 28.240000 25.920000
v 41.279999 28.240000 26.080000
v 41.200001 28.320000 26.080000
v 41.279999 28.320000 31.599998
v 41.200001 28.479999 25.920000
v 41.279999 28.480000 31.599998
v 41.279999 28.559999 30.240000
v 41.279999 28.559999 31.519999
v 41.279999 28.959999 30.160000
v 41.200001 29.119999 25.920000
v 41.599998 29.039999 30.240000
v 41.279999 29.039999 30.559999
v 41.279999 29.039999 30.719999
v 41.279999 29.119999 30.799999
v 41.279999 28.639999 25.840000
v 41.200001 29.279999 26.080000
v 41.200001 29.439999 26.080000
v 41.279999 29.439999 30.799999
v 41.200001 29.599998 26.240000
v 41.200001 29.760000 25.920000
v 41.200001 29.760000 26.080000
v 41.200001 29.760000 26.240000
v 41.200001 29.760000 26.400000
v 41.279999 29.679998 30.559999
v 41.279999 29.760000 30.480000
v 41.279999 29.840000 25.920000
v 41.279999 29.840000 26.080000
v 41.279999 29.840000 26.240000
v 41.279999 29.840000 26.400000
v 41.279999 29.920000 26.959999
v 41.279999 30.000000 27.039999
v 41.279999 30.080000 27.119999
v 41.279999 30.000000 30.080000
v 41.279999 30.240000 27.119999
v 41.279999 30.320000 27.199999
v 41.279999 30.320000 27.359999
v 41.200001 30.400000 27.519999
v 41.279999 30.400000 27.439999
v 41.200001 30.400000 27.680000
v 41.200001 30.400000 29.439999
v 41.279999 30.400000 29.519999
v 41.279999 30.320000 29.599998
v 41.279999 30.320000 29.760000
v 41.279999 30.480000 27.519999
v 41.200001 30.559999 27.680000
v 41.279999 30.559999 27.599998
v 41.200001 30.559999 27.840000
v 41.200001 30.559999 28.000000
v 41.279999 30.559999 29.199999
v 41.279999 30.480000 29.279999
v 41.279999 30.480000 29.439999
v 41.279999 30.639999 27.680000
v 41.279999 30.639999 28.160000
v 41.279999 30.639999 28.320000
v 41.439999 26.400000 28.400000
v 41.439999 26.320000 28.480000
v 41.439999 26.320000 28.639999
v 41.439999 26.320000 28.799999
v 41.439999 26.320000 28.959999
v 41.439999 26.320000 29.119999
v 41.439999 26.320000 29.279999
v 41.439999 26.320000 29.439999
v 41.439999 26.320000 29.599998
v 41.439999 26.320000 29.760000
v 41.360001 26.400000 29.920000
v 41.360001 26.400000 30.080000
v 41.439999 26.480000 28.320000
v 41.439999 26.480000 29.920000
v 41.439999 26.480000 30.080000
v 41.439999 26.480000 30.240000
v 41.439999 26.480000 30.400000
v 41.439999 26.480000 30.559999
v 41.439999 26.559999 30.639999
v 41.439999 26.719999 27.760000
v 41.439999 26.639999 27.840000
v 41.439999 26.639999 28.000000
v 41.439999 26.639999 30.719999
v 41.439999 26.639999 30.879999
v 41.360001 26.719999 31.039999
v 41.439999 26.719999 30.959999
v 41.439999 26.879999 27.599998
v 41.439999 26.799999 27.680000
v 41.439999 26.799999 31.039999
v 41.439999 26.879999 31.119999
v 41.439999 26.959999 27.519999
v 41.439999 26.959999 31.199999
v 41.439999 27.039999 31.279999
v 41.439999 27.119999 31.359999
v 41.439999 27.199999 31.439999
v 41.439999 27.279999 31.519999
v 41.439999 27.359999 31.599998
v 41.439999 27.519999 31.599998
v 41.439999 27.680000 26.480000
v 41.439999 27.599998 26.559999
v 41.439999 27.680000 31.599998
v 41.360001 27.840000 26.240000
v 41.439999 27.840000 26.160000
v 41.439999 27.760000 26.240000
v 41.439999 27.760000 26.400000
v 41.439999 27.840000 31.599998
v 41.360001 28.000000 26.240000
v 41.439999 28.000000 26.160000
v 41.439999 28.000000 31.599998
v 41.360001 28.160000 25.920000
v 41.439999 28.160000 25.840000
v 41.439999 28.080000 25.920000
v 41.439999 28.080000 26.080000
v 41.360001 28.160000 26.080000
v 41.439999 28.160000 31.599998
v 41.360001 28.320000 25.760000
v 41.375357 28.319998 25.744644
v 41.439999 28.240000 25.760000
v 41.439999 28.320000 31.599998
v 41.439999 28.480000 31.599998
v 41.360001 28.639999 25.760000
v 41.439999 28.639999 25.680000
v 41.439999 28.559999 30.240000
v 41.439999 28.559999 31.519999
v 41.439999 28.719999 25.760000
v 41.439999 28.959999 30.160000
v 41.439999 28.799999 25.840000
v 41.439999 29.039999 30.400000
v 41.360001 29.119999 30.559999
v 41.439999 29.119999 30.480000
v 41.360001 29.119999 30.719999
v 41.439999 29.279999 30.480000
v 41.439999 29.439999 30.480000
v 41.360001 29.439999 30.719999
v 41.439999 29.599998 25.840000
v 41.360001 29.599998 30.559999
v 41.439999 29.599998 30.480000
v 41.439999 29.760000 25.840000
v 41.439999 29.760000 30.480000
v 41.439999 29.840000 25.920000
v 41.439999 29.840000 26.080000
v 41.439999 29.840000 26.240000
v 41.439999 29.840000 26.400000
v 41.360001 29.920000 27.039999
v 41.439999 29.840000 27.039999
v 41.439999 29.920000 27.119999
v 41.439999 29.840000 30.400000
v 41.439999 29.920000 30.320000
v 41.439999 30.000000 30.080000
v 41.439999 30.080000 30.000000
v 41.439999 30.000000 30.240000
v 41.439999 30.240000 27.119999
v 41.439999 30.320000 27.199999
v 41.439999 30.320000 27.359999
v 41.439999 30.400000 27.439999
v 41.360001 30.400000 29.599998
v 41.439999 30.400000 29.679998
v 41.439999 30.320000 29.760000
v 41.439999 30.480000 27.519999
v 41.439999 30.559999 27.599998
v 41.360001 30.559999 29.279999
v 41.439999 30.559999 29.359999
v 41.439999 30.480000 29.439999
v 41.439999 30.480000 29.599998
v 41.439999 30.639999 27.680000
v 41.439999 30.639999 27.840000
v 41.360001 30.719999 28.000000
v 41.439999 30.719999 27.920000
v 41.360001 30.719999 28.160000
v 41.360001 30.719999 28.320000
v 41.439999 30.719999 28.400000
v 41.439999 30.639999 28.480000
v 41.439999 30.639999 28.639999
v 41.439999 30.639999 28.799999
v 41.439999 30.639999 28.959999
v 41.439999 30.639999 29.119999
v 41.439999 30.639999 29.279999
v 41.439999 30.799999 28.000000
v 41.439999 30.799999 28.160000
v 41.439999 30.799999 28.320000
v 41.520000 26.400000 28.480000
v 41.520000 26.400000 28.799999
v 41.520000 26.400000 28.959999
v 41.520000 26.400000 29.599998
v 41.520000 26.559999 28.320000
v 41.599998 26.559999 28.400000
v 41.599998 26.480000 28.480000
v 41.599999 26.480000 29.760001
v 41.599998 26.480000 30.080000
v 41.520000 26.559999 30.240000
v 41.599998 26.559999 30.160000
v 41.520000 26.559999 30.400000
v 41.520000 26.559999 30.559999
v 41.520000 26.719999 27.840000
v 41.520000 26.719999 28.000000
v 41.599998 26.719999 28.080000
v 41.599998 26.639999 28.160000
v 41.599998 26.639999 28.320000
v 41.599998 26.639999 30.240000
v 41.599998 26.639999 30.400000
v 41.599998 26.719999 30.480000
v 41.520000 26.719999 30.559999
v 41.520000 26.719999 30.719999
v 41.520000 26.719999 30.879999
v 41.520000 26.879999 27.680000
v 41.599998 26.879999 27.760000
v 41.599998 26.799999 27.840000
v 41.599998 26.799999 28.000000
v 41.599998 26.879999 30.480000
v 41.520000 26.879999 31.039999
v 41.599998 27.039999 27.279999
v 41.599998 26.959999 27.359999
v 41.599998 26.959999 27.519999
v 41.599998 26.959999 27.680000
v 41.599998 26.959999 30.559999
v 41.599998 26.959999 30.719999
v 41.599998 26.959999 30.879999
v 41.599998 26.959999 31.039999
v 41.520000 27.039999 31.199999
v 41.599998 27.039999 31.119999
v 41.599998 27.199999 27.119999
v 41.599998 27.119999 27.199999
v 41.520000 27.199999 31.199999
v 41.599998 27.199999 31.119999
v 41.520000 27.199999 31.359999
v 41.599998 27.359999 26.959999
v 41.599998 27.279999 27.039999
v 41.599998 27.279999 31.199999
v 41.599998 27.279999 31.359999
v 41.520000 27.359999 31.519999
v 41.599987 27.359999 31.440010
v 41.599998 27.439999 26.879999
v 41.520000 27.680000 26.400000
v 41.599998 27.680000 26.320000
v 41.599998 27.599998 26.400000
v 41.520000 27.680000 31.519999
v 41.599998 27.840000 26.160000
v 41.599998 27.760000 26.240000
v 41.520000 28.000000 25.920000
v 41.599998 28.000000 25.840000
v 41.599998 27.920000 25.920000
v 41.599998 27.920000 26.080000
v 41.520000 28.000000 26.080000
v 41.520000 28.160000 25.760000
v 41.599998 28.080000 25.760000
v 41.520000 28.320000 31.519999
v 41.599998 28.320000 31.439999
v 41.520000 28.480000 25.599998
v 41.599998 28.480000 25.519999
v 41.520000 28.480000 31.519999
v 41.599998 28.480000 31.439999
v 41.520000 28.639999 25.279999
v 41.599998 28.639999 25.199999
v 41.599998 28.559999 25.279999
v 41.599998 28.559999 25.439999
v 41.520000 28.639999 25.439999
v 41.520000 28.639999 25.599998
v 41.599998 28.559999 30.240000
v 41.599998 28.639999 30.160000
v 41.599998 28.559999 30.400000
v 41.599998 28.559999 30.559999
v 41.599998 28.559999 31.359999
v 41.520000 28.799999 25.279999
v 41.599998 28.799999 25.199999
v 41.520000 28.799999 25.760000
v 41.599998 28.799999 30.160000
v 41.520000 28.959999 25.119999
v 41.599998 28.959999 30.160000
v 41.599998 29.039999 30.400000
v 41.599998 29.119999 30.480000
v 41.520000 29.279999 25.760000
v 41.520000 29.279999 30.400000
v 41.599998 29.279999 30.320000
v 41.520000 29.439999 25.760000
v 41.520000 29.439999 30.400000
v 41.520000 29.599999 25.119998
v 41.520000 29.599998 25.760000
v 41.599998 29.599998 30.320000
v 41.599998 29.679998 25.119999
v 41.599998 29.679998 25.279999
v 41.599998 29.679998 25.439999
v 41.599998 29.679998 25.599998
v 41.599998 29.679998 25.760000
v 41.599998 29.760000 25.840000
v 41.520000 29.760000 30.400000
v 41.599998 29.760000 30.320000
v 41.599998 29.840000 25.920000
v 41.600005 29.920000 25.999994
v 41.520000 29.920000 26.400000
v 41.599998 29.920000 26.480000
v 41.599998 29.840000 26.559999
v 41.599998 29.840000 27.039999
v 41.520000 29.920000 30.080000
v 41.599998 29.840000 30.080000
v 41.599998 29.920000 30.000000
v 41.520000 29.920000 30.240000
v 41.599998 29.840000 30.240000
v 41.599998 30.080000 26.480000
v 41.599998 30.080000 30.000000
v 41.599998 30.240000 26.000000
v 41.599998 30.240000 26.480000
v 41.599998 30.240000 27.119999
v 41.520000 30.400000 26.080000
v 41.599998 30.400000 26.000000
v 41.520000 30.400000 26.240000
v 41.520000 30.400000 26.400000
v 41.599998 30.400000 26.480000
v 41.599998 30.320000 27.199999
v 41.599998 30.320000 27.359999
v 41.599998 30.400000 27.439999
v 41.599998 30.480000 26.080000
v 41.599998 30.480000 26.240000
v 41.599998 30.480000 26.400000
v 41.599998 30.480000 27.519999
v 41.599998 30.559999 27.599998
v 41.599998 30.480000 29.439999
v 41.599998 30.559999 29.359999
v 41.759998 30.480000 29.599998
v 41.599998 30.639999 27.680000
v 41.520000 30.719999 27.840000
v 41.599998 30.719999 27.760000
v 41.520000 30.719999 28.799999
v 41.520000 30.719999 29.119999
v 41.599998 30.719999 29.199999
v 41.599998 30.639999 29.279999
v 41.599998 30.799999 27.840000
v 41.599999 30.799999 28.479998
v 41.599998 30.799999 29.119999
v 41.680011 26.560010 28.480000
v 41.680000 26.559999 29.920000
v 41.680000 26.559999 30.080000
v 41.680000 26.719999 28.160000
v 41.680000 26.719999 28.320000
v 41.759998 26.639999 28.480000
v 41.759998 26.639999 28.639999
v 41.759998 26.639999 28.799999
v 41.759998 26.639999 28.959999
v 41.759998 26.639999 29.119999
v 41.759998 26.639999 29.279999
v 41.759998 26.639999 29.439999
v 41.759998 26.639999 29.760000
v 41.760006 26.640007 29.920000
v 41.680000 26.719999 30.080000
v 41.680000 26.719999 30.240000
v 41.680000 26.719999 30.400000
v 41.680000 26.879999 27.840000
v 41.680000 26.879999 28.000000
v 41.759998 26.879999 28.080000
v 41.759998 26.799999 28.160000
v 41.759998 26.799999 28.320000
v 41.760010 26.800011 30.080000
v 41.759998 26.799999 30.400000
v 41.759998 26.879999 30.480000
v 41.680000 27.039999 27.359999
v 41.680000 27.039999 27.519999
v 41.759998 27.039999 27.599998
v 41.759998 26.959999 27.680000
v 41.759998 26.959999 27.840000
v 41.759998 26.959999 28.000000
v 41.759998 26.959999 30.559999
v 41.759998 26.959999 30.719999
v 41.759998 26.959999 30.879999
v 41.680000 27.039999 31.039999
v 41.759998 27.039999 30.959999
v 41.680000 27.199999 27.199999
v 41.759998 27.199999 27.279999
v 41.759998 27.119999 27.359999
v 41.759998 27.119999 27.519999
v 41.680000 27.199999 31.039999
v 41.759998 27.199999 30.959999
v 41.680000 27.359999 27.039999
v 41.759998 27.359999 27.119999
v 41.759998 27.279999 27.199999
v 41.759998 27.279999 31.039999
v 41.680000 27.359999 31.199999
v 41.680000 27.359999 31.359999
v 41.759998 27.439999 26.879999
v 41.759998 27.439999 27.039999
v 41.741930 27.519999 31.298068
v 41.680000 27.519999 31.359999
v 41.759998 27.680000 26.320000
v 41.759998 27.599998 26.400000
v 41.759998 27.840000 26.160000
v 41.759998 27.760000 26.240000
v 41.759998 28.000000 25.840000
v 41.759998 27.920000 25.920000
v 41.759998 27.920000 26.080000
v 41.680000 28.000000 31.359999
v 41.759998 28.000000 31.279999
v 41.680000 28.320000 25.439999
v 41.759998 28.160000 25.519999
v 41.759998 28.080000 25.599998
v 41.759998 28.080000 25.760000
v 41.759998 28.160000 31.439999
v 41.759998 28.320000 25.359999
v 41.759998 28.240000 25.439999
v 41.759998 28.320000 31.439999
v 41.680000 28.480000 25.119999
v 41.759998 28.480000 25.039999
v 41.759998 28.400000 25.119999
v 41.759998 28.400000 25.279999
v 41.680000 28.480000 25.279999
v 41.680000 28.480000 25.439999
v 41.759998 28.480000 31.439999
v 41.680000 28.639999 25.119999
v 41.759998 28.639999 25.039999
v 41.680000 28.639999 30.240000
v 41.680000 28.639999 30.559999
v 41.759998 28.639999 30.639999
v 41.759998 28.559999 30.719999
v 41.759999 28.559999 30.879999
v 41.759998 28.559999 31.359999
v 41.680000 28.799999 24.959999
v 41.759998 28.799999 24.879999
v 41.759998 28.719999 24.959999
v 41.680000 28.799999 25.119999
v 41.680000 28.959999 30.240000
v 41.680000 28.959999 30.400000
v 41.680000 28.799999 30.559999
v 41.680000 28.959999 24.959999
v 41.759998 28.959999 24.879999
v 41.680000 28.959999 30.559999
v 41.759998 28.959999 30.639999
v 41.759998 29.119999 24.879999
v 41.759998 29.039999 30.559999
v 41.680000 29.279999 24.959999
v 41.759998 29.279999 24.879999
v 42.079994 29.279999 30.320000
v 41.680000 29.439999 24.959999
v 41.680000 29.439999 24.799999
v 41.759998 29.599998 24.719999
v 41.680000 29.599998 24.959999
v 41.759998 29.760000 24.719999
v 41.680000 29.760000 25.119999
v 41.759998 29.760000 25.199999
v 41.759998 29.679998 25.279999
v 41.759998 29.679998 25.439999
v 41.759998 29.679998 25.599998
v 41.919998 29.679998 25.760000
v 41.759998 29.760000 25.840000
v 41.759998 29.760000 30.320000
v 41.680000 29.920000 24.799999
v 41.759998 29.920000 24.719999
v 41.680000 29.920000 24.959999
v 41.680000 29.920000 25.119999
v 41.759998 29.920000 25.199999
v 41.680000 29.920000 25.920000
v 41.759998 29.920000 25.840000
v 41.759998 29.840000 26.559999
v 41.759998 29.920000 26.480000
v 41.759998 29.840000 27.039999
v 41.759998 29.920000 27.119999
v 41.919998 29.840000 30.240000
v 41.759998 30.000000 24.799999
v 41.759998 30.000000 24.959999
v 41.759998 30.000000 25.119999
v 41.680000 30.080000 25.920000
v 41.759998 30.080000 25.840000
v 41.759998 30.080000 26.480000
v 41.759998 30.080000 30.000000
v 41.680000 30.240000 25.920000
v 41.759998 30.240000 25.840000
v 41.759998 30.240000 26.480000
v 41.759998 30.240000 27.119999
v 41.759998 30.160000 29.920000
v 41.680000 30.400000 25.920000
v 41.759998 30.400000 25.840000
v 41.759998 30.320000 26.559999
v 41.680000 30.400000 26.559999
v 41.759998 30.320000 26.719999
v 41.759998 30.320000 26.879999
v 41.759998 30.320000 27.039999
v 41.680000 30.400000 27.039999
v 41.680000 30.400000 27.199999
v 41.680000 30.400000 27.359999
v 41.680000 30.559999 25.920000
v 41.759998 30.559999 25.840000
v 41.680000 30.559999 26.080000
v 41.680000 30.559999 26.400000
v 41.680000 30.559999 26.719999
v 41.680000 30.559999 27.519999
v 41.680000 30.559999 29.439999
v 41.759998 30.559999 29.519999
v 41.759998 30.639999 25.920000
v 41.759998 30.639999 26.719999
v 41.680000 30.719999 26.879999
v 41.759998 30.719999 26.799999
v 41.680000 30.719999 27.039999
v 41.680000 30.719999 27.199999
v 41.759998 30.719999 27.279999
v 41.759998 30.639999 27.359999
v 41.759998 30.639999 27.519999
v 41.759998 30.639999 27.680000
v 41.759998 30.719999 27.760000
v 41.759998 30.639999 29.279999
v 41.759998 30.799999 29.119999
v 41.759998 30.639999 29.439999
v 41.759998 30.799999 26.879999
v 41.759998 30.799999 27.039999
v 41.759998 30.799999 27.199999
v 41.759998 30.799999 27.840000
v 41.759998 30.799999 28.000000
v 41.759998 30.799999 28.160000
v 41.759998 30.799999 28.320000
v 41.759998 30.799999 28.480000
v 41.759998 30.799999 28.639999
v 41.759998 30.799999 28.799999
v 41.759998 30.799999 28.959999
v 41.830252 26.710251 28.480001
v 41.840000 26.719999 29.920000
v 41.840000 26.879999 28.160000
v 41.919998 26.879999 28.240000
v 41.919998 26.799999 28.320000
v 41.919998 26.799999 28.480000
v 41.919998 26.799999 28.639999
v 41.919998 26.799999 28.799999
v 41.919998 26.799999 28.959999
v 41.919998 26.799999 29.119999
v 41.919998 26.799999 29.279999
v 41.919998 26.799999 29.439999
v 41.919998 26.799999 29.599998
v 41.919998 26.799999 29.760000
v 41.919998 26.799999 29.920000
v 41.840000 26.879999 30.080000
v 41.919998 26.879999 30.000000
v 41.840000 26.879999 30.240000
v 41.840000 27.039999 27.680000
v 41.919998 27.039999 27.760000
v 41.919998 26.959999 27.840000
v 41.919998 26.959999 28.000000
v 41.919998 26.959999 28.160000
v 41.840000 27.039999 30.080000
v 41.919998 27.039999 30.000000
v 41.840000 27.039999 30.879999
v 41.840000 27.199999 27.359999
v 41.840000 27.199999 27.519999
v 41.919998 27.199999 27.599998
v 41.919998 27.119999 27.680000
v 41.840000 27.199999 30.080000
v 41.919998 27.199999 30.000000
v 41.840000 27.199999 30.240000
v 41.840000 27.199999 30.719999
v 41.840000 27.199999 30.879999
v 41.840000 27.359999 27.199999
v 41.919998 27.359999 27.279999
v 41.919998 27.279999 27.359999
v 41.919998 27.279999 27.519999
v 41.919998 27.279999 30.080000
v 41.919998 27.279999 30.240000
v 41.919998 27.279999 30.400000
v 41.919998 27.279999 30.559999
v 41.919998 27.279999 30.719999
v 41.919998 27.359999 30.799999
v 41.840000 27.359999 30.879999
v 41.840000 27.519999 31.199999
v 41.919998 27.439999 26.879999
v 41.919998 27.439999 27.039999
v 41.919998 27.439999 27.199999
v 41.840000 27.519999 30.879999
v 41.919998 27.519999 30.799999
v 41.840000 27.519999 31.039999
v 41.919998 27.680000 26.320000
v 41.919998 27.599998 26.400000
v 41.919998 27.599998 30.879999
v 41.919998 27.599998 31.039999
v 41.919998 27.680000 31.119999
v 41.840000 27.680000 31.199999
v 41.840000 27.840000 26.080000
v 41.919998 27.840000 26.000000
v 41.919998 27.760000 26.080000
v 41.919998 27.760000 26.240000
v 41.840000 28.000000 25.760000
v 41.919998 28.000000 25.680000
v 41.919998 27.920000 25.760000
v 41.919998 27.920000 25.920000
v 41.840000 28.000000 31.199999
v 41.919998 28.000000 31.119999
v 41.840000 28.160000 25.439999
v 41.919998 28.160000 25.359999
v 41.919998 28.080000 25.439999
v 41.919998 28.080000 25.599998
v 41.840000 28.160000 31.199999
v 41.840000 28.160000 31.359999
v 41.840000 28.320000 25.119999
v 41.919998 28.320000 25.039999
v 41.919998 28.240000 25.119999
v 41.919998 28.240000 25.279999
v 41.840000 28.320000 25.279999
v 41.840000 28.320000 31.199999
v 41.919998 28.320000 31.119999
v 41.840000 28.480000 31.359999
v 41.840000 28.480000 24.959999
v 41.919998 28.480000 24.879999
v 41.919998 28.400000 24.959999
v 41.919998 28.480000 30.799999
v 41.840000 28.480000 31.039999
v 41.919998 28.400000 31.039999
v 41.840000 28.639999 24.799999
v 41.919998 28.639999 24.719999
v 41.919998 28.559999 24.799999
v 41.840000 28.639999 24.959999
v 41.919998 28.559999 30.719999
v 41.840000 28.799999 24.639999
v 41.919998 28.799999 24.559999
v 41.919998 28.719999 24.639999
v 41.840000 28.799999 24.799999
v 41.919998 28.959999 24.559999
v 41.919998 28.959999 30.639999
v 41.840000 29.279999 24.799999
v 41.840000 29.439998 24.639998
v 41.919998 29.599998 30.320000
v 41.919998 29.760000 24.559999
v 41.919998 29.679998 25.279999
v 41.919998 29.760000 25.199999
v 41.919998 29.679998 25.439999
v 41.919998 29.679998 25.599998
v 41.919998 29.760000 25.840000
v 41.919998 29.760000 30.320000
v 41.840000 29.920000 24.639999
v 41.919998 29.920000 24.559999
v 41.919998 29.920000 25.199999
v 41.919998 29.920000 25.840000
v 41.840000 29.920000 26.559999
v 41.919998 29.840000 30.080000
v 41.919998 29.920000 30.000000
v 41.840000 30.080000 24.639999
v 41.919998 30.080000 24.559999
v 41.840000 30.080000 24.799999
v 41.840000 30.080000 25.119999
v 41.919998 30.080000 25.199999
v 41.919998 30.080000 25.840000
v 41.919998 30.080000 30.000000
v 41.919998 30.160000 24.639999
v 41.840000 30.240000 24.799999
v 41.919998 30.240000 24.719999
v 41.840000 30.240000 24.959999
v 41.840000 30.240000 25.279999
v 41.919998 30.160000 25.279999
v 41.919998 30.160000 25.439999
v 41.919998 30.160000 25.599998
v 41.840000 30.240000 25.760000
v 41.919998 30.160000 25.760000
v 41.840000 30.240000 26.559999
v 41.840000 30.240000 26.719999
v 41.840000 30.240000 26.879999
v 41.840000 30.240000 27.039999
v 41.919998 30.160000 29.760000
v 41.919998 30.240000 29.679998
v 41.919998 30.160000 29.920000
v 41.919998 30.320000 24.799999
v 41.919998 30.320000 24.959999
v 41.919998 30.400000 25.039999
v 41.919998 30.559999 25.039999
v 41.840000 30.559999 25.760000
v 41.919998 30.639999 25.119999
v 41.919998 30.639999 25.279999
v 41.919998 30.639999 25.439999
v 41.919998 30.639999 25.599998
v 41.919998 30.639999 25.760000
v 41.919998 30.639999 26.559999
v 41.840000 30.719999 26.719999
v 41.919998 30.719999 26.639999
v 41.840000 30.719999 27.359999
v 41.840000 30.719999 29.279999
v 41.919998 30.719999 29.359999
v 41.919998 30.639999 29.439999
v 41.919998 30.799999 26.719999
v 41.919998 30.799999 26.879999
v 41.840000 30.879999 27.039999
v 41.919998 30.879999 26.959999
v 41.840000 30.879999 27.199999
v 41.840000 30.879999 27.359999
v 41.840000 30.879999 27.519999
v 41.840000 30.879999 27.680000
v 41.840000 30.879999 27.840000
v 41.840000 30.879999 28.000000
v 41.840000 30.879999 28.160000
v 41.840000 30.879999 28.320000
v 41.840000 30.879999 28.480000
v 41.840000 30.879999 28.639999
v 41.840000 30.879999 28.799999
v 41.919998 30.799999 29.119999
v 41.919998 30.799999 29.279999
v 41.919998 30.959999 27.039999
v 41.919998 30.959999 27.199999
v 41.919998 30.959999 27.359999
v 41.919998 30.959999 27.519999
v 41.919998 30.959999 27.680000
v 41.919998 30.959999 27.840000
v 41.919998 30.959999 28.000000
v 41.919998 30.959999 28.160000
v 41.919998 30.959999 28.320000
v 42.000000 26.879999 28.320000
v 42.000000 26.879999 28.480000
v 42.000000 26.879999 28.639999
v 42.000000 26.879999 28.799999
v 42.000000 26.879999 28.959999
v 42.000000 26.879999 29.119999
v 42.000000 26.879999 29.279999
v 42.000000 26.879999 29.439999
v 42.000000 26.879999 29.599998
v 42.000000 26.879999 29.760000
v 42.000000 26.879999 29.920000
v 42.000000 27.039999 27.840000
v 42.000000 27.039999 28.000000
v 42.000000 27.039999 28.160000
v 42.079998 27.039999 28.240000
v 42.079998 26.959999 28.320000
v 42.079998 26.959999 28.480000
v 42.079998 26.959999 28.639999
v 42.079998 26.959999 28.799999
v 42.079998 26.959999 28.959999
v 42.079998 26.959999 29.119999
v 42.079998 26.959999 29.279999
v 42.079998 26.959999 29.439999
v 42.079998 26.959999 29.599998
v 42.079998 26.959999 29.760000
v 42.079998 27.039999 29.840000
v 42.000000 27.039999 29.920000
v 42.000000 27.199999 27.680000
v 42.000000 27.199999 27.840000
v 42.079998 27.199999 27.920000
v 42.079998 27.119999 28.000000
v 42.079998 27.119999 28.160000
v 42.079998 27.119999 29.920000
v 42.079998 27.199999 30.000000
v 42.000000 27.359999 27.359999
v 42.079998 27.359999 27.439999
v 42.079998 27.279999 27.519999
v 42.079998 27.279999 27.680000
v 42.079998 27.279999 27.840000
v 42.079998 27.279999 30.080000
v 42.000000 27.359999 30.240000
v 42.079998 27.359999 30.160000
v 42.000000 27.359999 30.400000
v 42.000000 27.359999 30.559999
v 42.000000 27.359999 30.719999
v 42.000000 27.519999 26.879999
v 42.000000 27.519999 27.039999
v 42.079998 27.519999 27.119999
v 42.079998 27.439999 27.199999
v 42.079998 27.439999 27.359999
v 42.079998 27.439999 30.240000
v 42.079998 27.439999 30.400000
v 42.079998 27.439999 30.559999
v 42.079998 27.519999 30.639999
v 42.000000 27.519999 30.719999
v 42.079998 27.680000 26.320000
v 42.079998 27.599998 26.400000
v 42.079998 27.599998 26.879999
v 42.079998 27.599998 27.039999
v 42.079998 27.680000 30.639999
v 42.000000 27.680000 30.879999
v 42.000000 27.680000 31.039999
v 42.079998 27.840000 26.000000
v 42.079998 27.760000 26.080000
v 42.079998 27.760000 26.240000
v 42.000000 27.840000 30.719999
v 42.000000 28.000000 25.599998
v 42.079998 28.000000 25.519999
v 42.079998 27.920000 25.599998
v 42.079998 27.920000 25.760000
v 42.079998 27.920000 25.920000
v 42.079998 27.920000 30.719999
v 42.079998 28.000000 30.799999
v 42.000000 28.000000 30.879999
v 42.000000 28.000000 31.039999
v 42.000000 28.160000 24.959999
v 42.079998 28.080000 25.119999
v 42.000000 28.160000 25.119999
v 42.079998 28.080000 25.279999
v 42.000000 28.160000 25.279999
v 42.079998 28.080000 25.439999
v 42.000000 28.320000 30.879999
v 42.079998 28.160000 30.799999
v 42.000000 28.320000 24.799999
v 42.079998 28.320000 24.719999
v 42.079998 28.240000 24.799999
v 42.000000 28.320000 24.959999
v 42.079998 28.320000 30.799999
v 42.000000 28.320000 31.039999
v 42.000000 28.480000 24.799999
v 42.079998 28.480000 24.719999
v 42.079998 28.480000 30.799999
v 42.000000 28.639999 24.639999
v 42.079998 28.639999 24.559999
v 42.079998 28.559999 24.639999
v 42.079998 28.799999 24.559999
v 42.000000 28.959999 24.480000
v 42.079998 28.959999 24.400000
v 42.079998 28.879999 24.480000
v 42.079998 28.959999 30.639999
v 42.000000 29.119999 24.480000
v 42.079998 29.119999 24.400000
v 42.000000 29.279999 24.480000
v 42.079998 29.279999 24.400000
v 42.079998 29.439999 24.400000
v 42.000000 29.439999 30.240000
v 42.079998 29.359999 30.240000
v 42.079998 29.439999 30.160000
v 42.079998 29.599998 24.400000
v 42.000000 29.599998 30.240000
v 42.079998 29.599998 30.160000
v 42.000000 29.760000 24.480000
v 42.079998 29.760000 24.400000
v 42.079998 29.679998 25.279999
v 42.079998 29.760000 25.199999
v 42.079998 29.679998 25.439999
v 42.079998 29.679998 25.599998
v 42.000000 29.760000 25.760000
v 42.079998 29.760000 25.680000
v 42.000000 29.760000 30.080000
v 42.079998 29.679929 30.080069
v 42.079998 29.760000 30.000000
v 42.000000 29.760000 30.240000
v 42.079998 29.920000 24.400000
v 42.079998 29.920000 25.199999
v 42.000000 29.920000 25.760000
v 42.079998 29.920000 25.680000
v 42.000000 30.080000 24.480000
v 42.079998 30.080000 24.400000
v 42.079998 30.080000 25.199999
v 42.000000 30.080000 25.760000
v 42.079998 30.080000 25.680000
v 42.079998 30.080000 30.000000
v 42.000000 30.240000 24.639999
v 42.079998 30.240000 24.559999
v 42.079998 30.160000 25.279999
v 42.079998 30.160000 25.439999
v 42.079998 30.160000 25.599998
v 42.399998 30.160000 29.760000
v 42.079998 30.160000 29.920000
v 42.079998 30.320000 24.639999
v 42.000000 30.400000 24.799999
v 42.079998 30.400000 24.719999
v 42.000000 30.400000 24.959999
v 42.079999 30.400000 29.679998
v 42.079998 30.480000 24.799999
v 42.079998 30.480000 24.959999
v 42.079998 30.559999 25.039999
v 42.079998 30.559999 29.519999
v 42.079998 30.639999 25.119999
v 42.079998 30.639999 25.279999
v 42.079998 30.639999 25.439999
v 42.079998 30.639999 25.599998
v 42.079998 30.639999 25.760000
v 42.079998 30.639999 25.920000
v 42.079998 30.639999 26.080000
v 42.079998 30.639999 26.240000
v 42.079998 30.639999 26.400000
v 42.079998 30.639999 26.559999
v 42.079998 30.719999 26.639999
v 42.000000 30.879999 26.719999
v 42.079998 30.879999 26.639999
v 42.000000 30.879999 26.879999
v 42.079998 30.799999 29.279999
v 42.079998 30.959999 26.719999
v 42.079998 30.959999 26.879999
v 42.160000 27.039999 28.320000
v 42.160000 27.039999 28.480000
v 42.160000 27.039999 28.639999
v 42.160000 27.039999 28.959999
v 42.160000 27.039999 29.439999
v 42.160000 27.039999 29.599998
v 42.160000 27.039999 29.760000
v 42.160000 27.199999 28.000000
v 42.239998 27.199999 28.080000
v 42.239998 27.119999 28.160000
v 42.239998 27.119999 28.320000
v 42.239998 27.119999 28.480000
v 42.239998 27.119999 28.639999
v 42.239998 27.119999 28.799999
v 42.239998 27.119999 28.959999
v 42.239998 27.119999 29.119999
v 42.239998 27.119999 29.279999
v 42.239998 27.119999 29.439999
v 42.239998 27.119999 29.599998
v 42.239998 27.199999 29.679998
v 42.160000 27.199999 29.760000
v 42.160000 27.359999 30.080000
v 42.160000 27.359999 27.519999
v 42.160000 27.359999 27.680000
v 42.239998 27.359999 27.760000
v 42.239998 27.279999 27.840000
v 42.239998 27.279999 28.000000
v 42.160000 27.359999 29.760000
v 42.239998 27.359999 29.679998
v 42.160000 27.519999 27.199999
v 42.160000 27.519999 27.359999
v 42.160000 27.519999 27.519999
v 42.239998 27.519999 27.599998
v 42.239998 27.439999 27.680000
v 42.239998 27.439999 29.760000
v 42.239998 27.439999 29.920000
v 42.239998 27.439999 30.080000
v 42.160000 27.519999 30.240000
v 42.239998 27.519999 30.160000
v 42.160000 27.519999 30.400000
v 42.160000 27.519999 30.559999
v 42.160000 27.680000 26.400000
v 42.239998 27.680000 26.480000
v 42.239998 27.599998 26.559999
v 42.239998 27.599998 26.719999
v 42.239998 27.599998 26.879999
v 42.239998 27.599998 27.039999
v 42.239998 27.599998 27.199999
v 42.239998 27.599998 27.359999
v 42.239998 27.599998 27.519999
v 42.239998 27.599998 30.240000
v 42.239998 27.680000 30.320000
v 42.160000 27.680000 30.400000
v 42.160000 27.840000 25.920000
v 42.239998 27.840000 25.840000
v 42.239998 27.760000 25.920000
v 42.239998 27.760000 26.400000
v 42.160000 27.840000 30.400000
v 42.160000 27.840000 30.559999
v 42.147939 28.012061 24.959999
v 42.239998 28.000000 24.879999
v 42.239998 27.920000 24.959999
v 42.239998 27.920000 25.119999
v 42.239998 27.920000 25.279999
v 42.239998 27.920000 25.439999
v 42.160000 28.000000 25.439999
v 42.239998 27.920000 25.599998
v 42.239998 27.920000 25.760000
v 42.160000 28.000000 30.400000
v 42.160000 28.000000 30.719999
v 42.160000 28.160000 24.799999
v 42.239998 28.160000 24.719999
v 42.239998 28.080000 24.799999
v 42.160000 28.160000 30.400000
v 42.239998 28.320000 30.320000
v 42.160000 28.160000 30.719999
v 42.239998 28.320000 24.719999
v 42.160000 28.320000 30.400000
v 42.160000 28.480000 24.639999
v 42.239998 28.480000 24.559999
v 42.239998 28.400000 24.639999
v 42.239998 28.480000 30.480000
v 42.160000 28.480000 30.559999
v 42.160000 28.480000 30.719999
v 42.239998 28.639999 24.559999
v 42.160000 28.639999 30.559999
v 42.239998 28.959999 30.480000
v 42.160000 28.799999 24.480000
v 42.239998 28.799999 24.400000
v 42.239998 28.959999 24.400000
v 42.160000 28.959999 30.559999
v 42.239998 29.119999 24.400000
v 42.239998 29.119999 30.480000
v 42.239998 29.279999 24.400000
v 42.239998 29.199999 30.400000
v 42.239998 29.279999 30.320000
v 42.239998 29.439999 24.400000
v 42.239998 29.359999 30.240000
v 42.239998 29.439999 30.160000
v 42.239998 29.599998 24.400000
v 42.399998 29.599998 30.160000
v 42.239998 29.760000 24.400000
v 42.160000 29.760000 25.599998
v 42.239998 29.920000 24.400000
v 42.160000 29.760000 25.279999
v 42.160000 29.920000 25.599998
v 42.239998 30.080000 24.400000
v 42.160000 30.080000 25.439999
v 42.160000 30.080000 25.599998
v 42.239998 30.080000 30.000000
v 42.160000 30.240000 24.480000
v 42.239998 30.240000 24.400000
v 42.239998 30.240000 29.679998
v 42.399998 30.160000 29.920000
v 42.239998 30.320000 24.480000
v 42.160000 30.400000 24.639999
v 42.239998 30.400000 24.559999
v 42.160000 30.400000 29.599998
v 42.239998 30.400000 29.519999
v 42.239998 30.480000 24.639999
v 42.239998 30.480000 24.799999
v 42.160000 30.559999 24.959999
v 42.239998 30.559999 24.879999
v 42.559999 30.559999 29.519999
v 42.239998 30.639999 24.959999
v 42.160000 30.719999 25.119999
v 42.239998 30.719999 25.039999
v 42.160000 30.719999 25.920000
v 42.160000 30.719999 26.559999
v 42.239998 30.799999 25.119999
v 42.239998 30.799999 25.920000
v 42.160000 30.879999 26.080000
v 42.160000 30.879999 26.240000
v 42.160000 30.879999 26.400000
v 42.160000 30.879999 26.559999
v 42.399998 30.959999 28.959999
v 42.239998 30.959999 26.080000
v 42.239998 30.959999 26.240000
v 42.239998 30.959999 26.400000
v 42.239998 30.959999 26.559999
v 42.320000 27.199999 28.160000
v 42.320000 27.199999 28.320000
v 42.320000 27.199999 28.480000
v 42.320000 27.199999 28.639999
v 42.320000 27.199999 28.799999
v 42.320000 27.199999 28.959999
v 42.320000 27.199999 29.119999
v 42.320000 27.199999 29.279999
v 42.320000 27.199999 29.439999
v 42.320000 27.199999 29.599998
v 42.320000 27.359999 27.840000
v 42.320000 27.359999 28.000000
v 42.320000 27.359999 28.160000
v 42.399998 27.359999 28.240000
v 42.399998 27.279999 28.320000
v 42.399998 27.279999 28.480000
v 42.399998 27.279999 28.639999
v 42.399998 27.279999 28.799999
v 42.399998 27.279999 29.119999
v 42.399998 27.279999 29.279999
v 42.399998 27.359999 29.359999
v 42.320000 27.359999 29.439999
v 42.320000 27.359999 29.599998
v 42.320000 27.519999 27.680000
v 42.399998 27.519999 27.760000
v 42.399998 27.439999 27.840000
v 42.399998 27.439999 28.000000
v 42.399998 27.439999 28.160000
v 42.399998 27.439999 29.439999
v 42.399998 27.439999 29.599998
v 42.320000 27.519999 29.760000
v 42.399998 27.519999 29.679998
v 42.320000 27.519999 29.920000
v 42.320000 27.519999 30.080000
v 42.320000 27.680000 26.559999
v 42.320000 27.680000 26.719999
v 42.320000 27.680000 26.879999
v 42.320000 27.680000 27.039999
v 42.399998 27.680000 27.119999
v 42.399998 27.599998 27.199999
v 42.399998 27.599998 27.359999
v 42.399998 27.599998 27.519999
v 42.399998 27.599998 27.680000
v 42.399998 27.599998 29.760000
v 42.399998 27.599998 29.920000
v 42.399998 27.680000 30.000000
v 42.320000 27.680000 30.080000
v 42.320000 27.680000 30.240000
v 42.399998 27.840000 25.840000
v 42.399998 27.760000 25.920000
v 42.399998 27.760000 26.559999
v 42.399998 27.760000 26.719999
v 42.399998 27.760000 26.879999
v 42.399998 27.760000 27.039999
v 42.399998 27.760000 30.080000
v 42.399998 27.760000 30.240000
v 42.399998 28.000000 24.879999
v 42.399998 27.920000 24.959999
v 42.399998 27.920000 25.119999
v 42.399998 27.920000 25.279999
v 42.399998 27.920000 25.439999
v 42.399998 27.920000 25.599998
v 42.399998 27.920000 25.760000
v 42.399998 27.840000 30.320000
v 42.399998 28.160000 24.719999
v 42.399998 28.080000 24.799999
v 42.320000 28.320000 24.639999
v 42.399998 28.320000 24.559999
v 42.399998 28.240000 24.639999
v 42.399998 28.480000 24.559999
v 42.320000 28.480000 30.400000
v 42.399998 28.480000 30.320000
v 42.399998 28.639999 24.400000
v 42.399998 28.559999 24.480000
v 42.320000 28.639999 30.400000
v 42.314169 28.799999 24.325830
v 42.399998 28.799999 24.240000
v 42.399998 28.719999 24.320000
v 42.320000 28.799999 30.400000
v 42.320000 28.959999 30.400000
v 42.399998 28.959999 30.320000
v 42.399998 29.119999 24.240000
v 42.320000 29.119999 30.240000
v 42.399998 29.039999 30.240000
v 42.399998 29.119999 30.160000
v 42.320000 29.119999 30.400000
v 42.320000 29.279999 30.240000
v 42.399998 29.279999 30.160000
v 42.399998 29.760000 24.240000
v 42.399998 29.760000 30.000000
v 42.320000 30.080000 24.320000
v 42.399998 30.080000 24.240000
v 42.399998 30.080000 30.000000
v 42.399998 30.160000 24.320000
v 42.399998 30.240000 24.400000
v 42.399998 30.240000 29.679998
v 42.399998 30.320000 24.480000
v 42.399998 30.400000 24.559999
v 42.399998 30.480000 24.639999
v 42.320000 30.559999 24.799999
v 42.399998 30.559999 24.719999
v 42.399998 30.639999 24.799999
v 42.399998 30.639999 24.959999
v 42.399998 30.719999 25.039999
v 42.399998 30.799999 25.119999
v 42.399998 30.799999 25.279999
v 42.399998 30.799999 25.439999
v 42.399998 30.799999 25.599998
v 42.399998 30.799999 25.760000
v 42.399998 30.799999 29.119999
v 42.399998 30.799999 29.279999
v 42.399998 30.959999 28.160000
v 42.399998 30.959999 28.320000
v 42.399998 30.959999 28.480000
v 42.399998 30.959999 28.639999
v 42.399998 30.959999 28.799999
v 42.399998 30.959999 28.959999
v 42.480014 27.360013 28.320000
v 42.480000 27.359999 29.279999
v 42.480000 27.519999 27.840000
v 42.480000 27.519999 28.000000
v 42.559998 27.519999 28.080000
v 42.559998 27.439999 28.160000
v 42.559998 27.439999 28.320000
v 42.559998 27.439999 28.480000
v 42.559998 27.439999 28.639999
v 42.559998 27.439999 28.799999
v 42.559998 27.439999 28.959999
v 42.559998 27.439999 29.119999
v 42.559998 27.439999 29.279999
v 42.559998 27.439999 29.439999
v 42.480000 27.519999 29.599998
v 42.559998 27.519999 29.519999
v 42.480000 27.680000 27.199999
v 42.480000 27.680000 27.359999
v 42.559998 27.680000 27.439999
v 42.559998 27.599998 27.519999
v 42.559998 27.599998 27.680000
v 42.559998 27.599998 27.840000
v 42.559998 27.599998 28.000000
v 42.559998 27.599998 29.599998
v 42.559998 27.599998 29.760000
v 42.480000 27.680000 29.920000
v 42.559998 27.680000 29.840000
v 42.480000 27.840000 25.599998
v 42.559998 27.760000 25.599998
v 42.559998 27.760000 25.760000
v 42.480000 27.840000 25.760000
v 42.559998 27.760000 27.199999
v 42.559998 27.760000 27.359999
v 42.559998 27.760000 29.920000
v 42.480000 27.840000 30.080000
v 42.559998 27.840000 30.000000
v 42.480000 27.840000 30.240000
v 42.559998 28.000000 24.879999
v 42.559998 27.920000 24.959999
v 42.559998 27.920000 25.119999
v 42.559998 27.920000 25.279999
v 42.559998 27.920000 25.439999
v 42.480000 28.000000 30.080000
v 42.560004 28.000000 29.999993
v 42.480000 28.000000 30.240000
v 42.559998 28.160000 24.719999
v 42.559998 28.080000 24.799999
v 42.559998 28.160000 30.160000
v 42.480000 28.160000 30.240000
v 42.559998 28.320000 24.559999
v 42.559998 28.240000 24.639999
v 42.480000 28.320000 30.240000
v 42.480000 28.480000 24.480000
v 42.559998 28.480000 24.400000
v 42.559998 28.400000 24.480000
v 42.559998 28.639999 24.400000
v 42.559998 28.799999 24.240000
v 42.559998 28.719999 24.320000
v 42.480000 28.799999 30.240000
v 42.559998 28.959999 24.240000
v 42.480000 28.959999 30.080000
v 42.480000 28.959999 30.240000
v 42.559998 29.119999 24.240000
v 42.480000 29.119999 30.080000
v 42.559998 29.279999 24.240000
v 42.559998 29.439999 24.240000
v 42.480000 29.439999 30.080000
v 42.559998 29.599998 24.240000
v 42.480000 29.599998 30.080000
v 42.559998 29.599998 30.000000
v 42.480000 29.760000 24.160000
v 42.559998 29.760000 24.080000
v 42.559998 29.679998 24.160000
v 42.480000 29.760000 29.920000
v 42.559998 29.679998 29.920000
v 42.559998 29.760000 29.840000
v 42.480000 29.920000 24.160000
v 42.480000 29.920000 29.760000
v 42.559998 29.840000 29.760000
v 42.559998 29.920000 29.679998
v 42.480000 29.920000 29.920000
v 42.480000 30.080000 24.160000
v 42.559998 30.080000 24.080000
v 42.480000 30.080000 29.760000
v 42.559998 30.080000 29.679998
v 42.480000 30.080000 29.920000
v 42.559998 30.160000 24.160000
v 42.480000 30.240000 24.320000
v 42.559998 30.240000 24.240000
v 42.559998 30.320000 24.320000
v 42.480000 30.400000 24.480000
v 42.559998 30.400000 24.400000
v 42.559998 30.400000 29.519999
v 42.559998 30.480000 24.480000
v 42.480000 30.559999 24.639999
v 42.559998 30.559999 24.559999
v 42.559998 30.639999 24.639999
v 42.559998 30.639999 24.799999
v 42.480000 30.719999 24.959999
v 42.559998 30.719999 24.879999
v 42.559998 30.719999 29.359999
v 42.559998 30.799999 24.959999
v 42.559998 30.799999 25.119999
v 42.480000 30.879999 25.279999
v 42.559998 30.879999 25.199999
v 42.559998 30.799999 29.279999
v 42.559998 30.959999 25.279999
v 42.559999 30.959999 25.760000
v 42.559998 30.959999 26.719999
v 42.559998 30.959999 27.039999
v 42.559998 30.959999 27.840000
v 42.559998 30.959999 28.000000
v 42.480000 31.039999 28.160000
v 42.559998 31.039999 28.080000
v 42.559998 30.959999 28.959999
v 42.559998 31.119999 28.160000
v 42.639999 27.519999 28.160000
v 42.719997 27.519999 28.240000
v 42.719997 27.439999 28.320000
v 42.719997 27.439999 28.480000
v 42.719997 27.439999 28.639999
v 42.719997 27.439999 28.799999
v 42.719997 27.439999 28.959999
v 42.719997 27.439999 29.119999
v 42.719997 27.439999 29.279999
v 42.639999 27.519999 29.439999
v 42.719997 27.519999 29.359999
v 42.639999 27.680000 27.519999
v 42.639999 27.680000 27.680000
v 42.719997 27.680000 27.760000
v 42.719997 27.599998 27.840000
v 42.719997 27.599998 28.000000
v 42.719997 27.599998 28.160000
v 42.639999 27.680000 29.439999
v 42.719997 27.680000 29.359999
v 42.639999 27.680000 29.599998
v 42.639999 27.680000 29.760000
v 42.639999 27.840000 25.119999
v 42.719997 27.840000 25.039999
v 42.719997 27.760000 25.119999
v 42.719999 27.760000 25.439999
v 42.719997 27.760000 27.519999
v 42.719997 27.760000 27.680000
v 42.719997 27.760000 29.439999
v 42.719997 27.760000 29.599998
v 42.719997 27.840000 29.679998
v 42.639999 27.840000 29.760000
v 42.639999 27.840000 29.920000
v 42.639999 28.000000 24.799999
v 42.719997 28.000000 24.719999
v 42.719997 27.920000 24.799999
v 42.719997 27.920000 24.959999
v 42.719997 27.920000 29.760000
v 42.719997 28.000000 29.840000
v 42.639999 28.000000 29.920000
v 42.719997 28.160000 24.719999
v 42.639999 28.160000 30.080000
v 42.639999 28.320000 24.480000
v 42.719997 28.320000 24.400000
v 42.719997 28.240000 24.480000
v 42.719997 28.240000 24.639999
v 42.719997 28.320000 29.840000
v 42.719997 28.480000 24.400000
v 42.639999 28.959998 29.920000
v 42.639999 28.639999 24.320000
v 42.746651 28.613346 24.240000
v 42.639999 28.800000 30.079999
v 42.640032 28.959999 24.159967
v 42.719997 28.959999 24.080000
v 42.719997 28.879999 24.160000
v 42.719997 29.119999 24.080000
v 42.719997 29.119999 29.840000
v 42.639999 29.279999 24.160000
v 42.719997 29.279999 24.080000
v 42.639999 29.439999 24.160000
v 42.719997 29.439999 24.080000
v 42.639999 29.439999 29.920000
v 42.719997 29.439999 29.840000
v 42.639999 29.599998 24.160000
v 42.719997 29.599998 24.080000
v 42.639999 29.599998 29.920000
v 42.719997 29.599998 29.840000
v 42.719997 29.760000 29.840000
v 42.719997 29.840000 29.760000
v 42.719997 29.920000 29.679998
v 42.639999 30.240000 24.160000
v 42.719997 30.240000 24.080000
v 42.719997 30.320000 24.160000
v 42.639999 30.400000 24.320000
v 42.719997 30.400000 24.240000
v 42.639999 30.400000 29.439999
v 42.719997 30.320000 29.439999
v 42.719997 30.400000 29.359999
v 42.719997 30.320000 29.599998
v 42.719997 30.480000 24.320000
v 42.639999 30.559999 24.480000
v 42.719997 30.559999 24.400000
v 42.719997 30.559999 29.359999
v 42.719997 30.639999 24.480000
v 42.719997 30.639999 24.639999
v 42.639999 30.719999 24.799999
v 42.719997 30.719999 24.719999
v 42.719997 30.719999 29.359999
v 42.719997 30.799999 24.799999
v 42.719997 30.799999 24.959999
v 42.639999 30.879999 25.119999
v 42.719997 30.879999 25.039999
v 42.719997 30.959999 25.119999
v 42.719997 30.959999 26.240000
v 42.719997 30.959999 26.400000
v 42.719997 30.959999 26.559999
v 42.639999 31.039999 26.719999
v 42.719997 31.039999 26.639999
v 42.639999 31.039999 27.039999
v 42.719997 31.039999 27.119999
v 42.719997 30.959999 27.199999
v 42.719997 30.959999 27.680000
v 42.639999 31.039999 27.840000
v 42.719997 31.039999 27.760000
v 42.639999 31.039999 28.000000
v 42.719997 30.959999 28.959999
v 42.719997 31.119999 26.719999
v 42.719997 31.119999 26.879999
v 42.719997 31.119999 27.039999
v 42.719997 31.119999 27.840000
v 42.719997 31.119999 28.000000
v 43.040001 31.119999 28.799999
v 42.799999 27.519999 28.320000
v 42.799999 27.519999 28.799999
v 42.799999 27.519999 29.279999
v 42.799999 27.680000 27.840000
v 42.799999 27.680000 28.000000
v 42.879997 27.680000 28.080000
v 42.879997 27.599998 28.160000
v 42.879997 27.599998 28.320000
v 42.879997 27.680000 28.879999
v 42.799999 27.680000 28.959999
v 42.799999 27.680000 29.279999
v 42.879997 27.840000 25.039999
v 42.879997 27.760000 25.119999
v 42.879997 27.760000 26.719999
v 42.879997 27.760000 26.879999
v 42.879997 27.760000 27.039999
v 42.879997 27.760000 27.199999
v 42.879997 27.760000 27.359999
v 42.879997 27.760000 27.840000
v 42.879997 27.760000 28.000000
v 42.879997 27.760000 28.959999
v 42.879997 27.760000 29.119999
v 42.879997 27.760000 29.279999
v 42.799999 27.840000 29.439999
v 42.879997 27.920000 29.439999
v 42.799999 27.840000 29.599998
v 42.879997 28.000000 24.719999
v 42.879997 27.920000 24.799999
v 42.879997 27.920000 24.959999
v 42.879997 27.920000 29.599998
v 42.799999 28.000000 29.760000
v 42.880088 28.000000 29.679907
v 42.799999 28.160000 24.639999
v 42.879997 28.160000 24.559999
v 42.879997 28.080000 24.639999
v 42.799999 28.160000 29.760000
v 42.879997 28.160000 29.679998
v 42.879997 28.320000 24.400000
v 42.879997 28.240000 24.480000
v 42.799999 28.320000 29.760000
v 42.879997 28.320000 29.679998
v 42.799999 28.480000 24.320000
v 42.879997 28.480000 24.240000
v 42.879997 28.400000 29.760000
v 42.879997 28.480000 29.840000
v 42.879997 28.639999 24.240000
v 42.879997 28.639999 29.840000
v 42.799999 28.799999 24.160000
v 42.879997 28.799999 24.080000
v 42.879997 28.719999 24.160000
v 42.879997 28.799999 29.840000
v 42.879997 28.959999 29.840000
v 42.799999 29.119999 29.760000
v 42.879997 29.119999 29.679998
v 42.879997 29.279999 29.679998
v 42.879998 29.439998 24.080000
v 42.799999 29.439999 29.760000
v 42.879997 29.439999 29.679998
v 42.879997 29.599998 29.679998
v 42.799999 29.760000 29.760000
v 42.879997 29.760000 29.679998
v 42.879997 30.080000 29.679998
v 42.879997 30.240000 24.080000
v 42.879997 30.240000 29.679998
v 42.879997 30.320000 29.439999
v 42.879997 30.400000 29.359999
v 42.879997 30.320000 29.599998
v 42.879997 30.639999 24.480000
v 42.799999 30.719999 24.639999
v 42.879997 30.719999 24.559999
v 42.879997 30.719999 29.359999
v 42.879997 30.799999 24.639999
v 42.879997 30.799999 24.799999
v 42.799999 30.879999 24.959999
v 42.879997 30.879999 24.879999
v 42.879997 30.959999 24.959999
v 42.879997 30.959999 25.599998
v 42.879997 30.959999 25.760000
v 42.879997 30.959999 25.920000
v 42.879997 30.959999 26.080000
v 42.799999 31.039999 26.240000
v 42.879997 31.039999 26.160000
v 42.799999 31.039999 26.400000
v 42.799999 31.039999 26.559999
v 42.879997 30.959999 27.199999
v 42.879997 31.119999 27.039999
v 42.879997 30.959999 27.519999
v 42.799999 31.039999 27.680000
v 42.879997 31.039999 27.599998
v 42.879997 30.959999 28.959999
v 42.559998 30.959999 29.119999
v 42.879997 31.119999 26.240000
v 42.879997 31.119999 26.400000
v 42.879997 31.119999 26.559999
v 42.879997 31.119999 26.879999
v 42.879997 31.119999 27.680000
v 42.879997 31.119999 28.000000
v 42.879997 31.119999 28.160000
v 42.959999 27.680000 28.160000
v 42.959999 27.680000 28.480000
v 42.959999 27.680000 28.799999
v 42.959999 27.840000 24.959999
v 43.040001 27.840000 24.879999
v 43.040001 27.760000 24.959999
v 43.040001 27.760000 26.240000
v 43.040001 27.760000 26.400000
v 43.040001 27.760000 26.559999
v 42.959999 27.840000 26.719999
v 43.040001 27.840000 26.639999
v 43.040001 27.760000 27.519999
v 43.040001 27.760000 28.160000
v 43.040001 27.760000 28.320000
v 43.040001 27.760000 28.480000
v 43.040001 27.760000 28.639999
v 43.040001 27.760000 28.799999
v 43.040001 27.760000 28.959999
v 42.959999 27.840000 29.119999
v 43.040001 27.840000 29.039999
v 42.959999 27.840000 29.279999
v 43.040001 27.920000 24.799999
v 43.040001 27.920000 26.719999
v 43.040001 27.920000 27.359999
v 43.040001 27.920000 29.119999
v 43.040001 27.920000 29.279999
v 43.040001 27.920000 29.439999
v 43.040001 28.000000 29.519999
v 42.959999 28.160000 29.599998
v 43.040001 28.160000 29.519999
v 43.040001 28.240000 29.599998
v 43.040001 28.320000 29.679998
v 43.040001 28.480000 24.240000
v 42.959999 28.480000 29.760000
v 43.040001 28.480000 29.679998
v 43.040001 28.799999 24.080000
v 43.040000 28.959999 29.679998
v 43.040001 29.279999 24.080000
v 43.040001 29.359999 24.000000
v 43.040001 29.920000 29.679998
v 43.040001 29.920000 23.920000
v 43.040001 30.080000 23.920000
v 42.959999 30.080000 29.599998
v 43.040001 30.080000 29.519999
v 43.040001 30.240000 23.920000
v 42.959999 30.240000 29.439999
v 43.040001 30.240000 29.359999
v 42.959999 30.240000 29.599998
v 43.040001 30.320000 24.000000
v 43.040001 30.400000 24.080000
v 43.040001 30.480000 24.160000
v 43.040001 30.559999 24.240000
v 43.040001 30.639999 24.320000
v 43.040001 30.719999 29.359999
v 43.040001 30.799999 24.639999
v 42.959999 30.879999 24.799999
v 43.040001 30.879999 24.719999
v 43.040001 30.959999 24.799999
v 43.040001 30.959999 25.279999
v 43.040001 30.959999 25.439999
v 43.040001 31.119999 25.599998
v 43.040001 31.039999 25.519999
v 42.959999 31.039999 26.080000
v 42.959999 31.039999 27.199999
v 42.959999 31.039999 27.359999
v 42.959999 31.039999 27.519999
v 43.040001 30.959999 28.959999
v 43.040001 31.119999 26.080000
v 43.040001 31.119999 26.719999
v 42.959999 31.199999 26.879999
v 42.959999 31.199999 27.039999
v 42.959999 31.199999 27.680000
v 42.959999 31.199999 28.160000
v 43.040001 31.199999 28.240000
v 43.040001 31.119999 28.320000
v 43.040001 31.279999 26.879999
v 43.040001 31.279999 27.039999
v 43.040001 31.279999 27.199999
v 43.040001 31.279999 27.359999
v 43.040001 31.279999 27.519999
v 43.040001 31.279999 27.680000
v 43.040001 31.279999 27.840000
v 43.040001 31.279999 28.000000
v 43.040001 31.279999 28.160000
v 43.200001 27.840000 24.879999
v 43.360001 27.760000 24.959999
v 43.119999 27.840000 26.240000
v 43.119999 27.840000 26.400000
v 43.119999 27.840000 26.559999
v 43.200001 27.840000 27.439999
v 43.200001 27.760000 27.519999
v 43.200001 27.760000 27.840000
v 43.200001 27.760000 28.959999
v 43.200001 27.920000 24.799999
v 43.200001 27.920000 26.240000
v 43.200001 27.920000 26.400000
v 43.200001 27.920000 26.559999
v 43.200001 27.920000 27.359999
v 43.200001 27.920000 29.119999
v 43.119999 28.000000 29.279999
v 43.200001 28.000000 29.199999
v 43.119999 28.000000 29.439999
v 43.200001 28.080000 29.279999
v 43.200001 28.160000 29.359999
v 43.119999 28.160000 29.439999
v 43.200001 28.320000 24.400000
v 43.200001 28.240000 29.439999
v 43.119999 28.320000 29.599998
v 43.200001 28.320000 29.519999
v 43.200001 28.480000 24.240000
v 43.200001 28.480000 29.519999
v 43.200001 28.639999 29.519999
v 43.200001 28.799999 24.080000
v 43.200001 28.719999 24.160000
v 43.200001 28.799999 29.519999
v 43.200001 28.959999 29.519999
v 43.200001 29.119999 29.519999
v 43.200001 29.279999 29.519999
v 43.119999 29.439999 23.840000
v 43.200001 29.439999 23.760000
v 43.200001 29.359999 23.840000
v 43.200001 29.439999 29.519999
v 43.200000 29.920000 23.760000
v 43.200001 29.599998 29.519999
v 43.200001 29.760000 29.519999
v 43.119999 29.920000 29.599998
v 43.200001 29.920000 29.519999
v 43.200001 30.080000 23.920000
v 43.200001 30.240000 23.920000
v 43.200001 30.240000 29.359999
v 43.200001 30.719999 29.359999
v 43.200001 30.799999 29.279999
v 43.200001 30.959999 24.799999
v 43.119999 31.039999 25.279999
v 43.119999 31.039999 25.439999
v 43.119999 31.039999 28.959999
v 43.200001 31.039999 29.039999
v 43.200001 30.959999 29.119999
v 43.200001 31.119999 25.279999
v 43.200001 31.119999 25.439999
v 43.200001 31.119999 26.559999
v 43.200001 31.119999 26.719999
v 43.200001 31.199999 26.799999
v 43.200001 31.119999 28.320000
v 43.200001 31.199999 28.240000
v 43.200001 31.119999 28.480000
v 43.200001 31.119999 28.639999
v 43.200001 31.119999 28.799999
v 43.200001 31.119999 28.959999
v 43.200001 31.279999 26.879999
v 43.200001 31.279999 27.039999
v 43.200001 31.279999 27.199999
v 43.200001 31.279999 27.359999
v 43.360001 31.279999 27.680000
v 43.200001 31.279999 27.680000
v 43.200001 31.279999 27.840000
v 43.360001 31.279999 28.160000
v 43.200001 31.279999 28.160000
v 43.279999 27.840000 27.519999
v 43.279999 27.840000 27.680000
v 43.279999 27.840000 27.840000
v 43.279999 27.840000 28.000000
v 43.279999 27.840000 28.160000
v 43.279999 27.840000 28.320000
v 43.279999 27.840000 28.480000
v 43.279999 27.840000 28.639999
v 43.279999 27.840000 28.799999
v 43.279999 27.840000 28.959999
v 43.286287 28.122344 24.511367
v 43.360001 28.000000 24.559999
v 43.360001 27.920000 24.639999
v 43.360001 27.920000 24.799999
v 43.360001 27.920000 26.240000
v 43.360001 27.920000 27.519999
v 43.360001 27.920000 27.680000
v 43.360001 27.920000 27.840000
v 43.360001 27.920000 28.000000
v 43.360001 27.920000 28.160000
v 43.360001 27.920000 28.320000
v 43.360001 27.920000 28.480000
v 43.360001 27.920000 28.639999
v 43.360001 27.920000 28.799999
v 43.360001 27.920000 28.959999
v 43.279999 28.000000 29.119999
v 43.360001 28.000000 29.039999
v 43.360001 28.160000 24.400000
v 43.360001 28.080000 24.480000
v 43.360001 28.080000 29.119999
v 43.360001 28.080000 29.279999
v 43.360001 28.160000 29.359999
v 43.360001 28.320000 24.400000
v 43.279999 28.320000 29.439999
v 43.360001 28.320000 29.359999
v 43.360001 28.480000 24.240000
v 43.360001 28.400000 24.320000
v 43.279999 28.480000 29.439999
v 43.360001 28.480000 29.359999
v 43.360001 28.639999 24.240000
v 43.360001 28.559999 29.439999
v 43.360001 28.639999 29.519999
v 43.360001 28.799999 24.080000
v 43.360001 28.719999 24.160000
v 43.360001 28.799999 29.519999
v 43.360001 28.959999 24.080000
v 43.360001 28.959999 29.519999
v 43.360001 29.119999 24.080000
v 43.360001 29.359999 24.000000
v 43.360001 30.080000 23.920000
v 43.360001 30.240000 23.920000
v 43.520000 30.240000 29.359999
v 43.520000 30.559999 29.359999
v 43.520000 30.719999 29.359999
v 43.360001 30.799999 29.279999
v 43.360001 30.879999 29.199999
v 43.360001 30.959999 24.799999
v 43.360001 30.959999 29.119999
v 43.360001 31.039999 29.039999
v 43.360001 31.119999 25.119999
v 43.360001 31.119999 25.279999
v 43.360001 31.119999 26.400000
v 43.279999 31.199999 26.559999
v 43.360001 31.199999 26.480000
v 43.279999 31.199999 26.719999
v 43.279999 31.199999 28.320000
v 43.279999 31.199999 28.480000
v 43.279999 31.199999 28.639999
v 43.279999 31.199999 28.799999
v 43.360001 31.199999 28.879999
v 43.360001 31.119999 28.959999
v 43.360001 31.279999 26.559999
v 43.360001 31.279999 26.719999
v 43.360001 31.279999 26.879999
v 43.360001 31.279999 27.039999
v 43.360001 31.279999 27.199999
v 43.360001 31.279999 27.359999
v 43.360001 31.279999 27.519999
v 43.360001 31.279999 27.840000
v 43.360001 31.279999 28.000000
v 43.360001 31.279999 28.320000
v 43.360001 31.279999 28.480000
v 43.360001 31.279999 28.639999
v 43.360001 31.279999 28.799999
v 43.520000 27.760000 24.799999
v 43.520000 27.920000 24.639999
v 43.520000 27.920000 26.240000
v 43.520000 27.920000 26.400000
v 43.520000 27.920000 27.199999
v 43.520000 27.920000 27.359999
v 43.520000 27.920000 27.519999
v 43.520000 27.920000 27.680000
v 43.520000 27.920000 27.840000
v 43.520000 27.920000 28.000000
v 43.520000 27.920000 28.160000
v 43.520000 27.920000 28.320000
v 43.520000 27.920000 28.480000
v 43.520000 27.920000 28.639999
v 43.520000 27.920000 28.799999
v 43.439999 28.000000 28.959999
v 43.520000 28.000000 28.879999
v 43.520000 28.160000 24.400000
v 43.520000 28.080000 28.959999
v 43.520000 28.080000 29.119999
v 43.439999 28.160000 29.279999
v 43.520000 28.160000 29.199999
v 43.439999 28.320000 24.320000
v 43.520000 28.320000 24.240000
v 43.520000 28.240000 29.279999
v 43.520000 28.320000 29.359999
v 43.520000 28.480000 24.240000
v 43.520000 28.639999 24.240000
v 43.439999 28.639999 29.439999
v 43.520000 28.639999 29.359999
v 43.520000 28.799999 24.080000
v 43.520000 28.719999 24.160000
v 43.439999 28.799999 29.439999
v 43.448415 28.960000 23.991584
v 43.520000 28.959999 23.920000
v 43.439999 28.959999 29.439999
v 43.520000 29.119999 23.920000
v 43.520000 29.119999 29.519999
v 43.439999 29.279999 24.000000
v 43.520000 29.279999 23.920000
v 43.520000 29.279999 29.519999
v 43.520000 29.439999 23.760000
v 43.520000 29.359999 23.840000
v 43.520000 29.439999 29.519999
v 43.520000 29.599998 29.519999
v 43.520000 29.760000 29.519999
v 43.520000 29.920000 29.519999
v 43.520000 30.080000 23.920000
v 43.520000 30.080000 29.519999
v 43.520000 30.240000 23.920000
v 43.520000 30.160000 29.439999
v 43.840000 30.639999 24.320000
v 43.679999 30.639999 24.480000
v 43.439999 30.879999 29.119999
v 43.520000 30.799999 29.119999
v 43.520000 30.879999 29.039999
v 43.520000 30.799999 29.279999
v 43.520000 30.959999 24.799999
v 43.439999 31.039999 24.959999
v 43.520000 31.039999 24.879999
v 43.520000 31.119999 24.959999
v 43.520000 31.119999 25.119999
v 43.440026 31.200026 25.279999
v 43.439999 31.199999 25.599998
v 43.439999 31.199999 25.760000
v 43.439999 31.199999 25.920000
v 43.439999 31.199999 26.080000
v 43.439999 31.199999 26.240000
v 43.439999 31.199999 26.400000
v 43.520000 31.279999 26.080000
v 43.520000 31.279999 26.240000
v 43.520000 31.279999 26.400000
v 43.520000 31.279999 26.559999
v 43.439999 31.359999 26.719999
v 43.520000 31.359999 26.639999
v 43.439999 31.359999 26.879999
v 43.439999 31.359999 27.039999
v 43.439999 31.359999 27.199999
v 43.439999 31.359999 27.359999
v 43.439999 31.359999 27.519999
v 43.439999 31.359999 27.680000
v 43.439999 31.359999 27.840000
v 43.439999 31.359999 28.000000
v 43.439999 31.359999 28.160000
v 43.439999 31.359999 28.320000
v 43.439999 31.359999 28.480000
v 43.520000 31.359999 28.559999
v 43.520000 31.279999 28.639999
v 43.520000 31.279999 28.799999
v 43.520000 31.439999 26.719999
v 43.520000 31.439999 26.879999
v 43.520000 31.439999 27.039999
v 43.520000 31.439999 27.199999
v 43.520000 31.439999 27.359999
v 43.520000 31.439999 27.519999
v 43.520000 31.439999 27.680000
v 43.520000 31.439999 27.840000
v 43.520000 31.439999 28.000000
v 43.520000 31.439999 28.160000
v 43.520000 31.439999 28.320000
v 43.520000 31.439999 28.480000
v 43.200001 27.760000 26.080000
v 43.680000 27.920000 26.240000
v 43.680000 27.920000 26.400000
v 43.680000 27.920000 26.559999
v 43.680000 27.920000 26.719999
v 43.680000 27.920000 26.879999
v 43.680000 27.920000 27.039999
v 43.680000 27.920000 27.199999
v 43.680000 27.920000 27.359999
v 43.680000 27.920000 27.519999
v 43.680000 27.920000 27.680000
v 43.680000 27.920000 27.840000
v 43.680000 27.920000 28.000000
v 43.680000 27.920000 28.160000
v 43.680000 27.920000 28.320000
v 43.680000 27.920000 28.639999
v 43.599998 28.000000 28.799999
v 43.680000 28.000000 28.719999
v 43.680000 28.080000 28.799999
v 43.680000 28.080000 28.959999
v 43.599998 28.160000 29.119999
v 43.680000 28.160000 29.039999
v 43.680000 28.320000 24.240000
v 43.680000 28.240000 29.119999
v 43.599998 28.320000 29.279999
v 43.680000 28.320000 29.199999
v 43.680000 28.480000 24.240000
v 43.680000 28.400000 29.279999
v 43.680000 28.480000 29.359999
v 43.599998 28.639999 24.160000
v 43.680000 28.639999 24.080000
v 43.680000 28.559999 24.160000
v 43.599998 28.799999 24.000000
v 43.680000 28.799999 23.920000
v 43.680000 28.959999 23.920000
v 43.680000 29.119999 23.920000
v 43.680000 29.119999 29.359999
v 43.680000 29.279999 23.920000
v 43.680000 29.439999 23.760000
v 43.680000 29.359999 23.840000
v 43.680000 30.080000 23.920000
v 43.599998 30.080000 29.439999
v 43.680000 30.080000 29.359999
v 43.680000 30.240000 23.920000
v 43.680000 30.240000 29.359999
v 43.680000 30.400000 29.359999
v 43.599998 30.559999 29.279999
v 43.741993 30.400001 29.298005
v 43.680000 30.559999 29.199999
v 43.599998 30.719999 29.119999
v 43.680000 30.639999 29.119999
v 43.680000 30.719999 29.039999
v 43.599998 30.719999 29.279999
v 43.680000 30.799999 24.639999
v 43.680000 30.879999 24.719999
v 43.680000 31.039999 24.879999
v 43.680000 31.119999 24.959999
v 43.680000 31.119999 25.119999
v 43.680000 31.279999 25.920000
v 43.599998 31.359999 26.080000
v 43.680000 31.359999 26.000000
v 43.599998 31.359999 26.240000
v 43.599998 31.359999 26.400000
v 43.599998 31.359999 26.559999
v 43.680000 31.279999 28.799999
v 43.680000 31.439999 26.080000
v 43.680000 31.439999 26.240000
v 43.680000 31.439999 26.559999
v 43.680000 31.439999 28.160000
v 43.840000 27.920000 26.240000
v 43.840000 27.920000 26.400000
v 43.840000 27.920000 26.559999
v 43.840000 27.920000 26.719999
v 43.840000 27.920000 26.879999
v 43.840000 27.920000 27.039999
v 43.840000 27.920000 27.199999
v 43.840000 27.920000 27.359999
v 43.840000 27.920000 27.519999
v 43.840000 27.920000 27.680000
v 43.840000 27.920000 27.840000
v 43.759998 28.000000 28.000000
v 43.840000 28.000000 27.920000
v 43.759998 28.000000 28.160000
v 43.759998 28.000000 28.320000
v 43.759998 28.000000 28.480000
v 43.759998 28.000000 28.639999
v 43.840000 28.080000 28.000000
v 43.840000 28.080000 28.160000
v 43.840000 28.080000 28.320000
v 43.840000 28.080000 28.480000
v 43.840000 28.080000 28.639999
v 43.840000 28.160000 29.039999
v 43.840000 28.320000 24.240000
v 43.840000 28.240000 29.119999
v 43.840000 28.320000 29.199999
v 43.759998 28.480000 24.160000
v 43.840000 28.480000 24.080000
v 43.759998 28.480000 29.279999
v 43.840000 28.480000 29.199999
v 43.759998 28.639999 29.279999
v 43.840000 28.639999 29.199999
v 43.840000 28.799999 29.199999
v 43.840000 28.959999 23.920000
v 43.840000 28.959999 29.199999
v 43.840000 29.119999 23.920000
v 43.840000 29.119999 29.199999
v 43.840000 29.279999 23.920000
v 43.759998 29.439999 23.840000
v 43.840000 29.439999 23.920000
v 43.840000 29.599998 23.760000
v 43.840000 29.519999 23.840000
v 43.840000 30.080000 23.920000
v 43.840000 30.080000 29.359999
v 43.840000 30.240000 23.920000
v 43.759998 30.240000 29.279999
v 43.840000 30.160000 29.279999
v 43.840000 30.240000 29.199999
v 43.840000 30.400000 29.199999
v 43.840000 30.559999 29.199999
v 43.840000 30.799999 24.480000
v 43.840000 30.799999 24.639999
v 43.840000 30.879999 24.719999
v 43.840000 30.959999 24.799999
v 43.840000 31.039999 24.879999
v 43.840000 31.119999 24.959999
v 43.840000 31.119999 25.119999
v 43.520000 31.279999 25.279999
v 43.840000 31.279999 25.760000
v 43.840000 31.279999 25.920000
v 43.840000 31.359999 26.000000
v 43.840000 31.279999 28.799999
v 43.840000 31.439999 26.080000
v 43.759998 31.519999 26.240000
v 43.840000 31.519999 26.160000
v 43.759998 31.519999 26.400000
v 43.759998 31.519999 26.559999
v 43.759998 31.519999 26.719999
v 43.759998 31.519999 26.879999
v 43.759998 31.519999 27.039999
v 43.759998 31.519999 27.199999
v 43.759998 31.519999 27.359999
v 43.759998 31.519999 27.519999
v 43.759998 31.519999 27.680000
v 43.759998 31.519999 27.840000
v 43.759998 31.519999 28.000000
v 43.759998 31.519999 28.160000
v 43.840000 31.519999 28.240000
v 43.840000 31.439999 28.320000
v 43.840000 31.599998 26.240000
v 43.840000 31.599998 26.400000
v 43.840000 31.599998 26.559999
v 43.840000 31.599998 26.719999
v 43.840000 31.599998 26.879999
v 43.840000 31.599998 27.039999
v 43.840000 31.599998 27.199999
v 43.840000 31.599998 27.359999
v 43.840000 31.599998 27.519999
v 43.840000 31.599998 27.680000
v 43.840000 31.599998 27.840000
v 43.840000 31.599998 28.000000
v 43.840000 31.599998 28.160000
v 44.000000 27.920000 26.240000
v 44.000000 27.920000 26.400000
v 44.000000 27.920000 26.559999
v 44.000000 27.920000 26.719999
v 44.000000 27.920000 26.879999
v 44.000000 27.920000 27.039999
v 44.000000 27.920000 27.199999
v 44.000000 27.920000 27.359999
v 44.000000 27.920000 27.519999
v 44.000000 27.920000 27.680000
v 44.000000 27.920000 27.840000
v 44.000000 28.080000 28.639999
v 44.000000 28.080000 28.959999
v 44.000000 28.160000 29.039999
v 43.919998 28.320000 29.119999
v 44.000000 28.320000 29.039999
v 44.000000 28.480000 24.080000
v 44.000000 28.400000 29.119999
v 44.000000 28.480000 29.199999
v 44.000000 28.639999 29.199999
v 44.000000 28.799999 23.920000
v 44.000000 28.799999 29.199999
v 44.000000 28.959999 23.920000
v 44.000000 28.959999 29.199999
v 44.000000 29.119999 23.920000
v 44.000000 29.119999 29.199999
v 44.000000 29.279999 23.920000
v 44.000000 29.279999 29.199999
v 44.000000 29.439999 23.920000
v 44.000000 29.439998 29.359999
v 44.000000 29.599998 23.760000
v 44.000000 29.519999 23.840000
v 44.000000 29.760000 23.760000
v 44.000000 29.920000 23.760000
v 44.000000 29.920000 29.359999
v 44.000000 30.000000 23.840000
v 44.000000 30.080000 23.920000
v 43.919998 30.080000 29.279999
v 44.000000 30.000000 29.279999
v 44.000000 30.080000 29.199999
v 44.000000 30.240000 23.920000
v 44.000000 30.320000 24.000000
v 44.000000 30.400000 24.080000
v 44.000000 30.559999 29.199999
v 44.000000 30.799999 24.480000
v 44.000000 30.799999 24.639999
v 44.000000 30.879999 24.719999
v 44.000000 30.959999 24.799999
v 44.000000 31.039999 24.879999
v 44.000000 31.119999 24.959999
v 44.000000 31.119999 25.119999
v 44.000000 31.279999 25.599998
v 43.919998 31.359999 25.760000
v 44.000000 31.359999 25.680000
v 43.919998 31.359999 25.920000
v 44.160000 31.279999 28.639999
v 44.000000 31.279999 28.799999
v 44.000000 31.439999 25.760000
v 44.000000 31.439999 25.920000
v 44.000000 31.439999 26.080000
v 44.000000 31.519999 26.160000
v 44.160000 31.439999 28.320000
v 44.159999 31.439999 28.480000
v 44.000000 31.599998 26.240000
v 44.000000 31.599998 26.400000
v 43.919998 31.679998 26.559999
v 44.000000 31.679998 26.480000
v 43.919998 31.679998 26.719999
v 43.919998 31.679998 26.879999
v 44.000000 31.679998 26.959999
v 44.000000 31.599998 27.039999
v 44.000000 31.599998 27.199999
v 44.000000 31.599998 27.359999
v 44.000000 31.599998 27.519999
v 44.000000 31.599998 27.680000
v 44.000000 31.599998 27.840000
v 44.000000 31.599998 28.000000
v 44.000000 31.599998 28.160000
v 44.000000 31.760000 26.559999
v 44.000000 31.760000 26.719999
v 44.000000 31.760000 26.879999
v 44.160000 27.760000 25.599998
v 44.160000 27.760000 25.760000
v 44.160000 27.760000 25.920000
v 44.160000 27.760000 26.080000
v 44.160000 27.840000 26.160000
v 44.160000 28.000000 24.559999
v 44.160000 27.920000 26.240000
v 44.160000 27.920000 26.559999
v 44.160000 27.920000 26.719999
v 44.160000 27.920000 26.879999
v 44.160000 27.920000 27.039999
v 44.160000 27.920000 27.199999
v 44.160000 27.920000 27.359999
v 44.160000 27.920000 27.519999
v 44.160000 27.920000 27.680000
v 44.160000 27.920000 27.840000
v 44.160000 28.000000 27.920000
v 44.160000 28.160000 24.400000
v 44.160000 28.080000 24.480000
v 44.160000 28.080000 28.480000
v 44.079998 28.160000 28.639999
v 44.160000 28.160000 28.559999
v 44.079998 28.160000 28.799999
v 44.079998 28.160000 28.959999
v 44.160000 28.240000 24.320000
v 44.160000 28.240000 28.639999
v 44.160000 28.240000 28.799999
v 44.160000 28.240000 28.959999
v 44.160000 28.320000 29.039999
v 44.160000 28.480000 24.080000
v 44.079998 28.480000 29.119999
v 44.160000 28.480000 29.039999
v 44.320000 28.639999 24.080000
v 44.079998 28.639999 29.119999
v 44.160000 28.639999 29.039999
v 44.160000 28.799999 23.920000
v 44.160000 28.719999 29.119999
v 44.160000 28.799999 29.199999
v 44.160000 28.959999 23.920000
v 44.160000 28.959999 29.199999
v 44.160000 29.119999 23.920000
v 44.160000 29.119999 29.199999
v 44.160000 29.279999 23.920000
v 44.160000 29.279999 29.199999
v 44.160000 29.439999 23.920000
v 44.080021 29.439999 29.279976
v 44.160000 29.439999 29.199999
v 44.079998 29.599998 23.840000
v 44.160000 29.599998 23.920000
v 44.160000 29.599998 29.199999
v 44.079998 29.760000 23.840000
v 44.160000 29.760000 23.920000
v 44.160000 29.760000 29.199999
v 44.079998 29.920000 23.840000
v 44.160000 29.920000 23.920000
v 44.079998 29.920000 29.279999
v 44.160000 29.920000 29.199999
v 44.160000 30.080000 23.920000
v 44.160000 30.160000 24.000000
v 44.079998 30.240000 24.000000
v 44.160000 30.240000 24.080000
v 44.160000 30.240000 29.199999
v 44.160000 30.400000 24.080000
v 44.160000 30.400000 29.199999
v 44.160000 30.480000 24.160000
v 44.160000 30.559999 24.240000
v 44.160000 30.559999 29.199999
v 44.160000 30.639999 24.320000
v 44.160000 30.719999 24.400000
v 44.160000 30.719999 29.039999
v 44.160000 30.799999 24.480000
v 44.160000 30.799999 24.639999
v 44.160000 30.879999 24.719999
v 44.160000 30.959999 24.799999
v 44.160000 31.039999 24.879999
v 44.159998 31.039999 29.039999
v 44.160000 31.119999 24.959999
v 44.160000 31.119999 25.119999
v 44.160000 31.279999 25.439999
v 44.160000 31.279999 25.599998
v 44.160000 31.359999 25.680000
v 44.160000 31.279999 28.799999
v 44.160000 31.439999 25.760000
v 44.160000 31.439999 25.920000
v 44.079998 31.519999 26.080000
v 44.160000 31.519999 26.000000
v 44.160000 31.599998 26.080000
v 44.160000 31.599998 26.240000
v 44.079998 31.679998 26.400000
v 44.160000 31.679998 26.320000
v 44.079998 31.679998 27.039999
v 44.079998 31.679998 27.199999
v 44.079998 31.679998 27.359999
v 44.160000 31.679998 27.439999
v 44.160000 31.599998 27.519999
v 44.160000 31.599998 27.680000
v 44.320000 31.599998 28.000000
v 44.160000 31.599998 28.000000
v 44.160000 31.599998 28.160000
v 44.160000 31.760000 26.400000
v 44.160000 31.760000 27.039999
v 44.160000 31.760000 27.199999
v 44.160000 31.760000 27.359999
v 44.320000 27.840000 24.719999
v 44.320000 27.760000 24.799999
v 44.320000 27.760000 25.439999
v 44.239998 27.840000 25.599998
v 44.320000 27.840000 25.519999
v 44.239998 27.840000 25.760000
v 44.239998 27.840000 25.920000
v 44.239998 27.840000 26.080000
v 44.320000 28.000000 24.559999
v 44.320000 27.920000 24.639999
v 44.320000 27.920000 25.599998
v 44.320000 27.920000 25.760000
v 44.320000 27.920000 26.080000
v 44.320000 27.920000 26.719999
v 44.320000 27.920000 27.199999
v 44.320000 27.920000 27.359999
v 44.320000 27.920000 27.519999
v 44.320000 27.920000 27.680000
v 44.239998 28.000000 27.840000
v 44.320000 28.000000 27.760000
v 44.239998 28.160000 24.480000
v 44.320000 28.160000 24.559999
v 44.320000 28.080000 28.480000
v 44.320000 28.160000 28.559999
v 44.320000 28.240000 24.320000
v 44.320000 28.240000 24.480000
v 44.320000 28.240000 28.639999
v 44.320000 28.240000 28.799999
v 44.239998 28.320000 28.959999
v 44.320000 28.320000 28.879999
v 44.320000 28.480000 24.080000
v 44.320000 28.400000 28.959999
v 44.320000 28.480000 29.039999
v 44.320000 28.799999 23.920000
v 44.320000 28.719999 24.000000
v 44.239998 28.799999 29.119999
v 44.320000 28.799999 29.039999
v 44.320000 28.959999 23.920000
v 44.239998 28.959999 29.119999
v 44.320000 29.119999 23.920000
v 44.239998 29.119999 29.119999
v 44.320000 29.279999 23.920000
v 44.320000 29.439999 23.920000
v 44.239998 29.439999 29.119999
v 44.320000 29.439999 29.039999
v 44.320000 29.599998 23.920000
v 44.320000 29.519999 29.119999
v 44.320000 29.599998 29.199999
v 44.320000 29.760000 23.920000
v 44.320000 29.920000 23.920000
v 44.320000 30.000000 24.000000
v 44.239998 30.080000 24.000000
v 44.320000 30.080000 24.080000
v 44.320000 30.240000 24.080000
v 44.239983 30.240000 29.120014
v 44.320000 30.240000 29.039999
v 44.320000 30.320000 24.160000
v 44.239998 30.400000 24.160000
v 44.320000 30.400000 24.240000
v 44.320000 30.400000 29.039999
v 44.239998 30.559999 24.320000
v 44.320000 30.480109 24.320109
v 44.320000 30.559999 24.400000
v 44.239998 30.559999 29.119999
v 44.320000 30.559999 29.039999
v 44.320000 30.719999 24.400000
v 44.320000 30.719999 29.039999
v 44.320000 30.799999 24.480000
v 44.320000 30.799999 24.639999
v 44.320000 30.879999 24.719999
v 44.320000 30.879999 29.039999
v 44.320000 30.959999 24.799999
v 44.320000 31.039999 24.879999
v 44.320000 31.039999 28.879999
v 44.480000 31.119999 24.959999
v 44.320000 31.119999 25.119999
v 44.320000 31.199999 25.199999
v 44.320000 31.119999 28.799999
v 44.320000 31.199999 28.719999
v 44.320000 31.279999 25.279999
v 44.239998 31.359999 25.439999
v 44.320000 31.439999 25.439999
v 44.239998 31.359999 25.599998
v 44.320000 31.279999 28.480000
v 44.320000 31.359999 28.400000
v 44.320000 31.279999 28.639999
v 44.320000 31.439999 25.439999
v 44.320000 31.439999 25.599998
v 44.239998 31.519999 25.760000
v 44.320000 31.519999 25.680000
v 44.239998 31.519999 25.920000
v 44.239998 31.519999 28.160000
v 44.319999 31.439999 28.160000
v 44.320000 31.439999 28.320000
v 44.320000 31.599998 25.760000
v 44.320000 31.599998 25.920000
v 44.320000 31.599998 26.240000
v 44.320000 31.679998 26.320000
v 44.320000 31.599998 27.680000
v 44.320000 31.599998 27.840000
v 44.320000 31.760000 26.400000
v 44.319998 31.760000 27.519998
v 44.400028 27.840031 24.799999
v 44.399998 27.840000 25.279999
v 44.399998 27.840000 25.439999
v 44.480000 28.000000 24.559999
v 44.480000 27.920000 24.639999
v 44.480000 27.920000 24.799999
v 44.480000 27.920000 24.959999
v 44.480000 27.920000 25.119999
v 44.480000 27.920000 25.279999
v 44.480000 27.920000 25.439999
v 44.480000 27.920000 25.599998
v 44.480000 27.920000 25.760000
v 44.480000 27.920000 25.920000
v 44.480000 27.920000 26.400000
v 44.480000 27.920000 26.719999
v 44.480000 27.920000 27.199999
v 44.399998 28.000000 27.359999
v 44.480000 28.000000 27.279999
v 44.399998 28.000000 27.519999
v 44.399998 28.000000 27.680000
v 44.480000 28.080000 27.359999
v 44.480000 28.080000 27.519999
v 44.480000 28.080000 27.680000
v 44.480000 28.080000 28.480000
v 44.480000 28.160000 28.559999
v 44.480000 28.320000 24.240000
v 44.480000 28.240000 24.320000
v 44.480000 28.240000 24.480000
v 44.480000 28.240000 28.639999
v 44.399998 28.320000 28.799999
v 44.480000 28.320000 28.719999
v 44.480000 28.480000 24.080000
v 44.480000 28.400000 24.160000
v 44.480000 28.400000 28.799999
v 44.399998 28.480000 28.959999
v 44.480000 28.480000 28.879999
v 44.480000 28.639999 24.080000
v 44.480000 28.559999 28.959999
v 44.480000 28.639999 29.039999
v 44.399998 28.799999 24.000000
v 44.480000 28.799999 29.039999
v 44.480000 28.959999 23.920000
v 44.480000 28.879999 24.000000
v 44.480000 29.119999 23.920000
v 44.480000 29.279999 23.920000
v 44.480000 29.439999 23.920000
v 44.480000 29.439999 29.039999
v 44.480000 29.599998 23.920000
v 44.399973 29.599998 29.120023
v 44.480000 29.599998 29.039999
v 44.480000 29.760000 23.920000
v 44.480000 29.840000 24.000000
v 44.399998 29.920000 24.000000
v 44.480000 29.920000 24.080000
v 44.639999 29.920000 24.080000
v 44.479999 30.080001 29.039999
v 44.480000 30.240000 24.080000
v 44.399998 30.240000 28.959999
v 44.480000 30.240000 28.879999
v 44.480000 30.320000 24.160000
v 44.480000 30.400000 24.240000
v 44.399998 30.400000 28.959999
v 44.480000 30.400000 28.879999
v 44.480000 30.559999 24.400000
v 44.480000 30.559999 28.879999
v 44.480000 30.639999 24.480000
v 44.399998 30.719999 24.480000
v 44.480000 30.719999 24.559999
v 44.480000 30.719999 28.879999
v 44.480000 30.799999 24.639999
v 44.480000 30.879999 24.719999
v 44.399998 30.879999 28.959999
v 44.480000 30.879999 28.879999
v 44.480000 30.959999 24.799999
v 44.480000 31.039999 24.879999
v 44.480000 31.039999 28.879999
v 44.399998 31.199999 25.119999
v 44.480000 31.199999 25.039999
v 44.480000 31.119999 28.799999
v 44.480000 31.199999 28.719999
v 44.480000 31.279999 25.119999
v 44.480000 31.279999 25.279999
v 44.480000 31.359999 25.359999
v 44.480000 31.279999 28.480000
v 44.480000 31.279999 28.639999
v 44.480000 31.439999 25.599998
v 44.480000 31.519999 25.680000
v 44.480000 31.439999 28.320000
v 44.480000 31.599998 26.240000
v 44.480000 31.679998 26.320000
v 44.480000 31.599998 27.680000
v 44.480000 31.599998 27.840000
v 44.480000 31.599998 28.000000
v 44.480000 31.760000 26.400000
v 44.639999 28.000000 24.559999
v 44.639999 27.920000 24.639999
v 44.639999 27.920000 24.799999
v 44.639999 27.920000 24.959999
v 44.639999 27.920000 25.119999
v 44.639999 27.920000 25.279999
v 44.639999 27.920000 25.439999
v 44.639999 27.920000 25.599998
v 44.639999 27.920000 25.760000
v 44.559998 28.000000 25.920000
v 44.639999 28.000000 25.840000
v 44.559998 28.000000 26.080000
v 44.559998 28.000000 26.240000
v 44.559998 28.000000 26.400000
v 44.639999 28.000000 26.480000
v 44.639999 27.920000 26.559999
v 44.639999 28.160000 24.559999
v 44.639999 28.080000 25.920000
v 44.639999 28.080000 26.080000
v 44.639999 28.080000 26.240000
v 44.639999 28.080000 26.400000
v 44.639999 28.080000 27.359999
v 44.639999 28.080000 28.320000
v 44.559998 28.160000 28.480000
v 44.639999 28.160000 28.400000
v 44.559998 28.320000 24.320000
v 44.639999 28.320000 24.400000
v 44.639999 28.240000 24.480000
v 44.639999 28.240000 28.480000
v 44.559998 28.320000 28.639999
v 44.639999 28.320000 28.559999
v 44.559998 28.480000 24.160000
v 44.639999 28.480000 24.240000
v 44.639999 28.400000 24.320000
v 44.639999 28.400000 28.639999
v 44.559998 28.480000 28.799999
v 44.639999 28.480000 28.719999
v 44.559998 28.639999 24.160000
v 44.639999 28.639999 24.240000
v 44.639999 28.559999 28.799999
v 44.559998 28.639999 28.959999
v 44.639999 28.639999 28.879999
v 44.639999 28.799999 24.080000
v 44.639999 28.719999 24.160000
v 44.559998 28.799999 28.959999
v 44.639999 28.799999 28.879999
v 44.559998 28.959999 24.000000
v 44.639999 28.959999 24.080000
v 44.639999 28.879999 28.959999
v 44.639999 28.959999 29.039999
v 44.559998 29.119999 24.000000
v 44.639999 29.119999 24.080000
v 44.639999 29.119999 29.039999
v 44.559998 29.279999 24.000000
v 44.639999 29.279999 24.080000
v 44.639999 29.279999 29.039999
v 44.639999 29.439999 23.920000
v 44.639999 29.359999 24.000000
v 44.639999 29.439999 29.039999
v 44.639999 29.599998 23.920000
v 44.639999 29.599998 29.039999
v 44.639999 29.760000 23.920000
v 44.639999 29.920000 29.039999
v 44.639999 29.840000 24.000000
v 44.639999 30.080000 24.080000
v 44.639999 30.080000 28.879999
v 44.639999 30.160000 24.160000
v 44.559998 30.240000 24.160000
v 44.639999 30.240000 24.240000
v 44.560015 30.240000 28.799982
v 44.639999 30.240000 28.719999
v 44.639999 30.400000 24.240000
v 44.639999 30.400000 28.719999
v 44.639999 30.480000 24.320000
v 44.639999 30.559999 24.400000
v 44.639999 30.559999 28.719999
v 44.639999 30.639999 24.480000
v 44.639999 30.719999 24.559999
v 44.559998 30.719999 28.799999
v 44.639999 30.719999 28.719999
v 44.639999 30.799999 24.639999
v 44.639999 30.879999 24.719999
v 44.559998 30.879999 28.799999
v 44.639999 30.879999 28.719999
v 44.639999 30.959999 24.799999
v 44.559998 31.039999 24.959999
v 44.639999 30.959999 24.959999
v 44.639999 31.039999 25.039999
v 44.559998 31.039999 28.799999
v 44.639999 31.039999 28.719999
v 44.639999 31.199999 25.039999
v 44.559998 31.199999 28.639999
v 44.639999 31.199999 28.559999
v 44.639999 31.279999 25.119999
v 44.639999 31.279999 25.279999
v 44.639999 31.359999 25.359999
v 44.559998 31.359999 28.320000
v 44.639999 31.279999 28.320000
v 44.639999 31.359999 28.240000
v 44.639999 31.439999 25.439999
v 44.639999 31.439999 25.599998
v 44.639999 31.519999 25.680000
v 44.639999 31.439999 28.160000
v 44.639999 31.599998 25.760000
v 44.639999 31.599998 26.240000
v 44.639999 31.679998 26.320000
v 44.639999 31.599998 27.680000
v 44.639999 31.679998 27.599998
v 44.639999 31.599998 27.840000
v 44.639999 31.599998 28.000000
v 44.639999 31.760000 26.400000
v 44.799999 31.760000 27.039999
v 44.639999 31.760000 27.519999
v 44.719997 28.000000 24.639999
v 44.719997 28.000000 24.799999
v 44.719997 28.000000 24.959999
v 44.799999 28.000000 25.039999
v 44.799999 27.920000 25.119999
v 44.799999 27.920000 25.279999
v 44.799999 27.920000 25.439999
v 44.799999 27.920000 25.599998
v 44.799999 27.920000 25.760000
v 44.799999 28.000000 25.840000
v 44.799999 28.000000 26.480000
v 44.799999 27.920000 26.559999
v 44.799999 27.920000 27.199999
v 44.799999 28.160000 24.559999
v 44.799999 28.080000 24.639999
v 44.799999 28.080000 24.959999
v 44.799999 28.080000 25.920000
v 44.799999 28.080000 26.400000
v 44.799999 28.080000 27.359999
v 44.799999 28.080000 28.160000
v 44.799999 28.080000 28.320000
v 44.799999 28.160000 28.400000
v 44.719997 28.320000 24.480000
v 44.799999 28.320000 24.559999
v 44.799999 28.240000 28.480000
v 44.799999 28.320000 28.559999
v 44.719997 28.480000 24.320000
v 44.799999 28.480000 24.400000
v 44.799999 28.400000 24.480000
v 44.799999 28.400000 28.639999
v 44.799999 28.480000 28.719999
v 44.799999 28.639999 24.240000
v 44.799999 28.559999 24.320000
v 44.799999 28.559999 28.799999
v 44.799999 28.639999 28.879999
v 44.719997 28.799999 24.160000
v 44.799999 28.799999 24.240000
v 44.799999 28.799999 28.879999
v 44.799999 28.959999 24.080000
v 44.799999 28.879999 24.160000
v 44.719997 28.959999 28.959999
v 44.799999 28.959999 28.879999
v 44.799999 29.119999 24.080000
v 44.799999 29.279999 24.080000
v 44.719997 29.439999 24.000000
v 44.799999 29.439999 24.080000
v 44.719997 29.599998 24.000000
v 44.799999 29.599998 24.080000
v 44.799999 29.920001 28.879999
v 44.719997 29.760000 24.000000
v 44.799999 29.760000 24.080000
v 44.799999 29.920000 24.080000
v 44.799999 30.000000 24.160000
v 44.719997 30.080000 24.160000
v 44.799999 30.080000 24.240000
v 44.799999 30.240000 24.240000
v 44.799999 30.240000 28.719999
v 44.799999 30.320000 24.320000
v 44.719997 30.400000 24.320000
v 44.799999 30.400075 24.400075
v 44.799999 30.400000 28.719999
v 44.719997 30.559999 24.480000
v 44.799999 30.480000 24.480000
v 44.799999 30.559999 24.559999
v 44.799999 30.559999 28.719999
v 44.799999 30.719999 24.559999
v 44.799999 30.719999 28.719999
v 44.799999 30.799999 24.639999
v 44.719997 30.879999 24.799999
v 44.799999 30.799999 24.799999
v 44.799999 30.879999 24.879999
v 44.773357 30.906641 28.719999
v 44.799999 30.959999 24.959999
v 44.799999 31.039999 25.039999
v 44.719997 31.039999 28.639999
v 44.799999 31.039999 28.559999
v 44.799999 31.199999 25.039999
v 44.719997 31.199999 28.480000
v 44.799999 31.279999 25.119999
v 44.799999 31.279999 25.279999
v 44.800000 31.279999 28.320000
v 44.799999 31.439999 25.439999
v 44.719997 31.519999 25.760000
v 44.800158 31.439999 25.760159
v 44.799999 31.519999 25.840000
v 44.719997 31.519999 27.840000
v 44.799999 31.439999 27.840000
v 44.799999 31.519999 27.760000
v 44.719997 31.519999 28.000000
v 44.799999 31.439999 28.000000
v 44.799999 31.599998 25.920000
v 44.799999 31.599998 26.240000
v 44.799999 31.679998 26.320000
v 44.719997 31.679998 27.519999
v 44.799999 31.599998 27.519999
v 44.799999 31.679998 27.439999
v 44.799999 31.599998 27.680000
v 44.799999 31.760000 26.400000
v 44.799999 31.760000 27.359999
v 44.959999 28.000000 25.039999
v 44.959999 27.920000 25.119999
v 44.959999 27.920000 25.279999
v 44.959999 27.920000 25.439999
v 44.959999 27.920000 25.599998
v 44.959999 27.920000 25.760000
v 44.959999 28.000000 25.840000
v 44.879997 28.000000 27.199999
v 44.879997 28.160000 24.639999
v 44.959999 28.160000 24.719999
v 44.959999 28.080000 24.799999
v 44.959999 28.080000 24.959999
v 44.959999 28.080000 25.920000
v 44.959999 28.080000 26.560001
v 44.959999 28.080000 27.199999
v 44.959999 28.080000 28.000000
v 44.879997 28.160000 28.160000
v 44.959999 28.160000 28.080000
v 44.879997 28.160000 28.320000
v 44.959999 28.320000 24.559999
v 44.959999 28.240000 24.639999
v 44.959999 28.240000 28.160000
v 44.959999 28.240000 28.320000
v 44.879997 28.320000 28.480000
v 44.959999 28.320000 28.400000
v 44.879997 28.480000 24.480000
v 44.959999 28.480000 24.559999
v 44.959999 28.400000 28.480000
v 44.959999 28.400000 28.639999
v 44.959999 28.480000 28.719999
v 44.959999 28.639999 24.240000
v 44.959999 28.559999 24.320000
v 44.959999 28.559999 24.480000
v 44.879997 28.639999 28.799999
v 44.959999 28.639999 28.719999
v 44.959999 28.799999 24.240000
v 44.879997 28.799999 28.799999
v 44.959999 28.799999 28.719999
v 44.879997 28.959999 24.160000
v 44.959999 28.959999 24.240000
v 44.959999 28.879999 28.799999
v 44.959999 28.959999 28.879999
v 44.959999 29.119999 24.080000
v 44.959999 29.039999 24.160000
v 44.959999 29.119999 28.879999
v 44.959999 29.279999 24.080000
v 44.959999 29.279999 28.879999
v 44.959999 29.439999 24.080000
v 44.959999 29.599998 24.080000
v 44.959999 29.760000 24.080000
v 44.959999 29.920000 24.080000
v 44.959999 30.000000 24.160000
v 44.959999 30.080000 24.240000
v 44.959999 30.240000 24.240000
v 44.959999 30.240000 28.719999
v 44.959999 30.400000 28.719999
v 44.959999 30.480000 24.480000
v 44.959999 30.559999 24.559999
v 44.959999 30.559999 28.719999
v 44.959999 30.639999 24.639999
v 44.879997 30.719999 24.639999
v 44.959999 30.719999 24.719999
v 44.959999 30.719999 28.719999
v 44.959999 30.799999 24.799999
v 44.959999 30.879999 24.879999
v 44.879997 30.879999 28.639999
v 44.959999 30.799999 28.639999
v 44.959999 30.879999 28.559999
v 44.959999 30.959999 24.959999
v 44.959999 31.039999 25.039999
v 44.959999 31.039999 28.559999
v 44.959999 31.119999 25.119999
v 44.879997 31.199999 25.119999
v 44.959999 31.199999 25.199999
v 44.959999 31.119999 28.480000
v 44.959999 31.199999 28.400000
v 44.959999 31.279999 25.279999
v 44.959999 31.359999 25.359999
v 44.959999 31.279999 28.320000
v 44.959999 31.439999 25.439999
v 44.879997 31.519999 25.920000
v 44.959999 31.439999 25.920000
v 44.959999 31.519999 26.000000
v 44.959999 31.439999 27.680000
v 44.997067 31.535802 27.547125
v 44.959999 31.439999 27.840000
v 44.959999 31.439999 28.160000
v 44.959999 31.599998 26.080000
v 45.119999 31.599998 26.240000
v 44.879997 31.679998 26.400000
v 44.959999 31.599998 26.400000
v 44.959999 31.679998 26.480000
v 44.879997 31.679998 27.039999
v 44.959999 31.599998 27.039999
v 44.879997 31.679998 27.199999
v 44.879997 31.679998 27.359999
v 44.959999 31.599998 27.359999
v 44.959999 31.599998 27.519999
v 44.959999 31.760000 26.559999
v 44.960000 31.760000 26.879999
v 45.039997 28.000000 25.119999
v 45.039997 28.000000 25.279999
v 45.039997 28.000000 25.439999
v 45.039997 28.000000 25.599998
v 45.039997 28.000000 25.760000
v 45.039997 28.160000 24.799999
v 45.119999 28.160000 24.879999
v 45.119999 28.080000 24.959999
v 45.119999 28.080000 25.119999
v 45.119999 28.080000 25.599998
v 45.119999 28.080000 25.760000
v 45.119999 28.080000 27.359999
v 45.119999 28.080000 27.519999
v 45.119999 28.080000 27.680000
v 45.119999 28.080000 27.840000
v 45.039997 28.160000 28.000000
v 45.119999 28.160000 27.920000
v 45.119999 28.320000 24.559999
v 45.119999 28.240000 24.639999
v 45.119999 28.240000 24.799999
v 45.119999 28.240000 28.000000
v 45.119999 28.240000 28.160000
v 45.039997 28.320000 28.320000
v 45.119999 28.320000 28.240000
v 45.119999 28.480000 24.559999
v 45.119999 28.400000 28.320000
v 45.119999 28.400000 28.480000
v 45.039997 28.480000 28.639999
v 45.119999 28.480000 28.559999
v 45.039997 28.639999 24.320000
v 45.119999 28.639999 24.400000
v 45.119999 28.559999 24.480000
v 45.039997 28.639999 28.639999
v 45.119999 28.639999 28.559999
v 45.119999 28.799999 24.240000
v 45.119999 28.719999 24.320000
v 45.119999 28.719999 28.639999
v 45.119999 28.799999 28.719999
v 45.119999 28.959999 24.240000
v 45.039997 28.959999 28.799999
v 45.119999 28.959999 28.719999
v 45.040027 29.119999 24.160030
v 45.119999 29.119999 24.240000
v 45.039997 29.119999 28.799999
v 45.119999 29.119999 28.719999
v 45.119999 29.279999 24.240000
v 45.039997 29.279999 28.799999
v 45.119999 29.279999 28.719999
v 45.119999 29.439999 24.240000
v 45.119999 29.359999 28.799999
v 45.119999 29.439999 28.879999
v 45.040013 29.920000 24.160015
v 45.119999 29.599998 24.240000
v 45.119999 29.599998 28.879999
v 45.119999 29.760000 24.240000
v 45.119999 29.760000 28.879999
v 45.119999 29.920000 24.240000
v 45.119999 29.920000 28.879999
v 45.119999 30.080000 28.879999
v 45.119999 30.240000 24.240000
v 45.119999 30.160000 28.799999
v 45.119999 30.240000 28.719999
v 45.119999 30.400000 24.400000
v 45.039997 30.400000 28.639999
v 45.119999 30.320000 28.639999
v 45.119999 30.400000 28.559999
v 45.119999 30.480000 24.480000
v 45.039997 30.559999 24.639999
v 45.119999 30.480000 24.639999
v 45.119999 30.559999 24.719999
v 45.039997 30.559999 28.639999
v 45.119999 30.559999 28.559999
v 45.119999 30.719999 24.719999
v 45.039958 30.719999 28.640038
v 45.119999 30.799999 24.799999
v 45.119999 30.879999 24.879999
v 45.039997 30.879999 28.480000
v 45.119999 30.879999 28.400000
v 45.119999 30.959999 24.959999
v 45.119999 31.039999 25.039999
v 45.039997 31.039999 28.480000
v 45.119999 31.039999 28.400000
v 45.119999 31.119999 25.119999
v 45.119999 31.199999 25.199999
v 45.039997 31.199999 28.320000
v 45.119999 31.119999 28.320000
v 45.119999 31.199999 28.240000
v 45.119999 31.279999 25.279999
v 45.039997 31.359999 25.439999
v 45.119999 31.279999 25.439999
v 45.039997 31.359999 27.840000
v 45.119999 31.279999 27.840000
v 45.119999 31.359999 27.760000
v 45.039997 31.359999 28.000000
v 45.039997 31.359999 28.160000
v 45.119999 31.279999 28.160000
v 45.119999 31.439999 25.599998
v 45.119999 31.439999 25.920000
v 45.045894 31.518642 26.084539
v 45.119999 31.439999 26.080000
v 45.119999 31.439999 27.519999
v 45.119999 31.519999 27.439999
v 45.119999 31.439999 27.680000
v 45.119999 31.599998 26.400000
v 45.119999 31.679998 26.480000
v 45.119999 31.599998 27.039999
v 45.119999 31.679998 26.959999
v 45.119999 31.599998 27.359999
v 45.119999 31.760000 26.559999
v 45.119999 31.760000 26.719999
v 45.119999 31.760000 26.879999
v 45.200001 28.160000 24.959999
v 45.200001 28.160000 25.120000
v 45.200001 28.160000 25.599998
v 45.279999 28.160000 25.680000
v 45.279999 28.080000 25.760000
v 45.279999 28.080000 25.920000
v 45.279999 28.080000 26.080000
v 45.279999 28.080000 26.240000
v 45.279999 28.080000 26.400000
v 45.279999 28.080000 26.559999
v 45.279999 28.080000 26.719999
v 45.279999 28.080000 26.879999
v 45.279999 28.080000 27.039999
v 45.279999 28.080000 27.199999
v 45.200027 28.160026 27.359999
v 45.279999 28.160000 27.279999
v 45.200001 28.160000 27.840000
v 45.200001 28.320000 24.639999
v 45.200001 28.320000 24.799999
v 45.200001 28.320000 24.959999
v 45.279999 28.240000 25.119999
v 45.279999 28.240000 25.439999
v 45.279999 28.240000 25.599998
v 45.279999 28.240000 27.359999
v 45.279999 28.240000 27.680000
v 45.279999 28.240000 27.840000
v 45.279999 28.240000 28.000000
v 45.200001 28.320000 28.160000
v 45.279999 28.320000 28.080000
v 45.200001 28.480000 24.639999
v 45.279999 28.480000 24.719999
v 45.279999 28.400000 24.799999
v 45.279999 28.400000 24.959999
v 45.279999 28.400000 28.160000
v 45.279999 28.400000 28.320000
v 45.200001 28.480000 28.480000
v 45.279999 28.480000 28.400000
v 45.200001 28.639999 24.480000
v 45.279999 28.639999 24.559999
v 45.279999 28.559999 24.639999
v 45.279999 28.559999 28.480000
v 45.279999 28.639999 28.559999
v 45.200001 28.799999 24.320000
v 45.279999 28.799999 24.400000
v 45.279999 28.719999 24.480000
v 45.200001 28.799999 28.639999
v 45.279999 28.799999 28.559999
v 45.200001 28.959999 24.320000
v 45.279999 28.959999 24.400000
v 45.279999 28.879999 28.639999
v 45.279999 28.959999 28.719999
v 45.279999 29.119999 24.240000
v 45.279999 29.039999 24.320000
v 45.279999 29.119999 28.719999
v 45.279999 29.279999 28.719999
v 45.279999 30.080000 24.240000
v 45.200001 29.439999 28.799999
v 45.279999 29.439999 28.719999
v 45.200001 29.599998 28.799999
v 45.279999 29.599998 28.719999
v 45.200001 29.760000 28.799999
v 45.200001 29.920000 28.799999
v 45.244196 30.080001 28.755803
v 45.279999 30.160000 24.320000
v 45.200001 30.240000 24.320000
v 45.279999 30.240000 24.400000
v 45.200001 30.240000 28.639999
v 45.279999 30.240000 28.559999
v 45.279999 30.400000 24.400000
v 45.279999 30.400000 28.559999
v 45.279999 30.480000 24.480000
v 45.279999 30.480000 24.639999
v 45.279999 30.559999 24.719999
v 45.200001 30.559999 28.480000
v 45.279999 30.480000 28.480000
v 45.279999 30.559999 28.400000
v 45.279999 30.639999 24.799999
v 45.200001 30.719999 24.799999
v 45.279999 30.719999 24.879999
v 45.279999 30.719999 28.400000
v 45.279999 30.879999 24.879999
v 45.279999 30.879999 28.400000
v 45.279999 30.959999 24.959999
v 45.279999 31.039999 25.039999
v 45.200001 31.039999 28.320000
v 45.279999 30.959999 28.320000
v 45.279999 31.039999 28.240000
v 45.279999 31.119999 25.119999
v 45.200001 31.199999 25.279999
v 45.279999 31.119999 25.279999
v 45.279999 31.199999 25.359999
v 45.279999 31.199999 28.240000
v 45.279999 31.279999 25.439999
v 45.198897 31.361103 25.599999
v 45.279999 31.279999 25.599998
v 45.279999 31.279999 25.920000
v 45.200001 31.359999 25.920000
v 45.279999 31.279999 28.000000
v 45.279999 31.279999 28.160000
v 45.279999 31.439999 26.080000
v 45.200001 31.519999 26.240000
v 45.279999 31.439999 26.240000
v 45.200001 31.519999 26.400000
v 45.279999 31.439999 26.400000
v 45.279999 31.519999 26.480000
v 45.279999 31.439999 27.519999
v 45.279999 31.519999 27.439999
v 45.279999 31.439999 27.680000
v 45.200001 31.679998 26.559999
v 45.279999 31.599998 26.559999
v 45.199879 31.680121 26.879999
v 45.279999 31.599998 26.879999
v 45.279999 31.599998 27.359999
v 45.359998 28.159997 25.760000
v 45.360001 28.160000 27.039999
v 45.360001 28.160000 27.199999
v 45.360001 28.320000 25.119999
v 45.360001 28.320000 25.279999
v 45.360001 28.320000 25.439999
v 45.439999 28.320000 25.519999
v 45.439999 28.240000 25.599998
v 45.439999 28.240000 25.760000
v 45.439999 28.240000 25.920000
v 45.439999 28.240000 26.080000
v 45.439999 28.240000 26.240000
v 45.439999 28.240000 26.400000
v 45.439999 28.240000 26.559999
v 45.439999 28.240000 26.719999
v 45.439999 28.240000 26.879999
v 45.439999 28.240000 27.039999
v 45.439999 28.240000 27.199999
v 45.439999 28.240000 28.000000
v 45.439999 28.320000 28.080000
v 45.360001 28.480000 24.799999
v 45.439999 28.480000 24.879999
v 45.439999 28.400000 24.959999
v 45.439999 28.400000 25.119999
v 45.439999 28.400000 25.439999
v 45.439999 28.400000 28.160000
v 45.439999 28.400000 28.320000
v 45.439999 28.480000 28.400000
v 45.360001 28.639999 24.639999
v 45.439999 28.639999 24.719999
v 45.439999 28.559999 24.799999
v 45.360001 28.639999 28.480000
v 45.439999 28.639999 28.400000
v 45.360001 28.799999 24.480000
v 45.439999 28.799999 24.559999
v 45.439999 28.719999 24.639999
v 45.439999 28.719999 28.480000
v 45.439999 28.799999 28.559999
v 45.439999 28.959999 24.400000
v 45.439999 28.879999 24.480000
v 45.360001 28.959999 28.639999
v 45.439999 28.959999 28.559999
v 45.360021 29.119999 24.320020
v 45.439999 29.119999 24.400000
v 45.439999 29.279999 24.400000
v 45.360001 29.439999 24.320000
v 45.439999 29.439999 28.559999
v 45.360001 29.599998 24.320000
v 45.360001 29.760000 24.320000
v 45.439999 29.760000 24.400000
v 45.360001 29.920000 24.320000
v 45.360001 30.080000 24.320000
v 45.439999 30.080000 24.400000
v 45.360001 30.080000 28.639999
v 45.439999 30.080000 28.559999
v 45.360001 30.240000 24.480000
v 45.439999 30.160000 24.480000
v 45.439999 30.240000 24.559999
v 45.360001 30.240000 28.480000
v 45.439999 30.160000 28.480000
v 45.439999 30.240000 28.400000
v 45.360001 30.400000 24.480000
v 45.439999 30.320000 24.639999
v 45.360001 30.400000 24.639999
v 45.439999 30.400000 24.719999
v 45.360001 30.400000 28.480000
v 45.439999 30.400000 28.400000
v 45.360001 30.559999 24.799999
v 45.439999 30.480000 24.799999
v 45.439999 30.559999 24.879999
v 45.439999 30.559999 28.400000
v 45.439999 30.719999 24.879999
v 45.439999 30.719999 28.400000
v 45.439999 30.799999 24.959999
v 45.360001 30.879999 24.959999
v 45.360001 30.879999 25.119999
v 45.439999 30.799999 25.119999
v 45.439999 30.879999 25.199999
v 45.360001 30.879999 28.320000
v 45.439999 30.799999 28.320000
v 45.439999 30.879999 28.240000
v 45.360001 31.039999 25.119999
v 45.360001 31.039999 25.279999
v 45.439999 31.039999 25.359999
v 45.439999 31.039999 28.240000
v 45.360001 31.199999 25.439999
v 45.439999 31.120083 25.440083
v 45.360001 31.199999 28.000000
v 45.439999 31.119999 28.000000
v 45.439999 31.199999 27.920000
v 45.360001 31.199999 28.160000
v 45.439999 31.119999 28.160000
v 45.439999 31.279999 25.599998
v 45.439999 31.279999 25.920000
v 45.439999 31.359999 26.000000
v 45.439999 31.279999 27.840000
v 45.439999 31.439999 26.080000
v 45.439999 31.439999 26.559999
v 45.360001 31.519999 26.559999
v 45.439999 31.439999 27.359998
v 45.439999 31.439999 27.680000
v 45.520000 28.320000 25.599998
v 45.599998 28.320000 25.680000
v 45.599998 28.240000 25.760000
v 45.520000 28.480000 24.959999
v 45.599998 28.480000 25.039999
v 45.599998 28.400000 25.119999
v 45.599998 28.400000 25.279999
v 45.599998 28.400000 25.439999
v 45.599998 28.400000 25.599998
v 45.599998 28.400000 28.000000
v 45.599998 28.400000 28.160000
v 45.520000 28.480000 28.320000
v 45.599998 28.480000 28.240000
v 45.520000 28.639999 24.799999
v 45.599998 28.639999 24.879999
v 45.599998 28.559999 24.959999
v 45.599998 28.559999 28.320000
v 45.599998 28.639999 28.400000
v 45.520000 28.799999 24.639999
v 45.599998 28.799999 24.719999
v 45.599998 28.719999 24.799999
v 45.520000 28.799999 28.480000
v 45.599998 28.799999 28.400000
v 45.520000 28.959999 24.480000
v 45.600003 28.959999 24.560004
v 45.599998 28.879999 24.639999
v 45.599998 28.879999 28.480000
v 45.599998 28.959999 28.559999
v 45.520000 29.119999 24.480000
v 45.599998 29.119999 28.559999
v 45.520000 29.279999 24.480000
v 45.599998 29.279999 24.559999
v 45.520000 29.439999 24.480000
v 45.599998 29.439999 24.559999
v 45.520000 29.599998 24.480000
v 45.599998 29.599998 24.559999
v 45.520000 29.760000 24.480000
v 45.599998 29.760000 24.559999
v 45.599998 29.760000 28.559999
v 45.520000 29.920000 24.480000
v 45.599998 29.920000 28.559999
v 45.520000 30.080000 24.480000
v 45.599998 30.080000 24.559999
v 45.520000 30.080000 28.480000
v 45.599998 30.000000 28.480000
v 45.599998 30.080000 28.400000
v 45.599998 30.240000 24.559999
v 45.599998 30.240000 28.400000
v 45.599998 30.359951 24.679951
v 45.520000 30.400000 28.320000
v 45.636504 30.276898 28.326597
v 45.599998 30.400000 28.240000
v 45.599998 30.559999 24.879999
v 45.520000 30.559999 28.320000
v 45.599998 30.559999 28.240000
v 45.599998 30.639999 24.959999
v 45.520000 30.719999 24.959999
v 45.599998 30.719999 25.039999
v 45.520000 30.719999 28.160000
v 45.599998 30.639999 28.160000
v 45.599998 30.719999 28.080000
v 45.520000 30.719999 28.320000
v 45.599998 30.799999 25.119999
v 45.520000 30.879999 25.279999
v 45.599998 30.799999 25.279999
v 45.599998 30.879999 25.359999
v 45.520000 30.879999 28.160000
v 45.599998 30.879999 28.080000
v 45.520000 31.039999 28.000000
v 45.599998 30.959999 28.000000
v 45.599998 31.039999 27.920000
v 45.520000 31.039999 28.160000
v 45.599998 31.119999 25.439999
v 45.599998 31.199999 25.519999
v 45.520000 31.199999 27.680000
v 45.599998 31.119999 27.680000
v 45.599998 31.199999 27.599998
v 45.520000 31.199999 27.840000
v 45.599998 31.119999 27.840000
v 45.599998 31.279999 25.599998
v 45.599998 31.279999 25.760000
v 45.599998 31.279999 25.920000
v 45.520000 31.359999 26.080000
v 45.599998 31.279999 26.080000
v 45.599998 31.359999 26.160000
v 45.520000 31.359999 27.359999
v 45.599998 31.279999 27.359999
v 45.520000 31.359999 27.519999
v 45.636645 31.243352 27.519999
v 45.520000 31.359999 27.680000
v 45.599998 31.439999 26.240000
v 45.599998 31.439999 26.400000
v 45.599998 31.439999 26.559999
v 45.599998 31.439999 26.719999
v 45.599998 31.439999 26.879999
v 45.599998 31.439999 27.039999
v 45.599998 31.439999 27.199999
v 45.680000 28.320000 25.760000
v 45.680000 28.320000 26.400000
v 45.680000 28.480000 25.119999
v 45.680000 28.480000 25.279999
v 45.680000 28.480000 25.439999
v 45.759998 28.480000 25.519999
v 45.759998 28.400000 25.599998
v 45.759998 28.400000 25.760000
v 45.759998 28.400000 26.240000
v 45.759998 28.400000 26.879999
v 45.759998 28.400000 27.519999
v 45.759998 28.400000 27.680000
v 45.759998 28.400000 27.840000
v 45.680000 28.480000 28.000000
v 45.759998 28.480000 27.920000
v 45.680000 28.480000 28.160000
v 45.680000 28.639999 24.959999
v 45.759998 28.639999 25.039999
v 45.759998 28.559999 25.119999
v 45.759998 28.559999 25.279999
v 45.759998 28.559999 25.439999
v 45.759998 28.559999 28.000000
v 45.759998 28.559999 28.160000
v 45.680000 28.639999 28.320000
v 45.759998 28.639999 28.240000
v 45.680000 28.799999 24.799999
v 45.680000 28.799999 24.959999
v 45.759998 28.799999 25.039999
v 45.759998 28.719999 28.320000
v 45.759998 28.799999 28.400000
v 45.680000 28.959999 24.639999
v 45.759998 28.959999 24.719999
v 45.759998 28.879999 24.799999
v 45.759998 28.879999 24.959999
v 45.680000 28.959999 28.480000
v 45.759998 28.959999 28.400000
v 45.680000 29.119999 24.639999
v 45.759998 29.119999 24.719999
v 45.680000 29.119999 28.480000
v 45.759998 29.119999 28.400000
v 45.680000 29.279999 24.639999
v 45.759998 29.279999 24.719999
v 45.759998 29.199999 28.480000
v 45.759998 29.279999 28.559999
v 45.680000 29.439999 24.639999
v 45.759998 29.439999 24.719999
v 45.759998 29.439999 28.559999
v 45.680000 29.599998 24.639999
v 45.759998 29.599998 24.719999
v 45.759998 29.599998 28.559999
v 45.680000 29.760000 24.639999
v 45.759998 29.760000 24.719999
v 45.680000 29.760000 28.480000
v 45.759998 29.679998 28.480000
v 45.759998 29.760000 28.400000
v 45.680000 29.920000 24.639999
v 45.759998 29.920000 24.719999
v 45.680000 29.920000 28.480000
v 45.759998 29.920000 28.400000
v 45.680000 30.080000 24.639999
v 45.759998 30.080000 24.719999
v 45.759998 30.080000 28.400000
v 45.680000 30.240000 24.639999
v 45.759998 30.240000 24.719999
v 45.759998 30.160000 28.320000
v 45.759998 30.240000 28.240000
v 45.680000 30.400000 24.799999
v 45.759998 30.320000 24.799999
v 45.759998 30.400000 24.879999
v 45.759998 30.400000 28.240000
v 45.759998 30.559999 24.879999
v 45.680000 30.559999 28.160000
v 45.759998 30.480000 28.160000
v 45.760000 30.639972 28.000026
v 45.759998 30.639999 24.959999
v 45.680000 30.719999 25.119999
v 45.759998 30.639999 25.119999
v 45.759998 30.719999 25.199999
v 45.680000 30.719999 28.000000
v 45.759998 30.719999 27.920000
v 45.759998 30.799999 25.279999
v 45.759998 30.879999 25.359999
v 45.680000 30.879999 28.000000
v 45.759998 30.879999 27.920000
v 45.759998 31.039999 25.359999
v 45.759998 31.039999 27.920000
v 45.759998 31.119999 25.439999
v 45.680014 31.199986 25.599998
v 45.759998 31.119999 25.599998
v 45.759998 31.119999 25.760000
v 45.680000 31.199999 25.920000
v 45.759998 31.119999 25.920000
v 45.680000 31.199999 27.359999
v 45.759998 31.119999 27.359999
v 45.759998 31.119999 27.519999
v 45.759998 31.279999 26.080000
v 45.680000 31.359999 26.240000
v 45.759998 31.279999 26.240000
v 45.726486 31.313512 27.199999
v 45.840000 28.480000 25.599998
v 45.840000 28.480000 25.760000
v 45.840000 28.480000 27.519999
v 45.840000 28.480000 27.840000
v 45.840000 28.639999 25.119999
v 45.840000 28.639999 25.279999
v 45.840000 28.639999 25.439999
v 45.919998 28.639999 25.519999
v 45.920012 28.560014 25.599998
v 45.919998 28.559999 26.080000
v 45.919998 28.559999 27.680003
v 45.919998 28.559999 27.840000
v 45.919998 28.559999 28.000000
v 45.840000 28.639999 28.160000
v 45.919998 28.639999 28.080000
v 45.840000 28.799999 25.119999
v 45.919998 28.799999 25.199999
v 45.919998 28.719999 25.279999
v 45.919998 28.719999 25.439999
v 45.919998 28.719999 28.160000
v 45.840000 28.799999 28.320000
v 45.919998 28.799999 28.240000
v 45.840000 28.959999 24.799999
v 45.840000 28.959999 24.959999
v 45.919998 28.959999 25.039999
v 45.919998 28.879999 25.119999
v 45.919998 28.879999 28.320000
v 45.919998 28.959999 28.400000
v 45.840000 29.119999 24.799999
v 45.919998 29.119999 24.879999
v 45.919998 29.039999 24.959999
v 45.919998 29.279999 28.400000
v 45.840000 29.279999 24.799999
v 45.919998 29.279999 24.879999
v 45.840009 29.279999 28.479991
v 45.919998 29.439999 24.879999
v 45.919998 29.439999 28.400000
v 45.919998 29.599998 24.879999
v 45.840000 29.599998 28.480000
v 45.919998 29.599998 28.400000
v 45.840000 29.760000 24.799999
v 45.919998 29.760000 24.879999
v 45.840000 29.760000 28.320000
v 45.919998 29.679998 28.320000
v 45.919998 29.760000 28.240000
v 45.840000 29.920000 24.799999
v 45.919998 29.920000 24.879999
v 45.840000 29.920000 28.320000
v 45.919998 29.920000 28.240000
v 45.840000 30.080000 24.799999
v 45.919998 30.080000 24.879999
v 45.840000 30.080000 28.320000
v 45.919998 30.080000 28.240000
v 45.840000 30.240000 24.799999
v 45.919998 30.240000 24.879999
v 45.919998 30.240000 28.240000
v 45.840000 30.400000 24.959999
v 45.919998 30.320000 24.959999
v 45.919998 30.400000 25.039999
v 45.840000 30.400000 28.160000
v 45.919998 30.320000 28.160000
v 45.919998 30.400000 28.080000
v 45.840000 30.559999 24.959999
v 45.919998 30.559999 25.039999
v 45.919998 30.559999 27.920000
v 45.919998 30.639999 25.119999
v 45.840000 30.719999 25.279999
v 45.919998 30.639999 25.279999
v 45.919998 30.719999 25.359999
v 45.840000 30.879999 25.439999
v 45.919998 30.799999 25.439999
v 45.840000 30.879999 25.599998
v 45.919998 30.799999 25.599998
v 45.919998 30.879999 25.680000
v 45.919998 30.879999 27.920000
v 45.840000 31.039999 25.439999
v 45.919998 30.959999 25.760000
v 45.840000 31.039999 25.760000
v 45.919998 31.039999 25.840000
v 45.840000 31.039999 27.359999
v 45.760000 31.119999 27.840000
v 45.919998 31.119999 25.920000
v 45.836863 31.203136 26.080001
v 45.919998 31.119999 26.080000
v 45.919998 31.119999 26.240000
v 45.919998 31.119999 26.400000
v 45.919998 31.119999 26.559999
v 45.919998 31.119999 26.719999
v 45.919998 31.119999 26.879999
v 45.919998 31.119999 27.039999
v 45.919998 31.119999 27.199999
v 46.000000 28.639999 25.599998
v 46.000000 28.639999 25.760000
v 46.000000 28.639999 25.920000
v 46.000000 28.639999 26.080000
v 46.079998 28.559999 26.240000
v 46.079998 28.559999 26.400000
v 46.079998 28.559999 26.559999
v 46.079998 28.559999 26.719999
v 46.079998 28.559999 26.879999
v 46.079998 28.559999 27.039999
v 46.079998 28.559999 27.519998
v 46.000000 28.639999 27.840000
v 46.000000 28.639999 28.000000
v 46.000000 28.799999 25.279999
v 46.000000 28.799999 25.439999
v 46.000000 28.799999 25.599998
v 46.079998 28.799999 25.680000
v 46.079998 28.719999 25.760000
v 46.079998 28.719999 25.920000
v 46.079998 28.719999 26.080000
v 46.079998 28.719999 27.680000
v 46.079998 28.719999 27.840000
v 46.079998 28.799999 27.920000
v 46.000000 28.799999 28.000000
v 46.000000 28.799999 28.160000
v 46.000000 28.959999 25.119999
v 46.000000 28.959999 25.279999
v 46.080033 28.880034 25.439999
v 46.079998 28.879999 25.599998
v 46.079998 28.879999 28.000000
v 46.079998 28.879999 28.160000
v 46.000000 28.959999 28.320000
v 46.079981 28.959999 28.240016
v 46.000000 29.119999 24.959999
v 46.000000 29.119999 25.119999
v 46.079998 29.119999 25.199999
v 46.000000 29.119999 28.320000
v 46.000000 29.279999 24.959999
v 46.000000 29.279999 25.119999
v 46.079998 29.279999 25.199999
v 46.000000 29.279999 28.320000
v 46.079998 29.279999 28.240000
v 46.000000 29.439999 24.959999
v 46.000000 29.439999 28.320000
v 46.079998 29.439999 28.240000
v 46.000000 29.599998 24.959999
v 46.000000 29.599998 28.320000
v 46.079998 29.599998 28.240000
v 46.000000 29.760000 24.959999
v 46.079994 29.439999 25.039995
v 46.079998 29.760000 28.240000
v 46.000000 29.920000 24.959999
v 46.079998 29.920000 28.240000
v 46.000000 30.080000 24.959999
v 46.080011 30.080000 25.040012
v 46.000000 30.080000 28.160000
v 46.079998 30.000000 28.160000
v 46.079998 30.080000 28.080000
v 46.000000 30.240000 24.959999
v 46.000000 30.240000 25.119999
v 46.079998 30.240000 25.199999
v 46.016322 30.240000 28.143677
v 46.000000 30.400000 25.119999
v 46.079998 30.320000 25.279999
v 46.000000 30.400000 25.279999
v 46.079998 30.400000 25.359999
v 46.000000 30.559999 25.119999
v 46.000000 30.559999 25.279999
v 46.079998 30.559999 25.359999
v 46.066474 30.559999 27.773525
v 46.000000 30.719999 25.439999
v 46.079998 30.639999 25.439999
v 46.000000 30.719999 25.599998
v 46.079998 30.639999 25.599998
v 46.079998 30.719999 25.680000
v 46.000000 30.719999 27.840000
v 46.079998 30.719999 27.760000
v 46.000000 30.879999 25.760000
v 46.079998 30.799999 25.760000
v 45.999858 30.880140 27.359998
v 46.000000 30.879999 27.680000
v 46.079998 30.799999 27.680000
v 46.000000 30.879999 27.840000
v 46.000000 31.039999 25.920000
v 46.079998 30.959999 25.920000
v 46.000000 31.039999 26.080000
v 46.079998 30.959999 26.080000
v 46.000000 31.039999 26.240000
v 46.079998 30.959999 26.240000
v 46.000000 31.039999 26.400000
v 46.079998 30.959999 26.400000
v 46.000000 31.039999 26.559999
v 46.000000 31.039999 26.719999
v 46.079998 30.959999 26.719999
v 46.000000 31.039999 26.879999
v 46.079998 30.959999 26.879999
v 46.000000 31.039999 27.039999
v 46.079998 30.959999 27.039999
v 46.000000 31.039999 27.199999
v 46.079998 30.959999 27.199999
v 46.160046 28.640046 26.240001
v 46.160000 28.639999 27.199999
v 46.160000 28.639999 27.519999
v 46.160000 28.799999 25.760000
v 46.160000 28.799999 25.920000
v 46.160000 28.799999 26.080000
v 46.239998 28.799999 26.160000
v 46.239998 28.719999 26.240000
v 46.239998 28.719999 26.400000
v 46.239998 28.719999 26.559999
v 46.239998 28.719999 26.719999
v 46.239998 28.719999 26.879999
v 46.239998 28.719999 27.039999
v 46.239998 28.719999 27.199999
v 46.239998 28.799999 27.279999
v 46.160000 28.799999 27.359999
v 46.160000 28.799999 27.680000
v 46.160000 28.799999 27.840000
v 46.160000 28.959999 25.439999
v 46.160000 28.959999 25.599998
v 46.160000 28.959999 25.760000
v 46.239998 28.959999 25.840000
v 46.239998 28.879999 25.920000
v 46.239998 28.879999 26.080000
v 46.239998 28.879999 27.359999
v 46.239998 28.879999 27.519999
v 46.239998 28.879999 27.680000
v 46.239998 28.879999 27.840000
v 46.160000 28.959999 28.000000
v 46.239998 28.959999 27.920000
v 46.160000 28.959999 28.160000
v 46.160000 29.119999 25.279999
v 46.160000 29.119999 25.439999
v 46.239998 29.119999 25.519999
v 46.239998 29.039999 25.599998
v 46.239998 29.039999 25.760000
v 46.160000 29.119999 28.000000
v 46.239998 29.119999 27.920000
v 46.160000 29.119999 28.160000
v 46.160000 29.279999 25.279999
v 46.160000 29.279999 25.439999
v 46.239998 29.279999 25.519999
v 46.239998 29.199999 28.000000
v 46.239998 29.279999 28.080000
v 46.160000 29.279999 28.160000
v 46.160000 29.439999 25.119999
v 46.239998 29.439999 25.359999
v 46.239998 29.359999 25.439999
v 46.160000 29.599998 25.119999
v 46.239998 29.599998 25.199999
v 46.239998 29.519999 25.279999
v 46.160000 29.920000 25.119999
v 46.239998 29.760000 25.199999
v 46.239998 29.920000 25.199999
v 46.216371 29.919999 28.103627
v 46.160000 30.080000 25.119999
v 46.239998 30.000000 25.279999
v 46.160000 30.080000 25.279999
v 46.239998 30.080000 25.359999
v 46.160000 30.080000 28.000000
v 46.160000 30.240000 25.279999
v 46.239998 30.240000 25.359999
v 46.160000 30.240000 27.840000
v 46.239998 30.240000 27.760000
v 46.160000 30.240000 28.000000
v 46.160000 30.400000 25.439999
v 46.239998 30.320000 25.439999
v 46.239998 30.400000 25.519999
v 46.160000 30.400000 27.840000
v 46.239998 30.400000 27.760000
v 46.160000 30.559999 25.439999
v 46.239998 30.480000 25.599998
v 46.160000 30.559999 25.599998
v 46.160000 30.559999 25.760000
v 46.239998 30.480000 25.760000
v 46.239977 30.640021 25.920000
v 46.160000 30.559999 27.359999
v 46.239998 30.480000 27.359999
v 46.239998 30.559999 27.279999
v 46.160000 30.559999 27.519999
v 46.239998 30.480000 27.519999
v 46.160000 30.559999 27.680000
v 46.239998 30.480000 27.680000
v 46.160000 30.719999 26.080000
v 46.239998 30.639999 26.080000
v 46.160000 30.719999 27.039999
v 46.239998 30.639999 27.039999
v 46.239998 30.719999 26.959999
v 46.160000 30.719999 27.199999
v 46.239998 30.639999 27.199999
v 46.160000 30.719999 27.359999
v 46.160000 30.719999 27.519999
v 46.160000 30.719999 27.680000
v 46.160000 30.879999 25.920001
v 46.239998 30.799999 26.240000
v 46.160000 30.879999 26.240000
v 46.197477 30.842521 26.879998
v 46.160000 30.879999 27.199999
v 46.320000 28.799999 26.240000
v 46.320000 28.799999 26.400000
v 46.320000 28.799999 26.559999
v 46.320000 28.799999 26.719999
v 46.320000 28.799999 26.879999
v 46.320000 28.799999 27.039999
v 46.320000 28.799999 27.199999
v 46.320000 28.959999 25.920000
v 46.320000 28.959999 26.080000
v 46.320000 29.119999 26.400000
v 46.320000 28.959999 26.400000
v 46.320000 28.959999 26.559999
v 46.320000 28.959999 27.199999
v 46.320000 28.959999 27.359999
v 46.320000 28.959999 27.519999
v 46.320000 28.959999 27.680000
v 46.320000 28.959999 27.840000
v 46.320000 29.119999 25.599998
v 46.320000 29.119999 25.760000
v 46.320000 29.119999 26.080000
v 46.320000 29.119999 26.719999
v 46.399998 29.039999 26.879999
v 46.399998 29.039999 27.039999
v 46.399998 29.039999 27.359999
v 46.399998 29.039999 27.519999
v 46.399998 29.039999 27.680000
v 46.320000 29.279999 25.599998
v 46.399998 29.279999 25.680000
v 46.399998 29.199999 25.760000
v 46.400007 29.200008 26.719999
v 46.399998 29.279999 27.760000
v 46.320000 29.279999 28.000000
v 46.320000 29.439999 25.439999
v 46.320000 29.439999 25.599998
v 46.399998 29.439999 25.680000
v 46.320000 29.119999 27.840000
v 46.399998 29.439999 27.760000
v 46.320000 29.439999 28.000000
v 46.320000 29.599998 25.279999
v 46.320000 29.599998 25.439999
v 46.399998 29.599998 25.519999
v 46.399998 29.519999 25.599998
v 46.399998 29.599998 27.760000
v 46.320000 29.599998 28.000000
v 46.399998 29.760000 27.760000
v 46.320000 29.760000 28.000000
v 46.320000 29.920000 25.279999
v 46.320000 29.920000 25.439999
v 46.320000 29.920000 27.840000
v 46.400025 30.080000 27.759973
v 46.320000 29.920000 28.000000
v 46.320000 30.080000 25.439999
v 46.320000 30.080000 25.599998
v 46.320000 30.080000 27.840000
v 46.320000 30.240000 25.439999
v 46.320000 30.240000 25.599998
v 46.320000 30.240000 25.760000
v 46.320000 30.240000 27.680000
v 46.399998 30.160000 27.680000
v 46.399998 30.240000 27.599998
v 46.320000 30.400000 25.599998
v 46.320000 30.400000 25.760000
v 46.399998 30.320000 25.920000
v 46.320000 30.400000 25.920000
v 46.320000 30.400000 26.080000
v 46.399998 30.320000 26.080000
v 46.399998 30.400000 26.160000
v 46.320000 30.400000 27.359999
v 46.399998 30.320000 27.359999
v 46.400038 30.479960 27.199999
v 46.320000 30.400000 27.519999
v 46.399998 30.320000 27.519999
v 46.320000 30.400000 27.680000
v 46.320000 30.559999 25.920000
v 46.320000 30.559999 26.080000
v 46.399998 30.559999 26.160000
v 46.320000 30.559999 27.039999
v 46.399998 30.480000 27.039999
v 46.399998 30.559999 26.959999
v 46.320000 30.559999 27.199999
v 46.312897 30.727102 26.240001
v 46.399998 30.639999 26.240000
v 46.399998 30.639999 26.400000
v 46.399998 30.639999 26.559999
v 46.399998 30.639999 26.719999
v 46.320000 30.719999 26.879999
v 46.399998 30.639999 26.879999
v 46.480000 29.119999 26.879999
v 46.480000 29.119999 27.039999
v 46.480000 29.119999 27.199999
v 46.480000 29.119999 27.359999
v 46.480000 29.119999 27.519999
v 46.480000 29.119999 27.680000
v 46.480000 29.279999 25.760000
v 46.480000 29.279999 25.920000
v 46.480000 29.279999 26.080000
v 46.480000 29.279999 26.240000
v 46.480000 29.279999 26.719999
v 46.480000 29.279999 27.039999
v 46.480000 29.439999 27.680000
v 46.480000 29.439999 25.760000
v 46.480000 29.439999 26.559999
v 46.559998 29.439999 26.639999
v 46.559998 29.359999 26.719999
v 46.559998 29.359999 27.359999
v 46.559998 29.359999 27.519999
v 46.559998 29.439999 27.599998
v 46.480000 29.599998 25.599998
v 46.480000 29.599998 26.559999
v 46.559998 29.599998 26.639999
v 46.480000 29.599998 27.680000
v 46.480000 29.760000 26.559999
v 46.480000 29.760000 27.680000
v 46.480000 29.919998 25.599999
v 46.480000 29.920000 26.559999
v 46.559998 29.920000 26.639999
v 46.480000 29.920000 27.519999
v 46.559998 29.920000 27.439999
v 46.480000 29.920000 27.680000
v 46.480000 30.080000 26.400000
v 46.559998 30.080000 26.480000
v 46.559998 30.000000 26.559999
v 46.480000 30.080000 27.519999
v 46.559998 30.080000 27.439999
v 46.480000 30.080000 27.680000
v 46.480000 30.240000 25.920000
v 46.480000 30.240000 26.080000
v 46.480000 30.240000 26.400000
v 46.559998 30.240000 26.480000
v 46.480000 30.240000 27.199999
v 46.480000 30.240000 27.359999
v 46.559998 30.160000 27.359999
v 46.480000 30.240000 27.519999
v 46.480000 30.400000 26.240000
v 46.480000 30.400000 26.400000
v 46.559998 30.400000 26.480000
v 46.480000 30.400000 27.039999
v 46.559998 30.400000 26.959999
v 46.480000 30.400000 27.199999
v 46.480000 30.559999 26.240000
v 46.480000 30.559999 26.559999
v 46.559998 30.480000 26.559999
v 46.480000 30.559999 26.719999
v 46.559998 30.480000 26.719999
v 46.480000 30.559999 26.879999
v 46.559998 30.480000 26.879999
v 46.639999 29.439999 26.719999
v 46.639999 29.439999 27.519999
v 46.639999 29.439999 27.519999
v 46.639999 29.920000 26.719999
v 46.639999 29.920000 27.359999
v 46.639999 30.080000 26.559999
v 46.639999 30.079999 27.199999
v 46.639999 30.080000 27.359999
v 46.639999 30.240000 26.559999
v 46.639999 30.400000 26.559999
v 46.639999 30.400000 26.879999
f 1 2 3
f 2 4 3
f 3 5 1
f 6 3 4
f 5 3 6
f 7 8 1
f 9 5 6
f 9 10 5
f 10 1 5
f 10 11 12
f 9 11 10
f 11 13 12
f 14 8 7
f 12 15 10
f 15 1 10
f 16 12 13
f 15 12 16
f 17 14 7
f 15 18 1
f 19 15 16
f 18 15 19
f 7 20 17
f 18 21 1
f 22 18 19
f 21 18 22
f 23 24 25
f 23 7 24
f 7 1 24
f 21 26 1
f 27 21 22
f 26 21 27
f 28 25 24
f 29 25 28
f 1 30 24
f 30 28 24
f 27 31 26
f 31 1 26
f 28 32 29
f 30 32 28
f 33 32 30
f 33 30 34
f 30 1 34
f 35 34 1
f 36 31 37
f 36 35 31
f 35 1 31
f 27 37 31
f 34 38 33
f 35 38 34
f 36 38 35
f 39 40 41
f 39 129 42
f 41 129 39
f 129 1 42
f 43 129 44
f 1 129 43
f 44 129 45
f 46 47 48
f 46 49 50
f 48 49 46
f 40 50 49
f 40 39 50
f 39 51 50
f 1 51 42
f 42 51 39
f 43 2 1
f 4 2 43
f 4 43 52
f 52 43 44
f 45 53 44
f 53 52 44
f 129 54 45
f 54 53 45
f 129 55 54
f 56 47 46
f 57 47 56
f 50 58 46
f 58 56 46
f 1 58 51
f 51 58 50
f 52 59 6
f 4 52 6
f 53 60 52
f 60 59 52
f 54 61 53
f 61 60 53
f 62 54 55
f 61 54 62
f 63 64 65
f 57 63 65
f 57 56 63
f 56 66 63
f 1 8 66
f 1 66 58
f 58 66 56
f 6 59 9
f 11 9 59
f 60 11 59
f 13 11 60
f 13 60 67
f 67 60 61
f 68 61 62
f 68 69 61
f 69 67 61
f 68 70 69
f 71 64 63
f 72 64 71
f 66 71 63
f 8 14 66
f 67 73 16
f 13 67 16
f 69 74 67
f 74 73 67
f 75 69 70
f 74 69 75
f 76 72 71
f 14 17 66
f 73 77 19
f 16 73 19
f 74 78 73
f 78 77 73
f 79 74 75
f 78 74 79
f 71 80 76
f 66 80 71
f 81 80 66
f 82 83 81
f 20 82 81
f 20 81 66
f 20 66 17
f 20 7 82
f 77 84 22
f 19 77 22
f 78 85 77
f 85 84 77
f 86 78 79
f 85 78 86
f 87 83 82
f 88 83 87
f 7 23 89
f 7 89 82
f 82 89 87
f 23 25 89
f 84 90 27
f 22 84 27
f 85 91 84
f 91 90 84
f 92 85 86
f 91 85 92
f 93 88 87
f 94 88 93
f 89 95 87
f 95 93 87
f 25 29 95
f 89 25 95
f 27 90 96
f 96 90 103
f 91 97 90
f 97 103 90
f 98 91 92
f 97 91 98
f 93 99 94
f 99 93 100
f 93 95 100
f 29 32 101
f 29 101 95
f 95 101 100
f 32 33 106
f 101 32 106
f 37 102 36
f 37 27 96
f 37 96 102
f 102 96 103
f 103 97 104
f 98 104 97
f 100 105 99
f 101 105 100
f 106 105 101
f 38 107 106
f 38 106 33
f 38 36 102
f 38 102 108
f 108 102 103
f 109 103 110
f 107 111 106
f 38 111 107
f 112 111 38
f 108 112 38
f 113 112 108
f 103 113 108
f 114 113 103
f 115 114 103
f 109 115 103
f 116 117 118
f 117 119 118
f 118 121 122
f 120 121 118
f 121 123 122
f 124 125 126
f 126 226 124
f 124 127 128
f 226 127 124
f 118 128 127
f 118 129 128
f 122 129 118
f 130 122 123
f 130 129 122
f 129 131 132
f 130 131 129
f 131 133 132
f 134 135 136
f 134 137 138
f 136 137 134
f 125 138 137
f 125 124 138
f 124 139 138
f 140 139 124
f 41 40 140
f 41 140 128
f 128 140 124
f 129 41 128
f 141 132 133
f 141 142 132
f 142 129 132
f 141 143 142
f 135 144 145
f 135 134 144
f 134 146 144
f 138 146 134
f 48 47 146
f 48 146 139
f 139 146 138
f 49 48 139
f 140 49 139
f 40 49 140
f 55 129 147
f 147 129 142
f 148 142 143
f 147 142 148
f 149 145 144
f 146 149 144
f 150 149 146
f 47 57 150
f 146 47 150
f 147 151 62
f 55 147 62
f 152 147 148
f 152 153 147
f 153 151 147
f 152 154 153
f 155 145 149
f 156 145 155
f 65 64 149
f 65 149 150
f 57 65 150
f 62 151 68
f 70 68 151
f 70 151 157
f 157 151 153
f 158 153 154
f 157 153 158
f 155 159 156
f 159 160 161
f 159 155 160
f 155 149 160
f 64 72 160
f 149 64 160
f 70 157 75
f 157 163 162
f 164 161 160
f 165 161 164
f 72 76 164
f 160 72 164
f 75 157 79
f 162 166 157
f 167 162 163
f 166 162 167
f 164 168 165
f 169 170 168
f 80 169 168
f 80 168 164
f 80 164 76
f 80 81 171
f 169 80 171
f 81 83 171
f 157 172 86
f 79 157 86
f 166 172 157
f 173 166 167
f 169 174 170
f 174 175 176
f 174 169 175
f 169 171 175
f 83 88 175
f 171 83 175
f 172 177 92
f 86 172 92
f 166 178 172
f 178 177 172
f 179 166 173
f 178 166 179
f 180 176 175
f 181 176 180
f 88 94 180
f 175 88 180
f 177 182 98
f 92 177 98
f 183 178 184
f 183 182 178
f 182 177 178
f 179 184 178
f 180 185 181
f 186 187 185
f 99 186 185
f 99 185 180
f 99 180 94
f 104 188 103
f 104 189 188
f 98 189 104
f 98 190 189
f 98 182 190
f 183 190 182
f 186 191 187
f 192 193 191
f 105 192 191
f 105 191 186
f 105 186 99
f 105 106 194
f 192 105 194
f 194 106 195
f 110 196 109
f 110 103 188
f 110 188 196
f 196 188 197
f 198 188 189
f 197 188 198
f 192 199 193
f 194 199 192
f 200 199 194
f 200 201 202
f 200 194 201
f 194 195 201
f 106 111 203
f 106 203 195
f 195 203 201
f 111 112 204
f 203 111 204
f 205 204 112
f 205 112 206
f 206 112 113
f 114 207 113
f 113 207 206
f 115 207 114
f 196 115 109
f 196 207 115
f 197 207 196
f 208 207 197
f 198 208 197
f 201 209 202
f 203 209 201
f 210 209 203
f 204 210 203
f 211 210 204
f 205 211 204
f 212 213 214
f 212 215 216
f 214 215 212
f 216 217 218
f 215 217 216
f 218 219 220
f 217 219 218
f 219 221 220
f 222 223 224
f 222 225 226
f 224 225 222
f 225 227 226
f 226 228 229
f 227 228 226
f 229 116 118
f 229 228 116
f 228 230 116
f 117 116 231
f 116 230 231
f 213 212 119
f 213 119 231
f 231 119 117
f 118 119 212
f 216 118 212
f 120 118 216
f 218 120 216
f 121 120 218
f 220 121 218
f 123 232 233
f 121 232 123
f 121 221 232
f 121 220 221
f 232 234 233
f 235 223 222
f 236 223 235
f 226 237 222
f 237 235 222
f 126 125 237
f 126 237 226
f 229 127 226
f 118 127 229
f 123 233 130
f 233 234 238
f 233 238 130
f 130 238 131
f 133 239 240
f 133 131 239
f 131 238 239
f 239 241 240
f 242 243 244
f 236 242 244
f 235 242 236
f 235 135 242
f 235 136 135
f 137 136 235
f 237 137 235
f 125 137 237
f 133 240 141
f 143 245 246
f 141 245 143
f 141 241 245
f 141 240 241
f 245 247 246
f 145 243 242
f 145 248 243
f 135 145 242
f 246 249 148
f 143 246 148
f 250 246 247
f 249 246 250
f 248 145 251
f 148 249 152
f 154 252 253
f 152 252 154
f 152 250 252
f 152 249 250
f 252 254 253
f 145 156 251
f 251 156 255
f 253 256 158
f 154 253 158
f 254 257 253
f 257 256 253
f 254 258 257
f 259 156 159
f 259 260 156
f 260 255 156
f 159 161 259
f 158 256 157
f 163 157 256
f 163 256 261
f 261 256 257
f 262 257 258
f 261 257 262
f 259 263 260
f 263 259 161
f 263 161 264
f 264 161 165
f 163 261 167
f 265 165 168
f 265 266 165
f 266 264 165
f 168 170 265
f 261 267 173
f 167 261 173
f 267 261 262
f 265 268 266
f 269 270 268
f 174 269 268
f 174 268 265
f 174 265 170
f 174 176 269
f 267 271 179
f 173 267 179
f 272 267 262
f 271 267 272
f 273 270 269
f 274 270 273
f 176 181 273
f 269 176 273
f 184 275 183
f 184 179 271
f 184 271 275
f 275 271 276
f 277 271 272
f 276 271 277
f 273 278 274
f 279 280 278
f 185 279 278
f 185 278 273
f 185 273 181
f 185 187 279
f 190 281 189
f 190 183 275
f 190 275 281
f 281 275 282
f 277 282 276
f 282 275 276
f 279 283 280
f 187 283 279
f 187 191 283
f 191 284 283
f 284 191 193
f 285 284 193
f 281 286 198
f 189 281 198
f 287 282 288
f 287 286 282
f 286 281 282
f 277 288 282
f 193 289 285
f 199 289 193
f 200 290 199
f 199 290 289
f 290 200 202
f 291 290 202
f 206 292 205
f 206 207 293
f 292 206 293
f 293 207 294
f 207 208 295
f 294 207 295
f 208 198 286
f 208 286 295
f 295 286 296
f 297 286 287
f 296 286 297
f 202 298 291
f 209 298 202
f 210 299 209
f 209 299 298
f 211 300 210
f 210 300 299
f 292 211 205
f 292 301 211
f 301 300 211
f 293 301 292
f 302 301 293
f 302 303 304
f 302 293 303
f 294 305 293
f 305 303 293
f 295 305 294
f 306 296 297
f 306 305 296
f 305 295 296
f 303 307 304
f 305 307 303
f 308 307 305
f 309 308 305
f 306 309 305
f 310 311 312
f 310 313 314
f 312 313 310
f 314 313 315
f 313 316 315
f 317 318 319
f 319 320 317
f 317 321 322
f 320 321 317
f 321 323 322
f 311 322 323
f 311 310 322
f 310 324 322
f 314 325 310
f 325 324 310
f 315 326 314
f 326 325 314
f 213 327 214
f 213 315 327
f 213 326 315
f 316 327 315
f 215 214 328
f 214 327 328
f 217 215 329
f 215 328 329
f 219 217 330
f 217 329 330
f 221 331 332
f 221 219 331
f 219 330 331
f 331 333 332
f 318 334 335
f 317 334 318
f 317 223 334
f 317 224 223
f 225 224 317
f 227 225 317
f 322 227 317
f 228 227 322
f 324 228 322
f 230 228 324
f 325 230 324
f 231 230 325
f 326 231 325
f 213 231 326
f 221 332 232
f 234 336 337
f 232 336 234
f 232 333 336
f 232 332 333
f 338 335 334
f 339 335 338
f 223 236 338
f 334 223 338
f 234 337 238
f 337 336 340
f 337 340 238
f 238 340 239
f 241 341 342
f 241 239 341
f 239 340 341
f 341 343 342
f 344 345 346
f 339 344 346
f 338 344 339
f 338 243 344
f 338 244 243
f 236 244 338
f 241 342 245
f 247 347 348
f 245 347 247
f 245 343 347
f 245 342 343
f 347 349 348
f 350 345 344
f 243 248 344
f 348 351 250
f 247 348 250
f 352 348 349
f 351 348 352
f 353 350 344
f 248 251 344
f 250 351 252
f 254 354 355
f 252 354 254
f 252 352 354
f 252 351 352
f 354 356 355
f 357 353 344
f 251 255 344
f 355 258 254
f 355 356 258
f 356 358 258
f 359 357 344
f 360 357 359
f 255 260 359
f 344 255 359
f 258 358 262
f 358 361 262
f 359 362 360
f 363 364 362
f 263 363 362
f 263 362 359
f 263 359 260
f 263 264 363
f 365 366 262
f 365 262 361
f 365 367 366
f 368 364 363
f 369 364 368
f 264 266 368
f 363 264 368
f 366 370 262
f 371 366 367
f 370 366 371
f 368 372 369
f 373 374 372
f 268 373 372
f 268 372 368
f 268 368 266
f 268 270 373
f 370 375 272
f 262 370 272
f 376 370 371
f 375 370 376
f 377 374 373
f 378 374 377
f 270 274 377
f 373 270 377
f 375 379 380
f 375 380 272
f 272 380 277
f 376 379 375
f 377 381 378
f 278 382 381
f 278 381 377
f 278 377 274
f 278 280 382
f 383 277 380
f 382 384 381
f 280 384 382
f 280 283 384
f 283 385 384
f 284 386 283
f 283 386 385
f 386 284 285
f 387 386 285
f 288 383 388
f 287 288 388
f 383 288 277
f 285 389 387
f 289 389 285
f 290 390 289
f 289 390 389
f 390 290 291
f 391 390 291
f 287 388 297
f 388 392 297
f 291 393 391
f 298 393 291
f 299 394 298
f 298 394 393
f 395 396 299
f 395 299 301
f 301 299 300
f 301 302 397
f 395 301 397
f 302 304 397
f 297 398 399
f 306 297 399
f 398 297 392
f 400 396 395
f 401 396 400
f 397 402 395
f 402 400 395
f 304 307 403
f 304 403 397
f 397 403 402
f 307 308 404
f 403 307 404
f 308 309 405
f 404 308 405
f 309 406 405
f 309 306 406
f 306 399 406
f 400 407 401
f 402 407 400
f 408 407 402
f 403 408 402
f 409 408 403
f 404 409 403
f 410 409 404
f 405 410 404
f 411 410 405
f 406 411 405
f 412 413 414
f 412 312 311
f 412 414 312
f 414 530 312
f 313 312 530
f 316 415 416
f 316 313 415
f 313 530 415
f 416 417 418
f 415 417 416
f 418 419 420
f 417 419 418
f 420 421 422
f 419 421 420
f 421 423 422
f 319 335 424
f 318 335 319
f 320 319 425
f 319 424 425
f 321 320 426
f 320 425 426
f 413 412 323
f 413 323 426
f 426 323 321
f 311 323 412
f 316 416 327
f 328 327 416
f 418 328 416
f 329 328 418
f 420 329 418
f 330 329 420
f 422 330 420
f 422 423 427
f 422 427 330
f 330 427 331
f 333 428 429
f 333 331 428
f 331 427 428
f 428 430 429
f 335 431 432
f 333 429 336
f 336 433 434
f 336 430 433
f 336 429 430
f 434 435 436
f 433 435 434
f 435 437 436
f 438 439 431
f 438 431 339
f 339 431 335
f 336 434 340
f 341 340 434
f 436 341 434
f 343 440 441
f 341 440 343
f 341 437 440
f 341 436 437
f 440 442 441
f 346 439 438
f 346 345 439
f 345 443 439
f 339 346 438
f 343 441 347
f 349 444 445
f 347 444 349
f 347 442 444
f 347 441 442
f 444 446 445
f 447 448 449
f 447 449 443
f 447 443 350
f 350 443 345
f 445 450 352
f 349 445 352
f 451 445 446
f 450 445 451
f 452 448 447
f 350 353 452
f 447 350 452
f 352 450 354
f 450 356 354
f 450 451 356
f 451 453 356
f 454 448 452
f 455 448 454
f 353 357 454
f 452 353 454
f 456 457 358
f 456 358 453
f 453 358 356
f 456 458 457
f 454 459 455
f 459 454 357
f 459 357 460
f 460 357 360
f 457 461 361
f 358 457 361
f 462 457 458
f 461 457 462
f 463 360 362
f 463 464 360
f 464 460 360
f 362 364 463
f 361 461 365
f 461 367 365
f 461 462 367
f 462 465 367
f 463 466 464
f 466 463 364
f 466 364 467
f 467 364 369
f 367 465 371
f 465 468 371
f 469 369 372
f 469 470 369
f 470 467 369
f 372 374 469
f 371 468 376
f 471 470 469
f 472 470 471
f 374 378 471
f 469 374 471
f 379 473 380
f 379 474 473
f 379 376 474
f 376 468 474
f 471 475 472
f 476 477 475
f 381 476 475
f 381 475 471
f 381 471 378
f 383 479 478
f 380 479 383
f 380 480 479
f 380 473 480
f 474 480 473
f 476 481 477
f 482 483 481
f 384 482 481
f 384 481 476
f 384 476 381
f 384 385 484
f 482 384 484
f 385 386 484
f 386 387 484
f 383 485 388
f 383 478 485
f 485 478 486
f 487 478 479
f 486 478 487
f 488 483 482
f 489 483 488
f 484 490 482
f 490 488 482
f 387 389 491
f 387 491 484
f 389 390 492
f 491 389 492
f 390 391 492
f 485 493 392
f 388 485 392
f 486 494 485
f 494 493 485
f 495 486 487
f 494 486 495
f 488 496 489
f 490 496 488
f 497 496 490
f 497 498 499
f 497 490 498
f 490 484 498
f 492 484 491
f 391 393 500
f 391 500 492
f 492 500 484
f 393 394 501
f 500 393 501
f 394 299 502
f 501 394 502
f 299 396 502
f 398 503 399
f 398 504 503
f 392 504 398
f 392 505 504
f 392 493 505
f 494 505 493
f 506 505 494
f 495 506 494
f 484 499 498
f 501 484 500
f 502 507 501
f 507 484 501
f 396 401 507
f 502 396 507
f 503 508 406
f 399 503 406
f 509 503 504
f 508 503 509
f 510 499 484
f 511 499 510
f 512 510 484
f 507 512 484
f 401 407 512
f 401 512 507
f 407 408 512
f 408 409 513
f 512 408 513
f 514 513 409
f 514 409 515
f 515 409 410
f 411 516 410
f 410 516 515
f 508 411 406
f 508 517 411
f 517 516 411
f 509 517 508
f 510 518 511
f 512 518 510
f 519 518 512
f 520 519 512
f 521 520 512
f 522 521 512
f 523 522 512
f 524 523 512
f 525 524 512
f 513 525 512
f 526 525 513
f 514 526 513
f 527 528 529
f 527 414 413
f 527 529 414
f 529 530 414
f 417 415 530
f 419 417 530
f 421 419 531
f 419 530 531
f 423 532 533
f 423 421 532
f 421 531 532
f 532 534 533
f 424 535 536
f 335 535 424
f 425 424 537
f 424 536 537
f 528 527 426
f 528 426 537
f 537 426 425
f 413 426 527
f 423 533 427
f 533 534 538
f 533 538 427
f 427 538 428
f 430 539 540
f 430 428 539
f 428 538 539
f 540 541 542
f 539 541 540
f 541 543 542
f 432 544 545
f 431 544 432
f 535 335 432
f 545 535 432
f 430 540 433
f 435 433 540
f 542 435 540
f 437 546 547
f 435 546 437
f 435 543 546
f 435 542 543
f 546 548 547
f 439 549 550
f 544 431 439
f 550 544 439
f 437 547 440
f 442 551 552
f 440 551 442
f 440 548 551
f 440 547 548
f 551 553 552
f 554 555 556
f 554 556 549
f 554 549 443
f 443 549 439
f 442 552 444
f 552 446 444
f 552 553 446
f 553 557 446
f 449 555 554
f 449 448 555
f 448 558 555
f 443 449 554
f 559 560 451
f 559 451 557
f 557 451 446
f 559 561 560
f 558 448 562
f 560 563 453
f 451 560 453
f 564 560 561
f 563 560 564
f 448 455 562
f 562 455 565
f 453 563 456
f 563 458 456
f 563 564 458
f 564 566 458
f 567 455 459
f 567 568 455
f 568 565 455
f 459 460 567
f 569 570 462
f 569 462 566
f 566 462 458
f 569 573 570
f 567 571 568
f 571 567 460
f 571 460 572
f 572 460 464
f 462 570 465
f 574 464 466
f 574 575 464
f 575 572 464
f 466 467 574
f 570 576 468
f 465 570 468
f 576 570 573
f 574 577 575
f 577 574 467
f 577 467 578
f 578 467 470
f 576 579 468
f 580 576 573
f 579 576 580
f 470 472 578
f 578 472 581
f 579 582 583
f 579 583 468
f 468 583 474
f 580 582 579
f 472 584 581
f 475 584 472
f 584 475 477
f 585 584 477
f 480 586 479
f 480 587 586
f 480 474 587
f 474 583 587
f 588 477 481
f 588 589 477
f 589 585 477
f 481 483 588
f 586 590 487
f 479 586 487
f 591 586 587
f 590 586 591
f 592 589 588
f 593 589 592
f 483 489 592
f 588 483 592
f 590 594 595
f 590 595 487
f 487 595 495
f 591 594 590
f 592 596 593
f 597 598 596
f 496 597 596
f 496 596 592
f 496 592 489
f 496 497 599
f 597 496 599
f 497 499 599
f 505 600 504
f 505 506 601
f 600 505 601
f 506 602 601
f 506 495 602
f 495 595 602
f 597 603 598
f 603 604 605
f 603 597 604
f 597 599 604
f 599 499 604
f 600 606 607
f 600 607 504
f 504 607 509
f 601 606 600
f 608 606 601
f 602 608 601
f 609 605 604
f 610 605 609
f 499 511 609
f 604 499 609
f 515 611 514
f 612 611 515
f 612 515 613
f 613 515 516
f 517 614 516
f 516 614 613
f 607 517 509
f 614 517 607
f 609 615 610
f 616 617 615
f 518 616 615
f 518 615 609
f 518 609 511
f 518 519 618
f 616 518 618
f 519 520 619
f 618 519 619
f 520 521 620
f 619 520 620
f 521 522 621
f 620 521 621
f 522 523 622
f 621 522 622
f 523 524 623
f 622 523 623
f 624 623 524
f 624 524 625
f 625 524 525
f 526 625 525
f 611 526 514
f 611 626 526
f 626 625 526
f 612 626 611
f 616 627 617
f 618 627 616
f 628 627 618
f 619 628 618
f 620 628 619
f 621 628 620
f 622 628 621
f 623 628 622
f 629 628 623
f 624 629 623
f 530 631 632
f 630 631 530
f 631 633 632
f 633 634 632
f 632 635 636
f 634 635 632
f 636 637 638
f 635 637 636
f 637 639 638
f 639 640 638
f 641 642 643
f 641 529 528
f 641 643 529
f 643 644 529
f 530 529 645
f 529 644 645
f 636 530 632
f 638 530 636
f 531 530 638
f 638 640 646
f 638 646 531
f 531 646 532
f 534 647 648
f 534 532 647
f 532 646 647
f 648 649 650
f 647 649 648
f 649 651 650
f 776 536 535
f 776 652 536
f 652 653 536
f 642 641 537
f 642 537 653
f 653 537 536
f 528 537 641
f 534 648 538
f 539 538 648
f 650 539 648
f 650 651 654
f 650 654 539
f 539 654 541
f 543 655 656
f 543 541 655
f 541 654 655
f 655 657 656
f 658 659 660
f 658 661 662
f 660 661 658
f 776 662 661
f 776 544 662
f 776 545 544
f 535 545 776
f 543 656 546
f 656 548 546
f 656 657 548
f 657 663 548
f 664 659 658
f 665 659 664
f 550 549 664
f 550 664 662
f 662 664 658
f 544 550 662
f 548 663 666
f 551 548 666
f 553 667 668
f 553 551 667
f 551 666 667
f 667 669 668
f 556 665 664
f 556 555 665
f 555 670 665
f 549 556 664
f 668 671 557
f 553 668 557
f 672 668 669
f 671 668 672
f 673 674 670
f 673 670 558
f 558 670 555
f 557 671 559
f 671 561 559
f 671 672 561
f 672 675 561
f 558 562 673
f 677 678 564
f 677 564 675
f 675 564 561
f 677 679 678
f 680 676 673
f 681 676 680
f 562 565 680
f 673 562 680
f 678 682 566
f 564 678 566
f 683 678 679
f 682 678 683
f 680 684 681
f 684 680 565
f 684 565 685
f 685 565 568
f 566 682 569
f 682 573 569
f 682 683 573
f 683 686 573
f 687 568 571
f 687 688 568
f 688 685 568
f 571 572 687
f 686 689 573
f 687 690 688
f 690 687 572
f 690 572 691
f 691 572 575
f 689 692 573
f 693 575 577
f 693 694 575
f 694 691 575
f 577 578 693
f 573 692 580
f 692 695 580
f 696 694 693
f 697 694 696
f 578 581 696
f 693 578 696
f 582 698 583
f 582 699 698
f 582 580 699
f 580 695 699
f 700 697 696
f 581 584 701
f 581 701 696
f 696 701 700
f 584 585 701
f 698 702 703
f 698 703 583
f 583 703 587
f 699 702 698
f 697 704 705
f 697 700 704
f 700 701 704
f 585 589 704
f 701 585 704
f 587 703 591
f 703 706 591
f 707 705 704
f 708 705 707
f 589 593 707
f 704 589 707
f 594 709 710
f 595 594 710
f 706 594 591
f 709 594 706
f 711 708 707
f 712 708 711
f 593 596 713
f 593 713 707
f 707 713 711
f 596 598 713
f 595 710 602
f 710 714 602
f 715 712 711
f 716 712 715
f 713 717 711
f 717 715 711
f 598 603 718
f 598 718 713
f 713 718 717
f 603 605 718
f 606 719 607
f 720 719 606
f 720 606 721
f 721 606 608
f 714 608 602
f 721 608 714
f 715 722 716
f 717 722 715
f 723 722 717
f 723 724 729
f 723 717 724
f 717 718 724
f 605 610 724
f 718 605 724
f 613 725 612
f 726 725 613
f 726 613 727
f 727 613 614
f 719 614 607
f 719 728 614
f 728 727 614
f 720 728 719
f 615 730 729
f 615 729 724
f 615 724 610
f 615 617 730
f 625 731 624
f 731 625 732
f 625 626 733
f 732 625 733
f 626 734 733
f 612 734 626
f 612 735 734
f 612 725 735
f 726 735 725
f 730 736 729
f 737 738 736
f 627 737 736
f 627 736 730
f 627 730 617
f 627 628 739
f 737 627 739
f 739 628 740
f 740 628 741
f 741 628 742
f 743 742 628
f 743 628 744
f 629 745 628
f 628 745 744
f 731 629 624
f 731 746 629
f 746 745 629
f 732 746 731
f 747 746 732
f 733 747 732
f 748 747 733
f 734 748 733
f 739 738 737
f 749 738 739
f 740 749 739
f 750 749 740
f 741 750 740
f 751 750 741
f 742 751 741
f 752 751 742
f 743 752 742
f 753 754 755
f 753 756 757
f 755 756 753
f 757 630 530
f 757 756 630
f 756 758 630
f 631 630 759
f 630 758 759
f 633 631 760
f 631 759 760
f 634 633 761
f 633 760 761
f 635 634 762
f 634 761 762
f 637 635 763
f 635 762 763
f 639 637 764
f 637 763 764
f 640 765 766
f 640 639 765
f 639 764 765
f 765 767 766
f 768 776 769
f 768 770 771
f 769 770 768
f 771 643 642
f 771 770 643
f 770 772 643
f 754 753 644
f 754 644 772
f 772 644 643
f 645 644 753
f 757 645 753
f 530 645 757
f 640 766 646
f 766 767 773
f 766 773 646
f 646 773 647
f 649 647 774
f 647 773 774
f 774 651 649
f 775 651 774
f 768 652 776
f 653 652 768
f 771 653 768
f 642 653 771
f 651 775 777
f 654 651 777
f 655 654 778
f 654 777 778
f 778 657 655
f 779 657 778
f 660 780 776
f 659 780 660
f 776 661 660
f 781 782 663
f 781 663 779
f 779 663 657
f 781 783 782
f 784 785 780
f 784 780 665
f 665 780 659
f 663 782 666
f 782 783 786
f 782 786 666
f 666 786 667
f 786 669 667
f 787 669 786
f 788 785 784
f 789 785 788
f 665 670 788
f 784 665 788
f 669 787 672
f 787 790 672
f 791 792 793
f 789 791 793
f 788 791 789
f 788 673 791
f 788 674 673
f 670 674 788
f 794 795 675
f 794 675 790
f 790 675 672
f 794 796 795
f 797 792 791
f 798 792 797
f 673 676 797
f 791 673 797
f 675 795 677
f 795 679 677
f 795 796 679
f 796 799 679
f 800 798 797
f 801 798 800
f 676 681 800
f 797 676 800
f 679 799 683
f 799 802 683
f 800 803 801
f 804 805 803
f 684 804 803
f 684 803 800
f 684 800 681
f 684 685 804
f 806 807 686
f 806 686 802
f 802 686 683
f 806 808 807
f 804 809 805
f 809 804 685
f 809 685 810
f 810 685 688
f 807 811 689
f 686 807 689
f 812 807 808
f 811 807 812
f 813 688 690
f 813 814 688
f 814 810 688
f 690 691 813
f 811 815 692
f 689 811 692
f 816 811 812
f 815 811 816
f 813 817 814
f 817 813 691
f 817 691 818
f 818 691 694
f 815 819 820
f 815 820 692
f 692 820 695
f 816 819 815
f 694 697 818
f 818 697 821
f 695 820 699
f 820 822 699
f 702 823 703
f 702 824 823
f 702 699 824
f 699 822 824
f 825 821 697
f 697 705 825
f 823 826 706
f 703 823 706
f 827 823 824
f 826 823 827
f 828 821 825
f 829 821 828
f 705 708 828
f 825 705 828
f 709 830 710
f 709 831 830
f 706 831 709
f 706 832 831
f 706 826 832
f 827 832 826
f 833 829 828
f 834 829 833
f 708 712 833
f 828 708 833
f 830 835 836
f 830 836 710
f 710 836 714
f 831 835 830
f 833 837 834
f 837 833 712
f 837 712 838
f 838 712 716
f 836 721 714
f 716 839 838
f 722 839 716
f 840 839 723
f 723 839 722
f 723 729 840
f 727 841 842
f 726 727 842
f 728 843 727
f 727 843 841
f 721 728 720
f 843 728 721
f 840 844 839
f 845 846 844
f 729 845 844
f 729 844 840
f 735 847 848
f 734 735 848
f 842 735 726
f 847 735 842
f 849 846 845
f 850 846 849
f 729 736 851
f 729 851 845
f 845 851 849
f 736 738 851
f 744 852 743
f 744 745 853
f 852 744 853
f 745 746 854
f 853 745 854
f 746 747 855
f 854 746 855
f 856 855 747
f 856 747 857
f 857 747 748
f 848 748 734
f 857 748 848
f 849 858 850
f 858 859 867
f 858 849 859
f 849 851 859
f 738 860 851
f 851 860 859
f 738 749 860
f 749 750 860
f 750 751 860
f 751 752 861
f 860 751 861
f 752 743 852
f 752 852 861
f 861 852 862
f 853 863 852
f 863 862 852
f 864 854 865
f 864 863 854
f 863 853 854
f 855 865 854
f 866 865 855
f 856 866 855
f 860 867 859
f 861 867 860
f 868 867 861
f 862 868 861
f 869 868 862
f 863 869 862
f 870 869 863
f 864 870 863
f 871 872 873
f 871 873 874
f 874 875 876
f 873 875 874
f 875 877 876
f 878 879 880
f 878 755 754
f 878 880 755
f 756 755 881
f 755 880 881
f 758 756 882
f 756 881 882
f 872 871 759
f 872 759 882
f 882 759 758
f 760 759 871
f 874 760 871
f 761 760 874
f 876 761 874
f 876 877 883
f 876 883 761
f 761 883 762
f 763 762 884
f 762 883 884
f 764 763 885
f 763 884 885
f 765 764 886
f 764 885 886
f 886 767 765
f 887 767 886
f 769 776 888
f 770 769 889
f 769 888 889
f 879 878 772
f 879 772 889
f 889 772 770
f 754 772 878
f 767 887 890
f 773 767 890
f 774 773 891
f 773 890 891
f 775 774 891
f 775 891 777
f 891 892 777
f 777 892 778
f 892 779 778
f 891 779 892
f 776 894 893
f 780 894 776
f 781 779 891
f 891 783 781
f 894 780 785
f 786 783 891
f 891 787 786
f 895 787 891
f 789 894 785
f 896 897 790
f 896 790 895
f 895 790 787
f 896 898 897
f 899 900 901
f 987 899 901
f 894 899 987
f 894 792 899
f 894 793 792
f 789 793 894
f 790 897 794
f 897 796 794
f 897 898 796
f 898 902 796
f 903 900 899
f 904 900 903
f 792 798 903
f 899 792 903
f 905 906 799
f 905 799 902
f 902 799 796
f 905 907 906
f 908 904 903
f 909 904 908
f 798 801 908
f 903 798 908
f 906 910 802
f 799 906 802
f 911 906 907
f 910 906 911
f 912 909 908
f 913 909 912
f 801 803 914
f 801 914 908
f 908 914 912
f 803 805 914
f 802 910 806
f 910 808 806
f 910 911 808
f 911 928 808
f 915 913 912
f 916 913 915
f 914 917 912
f 917 915 912
f 805 809 918
f 805 918 914
f 914 918 917
f 809 810 918
f 808 928 812
f 915 919 916
f 917 919 915
f 920 919 917
f 920 921 922
f 920 917 921
f 917 918 921
f 810 814 921
f 918 810 921
f 812 928 816
f 921 923 922
f 817 924 923
f 817 923 921
f 817 921 814
f 817 818 924
f 819 925 820
f 819 926 925
f 819 816 926
f 816 928 926
f 818 821 927
f 924 818 927
f 925 928 822
f 820 925 822
f 928 925 926
f 928 929 822
f 822 929 824
f 930 924 927
f 927 821 930
f 824 929 827
f 929 931 827
f 933 924 930
f 932 924 933
f 821 829 933
f 930 821 933
f 831 832 721
f 931 832 827
f 721 832 931
f 829 834 933
f 836 835 721
f 721 835 831
f 934 932 933
f 834 837 933
f 837 838 933
f 932 936 937
f 932 934 936
f 934 933 936
f 838 839 933
f 841 938 842
f 939 938 841
f 939 841 940
f 940 841 843
f 935 843 721
f 940 843 935
f 941 937 936
f 942 937 941
f 839 844 943
f 839 943 933
f 933 943 936
f 844 846 943
f 847 944 848
f 847 945 944
f 842 945 847
f 842 946 945
f 842 938 946
f 939 946 938
f 941 947 942
f 947 948 949
f 947 941 948
f 941 936 948
f 846 850 936
f 943 846 936
f 857 950 951
f 856 857 951
f 944 857 848
f 944 952 857
f 952 950 857
f 945 952 944
f 948 953 949
f 953 954 955
f 953 948 954
f 948 936 954
f 850 858 956
f 850 956 936
f 936 956 954
f 858 867 956
f 865 957 958
f 864 865 958
f 866 959 865
f 865 959 957
f 951 866 856
f 959 866 951
f 954 960 955
f 956 960 954
f 961 960 956
f 962 967 961
f 867 962 961
f 867 961 956
f 867 868 963
f 962 867 963
f 964 963 868
f 964 868 965
f 965 868 869
f 870 966 869
f 869 966 965
f 958 870 864
f 966 870 958
f 968 967 962
f 969 968 962
f 970 969 962
f 963 970 962
f 971 970 963
f 964 971 963
f 873 972 973
f 872 972 873
f 875 873 974
f 974 877 875
f 975 877 974
f 880 889 976
f 879 889 880
f 880 976 977
f 881 880 978
f 880 977 978
f 882 881 979
f 881 978 979
f 972 872 882
f 979 972 882
f 877 975 980
f 883 877 980
f 884 883 981
f 883 980 981
f 885 884 982
f 884 981 982
f 886 885 983
f 885 982 983
f 983 887 886
f 984 887 983
f 888 776 985
f 888 985 889
f 887 984 986
f 890 887 986
f 890 986 891
f 987 893 894
f 987 776 893
f 988 989 987
f 896 895 891
f 891 898 896
f 990 898 891
f 901 989 988
f 901 900 989
f 900 991 989
f 987 901 988
f 992 993 902
f 992 902 990
f 990 902 898
f 992 994 993
f 995 991 904
f 904 991 900
f 902 993 905
f 993 907 905
f 993 994 907
f 994 1298 907
f 904 909 996
f 995 904 996
f 907 1298 911
f 1298 1422 911
f 997 995 996
f 998 995 997
f 909 913 997
f 996 909 997
f 911 1422 928
f 997 999 998
f 999 997 913
f 999 913 1000
f 1000 913 916
f 1001 916 919
f 1001 1002 916
f 1002 1000 916
f 919 920 1003
f 1001 919 1003
f 920 922 1003
f 1002 1004 1005
f 1002 1001 1004
f 1001 1003 1004
f 922 923 1006
f 922 1006 1003
f 1003 1006 1004
f 923 924 1006
f 1004 1007 1005
f 1007 1008 1009
f 1007 1004 1008
f 1004 1006 1008
f 1006 924 1008
f 1010 1009 1008
f 1011 1009 1010
f 1008 924 1010
f 1012 1011 1010
f 1013 1011 1012
f 1010 924 1012
f 928 1014 1015
f 928 1015 929
f 929 1015 931
f 1016 1013 1012
f 1110 1013 1016
f 924 932 1016
f 1012 924 1016
f 721 1017 1018
f 1015 721 931
f 1017 721 1015
f 1022 1110 1016
f 1019 1110 1022
f 1016 932 1022
f 721 1020 1021
f 1020 721 1018
f 1023 1019 1022
f 721 1024 1025
f 935 721 1025
f 1024 721 1021
f 1026 1023 1022
f 932 1027 1022
f 932 937 1027
f 940 1028 939
f 940 1029 1028
f 940 935 1029
f 935 1025 1029
f 1030 1026 1022
f 1027 1031 1022
f 937 942 1031
f 1027 937 1031
f 946 1032 1033
f 945 946 1033
f 1028 946 939
f 1028 1034 946
f 1034 1032 946
f 1029 1034 1028
f 1035 1030 1022
f 1031 1036 1022
f 942 947 1037
f 942 1037 1031
f 1031 1037 1036
f 947 949 1037
f 950 1038 951
f 1039 1038 950
f 1039 950 1040
f 1040 950 952
f 1033 952 945
f 1040 952 1033
f 1022 1041 1035
f 1036 1041 1022
f 1042 1041 1036
f 1037 1042 1036
f 1043 1042 1037
f 1044 1049 1043
f 953 1044 1043
f 953 1043 1037
f 953 1037 949
f 953 955 1044
f 957 1045 958
f 1046 1045 957
f 1046 957 1047
f 1047 957 959
f 1038 959 951
f 1038 1048 959
f 1048 1047 959
f 1039 1048 1038
f 960 1050 1049
f 960 1049 1044
f 960 1044 955
f 960 961 1051
f 1050 960 1051
f 961 967 1051
f 965 1052 964
f 965 966 1053
f 1052 965 1053
f 966 1054 1053
f 958 1054 966
f 958 1055 1054
f 958 1045 1055
f 1046 1055 1045
f 1049 1050 1056
f 1050 1051 1056
f 967 1057 1051
f 1051 1057 1056
f 967 968 1057
f 968 969 1057
f 969 970 1058
f 1057 969 1058
f 1059 1058 970
f 1059 970 1060
f 1060 970 971
f 1052 971 964
f 1052 1061 971
f 1061 1060 971
f 1053 1061 1052
f 1062 1061 1053
f 1054 1062 1053
f 1056 1063 1049
f 1057 1063 1056
f 1064 1063 1057
f 1065 1064 1057
f 1058 1065 1057
f 1066 1065 1058
f 1059 1066 1058
f 973 1067 1068
f 972 1067 973
f 873 973 1069
f 973 1068 1069
f 974 873 1070
f 873 1069 1070
f 1070 975 974
f 1071 975 1070
f 976 889 1072
f 977 976 1073
f 976 1072 1073
f 978 977 1074
f 977 1073 1074
f 979 978 1075
f 978 1074 1075
f 1067 972 979
f 1075 1067 979
f 975 1071 1076
f 980 975 1076
f 981 980 1077
f 980 1076 1077
f 982 981 1078
f 981 1077 1078
f 983 982 1079
f 982 1078 1079
f 1079 984 983
f 1080 984 1079
f 985 776 1081
f 985 1081 889
f 984 1080 1082
f 986 984 1082
f 986 1082 891
f 987 1083 1084
f 987 1085 1086
f 989 1085 987
f 1086 1083 987
f 1087 1088 1085
f 1087 1085 991
f 991 1085 989
f 992 990 891
f 891 994 992
f 1298 994 891
f 995 1088 1087
f 995 1089 1088
f 991 995 1087
f 995 998 1089
f 1090 998 999
f 1090 1091 998
f 1091 1089 998
f 999 1000 1090
f 1092 1091 1090
f 1000 1002 1092
f 1090 1000 1092
f 1093 1091 1092
f 1002 1094 1092
f 1092 1094 1093
f 1002 1005 1094
f 1093 1095 1091
f 1095 1096 1097
f 1095 1093 1096
f 1093 1094 1096
f 1005 1007 1098
f 1005 1098 1094
f 1094 1098 1096
f 1007 1009 1098
f 1099 1097 1096
f 1100 1097 1099
f 1098 1099 1096
f 1009 1011 1098
f 1099 1102 1100
f 1102 1103 1104
f 1102 1099 1103
f 1099 1098 1103
f 1011 1013 1103
f 1098 1011 1103
f 1014 1105 1015
f 1014 1106 1105
f 1014 928 1106
f 928 1101 1106
f 1110 1104 1103
f 1107 1104 1110
f 1103 1013 1110
f 1017 1108 1018
f 1017 1109 1108
f 1015 1109 1017
f 1015 1105 1109
f 1106 1109 1105
f 1111 1107 1110
f 1112 1113 1114
f 1112 1021 1020
f 1112 1020 1113
f 1113 1020 1109
f 1108 1020 1018
f 1108 1109 1020
f 1115 1111 1110
f 1019 1023 1110
f 1024 1112 1114
f 1024 1114 1025
f 1021 1112 1024
f 1116 1115 1110
f 1023 1026 1110
f 1025 1114 1029
f 1114 1226 1029
f 1230 1116 1110
f 1026 1030 1110
f 1032 1117 1033
f 1118 1117 1032
f 1118 1032 1119
f 1119 1032 1034
f 1226 1034 1029
f 1119 1034 1226
f 1120 1230 1110
f 1030 1035 1120
f 1110 1030 1120
f 1040 1121 1039
f 1040 1122 1121
f 1033 1122 1040
f 1033 1123 1122
f 1033 1117 1123
f 1118 1123 1117
f 1124 1230 1120
f 1035 1041 1125
f 1035 1125 1120
f 1120 1125 1124
f 1041 1042 1126
f 1125 1041 1126
f 1042 1043 1126
f 1043 1049 1126
f 1047 1127 1046
f 1128 1127 1047
f 1128 1047 1129
f 1129 1047 1048
f 1121 1048 1039
f 1121 1130 1048
f 1130 1129 1048
f 1122 1130 1121
f 1124 1131 1230
f 1131 1124 1132
f 1124 1125 1132
f 1126 1133 1125
f 1133 1132 1125
f 1134 1133 1126
f 1055 1135 1136
f 1054 1055 1136
f 1127 1055 1046
f 1127 1137 1055
f 1137 1135 1055
f 1128 1137 1127
f 1132 1138 1131
f 1133 1138 1132
f 1139 1138 1133
f 1134 1139 1133
f 1140 1139 1134
f 1140 1141 1142
f 1140 1134 1141
f 1134 1126 1141
f 1060 1143 1059
f 1144 1143 1060
f 1144 1060 1145
f 1145 1060 1061
f 1062 1146 1061
f 1061 1146 1145
f 1136 1062 1054
f 1146 1062 1136
f 1141 1147 1142
f 1147 1148 1149
f 1147 1141 1148
f 1141 1126 1148
f 1049 1063 1150
f 1049 1150 1126
f 1126 1150 1148
f 1063 1064 1151
f 1150 1063 1151
f 1151 1064 1152
f 1152 1064 1153
f 1064 1065 1154
f 1153 1064 1154
f 1065 1066 1155
f 1154 1065 1155
f 1066 1156 1155
f 1059 1156 1066
f 1059 1157 1156
f 1059 1143 1157
f 1144 1157 1143
f 1148 1158 1149
f 1150 1158 1148
f 1159 1158 1150
f 1151 1159 1150
f 1160 1159 1151
f 1152 1160 1151
f 1153 1160 1152
f 1154 1160 1153
f 1155 1160 1154
f 1156 1160 1155
f 1068 1067 1161
f 1068 1162 1069
f 1161 1162 1068
f 1069 1163 1070
f 1162 1163 1069
f 1070 1163 1071
f 1072 889 1164
f 1073 1072 1165
f 1072 1164 1165
f 1074 1073 1166
f 1073 1165 1166
f 1075 1074 1167
f 1074 1166 1167
f 1161 1067 1075
f 1161 1075 1168
f 1168 1075 1167
f 1162 1161 1168
f 1169 1162 1168
f 1163 1162 1169
f 1170 1163 1169
f 1071 1163 1170
f 1071 1170 1076
f 1076 1170 1171
f 1077 1076 1172
f 1076 1171 1172
f 1078 1077 1173
f 1077 1172 1173
f 1079 1078 1174
f 1078 1173 1174
f 1174 1080 1079
f 1175 1080 1174
f 1081 776 1176
f 1081 1176 889
f 1080 1175 1177
f 1082 1080 1177
f 1082 1177 891
f 1179 891 1178
f 891 1179 1180
f 1181 1084 1083
f 1181 1182 1084
f 1182 1183 1084
f 1183 987 1084
f 1088 1184 1185
f 1182 1088 1185
f 1181 1088 1182
f 1181 1085 1088
f 1181 1086 1085
f 1083 1086 1181
f 1088 1416 1184
f 1190 1186 1187
f 1190 1187 1416
f 1190 1416 1089
f 1089 1416 1088
f 1188 1189 1186
f 1186 1190 1188
f 1191 1189 1188
f 1192 1189 1191
f 1190 1191 1188
f 1193 1192 1191
f 1194 1192 1193
f 1190 1195 1191
f 1195 1193 1191
f 1089 1091 1195
f 1190 1089 1195
f 1422 1196 928
f 1197 1194 1193
f 1198 1194 1197
f 1195 1199 1193
f 1199 1197 1193
f 1195 1091 1199
f 1196 1200 928
f 1201 1198 1197
f 1199 1202 1197
f 1202 1201 1197
f 1199 1091 1202
f 1200 1203 928
f 1204 1198 1201
f 1205 1198 1204
f 1202 1206 1201
f 1206 1204 1201
f 1091 1095 1207
f 1091 1207 1202
f 1202 1207 1206
f 1095 1097 1207
f 1203 1208 928
f 1204 1209 1205
f 1206 1209 1204
f 1210 1209 1206
f 1210 1211 1212
f 1210 1206 1211
f 1206 1207 1211
f 1097 1100 1211
f 1207 1097 1211
f 928 1208 1101
f 1208 1213 1101
f 1214 1212 1211
f 1215 1212 1214
f 1100 1102 1216
f 1100 1216 1211
f 1211 1216 1214
f 1102 1104 1216
f 1101 1213 1106
f 1213 1217 1106
f 1214 1218 1215
f 1218 1219 1220
f 1218 1214 1219
f 1214 1216 1219
f 1104 1107 1219
f 1216 1104 1219
f 1217 1109 1106
f 1221 1220 1219
f 1222 1220 1221
f 1107 1111 1221
f 1219 1107 1221
f 1113 1223 1114
f 1113 1109 1223
f 1224 1222 1221
f 1225 1222 1224
f 1111 1115 1224
f 1221 1111 1224
f 1225 1227 1322
f 1225 1224 1227
f 1224 1228 1227
f 1115 1116 1228
f 1224 1115 1228
f 1228 1230 1227
f 1228 1116 1230
f 1119 1226 1478
f 1118 1119 1478
f 1229 1322 1227
f 1122 1123 1478
f 1478 1123 1118
f 1227 1231 1229
f 1231 1230 1232
f 1231 1227 1230
f 1129 1233 1234
f 1128 1129 1234
f 1129 1130 1233
f 1478 1130 1122
f 1235 1232 1230
f 1236 1232 1235
f 1230 1131 1237
f 1230 1237 1235
f 1135 1238 1136
f 1239 1238 1135
f 1239 1135 1240
f 1240 1135 1137
f 1234 1137 1128
f 1240 1137 1234
f 1235 1241 1236
f 1237 1241 1235
f 1242 1241 1237
f 1243 1244 1242
f 1138 1243 1242
f 1138 1242 1237
f 1138 1237 1131
f 1138 1139 1245
f 1243 1138 1245
f 1139 1140 1246
f 1245 1139 1246
f 1140 1142 1246
f 1145 1247 1144
f 1248 1247 1145
f 1248 1145 1249
f 1249 1145 1146
f 1238 1146 1136
f 1238 1250 1146
f 1250 1249 1146
f 1239 1250 1238
f 1243 1251 1244
f 1251 1252 1253
f 1251 1243 1252
f 1243 1245 1252
f 1246 1254 1245
f 1254 1252 1245
f 1142 1147 1255
f 1142 1255 1246
f 1246 1255 1254
f 1147 1149 1255
f 1157 1256 1257
f 1156 1157 1257
f 1247 1157 1144
f 1247 1258 1157
f 1258 1256 1157
f 1248 1258 1247
f 1252 1259 1253
f 1254 1259 1252
f 1260 1259 1254
f 1260 1261 1262
f 1260 1254 1261
f 1254 1255 1261
f 1149 1158 1263
f 1149 1263 1255
f 1255 1263 1261
f 1158 1159 1264
f 1263 1158 1264
f 1265 1264 1159
f 1265 1159 1266
f 1266 1159 1160
f 1160 1267 1266
f 1160 1268 1267
f 1257 1160 1156
f 1268 1160 1257
f 1261 1269 1262
f 1263 1269 1261
f 1270 1269 1263
f 1264 1270 1263
f 1271 1270 1264
f 1265 1271 1264
f 1164 1272 1273
f 889 1272 1164
f 1165 1164 1274
f 1164 1273 1274
f 1166 1165 1275
f 1165 1274 1275
f 1167 1166 1276
f 1166 1275 1276
f 1168 1167 1277
f 1167 1276 1277
f 1169 1168 1278
f 1168 1277 1278
f 1170 1169 1279
f 1169 1278 1279
f 1171 1170 1280
f 1170 1279 1280
f 1172 1171 1281
f 1171 1280 1281
f 1173 1172 1282
f 1172 1281 1282
f 1283 1282 1284
f 1283 1174 1282
f 1174 1173 1282
f 1174 1283 1175
f 1176 1285 1286
f 776 1285 1176
f 889 1176 1287
f 1176 1286 1287
f 1287 1272 889
f 1283 1284 1288
f 1175 1283 1288
f 1175 1288 1177
f 1177 1288 1289
f 891 1177 1290
f 1177 1289 1290
f 1291 1290 1292
f 1291 1178 1290
f 1178 891 1290
f 1178 1291 1179
f 1404 1285 776
f 1291 1292 1293
f 1179 1291 1293
f 1179 1293 1180
f 1180 1293 1294
f 1294 891 1180
f 1183 1182 1295
f 1295 987 1183
f 1184 1416 1185
f 1416 1182 1185
f 891 1296 1298
f 1187 1297 1416
f 1187 1186 1297
f 1186 1299 1297
f 1186 1189 1299
f 1189 1192 1300
f 1301 1302 1303
f 1303 1302 1300
f 1303 1300 1194
f 1194 1300 1192
f 1422 1304 1196
f 1303 1306 1301
f 1306 1305 1301
f 1194 1198 1306
f 1303 1194 1306
f 1196 1304 1200
f 1304 1307 1200
f 1306 1308 1305
f 1308 1310 1305
f 1306 1198 1308
f 1200 1307 1203
f 1307 1309 1203
f 1308 1311 1310
f 1198 1205 1311
f 1308 1198 1311
f 1203 1309 1208
f 1309 1312 1208
f 1205 1209 1313
f 1205 1313 1311
f 1311 1313 1310
f 1209 1210 1314
f 1313 1209 1314
f 1210 1212 1314
f 1208 1312 1213
f 1312 1315 1213
f 1314 1317 1313
f 1317 1310 1313
f 1212 1215 1317
f 1314 1212 1317
f 1213 1315 1217
f 1315 1318 1217
f 1322 1316 1310
f 1317 1322 1310
f 1215 1218 1319
f 1215 1319 1317
f 1317 1319 1322
f 1218 1220 1319
f 1109 1320 1321
f 1318 1109 1217
f 1320 1109 1318
f 1471 1316 1322
f 1319 1323 1322
f 1220 1222 1323
f 1319 1220 1323
f 1324 1325 1326
f 1324 1114 1223
f 1324 1223 1325
f 1325 1223 1327
f 1109 1328 1223
f 1223 1328 1327
f 1109 1329 1328
f 1329 1109 1321
f 1334 1471 1322
f 1323 1330 1322
f 1222 1225 1330
f 1323 1222 1330
f 1331 1324 1326
f 1114 1331 1226
f 1324 1331 1114
f 1225 1322 1330
f 1332 1331 1326
f 1333 1332 1326
f 1331 1332 1226
f 1335 1334 1322
f 1226 1332 1333
f 1226 1333 1478
f 1322 1229 1335
f 1336 1471 1334
f 1229 1231 1337
f 1229 1337 1335
f 1335 1337 1334
f 1231 1232 1337
f 1233 1338 1339
f 1234 1233 1339
f 1130 1478 1233
f 1233 1478 1338
f 1334 1340 1336
f 1340 1341 1342
f 1340 1334 1341
f 1343 1341 1334
f 1337 1344 1334
f 1344 1343 1334
f 1232 1236 1344
f 1337 1232 1344
f 1240 1345 1346
f 1239 1240 1346
f 1339 1240 1234
f 1345 1240 1339
f 1341 1347 1342
f 1343 1347 1341
f 1348 1347 1343
f 1348 1343 1349
f 1343 1344 1349
f 1236 1241 1350
f 1236 1350 1344
f 1344 1350 1349
f 1241 1242 1351
f 1350 1241 1351
f 1242 1244 1351
f 1249 1352 1248
f 1353 1352 1249
f 1353 1249 1354
f 1354 1249 1250
f 1346 1250 1239
f 1354 1250 1346
f 1349 1355 1348
f 1350 1355 1349
f 1356 1355 1350
f 1356 1357 1358
f 1356 1350 1357
f 1350 1351 1357
f 1244 1251 1359
f 1244 1359 1351
f 1351 1359 1357
f 1251 1253 1359
f 1256 1360 1257
f 1361 1360 1256
f 1361 1256 1362
f 1362 1256 1258
f 1352 1258 1248
f 1352 1363 1258
f 1363 1362 1258
f 1353 1363 1352
f 1357 1364 1358
f 1359 1364 1357
f 1365 1364 1359
f 1253 1365 1359
f 1253 1259 1365
f 1259 1366 1365
f 1367 1368 1366
f 1367 1366 1260
f 1260 1366 1259
f 1260 1262 1367
f 1266 1369 1265
f 1369 1266 1370
f 1266 1267 1371
f 1370 1266 1371
f 1372 1371 1267
f 1372 1267 1373
f 1373 1267 1268
f 1360 1268 1257
f 1360 1374 1268
f 1374 1373 1268
f 1361 1374 1360
f 1367 1375 1368
f 1262 1375 1367
f 1262 1269 1375
f 1270 1375 1269
f 1271 1376 1270
f 1270 1376 1375
f 1369 1271 1265
f 1369 1377 1271
f 1377 1376 1271
f 1378 1377 1369
f 1370 1378 1369
f 1379 1378 1370
f 1371 1379 1370
f 1380 1379 1371
f 1372 1380 1371
f 1273 1272 1381
f 1273 1382 1274
f 1381 1382 1273
f 1274 1383 1275
f 1382 1383 1274
f 1275 1384 1276
f 1383 1384 1275
f 1276 1385 1277
f 1384 1385 1276
f 1386 1277 1385
f 1386 1387 1277
f 1387 1278 1277
f 1279 1278 1387
f 1280 1279 1388
f 1279 1387 1388
f 1281 1280 1389
f 1280 1388 1389
f 1282 1281 1390
f 1281 1389 1390
f 1390 1284 1282
f 1391 1284 1390
f 1286 1285 1392
f 1393 1286 1392
f 1393 1394 1286
f 1394 1287 1286
f 1381 1272 1287
f 1381 1287 1395
f 1395 1287 1394
f 1382 1381 1395
f 1396 1382 1395
f 1383 1382 1396
f 1397 1383 1396
f 1384 1383 1397
f 1398 1384 1397
f 1385 1384 1398
f 1399 1385 1398
f 1386 1385 1399
f 1284 1391 1400
f 1288 1284 1400
f 1289 1288 1401
f 1288 1400 1401
f 1290 1289 1402
f 1289 1401 1402
f 1402 1292 1290
f 1403 1292 1402
f 1392 1285 1404
f 1392 1404 1405
f 1393 1392 1405
f 1292 1403 1406
f 1293 1292 1406
f 1294 1293 1407
f 1293 1406 1407
f 1407 891 1294
f 1408 891 1407
f 891 1408 1409
f 1410 891 1409
f 1182 1411 1412
f 1416 1411 1182
f 1295 1182 1413
f 1182 1412 1413
f 1413 987 1295
f 891 1410 1414
f 1415 891 1414
f 891 1415 1417
f 1417 1296 891
f 1418 1296 1417
f 1297 1419 1416
f 1420 1298 1296
f 1420 1296 1421
f 1421 1296 1418
f 1297 1299 1419
f 1420 1421 1422
f 1422 1298 1420
f 1189 1423 1299
f 1424 1425 1426
f 1424 1427 1428
f 1426 1427 1424
f 1428 1427 1423
f 1428 1423 1300
f 1300 1423 1189
f 1429 1430 1431
f 1425 1429 1431
f 1424 1429 1425
f 1424 1301 1429
f 1302 1301 1424
f 1428 1302 1424
f 1300 1302 1428
f 1422 1432 1304
f 1433 1430 1429
f 1434 1430 1433
f 1301 1305 1433
f 1429 1301 1433
f 1304 1432 1307
f 1432 1435 1307
f 1436 1437 1438
f 1436 1439 1440
f 1438 1439 1436
f 1434 1440 1439
f 1433 1440 1434
f 1433 1310 1440
f 1305 1310 1433
f 1307 1435 1309
f 1435 1441 1309
f 1442 1437 1436
f 1443 1437 1442
f 1440 1444 1436
f 1444 1442 1436
f 1440 1310 1444
f 1309 1441 1312
f 1441 1445 1312
f 1443 1446 1586
f 1443 1442 1446
f 1444 1447 1442
f 1447 1446 1442
f 1444 1310 1447
f 1312 1445 1315
f 1445 1448 1315
f 1447 1449 1446
f 1310 1316 1449
f 1447 1310 1449
f 1450 1451 1452
f 1451 1450 1453
f 1450 1454 1455
f 1453 1450 1455
f 1454 1460 1456
f 1455 1454 1456
f 1456 1460 1457
f 1457 1460 1458
f 1458 1460 1459
f 1459 1460 1461
f 1461 1460 1462
f 1460 1448 1462
f 1460 1318 1448
f 1318 1315 1448
f 1316 1471 1446
f 1316 1446 1449
f 1463 1460 1454
f 1320 1463 1321
f 1320 1460 1463
f 1318 1460 1320
f 1464 1450 1452
f 1454 1450 1465
f 1325 1454 1326
f 1325 1463 1454
f 1327 1463 1325
f 1328 1463 1327
f 1329 1463 1328
f 1321 1463 1329
f 1467 1446 1466
f 1450 1464 1468
f 1465 1450 1468
f 1454 1465 1468
f 1468 1326 1454
f 1468 1469 1326
f 1466 1470 1467
f 1470 1471 1472
f 1470 1466 1471
f 1466 1446 1471
f 1326 1469 1333
f 1469 1478 1333
f 1473 1472 1471
f 1474 1472 1473
f 1473 1475 1474
f 1475 1476 1477
f 1475 1473 1476
f 1473 1471 1476
f 1476 1479 1477
f 1479 1480 1481
f 1479 1476 1480
f 1476 1471 1480
f 1482 1480 1471
f 1471 1336 1482
f 1338 1483 1339
f 1484 1483 1338
f 1484 1338 1478
f 1480 1485 1481
f 1482 1485 1480
f 1486 1485 1482
f 1336 1486 1482
f 1336 1340 1486
f 1340 1487 1486
f 1487 1340 1342
f 1488 1487 1342
f 1345 1493 1346
f 1339 1493 1345
f 1339 1483 1493
f 1484 1493 1483
f 1342 1489 1488
f 1347 1489 1342
f 1490 1491 1489
f 1490 1489 1348
f 1348 1489 1347
f 1354 1492 1733
f 1353 1354 1733
f 1493 1354 1346
f 1493 1492 1354
f 1494 1491 1490
f 1495 1491 1494
f 1348 1355 1496
f 1348 1496 1490
f 1490 1496 1494
f 1355 1356 1497
f 1496 1355 1497
f 1356 1358 1497
f 1362 1498 1361
f 1499 1498 1362
f 1499 1362 1500
f 1500 1362 1363
f 1733 1363 1353
f 1500 1363 1733
f 1494 1501 1495
f 1496 1501 1494
f 1502 1501 1496
f 1497 1502 1496
f 1503 1502 1497
f 1358 1503 1497
f 1358 1364 1503
f 1364 1504 1503
f 1505 1506 1504
f 1505 1504 1365
f 1365 1504 1364
f 1365 1366 1507
f 1505 1365 1507
f 1366 1368 1507
f 1373 1508 1509
f 1372 1373 1509
f 1374 1510 1373
f 1373 1510 1508
f 1498 1374 1361
f 1498 1511 1374
f 1511 1510 1374
f 1499 1511 1498
f 1505 1512 1506
f 1507 1512 1505
f 1513 1512 1507
f 1514 1515 1513
f 1375 1514 1513
f 1375 1513 1507
f 1375 1507 1368
f 1514 1375 1516
f 1516 1375 1519
f 1375 1376 1519
f 1376 1377 1519
f 1377 1378 1519
f 1519 1378 1517
f 1517 1378 1379
f 1380 1518 1379
f 1379 1518 1517
f 1509 1380 1372
f 1518 1380 1509
f 1514 1519 1515
f 1516 1519 1514
f 1387 1386 1520
f 1520 1521 1387
f 1387 1522 1388
f 1521 1522 1387
f 1388 1522 1389
f 1389 1523 1390
f 1522 1523 1389
f 1390 1523 1391
f 1396 1395 1524
f 1395 1394 1524
f 1397 1396 1525
f 1396 1524 1525
f 1398 1397 1526
f 1397 1525 1526
f 1399 1398 1527
f 1398 1526 1527
f 1520 1386 1399
f 1520 1399 1528
f 1528 1399 1527
f 1521 1520 1528
f 1529 1521 1528
f 1522 1521 1529
f 1530 1522 1529
f 1531 1522 1530
f 1523 1522 1531
f 1532 1523 1531
f 1533 1532 1534
f 1400 1532 1533
f 1400 1523 1532
f 1400 1391 1523
f 1400 1533 1401
f 1401 1535 1402
f 1533 1535 1401
f 1402 1535 1403
f 1405 1404 1536
f 1394 1393 1405
f 1536 1394 1405
f 1533 1534 1537
f 1538 1533 1537
f 1535 1533 1538
f 1539 1535 1538
f 1540 1539 1541
f 1406 1539 1540
f 1406 1535 1539
f 1406 1403 1535
f 1406 1542 1407
f 1540 1542 1406
f 1407 1542 1408
f 1540 1541 1543
f 1542 1540 1543
f 1544 1542 1543
f 1408 1542 1544
f 1408 1544 1409
f 1409 1544 1545
f 1545 1410 1409
f 1546 1410 1545
f 1412 1411 1547
f 1548 1412 1547
f 1548 1549 1412
f 1549 1413 1412
f 1549 987 1413
f 1550 1414 1410
f 1550 1410 1551
f 1551 1410 1546
f 1414 1550 1415
f 1547 1411 1552
f 1548 1547 1552
f 1550 1551 1553
f 1554 1553 1555
f 1417 1553 1554
f 1417 1550 1553
f 1417 1415 1550
f 1417 1554 1418
f 1419 1556 1416
f 1554 1555 1557
f 1557 1418 1554
f 1557 1558 1418
f 1558 1421 1418
f 1559 1560 1561
f 1559 1561 1556
f 1559 1556 1299
f 1299 1556 1419
f 1421 1558 1422
f 1562 1563 1564
f 1560 1562 1564
f 1559 1562 1560
f 1559 1423 1562
f 1299 1423 1559
f 1565 1566 1567
f 1565 1426 1425
f 1565 1567 1426
f 1567 1568 1426
f 1563 1562 1427
f 1563 1427 1568
f 1568 1427 1426
f 1423 1427 1562
f 1570 1571 1572
f 1566 1570 1572
f 1565 1570 1566
f 1565 1430 1570
f 1565 1431 1430
f 1425 1431 1565
f 1422 1569 1432
f 1569 1573 1432
f 1574 1571 1570
f 1575 1571 1574
f 1430 1434 1574
f 1570 1430 1574
f 1432 1573 1435
f 1573 1576 1435
f 1438 1577 1578
f 1437 1577 1438
f 1575 1574 1439
f 1575 1439 1578
f 1578 1439 1438
f 1434 1439 1574
f 1435 1576 1441
f 1576 1579 1441
f 1580 1581 1582
f 1580 1583 1584
f 1582 1583 1580
f 1584 1583 1577
f 1584 1577 1443
f 1443 1577 1437
f 1441 1579 1445
f 1579 1585 1445
f 1586 1581 1580
f 1584 1586 1580
f 1443 1586 1584
f 1445 1585 1448
f 1585 1587 1448
f 1596 1581 1586
f 1451 1588 1452
f 1453 1986 1451
f 1451 1986 1588
f 1455 1986 1453
f 1456 1986 1455
f 1457 1986 1456
f 1458 1986 1457
f 1459 1986 1458
f 1461 1986 1459
f 1462 1589 1461
f 1461 1589 1986
f 1587 1462 1448
f 1589 1462 1587
f 1452 1590 1464
f 1591 1596 1586
f 1446 1467 1591
f 1586 1446 1591
f 1464 1590 1592
f 1468 1464 1592
f 1468 1592 1593
f 1468 1593 1594
f 1594 1469 1468
f 1595 1469 1594
f 1467 1470 1597
f 1467 1597 1591
f 1470 1472 1597
f 1469 1595 1478
f 1595 1599 1478
f 1597 1598 1591
f 1472 1474 1598
f 1597 1472 1598
f 1474 1475 1600
f 1474 1600 1598
f 1598 1600 1591
f 1475 1477 1600
f 1601 1596 1591
f 1602 1601 1591
f 1600 1603 1591
f 1603 1602 1591
f 1477 1479 1604
f 1477 1604 1600
f 1600 1604 1603
f 1479 1481 1604
f 1478 1605 1606
f 1484 1478 1606
f 1601 1607 1596
f 1602 1607 1601
f 1608 1607 1602
f 1603 1608 1602
f 1609 1608 1603
f 1604 1609 1603
f 1610 1609 1604
f 1481 1610 1604
f 1481 1485 1610
f 1485 2024 1610
f 1486 2024 1485
f 1486 1487 2024
f 1611 1487 1488
f 1606 1493 1484
f 1488 1612 1611
f 1489 1612 1488
f 1612 1489 1491
f 1613 1612 1491
f 1492 1614 1733
f 1492 1493 1614
f 1491 1495 1613
f 1613 1495 1615
f 1499 1500 1733
f 1495 1616 1615
f 1501 1616 1495
f 1502 1617 1501
f 1501 1617 1616
f 1618 1619 1617
f 1618 1617 1503
f 1503 1617 1502
f 1503 1504 1620
f 1618 1503 1620
f 1504 1506 1620
f 1508 1621 1509
f 1622 1621 1508
f 1622 1508 1623
f 1623 1508 1510
f 1511 1624 1510
f 1510 1624 1623
f 1733 1511 1499
f 1624 1511 1733
f 1618 1625 1619
f 1625 1626 1627
f 1625 1618 1626
f 1618 1620 1626
f 1506 1512 1628
f 1506 1628 1620
f 1620 1628 1626
f 1512 1513 1629
f 1628 1512 1629
f 1513 1515 1629
f 1630 1519 1517
f 1630 1517 1631
f 1631 1517 1518
f 1621 1518 1509
f 1621 1632 1518
f 1632 1631 1518
f 1622 1632 1621
f 1626 1633 1627
f 1628 1633 1626
f 1629 1633 1628
f 1515 1633 1629
f 1515 1519 1633
f 1519 1634 1633
f 1519 1635 1634
f 1394 1636 1637
f 1394 1637 1638
f 1524 1394 1639
f 1394 1638 1639
f 1525 1524 1640
f 1524 1639 1640
f 1526 1525 1641
f 1525 1640 1641
f 1527 1526 1642
f 1526 1641 1642
f 1528 1527 1643
f 1527 1642 1643
f 1529 1528 1644
f 1528 1643 1644
f 1530 1529 1645
f 1529 1644 1645
f 1646 1645 1763
f 1646 1531 1645
f 1531 1530 1645
f 1531 1647 1532
f 1646 1647 1531
f 1532 1647 1534
f 1536 1404 1648
f 1636 1394 1536
f 1648 1636 1536
f 1646 1763 1649
f 1647 1646 1649
f 1650 1647 1649
f 1534 1647 1650
f 1534 1650 1537
f 1537 1650 1651
f 1538 1537 1652
f 1537 1651 1652
f 1539 1538 1653
f 1538 1652 1653
f 1653 1541 1539
f 1654 1541 1653
f 987 1655 1656
f 776 987 1657
f 987 1656 1657
f 1657 1404 776
f 1541 1654 1658
f 1543 1541 1658
f 1544 1543 1659
f 1543 1658 1659
f 1660 1659 1661
f 1660 1545 1659
f 1545 1544 1659
f 1545 1660 1546
f 1549 1662 1663
f 1548 1662 1549
f 1655 987 1549
f 1663 1655 1549
f 1660 1661 1664
f 1664 1546 1660
f 1664 1665 1546
f 1665 1551 1546
f 1552 1411 1666
f 1662 1548 1552
f 1666 1662 1552
f 1551 1665 1667
f 1553 1551 1667
f 1667 1555 1553
f 1668 1555 1667
f 1555 1668 1669
f 1557 1555 1669
f 1669 1558 1557
f 1670 1558 1669
f 1560 1416 1561
f 1416 1556 1561
f 1558 1670 1671
f 1422 1558 1671
f 1672 1422 1671
f 1563 1416 1564
f 1416 1560 1564
f 1672 1673 1422
f 1567 1674 1675
f 1566 1674 1567
f 1568 1567 1810
f 1567 1675 1810
f 1416 1563 1568
f 1810 1416 1568
f 1422 1673 1569
f 1673 1676 1569
f 1677 1678 1679
f 1677 1572 1571
f 1677 1679 1572
f 1679 1680 1572
f 1674 1566 1572
f 1680 1674 1572
f 1569 1676 1573
f 1676 1681 1573
f 1682 1678 1677
f 1683 1678 1682
f 1571 1575 1682
f 1677 1571 1682
f 1573 1681 1576
f 1681 1684 1576
f 1685 1686 1687
f 1685 1688 1689
f 1687 1688 1685
f 1683 1689 1688
f 1682 1689 1683
f 1682 1577 1689
f 1682 1578 1577
f 1575 1578 1682
f 1576 1684 1579
f 1684 1690 1579
f 1691 1692 1693
f 1686 1691 1693
f 1685 1691 1686
f 1685 1581 1691
f 1685 1582 1581
f 1583 1582 1685
f 1689 1583 1685
f 1577 1583 1689
f 1579 1690 1585
f 1690 1694 1585
f 1691 1581 1692
f 1585 1694 1587
f 1694 1695 1587
f 1697 1692 1696
f 1581 1596 1696
f 1692 1581 1696
f 1588 1698 1452
f 1588 1986 1698
f 1589 1699 1986
f 1695 1589 1587
f 1699 1589 1695
f 1696 1700 1697
f 1700 1696 1596
f 1700 1596 1702
f 1452 1701 1590
f 1590 1701 1592
f 1704 1703 1705
f 1704 1593 1703
f 1593 1592 1703
f 1593 1706 1594
f 1704 1706 1593
f 1594 1706 1595
f 1707 1704 1705
f 1595 1706 1599
f 1708 1704 1707
f 1706 1704 1709
f 1706 1709 1599
f 1702 1596 1710
f 1711 1704 1708
f 1712 1711 1708
f 1599 1711 1478
f 1599 1709 1711
f 1709 1704 1711
f 1710 1596 1713
f 1605 1711 1712
f 1605 1712 1606
f 1606 1712 1714
f 1478 1711 1605
f 1596 1715 1713
f 1607 1715 1596
f 1608 1716 1607
f 1607 1716 1715
f 1609 1717 1608
f 1608 1717 1716
f 1610 1718 1609
f 1609 1718 1717
f 2024 1718 1610
f 1611 1719 1720
f 1611 1720 1487
f 1487 1720 2024
f 1720 1719 1721
f 1493 1722 1723
f 1714 1493 1606
f 1722 1493 1714
f 1611 1612 1719
f 1719 1612 1613
f 1719 1613 1721
f 1721 1613 2027
f 1614 1724 1725
f 1733 1614 1725
f 1493 1726 1614
f 1614 1726 1724
f 1726 1493 1723
f 1613 1615 2027
f 2027 1615 1727
f 1615 1728 1727
f 1616 1728 1615
f 1617 1729 1616
f 1616 1729 1728
f 1729 1617 1619
f 1730 1729 1619
f 1623 1731 1622
f 1732 1731 1623
f 1732 1623 1733
f 1733 1623 1624
f 1619 1734 1730
f 1625 1734 1619
f 1734 1625 1627
f 1735 1734 1627
f 1631 1736 1630
f 1737 1736 1631
f 1737 1631 1738
f 1738 1631 1632
f 1731 1632 1622
f 1731 1739 1632
f 1739 1738 1632
f 1732 1739 1731
f 1627 1740 1735
f 1633 1740 1627
f 1633 1741 1740
f 1742 1743 1741
f 1742 1741 1633
f 1633 1634 1744
f 1742 1633 1744
f 1634 1635 1745
f 1744 1634 1745
f 1746 1745 1635
f 1746 1635 1747
f 1747 1635 1519
f 1519 1748 1747
f 1519 1749 1748
f 1519 1750 1749
f 1519 1751 1750
f 1736 1519 1630
f 1736 1752 1519
f 1752 1751 1519
f 1737 1752 1736
f 1742 1753 1743
f 1744 1753 1742
f 1754 1753 1744
f 1745 1754 1744
f 1755 1754 1745
f 1746 1755 1745
f 1637 1636 1756
f 1637 1763 1638
f 1756 1763 1637
f 1638 1757 1639
f 1763 1757 1638
f 1639 1758 1640
f 1757 1758 1639
f 1640 1763 1641
f 1758 1763 1640
f 1641 1763 1642
f 1642 1763 1643
f 1643 1759 1644
f 1763 1759 1643
f 1644 1763 1645
f 1759 1763 1644
f 1404 1760 1648
f 1648 1760 1761
f 1636 1648 1761
f 1636 1761 1762
f 1636 1762 1756
f 1763 1756 1762
f 1758 1757 1763
f 1650 1649 1764
f 1649 1763 1764
f 1765 1764 1766
f 1765 1651 1764
f 1651 1650 1764
f 1651 1767 1652
f 1765 1767 1651
f 1652 1768 1653
f 1767 1768 1652
f 1653 1768 1654
f 1656 1655 1769
f 1656 1770 1657
f 1769 1770 1656
f 1657 1770 1771
f 1404 1657 1771
f 1404 1771 1772
f 1760 1404 1772
f 1773 1760 1772
f 1761 1760 1773
f 1765 1766 1774
f 1767 1765 1774
f 1775 1767 1774
f 1775 1776 1777
f 1775 1777 1767
f 1767 1777 1768
f 1654 1778 1658
f 1654 1768 1778
f 1768 1777 1778
f 1658 1779 1659
f 1778 1779 1658
f 1659 1779 1661
f 1663 1662 1780
f 1663 1780 1781
f 1655 1663 1781
f 1655 1781 1782
f 1655 1782 1769
f 1770 1769 1782
f 1783 1770 1782
f 1771 1770 1783
f 1785 1777 1776
f 1784 1785 1776
f 1778 1777 1785
f 1779 1778 1785
f 1661 1785 1664
f 1661 1779 1785
f 1664 1785 1665
f 1411 1786 1787
f 1416 1786 1411
f 1666 1411 1788
f 1411 1787 1788
f 1780 1662 1666
f 1780 1666 1789
f 1789 1666 1788
f 1781 1780 1789
f 1785 1784 1790
f 1791 1785 1790
f 1792 1785 1791
f 1793 1785 1792
f 1794 1793 1795
f 1667 1793 1794
f 1667 1785 1793
f 1667 1665 1785
f 1667 1794 1668
f 1416 1796 1797
f 1797 1786 1416
f 1798 1794 1795
f 1799 1798 1795
f 1668 1800 1669
f 1668 1794 1800
f 1794 1798 1800
f 1669 1800 1670
f 1416 1801 1802
f 1802 1796 1416
f 1798 1799 1803
f 1800 1798 1803
f 1804 1800 1803
f 1805 1804 1806
f 1671 1804 1805
f 1671 1800 1804
f 1671 1670 1800
f 1671 1805 1672
f 1807 1801 1416
f 1672 1806 1673
f 1805 1806 1672
f 1808 1809 1810
f 1808 1675 1674
f 1808 1810 1675
f 1673 1811 1676
f 1806 1811 1673
f 1679 1812 1813
f 1678 1812 1679
f 1809 1808 1680
f 1809 1680 1813
f 1813 1680 1679
f 1674 1680 1808
f 1676 1811 1681
f 1814 1815 1816
f 1814 1817 1818
f 1816 1817 1814
f 1818 1817 1812
f 1818 1812 1683
f 1683 1812 1678
f 1681 1811 1684
f 1819 1692 1820
f 1815 1819 1820
f 1814 1819 1815
f 1814 1686 1819
f 1814 1687 1686
f 1688 1687 1814
f 1818 1688 1814
f 1683 1688 1818
f 1684 1806 1690
f 1811 1806 1684
f 1819 1693 1692
f 1686 1693 1819
f 1822 1821 1806
f 1690 1821 1694
f 1806 1821 1690
f 1824 1692 1823
f 1825 1821 1822
f 1826 1825 1822
f 1694 1825 1695
f 1821 1825 1694
f 1827 1828 1829
f 1827 1830 1831
f 1829 1830 1827
f 1824 1831 1830
f 1824 1823 1831
f 1823 1832 1831
f 1692 1697 1832
f 1823 1692 1832
f 1698 1833 1834
f 1452 1698 1834
f 1986 1835 1698
f 1698 1835 1833
f 1986 1836 1835
f 1826 1699 1825
f 1826 1837 1699
f 1837 1986 1699
f 1695 1825 1699
f 1838 1828 1827
f 1839 1828 1838
f 1831 1842 1827
f 1842 1838 1827
f 1832 1842 1831
f 1697 1700 1840
f 1697 1840 1832
f 1832 1840 1842
f 1700 1702 1840
f 1834 1841 1452
f 1839 1838 1842
f 1452 1841 1701
f 1841 1843 1701
f 1701 1843 1592
f 1703 1592 1844
f 1844 1705 1703
f 1845 1705 1844
f 1840 1846 1842
f 1846 1851 1842
f 1840 1702 1846
f 1847 2003 1848
f 1847 1845 2003
f 1847 1707 1845
f 1707 1705 1845
f 1846 1849 1851
f 1846 1702 1849
f 1850 1847 1848
f 2003 1850 1848
f 1707 1850 1708
f 1847 1850 1707
f 1849 1852 1851
f 1702 1710 1852
f 1849 1702 1852
f 1853 1850 2003
f 1708 1850 1712
f 1855 1854 1851
f 1856 1855 1851
f 1857 1856 1851
f 1852 1857 1851
f 1858 1857 1852
f 1858 1852 1710
f 1858 1710 1859
f 1859 1710 1713
f 1860 1850 1853
f 1861 1860 1853
f 1712 1860 1714
f 1850 1860 1712
f 1713 1862 1859
f 1715 1862 1713
f 1864 1863 1862
f 1864 1862 1716
f 1716 1862 1715
f 1716 1717 1864
f 1717 1718 1864
f 1865 1864 1718
f 1865 1718 1866
f 1718 2024 1866
f 1720 1867 2024
f 1867 1720 1721
f 2027 1867 1721
f 1868 1869 1870
f 1868 1871 1872
f 1869 1868 1872
f 1861 1872 1871
f 1860 1861 1871
f 1860 1871 1723
f 1860 1723 1722
f 1714 1860 1722
f 1873 1864 1865
f 1724 1868 1870
f 1724 1870 1725
f 1725 1870 1874
f 1726 1868 1724
f 1871 1868 1726
f 1723 1871 1726
f 1875 1863 1864
f 1876 1864 1873
f 2027 1727 1877
f 1874 1733 1725
f 1878 1875 1864
f 1879 1875 1878
f 1880 1878 1864
f 1881 1880 1864
f 1882 1864 1876
f 1881 1864 1882
f 1727 1883 1877
f 1728 1883 1727
f 1729 1884 1728
f 1728 1884 1883
f 1884 1729 1730
f 1885 1884 1730
f 1878 1886 1879
f 1880 1886 1878
f 1887 1886 1880
f 1881 1887 1880
f 1888 1887 1881
f 1882 1888 1881
f 1730 1889 1885
f 1734 1889 1730
f 1889 1734 1735
f 1890 1889 1735
f 1738 1891 1892
f 1737 1738 1892
f 1739 1893 1738
f 1738 1893 1891
f 1733 1739 1732
f 1893 1739 1733
f 1735 1894 1890
f 1740 1894 1735
f 1895 1896 1894
f 1895 1894 1741
f 1741 1894 1740
f 1741 1743 1895
f 1747 1902 1746
f 1747 1748 1897
f 1902 1747 1897
f 1748 1749 1897
f 1749 1750 1897
f 1750 1751 1898
f 1897 1750 1898
f 1899 1898 1751
f 1899 1751 1900
f 1900 1751 1752
f 1892 1752 1737
f 1900 1752 1892
f 1895 1901 1896
f 1743 1901 1895
f 1743 1753 1901
f 1753 1902 1901
f 1754 1902 1753
f 1755 1902 1754
f 1902 1755 1746
f 1898 1902 1897
f 1903 1902 1898
f 1899 1903 1898
f 1762 1761 1904
f 1762 1904 1763
f 1904 1905 1763
f 1763 1906 1764
f 1905 1906 1763
f 1764 1906 1766
f 1772 1771 1907
f 1772 1908 1773
f 1907 1908 1772
f 1773 1908 2084
f 1761 1773 2084
f 1761 2084 1909
f 1761 1909 1904
f 1910 1904 1909
f 1911 1904 1910
f 1912 1904 1911
f 1913 1904 1912
f 1914 1904 1913
f 1915 1904 1914
f 2084 1904 1915
f 1916 1904 2084
f 1905 1904 1916
f 1917 1905 1916
f 1917 1918 1905
f 1905 1918 1906
f 1766 1919 1774
f 1766 1906 1919
f 1906 1918 1919
f 1774 1920 1775
f 1919 1920 1774
f 1775 1920 1776
f 1782 1781 1921
f 1782 1922 1783
f 1921 1922 1782
f 1783 1922 1923
f 1771 1783 1923
f 1771 1923 1924
f 1771 1924 1907
f 1908 1907 1924
f 1925 1908 1924
f 2084 1908 1925
f 1918 1917 1926
f 1919 1918 1926
f 1920 1919 1926
f 1927 1920 1926
f 1927 1776 1920
f 1927 1928 1776
f 1928 1784 1776
f 1787 1786 1929
f 1787 1930 1788
f 1929 1930 1787
f 1931 1788 1930
f 1931 1932 1788
f 1932 1789 1788
f 1921 1781 1789
f 1921 1789 1933
f 1933 1789 1932
f 1922 1921 1933
f 1934 1922 1933
f 1923 1922 1934
f 1784 1928 1935
f 1790 1784 1935
f 1791 1790 1936
f 1790 1935 1936
f 1792 1791 1937
f 1791 1936 1937
f 1938 1937 1939
f 1938 1793 1937
f 1793 1792 1937
f 1793 1938 1795
f 1797 1796 1940
f 1797 1940 1941
f 1786 1797 1941
f 1786 1941 1942
f 1786 1942 1929
f 1930 1929 1942
f 1943 1930 1942
f 1931 1930 1943
f 1944 1938 1939
f 1945 1944 1939
f 1795 1944 1799
f 1938 1944 1795
f 1802 1801 1946
f 1802 1946 1947
f 1796 1802 1947
f 1796 1947 1948
f 1796 1948 1940
f 1941 1940 1948
f 1944 1945 1949
f 1950 1949 1954
f 1803 1949 1950
f 1803 1944 1949
f 1803 1799 1944
f 1803 1951 1804
f 1950 1951 1803
f 1804 1951 1806
f 1807 1416 1952
f 1946 1801 1807
f 1946 1807 1953
f 1953 1807 1952
f 1947 1946 1953
f 1954 1955 1950
f 1950 1955 1951
f 1951 1955 1806
f 1810 1956 1957
f 1809 1956 1810
f 1955 1954 1806
f 1813 1958 1959
f 1812 1958 1813
f 1956 1809 1813
f 1959 1956 1813
f 1816 1960 1961
f 1815 1960 1816
f 1817 1816 1962
f 1816 1961 1962
f 1958 1812 1817
f 1962 1958 1817
f 1964 1963 1954
f 1954 1963 1806
f 1965 1966 1967
f 1965 1820 1692
f 1965 1967 1820
f 1967 1968 1820
f 1960 1815 1820
f 1968 1960 1820
f 1963 1964 1806
f 1965 1970 1971
f 1966 1965 1971
f 1806 1969 1822
f 1969 1972 1822
f 1973 1974 1975
f 1973 1976 1977
f 1975 1976 1973
f 1970 1977 1976
f 1970 1965 1977
f 1965 1978 1977
f 1692 1824 1978
f 1965 1692 1978
f 1822 1972 1826
f 1972 1979 1826
f 1980 1974 1973
f 1981 1974 1980
f 1829 1828 1980
f 1829 1980 1977
f 1977 1980 1973
f 1830 1829 1977
f 1978 1830 1977
f 1824 1830 1978
f 1833 1982 1834
f 1833 1835 1982
f 1835 1836 1983
f 1982 1835 1983
f 1984 1983 1836
f 1984 1836 1985
f 1985 1836 1986
f 1837 1987 1986
f 1979 1837 1826
f 1987 1837 1979
f 1988 1989 1990
f 1981 1988 1990
f 1981 1980 1988
f 1980 1991 1988
f 1828 1839 1991
f 1980 1828 1991
f 1982 1992 1841
f 1834 1982 1841
f 1993 1992 1982
f 1983 1994 1982
f 1994 1993 1982
f 1994 1983 1984
f 1995 1989 1988
f 1996 1989 1995
f 1842 1995 1991
f 1991 1995 1988
f 1839 1842 1991
f 1841 1992 1843
f 1994 1997 1993
f 1998 1994 1984
f 1997 1994 1998
f 1842 1996 1995
f 1999 1996 1842
f 1843 1992 1592
f 1844 1592 1992
f 1993 1844 1992
f 2000 1993 1997
f 2000 1845 1993
f 2000 2003 1845
f 1844 1993 1845
f 1998 2000 1997
f 2001 1999 1842
f 2002 1999 2001
f 2002 2005 2185
f 2002 2001 2005
f 2001 2004 2005
f 2001 1842 2004
f 2006 2185 2005
f 2004 2007 2005
f 1842 1851 2007
f 2004 1842 2007
f 2003 1861 1853
f 2008 2006 2005
f 1851 1854 2009
f 1851 2009 2007
f 2007 2009 2005
f 2010 2009 1854
f 2010 1854 2011
f 2011 1854 1855
f 1856 2012 1855
f 1855 2012 2011
f 1857 2013 1856
f 1856 2013 2012
f 1858 2014 1857
f 1857 2014 2013
f 2014 1858 1859
f 2015 2014 1859
f 2017 2008 2005
f 2018 2008 2017
f 2019 2017 2005
f 2009 2020 2005
f 2020 2019 2005
f 2021 2009 2010
f 2020 2009 2021
f 2022 1859 1862
f 2022 2023 1859
f 2023 2015 1859
f 1862 1863 2022
f 1866 2024 2025
f 1865 1866 2025
f 1867 2026 2024
f 2026 1867 2027
f 1872 2028 1869
f 2016 1872 1861
f 2028 1872 2016
f 2017 2029 2018
f 2019 2029 2017
f 2030 2029 2019
f 2020 2030 2019
f 2031 2030 2020
f 2021 2031 2020
f 2032 2023 2022
f 2033 2023 2032
f 2022 1863 2032
f 1865 2025 1873
f 2025 2034 1873
f 1870 2035 1874
f 2036 2033 2032
f 2037 2033 2036
f 1863 1875 2036
f 2032 1863 2036
f 1873 2034 1876
f 2034 2038 1876
f 2027 1877 2039
f 2035 1733 1874
f 2040 1733 2035
f 2041 2037 2036
f 2042 2037 2041
f 1875 1879 2041
f 2036 1875 2041
f 2043 2044 1882
f 2043 1882 2038
f 2038 1882 1876
f 2043 2045 2044
f 2045 2046 2044
f 2044 2047 2048
f 2046 2047 2044
f 1883 2049 2048
f 1883 2048 2039
f 1883 2039 1877
f 2047 2039 2048
f 1883 1884 2050
f 2049 1883 2050
f 1884 1885 2050
f 2051 2042 2041
f 2052 2042 2051
f 1879 1886 2053
f 1879 2053 2041
f 2041 2053 2051
f 1886 1887 2053
f 1887 1888 2054
f 2053 1887 2054
f 1888 1882 2044
f 1888 2044 2054
f 2054 2044 2055
f 2050 2048 2049
f 1885 1889 2056
f 1885 2056 2050
f 2050 2056 2048
f 1889 1890 2056
f 1891 2057 1892
f 2058 2057 1891
f 2058 1891 1893
f 2051 2059 2052
f 2053 2059 2051
f 2054 2059 2053
f 2055 2059 2054
f 2060 2059 2055
f 2060 2061 2062
f 2060 2055 2061
f 2055 2044 2061
f 2063 2061 2044
f 2048 2064 2044
f 2064 2063 2044
f 2065 2048 2066
f 2065 2064 2048
f 2056 2066 2048
f 2067 2066 2056
f 1890 2067 2056
f 1890 1894 2067
f 1894 2068 2067
f 2068 1894 1896
f 2069 2068 1896
f 1900 2070 2071
f 1899 1900 2071
f 2057 1900 1892
f 2057 2072 1900
f 2072 2070 1900
f 2058 2072 2057
f 2061 2073 2062
f 2063 2073 2061
f 2074 2073 2063
f 2064 2074 2063
f 2075 2074 2064
f 2065 2075 2064
f 1896 2076 2069
f 1901 2076 1896
f 1902 2077 1901
f 1901 2077 2076
f 1902 2078 2077
f 1902 2079 2078
f 1902 2080 2079
f 1902 2081 2080
f 1902 2082 2081
f 1902 2083 2082
f 1903 2071 1902
f 1902 2071 2083
f 2071 1903 1899
f 1909 2084 1910
f 1910 2084 1911
f 1911 2084 1912
f 1912 2084 1913
f 1913 2084 1914
f 1914 2084 1915
f 1916 2085 1917
f 2084 2085 1916
f 1924 1923 2086
f 2087 1924 2086
f 2087 2088 1924
f 2088 1925 1924
f 2084 1925 2089
f 2089 1925 2088
f 2090 2084 2089
f 2091 2084 2090
f 2092 2084 2091
f 2093 2084 2092
f 2094 2084 2093
f 2095 2084 2094
f 2096 2084 2095
f 2097 2084 2096
f 2085 2084 2097
f 2098 2085 2097
f 2099 2098 2100
f 1926 2098 2099
f 1926 2085 2098
f 1926 1917 2085
f 2099 2101 1926
f 1926 2107 1927
f 2101 2107 1926
f 1927 2107 1928
f 1932 1931 2102
f 2103 1932 2102
f 2103 2104 1932
f 2104 1933 1932
f 1934 1933 2105
f 1933 2104 2105
f 2086 1923 1934
f 2086 1934 2106
f 2106 1934 2105
f 2087 2086 2106
f 2107 2099 2100
f 2108 2107 2100
f 2101 2099 2107
f 1928 2107 1935
f 1935 2107 1936
f 1936 2109 1937
f 2107 2109 1936
f 1937 2109 1939
f 1942 1941 2110
f 1942 2111 1943
f 2110 2111 1942
f 1943 2111 2112
f 1931 1943 2112
f 1931 2112 2113
f 1931 2113 2102
f 2103 2102 2113
f 2114 2107 2108
f 2115 2114 2108
f 2116 2107 2114
f 2117 2107 2116
f 2109 2107 2118
f 2118 2107 2117
f 1939 2118 1945
f 2109 2118 1939
f 1948 1947 2119
f 1948 2119 2120
f 1941 1948 2120
f 1941 2120 2121
f 1941 2121 2110
f 2111 2110 2121
f 2122 2111 2121
f 2112 2111 2122
f 2114 2115 2123
f 2116 2114 2123
f 2124 2116 2123
f 2125 2116 2124
f 2117 2116 2125
f 2126 2117 2125
f 2127 2117 2126
f 2127 2128 2129
f 2127 2129 2117
f 2117 2129 2118
f 1945 2130 1949
f 1945 2118 2130
f 2118 2129 2130
f 1949 2130 1954
f 1952 1810 2131
f 1416 1810 1952
f 1953 1952 2132
f 1952 2131 2132
f 2119 1947 1953
f 2119 1953 2133
f 2133 1953 2132
f 2120 2119 2133
f 2134 2129 2128
f 2135 2134 2128
f 2130 2129 2136
f 2136 2129 2134
f 1957 2137 2138
f 1956 2137 1957
f 1957 2138 1810
f 2134 2135 2139
f 2136 2134 2139
f 2140 2136 2139
f 2140 2141 2142
f 2140 2142 2136
f 2136 2142 2130
f 2130 2142 1954
f 2143 2144 2145
f 2143 1959 1958
f 2143 2145 1959
f 2145 2146 1959
f 2137 1956 1959
f 2146 2137 1959
f 2152 2142 2141
f 2147 2148 2149
f 2147 1961 1960
f 2147 2149 1961
f 2149 2150 1961
f 2144 2143 1962
f 2144 1962 2150
f 2150 1962 1961
f 1958 1962 2143
f 2151 2142 2152
f 1954 2151 1964
f 2142 2151 1954
f 2153 2154 2155
f 2153 1967 1966
f 2153 2155 1967
f 2155 2156 1967
f 2148 2147 1968
f 2148 1968 2156
f 2156 1968 1967
f 1960 1968 2147
f 2157 2151 2152
f 1964 2158 1806
f 1964 2151 2158
f 2151 2157 2158
f 1806 2158 1969
f 2159 2160 2161
f 2159 2162 2163
f 2161 2162 2159
f 2154 2163 2162
f 2153 2163 2154
f 2153 1970 2163
f 2153 1971 1970
f 1966 1971 2153
f 2164 2157 2152
f 2165 2164 2152
f 2158 2157 2166
f 2166 2157 2164
f 1969 2166 1972
f 2158 2166 1969
f 2167 2168 2169
f 2160 2167 2169
f 2159 2167 2160
f 2159 1974 2167
f 2159 1975 1974
f 1976 1975 2159
f 2163 1976 2159
f 1970 1976 2163
f 1986 2171 2172
f 2165 2172 2171
f 2165 2171 2164
f 2166 2164 2171
f 1972 2166 1979
f 2173 2174 2175
f 2168 2173 2175
f 2168 2167 2173
f 2167 2176 2173
f 1974 1981 2176
f 2167 1974 2176
f 1985 2177 1984
f 2170 2177 1986
f 2177 1985 1986
f 1987 2171 1986
f 2166 2171 1987
f 1979 2166 1987
f 2178 2179 2180
f 2174 2178 2180
f 2174 2173 2178
f 2173 2181 2178
f 1990 1989 2181
f 1990 2181 2176
f 2176 2181 2173
f 1981 1990 2176
f 2185 2179 2178
f 2182 2179 2185
f 2181 2184 2178
f 2184 2185 2178
f 1989 1996 2184
f 2181 1989 2184
f 1984 2183 1998
f 1996 1999 2184
f 2183 2000 1998
f 2003 2000 2183
f 1999 2002 2184
f 2002 2185 2184
f 2006 2008 2185
f 2011 2188 2189
f 2010 2011 2189
f 2012 2190 2011
f 2011 2190 2188
f 2013 2191 2012
f 2012 2191 2190
f 2013 2014 2191
f 2192 2014 2015
f 1861 2186 2016
f 2186 2193 2016
f 2194 2187 2185
f 2195 2187 2194
f 2008 2018 2194
f 2185 2008 2194
f 2010 2189 2021
f 2189 2196 2021
f 2015 2023 2192
f 2192 2023 2197
f 2024 2198 2025
f 2024 2026 2198
f 2026 2027 2198
f 1869 2199 2200
f 1870 1869 2200
f 1869 2028 2199
f 2193 2028 2016
f 2201 2195 2194
f 2202 2195 2201
f 2018 2029 2203
f 2018 2203 2194
f 2194 2203 2201
f 2029 2030 2204
f 2203 2029 2204
f 2030 2031 2204
f 2031 2205 2204
f 2031 2021 2205
f 2021 2196 2205
f 2023 2033 2197
f 2197 2033 2206
f 2025 2198 2034
f 1870 2200 2035
f 2200 2207 2035
f 2201 2208 2202
f 2208 2209 2210
f 2208 2201 2209
f 2201 2203 2209
f 2204 2211 2203
f 2211 2209 2203
f 2212 2211 2204
f 2213 2204 2205
f 2213 2212 2204
f 2213 2214 2212
f 2212 2215 2216
f 2214 2215 2212
f 2215 2217 2216
f 2216 2217 2206
f 2216 2206 2037
f 2037 2206 2033
f 2198 2218 2038
f 2034 2198 2038
f 2219 2218 2198
f 2220 2219 2198
f 2221 2220 2198
f 2027 2039 2221
f 2198 2027 2221
f 1733 2222 2223
f 1733 2040 2222
f 2222 2040 2224
f 2207 2040 2035
f 2224 2040 2207
f 2209 2225 2210
f 2211 2225 2209
f 2226 2225 2211
f 2226 2212 2227
f 2226 2211 2212
f 2037 2042 2216
f 2038 2218 2043
f 2045 2043 2218
f 2219 2045 2218
f 2046 2045 2219
f 2220 2046 2219
f 2047 2046 2220
f 2221 2047 2220
f 2039 2047 2221
f 1733 2223 1893
f 2228 2227 2212
f 2216 2229 2212
f 2042 2052 2229
f 2216 2042 2229
f 2212 2230 2228
f 2231 2230 2212
f 2232 2231 2212
f 2233 2232 2212
f 2229 2233 2212
f 2234 2233 2229
f 2052 2234 2229
f 2052 2059 2234
f 2236 2237 2235
f 2236 2235 2060
f 2060 2235 2059
f 2060 2062 2236
f 2066 2238 2065
f 2066 2067 2238
f 2067 2068 2238
f 2068 2069 2238
f 2070 2239 2071
f 2240 2239 2070
f 2240 2070 2241
f 2241 2070 2072
f 1893 2072 2058
f 2241 2072 1893
f 2236 2242 2237
f 2062 2242 2236
f 2062 2073 2242
f 2073 2243 2242
f 2244 2245 2243
f 2244 2243 2074
f 2074 2243 2073
f 2074 2075 2246
f 2244 2074 2246
f 2075 2065 2238
f 2075 2238 2246
f 2246 2238 2247
f 2248 2247 2238
f 2249 2248 2238
f 2069 2076 2250
f 2069 2250 2238
f 2238 2250 2249
f 2076 2077 2251
f 2250 2076 2251
f 2077 2078 2252
f 2251 2077 2252
f 2078 2079 2253
f 2252 2078 2253
f 2079 2080 2254
f 2253 2079 2254
f 2080 2081 2255
f 2254 2080 2255
f 2081 2082 2256
f 2255 2081 2256
f 2082 2083 2569
f 2256 2082 2569
f 2569 2083 2257
f 2257 2083 2071
f 2239 2258 2071
f 2258 2257 2071
f 2240 2258 2239
f 2244 2259 2245
f 2246 2259 2244
f 2260 2259 2246
f 2247 2260 2246
f 2261 2260 2247
f 2248 2261 2247
f 2262 2261 2248
f 2249 2262 2248
f 2263 2262 2249
f 2250 2263 2249
f 2264 2263 2250
f 2251 2264 2250
f 2265 2264 2251
f 2252 2265 2251
f 2266 2265 2252
f 2253 2266 2252
f 2267 2266 2253
f 2254 2267 2253
f 2569 2267 2254
f 2255 2569 2254
f 2256 2569 2255
f 2088 2087 2268
f 2088 2269 2089
f 2268 2269 2088
f 2089 2270 2090
f 2269 2270 2089
f 2090 2271 2091
f 2270 2271 2090
f 2091 2272 2092
f 2271 2272 2091
f 2092 2273 2093
f 2272 2273 2092
f 2093 2274 2094
f 2273 2274 2093
f 2094 2275 2095
f 2274 2275 2094
f 2095 2276 2096
f 2275 2276 2095
f 2096 2277 2097
f 2276 2277 2096
f 2097 2278 2098
f 2277 2278 2097
f 2098 2278 2100
f 2104 2103 2279
f 2104 2280 2105
f 2279 2280 2104
f 2105 2281 2106
f 2280 2281 2105
f 2106 2281 2282
f 2087 2106 2282
f 2087 2282 2283
f 2087 2283 2268
f 2269 2268 2283
f 2284 2269 2283
f 2270 2269 2284
f 2285 2270 2284
f 2271 2270 2285
f 2286 2271 2285
f 2272 2271 2286
f 2287 2272 2286
f 2273 2272 2287
f 2288 2273 2287
f 2274 2273 2288
f 2289 2274 2288
f 2275 2274 2289
f 2290 2275 2289
f 2276 2275 2290
f 2291 2276 2290
f 2277 2276 2291
f 2292 2277 2291
f 2292 2293 2294
f 2292 2294 2277
f 2277 2294 2278
f 2100 2294 2108
f 2278 2294 2100
f 2113 2112 2295
f 2113 2279 2103
f 2113 2295 2279
f 2295 2296 2279
f 2297 2298 2280
f 2297 2280 2296
f 2296 2280 2279
f 2281 2280 2298
f 2299 2281 2298
f 2282 2281 2299
f 2294 2293 2300
f 2300 2108 2294
f 2300 2301 2108
f 2301 2115 2108
f 2121 2120 2302
f 2303 2121 2302
f 2303 2304 2121
f 2304 2122 2121
f 2295 2112 2122
f 2295 2122 2305
f 2305 2122 2304
f 2296 2295 2305
f 2306 2296 2305
f 2297 2296 2306
f 2115 2301 2307
f 2123 2115 2307
f 2308 2307 2309
f 2308 2124 2307
f 2124 2123 2307
f 2124 2310 2125
f 2308 2310 2124
f 2125 2311 2126
f 2310 2311 2125
f 2126 2312 2127
f 2311 2312 2126
f 2127 2312 2128
f 2131 1810 2313
f 2131 2314 2132
f 2313 2314 2131
f 2315 2132 2314
f 2315 2316 2132
f 2316 2133 2132
f 2302 2120 2133
f 2302 2133 2317
f 2317 2133 2316
f 2303 2302 2317
f 2308 2309 2318
f 2310 2308 2318
f 2319 2310 2318
f 2311 2310 2319
f 2320 2311 2319
f 2320 2321 2322
f 2320 2322 2311
f 2311 2322 2312
f 2128 2322 2135
f 2312 2322 2128
f 2138 2323 2324
f 2137 2323 2138
f 2138 2324 1810
f 2313 1810 2325
f 2314 2313 2325
f 2326 2314 2325
f 2315 2314 2326
f 2327 2322 2321
f 2135 2328 2139
f 2135 2322 2328
f 2139 2329 2140
f 2328 2329 2139
f 2140 2329 2141
f 2145 2330 2331
f 2144 2330 2145
f 2146 2145 2332
f 2145 2331 2332
f 2323 2137 2146
f 2332 2323 2146
f 2333 2322 2327
f 2492 2333 2327
f 2329 2328 2342
f 2342 2328 2322
f 2141 2342 2152
f 2329 2342 2141
f 2334 2335 2336
f 2334 2149 2148
f 2334 2336 2149
f 2336 2337 2149
f 2150 2149 2338
f 2149 2337 2338
f 2330 2144 2150
f 2338 2330 2150
f 2333 2492 2339
f 2339 2340 2341
f 2339 2341 2333
f 2333 2341 2322
f 2342 2322 2341
f 2343 2344 2345
f 2493 2344 2343
f 2345 2346 2347
f 2344 2346 2345
f 2347 2155 2154
f 2347 2346 2155
f 2346 2348 2155
f 2335 2334 2156
f 2335 2156 2348
f 2348 2156 2155
f 2148 2156 2334
f 2349 2341 2340
f 2350 2349 2340
f 2342 2341 2349
f 2351 2352 2353
f 2493 2351 2353
f 2493 2343 2351
f 2343 2354 2351
f 2161 2160 2354
f 2161 2354 2345
f 2345 2354 2343
f 2162 2161 2345
f 2347 2162 2345
f 2154 2162 2347
f 2355 2349 2350
f 2342 2349 2356
f 2152 2356 2165
f 2342 2356 2152
f 2357 2352 2351
f 2358 2352 2357
f 2169 2168 2357
f 2169 2357 2354
f 2354 2357 2351
f 2160 2169 2354
f 1986 2349 2355
f 1986 2355 2170
f 2170 2355 2359
f 2172 2349 1986
f 2356 2349 2172
f 2165 2356 2172
f 2360 2361 2362
f 2358 2360 2362
f 2357 2360 2358
f 2357 2174 2360
f 2357 2175 2174
f 2168 2175 2357
f 2359 2177 2170
f 1984 2177 2359
f 2180 2361 2360
f 2180 2179 2361
f 2179 2363 2361
f 2174 2180 2360
f 2364 2365 2366
f 2364 2366 2363
f 2364 2363 2182
f 2182 2363 2179
f 1984 2367 2183
f 2368 2365 2364
f 2369 2365 2368
f 2182 2185 2368
f 2364 2182 2368
f 2367 2003 2183
f 2370 2369 2368
f 2371 2369 2370
f 2368 2185 2370
f 2379 2371 2370
f 2372 2371 2379
f 2370 2185 2379
f 2373 2374 2375
f 2373 2003 2374
f 2373 1861 2003
f 2376 2372 2379
f 2377 2373 2375
f 2378 2377 2375
f 1861 2377 2186
f 2373 2377 1861
f 2380 2376 2379
f 2185 2187 2379
f 2188 2381 2382
f 2189 2188 2382
f 2190 2383 2188
f 2188 2383 2381
f 2191 2384 2190
f 2190 2384 2383
f 2385 2386 2384
f 2385 2384 2014
f 2014 2384 2191
f 2014 2192 2385
f 2387 2388 2389
f 2378 2388 2387
f 2378 2387 2377
f 2377 2387 2390
f 2186 2390 2193
f 2377 2390 2186
f 2391 2380 2379
f 2187 2195 2379
f 2189 2382 2196
f 2382 2392 2196
f 2393 2386 2385
f 2394 2386 2393
f 2192 2197 2393
f 2385 2192 2393
f 2199 2387 2389
f 2199 2389 2200
f 2200 2389 2663
f 2028 2387 2199
f 2390 2387 2028
f 2193 2390 2028
f 2395 2391 2379
f 2396 2391 2395
f 2195 2202 2395
f 2379 2195 2395
f 2196 2392 2205
f 2392 2397 2205
f 2398 2394 2393
f 2399 2394 2398
f 2197 2206 2398
f 2393 2197 2398
f 2200 2663 2207
f 2663 2400 2207
f 2401 2402 2396
f 2208 2401 2396
f 2208 2396 2395
f 2208 2395 2202
f 2208 2210 2401
f 2205 2397 2403
f 2213 2205 2403
f 2214 2213 2404
f 2213 2403 2404
f 2215 2214 2405
f 2214 2404 2405
f 2399 2398 2217
f 2399 2217 2405
f 2405 2217 2215
f 2206 2217 2398
f 2222 2406 2223
f 2224 2407 2222
f 2222 2407 2406
f 2400 2224 2207
f 2407 2224 2400
f 2401 2408 2402
f 2409 2410 2408
f 2225 2409 2408
f 2225 2408 2401
f 2225 2401 2210
f 2225 2226 2411
f 2409 2225 2411
f 2226 2227 2411
f 2223 2412 1893
f 2409 2413 2410
f 2411 2413 2409
f 2414 2413 2411
f 2414 2411 2227
f 2414 2227 2415
f 2415 2227 2228
f 1893 2412 2416
f 2228 2417 2415
f 2230 2417 2228
f 2231 2418 2230
f 2230 2418 2417
f 2232 2419 2231
f 2231 2419 2418
f 2233 2420 2232
f 2232 2420 2419
f 2234 2421 2233
f 2233 2421 2420
f 2059 2422 2234
f 2234 2422 2421
f 2059 2423 2422
f 2059 2424 2423
f 2059 2425 2424
f 2235 2426 2059
f 2059 2426 2425
f 2426 2235 2237
f 2427 2426 2237
f 2240 2241 2557
f 2416 2241 1893
f 2557 2241 2416
f 2428 2237 2242
f 2428 2429 2237
f 2429 2427 2237
f 2242 2243 2430
f 2428 2242 2430
f 2243 2245 2430
f 2258 2431 2257
f 2557 2258 2240
f 2431 2258 2557
f 2428 2432 2429
f 2430 2432 2428
f 2433 2432 2430
f 2245 2433 2430
f 2245 2259 2433
f 2259 2798 2433
f 2260 2798 2259
f 2261 2798 2260
f 2262 2798 2261
f 2263 2798 2262
f 2264 2798 2263
f 2265 2798 2264
f 2266 2798 2265
f 2267 2798 2266
f 2569 2798 2267
f 2283 2282 2434
f 2283 2435 2284
f 2434 2435 2283
f 2284 2436 2285
f 2435 2436 2284
f 2285 2437 2286
f 2436 2437 2285
f 2286 2437 2287
f 2287 2437 2288
f 2288 2437 2289
f 2289 2438 2290
f 2437 2438 2289
f 2290 2439 2291
f 2438 2439 2290
f 2291 2440 2292
f 2439 2440 2291
f 2292 2440 2293
f 2298 2297 2441
f 2442 2298 2441
f 2442 2443 2298
f 2443 2299 2298
f 2434 2282 2299
f 2434 2299 2444
f 2444 2299 2443
f 2435 2434 2444
f 2445 2435 2444
f 2436 2435 2445
f 2446 2436 2445
f 2437 2436 2446
f 2447 2437 2446
f 2448 2437 2447
f 2449 2437 2448
f 2450 2437 2449
f 2438 2437 2450
f 2451 2438 2450
f 2439 2438 2451
f 2452 2439 2451
f 2452 2453 2454
f 2452 2454 2439
f 2439 2454 2440
f 2293 2455 2300
f 2293 2440 2455
f 2440 2454 2455
f 2300 2455 2301
f 2304 2303 2456
f 2304 2457 2305
f 2456 2457 2304
f 2458 2305 2457
f 2458 2459 2305
f 2459 2306 2305
f 2441 2297 2306
f 2441 2306 2460
f 2460 2306 2459
f 2442 2441 2460
f 2461 2454 2453
f 2462 2461 2453
f 2455 2454 2461
f 2301 2455 2307
f 2307 2455 2309
f 2316 2315 2463
f 2316 2464 2317
f 2463 2464 2316
f 2317 2456 2303
f 2317 2464 2456
f 2464 2465 2456
f 2466 2467 2457
f 2466 2457 2465
f 2465 2457 2456
f 2458 2457 2467
f 2461 2462 2468
f 2455 2461 2468
f 2469 2455 2468
f 2470 2455 2469
f 2471 2470 2472
f 2318 2470 2471
f 2318 2455 2470
f 2318 2309 2455
f 2318 2473 2319
f 2471 2473 2318
f 2319 2474 2320
f 2473 2474 2319
f 2320 2474 2321
f 2324 2323 2475
f 2476 2324 2475
f 2476 2477 2324
f 2477 1810 2324
f 1810 2477 2478
f 2325 1810 2479
f 1810 2478 2479
f 2326 2325 2480
f 2325 2479 2480
f 2463 2315 2326
f 2463 2326 2481
f 2481 2326 2480
f 2464 2463 2481
f 2482 2464 2481
f 2465 2464 2482
f 2483 2465 2482
f 2466 2465 2483
f 2471 2472 2484
f 2484 2485 2486
f 2484 2486 2471
f 2471 2486 2473
f 2474 2473 2492
f 2492 2473 2486
f 2321 2492 2327
f 2474 2492 2321
f 2487 2488 2489
f 2487 2331 2330
f 2487 2489 2331
f 2489 2831 2331
f 2332 2331 2831
f 2475 2323 2332
f 2475 2332 2490
f 2490 2332 2831
f 2476 2475 2490
f 2491 2486 2485
f 2508 2491 2485
f 2492 2486 2491
f 2493 2494 2495
f 2495 2496 2493
f 2496 2497 2493
f 2493 2498 2499
f 2497 2498 2493
f 2499 2336 2335
f 2499 2498 2336
f 2498 2500 2336
f 2337 2336 2501
f 2336 2500 2501
f 2488 2487 2338
f 2488 2338 2501
f 2501 2338 2337
f 2330 2338 2487
f 2502 2491 2508
f 2492 2491 2502
f 2492 2503 2339
f 2339 2503 2340
f 2504 2505 2506
f 2494 2504 2506
f 2493 2504 2494
f 2346 2344 2493
f 2348 2346 2493
f 2499 2348 2493
f 2335 2348 2499
f 2507 2502 2508
f 2492 2502 2507
f 2503 2492 2509
f 2340 2509 2350
f 2503 2509 2340
f 2353 2505 2504
f 2353 2352 2505
f 2352 2510 2505
f 2493 2353 2504
f 2511 2507 2508
f 2492 2507 2511
f 2350 2509 2355
f 2512 2513 2514
f 2512 2514 2510
f 2512 2510 2358
f 2358 2510 2352
f 2508 2515 2516
f 2508 2516 2511
f 2511 2516 2492
f 2509 2492 2517
f 2517 2492 2516
f 2355 2517 2359
f 2509 2517 2355
f 2362 2513 2512
f 2362 2361 2513
f 2361 2518 2513
f 2358 2362 2512
f 2519 2516 2515
f 2520 2519 2515
f 1984 2517 2519
f 2517 2516 2519
f 2359 2517 1984
f 2521 2522 2649
f 2521 2649 2518
f 2521 2518 2363
f 2363 2518 2361
f 2366 2522 2521
f 2366 2365 2522
f 2365 2523 2522
f 2363 2366 2521
f 2524 2519 2520
f 1984 2524 2367
f 2519 2524 1984
f 2365 2369 2523
f 2523 2369 2525
f 2003 2524 2520
f 2003 2520 2526
f 2367 2524 2003
f 2369 2371 2525
f 2525 2371 2527
f 2003 2528 2529
f 2528 2003 2526
f 2371 2372 2527
f 2527 2372 2530
f 2374 2531 2532
f 2375 2374 2532
f 2529 2374 2003
f 2531 2374 2529
f 2372 2376 2530
f 2530 2376 2533
f 2375 2532 2378
f 2532 2534 2378
f 2376 2380 2533
f 2533 2380 2535
f 2381 2538 2382
f 2381 2383 2538
f 2383 2384 2536
f 2538 2383 2536
f 2384 2386 2536
f 2389 2388 2663
f 2534 2388 2378
f 2380 2391 2535
f 2535 2391 2537
f 2382 2538 2392
f 2536 2539 2538
f 2386 2394 2539
f 2536 2386 2539
f 2391 2396 2537
f 2537 2396 2540
f 2392 2538 2397
f 2539 2542 2538
f 2542 2541 2538
f 2394 2399 2542
f 2539 2394 2542
f 2663 2543 2400
f 2544 2545 2396
f 2545 2540 2396
f 2396 2402 2544
f 2397 2538 2403
f 2404 2403 2538
f 2541 2404 2538
f 2405 2404 2541
f 2542 2405 2541
f 2399 2405 2542
f 2223 2406 2546
f 2407 2547 2406
f 2543 2407 2400
f 2547 2407 2543
f 2544 2548 2545
f 2549 2550 2548
f 2408 2549 2548
f 2408 2548 2544
f 2408 2544 2402
f 2408 2410 2549
f 2551 2546 2552
f 2551 2412 2546
f 2412 2223 2546
f 2549 2553 2550
f 2410 2553 2549
f 2410 2413 2553
f 2413 2554 2553
f 2555 2556 2554
f 2555 2554 2414
f 2414 2554 2413
f 2414 2415 2555
f 2412 2551 2552
f 2412 2552 2416
f 2416 2552 2557
f 2555 2558 2556
f 2559 2560 2558
f 2417 2559 2558
f 2417 2558 2555
f 2417 2555 2415
f 2417 2418 2561
f 2559 2417 2561
f 2418 2419 2561
f 2419 2420 2561
f 2420 2421 2561
f 2421 2422 2561
f 2422 2423 2561
f 2423 2424 2561
f 2424 2425 2561
f 2425 2426 2562
f 2561 2425 2562
f 2426 2427 2562
f 2559 2563 2560
f 2561 2563 2559
f 2564 2563 2561
f 2564 2565 2798
f 2564 2561 2565
f 2566 2565 2561
f 2567 2566 2561
f 2562 2568 2561
f 2568 2567 2561
f 2427 2429 2568
f 2562 2427 2568
f 2565 2570 2798
f 2566 2570 2565
f 2571 2570 2566
f 2567 2571 2566
f 2572 2571 2567
f 2568 2572 2567
f 2573 2572 2568
f 2429 2573 2568
f 2429 2432 2573
f 2432 2798 2573
f 2433 2798 2432
f 2443 2442 2574
f 2443 2575 2444
f 2574 2575 2443
f 2444 2576 2445
f 2575 2576 2444
f 2445 2577 2446
f 2576 2577 2445
f 2446 2578 2447
f 2577 2578 2446
f 2447 2579 2448
f 2578 2579 2447
f 2448 2580 2449
f 2579 2580 2448
f 2449 2581 2450
f 2580 2581 2449
f 2450 2582 2451
f 2581 2582 2450
f 2451 2583 2452
f 2582 2583 2451
f 2452 2583 2453
f 2459 2458 2584
f 2459 2585 2460
f 2584 2585 2459
f 2460 2574 2442
f 2460 2585 2574
f 2585 2586 2574
f 2587 2588 2575
f 2587 2575 2586
f 2586 2575 2574
f 2576 2575 2588
f 2589 2576 2588
f 2577 2576 2589
f 2590 2577 2589
f 2578 2577 2590
f 2591 2578 2590
f 2579 2578 2591
f 2580 2579 2591
f 2592 2580 2591
f 2581 2580 2592
f 2593 2581 2592
f 2593 2594 2595
f 2593 2595 2581
f 2581 2595 2582
f 2583 2582 2596
f 2596 2582 2595
f 2453 2596 2462
f 2583 2596 2453
f 2467 2466 2597
f 2467 2597 2598
f 2458 2467 2598
f 2458 2598 2599
f 2458 2599 2584
f 2585 2584 2599
f 2600 2585 2599
f 2586 2585 2600
f 2601 2586 2600
f 2587 2586 2601
f 2595 2594 2602
f 2596 2595 2602
f 2603 2596 2602
f 2604 2603 2605
f 2468 2603 2604
f 2468 2596 2603
f 2468 2462 2596
f 2468 2606 2469
f 2604 2606 2468
f 2469 2607 2470
f 2606 2607 2469
f 2470 2607 2472
f 2477 2476 2608
f 2477 2609 2478
f 2608 2609 2477
f 2478 2610 2479
f 2609 2610 2478
f 2479 2611 2480
f 2610 2611 2479
f 2612 2480 2611
f 2612 2613 2480
f 2613 2481 2480
f 2482 2481 2614
f 2481 2613 2614
f 2483 2482 2615
f 2482 2614 2615
f 2597 2466 2483
f 2597 2483 2616
f 2616 2483 2615
f 2598 2597 2616
f 2604 2605 2617
f 2606 2604 2617
f 2618 2606 2617
f 2618 2619 2620
f 2618 2620 2606
f 2606 2620 2607
f 2472 2621 2484
f 2472 2607 2621
f 2607 2620 2621
f 2484 2621 2485
f 2489 2622 2623
f 2488 2622 2489
f 2489 2623 2831
f 2608 2476 2490
f 2608 2490 2624
f 2624 2490 2831
f 2609 2608 2624
f 2625 2609 2624
f 2610 2609 2625
f 2626 2610 2625
f 2611 2610 2626
f 2627 2611 2626
f 2612 2611 2627
f 2620 2619 2628
f 2621 2620 2628
f 2629 2621 2628
f 2629 2485 2621
f 2629 2637 2485
f 2637 2508 2485
f 2495 2630 2631
f 2494 2630 2495
f 2496 2495 2632
f 2495 2631 2632
f 2497 2496 2633
f 2496 2632 2633
f 2498 2497 2634
f 2497 2633 2634
f 2500 2498 2635
f 2498 2634 2635
f 2501 2500 2636
f 2500 2635 2636
f 2622 2488 2501
f 2636 2622 2501
f 2506 2638 2639
f 2505 2638 2506
f 2630 2494 2506
f 2639 2630 2506
f 2640 2641 2642
f 2640 2642 2638
f 2640 2638 2510
f 2510 2638 2505
f 2514 2641 2640
f 2514 2513 2641
f 2513 2643 2641
f 2510 2514 2640
f 2644 2508 2645
f 2645 2508 2637
f 2508 2644 2515
f 2649 2646 2647
f 2649 2647 2643
f 2649 2643 2518
f 2518 2643 2513
f 2648 2644 2645
f 2515 2648 2520
f 2644 2648 2515
f 2649 2650 2651
f 2646 2649 2651
f 2652 2648 2645
f 2648 2652 2520
f 2522 2523 2649
f 2653 2652 2645
f 2654 2653 2645
f 2652 2653 2520
f 2655 2650 2649
f 2523 2525 2649
f 2656 2657 2658
f 2654 2657 2656
f 2654 2656 2653
f 2653 2656 2659
f 2520 2659 2526
f 2653 2659 2520
f 2662 2655 2649
f 2525 2527 2649
f 2660 2656 2658
f 2661 2660 2658
f 2528 2660 2529
f 2528 2659 2660
f 2659 2656 2660
f 2526 2659 2528
f 2527 2530 2649
f 2531 2660 2661
f 2531 2661 2532
f 2529 2660 2531
f 2530 2533 2649
f 2532 2661 2534
f 2533 2535 2649
f 2663 2388 2534
f 2535 2537 2649
f 2664 2662 2649
f 2665 2662 2664
f 2537 2540 2664
f 2649 2537 2664
f 2663 2666 2543
f 2664 2667 2665
f 2667 2664 2540
f 2667 2540 2668
f 2668 2540 2545
f 2546 2406 2669
f 2666 2547 2543
f 2545 2670 2668
f 2548 2670 2545
f 2670 2548 2550
f 2671 2670 2550
f 2669 2552 2546
f 2550 2672 2671
f 2553 2672 2550
f 2673 2674 2672
f 2673 2672 2554
f 2554 2672 2553
f 2554 2556 2673
f 2673 2675 2674
f 2556 2675 2673
f 2556 2558 2675
f 2558 2676 2675
f 2676 2558 2560
f 2677 2676 2560
f 2560 2678 2677
f 2563 2678 2560
f 2564 2679 2563
f 2563 2679 2678
f 2564 2680 2679
f 2564 2681 2680
f 2564 2682 2681
f 2798 2682 2564
f 2257 2683 2569
f 2431 2684 2257
f 2257 2684 2683
f 2684 2431 2557
f 2571 2798 2570
f 2572 2798 2571
f 2573 2798 2572
f 2798 2686 2685
f 2798 2687 2686
f 2798 2688 2687
f 2798 2689 2688
f 2569 2690 2798
f 2798 2690 2689
f 2588 2587 2691
f 2588 2691 2589
f 2589 2691 2590
f 2590 2691 2591
f 2591 2691 2592
f 2592 2692 2593
f 2691 2692 2592
f 2593 2692 2594
f 2599 2598 2693
f 2599 2694 2600
f 2693 2694 2599
f 2695 2600 2694
f 2695 2696 2600
f 2696 2601 2600
f 2691 2587 2601
f 2691 2601 2697
f 2697 2601 2696
f 2698 2691 2697
f 2699 2691 2698
f 2700 2691 2699
f 2701 2691 2700
f 2702 2691 2701
f 2692 2691 2702
f 2703 2692 2702
f 2594 2692 2703
f 2594 2703 2602
f 2602 2703 2704
f 2705 2704 2706
f 2705 2603 2704
f 2603 2602 2704
f 2603 2705 2605
f 2613 2612 2707
f 2613 2708 2614
f 2707 2708 2613
f 2709 2614 2708
f 2709 2710 2614
f 2710 2615 2614
f 2616 2615 2711
f 2615 2710 2711
f 2693 2598 2616
f 2693 2616 2712
f 2712 2616 2711
f 2694 2693 2712
f 2713 2694 2712
f 2695 2694 2713
f 2705 2706 2714
f 2605 2705 2714
f 2605 2714 2617
f 2617 2714 2715
f 2716 2715 2717
f 2716 2618 2715
f 2618 2617 2715
f 2618 2716 2619
f 2718 2831 2719
f 2718 2720 2721
f 2719 2720 2718
f 2721 2623 2622
f 2721 2720 2623
f 2720 2831 2623
f 2625 2624 2831
f 2626 2625 2831
f 2627 2626 2831
f 2707 2612 2627
f 2707 2627 2722
f 2722 2627 2831
f 2708 2707 2722
f 2723 2708 2722
f 2709 2708 2723
f 2716 2717 2724
f 2725 2724 2726
f 2628 2724 2725
f 2628 2716 2724
f 2628 2619 2716
f 2628 2727 2629
f 2725 2727 2628
f 2629 2727 2637
f 2631 2728 2729
f 2630 2728 2631
f 2632 2631 2730
f 2631 2729 2730
f 2633 2632 2731
f 2632 2730 2731
f 2634 2633 2732
f 2633 2731 2732
f 2831 2718 2635
f 2831 2635 2732
f 2732 2635 2634
f 2636 2635 2718
f 2721 2636 2718
f 2622 2636 2721
f 2733 2725 2726
f 2734 2733 2726
f 2727 2725 2735
f 2735 2725 2733
f 2727 2735 2637
f 2639 2736 2737
f 2638 2736 2639
f 2728 2630 2639
f 2737 2728 2639
f 2734 2738 2739
f 2734 2739 2733
f 2733 2739 2735
f 2735 2739 2637
f 2642 2740 2741
f 2641 2740 2642
f 2736 2638 2642
f 2741 2736 2642
f 2742 2739 2738
f 2857 2742 2738
f 2739 2742 2637
f 2743 2744 2745
f 2743 2745 2740
f 2743 2740 2643
f 2643 2740 2641
f 2637 2742 2645
f 2647 2744 2743
f 2647 2646 2744
f 2646 2746 2744
f 2643 2647 2743
f 2651 2747 2748
f 2650 2747 2651
f 2746 2646 2651
f 2748 2746 2651
f 2749 2742 2857
f 2742 2749 2645
f 2747 2650 2750
f 2857 2854 2751
f 2857 2751 2749
f 2749 2751 2752
f 2645 2752 2654
f 2749 2752 2645
f 2650 2655 2750
f 2750 2655 2753
f 2754 2751 2854
f 2657 2754 2658
f 2657 2752 2754
f 2752 2751 2754
f 2654 2752 2657
f 2655 2662 2753
f 2753 2662 2755
f 2658 2854 2661
f 2754 2854 2658
f 2755 2662 2756
f 2854 2757 2661
f 2756 2662 2758
f 2759 2757 2854
f 2760 2759 2854
f 2661 2759 2534
f 2757 2759 2661
f 2761 2762 2763
f 2761 2763 2758
f 2761 2758 2662
f 2764 2765 2766
f 2760 2765 2764
f 2759 2760 2764
f 2759 2764 2663
f 2534 2759 2663
f 2767 2762 2761
f 2761 2662 2767
f 2768 2769 2770
f 2766 2769 2768
f 2766 2768 2764
f 2764 2768 2771
f 2764 2771 2663
f 2772 2762 2767
f 2773 2762 2772
f 2662 2665 2772
f 2767 2662 2772
f 2774 2768 2770
f 2775 2774 2770
f 2771 2768 2776
f 2776 2768 2774
f 2663 2776 2666
f 2771 2776 2663
f 2772 2777 2773
f 2778 2779 2777
f 2667 2778 2777
f 2667 2777 2772
f 2667 2772 2665
f 2667 2668 2778
f 2406 2774 2775
f 2406 2775 2669
f 2547 2774 2406
f 2776 2774 2547
f 2666 2776 2547
f 2778 2780 2779
f 2781 2782 2780
f 2670 2781 2780
f 2670 2780 2778
f 2670 2778 2668
f 2670 2671 2781
f 2552 2669 2783
f 2781 2784 2782
f 2785 2786 2784
f 2672 2785 2784
f 2672 2784 2781
f 2672 2781 2671
f 2672 2674 2785
f 2552 2783 2557
f 2785 2787 2786
f 2674 2787 2785
f 2674 2675 2787
f 2675 2788 2787
f 2789 2790 2788
f 2789 2788 2676
f 2676 2788 2675
f 2676 2677 2789
f 2789 2792 2790
f 2677 2792 2789
f 2677 2678 2792
f 2678 2793 2792
f 2794 2795 2793
f 2794 2793 2679
f 2679 2793 2678
f 2679 2680 2798
f 2794 2679 2798
f 2680 2681 2798
f 2681 2682 2798
f 2683 3008 2569
f 3008 2683 2796
f 2796 2683 2684
f 2791 2684 2557
f 2796 2684 2791
f 2794 2797 2795
f 2798 2797 2794
f 2798 2802 2801
f 2803 2804 2802
f 2803 2802 2685
f 2685 2802 2798
f 2685 2686 2917
f 2803 2685 2917
f 2686 2687 2917
f 2687 2688 2917
f 2688 2689 2917
f 2917 2689 2805
f 2805 2689 2690
f 3008 2690 2569
f 3008 2805 2690
f 2803 2806 2804
f 2917 2806 2803
f 2696 2695 2807
f 2808 2696 2807
f 2808 2809 2696
f 2809 2697 2696
f 2698 2697 2810
f 2697 2809 2810
f 2699 2698 2811
f 2698 2810 2811
f 2700 2699 2812
f 2699 2811 2812
f 2701 2700 2813
f 2700 2812 2813
f 2702 2701 2814
f 2701 2813 2814
f 2703 2702 2815
f 2702 2814 2815
f 2816 2815 2817
f 2816 2704 2815
f 2704 2703 2815
f 2704 2816 2706
f 2710 2709 2818
f 2710 2819 2711
f 2818 2819 2710
f 2820 2711 2819
f 2820 2821 2711
f 2821 2712 2711
f 2713 2712 2822
f 2712 2821 2822
f 2807 2695 2713
f 2807 2713 2823
f 2823 2713 2822
f 2808 2807 2823
f 2824 2816 2817
f 2825 2824 2817
f 2706 2826 2714
f 2706 2816 2826
f 2816 2824 2826
f 2714 2827 2715
f 2826 2827 2714
f 2715 2827 2717
f 2828 2829 2830
f 2830 2831 2828
f 2720 2719 2831
f 2723 2722 3107
f 2722 2831 3107
f 2818 2709 2723
f 2818 2723 2832
f 2832 2723 3107
f 2819 2818 2832
f 2833 2819 2832
f 2820 2819 2833
f 2824 2825 2834
f 2826 2824 2834
f 2835 2826 2834
f 2835 2836 2837
f 2835 2837 2826
f 2826 2837 2827
f 2717 2838 2724
f 2717 2827 2838
f 2827 2837 2838
f 2724 2838 2726
f 2839 2840 2841
f 2839 2729 2728
f 2839 2841 2729
f 2841 2842 2729
f 2829 2828 2730
f 2829 2730 2842
f 2842 2730 2729
f 2731 2730 2828
f 2831 2731 2828
f 2732 2731 2831
f 2837 2836 2843
f 2843 2844 2845
f 2843 2845 2837
f 2837 2845 2838
f 2726 2845 2734
f 2838 2845 2726
f 2737 2840 2839
f 2737 2736 2840
f 2736 2846 2840
f 2728 2737 2839
f 2854 2845 2844
f 2734 2845 2847
f 2845 2854 2847
f 2734 2847 2738
f 2848 2849 2850
f 2848 2741 2740
f 2848 2850 2741
f 2850 2851 2741
f 2846 2736 2741
f 2851 2846 2741
f 2847 2854 2857
f 2847 2857 2738
f 2745 2849 2848
f 2745 2744 2849
f 2744 2853 2849
f 2740 2745 2848
f 2855 2856 2853
f 2855 2853 2746
f 2746 2853 2744
f 2748 2856 2855
f 2748 2747 2856
f 2747 2963 2856
f 2746 2748 2855
f 2858 2859 2860
f 2858 2860 2963
f 2858 2963 2750
f 2750 2963 2747
f 2861 2859 2858
f 2750 2753 2858
f 2862 2854 2852
f 2863 2861 2858
f 2864 2861 2863
f 2753 2755 2863
f 2858 2753 2863
f 2865 2864 2863
f 2866 2864 2865
f 2755 2756 2865
f 2863 2755 2865
f 2868 2867 2854
f 2869 2866 2865
f 2870 2866 2869
f 2756 2758 2869
f 2865 2756 2869
f 2871 2867 2868
f 2872 2871 2868
f 2854 2871 2760
f 2867 2871 2854
f 2763 2870 2869
f 2763 2762 2870
f 2758 2763 2869
f 2765 2871 2872
f 2765 2872 2766
f 2766 2872 2873
f 2760 2871 2765
f 2769 2874 2875
f 2770 2769 2875
f 2873 2769 2766
f 2874 2769 2873
f 2762 2773 2973
f 2770 2875 2775
f 2875 2669 2775
f 2876 2773 2777
f 2876 2877 2773
f 2877 2973 2773
f 2777 2779 2876
f 2876 2878 2877
f 2879 2880 2878
f 2780 2879 2878
f 2780 2878 2876
f 2780 2876 2779
f 2780 2782 2879
f 2881 2882 2883
f 2881 2783 2669
f 2881 2669 2882
f 2882 2669 2884
f 2879 2885 2880
f 2886 2887 2885
f 2784 2886 2885
f 2784 2885 2879
f 2784 2879 2782
f 2784 2786 2886
f 2557 2881 2883
f 2888 2557 2883
f 2881 2557 2783
f 2886 2889 2887
f 2786 2889 2886
f 2786 2787 2889
f 2787 2890 2889
f 2891 2892 2890
f 2891 2890 2788
f 2788 2890 2787
f 2788 2790 2891
f 2557 2888 2791
f 2791 2888 2893
f 2891 2894 2892
f 2790 2894 2891
f 2790 2792 2894
f 2792 2895 2894
f 2896 2897 2895
f 2896 2895 2793
f 2793 2895 2792
f 2793 2795 2896
f 2893 2796 2791
f 3008 2796 2893
f 2896 2898 2897
f 2795 2898 2896
f 2795 2797 2898
f 2797 2798 2898
f 2798 2900 2899
f 2798 2901 2900
f 2902 2903 2901
f 2902 2901 2799
f 2799 2901 2798
f 2902 2799 2798
f 2798 2800 2904
f 2905 2904 2800
f 2905 2800 2906
f 2906 2800 2798
f 2908 2909 2907
f 2908 2907 2801
f 2801 2907 2798
f 2801 2802 2910
f 2908 2801 2910
f 2802 2804 2910
f 2805 3008 2911
f 2902 2912 2903
f 2798 2912 2902
f 2913 2912 2798
f 2904 2913 2798
f 2914 2913 2904
f 2905 2914 2904
f 2908 2915 2909
f 2910 2915 2908
f 2916 2915 2910
f 2804 2916 2910
f 2804 2806 2916
f 2806 2917 2916
f 2809 2808 2918
f 2809 2919 2810
f 2918 2919 2809
f 2810 2919 2811
f 2811 2919 2812
f 2812 2919 2813
f 2813 2919 2814
f 2814 2920 2815
f 2919 2920 2814
f 2815 2920 2817
f 2821 2820 2921
f 2821 2922 2822
f 2921 2922 2821
f 2923 2822 2922
f 2923 2924 2822
f 2924 2823 2822
f 2918 2808 2823
f 2918 2823 2925
f 2925 2823 2924
f 2919 2918 2925
f 2919 2926 2927
f 2920 2919 2928
f 2928 2919 2927
f 2817 2928 2825
f 2920 2928 2817
f 2830 2929 2930
f 2829 2929 2830
f 2830 2930 2831
f 2831 2931 2932
f 2831 2932 2933
f 2831 2933 2934
f 3107 2831 2935
f 2831 2934 2935
f 2833 2832 3107
f 2921 2820 2833
f 2921 2833 2936
f 2936 2833 3107
f 2922 2921 2936
f 2937 2922 2936
f 2923 2922 2937
f 2927 2926 2938
f 2939 2927 2938
f 2928 2927 2939
f 2940 2928 2939
f 2941 2940 2942
f 2834 2940 2941
f 2834 2928 2940
f 2834 2825 2928
f 2834 2943 2835
f 2941 2943 2834
f 2835 2943 2836
f 2841 2944 2945
f 2840 2944 2841
f 2842 2841 2946
f 2841 2945 2946
f 2929 2829 2842
f 2946 2929 2842
f 2943 2941 2942
f 2947 2943 2942
f 2948 2947 2949
f 2843 2947 2948
f 2843 2943 2947
f 2843 2836 2943
f 2843 2948 2844
f 2950 2951 2952
f 2950 2952 2944
f 2950 2944 2846
f 2846 2944 2840
f 2953 2948 2949
f 2954 2953 2949
f 2844 2953 2854
f 2948 2953 2844
f 2850 2955 2956
f 2849 2955 2850
f 2951 2950 2851
f 2951 2851 2956
f 2956 2851 2850
f 2846 2851 2950
f 2957 2953 2954
f 2958 2957 2954
f 2854 2957 2852
f 2953 2957 2854
f 2959 2960 2955
f 2959 2955 2853
f 2853 2955 2849
f 2957 2958 2961
f 2961 2852 2957
f 2961 2962 2852
f 2856 2960 2959
f 2856 2963 2960
f 2853 2856 2959
f 2962 2964 2852
f 2965 2966 2967
f 2965 2967 2963
f 2964 2968 2852
f 2860 2966 2965
f 2860 2859 2966
f 2859 2973 2966
f 2963 2860 2965
f 2968 2969 2852
f 2859 2861 2973
f 2970 3052 2971
f 2970 2969 3052
f 2970 2862 2969
f 2862 2852 2969
f 2861 2864 2973
f 2974 2970 2971
f 2972 2974 2971
f 2862 2974 2854
f 2970 2974 2862
f 2864 2866 2973
f 2975 2974 2972
f 2854 2974 2868
f 2866 2870 2973
f 2976 2974 2975
f 2868 2974 2872
f 2870 2762 2973
f 2977 2974 2976
f 2978 2977 2976
f 2872 2977 2873
f 2974 2977 2872
f 2874 2977 2978
f 2874 2978 2875
f 2875 2978 3055
f 2873 2977 2874
f 2875 3055 2669
f 3055 2979 2669
f 2973 2877 2980
f 2979 2981 2669
f 2878 2980 2877
f 2980 2878 2880
f 2882 2982 2983
f 2883 2882 2983
f 2884 2984 2882
f 2882 2984 2982
f 2981 2884 2669
f 2984 2884 2981
f 2885 2980 2880
f 2980 2885 2887
f 2883 2983 2888
f 2983 3226 2888
f 2887 2985 2980
f 2889 2985 2887
f 2986 2987 2985
f 2986 2985 2890
f 2890 2985 2889
f 2890 2892 2986
f 2888 3226 2893
f 3226 2988 2893
f 2986 2989 2987
f 2892 2989 2986
f 2892 2894 2989
f 2894 2990 2989
f 2991 2992 2990
f 2991 2990 2895
f 2895 2990 2894
f 2895 2897 2991
f 2988 3008 2893
f 2991 2993 2992
f 2897 2993 2991
f 2897 2898 2993
f 2898 2798 2993
f 2798 2995 2994
f 2798 2996 2995
f 2798 2997 2996
f 2998 2999 2997
f 2998 2997 2899
f 2899 2997 2798
f 2899 2900 3000
f 2998 2899 3000
f 2900 2901 3001
f 3000 2900 3001
f 2901 2903 3001
f 2906 3002 3003
f 2905 2906 3003
f 2798 3004 2906
f 2906 3004 3002
f 3005 3006 3004
f 3005 3004 2907
f 2907 3004 2798
f 2907 2909 3005
f 2911 3007 2917
f 2805 2911 2917
f 2911 3008 3007
f 2998 3009 2999
f 3000 3009 2998
f 3010 3009 3000
f 3001 3010 3000
f 3011 3010 3001
f 2903 3011 3001
f 2903 2912 3011
f 2912 3084 3011
f 2913 3012 2912
f 2912 3012 3084
f 2914 3003 2913
f 2913 3003 3012
f 3003 2914 2905
f 3005 3013 3006
f 2909 3013 3005
f 2909 2915 3013
f 2916 3014 2915
f 2915 3014 3013
f 2917 3015 2916
f 2916 3015 3014
f 2924 2923 3016
f 2924 3017 2925
f 3016 3017 2924
f 2925 3017 2919
f 3017 3018 2919
f 2919 3018 2926
f 3019 3020 3021
f 3019 2930 2929
f 3019 3021 2930
f 3021 2831 2930
f 2831 3022 3023
f 2831 3023 3024
f 3025 3024 3026
f 3025 2931 3024
f 2931 2831 3024
f 2931 3039 2932
f 3025 3039 2931
f 2932 3039 2933
f 2933 3039 2934
f 2934 3039 2935
f 3039 3027 2935
f 3027 3107 2935
f 2937 2936 3107
f 3016 2923 2937
f 3016 2937 3028
f 3028 2937 3107
f 3017 3016 3028
f 3029 3017 3028
f 3030 3017 3029
f 3031 3017 3030
f 3018 3017 3031
f 3032 3018 3031
f 2926 3018 3032
f 2926 3032 2938
f 2938 3032 3033
f 3034 3033 3035
f 3034 2939 3033
f 2939 2938 3033
f 2939 3036 2940
f 3034 3036 2939
f 2940 3036 2942
f 2945 3121 3037
f 2944 3121 2945
f 3020 3019 2946
f 3020 2946 3037
f 3037 2946 2945
f 2929 2946 3019
f 3025 3026 3038
f 3039 3025 3038
f 3034 3035 3040
f 3036 3034 3040
f 3041 3036 3040
f 2942 3036 3041
f 2942 3041 3042
f 2949 3042 3043
f 2949 2947 3042
f 2947 2942 3042
f 2951 3121 2952
f 3121 2944 2952
f 3044 2949 3043
f 3045 3044 3043
f 2949 3044 2954
f 2955 3121 2956
f 3121 2951 2956
f 3044 3045 3046
f 3046 2954 3044
f 3046 3047 2954
f 3047 2958 2954
f 2960 3048 3121
f 3121 2955 2960
f 3049 2961 2958
f 3049 2958 3050
f 3050 2958 3047
f 2961 3049 2962
f 2960 2963 3048
f 3052 3049 3050
f 2962 3052 2964
f 3049 3052 2962
f 2967 3051 2963
f 2966 3051 2967
f 2964 3052 2968
f 2966 2973 3051
f 2968 3052 2969
f 2971 3052 2972
f 3052 3055 2972
f 2973 3054 3053
f 2972 3055 2975
f 2975 3055 2976
f 2976 3055 2978
f 3057 3056 2973
f 3058 3055 3059
f 3058 2979 3055
f 2980 3057 2973
f 3060 3057 2980
f 3061 3059 3062
f 3059 3061 3058
f 3058 3061 3063
f 2979 3063 2981
f 3058 3063 2979
f 2980 3064 3060
f 2980 3065 3064
f 2982 3061 3062
f 2982 3062 2983
f 2983 3062 3226
f 2984 3061 2982
f 3063 3061 2984
f 2981 3063 2984
f 2980 3066 3065
f 2980 3067 3066
f 2980 3068 3067
f 2980 2985 3068
f 2985 3310 3068
f 3310 2985 2987
f 3226 3069 2988
f 2987 3070 3310
f 2989 3070 2987
f 3071 3072 3070
f 3071 3070 2990
f 2990 3070 2989
f 2990 2992 3071
f 3069 3008 2988
f 3071 3073 3072
f 2992 3073 3071
f 2992 2993 3073
f 2993 2798 3073
f 2798 3075 3074
f 3076 3077 3075
f 3076 3075 2994
f 2994 3075 2798
f 2994 2995 3084
f 3076 2994 3084
f 2995 2996 3084
f 2996 2997 3078
f 3084 2996 3078
f 2997 2999 3078
f 3002 3079 3003
f 3002 3004 3080
f 3079 3002 3080
f 3080 3004 3081
f 3004 3006 3081
f 2917 3007 3082
f 3007 3008 3082
f 3083 3084 3078
f 2999 3083 3078
f 2999 3009 3083
f 3009 3084 3083
f 3010 3084 3009
f 3011 3084 3010
f 3085 3084 3012
f 3012 3003 3086
f 3085 3012 3086
f 3003 3079 3086
f 3086 3079 3087
f 3080 3087 3079
f 3081 3087 3080
f 3006 3013 3087
f 3006 3087 3081
f 3013 3014 3087
f 3014 3015 3088
f 3087 3014 3088
f 3089 3088 3015
f 3089 3015 3090
f 3090 3015 2917
f 3085 3091 3084
f 3086 3091 3085
f 3092 3091 3086
f 3087 3092 3086
f 3093 3092 3087
f 3094 3093 3087
f 3095 3094 3087
f 3096 3095 3087
f 3097 3096 3087
f 3098 3097 3087
f 3088 3098 3087
f 3099 3098 3088
f 3089 3099 3088
f 3021 3100 3101
f 3020 3100 3021
f 3021 3101 2831
f 3102 3022 3359
f 3022 2831 3359
f 3022 3103 3023
f 3102 3103 3022
f 3023 3104 3024
f 3103 3104 3023
f 3024 3104 3026
f 3027 3105 3106
f 3039 3105 3027
f 3027 3106 3107
f 3029 3028 3107
f 3030 3029 3107
f 3031 3030 3108
f 3030 3107 3108
f 3032 3031 3108
f 3033 3032 3108
f 3108 3035 3033
f 3037 3121 3109
f 3100 3020 3037
f 3109 3100 3037
f 3102 3359 3110
f 3103 3102 3110
f 3111 3103 3110
f 3104 3103 3111
f 3112 3104 3111
f 3026 3104 3112
f 3026 3112 3038
f 3038 3112 3039
f 3113 3105 3039
f 3035 3108 3114
f 3040 3035 3114
f 3115 3114 3116
f 3115 3041 3114
f 3041 3040 3114
f 3041 3117 3042
f 3115 3117 3041
f 3042 3117 3043
f 3115 3116 3118
f 3118 3119 3120
f 3118 3120 3115
f 3115 3120 3117
f 3043 3120 3045
f 3117 3120 3043
f 3120 3119 3122
f 3123 3122 3124
f 3046 3122 3123
f 3046 3120 3122
f 3046 3045 3120
f 3046 3123 3047
f 3048 3125 3121
f 3052 3123 3124
f 3126 3052 3124
f 3047 3052 3050
f 3123 3052 3047
f 3048 2963 3125
f 3127 3052 3126
f 2963 3128 3129
f 3051 3128 2963
f 3130 3052 3127
f 3051 2973 3128
f 3131 3052 3130
f 3132 3052 3131
f 3133 3052 3132
f 3134 3135 3136
f 3134 3054 2973
f 3134 3136 3054
f 3137 3052 3133
f 3138 3135 3134
f 3134 2973 3138
f 3139 3052 3137
f 3140 3052 3139
f 2973 3056 3138
f 3141 3052 3140
f 3142 3141 3140
f 3052 3141 3055
f 3138 3056 3143
f 3143 3056 3057
f 3059 3141 3142
f 3055 3141 3059
f 3057 3060 3143
f 3143 3060 3144
f 3062 3059 3145
f 3060 3309 3144
f 3064 3309 3060
f 3309 3064 3065
f 3062 3145 3226
f 3066 3309 3065
f 3309 3066 3067
f 3068 3309 3067
f 3068 3310 3309
f 3226 3146 3069
f 3310 3070 3072
f 3146 3008 3069
f 3147 3008 3146
f 3072 3148 3310
f 3073 3148 3072
f 3073 2798 3148
f 3149 2798 3074
f 3074 3075 3150
f 3149 3074 3150
f 3075 3077 3150
f 3152 3151 3082
f 3152 3082 3153
f 3153 3082 3008
f 3149 3154 2798
f 3150 3154 3149
f 3155 3154 3150
f 3077 3155 3150
f 3077 3076 3155
f 3076 3084 3155
f 3084 3157 3156
f 3158 3157 3084
f 3090 3159 3160
f 3089 3090 3160
f 2917 3161 3090
f 3090 3161 3159
f 2917 3162 3161
f 2917 3163 3162
f 3151 2917 3082
f 3151 3164 2917
f 3164 3163 2917
f 3152 3164 3151
f 3084 3165 3158
f 3091 3165 3084
f 3092 3166 3091
f 3091 3166 3165
f 3093 3167 3092
f 3092 3167 3166
f 3094 3168 3093
f 3093 3168 3167
f 3095 3169 3094
f 3094 3169 3168
f 3096 3170 3095
f 3095 3170 3169
f 3097 3171 3096
f 3096 3171 3170
f 3098 3172 3097
f 3097 3172 3171
f 3099 3173 3098
f 3098 3173 3172
f 3160 3099 3089
f 3173 3099 3160
f 3106 3105 3174
f 3106 3175 3107
f 3174 3175 3106
f 3175 3176 3107
f 3176 3177 3107
f 3177 3178 3107
f 3178 3179 3107
f 3179 3180 3107
f 3107 3181 3108
f 3180 3181 3107
f 3181 3182 3108
f 3182 3183 3108
f 3184 3185 3186
f 3184 3109 3121
f 3184 3186 3109
f 3186 3187 3109
f 3101 3100 3109
f 3187 3101 3109
f 3110 3359 3188
f 3111 3110 3039
f 3110 3188 3039
f 3112 3111 3039
f 3174 3105 3113
f 3174 3113 3189
f 3189 3113 3039
f 3175 3174 3189
f 3190 3175 3189
f 3176 3175 3190
f 3191 3176 3190
f 3177 3176 3191
f 3192 3177 3191
f 3178 3177 3192
f 3193 3178 3192
f 3179 3178 3193
f 3194 3179 3193
f 3180 3179 3194
f 3195 3180 3194
f 3181 3180 3195
f 3196 3181 3195
f 3182 3181 3196
f 3197 3182 3196
f 3183 3182 3197
f 3198 3183 3197
f 3199 3198 3200
f 3114 3198 3199
f 3114 3183 3198
f 3114 3108 3183
f 3114 3199 3116
f 3184 3201 3202
f 3185 3184 3202
f 3199 3200 3203
f 3116 3199 3203
f 3116 3203 3118
f 3118 3203 3204
f 3204 3119 3118
f 3205 3119 3204
f 3121 3201 3184
f 3121 3206 3201
f 3207 3122 3119
f 3207 3119 3208
f 3208 3119 3205
f 3122 3207 3124
f 3121 3209 3210
f 3125 3209 3121
f 3210 3206 3121
f 3211 3207 3208
f 3212 3211 3208
f 3124 3211 3126
f 3207 3211 3124
f 3125 2963 3209
f 3209 2963 3213
f 3211 3212 3214
f 3214 3126 3211
f 3214 3215 3126
f 3215 3127 3126
f 3129 3216 3217
f 3128 3216 3129
f 3213 2963 3129
f 3217 3213 3129
f 3127 3215 3130
f 3215 3218 3130
f 3128 2973 3216
f 3216 2973 3219
f 3130 3218 3131
f 3218 3220 3131
f 3219 2973 3221
f 3131 3220 3132
f 3220 3059 3132
f 2973 3053 3221
f 3132 3059 3133
f 3054 3136 3222
f 3222 3053 3054
f 3133 3059 3137
f 3137 3059 3139
f 3139 3059 3140
f 3140 3059 3142
f 3223 3138 3143
f 3143 3144 3223
f 3223 3144 3224
f 3145 3059 3225
f 3144 3309 3224
f 3145 3225 3226
f 3226 3227 3146
f 3147 3228 3229
f 3008 3147 3229
f 3227 3147 3146
f 3228 3147 3227
f 3148 3230 3310
f 3148 2798 3230
f 3153 3231 3232
f 3152 3153 3232
f 3229 3153 3008
f 3231 3153 3229
f 2798 3154 3233
f 3154 3234 3233
f 3155 3234 3154
f 3084 3234 3155
f 3084 3235 3234
f 3236 3237 3235
f 3236 3235 3156
f 3156 3235 3084
f 3156 3157 3238
f 3236 3156 3238
f 3157 3158 3238
f 3159 3239 3160
f 3159 3161 3240
f 3239 3159 3240
f 3161 3162 3241
f 3240 3161 3241
f 3162 3163 3242
f 3241 3162 3242
f 3243 3242 3163
f 3243 3163 3244
f 3244 3163 3164
f 3232 3164 3152
f 3244 3164 3232
f 3236 3245 3237
f 3238 3245 3236
f 3246 3245 3238
f 3158 3246 3238
f 3158 3165 3246
f 3165 3247 3246
f 3166 3248 3165
f 3165 3248 3247
f 3167 3249 3166
f 3166 3249 3248
f 3168 3250 3167
f 3167 3250 3249
f 3169 3251 3168
f 3168 3251 3250
f 3171 3252 3170
f 3170 3252 3169
f 3172 3253 3171
f 3171 3253 3252
f 3239 3173 3160
f 3239 3254 3173
f 3254 3172 3173
f 3240 3254 3239
f 3255 3254 3240
f 3241 3255 3240
f 3256 3255 3241
f 3242 3256 3241
f 3257 3256 3242
f 3243 3257 3242
f 3259 3258 3101
f 3258 2831 3101
f 3185 3259 3186
f 3259 3187 3186
f 3101 3187 3259
f 3188 3359 3260
f 3039 3188 3261
f 3188 3260 3261
f 3039 3262 3263
f 3189 3039 3264
f 3039 3263 3264
f 3190 3189 3265
f 3189 3264 3265
f 3191 3190 3266
f 3190 3265 3266
f 3192 3191 3267
f 3191 3266 3267
f 3193 3192 3268
f 3192 3267 3268
f 3194 3193 3269
f 3193 3268 3269
f 3195 3194 3270
f 3194 3269 3270
f 3196 3195 3271
f 3195 3270 3271
f 3197 3196 3272
f 3196 3271 3272
f 3273 3272 3274
f 3273 3198 3272
f 3198 3197 3272
f 3198 3273 3200
f 3202 3275 3259
f 3201 3275 3202
f 3259 3185 3202
f 3273 3274 3276
f 3200 3273 3276
f 3200 3276 3203
f 3203 3276 3277
f 3278 3277 3279
f 3278 3204 3277
f 3204 3203 3277
f 3204 3278 3205
f 3280 3281 3259
f 3280 3259 3275
f 3280 3275 3206
f 3206 3275 3201
f 3278 3279 3282
f 3282 3205 3278
f 3282 3283 3205
f 3283 3208 3205
f 3210 3281 3280
f 3210 3209 3281
f 3209 3284 3281
f 3206 3210 3280
f 3208 3283 3212
f 3209 3213 3284
f 3284 3213 3285
f 3286 3214 3212
f 3286 3212 3287
f 3214 3286 3215
f 3217 3288 3289
f 3216 3288 3217
f 3285 3213 3217
f 3289 3285 3217
f 3290 3286 3287
f 3215 3290 3218
f 3286 3290 3215
f 3291 3288 3219
f 3219 3288 3216
f 3293 3290 3287
f 3218 3293 3220
f 3290 3293 3218
f 3294 3292 3291
f 3219 3221 3291
f 3293 3287 3395
f 3395 3220 3293
f 3395 3295 3220
f 3295 3059 3220
f 3296 3294 3291
f 3297 3294 3296
f 3221 3053 3296
f 3291 3221 3296
f 3295 3298 3059
f 3136 3299 3300
f 3135 3299 3136
f 3297 3296 3222
f 3297 3222 3300
f 3300 3222 3136
f 3053 3222 3296
f 3298 3301 3059
f 3135 3138 3299
f 3301 3302 3059
f 3302 3303 3059
f 3303 3304 3059
f 3305 3138 3223
f 3304 3306 3059
f 3223 3224 3305
f 3305 3224 3307
f 3059 3308 3225
f 3308 3059 3306
f 3224 3309 3307
f 3311 3312 3313
f 3311 3229 3228
f 3311 3228 3312
f 3312 3228 3314
f 3314 3228 3227
f 3230 3315 3310
f 3316 3317 3315
f 3316 3315 2798
f 2798 3315 3230
f 3231 3311 3313
f 3231 3313 3232
f 3232 3313 3676
f 3229 3311 3231
f 3316 3318 3317
f 2798 3318 3316
f 2798 3233 3318
f 3233 3319 3318
f 3320 3485 3319
f 3320 3319 3234
f 3234 3319 3233
f 3320 3234 3321
f 3321 3234 3322
f 3322 3234 3323
f 3323 3234 3324
f 3324 3234 3325
f 3234 3235 3326
f 3325 3234 3326
f 3235 3237 3326
f 3243 3244 3676
f 3676 3244 3232
f 3321 3485 3320
f 3322 3485 3321
f 3323 3485 3322
f 3324 3485 3323
f 3327 3485 3324
f 3325 3327 3324
f 3328 3327 3325
f 3326 3328 3325
f 3329 3328 3326
f 3237 3329 3326
f 3237 3245 3329
f 3245 3330 3329
f 3331 3332 3330
f 3331 3330 3246
f 3246 3330 3245
f 3246 3247 3333
f 3331 3246 3333
f 3247 3248 3334
f 3333 3247 3334
f 3248 3249 3335
f 3334 3248 3335
f 3249 3250 3336
f 3335 3249 3336
f 3250 3251 3337
f 3336 3250 3337
f 3251 3169 3338
f 3337 3251 3338
f 3169 3252 3339
f 3338 3169 3339
f 3252 3253 3340
f 3339 3252 3340
f 3253 3172 3341
f 3340 3253 3341
f 3172 3254 3342
f 3341 3172 3342
f 3254 3255 3343
f 3342 3254 3343
f 3344 3343 3255
f 3344 3255 3345
f 3345 3255 3256
f 3257 3346 3256
f 3256 3346 3345
f 3676 3257 3243
f 3346 3257 3676
f 3331 3347 3332
f 3333 3347 3331
f 3348 3347 3333
f 3334 3348 3333
f 3349 3348 3334
f 3335 3349 3334
f 3350 3349 3335
f 3336 3350 3335
f 3351 3350 3336
f 3337 3351 3336
f 3352 3351 3337
f 3338 3352 3337
f 3353 3352 3338
f 3339 3353 3338
f 3354 3353 3339
f 3340 3354 3339
f 3355 3354 3340
f 3341 3355 3340
f 3356 3355 3341
f 3342 3356 3341
f 3357 3356 3342
f 3343 3357 3342
f 3358 3357 3343
f 3344 3358 3343
f 3260 3359 3360
f 3261 3260 3361
f 3260 3360 3361
f 3039 3261 3362
f 3261 3361 3362
f 3039 3362 3363
f 3039 3363 3364
f 3039 3364 3365
f 3262 3039 3366
f 3039 3365 3366
f 3263 3262 3367
f 3262 3366 3367
f 3264 3263 3368
f 3263 3367 3368
f 3265 3264 3369
f 3264 3368 3369
f 3266 3265 3370
f 3265 3369 3370
f 3267 3266 3371
f 3266 3370 3371
f 3268 3267 3372
f 3267 3371 3372
f 3269 3268 3373
f 3268 3372 3373
f 3270 3269 3374
f 3269 3373 3374
f 3271 3270 3374
f 3375 3374 3376
f 3375 3272 3374
f 3272 3271 3374
f 3272 3375 3274
f 3375 3376 3377
f 3274 3375 3377
f 3274 3377 3276
f 3276 3377 3378
f 3379 3378 3380
f 3379 3277 3378
f 3277 3276 3378
f 3277 3379 3279
f 3281 3381 3259
f 3379 3380 3382
f 3383 3382 3384
f 3282 3382 3383
f 3282 3379 3382
f 3282 3279 3379
f 3282 3383 3283
f 3281 3284 3381
f 3381 3284 3385
f 3383 3384 3386
f 3386 3283 3383
f 3386 3387 3283
f 3387 3212 3283
f 3388 3389 3390
f 3388 3390 3385
f 3388 3385 3285
f 3285 3385 3284
f 3212 3387 3287
f 3387 3395 3287
f 3391 3392 3389
f 3388 3391 3389
f 3388 3288 3391
f 3388 3289 3288
f 3285 3289 3388
f 3291 3392 3391
f 3291 3292 3392
f 3292 3393 3392
f 3288 3291 3391
f 3292 3294 3393
f 3393 3294 3394
f 3294 3297 3394
f 3394 3297 3396
f 3295 3395 3298
f 3300 3397 3398
f 3299 3397 3300
f 3396 3297 3300
f 3398 3396 3300
f 3298 3395 3301
f 3299 3138 3397
f 3301 3395 3302
f 3302 3395 3303
f 3303 3395 3304
f 3399 3138 3305
f 3401 3400 3395
f 3304 3400 3306
f 3395 3400 3304
f 3305 3307 3399
f 3399 3307 3402
f 3308 3400 3401
f 3308 3401 3225
f 3225 3401 3403
f 3306 3400 3308
f 3307 3309 3402
f 3225 3403 3226
f 3403 3404 3226
f 3405 3406 3407
f 3405 3404 3406
f 3405 3226 3404
f 3408 3409 3410
f 3407 3409 3408
f 3407 3408 3405
f 3405 3408 3411
f 3226 3411 3227
f 3405 3411 3226
f 3413 3412 3310
f 3312 3408 3410
f 3312 3410 3313
f 3313 3410 3676
f 3314 3408 3312
f 3411 3408 3314
f 3227 3411 3314
f 3310 3315 3317
f 3414 3310 3317
f 3317 3415 3414
f 3318 3415 3317
f 3319 3416 3318
f 3318 3416 3415
f 3416 3319 3485
f 3418 3419 3417
f 3418 3417 3327
f 3327 3417 3485
f 3327 3328 3420
f 3418 3327 3420
f 3328 3329 3421
f 3420 3328 3421
f 3329 3330 3422
f 3421 3329 3422
f 3330 3332 3422
f 3344 3345 3575
f 3346 3423 3345
f 3345 3423 3575
f 3423 3346 3676
f 3418 3424 3419
f 3420 3424 3418
f 3425 3424 3420
f 3421 3425 3420
f 3426 3425 3421
f 3422 3426 3421
f 3332 3426 3422
f 3332 3347 3426
f 3347 3427 3426
f 3348 3427 3347
f 3349 3427 3348
f 3350 3427 3349
f 3351 3427 3350
f 3352 3427 3351
f 3353 3427 3352
f 3354 3427 3353
f 3355 3427 3354
f 3356 3427 3355
f 3357 3582 3356
f 3356 3582 3427
f 3358 3582 3357
f 3575 3358 3344
f 3582 3358 3575
f 2831 3258 3359
f 3360 3359 3428
f 3361 3360 3429
f 3360 3428 3429
f 3362 3361 3430
f 3361 3429 3430
f 3363 3362 3431
f 3362 3430 3431
f 3364 3363 3432
f 3363 3431 3432
f 3365 3364 3433
f 3364 3432 3433
f 3366 3365 3434
f 3365 3433 3434
f 3367 3366 3435
f 3366 3434 3435
f 3368 3367 3436
f 3367 3435 3436
f 3369 3368 3437
f 3368 3436 3437
f 3370 3369 3438
f 3369 3437 3438
f 3439 3438 3440
f 3439 3371 3438
f 3371 3370 3438
f 3371 3441 3372
f 3439 3441 3371
f 3372 3442 3373
f 3441 3442 3372
f 3373 3443 3374
f 3442 3443 3373
f 3443 3444 3374
f 3374 3444 3376
f 3439 3440 3445
f 3441 3439 3445
f 3446 3441 3445
f 3442 3441 3446
f 3447 3442 3446
f 3443 3442 3447
f 3448 3443 3447
f 3444 3443 3448
f 3449 3444 3448
f 3376 3444 3449
f 3376 3449 3377
f 3377 3449 3532
f 3378 3377 3532
f 3532 3380 3378
f 3450 3380 3532
f 3381 3451 3259
f 3380 3450 3452
f 3382 3380 3452
f 3452 3384 3382
f 3453 3384 3452
f 3454 3455 3451
f 3454 3451 3385
f 3385 3451 3381
f 3456 3386 3384
f 3456 3384 3457
f 3457 3384 3453
f 3386 3456 3387
f 3390 3455 3454
f 3390 3389 3455
f 3389 3633 3455
f 3385 3390 3454
f 3458 3456 3457
f 3459 3458 3457
f 3387 3458 3395
f 3456 3458 3387
f 3395 3458 3459
f 3460 3395 3459
f 3392 3393 3389
f 3389 3393 3461
f 3462 3395 3460
f 3393 3394 3461
f 3461 3394 3463
f 3464 3395 3462
f 3394 3396 3463
f 3463 3396 3465
f 3398 3397 3466
f 3398 3466 3467
f 3398 3467 3396
f 3396 3467 3465
f 3466 3468 3469
f 3466 3397 3468
f 3397 3138 3468
f 3467 3466 3469
f 3470 3138 3399
f 3395 3471 3401
f 3399 3402 3470
f 3470 3402 3472
f 3473 3474 3475
f 3473 3471 3474
f 3473 3403 3471
f 3403 3401 3471
f 3402 3309 3472
f 3406 3473 3475
f 3476 3406 3475
f 3403 3406 3404
f 3473 3406 3403
f 3406 3476 3407
f 3407 3476 3477
f 3410 3409 3477
f 3477 3409 3407
f 3310 3478 3309
f 3310 3412 3478
f 3412 3479 3478
f 3479 3412 3413
f 3480 3479 3413
f 3410 3477 3676
f 3413 3481 3480
f 3310 3481 3413
f 3481 3310 3414
f 3482 3481 3414
f 3414 3483 3482
f 3415 3483 3414
f 3416 3484 3415
f 3415 3484 3483
f 3484 3416 3485
f 3417 3487 3485
f 3485 3487 3486
f 3487 3417 3419
f 3488 3487 3419
f 3423 3489 3575
f 3489 3423 3676
f 3419 3490 3488
f 3424 3490 3419
f 3491 3492 3490
f 3491 3490 3425
f 3425 3490 3424
f 3425 3426 3493
f 3491 3425 3493
f 3493 3426 3494
f 3426 3427 3495
f 3494 3426 3495
f 3495 3427 3496
f 3496 3427 3497
f 3497 3427 3498
f 3498 3427 3499
f 3499 3427 3500
f 3500 3427 3501
f 3501 3427 3502
f 3502 3427 3503
f 3503 3427 3504
f 3505 3504 3427
f 3505 3427 3506
f 3506 3427 3582
f 3491 3507 3492
f 3493 3507 3491
f 3508 3507 3493
f 3494 3508 3493
f 3509 3508 3494
f 3495 3509 3494
f 3510 3509 3495
f 3496 3510 3495
f 3511 3510 3496
f 3497 3511 3496
f 3512 3511 3497
f 3498 3512 3497
f 3513 3512 3498
f 3499 3513 3498
f 3514 3513 3499
f 3500 3514 3499
f 3515 3514 3500
f 3501 3515 3500
f 3516 3515 3501
f 3502 3516 3501
f 3517 3516 3502
f 3503 3517 3502
f 3518 3517 3503
f 3504 3518 3503
f 3519 3518 3504
f 3505 3519 3504
f 3428 3359 3520
f 3429 3428 3521
f 3428 3520 3521
f 3430 3429 3522
f 3429 3521 3522
f 3431 3430 3523
f 3430 3522 3523
f 3432 3431 3524
f 3431 3523 3524
f 3433 3432 3525
f 3432 3524 3525
f 3434 3433 3526
f 3433 3525 3526
f 3435 3434 3527
f 3434 3526 3527
f 3436 3435 3528
f 3435 3527 3528
f 3437 3436 3529
f 3436 3528 3529
f 3438 3437 3530
f 3437 3529 3530
f 3530 3440 3438
f 3445 3440 3530
f 3447 3446 3445
f 3448 3447 3445
f 3449 3448 3531
f 3448 3445 3531
f 3449 3531 3532
f 3533 3450 3532
f 3534 3452 3450
f 3534 3450 3535
f 3535 3450 3533
f 3452 3534 3453
f 3455 3536 3259
f 3259 3451 3455
f 3534 3535 3537
f 3537 3453 3534
f 3537 3538 3453
f 3538 3457 3453
f 3455 3633 3536
f 3457 3538 3459
f 3538 3539 3459
f 3389 3540 3633
f 3459 3539 3460
f 3539 3541 3460
f 3389 3461 3540
f 3540 3461 3542
f 3460 3541 3462
f 3541 3543 3462
f 3461 3463 3542
f 3542 3463 3544
f 3462 3543 3464
f 3543 3545 3464
f 3463 3465 3544
f 3544 3465 3546
f 3395 3464 3547
f 3547 3464 3545
f 3465 3467 3546
f 3546 3467 3548
f 3395 3547 3549
f 3469 3550 3551
f 3468 3550 3469
f 3548 3467 3469
f 3551 3548 3469
f 3468 3138 3550
f 3550 3138 3552
f 3552 3138 3553
f 3549 3554 3395
f 3138 3555 3553
f 3555 3138 3470
f 3556 3555 3470
f 3557 3558 3559
f 3557 3554 3558
f 3557 3471 3554
f 3471 3395 3554
f 3470 3472 3556
f 3556 3472 3560
f 3474 3557 3559
f 3474 3559 3475
f 3475 3559 3751
f 3471 3557 3474
f 3472 3561 3560
f 3309 3561 3472
f 3562 3561 3309
f 3475 3751 3476
f 3476 3751 3477
f 3751 3563 3477
f 3478 3564 3309
f 3479 3565 3478
f 3478 3565 3564
f 3565 3479 3480
f 3566 3565 3480
f 3480 3567 3566
f 3481 3567 3480
f 3567 3481 3482
f 3568 3567 3482
f 3482 3569 3568
f 3483 3569 3482
f 3484 3570 3483
f 3483 3570 3569
f 3570 3484 3485
f 3572 3573 3571
f 3572 3571 3486
f 3486 3571 3485
f 3486 3487 3574
f 3572 3486 3574
f 3487 3488 3574
f 3489 3576 3575
f 3576 3489 3676
f 3572 3577 3573
f 3574 3577 3572
f 3578 3577 3574
f 3488 3578 3574
f 3488 3490 3578
f 3490 3579 3578
f 3579 3490 3492
f 3580 3579 3492
f 3505 3506 3581
f 3506 3582 3581
f 3492 3583 3580
f 3507 3583 3492
f 3508 3584 3507
f 3507 3584 3583
f 3585 3586 3584
f 3585 3584 3509
f 3509 3584 3508
f 3509 3510 3587
f 3585 3509 3587
f 3510 3511 3588
f 3587 3510 3588
f 3589 3588 3511
f 3589 3511 3590
f 3590 3511 3512
f 3513 3591 3512
f 3512 3591 3590
f 3514 3592 3513
f 3513 3592 3591
f 3515 3593 3514
f 3514 3593 3592
f 3516 3594 3515
f 3515 3594 3593
f 3517 3595 3516
f 3516 3595 3594
f 3518 3596 3517
f 3517 3596 3595
f 3519 3597 3518
f 3518 3597 3596
f 3581 3519 3505
f 3597 3519 3581
f 3585 3598 3586
f 3587 3598 3585
f 3599 3598 3587
f 3588 3599 3587
f 3600 3599 3588
f 3589 3600 3588
f 3359 3258 3601
f 3258 3706 3601
f 3359 3601 3602
f 3359 3602 3603
f 3359 3603 3604
f 3605 3359 3604
f 3359 3605 3607
f 3520 3359 3607
f 3521 3520 3819
f 3520 3607 3819
f 3522 3521 3608
f 3521 3819 3608
f 3523 3522 3609
f 3522 3608 3609
f 3524 3523 3610
f 3523 3609 3610
f 3525 3524 3611
f 3524 3610 3611
f 3526 3525 3612
f 3525 3611 3612
f 3527 3526 3613
f 3526 3612 3613
f 3528 3527 3614
f 3527 3613 3614
f 3529 3528 3615
f 3528 3614 3615
f 3530 3529 3616
f 3529 3615 3616
f 3616 3445 3530
f 3617 3445 3616
f 3259 3618 3619
f 3619 3606 3259
f 3621 3620 3622
f 3621 3531 3620
f 3531 3445 3620
f 3531 3623 3532
f 3621 3623 3531
f 3623 3624 3532
f 3532 3624 3533
f 3625 3618 3259
f 3621 3622 3626
f 3623 3621 3626
f 3627 3623 3626
f 3624 3623 3627
f 3628 3624 3627
f 3628 3533 3624
f 3628 3629 3533
f 3629 3535 3533
f 3536 3630 3259
f 3631 3537 3535
f 3631 3535 3632
f 3632 3535 3629
f 3537 3631 3538
f 3536 3633 3630
f 3634 3631 3632
f 3635 3634 3632
f 3538 3634 3539
f 3631 3634 3538
f 3540 3636 3633
f 3634 3635 3637
f 3637 3539 3634
f 3637 3638 3539
f 3638 3541 3539
f 3540 3542 3636
f 3636 3542 3639
f 3541 3638 3543
f 3638 3640 3543
f 3542 3544 3639
f 3639 3544 3641
f 3543 3640 3545
f 3640 3642 3545
f 3544 3546 3641
f 3641 3546 3643
f 3545 3642 3547
f 3642 3644 3547
f 3546 3548 3643
f 3643 3548 3645
f 3646 3549 3547
f 3646 3547 3647
f 3647 3547 3644
f 3551 3550 3648
f 3551 3648 3649
f 3551 3649 3548
f 3548 3649 3645
f 3650 3646 3647
f 3648 3552 3651
f 3550 3552 3648
f 3652 3649 3648
f 3651 3652 3648
f 3653 3646 3650
f 3651 3553 3654
f 3552 3553 3651
f 3655 3652 3651
f 3654 3655 3651
f 3656 3646 3653
f 3657 3656 3653
f 3549 3656 3554
f 3646 3656 3549
f 3553 3555 3654
f 3654 3555 3556
f 3654 3556 3655
f 3655 3556 3658
f 3558 3656 3657
f 3558 3657 3559
f 3559 3657 3751
f 3554 3656 3558
f 3659 3560 3660
f 3659 3658 3560
f 3658 3556 3560
f 3659 3660 3661
f 3560 3561 3660
f 3660 3561 3562
f 3660 3562 3661
f 3661 3562 3663
f 3662 3664 3751
f 3562 3665 3663
f 3309 3665 3562
f 3666 3665 3309
f 3751 3664 3563
f 3664 3667 3563
f 3309 3668 3666
f 3669 3668 3309
f 3667 3477 3563
f 3309 3671 3669
f 3564 3671 3309
f 3565 3672 3564
f 3564 3672 3671
f 3672 3565 3566
f 3673 3672 3566
f 3477 3670 3676
f 3566 3674 3673
f 3567 3674 3566
f 3674 3567 3568
f 3675 3674 3568
f 3568 3677 3675
f 3569 3677 3568
f 3570 3678 3569
f 3569 3678 3677
f 3678 3570 3485
f 3571 3680 3485
f 3485 3680 3679
f 3680 3571 3573
f 3681 3680 3573
f 3576 3682 3575
f 3682 3576 3676
f 3573 3683 3681
f 3577 3683 3573
f 3578 3684 3577
f 3577 3684 3683
f 3685 3686 3684
f 3685 3684 3579
f 3579 3684 3578
f 3579 3580 3685
f 3685 3687 3686
f 3580 3687 3685
f 3580 3583 3687
f 3583 3688 3687
f 3689 3690 3688
f 3689 3688 3584
f 3584 3688 3583
f 3584 3586 3689
f 3590 3691 3589
f 3590 3591 3692
f 3691 3590 3692
f 3591 3592 3693
f 3692 3591 3693
f 3694 3693 3592
f 3694 3592 3695
f 3695 3592 3593
f 3594 3696 3593
f 3593 3696 3695
f 3595 3697 3594
f 3594 3697 3696
f 3596 3698 3595
f 3595 3698 3697
f 3597 3699 3596
f 3596 3699 3698
f 3699 3597 3581
f 3689 3700 3690
f 3586 3700 3689
f 3586 3598 3700
f 3598 4011 3700
f 3599 3805 3598
f 3598 3805 4011
f 3600 3805 3599
f 3691 3600 3589
f 3691 3701 3600
f 3701 3805 3600
f 3692 3701 3691
f 3702 3701 3692
f 3693 3702 3692
f 3703 3702 3693
f 3694 3703 3693
f 3258 3704 3705
f 3259 3704 3258
f 3258 3705 3706
f 3707 3706 3708
f 3707 3601 3706
f 3601 3709 3602
f 3707 3709 3601
f 3602 3710 3603
f 3709 3710 3602
f 3603 3711 3604
f 3710 3711 3603
f 3604 3711 3605
f 3259 3712 3713
f 3606 3712 3259
f 3713 3704 3259
f 3707 3708 3714
f 3709 3707 3714
f 3715 3709 3714
f 3710 3709 3715
f 3716 3710 3715
f 3711 3710 3716
f 3605 3711 3716
f 3605 3716 3607
f 3607 3716 3819
f 3609 3608 3717
f 3608 3819 3717
f 3610 3609 4025
f 3609 3717 4025
f 3611 3610 4025
f 3612 3611 3718
f 3611 4025 3718
f 3613 3612 3719
f 3612 3718 3719
f 3614 3613 3720
f 3613 3719 3720
f 3615 3614 3721
f 3614 3720 3721
f 3722 3721 3723
f 3722 3616 3721
f 3616 3615 3721
f 3616 3722 3617
f 3619 3618 3724
f 3619 3724 3725
f 3619 3725 3606
f 3606 3725 3712
f 3722 3723 3445
f 3617 3722 3445
f 3620 3445 3726
f 3726 3622 3620
f 3727 3622 3726
f 3625 3259 3728
f 3724 3618 3625
f 3724 3625 3729
f 3729 3625 3728
f 3725 3724 3729
f 3622 3727 3730
f 3626 3622 3730
f 3627 3626 3731
f 3626 3730 3731
f 3732 3731 3733
f 3732 3628 3731
f 3628 3627 3731
f 3628 3732 3629
f 3630 3734 3259
f 3732 3733 3735
f 3735 3629 3732
f 3735 3736 3629
f 3736 3632 3629
f 3630 3633 3734
f 3632 3736 3635
f 3736 3740 3635
f 3633 3737 3738
f 3636 3737 3633
f 3739 3637 3635
f 3739 3635 3740
f 3637 3739 3638
f 3636 3639 3737
f 3737 3639 3741
f 3742 3739 3740
f 3638 3742 3640
f 3739 3742 3638
f 3639 3641 3741
f 3741 3641 3743
f 3744 3742 3740
f 3640 3744 3642
f 3742 3744 3640
f 3641 3643 3743
f 3743 3643 3745
f 3642 3744 3644
f 3643 3645 3745
f 3745 3645 3746
f 3747 3744 3740
f 3748 3747 3740
f 3644 3747 3647
f 3744 3747 3644
f 3645 3649 3746
f 3746 3649 3749
f 3747 3748 3750
f 3750 3647 3747
f 3750 3751 3647
f 3751 3650 3647
f 3649 3652 3749
f 3749 3652 3752
f 3650 3751 3653
f 3652 3655 3752
f 3752 3655 3753
f 3653 3751 3657
f 3754 3658 3755
f 3754 3753 3658
f 3753 3655 3658
f 3754 3755 3756
f 3658 3659 3755
f 3755 3659 3661
f 3755 3661 3756
f 3756 3661 3757
f 3758 3751 3759
f 3758 3662 3751
f 3760 3663 3761
f 3760 3757 3663
f 3757 3661 3663
f 3760 3761 3762
f 3763 3758 3759
f 3662 3758 3664
f 3663 3665 3761
f 3666 3764 3765
f 3665 3666 3765
f 3665 3765 3762
f 3665 3762 3761
f 3765 3764 3766
f 3767 3758 3763
f 3768 3767 3763
f 3664 3767 3667
f 3758 3767 3664
f 3666 3668 3764
f 3764 3668 3669
f 3764 3669 3766
f 3766 3669 3769
f 3477 3767 3768
f 3477 3768 3670
f 3670 3768 3770
f 3667 3767 3477
f 3669 3771 3769
f 3671 3771 3669
f 3672 3772 3671
f 3671 3772 3771
f 3772 3672 3673
f 3773 3772 3673
f 3670 3770 3676
f 3770 3774 3676
f 3673 3775 3773
f 3674 3775 3673
f 3775 3674 3675
f 3776 3775 3675
f 3675 3778 3776
f 3677 3778 3675
f 3678 3779 3677
f 3677 3779 3778
f 3779 3678 3485
f 3780 3779 3485
f 3676 3781 3782
f 3777 3781 3676
f 3485 3783 3780
f 3784 3785 3783
f 3784 3783 3679
f 3679 3783 3485
f 3679 3680 3786
f 3784 3679 3786
f 3680 3681 3786
f 3582 3787 3788
f 3582 3575 3787
f 3787 3575 3789
f 3782 3682 3676
f 3782 3789 3682
f 3789 3575 3682
f 3784 3790 3785
f 3786 3790 3784
f 3791 3790 3786
f 3792 3793 3791
f 3683 3792 3791
f 3683 3791 3786
f 3683 3786 3681
f 3683 3684 3794
f 3792 3683 3794
f 3684 3686 3794
f 3795 3581 3796
f 3796 3581 3797
f 3788 3797 3582
f 3797 3581 3582
f 3792 3798 3793
f 3794 3798 3792
f 3799 3798 3794
f 3686 3799 3794
f 3686 3687 3799
f 3688 3800 3687
f 3687 3800 3799
f 3800 3688 3690
f 3801 3800 3690
f 3695 3805 3694
f 3805 3695 3802
f 3802 3695 3696
f 3697 3803 3696
f 3696 3803 3802
f 3796 3699 3795
f 3796 3697 3699
f 3697 3698 3699
f 3581 3795 3699
f 3690 3804 3801
f 3700 3804 3690
f 3700 4011 3804
f 3702 3805 3701
f 3703 3805 3702
f 3805 3703 3694
f 3705 3704 3806
f 3705 3806 3706
f 3806 3807 3706
f 3807 3808 3706
f 3706 3808 3708
f 3713 3809 3810
f 3712 3809 3713
f 3806 3704 3713
f 3806 3713 3811
f 3811 3713 3810
f 3812 3806 3811
f 3813 3806 3812
f 3807 3806 3813
f 3814 3807 3813
f 3808 3807 3814
f 3815 3808 3814
f 3708 3808 3815
f 3708 3815 3714
f 3714 3815 3816
f 3715 3714 3817
f 3714 3816 3817
f 3716 3715 3818
f 3715 3817 3818
f 3716 3818 3819
f 3717 3819 3820
f 3819 4025 3820
f 3717 3820 4025
f 3718 4025 3821
f 3822 3821 3823
f 3822 3719 3821
f 3719 3718 3821
f 3719 3824 3720
f 3822 3824 3719
f 3720 3825 3721
f 3824 3825 3720
f 3721 3825 3723
f 3712 3725 3809
f 3822 3823 3826
f 3824 3822 3826
f 3827 3824 3826
f 3825 3824 3827
f 3828 3825 3827
f 3723 3825 3828
f 3723 3828 3445
f 3726 3445 3829
f 3829 3727 3726
f 3830 3727 3829
f 3728 3831 3832
f 3259 3831 3728
f 3729 3728 3833
f 3728 3832 3833
f 3833 3725 3729
f 3727 3830 3834
f 3730 3727 3834
f 3835 3834 3836
f 3835 3731 3834
f 3731 3730 3834
f 3731 3835 3733
f 3259 3837 3838
f 3734 3837 3259
f 3838 3831 3259
f 3835 3836 3839
f 3840 3839 3841
f 3735 3839 3840
f 3735 3835 3839
f 3735 3733 3835
f 3735 3840 3736
f 3734 3633 3837
f 3837 3633 3842
f 3840 3841 3843
f 3843 3736 3840
f 3843 3844 3736
f 3844 3740 3736
f 3738 3737 3845
f 3738 3845 3633
f 3844 3846 3740
f 3845 3847 3848
f 3845 3737 3847
f 3737 3741 3847
f 3633 3845 3848
f 3741 3743 3847
f 3847 3743 3849
f 3743 3745 3849
f 3849 3745 3850
f 3745 3746 3850
f 3850 3746 3851
f 3740 3852 3748
f 3746 3749 3851
f 3851 3749 3853
f 3854 3750 3748
f 3854 3748 3855
f 3855 3748 3852
f 3750 3854 3751
f 3749 3752 3853
f 3853 3752 3856
f 3861 3854 3855
f 3857 3753 3858
f 3857 3856 3753
f 3856 3752 3753
f 3857 3858 3859
f 3854 3861 3751
f 3753 3754 3858
f 3858 3754 3756
f 3858 3756 3859
f 3859 3756 3860
f 3756 3757 3860
f 3860 3757 3862
f 3863 3861 3864
f 3751 3861 3863
f 3751 3863 3759
f 3757 3865 3862
f 3760 3865 3757
f 3865 3760 3762
f 3866 3865 3762
f 3867 3863 3864
f 3868 3867 3864
f 3759 3867 3763
f 3863 3867 3759
f 3762 3765 3866
f 3869 3765 3766
f 3870 3867 3868
f 3763 3867 3768
f 3871 3769 3872
f 3871 3869 3769
f 3869 3766 3769
f 3871 3872 3873
f 3874 3867 3870
f 3768 3867 3770
f 3769 3771 3872
f 3872 3875 3873
f 3872 3771 3875
f 3771 3772 3875
f 3875 3772 3773
f 3876 3875 3773
f 3877 3867 3874
f 3878 3877 3874
f 3770 3877 3774
f 3867 3877 3770
f 3773 3879 3876
f 3775 3879 3773
f 3879 3775 3776
f 3880 3879 3776
f 3676 3877 3878
f 3676 3878 3777
f 3777 3878 3881
f 3774 3877 3676
f 3776 3778 3880
f 3882 3883 3778
f 3882 3778 3779
f 3779 3780 3882
f 3781 3884 3885
f 3782 3781 3885
f 3881 3781 3777
f 3884 3781 3881
f 3882 3886 3883
f 3780 3886 3882
f 3780 3783 3886
f 3783 3887 3886
f 3887 3783 3785
f 3888 3887 3785
f 3788 3787 3889
f 3789 3890 3787
f 3787 3890 3889
f 3885 3789 3782
f 3890 3789 3885
f 3791 3891 3790
f 3790 3891 3785
f 3891 3791 3793
f 3892 3891 3793
f 3797 3893 3796
f 3889 3797 3788
f 3893 3797 3889
f 3793 3798 3892
f 3800 3894 3799
f 3894 3800 3801
f 3895 3894 3801
f 3802 3896 3805
f 3803 3897 3802
f 3802 3897 3896
f 3697 3898 3803
f 3803 3898 3897
f 3898 3697 3796
f 3801 3899 3895
f 3804 3899 3801
f 3804 4011 3899
f 3810 3900 3901
f 3809 3900 3810
f 3811 3810 3902
f 3810 3901 3902
f 3812 3811 3903
f 3811 3902 3903
f 3813 3812 3904
f 3812 3903 3904
f 3814 3813 3905
f 3813 3904 3905
f 3815 3814 3906
f 3814 3905 3906
f 3816 3815 3907
f 3815 3906 3907
f 3817 3816 3908
f 3816 3907 3908
f 3909 3908 3910
f 3909 3818 3908
f 3818 3817 3908
f 3818 3911 3819
f 3909 3911 3818
f 3911 3912 3819
f 3912 3913 3819
f 3914 3819 3913
f 3914 3915 3819
f 3915 4025 3819
f 4025 3823 3821
f 3809 3725 3900
f 3900 3725 3916
f 3909 3910 3917
f 3911 3909 3917
f 3918 3911 3917
f 3912 3911 3918
f 3919 3912 3918
f 3913 3912 3919
f 3920 3913 3919
f 3914 3913 3920
f 3823 4025 3921
f 3826 3823 3921
f 3827 3826 3445
f 3826 3921 3445
f 3828 3827 3445
f 3923 3922 3924
f 3923 3829 3922
f 3829 3445 3922
f 3829 3923 3830
f 3832 3831 3925
f 3926 3832 3925
f 3926 3927 3832
f 3927 3833 3832
f 3916 3725 3833
f 3927 3916 3833
f 3923 3924 3928
f 3929 3928 3930
f 3834 3928 3929
f 3834 3923 3928
f 3834 3830 3923
f 3834 3929 3836
f 3838 3837 3931
f 3838 3931 3932
f 3831 3838 3932
f 3831 3932 3933
f 3831 3933 3925
f 3926 3925 3933
f 3929 3930 3934
f 3935 3934 3936
f 3839 3934 3935
f 3839 3929 3934
f 3839 3836 3929
f 3839 3935 3841
f 3931 3842 3937
f 3837 3842 3931
f 3938 3932 3931
f 3937 3938 3931
f 3935 3936 3939
f 3940 3939 3941
f 3843 3939 3940
f 3843 3935 3939
f 3843 3841 3935
f 3843 3940 3844
f 3937 3942 3943
f 3937 3842 3942
f 3842 3633 3942
f 3938 3937 3943
f 3944 3940 3941
f 3945 3944 3941
f 3844 3944 3846
f 3940 3944 3844
f 3848 3847 3946
f 3848 3946 3947
f 3848 3947 3633
f 3633 3947 3942
f 3944 3945 3948
f 3948 3846 3944
f 3948 3949 3846
f 3949 3740 3846
f 3946 3849 3950
f 3847 3849 3946
f 3951 3947 3946
f 3950 3951 3946
f 3949 3952 3740
f 3950 3850 3953
f 3849 3850 3950
f 3954 3951 3950
f 3953 3954 3950
f 3952 3955 3740
f 3953 3956 3957
f 3953 3850 3956
f 3850 3851 3956
f 3954 3953 3957
f 3740 3955 3852
f 3955 3958 3852
f 3851 3853 3956
f 3956 3853 3959
f 3852 3958 3855
f 3958 3960 3855
f 3853 3856 3959
f 3959 3856 3961
f 3855 3960 3861
f 3960 3962 3861
f 3856 3963 3961
f 3857 3963 3856
f 3963 3857 3859
f 3860 3963 3859
f 3969 4061 3965
f 3969 3962 4061
f 3969 3861 3962
f 3966 3862 3967
f 3966 3964 3862
f 3964 3860 3862
f 3966 3967 3968
f 3969 3965 3970
f 3969 3864 3861
f 3862 3865 3967
f 3967 3865 3866
f 3967 3866 3968
f 3968 3866 3971
f 3972 3969 3970
f 3864 3969 3868
f 3866 3973 3971
f 3765 3973 3866
f 3973 3765 3869
f 3974 3973 3869
f 3975 3969 3972
f 3868 3969 3870
f 3869 3976 3974
f 3871 3976 3869
f 3976 3871 3873
f 3977 3976 3873
f 3978 3969 3975
f 3979 3978 3975
f 3870 3978 3874
f 3969 3978 3870
f 3873 3980 3977
f 3875 3980 3873
f 3980 3875 3876
f 3981 3980 3876
f 3982 3978 3979
f 3983 3982 3979
f 3874 3982 3878
f 3978 3982 3874
f 3876 3984 3981
f 3879 3984 3876
f 3880 3985 3986
f 3880 3986 3879
f 3879 3986 3984
f 3986 3985 3987
f 3988 3982 3983
f 3989 3988 3983
f 3878 3988 3881
f 3982 3988 3878
f 3880 3778 3985
f 3985 3778 3883
f 3985 3883 3987
f 3987 3883 3990
f 3991 3989 3992
f 3988 3989 3991
f 3988 3991 3885
f 3988 3885 3884
f 3881 3988 3884
f 3883 3993 3990
f 3886 3993 3883
f 3887 3994 3886
f 3886 3994 3993
f 3994 3887 3888
f 3995 3994 3888
f 3996 3997 3998
f 3996 3889 3997
f 3997 3889 4093
f 3992 3890 3991
f 3992 4093 3890
f 4093 3889 3890
f 3885 3991 3890
f 3888 3999 3995
f 3785 3999 3888
f 3891 4000 3785
f 3785 4000 3999
f 4000 3891 3892
f 4001 4000 3892
f 3998 3893 3996
f 3998 4002 3893
f 4002 3796 3893
f 3889 3996 3893
f 3892 4003 4001
f 3798 4003 3892
f 3798 3799 4003
f 3894 4004 3799
f 4004 3894 3895
f 4005 4004 3895
f 3896 4006 4007
f 3805 3896 4007
f 3897 4008 3896
f 3896 4008 4006
f 3898 4009 3897
f 3897 4009 4008
f 4002 3898 3796
f 4009 3898 4002
f 3895 4010 4005
f 3899 4010 3895
f 3899 4011 4010
f 4012 3805 4007
f 3901 3900 4013
f 3901 4014 3902
f 4013 4014 3901
f 3902 4015 3903
f 4014 4015 3902
f 4016 3903 4015
f 4016 4017 3903
f 4017 3904 3903
f 3905 3904 4018
f 3904 4017 4018
f 3906 3905 4019
f 3905 4018 4019
f 3907 3906 4020
f 3906 4019 4020
f 3908 3907 4021
f 3907 4020 4021
f 4021 3910 3908
f 4022 3910 4021
f 3915 4023 4024
f 3914 4023 3915
f 3915 4024 4025
f 4013 4026 4027
f 4013 3900 4026
f 3900 3916 4026
f 4014 4013 4027
f 4028 4014 4027
f 4015 4014 4028
f 4016 4015 4028
f 3910 4022 4029
f 3917 3910 4029
f 3918 3917 4125
f 3917 4029 4125
f 3919 3918 4125
f 3920 3919 4030
f 3919 4125 4030
f 4023 3914 3920
f 4030 4023 3920
f 3921 4025 4031
f 3921 4031 3445
f 3922 3445 4033
f 3445 4032 4033
f 4033 3924 3922
f 4034 3924 4033
f 3927 3926 4035
f 3927 4035 4036
f 3927 4036 3916
f 3916 4036 4026
f 3924 4034 4037
f 3928 3924 4037
f 4037 3930 3928
f 4038 3930 4037
f 3933 3932 4039
f 3933 4039 4040
f 3926 3933 4040
f 3926 4040 4041
f 3926 4041 4035
f 4036 4035 4041
f 3930 4038 4042
f 3934 3930 4042
f 4042 3936 3934
f 4043 3936 4042
f 4039 4044 4045
f 4039 3932 4044
f 3932 3938 4044
f 4040 4039 4045
f 3936 4043 4046
f 3939 3936 4046
f 4046 3941 3939
f 4047 3941 4046
f 3943 3942 4048
f 3943 4048 4049
f 3943 4049 3938
f 3938 4049 4044
f 3941 4047 3945
f 4047 4050 3945
f 4048 4051 4052
f 4048 3942 4051
f 3942 3947 4051
f 4049 4048 4052
f 4053 3948 3945
f 4053 3945 4054
f 4054 3945 4050
f 3948 4053 3949
f 3947 3951 4051
f 4051 3951 4055
f 4061 4053 4054
f 3949 4061 3952
f 4053 4061 3949
f 3951 3954 4055
f 4055 3954 4056
f 3952 4061 3955
f 3957 3956 4057
f 3957 4057 4058
f 3957 4058 3954
f 3954 4058 4056
f 3955 4061 3958
f 4057 3959 4059
f 3956 3959 4057
f 4060 4058 4057
f 4059 4060 4057
f 3958 4061 3960
f 4059 3961 4062
f 3959 3961 4059
f 4063 4060 4059
f 4062 4063 4059
f 3960 4061 3962
f 3961 3963 4062
f 4062 3963 3860
f 4062 3860 4063
f 4063 3860 4064
f 4065 3964 4066
f 4065 4064 3964
f 4064 3860 3964
f 4065 4066 4067
f 3964 3966 4066
f 4066 3966 3968
f 4066 3968 4067
f 4067 3968 4068
f 3970 3965 4069
f 4070 3971 4071
f 4070 4068 3971
f 4068 3968 3971
f 4070 4071 4072
f 3970 4069 3972
f 4069 4073 3972
f 3971 3973 4071
f 3974 4074 4075
f 3973 3974 4075
f 3973 4075 4072
f 3973 4072 4071
f 4075 4074 4076
f 3972 4073 3975
f 4073 4077 3975
f 3974 3976 4074
f 4074 3976 3977
f 4074 3977 4076
f 4076 3977 4078
f 3975 4077 3979
f 4077 4079 3979
f 3977 4080 4078
f 3980 4080 3977
f 3981 4081 4082
f 3981 4082 3980
f 3980 4082 4080
f 4082 4081 4083
f 3979 4079 3983
f 4079 4084 3983
f 3981 3984 4081
f 4081 4085 4083
f 4081 3984 4085
f 3984 3986 4085
f 4085 3986 3987
f 4086 4085 3987
f 4087 4084 4088
f 4087 3989 4084
f 3989 3983 4084
f 3987 3990 4086
f 4086 3990 4089
f 4088 4093 4090
f 4087 4088 4090
f 4087 4090 3992
f 4087 3992 3989
f 3990 4091 4089
f 3993 4091 3990
f 3994 4092 3993
f 3993 4092 4091
f 4092 3994 3995
f 3998 3997 4093
f 3992 4090 4093
f 3995 4094 4092
f 3999 4094 3995
f 4000 4096 3999
f 3999 4096 4094
f 4001 4095 4096
f 4001 4096 4000
f 4096 4095 4097
f 4098 4099 4100
f 4098 4101 4102
f 4099 4098 4102
f 4101 4002 4102
f 4093 4002 3998
f 4001 4003 4095
f 4095 4103 4097
f 4095 4003 4103
f 4003 3799 4103
f 4004 4104 3799
f 4104 4004 4005
f 4105 4104 4005
f 4106 4107 4108
f 4106 4007 4006
f 4106 4006 4107
f 4107 4006 4109
f 4100 4008 4098
f 4100 4109 4008
f 4109 4006 4008
f 4009 4098 4008
f 4101 4098 4009
f 4002 4101 4009
f 4005 4110 4105
f 4010 4110 4005
f 4011 4211 4010
f 4010 4211 4110
f 3805 4111 4011
f 4108 4012 4106
f 4108 4111 4012
f 4111 3805 4012
f 4007 4106 4012
f 4017 4112 4113
f 4016 4112 4017
f 4018 4017 4114
f 4017 4113 4114
f 4019 4018 4115
f 4018 4114 4115
f 4020 4019 4116
f 4019 4115 4116
f 4021 4020 4117
f 4020 4116 4117
f 4117 4022 4021
f 4118 4022 4117
f 4024 4023 4125
f 4024 4125 4025
f 4125 4119 4025
f 4027 4026 4120
f 4121 4027 4120
f 4121 4122 4027
f 4122 4028 4027
f 4028 4122 4123
f 4112 4016 4028
f 4123 4112 4028
f 4022 4118 4124
f 4029 4022 4124
f 4029 4124 4125
f 4125 4023 4030
f 4126 4119 4125
f 4025 4119 4126
f 4025 4126 4031
f 4031 4126 3445
f 4128 4127 4129
f 4128 4032 4127
f 4032 3445 4127
f 4032 4130 4033
f 4128 4130 4032
f 4033 4130 4034
f 4120 4131 4132
f 4120 4026 4131
f 4026 4036 4131
f 4121 4120 4132
f 4128 4129 4133
f 4130 4128 4133
f 4134 4130 4133
f 4135 4134 4136
f 4037 4134 4135
f 4037 4130 4134
f 4037 4034 4130
f 4037 4135 4038
f 4041 4040 4137
f 4041 4137 4138
f 4041 4138 4036
f 4036 4138 4131
f 4135 4136 4139
f 4038 4135 4139
f 4038 4139 4042
f 4042 4139 4140
f 4140 4043 4042
f 4141 4043 4140
f 4045 4142 4143
f 4044 4142 4045
f 4137 4040 4045
f 4137 4045 4144
f 4144 4045 4143
f 4138 4137 4144
f 4145 4046 4043
f 4145 4043 4146
f 4146 4043 4141
f 4046 4145 4047
f 4044 4049 4142
f 4142 4049 4147
f 4148 4145 4146
f 4149 4148 4146
f 4047 4148 4050
f 4145 4148 4047
f 4052 4051 4150
f 4052 4150 4151
f 4052 4151 4049
f 4049 4151 4147
f 4148 4149 4152
f 4152 4050 4148
f 4152 4153 4050
f 4153 4054 4050
f 4150 4154 4155
f 4150 4051 4154
f 4051 4055 4154
f 4151 4150 4155
f 4054 4153 4061
f 4153 4156 4061
f 4055 4056 4154
f 4154 4056 4157
f 4156 4158 4061
f 4056 4058 4157
f 4157 4058 4159
f 4058 4060 4159
f 4159 4060 4160
f 4060 4063 4160
f 4160 4063 4161
f 4063 4064 4161
f 4161 4064 4162
f 4064 4163 4162
f 4065 4163 4064
f 4163 4065 4067
f 4164 4163 4067
f 4067 4068 4164
f 4164 4068 4165
f 4069 3965 4166
f 4068 4072 4165
f 4070 4072 4068
f 4069 4166 4073
f 4166 4167 4073
f 4075 4168 4072
f 4168 4075 4076
f 4169 4168 4076
f 4073 4167 4077
f 4167 4170 4077
f 4171 4078 4172
f 4171 4169 4078
f 4169 4076 4078
f 4171 4172 4173
f 4077 4170 4079
f 4170 4174 4079
f 4078 4080 4172
f 4172 4175 4173
f 4172 4080 4175
f 4080 4082 4175
f 4175 4082 4083
f 4176 4175 4083
f 4177 4178 4179
f 4177 4174 4178
f 4177 4084 4174
f 4084 4079 4174
f 4083 4180 4176
f 4085 4180 4083
f 4180 4085 4086
f 4181 4180 4086
f 4084 4177 4179
f 4084 4179 4088
f 4088 4179 4182
f 4183 4089 4184
f 4183 4181 4089
f 4181 4086 4089
f 4183 4184 4185
f 4093 4186 4187
f 4182 4093 4088
f 4186 4093 4182
f 4089 4091 4184
f 4184 4188 4185
f 4184 4091 4188
f 4091 4092 4188
f 4189 4188 4092
f 4093 4190 4002
f 4190 4093 4187
f 4092 4191 4189
f 4094 4191 4092
f 4094 4096 4191
f 4097 4192 4193
f 4097 4193 4096
f 4193 4192 4194
f 4196 4100 4099
f 4196 4099 4195
f 4195 4099 4197
f 4102 4197 4099
f 4002 4198 4102
f 4102 4198 4197
f 4097 4103 4192
f 4192 4199 4194
f 4192 4103 4199
f 4103 3799 4199
f 4104 4200 3799
f 3799 4200 4199
f 4105 4201 4202
f 4105 4202 4104
f 4104 4202 4200
f 4202 4201 4203
f 4204 4205 4211
f 4204 4206 4205
f 4206 4207 4208
f 4205 4206 4208
f 4207 4108 4107
f 4207 4107 4208
f 4208 4107 4209
f 4196 4209 4109
f 4209 4107 4109
f 4100 4196 4109
f 4105 4110 4201
f 4201 4210 4203
f 4201 4110 4210
f 4110 4211 4210
f 4211 4011 4204
f 4206 4204 4011
f 4111 4206 4011
f 4207 4206 4111
f 4108 4207 4111
f 4113 4112 4212
f 4113 4213 4114
f 4212 4213 4113
f 4114 4214 4115
f 4213 4214 4114
f 4115 4215 4116
f 4214 4215 4115
f 4116 4216 4117
f 4215 4216 4116
f 4117 4216 4118
f 4122 4121 4217
f 4218 4122 4217
f 4218 4219 4122
f 4219 4123 4122
f 4212 4112 4123
f 4212 4123 4220
f 4220 4123 4219
f 4213 4212 4220
f 4324 4213 4220
f 4214 4213 4324
f 4215 4214 4324
f 4221 4215 4324
f 4216 4215 4221
f 4222 4216 4221
f 4118 4216 4222
f 4118 4222 4124
f 4124 4222 4125
f 3445 4126 4223
f 4126 4125 4223
f 3445 4223 4224
f 3445 4224 4225
f 3445 4225 4226
f 4227 4226 4228
f 4227 4127 4226
f 4127 3445 4226
f 4127 4227 4129
f 4132 4229 4230
f 4131 4229 4132
f 4217 4121 4132
f 4217 4132 4231
f 4231 4132 4230
f 4218 4217 4231
f 4227 4228 4232
f 4129 4227 4232
f 4129 4232 4133
f 4133 4232 4233
f 4234 4233 4235
f 4234 4134 4233
f 4134 4133 4233
f 4134 4234 4136
f 4131 4138 4229
f 4229 4138 4236
f 4234 4235 4237
f 4136 4234 4237
f 4136 4237 4139
f 4139 4237 4238
f 4239 4238 4240
f 4239 4140 4238
f 4140 4139 4238
f 4140 4239 4141
f 4143 4142 4241
f 4242 4143 4241
f 4242 4243 4143
f 4243 4144 4143
f 4236 4138 4144
f 4243 4236 4144
f 4244 4239 4240
f 4245 4244 4240
f 4141 4244 4146
f 4239 4244 4141
f 4241 4246 4247
f 4241 4142 4246
f 4142 4147 4246
f 4242 4241 4247
f 4244 4245 4248
f 4248 4146 4244
f 4248 4249 4146
f 4249 4149 4146
f 4147 4151 4246
f 4246 4151 4250
f 4251 4152 4149
f 4251 4149 4252
f 4252 4149 4249
f 4152 4251 4153
f 4155 4154 4253
f 4155 4253 4254
f 4155 4254 4151
f 4151 4254 4250
f 4255 4251 4252
f 4256 4255 4252
f 4153 4255 4156
f 4251 4255 4153
f 4154 4157 4253
f 4257 4254 4253
f 4258 4255 4256
f 4259 4258 4256
f 4156 4258 4158
f 4255 4258 4156
f 4253 4159 4263
f 4157 4159 4253
f 4260 4257 4253
f 4263 4260 4253
f 4258 4259 4261
f 4261 4158 4258
f 4261 4262 4158
f 4262 4061 4158
f 4159 4160 4263
f 4264 4260 4263
f 4262 4265 4061
f 4160 4161 4263
f 4266 4264 4263
f 4265 4267 4061
f 4161 4162 4263
f 4268 4266 4263
f 4267 4269 4061
f 4162 4163 4263
f 4263 4163 4164
f 4263 4164 4268
f 4061 4269 3965
f 4269 4270 3965
f 4164 4165 4271
f 3965 4272 4273
f 4166 3965 4273
f 4272 3965 4270
f 4165 4274 4271
f 4072 4274 4165
f 4275 4276 4277
f 4275 4273 4276
f 4275 4167 4273
f 4167 4166 4273
f 4072 4278 4274
f 4168 4278 4072
f 4169 4279 4280
f 4169 4280 4168
f 4168 4280 4278
f 4280 4279 4281
f 4282 4275 4277
f 4283 4282 4277
f 4167 4282 4170
f 4275 4282 4167
f 4169 4171 4279
f 4279 4171 4173
f 4279 4173 4281
f 4281 4173 4284
f 4285 4282 4283
f 4170 4285 4174
f 4282 4285 4170
f 4173 4286 4284
f 4175 4286 4173
f 4286 4175 4176
f 4287 4286 4176
f 4288 4285 4289
f 4285 4288 4179
f 4285 4179 4178
f 4174 4285 4178
f 4176 4290 4287
f 4180 4290 4176
f 4290 4180 4181
f 4291 4290 4181
f 4292 4288 4289
f 4293 4292 4289
f 4179 4292 4182
f 4288 4292 4179
f 4181 4294 4291
f 4183 4294 4181
f 4294 4183 4185
f 4295 4294 4185
f 4296 4297 4298
f 4293 4297 4296
f 4292 4293 4296
f 4292 4296 4187
f 4292 4187 4186
f 4182 4292 4186
f 4185 4299 4295
f 4188 4299 4185
f 4189 4300 4301
f 4189 4301 4188
f 4188 4301 4299
f 4301 4300 4416
f 4302 4303 4304
f 4302 4305 4303
f 4305 4306 4307
f 4303 4305 4307
f 4298 4307 4306
f 4296 4298 4306
f 4296 4306 4002
f 4296 4002 4190
f 4187 4296 4190
f 4189 4191 4300
f 4300 4308 4416
f 4300 4191 4308
f 4191 4096 4308
f 4193 4309 4096
f 4096 4309 4308
f 4194 4310 4311
f 4194 4311 4193
f 4193 4311 4309
f 4196 4312 4313
f 4196 4195 4312
f 4312 4195 4314
f 4304 4197 4302
f 4304 4314 4197
f 4314 4195 4197
f 4305 4302 4197
f 4198 4305 4197
f 4306 4305 4198
f 4002 4306 4198
f 4194 4199 4310
f 4310 4199 4200
f 4202 4315 4200
f 4315 4202 4203
f 4316 4315 4203
f 4205 4317 4318
f 4211 4205 4318
f 4205 4435 4317
f 4208 4319 4205
f 4205 4319 4435
f 4313 4209 4196
f 4313 4319 4209
f 4319 4208 4209
f 4203 4320 4316
f 4210 4320 4203
f 4211 4321 4210
f 4210 4321 4320
f 4211 4322 4321
f 4322 4211 4318
f 4219 4218 4323
f 4219 4324 4220
f 4323 4324 4219
f 4324 4325 4221
f 4326 4221 4325
f 4326 4327 4221
f 4327 4222 4221
f 4125 4222 4328
f 4222 4327 4328
f 4125 4328 4329
f 4125 4329 4330
f 4125 4330 4331
f 4125 4331 4332
f 4125 4332 4333
f 4125 4333 4334
f 4125 4334 4335
f 4125 4335 4336
f 4337 4336 4338
f 4337 4223 4336
f 4223 4125 4336
f 4223 4337 4224
f 4224 4337 4225
f 4225 4339 4226
f 4337 4339 4225
f 4226 4339 4228
f 4230 4229 4340
f 4230 4341 4231
f 4340 4341 4230
f 4231 4323 4218
f 4231 4341 4323
f 4341 4342 4323
f 4342 4324 4323
f 4344 4324 4343
f 4325 4324 4344
f 4345 4325 4344
f 4326 4325 4345
f 4337 4338 4346
f 4347 4337 4346
f 4339 4337 4347
f 4348 4339 4347
f 4228 4339 4348
f 4228 4348 4232
f 4232 4348 4349
f 4350 4349 4351
f 4350 4233 4349
f 4233 4232 4349
f 4233 4350 4235
f 4340 4236 4352
f 4229 4236 4340
f 4353 4354 4341
f 4353 4341 4352
f 4352 4341 4340
f 4342 4341 4354
f 4355 4342 4354
f 4324 4342 4355
f 4350 4351 4356
f 4235 4350 4356
f 4235 4356 4237
f 4237 4356 4357
f 4358 4357 4359
f 4358 4238 4357
f 4238 4237 4357
f 4238 4358 4240
f 4243 4242 4360
f 4243 4360 4361
f 4236 4243 4361
f 4236 4361 4362
f 4236 4362 4352
f 4353 4352 4362
f 4358 4359 4363
f 4363 4240 4358
f 4363 4364 4240
f 4364 4245 4240
f 4247 4246 4365
f 4247 4365 4366
f 4242 4247 4366
f 4242 4366 4367
f 4242 4367 4360
f 4361 4360 4367
f 4368 4248 4245
f 4368 4245 4369
f 4369 4245 4364
f 4248 4368 4249
f 4365 4250 4370
f 4246 4250 4365
f 4371 4366 4365
f 4370 4371 4365
f 4368 4369 4372
f 4372 4249 4368
f 4372 4373 4249
f 4373 4252 4249
f 4370 4374 4375
f 4370 4250 4374
f 4250 4254 4374
f 4371 4370 4375
f 4252 4373 4256
f 4373 4376 4256
f 4254 4257 4374
f 4374 4257 4378
f 4256 4376 4259
f 4376 4377 4259
f 4257 4260 4378
f 4379 4261 4259
f 4379 4259 4380
f 4380 4259 4377
f 4261 4379 4262
f 4260 4264 4378
f 4381 4379 4380
f 4382 4381 4380
f 4262 4381 4265
f 4379 4381 4262
f 4264 4266 4378
f 4383 4381 4382
f 4385 4383 4382
f 4265 4383 4267
f 4381 4383 4265
f 4266 4268 4378
f 4384 4383 4385
f 4267 4384 4269
f 4383 4384 4267
f 4268 4164 4378
f 4269 4385 4270
f 4384 4385 4269
f 4386 4271 4387
f 4386 4378 4271
f 4378 4164 4271
f 4386 4387 4388
f 4389 4385 4390
f 4385 4389 4273
f 4385 4273 4272
f 4270 4385 4272
f 4271 4274 4387
f 4387 4274 4388
f 4388 4274 4391
f 4276 4389 4390
f 4276 4390 4277
f 4277 4390 4392
f 4273 4389 4276
f 4274 4393 4391
f 4278 4393 4274
f 4280 4394 4278
f 4278 4394 4393
f 4394 4280 4281
f 4395 4394 4281
f 4396 4397 4398
f 4396 4392 4397
f 4396 4283 4392
f 4283 4277 4392
f 4399 4284 4400
f 4399 4395 4284
f 4395 4281 4284
f 4399 4400 4401
f 4285 4396 4398
f 4402 4285 4398
f 4396 4285 4283
f 4284 4286 4400
f 4400 4286 4287
f 4400 4287 4401
f 4401 4287 4403
f 4285 4402 4289
f 4289 4402 4404
f 4287 4405 4403
f 4290 4405 4287
f 4405 4290 4291
f 4406 4405 4291
f 4407 4408 4409
f 4407 4404 4408
f 4407 4293 4404
f 4293 4289 4404
f 4291 4410 4406
f 4294 4410 4291
f 4295 4411 4412
f 4295 4412 4294
f 4294 4412 4410
f 4412 4411 4413
f 4297 4407 4409
f 4297 4409 4298
f 4298 4409 4414
f 4293 4407 4297
f 4295 4299 4411
f 4411 4415 4413
f 4411 4299 4415
f 4299 4301 4415
f 4416 4417 4301
f 4301 4417 4415
f 4417 4416 4418
f 4416 4419 4418
f 4307 4421 4303
f 4303 4421 4420
f 4414 4307 4298
f 4421 4307 4414
f 4309 4416 4308
f 4419 4416 4309
f 4419 4422 4418
f 4419 4309 4422
f 4309 4311 4422
f 4310 4423 4424
f 4310 4424 4311
f 4311 4424 4422
f 4423 4425 4426
f 4424 4423 4426
f 4426 4425 4427
f 4312 4428 4429
f 4313 4312 4429
f 4314 4430 4312
f 4312 4430 4428
f 4303 4314 4304
f 4430 4314 4303
f 4310 4200 4423
f 4315 4423 4200
f 4425 4423 4315
f 4316 4431 4432
f 4315 4316 4432
f 4315 4432 4427
f 4315 4427 4425
f 4431 4433 4434
f 4432 4431 4434
f 4433 4318 4317
f 4433 4317 4434
f 4434 4317 4435
f 4429 4319 4313
f 4435 4319 4429
f 4316 4320 4431
f 4321 4431 4320
f 4433 4431 4321
f 4322 4433 4321
f 4318 4433 4322
f 4327 4326 4436
f 4327 4436 4328
f 4328 4436 4329
f 4329 4436 4330
f 4330 4436 4331
f 4331 4436 4332
f 4332 4436 4333
f 4333 4436 4334
f 4334 4437 4335
f 4436 4437 4334
f 4335 4438 4336
f 4437 4438 4335
f 4336 4438 4338
f 4343 4324 4439
f 4343 4440 4344
f 4439 4440 4343
f 4440 4441 4344
f 4442 4344 4441
f 4442 4443 4344
f 4443 4345 4344
f 4436 4326 4345
f 4436 4345 4444
f 4444 4345 4443
f 4445 4436 4444
f 4446 4436 4445
f 4447 4436 4446
f 4448 4436 4447
f 4449 4436 4448
f 4450 4436 4449
f 4451 4436 4450
f 4437 4436 4451
f 4452 4437 4451
f 4438 4437 4452
f 4453 4438 4452
f 4338 4438 4453
f 4338 4453 4346
f 4348 4347 4346
f 4349 4348 4454
f 4348 4346 4454
f 4454 4351 4349
f 4455 4351 4454
f 4354 4353 4456
f 4457 4354 4456
f 4457 4458 4354
f 4458 4355 4354
f 4439 4324 4355
f 4439 4355 4459
f 4459 4355 4458
f 4440 4439 4459
f 4441 4440 4459
f 4460 4441 4459
f 4442 4441 4460
f 4351 4455 4461
f 4356 4351 4461
f 4357 4356 4462
f 4356 4461 4462
f 4462 4359 4357
f 4463 4359 4462
f 4362 4361 4464
f 4362 4464 4465
f 4353 4362 4465
f 4353 4465 4466
f 4353 4466 4456
f 4457 4456 4466
f 4467 4363 4359
f 4467 4359 4468
f 4468 4359 4463
f 4363 4467 4364
f 4367 4366 4469
f 4367 4469 4470
f 4361 4367 4470
f 4361 4470 4471
f 4361 4471 4464
f 4465 4464 4471
f 4467 4468 4472
f 4472 4364 4467
f 4472 4473 4364
f 4473 4369 4364
f 4469 4474 4475
f 4469 4366 4474
f 4366 4371 4474
f 4470 4469 4475
f 4476 4372 4369
f 4476 4369 4477
f 4477 4369 4473
f 4372 4476 4373
f 4375 4374 4478
f 4375 4478 4479
f 4375 4479 4371
f 4371 4479 4474
f 4482 4476 4477
f 4373 4482 4376
f 4476 4482 4373
f 4374 4378 4478
f 4480 4479 4478
f 4376 4482 4377
f 4478 4378 4481
f 4481 4480 4478
f 4377 4482 4380
f 4481 4378 4483
f 4483 4480 4481
f 4380 4482 4382
f 4483 4378 4484
f 4485 4480 4483
f 4484 4485 4483
f 4382 4482 4385
f 4484 4378 4486
f 4486 4485 4484
f 4486 4378 4487
f 4488 4485 4486
f 4487 4488 4486
f 4489 4385 4482
f 4490 4489 4482
f 4378 4386 4487
f 4388 4491 4492
f 4386 4388 4492
f 4386 4492 4488
f 4386 4488 4487
f 4492 4491 4493
f 4494 4495 4496
f 4490 4495 4494
f 4489 4490 4494
f 4489 4494 4390
f 4489 4390 4385
f 4491 4391 4497
f 4388 4391 4491
f 4498 4493 4491
f 4498 4491 4499
f 4499 4491 4497
f 4498 4499 4500
f 4501 4494 4496
f 4502 4501 4496
f 4390 4501 4392
f 4494 4501 4390
f 4391 4393 4497
f 4394 4497 4393
f 4499 4497 4394
f 4395 4503 4504
f 4394 4395 4504
f 4394 4504 4500
f 4394 4500 4499
f 4504 4503 4505
f 4397 4501 4502
f 4397 4502 4398
f 4398 4502 4506
f 4392 4501 4397
f 4395 4399 4503
f 4503 4399 4401
f 4503 4401 4505
f 4505 4401 4507
f 4398 4506 4402
f 4506 4508 4402
f 4509 4403 4510
f 4509 4507 4403
f 4507 4401 4403
f 4510 4511 4512
f 4509 4510 4512
f 4512 4511 4513
f 4514 4515 4516
f 4514 4508 4515
f 4514 4404 4508
f 4404 4402 4508
f 4403 4405 4510
f 4406 4510 4405
f 4406 4517 4510
f 4517 4511 4510
f 4519 4513 4511
f 4519 4511 4518
f 4518 4511 4517
f 4408 4514 4516
f 4408 4516 4409
f 4409 4516 4520
f 4404 4514 4408
f 4406 4410 4517
f 4412 4517 4410
f 4518 4517 4412
f 4413 4521 4522
f 4412 4413 4522
f 4412 4522 4519
f 4412 4519 4518
f 4523 4524 4525
f 4523 4526 4527
f 4524 4523 4527
f 4526 4520 4527
f 4526 4414 4520
f 4414 4409 4520
f 4413 4415 4521
f 4521 4528 4522
f 4521 4415 4528
f 4415 4417 4528
f 4417 4418 4528
f 4530 4529 4418
f 4525 4420 4523
f 4525 4531 4420
f 4531 4303 4420
f 4421 4523 4420
f 4526 4523 4421
f 4414 4526 4421
f 4418 4532 4530
f 4422 4532 4418
f 4424 4533 4422
f 4422 4533 4532
f 4426 4533 4424
f 4427 4534 4533
f 4427 4533 4426
f 4533 4534 4535
f 4535 4429 4428
f 4430 4536 4428
f 4428 4536 4535
f 4531 4430 4303
f 4536 4430 4531
f 4427 4432 4534
f 4434 4534 4432
f 4535 4534 4434
f 4435 4535 4434
f 4429 4535 4435
f 4443 4442 4537
f 4538 4443 4537
f 4538 4539 4443
f 4539 4444 4443
f 4445 4444 4346
f 4444 4539 4346
f 4446 4445 4346
f 4447 4446 4346
f 4448 4447 4346
f 4449 4448 4346
f 4450 4449 4346
f 4451 4450 4346
f 4452 4451 4346
f 4453 4452 4346
f 4454 4346 4455
f 4458 4457 4540
f 4541 4458 4540
f 4541 4542 4458
f 4542 4459 4458
f 4459 4542 4543
f 4460 4459 4544
f 4459 4543 4544
f 4537 4442 4460
f 4537 4460 4545
f 4545 4460 4544
f 4538 4537 4545
f 4455 4346 4546
f 4455 4546 4461
f 4461 4546 4547
f 4548 4547 4549
f 4548 4462 4547
f 4462 4461 4547
f 4462 4548 4463
f 4466 4465 4550
f 4466 4550 4551
f 4457 4466 4551
f 4457 4551 4552
f 4457 4552 4540
f 4541 4540 4552
f 4548 4549 4553
f 4553 4463 4548
f 4553 4554 4463
f 4554 4468 4463
f 4471 4470 4555
f 4471 4555 4556
f 4465 4471 4556
f 4465 4556 4557
f 4465 4557 4550
f 4551 4550 4557
f 4558 4472 4468
f 4558 4468 4559
f 4559 4468 4554
f 4472 4558 4473
f 4475 4474 4560
f 4475 4560 4561
f 4470 4475 4561
f 4470 4561 4562
f 4470 4562 4555
f 4556 4555 4562
f 4558 4559 4563
f 4563 4473 4558
f 4563 4564 4473
f 4564 4477 4473
f 4560 4479 4565
f 4474 4479 4560
f 4565 4561 4560
f 4477 4564 4482
f 4564 4566 4482
f 4565 4480 4567
f 4479 4480 4565
f 4568 4561 4565
f 4567 4568 4565
f 4567 4480 4569
f 4570 4568 4567
f 4569 4570 4567
f 4569 4480 4571
f 4572 4570 4569
f 4571 4572 4569
f 4571 4485 4573
f 4480 4485 4571
f 4574 4572 4571
f 4573 4574 4571
f 4573 4485 4576
f 4576 4574 4573
f 4575 4577 4482
f 4576 4488 4578
f 4485 4488 4576
f 4579 4574 4576
f 4578 4579 4576
f 4580 4581 4582
f 4580 4577 4581
f 4580 4490 4577
f 4490 4482 4577
f 4488 4492 4578
f 4578 4492 4493
f 4578 4493 4579
f 4579 4493 4583
f 4495 4580 4582
f 4495 4582 4496
f 4496 4582 4584
f 4490 4580 4495
f 4493 4585 4583
f 4498 4585 4493
f 4585 4498 4500
f 4586 4587 4588
f 4586 4584 4587
f 4586 4502 4584
f 4502 4496 4584
f 4504 4585 4500
f 4585 4504 4505
f 4589 4585 4505
f 4590 4586 4588
f 4591 4590 4588
f 4502 4590 4506
f 4586 4590 4502
f 4592 4507 4593
f 4592 4589 4507
f 4589 4505 4507
f 4592 4593 4594
f 4595 4596 4597
f 4591 4596 4595
f 4591 4595 4590
f 4590 4595 4598
f 4506 4598 4508
f 4590 4598 4506
f 4507 4509 4593
f 4593 4599 4594
f 4593 4509 4599
f 4509 4512 4599
f 4513 4600 4601
f 4513 4601 4512
f 4512 4601 4599
f 4601 4600 4602
f 4603 4595 4597
f 4604 4603 4597
f 4515 4603 4516
f 4515 4598 4603
f 4598 4595 4603
f 4508 4598 4515
f 4513 4519 4600
f 4600 4519 4602
f 4605 4606 4607
f 4604 4606 4605
f 4604 4605 4603
f 4603 4605 4608
f 4516 4608 4520
f 4603 4608 4516
f 4522 4609 4519
f 4610 4609 4522
f 4611 4612 4613
f 4611 4614 4615
f 4612 4611 4615
f 4607 4615 4614
f 4605 4607 4614
f 4605 4614 4525
f 4605 4525 4524
f 4527 4605 4524
f 4608 4605 4527
f 4520 4608 4527
f 4522 4616 4610
f 4528 4616 4522
f 4418 4617 4528
f 4528 4617 4616
f 4529 4618 4418
f 4418 4618 4617
f 4530 4619 4620
f 4530 4620 4529
f 4529 4620 4618
f 4620 4619 4621
f 4622 4623 4732
f 4622 4624 4625
f 4623 4622 4625
f 4613 4625 4624
f 4613 4624 4611
f 4611 4624 4626
f 4531 4614 4626
f 4614 4611 4626
f 4525 4614 4531
f 4530 4532 4619
f 4619 4627 4621
f 4619 4532 4627
f 4532 4533 4627
f 4533 4628 4627
f 4533 4629 4628
f 4535 4630 4533
f 4533 4630 4629
f 4535 4631 4630
f 4535 4632 4631
f 4535 4633 4632
f 4732 4535 4622
f 4732 4633 4535
f 4624 4622 4535
f 4536 4624 4535
f 4626 4624 4536
f 4531 4626 4536
f 4539 4538 4634
f 4539 4635 4346
f 4634 4635 4539
f 4542 4541 4636
f 4542 4637 4543
f 4636 4637 4542
f 4543 4638 4544
f 4637 4638 4543
f 4639 4544 4638
f 4639 4640 4544
f 4640 4545 4544
f 4634 4538 4545
f 4634 4545 4641
f 4641 4545 4640
f 4635 4634 4641
f 4642 4635 4641
f 4644 4635 4643
f 4645 4635 4644
f 4346 4635 4645
f 4646 4346 4645
f 4647 4646 4648
f 4546 4646 4647
f 4546 4346 4646
f 4546 4649 4547
f 4647 4649 4546
f 4547 4649 4549
f 4552 4551 4650
f 4552 4650 4651
f 4541 4552 4651
f 4541 4651 4652
f 4541 4652 4636
f 4637 4636 4652
f 4653 4637 4652
f 4638 4637 4653
f 4654 4638 4653
f 4639 4638 4654
f 4647 4648 4655
f 4649 4647 4655
f 4656 4649 4655
f 4657 4656 4658
f 4553 4656 4657
f 4553 4649 4656
f 4553 4549 4649
f 4553 4657 4554
f 4557 4556 4659
f 4557 4650 4551
f 4557 4659 4650
f 4659 4660 4650
f 4661 4651 4650
f 4660 4661 4650
f 4657 4658 4662
f 4662 4554 4657
f 4662 4663 4554
f 4663 4559 4554
f 4562 4561 4664
f 4562 4664 4665
f 4556 4562 4665
f 4556 4665 4666
f 4556 4666 4659
f 4660 4659 4666
f 4667 4660 4666
f 4661 4660 4667
f 4668 4563 4559
f 4668 4559 4669
f 4669 4559 4663
f 4563 4668 4564
f 4664 4561 4670
f 4671 4665 4664
f 4670 4671 4664
f 4672 4668 4669
f 4673 4672 4669
f 4564 4672 4566
f 4668 4672 4564
f 4670 4568 4674
f 4561 4568 4670
f 4675 4671 4670
f 4674 4675 4670
f 4672 4673 4676
f 4676 4566 4672
f 4676 4677 4566
f 4677 4482 4566
f 4674 4570 4678
f 4568 4570 4674
f 4679 4675 4674
f 4678 4679 4674
f 4677 4680 4482
f 4678 4572 4681
f 4570 4572 4678
f 4682 4679 4678
f 4681 4682 4678
f 4680 4683 4482
f 4681 4574 4684
f 4572 4574 4681
f 4685 4682 4681
f 4684 4685 4681
f 4686 4687 4688
f 4686 4683 4687
f 4686 4575 4683
f 4575 4482 4683
f 4684 4574 4689
f 4690 4685 4684
f 4689 4690 4684
f 4691 4686 4688
f 4692 4691 4688
f 4575 4691 4577
f 4686 4691 4575
f 4689 4579 4693
f 4574 4579 4689
f 4694 4690 4689
f 4693 4694 4689
f 4581 4691 4692
f 4581 4692 4582
f 4582 4692 4695
f 4577 4691 4581
f 4693 4583 4696
f 4579 4583 4693
f 4697 4694 4693
f 4696 4697 4693
f 4587 4698 4699
f 4587 4695 4698
f 4587 4584 4695
f 4584 4582 4695
f 4583 4585 4696
f 4585 4700 4701
f 4585 4701 4697
f 4585 4697 4696
f 4701 4700 4702
f 4587 4699 4588
f 4588 4699 4703
f 4700 4585 4589
f 4700 4589 4702
f 4702 4589 4704
f 4705 4706 4707
f 4705 4703 4706
f 4705 4591 4703
f 4591 4588 4703
f 4589 4708 4704
f 4592 4708 4589
f 4594 4709 4710
f 4594 4710 4592
f 4592 4710 4708
f 4710 4709 4711
f 4712 4707 4713
f 4705 4707 4712
f 4705 4712 4597
f 4705 4597 4596
f 4591 4705 4596
f 4594 4599 4709
f 4709 4714 4711
f 4709 4599 4714
f 4599 4601 4714
f 4714 4601 4602
f 4715 4714 4602
f 4716 4712 4713
f 4717 4716 4713
f 4597 4716 4604
f 4712 4716 4597
f 4602 4519 4715
f 4715 4519 4718
f 4606 4716 4717
f 4606 4717 4607
f 4607 4717 4719
f 4604 4716 4606
f 4519 4720 4718
f 4609 4720 4519
f 4610 4721 4722
f 4610 4722 4609
f 4609 4722 4720
f 4722 4721 4723
f 4721 4724 4725
f 4723 4721 4725
f 4725 4724 4815
f 4726 4727 4732
f 4726 4625 4728
f 4727 4726 4728
f 4625 4613 4612
f 4625 4612 4728
f 4728 4612 4813
f 4615 4813 4612
f 4719 4615 4607
f 4813 4615 4719
f 4610 4616 4721
f 4617 4721 4616
f 4618 4721 4617
f 4724 4721 4618
f 4724 4729 4815
f 4724 4618 4729
f 4618 4620 4729
f 4621 4730 4731
f 4621 4731 4620
f 4620 4731 4729
f 4731 4730 4732
f 4726 4732 4623
f 4625 4726 4623
f 4621 4627 4730
f 4628 4730 4627
f 4732 4730 4628
f 4629 4732 4628
f 4630 4732 4629
f 4631 4732 4630
f 4632 4732 4631
f 4633 4732 4632
f 4640 4639 4733
f 4640 4734 4641
f 4733 4734 4640
f 4734 4735 4641
f 4641 4735 4642
f 4642 4735 4635
f 4635 4735 4643
f 4643 4735 4644
f 4644 4735 4645
f 4645 4736 4646
f 4735 4736 4645
f 4646 4736 4648
f 4652 4651 4737
f 4652 4738 4653
f 4737 4738 4652
f 4653 4739 4654
f 4738 4739 4653
f 4654 4739 4740
f 4639 4654 4740
f 4639 4740 4741
f 4639 4741 4733
f 4734 4733 4741
f 4735 4734 4741
f 4742 4735 4741
f 4743 4735 4742
f 4736 4735 4743
f 4744 4736 4743
f 4648 4736 4744
f 4648 4744 4655
f 4655 4744 4745
f 4746 4745 4747
f 4746 4656 4745
f 4656 4655 4745
f 4656 4746 4658
f 4737 4661 4748
f 4651 4661 4737
f 4749 4750 4738
f 4749 4738 4748
f 4748 4738 4737
f 4739 4738 4750
f 4751 4739 4750
f 4740 4739 4751
f 4746 4747 4752
f 4753 4752 4754
f 4662 4752 4753
f 4662 4746 4752
f 4662 4658 4746
f 4662 4753 4663
f 4666 4665 4755
f 4666 4756 4667
f 4755 4756 4666
f 4667 4756 4757
f 4661 4667 4757
f 4661 4757 4758
f 4661 4758 4748
f 4749 4748 4758
f 4753 4754 4759
f 4759 4663 4753
f 4759 4760 4663
f 4760 4669 4663
f 4755 4671 4761
f 4665 4671 4755
f 4762 4763 4756
f 4762 4756 4761
f 4761 4756 4755
f 4757 4756 4763
f 4669 4760 4673
f 4760 4764 4673
f 4761 4675 4765
f 4671 4675 4761
f 4766 4762 4761
f 4765 4766 4761
f 4767 4676 4673
f 4767 4673 4764
f 4676 4767 4677
f 4675 4679 4765
f 4768 4766 4765
f 4769 4767 4764
f 4677 4767 4680
f 4679 4682 4765
f 4770 4768 4765
f 4771 4767 4769
f 4772 4771 4769
f 4680 4771 4683
f 4767 4771 4680
f 4765 4685 4773
f 4682 4685 4765
f 4774 4770 4765
f 4773 4774 4765
f 4775 4776 4777
f 4772 4776 4775
f 4771 4772 4775
f 4771 4775 4688
f 4771 4688 4687
f 4683 4771 4687
f 4773 4690 4778
f 4685 4690 4773
f 4779 4774 4773
f 4778 4779 4773
f 4780 4775 4777
f 4781 4780 4777
f 4688 4780 4692
f 4775 4780 4688
f 4778 4694 4782
f 4690 4694 4778
f 4783 4779 4778
f 4782 4783 4778
f 4784 4780 4781
f 4785 4784 4781
f 4692 4784 4695
f 4780 4784 4692
f 4782 4697 4786
f 4694 4697 4782
f 4787 4783 4782
f 4786 4787 4782
f 4698 4784 4785
f 4698 4785 4699
f 4699 4785 4788
f 4695 4784 4698
f 4697 4701 4786
f 4702 4789 4790
f 4701 4702 4790
f 4701 4790 4787
f 4701 4787 4786
f 4790 4789 4791
f 4792 4793 4794
f 4792 4788 4793
f 4792 4703 4788
f 4703 4699 4788
f 4789 4704 4795
f 4702 4704 4789
f 4796 4791 4789
f 4795 4796 4789
f 4792 4794 4797
f 4792 4797 4707
f 4792 4707 4706
f 4703 4792 4706
f 4704 4708 4795
f 4795 4798 4796
f 4795 4708 4798
f 4708 4710 4798
f 4711 4799 4800
f 4711 4800 4710
f 4710 4800 4798
f 4800 4799 4801
f 4707 4797 4713
f 4711 4714 4799
f 4715 4802 4803
f 4714 4715 4803
f 4714 4803 4801
f 4714 4801 4799
f 4802 4804 4805
f 4803 4802 4805
f 4805 4804 4806
f 4713 4797 4717
f 4797 4807 4717
f 4802 4718 4808
f 4715 4718 4802
f 4804 4802 4808
f 4809 4806 4804
f 4809 4804 4810
f 4810 4804 4808
f 4809 4810 4811
f 4903 4812 4813
f 4813 4719 4807
f 4719 4717 4807
f 4718 4720 4808
f 4722 4808 4720
f 4723 4808 4722
f 4810 4808 4723
f 4810 4814 4811
f 4810 4723 4814
f 4723 4725 4814
f 4815 4816 4725
f 4725 4816 4814
f 4816 4815 4817
f 4817 4815 4818
f 4818 4815 4819
f 4819 4815 4820
f 4820 4815 4821
f 4821 4815 4822
f 4815 4732 4823
f 4822 4815 4823
f 4903 4823 4732
f 4812 4903 4732
f 4812 4732 4727
f 4728 4812 4727
f 4813 4812 4728
f 4731 4815 4729
f 4732 4815 4731
f 4741 4740 4824
f 4824 4825 4741
f 4825 4826 4741
f 4741 4827 4742
f 4826 4827 4741
f 4924 4742 4827
f 4924 4828 4742
f 4828 4743 4742
f 4743 4828 4829
f 4743 4829 4830
f 4743 4830 4831
f 4743 4831 4832
f 4743 4832 4833
f 4743 4833 4834
f 4743 4835 4744
f 4744 4836 4745
f 4835 4836 4744
f 4745 4836 4747
f 4750 4749 4837
f 4750 4838 4751
f 4837 4838 4750
f 4751 4824 4740
f 4751 4838 4824
f 4838 4839 4824
f 4840 4841 4825
f 4840 4825 4839
f 4839 4825 4824
f 4826 4825 4841
f 4842 4826 4841
f 4827 4826 4842
f 4843 4827 4842
f 4924 4827 4843
f 4743 4834 4844
f 4835 4743 4844
f 4845 4835 4844
f 4845 4846 4847
f 4845 4847 4835
f 4835 4847 4836
f 4747 4848 4752
f 4747 4836 4848
f 4836 4847 4848
f 4752 4848 4754
f 4758 4757 4849
f 4758 4837 4749
f 4758 4849 4837
f 4849 4850 4837
f 4851 4838 4850
f 4850 4838 4837
f 4839 4838 4851
f 4852 4839 4851
f 4840 4839 4852
f 4847 4846 4853
f 4848 4847 4853
f 4854 4848 4853
f 4855 4854 4856
f 4759 4854 4855
f 4759 4848 4854
f 4759 4754 4848
f 4759 4855 4760
f 4763 4762 4857
f 4763 4849 4757
f 4763 4857 4849
f 4857 4858 4849
f 4859 4851 4850
f 4859 4850 4858
f 4858 4850 4849
f 4860 4855 4856
f 4760 4860 4764
f 4855 4860 4760
f 4857 4766 4861
f 4762 4766 4857
f 4858 4857 4862
f 4862 4857 4861
f 4863 4859 4858
f 4862 4863 4858
f 4864 4860 4856
f 4865 4864 4856
f 4860 4864 4764
f 4861 4768 4866
f 4766 4768 4861
f 4873 4862 4866
f 4866 4862 4861
f 4863 4862 4873
f 4867 4864 4865
f 4868 4867 4865
f 4764 4867 4769
f 4864 4867 4764
f 4866 4770 4869
f 4768 4770 4866
f 4869 4873 4866
f 4870 4867 4868
f 4871 4870 4868
f 4769 4870 4772
f 4867 4870 4769
f 4869 4774 4872
f 4770 4774 4869
f 4872 4873 4869
f 4776 4870 4871
f 4776 4871 4777
f 4777 4871 4874
f 4772 4870 4776
f 4872 4779 4875
f 4774 4779 4872
f 4875 4873 4872
f 4777 4874 4781
f 4874 4876 4781
f 4875 4783 4877
f 4779 4783 4875
f 4878 4873 4875
f 4877 4878 4875
f 4879 4880 4881
f 4879 4876 4880
f 4879 4785 4876
f 4785 4781 4876
f 4877 4787 4882
f 4783 4787 4877
f 4878 4877 4883
f 4883 4877 4882
f 4878 4883 4884
f 4885 4879 4881
f 4785 4885 4788
f 4879 4885 4785
f 4787 4790 4882
f 4791 4882 4790
f 4791 4886 4882
f 4886 4883 4882
f 4887 4884 4883
f 4887 4883 4888
f 4888 4883 4886
f 4887 4888 4889
f 4885 4794 4793
f 4788 4885 4793
f 4886 4796 4890
f 4791 4796 4886
f 4888 4886 4891
f 4891 4886 4890
f 4892 4889 4888
f 4891 4892 4888
f 4885 4893 4797
f 4794 4885 4797
f 4796 4798 4890
f 4800 4890 4798
f 4891 4890 4800
f 4801 4894 4895
f 4800 4801 4895
f 4800 4895 4892
f 4800 4892 4891
f 4894 4896 4897
f 4895 4894 4897
f 4897 4896 4898
f 4900 4899 4893
f 4893 4899 4797
f 4801 4803 4894
f 4805 4894 4803
f 4896 4894 4805
f 4806 4901 4902
f 4805 4806 4902
f 4805 4902 4898
f 4805 4898 4896
f 4902 4901 5017
f 4813 4904 4905
f 4903 4813 4905
f 4900 4905 4904
f 4900 4904 4899
f 4899 4904 4906
f 4797 4906 4807
f 4899 4906 4797
f 4806 4809 4901
f 4811 4907 4908
f 4809 4811 4908
f 4809 4908 5017
f 4809 5017 4901
f 4907 4909 4910
f 4908 4907 4910
f 4909 4911 4912
f 4910 4909 4912
f 4911 4913 4914
f 4912 4911 4914
f 4913 4915 5019
f 4914 4913 5019
f 4915 4916 4917
f 5019 4915 4917
f 4916 4918 4919
f 4917 4916 4919
f 4918 4920 4921
f 4919 4918 4921
f 4920 4922 4923
f 4921 4920 4923
f 4903 4923 4922
f 4906 4904 4813
f 4807 4906 4813
f 4811 4814 4907
f 4816 4907 4814
f 4909 4907 4816
f 4817 4909 4816
f 4911 4909 4817
f 4818 4911 4817
f 4913 4911 4818
f 4819 4913 4818
f 4915 4913 4819
f 4820 4915 4819
f 4916 4915 4820
f 4821 4916 4820
f 4918 4916 4821
f 4822 4918 4821
f 4920 4918 4822
f 4823 4920 4822
f 4922 4920 4823
f 4903 4922 4823
f 4828 4924 4829
f 4829 4924 4830
f 4830 4924 4831
f 4831 4924 4832
f 4832 4924 4833
f 4833 4925 4834
f 4924 4925 4833
f 4925 4926 4834
f 4841 4840 4927
f 4841 4928 4842
f 4927 4928 4841
f 4842 4929 4843
f 4928 4929 4842
f 4843 4929 4930
f 4924 4843 4930
f 4924 4930 4931
f 4932 4924 4931
f 4933 4924 4932
f 4934 4924 4933
f 4935 4924 4934
f 4936 4924 4935
f 4925 4924 4936
f 4937 4925 4936
f 4937 4938 4939
f 4937 4939 4925
f 4926 4925 4939
f 4834 4940 4844
f 4834 4926 4940
f 4926 4939 4940
f 4844 4941 4845
f 4940 4941 4844
f 4845 4941 4846
f 4851 4943 4852
f 4942 4943 4851
f 4852 4927 4840
f 4852 4943 4927
f 4943 4944 4927
f 4945 4946 4928
f 4945 4928 4944
f 4944 4928 4927
f 4929 4928 4946
f 4947 4929 4946
f 4930 4929 4947
f 4939 4938 4948
f 4949 4939 4948
f 4940 4939 4949
f 4950 4940 4949
f 4941 4940 4950
f 4951 4941 4950
f 4952 4951 4953
f 4853 4951 4952
f 4853 4941 4951
f 4853 4846 4941
f 4853 4954 4854
f 4952 4954 4853
f 4854 4954 4856
f 4851 4859 4955
f 4851 4955 4942
f 4955 4956 4942
f 4957 4958 4943
f 4957 4943 4956
f 4956 4943 4942
f 4944 4943 4958
f 4959 4944 4958
f 4945 4944 4959
f 4960 4952 4953
f 4961 4960 4953
f 4954 4952 4962
f 4962 4952 4960
f 4954 4962 4856
f 4955 4863 4963
f 4859 4863 4955
f 4956 4955 4964
f 4964 4955 4963
f 4965 4957 4956
f 4964 4965 4956
f 4960 4961 4966
f 4966 4967 4968
f 4966 4968 4960
f 4960 4968 4962
f 4856 4968 4865
f 4962 4968 4856
f 4873 4963 4863
f 4873 4969 4963
f 4969 4964 4963
f 4970 4971 4964
f 4965 4964 4971
f 4978 4968 4967
f 4865 4978 4868
f 4968 4978 4865
f 4969 4873 4972
f 4973 4974 4964
f 4973 4964 4972
f 4972 4964 4969
f 4970 4964 4974
f 4868 4978 4871
f 4972 4873 4975
f 4976 4973 4972
f 4975 4976 4972
f 4871 4978 4874
f 4977 4976 4975
f 4874 4978 4876
f 4975 4878 4979
f 4873 4878 4975
f 4980 4977 4975
f 4980 4975 4981
f 4981 4975 4979
f 4980 4981 4982
f 4978 4983 4881
f 4978 4881 4880
f 4876 4978 4880
f 4884 4979 4878
f 4884 4984 4979
f 4984 4981 4979
f 4985 4982 4981
f 4984 4985 4981
f 4986 4978 4987
f 4978 4986 4983
f 4983 4986 4988
f 4881 4988 4885
f 4983 4988 4881
f 4884 4887 4984
f 4889 4989 4990
f 4887 4889 4990
f 4887 4990 4985
f 4887 4985 4984
f 4990 4989 4991
f 4992 4986 4987
f 4993 4992 4987
f 4893 4988 4992
f 4988 4986 4992
f 4885 4988 4893
f 4989 4892 4994
f 4889 4892 4989
f 4995 4991 4989
f 4995 4989 4996
f 4996 4989 4994
f 4996 4997 4998
f 4995 4996 4998
f 4998 4997 4999
f 5000 5001 5002
f 5000 5003 5004
f 5001 5000 5004
f 5003 5005 5006
f 5004 5003 5006
f 4993 5006 5005
f 4992 4993 5005
f 4992 5005 4893
f 4892 4895 4994
f 4897 4994 4895
f 4996 4994 4897
f 4898 4996 4897
f 4898 5017 4996
f 5017 4997 4996
f 4999 4997 5017
f 4999 5007 5008
f 5008 5007 5102
f 5009 5010 5011
f 5009 5012 5013
f 5010 5009 5013
f 5002 5013 5012
f 5002 5012 5000
f 5000 5012 5014
f 5003 5000 5015
f 5015 5000 5014
f 5005 5003 5016
f 5016 5003 5015
f 4893 5016 4900
f 5005 5016 4893
f 4898 4902 5017
f 5007 4999 5017
f 5018 5102 5007
f 5018 5007 5019
f 5019 5007 5017
f 5011 5020 5009
f 5012 5009 5021
f 5021 5009 5020
f 4903 5014 5021
f 5014 5012 5021
f 5015 5014 4903
f 4905 5015 4903
f 5016 5015 4905
f 4900 5016 4905
f 4910 5017 4908
f 4912 5017 4910
f 5019 5017 4912
f 4914 5019 4912
f 5020 5019 4917
f 4919 5020 4917
f 4921 5020 4919
f 4923 5020 4921
f 5021 5020 4923
f 4903 5021 4923
f 4931 4930 5022
f 4931 5023 4932
f 5022 5023 4931
f 4932 5024 4933
f 5023 5024 4932
f 4933 5025 4934
f 5024 5025 4933
f 4934 5026 4935
f 5025 5026 4934
f 4935 5027 4936
f 5026 5027 4935
f 4936 5028 4937
f 5027 5028 4936
f 4937 5028 4938
f 4946 4945 5029
f 4946 5030 4947
f 5029 5030 4946
f 4947 5022 4930
f 4947 5030 5022
f 5030 5031 5022
f 5023 5022 5032
f 5032 5022 5031
f 5024 5023 5033
f 5033 5023 5032
f 5026 5025 5024
f 5027 5026 5024
f 5028 5027 5034
f 5034 5027 5024
f 4938 5035 4948
f 4938 5028 5035
f 5028 5034 5035
f 4948 5036 4949
f 5035 5036 4948
f 4949 5037 4950
f 5036 5037 4949
f 4950 5038 4951
f 5037 5038 4950
f 4951 5038 4953
f 4958 4957 5039
f 4958 5040 4959
f 5039 5040 4958
f 4959 5029 4945
f 4959 5040 5029
f 5030 5029 5041
f 5041 5029 5040
f 5031 5030 5041
f 5033 5032 5042
f 5042 5032 5031
f 5024 5033 5042
f 5051 5043 5024
f 5051 5024 5042
f 5044 5024 5043
f 5034 5024 5044
f 5035 5034 5044
f 5045 5035 5044
f 5036 5035 5045
f 5046 5036 5045
f 5037 5036 5046
f 5047 5037 5046
f 5047 5057 5037
f 5037 5057 5038
f 4953 5057 4961
f 5038 5057 4953
f 5039 4965 5048
f 4957 4965 5039
f 5049 5050 5040
f 5049 5040 5048
f 5048 5040 5039
f 5051 5040 5050
f 5041 5040 5051
f 5031 5041 5051
f 5042 5031 5051
f 4961 5053 4966
f 4961 5057 5053
f 4966 5053 4967
f 4971 4970 5054
f 4971 5048 4965
f 4971 5054 5048
f 5054 5055 5048
f 5056 5049 5048
f 5055 5056 5048
f 5058 5057 5052
f 5053 5057 5059
f 4967 5059 4978
f 5053 5059 4967
f 4974 4973 5060
f 4974 5054 4970
f 4974 5060 5054
f 5060 5061 5054
f 5062 5063 5055
f 5062 5055 5061
f 5061 5055 5054
f 5056 5055 5063
f 5064 5057 5058
f 5059 5057 5065
f 5059 5065 4978
f 4973 4976 5060
f 5135 5062 5061
f 5066 5057 5064
f 5065 5057 5067
f 5065 5067 4978
f 5060 4977 5068
f 4976 4977 5060
f 5061 5060 5069
f 5069 5060 5068
f 5069 5135 5061
f 5070 5057 5066
f 5071 5070 5066
f 5067 5057 5072
f 5072 5057 5070
f 5067 5072 4978
f 4977 4980 5068
f 4982 5068 4980
f 4982 5073 5068
f 5073 5069 5068
f 5135 5069 5074
f 5074 5069 5073
f 5075 5070 5071
f 4978 5072 5075
f 5072 5070 5075
f 5073 4985 5076
f 4982 4985 5073
f 5074 5073 5077
f 5077 5073 5076
f 5135 5074 5078
f 5078 5074 5077
f 5079 5080 5081
f 5071 5080 5079
f 5075 5071 5079
f 5075 5079 4987
f 5075 4987 4978
f 4985 4990 5076
f 4991 5076 4990
f 4991 5082 5076
f 5082 5077 5076
f 5078 5077 5083
f 5083 5077 5082
f 5084 5135 5078
f 5084 5078 5085
f 5085 5078 5083
f 5085 5086 5087
f 5084 5085 5087
f 5087 5086 5088
f 5089 5090 5091
f 5089 5092 5093
f 5090 5089 5093
f 5081 5093 5092
f 5081 5092 5079
f 5079 5092 5094
f 4987 5094 4993
f 5079 5094 4987
f 4991 4995 5082
f 4998 5082 4995
f 5083 5082 4998
f 4999 5083 4998
f 4999 5095 5083
f 5095 5085 5083
f 5086 5085 5096
f 5096 5085 5095
f 5097 5088 5086
f 5096 5097 5086
f 5098 5099 5100
f 5098 5101 5091
f 5099 5098 5091
f 5089 5091 5101
f 5089 5101 5002
f 5089 5002 5001
f 5004 5089 5001
f 5092 5089 5004
f 5006 5092 5004
f 5094 5092 5006
f 4993 5094 5006
f 5008 5095 4999
f 5096 5095 5008
f 5008 5102 5103
f 5008 5103 5097
f 5008 5097 5096
f 5103 5102 5104
f 5104 5102 5105
f 5102 5020 5106
f 5105 5102 5106
f 5020 5107 5108
f 5106 5020 5108
f 5100 5108 5107
f 5098 5100 5107
f 5098 5107 5011
f 5098 5011 5010
f 5013 5098 5010
f 5101 5098 5013
f 5002 5101 5013
f 5019 5102 5018
f 5020 5102 5019
f 5011 5107 5020
f 5043 5051 5109
f 5043 5110 5044
f 5109 5110 5043
f 5110 5111 5044
f 5044 5112 5045
f 5111 5112 5044
f 5045 5113 5046
f 5112 5113 5045
f 5046 5114 5047
f 5113 5114 5046
f 5047 5114 5057
f 5050 5049 5115
f 5050 5116 5051
f 5115 5116 5050
f 5116 5117 5051
f 5117 5118 5051
f 5118 5119 5051
f 5051 5119 5109
f 5110 5109 5120
f 5120 5109 5119
f 5111 5110 5120
f 5112 5111 5120
f 5113 5112 5120
f 5114 5113 5121
f 5121 5113 5120
f 5057 5121 5052
f 5114 5121 5057
f 5115 5056 5122
f 5049 5056 5115
f 5116 5115 5135
f 5135 5115 5122
f 5117 5116 5135
f 5118 5117 5135
f 5119 5118 5135
f 5123 5119 5135
f 5124 5125 5119
f 5124 5119 5123
f 5168 5119 5125
f 5120 5119 5168
f 5126 5120 5168
f 5127 5120 5126
f 5127 5128 5121
f 5127 5121 5120
f 5052 5121 5058
f 5063 5062 5129
f 5063 5122 5056
f 5063 5129 5122
f 5129 5135 5122
f 5123 5135 5130
f 5131 5124 5123
f 5130 5131 5123
f 5132 5121 5128
f 5169 5132 5128
f 5058 5132 5064
f 5121 5132 5058
f 5062 5135 5129
f 5130 5135 5133
f 5133 5131 5130
f 5134 5132 5169
f 5064 5134 5066
f 5132 5134 5064
f 5133 5135 5136
f 5137 5131 5133
f 5136 5137 5133
f 5138 5169 5139
f 5169 5138 5134
f 5134 5138 5140
f 5066 5140 5071
f 5134 5140 5066
f 5142 5143 5136
f 5142 5136 5141
f 5141 5136 5135
f 5137 5136 5143
f 5144 5138 5139
f 5145 5144 5139
f 5140 5138 5146
f 5146 5138 5144
f 5140 5146 5071
f 5148 5135 5147
f 5141 5135 5149
f 5150 5142 5141
f 5149 5150 5141
f 5151 5152 5153
f 5174 5151 5153
f 5145 5153 5152
f 5145 5152 5144
f 5144 5152 5154
f 5080 5154 5081
f 5080 5146 5154
f 5146 5144 5154
f 5071 5146 5080
f 5135 5084 5147
f 5087 5147 5084
f 5148 5147 5087
f 5088 5148 5087
f 5088 5155 5148
f 5155 5135 5148
f 5149 5135 5156
f 5156 5135 5155
f 5157 5150 5149
f 5156 5157 5149
f 5174 5159 5158
f 5174 5158 5151
f 5151 5158 5160
f 5090 5160 5091
f 5090 5152 5160
f 5152 5151 5160
f 5093 5152 5090
f 5154 5152 5093
f 5081 5154 5093
f 5155 5097 5161
f 5088 5097 5155
f 5156 5155 5162
f 5162 5155 5161
f 5163 5157 5156
f 5163 5156 5162
f 5162 5164 5165
f 5163 5162 5165
f 5164 5166 5167
f 5165 5164 5167
f 5159 5167 5166
f 5158 5159 5166
f 5158 5166 5100
f 5158 5100 5099
f 5091 5158 5099
f 5160 5158 5091
f 5097 5103 5161
f 5104 5161 5103
f 5162 5161 5104
f 5105 5162 5104
f 5106 5162 5105
f 5164 5162 5106
f 5108 5164 5106
f 5166 5164 5108
f 5100 5166 5108
f 5125 5124 5168
f 5168 5169 5126
f 5126 5170 5127
f 5169 5170 5126
f 5127 5170 5128
f 5124 5131 5168
f 5170 5169 5128
f 5168 5137 5171
f 5131 5137 5168
f 5169 5168 5171
f 5169 5172 5139
f 5143 5142 5173
f 5143 5171 5137
f 5143 5173 5171
f 5173 5169 5171
f 5172 5169 5175
f 5175 5169 5174
f 5139 5175 5145
f 5172 5175 5139
f 5173 5150 5176
f 5142 5150 5173
f 5169 5173 5176
f 5175 5174 5153
f 5145 5175 5153
f 5176 5157 5177
f 5150 5157 5176
f 5169 5176 5177
f 5178 5169 5177
f 5159 5174 5178
f 5174 5169 5178
f 5157 5163 5177
f 5165 5177 5163
f 5167 5177 5165
f 5178 5177 5167
f 5159 5178 5167
