# https://github.com/mikedh/trimesh
v 30.79999924 30.55999947 44.15999985
v 30.87999916 30.55999947 44.07999802
v 30.87999916 30.47999954 44.15999985
v 30.87999916 30.47999954 44.31999969
v 30.79999924 30.55999947 44.31999969
v 30.87999916 30.47999954 44.47999954
v 30.79999924 30.55999947 44.47999954
v 30.87999916 30.55999947 44.55999756
v 30.79999924 30.71999931 43.84000015
v 30.87999916 30.71999931 43.75999832
v 30.87999916 30.63999939 43.84000015
v 30.87999916 30.63999939 44.00000000
v 30.79999924 30.71999931 44.00000000
v 30.79999924 30.71999931 44.15999985
v 30.79999924 30.71999931 44.31999969
v 30.79999924 30.71999931 44.47999954
v 30.87999916 30.63999939 44.63999939
v 30.79999924 30.71999931 44.63999939
v 30.87999916 30.63999939 44.79999924
v 30.79999924 30.71999931 44.79999924
v 30.87999916 30.71999931 44.87999725
v 30.79999924 30.87999916 43.68000031
v 30.87999916 30.87999916 43.59999847
v 30.87999916 30.79999924 43.68000031
v 30.79999924 30.87999916 43.84000015
v 30.79999924 30.87999916 44.00000000
v 30.79999924 30.87999916 44.15999985
v 30.79999924 30.87999916 44.31999969
v 30.79999924 30.87999916 44.47999954
v 30.79999924 30.87999916 44.63999939
v 30.79999924 30.87999916 44.79999924
v 30.87999916 30.87999916 44.87999725
v 30.79999924 31.03999901 43.68000031
v 30.87999916 31.03999901 43.59999847
v 30.79999924 31.03999901 43.84000015
v 30.79999924 31.03999901 44.00000000
v 30.79999924 31.03999901 44.15999985
v 30.79999924 31.03999901 44.31999969
v 30.79999924 31.03999901 44.47999954
v 30.79999924 31.03999901 44.63999939
v 30.79999924 31.03999901 44.79999924
v 30.87999916 31.03999901 44.87999725
v 30.79999924 31.19999886 43.52000046
v 30.87999916 31.19999886 43.43999863
v 30.87999916 31.11999893 43.52000046
v 30.79999924 31.19999886 43.68000031
v 30.79999924 31.19999886 43.84000015
v 30.79999924 31.19999886 44.00000000
v 30.79999924 31.19999886 44.15999985
v 30.79999924 31.19999886 44.31999969
v 30.79999924 31.19999886 44.47999954
v 30.79999924 31.19999886 44.63999939
v 30.79999924 31.19999886 44.79999924
v 30.87999916 31.19999886 44.87999725
v 30.79999924 31.35999870 43.52000046
v 30.87999916 31.35999870 43.43999863
v 30.79999924 31.35999870 43.68000031
v 30.79999924 31.35999870 43.84000015
v 30.79999924 31.35999870 44.00000000
v 30.79999924 31.35999870 44.15999985
v 30.79999924 31.35999870 44.31999969
v 30.79999924 31.35999870 44.47999954
v 30.79999924 31.35999870 44.63999939
v 30.79999924 31.35999870 44.79999924
v 30.87999916 31.35999870 44.87999725
v 30.79999924 31.51999855 43.52000046
v 30.87999916 31.51999855 43.43999863
v 30.79999924 31.51999855 43.68000031
v 30.79999924 31.51999855 43.84000015
v 30.79999924 31.51999855 44.00000000
v 30.79999924 31.51999855 44.15999985
v 30.79999924 31.51999855 44.31999969
v 30.79999924 31.51999855 44.47999954
v 30.79999924 31.51999855 44.63999939
v 30.79999924 31.51999855 44.79999924
v 30.87999916 31.51999855 44.87999725
v 30.87999916 31.59999847 43.52000046
v 30.79999924 31.67999840 43.68000031
v 30.87999916 31.67999840 43.59999847
v 30.79999924 31.67999840 43.84000015
v 30.79999924 31.67999840 44.00000000
v 30.79999924 31.67999840 44.15999985
v 30.79999924 31.67999840 44.31999969
v 30.79999924 31.67999840 44.47999954
v 30.87999916 31.67999840 44.55999756
v 30.87999916 31.59999847 44.63999939
v 30.87999916 31.59999847 44.79999924
v 30.87999916 31.76000023 43.68000031
v 30.79999924 31.84000015 43.84000015
v 30.87999916 31.84000015 43.75999832
v 30.79999924 31.84000015 44.00000000
v 30.79999924 31.84000015 44.15999985
v 30.79999924 31.84000015 44.31999969
v 30.79999924 31.84000015 44.47999954
v 30.87999916 31.84000015 44.55999756
v 30.87999916 31.92000008 43.84000015
v 30.87999916 31.92000008 44.00000000
v 30.87999916 31.92000008 44.15999985
v 30.87999916 31.92000008 44.31999969
v 30.87999916 31.92000008 44.47999954
v 30.95999908 30.39999962 44.15999985
v 31.03999901 30.39999962 44.07999802
v 31.03999901 30.31999969 44.15999985
v 31.03999901 30.31999969 44.31999969
v 30.95999908 30.39999962 44.31999969
v 31.03999901 30.31999969 44.47999954
v 30.95999908 30.39999962 44.47999954
v 31.03999901 30.31999969 44.63999939
v 30.95999908 30.39999962 44.63999939
v 31.03999901 30.31999969 44.79999924
v 30.95999908 30.39999962 44.79999924
v 31.03999901 30.39999962 44.87999725
v 30.95999908 30.55999947 43.52000046
v 31.03999901 30.55999947 43.43999863
v 31.03999901 30.47999954 43.52000046
v 31.03999901 30.47999954 43.68000031
v 30.95999908 30.55999947 43.68000031
v 31.03999901 30.47999954 43.84000015
v 30.95999908 30.55999947 43.84000015
v 31.03999901 30.47999954 44.00000000
v 30.95999908 30.55999947 44.00000000
v 30.95999908 30.55999947 44.63999939
v 30.95999908 30.55999947 44.79999924
v 31.03999901 30.47999954 44.95999908
v 30.95999908 30.55999947 44.95999908
v 31.03999901 30.55999947 45.03999710
v 30.95999908 30.71999931 43.36000061
v 31.03999901 30.71999931 43.27999878
v 31.03999901 30.63999939 43.36000061
v 30.95999908 30.71999931 43.52000046
v 30.95999908 30.71999931 43.68000031
v 30.95999908 30.71999931 44.95999908
v 31.03999901 30.71999931 45.03999710
v 30.95999908 30.87999916 43.20000076
v 31.03999901 30.87999916 43.11999893
v 31.03999901 30.79999924 43.20000076
v 30.95999908 30.87999916 43.36000061
v 30.95999908 30.87999916 43.52000046
v 30.95999908 30.87999916 44.95999908
v 31.03999901 30.87999916 45.03999710
v 30.95999908 31.03999901 43.20000076
v 31.03999901 31.03999901 43.11999893
v 30.95999908 31.03999901 43.36000061
v 30.95999908 31.03999901 43.52000046
v 30.95999908 31.03999901 44.95999908
v 31.03999901 30.95999908 45.11999893
v 30.95999908 31.03999901 45.11999893
v 31.03999901 31.03999901 45.20000076
v 30.95999908 31.19999886 43.20000076
v 31.03999901 31.19999886 43.11999893
v 30.95999908 31.19999886 43.36000061
v 30.95999908 31.19999886 44.95999908
v 30.95999908 31.19999886 45.11999893
v 31.03999901 31.19999886 45.20000076
v 30.95999908 31.35999870 43.20000076
v 31.03999901 31.35999870 43.11999893
v 30.95999908 31.35999870 43.36000061
v 30.95999908 31.35999870 44.95999908
v 30.95999908 31.35999870 45.11999893
v 31.03999901 31.35999870 45.20000076
v 30.95999908 31.51999855 43.20000076
v 31.03999901 31.51999855 43.11999893
v 30.95999908 31.51999855 43.36000061
v 30.95999908 31.51999855 44.95999908
v 31.03999901 31.51999855 45.03999710
v 31.03999901 31.43999863 45.11999893
v 30.95999908 31.67999840 43.20000076
v 31.03999901 31.67999840 43.11999893
v 30.95999908 31.67999840 43.36000061
v 30.95999908 31.67999840 43.52000046
v 30.95999908 31.67999840 44.63999939
v 30.95999908 31.67999840 44.79999924
v 30.95999908 31.67999840 44.95999908
v 31.03999901 31.67999840 45.03999710
v 30.95999908 31.84000015 43.20000076
v 31.03999901 31.84000015 43.11999893
v 30.95999908 31.84000015 43.36000061
v 30.95999908 31.84000015 43.52000046
v 30.95999908 31.84000015 43.68000031
v 30.95999908 31.84000015 44.63999939
v 31.03999901 31.84000015 44.71999741
v 31.03999901 31.76000023 44.79999924
v 31.03999901 31.76000023 44.95999908
v 31.03999901 31.92000008 43.20000076
v 31.03999901 31.92000008 43.36000061
v 31.03999901 31.92000008 43.52000046
v 30.95999908 32.00000000 43.68000031
v 31.03999901 32.00000000 43.59999847
v 30.95999908 32.00000000 43.84000015
v 30.95999908 32.00000000 44.00000000
v 30.95999908 32.00000000 44.15999985
v 30.95999908 32.00000000 44.31999969
v 31.03999901 32.00000000 44.39999771
v 31.03999901 31.92000008 44.47999954
v 31.03999901 31.92000008 44.63999939
v 31.03999901 32.07999802 43.68000031
v 31.03999901 32.07999802 43.84000015
v 31.03999901 32.07999802 44.00000000
v 31.03999901 32.07999802 44.15999985
v 31.03999901 32.07999802 44.31999969
v 31.11999893 30.23999977 43.68000031
v 31.19999886 30.23999977 43.59999847
v 31.19999886 30.15999985 43.68000031
v 31.19999886 30.15999985 43.84000015
v 31.11999893 30.23999977 43.84000015
v 31.19999886 30.15999985 44.00000000
v 31.11999893 30.23999977 44.00000000
v 31.19999886 30.15999985 44.15999985
v 31.11999893 30.23999977 44.15999985
v 31.19999886 30.15999985 44.31999969
v 31.11999893 30.23999977 44.31999969
v 31.19999886 30.15999985 44.47999954
v 31.11999893 30.23999977 44.47999954
v 31.19999886 30.15999985 44.63999939
v 31.11999893 30.23999977 44.63999939
v 31.19999886 30.15999985 44.79999924
v 31.11999893 30.23999977 44.79999924
v 31.19999886 30.15999985 44.95999908
v 31.11999893 30.23999977 44.95999908
v 31.19999886 30.15999985 45.11999893
v 31.11999893 30.23999977 45.11999893
v 31.19999886 30.23999977 45.20000076
v 31.11999893 30.39999962 43.36000061
v 31.19999886 30.39999962 43.27999878
v 31.19999886 30.31999969 43.36000061
v 31.19999886 30.31999969 43.52000046
v 31.11999893 30.39999962 43.52000046
v 31.11999893 30.39999962 43.68000031
v 31.11999893 30.39999962 43.84000015
v 31.11999893 30.39999962 44.00000000
v 31.11999893 30.39999962 44.95999908
v 31.11999893 30.39999962 45.11999893
v 31.19999886 30.39999962 45.20000076
v 31.11999893 30.55999947 43.20000076
v 31.19999886 30.55999947 43.11999893
v 31.19999886 30.47999954 43.20000076
v 31.11999893 30.55999947 43.36000061
v 31.11999893 30.55999947 45.11999893
v 31.19999886 30.47999954 45.27999878
v 31.11999893 30.55999947 45.27999878
v 31.19999886 30.55999947 45.36000061
v 31.11999893 30.71999931 43.04000092
v 31.19999886 30.71999931 42.95999908
v 31.19999886 30.63999939 43.04000092
v 31.11999893 30.71999931 43.20000076
v 31.11999893 30.71999931 45.11999893
v 31.11999893 30.71999931 45.27999878
v 31.19999886 30.71999931 45.36000061
v 31.11999893 30.87999916 43.04000092
v 31.19999886 30.87999916 42.95999908
v 31.11999893 30.87999916 45.11999893
v 31.11999893 30.87999916 45.27999878
v 31.19999886 30.87999916 45.36000061
v 31.11999893 31.03999901 43.04000092
v 31.19999886 31.03999901 42.95999908
v 31.11999893 31.03999901 45.27999878
v 31.19999886 31.03999901 45.36000061
v 31.11999893 31.19999886 43.04000092
v 31.19999886 31.19999886 42.95999908
v 31.11999893 31.19999886 45.27999878
v 31.19999886 31.19999886 45.36000061
v 31.11999893 31.35999870 43.04000092
v 31.19999886 31.35999870 42.95999908
v 31.11999893 31.35999870 45.27999878
v 31.19999886 31.35999870 45.36000061
v 31.11999893 31.51999855 43.04000092
v 31.19999886 31.51999855 42.95999908
v 31.11999893 31.51999855 45.11999893
v 31.11999893 31.51999855 45.27999878
v 31.19999886 31.51999855 45.36000061
v 31.11999893 31.67999840 43.04000092
v 31.19999886 31.67999840 42.95999908
v 31.11999893 31.67999840 45.11999893
v 31.11999893 31.67999840 45.27999878
v 31.19999886 31.67999840 45.36000061
v 31.19999886 31.76000023 43.04000092
v 31.19999886 31.84000015 43.11999893
v 31.11999893 31.84000015 44.79999924
v 31.11999893 31.84000015 44.95999908
v 31.19999886 31.84000015 45.03999710
v 31.19999886 31.76000023 45.11999893
v 31.19999886 31.76000023 45.27999878
v 31.11999893 32.00000000 43.20000076
v 31.19999886 32.00000000 43.11999893
v 31.11999893 32.00000000 43.36000061
v 31.11999893 32.00000000 43.52000046
v 31.11999893 32.00000000 44.47999954
v 31.11999893 32.00000000 44.63999939
v 31.19999886 32.00000000 44.71999741
v 31.19999886 31.92000008 44.79999924
v 31.19999886 31.92000008 44.95999908
v 31.19999886 32.07999802 43.20000076
v 31.11999893 32.15999985 43.36000061
v 31.19999886 32.15999985 43.27999878
v 31.11999893 32.15999985 43.52000046
v 31.11999893 32.15999985 43.68000031
v 31.11999893 32.15999985 43.84000015
v 31.19999886 32.15999985 43.91999817
v 31.19999886 32.07999802 44.00000000
v 31.19999886 32.07999802 44.15999985
v 31.19999886 32.07999802 44.31999969
v 31.19999886 32.07999802 44.47999954
v 31.19999886 32.07999802 44.63999939
v 31.19999886 32.23999786 43.36000061
v 31.19999886 32.23999786 43.52000046
v 31.19999886 32.23999786 43.68000031
v 31.19999886 32.23999786 43.84000015
v 31.27999878 29.92000008 44.47999954
v 31.35999870 29.92000008 44.39999771
v 31.35999870 29.84000015 44.47999954
v 31.35999870 29.84000015 44.63999939
v 31.27999878 29.92000008 44.63999939
v 31.35999870 29.84000015 44.79999924
v 31.27999878 29.92000008 44.79999924
v 31.35999870 29.92000008 44.87999725
v 31.27999878 30.07999992 43.52000046
v 31.35999870 30.07999992 43.43999863
v 31.35999870 30.00000000 43.52000046
v 31.35999870 30.00000000 43.68000031
v 31.27999878 30.07999992 43.68000031
v 31.35999870 30.00000000 43.84000015
v 31.27999878 30.07999992 43.84000015
v 31.35999870 30.00000000 44.00000000
v 31.27999878 30.07999992 44.00000000
v 31.35999870 30.00000000 44.15999985
v 31.27999878 30.07999992 44.15999985
v 31.35999870 30.00000000 44.31999969
v 31.27999878 30.07999992 44.31999969
v 31.27999878 30.07999992 44.47999954
v 31.27999878 30.07999992 44.63999939
v 31.27999878 30.07999992 44.79999924
v 31.35999870 30.00000000 44.95999908
v 31.27999878 30.07999992 44.95999908
v 31.35999870 30.00000000 45.11999893
v 31.27999878 30.07999992 45.11999893
v 31.35999870 30.07999992 45.20000076
v 31.27999878 30.23999977 43.36000061
v 31.35999870 30.23999977 43.27999878
v 31.35999870 30.15999985 43.36000061
v 31.27999878 30.23999977 43.52000046
v 31.35999870 30.15999985 45.27999878
v 31.27999878 30.23999977 45.27999878
v 31.35999870 30.23999977 45.36000061
v 31.27999878 30.39999962 43.04000092
v 31.35999870 30.39999962 42.95999908
v 31.35999870 30.31999969 43.04000092
v 31.35999870 30.31999969 43.20000076
v 31.27999878 30.39999962 43.20000076
v 31.27999878 30.39999962 45.27999878
v 31.35999870 30.31999969 45.43999863
v 31.27999878 30.39999962 45.43999863
v 31.35999870 30.39999962 45.52000046
v 31.27999878 30.55999947 43.04000092
v 31.35999870 30.55999947 42.95999908
v 31.27999878 30.55999947 45.43999863
v 31.35999870 30.55999947 45.52000046
v 31.27999878 30.71999931 42.87999725
v 31.35999870 30.71999931 42.79999924
v 31.35999870 30.63999939 42.87999725
v 31.27999878 30.71999931 45.43999863
v 31.35999870 30.71999931 45.52000046
v 31.27999878 30.87999916 42.87999725
v 31.35999870 30.87999916 42.79999924
v 31.27999878 30.87999916 45.43999863
v 31.35999870 30.87999916 45.52000046
v 31.27999878 31.03999901 42.87999725
v 31.35999870 31.03999901 42.79999924
v 31.27999878 31.03999901 45.43999863
v 31.35999870 31.03999901 45.52000046
v 31.27999878 31.19999886 42.87999725
v 31.35999870 31.19999886 42.79999924
v 31.27999878 31.19999886 45.43999863
v 31.35999870 31.19999886 45.52000046
v 31.27999878 31.35999870 42.87999725
v 31.35999870 31.35999870 42.79999924
v 31.27999878 31.35999870 45.43999863
v 31.35999870 31.35999870 45.52000046
v 31.27999878 31.51999855 42.87999725
v 31.35999870 31.51999855 42.79999924
v 31.35999870 31.43999863 45.43999863
v 31.35999870 31.51999855 45.36000061
v 31.27999878 31.67999840 42.87999725
v 31.35999870 31.67999840 42.79999924
v 31.35999870 31.67999840 45.36000061
v 31.35999870 31.76000023 42.87999725
v 31.27999878 31.84000015 43.04000092
v 31.35999870 31.84000015 42.95999908
v 31.27999878 31.84000015 45.11999893
v 31.35999870 31.84000015 45.20000076
v 31.35999870 31.76000023 45.27999878
v 31.27999878 32.00000000 43.04000092
v 31.35999870 32.00000000 42.95999908
v 31.27999878 32.00000000 44.79999924
v 31.27999878 32.00000000 44.95999908
v 31.35999870 32.00000000 45.03999710
v 31.35999870 31.92000008 45.11999893
v 31.35999870 32.07999802 43.04000092
v 31.27999878 32.15999985 43.20000076
v 31.35999870 32.15999985 43.11999893
v 31.27999878 32.15999985 44.00000000
v 31.27999878 32.15999985 44.15999985
v 31.27999878 32.15999985 44.31999969
v 31.27999878 32.15999985 44.47999954
v 31.27999878 32.15999985 44.63999939
v 31.27999878 32.15999985 44.79999924
v 31.35999870 32.15999985 44.87999725
v 31.35999870 32.07999802 44.95999908
v 31.35999870 32.23999786 43.20000076
v 31.27999878 32.31999969 43.36000061
v 31.35999870 32.31999969 43.27999878
v 31.27999878 32.31999969 43.52000046
v 31.27999878 32.31999969 43.68000031
v 31.27999878 32.31999969 43.84000015
v 31.35999870 32.31999969 43.91999817
v 31.35999870 32.23999786 44.00000000
v 31.35999870 32.23999786 44.15999985
v 31.35999870 32.23999786 44.31999969
v 31.35999870 32.23999786 44.47999954
v 31.35999870 32.23999786 44.63999939
v 31.35999870 32.23999786 44.79999924
v 31.35999870 32.39999771 43.36000061
v 31.35999870 32.39999771 43.52000046
v 31.35999870 32.39999771 43.68000031
v 31.35999870 32.39999771 43.84000015
v 31.43999863 29.76000023 44.15999985
v 31.51999855 29.76000023 44.07999802
v 31.51999855 29.67999840 44.15999985
v 31.51999855 29.67999840 44.31999969
v 31.43999863 29.76000023 44.31999969
v 31.51999855 29.67999840 44.47999954
v 31.43999863 29.76000023 44.47999954
v 31.51999855 29.67999840 44.63999939
v 31.43999863 29.76000023 44.63999939
v 31.51999855 29.67999840 44.79999924
v 31.43999863 29.76000023 44.79999924
v 31.51999855 29.76000023 44.87999725
v 31.43999863 29.92000008 43.68000031
v 31.51999855 29.92000008 43.59999847
v 31.51999855 29.84000015 43.68000031
v 31.51999855 29.84000015 43.84000015
v 31.43999863 29.92000008 43.84000015
v 31.51999855 29.84000015 44.00000000
v 31.43999863 29.92000008 44.00000000
v 31.43999863 29.92000008 44.15999985
v 31.43999863 29.92000008 44.31999969
v 31.51999855 29.84000015 44.95999908
v 31.43999863 29.92000008 44.95999908
v 31.51999855 29.84000015 45.11999893
v 31.43999863 29.92000008 45.11999893
v 31.51999855 29.92000008 45.20000076
v 31.43999863 30.07999992 43.36000061
v 31.51999855 30.07999992 43.27999878
v 31.51999855 30.00000000 43.36000061
v 31.51999855 30.00000000 43.52000046
v 31.51999855 30.00000000 45.27999878
v 31.43999863 30.07999992 45.27999878
v 31.51999855 30.07999992 45.36000061
v 31.43999863 30.23999977 43.04000092
v 31.51999855 30.23999977 42.95999908
v 31.51999855 30.15999985 43.04000092
v 31.51999855 30.15999985 43.20000076
v 31.43999863 30.23999977 43.20000076
v 31.51999855 30.15999985 45.43999863
v 31.43999863 30.23999977 45.43999863
v 31.51999855 30.23999977 45.52000046
v 31.43999863 30.39999962 42.87999725
v 31.51999855 30.39999962 42.79999924
v 31.51999855 30.31999969 42.87999725
v 31.51999855 30.31999969 45.59999847
v 31.43999863 30.39999962 45.59999847
v 31.51999855 30.39999962 45.68000031
v 31.43999863 30.55999947 42.87999725
v 31.51999855 30.55999947 42.79999924
v 31.43999863 30.55999947 45.59999847
v 31.51999855 30.55999947 45.68000031
v 31.43999863 30.71999931 42.71999741
v 31.51999855 30.71999931 42.63999939
v 31.51999855 30.63999939 42.71999741
v 31.43999863 30.71999931 45.59999847
v 31.51999855 30.71999931 45.68000031
v 31.43999863 30.87999916 42.71999741
v 31.51999855 30.87999916 42.63999939
v 31.43999863 30.87999916 45.59999847
v 31.51999855 30.87999916 45.68000031
v 31.43999863 31.03999901 42.71999741
v 31.51999855 31.03999901 42.63999939
v 31.43999863 31.03999901 45.59999847
v 31.51999855 31.03999901 45.68000031
v 31.43999863 31.19999886 42.71999741
v 31.51999855 31.19999886 42.63999939
v 31.43999863 31.19999886 45.59999847
v 31.51999855 31.19999886 45.68000031
v 31.43999863 31.35999870 42.71999741
v 31.51999855 31.35999870 42.63999939
v 31.51999855 31.27999878 45.59999847
v 31.51999855 31.35999870 45.52000046
v 31.43999863 31.51999855 42.71999741
v 31.51999855 31.51999855 42.63999939
v 31.43999863 31.51999855 45.43999863
v 31.51999855 31.51999855 45.52000046
v 31.43999863 31.67999840 42.71999741
v 31.51999855 31.67999840 42.63999939
v 31.51999855 31.59999847 45.43999863
v 31.51999855 31.67999840 45.36000061
v 31.51999855 31.76000023 42.71999741
v 31.43999863 31.84000015 42.87999725
v 31.51999855 31.84000015 42.79999924
v 31.43999863 31.84000015 45.27999878
v 31.51999855 31.84000015 45.36000061
v 31.43999863 32.00000000 42.87999725
v 31.51999855 32.00000000 42.79999924
v 31.43999863 32.00000000 45.11999893
v 31.51999855 32.00000000 45.20000076
v 31.51999855 31.92000008 45.27999878
v 31.51999855 32.07999802 42.87999725
v 31.51999855 32.07999802 43.04000092
v 31.51999855 32.15999985 43.11999893
v 31.51999855 32.07999802 44.95999908
v 31.51999855 32.15999985 44.87999725
v 31.51999855 32.07999802 45.11999893
v 31.43999863 32.31999969 43.20000076
v 31.51999855 32.31999969 43.11999893
v 31.51999855 32.23999786 44.00000000
v 31.51999855 32.31999969 43.91999817
v 31.51999855 32.23999786 44.15999985
v 31.51999855 32.23999786 44.31999969
v 31.51999855 32.23999786 44.47999954
v 31.51999855 32.23999786 44.63999939
v 31.51999855 32.23999786 44.79999924
v 31.51999855 32.39999771 43.20000076
v 31.43999863 32.47999954 43.36000061
v 31.51999855 32.47999954 43.27999878
v 31.43999863 32.47999954 43.52000046
v 31.43999863 32.47999954 43.68000031
v 31.43999863 32.47999954 43.84000015
v 31.51999855 32.47999954 43.91999817
v 31.51999855 32.55999756 43.36000061
v 31.51999855 32.55999756 43.52000046
v 31.51999855 32.55999756 43.68000031
v 31.51999855 32.55999756 43.84000015
v 31.59999847 29.76000023 43.68000031
v 31.67999840 29.76000023 43.59999847
v 31.67999840 29.67999840 43.68000031
v 31.67999840 29.67999840 43.84000015
v 31.59999847 29.76000023 43.84000015
v 31.67999840 29.67999840 44.00000000
v 31.59999847 29.76000023 44.00000000
v 31.67999840 29.67999840 44.15999985
v 31.67999840 29.67999840 44.31999969
v 31.67999840 29.67999840 44.47999954
v 31.67999840 29.67999840 44.63999939
v 31.67999840 29.67999840 44.79999924
v 31.67999840 29.76000023 44.87999725
v 31.59999847 29.92000008 43.36000061
v 31.67999840 29.92000008 43.27999878
v 31.67999840 29.84000015 43.36000061
v 31.67999840 29.84000015 43.52000046
v 31.59999847 29.92000008 43.52000046
v 31.67999840 29.84000015 44.95999908
v 31.67999840 29.84000015 45.11999893
v 31.67999840 29.92000008 45.20000076
v 31.59999847 30.07999992 43.20000076
v 31.67999840 30.07999992 43.11999893
v 31.67999840 30.00000000 43.20000076
v 31.67999840 30.00000000 45.27999878
v 31.67999840 30.00000000 45.43999863
v 31.59999847 30.07999992 45.43999863
v 31.67999840 30.07999992 45.52000046
v 31.59999847 30.23999977 42.87999725
v 31.67999840 30.23999977 42.79999924
v 31.67999840 30.15999985 42.87999725
v 31.67999840 30.15999985 43.04000092
v 31.67999840 30.15999985 45.59999847
v 31.59999847 30.23999977 45.59999847
v 31.67999840 30.23999977 45.68000031
v 31.67999840 30.39999962 42.79999924
v 31.67999840 30.31999969 45.75999832
v 31.59999847 30.39999962 45.75999832
v 31.67999840 30.39999962 45.84000015
v 31.59999847 30.55999947 42.71999741
v 31.67999840 30.55999947 42.63999939
v 31.67999840 30.47999954 42.71999741
v 31.59999847 30.55999947 45.75999832
v 31.67999840 30.55999947 45.84000015
v 31.67999840 30.71999931 42.63999939
v 31.59999847 30.71999931 45.75999832
v 31.67999840 30.71999931 45.84000015
v 31.59999847 30.87999916 42.55999756
v 31.67999840 30.87999916 42.47999954
v 31.67999840 30.79999924 42.55999756
v 31.59999847 30.87999916 45.75999832
v 31.67999840 30.87999916 45.84000015
v 31.59999847 31.03999901 42.55999756
v 31.67999840 31.03999901 42.47999954
v 31.59999847 31.03999901 45.75999832
v 31.67999840 31.03999901 45.84000015
v 31.59999847 31.19999886 42.55999756
v 31.67999840 31.19999886 42.47999954
v 31.59999847 31.19999886 45.75999832
v 31.67999840 31.19999886 45.84000015
v 31.59999847 31.35999870 42.55999756
v 31.67999840 31.35999870 42.47999954
v 31.59999847 31.35999870 45.59999847
v 31.67999840 31.35999870 45.68000031
v 31.67999840 31.27999878 45.75999832
v 31.59999847 31.51999855 42.55999756
v 31.67999840 31.51999855 42.47999954
v 31.67999840 31.43999863 45.59999847
v 31.67999840 31.51999855 45.52000046
v 31.59999847 31.67999840 42.55999756
v 31.67999840 31.67999840 42.47999954
v 31.59999847 31.67999840 45.43999863
v 31.67999840 31.67999840 45.52000046
v 31.67999840 31.76000023 42.55999756
v 31.59999847 31.84000015 42.71999741
v 31.67999840 31.84000015 42.63999939
v 31.67999840 31.76000023 45.43999863
v 31.67999840 31.84000015 45.36000061
v 31.59999847 32.00000000 42.71999741
v 31.67999840 32.00000000 42.63999939
v 31.67999840 31.92000008 45.27999878
v 31.67999840 32.00000000 45.20000076
v 31.67999840 32.07999802 42.71999741
v 31.67999840 32.07999802 42.87999725
v 31.59999847 32.15999985 43.04000092
v 31.67999840 32.15999985 42.95999908
v 31.59999847 32.15999985 44.95999908
v 31.67999840 32.15999985 45.03999710
v 31.67999840 32.07999802 45.11999893
v 31.59999847 32.31999969 43.04000092
v 31.67999840 32.31999969 42.95999908
v 31.59999847 32.31999969 44.00000000
v 31.59999847 32.31999969 44.15999985
v 31.59999847 32.31999969 44.31999969
v 31.59999847 32.31999969 44.47999954
v 31.59999847 32.31999969 44.63999939
v 31.59999847 32.31999969 44.79999924
v 31.67999840 32.31999969 44.87999725
v 31.67999840 32.23999786 44.95999908
v 31.67999840 32.39999771 43.04000092
v 31.59999847 32.47999954 43.20000076
v 31.67999840 32.47999954 43.11999893
v 31.59999847 32.47999954 44.00000000
v 31.59999847 32.47999954 44.15999985
v 31.59999847 32.47999954 44.31999969
v 31.59999847 32.47999954 44.47999954
v 31.59999847 32.47999954 44.63999939
v 31.67999840 32.47999954 44.71999741
v 31.67999840 32.39999771 44.79999924
v 31.67999840 32.55999756 43.20000076
v 31.67999840 32.55999756 43.36000061
v 31.67999840 32.55999756 43.52000046
v 31.59999847 32.63999939 43.68000031
v 31.67999840 32.63999939 43.59999847
v 31.59999847 32.63999939 43.84000015
v 31.59999847 32.63999939 44.00000000
v 31.59999847 32.63999939 44.15999985
v 31.59999847 32.63999939 44.31999969
v 31.67999840 32.63999939 44.39999771
v 31.67999840 32.55999756 44.47999954
v 31.67999840 32.55999756 44.63999939
v 31.67999840 32.71999741 43.68000031
v 31.67999840 32.71999741 43.84000015
v 31.67999840 32.71999741 44.00000000
v 31.67999840 32.71999741 44.15999985
v 31.67999840 32.71999741 44.31999969
v 31.76000023 29.76000023 43.36000061
v 31.84000015 29.76000023 43.27999878
v 31.84000015 29.67999840 43.36000061
v 31.84000015 29.67999840 43.52000046
v 31.76000023 29.76000023 43.52000046
v 31.84000015 29.67999840 43.68000031
v 31.84000015 29.67999840 43.84000015
v 31.84000015 29.67999840 44.00000000
v 31.84000015 29.67999840 44.15999985
v 31.84000015 29.67999840 44.31999969
v 31.84000015 29.67999840 44.47999954
v 31.84000015 29.67999840 44.63999939
v 31.84000015 29.67999840 44.79999924
v 31.84000015 29.67999840 44.95999908
v 31.76000023 29.76000023 44.95999908
v 31.84000015 29.67999840 45.11999893
v 31.76000023 29.76000023 45.11999893
v 31.84000015 29.76000023 45.20000076
v 31.76000023 29.92000008 43.20000076
v 31.84000015 29.92000008 43.11999893
v 31.84000015 29.84000015 43.20000076
v 31.84000015 29.84000015 45.27999878
v 31.76000023 29.92000008 45.27999878
v 31.84000015 29.84000015 45.43999863
v 31.76000023 29.92000008 45.43999863
v 31.84000015 29.92000008 45.52000046
v 31.76000023 30.07999992 43.04000092
v 31.84000015 30.07999992 42.95999908
v 31.84000015 30.00000000 43.04000092
v 31.84000015 30.00000000 45.59999847
v 31.76000023 30.07999992 45.59999847
v 31.84000015 30.07999992 45.68000031
v 31.76000023 30.23999977 42.71999741
v 31.84000015 30.23999977 42.63999939
v 31.84000015 30.15999985 42.71999741
v 31.84000015 30.15999985 42.87999725
v 31.84000015 30.15999985 45.75999832
v 31.76000023 30.23999977 45.75999832
v 31.84000015 30.23999977 45.84000015
v 31.76000023 30.39999962 42.71999741
v 31.84000015 30.39999962 42.63999939
v 31.84000015 30.31999969 45.91999817
v 31.76000023 30.39999962 45.91999817
v 31.84000015 30.39999962 46.00000000
v 31.76000023 30.55999947 42.55999756
v 31.84000015 30.55999947 42.47999954
v 31.84000015 30.47999954 42.55999756
v 31.76000023 30.55999947 45.91999817
v 31.84000015 30.55999947 46.00000000
v 31.76000023 30.71999931 42.55999756
v 31.84000015 30.71999931 42.47999954
v 31.76000023 30.71999931 45.91999817
v 31.84000015 30.71999931 46.00000000
v 31.76000023 30.87999916 42.39999771
v 31.84000015 30.87999916 42.31999969
v 31.84000015 30.79999924 42.39999771
v 31.84000015 30.79999924 45.91999817
v 31.84000015 30.87999916 45.84000015
v 31.76000023 31.03999901 42.39999771
v 31.84000015 31.03999901 42.31999969
v 31.84000015 31.03999901 45.84000015
v 31.76000023 31.19999886 42.39999771
v 31.84000015 31.19999886 42.31999969
v 31.84000015 31.19999886 45.84000015
v 31.76000023 31.35999870 42.39999771
v 31.84000015 31.35999870 42.31999969
v 31.84000015 31.27999878 45.75999832
v 31.84000015 31.35999870 45.68000031
v 31.76000023 31.51999855 42.39999771
v 31.84000015 31.51999855 42.31999969
v 31.76000023 31.51999855 45.59999847
v 31.84000015 31.51999855 45.68000031
v 31.76000023 31.67999840 42.39999771
v 31.84000015 31.67999840 42.31999969
v 31.84000015 31.59999847 45.59999847
v 31.84000015 31.67999840 45.52000046
v 31.84000015 31.76000023 42.39999771
v 31.76000023 31.84000015 42.55999756
v 31.84000015 31.84000015 42.47999954
v 31.76000023 31.84000015 45.43999863
v 31.84000015 31.84000015 45.52000046
v 31.76000023 32.00000000 42.55999756
v 31.84000015 32.00000000 42.47999954
v 31.76000023 32.00000000 45.27999878
v 31.84000015 32.00000000 45.36000061
v 31.84000015 31.92000008 45.43999863
v 31.84000015 32.07999802 42.55999756
v 31.76000023 32.15999985 42.71999741
v 31.84000015 32.15999985 42.63999939
v 31.76000023 32.15999985 42.87999725
v 31.76000023 32.15999985 45.11999893
v 31.84000015 32.15999985 45.20000076
v 31.84000015 32.07999802 45.27999878
v 31.84000015 32.23999786 42.71999741
v 31.84000015 32.23999786 42.87999725
v 31.84000015 32.31999969 42.95999908
v 31.76000023 32.31999969 44.95999908
v 31.76000023 32.31999969 45.11999893
v 31.84000015 32.31999969 45.20000076
v 31.76000023 32.47999954 43.04000092
v 31.84000015 32.47999954 42.95999908
v 31.76000023 32.47999954 44.79999924
v 31.84000015 32.47999954 44.87999725
v 31.84000015 32.39999771 44.95999908
v 31.84000015 32.39999771 45.11999893
v 31.84000015 32.55999756 43.04000092
v 31.84000015 32.55999756 43.20000076
v 31.84000015 32.55999756 43.36000061
v 31.76000023 32.63999939 43.52000046
v 31.84000015 32.63999939 43.43999863
v 31.76000023 32.63999939 44.47999954
v 31.76000023 32.63999939 44.63999939
v 31.84000015 32.63999939 44.71999741
v 31.84000015 32.55999756 44.79999924
v 31.84000015 32.71999741 43.52000046
v 31.84000015 32.71999741 43.68000031
v 31.84000015 32.71999741 43.84000015
v 31.84000015 32.71999741 44.00000000
v 31.84000015 32.71999741 44.15999985
v 31.84000015 32.71999741 44.31999969
v 31.84000015 32.71999741 44.47999954
v 31.84000015 32.71999741 44.63999939
v 31.92000008 29.59999847 43.68000031
v 32.00000000 29.59999847 43.59999847
v 32.00000000 29.51999855 43.68000031
v 32.00000000 29.51999855 43.84000015
v 31.92000008 29.59999847 43.84000015
v 32.00000000 29.51999855 44.00000000
v 31.92000008 29.59999847 44.00000000
v 32.00000000 29.51999855 44.15999985
v 31.92000008 29.59999847 44.15999985
v 32.00000000 29.51999855 44.31999969
v 31.92000008 29.59999847 44.31999969
v 32.00000000 29.51999855 44.47999954
v 31.92000008 29.59999847 44.47999954
v 32.00000000 29.51999855 44.63999939
v 31.92000008 29.59999847 44.63999939
v 32.00000000 29.51999855 44.79999924
v 31.92000008 29.59999847 44.79999924
v 32.00000000 29.51999855 44.95999908
v 31.92000008 29.59999847 44.95999908
v 32.00000000 29.51999855 45.11999893
v 31.92000008 29.59999847 45.11999893
v 32.00000000 29.59999847 45.20000076
v 32.00000000 29.76000023 43.27999878
v 32.00000000 29.67999840 43.36000061
v 32.00000000 29.67999840 43.52000046
v 32.00000000 29.67999840 45.27999878
v 31.92000008 29.76000023 45.27999878
v 32.00000000 29.67999840 45.43999863
v 31.92000008 29.76000023 45.43999863
v 32.00000000 29.76000023 45.52000046
v 31.92000008 29.92000008 43.04000092
v 32.00000000 29.92000008 42.95999908
v 32.00000000 29.84000015 43.04000092
v 32.00000000 29.84000015 43.20000076
v 32.00000000 29.84000015 45.59999847
v 31.92000008 29.92000008 45.59999847
v 32.00000000 29.92000008 45.68000031
v 31.92000008 30.07999992 42.87999725
v 32.00000000 30.07999992 42.79999924
v 32.00000000 30.00000000 42.87999725
v 32.00000000 30.00000000 45.75999832
v 31.92000008 30.07999992 45.75999832
v 32.00000000 30.07999992 45.84000015
v 32.00000000 30.23999977 42.63999939
v 32.00000000 30.15999985 42.71999741
v 32.00000000 30.15999985 45.91999817
v 31.92000008 30.23999977 45.91999817
v 32.00000000 30.23999977 46.00000000
v 31.92000008 30.39999962 42.55999756
v 32.00000000 30.39999962 42.47999954
v 32.00000000 30.31999969 42.55999756
v 32.00000000 30.39999962 46.00000000
v 32.00000000 30.55999947 42.47999954
v 32.00000000 30.55999947 46.00000000
v 31.92000008 30.71999931 42.39999771
v 32.00000000 30.71999931 42.31999969
v 32.00000000 30.63999939 42.39999771
v 32.00000000 30.71999931 46.00000000
v 32.00000000 30.87999916 42.31999969
v 31.92000008 30.87999916 45.91999817
v 32.00000000 30.87999916 46.00000000
v 32.00000000 31.03999901 42.31999969
v 32.00000000 30.95999908 45.91999817
v 32.00000000 31.03999901 45.84000015
v 32.00000000 31.19999886 42.31999969
v 32.00000000 31.19999886 45.84000015
v 32.00000000 31.35999870 42.31999969
v 32.00000000 31.27999878 45.75999832
v 32.00000000 31.35999870 45.68000031
v 32.00000000 31.51999855 42.31999969
v 32.00000000 31.51999855 45.68000031
v 32.00000000 31.67999840 42.31999969
v 31.92000008 31.67999840 45.59999847
v 32.00000000 31.67999840 45.68000031
v 31.92000008 31.84000015 42.39999771
v 32.00000000 31.84000015 42.31999969
v 31.92000008 31.84000015 45.59999847
v 32.00000000 31.84000015 45.68000031
v 32.00000000 31.92000008 42.39999771
v 32.00000000 32.00000000 42.47999954
v 31.92000008 32.00000000 45.43999863
v 32.00000000 32.00000000 45.52000046
v 32.00000000 31.92000008 45.59999847
v 31.92000008 32.15999985 42.55999756
v 32.00000000 32.15999985 42.47999954
v 31.92000008 32.15999985 45.27999878
v 32.00000000 32.15999985 45.36000061
v 32.00000000 32.07999802 45.43999863
v 32.00000000 32.23999786 42.55999756
v 32.00000000 32.23999786 42.71999741
v 31.92000008 32.31999969 42.87999725
v 32.00000000 32.31999969 42.79999924
v 31.92000008 32.31999969 45.27999878
v 32.00000000 32.31999969 45.36000061
v 32.00000000 32.39999771 42.87999725
v 32.00000000 32.47999954 42.95999908
v 31.92000008 32.47999954 44.95999908
v 31.92000008 32.47999954 45.11999893
v 32.00000000 32.47999954 45.20000076
v 32.00000000 32.39999771 45.27999878
v 32.00000000 32.55999756 43.04000092
v 31.92000008 32.63999939 43.20000076
v 32.00000000 32.63999939 43.11999893
v 31.92000008 32.63999939 43.36000061
v 31.92000008 32.63999939 44.79999924
v 32.00000000 32.63999939 44.87999725
v 32.00000000 32.55999756 44.95999908
v 32.00000000 32.55999756 45.11999893
v 32.00000000 32.71999741 43.20000076
v 31.92000008 32.79999924 43.36000061
v 32.00000000 32.79999924 43.27999878
v 31.92000008 32.79999924 43.52000046
v 31.92000008 32.79999924 43.68000031
v 31.92000008 32.79999924 43.84000015
v 31.92000008 32.79999924 44.00000000
v 31.92000008 32.79999924 44.15999985
v 31.92000008 32.79999924 44.31999969
v 31.92000008 32.79999924 44.47999954
v 31.92000008 32.79999924 44.63999939
v 32.00000000 32.79999924 44.71999741
v 32.00000000 32.71999741 44.79999924
v 32.00000000 32.88000107 43.36000061
v 32.00000000 32.88000107 43.52000046
v 32.00000000 32.88000107 43.68000031
v 32.00000000 32.88000107 43.84000015
v 32.00000000 32.88000107 44.00000000
v 32.00000000 32.88000107 44.15999985
v 32.00000000 32.88000107 44.31999969
v 32.00000000 32.88000107 44.47999954
v 32.00000000 32.88000107 44.63999939
v 32.15999985 29.59999847 43.59999847
v 32.15999985 29.51999855 43.68000031
v 32.15999985 29.51999855 43.84000015
v 32.15999985 29.51999855 44.00000000
v 32.15999985 29.51999855 44.15999985
v 32.15999985 29.51999855 44.31999969
v 32.15999985 29.51999855 44.47999954
v 32.15999985 29.51999855 44.63999939
v 32.15999985 29.51999855 44.79999924
v 32.15999985 29.51999855 44.95999908
v 32.15999985 29.51999855 45.11999893
v 32.15999985 29.51999855 45.27999878
v 32.07999802 29.59999847 45.27999878
v 32.15999985 29.59999847 45.36000061
v 32.07999802 29.76000023 43.20000076
v 32.15999985 29.76000023 43.11999893
v 32.15999985 29.67999840 43.20000076
v 32.15999985 29.67999840 43.36000061
v 32.15999985 29.67999840 43.52000046
v 32.15999985 29.67999840 45.43999863
v 32.15999985 29.76000023 45.52000046
v 32.07999802 29.92000008 42.87999725
v 32.15999985 29.92000008 42.79999924
v 32.15999985 29.84000015 42.87999725
v 32.15999985 29.84000015 43.04000092
v 32.15999985 29.84000015 45.59999847
v 32.15999985 29.84000015 45.75999832
v 32.07999802 29.92000008 45.75999832
v 32.15999985 29.92000008 45.84000015
v 32.07999802 30.07999992 42.71999741
v 32.15999985 30.07999992 42.63999939
v 32.15999985 30.00000000 42.71999741
v 32.15999985 30.07999992 45.84000015
v 32.07999802 30.23999977 42.55999756
v 32.15999985 30.23999977 42.47999954
v 32.15999985 30.15999985 42.55999756
v 32.15999985 30.15999985 45.91999817
v 32.15999985 30.23999977 46.00000000
v 32.07999802 30.39999962 42.39999771
v 32.15999985 30.39999962 42.31999969
v 32.15999985 30.31999969 42.39999771
v 32.15999985 30.31999969 46.07999802
v 32.07999802 30.39999962 46.07999802
v 32.15999985 30.39999962 46.15999985
v 32.07999802 30.55999947 42.39999771
v 32.15999985 30.55999947 42.31999969
v 32.07999802 30.55999947 46.07999802
v 32.15999985 30.55999947 46.15999985
v 32.15999985 30.71999931 42.31999969
v 32.07999802 30.71999931 46.07999802
v 32.15999985 30.71999931 46.15999985
v 32.07999802 30.87999916 42.23999786
v 32.15999985 30.87999916 42.15999985
v 32.15999985 30.79999924 42.23999786
v 32.07999802 30.87999916 46.07999802
v 32.15999985 30.87999916 46.15999985
v 32.07999802 31.03999901 42.23999786
v 32.15999985 31.03999901 42.15999985
v 32.15999985 30.95999908 45.91999817
v 32.15999985 31.03999901 45.84000015
v 32.15999985 30.95999908 46.07999802
v 32.07999802 31.19999886 42.23999786
v 32.15999985 31.19999886 42.15999985
v 32.15999985 31.19999886 45.84000015
v 32.07999802 31.35999870 42.23999786
v 32.15999985 31.35999870 42.15999985
v 32.15999985 31.27999878 45.75999832
v 32.15999985 31.35999870 45.68000031
v 32.07999802 31.51999855 42.23999786
v 32.15999985 31.51999855 42.15999985
v 32.15999985 31.51999855 45.68000031
v 32.07999802 31.67999840 42.23999786
v 32.15999985 31.67999840 42.15999985
v 32.15999985 31.67999840 45.68000031
v 32.15999985 31.76000023 42.23999786
v 32.15999985 31.84000015 42.31999969
v 32.15999985 31.84000015 45.68000031
v 32.15999985 31.92000008 42.39999771
v 32.15999985 32.00000000 42.47999954
v 32.15999985 31.92000008 45.59999847
v 32.15999985 32.00000000 45.52000046
v 32.15999985 32.15999985 42.47999954
v 32.15999985 32.07999802 45.43999863
v 32.15999985 32.15999985 45.36000061
v 32.15999985 32.23999786 42.55999756
v 32.15999985 32.23999786 42.71999741
v 32.15999985 32.31999969 42.79999924
v 32.15999985 32.31999969 45.36000061
v 32.15999985 32.39999771 42.87999725
v 32.15999985 32.47999954 42.95999908
v 32.15999985 32.39999771 45.27999878
v 32.15999985 32.47999954 45.20000076
v 32.15999985 32.55999756 43.04000092
v 32.15999985 32.63999939 43.11999893
v 32.07999802 32.63999939 44.95999908
v 32.07999802 32.63999939 45.11999893
v 32.15999985 32.63999939 45.20000076
v 32.15999985 32.71999741 43.20000076
v 32.15999985 32.79999924 43.27999878
v 32.07999802 32.79999924 44.79999924
v 32.15999985 32.79999924 44.87999725
v 32.15999985 32.71999741 44.95999908
v 32.15999985 32.71999741 45.11999893
v 32.15999985 32.88000107 43.36000061
v 32.15999985 32.88000107 43.52000046
v 32.07999802 32.95999908 43.68000031
v 32.15999985 32.95999908 43.59999847
v 32.07999802 32.95999908 43.84000015
v 32.07999802 32.95999908 44.00000000
v 32.07999802 32.95999908 44.15999985
v 32.15999985 32.95999908 44.23999786
v 32.15999985 32.88000107 44.31999969
v 32.15999985 32.88000107 44.47999954
v 32.15999985 32.88000107 44.63999939
v 32.15999985 32.88000107 44.79999924
v 32.15999985 33.04000092 43.68000031
v 32.15999985 33.04000092 43.84000015
v 32.15999985 33.04000092 44.00000000
v 32.15999985 33.04000092 44.15999985
v 32.23999786 29.59999847 43.52000046
v 32.31999969 29.59999847 43.43999863
v 32.31999969 29.51999855 43.52000046
v 32.31999969 29.51999855 43.68000031
v 32.31999969 29.51999855 43.84000015
v 32.31999969 29.51999855 44.00000000
v 32.31999969 29.51999855 44.15999985
v 32.31999969 29.51999855 44.31999969
v 32.31999969 29.51999855 44.47999954
v 32.31999969 29.51999855 44.63999939
v 32.31999969 29.51999855 44.79999924
v 32.31999969 29.51999855 44.95999908
v 32.31999969 29.51999855 45.11999893
v 32.31999969 29.51999855 45.27999878
v 32.31999969 29.59999847 45.36000061
v 32.31999969 29.76000023 43.11999893
v 32.31999969 29.67999840 43.20000076
v 32.31999969 29.67999840 43.36000061
v 32.31999969 29.67999840 45.43999863
v 32.31999969 29.76000023 45.52000046
v 32.31999969 29.92000008 42.79999924
v 32.31999969 29.84000015 42.87999725
v 32.31999969 29.84000015 43.04000092
v 32.31999969 29.84000015 45.59999847
v 32.31999969 29.84000015 45.75999832
v 32.31999969 29.92000008 45.84000015
v 32.23999786 30.07999992 42.55999756
v 32.31999969 30.07999992 42.47999954
v 32.31999969 30.00000000 42.55999756
v 32.31999969 30.00000000 42.71999741
v 32.31999969 30.00000000 45.91999817
v 32.23999786 30.07999992 45.91999817
v 32.31999969 30.07999992 46.00000000
v 32.31999969 30.23999977 42.47999954
v 32.31999969 30.15999985 46.07999802
v 32.23999786 30.23999977 46.07999802
v 32.31999969 30.23999977 46.15999985
v 32.31999969 30.39999962 42.31999969
v 32.31999969 30.31999969 42.39999771
v 32.31999969 30.39999962 46.15999985
v 32.31999969 30.55999947 42.31999969
v 32.31999969 30.55999947 46.15999985
v 32.23999786 30.71999931 42.23999786
v 32.31999969 30.71999931 42.15999985
v 32.31999969 30.63999939 42.23999786
v 32.31999969 30.71999931 46.15999985
v 32.31999969 30.87999916 42.15999985
v 32.31999969 30.87999916 46.15999985
v 32.31999969 31.03999901 42.15999985
v 32.23999786 31.03999901 45.91999817
v 32.31999969 31.03999901 46.00000000
v 32.31999969 30.95999908 46.07999802
v 32.31999969 31.19999886 42.15999985
v 32.31999969 31.11999893 45.91999817
v 32.31999969 31.19999886 45.84000015
v 32.31999969 31.35999870 42.15999985
v 32.23999786 31.35999870 45.75999832
v 32.31999969 31.35999870 45.84000015
v 32.31999969 31.51999855 42.15999985
v 32.23999786 31.51999855 45.75999832
v 32.31999969 31.51999855 45.84000015
v 32.31999969 31.67999840 42.15999985
v 32.31999969 31.59999847 45.75999832
v 32.31999969 31.67999840 45.68000031
v 32.31999969 31.76000023 42.23999786
v 32.31999969 31.84000015 42.31999969
v 32.31999969 31.84000015 45.68000031
v 32.23999786 32.00000000 42.39999771
v 32.31999969 32.00000000 42.31999969
v 32.23999786 32.00000000 45.59999847
v 32.31999969 32.00000000 45.68000031
v 32.31999969 32.07999802 42.39999771
v 32.31999969 32.15999985 42.47999954
v 32.23999786 32.15999985 45.43999863
v 32.31999969 32.15999985 45.52000046
v 32.31999969 32.07999802 45.59999847
v 32.23999786 32.31999969 42.55999756
v 32.31999969 32.31999969 42.47999954
v 32.23999786 32.31999969 42.71999741
v 32.23999786 32.31999969 45.43999863
v 32.31999969 32.31999969 45.52000046
v 32.31999969 32.39999771 42.55999756
v 32.31999969 32.39999771 42.71999741
v 32.31999969 32.39999771 42.87999725
v 32.31999969 32.47999954 42.95999908
v 32.23999786 32.47999954 45.27999878
v 32.31999969 32.47999954 45.36000061
v 32.31999969 32.39999771 45.43999863
v 32.23999786 32.63999939 43.04000092
v 32.31999969 32.63999939 42.95999908
v 32.31999969 32.55999756 45.27999878
v 32.31999969 32.63999939 45.20000076
v 32.31999969 32.71999741 43.04000092
v 32.23999786 32.79999924 43.20000076
v 32.31999969 32.79999924 43.11999893
v 32.23999786 32.79999924 44.95999908
v 32.23999786 32.79999924 45.11999893
v 32.31999969 32.79999924 45.20000076
v 32.31999969 32.88000107 43.20000076
v 32.31999969 32.88000107 43.36000061
v 32.31999969 32.88000107 43.52000046
v 32.31999969 32.95999908 43.59999847
v 32.23999786 32.95999908 44.31999969
v 32.23999786 32.95999908 44.47999954
v 32.23999786 32.95999908 44.63999939
v 32.31999969 32.95999908 44.71999741
v 32.31999969 32.88000107 44.79999924
v 32.31999969 32.88000107 44.95999908
v 32.31999969 32.88000107 45.11999893
v 32.31999969 33.04000092 43.68000031
v 32.31999969 33.04000092 43.84000015
v 32.31999969 33.04000092 44.00000000
v 32.31999969 33.04000092 44.15999985
v 32.31999969 33.04000092 44.31999969
v 32.31999969 33.04000092 44.47999954
v 32.31999969 33.04000092 44.63999939
v 32.39999771 29.43999863 44.00000000
v 32.47999954 29.43999863 43.91999817
v 32.47999954 29.35999870 44.00000000
v 32.47999954 29.35999870 44.15999985
v 32.39999771 29.43999863 44.15999985
v 32.47999954 29.35999870 44.31999969
v 32.39999771 29.43999863 44.31999969
v 32.47999954 29.35999870 44.47999954
v 32.39999771 29.43999863 44.47999954
v 32.47999954 29.35999870 44.63999939
v 32.39999771 29.43999863 44.63999939
v 32.47999954 29.35999870 44.79999924
v 32.39999771 29.43999863 44.79999924
v 32.47999954 29.43999863 44.87999725
v 32.47999954 29.59999847 43.43999863
v 32.47999954 29.51999855 43.52000046
v 32.47999954 29.51999855 43.68000031
v 32.47999954 29.51999855 43.84000015
v 32.47999954 29.51999855 44.95999908
v 32.47999954 29.51999855 45.11999893
v 32.47999954 29.51999855 45.27999878
v 32.47999954 29.51999855 45.43999863
v 32.39999771 29.59999847 45.43999863
v 32.47999954 29.51999855 45.59999847
v 32.39999771 29.59999847 45.59999847
v 32.47999954 29.59999847 45.68000031
v 32.39999771 29.76000023 43.04000092
v 32.47999954 29.76000023 42.95999908
v 32.47999954 29.67999840 43.04000092
v 32.47999954 29.67999840 43.20000076
v 32.47999954 29.67999840 43.36000061
v 32.39999771 29.76000023 45.59999847
v 32.47999954 29.76000023 45.68000031
v 32.47999954 29.92000008 42.79999924
v 32.47999954 29.84000015 42.87999725
v 32.47999954 29.84000015 45.75999832
v 32.47999954 29.92000008 45.84000015
v 32.47999954 30.07999992 42.47999954
v 32.47999954 30.00000000 42.55999756
v 32.47999954 30.00000000 42.71999741
v 32.47999954 30.00000000 45.91999817
v 32.47999954 30.00000000 46.07999802
v 32.39999771 30.07999992 46.07999802
v 32.47999954 30.07999992 46.15999985
v 32.47999954 30.23999977 42.47999954
v 32.47999954 30.23999977 46.15999985
v 32.47999954 30.39999962 42.31999969
v 32.47999954 30.31999969 42.39999771
v 32.47999954 30.39999962 46.15999985
v 32.47999954 30.55999947 42.31999969
v 32.47999954 30.55999947 46.15999985
v 32.47999954 30.71999931 42.15999985
v 32.47999954 30.63999939 42.23999786
v 32.47999954 30.71999931 46.15999985
v 32.47999954 30.87999916 42.15999985
v 32.47999954 30.87999916 46.15999985
v 32.47999954 31.03999901 42.15999985
v 32.47999954 30.95999908 46.07999802
v 32.47999954 31.03999901 46.00000000
v 32.47999954 31.19999886 42.15999985
v 32.47999954 31.11999893 45.91999817
v 32.47999954 31.19999886 45.84000015
v 32.47999954 31.35999870 42.15999985
v 32.47999954 31.35999870 45.84000015
v 32.47999954 31.51999855 42.15999985
v 32.47999954 31.51999855 45.84000015
v 32.47999954 31.67999840 42.15999985
v 32.47999954 31.59999847 45.75999832
v 32.47999954 31.67999840 45.68000031
v 32.39999771 31.84000015 42.23999786
v 32.47999954 31.84000015 42.15999985
v 32.47999954 31.84000015 45.68000031
v 32.47999954 31.92000008 42.23999786
v 32.47999954 32.00000000 42.31999969
v 32.47999954 32.00000000 45.68000031
v 32.47999954 32.07999802 42.39999771
v 32.47999954 32.15999985 42.47999954
v 32.39999771 32.15999985 45.59999847
v 32.47999954 32.15999985 45.68000031
v 32.47999954 32.31999969 42.47999954
v 32.47999954 32.23999786 45.59999847
v 32.47999954 32.31999969 45.52000046
v 32.47999954 32.39999771 42.55999756
v 32.47999954 32.39999771 42.71999741
v 32.47999954 32.39999771 42.87999725
v 32.47999954 32.47999954 42.95999908
v 32.39999771 32.47999954 45.43999863
v 32.47999954 32.47999954 45.52000046
v 32.47999954 32.63999939 42.95999908
v 32.39999771 32.63999939 45.27999878
v 32.47999954 32.63999939 45.36000061
v 32.47999954 32.55999756 45.43999863
v 32.47999954 32.71999741 43.04000092
v 32.47999954 32.79999924 43.11999893
v 32.47999954 32.71999741 45.27999878
v 32.47999954 32.79999924 45.20000076
v 32.47999954 32.88000107 43.20000076
v 32.47999954 32.88000107 43.36000061
v 32.39999771 32.95999908 43.52000046
v 32.47999954 32.95999908 43.43999863
v 32.39999771 32.95999908 44.79999924
v 32.39999771 32.95999908 44.95999908
v 32.47999954 32.95999908 45.03999710
v 32.47999954 32.88000107 45.11999893
v 32.47999954 33.04000092 43.52000046
v 32.47999954 33.04000092 43.68000031
v 32.47999954 33.04000092 43.84000015
v 32.39999771 33.11999893 44.00000000
v 32.47999954 33.11999893 43.91999817
v 32.39999771 33.11999893 44.15999985
v 32.39999771 33.11999893 44.31999969
v 32.39999771 33.11999893 44.47999954
v 32.47999954 33.11999893 44.55999756
v 32.47999954 33.04000092 44.63999939
v 32.47999954 33.04000092 44.79999924
v 32.47999954 33.04000092 44.95999908
v 32.47999954 33.20000076 44.00000000
v 32.47999954 33.20000076 44.15999985
v 32.47999954 33.20000076 44.31999969
v 32.47999954 33.20000076 44.47999954
v 32.63999939 29.43999863 43.91999817
v 32.63999939 29.35999870 44.00000000
v 32.63999939 29.35999870 44.15999985
v 32.63999939 29.35999870 44.31999969
v 32.63999939 29.35999870 44.47999954
v 32.63999939 29.35999870 44.63999939
v 32.63999939 29.35999870 44.79999924
v 32.63999939 29.43999863 44.87999725
v 32.63999939 29.59999847 43.43999863
v 32.63999939 29.51999855 43.52000046
v 32.63999939 29.51999855 43.68000031
v 32.63999939 29.51999855 43.84000015
v 32.63999939 29.51999855 44.95999908
v 32.63999939 29.51999855 45.11999893
v 32.63999939 29.51999855 45.27999878
v 32.63999939 29.51999855 45.43999863
v 32.63999939 29.51999855 45.59999847
v 32.63999939 29.59999847 45.68000031
v 32.63999939 29.76000023 42.95999908
v 32.63999939 29.67999840 43.04000092
v 32.63999939 29.67999840 43.20000076
v 32.63999939 29.67999840 43.36000061
v 32.63999939 29.76000023 45.68000031
v 32.63999939 29.92000008 42.79999924
v 32.63999939 29.84000015 42.87999725
v 32.63999939 29.84000015 45.75999832
v 32.63999939 29.84000015 45.91999817
v 32.55999756 29.92000008 45.91999817
v 32.63999939 29.92000008 46.00000000
v 32.63999939 30.07999992 42.47999954
v 32.63999939 30.00000000 42.55999756
v 32.63999939 30.00000000 42.71999741
v 32.63999939 30.00000000 46.07999802
v 32.63999939 30.07999992 46.15999985
v 32.63999939 30.23999977 42.47999954
v 32.63999939 30.23999977 46.15999985
v 32.63999939 30.39999962 42.31999969
v 32.63999939 30.31999969 42.39999771
v 32.63999939 30.39999962 46.15999985
v 32.63999939 30.55999947 42.31999969
v 32.63999939 30.55999947 46.15999985
v 32.63999939 30.71999931 42.15999985
v 32.63999939 30.63999939 42.23999786
v 32.63999939 30.71999931 46.15999985
v 32.63999939 30.87999916 42.15999985
v 32.63999939 30.87999916 46.15999985
v 32.63999939 31.03999901 42.15999985
v 32.55999756 31.03999901 46.07999802
v 32.63999939 31.03999901 46.15999985
v 32.63999939 31.19999886 42.15999985
v 32.55999756 31.19999886 45.91999817
v 32.63999939 31.19999886 46.00000000
v 32.63999939 31.11999893 46.07999802
v 32.63999939 31.35999870 42.15999985
v 32.63999939 31.27999878 45.91999817
v 32.63999939 31.35999870 45.84000015
v 32.63999939 31.51999855 42.15999985
v 32.63999939 31.51999855 45.84000015
v 32.63999939 31.67999840 42.15999985
v 32.55999756 31.67999840 45.75999832
v 32.63999939 31.67999840 45.84000015
v 32.63999939 31.84000015 42.15999985
v 32.55999756 31.84000015 45.75999832
v 32.63999939 31.84000015 45.84000015
v 32.63999939 31.92000008 42.23999786
v 32.63999939 32.00000000 42.31999969
v 32.63999939 31.92000008 45.75999832
v 32.63999939 32.00000000 45.68000031
v 32.55999756 32.15999985 42.39999771
v 32.63999939 32.15999985 42.31999969
v 32.63999939 32.15999985 45.68000031
v 32.63999939 32.23999786 42.39999771
v 32.63999939 32.31999969 42.47999954
v 32.63999939 32.23999786 45.59999847
v 32.63999939 32.31999969 45.52000046
v 32.63999939 32.39999771 42.55999756
v 32.63999939 32.39999771 42.71999741
v 32.63999939 32.39999771 42.87999725
v 32.63999939 32.47999954 42.95999908
v 32.63999939 32.47999954 45.52000046
v 32.63999939 32.63999939 42.95999908
v 32.55999756 32.63999939 45.43999863
v 32.63999939 32.63999939 45.52000046
v 32.63999939 32.71999741 43.04000092
v 32.63999939 32.79999924 43.11999893
v 32.55999756 32.79999924 45.27999878
v 32.63999939 32.79999924 45.36000061
v 32.63999939 32.71999741 45.43999863
v 32.63999939 32.88000107 43.20000076
v 32.55999756 32.95999908 43.36000061
v 32.63999939 32.95999908 43.27999878
v 32.63999939 32.88000107 45.11999893
v 32.63999939 32.95999908 45.03999710
v 32.63999939 32.88000107 45.27999878
v 32.63999939 33.04000092 43.36000061
v 32.63999939 33.04000092 43.52000046
v 32.55999756 33.11999893 43.68000031
v 32.63999939 33.11999893 43.59999847
v 32.55999756 33.11999893 43.84000015
v 32.55999756 33.11999893 44.63999939
v 32.55999756 33.11999893 44.79999924
v 32.63999939 33.11999893 44.87999725
v 32.63999939 33.04000092 44.95999908
v 32.63999939 33.20000076 43.68000031
v 32.63999939 33.20000076 43.84000015
v 32.63999939 33.20000076 44.00000000
v 32.63999939 33.20000076 44.15999985
v 32.63999939 33.20000076 44.31999969
v 32.63999939 33.20000076 44.47999954
v 32.63999939 33.20000076 44.63999939
v 32.63999939 33.20000076 44.79999924
v 32.79999924 29.43999863 43.91999817
v 32.79999924 29.35999870 44.00000000
v 32.79999924 29.35999870 44.15999985
v 32.79999924 29.35999870 44.31999969
v 32.79999924 29.35999870 44.47999954
v 32.79999924 29.35999870 44.63999939
v 32.79999924 29.35999870 44.79999924
v 32.79999924 29.43999863 44.87999725
v 32.71999741 29.59999847 43.52000046
v 32.79999924 29.59999847 43.59999847
v 32.79999924 29.51999855 43.68000031
v 32.79999924 29.51999855 43.84000015
v 32.79999924 29.51999855 44.95999908
v 32.79999924 29.51999855 45.11999893
v 32.79999924 29.51999855 45.27999878
v 32.79999924 29.51999855 45.43999863
v 32.79999924 29.51999855 45.59999847
v 32.79999924 29.59999847 45.68000031
v 32.79999924 29.76000023 42.95999908
v 32.79999924 29.67999840 43.04000092
v 32.79999924 29.67999840 43.20000076
v 32.79999924 29.67999840 43.36000061
v 32.79999924 29.67999840 43.52000046
v 32.79999924 29.67999840 45.75999832
v 32.71999741 29.76000023 45.75999832
v 32.79999924 29.76000023 45.84000015
v 32.79999924 29.92000008 42.79999924
v 32.79999924 29.84000015 42.87999725
v 32.79999924 29.84000015 45.91999817
v 32.79999924 29.92000008 46.00000000
v 32.71999741 30.07999992 42.55999756
v 32.79999924 30.07999992 42.63999939
v 32.79999924 30.00000000 42.71999741
v 32.79999924 30.00000000 46.07999802
v 32.79999924 30.07999992 46.15999985
v 32.79999924 30.23999977 42.47999954
v 32.79999924 30.15999985 42.55999756
v 32.79999924 30.23999977 46.15999985
v 32.79999924 30.39999962 42.31999969
v 32.79999924 30.31999969 42.39999771
v 32.79999924 30.31999969 46.23999786
v 32.71999741 30.39999962 46.23999786
v 32.79999924 30.39999962 46.31999969
v 32.79999924 30.55999947 42.31999969
v 32.71999741 30.55999947 46.23999786
v 32.79999924 30.55999947 46.31999969
v 32.79999924 30.71999931 42.15999985
v 32.79999924 30.63999939 42.23999786
v 32.71999741 30.71999931 46.23999786
v 32.79999924 30.71999931 46.31999969
v 32.79999924 30.87999916 42.15999985
v 32.79999924 30.79999924 46.23999786
v 32.79999924 30.87999916 46.15999985
v 32.79999924 31.03999901 42.15999985
v 32.79999924 31.03999901 46.15999985
v 32.79999924 31.19999886 42.15999985
v 32.79999924 31.11999893 46.07999802
v 32.79999924 31.19999886 46.00000000
v 32.79999924 31.35999870 42.15999985
v 32.71999741 31.35999870 45.91999817
v 32.79999924 31.35999870 46.00000000
v 32.79999924 31.51999855 42.15999985
v 32.71999741 31.51999855 45.91999817
v 32.79999924 31.51999855 46.00000000
v 32.79999924 31.67999840 42.15999985
v 32.79999924 31.59999847 45.91999817
v 32.79999924 31.67999840 45.84000015
v 32.79999924 31.84000015 42.15999985
v 32.79999924 31.84000015 45.84000015
v 32.79999924 31.92000008 42.23999786
v 32.79999924 32.00000000 42.31999969
v 32.71999741 32.00000000 45.75999832
v 32.79999924 32.00000000 45.84000015
v 32.79999924 32.15999985 42.31999969
v 32.71999741 32.15999985 45.75999832
v 32.79999924 32.15999985 45.84000015
v 32.79999924 32.23999786 42.39999771
v 32.79999924 32.31999969 42.47999954
v 32.71999741 32.31999969 45.59999847
v 32.79999924 32.31999969 45.68000031
v 32.79999924 32.23999786 45.75999832
v 32.79999924 32.39999771 42.55999756
v 32.79999924 32.39999771 42.71999741
v 32.71999741 32.47999954 42.87999725
v 32.79999924 32.47999954 42.79999924
v 32.71999741 32.47999954 45.59999847
v 32.79999924 32.47999954 45.68000031
v 32.79999924 32.55999756 42.87999725
v 32.79999924 32.63999939 42.95999908
v 32.79999924 32.55999756 45.59999847
v 32.79999924 32.63999939 45.52000046
v 32.79999924 32.71999741 43.04000092
v 32.79999924 32.79999924 43.11999893
v 32.79999924 32.71999741 45.43999863
v 32.79999924 32.79999924 45.36000061
v 32.79999924 32.88000107 43.20000076
v 32.79999924 32.95999908 43.27999878
v 32.71999741 32.95999908 45.11999893
v 32.79999924 32.95999908 45.20000076
v 32.79999924 32.88000107 45.27999878
v 32.79999924 33.04000092 43.36000061
v 32.79999924 33.04000092 43.52000046
v 32.79999924 33.11999893 43.59999847
v 32.71999741 33.11999893 44.95999908
v 32.79999924 33.11999893 45.03999710
v 32.79999924 33.04000092 45.11999893
v 32.79999924 33.20000076 43.68000031
v 32.79999924 33.20000076 43.84000015
v 32.79999924 33.20000076 44.00000000
v 32.71999741 33.27999878 44.15999985
v 32.79999924 33.27999878 44.07999802
v 32.71999741 33.27999878 44.31999969
v 32.71999741 33.27999878 44.47999954
v 32.71999741 33.27999878 44.63999939
v 32.71999741 33.27999878 44.79999924
v 32.79999924 33.27999878 44.87999725
v 32.79999924 33.20000076 44.95999908
v 32.79999924 33.36000061 44.15999985
v 32.79999924 33.36000061 44.31999969
v 32.79999924 33.36000061 44.47999954
v 32.79999924 33.36000061 44.63999939
v 32.79999924 33.36000061 44.79999924
v 32.88000107 29.43999863 44.00000000
v 32.95999908 29.43999863 44.07999802
v 32.95999908 29.35999870 44.15999985
v 32.95999908 29.35999870 44.31999969
v 32.95999908 29.35999870 44.47999954
v 32.95999908 29.35999870 44.63999939
v 32.95999908 29.35999870 44.79999924
v 32.95999908 29.43999863 44.87999725
v 32.95999908 29.59999847 43.59999847
v 32.95999908 29.51999855 43.68000031
v 32.95999908 29.51999855 43.84000015
v 32.95999908 29.51999855 44.00000000
v 32.95999908 29.51999855 44.95999908
v 32.95999908 29.51999855 45.11999893
v 32.95999908 29.51999855 45.27999878
v 32.95999908 29.51999855 45.43999863
v 32.95999908 29.51999855 45.59999847
v 32.95999908 29.59999847 45.68000031
v 32.88000107 29.76000023 43.04000092
v 32.88000107 29.76000023 43.20000076
v 32.95999908 29.76000023 43.27999878
v 32.95999908 29.67999840 43.36000061
v 32.95999908 29.67999840 43.52000046
v 32.95999908 29.67999840 45.75999832
v 32.95999908 29.76000023 45.84000015
v 32.95999908 29.92000008 42.79999924
v 32.95999908 29.84000015 42.87999725
v 32.95999908 29.84000015 43.04000092
v 32.95999908 29.84000015 43.20000076
v 32.95999908 29.84000015 45.91999817
v 32.95999908 29.84000015 46.07999802
v 32.88000107 29.92000008 46.07999802
v 32.95999908 29.92000008 46.15999985
v 32.95999908 30.07999992 42.63999939
v 32.95999908 30.00000000 42.71999741
v 32.95999908 30.00000000 46.23999786
v 32.88000107 30.07999992 46.23999786
v 32.95999908 30.07999992 46.31999969
v 32.95999908 30.23999977 42.47999954
v 32.95999908 30.15999985 42.55999756
v 32.88000107 30.23999977 46.23999786
v 32.95999908 30.23999977 46.31999969
v 32.95999908 30.39999962 42.31999969
v 32.95999908 30.31999969 42.39999771
v 32.95999908 30.39999962 46.31999969
v 32.95999908 30.55999947 42.31999969
v 32.95999908 30.55999947 46.31999969
v 32.95999908 30.71999931 42.15999985
v 32.95999908 30.63999939 42.23999786
v 32.95999908 30.71999931 46.31999969
v 32.95999908 30.87999916 42.15999985
v 32.88000107 30.87999916 46.23999786
v 32.95999908 30.87999916 46.31999969
v 32.95999908 31.03999901 42.15999985
v 32.95999908 30.95999908 46.23999786
v 32.95999908 31.03999901 46.15999985
v 32.95999908 31.19999886 42.15999985
v 32.88000107 31.19999886 46.07999802
v 32.95999908 31.19999886 46.15999985
v 32.95999908 31.35999870 42.15999985
v 32.88000107 31.35999870 46.07999802
v 32.95999908 31.35999870 46.15999985
v 32.95999908 31.51999855 42.15999985
v 32.95999908 31.43999863 46.07999802
v 32.95999908 31.51999855 46.00000000
v 32.95999908 31.67999840 42.15999985
v 32.88000107 31.67999840 45.91999817
v 32.95999908 31.67999840 46.00000000
v 32.95999908 31.84000015 42.15999985
v 32.88000107 31.84000015 45.91999817
v 32.95999908 31.84000015 46.00000000
v 32.95999908 31.92000008 42.23999786
v 32.95999908 32.00000000 42.31999969
v 32.95999908 31.92000008 45.91999817
v 32.95999908 32.00000000 45.84000015
v 32.95999908 32.15999985 42.31999969
v 32.95999908 32.15999985 45.84000015
v 32.95999908 32.23999786 42.39999771
v 32.95999908 32.31999969 42.47999954
v 32.88000107 32.31999969 45.75999832
v 32.95999908 32.31999969 45.84000015
v 32.95999908 32.39999771 42.55999756
v 32.95999908 32.39999771 42.71999741
v 32.95999908 32.47999954 42.79999924
v 32.88000107 32.47999954 45.75999832
v 32.95999908 32.47999954 45.84000015
v 32.95999908 32.55999756 42.87999725
v 32.95999908 32.63999939 42.95999908
v 32.88000107 32.63999939 45.59999847
v 32.95999908 32.63999939 45.68000031
v 32.95999908 32.55999756 45.75999832
v 32.95999908 32.71999741 43.04000092
v 32.95999908 32.79999924 43.11999893
v 32.88000107 32.79999924 45.43999863
v 32.88000107 32.79999924 45.59999847
v 32.95999908 32.79999924 45.68000031
v 32.95999908 32.88000107 43.20000076
v 32.95999908 32.95999908 43.27999878
v 32.88000107 32.95999908 45.27999878
v 32.95999908 32.95999908 45.36000061
v 32.95999908 32.88000107 45.43999863
v 32.95999908 32.88000107 45.59999847
v 32.95999908 33.04000092 43.36000061
v 32.95999908 33.04000092 43.52000046
v 32.95999908 33.11999893 43.59999847
v 32.88000107 33.11999893 45.11999893
v 32.95999908 33.11999893 45.20000076
v 32.95999908 33.04000092 45.27999878
v 32.95999908 33.20000076 43.68000031
v 32.95999908 33.20000076 43.84000015
v 32.88000107 33.27999878 44.00000000
v 32.95999908 33.27999878 43.91999817
v 32.88000107 33.27999878 44.95999908
v 32.95999908 33.27999878 45.03999710
v 32.95999908 33.20000076 45.11999893
v 32.95999908 33.36000061 44.00000000
v 32.95999908 33.36000061 44.15999985
v 32.95999908 33.36000061 44.31999969
v 32.95999908 33.36000061 44.47999954
v 32.95999908 33.36000061 44.63999939
v 32.95999908 33.36000061 44.79999924
v 32.95999908 33.36000061 44.95999908
v 33.04000092 29.43999863 44.15999985
v 33.11999893 29.43999863 44.23999786
v 33.11999893 29.35999870 44.31999969
v 33.11999893 29.35999870 44.47999954
v 33.11999893 29.35999870 44.63999939
v 33.11999893 29.35999870 44.79999924
v 33.11999893 29.43999863 44.87999725
v 33.04000092 29.59999847 43.68000031
v 33.04000092 29.59999847 43.84000015
v 33.11999893 29.59999847 43.91999817
v 33.11999893 29.51999855 44.00000000
v 33.11999893 29.51999855 44.15999985
v 33.11999893 29.51999855 44.95999908
v 33.11999893 29.51999855 45.11999893
v 33.11999893 29.51999855 45.27999878
v 33.11999893 29.51999855 45.43999863
v 33.11999893 29.51999855 45.59999847
v 33.11999893 29.59999847 45.68000031
v 33.11999893 29.76000023 43.27999878
v 33.11999893 29.67999840 43.36000061
v 33.11999893 29.67999840 43.52000046
v 33.11999893 29.67999840 43.68000031
v 33.11999893 29.67999840 43.84000015
v 33.11999893 29.67999840 45.75999832
v 33.11999893 29.76000023 45.84000015
v 33.04000092 29.92000008 42.87999725
v 33.11999893 29.92000008 42.95999908
v 33.11999893 29.84000015 43.04000092
v 33.11999893 29.84000015 43.20000076
v 33.11999893 29.84000015 45.91999817
v 33.11999893 29.84000015 46.07999802
v 33.11999893 29.92000008 46.15999985
v 33.04000092 30.07999992 42.71999741
v 33.11999893 30.07999992 42.79999924
v 33.11999893 30.00000000 42.87999725
v 33.11999893 30.00000000 46.23999786
v 33.11999893 30.07999992 46.31999969
v 33.04000092 30.23999977 42.55999756
v 33.04000092 30.23999977 42.71999741
v 33.11999893 30.23999977 42.79999924
v 33.11999893 30.23999977 46.31999969
v 33.04000092 30.39999962 42.39999771
v 33.11999893 30.39999962 42.47999954
v 33.11999893 30.31999969 42.55999756
v 33.11999893 30.31999969 42.71999741
v 33.11999893 30.39999962 46.31999969
v 33.11999893 30.55999947 42.31999969
v 33.11999893 30.47999954 42.39999771
v 33.11999893 30.55999947 46.31999969
v 33.04000092 30.71999931 42.23999786
v 33.11999893 30.71999931 42.31999969
v 33.11999893 30.71999931 46.31999969
v 33.11999893 30.87999916 42.15999985
v 33.11999893 30.79999924 42.23999786
v 33.11999893 30.87999916 46.31999969
v 33.11999893 31.03999901 42.15999985
v 33.04000092 31.03999901 46.23999786
v 33.11999893 31.03999901 46.31999969
v 33.11999893 31.19999886 42.15999985
v 33.04000092 31.19999886 46.23999786
v 33.11999893 31.19999886 46.31999969
v 33.11999893 31.35999870 42.15999985
v 33.11999893 31.27999878 46.23999786
v 33.11999893 31.35999870 46.15999985
v 33.11999893 31.51999855 42.15999985
v 33.04000092 31.51999855 46.07999802
v 33.11999893 31.51999855 46.15999985
v 33.11999893 31.67999840 42.15999985
v 33.11999893 31.59999847 46.07999802
v 33.11999893 31.67999840 46.00000000
v 33.11999893 31.84000015 42.15999985
v 33.11999893 31.84000015 46.00000000
v 33.11999893 31.92000008 42.23999786
v 33.11999893 32.00000000 42.31999969
v 33.04000092 32.00000000 45.91999817
v 33.11999893 32.00000000 46.00000000
v 33.11999893 32.07999802 42.39999771
v 33.04000092 32.15999985 42.39999771
v 33.11999893 32.15999985 42.47999954
v 33.04000092 32.15999985 45.91999817
v 33.11999893 32.15999985 46.00000000
v 33.04000092 32.31999969 42.55999756
v 33.11999893 32.23999786 42.55999756
v 33.11999893 32.31999969 42.63999939
v 33.04000092 32.31999969 45.91999817
v 33.11999893 32.31999969 46.00000000
v 33.11999893 32.39999771 42.71999741
v 33.11999893 32.47999954 42.79999924
v 33.04000092 32.47999954 45.91999817
v 33.11999893 32.47999954 46.00000000
v 33.11999893 32.55999756 42.87999725
v 33.11999893 32.63999939 42.95999908
v 33.04000092 32.63999939 45.75999832
v 33.11999893 32.63999939 45.84000015
v 33.11999893 32.55999756 45.91999817
v 33.11999893 32.71999741 43.04000092
v 33.11999893 32.79999924 43.11999893
v 33.11999893 32.71999741 45.75999832
v 33.11999893 32.79999924 45.68000031
v 33.11999893 32.88000107 43.20000076
v 33.11999893 32.95999908 43.27999878
v 33.04000092 32.95999908 45.43999863
v 33.11999893 32.95999908 45.52000046
v 33.11999893 32.88000107 45.59999847
v 33.11999893 33.04000092 43.36000061
v 33.11999893 33.04000092 43.52000046
v 33.11999893 33.11999893 43.59999847
v 33.04000092 33.11999893 45.27999878
v 33.11999893 33.11999893 45.36000061
v 33.11999893 33.04000092 45.43999863
v 33.11999893 33.20000076 43.68000031
v 33.04000092 33.27999878 43.84000015
v 33.11999893 33.27999878 43.75999832
v 33.04000092 33.27999878 45.11999893
v 33.04000092 33.27999878 45.27999878
v 33.11999893 33.27999878 45.36000061
v 33.11999893 33.36000061 43.84000015
v 33.11999893 33.36000061 44.00000000
v 33.11999893 33.36000061 44.15999985
v 33.04000092 33.43999863 44.31999969
v 33.11999893 33.43999863 44.23999786
v 33.04000092 33.43999863 44.47999954
v 33.04000092 33.43999863 44.63999939
v 33.04000092 33.43999863 44.79999924
v 33.04000092 33.43999863 44.95999908
v 33.11999893 33.43999863 45.03999710
v 33.11999893 33.36000061 45.11999893
v 33.11999893 33.36000061 45.27999878
v 33.11999893 33.52000046 44.31999969
v 33.11999893 33.52000046 44.47999954
v 33.11999893 33.52000046 44.63999939
v 33.11999893 33.52000046 44.79999924
v 33.11999893 33.52000046 44.95999908
v 33.20000076 29.43999863 44.31999969
v 33.20000076 29.43999863 44.47999954
v 33.20000076 29.43999863 44.63999939
v 33.20000076 29.43999863 44.79999924
v 33.27999878 29.59999847 43.91999817
v 33.27999878 29.51999855 44.00000000
v 33.27999878 29.51999855 44.15999985
v 33.27999878 29.51999855 44.31999969
v 33.27999878 29.51999855 44.47999954
v 33.27999878 29.51999855 44.63999939
v 33.27999878 29.51999855 44.79999924
v 33.27999878 29.51999855 44.95999908
v 33.27999878 29.51999855 45.11999893
v 33.27999878 29.51999855 45.27999878
v 33.27999878 29.51999855 45.43999863
v 33.20000076 29.59999847 45.59999847
v 33.27999878 29.59999847 45.52000046
v 33.20000076 29.76000023 43.36000061
v 33.20000076 29.76000023 43.52000046
v 33.27999878 29.76000023 43.59999847
v 33.27999878 29.67999840 43.68000031
v 33.27999878 29.67999840 43.84000015
v 33.27999878 29.67999840 45.59999847
v 33.27999878 29.67999840 45.75999832
v 33.27999878 29.76000023 45.84000015
v 33.20000076 29.92000008 43.04000092
v 33.20000076 29.92000008 43.20000076
v 33.27999878 29.92000008 43.27999878
v 33.27999878 29.84000015 43.36000061
v 33.27999878 29.84000015 43.52000046
v 33.27999878 29.84000015 45.91999817
v 33.27999878 29.84000015 46.07999802
v 33.27999878 29.92000008 46.15999985
v 33.20000076 30.07999992 42.87999725
v 33.20000076 30.07999992 43.04000092
v 33.27999878 30.07999992 43.11999893
v 33.27999878 30.00000000 43.20000076
v 33.27999878 30.00000000 46.23999786
v 33.27999878 30.07999992 46.31999969
v 33.20000076 30.23999977 42.87999725
v 33.27999878 30.23999977 42.95999908
v 33.27999878 30.15999985 43.04000092
v 33.27999878 30.15999985 46.39999771
v 33.20000076 30.23999977 46.39999771
v 33.27999878 30.23999977 46.47999954
v 33.20000076 30.39999962 42.55999756
v 33.20000076 30.39999962 42.71999741
v 33.20000076 30.39999962 42.87999725
v 33.27999878 30.39999962 42.95999908
v 33.20000076 30.39999962 46.39999771
v 33.27999878 30.39999962 46.47999954
v 33.20000076 30.55999947 42.39999771
v 33.27999878 30.55999947 42.47999954
v 33.27999878 30.47999954 42.55999756
v 33.27999878 30.47999954 42.71999741
v 33.27999878 30.47999954 42.87999725
v 33.20000076 30.55999947 46.39999771
v 33.27999878 30.55999947 46.47999954
v 33.20000076 30.71999931 42.39999771
v 33.27999878 30.71999931 42.47999954
v 33.20000076 30.71999931 46.39999771
v 33.27999878 30.71999931 46.47999954
v 33.20000076 30.87999916 42.23999786
v 33.20000076 30.87999916 42.39999771
v 33.27999878 30.87999916 42.47999954
v 33.20000076 30.87999916 46.39999771
v 33.27999878 30.87999916 46.47999954
v 33.20000076 31.03999901 42.23999786
v 33.20000076 31.03999901 42.39999771
v 33.27999878 31.03999901 42.47999954
v 33.20000076 31.03999901 46.39999771
v 33.27999878 31.03999901 46.47999954
v 33.27999878 31.19999886 42.15999985
v 33.27999878 31.11999893 42.23999786
v 33.27999878 31.11999893 42.39999771
v 33.27999878 31.11999893 46.39999771
v 33.27999878 31.19999886 46.31999969
v 33.27999878 31.35999870 42.15999985
v 33.20000076 31.35999870 46.23999786
v 33.27999878 31.35999870 46.31999969
v 33.27999878 31.51999855 42.15999985
v 33.27999878 31.43999863 46.23999786
v 33.27999878 31.51999855 46.15999985
v 33.27999878 31.59999847 42.23999786
v 33.20000076 31.67999840 42.23999786
v 33.27999878 31.67999840 42.31999969
v 33.20000076 31.67999840 46.07999802
v 33.27999878 31.67999840 46.15999985
v 33.20000076 31.84000015 42.23999786
v 33.27999878 31.84000015 42.31999969
v 33.20000076 31.84000015 46.07999802
v 33.27999878 31.84000015 46.15999985
v 33.20000076 32.00000000 42.39999771
v 33.27999878 31.92000008 42.39999771
v 33.27999878 32.00000000 42.47999954
v 33.27999878 31.92000008 46.07999802
v 33.27999878 32.00000000 46.00000000
v 33.27999878 32.15999985 42.47999954
v 33.27999878 32.15999985 46.00000000
v 33.27999878 32.23999786 42.55999756
v 33.27999878 32.31999969 42.63999939
v 33.27999878 32.31999969 46.00000000
v 33.27999878 32.39999771 42.71999741
v 33.27999878 32.47999954 42.79999924
v 33.27999878 32.47999954 46.00000000
v 33.27999878 32.55999756 42.87999725
v 33.27999878 32.63999939 42.95999908
v 33.20000076 32.63999939 45.91999817
v 33.27999878 32.63999939 46.00000000
v 33.27999878 32.71999741 43.04000092
v 33.27999878 32.79999924 43.11999893
v 33.20000076 32.79999924 45.75999832
v 33.20000076 32.79999924 45.91999817
v 33.27999878 32.79999924 46.00000000
v 33.27999878 32.88000107 43.20000076
v 33.27999878 32.95999908 43.27999878
v 33.20000076 32.95999908 45.59999847
v 33.27999878 32.95999908 45.68000031
v 33.27999878 32.88000107 45.75999832
v 33.27999878 32.88000107 45.91999817
v 33.27999878 33.04000092 43.36000061
v 33.20000076 33.11999893 43.52000046
v 33.27999878 33.11999893 43.43999863
v 33.20000076 33.11999893 45.43999863
v 33.20000076 33.11999893 45.59999847
v 33.27999878 33.11999893 45.68000031
v 33.20000076 33.27999878 43.52000046
v 33.27999878 33.27999878 43.43999863
v 33.20000076 33.27999878 43.68000031
v 33.20000076 33.27999878 45.43999863
v 33.27999878 33.27999878 45.52000046
v 33.27999878 33.20000076 45.59999847
v 33.27999878 33.36000061 43.52000046
v 33.27999878 33.36000061 43.68000031
v 33.27999878 33.36000061 43.84000015
v 33.20000076 33.43999863 44.00000000
v 33.27999878 33.43999863 43.91999817
v 33.20000076 33.43999863 44.15999985
v 33.20000076 33.43999863 45.11999893
v 33.27999878 33.43999863 45.20000076
v 33.27999878 33.36000061 45.27999878
v 33.27999878 33.36000061 45.43999863
v 33.27999878 33.52000046 44.00000000
v 33.27999878 33.52000046 44.15999985
v 33.27999878 33.52000046 44.31999969
v 33.27999878 33.52000046 44.47999954
v 33.27999878 33.52000046 44.63999939
v 33.27999878 33.52000046 44.79999924
v 33.27999878 33.52000046 44.95999908
v 33.27999878 33.52000046 45.11999893
v 33.36000061 29.59999847 44.00000000
v 33.43999863 29.59999847 44.07999802
v 33.43999863 29.51999855 44.15999985
v 33.43999863 29.51999855 44.31999969
v 33.43999863 29.51999855 44.47999954
v 33.43999863 29.51999855 44.63999939
v 33.43999863 29.51999855 44.79999924
v 33.43999863 29.51999855 44.95999908
v 33.43999863 29.51999855 45.11999893
v 33.43999863 29.51999855 45.27999878
v 33.43999863 29.51999855 45.43999863
v 33.43999863 29.59999847 45.52000046
v 33.36000061 29.76000023 43.68000031
v 33.43999863 29.76000023 43.75999832
v 33.43999863 29.67999840 43.84000015
v 33.43999863 29.67999840 44.00000000
v 33.43999863 29.67999840 45.59999847
v 33.43999863 29.67999840 45.75999832
v 33.43999863 29.76000023 45.84000015
v 33.36000061 29.92000008 43.36000061
v 33.43999863 29.92000008 43.43999863
v 33.43999863 29.84000015 43.52000046
v 33.43999863 29.84000015 43.68000031
v 33.43999863 29.84000015 45.91999817
v 33.43999863 29.84000015 46.07999802
v 33.43999863 29.92000008 46.15999985
v 33.36000061 30.07999992 43.20000076
v 33.43999863 30.07999992 43.27999878
v 33.43999863 30.00000000 43.36000061
v 33.43999863 30.00000000 46.23999786
v 33.43999863 30.07999992 46.31999969
v 33.43999863 30.23999977 42.95999908
v 33.43999863 30.15999985 43.04000092
v 33.43999863 30.15999985 43.20000076
v 33.43999863 30.15999985 46.39999771
v 33.43999863 30.23999977 46.47999954
v 33.43999863 30.39999962 42.95999908
v 33.43999863 30.39999962 46.47999954
v 33.36000061 30.55999947 42.55999756
v 33.36000061 30.55999947 42.71999741
v 33.36000061 30.55999947 42.87999725
v 33.43999863 30.55999947 42.95999908
v 33.43999863 30.55999947 46.47999954
v 33.43999863 30.71999931 42.47999954
v 33.43999863 30.63999939 42.55999756
v 33.43999863 30.63999939 42.71999741
v 33.43999863 30.63999939 42.87999725
v 33.43999863 30.71999931 46.47999954
v 33.43999863 30.87999916 42.47999954
v 33.43999863 30.79999924 46.55999756
v 33.36000061 30.87999916 46.55999756
v 33.43999863 30.87999916 46.63999939
v 33.43999863 31.03999901 42.47999954
v 33.36000061 31.03999901 46.55999756
v 33.43999863 31.03999901 46.63999939
v 33.36000061 31.19999886 42.23999786
v 33.43999863 31.19999886 42.31999969
v 33.43999863 31.11999893 42.39999771
v 33.36000061 31.19999886 46.39999771
v 33.36000061 31.19999886 46.55999756
v 33.43999863 31.19999886 46.63999939
v 33.36000061 31.35999870 42.23999786
v 33.43999863 31.35999870 42.31999969
v 33.36000061 31.35999870 46.39999771
v 33.43999863 31.35999870 46.47999954
v 33.43999863 31.27999878 46.55999756
v 33.36000061 31.51999855 42.23999786
v 33.43999863 31.51999855 42.31999969
v 33.36000061 31.51999855 46.23999786
v 33.43999863 31.51999855 46.31999969
v 33.43999863 31.43999863 46.39999771
v 33.43999863 31.67999840 42.31999969
v 33.36000061 31.67999840 46.23999786
v 33.43999863 31.67999840 46.31999969
v 33.43999863 31.76000023 42.39999771
v 33.36000061 31.84000015 42.39999771
v 33.43999863 31.84000015 42.47999954
v 33.36000061 31.84000015 46.23999786
v 33.43999863 31.84000015 46.31999969
v 33.43999863 32.00000000 42.47999954
v 33.36000061 32.00000000 46.07999802
v 33.36000061 32.00000000 46.23999786
v 33.43999863 32.00000000 46.31999969
v 33.43999863 32.15999985 42.47999954
v 33.36000061 32.15999985 46.07999802
v 33.43999863 32.15999985 46.15999985
v 33.43999863 32.07999802 46.23999786
v 33.43999863 32.23999786 42.55999756
v 33.43999863 32.31999969 42.63999939
v 33.36000061 32.31999969 46.07999802
v 33.43999863 32.31999969 46.15999985
v 33.43999863 32.39999771 42.71999741
v 33.43999863 32.47999954 42.79999924
v 33.36000061 32.47999954 46.07999802
v 33.43999863 32.47999954 46.15999985
v 33.43999863 32.55999756 42.87999725
v 33.36000061 32.63999939 43.04000092
v 33.43999863 32.55999756 43.04000092
v 33.43999863 32.63999939 43.11999893
v 33.36000061 32.63999939 46.07999802
v 33.43999863 32.63999939 46.15999985
v 33.43999863 32.79999924 43.11999893
v 33.36000061 32.79999924 46.07999802
v 33.43999863 32.79999924 46.15999985
v 33.43999863 32.88000107 43.20000076
v 33.36000061 32.95999908 43.36000061
v 33.43999863 32.88000107 43.36000061
v 33.43999863 32.95999908 43.43999863
v 33.36000061 32.95999908 45.75999832
v 33.43999863 32.95999908 45.84000015
v 33.43999863 32.88000107 45.91999817
v 33.43999863 32.88000107 46.07999802
v 33.43999863 33.11999893 43.43999863
v 33.36000061 33.11999893 45.75999832
v 33.43999863 33.11999893 45.84000015
v 33.43999863 33.27999878 43.43999863
v 33.36000061 33.27999878 45.59999847
v 33.43999863 33.27999878 45.68000031
v 33.43999863 33.20000076 45.75999832
v 33.43999863 33.36000061 43.52000046
v 33.43999863 33.36000061 43.68000031
v 33.36000061 33.43999863 43.84000015
v 33.43999863 33.43999863 43.75999832
v 33.36000061 33.43999863 45.27999878
v 33.36000061 33.43999863 45.43999863
v 33.43999863 33.43999863 45.52000046
v 33.43999863 33.36000061 45.59999847
v 33.43999863 33.52000046 43.84000015
v 33.43999863 33.52000046 44.00000000
v 33.43999863 33.52000046 44.15999985
v 33.36000061 33.59999847 44.31999969
v 33.43999863 33.59999847 44.23999786
v 33.36000061 33.59999847 44.47999954
v 33.36000061 33.59999847 44.63999939
v 33.36000061 33.59999847 44.79999924
v 33.36000061 33.59999847 44.95999908
v 33.43999863 33.59999847 45.03999710
v 33.43999863 33.52000046 45.11999893
v 33.43999863 33.52000046 45.27999878
v 33.43999863 33.52000046 45.43999863
v 33.43999863 33.68000031 44.31999969
v 33.43999863 33.68000031 44.47999954
v 33.43999863 33.68000031 44.63999939
v 33.43999863 33.68000031 44.79999924
v 33.43999863 33.68000031 44.95999908
v 33.52000046 29.59999847 44.15999985
v 33.52000046 29.59999847 44.31999969
v 33.52000046 29.59999847 44.47999954
v 33.59999847 29.59999847 44.55999756
v 33.59999847 29.51999855 44.63999939
v 33.59999847 29.51999855 44.79999924
v 33.59999847 29.51999855 44.95999908
v 33.59999847 29.51999855 45.11999893
v 33.52000046 29.59999847 45.27999878
v 33.59999847 29.59999847 45.20000076
v 33.52000046 29.59999847 45.43999863
v 33.52000046 29.76000023 43.84000015
v 33.52000046 29.76000023 44.00000000
v 33.52000046 29.76000023 44.15999985
v 33.59999847 29.76000023 44.23999786
v 33.59999847 29.67999840 44.31999969
v 33.59999847 29.67999840 44.47999954
v 33.59999847 29.67999840 45.27999878
v 33.59999847 29.67999840 45.43999863
v 33.59999847 29.67999840 45.59999847
v 33.59999847 29.67999840 45.75999832
v 33.59999847 29.76000023 45.84000015
v 33.52000046 29.92000008 43.52000046
v 33.52000046 29.92000008 43.68000031
v 33.52000046 29.92000008 43.84000015
v 33.52000046 29.92000008 44.00000000
v 33.59999847 29.92000008 44.07999802
v 33.59999847 29.84000015 44.15999985
v 33.59999847 29.84000015 45.91999817
v 33.52000046 29.92000008 46.07999802
v 33.59999847 29.92000008 46.00000000
v 33.52000046 30.07999992 43.36000061
v 33.52000046 30.07999992 43.52000046
v 33.52000046 30.07999992 43.68000031
v 33.52000046 30.07999992 43.84000015
v 33.52000046 30.07999992 44.00000000
v 33.59999847 30.07999992 44.07999802
v 33.59999847 30.00000000 46.07999802
v 33.59999847 30.00000000 46.23999786
v 33.59999847 30.07999992 46.31999969
v 33.52000046 30.23999977 43.04000092
v 33.52000046 30.23999977 43.20000076
v 33.52000046 30.23999977 43.36000061
v 33.52000046 30.23999977 43.52000046
v 33.52000046 30.23999977 43.68000031
v 33.52000046 30.23999977 43.84000015
v 33.59999847 30.23999977 43.91999817
v 33.59999847 30.15999985 44.00000000
v 33.59999847 30.15999985 46.39999771
v 33.59999847 30.23999977 46.47999954
v 33.52000046 30.39999962 43.04000092
v 33.52000046 30.39999962 43.20000076
v 33.52000046 30.39999962 43.36000061
v 33.52000046 30.39999962 43.52000046
v 33.59999847 30.39999962 43.59999847
v 33.59999847 30.31999969 43.68000031
v 33.59999847 30.31999969 43.84000015
v 33.59999847 30.39999962 46.47999954
v 33.59999847 30.55999947 42.95999908
v 33.59999847 30.47999954 43.04000092
v 33.59999847 30.47999954 43.20000076
v 33.59999847 30.47999954 43.36000061
v 33.59999847 30.47999954 43.52000046
v 33.59999847 30.55999947 46.47999954
v 33.52000046 30.71999931 42.55999756
v 33.52000046 30.71999931 42.71999741
v 33.59999847 30.71999931 42.79999924
v 33.59999847 30.63999939 42.87999725
v 33.59999847 30.63999939 46.55999756
v 33.52000046 30.71999931 46.55999756
v 33.59999847 30.71999931 46.63999939
v 33.52000046 30.87999916 42.55999756
v 33.52000046 30.87999916 42.71999741
v 33.59999847 30.87999916 42.79999924
v 33.59999847 30.87999916 46.63999939
v 33.52000046 31.03999901 42.55999756
v 33.59999847 31.03999901 42.63999939
v 33.59999847 30.95999908 42.71999741
v 33.59999847 31.03999901 46.63999939
v 33.52000046 31.19999886 42.39999771
v 33.59999847 31.19999886 42.47999954
v 33.59999847 31.11999893 42.55999756
v 33.59999847 31.19999886 46.63999939
v 33.52000046 31.35999870 42.39999771
v 33.59999847 31.35999870 42.47999954
v 33.52000046 31.35999870 46.55999756
v 33.59999847 31.35999870 46.63999939
v 33.52000046 31.51999855 42.39999771
v 33.59999847 31.51999855 42.47999954
v 33.52000046 31.51999855 46.39999771
v 33.59999847 31.51999855 46.47999954
v 33.59999847 31.43999863 46.55999756
v 33.52000046 31.67999840 42.39999771
v 33.59999847 31.59999847 42.55999756
v 33.52000046 31.67999840 42.55999756
v 33.59999847 31.67999840 42.63999939
v 33.52000046 31.67999840 46.39999771
v 33.59999847 31.67999840 46.47999954
v 33.52000046 31.84000015 42.55999756
v 33.59999847 31.84000015 42.63999939
v 33.59999847 31.76000023 46.39999771
v 33.59999847 31.84000015 46.31999969
v 33.52000046 32.00000000 42.55999756
v 33.59999847 32.00000000 42.63999939
v 33.59999847 32.00000000 46.31999969
v 33.52000046 32.15999985 42.55999756
v 33.59999847 32.15999985 42.63999939
v 33.52000046 32.15999985 46.23999786
v 33.59999847 32.15999985 46.31999969
v 33.52000046 32.31999969 42.71999741
v 33.59999847 32.23999786 42.71999741
v 33.59999847 32.31999969 42.79999924
v 33.52000046 32.31999969 46.23999786
v 33.59999847 32.31999969 46.31999969
v 33.59999847 32.47999954 42.79999924
v 33.52000046 32.47999954 46.23999786
v 33.59999847 32.47999954 46.31999969
v 33.59999847 32.55999756 42.87999725
v 33.59999847 32.55999756 43.04000092
v 33.59999847 32.63999939 43.11999893
v 33.52000046 32.63999939 46.23999786
v 33.59999847 32.63999939 46.31999969
v 33.59999847 32.79999924 43.11999893
v 33.52000046 32.79999924 46.23999786
v 33.59999847 32.79999924 46.31999969
v 33.59999847 32.88000107 43.20000076
v 33.59999847 32.88000107 43.36000061
v 33.59999847 32.95999908 43.43999863
v 33.52000046 32.95999908 45.91999817
v 33.52000046 32.95999908 46.07999802
v 33.59999847 32.95999908 46.15999985
v 33.59999847 32.88000107 46.23999786
v 33.59999847 33.11999893 43.43999863
v 33.52000046 33.11999893 45.91999817
v 33.59999847 33.11999893 46.00000000
v 33.59999847 33.04000092 46.07999802
v 33.59999847 33.27999878 43.43999863
v 33.52000046 33.27999878 45.75999832
v 33.59999847 33.27999878 45.84000015
v 33.59999847 33.20000076 45.91999817
v 33.59999847 33.36000061 43.52000046
v 33.59999847 33.36000061 43.68000031
v 33.59999847 33.43999863 43.75999832
v 33.52000046 33.43999863 45.59999847
v 33.59999847 33.43999863 45.68000031
v 33.59999847 33.36000061 45.75999832
v 33.59999847 33.52000046 43.84000015
v 33.59999847 33.52000046 44.00000000
v 33.52000046 33.59999847 44.15999985
v 33.59999847 33.59999847 44.07999802
v 33.52000046 33.59999847 45.11999893
v 33.52000046 33.59999847 45.27999878
v 33.59999847 33.59999847 45.36000061
v 33.59999847 33.52000046 45.43999863
v 33.59999847 33.52000046 45.59999847
v 33.59999847 33.68000031 44.15999985
v 33.59999847 33.68000031 44.31999969
v 33.59999847 33.68000031 44.47999954
v 33.59999847 33.68000031 44.63999939
v 33.59999847 33.68000031 44.79999924
v 33.59999847 33.68000031 44.95999908
v 33.59999847 33.68000031 45.11999893
v 33.59999847 33.68000031 45.27999878
v 33.68000031 29.59999847 44.63999939
v 33.68000031 29.59999847 44.79999924
v 33.68000031 29.59999847 44.95999908
v 33.68000031 29.59999847 45.11999893
v 33.68000031 29.76000023 44.31999969
v 33.75999832 29.76000023 44.39999771
v 33.75999832 29.67999840 44.47999954
v 33.75999832 29.67999840 44.63999939
v 33.75999832 29.67999840 44.79999924
v 33.75999832 29.67999840 44.95999908
v 33.75999832 29.67999840 45.11999893
v 33.75999832 29.67999840 45.27999878
v 33.75999832 29.67999840 45.43999863
v 33.75999832 29.67999840 45.59999847
v 33.68000031 29.76000023 45.75999832
v 33.75999832 29.76000023 45.68000031
v 33.75999832 29.92000008 44.07999802
v 33.75999832 29.84000015 44.15999985
v 33.75999832 29.84000015 44.31999969
v 33.75999832 29.84000015 45.75999832
v 33.75999832 29.84000015 45.91999817
v 33.75999832 29.92000008 46.00000000
v 33.75999832 30.07999992 44.07999802
v 33.75999832 30.00000000 46.07999802
v 33.68000031 30.07999992 46.23999786
v 33.75999832 30.07999992 46.15999985
v 33.75999832 30.23999977 43.91999817
v 33.75999832 30.15999985 44.00000000
v 33.75999832 30.15999985 46.23999786
v 33.75999832 30.15999985 46.39999771
v 33.75999832 30.23999977 46.47999954
v 33.75999832 30.39999962 43.59999847
v 33.75999832 30.31999969 43.68000031
v 33.75999832 30.31999969 43.84000015
v 33.75999832 30.39999962 46.47999954
v 33.75999832 30.55999947 42.95999908
v 33.75999832 30.47999954 43.04000092
v 33.75999832 30.47999954 43.20000076
v 33.75999832 30.47999954 43.36000061
v 33.75999832 30.47999954 43.52000046
v 33.75999832 30.47999954 46.55999756
v 33.68000031 30.55999947 46.55999756
v 33.75999832 30.55999947 46.63999939
v 33.75999832 30.71999931 42.79999924
v 33.75999832 30.63999939 42.87999725
v 33.75999832 30.63999939 46.71999741
v 33.68000031 30.71999931 46.71999741
v 33.75999832 30.71999931 46.79999924
v 33.75999832 30.87999916 42.79999924
v 33.68000031 30.87999916 46.71999741
v 33.75999832 30.87999916 46.79999924
v 33.68000031 31.03999901 42.71999741
v 33.75999832 31.03999901 42.79999924
v 33.68000031 31.03999901 46.71999741
v 33.75999832 31.03999901 46.79999924
v 33.68000031 31.19999886 42.55999756
v 33.75999832 31.19999886 42.63999939
v 33.75999832 31.11999893 42.71999741
v 33.68000031 31.19999886 46.71999741
v 33.75999832 31.19999886 46.79999924
v 33.68000031 31.35999870 42.55999756
v 33.75999832 31.35999870 42.63999939
v 33.68000031 31.35999870 46.71999741
v 33.75999832 31.35999870 46.79999924
v 33.68000031 31.51999855 42.55999756
v 33.75999832 31.51999855 42.63999939
v 33.68000031 31.51999855 46.55999756
v 33.68000031 31.51999855 46.71999741
v 33.75999832 31.51999855 46.79999924
v 33.68000031 31.67999840 42.71999741
v 33.75999832 31.59999847 42.71999741
v 33.75999832 31.67999840 42.79999924
v 33.68000031 31.67999840 46.55999756
v 33.75999832 31.67999840 46.63999939
v 33.75999832 31.59999847 46.71999741
v 33.68000031 31.84000015 42.71999741
v 33.75999832 31.84000015 42.79999924
v 33.68000031 31.84000015 46.39999771
v 33.75999832 31.84000015 46.47999954
v 33.75999832 31.76000023 46.55999756
v 33.68000031 32.00000000 42.71999741
v 33.75999832 32.00000000 42.79999924
v 33.68000031 32.00000000 46.39999771
v 33.75999832 32.00000000 46.47999954
v 33.68000031 32.15999985 42.71999741
v 33.75999832 32.15999985 42.79999924
v 33.68000031 32.15999985 46.39999771
v 33.75999832 32.15999985 46.47999954
v 33.68000031 32.31999969 42.87999725
v 33.75999832 32.23999786 42.87999725
v 33.75999832 32.31999969 42.95999908
v 33.68000031 32.31999969 46.39999771
v 33.75999832 32.31999969 46.47999954
v 33.68000031 32.47999954 42.87999725
v 33.75999832 32.47999954 42.95999908
v 33.68000031 32.47999954 46.39999771
v 33.75999832 32.47999954 46.47999954
v 33.75999832 32.55999756 43.04000092
v 33.75999832 32.63999939 43.11999893
v 33.68000031 32.63999939 46.39999771
v 33.75999832 32.63999939 46.47999954
v 33.75999832 32.79999924 43.11999893
v 33.68000031 32.79999924 46.39999771
v 33.75999832 32.79999924 46.47999954
v 33.75999832 32.88000107 43.20000076
v 33.75999832 32.88000107 43.36000061
v 33.75999832 32.95999908 43.43999863
v 33.68000031 32.95999908 46.23999786
v 33.68000031 32.95999908 46.39999771
v 33.75999832 32.95999908 46.47999954
v 33.75999832 33.11999893 43.43999863
v 33.68000031 33.11999893 46.07999802
v 33.68000031 33.11999893 46.23999786
v 33.75999832 33.11999893 46.31999969
v 33.75999832 33.04000092 46.39999771
v 33.75999832 33.27999878 43.43999863
v 33.68000031 33.27999878 45.91999817
v 33.75999832 33.27999878 46.00000000
v 33.75999832 33.20000076 46.07999802
v 33.75999832 33.20000076 46.23999786
v 33.75999832 33.36000061 43.52000046
v 33.68000031 33.43999863 43.68000031
v 33.75999832 33.43999863 43.59999847
v 33.68000031 33.43999863 45.75999832
v 33.75999832 33.43999863 45.84000015
v 33.75999832 33.36000061 45.91999817
v 33.75999832 33.52000046 43.68000031
v 33.75999832 33.52000046 43.84000015
v 33.68000031 33.59999847 44.00000000
v 33.75999832 33.59999847 43.91999817
v 33.68000031 33.59999847 45.43999863
v 33.75999832 33.59999847 45.52000046
v 33.75999832 33.52000046 45.59999847
v 33.75999832 33.52000046 45.75999832
v 33.75999832 33.68000031 44.00000000
v 33.75999832 33.68000031 44.15999985
v 33.75999832 33.68000031 44.31999969
v 33.75999832 33.68000031 44.47999954
v 33.75999832 33.68000031 44.63999939
v 33.75999832 33.68000031 44.79999924
v 33.75999832 33.68000031 44.95999908
v 33.75999832 33.68000031 45.11999893
v 33.75999832 33.68000031 45.27999878
v 33.75999832 33.68000031 45.43999863
v 33.84000015 29.76000023 44.47999954
v 33.91999817 29.76000023 44.55999756
v 33.91999817 29.67999840 44.63999939
v 33.91999817 29.67999840 44.79999924
v 33.91999817 29.67999840 44.95999908
v 33.84000015 29.76000023 45.11999893
v 33.91999817 29.76000023 45.03999710
v 33.84000015 29.76000023 45.27999878
v 33.84000015 29.76000023 45.43999863
v 33.84000015 29.76000023 45.59999847
v 33.84000015 29.92000008 44.15999985
v 33.91999817 29.92000008 44.23999786
v 33.91999817 29.84000015 44.31999969
v 33.91999817 29.84000015 44.47999954
v 33.91999817 29.84000015 45.11999893
v 33.91999817 29.84000015 45.27999878
v 33.91999817 29.84000015 45.43999863
v 33.91999817 29.84000015 45.59999847
v 33.91999817 29.84000015 45.75999832
v 33.84000015 29.92000008 45.91999817
v 33.91999817 29.92000008 45.84000015
v 33.91999817 30.07999992 44.07999802
v 33.91999817 30.00000000 44.15999985
v 33.91999817 30.00000000 45.91999817
v 33.91999817 30.00000000 46.07999802
v 33.91999817 30.07999992 46.15999985
v 33.91999817 30.23999977 43.91999817
v 33.91999817 30.15999985 44.00000000
v 33.91999817 30.15999985 46.23999786
v 33.84000015 30.23999977 46.39999771
v 33.91999817 30.23999977 46.31999969
v 33.91999817 30.39999962 43.59999847
v 33.91999817 30.31999969 43.68000031
v 33.91999817 30.31999969 43.84000015
v 33.91999817 30.31999969 46.39999771
v 33.91999817 30.31999969 46.55999756
v 33.84000015 30.39999962 46.55999756
v 33.91999817 30.39999962 46.63999939
v 33.84000015 30.55999947 43.04000092
v 33.91999817 30.55999947 43.11999893
v 33.91999817 30.47999954 43.20000076
v 33.91999817 30.47999954 43.36000061
v 33.91999817 30.47999954 43.52000046
v 33.91999817 30.47999954 46.71999741
v 33.84000015 30.55999947 46.71999741
v 33.91999817 30.55999947 46.79999924
v 33.84000015 30.71999931 42.87999725
v 33.91999817 30.71999931 42.95999908
v 33.91999817 30.63999939 43.04000092
v 33.91999817 30.63999939 46.87999725
v 33.84000015 30.71999931 46.87999725
v 33.91999817 30.71999931 46.95999908
v 33.84000015 30.87999916 42.87999725
v 33.91999817 30.87999916 42.95999908
v 33.84000015 30.87999916 46.87999725
v 33.91999817 30.87999916 46.95999908
v 33.91999817 31.03999901 42.79999924
v 33.91999817 30.95999908 42.87999725
v 33.84000015 31.03999901 46.87999725
v 33.91999817 30.95999908 47.03999710
v 33.84000015 31.03999901 47.03999710
v 33.91999817 31.03999901 47.11999893
v 33.84000015 31.19999886 42.71999741
v 33.91999817 31.19999886 42.79999924
v 33.84000015 31.19999886 46.87999725
v 33.84000015 31.19999886 47.03999710
v 33.91999817 31.19999886 47.11999893
v 33.84000015 31.35999870 42.71999741
v 33.91999817 31.35999870 42.79999924
v 33.84000015 31.35999870 46.87999725
v 33.84000015 31.35999870 47.03999710
v 33.91999817 31.35999870 47.11999893
v 33.84000015 31.51999855 42.71999741
v 33.91999817 31.51999855 42.79999924
v 33.84000015 31.51999855 46.87999725
v 33.91999817 31.51999855 46.95999908
v 33.91999817 31.43999863 47.03999710
v 33.91999817 31.67999840 42.79999924
v 33.84000015 31.67999840 46.71999741
v 33.91999817 31.67999840 46.79999924
v 33.91999817 31.59999847 46.87999725
v 33.91999817 31.84000015 42.79999924
v 33.84000015 31.84000015 46.55999756
v 33.84000015 31.84000015 46.71999741
v 33.91999817 31.84000015 46.79999924
v 33.91999817 32.00000000 42.79999924
v 33.84000015 32.00000000 46.55999756
v 33.84000015 32.00000000 46.71999741
v 33.91999817 32.00000000 46.79999924
v 33.91999817 32.15999985 42.79999924
v 33.84000015 32.15999985 46.55999756
v 33.91999817 32.15999985 46.63999939
v 33.91999817 32.07999802 46.71999741
v 33.91999817 32.23999786 42.87999725
v 33.91999817 32.31999969 42.95999908
v 33.84000015 32.31999969 46.55999756
v 33.91999817 32.31999969 46.63999939
v 33.91999817 32.47999954 42.95999908
v 33.84000015 32.47999954 46.55999756
v 33.91999817 32.47999954 46.63999939
v 33.91999817 32.55999756 43.04000092
v 33.91999817 32.63999939 43.11999893
v 33.84000015 32.63999939 46.55999756
v 33.91999817 32.63999939 46.63999939
v 33.91999817 32.79999924 43.11999893
v 33.84000015 32.79999924 46.55999756
v 33.91999817 32.79999924 46.63999939
v 33.91999817 32.88000107 43.20000076
v 33.84000015 32.95999908 43.36000061
v 33.91999817 32.95999908 43.27999878
v 33.91999817 32.88000107 46.55999756
v 33.91999817 32.95999908 46.47999954
v 33.91999817 33.04000092 43.36000061
v 33.91999817 33.11999893 43.43999863
v 33.91999817 33.04000092 46.39999771
v 33.91999817 33.11999893 46.31999969
v 33.91999817 33.27999878 43.43999863
v 33.84000015 33.27999878 46.07999802
v 33.84000015 33.27999878 46.23999786
v 33.91999817 33.27999878 46.31999969
v 33.91999817 33.36000061 43.52000046
v 33.91999817 33.43999863 43.59999847
v 33.91999817 33.36000061 45.91999817
v 33.91999817 33.43999863 45.84000015
v 33.91999817 33.36000061 46.07999802
v 33.91999817 33.36000061 46.23999786
v 33.91999817 33.52000046 43.68000031
v 33.91999817 33.52000046 43.84000015
v 33.91999817 33.59999847 43.91999817
v 33.84000015 33.59999847 45.59999847
v 33.91999817 33.59999847 45.68000031
v 33.91999817 33.52000046 45.75999832
v 33.91999817 33.68000031 44.00000000
v 33.91999817 33.68000031 44.15999985
v 33.84000015 33.75999832 44.31999969
v 33.91999817 33.75999832 44.23999786
v 33.84000015 33.75999832 44.47999954
v 33.84000015 33.75999832 44.63999939
v 33.84000015 33.75999832 44.79999924
v 33.84000015 33.75999832 44.95999908
v 33.84000015 33.75999832 45.11999893
v 33.91999817 33.75999832 45.20000076
v 33.91999817 33.68000031 45.27999878
v 33.91999817 33.68000031 45.43999863
v 33.91999817 33.68000031 45.59999847
v 33.91999817 33.84000015 44.31999969
v 33.91999817 33.84000015 44.47999954
v 33.91999817 33.84000015 44.63999939
v 33.91999817 33.84000015 44.79999924
v 33.91999817 33.84000015 44.95999908
v 33.91999817 33.84000015 45.11999893
v 34.00000000 29.76000023 44.63999939
v 34.00000000 29.76000023 44.79999924
v 34.00000000 29.76000023 44.95999908
v 34.00000000 29.92000008 44.31999969
v 34.00000000 29.92000008 44.47999954
v 34.07999802 29.92000008 44.55999756
v 34.07999802 29.84000015 44.63999939
v 34.07999802 29.84000015 44.79999924
v 34.07999802 29.84000015 44.95999908
v 34.07999802 29.84000015 45.11999893
v 34.07999802 29.84000015 45.27999878
v 34.07999802 29.84000015 45.43999863
v 34.07999802 29.84000015 45.59999847
v 34.07999802 29.84000015 45.75999832
v 34.07999802 29.92000008 45.84000015
v 34.00000000 30.07999992 44.15999985
v 34.07999802 30.07999992 44.23999786
v 34.07999802 30.00000000 44.31999969
v 34.07999802 30.00000000 44.47999954
v 34.00000000 30.07999992 45.91999817
v 34.07999802 30.07999992 45.84000015
v 34.00000000 30.07999992 46.07999802
v 34.07999802 30.23999977 43.91999817
v 34.07999802 30.15999985 44.00000000
v 34.07999802 30.15999985 44.15999985
v 34.07999802 30.15999985 45.91999817
v 34.07999802 30.15999985 46.07999802
v 34.07999802 30.15999985 46.23999786
v 34.07999802 30.23999977 46.31999969
v 34.07999802 30.39999962 43.59999847
v 34.07999802 30.31999969 43.68000031
v 34.07999802 30.31999969 43.84000015
v 34.07999802 30.31999969 46.39999771
v 34.07999802 30.31999969 46.55999756
v 34.07999802 30.39999962 46.63999939
v 34.00000000 30.55999947 43.20000076
v 34.00000000 30.55999947 43.36000061
v 34.07999802 30.55999947 43.43999863
v 34.07999802 30.47999954 43.52000046
v 34.07999802 30.47999954 46.71999741
v 34.07999802 30.47999954 46.87999725
v 34.00000000 30.55999947 46.87999725
v 34.07999802 30.55999947 46.95999908
v 34.00000000 30.71999931 43.04000092
v 34.07999802 30.71999931 43.11999893
v 34.07999802 30.63999939 43.20000076
v 34.07999802 30.63999939 43.36000061
v 34.07999802 30.71999931 46.95999908
v 34.00000000 30.87999916 43.04000092
v 34.07999802 30.87999916 43.11999893
v 34.07999802 30.79999924 47.03999710
v 34.00000000 30.87999916 47.03999710
v 34.07999802 30.87999916 47.11999893
v 34.00000000 31.03999901 42.87999725
v 34.07999802 31.03999901 42.95999908
v 34.07999802 30.95999908 43.04000092
v 34.07999802 30.95999908 47.20000076
v 34.00000000 31.03999901 47.20000076
v 34.07999802 31.03999901 47.27999878
v 34.00000000 31.19999886 42.87999725
v 34.07999802 31.19999886 42.95999908
v 34.00000000 31.19999886 47.20000076
v 34.07999802 31.19999886 47.27999878
v 34.00000000 31.35999870 42.87999725
v 34.07999802 31.35999870 42.95999908
v 34.00000000 31.35999870 47.20000076
v 34.07999802 31.35999870 47.27999878
v 34.00000000 31.51999855 42.87999725
v 34.07999802 31.51999855 42.95999908
v 34.00000000 31.51999855 47.03999710
v 34.07999802 31.51999855 47.11999893
v 34.07999802 31.43999863 47.20000076
v 34.00000000 31.67999840 42.87999725
v 34.07999802 31.67999840 42.95999908
v 34.00000000 31.67999840 46.87999725
v 34.00000000 31.67999840 47.03999710
v 34.07999802 31.67999840 47.11999893
v 34.00000000 31.84000015 42.87999725
v 34.07999802 31.84000015 42.95999908
v 34.00000000 31.84000015 46.87999725
v 34.00000000 31.84000015 47.03999710
v 34.07999802 31.84000015 47.11999893
v 34.00000000 32.00000000 42.87999725
v 34.07999802 32.00000000 42.95999908
v 34.00000000 32.00000000 46.87999725
v 34.00000000 32.00000000 47.03999710
v 34.07999802 32.00000000 47.11999893
v 34.00000000 32.15999985 42.87999725
v 34.07999802 32.15999985 42.95999908
v 34.00000000 32.15999985 46.71999741
v 34.00000000 32.15999985 46.87999725
v 34.07999802 32.15999985 46.95999908
v 34.07999802 32.07999802 47.03999710
v 34.07999802 32.31999969 42.95999908
v 34.00000000 32.31999969 46.71999741
v 34.00000000 32.31999969 46.87999725
v 34.07999802 32.31999969 46.95999908
v 34.07999802 32.39999771 43.04000092
v 34.00000000 32.47999954 43.04000092
v 34.07999802 32.47999954 43.11999893
v 34.00000000 32.47999954 46.71999741
v 34.07999802 32.47999954 46.79999924
v 34.07999802 32.39999771 46.87999725
v 34.07999802 32.63999939 43.11999893
v 34.00000000 32.63999939 46.71999741
v 34.07999802 32.63999939 46.79999924
v 34.07999802 32.79999924 43.11999893
v 34.00000000 32.79999924 46.71999741
v 34.07999802 32.79999924 46.79999924
v 34.07999802 32.88000107 43.20000076
v 34.07999802 32.95999908 43.27999878
v 34.00000000 32.95999908 46.55999756
v 34.07999802 32.95999908 46.63999939
v 34.07999802 32.88000107 46.71999741
v 34.07999802 33.04000092 43.36000061
v 34.07999802 33.11999893 43.43999863
v 34.00000000 33.11999893 46.39999771
v 34.07999802 33.11999893 46.47999954
v 34.07999802 33.04000092 46.55999756
v 34.07999802 33.27999878 43.43999863
v 34.07999802 33.20000076 46.39999771
v 34.07999802 33.27999878 46.31999969
v 34.07999802 33.36000061 43.52000046
v 34.07999802 33.43999863 43.59999847
v 34.00000000 33.43999863 45.91999817
v 34.00000000 33.43999863 46.07999802
v 34.07999802 33.43999863 46.15999985
v 34.07999802 33.36000061 46.23999786
v 34.07999802 33.52000046 43.68000031
v 34.00000000 33.59999847 43.84000015
v 34.07999802 33.59999847 43.75999832
v 34.00000000 33.59999847 45.75999832
v 34.07999802 33.59999847 45.84000015
v 34.07999802 33.52000046 45.91999817
v 34.07999802 33.52000046 46.07999802
v 34.07999802 33.68000031 43.84000015
v 34.07999802 33.68000031 44.00000000
v 34.00000000 33.75999832 44.15999985
v 34.07999802 33.75999832 44.07999802
v 34.00000000 33.75999832 45.27999878
v 34.07999802 33.75999832 45.36000061
v 34.07999802 33.68000031 45.43999863
v 34.07999802 33.68000031 45.59999847
v 34.07999802 33.68000031 45.75999832
v 34.07999802 33.84000015 44.15999985
v 34.07999802 33.84000015 44.31999969
v 34.07999802 33.84000015 44.47999954
v 34.07999802 33.84000015 44.63999939
v 34.07999802 33.84000015 44.79999924
v 34.07999802 33.84000015 44.95999908
v 34.07999802 33.84000015 45.11999893
v 34.07999802 33.84000015 45.27999878
v 34.15999985 29.92000008 44.63999939
v 34.15999985 29.92000008 44.79999924
v 34.15999985 29.92000008 44.95999908
v 34.15999985 29.92000008 45.11999893
v 34.15999985 29.92000008 45.27999878
v 34.15999985 29.92000008 45.43999863
v 34.15999985 29.92000008 45.59999847
v 34.15999985 29.92000008 45.75999832
v 34.15999985 30.07999992 44.31999969
v 34.15999985 30.07999992 44.47999954
v 34.15999985 30.07999992 44.63999939
v 34.23999786 30.07999992 44.71999741
v 34.23999786 30.00000000 44.79999924
v 34.23999786 30.00000000 44.95999908
v 34.23999786 30.00000000 45.11999893
v 34.23999786 30.00000000 45.27999878
v 34.23999786 30.00000000 45.43999863
v 34.23999786 30.00000000 45.59999847
v 34.23999786 30.00000000 45.75999832
v 34.23999786 30.07999992 45.84000015
v 34.15999985 30.23999977 44.00000000
v 34.23999786 30.23999977 44.07999802
v 34.23999786 30.15999985 44.15999985
v 34.23999786 30.15999985 44.31999969
v 34.23999786 30.15999985 44.47999954
v 34.23999786 30.15999985 44.63999939
v 34.23999786 30.15999985 45.91999817
v 34.23999786 30.15999985 46.07999802
v 34.23999786 30.15999985 46.23999786
v 34.23999786 30.23999977 46.31999969
v 34.15999985 30.39999962 43.68000031
v 34.15999985 30.39999962 43.84000015
v 34.23999786 30.39999962 43.91999817
v 34.23999786 30.31999969 44.00000000
v 34.23999786 30.31999969 46.39999771
v 34.23999786 30.31999969 46.55999756
v 34.23999786 30.39999962 46.63999939
v 34.15999985 30.55999947 43.52000046
v 34.23999786 30.55999947 43.59999847
v 34.23999786 30.47999954 43.68000031
v 34.23999786 30.47999954 43.84000015
v 34.23999786 30.47999954 46.71999741
v 34.23999786 30.47999954 46.87999725
v 34.23999786 30.55999947 46.95999908
v 34.15999985 30.71999931 43.20000076
v 34.15999985 30.71999931 43.36000061
v 34.23999786 30.71999931 43.43999863
v 34.23999786 30.63999939 43.52000046
v 34.23999786 30.63999939 47.03999710
v 34.15999985 30.71999931 47.03999710
v 34.23999786 30.71999931 47.11999893
v 34.15999985 30.87999916 43.20000076
v 34.23999786 30.87999916 43.27999878
v 34.23999786 30.79999924 43.36000061
v 34.23999786 30.87999916 47.11999893
v 34.15999985 31.03999901 43.04000092
v 34.23999786 31.03999901 43.11999893
v 34.23999786 30.95999908 43.20000076
v 34.23999786 30.95999908 47.20000076
v 34.23999786 31.03999901 47.27999878
v 34.23999786 31.19999886 42.95999908
v 34.23999786 31.11999893 43.04000092
v 34.23999786 31.11999893 47.36000061
v 34.15999985 31.19999886 47.36000061
v 34.23999786 31.19999886 47.43999863
v 34.23999786 31.35999870 42.95999908
v 34.15999985 31.35999870 47.36000061
v 34.23999786 31.35999870 47.43999863
v 34.23999786 31.51999855 42.95999908
v 34.15999985 31.51999855 47.20000076
v 34.15999985 31.51999855 47.36000061
v 34.23999786 31.51999855 47.43999863
v 34.23999786 31.67999840 42.95999908
v 34.15999985 31.67999840 47.20000076
v 34.23999786 31.67999840 47.27999878
v 34.23999786 31.59999847 47.36000061
v 34.23999786 31.76000023 43.04000092
v 34.15999985 31.84000015 43.04000092
v 34.23999786 31.84000015 43.11999893
v 34.15999985 31.84000015 47.20000076
v 34.23999786 31.84000015 47.27999878
v 34.15999985 32.00000000 43.04000092
v 34.23999786 32.00000000 43.11999893
v 34.15999985 32.00000000 47.20000076
v 34.23999786 32.00000000 47.27999878
v 34.15999985 32.15999985 43.04000092
v 34.23999786 32.15999985 43.11999893
v 34.15999985 32.15999985 47.03999710
v 34.23999786 32.15999985 47.11999893
v 34.23999786 32.07999802 47.20000076
v 34.15999985 32.31999969 43.04000092
v 34.23999786 32.31999969 43.11999893
v 34.15999985 32.31999969 47.03999710
v 34.23999786 32.31999969 47.11999893
v 34.23999786 32.47999954 43.11999893
v 34.15999985 32.47999954 46.87999725
v 34.15999985 32.47999954 47.03999710
v 34.23999786 32.47999954 47.11999893
v 34.23999786 32.63999939 43.11999893
v 34.15999985 32.63999939 46.87999725
v 34.23999786 32.63999939 46.95999908
v 34.23999786 32.55999756 47.03999710
v 34.23999786 32.71999741 43.20000076
v 34.15999985 32.79999924 43.20000076
v 34.23999786 32.79999924 43.27999878
v 34.15999985 32.79999924 46.87999725
v 34.23999786 32.79999924 46.95999908
v 34.23999786 32.95999908 43.27999878
v 34.15999985 32.95999908 46.71999741
v 34.23999786 32.95999908 46.79999924
v 34.23999786 32.88000107 46.87999725
v 34.23999786 33.04000092 43.36000061
v 34.23999786 33.11999893 43.43999863
v 34.15999985 33.11999893 46.55999756
v 34.23999786 33.11999893 46.63999939
v 34.23999786 33.04000092 46.71999741
v 34.23999786 33.27999878 43.43999863
v 34.23999786 33.20000076 46.39999771
v 34.23999786 33.27999878 46.31999969
v 34.23999786 33.20000076 46.55999756
v 34.23999786 33.36000061 43.52000046
v 34.23999786 33.43999863 43.59999847
v 34.23999786 33.36000061 46.23999786
v 34.23999786 33.43999863 46.15999985
v 34.23999786 33.52000046 43.68000031
v 34.23999786 33.59999847 43.75999832
v 34.15999985 33.59999847 45.91999817
v 34.15999985 33.59999847 46.07999802
v 34.23999786 33.59999847 46.15999985
v 34.23999786 33.68000031 43.84000015
v 34.23999786 33.68000031 44.00000000
v 34.23999786 33.75999832 44.07999802
v 34.15999985 33.75999832 45.43999863
v 34.23999786 33.75999832 45.52000046
v 34.23999786 33.68000031 45.59999847
v 34.23999786 33.68000031 45.75999832
v 34.23999786 33.68000031 45.91999817
v 34.23999786 33.68000031 46.07999802
v 34.23999786 33.84000015 44.15999985
v 34.23999786 33.84000015 44.31999969
v 34.23999786 33.84000015 44.47999954
v 34.23999786 33.84000015 44.63999939
v 34.23999786 33.84000015 44.79999924
v 34.23999786 33.84000015 44.95999908
v 34.23999786 33.84000015 45.11999893
v 34.23999786 33.84000015 45.27999878
v 34.23999786 33.84000015 45.43999863
v 34.31999969 30.07999992 44.79999924
v 34.31999969 30.07999992 44.95999908
v 34.31999969 30.07999992 45.11999893
v 34.31999969 30.07999992 45.27999878
v 34.31999969 30.07999992 45.43999863
v 34.31999969 30.07999992 45.59999847
v 34.31999969 30.07999992 45.75999832
v 34.31999969 30.23999977 44.15999985
v 34.31999969 30.23999977 44.31999969
v 34.39999771 30.23999977 44.39999771
v 34.39999771 30.15999985 44.47999954
v 34.39999771 30.15999985 44.63999939
v 34.39999771 30.15999985 44.79999924
v 34.39999771 30.15999985 44.95999908
v 34.39999771 30.15999985 45.11999893
v 34.39999771 30.15999985 45.27999878
v 34.39999771 30.15999985 45.43999863
v 34.39999771 30.15999985 45.59999847
v 34.39999771 30.15999985 45.75999832
v 34.39999771 30.15999985 45.91999817
v 34.31999969 30.23999977 46.07999802
v 34.39999771 30.23999977 46.00000000
v 34.31999969 30.23999977 46.23999786
v 34.31999969 30.39999962 44.00000000
v 34.39999771 30.39999962 44.07999802
v 34.39999771 30.31999969 44.15999985
v 34.39999771 30.31999969 44.31999969
v 34.39999771 30.31999969 46.07999802
v 34.39999771 30.31999969 46.23999786
v 34.39999771 30.31999969 46.39999771
v 34.39999771 30.31999969 46.55999756
v 34.39999771 30.39999962 46.63999939
v 34.31999969 30.55999947 43.68000031
v 34.39999771 30.55999947 43.75999832
v 34.39999771 30.47999954 43.84000015
v 34.39999771 30.47999954 44.00000000
v 34.39999771 30.47999954 46.71999741
v 34.39999771 30.47999954 46.87999725
v 34.39999771 30.55999947 46.95999908
v 34.31999969 30.71999931 43.52000046
v 34.39999771 30.71999931 43.59999847
v 34.39999771 30.63999939 43.68000031
v 34.39999771 30.63999939 47.03999710
v 34.39999771 30.71999931 47.11999893
v 34.31999969 30.87999916 43.36000061
v 34.39999771 30.87999916 43.43999863
v 34.39999771 30.79999924 43.52000046
v 34.39999771 30.79999924 47.20000076
v 34.31999969 30.87999916 47.20000076
v 34.39999771 30.87999916 47.27999878
v 34.31999969 31.03999901 43.20000076
v 34.39999771 31.03999901 43.27999878
v 34.39999771 30.95999908 43.36000061
v 34.39999771 30.95999908 47.36000061
v 34.31999969 31.03999901 47.36000061
v 34.39999771 31.03999901 47.43999863
v 34.31999969 31.19999886 43.04000092
v 34.31999969 31.19999886 43.20000076
v 34.39999771 31.19999886 43.27999878
v 34.39999771 31.19999886 47.43999863
v 34.31999969 31.35999870 43.04000092
v 34.39999771 31.35999870 43.11999893
v 34.39999771 31.27999878 43.20000076
v 34.39999771 31.27999878 47.52000046
v 34.31999969 31.35999870 47.52000046
v 34.39999771 31.35999870 47.59999847
v 34.31999969 31.51999855 43.04000092
v 34.39999771 31.51999855 43.11999893
v 34.31999969 31.51999855 47.52000046
v 34.39999771 31.51999855 47.59999847
v 34.31999969 31.67999840 43.04000092
v 34.39999771 31.67999840 43.11999893
v 34.31999969 31.67999840 47.36000061
v 34.31999969 31.67999840 47.52000046
v 34.39999771 31.67999840 47.59999847
v 34.39999771 31.84000015 43.11999893
v 34.39999771 31.76000023 47.36000061
v 34.39999771 31.84000015 47.27999878
v 34.39999771 31.76000023 47.52000046
v 34.39999771 31.92000008 43.20000076
v 34.31999969 32.00000000 43.20000076
v 34.39999771 32.00000000 43.27999878
v 34.39999771 32.00000000 47.27999878
v 34.31999969 32.15999985 43.20000076
v 34.39999771 32.15999985 43.27999878
v 34.31999969 32.15999985 47.20000076
v 34.39999771 32.15999985 47.27999878
v 34.31999969 32.31999969 43.20000076
v 34.39999771 32.31999969 43.27999878
v 34.31999969 32.31999969 47.20000076
v 34.39999771 32.31999969 47.27999878
v 34.31999969 32.47999954 43.20000076
v 34.39999771 32.47999954 43.27999878
v 34.31999969 32.47999954 47.20000076
v 34.39999771 32.47999954 47.27999878
v 34.31999969 32.63999939 43.20000076
v 34.39999771 32.63999939 43.27999878
v 34.31999969 32.63999939 47.03999710
v 34.31999969 32.63999939 47.20000076
v 34.39999771 32.63999939 47.27999878
v 34.39999771 32.79999924 43.27999878
v 34.31999969 32.79999924 47.03999710
v 34.39999771 32.79999924 47.11999893
v 34.39999771 32.71999741 47.20000076
v 34.39999771 32.95999908 43.27999878
v 34.31999969 32.95999908 46.87999725
v 34.31999969 32.95999908 47.03999710
v 34.39999771 32.95999908 47.11999893
v 34.39999771 33.04000092 43.36000061
v 34.39999771 33.11999893 43.43999863
v 34.39999771 33.04000092 46.71999741
v 34.39999771 33.11999893 46.63999939
v 34.39999771 33.04000092 46.87999725
v 34.39999771 33.04000092 47.03999710
v 34.39999771 33.27999878 43.43999863
v 34.39999771 33.20000076 46.39999771
v 34.39999771 33.27999878 46.31999969
v 34.39999771 33.20000076 46.55999756
v 34.39999771 33.36000061 43.52000046
v 34.39999771 33.43999863 43.59999847
v 34.39999771 33.36000061 46.23999786
v 34.39999771 33.43999863 46.15999985
v 34.39999771 33.52000046 43.68000031
v 34.39999771 33.59999847 43.75999832
v 34.39999771 33.59999847 46.15999985
v 34.39999771 33.68000031 43.84000015
v 34.31999969 33.75999832 44.00000000
v 34.39999771 33.75999832 43.91999817
v 34.39999771 33.68000031 45.59999847
v 34.39999771 33.75999832 45.52000046
v 34.39999771 33.68000031 45.75999832
v 34.39999771 33.68000031 45.91999817
v 34.39999771 33.68000031 46.07999802
v 34.39999771 33.84000015 44.00000000
v 34.39999771 33.84000015 44.15999985
v 34.39999771 33.84000015 44.31999969
v 34.39999771 33.84000015 44.47999954
v 34.39999771 33.84000015 44.63999939
v 34.39999771 33.84000015 44.79999924
v 34.39999771 33.84000015 44.95999908
v 34.39999771 33.84000015 45.11999893
v 34.39999771 33.84000015 45.27999878
v 34.39999771 33.84000015 45.43999863
v 34.47999954 30.23999977 44.47999954
v 34.47999954 30.23999977 44.63999939
v 34.47999954 30.23999977 44.79999924
v 34.47999954 30.23999977 44.95999908
v 34.47999954 30.23999977 45.11999893
v 34.47999954 30.23999977 45.27999878
v 34.47999954 30.23999977 45.43999863
v 34.47999954 30.23999977 45.59999847
v 34.47999954 30.23999977 45.75999832
v 34.47999954 30.23999977 45.91999817
v 34.47999954 30.39999962 44.15999985
v 34.47999954 30.39999962 44.31999969
v 34.55999756 30.39999962 44.39999771
v 34.55999756 30.31999969 44.47999954
v 34.55999756 30.31999969 44.63999939
v 34.55999756 30.31999969 44.79999924
v 34.55999756 30.31999969 44.95999908
v 34.55999756 30.31999969 45.11999893
v 34.55999756 30.31999969 45.27999878
v 34.55999756 30.31999969 45.43999863
v 34.55999756 30.31999969 45.59999847
v 34.55999756 30.31999969 45.75999832
v 34.55999756 30.31999969 45.91999817
v 34.55999756 30.31999969 46.07999802
v 34.47999954 30.39999962 46.23999786
v 34.55999756 30.39999962 46.15999985
v 34.47999954 30.39999962 46.39999771
v 34.47999954 30.39999962 46.55999756
v 34.47999954 30.55999947 43.84000015
v 34.55999756 30.55999947 43.91999817
v 34.55999756 30.47999954 44.00000000
v 34.55999756 30.47999954 44.15999985
v 34.55999756 30.47999954 44.31999969
v 34.55999756 30.47999954 46.23999786
v 34.55999756 30.47999954 46.39999771
v 34.55999756 30.47999954 46.55999756
v 34.55999756 30.47999954 46.71999741
v 34.55999756 30.47999954 46.87999725
v 34.55999756 30.55999947 46.95999908
v 34.55999756 30.71999931 43.59999847
v 34.55999756 30.63999939 43.68000031
v 34.55999756 30.63999939 43.84000015
v 34.55999756 30.63999939 47.03999710
v 34.55999756 30.71999931 47.11999893
v 34.47999954 30.87999916 43.52000046
v 34.55999756 30.87999916 43.59999847
v 34.55999756 30.79999924 47.20000076
v 34.55999756 30.79999924 47.36000061
v 34.47999954 30.87999916 47.36000061
v 34.55999756 30.87999916 47.43999863
v 34.47999954 31.03999901 43.36000061
v 34.55999756 31.03999901 43.43999863
v 34.55999756 30.95999908 43.52000046
v 34.55999756 31.03999901 47.43999863
v 34.55999756 31.19999886 43.27999878
v 34.55999756 31.11999893 43.36000061
v 34.55999756 31.19999886 47.43999863
v 34.47999954 31.35999870 43.20000076
v 34.55999756 31.35999870 43.27999878
v 34.55999756 31.27999878 47.52000046
v 34.55999756 31.27999878 47.68000031
v 34.47999954 31.35999870 47.68000031
v 34.55999756 31.35999870 47.75999832
v 34.47999954 31.51999855 43.20000076
v 34.55999756 31.51999855 43.27999878
v 34.47999954 31.51999855 47.68000031
v 34.55999756 31.51999855 47.75999832
v 34.47999954 31.67999840 43.20000076
v 34.55999756 31.67999840 43.27999878
v 34.47999954 31.67999840 47.68000031
v 34.55999756 31.67999840 47.75999832
v 34.47999954 31.84000015 43.20000076
v 34.55999756 31.84000015 43.27999878
v 34.55999756 31.76000023 47.36000061
v 34.55999756 31.84000015 47.27999878
v 34.55999756 31.76000023 47.52000046
v 34.55999756 31.76000023 47.68000031
v 34.55999756 32.00000000 43.27999878
v 34.55999756 32.00000000 47.27999878
v 34.55999756 32.15999985 43.27999878
v 34.55999756 32.15999985 47.27999878
v 34.55999756 32.31999969 43.27999878
v 34.55999756 32.31999969 47.27999878
v 34.55999756 32.47999954 43.27999878
v 34.55999756 32.47999954 47.27999878
v 34.55999756 32.63999939 43.27999878
v 34.55999756 32.63999939 47.27999878
v 34.55999756 32.79999924 43.27999878
v 34.55999756 32.71999741 47.20000076
v 34.55999756 32.79999924 47.11999893
v 34.55999756 32.95999908 43.27999878
v 34.55999756 32.95999908 47.11999893
v 34.55999756 33.04000092 43.36000061
v 34.55999756 33.11999893 43.43999863
v 34.47999954 33.11999893 46.71999741
v 34.47999954 33.11999893 46.87999725
v 34.47999954 33.11999893 47.03999710
v 34.55999756 33.11999893 47.11999893
v 34.55999756 33.27999878 43.43999863
v 34.47999954 33.27999878 46.23999786
v 34.55999756 33.20000076 46.23999786
v 34.55999756 33.27999878 46.15999985
v 34.55999756 33.20000076 46.39999771
v 34.55999756 33.20000076 46.55999756
v 34.55999756 33.20000076 46.71999741
v 34.55999756 33.20000076 46.87999725
v 34.55999756 33.20000076 47.03999710
v 34.55999756 33.36000061 43.52000046
v 34.55999756 33.43999863 43.59999847
v 34.55999756 33.43999863 46.15999985
v 34.55999756 33.52000046 43.68000031
v 34.55999756 33.59999847 43.75999832
v 34.55999756 33.59999847 46.15999985
v 34.55999756 33.68000031 43.84000015
v 34.55999756 33.75999832 43.91999817
v 34.55999756 33.68000031 45.59999847
v 34.55999756 33.75999832 45.52000046
v 34.55999756 33.68000031 45.75999832
v 34.55999756 33.68000031 45.91999817
v 34.55999756 33.68000031 46.07999802
v 34.55999756 33.84000015 44.00000000
v 34.55999756 33.84000015 44.15999985
v 34.55999756 33.84000015 44.31999969
v 34.55999756 33.84000015 44.47999954
v 34.47999954 33.91999817 44.63999939
v 34.55999756 33.91999817 44.55999756
v 34.47999954 33.91999817 44.79999924
v 34.47999954 33.91999817 44.95999908
v 34.47999954 33.91999817 45.11999893
v 34.55999756 33.91999817 45.20000076
v 34.55999756 33.84000015 45.27999878
v 34.55999756 33.84000015 45.43999863
v 34.55999756 34.00000000 44.63999939
v 34.55999756 34.00000000 44.79999924
v 34.55999756 34.00000000 44.95999908
v 34.55999756 34.00000000 45.11999893
v 34.63999939 30.39999962 44.47999954
v 34.63999939 30.39999962 44.63999939
v 34.71999741 30.39999962 44.71999741
v 34.71999741 30.31999969 44.79999924
v 34.71999741 30.31999969 44.95999908
v 34.71999741 30.31999969 45.11999893
v 34.71999741 30.31999969 45.27999878
v 34.71999741 30.31999969 45.43999863
v 34.63999939 30.39999962 45.59999847
v 34.71999741 30.39999962 45.52000046
v 34.63999939 30.39999962 45.75999832
v 34.63999939 30.39999962 45.91999817
v 34.63999939 30.39999962 46.07999802
v 34.63999939 30.55999947 44.00000000
v 34.63999939 30.55999947 44.15999985
v 34.71999741 30.55999947 44.23999786
v 34.71999741 30.47999954 44.31999969
v 34.71999741 30.47999954 44.47999954
v 34.71999741 30.47999954 44.63999939
v 34.71999741 30.47999954 45.59999847
v 34.71999741 30.47999954 45.75999832
v 34.71999741 30.47999954 45.91999817
v 34.71999741 30.47999954 46.07999802
v 34.71999741 30.47999954 46.23999786
v 34.71999741 30.47999954 46.39999771
v 34.71999741 30.47999954 46.55999756
v 34.71999741 30.47999954 46.71999741
v 34.71999741 30.47999954 46.87999725
v 34.71999741 30.55999947 46.95999908
v 34.63999939 30.71999931 43.68000031
v 34.71999741 30.71999931 43.75999832
v 34.71999741 30.63999939 43.84000015
v 34.71999741 30.63999939 44.00000000
v 34.71999741 30.63999939 44.15999985
v 34.71999741 30.63999939 47.03999710
v 34.71999741 30.71999931 47.11999893
v 34.71999741 30.87999916 43.59999847
v 34.71999741 30.79999924 43.68000031
v 34.71999741 30.79999924 47.20000076
v 34.71999741 30.79999924 47.36000061
v 34.71999741 30.87999916 47.43999863
v 34.71999741 31.03999901 43.43999863
v 34.71999741 30.95999908 43.52000046
v 34.71999741 30.95999908 47.52000046
v 34.63999939 31.03999901 47.52000046
v 34.71999741 31.03999901 47.59999847
v 34.63999939 31.19999886 43.36000061
v 34.71999741 31.19999886 43.43999863
v 34.63999939 31.19999886 47.52000046
v 34.71999741 31.19999886 47.59999847
v 34.63999939 31.35999870 43.36000061
v 34.71999741 31.35999870 43.43999863
v 34.71999741 31.27999878 47.68000031
v 34.71999741 31.35999870 47.75999832
v 34.63999939 31.51999855 43.36000061
v 34.71999741 31.51999855 43.43999863
v 34.71999741 31.51999855 47.75999832
v 34.63999939 31.67999840 43.36000061
v 34.71999741 31.67999840 43.43999863
v 34.71999741 31.67999840 47.75999832
v 34.63999939 31.84000015 43.36000061
v 34.71999741 31.84000015 43.43999863
v 34.71999741 31.76000023 47.36000061
v 34.71999741 31.84000015 47.27999878
v 34.71999741 31.76000023 47.52000046
v 34.71999741 31.76000023 47.68000031
v 34.63999939 32.00000000 43.36000061
v 34.71999741 32.00000000 43.43999863
v 34.71999741 32.00000000 47.27999878
v 34.63999939 32.15999985 43.36000061
v 34.71999741 32.15999985 43.43999863
v 34.71999741 32.15999985 47.27999878
v 34.63999939 32.31999969 43.36000061
v 34.71999741 32.31999969 43.43999863
v 34.71999741 32.31999969 47.27999878
v 34.63999939 32.47999954 43.36000061
v 34.71999741 32.47999954 43.43999863
v 34.71999741 32.47999954 47.27999878
v 34.63999939 32.63999939 43.36000061
v 34.71999741 32.63999939 43.43999863
v 34.71999741 32.63999939 47.27999878
v 34.63999939 32.79999924 43.36000061
v 34.71999741 32.79999924 43.43999863
v 34.71999741 32.71999741 47.20000076
v 34.71999741 32.79999924 47.11999893
v 34.63999939 32.95999908 43.36000061
v 34.71999741 32.95999908 43.43999863
v 34.71999741 32.95999908 47.11999893
v 34.71999741 33.11999893 43.43999863
v 34.63999939 33.11999893 46.07999802
v 34.71999741 33.04000092 46.07999802
v 34.71999741 33.11999893 46.00000000
v 34.63999939 33.11999893 46.23999786
v 34.71999741 33.04000092 46.23999786
v 34.63999939 33.11999893 46.39999771
v 34.71999741 33.04000092 46.39999771
v 34.63999939 33.11999893 46.55999756
v 34.71999741 33.04000092 46.55999756
v 34.71999741 33.11999893 46.63999939
v 34.71999741 33.11999893 47.11999893
v 34.71999741 33.27999878 43.43999863
v 34.63999939 33.27999878 45.91999817
v 34.71999741 33.20000076 45.91999817
v 34.71999741 33.27999878 45.84000015
v 34.63999939 33.27999878 46.07999802
v 34.71999741 33.20000076 46.71999741
v 34.71999741 33.20000076 46.87999725
v 34.71999741 33.20000076 47.03999710
v 34.71999741 33.36000061 43.52000046
v 34.71999741 33.43999863 43.59999847
v 34.63999939 33.43999863 45.91999817
v 34.71999741 33.43999863 45.84000015
v 34.63999939 33.43999863 46.07999802
v 34.71999741 33.52000046 43.68000031
v 34.71999741 33.59999847 43.75999832
v 34.63999939 33.59999847 45.91999817
v 34.71999741 33.59999847 45.84000015
v 34.63999939 33.59999847 46.07999802
v 34.71999741 33.68000031 43.84000015
v 34.71999741 33.75999832 43.91999817
v 34.63999939 33.75999832 45.59999847
v 34.71999741 33.75999832 45.68000031
v 34.71999741 33.68000031 45.75999832
v 34.71999741 33.84000015 44.00000000
v 34.71999741 33.84000015 44.15999985
v 34.71999741 33.84000015 44.31999969
v 34.71999741 33.84000015 44.47999954
v 34.71999741 33.91999817 44.55999756
v 34.71999741 33.84000015 45.27999878
v 34.71999741 33.91999817 45.20000076
v 34.71999741 33.84000015 45.43999863
v 34.71999741 33.84000015 45.59999847
v 34.71999741 34.00000000 44.63999939
v 34.71999741 34.00000000 44.79999924
v 34.71999741 34.00000000 44.95999908
v 34.71999741 34.00000000 45.11999893
v 34.79999924 30.39999962 44.79999924
v 34.79999924 30.39999962 44.95999908
v 34.79999924 30.39999962 45.11999893
v 34.79999924 30.39999962 45.27999878
v 34.79999924 30.39999962 45.43999863
v 34.79999924 30.55999947 44.31999969
v 34.88000107 30.55999947 44.39999771
v 34.88000107 30.47999954 44.47999954
v 34.88000107 30.47999954 44.63999939
v 34.88000107 30.47999954 44.79999924
v 34.88000107 30.47999954 44.95999908
v 34.88000107 30.47999954 45.11999893
v 34.88000107 30.47999954 45.27999878
v 34.88000107 30.47999954 45.43999863
v 34.88000107 30.47999954 45.59999847
v 34.88000107 30.47999954 45.75999832
v 34.88000107 30.47999954 45.91999817
v 34.88000107 30.47999954 46.07999802
v 34.88000107 30.47999954 46.23999786
v 34.88000107 30.47999954 46.39999771
v 34.88000107 30.47999954 46.55999756
v 34.88000107 30.47999954 46.71999741
v 34.79999924 30.55999947 46.87999725
v 34.88000107 30.55999947 46.79999924
v 34.79999924 30.71999931 43.84000015
v 34.88000107 30.71999931 43.91999817
v 34.88000107 30.63999939 44.00000000
v 34.88000107 30.63999939 44.15999985
v 34.88000107 30.63999939 44.31999969
v 34.88000107 30.63999939 46.87999725
v 34.88000107 30.63999939 47.03999710
v 34.88000107 30.71999931 47.11999893
v 34.79999924 30.87999916 43.68000031
v 34.88000107 30.87999916 43.75999832
v 34.88000107 30.79999924 43.84000015
v 34.88000107 30.79999924 47.20000076
v 34.88000107 30.79999924 47.36000061
v 34.88000107 30.79999924 47.52000046
v 34.79999924 30.87999916 47.52000046
v 34.88000107 30.87999916 47.59999847
v 34.79999924 31.03999901 43.52000046
v 34.88000107 31.03999901 43.59999847
v 34.88000107 30.95999908 43.68000031
v 34.88000107 30.95999908 47.68000031
v 34.79999924 31.03999901 47.68000031
v 34.88000107 31.03999901 47.75999832
v 34.88000107 31.19999886 43.43999863
v 34.88000107 31.11999893 43.52000046
v 34.79999924 31.19999886 47.68000031
v 34.88000107 31.19999886 47.75999832
v 34.88000107 31.35999870 43.43999863
v 34.88000107 31.35999870 47.75999832
v 34.88000107 31.51999855 43.43999863
v 34.88000107 31.51999855 47.75999832
v 34.88000107 31.67999840 43.43999863
v 34.88000107 31.67999840 47.75999832
v 34.88000107 31.84000015 43.43999863
v 34.88000107 31.76000023 47.36000061
v 34.88000107 31.84000015 47.27999878
v 34.88000107 31.76000023 47.52000046
v 34.88000107 31.76000023 47.68000031
v 34.88000107 32.00000000 43.43999863
v 34.88000107 32.00000000 47.27999878
v 34.88000107 32.15999985 43.43999863
v 34.88000107 32.15999985 47.27999878
v 34.88000107 32.31999969 43.43999863
v 34.88000107 32.31999969 47.27999878
v 34.88000107 32.47999954 43.43999863
v 34.79999924 32.47999954 47.20000076
v 34.88000107 32.39999771 47.20000076
v 34.88000107 32.47999954 47.11999893
v 34.88000107 32.63999939 43.43999863
v 34.79999924 32.63999939 47.20000076
v 34.88000107 32.63999939 47.11999893
v 34.88000107 32.79999924 43.43999863
v 34.88000107 32.79999924 47.11999893
v 34.88000107 32.95999908 43.43999863
v 34.79999924 32.95999908 46.23999786
v 34.88000107 32.88000107 46.23999786
v 34.88000107 32.95999908 46.15999985
v 34.79999924 32.95999908 46.39999771
v 34.88000107 32.88000107 46.39999771
v 34.79999924 32.95999908 46.55999756
v 34.88000107 32.88000107 46.55999756
v 34.88000107 32.95999908 46.63999939
v 34.88000107 32.95999908 47.11999893
v 34.88000107 33.11999893 43.43999863
v 34.88000107 33.04000092 46.07999802
v 34.88000107 33.11999893 46.00000000
v 34.88000107 33.11999893 46.63999939
v 34.88000107 33.11999893 47.11999893
v 34.88000107 33.27999878 43.43999863
v 34.88000107 33.20000076 45.91999817
v 34.88000107 33.27999878 45.84000015
v 34.88000107 33.20000076 46.71999741
v 34.88000107 33.20000076 46.87999725
v 34.88000107 33.20000076 47.03999710
v 34.88000107 33.36000061 43.52000046
v 34.88000107 33.43999863 43.59999847
v 34.88000107 33.43999863 45.84000015
v 34.79999924 33.59999847 43.68000031
v 34.88000107 33.59999847 43.59999847
v 34.88000107 33.59999847 45.84000015
v 34.88000107 33.68000031 43.68000031
v 34.88000107 33.68000031 43.84000015
v 34.88000107 33.75999832 43.91999817
v 34.79999924 33.75999832 45.75999832
v 34.88000107 33.75999832 45.84000015
v 34.88000107 33.84000015 44.00000000
v 34.88000107 33.84000015 44.15999985
v 34.88000107 33.84000015 44.31999969
v 34.88000107 33.84000015 44.47999954
v 34.88000107 33.91999817 44.55999756
v 34.88000107 33.84000015 45.27999878
v 34.88000107 33.91999817 45.20000076
v 34.88000107 33.84000015 45.43999863
v 34.88000107 33.84000015 45.59999847
v 34.88000107 33.84000015 45.75999832
v 34.88000107 34.00000000 44.63999939
v 34.88000107 34.00000000 44.79999924
v 34.88000107 34.00000000 44.95999908
v 34.88000107 34.00000000 45.11999893
v 34.95999908 30.55999947 44.47999954
v 35.04000092 30.55999947 44.55999756
v 35.04000092 30.47999954 44.63999939
v 35.04000092 30.47999954 44.79999924
v 35.04000092 30.47999954 44.95999908
v 35.04000092 30.47999954 45.11999893
v 35.04000092 30.47999954 45.27999878
v 35.04000092 30.47999954 45.43999863
v 35.04000092 30.47999954 45.59999847
v 35.04000092 30.47999954 45.75999832
v 35.04000092 30.47999954 45.91999817
v 35.04000092 30.47999954 46.07999802
v 35.04000092 30.47999954 46.23999786
v 34.95999908 30.55999947 46.39999771
v 35.04000092 30.55999947 46.31999969
v 34.95999908 30.55999947 46.55999756
v 34.95999908 30.55999947 46.71999741
v 34.95999908 30.71999931 44.00000000
v 35.04000092 30.71999931 44.07999802
v 35.04000092 30.63999939 44.15999985
v 35.04000092 30.63999939 44.31999969
v 35.04000092 30.63999939 44.47999954
v 35.04000092 30.63999939 46.39999771
v 35.04000092 30.63999939 46.55999756
v 35.04000092 30.63999939 46.71999741
v 35.04000092 30.63999939 46.87999725
v 35.04000092 30.63999939 47.03999710
v 35.04000092 30.71999931 47.11999893
v 35.04000092 30.87999916 43.75999832
v 35.04000092 30.79999924 43.84000015
v 35.04000092 30.79999924 44.00000000
v 35.04000092 30.79999924 47.20000076
v 35.04000092 30.79999924 47.36000061
v 35.04000092 30.79999924 47.52000046
v 35.04000092 30.87999916 47.59999847
v 35.04000092 31.03999901 43.59999847
v 35.04000092 30.95999908 43.68000031
v 35.04000092 30.95999908 47.68000031
v 35.04000092 30.95999908 47.84000015
v 34.95999908 31.03999901 47.84000015
v 35.04000092 31.03999901 47.91999817
v 35.04000092 31.19999886 43.43999863
v 35.04000092 31.11999893 43.52000046
v 34.95999908 31.19999886 47.84000015
v 35.04000092 31.19999886 47.91999817
v 35.04000092 31.35999870 43.43999863
v 34.95999908 31.35999870 47.84000015
v 35.04000092 31.35999870 47.91999817
v 35.04000092 31.51999855 43.43999863
v 35.04000092 31.43999863 47.84000015
v 35.04000092 31.51999855 47.75999832
v 35.04000092 31.67999840 43.43999863
v 35.04000092 31.67999840 47.75999832
v 35.04000092 31.84000015 43.43999863
v 35.04000092 31.76000023 47.36000061
v 35.04000092 31.84000015 47.27999878
v 35.04000092 31.76000023 47.52000046
v 35.04000092 31.76000023 47.68000031
v 35.04000092 32.00000000 43.43999863
v 35.04000092 32.00000000 47.27999878
v 35.04000092 32.15999985 43.43999863
v 35.04000092 32.15999985 47.27999878
v 35.04000092 32.31999969 43.43999863
v 35.04000092 32.31999969 47.27999878
v 35.04000092 32.47999954 43.43999863
v 35.04000092 32.39999771 47.20000076
v 35.04000092 32.47999954 47.11999893
v 35.04000092 32.63999939 43.43999863
v 34.95999908 32.63999939 46.87999725
v 35.04000092 32.55999756 46.87999725
v 35.04000092 32.63999939 46.79999924
v 34.95999908 32.63999939 47.03999710
v 35.04000092 32.55999756 47.03999710
v 35.04000092 32.79999924 43.43999863
v 34.95999908 32.79999924 46.39999771
v 35.04000092 32.71999741 46.39999771
v 35.04000092 32.79999924 46.31999969
v 34.95999908 32.79999924 46.55999756
v 35.04000092 32.71999741 46.55999756
v 34.95999908 32.79999924 46.71999741
v 35.04000092 32.71999741 46.71999741
v 34.95999908 32.79999924 46.87999725
v 34.95999908 32.79999924 47.03999710
v 35.04000092 32.95999908 43.43999863
v 35.04000092 32.88000107 46.23999786
v 35.04000092 32.95999908 46.15999985
v 34.95999908 32.95999908 46.71999741
v 34.95999908 32.95999908 46.87999725
v 34.95999908 32.95999908 47.03999710
v 35.04000092 33.11999893 43.43999863
v 35.04000092 33.04000092 46.07999802
v 35.04000092 33.11999893 46.00000000
v 34.95999908 33.11999893 46.71999741
v 35.04000092 33.11999893 46.79999924
v 35.04000092 33.04000092 46.87999725
v 35.04000092 33.04000092 47.03999710
v 35.04000092 33.11999893 47.11999893
v 35.04000092 33.20000076 43.52000046
v 34.95999908 33.27999878 43.52000046
v 35.04000092 33.27999878 43.59999847
v 35.04000092 33.20000076 45.91999817
v 35.04000092 33.27999878 45.84000015
v 35.04000092 33.20000076 46.87999725
v 35.04000092 33.20000076 47.03999710
v 35.04000092 33.43999863 43.59999847
v 35.04000092 33.43999863 45.84000015
v 35.04000092 33.59999847 43.59999847
v 35.04000092 33.59999847 45.84000015
v 35.04000092 33.68000031 43.68000031
v 35.04000092 33.68000031 43.84000015
v 35.04000092 33.75999832 43.91999817
v 35.04000092 33.75999832 45.84000015
v 35.04000092 33.84000015 44.00000000
v 35.04000092 33.84000015 44.15999985
v 34.95999908 33.91999817 44.31999969
v 35.04000092 33.91999817 44.23999786
v 34.95999908 33.91999817 44.47999954
v 34.95999908 33.91999817 44.95999908
v 35.04000092 33.84000015 44.95999908
v 35.04000092 33.91999817 44.87999725
v 34.95999908 33.91999817 45.11999893
v 35.04000092 33.84000015 45.11999893
v 35.04000092 33.84000015 45.27999878
v 35.04000092 33.84000015 45.43999863
v 35.04000092 33.84000015 45.59999847
v 35.04000092 33.84000015 45.75999832
v 35.04000092 34.00000000 44.31999969
v 35.04000092 34.00000000 44.47999954
v 35.04000092 34.00000000 44.63999939
v 35.04000092 34.00000000 44.79999924
v 35.11999893 30.55999947 44.63999939
v 35.11999893 30.55999947 44.79999924
v 35.11999893 30.55999947 44.95999908
v 35.11999893 30.55999947 45.11999893
v 35.11999893 30.55999947 45.27999878
v 35.11999893 30.55999947 45.43999863
v 35.11999893 30.55999947 45.59999847
v 35.11999893 30.55999947 45.75999832
v 35.11999893 30.55999947 45.91999817
v 35.11999893 30.55999947 46.07999802
v 35.11999893 30.55999947 46.23999786
v 35.20000076 30.71999931 44.07999802
v 35.20000076 30.63999939 44.15999985
v 35.20000076 30.63999939 44.31999969
v 35.20000076 30.63999939 44.47999954
v 35.20000076 30.63999939 44.63999939
v 35.20000076 30.63999939 44.79999924
v 35.20000076 30.63999939 44.95999908
v 35.20000076 30.63999939 45.11999893
v 35.20000076 30.63999939 45.27999878
v 35.20000076 30.63999939 45.43999863
v 35.20000076 30.63999939 45.59999847
v 35.20000076 30.63999939 45.75999832
v 35.20000076 30.63999939 45.91999817
v 35.20000076 30.63999939 46.07999802
v 35.20000076 30.63999939 46.23999786
v 35.20000076 30.63999939 46.39999771
v 35.20000076 30.63999939 46.55999756
v 35.20000076 30.63999939 46.71999741
v 35.20000076 30.63999939 46.87999725
v 35.20000076 30.63999939 47.03999710
v 35.20000076 30.63999939 47.20000076
v 35.11999893 30.71999931 47.20000076
v 35.20000076 30.63999939 47.36000061
v 35.11999893 30.71999931 47.36000061
v 35.20000076 30.71999931 47.43999863
v 35.20000076 30.87999916 43.75999832
v 35.20000076 30.79999924 43.84000015
v 35.20000076 30.79999924 44.00000000
v 35.20000076 30.79999924 47.52000046
v 35.20000076 30.79999924 47.68000031
v 35.11999893 30.87999916 47.68000031
v 35.20000076 30.87999916 47.75999832
v 35.20000076 31.03999901 43.59999847
v 35.20000076 30.95999908 43.68000031
v 35.20000076 30.95999908 47.84000015
v 35.20000076 30.95999908 48.00000000
v 35.11999893 31.03999901 48.00000000
v 35.20000076 31.03999901 48.07999802
v 35.20000076 31.19999886 43.43999863
v 35.20000076 31.11999893 43.52000046
v 35.11999893 31.19999886 48.00000000
v 35.20000076 31.11999893 48.15999985
v 35.11999893 31.19999886 48.15999985
v 35.20000076 31.19999886 48.23999786
v 35.20000076 31.35999870 43.43999863
v 35.11999893 31.35999870 48.00000000
v 35.11999893 31.35999870 48.15999985
v 35.20000076 31.35999870 48.23999786
v 35.20000076 31.51999855 43.43999863
v 35.11999893 31.51999855 47.84000015
v 35.11999893 31.51999855 48.00000000
v 35.11999893 31.51999855 48.15999985
v 35.20000076 31.51999855 48.23999786
v 35.20000076 31.67999840 43.43999863
v 35.20000076 31.59999847 47.84000015
v 35.20000076 31.67999840 47.75999832
v 35.20000076 31.59999847 48.00000000
v 35.20000076 31.59999847 48.15999985
v 35.20000076 31.84000015 43.43999863
v 35.20000076 31.76000023 47.36000061
v 35.20000076 31.84000015 47.27999878
v 35.20000076 31.76000023 47.52000046
v 35.20000076 31.76000023 47.68000031
v 35.20000076 31.92000008 43.52000046
v 35.11999893 32.00000000 43.52000046
v 35.20000076 32.00000000 43.59999847
v 35.20000076 32.00000000 47.27999878
v 35.11999893 32.15999985 43.52000046
v 35.20000076 32.15999985 43.59999847
v 35.20000076 32.15999985 47.27999878
v 35.11999893 32.31999969 43.52000046
v 35.20000076 32.31999969 43.59999847
v 35.20000076 32.31999969 47.27999878
v 35.11999893 32.47999954 43.52000046
v 35.20000076 32.47999954 43.59999847
v 35.20000076 32.39999771 47.20000076
v 35.20000076 32.47999954 47.11999893
v 35.11999893 32.63999939 43.52000046
v 35.20000076 32.63999939 43.59999847
v 35.11999893 32.63999939 45.91999817
v 35.20000076 32.55999756 45.91999817
v 35.20000076 32.63999939 45.84000015
v 35.11999893 32.63999939 46.07999802
v 35.20000076 32.55999756 46.07999802
v 35.11999893 32.63999939 46.23999786
v 35.20000076 32.55999756 46.23999786
v 35.20000076 32.63999939 46.31999969
v 35.20000076 32.55999756 46.87999725
v 35.20000076 32.63999939 46.79999924
v 35.20000076 32.55999756 47.03999710
v 35.11999893 32.79999924 43.52000046
v 35.20000076 32.79999924 43.59999847
v 35.11999893 32.79999924 45.91999817
v 35.20000076 32.79999924 45.84000015
v 35.11999893 32.79999924 46.07999802
v 35.11999893 32.79999924 46.23999786
v 35.20000076 32.71999741 46.39999771
v 35.20000076 32.71999741 46.55999756
v 35.20000076 32.71999741 46.71999741
v 35.11999893 32.95999908 43.52000046
v 35.20000076 32.95999908 43.59999847
v 35.11999893 32.95999908 45.91999817
v 35.20000076 32.95999908 45.84000015
v 35.11999893 32.95999908 46.07999802
v 35.11999893 33.11999893 43.52000046
v 35.20000076 33.11999893 43.59999847
v 35.11999893 33.11999893 45.91999817
v 35.20000076 33.11999893 45.84000015
v 35.20000076 33.11999893 46.79999924
v 35.20000076 33.04000092 46.87999725
v 35.20000076 33.04000092 47.03999710
v 35.20000076 33.11999893 47.11999893
v 35.20000076 33.27999878 43.59999847
v 35.20000076 33.27999878 45.84000015
v 35.20000076 33.20000076 46.87999725
v 35.20000076 33.20000076 47.03999710
v 35.20000076 33.43999863 43.59999847
v 35.20000076 33.36000061 45.91999817
v 35.11999893 33.43999863 45.91999817
v 35.20000076 33.43999863 46.00000000
v 35.20000076 33.59999847 43.59999847
v 35.11999893 33.59999847 45.91999817
v 35.20000076 33.59999847 46.00000000
v 35.20000076 33.68000031 43.68000031
v 35.20000076 33.68000031 43.84000015
v 35.20000076 33.75999832 43.91999817
v 35.11999893 33.75999832 45.91999817
v 35.20000076 33.75999832 46.00000000
v 35.20000076 33.84000015 44.00000000
v 35.20000076 33.84000015 44.15999985
v 35.20000076 33.91999817 44.23999786
v 35.20000076 33.84000015 44.95999908
v 35.20000076 33.91999817 44.87999725
v 35.20000076 33.84000015 45.11999893
v 35.20000076 33.84000015 45.27999878
v 35.20000076 33.84000015 45.43999863
v 35.20000076 33.84000015 45.59999847
v 35.20000076 33.84000015 45.75999832
v 35.20000076 33.84000015 45.91999817
v 35.20000076 34.00000000 44.31999969
v 35.20000076 34.00000000 44.47999954
v 35.20000076 34.00000000 44.63999939
v 35.20000076 34.00000000 44.79999924
v 35.27999878 30.71999931 44.15999985
v 35.36000061 30.71999931 44.23999786
v 35.36000061 30.63999939 44.31999969
v 35.36000061 30.63999939 44.47999954
v 35.36000061 30.63999939 44.63999939
v 35.36000061 30.63999939 44.79999924
v 35.36000061 30.63999939 44.95999908
v 35.36000061 30.63999939 45.11999893
v 35.36000061 30.63999939 45.27999878
v 35.36000061 30.63999939 45.43999863
v 35.36000061 30.63999939 45.59999847
v 35.36000061 30.63999939 45.75999832
v 35.36000061 30.63999939 45.91999817
v 35.36000061 30.63999939 46.07999802
v 35.36000061 30.63999939 46.23999786
v 35.36000061 30.63999939 46.39999771
v 35.36000061 30.63999939 46.55999756
v 35.36000061 30.63999939 46.71999741
v 35.36000061 30.63999939 46.87999725
v 35.36000061 30.63999939 47.03999710
v 35.36000061 30.63999939 47.20000076
v 35.36000061 30.63999939 47.36000061
v 35.36000061 30.63999939 47.52000046
v 35.27999878 30.71999931 47.52000046
v 35.36000061 30.71999931 47.59999847
v 35.27999878 30.87999916 43.84000015
v 35.36000061 30.87999916 43.91999817
v 35.36000061 30.79999924 44.00000000
v 35.36000061 30.79999924 44.15999985
v 35.36000061 30.79999924 47.68000031
v 35.36000061 30.79999924 47.84000015
v 35.27999878 30.87999916 47.84000015
v 35.36000061 30.87999916 47.91999817
v 35.27999878 31.03999901 43.68000031
v 35.36000061 31.03999901 43.75999832
v 35.36000061 30.95999908 43.84000015
v 35.36000061 30.95999908 48.00000000
v 35.36000061 30.95999908 48.15999985
v 35.27999878 31.03999901 48.15999985
v 35.36000061 31.03999901 48.23999786
v 35.27999878 31.19999886 43.52000046
v 35.36000061 31.19999886 43.59999847
v 35.36000061 31.11999893 43.68000031
v 35.36000061 31.11999893 48.31999969
v 35.27999878 31.19999886 48.31999969
v 35.36000061 31.19999886 48.39999771
v 35.27999878 31.35999870 43.52000046
v 35.36000061 31.35999870 43.59999847
v 35.27999878 31.35999870 48.31999969
v 35.36000061 31.35999870 48.39999771
v 35.36000061 31.51999855 43.43999863
v 35.36000061 31.43999863 43.52000046
v 35.27999878 31.51999855 48.31999969
v 35.36000061 31.43999863 48.47999954
v 35.27999878 31.51999855 48.47999954
v 35.36000061 31.51999855 48.55999756
v 35.36000061 31.67999840 43.43999863
v 35.27999878 31.67999840 47.84000015
v 35.27999878 31.67999840 48.00000000
v 35.27999878 31.67999840 48.15999985
v 35.27999878 31.67999840 48.31999969
v 35.27999878 31.67999840 48.47999954
v 35.36000061 31.67999840 48.55999756
v 35.36000061 31.84000015 43.43999863
v 35.36000061 31.76000023 47.36000061
v 35.36000061 31.84000015 47.27999878
v 35.36000061 31.76000023 47.52000046
v 35.36000061 31.76000023 47.68000031
v 35.36000061 31.76000023 47.84000015
v 35.27999878 31.84000015 48.00000000
v 35.36000061 31.84000015 47.91999817
v 35.27999878 31.84000015 48.15999985
v 35.27999878 31.84000015 48.31999969
v 35.27999878 31.84000015 48.47999954
v 35.36000061 31.84000015 48.55999756
v 35.36000061 31.92000008 43.52000046
v 35.36000061 32.00000000 43.59999847
v 35.36000061 32.00000000 47.27999878
v 35.36000061 31.92000008 48.00000000
v 35.36000061 31.92000008 48.15999985
v 35.36000061 31.92000008 48.31999969
v 35.36000061 31.92000008 48.47999954
v 35.36000061 32.15999985 43.59999847
v 35.36000061 32.15999985 47.27999878
v 35.36000061 32.31999969 43.59999847
v 35.36000061 32.31999969 47.27999878
v 35.36000061 32.47999954 43.59999847
v 35.27999878 32.47999954 47.20000076
v 35.36000061 32.47999954 47.27999878
v 35.36000061 32.63999939 43.59999847
v 35.27999878 32.63999939 45.59999847
v 35.36000061 32.55999756 45.59999847
v 35.36000061 32.63999939 45.52000046
v 35.27999878 32.63999939 45.75999832
v 35.36000061 32.55999756 45.75999832
v 35.36000061 32.55999756 45.91999817
v 35.36000061 32.55999756 46.07999802
v 35.36000061 32.55999756 46.23999786
v 35.27999878 32.63999939 46.39999771
v 35.36000061 32.55999756 46.39999771
v 35.27999878 32.63999939 46.55999756
v 35.36000061 32.55999756 46.55999756
v 35.36000061 32.63999939 46.63999939
v 35.36000061 32.55999756 46.87999725
v 35.36000061 32.63999939 46.79999924
v 35.36000061 32.55999756 47.03999710
v 35.36000061 32.55999756 47.20000076
v 35.36000061 32.79999924 43.59999847
v 35.27999878 32.79999924 45.59999847
v 35.36000061 32.79999924 45.52000046
v 35.27999878 32.79999924 45.75999832
v 35.36000061 32.71999741 46.71999741
v 35.36000061 32.95999908 43.59999847
v 35.27999878 32.95999908 45.27999878
v 35.36000061 32.88000107 45.27999878
v 35.36000061 32.95999908 45.20000076
v 35.27999878 32.95999908 45.43999863
v 35.36000061 32.88000107 45.43999863
v 35.27999878 32.95999908 45.59999847
v 35.27999878 32.95999908 45.75999832
v 35.36000061 33.11999893 43.59999847
v 35.27999878 33.11999893 45.27999878
v 35.36000061 33.11999893 45.20000076
v 35.27999878 33.11999893 45.43999863
v 35.27999878 33.11999893 45.59999847
v 35.27999878 33.11999893 45.75999832
v 35.36000061 33.11999893 46.79999924
v 35.36000061 33.04000092 46.87999725
v 35.36000061 33.04000092 47.03999710
v 35.36000061 33.04000092 47.20000076
v 35.27999878 33.11999893 47.20000076
v 35.36000061 33.11999893 47.27999878
v 35.36000061 33.27999878 43.59999847
v 35.27999878 33.27999878 45.27999878
v 35.36000061 33.27999878 45.20000076
v 35.27999878 33.27999878 45.43999863
v 35.27999878 33.27999878 45.59999847
v 35.27999878 33.27999878 45.75999832
v 35.27999878 33.27999878 46.87999725
v 35.36000061 33.27999878 46.79999924
v 35.27999878 33.27999878 47.03999710
v 35.27999878 33.27999878 47.20000076
v 35.36000061 33.27999878 47.27999878
v 35.36000061 33.43999863 43.59999847
v 35.36000061 33.36000061 45.27999878
v 35.36000061 33.36000061 45.43999863
v 35.36000061 33.36000061 45.59999847
v 35.36000061 33.36000061 45.75999832
v 35.36000061 33.36000061 45.91999817
v 35.36000061 33.36000061 46.07999802
v 35.27999878 33.43999863 46.07999802
v 35.36000061 33.43999863 46.15999985
v 35.27999878 33.43999863 46.87999725
v 35.36000061 33.43999863 46.79999924
v 35.27999878 33.43999863 47.03999710
v 35.27999878 33.43999863 47.20000076
v 35.36000061 33.43999863 47.27999878
v 35.36000061 33.52000046 43.68000031
v 35.27999878 33.59999847 43.68000031
v 35.36000061 33.59999847 43.75999832
v 35.27999878 33.59999847 46.07999802
v 35.36000061 33.59999847 46.15999985
v 35.36000061 33.52000046 46.87999725
v 35.36000061 33.52000046 47.03999710
v 35.36000061 33.52000046 47.20000076
v 35.36000061 33.68000031 43.84000015
v 35.36000061 33.75999832 43.91999817
v 35.27999878 33.75999832 46.07999802
v 35.36000061 33.75999832 46.15999985
v 35.36000061 33.84000015 44.00000000
v 35.27999878 33.91999817 44.15999985
v 35.36000061 33.91999817 44.07999802
v 35.36000061 33.84000015 44.95999908
v 35.36000061 33.91999817 44.87999725
v 35.36000061 33.84000015 45.11999893
v 35.36000061 33.84000015 45.27999878
v 35.36000061 33.84000015 45.43999863
v 35.36000061 33.84000015 45.59999847
v 35.36000061 33.84000015 45.75999832
v 35.36000061 33.84000015 45.91999817
v 35.36000061 33.84000015 46.07999802
v 35.36000061 34.00000000 44.15999985
v 35.36000061 34.00000000 44.31999969
v 35.36000061 34.00000000 44.47999954
v 35.36000061 34.00000000 44.63999939
v 35.36000061 34.00000000 44.79999924
v 35.43999863 30.71999931 44.31999969
v 35.52000046 30.71999931 44.39999771
v 35.52000046 30.63999939 44.47999954
v 35.52000046 30.63999939 44.63999939
v 35.52000046 30.63999939 44.79999924
v 35.52000046 30.63999939 44.95999908
v 35.52000046 30.63999939 45.11999893
v 35.52000046 30.63999939 45.27999878
v 35.52000046 30.63999939 45.43999863
v 35.52000046 30.63999939 45.59999847
v 35.52000046 30.63999939 45.75999832
v 35.52000046 30.63999939 45.91999817
v 35.52000046 30.63999939 46.07999802
v 35.52000046 30.63999939 46.23999786
v 35.52000046 30.63999939 46.39999771
v 35.52000046 30.63999939 46.55999756
v 35.52000046 30.63999939 46.71999741
v 35.52000046 30.63999939 46.87999725
v 35.52000046 30.63999939 47.03999710
v 35.52000046 30.63999939 47.20000076
v 35.52000046 30.63999939 47.36000061
v 35.52000046 30.63999939 47.52000046
v 35.52000046 30.63999939 47.68000031
v 35.43999863 30.71999931 47.68000031
v 35.52000046 30.71999931 47.75999832
v 35.52000046 30.87999916 43.91999817
v 35.52000046 30.79999924 44.00000000
v 35.52000046 30.79999924 44.15999985
v 35.52000046 30.79999924 44.31999969
v 35.52000046 30.79999924 47.84000015
v 35.52000046 30.79999924 48.00000000
v 35.43999863 30.87999916 48.00000000
v 35.52000046 30.79999924 48.15999985
v 35.43999863 30.87999916 48.15999985
v 35.52000046 30.87999916 48.23999786
v 35.52000046 31.03999901 43.75999832
v 35.52000046 30.95999908 43.84000015
v 35.52000046 30.95999908 48.31999969
v 35.43999863 31.03999901 48.31999969
v 35.52000046 30.95999908 48.47999954
v 35.43999863 31.03999901 48.47999954
v 35.52000046 31.03999901 48.55999756
v 35.52000046 31.19999886 43.59999847
v 35.52000046 31.11999893 43.68000031
v 35.43999863 31.19999886 48.47999954
v 35.52000046 31.19999886 48.55999756
v 35.52000046 31.35999870 43.59999847
v 35.43999863 31.35999870 48.47999954
v 35.52000046 31.27999878 48.63999939
v 35.43999863 31.35999870 48.63999939
v 35.52000046 31.35999870 48.71999741
v 35.43999863 31.51999855 43.52000046
v 35.52000046 31.51999855 43.59999847
v 35.43999863 31.51999855 48.63999939
v 35.52000046 31.51999855 48.71999741
v 35.43999863 31.67999840 43.52000046
v 35.52000046 31.67999840 43.59999847
v 35.43999863 31.67999840 48.63999939
v 35.52000046 31.67999840 48.71999741
v 35.43999863 31.84000015 43.52000046
v 35.52000046 31.84000015 43.59999847
v 35.43999863 31.84000015 47.36000061
v 35.43999863 31.84000015 47.52000046
v 35.43999863 31.84000015 47.68000031
v 35.43999863 31.84000015 47.84000015
v 35.43999863 31.84000015 48.63999939
v 35.52000046 31.84000015 48.71999741
v 35.52000046 32.00000000 43.59999847
v 35.43999863 32.00000000 47.36000061
v 35.43999863 32.00000000 47.52000046
v 35.52000046 32.00000000 47.59999847
v 35.52000046 31.92000008 47.68000031
v 35.52000046 31.92000008 47.84000015
v 35.52000046 31.92000008 48.00000000
v 35.43999863 32.00000000 48.15999985
v 35.52000046 32.00000000 48.07999802
v 35.43999863 32.00000000 48.31999969
v 35.43999863 32.00000000 48.47999954
v 35.43999863 32.00000000 48.63999939
v 35.52000046 32.00000000 48.71999741
v 35.52000046 32.15999985 43.59999847
v 35.43999863 32.15999985 47.36000061
v 35.43999863 32.15999985 47.52000046
v 35.52000046 32.15999985 47.59999847
v 35.43999863 32.15999985 48.15999985
v 35.52000046 32.15999985 48.07999802
v 35.43999863 32.15999985 48.31999969
v 35.43999863 32.15999985 48.47999954
v 35.43999863 32.15999985 48.63999939
v 35.52000046 32.15999985 48.71999741
v 35.52000046 32.31999969 43.59999847
v 35.43999863 32.31999969 47.36000061
v 35.43999863 32.31999969 47.52000046
v 35.52000046 32.31999969 47.59999847
v 35.43999863 32.31999969 48.15999985
v 35.52000046 32.31999969 48.07999802
v 35.43999863 32.31999969 48.31999969
v 35.43999863 32.31999969 48.47999954
v 35.52000046 32.31999969 48.55999756
v 35.52000046 32.23999786 48.63999939
v 35.52000046 32.47999954 43.59999847
v 35.43999863 32.47999954 47.36000061
v 35.43999863 32.47999954 47.52000046
v 35.52000046 32.47999954 47.59999847
v 35.43999863 32.47999954 48.15999985
v 35.52000046 32.47999954 48.07999802
v 35.43999863 32.47999954 48.31999969
v 35.43999863 32.47999954 48.47999954
v 35.52000046 32.47999954 48.55999756
v 35.52000046 32.63999939 43.59999847
v 35.52000046 32.55999756 45.59999847
v 35.52000046 32.63999939 45.52000046
v 35.52000046 32.55999756 45.75999832
v 35.52000046 32.55999756 45.91999817
v 35.52000046 32.55999756 46.07999802
v 35.52000046 32.55999756 46.23999786
v 35.52000046 32.55999756 46.39999771
v 35.52000046 32.55999756 46.55999756
v 35.52000046 32.63999939 46.63999939
v 35.43999863 32.63999939 46.87999725
v 35.43999863 32.63999939 47.03999710
v 35.43999863 32.63999939 47.20000076
v 35.43999863 32.63999939 47.36000061
v 35.43999863 32.63999939 47.52000046
v 35.52000046 32.63999939 47.59999847
v 35.43999863 32.63999939 48.15999985
v 35.52000046 32.63999939 48.07999802
v 35.43999863 32.63999939 48.31999969
v 35.43999863 32.63999939 48.47999954
v 35.52000046 32.63999939 48.55999756
v 35.52000046 32.79999924 43.59999847
v 35.52000046 32.79999924 45.52000046
v 35.52000046 32.71999741 46.71999741
v 35.43999863 32.79999924 46.87999725
v 35.52000046 32.79999924 46.79999924
v 35.43999863 32.79999924 47.03999710
v 35.43999863 32.79999924 47.20000076
v 35.43999863 32.79999924 47.36000061
v 35.43999863 32.79999924 47.52000046
v 35.52000046 32.71999741 47.68000031
v 35.43999863 32.79999924 47.68000031
v 35.52000046 32.71999741 47.84000015
v 35.43999863 32.79999924 47.84000015
v 35.52000046 32.71999741 48.00000000
v 35.43999863 32.79999924 48.00000000
v 35.43999863 32.79999924 48.15999985
v 35.43999863 32.79999924 48.31999969
v 35.43999863 32.79999924 48.47999954
v 35.52000046 32.79999924 48.55999756
v 35.52000046 32.95999908 43.59999847
v 35.52000046 32.88000107 45.27999878
v 35.52000046 32.95999908 45.20000076
v 35.52000046 32.88000107 45.43999863
v 35.43999863 32.95999908 46.87999725
v 35.52000046 32.95999908 46.79999924
v 35.43999863 32.95999908 47.03999710
v 35.43999863 32.95999908 47.20000076
v 35.43999863 32.95999908 47.36000061
v 35.43999863 32.95999908 47.52000046
v 35.43999863 32.95999908 47.68000031
v 35.43999863 32.95999908 47.84000015
v 35.43999863 32.95999908 48.00000000
v 35.52000046 32.95999908 48.07999802
v 35.52000046 32.88000107 48.15999985
v 35.52000046 32.88000107 48.31999969
v 35.52000046 32.88000107 48.47999954
v 35.52000046 33.11999893 43.59999847
v 35.52000046 33.11999893 45.20000076
v 35.52000046 33.11999893 46.79999924
v 35.43999863 33.11999893 47.36000061
v 35.43999863 33.11999893 47.52000046
v 35.43999863 33.11999893 47.68000031
v 35.43999863 33.11999893 47.84000015
v 35.43999863 33.11999893 48.00000000
v 35.52000046 33.11999893 48.07999802
v 35.52000046 33.27999878 43.59999847
v 35.52000046 33.27999878 45.20000076
v 35.43999863 33.27999878 46.71999741
v 35.52000046 33.27999878 46.63999939
v 35.52000046 33.20000076 46.71999741
v 35.43999863 33.27999878 47.36000061
v 35.52000046 33.27999878 47.43999863
v 35.52000046 33.20000076 47.52000046
v 35.52000046 33.20000076 47.68000031
v 35.52000046 33.20000076 47.84000015
v 35.52000046 33.20000076 48.00000000
v 35.52000046 33.43999863 43.59999847
v 35.52000046 33.36000061 45.27999878
v 35.52000046 33.36000061 45.43999863
v 35.52000046 33.36000061 45.59999847
v 35.52000046 33.36000061 45.75999832
v 35.52000046 33.36000061 45.91999817
v 35.52000046 33.36000061 46.07999802
v 35.52000046 33.36000061 46.23999786
v 35.43999863 33.43999863 46.23999786
v 35.52000046 33.36000061 46.39999771
v 35.43999863 33.43999863 46.39999771
v 35.52000046 33.36000061 46.55999756
v 35.43999863 33.43999863 46.55999756
v 35.43999863 33.43999863 46.71999741
v 35.43999863 33.43999863 47.36000061
v 35.52000046 33.43999863 47.43999863
v 35.52000046 33.52000046 43.68000031
v 35.52000046 33.59999847 43.75999832
v 35.43999863 33.59999847 46.23999786
v 35.43999863 33.59999847 46.39999771
v 35.43999863 33.59999847 46.55999756
v 35.43999863 33.59999847 46.71999741
v 35.43999863 33.59999847 46.87999725
v 35.43999863 33.59999847 47.03999710
v 35.52000046 33.59999847 47.11999893
v 35.52000046 33.52000046 47.20000076
v 35.52000046 33.52000046 47.36000061
v 35.43999863 33.75999832 43.84000015
v 35.52000046 33.75999832 43.75999832
v 35.43999863 33.75999832 46.23999786
v 35.43999863 33.75999832 46.39999771
v 35.52000046 33.75999832 46.47999954
v 35.52000046 33.68000031 46.55999756
v 35.52000046 33.68000031 46.71999741
v 35.52000046 33.68000031 46.87999725
v 35.52000046 33.68000031 47.03999710
v 35.52000046 33.84000015 43.84000015
v 35.52000046 33.84000015 44.00000000
v 35.52000046 33.91999817 44.07999802
v 35.43999863 33.91999817 44.95999908
v 35.52000046 33.91999817 45.03999710
v 35.52000046 33.84000015 45.11999893
v 35.52000046 33.84000015 45.27999878
v 35.52000046 33.84000015 45.43999863
v 35.52000046 33.84000015 45.59999847
v 35.52000046 33.84000015 45.75999832
v 35.52000046 33.84000015 45.91999817
v 35.52000046 33.84000015 46.07999802
v 35.52000046 33.84000015 46.23999786
v 35.52000046 33.84000015 46.39999771
v 35.52000046 34.00000000 44.15999985
v 35.52000046 34.00000000 44.31999969
v 35.52000046 34.00000000 44.47999954
v 35.52000046 34.00000000 44.63999939
v 35.52000046 34.00000000 44.79999924
v 35.52000046 34.00000000 44.95999908
v 35.68000031 30.71999931 44.39999771
v 35.68000031 30.63999939 44.47999954
v 35.68000031 30.63999939 44.63999939
v 35.68000031 30.63999939 44.79999924
v 35.68000031 30.63999939 44.95999908
v 35.68000031 30.63999939 45.11999893
v 35.68000031 30.63999939 45.27999878
v 35.68000031 30.63999939 45.43999863
v 35.68000031 30.63999939 45.59999847
v 35.68000031 30.63999939 45.75999832
v 35.68000031 30.63999939 45.91999817
v 35.68000031 30.63999939 46.07999802
v 35.68000031 30.63999939 46.23999786
v 35.68000031 30.63999939 46.39999771
v 35.68000031 30.63999939 46.55999756
v 35.68000031 30.63999939 46.71999741
v 35.68000031 30.63999939 46.87999725
v 35.68000031 30.63999939 47.03999710
v 35.68000031 30.63999939 47.20000076
v 35.68000031 30.63999939 47.36000061
v 35.68000031 30.63999939 47.52000046
v 35.68000031 30.63999939 47.68000031
v 35.68000031 30.63999939 47.84000015
v 35.59999847 30.71999931 47.84000015
v 35.68000031 30.63999939 48.00000000
v 35.59999847 30.71999931 48.00000000
v 35.68000031 30.71999931 48.07999802
v 35.68000031 30.87999916 43.91999817
v 35.68000031 30.79999924 44.00000000
v 35.68000031 30.79999924 44.15999985
v 35.68000031 30.79999924 44.31999969
v 35.68000031 30.79999924 48.15999985
v 35.68000031 30.79999924 48.31999969
v 35.59999847 30.87999916 48.31999969
v 35.68000031 30.87999916 48.39999771
v 35.68000031 31.03999901 43.75999832
v 35.68000031 30.95999908 43.84000015
v 35.68000031 30.95999908 48.47999954
v 35.68000031 31.03999901 48.55999756
v 35.68000031 31.19999886 43.59999847
v 35.68000031 31.11999893 43.68000031
v 35.68000031 31.11999893 48.63999939
v 35.59999847 31.19999886 48.63999939
v 35.68000031 31.19999886 48.71999741
v 35.68000031 31.35999870 43.59999847
v 35.68000031 31.35999870 48.71999741
v 35.68000031 31.51999855 43.59999847
v 35.68000031 31.43999863 48.79999924
v 35.59999847 31.51999855 48.79999924
v 35.68000031 31.51999855 48.87999725
v 35.68000031 31.67999840 43.59999847
v 35.59999847 31.67999840 48.79999924
v 35.68000031 31.67999840 48.87999725
v 35.68000031 31.84000015 43.59999847
v 35.59999847 31.84000015 48.79999924
v 35.68000031 31.84000015 48.87999725
v 35.68000031 32.00000000 43.59999847
v 35.68000031 31.92000008 47.68000031
v 35.68000031 32.00000000 47.59999847
v 35.68000031 31.92000008 47.84000015
v 35.68000031 31.92000008 48.00000000
v 35.68000031 32.00000000 48.07999802
v 35.59999847 32.00000000 48.79999924
v 35.68000031 32.00000000 48.87999725
v 35.68000031 32.15999985 43.59999847
v 35.68000031 32.15999985 47.59999847
v 35.68000031 32.15999985 48.07999802
v 35.59999847 32.15999985 48.79999924
v 35.68000031 32.15999985 48.87999725
v 35.68000031 32.31999969 43.59999847
v 35.68000031 32.31999969 47.59999847
v 35.68000031 32.31999969 48.07999802
v 35.59999847 32.31999969 48.63999939
v 35.68000031 32.31999969 48.71999741
v 35.68000031 32.23999786 48.79999924
v 35.68000031 32.47999954 43.59999847
v 35.68000031 32.47999954 47.59999847
v 35.68000031 32.47999954 48.07999802
v 35.59999847 32.47999954 48.63999939
v 35.68000031 32.47999954 48.71999741
v 35.68000031 32.63999939 43.59999847
v 35.68000031 32.55999756 45.59999847
v 35.68000031 32.63999939 45.52000046
v 35.68000031 32.55999756 45.75999832
v 35.68000031 32.55999756 45.91999817
v 35.68000031 32.55999756 46.07999802
v 35.68000031 32.55999756 46.23999786
v 35.68000031 32.55999756 46.39999771
v 35.68000031 32.55999756 46.55999756
v 35.68000031 32.63999939 46.63999939
v 35.68000031 32.55999756 47.68000031
v 35.59999847 32.63999939 47.68000031
v 35.68000031 32.55999756 47.84000015
v 35.59999847 32.63999939 47.84000015
v 35.68000031 32.55999756 48.00000000
v 35.59999847 32.63999939 48.00000000
v 35.68000031 32.55999756 48.63999939
v 35.68000031 32.63999939 48.55999756
v 35.68000031 32.79999924 43.59999847
v 35.68000031 32.79999924 45.52000046
v 35.68000031 32.71999741 46.71999741
v 35.68000031 32.79999924 46.79999924
v 35.68000031 32.79999924 48.55999756
v 35.68000031 32.95999908 43.59999847
v 35.68000031 32.88000107 45.27999878
v 35.68000031 32.95999908 45.20000076
v 35.68000031 32.88000107 45.43999863
v 35.68000031 32.95999908 46.79999924
v 35.59999847 32.95999908 48.15999985
v 35.59999847 32.95999908 48.31999969
v 35.59999847 32.95999908 48.47999954
v 35.68000031 32.95999908 48.55999756
v 35.68000031 33.11999893 43.59999847
v 35.68000031 33.11999893 45.20000076
v 35.68000031 33.11999893 46.79999924
v 35.59999847 33.11999893 48.15999985
v 35.68000031 33.11999893 48.23999786
v 35.68000031 33.04000092 48.31999969
v 35.68000031 33.04000092 48.47999954
v 35.68000031 33.27999878 43.59999847
v 35.68000031 33.27999878 45.20000076
v 35.59999847 33.27999878 45.91999817
v 35.68000031 33.27999878 45.84000015
v 35.68000031 33.20000076 45.91999817
v 35.68000031 33.20000076 46.07999802
v 35.59999847 33.27999878 46.07999802
v 35.68000031 33.20000076 46.23999786
v 35.59999847 33.27999878 46.23999786
v 35.68000031 33.20000076 46.39999771
v 35.59999847 33.27999878 46.39999771
v 35.68000031 33.20000076 46.55999756
v 35.59999847 33.27999878 46.55999756
v 35.68000031 33.20000076 46.71999741
v 35.59999847 33.27999878 47.52000046
v 35.59999847 33.27999878 47.68000031
v 35.68000031 33.27999878 47.75999832
v 35.68000031 33.20000076 47.84000015
v 35.68000031 33.20000076 48.00000000
v 35.68000031 33.20000076 48.15999985
v 35.68000031 33.43999863 43.59999847
v 35.68000031 33.36000061 45.27999878
v 35.68000031 33.36000061 45.43999863
v 35.68000031 33.36000061 45.59999847
v 35.68000031 33.36000061 45.75999832
v 35.68000031 33.36000061 47.52000046
v 35.68000031 33.43999863 47.43999863
v 35.68000031 33.36000061 47.68000031
v 35.68000031 33.52000046 43.68000031
v 35.68000031 33.59999847 43.75999832
v 35.59999847 33.59999847 47.20000076
v 35.68000031 33.59999847 47.27999878
v 35.68000031 33.52000046 47.36000061
v 35.68000031 33.75999832 43.75999832
v 35.68000031 33.68000031 46.55999756
v 35.68000031 33.75999832 46.47999954
v 35.68000031 33.68000031 46.71999741
v 35.68000031 33.68000031 46.87999725
v 35.68000031 33.68000031 47.03999710
v 35.68000031 33.68000031 47.20000076
v 35.68000031 33.84000015 43.84000015
v 35.68000031 33.84000015 44.00000000
v 35.68000031 33.91999817 44.07999802
v 35.68000031 33.84000015 45.11999893
v 35.68000031 33.91999817 45.03999710
v 35.68000031 33.84000015 45.27999878
v 35.68000031 33.84000015 45.43999863
v 35.68000031 33.84000015 45.59999847
v 35.68000031 33.84000015 45.75999832
v 35.68000031 33.84000015 45.91999817
v 35.68000031 33.84000015 46.07999802
v 35.68000031 33.84000015 46.23999786
v 35.68000031 33.84000015 46.39999771
v 35.68000031 34.00000000 44.15999985
v 35.68000031 34.00000000 44.31999969
v 35.68000031 34.00000000 44.47999954
v 35.68000031 34.00000000 44.63999939
v 35.68000031 34.00000000 44.79999924
v 35.68000031 34.00000000 44.95999908
v 35.75999832 30.71999931 44.47999954
v 35.75999832 30.71999931 44.63999939
v 35.75999832 30.71999931 44.79999924
v 35.75999832 30.71999931 44.95999908
v 35.75999832 30.71999931 45.11999893
v 35.75999832 30.71999931 45.27999878
v 35.75999832 30.71999931 45.43999863
v 35.84000015 30.71999931 45.52000046
v 35.84000015 30.63999939 45.59999847
v 35.84000015 30.63999939 45.75999832
v 35.84000015 30.63999939 45.91999817
v 35.84000015 30.63999939 46.07999802
v 35.84000015 30.63999939 46.23999786
v 35.84000015 30.63999939 46.39999771
v 35.84000015 30.63999939 46.55999756
v 35.84000015 30.63999939 46.71999741
v 35.84000015 30.63999939 46.87999725
v 35.84000015 30.63999939 47.03999710
v 35.84000015 30.63999939 47.20000076
v 35.84000015 30.63999939 47.36000061
v 35.84000015 30.63999939 47.52000046
v 35.84000015 30.63999939 47.68000031
v 35.84000015 30.63999939 47.84000015
v 35.84000015 30.63999939 48.00000000
v 35.84000015 30.63999939 48.15999985
v 35.75999832 30.71999931 48.15999985
v 35.84000015 30.71999931 48.23999786
v 35.84000015 30.87999916 43.91999817
v 35.84000015 30.79999924 44.00000000
v 35.84000015 30.79999924 44.15999985
v 35.84000015 30.79999924 44.31999969
v 35.84000015 30.79999924 44.47999954
v 35.84000015 30.79999924 44.63999939
v 35.84000015 30.79999924 44.79999924
v 35.84000015 30.79999924 44.95999908
v 35.84000015 30.79999924 45.11999893
v 35.84000015 30.79999924 45.27999878
v 35.84000015 30.79999924 45.43999863
v 35.84000015 30.79999924 48.31999969
v 35.84000015 30.87999916 48.39999771
v 35.75999832 31.03999901 43.84000015
v 35.84000015 31.03999901 43.91999817
v 35.84000015 30.95999908 48.47999954
v 35.84000015 31.03999901 48.55999756
v 35.75999832 31.19999886 43.68000031
v 35.84000015 31.19999886 43.75999832
v 35.84000015 31.11999893 43.84000015
v 35.84000015 31.11999893 48.63999939
v 35.84000015 31.19999886 48.71999741
v 35.84000015 31.35999870 43.59999847
v 35.84000015 31.27999878 43.68000031
v 35.84000015 31.35999870 48.71999741
v 35.84000015 31.51999855 43.59999847
v 35.84000015 31.43999863 48.79999924
v 35.84000015 31.51999855 48.87999725
v 35.84000015 31.67999840 43.59999847
v 35.84000015 31.67999840 48.87999725
v 35.84000015 31.84000015 43.59999847
v 35.84000015 31.84000015 48.87999725
v 35.84000015 32.00000000 43.59999847
v 35.75999832 32.00000000 47.68000031
v 35.75999832 32.00000000 47.84000015
v 35.75999832 32.00000000 48.00000000
v 35.84000015 32.00000000 48.87999725
v 35.84000015 32.15999985 43.59999847
v 35.75999832 32.15999985 47.68000031
v 35.75999832 32.15999985 47.84000015
v 35.75999832 32.15999985 48.00000000
v 35.84000015 32.15999985 48.87999725
v 35.84000015 32.31999969 43.59999847
v 35.75999832 32.31999969 47.68000031
v 35.75999832 32.31999969 47.84000015
v 35.75999832 32.31999969 48.00000000
v 35.75999832 32.31999969 48.79999924
v 35.84000015 32.31999969 48.87999725
v 35.84000015 32.47999954 43.59999847
v 35.75999832 32.47999954 47.68000031
v 35.75999832 32.47999954 47.84000015
v 35.75999832 32.47999954 48.00000000
v 35.75999832 32.47999954 48.79999924
v 35.84000015 32.47999954 48.87999725
v 35.84000015 32.63999939 43.59999847
v 35.75999832 32.63999939 45.59999847
v 35.84000015 32.63999939 45.68000031
v 35.84000015 32.55999756 45.75999832
v 35.84000015 32.55999756 45.91999817
v 35.84000015 32.55999756 46.07999802
v 35.84000015 32.55999756 46.23999786
v 35.84000015 32.55999756 46.39999771
v 35.84000015 32.55999756 46.55999756
v 35.84000015 32.63999939 46.63999939
v 35.75999832 32.63999939 48.63999939
v 35.84000015 32.63999939 48.71999741
v 35.84000015 32.55999756 48.79999924
v 35.84000015 32.79999924 43.59999847
v 35.75999832 32.79999924 45.59999847
v 35.84000015 32.79999924 45.68000031
v 35.75999832 32.79999924 46.71999741
v 35.84000015 32.79999924 46.63999939
v 35.75999832 32.79999924 48.63999939
v 35.84000015 32.79999924 48.71999741
v 35.84000015 32.95999908 43.59999847
v 35.75999832 32.95999908 45.27999878
v 35.75999832 32.95999908 45.43999863
v 35.75999832 32.95999908 45.59999847
v 35.84000015 32.95999908 45.68000031
v 35.75999832 32.95999908 46.71999741
v 35.84000015 32.95999908 46.63999939
v 35.84000015 32.88000107 48.63999939
v 35.84000015 32.95999908 48.55999756
v 35.84000015 33.11999893 43.59999847
v 35.75999832 33.11999893 45.27999878
v 35.75999832 33.11999893 45.43999863
v 35.75999832 33.11999893 45.59999847
v 35.84000015 33.04000092 45.75999832
v 35.75999832 33.11999893 45.75999832
v 35.84000015 33.04000092 45.91999817
v 35.75999832 33.11999893 45.91999817
v 35.84000015 33.04000092 46.07999802
v 35.75999832 33.11999893 46.07999802
v 35.84000015 33.04000092 46.23999786
v 35.75999832 33.11999893 46.23999786
v 35.84000015 33.04000092 46.39999771
v 35.75999832 33.11999893 46.39999771
v 35.84000015 33.04000092 46.55999756
v 35.75999832 33.11999893 46.55999756
v 35.75999832 33.11999893 46.71999741
v 35.84000015 33.04000092 48.31999969
v 35.84000015 33.11999893 48.23999786
v 35.84000015 33.04000092 48.47999954
v 35.84000015 33.27999878 43.59999847
v 35.75999832 33.27999878 45.27999878
v 35.75999832 33.27999878 45.43999863
v 35.75999832 33.27999878 45.59999847
v 35.75999832 33.27999878 45.75999832
v 35.75999832 33.27999878 47.84000015
v 35.84000015 33.27999878 47.91999817
v 35.84000015 33.20000076 48.00000000
v 35.84000015 33.20000076 48.15999985
v 35.84000015 33.43999863 43.59999847
v 35.75999832 33.43999863 47.52000046
v 35.84000015 33.43999863 47.59999847
v 35.84000015 33.36000061 47.68000031
v 35.84000015 33.36000061 47.84000015
v 35.84000015 33.52000046 43.68000031
v 35.84000015 33.59999847 43.75999832
v 35.84000015 33.52000046 47.36000061
v 35.84000015 33.59999847 47.27999878
v 35.84000015 33.52000046 47.52000046
v 35.84000015 33.75999832 43.75999832
v 35.84000015 33.68000031 46.55999756
v 35.84000015 33.75999832 46.47999954
v 35.84000015 33.68000031 46.71999741
v 35.84000015 33.68000031 46.87999725
v 35.84000015 33.68000031 47.03999710
v 35.84000015 33.68000031 47.20000076
v 35.84000015 33.84000015 43.84000015
v 35.84000015 33.84000015 44.00000000
v 35.84000015 33.91999817 44.07999802
v 35.75999832 33.91999817 45.11999893
v 35.75999832 33.91999817 45.27999878
v 35.84000015 33.91999817 45.36000061
v 35.84000015 33.84000015 45.43999863
v 35.84000015 33.84000015 45.59999847
v 35.84000015 33.84000015 45.75999832
v 35.84000015 33.84000015 45.91999817
v 35.84000015 33.84000015 46.07999802
v 35.84000015 33.84000015 46.23999786
v 35.84000015 33.84000015 46.39999771
v 35.84000015 34.00000000 44.15999985
v 35.84000015 34.00000000 44.31999969
v 35.84000015 34.00000000 44.47999954
v 35.84000015 34.00000000 44.63999939
v 35.84000015 34.00000000 44.79999924
v 35.84000015 34.00000000 44.95999908
v 35.84000015 34.00000000 45.11999893
v 35.84000015 34.00000000 45.27999878
v 35.91999817 30.55999947 47.20000076
v 36.00000000 30.55999947 47.11999893
v 36.00000000 30.47999954 47.20000076
v 36.00000000 30.47999954 47.36000061
v 35.91999817 30.55999947 47.36000061
v 36.00000000 30.47999954 47.52000046
v 35.91999817 30.55999947 47.52000046
v 36.00000000 30.47999954 47.68000031
v 35.91999817 30.55999947 47.68000031
v 36.00000000 30.47999954 47.84000015
v 35.91999817 30.55999947 47.84000015
v 36.00000000 30.55999947 47.91999817
v 36.00000000 30.71999931 45.52000046
v 36.00000000 30.63999939 45.59999847
v 36.00000000 30.63999939 45.75999832
v 36.00000000 30.63999939 45.91999817
v 36.00000000 30.63999939 46.07999802
v 36.00000000 30.63999939 46.23999786
v 36.00000000 30.63999939 46.39999771
v 36.00000000 30.63999939 46.55999756
v 36.00000000 30.63999939 46.71999741
v 36.00000000 30.63999939 46.87999725
v 36.00000000 30.63999939 47.03999710
v 36.00000000 30.63999939 48.00000000
v 36.00000000 30.63999939 48.15999985
v 36.00000000 30.71999931 48.23999786
v 36.00000000 30.87999916 43.91999817
v 36.00000000 30.79999924 44.00000000
v 36.00000000 30.79999924 44.15999985
v 36.00000000 30.79999924 44.31999969
v 36.00000000 30.79999924 44.47999954
v 36.00000000 30.79999924 44.63999939
v 36.00000000 30.79999924 44.79999924
v 36.00000000 30.79999924 44.95999908
v 36.00000000 30.79999924 45.11999893
v 36.00000000 30.79999924 45.27999878
v 36.00000000 30.79999924 45.43999863
v 36.00000000 30.79999924 48.31999969
v 36.00000000 30.79999924 48.47999954
v 35.91999817 30.87999916 48.47999954
v 36.00000000 30.87999916 48.55999756
v 36.00000000 31.03999901 43.91999817
v 36.00000000 30.95999908 48.63999939
v 35.91999817 31.03999901 48.63999939
v 36.00000000 31.03999901 48.71999741
v 36.00000000 31.19999886 43.75999832
v 36.00000000 31.11999893 43.84000015
v 36.00000000 31.19999886 48.71999741
v 36.00000000 31.35999870 43.59999847
v 36.00000000 31.27999878 43.68000031
v 36.00000000 31.27999878 48.79999924
v 35.91999817 31.35999870 48.79999924
v 36.00000000 31.35999870 48.87999725
v 36.00000000 31.51999855 43.59999847
v 36.00000000 31.51999855 48.87999725
v 36.00000000 31.67999840 43.59999847
v 36.00000000 31.67999840 48.87999725
v 36.00000000 31.84000015 43.59999847
v 36.00000000 31.84000015 48.87999725
v 36.00000000 32.00000000 43.59999847
v 36.00000000 32.00000000 48.87999725
v 36.00000000 32.15999985 43.59999847
v 36.00000000 32.15999985 48.87999725
v 36.00000000 32.31999969 43.59999847
v 36.00000000 32.31999969 48.87999725
v 36.00000000 32.47999954 43.59999847
v 36.00000000 32.47999954 48.87999725
v 36.00000000 32.63999939 43.59999847
v 35.91999817 32.63999939 45.75999832
v 35.91999817 32.63999939 45.91999817
v 35.91999817 32.63999939 46.07999802
v 35.91999817 32.63999939 46.23999786
v 35.91999817 32.63999939 46.39999771
v 35.91999817 32.63999939 46.55999756
v 35.91999817 32.63999939 48.79999924
v 36.00000000 32.63999939 48.87999725
v 36.00000000 32.79999924 43.59999847
v 35.91999817 32.79999924 45.75999832
v 35.91999817 32.79999924 45.91999817
v 35.91999817 32.79999924 46.07999802
v 35.91999817 32.79999924 46.23999786
v 35.91999817 32.79999924 46.39999771
v 35.91999817 32.79999924 46.55999756
v 36.00000000 32.71999741 48.79999924
v 36.00000000 32.79999924 48.71999741
v 36.00000000 32.95999908 43.59999847
v 35.91999817 32.95999908 45.75999832
v 35.91999817 32.95999908 45.91999817
v 35.91999817 32.95999908 46.07999802
v 35.91999817 32.95999908 46.23999786
v 35.91999817 32.95999908 46.39999771
v 35.91999817 32.95999908 46.55999756
v 36.00000000 32.88000107 48.63999939
v 36.00000000 32.95999908 48.55999756
v 36.00000000 33.11999893 43.59999847
v 36.00000000 33.04000092 48.31999969
v 36.00000000 33.11999893 48.23999786
v 36.00000000 33.04000092 48.47999954
v 36.00000000 33.27999878 43.59999847
v 35.91999817 33.27999878 48.00000000
v 36.00000000 33.27999878 48.07999802
v 36.00000000 33.20000076 48.15999985
v 36.00000000 33.36000061 43.68000031
v 35.91999817 33.43999863 43.68000031
v 36.00000000 33.43999863 43.75999832
v 35.91999817 33.43999863 47.68000031
v 36.00000000 33.43999863 47.75999832
v 36.00000000 33.36000061 47.84000015
v 36.00000000 33.36000061 48.00000000
v 36.00000000 33.59999847 43.75999832
v 35.91999817 33.59999847 47.36000061
v 36.00000000 33.59999847 47.43999863
v 36.00000000 33.52000046 47.52000046
v 36.00000000 33.52000046 47.68000031
v 36.00000000 33.75999832 43.75999832
v 36.00000000 33.68000031 46.55999756
v 36.00000000 33.75999832 46.47999954
v 36.00000000 33.68000031 46.71999741
v 36.00000000 33.68000031 46.87999725
v 36.00000000 33.68000031 47.03999710
v 36.00000000 33.68000031 47.20000076
v 36.00000000 33.68000031 47.36000061
v 36.00000000 33.84000015 43.84000015
v 35.91999817 33.91999817 44.00000000
v 36.00000000 33.91999817 43.91999817
v 35.91999817 33.91999817 45.43999863
v 36.00000000 33.91999817 45.52000046
v 36.00000000 33.84000015 45.59999847
v 36.00000000 33.84000015 45.75999832
v 36.00000000 33.84000015 45.91999817
v 36.00000000 33.84000015 46.07999802
v 36.00000000 33.84000015 46.23999786
v 36.00000000 33.84000015 46.39999771
v 36.00000000 34.00000000 44.00000000
v 36.00000000 34.00000000 44.15999985
v 35.91999817 34.07999802 44.31999969
v 36.00000000 34.07999802 44.23999786
v 35.91999817 34.07999802 44.47999954
v 35.91999817 34.07999802 44.63999939
v 35.91999817 34.07999802 44.79999924
v 35.91999817 34.07999802 44.95999908
v 36.00000000 34.07999802 45.03999710
v 36.00000000 34.00000000 45.11999893
v 36.00000000 34.00000000 45.27999878
v 36.00000000 34.00000000 45.43999863
v 36.00000000 34.15999985 44.31999969
v 36.00000000 34.15999985 44.47999954
v 36.00000000 34.15999985 44.63999939
v 36.00000000 34.15999985 44.79999924
v 36.00000000 34.15999985 44.95999908
v 36.07999802 30.55999947 46.71999741
v 36.15999985 30.55999947 46.63999939
v 36.15999985 30.47999954 46.71999741
v 36.15999985 30.47999954 46.87999725
v 36.07999802 30.55999947 46.87999725
v 36.15999985 30.47999954 47.03999710
v 36.07999802 30.55999947 47.03999710
v 36.15999985 30.47999954 47.20000076
v 36.15999985 30.47999954 47.36000061
v 36.15999985 30.47999954 47.52000046
v 36.15999985 30.47999954 47.68000031
v 36.15999985 30.47999954 47.84000015
v 36.15999985 30.47999954 48.00000000
v 36.07999802 30.55999947 48.00000000
v 36.15999985 30.47999954 48.15999985
v 36.07999802 30.55999947 48.15999985
v 36.15999985 30.55999947 48.23999786
v 36.15999985 30.71999931 45.52000046
v 36.15999985 30.63999939 45.59999847
v 36.15999985 30.63999939 45.75999832
v 36.15999985 30.63999939 45.91999817
v 36.15999985 30.63999939 46.07999802
v 36.15999985 30.63999939 46.23999786
v 36.15999985 30.63999939 46.39999771
v 36.15999985 30.63999939 46.55999756
v 36.15999985 30.63999939 48.31999969
v 36.07999802 30.71999931 48.31999969
v 36.15999985 30.71999931 48.39999771
v 36.07999802 30.87999916 44.00000000
v 36.15999985 30.87999916 44.07999802
v 36.15999985 30.79999924 44.15999985
v 36.15999985 30.79999924 44.31999969
v 36.15999985 30.79999924 44.47999954
v 36.15999985 30.79999924 44.63999939
v 36.15999985 30.79999924 44.79999924
v 36.15999985 30.79999924 44.95999908
v 36.15999985 30.79999924 45.11999893
v 36.15999985 30.79999924 45.27999878
v 36.15999985 30.79999924 45.43999863
v 36.15999985 30.79999924 48.47999954
v 36.15999985 30.87999916 48.55999756
v 36.15999985 31.03999901 43.91999817
v 36.15999985 30.95999908 44.00000000
v 36.15999985 30.95999908 48.63999939
v 36.15999985 31.03999901 48.71999741
v 36.15999985 31.19999886 43.75999832
v 36.15999985 31.11999893 43.84000015
v 36.15999985 31.19999886 48.71999741
v 36.15999985 31.35999870 43.59999847
v 36.15999985 31.27999878 43.68000031
v 36.15999985 31.27999878 48.79999924
v 36.15999985 31.35999870 48.87999725
v 36.15999985 31.51999855 43.59999847
v 36.15999985 31.51999855 48.87999725
v 36.15999985 31.67999840 43.59999847
v 36.15999985 31.67999840 48.87999725
v 36.15999985 31.84000015 43.59999847
v 36.15999985 31.84000015 48.87999725
v 36.15999985 32.00000000 43.59999847
v 36.15999985 32.00000000 48.87999725
v 36.15999985 32.15999985 43.59999847
v 36.15999985 32.15999985 48.87999725
v 36.15999985 32.31999969 43.59999847
v 36.15999985 32.31999969 48.87999725
v 36.15999985 32.47999954 43.59999847
v 36.15999985 32.47999954 48.87999725
v 36.15999985 32.63999939 43.59999847
v 36.15999985 32.63999939 48.87999725
v 36.15999985 32.79999924 43.59999847
v 36.07999802 32.79999924 48.79999924
v 36.15999985 32.79999924 48.87999725
v 36.15999985 32.95999908 43.59999847
v 36.07999802 32.95999908 48.63999939
v 36.15999985 32.95999908 48.71999741
v 36.15999985 32.88000107 48.79999924
v 36.15999985 33.11999893 43.59999847
v 36.07999802 33.11999893 48.31999969
v 36.15999985 33.11999893 48.39999771
v 36.15999985 33.04000092 48.47999954
v 36.15999985 33.04000092 48.63999939
v 36.15999985 33.27999878 43.59999847
v 36.15999985 33.20000076 48.15999985
v 36.15999985 33.27999878 48.07999802
v 36.15999985 33.20000076 48.31999969
v 36.15999985 33.36000061 43.68000031
v 36.15999985 33.43999863 43.75999832
v 36.07999802 33.43999863 47.84000015
v 36.15999985 33.43999863 47.91999817
v 36.15999985 33.36000061 48.00000000
v 36.15999985 33.59999847 43.75999832
v 36.15999985 33.52000046 47.52000046
v 36.15999985 33.59999847 47.43999863
v 36.15999985 33.52000046 47.68000031
v 36.15999985 33.52000046 47.84000015
v 36.15999985 33.75999832 43.75999832
v 36.15999985 33.68000031 46.55999756
v 36.15999985 33.75999832 46.47999954
v 36.15999985 33.68000031 46.71999741
v 36.15999985 33.68000031 46.87999725
v 36.15999985 33.68000031 47.03999710
v 36.15999985 33.68000031 47.20000076
v 36.15999985 33.68000031 47.36000061
v 36.15999985 33.84000015 43.84000015
v 36.15999985 33.91999817 43.91999817
v 36.07999802 33.91999817 45.59999847
v 36.07999802 33.91999817 45.75999832
v 36.15999985 33.91999817 45.84000015
v 36.15999985 33.84000015 45.91999817
v 36.15999985 33.84000015 46.07999802
v 36.15999985 33.84000015 46.23999786
v 36.15999985 33.84000015 46.39999771
v 36.15999985 34.00000000 44.00000000
v 36.07999802 34.07999802 44.15999985
v 36.15999985 34.07999802 44.07999802
v 36.07999802 34.07999802 45.11999893
v 36.15999985 34.07999802 45.20000076
v 36.15999985 34.00000000 45.27999878
v 36.15999985 34.00000000 45.43999863
v 36.15999985 34.00000000 45.59999847
v 36.15999985 34.00000000 45.75999832
v 36.15999985 34.15999985 44.15999985
v 36.15999985 34.15999985 44.31999969
v 36.15999985 34.15999985 44.47999954
v 36.15999985 34.15999985 44.63999939
v 36.15999985 34.15999985 44.79999924
v 36.15999985 34.15999985 44.95999908
v 36.15999985 34.15999985 45.11999893
v 36.23999786 30.39999962 47.68000031
v 36.31999969 30.39999962 47.59999847
v 36.31999969 30.31999969 47.68000031
v 36.31999969 30.31999969 47.84000015
v 36.23999786 30.39999962 47.84000015
v 36.31999969 30.31999969 48.00000000
v 36.23999786 30.39999962 48.00000000
v 36.31999969 30.39999962 48.07999802
v 36.23999786 30.55999947 46.55999756
v 36.31999969 30.55999947 46.47999954
v 36.31999969 30.47999954 46.55999756
v 36.31999969 30.47999954 46.71999741
v 36.31999969 30.47999954 46.87999725
v 36.31999969 30.47999954 47.03999710
v 36.31999969 30.47999954 47.20000076
v 36.31999969 30.47999954 47.36000061
v 36.31999969 30.47999954 47.52000046
v 36.31999969 30.47999954 48.15999985
v 36.31999969 30.55999947 48.23999786
v 36.23999786 30.71999931 45.43999863
v 36.31999969 30.71999931 45.36000061
v 36.31999969 30.63999939 45.43999863
v 36.31999969 30.63999939 45.59999847
v 36.31999969 30.63999939 45.75999832
v 36.31999969 30.63999939 45.91999817
v 36.31999969 30.63999939 46.07999802
v 36.31999969 30.63999939 46.23999786
v 36.31999969 30.63999939 46.39999771
v 36.31999969 30.63999939 48.31999969
v 36.31999969 30.71999931 48.39999771
v 36.31999969 30.87999916 44.07999802
v 36.31999969 30.79999924 44.15999985
v 36.31999969 30.79999924 44.31999969
v 36.31999969 30.79999924 44.47999954
v 36.31999969 30.79999924 44.63999939
v 36.31999969 30.79999924 44.79999924
v 36.31999969 30.79999924 44.95999908
v 36.31999969 30.79999924 45.11999893
v 36.31999969 30.79999924 45.27999878
v 36.31999969 30.79999924 48.47999954
v 36.31999969 30.87999916 48.55999756
v 36.31999969 31.03999901 43.91999817
v 36.31999969 30.95999908 44.00000000
v 36.31999969 30.95999908 48.63999939
v 36.31999969 31.03999901 48.71999741
v 36.31999969 31.19999886 43.75999832
v 36.31999969 31.11999893 43.84000015
v 36.31999969 31.19999886 48.71999741
v 36.23999786 31.35999870 43.68000031
v 36.31999969 31.35999870 43.75999832
v 36.31999969 31.27999878 48.79999924
v 36.31999969 31.35999870 48.87999725
v 36.31999969 31.51999855 43.59999847
v 36.31999969 31.43999863 43.68000031
v 36.31999969 31.51999855 48.87999725
v 36.31999969 31.67999840 43.59999847
v 36.31999969 31.59999847 48.95999908
v 36.23999786 31.67999840 48.95999908
v 36.31999969 31.67999840 49.03999710
v 36.31999969 31.84000015 43.59999847
v 36.23999786 31.84000015 48.95999908
v 36.31999969 31.84000015 49.03999710
v 36.31999969 32.00000000 43.59999847
v 36.23999786 32.00000000 48.95999908
v 36.31999969 32.00000000 49.03999710
v 36.31999969 32.15999985 43.59999847
v 36.23999786 32.15999985 48.95999908
v 36.31999969 32.15999985 49.03999710
v 36.31999969 32.31999969 43.59999847
v 36.31999969 32.23999786 48.95999908
v 36.31999969 32.31999969 48.87999725
v 36.31999969 32.47999954 43.59999847
v 36.31999969 32.47999954 48.87999725
v 36.31999969 32.63999939 43.59999847
v 36.31999969 32.63999939 48.87999725
v 36.31999969 32.79999924 43.59999847
v 36.31999969 32.79999924 48.87999725
v 36.31999969 32.95999908 43.59999847
v 36.31999969 32.88000107 48.79999924
v 36.31999969 32.95999908 48.71999741
v 36.31999969 33.11999893 43.59999847
v 36.23999786 33.11999893 45.27999878
v 36.31999969 33.04000092 45.27999878
v 36.31999969 33.11999893 45.20000076
v 36.23999786 33.11999893 45.43999863
v 36.31999969 33.04000092 45.43999863
v 36.23999786 33.11999893 45.59999847
v 36.31999969 33.04000092 45.59999847
v 36.31999969 33.11999893 45.68000031
v 36.31999969 33.04000092 48.47999954
v 36.31999969 33.11999893 48.39999771
v 36.31999969 33.04000092 48.63999939
v 36.31999969 33.27999878 43.59999847
v 36.23999786 33.27999878 45.27999878
v 36.31999969 33.27999878 45.20000076
v 36.23999786 33.27999878 45.43999863
v 36.23999786 33.27999878 45.59999847
v 36.31999969 33.27999878 45.68000031
v 36.31999969 33.20000076 48.15999985
v 36.31999969 33.27999878 48.07999802
v 36.31999969 33.20000076 48.31999969
v 36.31999969 33.36000061 43.68000031
v 36.31999969 33.43999863 43.75999832
v 36.23999786 33.43999863 45.27999878
v 36.31999969 33.43999863 45.20000076
v 36.23999786 33.43999863 45.43999863
v 36.23999786 33.43999863 45.59999847
v 36.31999969 33.43999863 45.68000031
v 36.31999969 33.36000061 48.00000000
v 36.31999969 33.43999863 47.91999817
v 36.31999969 33.59999847 43.75999832
v 36.31999969 33.52000046 45.27999878
v 36.31999969 33.52000046 45.43999863
v 36.31999969 33.52000046 45.59999847
v 36.23999786 33.59999847 47.52000046
v 36.31999969 33.59999847 47.59999847
v 36.31999969 33.52000046 47.68000031
v 36.31999969 33.52000046 47.84000015
v 36.31999969 33.75999832 43.75999832
v 36.23999786 33.75999832 46.55999756
v 36.23999786 33.75999832 46.71999741
v 36.31999969 33.75999832 46.79999924
v 36.31999969 33.68000031 46.87999725
v 36.31999969 33.68000031 47.03999710
v 36.31999969 33.68000031 47.20000076
v 36.31999969 33.68000031 47.36000061
v 36.31999969 33.68000031 47.52000046
v 36.31999969 33.84000015 43.84000015
v 36.31999969 33.91999817 43.91999817
v 36.31999969 33.84000015 45.91999817
v 36.31999969 33.91999817 45.84000015
v 36.31999969 33.84000015 46.07999802
v 36.31999969 33.84000015 46.23999786
v 36.31999969 33.84000015 46.39999771
v 36.31999969 33.84000015 46.55999756
v 36.31999969 33.84000015 46.71999741
v 36.31999969 34.00000000 44.00000000
v 36.31999969 34.07999802 44.07999802
v 36.23999786 34.07999802 45.27999878
v 36.31999969 34.07999802 45.36000061
v 36.31999969 34.00000000 45.43999863
v 36.31999969 34.00000000 45.59999847
v 36.31999969 34.00000000 45.75999832
v 36.31999969 34.15999985 44.15999985
v 36.31999969 34.15999985 44.31999969
v 36.31999969 34.15999985 44.47999954
v 36.31999969 34.15999985 44.63999939
v 36.31999969 34.15999985 44.79999924
v 36.31999969 34.15999985 44.95999908
v 36.31999969 34.15999985 45.11999893
v 36.31999969 34.15999985 45.27999878
v 36.39999771 30.39999962 47.36000061
v 36.47999954 30.39999962 47.27999878
v 36.47999954 30.31999969 47.36000061
v 36.47999954 30.31999969 47.52000046
v 36.39999771 30.39999962 47.52000046
v 36.47999954 30.31999969 47.68000031
v 36.47999954 30.31999969 47.84000015
v 36.47999954 30.31999969 48.00000000
v 36.47999954 30.39999962 48.07999802
v 36.47999954 30.55999947 46.47999954
v 36.47999954 30.47999954 46.55999756
v 36.47999954 30.47999954 46.71999741
v 36.47999954 30.47999954 46.87999725
v 36.47999954 30.47999954 47.03999710
v 36.47999954 30.47999954 47.20000076
v 36.47999954 30.47999954 48.15999985
v 36.47999954 30.55999947 48.23999786
v 36.39999771 30.71999931 44.95999908
v 36.47999954 30.71999931 44.87999725
v 36.47999954 30.63999939 44.95999908
v 36.47999954 30.63999939 45.11999893
v 36.39999771 30.71999931 45.11999893
v 36.47999954 30.63999939 45.27999878
v 36.39999771 30.71999931 45.27999878
v 36.47999954 30.63999939 45.43999863
v 36.47999954 30.63999939 45.59999847
v 36.47999954 30.63999939 45.75999832
v 36.47999954 30.63999939 45.91999817
v 36.47999954 30.63999939 46.07999802
v 36.47999954 30.63999939 46.23999786
v 36.47999954 30.63999939 46.39999771
v 36.47999954 30.63999939 48.31999969
v 36.47999954 30.71999931 48.39999771
v 36.47999954 30.87999916 44.07999802
v 36.47999954 30.79999924 44.15999985
v 36.47999954 30.79999924 44.31999969
v 36.47999954 30.79999924 44.47999954
v 36.47999954 30.79999924 44.63999939
v 36.47999954 30.79999924 44.79999924
v 36.47999954 30.79999924 48.47999954
v 36.47999954 30.87999916 48.55999756
v 36.47999954 31.03999901 43.91999817
v 36.47999954 30.95999908 44.00000000
v 36.47999954 30.95999908 48.63999939
v 36.47999954 31.03999901 48.71999741
v 36.47999954 31.19999886 43.75999832
v 36.47999954 31.11999893 43.84000015
v 36.47999954 31.19999886 48.71999741
v 36.47999954 31.35999870 43.75999832
v 36.47999954 31.27999878 48.79999924
v 36.47999954 31.35999870 48.87999725
v 36.47999954 31.51999855 43.59999847
v 36.47999954 31.43999863 43.68000031
v 36.47999954 31.51999855 48.87999725
v 36.47999954 31.67999840 43.59999847
v 36.47999954 31.59999847 48.95999908
v 36.47999954 31.67999840 49.03999710
v 36.47999954 31.84000015 43.59999847
v 36.47999954 31.84000015 49.03999710
v 36.47999954 32.00000000 43.59999847
v 36.47999954 32.00000000 49.03999710
v 36.47999954 32.15999985 43.59999847
v 36.47999954 32.15999985 49.03999710
v 36.47999954 32.31999969 43.59999847
v 36.39999771 32.31999969 48.95999908
v 36.47999954 32.31999969 49.03999710
v 36.47999954 32.47999954 43.59999847
v 36.39999771 32.47999954 48.95999908
v 36.47999954 32.47999954 49.03999710
v 36.47999954 32.63999939 43.59999847
v 36.47999954 32.55999756 48.95999908
v 36.47999954 32.63999939 48.87999725
v 36.47999954 32.79999924 43.59999847
v 36.47999954 32.79999924 48.87999725
v 36.47999954 32.95999908 43.59999847
v 36.47999954 32.88000107 48.79999924
v 36.47999954 32.95999908 48.71999741
v 36.47999954 33.11999893 43.59999847
v 36.47999954 33.04000092 45.27999878
v 36.47999954 33.11999893 45.20000076
v 36.47999954 33.04000092 45.43999863
v 36.47999954 33.04000092 45.59999847
v 36.47999954 33.11999893 45.68000031
v 36.47999954 33.04000092 48.47999954
v 36.47999954 33.11999893 48.39999771
v 36.47999954 33.04000092 48.63999939
v 36.47999954 33.27999878 43.59999847
v 36.47999954 33.27999878 45.20000076
v 36.47999954 33.27999878 45.68000031
v 36.39999771 33.27999878 48.15999985
v 36.47999954 33.27999878 48.23999786
v 36.47999954 33.20000076 48.31999969
v 36.47999954 33.36000061 43.68000031
v 36.47999954 33.43999863 43.75999832
v 36.47999954 33.43999863 45.20000076
v 36.47999954 33.43999863 45.68000031
v 36.47999954 33.36000061 48.00000000
v 36.47999954 33.43999863 47.91999817
v 36.47999954 33.36000061 48.15999985
v 36.47999954 33.59999847 43.75999832
v 36.47999954 33.52000046 45.27999878
v 36.47999954 33.52000046 45.43999863
v 36.47999954 33.52000046 45.59999847
v 36.47999954 33.52000046 47.68000031
v 36.47999954 33.59999847 47.59999847
v 36.47999954 33.52000046 47.84000015
v 36.47999954 33.75999832 43.75999832
v 36.47999954 33.68000031 46.87999725
v 36.47999954 33.75999832 46.79999924
v 36.47999954 33.68000031 47.03999710
v 36.47999954 33.68000031 47.20000076
v 36.47999954 33.68000031 47.36000061
v 36.47999954 33.68000031 47.52000046
v 36.47999954 33.84000015 43.84000015
v 36.47999954 33.91999817 43.91999817
v 36.39999771 33.91999817 45.91999817
v 36.39999771 33.91999817 46.07999802
v 36.39999771 33.91999817 46.23999786
v 36.47999954 33.91999817 46.31999969
v 36.47999954 33.84000015 46.39999771
v 36.47999954 33.84000015 46.55999756
v 36.47999954 33.84000015 46.71999741
v 36.47999954 34.00000000 44.00000000
v 36.47999954 34.07999802 44.07999802
v 36.39999771 34.07999802 45.43999863
v 36.47999954 34.07999802 45.52000046
v 36.47999954 34.00000000 45.59999847
v 36.47999954 34.00000000 45.75999832
v 36.47999954 34.00000000 45.91999817
v 36.47999954 34.00000000 46.07999802
v 36.47999954 34.00000000 46.23999786
v 36.47999954 34.15999985 44.15999985
v 36.47999954 34.15999985 44.31999969
v 36.47999954 34.15999985 44.47999954
v 36.47999954 34.15999985 44.63999939
v 36.47999954 34.15999985 44.79999924
v 36.47999954 34.15999985 44.95999908
v 36.47999954 34.15999985 45.11999893
v 36.47999954 34.15999985 45.27999878
v 36.47999954 34.15999985 45.43999863
v 36.55999756 30.39999962 47.03999710
v 36.63999939 30.39999962 46.95999908
v 36.63999939 30.31999969 47.03999710
v 36.63999939 30.31999969 47.20000076
v 36.55999756 30.39999962 47.20000076
v 36.63999939 30.31999969 47.36000061
v 36.63999939 30.31999969 47.52000046
v 36.63999939 30.31999969 47.68000031
v 36.63999939 30.31999969 47.84000015
v 36.63999939 30.31999969 48.00000000
v 36.63999939 30.39999962 48.07999802
v 36.55999756 30.55999947 46.23999786
v 36.63999939 30.55999947 46.15999985
v 36.63999939 30.47999954 46.23999786
v 36.63999939 30.47999954 46.39999771
v 36.55999756 30.55999947 46.39999771
v 36.63999939 30.47999954 46.55999756
v 36.63999939 30.47999954 46.71999741
v 36.63999939 30.47999954 46.87999725
v 36.63999939 30.47999954 48.15999985
v 36.63999939 30.55999947 48.23999786
v 36.55999756 30.71999931 44.79999924
v 36.63999939 30.71999931 44.71999741
v 36.63999939 30.63999939 44.79999924
v 36.63999939 30.63999939 44.95999908
v 36.63999939 30.63999939 45.11999893
v 36.63999939 30.63999939 45.27999878
v 36.63999939 30.63999939 45.43999863
v 36.63999939 30.63999939 45.59999847
v 36.63999939 30.63999939 45.75999832
v 36.63999939 30.63999939 45.91999817
v 36.63999939 30.63999939 46.07999802
v 36.63999939 30.63999939 48.31999969
v 36.63999939 30.71999931 48.39999771
v 36.63999939 30.87999916 44.07999802
v 36.63999939 30.79999924 44.15999985
v 36.63999939 30.79999924 44.31999969
v 36.63999939 30.79999924 44.47999954
v 36.63999939 30.79999924 44.63999939
v 36.63999939 30.79999924 48.47999954
v 36.63999939 30.87999916 48.55999756
v 36.63999939 31.03999901 43.91999817
v 36.63999939 30.95999908 44.00000000
v 36.63999939 30.95999908 48.63999939
v 36.63999939 31.03999901 48.71999741
v 36.63999939 31.19999886 43.75999832
v 36.63999939 31.11999893 43.84000015
v 36.63999939 31.11999893 48.79999924
v 36.55999756 31.19999886 48.79999924
v 36.63999939 31.19999886 48.87999725
v 36.63999939 31.35999870 43.75999832
v 36.63999939 31.35999870 48.87999725
v 36.63999939 31.51999855 43.59999847
v 36.63999939 31.43999863 43.68000031
v 36.63999939 31.51999855 48.87999725
v 36.63999939 31.67999840 43.59999847
v 36.63999939 31.59999847 48.95999908
v 36.63999939 31.67999840 49.03999710
v 36.63999939 31.84000015 43.59999847
v 36.63999939 31.84000015 49.03999710
v 36.63999939 32.00000000 43.59999847
v 36.63999939 32.00000000 49.03999710
v 36.63999939 32.15999985 43.59999847
v 36.63999939 32.15999985 49.03999710
v 36.63999939 32.31999969 43.59999847
v 36.63999939 32.31999969 49.03999710
v 36.63999939 32.47999954 43.59999847
v 36.63999939 32.47999954 49.03999710
v 36.63999939 32.63999939 43.59999847
v 36.63999939 32.55999756 48.95999908
v 36.63999939 32.63999939 48.87999725
v 36.63999939 32.79999924 43.59999847
v 36.63999939 32.79999924 48.87999725
v 36.63999939 32.95999908 43.59999847
v 36.63999939 32.88000107 48.79999924
v 36.63999939 32.95999908 48.71999741
v 36.63999939 33.11999893 43.59999847
v 36.63999939 33.04000092 45.27999878
v 36.63999939 33.11999893 45.20000076
v 36.63999939 33.04000092 45.43999863
v 36.63999939 33.04000092 45.59999847
v 36.63999939 33.11999893 45.68000031
v 36.63999939 33.04000092 48.47999954
v 36.63999939 33.11999893 48.39999771
v 36.63999939 33.04000092 48.63999939
v 36.63999939 33.27999878 43.59999847
v 36.63999939 33.27999878 45.20000076
v 36.63999939 33.27999878 45.68000031
v 36.63999939 33.20000076 48.31999969
v 36.63999939 33.27999878 48.23999786
v 36.63999939 33.36000061 43.68000031
v 36.63999939 33.43999863 43.75999832
v 36.63999939 33.43999863 45.20000076
v 36.63999939 33.43999863 45.68000031
v 36.55999756 33.43999863 48.00000000
v 36.63999939 33.43999863 48.07999802
v 36.63999939 33.36000061 48.15999985
v 36.63999939 33.59999847 43.75999832
v 36.63999939 33.52000046 45.27999878
v 36.63999939 33.52000046 45.43999863
v 36.63999939 33.52000046 45.59999847
v 36.55999756 33.59999847 47.68000031
v 36.63999939 33.59999847 47.75999832
v 36.63999939 33.52000046 47.84000015
v 36.63999939 33.52000046 48.00000000
v 36.63999939 33.75999832 43.75999832
v 36.55999756 33.75999832 46.87999725
v 36.55999756 33.75999832 47.03999710
v 36.63999939 33.75999832 47.11999893
v 36.63999939 33.68000031 47.20000076
v 36.63999939 33.68000031 47.36000061
v 36.63999939 33.68000031 47.52000046
v 36.63999939 33.68000031 47.68000031
v 36.63999939 33.84000015 43.84000015
v 36.63999939 33.91999817 43.91999817
v 36.55999756 33.91999817 46.39999771
v 36.63999939 33.91999817 46.47999954
v 36.63999939 33.84000015 46.55999756
v 36.63999939 33.84000015 46.71999741
v 36.63999939 33.84000015 46.87999725
v 36.63999939 33.84000015 47.03999710
v 36.63999939 34.00000000 44.00000000
v 36.55999756 34.07999802 44.15999985
v 36.63999939 34.00000000 44.15999985
v 36.63999939 34.07999802 44.23999786
v 36.63999939 34.00000000 45.59999847
v 36.63999939 34.07999802 45.52000046
v 36.63999939 34.00000000 45.75999832
v 36.63999939 34.00000000 45.91999817
v 36.63999939 34.00000000 46.07999802
v 36.63999939 34.00000000 46.23999786
v 36.63999939 34.00000000 46.39999771
v 36.63999939 34.15999985 44.31999969
v 36.63999939 34.15999985 44.47999954
v 36.63999939 34.15999985 44.63999939
v 36.63999939 34.15999985 44.79999924
v 36.63999939 34.15999985 44.95999908
v 36.63999939 34.15999985 45.11999893
v 36.63999939 34.15999985 45.27999878
v 36.63999939 34.15999985 45.43999863
v 36.71999741 30.39999962 46.87999725
v 36.79999924 30.39999962 46.79999924
v 36.79999924 30.31999969 46.87999725
v 36.79999924 30.31999969 47.03999710
v 36.79999924 30.31999969 47.20000076
v 36.79999924 30.31999969 47.36000061
v 36.79999924 30.31999969 47.52000046
v 36.79999924 30.31999969 47.68000031
v 36.79999924 30.31999969 47.84000015
v 36.79999924 30.31999969 48.00000000
v 36.79999924 30.39999962 48.07999802
v 36.71999741 30.55999947 45.91999817
v 36.79999924 30.55999947 45.84000015
v 36.79999924 30.47999954 45.91999817
v 36.79999924 30.47999954 46.07999802
v 36.71999741 30.55999947 46.07999802
v 36.79999924 30.47999954 46.23999786
v 36.79999924 30.47999954 46.39999771
v 36.79999924 30.47999954 46.55999756
v 36.79999924 30.47999954 46.71999741
v 36.79999924 30.47999954 48.15999985
v 36.79999924 30.55999947 48.23999786
v 36.71999741 30.71999931 44.63999939
v 36.79999924 30.71999931 44.55999756
v 36.79999924 30.63999939 44.63999939
v 36.79999924 30.63999939 44.79999924
v 36.79999924 30.63999939 44.95999908
v 36.79999924 30.63999939 45.11999893
v 36.79999924 30.63999939 45.27999878
v 36.79999924 30.63999939 45.43999863
v 36.79999924 30.63999939 45.59999847
v 36.79999924 30.63999939 45.75999832
v 36.79999924 30.63999939 48.31999969
v 36.79999924 30.71999931 48.39999771
v 36.71999741 30.87999916 44.15999985
v 36.79999924 30.87999916 44.23999786
v 36.79999924 30.79999924 44.31999969
v 36.79999924 30.79999924 44.47999954
v 36.79999924 30.79999924 48.47999954
v 36.79999924 30.87999916 48.55999756
v 36.79999924 31.03999901 43.91999817
v 36.79999924 30.95999908 44.00000000
v 36.79999924 30.95999908 44.15999985
v 36.79999924 30.95999908 48.63999939
v 36.79999924 31.03999901 48.71999741
v 36.79999924 31.19999886 43.75999832
v 36.79999924 31.11999893 43.84000015
v 36.79999924 31.11999893 48.79999924
v 36.79999924 31.19999886 48.87999725
v 36.79999924 31.35999870 43.75999832
v 36.79999924 31.35999870 48.87999725
v 36.79999924 31.51999855 43.59999847
v 36.79999924 31.43999863 43.68000031
v 36.79999924 31.51999855 48.87999725
v 36.79999924 31.67999840 43.59999847
v 36.79999924 31.59999847 48.95999908
v 36.79999924 31.67999840 49.03999710
v 36.79999924 31.84000015 43.59999847
v 36.79999924 31.84000015 49.03999710
v 36.79999924 32.00000000 43.59999847
v 36.79999924 32.00000000 49.03999710
v 36.79999924 32.15999985 43.59999847
v 36.79999924 32.15999985 49.03999710
v 36.79999924 32.31999969 43.59999847
v 36.79999924 32.31999969 49.03999710
v 36.79999924 32.47999954 43.59999847
v 36.79999924 32.47999954 49.03999710
v 36.79999924 32.63999939 43.59999847
v 36.79999924 32.55999756 48.95999908
v 36.79999924 32.63999939 48.87999725
v 36.79999924 32.79999924 43.59999847
v 36.79999924 32.79999924 48.87999725
v 36.79999924 32.95999908 43.59999847
v 36.79999924 32.88000107 48.79999924
v 36.79999924 32.95999908 48.71999741
v 36.79999924 33.11999893 43.59999847
v 36.79999924 33.04000092 45.27999878
v 36.79999924 33.11999893 45.20000076
v 36.79999924 33.04000092 45.43999863
v 36.79999924 33.04000092 45.59999847
v 36.79999924 33.11999893 45.68000031
v 36.79999924 33.04000092 48.47999954
v 36.79999924 33.11999893 48.39999771
v 36.79999924 33.04000092 48.63999939
v 36.79999924 33.27999878 43.59999847
v 36.79999924 33.27999878 45.20000076
v 36.79999924 33.27999878 45.68000031
v 36.79999924 33.20000076 48.31999969
v 36.79999924 33.27999878 48.23999786
v 36.79999924 33.36000061 43.68000031
v 36.79999924 33.43999863 43.75999832
v 36.79999924 33.43999863 45.20000076
v 36.79999924 33.43999863 45.68000031
v 36.79999924 33.36000061 48.15999985
v 36.79999924 33.43999863 48.07999802
v 36.79999924 33.59999847 43.75999832
v 36.79999924 33.52000046 45.27999878
v 36.79999924 33.52000046 45.43999863
v 36.79999924 33.52000046 45.59999847
v 36.79999924 33.52000046 47.84000015
v 36.79999924 33.59999847 47.75999832
v 36.79999924 33.52000046 48.00000000
v 36.79999924 33.75999832 43.75999832
v 36.79999924 33.68000031 47.20000076
v 36.79999924 33.75999832 47.11999893
v 36.79999924 33.68000031 47.36000061
v 36.79999924 33.68000031 47.52000046
v 36.79999924 33.68000031 47.68000031
v 36.79999924 33.84000015 43.84000015
v 36.79999924 33.91999817 43.91999817
v 36.71999741 33.91999817 46.55999756
v 36.79999924 33.91999817 46.63999939
v 36.79999924 33.84000015 46.71999741
v 36.79999924 33.84000015 46.87999725
v 36.79999924 33.84000015 47.03999710
v 36.79999924 34.00000000 44.00000000
v 36.79999924 34.00000000 44.15999985
v 36.79999924 34.07999802 44.23999786
v 36.71999741 34.07999802 45.59999847
v 36.71999741 34.07999802 45.75999832
v 36.71999741 34.07999802 45.91999817
v 36.71999741 34.07999802 46.07999802
v 36.71999741 34.07999802 46.23999786
v 36.79999924 34.07999802 46.31999969
v 36.79999924 34.00000000 46.39999771
v 36.79999924 34.00000000 46.55999756
v 36.79999924 34.15999985 44.31999969
v 36.79999924 34.15999985 44.47999954
v 36.71999741 34.23999786 44.63999939
v 36.79999924 34.23999786 44.55999756
v 36.71999741 34.23999786 44.79999924
v 36.71999741 34.23999786 44.95999908
v 36.79999924 34.23999786 45.03999710
v 36.79999924 34.15999985 45.11999893
v 36.79999924 34.15999985 45.27999878
v 36.79999924 34.15999985 45.43999863
v 36.79999924 34.15999985 45.59999847
v 36.79999924 34.15999985 45.75999832
v 36.79999924 34.15999985 45.91999817
v 36.79999924 34.15999985 46.07999802
v 36.79999924 34.15999985 46.23999786
v 36.79999924 34.31999969 44.63999939
v 36.79999924 34.31999969 44.79999924
v 36.79999924 34.31999969 44.95999908
v 36.88000107 30.39999962 46.71999741
v 36.95999908 30.39999962 46.63999939
v 36.95999908 30.31999969 46.71999741
v 36.95999908 30.31999969 46.87999725
v 36.95999908 30.31999969 47.03999710
v 36.95999908 30.31999969 47.20000076
v 36.95999908 30.31999969 47.36000061
v 36.95999908 30.31999969 47.52000046
v 36.95999908 30.31999969 47.68000031
v 36.95999908 30.31999969 47.84000015
v 36.95999908 30.31999969 48.00000000
v 36.95999908 30.39999962 48.07999802
v 36.88000107 30.55999947 45.75999832
v 36.95999908 30.55999947 45.68000031
v 36.95999908 30.47999954 45.75999832
v 36.95999908 30.47999954 45.91999817
v 36.95999908 30.47999954 46.07999802
v 36.95999908 30.47999954 46.23999786
v 36.95999908 30.47999954 46.39999771
v 36.95999908 30.47999954 46.55999756
v 36.95999908 30.47999954 48.15999985
v 36.95999908 30.55999947 48.23999786
v 36.95999908 30.71999931 44.55999756
v 36.95999908 30.63999939 44.63999939
v 36.95999908 30.63999939 44.79999924
v 36.95999908 30.63999939 44.95999908
v 36.95999908 30.63999939 45.11999893
v 36.95999908 30.63999939 45.27999878
v 36.95999908 30.63999939 45.43999863
v 36.95999908 30.63999939 45.59999847
v 36.95999908 30.63999939 48.31999969
v 36.95999908 30.71999931 48.39999771
v 36.95999908 30.87999916 44.23999786
v 36.95999908 30.79999924 44.31999969
v 36.95999908 30.79999924 44.47999954
v 36.95999908 30.79999924 48.47999954
v 36.95999908 30.87999916 48.55999756
v 36.95999908 31.03999901 43.91999817
v 36.95999908 30.95999908 44.00000000
v 36.95999908 30.95999908 44.15999985
v 36.95999908 30.95999908 48.63999939
v 36.95999908 31.03999901 48.71999741
v 36.95999908 31.19999886 43.75999832
v 36.95999908 31.11999893 43.84000015
v 36.95999908 31.11999893 48.79999924
v 36.95999908 31.19999886 48.87999725
v 36.95999908 31.35999870 43.75999832
v 36.95999908 31.35999870 48.87999725
v 36.88000107 31.51999855 43.68000031
v 36.95999908 31.51999855 43.75999832
v 36.95999908 31.51999855 48.87999725
v 36.88000107 31.67999840 43.68000031
v 36.95999908 31.67999840 43.75999832
v 36.95999908 31.59999847 48.95999908
v 36.95999908 31.67999840 49.03999710
v 36.88000107 31.84000015 43.68000031
v 36.95999908 31.84000015 43.75999832
v 36.95999908 31.84000015 49.03999710
v 36.95999908 32.00000000 43.59999847
v 36.95999908 31.92000008 43.68000031
v 36.95999908 32.00000000 49.03999710
v 36.95999908 32.15999985 43.59999847
v 36.95999908 32.15999985 49.03999710
v 36.95999908 32.31999969 43.59999847
v 36.95999908 32.31999969 49.03999710
v 36.95999908 32.47999954 43.59999847
v 36.95999908 32.47999954 49.03999710
v 36.95999908 32.63999939 43.59999847
v 36.95999908 32.55999756 48.95999908
v 36.95999908 32.63999939 48.87999725
v 36.95999908 32.79999924 43.59999847
v 36.95999908 32.79999924 48.87999725
v 36.95999908 32.95999908 43.59999847
v 36.95999908 32.88000107 48.79999924
v 36.95999908 32.95999908 48.71999741
v 36.95999908 33.11999893 43.59999847
v 36.88000107 33.11999893 45.27999878
v 36.88000107 33.11999893 45.43999863
v 36.88000107 33.11999893 45.59999847
v 36.95999908 33.04000092 48.47999954
v 36.95999908 33.11999893 48.39999771
v 36.95999908 33.04000092 48.63999939
v 36.95999908 33.27999878 43.59999847
v 36.88000107 33.27999878 45.27999878
v 36.88000107 33.27999878 45.43999863
v 36.88000107 33.27999878 45.59999847
v 36.95999908 33.20000076 48.31999969
v 36.95999908 33.27999878 48.23999786
v 36.95999908 33.36000061 43.68000031
v 36.95999908 33.43999863 43.75999832
v 36.88000107 33.43999863 45.27999878
v 36.88000107 33.43999863 45.43999863
v 36.88000107 33.43999863 45.59999847
v 36.95999908 33.36000061 48.15999985
v 36.95999908 33.43999863 48.07999802
v 36.95999908 33.59999847 43.75999832
v 36.95999908 33.52000046 47.84000015
v 36.95999908 33.59999847 47.75999832
v 36.95999908 33.52000046 48.00000000
v 36.95999908 33.75999832 43.75999832
v 36.95999908 33.68000031 47.20000076
v 36.95999908 33.75999832 47.11999893
v 36.95999908 33.68000031 47.36000061
v 36.95999908 33.68000031 47.52000046
v 36.95999908 33.68000031 47.68000031
v 36.95999908 33.84000015 43.84000015
v 36.88000107 33.91999817 44.00000000
v 36.95999908 33.84000015 44.00000000
v 36.95999908 33.91999817 44.07999802
v 36.95999908 33.84000015 46.71999741
v 36.95999908 33.91999817 46.63999939
v 36.95999908 33.84000015 46.87999725
v 36.95999908 33.84000015 47.03999710
v 36.95999908 34.00000000 44.15999985
v 36.95999908 34.07999802 44.23999786
v 36.88000107 34.07999802 46.39999771
v 36.95999908 34.07999802 46.47999954
v 36.95999908 34.00000000 46.55999756
v 36.95999908 34.15999985 44.31999969
v 36.95999908 34.15999985 44.47999954
v 36.95999908 34.23999786 44.55999756
v 36.95999908 34.15999985 45.11999893
v 36.95999908 34.23999786 45.03999710
v 36.95999908 34.15999985 45.27999878
v 36.95999908 34.15999985 45.43999863
v 36.95999908 34.15999985 45.59999847
v 36.95999908 34.15999985 45.75999832
v 36.95999908 34.15999985 45.91999817
v 36.95999908 34.15999985 46.07999802
v 36.95999908 34.15999985 46.23999786
v 36.95999908 34.15999985 46.39999771
v 36.95999908 34.31999969 44.63999939
v 36.95999908 34.31999969 44.79999924
v 36.95999908 34.31999969 44.95999908
v 37.11999893 30.39999962 46.63999939
v 37.11999893 30.31999969 46.71999741
v 37.11999893 30.31999969 46.87999725
v 37.11999893 30.31999969 47.03999710
v 37.11999893 30.31999969 47.20000076
v 37.11999893 30.31999969 47.36000061
v 37.11999893 30.31999969 47.52000046
v 37.11999893 30.31999969 47.68000031
v 37.11999893 30.31999969 47.84000015
v 37.11999893 30.31999969 48.00000000
v 37.11999893 30.39999962 48.07999802
v 37.11999893 30.55999947 45.68000031
v 37.11999893 30.47999954 45.75999832
v 37.11999893 30.47999954 45.91999817
v 37.11999893 30.47999954 46.07999802
v 37.11999893 30.47999954 46.23999786
v 37.11999893 30.47999954 46.39999771
v 37.11999893 30.47999954 46.55999756
v 37.11999893 30.47999954 48.15999985
v 37.11999893 30.55999947 48.23999786
v 37.11999893 30.71999931 44.55999756
v 37.11999893 30.63999939 44.63999939
v 37.11999893 30.63999939 44.79999924
v 37.11999893 30.63999939 44.95999908
v 37.11999893 30.63999939 45.11999893
v 37.11999893 30.63999939 45.27999878
v 37.11999893 30.63999939 45.43999863
v 37.11999893 30.63999939 45.59999847
v 37.11999893 30.63999939 48.31999969
v 37.11999893 30.71999931 48.39999771
v 37.11999893 30.87999916 44.23999786
v 37.11999893 30.79999924 44.31999969
v 37.11999893 30.79999924 44.47999954
v 37.11999893 30.79999924 48.47999954
v 37.11999893 30.87999916 48.55999756
v 37.04000092 31.03999901 44.00000000
v 37.11999893 31.03999901 44.07999802
v 37.11999893 30.95999908 44.15999985
v 37.11999893 30.95999908 48.63999939
v 37.11999893 31.03999901 48.71999741
v 37.11999893 31.19999886 43.75999832
v 37.11999893 31.11999893 43.84000015
v 37.11999893 31.11999893 44.00000000
v 37.04000092 31.19999886 48.79999924
v 37.11999893 31.19999886 48.71999741
v 37.11999893 31.35999870 43.75999832
v 37.04000092 31.35999870 48.79999924
v 37.11999893 31.35999870 48.71999741
v 37.11999893 31.51999855 43.75999832
v 37.11999893 31.43999863 48.79999924
v 37.11999893 31.51999855 48.87999725
v 37.11999893 31.67999840 43.75999832
v 37.04000092 31.67999840 48.95999908
v 37.11999893 31.67999840 48.87999725
v 37.11999893 31.84000015 43.75999832
v 37.04000092 31.84000015 48.95999908
v 37.11999893 31.84000015 48.87999725
v 37.11999893 32.00000000 43.59999847
v 37.11999893 31.92000008 43.68000031
v 37.04000092 32.00000000 48.95999908
v 37.11999893 32.00000000 48.87999725
v 37.11999893 32.15999985 43.59999847
v 37.04000092 32.15999985 48.95999908
v 37.11999893 32.15999985 48.87999725
v 37.11999893 32.31999969 43.59999847
v 37.04000092 32.31999969 48.95999908
v 37.11999893 32.31999969 48.87999725
v 37.11999893 32.47999954 43.59999847
v 37.04000092 32.47999954 48.95999908
v 37.11999893 32.47999954 48.87999725
v 37.11999893 32.63999939 43.59999847
v 37.11999893 32.63999939 48.87999725
v 37.11999893 32.71999741 43.68000031
v 37.04000092 32.79999924 43.68000031
v 37.11999893 32.79999924 43.75999832
v 37.04000092 32.79999924 48.79999924
v 37.11999893 32.71999741 48.79999924
v 37.11999893 32.79999924 48.71999741
v 37.04000092 32.95999908 43.68000031
v 37.11999893 32.95999908 43.75999832
v 37.04000092 32.95999908 48.63999939
v 37.11999893 32.88000107 48.63999939
v 37.11999893 32.95999908 48.55999756
v 37.04000092 33.11999893 43.68000031
v 37.11999893 33.11999893 43.75999832
v 37.11999893 33.04000092 48.47999954
v 37.11999893 33.11999893 48.39999771
v 37.04000092 33.27999878 43.68000031
v 37.11999893 33.27999878 43.75999832
v 37.11999893 33.20000076 48.31999969
v 37.11999893 33.27999878 48.23999786
v 37.11999893 33.43999863 43.75999832
v 37.11999893 33.36000061 48.15999985
v 37.11999893 33.43999863 48.07999802
v 37.11999893 33.59999847 43.75999832
v 37.11999893 33.52000046 47.84000015
v 37.11999893 33.59999847 47.75999832
v 37.11999893 33.52000046 48.00000000
v 37.11999893 33.75999832 43.75999832
v 37.11999893 33.68000031 47.20000076
v 37.11999893 33.75999832 47.11999893
v 37.11999893 33.68000031 47.36000061
v 37.11999893 33.68000031 47.52000046
v 37.11999893 33.68000031 47.68000031
v 37.11999893 33.84000015 43.84000015
v 37.11999893 33.84000015 44.00000000
v 37.11999893 33.91999817 44.07999802
v 37.11999893 33.84000015 46.71999741
v 37.11999893 33.91999817 46.63999939
v 37.11999893 33.84000015 46.87999725
v 37.11999893 33.84000015 47.03999710
v 37.11999893 34.00000000 44.15999985
v 37.04000092 34.07999802 44.31999969
v 37.11999893 34.00000000 44.31999969
v 37.11999893 34.07999802 44.39999771
v 37.11999893 34.00000000 46.55999756
v 37.11999893 34.07999802 46.47999954
v 37.11999893 34.15999985 44.47999954
v 37.11999893 34.23999786 44.55999756
v 37.04000092 34.23999786 45.11999893
v 37.04000092 34.23999786 45.27999878
v 37.11999893 34.23999786 45.36000061
v 37.11999893 34.15999985 45.43999863
v 37.11999893 34.15999985 45.59999847
v 37.11999893 34.15999985 45.75999832
v 37.11999893 34.15999985 45.91999817
v 37.11999893 34.15999985 46.07999802
v 37.11999893 34.15999985 46.23999786
v 37.11999893 34.15999985 46.39999771
v 37.11999893 34.31999969 44.63999939
v 37.11999893 34.31999969 44.79999924
v 37.11999893 34.31999969 44.95999908
v 37.11999893 34.31999969 45.11999893
v 37.11999893 34.31999969 45.27999878
v 37.27999878 30.39999962 46.63999939
v 37.27999878 30.31999969 46.71999741
v 37.27999878 30.31999969 46.87999725
v 37.27999878 30.31999969 47.03999710
v 37.27999878 30.31999969 47.20000076
v 37.27999878 30.31999969 47.36000061
v 37.27999878 30.31999969 47.52000046
v 37.27999878 30.31999969 47.68000031
v 37.27999878 30.31999969 47.84000015
v 37.27999878 30.31999969 48.00000000
v 37.27999878 30.39999962 48.07999802
v 37.20000076 30.55999947 45.43999863
v 37.27999878 30.55999947 45.36000061
v 37.27999878 30.47999954 45.43999863
v 37.27999878 30.47999954 45.59999847
v 37.20000076 30.55999947 45.59999847
v 37.27999878 30.47999954 45.75999832
v 37.27999878 30.47999954 45.91999817
v 37.27999878 30.47999954 46.07999802
v 37.27999878 30.47999954 46.23999786
v 37.27999878 30.47999954 46.39999771
v 37.27999878 30.47999954 46.55999756
v 37.27999878 30.47999954 48.15999985
v 37.27999878 30.55999947 48.23999786
v 37.27999878 30.71999931 44.55999756
v 37.27999878 30.63999939 44.63999939
v 37.27999878 30.63999939 44.79999924
v 37.27999878 30.63999939 44.95999908
v 37.27999878 30.63999939 45.11999893
v 37.27999878 30.63999939 45.27999878
v 37.27999878 30.63999939 48.31999969
v 37.27999878 30.71999931 48.39999771
v 37.27999878 30.87999916 44.23999786
v 37.27999878 30.79999924 44.31999969
v 37.27999878 30.79999924 44.47999954
v 37.27999878 30.79999924 48.47999954
v 37.27999878 30.87999916 48.55999756
v 37.27999878 31.03999901 44.07999802
v 37.27999878 30.95999908 44.15999985
v 37.20000076 31.03999901 48.63999939
v 37.27999878 31.03999901 48.55999756
v 37.20000076 31.19999886 43.84000015
v 37.27999878 31.19999886 43.91999817
v 37.27999878 31.11999893 44.00000000
v 37.27999878 31.11999893 48.63999939
v 37.27999878 31.19999886 48.71999741
v 37.27999878 31.35999870 43.75999832
v 37.27999878 31.27999878 43.84000015
v 37.27999878 31.35999870 48.71999741
v 37.27999878 31.51999855 43.75999832
v 37.27999878 31.43999863 48.79999924
v 37.27999878 31.51999855 48.87999725
v 37.27999878 31.67999840 43.75999832
v 37.27999878 31.67999840 48.87999725
v 37.27999878 31.84000015 43.75999832
v 37.27999878 31.84000015 48.87999725
v 37.20000076 32.00000000 43.68000031
v 37.27999878 32.00000000 43.75999832
v 37.27999878 32.00000000 48.87999725
v 37.20000076 32.15999985 43.68000031
v 37.27999878 32.15999985 43.75999832
v 37.27999878 32.15999985 48.87999725
v 37.20000076 32.31999969 43.68000031
v 37.27999878 32.31999969 43.75999832
v 37.27999878 32.31999969 48.87999725
v 37.20000076 32.47999954 43.68000031
v 37.27999878 32.47999954 43.75999832
v 37.27999878 32.47999954 48.87999725
v 37.20000076 32.63999939 43.68000031
v 37.27999878 32.63999939 43.75999832
v 37.20000076 32.63999939 48.79999924
v 37.27999878 32.55999756 48.79999924
v 37.27999878 32.63999939 48.71999741
v 37.27999878 32.79999924 43.75999832
v 37.27999878 32.79999924 48.71999741
v 37.27999878 32.95999908 43.75999832
v 37.27999878 32.88000107 48.63999939
v 37.27999878 32.95999908 48.55999756
v 37.27999878 33.11999893 43.75999832
v 37.27999878 33.04000092 48.47999954
v 37.27999878 33.11999893 48.39999771
v 37.27999878 33.27999878 43.75999832
v 37.27999878 33.20000076 48.31999969
v 37.27999878 33.27999878 48.23999786
v 37.27999878 33.43999863 43.75999832
v 37.27999878 33.36000061 48.15999985
v 37.27999878 33.43999863 48.07999802
v 37.27999878 33.59999847 43.75999832
v 37.27999878 33.52000046 47.84000015
v 37.27999878 33.59999847 47.75999832
v 37.27999878 33.52000046 48.00000000
v 37.27999878 33.68000031 43.84000015
v 37.20000076 33.75999832 43.84000015
v 37.27999878 33.75999832 43.91999817
v 37.27999878 33.68000031 47.20000076
v 37.27999878 33.75999832 47.11999893
v 37.27999878 33.68000031 47.36000061
v 37.27999878 33.68000031 47.52000046
v 37.27999878 33.68000031 47.68000031
v 37.27999878 33.84000015 44.00000000
v 37.20000076 33.91999817 44.15999985
v 37.27999878 33.84000015 44.15999985
v 37.27999878 33.91999817 44.23999786
v 37.20000076 33.91999817 46.71999741
v 37.27999878 33.91999817 46.79999924
v 37.27999878 33.84000015 46.87999725
v 37.27999878 33.84000015 47.03999710
v 37.27999878 34.00000000 44.31999969
v 37.27999878 34.07999802 44.39999771
v 37.27999878 34.00000000 46.55999756
v 37.27999878 34.07999802 46.47999954
v 37.27999878 34.00000000 46.71999741
v 37.27999878 34.15999985 44.47999954
v 37.20000076 34.23999786 44.63999939
v 37.27999878 34.15999985 44.63999939
v 37.20000076 34.23999786 44.79999924
v 37.27999878 34.15999985 44.79999924
v 37.27999878 34.23999786 44.87999725
v 37.20000076 34.23999786 45.43999863
v 37.20000076 34.23999786 45.59999847
v 37.20000076 34.23999786 45.75999832
v 37.20000076 34.23999786 45.91999817
v 37.20000076 34.23999786 46.07999802
v 37.27999878 34.23999786 46.15999985
v 37.27999878 34.15999985 46.23999786
v 37.27999878 34.15999985 46.39999771
v 37.27999878 34.31999969 44.95999908
v 37.27999878 34.31999969 45.11999893
v 37.27999878 34.31999969 45.27999878
v 37.27999878 34.31999969 45.43999863
v 37.27999878 34.31999969 45.59999847
v 37.27999878 34.31999969 45.75999832
v 37.27999878 34.31999969 45.91999817
v 37.27999878 34.31999969 46.07999802
v 37.43999863 30.39999962 46.63999939
v 37.43999863 30.31999969 46.71999741
v 37.43999863 30.31999969 46.87999725
v 37.43999863 30.31999969 47.03999710
v 37.43999863 30.31999969 47.20000076
v 37.43999863 30.31999969 47.36000061
v 37.43999863 30.31999969 47.52000046
v 37.43999863 30.31999969 47.68000031
v 37.43999863 30.31999969 47.84000015
v 37.36000061 30.39999962 48.00000000
v 37.43999863 30.39999962 47.91999817
v 37.43999863 30.55999947 45.36000061
v 37.43999863 30.47999954 45.43999863
v 37.43999863 30.47999954 45.59999847
v 37.43999863 30.47999954 45.75999832
v 37.43999863 30.47999954 45.91999817
v 37.43999863 30.47999954 46.07999802
v 37.43999863 30.47999954 46.23999786
v 37.43999863 30.47999954 46.39999771
v 37.43999863 30.47999954 46.55999756
v 37.43999863 30.47999954 48.00000000
v 37.43999863 30.47999954 48.15999985
v 37.43999863 30.55999947 48.23999786
v 37.43999863 30.71999931 44.55999756
v 37.43999863 30.63999939 44.63999939
v 37.43999863 30.63999939 44.79999924
v 37.43999863 30.63999939 44.95999908
v 37.43999863 30.63999939 45.11999893
v 37.43999863 30.63999939 45.27999878
v 37.43999863 30.63999939 48.31999969
v 37.43999863 30.71999931 48.39999771
v 37.43999863 30.87999916 44.23999786
v 37.43999863 30.79999924 44.31999969
v 37.43999863 30.79999924 44.47999954
v 37.36000061 30.87999916 48.47999954
v 37.43999863 30.87999916 48.39999771
v 37.43999863 31.03999901 44.07999802
v 37.43999863 30.95999908 44.15999985
v 37.43999863 30.95999908 48.47999954
v 37.43999863 31.03999901 48.55999756
v 37.43999863 31.19999886 43.91999817
v 37.43999863 31.11999893 44.00000000
v 37.36000061 31.19999886 48.63999939
v 37.43999863 31.19999886 48.55999756
v 37.43999863 31.35999870 43.75999832
v 37.43999863 31.27999878 43.84000015
v 37.43999863 31.27999878 48.63999939
v 37.43999863 31.35999870 48.71999741
v 37.43999863 31.51999855 43.75999832
v 37.43999863 31.43999863 48.79999924
v 37.43999863 31.51999855 48.87999725
v 37.43999863 31.67999840 43.75999832
v 37.43999863 31.67999840 48.87999725
v 37.43999863 31.84000015 43.75999832
v 37.43999863 31.84000015 48.87999725
v 37.43999863 32.00000000 43.75999832
v 37.43999863 32.00000000 48.87999725
v 37.43999863 32.15999985 43.75999832
v 37.43999863 32.15999985 48.87999725
v 37.43999863 32.31999969 43.75999832
v 37.43999863 32.31999969 48.87999725
v 37.43999863 32.47999954 43.75999832
v 37.36000061 32.47999954 48.79999924
v 37.43999863 32.39999771 48.79999924
v 37.43999863 32.47999954 48.71999741
v 37.43999863 32.63999939 43.75999832
v 37.43999863 32.63999939 48.71999741
v 37.43999863 32.79999924 43.75999832
v 37.43999863 32.79999924 48.71999741
v 37.43999863 32.95999908 43.75999832
v 37.43999863 32.88000107 48.63999939
v 37.43999863 32.95999908 48.55999756
v 37.43999863 33.11999893 43.75999832
v 37.43999863 33.04000092 48.47999954
v 37.43999863 33.11999893 48.39999771
v 37.43999863 33.27999878 43.75999832
v 37.43999863 33.20000076 48.31999969
v 37.43999863 33.27999878 48.23999786
v 37.43999863 33.43999863 43.75999832
v 37.43999863 33.36000061 48.15999985
v 37.43999863 33.43999863 48.07999802
v 37.43999863 33.52000046 43.84000015
v 37.36000061 33.59999847 43.84000015
v 37.43999863 33.59999847 43.91999817
v 37.36000061 33.59999847 47.68000031
v 37.43999863 33.52000046 47.68000031
v 37.43999863 33.59999847 47.59999847
v 37.43999863 33.52000046 47.84000015
v 37.43999863 33.52000046 48.00000000
v 37.43999863 33.75999832 43.91999817
v 37.43999863 33.68000031 47.20000076
v 37.43999863 33.75999832 47.11999893
v 37.43999863 33.68000031 47.36000061
v 37.43999863 33.68000031 47.52000046
v 37.43999863 33.84000015 44.00000000
v 37.43999863 33.84000015 44.15999985
v 37.43999863 33.91999817 44.23999786
v 37.43999863 33.84000015 46.87999725
v 37.43999863 33.91999817 46.79999924
v 37.43999863 33.84000015 47.03999710
v 37.43999863 34.00000000 44.31999969
v 37.36000061 34.07999802 44.47999954
v 37.43999863 34.00000000 44.47999954
v 37.43999863 34.07999802 44.55999756
v 37.36000061 34.07999802 46.55999756
v 37.43999863 34.07999802 46.63999939
v 37.43999863 34.00000000 46.71999741
v 37.43999863 34.15999985 44.63999939
v 37.43999863 34.15999985 44.79999924
v 37.43999863 34.23999786 44.87999725
v 37.43999863 34.15999985 46.23999786
v 37.43999863 34.23999786 46.15999985
v 37.43999863 34.15999985 46.39999771
v 37.43999863 34.15999985 46.55999756
v 37.43999863 34.31999969 44.95999908
v 37.43999863 34.31999969 45.11999893
v 37.43999863 34.31999969 45.27999878
v 37.43999863 34.31999969 45.43999863
v 37.43999863 34.31999969 45.59999847
v 37.43999863 34.31999969 45.75999832
v 37.43999863 34.31999969 45.91999817
v 37.43999863 34.31999969 46.07999802
v 37.59999847 30.39999962 46.63999939
v 37.59999847 30.31999969 46.71999741
v 37.59999847 30.31999969 46.87999725
v 37.59999847 30.31999969 47.03999710
v 37.59999847 30.31999969 47.20000076
v 37.59999847 30.31999969 47.36000061
v 37.59999847 30.31999969 47.52000046
v 37.59999847 30.31999969 47.68000031
v 37.59999847 30.31999969 47.84000015
v 37.59999847 30.39999962 47.91999817
v 37.59999847 30.55999947 45.36000061
v 37.59999847 30.47999954 45.43999863
v 37.59999847 30.47999954 45.59999847
v 37.59999847 30.47999954 45.75999832
v 37.59999847 30.47999954 45.91999817
v 37.59999847 30.47999954 46.07999802
v 37.59999847 30.47999954 46.23999786
v 37.59999847 30.47999954 46.39999771
v 37.59999847 30.47999954 46.55999756
v 37.59999847 30.47999954 48.00000000
v 37.52000046 30.55999947 48.15999985
v 37.59999847 30.55999947 48.07999802
v 37.59999847 30.71999931 44.55999756
v 37.59999847 30.63999939 44.63999939
v 37.59999847 30.63999939 44.79999924
v 37.59999847 30.63999939 44.95999908
v 37.59999847 30.63999939 45.11999893
v 37.59999847 30.63999939 45.27999878
v 37.59999847 30.63999939 48.15999985
v 37.52000046 30.71999931 48.31999969
v 37.59999847 30.71999931 48.23999786
v 37.59999847 30.87999916 44.23999786
v 37.59999847 30.79999924 44.31999969
v 37.59999847 30.79999924 44.47999954
v 37.59999847 30.79999924 48.31999969
v 37.59999847 30.87999916 48.39999771
v 37.59999847 31.03999901 44.07999802
v 37.59999847 30.95999908 44.15999985
v 37.59999847 30.95999908 48.47999954
v 37.59999847 31.03999901 48.55999756
v 37.52000046 31.19999886 44.00000000
v 37.59999847 31.19999886 44.07999802
v 37.59999847 31.19999886 48.55999756
v 37.59999847 31.35999870 43.75999832
v 37.59999847 31.27999878 43.84000015
v 37.59999847 31.27999878 44.00000000
v 37.59999847 31.27999878 48.63999939
v 37.59999847 31.35999870 48.71999741
v 37.59999847 31.51999855 43.75999832
v 37.52000046 31.51999855 48.79999924
v 37.59999847 31.51999855 48.71999741
v 37.59999847 31.67999840 43.75999832
v 37.52000046 31.67999840 48.79999924
v 37.59999847 31.67999840 48.71999741
v 37.59999847 31.84000015 43.75999832
v 37.59999847 31.76000023 48.79999924
v 37.59999847 31.84000015 48.87999725
v 37.59999847 32.00000000 43.75999832
v 37.59999847 32.00000000 48.87999725
v 37.59999847 32.15999985 43.75999832
v 37.59999847 32.15999985 48.87999725
v 37.59999847 32.31999969 43.75999832
v 37.52000046 32.31999969 48.79999924
v 37.59999847 32.23999786 48.79999924
v 37.59999847 32.31999969 48.71999741
v 37.59999847 32.47999954 43.75999832
v 37.59999847 32.47999954 48.71999741
v 37.59999847 32.63999939 43.75999832
v 37.59999847 32.63999939 48.71999741
v 37.59999847 32.79999924 43.75999832
v 37.59999847 32.79999924 48.71999741
v 37.59999847 32.95999908 43.75999832
v 37.59999847 32.88000107 48.63999939
v 37.59999847 32.95999908 48.55999756
v 37.59999847 33.11999893 43.75999832
v 37.52000046 33.11999893 48.31999969
v 37.59999847 33.04000092 48.31999969
v 37.59999847 33.11999893 48.23999786
v 37.59999847 33.04000092 48.47999954
v 37.59999847 33.27999878 43.75999832
v 37.59999847 33.27999878 48.23999786
v 37.59999847 33.36000061 43.84000015
v 37.52000046 33.43999863 43.84000015
v 37.59999847 33.43999863 43.91999817
v 37.59999847 33.36000061 48.15999985
v 37.59999847 33.43999863 48.07999802
v 37.59999847 33.59999847 43.91999817
v 37.52000046 33.59999847 47.52000046
v 37.59999847 33.52000046 47.52000046
v 37.59999847 33.59999847 47.43999863
v 37.59999847 33.52000046 47.68000031
v 37.59999847 33.52000046 47.84000015
v 37.59999847 33.52000046 48.00000000
v 37.59999847 33.68000031 44.00000000
v 37.52000046 33.75999832 44.00000000
v 37.59999847 33.75999832 44.07999802
v 37.52000046 33.75999832 47.20000076
v 37.59999847 33.75999832 47.27999878
v 37.59999847 33.68000031 47.36000061
v 37.59999847 33.84000015 44.15999985
v 37.59999847 33.91999817 44.23999786
v 37.59999847 33.84000015 46.87999725
v 37.59999847 33.91999817 46.79999924
v 37.59999847 33.84000015 47.03999710
v 37.59999847 33.84000015 47.20000076
v 37.59999847 34.00000000 44.31999969
v 37.59999847 34.00000000 44.47999954
v 37.59999847 34.07999802 44.55999756
v 37.59999847 34.00000000 46.71999741
v 37.59999847 34.07999802 46.63999939
v 37.59999847 34.15999985 44.63999939
v 37.59999847 34.15999985 44.79999924
v 37.59999847 34.23999786 44.87999725
v 37.59999847 34.15999985 46.23999786
v 37.59999847 34.23999786 46.15999985
v 37.59999847 34.15999985 46.39999771
v 37.59999847 34.15999985 46.55999756
v 37.59999847 34.31999969 44.95999908
v 37.59999847 34.31999969 45.11999893
v 37.59999847 34.31999969 45.27999878
v 37.59999847 34.31999969 45.43999863
v 37.59999847 34.31999969 45.59999847
v 37.59999847 34.31999969 45.75999832
v 37.59999847 34.31999969 45.91999817
v 37.59999847 34.31999969 46.07999802
v 37.75999832 30.39999962 46.63999939
v 37.75999832 30.31999969 46.71999741
v 37.75999832 30.31999969 46.87999725
v 37.75999832 30.31999969 47.03999710
v 37.75999832 30.31999969 47.20000076
v 37.75999832 30.31999969 47.36000061
v 37.75999832 30.31999969 47.52000046
v 37.75999832 30.31999969 47.68000031
v 37.68000031 30.39999962 47.84000015
v 37.75999832 30.39999962 47.75999832
v 37.68000031 30.55999947 45.43999863
v 37.68000031 30.55999947 45.59999847
v 37.75999832 30.55999947 45.68000031
v 37.75999832 30.47999954 45.75999832
v 37.75999832 30.47999954 45.91999817
v 37.75999832 30.47999954 46.07999802
v 37.75999832 30.47999954 46.23999786
v 37.75999832 30.47999954 46.39999771
v 37.75999832 30.47999954 46.55999756
v 37.75999832 30.47999954 47.84000015
v 37.68000031 30.55999947 48.00000000
v 37.75999832 30.55999947 47.91999817
v 37.75999832 30.71999931 44.55999756
v 37.75999832 30.63999939 44.63999939
v 37.75999832 30.63999939 44.79999924
v 37.75999832 30.63999939 44.95999908
v 37.75999832 30.63999939 45.11999893
v 37.75999832 30.63999939 45.27999878
v 37.75999832 30.63999939 45.43999863
v 37.75999832 30.63999939 45.59999847
v 37.75999832 30.63999939 48.00000000
v 37.68000031 30.71999931 48.15999985
v 37.75999832 30.71999931 48.07999802
v 37.68000031 30.87999916 44.31999969
v 37.75999832 30.87999916 44.39999771
v 37.75999832 30.79999924 44.47999954
v 37.75999832 30.79999924 48.15999985
v 37.75999832 30.79999924 48.31999969
v 37.75999832 30.87999916 48.39999771
v 37.75999832 31.03999901 44.07999802
v 37.75999832 30.95999908 44.15999985
v 37.75999832 30.95999908 44.31999969
v 37.68000031 31.03999901 48.47999954
v 37.75999832 31.03999901 48.39999771
v 37.75999832 31.19999886 44.07999802
v 37.75999832 31.11999893 48.47999954
v 37.75999832 31.19999886 48.55999756
v 37.68000031 31.35999870 43.84000015
v 37.75999832 31.35999870 43.91999817
v 37.75999832 31.27999878 44.00000000
v 37.68000031 31.35999870 48.63999939
v 37.75999832 31.35999870 48.55999756
v 37.75999832 31.51999855 43.75999832
v 37.75999832 31.43999863 43.84000015
v 37.68000031 31.51999855 48.63999939
v 37.75999832 31.51999855 48.55999756
v 37.75999832 31.67999840 43.75999832
v 37.68000031 31.67999840 48.63999939
v 37.75999832 31.67999840 48.55999756
v 37.75999832 31.84000015 43.75999832
v 37.75999832 31.76000023 48.63999939
v 37.68000031 31.84000015 48.79999924
v 37.75999832 31.84000015 48.71999741
v 37.75999832 32.00000000 43.75999832
v 37.68000031 32.00000000 48.79999924
v 37.75999832 32.00000000 48.71999741
v 37.75999832 32.15999985 43.75999832
v 37.68000031 32.15999985 48.79999924
v 37.75999832 32.15999985 48.71999741
v 37.75999832 32.31999969 43.75999832
v 37.68000031 32.31999969 48.63999939
v 37.75999832 32.23999786 48.63999939
v 37.75999832 32.31999969 48.55999756
v 37.75999832 32.39999771 43.84000015
v 37.68000031 32.47999954 43.84000015
v 37.75999832 32.47999954 43.91999817
v 37.68000031 32.47999954 48.63999939
v 37.75999832 32.47999954 48.55999756
v 37.68000031 32.63999939 43.84000015
v 37.75999832 32.63999939 43.91999817
v 37.68000031 32.63999939 48.63999939
v 37.75999832 32.63999939 48.55999756
v 37.68000031 32.79999924 43.84000015
v 37.75999832 32.79999924 43.91999817
v 37.68000031 32.79999924 48.63999939
v 37.75999832 32.79999924 48.55999756
v 37.68000031 32.95999908 43.84000015
v 37.75999832 32.95999908 43.91999817
v 37.75999832 32.95999908 48.55999756
v 37.68000031 33.11999893 43.84000015
v 37.75999832 33.11999893 43.91999817
v 37.75999832 33.04000092 48.31999969
v 37.75999832 33.11999893 48.23999786
v 37.75999832 33.04000092 48.47999954
v 37.68000031 33.27999878 43.84000015
v 37.75999832 33.27999878 43.91999817
v 37.68000031 33.27999878 48.15999985
v 37.75999832 33.20000076 48.15999985
v 37.75999832 33.27999878 48.07999802
v 37.75999832 33.43999863 43.91999817
v 37.68000031 33.43999863 48.00000000
v 37.75999832 33.36000061 48.00000000
v 37.75999832 33.43999863 47.91999817
v 37.75999832 33.52000046 44.00000000
v 37.68000031 33.59999847 44.00000000
v 37.75999832 33.59999847 44.07999802
v 37.75999832 33.52000046 47.52000046
v 37.75999832 33.59999847 47.43999863
v 37.75999832 33.52000046 47.68000031
v 37.75999832 33.52000046 47.84000015
v 37.68000031 33.75999832 44.15999985
v 37.75999832 33.68000031 44.15999985
v 37.75999832 33.75999832 44.23999786
v 37.75999832 33.68000031 47.36000061
v 37.75999832 33.75999832 47.27999878
v 37.68000031 33.91999817 44.31999969
v 37.75999832 33.84000015 44.31999969
v 37.68000031 33.91999817 44.47999954
v 37.75999832 33.84000015 44.47999954
v 37.75999832 33.91999817 44.55999756
v 37.75999832 33.84000015 46.87999725
v 37.75999832 33.91999817 46.79999924
v 37.75999832 33.84000015 47.03999710
v 37.75999832 33.84000015 47.20000076
v 37.68000031 34.07999802 44.63999939
v 37.75999832 34.00000000 44.63999939
v 37.68000031 34.07999802 44.79999924
v 37.75999832 34.00000000 44.79999924
v 37.75999832 34.07999802 44.87999725
v 37.75999832 34.00000000 46.71999741
v 37.75999832 34.07999802 46.63999939
v 37.75999832 34.23999786 44.87999725
v 37.75999832 34.15999985 46.23999786
v 37.75999832 34.23999786 46.15999985
v 37.75999832 34.15999985 46.39999771
v 37.75999832 34.15999985 46.55999756
v 37.75999832 34.31999969 44.95999908
v 37.75999832 34.31999969 45.11999893
v 37.75999832 34.31999969 45.27999878
v 37.75999832 34.31999969 45.43999863
v 37.75999832 34.31999969 45.59999847
v 37.75999832 34.31999969 45.75999832
v 37.75999832 34.31999969 45.91999817
v 37.75999832 34.31999969 46.07999802
v 37.84000015 30.39999962 46.71999741
v 37.84000015 30.39999962 46.87999725
v 37.91999817 30.39999962 46.95999908
v 37.91999817 30.31999969 47.03999710
v 37.91999817 30.31999969 47.20000076
v 37.91999817 30.31999969 47.36000061
v 37.91999817 30.31999969 47.52000046
v 37.91999817 30.31999969 47.68000031
v 37.91999817 30.39999962 47.75999832
v 37.91999817 30.55999947 45.68000031
v 37.91999817 30.47999954 45.75999832
v 37.91999817 30.47999954 45.91999817
v 37.91999817 30.47999954 46.07999802
v 37.91999817 30.47999954 46.23999786
v 37.91999817 30.47999954 46.39999771
v 37.91999817 30.47999954 46.55999756
v 37.91999817 30.47999954 46.71999741
v 37.91999817 30.47999954 46.87999725
v 37.91999817 30.47999954 47.84000015
v 37.91999817 30.55999947 47.91999817
v 37.84000015 30.71999931 44.63999939
v 37.91999817 30.71999931 44.71999741
v 37.91999817 30.63999939 44.79999924
v 37.91999817 30.63999939 44.95999908
v 37.91999817 30.63999939 45.11999893
v 37.91999817 30.63999939 45.27999878
v 37.91999817 30.63999939 45.43999863
v 37.91999817 30.63999939 45.59999847
v 37.91999817 30.63999939 48.00000000
v 37.91999817 30.71999931 48.07999802
v 37.91999817 30.87999916 44.39999771
v 37.91999817 30.79999924 44.47999954
v 37.91999817 30.79999924 44.63999939
v 37.91999817 30.79999924 48.15999985
v 37.84000015 30.87999916 48.31999969
v 37.91999817 30.87999916 48.23999786
v 37.91999817 31.03999901 44.07999802
v 37.91999817 30.95999908 44.15999985
v 37.91999817 30.95999908 44.31999969
v 37.91999817 30.95999908 48.31999969
v 37.91999817 31.03999901 48.39999771
v 37.91999817 31.19999886 44.07999802
v 37.91999817 31.11999893 48.47999954
v 37.91999817 31.19999886 48.55999756
v 37.91999817 31.35999870 43.91999817
v 37.91999817 31.27999878 44.00000000
v 37.91999817 31.35999870 48.55999756
v 37.91999817 31.51999855 43.75999832
v 37.91999817 31.43999863 43.84000015
v 37.91999817 31.51999855 48.55999756
v 37.91999817 31.67999840 43.75999832
v 37.91999817 31.67999840 48.55999756
v 37.91999817 31.84000015 43.75999832
v 37.91999817 31.76000023 48.63999939
v 37.91999817 31.84000015 48.71999741
v 37.91999817 32.00000000 43.75999832
v 37.91999817 32.00000000 48.71999741
v 37.91999817 32.15999985 43.75999832
v 37.91999817 32.15999985 48.71999741
v 37.91999817 32.23999786 43.84000015
v 37.84000015 32.31999969 43.84000015
v 37.91999817 32.31999969 43.91999817
v 37.91999817 32.23999786 48.63999939
v 37.91999817 32.31999969 48.55999756
v 37.91999817 32.47999954 43.91999817
v 37.91999817 32.47999954 48.55999756
v 37.91999817 32.63999939 43.91999817
v 37.91999817 32.63999939 48.55999756
v 37.91999817 32.79999924 43.91999817
v 37.91999817 32.79999924 48.55999756
v 37.91999817 32.95999908 43.91999817
v 37.84000015 32.95999908 48.47999954
v 37.91999817 32.88000107 48.47999954
v 37.91999817 32.95999908 48.39999771
v 37.91999817 33.11999893 43.91999817
v 37.91999817 33.04000092 48.31999969
v 37.91999817 33.11999893 48.23999786
v 37.91999817 33.27999878 43.91999817
v 37.84000015 33.27999878 48.00000000
v 37.91999817 33.20000076 48.00000000
v 37.91999817 33.27999878 47.91999817
v 37.91999817 33.20000076 48.15999985
v 37.91999817 33.36000061 44.00000000
v 37.84000015 33.43999863 44.00000000
v 37.91999817 33.43999863 44.07999802
v 37.84000015 33.43999863 47.84000015
v 37.91999817 33.36000061 47.84000015
v 37.91999817 33.43999863 47.75999832
v 37.91999817 33.59999847 44.07999802
v 37.91999817 33.52000046 47.52000046
v 37.91999817 33.59999847 47.43999863
v 37.91999817 33.52000046 47.68000031
v 37.91999817 33.68000031 44.15999985
v 37.91999817 33.75999832 44.23999786
v 37.91999817 33.68000031 47.36000061
v 37.91999817 33.75999832 47.27999878
v 37.91999817 33.84000015 44.31999969
v 37.91999817 33.84000015 44.47999954
v 37.91999817 33.91999817 44.55999756
v 37.91999817 33.84000015 46.87999725
v 37.91999817 33.91999817 46.79999924
v 37.91999817 33.84000015 47.03999710
v 37.91999817 33.84000015 47.20000076
v 37.91999817 34.00000000 44.63999939
v 37.91999817 34.00000000 44.79999924
v 37.91999817 34.07999802 44.87999725
v 37.91999817 34.00000000 46.71999741
v 37.91999817 34.07999802 46.63999939
v 37.91999817 34.15999985 44.95999908
v 37.84000015 34.23999786 44.95999908
v 37.84000015 34.23999786 45.11999893
v 37.91999817 34.15999985 45.11999893
v 37.84000015 34.23999786 45.27999878
v 37.91999817 34.15999985 45.27999878
v 37.91999817 34.23999786 45.36000061
v 37.91999817 34.15999985 46.23999786
v 37.91999817 34.23999786 46.15999985
v 37.91999817 34.15999985 46.39999771
v 37.91999817 34.15999985 46.55999756
v 37.91999817 34.31999969 45.43999863
v 37.91999817 34.31999969 45.59999847
v 37.91999817 34.31999969 45.75999832
v 37.91999817 34.31999969 45.91999817
v 37.91999817 34.31999969 46.07999802
v 38.07999802 30.39999962 46.95999908
v 38.07999802 30.31999969 47.03999710
v 38.07999802 30.31999969 47.20000076
v 38.07999802 30.31999969 47.36000061
v 38.00000000 30.39999962 47.52000046
v 38.07999802 30.39999962 47.43999863
v 38.00000000 30.39999962 47.68000031
v 38.07999802 30.55999947 45.68000031
v 38.07999802 30.47999954 45.75999832
v 38.07999802 30.47999954 45.91999817
v 38.07999802 30.47999954 46.07999802
v 38.07999802 30.47999954 46.23999786
v 38.07999802 30.47999954 46.39999771
v 38.07999802 30.47999954 46.55999756
v 38.07999802 30.47999954 46.71999741
v 38.07999802 30.47999954 46.87999725
v 38.07999802 30.47999954 47.52000046
v 38.07999802 30.47999954 47.68000031
v 38.07999802 30.47999954 47.84000015
v 38.07999802 30.55999947 47.91999817
v 38.07999802 30.71999931 44.71999741
v 38.07999802 30.63999939 44.79999924
v 38.07999802 30.63999939 44.95999908
v 38.07999802 30.63999939 45.11999893
v 38.07999802 30.63999939 45.27999878
v 38.07999802 30.63999939 45.43999863
v 38.07999802 30.63999939 45.59999847
v 38.07999802 30.63999939 48.00000000
v 38.07999802 30.71999931 48.07999802
v 38.07999802 30.87999916 44.39999771
v 38.07999802 30.79999924 44.47999954
v 38.07999802 30.79999924 44.63999939
v 38.07999802 30.79999924 48.15999985
v 38.07999802 30.87999916 48.23999786
v 38.00000000 31.03999901 44.15999985
v 38.07999802 31.03999901 44.23999786
v 38.07999802 30.95999908 44.31999969
v 38.00000000 31.03999901 48.31999969
v 38.07999802 31.03999901 48.23999786
v 38.07999802 31.19999886 44.07999802
v 38.07999802 31.11999893 44.15999985
v 38.07999802 31.11999893 48.31999969
v 38.00000000 31.19999886 48.47999954
v 38.07999802 31.19999886 48.39999771
v 38.07999802 31.35999870 43.91999817
v 38.07999802 31.27999878 44.00000000
v 38.07999802 31.27999878 48.47999954
v 38.07999802 31.35999870 48.55999756
v 38.07999802 31.51999855 43.75999832
v 38.07999802 31.43999863 43.84000015
v 38.07999802 31.51999855 48.55999756
v 38.07999802 31.67999840 43.75999832
v 38.07999802 31.67999840 48.55999756
v 38.07999802 31.84000015 43.75999832
v 38.00000000 31.84000015 48.63999939
v 38.07999802 31.84000015 48.55999756
v 38.07999802 32.00000000 43.75999832
v 38.00000000 32.00000000 48.63999939
v 38.07999802 32.00000000 48.55999756
v 38.07999802 32.07999802 43.84000015
v 38.00000000 32.15999985 43.84000015
v 38.07999802 32.15999985 43.91999817
v 38.00000000 32.15999985 48.63999939
v 38.07999802 32.15999985 48.55999756
v 38.07999802 32.31999969 43.91999817
v 38.07999802 32.31999969 48.55999756
v 38.07999802 32.47999954 43.91999817
v 38.07999802 32.47999954 48.55999756
v 38.07999802 32.63999939 43.91999817
v 38.07999802 32.63999939 48.55999756
v 38.07999802 32.79999924 43.91999817
v 38.00000000 32.79999924 48.47999954
v 38.07999802 32.71999741 48.47999954
v 38.07999802 32.79999924 48.39999771
v 38.07999802 32.95999908 43.91999817
v 38.00000000 32.95999908 48.31999969
v 38.07999802 32.88000107 48.31999969
v 38.07999802 32.95999908 48.23999786
v 38.07999802 33.11999893 43.91999817
v 38.07999802 33.11999893 48.23999786
v 38.07999802 33.27999878 43.91999817
v 38.07999802 33.20000076 48.00000000
v 38.07999802 33.27999878 47.91999817
v 38.07999802 33.20000076 48.15999985
v 38.07999802 33.36000061 44.00000000
v 38.07999802 33.43999863 44.07999802
v 38.07999802 33.36000061 47.84000015
v 38.07999802 33.43999863 47.75999832
v 38.07999802 33.59999847 44.07999802
v 38.07999802 33.52000046 47.52000046
v 38.07999802 33.59999847 47.43999863
v 38.07999802 33.52000046 47.68000031
v 38.07999802 33.68000031 44.15999985
v 38.00000000 33.75999832 44.31999969
v 38.07999802 33.68000031 44.31999969
v 38.07999802 33.75999832 44.39999771
v 38.00000000 33.75999832 47.20000076
v 38.07999802 33.68000031 47.20000076
v 38.07999802 33.75999832 47.11999893
v 38.07999802 33.68000031 47.36000061
v 38.07999802 33.84000015 44.47999954
v 38.07999802 33.91999817 44.55999756
v 38.07999802 33.84000015 46.87999725
v 38.07999802 33.91999817 46.79999924
v 38.07999802 33.84000015 47.03999710
v 38.07999802 34.00000000 44.63999939
v 38.07999802 34.00000000 44.79999924
v 38.07999802 34.07999802 44.87999725
v 38.00000000 34.07999802 46.55999756
v 38.07999802 34.00000000 46.55999756
v 38.07999802 34.07999802 46.47999954
v 38.07999802 34.00000000 46.71999741
v 38.07999802 34.15999985 44.95999908
v 38.07999802 34.15999985 45.11999893
v 38.07999802 34.15999985 45.27999878
v 38.00000000 34.23999786 45.43999863
v 38.07999802 34.15999985 45.43999863
v 38.07999802 34.23999786 45.52000046
v 38.07999802 34.15999985 46.23999786
v 38.07999802 34.23999786 46.15999985
v 38.07999802 34.15999985 46.39999771
v 38.07999802 34.31999969 45.59999847
v 38.07999802 34.31999969 45.75999832
v 38.07999802 34.31999969 45.91999817
v 38.07999802 34.31999969 46.07999802
v 38.15999985 30.39999962 47.03999710
v 38.15999985 30.39999962 47.20000076
v 38.15999985 30.39999962 47.36000061
v 38.15999985 30.55999947 45.75999832
v 38.15999985 30.55999947 45.91999817
v 38.23999786 30.55999947 46.00000000
v 38.23999786 30.47999954 46.07999802
v 38.23999786 30.47999954 46.23999786
v 38.23999786 30.47999954 46.39999771
v 38.23999786 30.47999954 46.55999756
v 38.23999786 30.47999954 46.71999741
v 38.23999786 30.47999954 46.87999725
v 38.23999786 30.47999954 47.03999710
v 38.23999786 30.47999954 47.20000076
v 38.23999786 30.47999954 47.36000061
v 38.23999786 30.47999954 47.52000046
v 38.23999786 30.47999954 47.68000031
v 38.15999985 30.55999947 47.84000015
v 38.23999786 30.55999947 47.75999832
v 38.15999985 30.71999931 44.79999924
v 38.23999786 30.71999931 44.87999725
v 38.23999786 30.63999939 44.95999908
v 38.23999786 30.63999939 45.11999893
v 38.23999786 30.63999939 45.27999878
v 38.23999786 30.63999939 45.43999863
v 38.23999786 30.63999939 45.59999847
v 38.23999786 30.63999939 45.75999832
v 38.23999786 30.63999939 45.91999817
v 38.23999786 30.63999939 47.84000015
v 38.15999985 30.71999931 48.00000000
v 38.23999786 30.71999931 47.91999817
v 38.15999985 30.87999916 44.47999954
v 38.23999786 30.87999916 44.55999756
v 38.23999786 30.79999924 44.63999939
v 38.23999786 30.79999924 44.79999924
v 38.23999786 30.79999924 48.00000000
v 38.15999985 30.87999916 48.15999985
v 38.23999786 30.87999916 48.07999802
v 38.23999786 31.03999901 44.23999786
v 38.23999786 30.95999908 44.31999969
v 38.23999786 30.95999908 44.47999954
v 38.23999786 30.95999908 48.15999985
v 38.23999786 31.03999901 48.23999786
v 38.23999786 31.19999886 44.07999802
v 38.23999786 31.11999893 44.15999985
v 38.15999985 31.19999886 48.31999969
v 38.23999786 31.19999886 48.23999786
v 38.23999786 31.35999870 43.91999817
v 38.23999786 31.27999878 44.00000000
v 38.23999786 31.27999878 48.31999969
v 38.15999985 31.35999870 48.47999954
v 38.23999786 31.35999870 48.39999771
v 38.15999985 31.51999855 43.84000015
v 38.23999786 31.51999855 43.91999817
v 38.23999786 31.43999863 48.47999954
v 38.23999786 31.51999855 48.55999756
v 38.15999985 31.67999840 43.84000015
v 38.23999786 31.67999840 43.91999817
v 38.23999786 31.67999840 48.55999756
v 38.15999985 31.84000015 43.84000015
v 38.23999786 31.84000015 43.91999817
v 38.23999786 31.84000015 48.55999756
v 38.15999985 32.00000000 43.84000015
v 38.23999786 32.00000000 43.91999817
v 38.23999786 32.00000000 48.55999756
v 38.23999786 32.15999985 43.91999817
v 38.23999786 32.15999985 48.55999756
v 38.23999786 32.31999969 43.91999817
v 38.23999786 32.31999969 48.55999756
v 38.23999786 32.47999954 43.91999817
v 38.23999786 32.47999954 48.55999756
v 38.23999786 32.63999939 43.91999817
v 38.15999985 32.63999939 48.47999954
v 38.23999786 32.55999756 48.47999954
v 38.23999786 32.63999939 48.39999771
v 38.23999786 32.79999924 43.91999817
v 38.23999786 32.79999924 48.39999771
v 38.23999786 32.95999908 43.91999817
v 38.23999786 32.88000107 48.31999969
v 38.23999786 32.95999908 48.23999786
v 38.23999786 33.04000092 44.00000000
v 38.15999985 33.11999893 44.00000000
v 38.23999786 33.11999893 44.07999802
v 38.15999985 33.11999893 48.00000000
v 38.23999786 33.04000092 48.00000000
v 38.23999786 33.11999893 47.91999817
v 38.15999985 33.11999893 48.15999985
v 38.23999786 33.04000092 48.15999985
v 38.15999985 33.27999878 44.00000000
v 38.23999786 33.27999878 44.07999802
v 38.15999985 33.27999878 47.84000015
v 38.23999786 33.20000076 47.84000015
v 38.23999786 33.27999878 47.75999832
v 38.15999985 33.43999863 44.15999985
v 38.23999786 33.36000061 44.15999985
v 38.23999786 33.43999863 44.23999786
v 38.15999985 33.43999863 47.52000046
v 38.23999786 33.36000061 47.52000046
v 38.23999786 33.43999863 47.43999863
v 38.15999985 33.43999863 47.68000031
v 38.23999786 33.36000061 47.68000031
v 38.15999985 33.59999847 44.15999985
v 38.23999786 33.59999847 44.23999786
v 38.15999985 33.59999847 47.36000061
v 38.23999786 33.52000046 47.36000061
v 38.23999786 33.59999847 47.27999878
v 38.23999786 33.68000031 44.31999969
v 38.23999786 33.75999832 44.39999771
v 38.15999985 33.75999832 47.03999710
v 38.23999786 33.68000031 47.03999710
v 38.23999786 33.75999832 46.95999908
v 38.23999786 33.68000031 47.20000076
v 38.23999786 33.84000015 44.47999954
v 38.15999985 33.91999817 44.63999939
v 38.23999786 33.84000015 44.63999939
v 38.23999786 33.91999817 44.71999741
v 38.23999786 33.84000015 46.87999725
v 38.23999786 33.91999817 46.79999924
v 38.23999786 34.00000000 44.79999924
v 38.15999985 34.07999802 44.95999908
v 38.23999786 34.00000000 44.95999908
v 38.23999786 34.07999802 45.03999710
v 38.23999786 34.00000000 46.55999756
v 38.23999786 34.07999802 46.47999954
v 38.23999786 34.00000000 46.71999741
v 38.23999786 34.15999985 45.11999893
v 38.23999786 34.15999985 45.27999878
v 38.23999786 34.15999985 45.43999863
v 38.23999786 34.23999786 45.52000046
v 38.15999985 34.23999786 46.07999802
v 38.23999786 34.15999985 46.07999802
v 38.23999786 34.23999786 46.00000000
v 38.23999786 34.15999985 46.23999786
v 38.23999786 34.15999985 46.39999771
v 38.23999786 34.31999969 45.59999847
v 38.23999786 34.31999969 45.75999832
v 38.23999786 34.31999969 45.91999817
v 38.31999969 30.55999947 46.07999802
v 38.39999771 30.55999947 46.15999985
v 38.39999771 30.47999954 46.23999786
v 38.39999771 30.47999954 46.39999771
v 38.39999771 30.47999954 46.55999756
v 38.39999771 30.47999954 46.71999741
v 38.39999771 30.47999954 46.87999725
v 38.39999771 30.47999954 47.03999710
v 38.39999771 30.47999954 47.20000076
v 38.39999771 30.47999954 47.36000061
v 38.39999771 30.47999954 47.52000046
v 38.31999969 30.55999947 47.68000031
v 38.39999771 30.55999947 47.59999847
v 38.39999771 30.71999931 44.87999725
v 38.39999771 30.63999939 44.95999908
v 38.39999771 30.63999939 45.11999893
v 38.39999771 30.63999939 45.27999878
v 38.39999771 30.63999939 45.43999863
v 38.39999771 30.63999939 45.59999847
v 38.39999771 30.63999939 45.75999832
v 38.39999771 30.63999939 45.91999817
v 38.39999771 30.63999939 46.07999802
v 38.39999771 30.63999939 47.68000031
v 38.31999969 30.71999931 47.84000015
v 38.39999771 30.71999931 47.75999832
v 38.39999771 30.87999916 44.55999756
v 38.39999771 30.79999924 44.63999939
v 38.39999771 30.79999924 44.79999924
v 38.39999771 30.79999924 47.84000015
v 38.39999771 30.79999924 48.00000000
v 38.39999771 30.87999916 48.07999802
v 38.31999969 31.03999901 44.31999969
v 38.39999771 31.03999901 44.39999771
v 38.39999771 30.95999908 44.47999954
v 38.39999771 30.95999908 48.15999985
v 38.39999771 31.03999901 48.23999786
v 38.31999969 31.19999886 44.15999985
v 38.39999771 31.19999886 44.23999786
v 38.39999771 31.11999893 44.31999969
v 38.39999771 31.19999886 48.23999786
v 38.31999969 31.35999870 44.00000000
v 38.39999771 31.35999870 44.07999802
v 38.39999771 31.27999878 44.15999985
v 38.31999969 31.35999870 48.31999969
v 38.39999771 31.35999870 48.23999786
v 38.39999771 31.51999855 43.91999817
v 38.39999771 31.43999863 44.00000000
v 38.39999771 31.43999863 48.31999969
v 38.31999969 31.51999855 48.47999954
v 38.39999771 31.51999855 48.39999771
v 38.39999771 31.67999840 43.91999817
v 38.31999969 31.67999840 48.47999954
v 38.39999771 31.67999840 48.39999771
v 38.39999771 31.84000015 43.91999817
v 38.31999969 31.84000015 48.47999954
v 38.39999771 31.84000015 48.39999771
v 38.39999771 32.00000000 43.91999817
v 38.31999969 32.00000000 48.47999954
v 38.39999771 32.00000000 48.39999771
v 38.39999771 32.15999985 43.91999817
v 38.31999969 32.15999985 48.47999954
v 38.39999771 32.15999985 48.39999771
v 38.39999771 32.31999969 43.91999817
v 38.31999969 32.31999969 48.47999954
v 38.39999771 32.31999969 48.39999771
v 38.39999771 32.47999954 43.91999817
v 38.31999969 32.47999954 48.47999954
v 38.39999771 32.47999954 48.39999771
v 38.39999771 32.63999939 43.91999817
v 38.31999969 32.63999939 48.31999969
v 38.39999771 32.55999756 48.31999969
v 38.39999771 32.63999939 48.23999786
v 38.39999771 32.79999924 43.91999817
v 38.31999969 32.79999924 48.15999985
v 38.39999771 32.71999741 48.15999985
v 38.39999771 32.79999924 48.07999802
v 38.31999969 32.79999924 48.31999969
v 38.39999771 32.95999908 43.91999817
v 38.31999969 32.95999908 48.15999985
v 38.39999771 32.95999908 48.07999802
v 38.39999771 33.04000092 44.00000000
v 38.39999771 33.11999893 44.07999802
v 38.31999969 33.11999893 47.84000015
v 38.39999771 33.04000092 47.84000015
v 38.39999771 33.11999893 47.75999832
v 38.39999771 33.04000092 48.00000000
v 38.39999771 33.20000076 44.15999985
v 38.31999969 33.27999878 44.15999985
v 38.39999771 33.27999878 44.23999786
v 38.39999771 33.27999878 47.75999832
v 38.31999969 33.43999863 44.31999969
v 38.39999771 33.36000061 44.31999969
v 38.39999771 33.43999863 44.39999771
v 38.31999969 33.43999863 47.36000061
v 38.39999771 33.36000061 47.36000061
v 38.39999771 33.43999863 47.27999878
v 38.39999771 33.36000061 47.52000046
v 38.39999771 33.36000061 47.68000031
v 38.31999969 33.59999847 44.31999969
v 38.39999771 33.59999847 44.39999771
v 38.39999771 33.59999847 47.27999878
v 38.31999969 33.75999832 44.47999954
v 38.39999771 33.68000031 44.47999954
v 38.39999771 33.75999832 44.55999756
v 38.39999771 33.68000031 47.03999710
v 38.39999771 33.75999832 46.95999908
v 38.39999771 33.68000031 47.20000076
v 38.39999771 33.84000015 44.63999939
v 38.31999969 33.91999817 44.79999924
v 38.39999771 33.84000015 44.79999924
v 38.39999771 33.91999817 44.87999725
v 38.31999969 33.91999817 46.71999741
v 38.39999771 33.84000015 46.71999741
v 38.39999771 33.91999817 46.63999939
v 38.39999771 33.84000015 46.87999725
v 38.39999771 34.00000000 44.95999908
v 38.39999771 34.07999802 45.03999710
v 38.39999771 34.00000000 46.55999756
v 38.39999771 34.07999802 46.47999954
v 38.39999771 34.15999985 45.11999893
v 38.39999771 34.15999985 45.27999878
v 38.39999771 34.15999985 45.43999863
v 38.31999969 34.23999786 45.59999847
v 38.39999771 34.15999985 45.59999847
v 38.31999969 34.23999786 45.75999832
v 38.39999771 34.15999985 45.75999832
v 38.31999969 34.23999786 45.91999817
v 38.39999771 34.15999985 45.91999817
v 38.39999771 34.15999985 46.07999802
v 38.39999771 34.15999985 46.23999786
v 38.39999771 34.15999985 46.39999771
v 38.47999954 30.55999947 46.23999786
v 38.47999954 30.55999947 46.39999771
v 38.47999954 30.55999947 46.55999756
v 38.55999756 30.55999947 46.63999939
v 38.55999756 30.47999954 46.71999741
v 38.55999756 30.47999954 46.87999725
v 38.55999756 30.47999954 47.03999710
v 38.47999954 30.55999947 47.20000076
v 38.55999756 30.55999947 47.11999893
v 38.47999954 30.55999947 47.36000061
v 38.47999954 30.55999947 47.52000046
v 38.47999954 30.71999931 44.95999908
v 38.47999954 30.71999931 45.11999893
v 38.47999954 30.71999931 45.27999878
v 38.47999954 30.71999931 45.43999863
v 38.47999954 30.71999931 45.59999847
v 38.47999954 30.71999931 45.75999832
v 38.55999756 30.71999931 45.84000015
v 38.55999756 30.63999939 45.91999817
v 38.55999756 30.63999939 46.07999802
v 38.55999756 30.63999939 46.23999786
v 38.55999756 30.63999939 46.39999771
v 38.55999756 30.63999939 46.55999756
v 38.55999756 30.63999939 47.20000076
v 38.55999756 30.63999939 47.36000061
v 38.55999756 30.63999939 47.52000046
v 38.47999954 30.71999931 47.68000031
v 38.55999756 30.71999931 47.59999847
v 38.47999954 30.87999916 44.63999939
v 38.47999954 30.87999916 44.79999924
v 38.55999756 30.87999916 44.87999725
v 38.55999756 30.79999924 44.95999908
v 38.55999756 30.79999924 45.11999893
v 38.55999756 30.79999924 45.27999878
v 38.55999756 30.79999924 45.43999863
v 38.55999756 30.79999924 45.59999847
v 38.55999756 30.79999924 45.75999832
v 38.55999756 30.79999924 47.68000031
v 38.55999756 30.79999924 47.84000015
v 38.47999954 30.87999916 48.00000000
v 38.55999756 30.87999916 47.91999817
v 38.55999756 31.03999901 44.39999771
v 38.55999756 30.95999908 44.47999954
v 38.55999756 30.95999908 44.63999939
v 38.55999756 30.95999908 44.79999924
v 38.55999756 30.95999908 48.00000000
v 38.47999954 31.03999901 48.15999985
v 38.55999756 31.03999901 48.07999802
v 38.47999954 31.19999886 44.31999969
v 38.55999756 31.19999886 44.39999771
v 38.55999756 31.11999893 48.15999985
v 38.55999756 31.19999886 48.23999786
v 38.47999954 31.35999870 44.15999985
v 38.55999756 31.35999870 44.23999786
v 38.55999756 31.27999878 44.31999969
v 38.55999756 31.35999870 48.23999786
v 38.47999954 31.51999855 44.00000000
v 38.55999756 31.51999855 44.07999802
v 38.55999756 31.43999863 44.15999985
v 38.47999954 31.51999855 48.31999969
v 38.55999756 31.51999855 48.23999786
v 38.47999954 31.67999840 44.00000000
v 38.55999756 31.67999840 44.07999802
v 38.47999954 31.67999840 48.31999969
v 38.55999756 31.67999840 48.23999786
v 38.55999756 31.84000015 43.91999817
v 38.55999756 31.76000023 44.00000000
v 38.47999954 31.84000015 48.31999969
v 38.55999756 31.84000015 48.23999786
v 38.55999756 32.00000000 43.91999817
v 38.47999954 32.00000000 48.31999969
v 38.55999756 32.00000000 48.23999786
v 38.55999756 32.15999985 43.91999817
v 38.47999954 32.15999985 48.31999969
v 38.55999756 32.15999985 48.23999786
v 38.55999756 32.31999969 43.91999817
v 38.47999954 32.31999969 48.31999969
v 38.55999756 32.31999969 48.23999786
v 38.55999756 32.47999954 43.91999817
v 38.47999954 32.47999954 48.31999969
v 38.55999756 32.47999954 48.23999786
v 38.55999756 32.63999939 43.91999817
v 38.47999954 32.63999939 48.15999985
v 38.55999756 32.55999756 48.15999985
v 38.55999756 32.63999939 48.07999802
v 38.55999756 32.71999741 44.00000000
v 38.47999954 32.79999924 44.00000000
v 38.55999756 32.79999924 44.07999802
v 38.55999756 32.79999924 48.07999802
v 38.47999954 32.95999908 44.00000000
v 38.55999756 32.95999908 44.07999802
v 38.47999954 32.95999908 47.84000015
v 38.55999756 32.88000107 47.84000015
v 38.55999756 32.95999908 47.75999832
v 38.47999954 32.95999908 48.00000000
v 38.55999756 32.88000107 48.00000000
v 38.55999756 33.11999893 44.07999802
v 38.55999756 33.11999893 47.75999832
v 38.55999756 33.20000076 44.15999985
v 38.55999756 33.27999878 44.23999786
v 38.47999954 33.27999878 47.68000031
v 38.55999756 33.20000076 47.68000031
v 38.55999756 33.27999878 47.59999847
v 38.55999756 33.36000061 44.31999969
v 38.55999756 33.43999863 44.39999771
v 38.55999756 33.36000061 47.36000061
v 38.55999756 33.43999863 47.27999878
v 38.55999756 33.36000061 47.52000046
v 38.55999756 33.52000046 44.47999954
v 38.47999954 33.59999847 44.47999954
v 38.47999954 33.59999847 44.63999939
v 38.55999756 33.52000046 44.63999939
v 38.55999756 33.59999847 44.71999741
v 38.47999954 33.59999847 47.20000076
v 38.55999756 33.52000046 47.20000076
v 38.55999756 33.59999847 47.11999893
v 38.47999954 33.75999832 44.63999939
v 38.55999756 33.68000031 44.79999924
v 38.47999954 33.75999832 44.79999924
v 38.55999756 33.75999832 44.87999725
v 38.55999756 33.68000031 47.03999710
v 38.55999756 33.75999832 46.95999908
v 38.47999954 33.91999817 44.95999908
v 38.55999756 33.84000015 44.95999908
v 38.47999954 33.91999817 45.11999893
v 38.55999756 33.84000015 45.11999893
v 38.47999954 33.91999817 45.27999878
v 38.55999756 33.84000015 45.27999878
v 38.55999756 33.91999817 45.36000061
v 38.47999954 33.91999817 46.55999756
v 38.55999756 33.84000015 46.55999756
v 38.55999756 33.91999817 46.47999954
v 38.55999756 33.84000015 46.71999741
v 38.55999756 33.84000015 46.87999725
v 38.47999954 34.07999802 45.11999893
v 38.47999954 34.07999802 45.27999878
v 38.55999756 34.00000000 45.43999863
v 38.47999954 34.07999802 45.43999863
v 38.47999954 34.07999802 45.59999847
v 38.55999756 34.00000000 45.59999847
v 38.47999954 34.07999802 45.75999832
v 38.55999756 34.00000000 45.75999832
v 38.47999954 34.07999802 45.91999817
v 38.55999756 34.00000000 45.91999817
v 38.47999954 34.07999802 46.07999802
v 38.55999756 34.00000000 46.07999802
v 38.47999954 34.07999802 46.23999786
v 38.55999756 34.00000000 46.23999786
v 38.47999954 34.07999802 46.39999771
v 38.55999756 34.00000000 46.39999771
v 38.63999939 30.55999947 46.71999741
v 38.63999939 30.55999947 46.87999725
v 38.63999939 30.55999947 47.03999710
v 38.63999939 30.71999931 45.91999817
v 38.71999741 30.71999931 46.00000000
v 38.71999741 30.63999939 46.07999802
v 38.71999741 30.63999939 46.23999786
v 38.71999741 30.63999939 46.39999771
v 38.71999741 30.63999939 46.55999756
v 38.71999741 30.63999939 46.71999741
v 38.71999741 30.63999939 46.87999725
v 38.71999741 30.63999939 47.03999710
v 38.71999741 30.63999939 47.20000076
v 38.71999741 30.63999939 47.36000061
v 38.63999939 30.71999931 47.52000046
v 38.71999741 30.71999931 47.43999863
v 38.63999939 30.87999916 44.95999908
v 38.63999939 30.87999916 45.11999893
v 38.63999939 30.87999916 45.27999878
v 38.71999741 30.87999916 45.36000061
v 38.71999741 30.79999924 45.43999863
v 38.71999741 30.79999924 45.59999847
v 38.71999741 30.79999924 45.75999832
v 38.71999741 30.79999924 45.91999817
v 38.71999741 30.79999924 47.52000046
v 38.71999741 30.79999924 47.68000031
v 38.63999939 30.87999916 47.84000015
v 38.71999741 30.87999916 47.75999832
v 38.63999939 31.03999901 44.47999954
v 38.71999741 31.03999901 44.55999756
v 38.71999741 30.95999908 44.63999939
v 38.71999741 30.95999908 44.79999924
v 38.71999741 30.95999908 44.95999908
v 38.71999741 30.95999908 45.11999893
v 38.71999741 30.95999908 45.27999878
v 38.71999741 30.95999908 47.84000015
v 38.63999939 31.03999901 48.00000000
v 38.71999741 31.03999901 47.91999817
v 38.63999939 31.19999886 44.47999954
v 38.71999741 31.19999886 44.55999756
v 38.63999939 31.19999886 48.00000000
v 38.71999741 31.19999886 47.91999817
v 38.63999939 31.19999886 48.15999985
v 38.71999741 31.35999870 44.23999786
v 38.71999741 31.27999878 44.31999969
v 38.71999741 31.27999878 44.47999954
v 38.71999741 31.27999878 48.00000000
v 38.71999741 31.35999870 48.07999802
v 38.63999939 31.35999870 48.15999985
v 38.71999741 31.51999855 44.07999802
v 38.71999741 31.43999863 44.15999985
v 38.63999939 31.51999855 48.15999985
v 38.71999741 31.51999855 48.07999802
v 38.71999741 31.67999840 44.07999802
v 38.63999939 31.67999840 48.15999985
v 38.71999741 31.67999840 48.07999802
v 38.63999939 31.84000015 44.00000000
v 38.71999741 31.84000015 44.07999802
v 38.71999741 31.76000023 48.15999985
v 38.71999741 31.84000015 48.23999786
v 38.63999939 32.00000000 44.00000000
v 38.71999741 32.00000000 44.07999802
v 38.71999741 32.00000000 48.23999786
v 38.63999939 32.15999985 44.00000000
v 38.71999741 32.15999985 44.07999802
v 38.71999741 32.15999985 48.23999786
v 38.63999939 32.31999969 44.00000000
v 38.71999741 32.31999969 44.07999802
v 38.63999939 32.31999969 48.15999985
v 38.71999741 32.23999786 48.15999985
v 38.71999741 32.31999969 48.07999802
v 38.63999939 32.47999954 44.00000000
v 38.71999741 32.47999954 44.07999802
v 38.63999939 32.47999954 48.00000000
v 38.71999741 32.39999771 48.00000000
v 38.71999741 32.47999954 47.91999817
v 38.63999939 32.47999954 48.15999985
v 38.63999939 32.63999939 44.00000000
v 38.71999741 32.63999939 44.07999802
v 38.63999939 32.63999939 48.00000000
v 38.71999741 32.63999939 47.91999817
v 38.71999741 32.79999924 44.07999802
v 38.63999939 32.79999924 47.84000015
v 38.71999741 32.71999741 47.84000015
v 38.71999741 32.79999924 47.75999832
v 38.63999939 32.79999924 48.00000000
v 38.71999741 32.88000107 44.15999985
v 38.63999939 32.95999908 44.15999985
v 38.71999741 32.95999908 44.23999786
v 38.63999939 32.95999908 47.68000031
v 38.71999741 32.88000107 47.68000031
v 38.71999741 32.95999908 47.59999847
v 38.63999939 33.11999893 44.15999985
v 38.71999741 33.11999893 44.23999786
v 38.63999939 33.11999893 47.52000046
v 38.71999741 33.04000092 47.52000046
v 38.71999741 33.11999893 47.43999863
v 38.63999939 33.11999893 47.68000031
v 38.63999939 33.27999878 44.31999969
v 38.71999741 33.20000076 44.31999969
v 38.71999741 33.27999878 44.39999771
v 38.63999939 33.27999878 47.52000046
v 38.71999741 33.27999878 47.43999863
v 38.71999741 33.43999863 44.39999771
v 38.71999741 33.36000061 47.36000061
v 38.71999741 33.43999863 47.27999878
v 38.71999741 33.52000046 44.47999954
v 38.71999741 33.52000046 44.63999939
v 38.63999939 33.59999847 44.79999924
v 38.71999741 33.52000046 44.79999924
v 38.71999741 33.59999847 44.87999725
v 38.71999741 33.52000046 47.20000076
v 38.71999741 33.59999847 47.11999893
v 38.63999939 33.75999832 44.95999908
v 38.71999741 33.68000031 44.95999908
v 38.63999939 33.75999832 45.11999893
v 38.71999741 33.68000031 45.11999893
v 38.71999741 33.75999832 45.20000076
v 38.71999741 33.68000031 47.03999710
v 38.71999741 33.75999832 46.95999908
v 38.71999741 33.84000015 45.27999878
v 38.63999939 33.91999817 45.43999863
v 38.71999741 33.84000015 45.43999863
v 38.63999939 33.91999817 45.59999847
v 38.71999741 33.84000015 45.59999847
v 38.63999939 33.91999817 45.75999832
v 38.71999741 33.84000015 45.75999832
v 38.63999939 33.91999817 45.91999817
v 38.71999741 33.84000015 45.91999817
v 38.63999939 33.91999817 46.07999802
v 38.71999741 33.84000015 46.07999802
v 38.63999939 33.91999817 46.23999786
v 38.71999741 33.84000015 46.23999786
v 38.63999939 33.91999817 46.39999771
v 38.71999741 33.84000015 46.39999771
v 38.71999741 33.84000015 46.55999756
v 38.71999741 33.84000015 46.71999741
v 38.71999741 33.84000015 46.87999725
v 38.79999924 30.71999931 46.07999802
v 38.79999924 30.71999931 46.23999786
v 38.79999924 30.71999931 46.39999771
v 38.79999924 30.71999931 46.55999756
v 38.79999924 30.71999931 46.71999741
v 38.79999924 30.71999931 46.87999725
v 38.79999924 30.71999931 47.03999710
v 38.79999924 30.71999931 47.20000076
v 38.79999924 30.71999931 47.36000061
v 38.79999924 30.87999916 45.43999863
v 38.79999924 30.87999916 45.59999847
v 38.87999725 30.87999916 45.68000031
v 38.87999725 30.79999924 45.75999832
v 38.87999725 30.79999924 45.91999817
v 38.87999725 30.79999924 46.07999802
v 38.87999725 30.79999924 46.23999786
v 38.87999725 30.79999924 46.39999771
v 38.87999725 30.79999924 46.55999756
v 38.87999725 30.79999924 46.71999741
v 38.87999725 30.79999924 46.87999725
v 38.87999725 30.79999924 47.03999710
v 38.87999725 30.79999924 47.20000076
v 38.87999725 30.79999924 47.36000061
v 38.79999924 30.87999916 47.52000046
v 38.87999725 30.87999916 47.43999863
v 38.79999924 30.87999916 47.68000031
v 38.79999924 31.03999901 44.63999939
v 38.79999924 31.03999901 44.79999924
v 38.79999924 31.03999901 44.95999908
v 38.87999725 31.03999901 45.03999710
v 38.87999725 30.95999908 45.11999893
v 38.87999725 30.95999908 45.27999878
v 38.87999725 30.95999908 45.43999863
v 38.87999725 30.95999908 45.59999847
v 38.87999725 30.95999908 47.52000046
v 38.87999725 31.03999901 47.59999847
v 38.79999924 31.03999901 47.68000031
v 38.79999924 31.03999901 47.84000015
v 38.79999924 31.19999886 44.63999939
v 38.87999725 31.19999886 44.71999741
v 38.87999725 31.11999893 44.79999924
v 38.87999725 31.11999893 44.95999908
v 38.87999725 31.11999893 47.68000031
v 38.87999725 31.19999886 47.75999832
v 38.79999924 31.19999886 47.84000015
v 38.79999924 31.35999870 44.31999969
v 38.79999924 31.35999870 44.47999954
v 38.87999725 31.35999870 44.55999756
v 38.87999725 31.27999878 44.63999939
v 38.87999725 31.27999878 47.84000015
v 38.79999924 31.35999870 48.00000000
v 38.87999725 31.35999870 47.91999817
v 38.79999924 31.51999855 44.15999985
v 38.79999924 31.51999855 44.31999969
v 38.87999725 31.51999855 44.39999771
v 38.87999725 31.43999863 44.47999954
v 38.87999725 31.43999863 48.00000000
v 38.87999725 31.51999855 48.07999802
v 38.79999924 31.67999840 44.15999985
v 38.87999725 31.67999840 44.23999786
v 38.87999725 31.59999847 44.31999969
v 38.87999725 31.67999840 48.07999802
v 38.87999725 31.84000015 44.07999802
v 38.87999725 31.76000023 44.15999985
v 38.79999924 31.84000015 48.15999985
v 38.87999725 31.84000015 48.07999802
v 38.87999725 32.00000000 44.07999802
v 38.79999924 32.00000000 48.15999985
v 38.87999725 32.00000000 48.07999802
v 38.87999725 32.15999985 44.07999802
v 38.79999924 32.15999985 48.00000000
v 38.87999725 32.07999802 48.00000000
v 38.87999725 32.15999985 47.91999817
v 38.79999924 32.15999985 48.15999985
v 38.87999725 32.31999969 44.07999802
v 38.79999924 32.31999969 48.00000000
v 38.87999725 32.31999969 47.91999817
v 38.87999725 32.47999954 44.07999802
v 38.79999924 32.47999954 47.84000015
v 38.87999725 32.39999771 47.84000015
v 38.87999725 32.47999954 47.75999832
v 38.87999725 32.63999939 44.07999802
v 38.79999924 32.63999939 47.84000015
v 38.87999725 32.63999939 47.75999832
v 38.87999725 32.71999741 44.15999985
v 38.79999924 32.79999924 44.15999985
v 38.87999725 32.79999924 44.23999786
v 38.79999924 32.79999924 47.68000031
v 38.87999725 32.71999741 47.68000031
v 38.87999725 32.79999924 47.59999847
v 38.79999924 32.95999908 44.31999969
v 38.87999725 32.88000107 44.31999969
v 38.87999725 32.95999908 44.39999771
v 38.87999725 32.95999908 47.59999847
v 38.79999924 33.11999893 44.31999969
v 38.87999725 33.04000092 44.47999954
v 38.79999924 33.11999893 44.47999954
v 38.87999725 33.11999893 44.55999756
v 38.87999725 33.04000092 47.52000046
v 38.87999725 33.11999893 47.43999863
v 38.79999924 33.27999878 44.47999954
v 38.87999725 33.20000076 44.63999939
v 38.79999924 33.27999878 44.63999939
v 38.87999725 33.27999878 44.71999741
v 38.79999924 33.27999878 47.36000061
v 38.87999725 33.20000076 47.36000061
v 38.87999725 33.27999878 47.27999878
v 38.79999924 33.43999863 44.47999954
v 38.79999924 33.43999863 44.63999939
v 38.87999725 33.43999863 44.71999741
v 38.87999725 33.43999863 47.27999878
v 38.87999725 33.52000046 44.79999924
v 38.87999725 33.59999847 44.87999725
v 38.79999924 33.59999847 47.03999710
v 38.87999725 33.52000046 47.03999710
v 38.87999725 33.59999847 46.95999908
v 38.87999725 33.52000046 47.20000076
v 38.87999725 33.68000031 44.95999908
v 38.87999725 33.68000031 45.11999893
v 38.79999924 33.75999832 45.27999878
v 38.87999725 33.68000031 45.27999878
v 38.87999725 33.75999832 45.36000061
v 38.79999924 33.75999832 45.91999817
v 38.87999725 33.68000031 45.91999817
v 38.87999725 33.75999832 45.84000015
v 38.79999924 33.75999832 46.07999802
v 38.87999725 33.68000031 46.07999802
v 38.79999924 33.75999832 46.23999786
v 38.87999725 33.68000031 46.23999786
v 38.79999924 33.75999832 46.39999771
v 38.87999725 33.68000031 46.39999771
v 38.79999924 33.75999832 46.55999756
v 38.87999725 33.68000031 46.55999756
v 38.79999924 33.75999832 46.71999741
v 38.87999725 33.68000031 46.71999741
v 38.79999924 33.75999832 46.87999725
v 38.87999725 33.68000031 46.87999725
v 38.87999725 33.84000015 45.43999863
v 38.87999725 33.84000015 45.59999847
v 38.87999725 33.84000015 45.75999832
v 38.95999908 30.87999916 45.75999832
v 38.95999908 30.87999916 45.91999817
v 38.95999908 30.87999916 46.07999802
v 38.95999908 30.87999916 46.23999786
v 38.95999908 30.87999916 46.39999771
v 38.95999908 30.87999916 46.55999756
v 38.95999908 30.87999916 46.71999741
v 38.95999908 30.87999916 46.87999725
v 38.95999908 30.87999916 47.03999710
v 38.95999908 30.87999916 47.20000076
v 38.95999908 30.87999916 47.36000061
v 38.95999908 31.03999901 45.11999893
v 38.95999908 31.03999901 45.27999878
v 38.95999908 31.03999901 45.43999863
v 38.95999908 31.03999901 45.59999847
v 38.95999908 31.03999901 45.75999832
v 39.04000092 31.03999901 45.84000015
v 39.04000092 30.95999908 45.91999817
v 39.04000092 30.95999908 46.07999802
v 39.04000092 30.95999908 46.23999786
v 39.04000092 30.95999908 46.39999771
v 39.04000092 30.95999908 46.55999756
v 39.04000092 30.95999908 46.71999741
v 39.04000092 30.95999908 46.87999725
v 39.04000092 30.95999908 47.03999710
v 39.04000092 30.95999908 47.20000076
v 39.04000092 31.03999901 47.27999878
v 38.95999908 31.03999901 47.36000061
v 38.95999908 31.03999901 47.52000046
v 38.95999908 31.19999886 44.79999924
v 38.95999908 31.19999886 44.95999908
v 39.04000092 31.19999886 45.03999710
v 39.04000092 31.11999893 45.11999893
v 39.04000092 31.11999893 45.27999878
v 39.04000092 31.11999893 45.43999863
v 39.04000092 31.11999893 45.59999847
v 39.04000092 31.11999893 45.75999832
v 39.04000092 31.11999893 47.36000061
v 39.04000092 31.11999893 47.52000046
v 38.95999908 31.19999886 47.68000031
v 39.04000092 31.19999886 47.59999847
v 38.95999908 31.35999870 44.63999939
v 39.04000092 31.35999870 44.71999741
v 39.04000092 31.27999878 44.79999924
v 39.04000092 31.27999878 44.95999908
v 38.95999908 31.35999870 47.68000031
v 39.04000092 31.35999870 47.59999847
v 38.95999908 31.35999870 47.84000015
v 38.95999908 31.51999855 44.47999954
v 39.04000092 31.51999855 44.55999756
v 39.04000092 31.43999863 44.63999939
v 39.04000092 31.43999863 47.68000031
v 39.04000092 31.51999855 47.75999832
v 38.95999908 31.51999855 47.84000015
v 38.95999908 31.51999855 48.00000000
v 38.95999908 31.67999840 44.31999969
v 38.95999908 31.67999840 44.47999954
v 39.04000092 31.67999840 44.55999756
v 38.95999908 31.67999840 47.84000015
v 39.04000092 31.67999840 47.75999832
v 38.95999908 31.67999840 48.00000000
v 38.95999908 31.84000015 44.15999985
v 39.04000092 31.84000015 44.23999786
v 39.04000092 31.76000023 44.31999969
v 39.04000092 31.76000023 44.47999954
v 38.95999908 31.84000015 47.84000015
v 39.04000092 31.84000015 47.75999832
v 38.95999908 31.84000015 48.00000000
v 38.95999908 32.00000000 44.15999985
v 39.04000092 32.00000000 44.23999786
v 38.95999908 32.00000000 47.84000015
v 39.04000092 32.00000000 47.75999832
v 38.95999908 32.00000000 48.00000000
v 38.95999908 32.15999985 44.15999985
v 39.04000092 32.15999985 44.23999786
v 38.95999908 32.15999985 47.84000015
v 39.04000092 32.15999985 47.75999832
v 38.95999908 32.31999969 44.15999985
v 39.04000092 32.31999969 44.23999786
v 38.95999908 32.31999969 47.84000015
v 39.04000092 32.31999969 47.75999832
v 38.95999908 32.47999954 44.15999985
v 39.04000092 32.47999954 44.23999786
v 39.04000092 32.47999954 47.75999832
v 38.95999908 32.63999939 44.15999985
v 39.04000092 32.63999939 44.23999786
v 38.95999908 32.63999939 47.68000031
v 39.04000092 32.55999756 47.68000031
v 39.04000092 32.63999939 47.59999847
v 39.04000092 32.79999924 44.23999786
v 39.04000092 32.79999924 47.59999847
v 39.04000092 32.88000107 44.31999969
v 38.95999908 32.95999908 44.47999954
v 39.04000092 32.88000107 44.47999954
v 38.95999908 32.95999908 44.63999939
v 39.04000092 32.88000107 44.63999939
v 39.04000092 32.95999908 44.71999741
v 38.95999908 32.95999908 47.52000046
v 39.04000092 32.88000107 47.52000046
v 39.04000092 32.95999908 47.43999863
v 38.95999908 33.11999893 44.63999939
v 39.04000092 33.11999893 44.71999741
v 39.04000092 33.11999893 47.43999863
v 39.04000092 33.27999878 44.71999741
v 38.95999908 33.27999878 47.20000076
v 39.04000092 33.20000076 47.20000076
v 39.04000092 33.27999878 47.11999893
v 39.04000092 33.20000076 47.36000061
v 39.04000092 33.36000061 44.79999924
v 38.95999908 33.43999863 44.79999924
v 39.04000092 33.43999863 44.87999725
v 38.95999908 33.43999863 46.71999741
v 39.04000092 33.36000061 46.71999741
v 39.04000092 33.43999863 46.63999939
v 38.95999908 33.43999863 46.87999725
v 39.04000092 33.36000061 46.87999725
v 38.95999908 33.43999863 47.03999710
v 39.04000092 33.36000061 47.03999710
v 38.95999908 33.43999863 47.20000076
v 38.95999908 33.59999847 44.95999908
v 39.04000092 33.52000046 44.95999908
v 38.95999908 33.59999847 45.11999893
v 39.04000092 33.52000046 45.11999893
v 38.95999908 33.59999847 45.27999878
v 39.04000092 33.52000046 45.27999878
v 38.95999908 33.59999847 45.43999863
v 39.04000092 33.52000046 45.43999863
v 39.04000092 33.59999847 45.52000046
v 38.95999908 33.59999847 46.07999802
v 39.04000092 33.52000046 46.07999802
v 39.04000092 33.59999847 46.00000000
v 38.95999908 33.59999847 46.23999786
v 39.04000092 33.52000046 46.23999786
v 38.95999908 33.59999847 46.39999771
v 39.04000092 33.52000046 46.39999771
v 38.95999908 33.59999847 46.55999756
v 39.04000092 33.52000046 46.55999756
v 38.95999908 33.59999847 46.71999741
v 38.95999908 33.59999847 46.87999725
v 38.95999908 33.75999832 45.43999863
v 39.04000092 33.68000031 45.59999847
v 38.95999908 33.75999832 45.59999847
v 38.95999908 33.75999832 45.75999832
v 39.04000092 33.68000031 45.75999832
v 39.04000092 33.68000031 45.91999817
v 39.11999893 31.03999901 45.91999817
v 39.11999893 31.03999901 46.07999802
v 39.11999893 31.03999901 46.23999786
v 39.11999893 31.03999901 46.39999771
v 39.11999893 31.03999901 46.55999756
v 39.11999893 31.03999901 46.71999741
v 39.11999893 31.03999901 46.87999725
v 39.11999893 31.03999901 47.03999710
v 39.11999893 31.03999901 47.20000076
v 39.11999893 31.19999886 45.11999893
v 39.11999893 31.19999886 45.27999878
v 39.11999893 31.19999886 45.43999863
v 39.11999893 31.19999886 45.59999847
v 39.20000076 31.19999886 45.68000031
v 39.20000076 31.11999893 45.75999832
v 39.20000076 31.11999893 45.91999817
v 39.20000076 31.11999893 46.07999802
v 39.20000076 31.11999893 46.23999786
v 39.20000076 31.11999893 46.39999771
v 39.20000076 31.11999893 46.55999756
v 39.20000076 31.11999893 46.71999741
v 39.20000076 31.11999893 46.87999725
v 39.20000076 31.19999886 46.95999908
v 39.11999893 31.19999886 47.03999710
v 39.11999893 31.19999886 47.20000076
v 39.11999893 31.19999886 47.36000061
v 39.11999893 31.19999886 47.52000046
v 39.11999893 31.35999870 44.79999924
v 39.11999893 31.35999870 44.95999908
v 39.11999893 31.35999870 45.11999893
v 39.11999893 31.35999870 45.27999878
v 39.20000076 31.35999870 45.36000061
v 39.20000076 31.27999878 45.43999863
v 39.20000076 31.27999878 45.59999847
v 39.20000076 31.27999878 47.03999710
v 39.20000076 31.27999878 47.20000076
v 39.20000076 31.35999870 47.27999878
v 39.11999893 31.35999870 47.36000061
v 39.11999893 31.35999870 47.52000046
v 39.11999893 31.51999855 44.63999939
v 39.20000076 31.51999855 44.71999741
v 39.20000076 31.43999863 44.79999924
v 39.20000076 31.43999863 44.95999908
v 39.20000076 31.43999863 45.11999893
v 39.20000076 31.43999863 45.27999878
v 39.20000076 31.43999863 47.36000061
v 39.20000076 31.43999863 47.52000046
v 39.11999893 31.51999855 47.68000031
v 39.20000076 31.51999855 47.59999847
v 39.11999893 31.67999840 44.63999939
v 39.20000076 31.67999840 44.71999741
v 39.11999893 31.67999840 47.68000031
v 39.20000076 31.67999840 47.59999847
v 39.11999893 31.84000015 44.31999969
v 39.11999893 31.84000015 44.47999954
v 39.20000076 31.84000015 44.55999756
v 39.20000076 31.76000023 44.63999939
v 39.11999893 31.84000015 47.68000031
v 39.20000076 31.84000015 47.59999847
v 39.11999893 32.00000000 44.31999969
v 39.20000076 32.00000000 44.39999771
v 39.20000076 31.92000008 44.47999954
v 39.11999893 32.00000000 47.68000031
v 39.20000076 32.00000000 47.59999847
v 39.11999893 32.15999985 44.31999969
v 39.20000076 32.15999985 44.39999771
v 39.11999893 32.15999985 47.68000031
v 39.20000076 32.15999985 47.59999847
v 39.11999893 32.31999969 44.31999969
v 39.20000076 32.31999969 44.39999771
v 39.11999893 32.31999969 47.68000031
v 39.20000076 32.31999969 47.59999847
v 39.11999893 32.47999954 44.31999969
v 39.20000076 32.47999954 44.39999771
v 39.11999893 32.47999954 47.68000031
v 39.20000076 32.47999954 47.59999847
v 39.11999893 32.63999939 44.31999969
v 39.20000076 32.63999939 44.39999771
v 39.11999893 32.63999939 47.52000046
v 39.20000076 32.55999756 47.52000046
v 39.20000076 32.63999939 47.43999863
v 39.11999893 32.79999924 44.31999969
v 39.20000076 32.71999741 44.47999954
v 39.11999893 32.79999924 44.47999954
v 39.11999893 32.79999924 44.63999939
v 39.20000076 32.71999741 44.63999939
v 39.20000076 32.79999924 44.71999741
v 39.11999893 32.79999924 47.52000046
v 39.20000076 32.79999924 47.43999863
v 39.11999893 32.95999908 44.79999924
v 39.20000076 32.88000107 44.79999924
v 39.20000076 32.95999908 44.87999725
v 39.11999893 32.95999908 47.36000061
v 39.20000076 32.88000107 47.36000061
v 39.20000076 32.95999908 47.27999878
v 39.11999893 33.11999893 44.79999924
v 39.20000076 33.04000092 44.95999908
v 39.11999893 33.11999893 44.95999908
v 39.11999893 33.11999893 45.11999893
v 39.20000076 33.04000092 45.11999893
v 39.20000076 33.11999893 45.20000076
v 39.11999893 33.11999893 47.03999710
v 39.20000076 33.04000092 47.03999710
v 39.20000076 33.11999893 46.95999908
v 39.11999893 33.11999893 47.20000076
v 39.20000076 33.04000092 47.20000076
v 39.11999893 33.11999893 47.36000061
v 39.11999893 33.27999878 44.79999924
v 39.11999893 33.27999878 44.95999908
v 39.11999893 33.27999878 45.11999893
v 39.20000076 33.27999878 45.20000076
v 39.11999893 33.27999878 46.87999725
v 39.20000076 33.20000076 46.87999725
v 39.20000076 33.27999878 46.79999924
v 39.11999893 33.27999878 47.03999710
v 39.11999893 33.43999863 44.95999908
v 39.11999893 33.43999863 45.11999893
v 39.20000076 33.36000061 45.27999878
v 39.11999893 33.43999863 45.27999878
v 39.20000076 33.43999863 45.36000061
v 39.11999893 33.43999863 46.07999802
v 39.20000076 33.36000061 46.07999802
v 39.20000076 33.43999863 46.00000000
v 39.11999893 33.43999863 46.23999786
v 39.20000076 33.36000061 46.23999786
v 39.11999893 33.43999863 46.39999771
v 39.20000076 33.36000061 46.39999771
v 39.11999893 33.43999863 46.55999756
v 39.20000076 33.36000061 46.55999756
v 39.20000076 33.36000061 46.71999741
v 39.20000076 33.52000046 45.43999863
v 39.11999893 33.59999847 45.59999847
v 39.20000076 33.52000046 45.59999847
v 39.11999893 33.59999847 45.75999832
v 39.20000076 33.52000046 45.75999832
v 39.11999893 33.59999847 45.91999817
v 39.20000076 33.52000046 45.91999817
v 39.27999878 31.19999886 45.75999832
v 39.27999878 31.19999886 45.91999817
v 39.27999878 31.19999886 46.07999802
v 39.27999878 31.19999886 46.23999786
v 39.27999878 31.19999886 46.39999771
v 39.27999878 31.19999886 46.55999756
v 39.27999878 31.19999886 46.71999741
v 39.27999878 31.19999886 46.87999725
v 39.27999878 31.35999870 45.43999863
v 39.27999878 31.35999870 45.59999847
v 39.27999878 31.35999870 45.75999832
v 39.36000061 31.35999870 45.84000015
v 39.36000061 31.27999878 45.91999817
v 39.36000061 31.27999878 46.07999802
v 39.36000061 31.27999878 46.23999786
v 39.36000061 31.27999878 46.39999771
v 39.36000061 31.27999878 46.55999756
v 39.36000061 31.27999878 46.71999741
v 39.36000061 31.27999878 46.87999725
v 39.36000061 31.27999878 47.03999710
v 39.27999878 31.35999870 47.20000076
v 39.36000061 31.35999870 47.11999893
v 39.27999878 31.51999855 44.79999924
v 39.27999878 31.51999855 44.95999908
v 39.27999878 31.51999855 45.11999893
v 39.27999878 31.51999855 45.27999878
v 39.27999878 31.51999855 45.43999863
v 39.27999878 31.51999855 45.59999847
v 39.36000061 31.51999855 45.68000031
v 39.36000061 31.43999863 45.75999832
v 39.36000061 31.43999863 47.20000076
v 39.27999878 31.51999855 47.36000061
v 39.36000061 31.51999855 47.27999878
v 39.27999878 31.51999855 47.52000046
v 39.27999878 31.67999840 44.79999924
v 39.27999878 31.67999840 44.95999908
v 39.36000061 31.67999840 45.03999710
v 39.36000061 31.59999847 45.11999893
v 39.36000061 31.59999847 45.27999878
v 39.36000061 31.59999847 45.43999863
v 39.36000061 31.59999847 45.59999847
v 39.36000061 31.59999847 47.36000061
v 39.36000061 31.67999840 47.43999863
v 39.27999878 31.67999840 47.52000046
v 39.27999878 31.84000015 44.63999939
v 39.27999878 31.84000015 44.79999924
v 39.36000061 31.84000015 44.87999725
v 39.36000061 31.76000023 44.95999908
v 39.27999878 31.84000015 47.52000046
v 39.36000061 31.84000015 47.43999863
v 39.27999878 32.00000000 44.47999954
v 39.27999878 32.00000000 44.63999939
v 39.27999878 32.00000000 44.79999924
v 39.36000061 32.00000000 44.87999725
v 39.27999878 32.00000000 47.52000046
v 39.36000061 32.00000000 47.43999863
v 39.27999878 32.15999985 44.47999954
v 39.27999878 32.15999985 44.63999939
v 39.36000061 32.15999985 44.71999741
v 39.36000061 32.07999802 44.79999924
v 39.27999878 32.15999985 47.52000046
v 39.36000061 32.15999985 47.43999863
v 39.27999878 32.31999969 44.47999954
v 39.27999878 32.31999969 44.63999939
v 39.36000061 32.31999969 44.71999741
v 39.27999878 32.31999969 47.52000046
v 39.36000061 32.31999969 47.43999863
v 39.27999878 32.47999954 44.47999954
v 39.27999878 32.47999954 44.63999939
v 39.36000061 32.47999954 44.71999741
v 39.27999878 32.47999954 47.36000061
v 39.36000061 32.39999771 47.36000061
v 39.36000061 32.47999954 47.27999878
v 39.27999878 32.47999954 47.52000046
v 39.27999878 32.63999939 44.47999954
v 39.27999878 32.63999939 44.63999939
v 39.36000061 32.55999756 44.79999924
v 39.27999878 32.63999939 44.79999924
v 39.27999878 32.63999939 44.95999908
v 39.36000061 32.55999756 44.95999908
v 39.27999878 32.63999939 45.11999893
v 39.36000061 32.55999756 45.11999893
v 39.27999878 32.63999939 45.27999878
v 39.36000061 32.55999756 45.27999878
v 39.36000061 32.63999939 45.36000061
v 39.27999878 32.63999939 47.20000076
v 39.36000061 32.55999756 47.20000076
v 39.36000061 32.63999939 47.11999893
v 39.27999878 32.63999939 47.36000061
v 39.27999878 32.79999924 44.79999924
v 39.27999878 32.79999924 44.95999908
v 39.27999878 32.79999924 45.11999893
v 39.27999878 32.79999924 45.27999878
v 39.36000061 32.79999924 45.36000061
v 39.27999878 32.79999924 47.20000076
v 39.36000061 32.79999924 47.11999893
v 39.27999878 32.79999924 47.36000061
v 39.27999878 32.95999908 44.95999908
v 39.27999878 32.95999908 45.11999893
v 39.27999878 32.95999908 45.27999878
v 39.36000061 32.95999908 45.36000061
v 39.27999878 32.95999908 47.03999710
v 39.36000061 32.88000107 47.03999710
v 39.36000061 32.95999908 46.95999908
v 39.27999878 32.95999908 47.20000076
v 39.27999878 33.11999893 45.27999878
v 39.36000061 33.11999893 45.36000061
v 39.27999878 33.11999893 46.87999725
v 39.36000061 33.04000092 46.87999725
v 39.36000061 33.11999893 46.79999924
v 39.27999878 33.27999878 45.27999878
v 39.36000061 33.20000076 45.43999863
v 39.27999878 33.27999878 45.43999863
v 39.27999878 33.27999878 45.59999847
v 39.36000061 33.20000076 45.59999847
v 39.27999878 33.27999878 45.75999832
v 39.36000061 33.20000076 45.75999832
v 39.27999878 33.27999878 45.91999817
v 39.36000061 33.20000076 45.91999817
v 39.27999878 33.27999878 46.07999802
v 39.36000061 33.20000076 46.07999802
v 39.27999878 33.27999878 46.23999786
v 39.36000061 33.20000076 46.23999786
v 39.27999878 33.27999878 46.39999771
v 39.36000061 33.20000076 46.39999771
v 39.27999878 33.27999878 46.55999756
v 39.36000061 33.20000076 46.55999756
v 39.27999878 33.27999878 46.71999741
v 39.36000061 33.20000076 46.71999741
v 39.27999878 33.43999863 45.43999863
v 39.27999878 33.43999863 45.59999847
v 39.27999878 33.43999863 45.75999832
v 39.27999878 33.43999863 45.91999817
v 39.43999863 31.35999870 45.91999817
v 39.43999863 31.35999870 46.07999802
v 39.43999863 31.35999870 46.23999786
v 39.43999863 31.35999870 46.39999771
v 39.43999863 31.35999870 46.55999756
v 39.43999863 31.35999870 46.71999741
v 39.43999863 31.35999870 46.87999725
v 39.43999863 31.35999870 47.03999710
v 39.43999863 31.51999855 45.75999832
v 39.43999863 31.51999855 45.91999817
v 39.43999863 31.51999855 46.07999802
v 39.43999863 31.51999855 46.23999786
v 39.52000046 31.51999855 46.31999969
v 39.52000046 31.43999863 46.39999771
v 39.52000046 31.43999863 46.55999756
v 39.52000046 31.43999863 46.71999741
v 39.52000046 31.43999863 46.87999725
v 39.52000046 31.51999855 46.95999908
v 39.43999863 31.51999855 47.03999710
v 39.43999863 31.51999855 47.20000076
v 39.43999863 31.67999840 45.11999893
v 39.43999863 31.67999840 45.27999878
v 39.43999863 31.67999840 45.43999863
v 39.43999863 31.67999840 45.59999847
v 39.43999863 31.67999840 45.75999832
v 39.52000046 31.67999840 45.84000015
v 39.52000046 31.59999847 45.91999817
v 39.52000046 31.59999847 46.07999802
v 39.52000046 31.59999847 46.23999786
v 39.43999863 31.67999840 47.03999710
v 39.52000046 31.67999840 46.95999908
v 39.43999863 31.67999840 47.20000076
v 39.43999863 31.67999840 47.36000061
v 39.43999863 31.84000015 44.95999908
v 39.43999863 31.84000015 45.11999893
v 39.43999863 31.84000015 45.27999878
v 39.43999863 31.84000015 45.43999863
v 39.43999863 31.84000015 45.59999847
v 39.43999863 31.84000015 45.75999832
v 39.52000046 31.84000015 45.84000015
v 39.52000046 31.76000023 47.03999710
v 39.52000046 31.84000015 47.11999893
v 39.43999863 31.84000015 47.20000076
v 39.43999863 31.84000015 47.36000061
v 39.43999863 32.00000000 44.95999908
v 39.43999863 32.00000000 45.11999893
v 39.43999863 32.00000000 45.27999878
v 39.43999863 32.00000000 45.43999863
v 39.43999863 32.00000000 45.59999847
v 39.43999863 32.00000000 45.75999832
v 39.52000046 32.00000000 45.84000015
v 39.43999863 32.00000000 47.20000076
v 39.52000046 32.00000000 47.11999893
v 39.43999863 32.00000000 47.36000061
v 39.43999863 32.15999985 44.79999924
v 39.43999863 32.15999985 44.95999908
v 39.43999863 32.15999985 45.11999893
v 39.43999863 32.15999985 45.27999878
v 39.43999863 32.15999985 45.43999863
v 39.52000046 32.15999985 45.52000046
v 39.52000046 32.07999802 45.59999847
v 39.52000046 32.07999802 45.75999832
v 39.43999863 32.15999985 47.20000076
v 39.52000046 32.15999985 47.11999893
v 39.43999863 32.15999985 47.36000061
v 39.43999863 32.31999969 44.79999924
v 39.43999863 32.31999969 44.95999908
v 39.43999863 32.31999969 45.11999893
v 39.43999863 32.31999969 45.27999878
v 39.43999863 32.31999969 45.43999863
v 39.52000046 32.31999969 45.52000046
v 39.43999863 32.31999969 47.03999710
v 39.52000046 32.23999786 47.03999710
v 39.52000046 32.31999969 46.95999908
v 39.43999863 32.31999969 47.20000076
v 39.43999863 32.31999969 47.36000061
v 39.43999863 32.47999954 44.79999924
v 39.43999863 32.47999954 44.95999908
v 39.43999863 32.47999954 45.11999893
v 39.43999863 32.47999954 45.27999878
v 39.43999863 32.47999954 45.43999863
v 39.52000046 32.47999954 45.52000046
v 39.43999863 32.47999954 47.03999710
v 39.52000046 32.47999954 46.95999908
v 39.43999863 32.47999954 47.20000076
v 39.43999863 32.63999939 45.43999863
v 39.52000046 32.63999939 45.52000046
v 39.43999863 32.63999939 46.87999725
v 39.52000046 32.55999756 46.87999725
v 39.52000046 32.63999939 46.79999924
v 39.43999863 32.63999939 47.03999710
v 39.43999863 32.79999924 45.43999863
v 39.52000046 32.79999924 45.52000046
v 39.43999863 32.79999924 46.55999756
v 39.52000046 32.71999741 46.55999756
v 39.52000046 32.79999924 46.47999954
v 39.43999863 32.79999924 46.71999741
v 39.52000046 32.71999741 46.71999741
v 39.43999863 32.79999924 46.87999725
v 39.43999863 32.79999924 47.03999710
v 39.43999863 32.95999908 45.43999863
v 39.52000046 32.88000107 45.59999847
v 39.43999863 32.95999908 45.59999847
v 39.43999863 32.95999908 45.75999832
v 39.52000046 32.88000107 45.75999832
v 39.43999863 32.95999908 45.91999817
v 39.52000046 32.88000107 45.91999817
v 39.43999863 32.95999908 46.07999802
v 39.52000046 32.88000107 46.07999802
v 39.43999863 32.95999908 46.23999786
v 39.52000046 32.88000107 46.23999786
v 39.43999863 32.95999908 46.39999771
v 39.52000046 32.88000107 46.39999771
v 39.43999863 32.95999908 46.55999756
v 39.43999863 32.95999908 46.71999741
v 39.43999863 32.95999908 46.87999725
v 39.43999863 33.11999893 45.43999863
v 39.43999863 33.11999893 45.59999847
v 39.43999863 33.11999893 45.75999832
v 39.43999863 33.11999893 45.91999817
v 39.43999863 33.11999893 46.07999802
v 39.43999863 33.11999893 46.23999786
v 39.43999863 33.11999893 46.39999771
v 39.43999863 33.11999893 46.55999756
v 39.43999863 33.11999893 46.71999741
v 39.59999847 31.51999855 46.39999771
v 39.59999847 31.51999855 46.55999756
v 39.59999847 31.51999855 46.71999741
v 39.59999847 31.51999855 46.87999725
v 39.59999847 31.67999840 45.91999817
v 39.59999847 31.67999840 46.07999802
v 39.59999847 31.67999840 46.23999786
v 39.59999847 31.67999840 46.39999771
v 39.59999847 31.67999840 46.55999756
v 39.59999847 31.67999840 46.71999741
v 39.59999847 31.67999840 46.87999725
v 39.59999847 31.84000015 45.91999817
v 39.59999847 31.84000015 46.07999802
v 39.59999847 31.84000015 46.23999786
v 39.59999847 31.84000015 46.39999771
v 39.59999847 31.84000015 46.55999756
v 39.59999847 31.84000015 46.71999741
v 39.59999847 31.84000015 46.87999725
v 39.59999847 31.84000015 47.03999710
v 39.59999847 32.00000000 45.91999817
v 39.59999847 32.00000000 46.07999802
v 39.59999847 32.00000000 46.23999786
v 39.59999847 32.00000000 46.39999771
v 39.59999847 32.00000000 46.55999756
v 39.59999847 32.00000000 46.71999741
v 39.59999847 32.00000000 46.87999725
v 39.59999847 32.00000000 47.03999710
v 39.59999847 32.15999985 45.59999847
v 39.59999847 32.15999985 45.75999832
v 39.59999847 32.15999985 45.91999817
v 39.59999847 32.15999985 46.07999802
v 39.59999847 32.15999985 46.23999786
v 39.59999847 32.15999985 46.39999771
v 39.59999847 32.15999985 46.55999756
v 39.59999847 32.15999985 46.71999741
v 39.59999847 32.15999985 46.87999725
v 39.59999847 32.15999985 47.03999710
v 39.59999847 32.31999969 45.59999847
v 39.59999847 32.31999969 45.75999832
v 39.59999847 32.31999969 45.91999817
v 39.59999847 32.31999969 46.07999802
v 39.59999847 32.31999969 46.23999786
v 39.59999847 32.31999969 46.39999771
v 39.59999847 32.31999969 46.55999756
v 39.59999847 32.31999969 46.71999741
v 39.59999847 32.31999969 46.87999725
v 39.59999847 32.47999954 45.59999847
v 39.59999847 32.47999954 45.75999832
v 39.59999847 32.47999954 45.91999817
v 39.59999847 32.47999954 46.07999802
v 39.59999847 32.47999954 46.23999786
v 39.59999847 32.47999954 46.39999771
v 39.59999847 32.47999954 46.55999756
v 39.59999847 32.47999954 46.71999741
v 39.59999847 32.47999954 46.87999725
v 39.59999847 32.63999939 45.59999847
v 39.59999847 32.63999939 45.75999832
v 39.59999847 32.63999939 45.91999817
v 39.59999847 32.63999939 46.07999802
v 39.59999847 32.63999939 46.23999786
v 39.59999847 32.63999939 46.39999771
v 39.59999847 32.63999939 46.55999756
v 39.59999847 32.63999939 46.71999741
v 39.59999847 32.79999924 45.59999847
v 39.59999847 32.79999924 45.75999832
v 39.59999847 32.79999924 45.91999817
v 39.59999847 32.79999924 46.07999802
v 39.59999847 32.79999924 46.23999786
v 39.59999847 32.79999924 46.39999771
f 3 2 1
f 5 4 1
f 1 4 3
f 7 6 5
f 5 6 4
f 7 8 6
f 11 10 9
f 13 12 9
f 9 12 11
f 12 13 2
f 13 1 2
f 13 14 1
f 1 15 5
f 1 14 15
f 5 16 7
f 5 15 16
f 8 7 17
f 7 18 17
f 7 16 18
f 20 19 18
f 18 19 17
f 20 21 19
f 24 23 22
f 24 22 10
f 22 9 10
f 22 25 9
f 9 26 13
f 9 25 26
f 13 27 14
f 13 26 27
f 14 28 15
f 14 27 28
f 15 29 16
f 15 28 29
f 16 30 18
f 16 29 30
f 18 31 20
f 18 30 31
f 21 20 32
f 32 20 31
f 22 23 33
f 33 23 34
f 22 35 25
f 22 33 35
f 25 36 26
f 25 35 36
f 26 37 27
f 26 36 37
f 27 38 28
f 27 37 38
f 28 39 29
f 28 38 39
f 29 40 30
f 29 39 40
f 30 41 31
f 30 40 41
f 32 31 42
f 42 31 41
f 45 44 43
f 45 43 34
f 43 33 34
f 43 46 33
f 33 47 35
f 33 46 47
f 35 48 36
f 35 47 48
f 36 49 37
f 36 48 49
f 37 50 38
f 37 49 50
f 38 51 39
f 38 50 51
f 39 52 40
f 39 51 52
f 40 53 41
f 40 52 53
f 42 41 54
f 54 41 53
f 43 44 55
f 55 44 56
f 43 57 46
f 43 55 57
f 46 58 47
f 46 57 58
f 47 59 48
f 47 58 59
f 48 60 49
f 48 59 60
f 49 61 50
f 49 60 61
f 50 62 51
f 50 61 62
f 51 63 52
f 51 62 63
f 52 64 53
f 52 63 64
f 54 53 65
f 65 53 64
f 55 56 66
f 66 56 67
f 55 68 57
f 55 66 68
f 57 69 58
f 57 68 69
f 58 70 59
f 58 69 70
f 59 71 60
f 59 70 71
f 60 72 61
f 60 71 72
f 61 73 62
f 61 72 73
f 62 74 63
f 62 73 74
f 63 75 64
f 63 74 75
f 65 64 76
f 76 64 75
f 67 77 66
f 79 78 77
f 78 66 77
f 78 68 66
f 68 80 69
f 68 78 80
f 69 81 70
f 69 80 81
f 70 82 71
f 70 81 82
f 71 83 72
f 71 82 83
f 72 84 73
f 72 83 84
f 86 74 85
f 74 84 85
f 74 73 84
f 74 86 75
f 75 86 87
f 75 87 76
f 79 88 78
f 90 89 88
f 89 78 88
f 89 80 78
f 80 91 81
f 80 89 91
f 81 92 82
f 81 91 92
f 82 93 83
f 82 92 93
f 83 94 84
f 83 93 94
f 85 84 95
f 95 84 94
f 90 96 89
f 89 96 91
f 91 96 97
f 91 97 92
f 92 97 98
f 92 98 93
f 93 98 99
f 93 99 94
f 94 99 100
f 94 100 95
f 103 102 101
f 105 104 101
f 101 104 103
f 107 106 105
f 105 106 104
f 109 108 107
f 107 108 106
f 111 110 109
f 109 110 108
f 111 112 110
f 115 114 113
f 117 116 113
f 113 116 115
f 119 118 117
f 117 118 116
f 121 120 119
f 119 120 118
f 120 121 102
f 102 121 101
f 121 2 101
f 2 3 101
f 101 3 4
f 101 4 105
f 105 4 6
f 105 6 107
f 107 6 8
f 122 107 8
f 109 107 122
f 109 123 111
f 109 122 123
f 112 111 124
f 111 125 124
f 111 123 125
f 125 126 124
f 129 128 127
f 129 127 114
f 127 113 114
f 127 130 113
f 113 131 117
f 113 130 131
f 131 10 11
f 119 131 11
f 117 131 119
f 119 11 12
f 119 12 121
f 121 12 2
f 17 122 8
f 122 17 19
f 122 19 123
f 123 19 21
f 132 123 21
f 125 123 132
f 126 125 133
f 133 125 132
f 136 135 134
f 136 134 128
f 134 127 128
f 134 137 127
f 127 138 130
f 127 137 138
f 138 23 24
f 131 138 24
f 130 138 131
f 131 24 10
f 32 139 132
f 32 132 21
f 133 132 140
f 140 132 139
f 134 135 141
f 141 135 142
f 134 143 137
f 134 141 143
f 137 144 138
f 137 143 144
f 144 34 23
f 144 23 138
f 42 145 139
f 42 139 32
f 140 139 146
f 139 147 146
f 139 145 147
f 147 148 146
f 141 142 149
f 149 142 150
f 141 151 143
f 141 149 151
f 151 44 45
f 144 151 45
f 143 151 144
f 144 45 34
f 54 152 145
f 54 145 42
f 145 153 147
f 145 152 153
f 148 147 154
f 154 147 153
f 149 150 155
f 155 150 156
f 149 157 151
f 149 155 157
f 157 56 44
f 157 44 151
f 65 158 152
f 65 152 54
f 152 159 153
f 152 158 159
f 154 153 160
f 160 153 159
f 155 156 161
f 161 156 162
f 155 163 157
f 155 161 163
f 163 67 56
f 163 56 157
f 76 164 158
f 76 158 65
f 166 159 165
f 159 164 165
f 159 158 164
f 159 166 160
f 161 162 167
f 167 162 168
f 161 169 163
f 161 167 169
f 170 77 67
f 163 170 67
f 169 170 163
f 170 79 77
f 85 171 86
f 172 87 86
f 172 86 171
f 164 76 87
f 172 164 87
f 173 164 172
f 165 164 174
f 174 164 173
f 167 168 175
f 175 168 176
f 167 177 169
f 167 175 177
f 169 178 170
f 169 177 178
f 179 88 79
f 170 179 79
f 178 179 170
f 179 90 88
f 95 180 171
f 95 171 85
f 182 172 181
f 172 180 181
f 172 171 180
f 172 182 173
f 173 182 183
f 173 183 174
f 176 184 175
f 175 184 177
f 177 184 185
f 177 185 178
f 178 185 186
f 188 187 186
f 187 178 186
f 187 179 178
f 189 96 90
f 179 189 90
f 187 189 179
f 190 97 96
f 190 96 189
f 191 98 97
f 191 97 190
f 192 99 98
f 192 98 191
f 99 192 193
f 194 99 193
f 100 99 194
f 95 100 180
f 100 195 180
f 100 194 195
f 180 195 181
f 188 196 187
f 187 196 189
f 189 196 197
f 189 197 190
f 190 197 198
f 190 198 191
f 191 198 199
f 191 199 192
f 192 199 200
f 192 200 193
f 203 202 201
f 205 204 201
f 201 204 203
f 207 206 205
f 205 206 204
f 209 208 207
f 207 208 206
f 211 210 209
f 209 210 208
f 213 212 211
f 211 212 210
f 215 214 213
f 213 214 212
f 217 216 215
f 215 216 214
f 219 218 217
f 217 218 216
f 221 220 219
f 219 220 218
f 221 222 220
f 225 224 223
f 227 226 223
f 223 226 225
f 226 227 202
f 227 201 202
f 227 228 201
f 201 229 205
f 201 228 229
f 205 230 207
f 205 229 230
f 230 102 103
f 209 230 103
f 207 230 209
f 209 103 104
f 209 104 211
f 211 104 106
f 211 106 213
f 213 106 108
f 213 108 215
f 215 108 110
f 215 110 217
f 217 110 112
f 231 217 112
f 219 217 231
f 219 232 221
f 219 231 232
f 222 221 233
f 233 221 232
f 236 235 234
f 236 234 224
f 234 223 224
f 234 237 223
f 237 114 115
f 227 237 115
f 223 237 227
f 227 115 116
f 227 116 228
f 228 116 118
f 228 118 229
f 229 118 120
f 229 120 230
f 230 120 102
f 124 231 112
f 231 124 126
f 238 231 126
f 232 231 238
f 233 232 239
f 232 240 239
f 232 238 240
f 240 241 239
f 244 243 242
f 244 242 235
f 242 234 235
f 242 245 234
f 245 128 129
f 237 245 129
f 234 245 237
f 237 129 114
f 133 246 238
f 133 238 126
f 238 247 240
f 238 246 247
f 241 240 248
f 248 240 247
f 242 243 249
f 249 243 250
f 249 135 136
f 245 249 136
f 242 249 245
f 245 136 128
f 140 251 246
f 140 246 133
f 246 252 247
f 246 251 252
f 248 247 253
f 253 247 252
f 249 250 254
f 254 250 255
f 254 142 135
f 254 135 249
f 146 251 140
f 251 146 148
f 256 251 148
f 252 251 256
f 253 252 257
f 257 252 256
f 254 255 258
f 258 255 259
f 258 150 142
f 258 142 254
f 154 260 256
f 154 256 148
f 257 256 261
f 261 256 260
f 258 259 262
f 262 259 263
f 262 156 150
f 262 150 258
f 160 264 260
f 160 260 154
f 261 260 265
f 265 260 264
f 262 263 266
f 266 263 267
f 266 162 156
f 266 156 262
f 165 268 166
f 264 160 166
f 268 264 166
f 269 264 268
f 265 264 270
f 270 264 269
f 266 267 271
f 271 267 272
f 271 168 162
f 271 162 266
f 174 273 268
f 174 268 165
f 268 274 269
f 268 273 274
f 270 269 275
f 275 269 274
f 272 276 271
f 168 271 276
f 277 168 276
f 176 168 277
f 181 278 182
f 279 183 182
f 279 182 278
f 279 280 183
f 183 280 174
f 280 281 174
f 281 273 174
f 273 281 274
f 274 281 282
f 274 282 275
f 184 176 283
f 176 284 283
f 176 277 284
f 285 185 184
f 285 184 283
f 286 186 185
f 286 185 285
f 286 188 186
f 193 287 194
f 288 195 194
f 288 194 287
f 288 289 195
f 195 289 181
f 289 290 181
f 290 278 181
f 278 290 279
f 279 290 291
f 279 291 280
f 284 292 283
f 294 293 292
f 293 283 292
f 293 285 283
f 285 295 286
f 285 293 295
f 296 196 188
f 286 296 188
f 295 296 286
f 297 197 196
f 297 196 296
f 197 297 298
f 299 197 298
f 198 197 299
f 198 300 199
f 299 300 198
f 199 301 200
f 300 301 199
f 193 200 287
f 200 302 287
f 200 301 302
f 287 302 288
f 288 302 303
f 288 303 289
f 294 304 293
f 293 304 295
f 295 304 305
f 295 305 296
f 296 305 306
f 296 306 297
f 297 306 307
f 297 307 298
f 310 309 308
f 312 311 308
f 308 311 310
f 314 313 312
f 312 313 311
f 314 315 313
f 318 317 316
f 320 319 316
f 316 319 318
f 322 321 320
f 320 321 319
f 324 323 322
f 322 323 321
f 326 325 324
f 324 325 323
f 328 327 326
f 326 327 325
f 327 328 309
f 328 308 309
f 328 329 308
f 308 330 312
f 308 329 330
f 312 331 314
f 312 330 331
f 315 314 332
f 314 333 332
f 314 331 333
f 335 334 333
f 333 334 332
f 335 336 334
f 339 338 337
f 339 337 317
f 337 316 317
f 337 340 316
f 340 202 203
f 320 340 203
f 316 340 320
f 320 203 204
f 320 204 322
f 322 204 206
f 322 206 324
f 324 206 208
f 324 208 326
f 326 208 210
f 326 210 328
f 328 210 212
f 328 212 329
f 329 212 214
f 329 214 330
f 330 214 216
f 330 216 331
f 331 216 218
f 331 218 333
f 333 218 220
f 333 220 335
f 342 341 222
f 222 341 220
f 341 336 220
f 336 335 220
f 342 343 341
f 346 345 344
f 348 347 344
f 344 347 346
f 347 348 338
f 338 348 337
f 348 224 337
f 224 225 337
f 337 225 226
f 337 226 340
f 340 226 202
f 233 349 342
f 233 342 222
f 343 342 350
f 342 351 350
f 342 349 351
f 351 352 350
f 344 345 353
f 353 345 354
f 353 235 236
f 348 353 236
f 344 353 348
f 348 236 224
f 239 349 233
f 349 239 241
f 355 349 241
f 351 349 355
f 352 351 356
f 356 351 355
f 359 358 357
f 359 357 354
f 354 357 353
f 357 243 353
f 243 244 353
f 353 244 235
f 248 360 355
f 248 355 241
f 356 355 361
f 361 355 360
f 357 358 362
f 362 358 363
f 362 250 243
f 362 243 357
f 253 364 360
f 253 360 248
f 361 360 365
f 365 360 364
f 362 363 366
f 366 363 367
f 366 255 250
f 366 250 362
f 257 368 364
f 257 364 253
f 365 364 369
f 369 364 368
f 366 367 370
f 370 367 371
f 370 259 255
f 370 255 366
f 261 372 368
f 261 368 257
f 369 368 373
f 373 368 372
f 370 371 374
f 374 371 375
f 374 263 259
f 374 259 370
f 265 376 372
f 265 372 261
f 373 372 377
f 377 372 376
f 374 375 378
f 378 375 379
f 378 267 263
f 378 263 374
f 381 380 376
f 265 381 376
f 270 381 265
f 376 380 377
f 378 379 382
f 382 379 383
f 382 272 267
f 382 267 378
f 275 381 270
f 275 384 381
f 383 385 382
f 385 387 386
f 385 386 276
f 382 385 276
f 272 382 276
f 386 277 276
f 280 388 281
f 281 388 389
f 390 281 389
f 282 281 390
f 275 282 384
f 384 282 390
f 386 387 391
f 391 387 392
f 391 284 277
f 391 277 386
f 289 393 290
f 394 291 290
f 394 290 393
f 394 395 291
f 291 395 280
f 395 396 280
f 396 388 280
f 388 396 389
f 392 397 391
f 397 399 398
f 397 398 292
f 391 397 292
f 284 391 292
f 398 294 292
f 298 400 299
f 401 300 299
f 401 299 400
f 402 301 300
f 402 300 401
f 403 302 301
f 403 301 402
f 404 303 302
f 404 302 403
f 393 289 303
f 404 393 303
f 405 393 404
f 407 394 406
f 394 405 406
f 394 393 405
f 394 407 395
f 399 408 398
f 408 410 409
f 408 409 304
f 398 408 304
f 294 398 304
f 411 305 304
f 411 304 409
f 412 306 305
f 412 305 411
f 413 307 306
f 413 306 412
f 413 414 307
f 307 414 298
f 414 415 298
f 415 400 298
f 400 415 401
f 401 415 416
f 401 416 402
f 402 416 417
f 402 417 403
f 403 417 418
f 403 418 404
f 404 418 419
f 404 419 405
f 405 419 420
f 405 420 406
f 410 421 409
f 409 421 411
f 411 421 422
f 411 422 412
f 412 422 423
f 412 423 413
f 413 423 424
f 413 424 414
f 427 426 425
f 429 428 425
f 425 428 427
f 431 430 429
f 429 430 428
f 433 432 431
f 431 432 430
f 435 434 433
f 433 434 432
f 435 436 434
f 439 438 437
f 441 440 437
f 437 440 439
f 443 442 441
f 441 442 440
f 442 443 426
f 443 425 426
f 443 444 425
f 425 445 429
f 425 444 445
f 445 309 310
f 431 445 310
f 429 445 431
f 431 310 311
f 431 311 433
f 433 311 313
f 433 313 435
f 447 446 315
f 315 446 313
f 446 436 313
f 436 435 313
f 449 448 447
f 447 448 446
f 449 450 448
f 453 452 451
f 317 318 451
f 318 453 451
f 318 454 453
f 319 437 438
f 454 319 438
f 318 319 454
f 437 319 321
f 437 321 441
f 441 321 323
f 441 323 443
f 443 323 325
f 443 325 444
f 444 325 327
f 444 327 445
f 445 327 309
f 332 447 315
f 447 332 334
f 447 334 449
f 456 455 336
f 336 455 334
f 455 450 334
f 450 449 334
f 456 457 455
f 460 459 458
f 462 461 458
f 458 461 460
f 461 462 452
f 452 462 451
f 462 338 451
f 338 339 451
f 451 339 317
f 341 456 336
f 464 463 343
f 343 463 341
f 463 457 341
f 457 456 341
f 464 465 463
f 468 467 466
f 468 466 459
f 459 466 458
f 466 345 458
f 345 346 458
f 458 346 347
f 458 347 462
f 462 347 338
f 350 464 343
f 470 469 352
f 352 469 350
f 469 465 350
f 465 464 350
f 470 471 469
f 466 467 472
f 472 467 473
f 472 354 345
f 472 345 466
f 356 474 470
f 356 470 352
f 471 470 475
f 475 470 474
f 478 477 476
f 478 476 473
f 473 476 472
f 476 358 472
f 358 359 472
f 472 359 354
f 361 479 474
f 361 474 356
f 475 474 480
f 480 474 479
f 476 477 481
f 481 477 482
f 481 363 358
f 481 358 476
f 365 483 479
f 365 479 361
f 480 479 484
f 484 479 483
f 481 482 485
f 485 482 486
f 485 367 363
f 485 363 481
f 369 487 483
f 369 483 365
f 484 483 488
f 488 483 487
f 485 486 489
f 489 486 490
f 489 371 367
f 489 367 485
f 373 491 487
f 373 487 369
f 488 487 492
f 492 487 491
f 489 490 493
f 493 490 494
f 493 375 371
f 493 371 489
f 496 495 491
f 373 496 491
f 377 496 373
f 491 495 492
f 493 494 497
f 497 494 498
f 497 379 375
f 497 375 493
f 381 499 380
f 499 500 380
f 500 377 380
f 500 496 377
f 497 498 501
f 501 498 502
f 501 383 379
f 501 379 497
f 504 503 499
f 381 504 499
f 384 504 381
f 499 503 500
f 502 505 501
f 505 507 506
f 505 506 385
f 501 505 385
f 383 501 385
f 506 387 385
f 389 508 390
f 508 509 390
f 509 384 390
f 509 504 384
f 506 507 510
f 510 507 511
f 510 392 387
f 510 387 506
f 395 512 396
f 512 513 396
f 396 513 389
f 513 514 389
f 514 508 389
f 508 514 509
f 511 515 510
f 510 515 392
f 515 397 392
f 515 516 397
f 399 397 516
f 399 516 517
f 519 518 407
f 519 407 406
f 395 407 512
f 407 520 512
f 407 518 520
f 512 520 513
f 408 399 521
f 399 522 521
f 399 517 522
f 521 410 408
f 524 523 415
f 524 415 414
f 415 525 416
f 523 525 415
f 416 526 417
f 525 526 416
f 417 527 418
f 526 527 417
f 418 528 419
f 527 528 418
f 419 529 420
f 528 529 419
f 406 420 519
f 519 420 529
f 522 530 521
f 530 532 531
f 530 531 421
f 521 530 421
f 410 521 421
f 533 422 421
f 533 421 531
f 534 423 422
f 534 422 533
f 535 424 423
f 535 423 534
f 535 536 424
f 536 414 424
f 536 524 414
f 532 537 531
f 531 537 533
f 533 537 538
f 533 538 534
f 534 538 539
f 534 539 535
f 535 539 540
f 535 540 536
f 543 542 541
f 545 544 541
f 541 544 543
f 547 546 545
f 545 546 544
f 426 427 547
f 427 546 547
f 427 548 546
f 549 427 428
f 549 548 427
f 550 428 430
f 550 549 428
f 551 430 432
f 551 550 430
f 552 432 434
f 552 551 432
f 434 436 552
f 552 436 553
f 556 555 554
f 558 557 554
f 554 557 556
f 557 558 542
f 542 558 541
f 558 438 541
f 438 439 541
f 541 439 440
f 541 440 545
f 545 440 442
f 545 442 547
f 547 442 426
f 559 553 436
f 559 436 446
f 560 446 448
f 560 559 446
f 448 450 560
f 560 450 561
f 564 563 562
f 564 562 555
f 555 562 554
f 562 452 554
f 452 453 554
f 554 453 454
f 554 454 558
f 558 454 438
f 565 561 450
f 565 450 455
f 567 566 457
f 566 455 457
f 566 565 455
f 567 568 566
f 571 570 569
f 459 460 569
f 460 571 569
f 460 572 571
f 461 562 563
f 572 461 563
f 460 461 572
f 562 461 452
f 463 567 457
f 574 573 465
f 465 573 463
f 573 568 463
f 568 567 463
f 574 575 573
f 569 570 468
f 570 467 468
f 570 576 467
f 569 468 459
f 469 574 465
f 578 577 471
f 471 577 469
f 577 575 469
f 575 574 469
f 578 579 577
f 582 581 580
f 576 582 580
f 473 576 580
f 467 576 473
f 475 583 578
f 475 578 471
f 579 578 584
f 584 578 583
f 580 581 478
f 581 477 478
f 581 585 477
f 580 478 473
f 480 586 583
f 480 583 475
f 584 583 587
f 587 583 586
f 590 589 588
f 585 590 588
f 482 585 588
f 477 585 482
f 484 591 586
f 484 586 480
f 587 586 592
f 592 586 591
f 588 589 593
f 593 589 594
f 593 486 482
f 593 482 588
f 488 595 591
f 488 591 484
f 592 591 596
f 596 591 595
f 593 594 597
f 597 594 598
f 597 490 486
f 597 486 593
f 492 599 595
f 492 595 488
f 596 595 600
f 600 595 599
f 597 598 601
f 601 598 602
f 601 494 490
f 601 490 597
f 496 603 495
f 603 604 495
f 495 604 492
f 604 605 492
f 605 599 492
f 599 605 600
f 601 602 606
f 606 602 607
f 606 498 494
f 606 494 601
f 609 608 603
f 496 609 603
f 500 609 496
f 603 608 604
f 606 607 610
f 610 607 611
f 610 502 498
f 610 498 606
f 504 612 503
f 612 613 503
f 613 500 503
f 613 609 500
f 611 614 610
f 614 616 615
f 614 615 505
f 610 614 505
f 502 610 505
f 615 507 505
f 618 617 612
f 504 618 612
f 509 618 504
f 612 617 613
f 615 616 619
f 619 616 620
f 619 511 507
f 619 507 615
f 622 621 514
f 622 514 513
f 509 514 618
f 618 514 621
f 620 623 619
f 619 623 511
f 623 515 511
f 623 624 515
f 624 626 625
f 516 624 625
f 515 624 516
f 625 517 516
f 519 627 518
f 518 627 628
f 629 518 628
f 520 518 629
f 513 520 622
f 622 520 629
f 625 626 630
f 630 626 631
f 630 522 517
f 630 517 625
f 524 632 523
f 633 525 523
f 633 523 632
f 634 526 525
f 634 525 633
f 635 527 526
f 635 526 634
f 636 528 527
f 636 527 635
f 637 529 528
f 637 528 636
f 637 638 529
f 529 638 519
f 638 639 519
f 639 627 519
f 627 639 628
f 631 640 630
f 640 642 641
f 640 641 530
f 630 640 530
f 522 630 530
f 641 532 530
f 536 643 632
f 536 632 524
f 632 644 633
f 632 643 644
f 633 645 634
f 633 644 645
f 634 646 635
f 634 645 646
f 635 647 636
f 635 646 647
f 649 637 648
f 637 647 648
f 637 636 647
f 637 649 638
f 642 650 641
f 641 650 532
f 650 537 532
f 650 651 537
f 537 652 538
f 651 652 537
f 652 654 653
f 539 652 653
f 538 652 539
f 655 540 539
f 655 539 653
f 643 536 540
f 655 643 540
f 656 643 655
f 643 657 644
f 643 656 657
f 644 658 645
f 644 657 658
f 660 646 659
f 646 658 659
f 646 645 658
f 646 660 647
f 647 660 661
f 647 661 648
f 654 662 653
f 653 662 655
f 655 662 663
f 655 663 656
f 656 663 664
f 656 664 657
f 657 664 665
f 657 665 658
f 658 665 666
f 658 666 659
f 669 668 667
f 671 670 667
f 667 670 669
f 542 543 671
f 543 670 671
f 543 672 670
f 673 543 544
f 673 672 543
f 674 544 546
f 674 673 544
f 675 546 548
f 675 674 546
f 676 548 549
f 676 675 548
f 677 549 550
f 677 676 549
f 678 550 551
f 678 677 550
f 679 551 552
f 679 678 551
f 681 680 553
f 680 552 553
f 680 679 552
f 683 682 681
f 681 682 680
f 683 684 682
f 687 686 685
f 687 685 668
f 668 685 667
f 685 555 667
f 555 556 667
f 667 556 557
f 667 557 671
f 671 557 542
f 559 681 553
f 681 559 560
f 681 560 683
f 689 688 561
f 561 688 560
f 688 684 560
f 684 683 560
f 691 690 689
f 689 690 688
f 691 692 690
f 695 694 693
f 695 693 686
f 686 693 685
f 693 563 685
f 563 564 685
f 685 564 555
f 565 689 561
f 689 565 566
f 689 566 691
f 697 696 568
f 568 696 566
f 696 692 566
f 692 691 566
f 697 698 696
f 701 700 699
f 570 571 699
f 571 701 699
f 571 702 701
f 572 693 694
f 702 572 694
f 571 572 702
f 693 572 563
f 573 697 568
f 704 703 575
f 575 703 573
f 703 698 573
f 698 697 573
f 704 705 703
f 699 700 706
f 706 700 707
f 706 576 570
f 706 570 699
f 577 704 575
f 709 708 579
f 579 708 577
f 708 705 577
f 705 704 577
f 709 710 708
f 713 712 711
f 713 711 707
f 707 711 706
f 711 581 706
f 581 582 706
f 706 582 576
f 584 714 709
f 584 709 579
f 710 709 715
f 715 709 714
f 711 712 716
f 716 712 717
f 716 585 581
f 716 581 711
f 587 718 714
f 587 714 584
f 715 714 719
f 719 714 718
f 722 721 720
f 722 720 717
f 717 720 716
f 720 589 716
f 589 590 716
f 716 590 585
f 724 723 718
f 587 724 718
f 592 724 587
f 718 723 719
f 720 721 725
f 725 721 726
f 725 594 589
f 725 589 720
f 596 724 592
f 596 727 724
f 725 726 728
f 728 726 729
f 728 598 594
f 728 594 725
f 600 727 596
f 600 730 727
f 728 729 731
f 731 729 732
f 731 602 598
f 731 598 728
f 734 733 605
f 734 605 604
f 600 605 730
f 730 605 733
f 731 732 735
f 735 732 736
f 735 607 602
f 735 602 731
f 609 737 608
f 737 738 608
f 738 604 608
f 738 734 604
f 735 736 739
f 739 736 740
f 739 611 607
f 739 607 735
f 742 741 737
f 609 742 737
f 613 742 609
f 737 741 738
f 740 743 739
f 743 745 744
f 743 744 614
f 739 743 614
f 611 739 614
f 744 616 614
f 618 746 617
f 746 747 617
f 747 613 617
f 747 742 613
f 744 745 748
f 748 745 749
f 748 620 616
f 748 616 744
f 622 750 621
f 750 751 621
f 621 751 618
f 751 752 618
f 752 746 618
f 746 752 747
f 749 753 748
f 753 755 754
f 753 754 623
f 748 753 623
f 620 748 623
f 756 624 623
f 756 623 754
f 756 626 624
f 628 757 629
f 757 758 629
f 629 758 622
f 758 759 622
f 759 750 622
f 750 759 751
f 755 760 754
f 754 760 756
f 756 760 761
f 626 756 761
f 762 626 761
f 631 626 762
f 638 763 639
f 757 628 639
f 763 757 639
f 764 757 763
f 758 757 765
f 765 757 764
f 640 631 766
f 631 767 766
f 631 762 767
f 766 642 640
f 648 768 649
f 768 769 649
f 649 769 638
f 769 770 638
f 770 763 638
f 763 770 764
f 764 770 771
f 764 771 765
f 767 772 766
f 766 772 642
f 772 650 642
f 772 773 650
f 650 774 651
f 773 774 650
f 774 776 775
f 652 774 775
f 651 774 652
f 775 654 652
f 659 777 660
f 778 661 660
f 778 660 777
f 778 779 661
f 661 779 648
f 779 780 648
f 780 768 648
f 768 780 769
f 776 781 775
f 775 781 654
f 781 662 654
f 781 782 662
f 662 783 663
f 782 783 662
f 663 784 664
f 783 784 663
f 664 785 665
f 784 785 664
f 665 786 666
f 785 786 665
f 659 666 777
f 666 787 777
f 666 786 787
f 777 787 778
f 778 787 788
f 778 788 779
f 791 790 789
f 793 792 789
f 789 792 791
f 795 794 793
f 793 794 792
f 797 796 795
f 795 796 794
f 799 798 797
f 797 798 796
f 801 800 799
f 799 800 798
f 803 802 801
f 801 802 800
f 805 804 803
f 803 804 802
f 807 806 805
f 805 806 804
f 809 808 807
f 807 808 806
f 809 810 808
f 812 811 669
f 669 811 668
f 813 669 670
f 813 812 669
f 672 789 790
f 813 672 790
f 670 672 813
f 789 672 673
f 789 673 793
f 793 673 674
f 793 674 795
f 795 674 675
f 795 675 797
f 797 675 676
f 797 676 799
f 799 676 677
f 799 677 801
f 801 677 678
f 801 678 803
f 803 678 679
f 803 679 805
f 805 679 680
f 805 680 807
f 807 680 682
f 807 682 809
f 815 814 684
f 684 814 682
f 814 810 682
f 810 809 682
f 817 816 815
f 815 816 814
f 817 818 816
f 821 820 819
f 686 687 819
f 687 821 819
f 687 822 821
f 687 668 811
f 687 811 822
f 688 815 684
f 815 688 690
f 815 690 817
f 824 823 692
f 692 823 690
f 823 818 690
f 818 817 690
f 824 825 823
f 828 827 826
f 828 826 820
f 820 826 819
f 826 694 819
f 694 695 819
f 819 695 686
f 696 824 692
f 830 829 698
f 698 829 696
f 829 825 696
f 825 824 696
f 830 831 829
f 833 832 701
f 701 832 700
f 702 826 827
f 833 702 827
f 701 702 833
f 826 702 694
f 703 830 698
f 835 834 705
f 705 834 703
f 834 831 703
f 831 830 703
f 835 836 834
f 839 838 837
f 832 839 837
f 707 832 837
f 700 832 707
f 708 835 705
f 708 710 835
f 710 836 835
f 710 840 836
f 837 838 713
f 838 712 713
f 838 841 712
f 837 713 707
f 715 840 710
f 715 842 840
f 845 844 843
f 841 845 843
f 717 841 843
f 712 841 717
f 719 842 715
f 719 846 842
f 843 844 722
f 844 721 722
f 844 847 721
f 843 722 717
f 724 848 723
f 848 849 723
f 849 719 723
f 849 846 719
f 847 726 721
f 850 726 847
f 852 851 848
f 724 852 848
f 727 852 724
f 848 851 849
f 850 729 726
f 853 729 850
f 730 852 727
f 730 854 852
f 853 732 729
f 855 732 853
f 857 856 733
f 857 733 734
f 730 733 854
f 854 733 856
f 855 736 732
f 858 736 855
f 738 857 734
f 738 859 857
f 858 740 736
f 860 740 858
f 742 861 741
f 861 862 741
f 862 738 741
f 862 859 738
f 743 740 863
f 740 864 863
f 740 860 864
f 863 745 743
f 747 865 861
f 747 861 742
f 862 861 866
f 866 861 865
f 864 867 863
f 745 863 867
f 868 745 867
f 749 745 868
f 751 869 752
f 869 870 752
f 752 870 747
f 870 871 747
f 871 865 747
f 865 871 866
f 753 749 872
f 749 873 872
f 749 868 873
f 872 755 753
f 758 874 759
f 874 875 759
f 759 875 751
f 875 876 751
f 876 869 751
f 869 876 870
f 873 877 872
f 872 877 755
f 877 760 755
f 877 878 760
f 878 880 879
f 761 878 879
f 760 878 761
f 879 762 761
f 765 881 874
f 765 874 758
f 875 874 882
f 882 874 881
f 880 883 879
f 762 879 883
f 884 762 883
f 767 762 884
f 769 885 770
f 886 771 770
f 886 770 885
f 886 887 771
f 771 887 765
f 887 888 765
f 888 881 765
f 881 888 882
f 884 889 767
f 767 889 772
f 889 891 890
f 773 889 890
f 772 889 773
f 892 774 773
f 892 773 890
f 892 776 774
f 779 893 780
f 893 894 780
f 780 894 769
f 894 895 769
f 895 885 769
f 885 895 886
f 886 895 896
f 886 896 887
f 891 897 890
f 899 898 897
f 898 890 897
f 898 892 890
f 900 781 776
f 892 900 776
f 898 900 892
f 901 782 781
f 901 781 900
f 902 783 782
f 902 782 901
f 903 784 783
f 903 783 902
f 904 785 784
f 904 784 903
f 905 786 785
f 905 785 904
f 906 787 786
f 906 786 905
f 907 788 787
f 907 787 906
f 907 908 788
f 788 908 779
f 908 909 779
f 909 893 779
f 893 909 894
f 899 910 898
f 898 910 900
f 900 910 911
f 900 911 901
f 901 911 912
f 901 912 902
f 902 912 913
f 902 913 903
f 903 913 914
f 903 914 904
f 904 914 915
f 904 915 905
f 905 915 916
f 905 916 906
f 906 916 917
f 906 917 907
f 907 917 918
f 907 918 908
f 920 919 791
f 791 919 790
f 921 791 792
f 921 920 791
f 922 792 794
f 922 921 792
f 923 794 796
f 923 922 794
f 924 796 798
f 924 923 796
f 925 798 800
f 925 924 798
f 926 800 802
f 926 925 800
f 927 802 804
f 927 926 802
f 928 804 806
f 928 927 804
f 929 806 808
f 929 928 806
f 931 930 810
f 930 808 810
f 930 929 808
f 931 932 930
f 935 934 933
f 811 812 933
f 812 935 933
f 812 936 935
f 937 812 813
f 937 936 812
f 813 790 919
f 813 919 937
f 814 931 810
f 938 932 931
f 814 938 931
f 816 938 814
f 816 818 938
f 938 818 939
f 942 941 940
f 820 821 940
f 821 942 940
f 821 943 942
f 822 933 934
f 943 822 934
f 821 822 943
f 933 822 811
f 944 939 818
f 944 818 823
f 946 945 825
f 945 823 825
f 945 944 823
f 946 947 945
f 950 949 948
f 950 948 941
f 941 948 940
f 948 827 940
f 827 828 940
f 940 828 820
f 829 946 825
f 829 831 946
f 831 947 946
f 831 951 947
f 954 953 952
f 954 952 949
f 949 952 948
f 952 832 948
f 832 833 948
f 948 833 827
f 955 951 831
f 955 831 834
f 834 836 955
f 955 836 956
f 959 958 957
f 959 957 953
f 953 957 952
f 957 838 952
f 838 839 952
f 952 839 832
f 840 961 960
f 956 840 960
f 836 840 956
f 961 962 960
f 957 958 963
f 963 958 964
f 963 841 838
f 963 838 957
f 842 965 961
f 842 961 840
f 962 961 966
f 966 961 965
f 963 964 845
f 964 844 845
f 964 967 844
f 963 845 841
f 846 968 965
f 846 965 842
f 966 965 969
f 969 965 968
f 972 971 970
f 967 972 970
f 847 967 970
f 844 967 847
f 849 973 968
f 849 968 846
f 969 968 974
f 974 968 973
f 970 971 975
f 975 971 976
f 975 850 847
f 975 847 970
f 978 977 851
f 978 851 852
f 849 851 973
f 851 979 973
f 851 977 979
f 973 979 974
f 975 976 980
f 980 976 981
f 980 853 850
f 980 850 975
f 854 978 852
f 854 982 978
f 980 981 983
f 983 981 984
f 983 855 853
f 983 853 980
f 986 985 856
f 986 856 857
f 854 856 982
f 982 856 985
f 983 984 987
f 987 984 988
f 987 858 855
f 987 855 983
f 859 986 857
f 859 989 986
f 987 988 990
f 990 988 991
f 990 860 858
f 990 858 987
f 862 989 859
f 862 992 989
f 991 993 990
f 860 990 993
f 994 860 993
f 864 860 994
f 866 992 862
f 866 995 992
f 994 996 864
f 864 996 867
f 868 867 996
f 868 996 997
f 999 998 871
f 999 871 870
f 866 871 995
f 995 871 998
f 997 873 868
f 1000 873 997
f 1002 1001 876
f 1002 876 875
f 870 876 999
f 999 876 1001
f 1000 1003 873
f 873 1003 877
f 877 1004 878
f 1003 1004 877
f 880 878 1004
f 880 1004 1005
f 882 1002 875
f 882 1006 1002
f 1005 1007 880
f 880 1007 883
f 884 883 1007
f 884 1007 1008
f 1010 1009 888
f 1010 888 887
f 882 888 1006
f 1006 888 1009
f 1008 1011 884
f 884 1011 889
f 891 889 1011
f 891 1011 1012
f 894 1013 895
f 1014 896 895
f 1014 895 1013
f 1014 1015 896
f 1015 887 896
f 1015 1010 887
f 1012 1016 891
f 891 1016 897
f 899 897 1016
f 899 1016 1017
f 908 1018 909
f 1018 1019 909
f 909 1019 894
f 1019 1020 894
f 1020 1013 894
f 1013 1020 1014
f 1014 1020 1021
f 1014 1021 1015
f 1017 1022 899
f 899 1022 910
f 910 1023 911
f 1022 1023 910
f 1023 1025 1024
f 912 1023 1024
f 911 1023 912
f 1026 913 912
f 1026 912 1024
f 1027 914 913
f 1027 913 1026
f 1028 915 914
f 1028 914 1027
f 915 1028 1029
f 1030 915 1029
f 916 915 1030
f 916 1031 917
f 1030 1031 916
f 917 1032 918
f 1031 1032 917
f 908 918 1018
f 918 1033 1018
f 918 1032 1033
f 1018 1033 1019
f 1025 1034 1024
f 1024 1034 1026
f 1026 1034 1035
f 1026 1035 1027
f 1027 1035 1036
f 1027 1036 1028
f 1028 1036 1037
f 1028 1037 1029
f 1040 1039 1038
f 919 920 1038
f 920 1040 1038
f 920 1041 1040
f 1042 920 921
f 1042 1041 920
f 1043 921 922
f 1043 1042 921
f 1044 922 923
f 1044 1043 922
f 1045 923 924
f 1045 1044 923
f 1046 924 925
f 1046 1045 924
f 1047 925 926
f 1047 1046 925
f 1048 926 927
f 1048 1047 926
f 1049 927 928
f 1049 1048 927
f 1050 928 929
f 1050 1049 928
f 1051 929 930
f 1051 1050 929
f 930 932 1051
f 1051 932 1052
f 1054 1053 935
f 935 1053 934
f 1055 935 936
f 1055 1054 935
f 937 1038 1039
f 1055 937 1039
f 936 937 1055
f 1038 937 919
f 1056 1052 932
f 1056 932 938
f 938 939 1056
f 1056 939 1057
f 1059 1058 942
f 942 1058 941
f 1060 942 943
f 1060 1059 942
f 943 934 1053
f 943 1053 1060
f 1061 1057 939
f 1061 939 944
f 1062 944 945
f 1062 1061 944
f 945 947 1062
f 1062 947 1063
f 1066 1065 1064
f 949 950 1064
f 950 1066 1064
f 950 1067 1066
f 950 941 1058
f 950 1058 1067
f 951 1069 1068
f 1063 951 1068
f 947 951 1063
f 1069 1070 1068
f 1064 1065 954
f 1065 953 954
f 1065 1071 953
f 1064 954 949
f 955 1069 951
f 1073 1072 956
f 956 1072 955
f 1072 1070 955
f 1070 1069 955
f 1073 1074 1072
f 1076 1075 959
f 959 1075 958
f 959 953 1071
f 959 1071 1076
f 960 1073 956
f 960 962 1073
f 962 1074 1073
f 962 1077 1074
f 1075 964 958
f 1078 964 1075
f 966 1077 962
f 966 1079 1077
f 1082 1081 1080
f 1078 1082 1080
f 967 1078 1080
f 964 1078 967
f 969 1079 966
f 969 1083 1079
f 1080 1081 972
f 1081 971 972
f 1081 1084 971
f 1080 972 967
f 974 1083 969
f 974 1085 1083
f 1084 976 971
f 1086 976 1084
f 978 1087 977
f 977 1087 1088
f 1089 977 1088
f 979 977 1089
f 974 979 1085
f 1085 979 1089
f 1086 981 976
f 1090 981 1086
f 1092 1091 1087
f 978 1092 1087
f 982 1092 978
f 1087 1091 1088
f 1090 984 981
f 1093 984 1090
f 986 1094 985
f 1094 1095 985
f 1095 982 985
f 1095 1092 982
f 1093 988 984
f 1096 988 1093
f 989 1097 1094
f 989 1094 986
f 1095 1094 1098
f 1098 1094 1097
f 1096 991 988
f 1099 991 1096
f 1101 1100 1097
f 989 1101 1097
f 992 1101 989
f 1097 1100 1098
f 1099 1102 991
f 991 1102 993
f 994 993 1102
f 994 1102 1103
f 995 1101 992
f 995 1104 1101
f 996 994 1105
f 994 1106 1105
f 994 1103 1106
f 1105 997 996
f 999 1107 998
f 1107 1108 998
f 1108 995 998
f 1108 1104 995
f 1106 1109 1105
f 997 1105 1109
f 1110 997 1109
f 1000 997 1110
f 1002 1111 1001
f 1111 1112 1001
f 1001 1112 999
f 1112 1113 999
f 1113 1107 999
f 1107 1113 1108
f 1003 1000 1114
f 1000 1115 1114
f 1000 1110 1115
f 1116 1004 1003
f 1116 1003 1114
f 1116 1005 1004
f 1006 1117 1111
f 1006 1111 1002
f 1112 1111 1118
f 1118 1111 1117
f 1115 1119 1114
f 1114 1119 1116
f 1116 1119 1120
f 1116 1120 1005
f 1120 1007 1005
f 1120 1121 1007
f 1008 1007 1121
f 1008 1121 1122
f 1010 1123 1009
f 1123 1124 1009
f 1009 1124 1006
f 1124 1125 1006
f 1125 1117 1006
f 1117 1125 1118
f 1011 1008 1126
f 1008 1127 1126
f 1008 1122 1127
f 1126 1012 1011
f 1129 1128 1123
f 1010 1129 1123
f 1015 1129 1010
f 1123 1128 1124
f 1127 1130 1126
f 1130 1132 1131
f 1130 1131 1016
f 1126 1130 1016
f 1012 1126 1016
f 1131 1017 1016
f 1019 1133 1020
f 1134 1021 1020
f 1134 1020 1133
f 1134 1135 1021
f 1135 1015 1021
f 1135 1129 1015
f 1132 1136 1131
f 1131 1136 1017
f 1136 1022 1017
f 1136 1137 1022
f 1022 1138 1023
f 1137 1138 1022
f 1025 1023 1138
f 1025 1138 1139
f 1029 1140 1030
f 1141 1031 1030
f 1141 1030 1140
f 1142 1032 1031
f 1142 1031 1141
f 1032 1142 1143
f 1144 1032 1143
f 1033 1032 1144
f 1019 1033 1133
f 1033 1145 1133
f 1033 1144 1145
f 1133 1145 1134
f 1134 1145 1146
f 1134 1146 1135
f 1139 1147 1025
f 1025 1147 1034
f 1034 1148 1035
f 1147 1148 1034
f 1035 1149 1036
f 1148 1149 1035
f 1036 1150 1037
f 1149 1150 1036
f 1029 1037 1140
f 1037 1151 1140
f 1037 1150 1151
f 1140 1151 1141
f 1141 1151 1152
f 1141 1152 1142
f 1142 1152 1153
f 1142 1153 1143
f 1156 1155 1154
f 1158 1157 1154
f 1154 1157 1156
f 1160 1159 1158
f 1158 1159 1157
f 1162 1161 1160
f 1160 1161 1159
f 1164 1163 1162
f 1162 1163 1161
f 1166 1165 1164
f 1164 1165 1163
f 1166 1167 1165
f 1169 1168 1040
f 1040 1168 1039
f 1170 1040 1041
f 1170 1169 1040
f 1171 1041 1042
f 1171 1170 1041
f 1043 1154 1155
f 1171 1043 1155
f 1042 1043 1171
f 1154 1043 1044
f 1154 1044 1158
f 1158 1044 1045
f 1158 1045 1160
f 1160 1045 1046
f 1160 1046 1162
f 1162 1046 1047
f 1162 1047 1164
f 1164 1047 1048
f 1164 1048 1166
f 1172 1167 1166
f 1048 1172 1166
f 1049 1172 1048
f 1173 1049 1050
f 1173 1172 1049
f 1174 1050 1051
f 1174 1173 1050
f 1176 1175 1052
f 1175 1051 1052
f 1175 1174 1051
f 1178 1177 1176
f 1176 1177 1175
f 1178 1179 1177
f 1182 1181 1180
f 1053 1054 1180
f 1054 1182 1180
f 1054 1183 1182
f 1184 1054 1055
f 1184 1183 1054
f 1055 1039 1168
f 1055 1168 1184
f 1056 1176 1052
f 1176 1056 1057
f 1185 1176 1057
f 1178 1176 1185
f 1179 1178 1186
f 1186 1178 1185
f 1188 1187 1059
f 1059 1187 1058
f 1060 1180 1181
f 1188 1060 1181
f 1059 1060 1188
f 1180 1060 1053
f 1061 1185 1057
f 1189 1186 1185
f 1061 1189 1185
f 1062 1189 1061
f 1062 1063 1189
f 1189 1063 1190
f 1192 1191 1066
f 1066 1191 1065
f 1193 1066 1067
f 1193 1192 1066
f 1067 1058 1187
f 1067 1187 1193
f 1194 1190 1063
f 1194 1063 1068
f 1196 1195 1070
f 1195 1068 1070
f 1195 1194 1068
f 1196 1197 1195
f 1191 1071 1065
f 1198 1071 1191
f 1072 1196 1070
f 1072 1074 1196
f 1074 1197 1196
f 1074 1199 1197
f 1201 1200 1076
f 1076 1200 1075
f 1076 1071 1198
f 1076 1198 1201
f 1077 1199 1074
f 1077 1202 1199
f 1200 1078 1075
f 1203 1078 1200
f 1079 1202 1077
f 1079 1204 1202
f 1206 1205 1082
f 1082 1205 1081
f 1082 1078 1203
f 1082 1203 1206
f 1083 1204 1079
f 1083 1207 1204
f 1205 1084 1081
f 1208 1084 1205
f 1085 1207 1083
f 1085 1209 1207
f 1208 1086 1084
f 1210 1086 1208
f 1212 1211 1089
f 1212 1089 1088
f 1085 1089 1209
f 1209 1089 1211
f 1210 1090 1086
f 1213 1090 1210
f 1215 1214 1091
f 1215 1091 1092
f 1088 1091 1212
f 1212 1091 1214
f 1213 1093 1090
f 1216 1093 1213
f 1095 1215 1092
f 1095 1217 1215
f 1216 1096 1093
f 1218 1096 1216
f 1098 1217 1095
f 1098 1219 1217
f 1218 1099 1096
f 1220 1099 1218
f 1222 1221 1100
f 1222 1100 1101
f 1098 1100 1219
f 1219 1100 1221
f 1102 1099 1223
f 1099 1224 1223
f 1099 1220 1224
f 1223 1103 1102
f 1104 1222 1101
f 1104 1225 1222
f 1224 1226 1223
f 1103 1223 1226
f 1227 1103 1226
f 1106 1103 1227
f 1108 1225 1104
f 1108 1228 1225
f 1227 1229 1106
f 1106 1229 1109
f 1110 1109 1229
f 1110 1229 1230
f 1112 1231 1113
f 1231 1232 1113
f 1232 1108 1113
f 1232 1228 1108
f 1230 1115 1110
f 1233 1115 1230
f 1235 1234 1231
f 1112 1235 1231
f 1118 1235 1112
f 1231 1234 1232
f 1233 1236 1115
f 1115 1236 1119
f 1119 1237 1120
f 1236 1237 1119
f 1120 1238 1121
f 1237 1238 1120
f 1122 1121 1238
f 1122 1238 1239
f 1124 1240 1125
f 1240 1241 1125
f 1241 1118 1125
f 1241 1235 1118
f 1239 1127 1122
f 1242 1127 1239
f 1129 1243 1128
f 1243 1244 1128
f 1128 1244 1124
f 1244 1245 1124
f 1245 1240 1124
f 1240 1245 1241
f 1242 1246 1127
f 1127 1246 1130
f 1132 1130 1246
f 1132 1246 1247
f 1249 1248 1243
f 1129 1249 1243
f 1135 1249 1129
f 1243 1248 1244
f 1247 1250 1132
f 1132 1250 1136
f 1136 1251 1137
f 1250 1251 1136
f 1251 1253 1252
f 1138 1251 1252
f 1137 1251 1138
f 1252 1139 1138
f 1143 1254 1144
f 1255 1145 1144
f 1255 1144 1254
f 1145 1255 1256
f 1257 1145 1256
f 1146 1145 1257
f 1135 1146 1249
f 1249 1146 1257
f 1253 1258 1252
f 1252 1258 1139
f 1258 1147 1139
f 1258 1259 1147
f 1147 1260 1148
f 1259 1260 1147
f 1260 1262 1261
f 1149 1260 1261
f 1148 1260 1149
f 1263 1150 1149
f 1263 1149 1261
f 1264 1151 1150
f 1264 1150 1263
f 1265 1152 1151
f 1265 1151 1264
f 1152 1265 1266
f 1267 1152 1266
f 1153 1152 1267
f 1143 1153 1254
f 1153 1268 1254
f 1153 1267 1268
f 1254 1268 1255
f 1255 1268 1269
f 1255 1269 1256
f 1262 1270 1261
f 1261 1270 1263
f 1263 1270 1271
f 1263 1271 1264
f 1264 1271 1272
f 1264 1272 1265
f 1265 1272 1273
f 1265 1273 1266
f 1275 1274 1156
f 1156 1274 1155
f 1276 1156 1157
f 1276 1275 1156
f 1277 1157 1159
f 1277 1276 1157
f 1278 1159 1161
f 1278 1277 1159
f 1279 1161 1163
f 1279 1278 1161
f 1280 1163 1165
f 1280 1279 1163
f 1165 1167 1280
f 1280 1167 1281
f 1283 1282 1169
f 1169 1282 1168
f 1284 1169 1170
f 1284 1283 1169
f 1285 1170 1171
f 1285 1284 1170
f 1171 1155 1274
f 1171 1274 1285
f 1286 1281 1167
f 1286 1167 1172
f 1287 1172 1173
f 1287 1286 1172
f 1288 1173 1174
f 1288 1287 1173
f 1289 1174 1175
f 1289 1288 1174
f 1290 1175 1177
f 1290 1289 1175
f 1177 1179 1290
f 1290 1179 1291
f 1293 1292 1182
f 1182 1292 1181
f 1294 1182 1183
f 1294 1293 1182
f 1295 1183 1184
f 1295 1294 1183
f 1184 1168 1282
f 1184 1282 1295
f 1186 1291 1179
f 1186 1296 1291
f 1298 1297 1188
f 1188 1297 1187
f 1188 1181 1292
f 1188 1292 1298
f 1299 1296 1186
f 1299 1186 1189
f 1301 1300 1190
f 1300 1189 1190
f 1300 1299 1189
f 1301 1302 1300
f 1304 1303 1192
f 1192 1303 1191
f 1305 1192 1193
f 1305 1304 1192
f 1193 1187 1297
f 1193 1297 1305
f 1194 1301 1190
f 1306 1302 1301
f 1194 1306 1301
f 1195 1306 1194
f 1195 1197 1306
f 1306 1197 1307
f 1303 1198 1191
f 1308 1198 1303
f 1199 1307 1197
f 1199 1309 1307
f 1311 1310 1201
f 1201 1310 1200
f 1201 1198 1308
f 1201 1308 1311
f 1202 1309 1199
f 1202 1312 1309
f 1310 1203 1200
f 1313 1203 1310
f 1204 1312 1202
f 1204 1314 1312
f 1316 1315 1206
f 1206 1315 1205
f 1206 1203 1313
f 1206 1313 1316
f 1207 1314 1204
f 1207 1317 1314
f 1315 1208 1205
f 1318 1208 1315
f 1209 1317 1207
f 1209 1319 1317
f 1318 1210 1208
f 1320 1210 1318
f 1212 1321 1211
f 1321 1322 1211
f 1322 1209 1211
f 1322 1319 1209
f 1320 1213 1210
f 1323 1213 1320
f 1215 1324 1214
f 1324 1325 1214
f 1214 1325 1212
f 1325 1326 1212
f 1326 1321 1212
f 1321 1326 1322
f 1323 1216 1213
f 1327 1216 1323
f 1329 1328 1324
f 1215 1329 1324
f 1217 1329 1215
f 1324 1328 1325
f 1327 1218 1216
f 1330 1218 1327
f 1219 1329 1217
f 1219 1331 1329
f 1330 1220 1218
f 1332 1220 1330
f 1222 1333 1221
f 1333 1334 1221
f 1334 1219 1221
f 1334 1331 1219
f 1332 1224 1220
f 1335 1224 1332
f 1225 1336 1333
f 1225 1333 1222
f 1334 1333 1337
f 1337 1333 1336
f 1335 1338 1224
f 1224 1338 1226
f 1227 1226 1338
f 1227 1338 1339
f 1341 1340 1336
f 1225 1341 1336
f 1228 1341 1225
f 1336 1340 1337
f 1229 1227 1342
f 1227 1343 1342
f 1227 1339 1343
f 1342 1230 1229
f 1232 1341 1228
f 1232 1344 1341
f 1343 1345 1342
f 1230 1342 1345
f 1346 1230 1345
f 1233 1230 1346
f 1348 1347 1234
f 1348 1234 1235
f 1232 1234 1344
f 1344 1234 1347
f 1346 1349 1233
f 1233 1349 1236
f 1236 1350 1237
f 1349 1350 1236
f 1237 1351 1238
f 1350 1351 1237
f 1239 1238 1351
f 1239 1351 1352
f 1241 1348 1235
f 1241 1353 1348
f 1352 1242 1239
f 1354 1242 1352
f 1244 1355 1245
f 1355 1356 1245
f 1356 1241 1245
f 1356 1353 1241
f 1354 1357 1242
f 1242 1357 1246
f 1247 1246 1357
f 1247 1357 1358
f 1249 1359 1248
f 1359 1360 1248
f 1248 1360 1244
f 1360 1361 1244
f 1361 1355 1244
f 1355 1361 1356
f 1358 1362 1247
f 1247 1362 1250
f 1362 1364 1363
f 1251 1362 1363
f 1250 1362 1251
f 1363 1253 1251
f 1366 1365 1257
f 1366 1257 1256
f 1249 1257 1359
f 1257 1367 1359
f 1257 1365 1367
f 1359 1367 1360
f 1364 1368 1363
f 1363 1368 1253
f 1368 1258 1253
f 1368 1369 1258
f 1369 1371 1370
f 1259 1369 1370
f 1258 1369 1259
f 1372 1260 1259
f 1372 1259 1370
f 1372 1262 1260
f 1266 1373 1267
f 1374 1268 1267
f 1374 1267 1373
f 1268 1374 1375
f 1376 1268 1375
f 1269 1268 1376
f 1256 1269 1366
f 1366 1269 1376
f 1371 1377 1370
f 1370 1377 1372
f 1372 1377 1378
f 1372 1378 1262
f 1378 1270 1262
f 1378 1379 1270
f 1270 1380 1271
f 1379 1380 1270
f 1271 1381 1272
f 1380 1381 1271
f 1272 1382 1273
f 1381 1382 1272
f 1266 1273 1373
f 1273 1383 1373
f 1273 1382 1383
f 1373 1383 1374
f 1374 1383 1384
f 1374 1384 1375
f 1386 1385 1275
f 1275 1385 1274
f 1387 1275 1276
f 1387 1386 1275
f 1388 1276 1277
f 1388 1387 1276
f 1389 1277 1278
f 1389 1388 1277
f 1390 1278 1279
f 1390 1389 1278
f 1391 1279 1280
f 1391 1390 1279
f 1280 1281 1391
f 1391 1281 1392
f 1393 1282 1283
f 1393 1283 1394
f 1283 1395 1394
f 1283 1284 1395
f 1396 1284 1285
f 1396 1395 1284
f 1285 1274 1385
f 1285 1385 1396
f 1397 1392 1281
f 1397 1281 1286
f 1398 1286 1287
f 1398 1397 1286
f 1399 1287 1288
f 1399 1398 1287
f 1400 1288 1289
f 1400 1399 1288
f 1401 1289 1290
f 1401 1400 1289
f 1290 1291 1401
f 1401 1291 1402
f 1404 1403 1293
f 1293 1403 1292
f 1405 1293 1294
f 1405 1404 1293
f 1406 1294 1295
f 1406 1405 1294
f 1295 1282 1393
f 1407 1295 1393
f 1406 1295 1407
f 1407 1393 1394
f 1296 1409 1408
f 1402 1296 1408
f 1291 1296 1402
f 1409 1410 1408
f 1412 1411 1298
f 1298 1411 1297
f 1298 1292 1403
f 1298 1403 1412
f 1299 1409 1296
f 1413 1410 1409
f 1299 1413 1409
f 1300 1413 1299
f 1300 1302 1413
f 1413 1302 1414
f 1415 1303 1304
f 1415 1304 1416
f 1304 1417 1416
f 1304 1305 1417
f 1305 1297 1411
f 1305 1411 1417
f 1418 1414 1302
f 1418 1302 1306
f 1306 1307 1418
f 1418 1307 1419
f 1421 1420 1415
f 1420 1303 1415
f 1420 1308 1303
f 1421 1415 1416
f 1309 1419 1307
f 1309 1422 1419
f 1424 1423 1311
f 1311 1423 1310
f 1311 1308 1420
f 1311 1420 1424
f 1312 1426 1425
f 1422 1312 1425
f 1309 1312 1422
f 1426 1427 1425
f 1423 1313 1310
f 1428 1313 1423
f 1314 1429 1426
f 1314 1426 1312
f 1427 1426 1430
f 1430 1426 1429
f 1432 1431 1316
f 1316 1431 1315
f 1316 1313 1428
f 1316 1428 1432
f 1317 1433 1429
f 1317 1429 1314
f 1430 1429 1434
f 1434 1429 1433
f 1431 1318 1315
f 1435 1318 1431
f 1437 1436 1433
f 1317 1437 1433
f 1319 1437 1317
f 1433 1436 1434
f 1435 1320 1318
f 1438 1320 1435
f 1322 1437 1319
f 1322 1439 1437
f 1438 1323 1320
f 1440 1323 1438
f 1442 1441 1326
f 1442 1326 1325
f 1322 1326 1439
f 1439 1326 1441
f 1440 1327 1323
f 1443 1327 1440
f 1329 1444 1328
f 1444 1445 1328
f 1445 1325 1328
f 1445 1442 1325
f 1443 1330 1327
f 1446 1330 1443
f 1331 1447 1444
f 1331 1444 1329
f 1445 1444 1448
f 1448 1444 1447
f 1446 1332 1330
f 1449 1332 1446
f 1451 1450 1447
f 1331 1451 1447
f 1334 1451 1331
f 1447 1450 1448
f 1449 1335 1332
f 1452 1335 1449
f 1337 1451 1334
f 1337 1453 1451
f 1452 1454 1335
f 1335 1454 1338
f 1339 1338 1454
f 1339 1454 1455
f 1341 1456 1340
f 1456 1457 1340
f 1457 1337 1340
f 1457 1453 1337
f 1455 1343 1339
f 1458 1343 1455
f 1344 1459 1456
f 1344 1456 1341
f 1457 1456 1460
f 1460 1456 1459
f 1458 1461 1343
f 1343 1461 1345
f 1346 1345 1461
f 1346 1461 1462
f 1348 1463 1347
f 1463 1464 1347
f 1347 1464 1344
f 1464 1465 1344
f 1465 1459 1344
f 1459 1465 1460
f 1462 1466 1346
f 1346 1466 1349
f 1349 1467 1350
f 1466 1467 1349
f 1467 1469 1468
f 1351 1467 1468
f 1350 1467 1351
f 1468 1352 1351
f 1353 1470 1463
f 1353 1463 1348
f 1464 1463 1471
f 1471 1463 1470
f 1469 1472 1468
f 1352 1468 1472
f 1473 1352 1472
f 1354 1352 1473
f 1475 1474 1470
f 1353 1475 1470
f 1356 1475 1353
f 1470 1474 1471
f 1473 1476 1354
f 1354 1476 1357
f 1358 1357 1476
f 1358 1476 1477
f 1479 1478 1361
f 1479 1361 1360
f 1356 1361 1475
f 1475 1361 1478
f 1477 1480 1358
f 1358 1480 1362
f 1364 1362 1480
f 1364 1480 1481
f 1366 1482 1365
f 1365 1482 1483
f 1484 1365 1483
f 1367 1365 1484
f 1360 1367 1479
f 1479 1367 1484
f 1481 1485 1364
f 1364 1485 1368
f 1368 1486 1369
f 1485 1486 1368
f 1371 1369 1486
f 1371 1486 1487
f 1375 1488 1376
f 1488 1489 1376
f 1376 1489 1366
f 1489 1490 1366
f 1490 1482 1366
f 1482 1490 1483
f 1487 1491 1371
f 1371 1491 1377
f 1377 1492 1378
f 1491 1492 1377
f 1378 1493 1379
f 1492 1493 1378
f 1493 1495 1494
f 1380 1493 1494
f 1379 1493 1380
f 1496 1381 1380
f 1496 1380 1494
f 1497 1382 1381
f 1497 1381 1496
f 1498 1383 1382
f 1498 1382 1497
f 1499 1384 1383
f 1499 1383 1498
f 1499 1500 1384
f 1384 1500 1375
f 1500 1501 1375
f 1501 1488 1375
f 1488 1501 1489
f 1495 1502 1494
f 1494 1502 1496
f 1496 1502 1503
f 1496 1503 1497
f 1497 1503 1504
f 1497 1504 1498
f 1498 1504 1505
f 1498 1505 1499
f 1499 1505 1506
f 1499 1506 1500
f 1507 1385 1386
f 1507 1386 1508
f 1386 1509 1508
f 1386 1387 1509
f 1510 1387 1388
f 1510 1509 1387
f 1511 1388 1389
f 1511 1510 1388
f 1512 1389 1390
f 1512 1511 1389
f 1513 1390 1391
f 1513 1512 1390
f 1391 1392 1513
f 1513 1392 1514
f 1516 1515 1395
f 1395 1515 1394
f 1517 1395 1396
f 1517 1516 1395
f 1396 1385 1507
f 1518 1396 1507
f 1517 1396 1518
f 1518 1507 1508
f 1519 1514 1392
f 1519 1392 1397
f 1520 1397 1398
f 1520 1519 1397
f 1521 1398 1399
f 1521 1520 1398
f 1522 1399 1400
f 1522 1521 1399
f 1523 1400 1401
f 1523 1522 1400
f 1401 1402 1523
f 1523 1402 1524
f 1525 1403 1404
f 1405 1526 1404
f 1404 1526 1525
f 1526 1405 1527
f 1405 1528 1527
f 1405 1406 1528
f 1529 1406 1407
f 1529 1528 1406
f 1407 1394 1515
f 1407 1515 1529
f 1530 1524 1402
f 1530 1402 1408
f 1408 1410 1530
f 1530 1410 1531
f 1533 1532 1412
f 1412 1532 1411
f 1412 1403 1525
f 1534 1412 1525
f 1533 1412 1534
f 1534 1525 1526
f 1534 1526 1535
f 1535 1526 1527
f 1536 1531 1410
f 1536 1410 1413
f 1538 1537 1414
f 1537 1413 1414
f 1537 1536 1413
f 1538 1539 1537
f 1541 1540 1417
f 1417 1540 1416
f 1417 1411 1532
f 1417 1532 1541
f 1418 1538 1414
f 1543 1542 1419
f 1419 1542 1418
f 1542 1539 1418
f 1539 1538 1418
f 1543 1544 1542
f 1546 1545 1421
f 1421 1545 1420
f 1421 1416 1540
f 1421 1540 1546
f 1422 1547 1543
f 1422 1543 1419
f 1544 1543 1548
f 1548 1543 1547
f 1550 1549 1424
f 1424 1549 1423
f 1424 1420 1545
f 1424 1545 1550
f 1425 1547 1422
f 1425 1427 1547
f 1427 1548 1547
f 1427 1551 1548
f 1549 1428 1423
f 1552 1428 1549
f 1430 1551 1427
f 1430 1553 1551
f 1555 1554 1432
f 1432 1554 1431
f 1432 1428 1552
f 1432 1552 1555
f 1434 1553 1430
f 1434 1556 1553
f 1554 1435 1431
f 1557 1435 1554
f 1437 1558 1436
f 1558 1559 1436
f 1559 1434 1436
f 1559 1556 1434
f 1557 1438 1435
f 1560 1438 1557
f 1562 1561 1558
f 1437 1562 1558
f 1439 1562 1437
f 1558 1561 1559
f 1560 1440 1438
f 1563 1440 1560
f 1442 1564 1441
f 1564 1565 1441
f 1565 1439 1441
f 1565 1562 1439
f 1563 1443 1440
f 1566 1443 1563
f 1445 1567 1564
f 1445 1564 1442
f 1565 1564 1568
f 1568 1564 1567
f 1566 1446 1443
f 1569 1446 1566
f 1571 1570 1567
f 1445 1571 1567
f 1448 1571 1445
f 1567 1570 1568
f 1569 1449 1446
f 1572 1449 1569
f 1451 1573 1450
f 1573 1574 1450
f 1574 1448 1450
f 1574 1571 1448
f 1572 1452 1449
f 1575 1452 1572
f 1453 1576 1573
f 1453 1573 1451
f 1574 1573 1577
f 1577 1573 1576
f 1575 1578 1452
f 1452 1578 1454
f 1455 1454 1578
f 1455 1578 1579
f 1581 1580 1576
f 1453 1581 1576
f 1457 1581 1453
f 1576 1580 1577
f 1579 1458 1455
f 1582 1458 1579
f 1460 1581 1457
f 1460 1583 1581
f 1582 1584 1458
f 1458 1584 1461
f 1462 1461 1584
f 1462 1584 1585
f 1464 1586 1465
f 1586 1587 1465
f 1587 1460 1465
f 1587 1583 1460
f 1585 1588 1462
f 1462 1588 1466
f 1466 1589 1467
f 1588 1589 1466
f 1469 1467 1589
f 1469 1589 1590
f 1471 1591 1586
f 1471 1586 1464
f 1587 1586 1592
f 1592 1586 1591
f 1590 1593 1469
f 1469 1593 1472
f 1473 1472 1593
f 1473 1593 1594
f 1475 1595 1474
f 1595 1596 1474
f 1474 1596 1471
f 1596 1597 1471
f 1597 1591 1471
f 1591 1597 1592
f 1594 1598 1473
f 1473 1598 1476
f 1477 1476 1598
f 1477 1598 1599
f 1479 1600 1478
f 1595 1475 1478
f 1600 1595 1478
f 1601 1595 1600
f 1596 1595 1602
f 1602 1595 1601
f 1599 1603 1477
f 1477 1603 1480
f 1481 1480 1603
f 1481 1603 1604
f 1483 1605 1484
f 1605 1606 1484
f 1484 1606 1479
f 1606 1607 1479
f 1607 1600 1479
f 1600 1607 1601
f 1601 1607 1608
f 1601 1608 1602
f 1604 1609 1481
f 1481 1609 1485
f 1485 1610 1486
f 1609 1610 1485
f 1487 1486 1610
f 1487 1610 1611
f 1489 1612 1490
f 1612 1613 1490
f 1490 1613 1483
f 1613 1614 1483
f 1614 1605 1483
f 1605 1614 1606
f 1611 1615 1487
f 1487 1615 1491
f 1491 1616 1492
f 1615 1616 1491
f 1616 1618 1617
f 1493 1616 1617
f 1492 1616 1493
f 1617 1495 1493
f 1500 1619 1501
f 1619 1620 1501
f 1501 1620 1489
f 1620 1621 1489
f 1621 1612 1489
f 1612 1621 1613
f 1618 1622 1617
f 1617 1622 1495
f 1622 1502 1495
f 1622 1623 1502
f 1502 1624 1503
f 1623 1624 1502
f 1503 1625 1504
f 1624 1625 1503
f 1504 1626 1505
f 1625 1626 1504
f 1505 1627 1506
f 1626 1627 1505
f 1500 1506 1619
f 1506 1628 1619
f 1506 1627 1628
f 1619 1628 1620
f 1629 1508 1509
f 1629 1509 1630
f 1509 1631 1630
f 1509 1510 1631
f 1632 1510 1511
f 1632 1631 1510
f 1633 1511 1512
f 1633 1632 1511
f 1634 1512 1513
f 1634 1633 1512
f 1513 1514 1634
f 1634 1514 1635
f 1636 1515 1516
f 1517 1637 1516
f 1516 1637 1636
f 1637 1517 1638
f 1517 1639 1638
f 1517 1518 1639
f 1518 1508 1629
f 1640 1518 1629
f 1639 1518 1640
f 1640 1629 1630
f 1641 1635 1514
f 1641 1514 1519
f 1642 1519 1520
f 1642 1641 1519
f 1643 1520 1521
f 1643 1642 1520
f 1644 1521 1522
f 1644 1643 1521
f 1645 1522 1523
f 1645 1644 1522
f 1523 1524 1645
f 1645 1524 1646
f 1648 1647 1528
f 1528 1647 1527
f 1649 1528 1529
f 1649 1648 1528
f 1529 1515 1636
f 1650 1529 1636
f 1649 1529 1650
f 1650 1636 1637
f 1650 1637 1651
f 1651 1637 1638
f 1652 1646 1524
f 1652 1524 1530
f 1530 1531 1652
f 1652 1531 1653
f 1654 1532 1533
f 1654 1533 1655
f 1533 1656 1655
f 1533 1534 1656
f 1657 1534 1535
f 1657 1656 1534
f 1535 1527 1647
f 1535 1647 1657
f 1658 1653 1531
f 1658 1531 1536
f 1659 1536 1537
f 1659 1658 1536
f 1537 1539 1659
f 1659 1539 1660
f 1661 1540 1541
f 1662 1661 1541
f 1662 1541 1532
f 1663 1662 1532
f 1654 1663 1532
f 1663 1654 1655
f 1664 1660 1539
f 1664 1539 1542
f 1542 1544 1664
f 1664 1544 1665
f 1666 1545 1546
f 1540 1661 1546
f 1661 1666 1546
f 1661 1667 1666
f 1661 1662 1668
f 1661 1668 1667
f 1548 1665 1544
f 1548 1669 1665
f 1670 1549 1550
f 1671 1670 1550
f 1671 1550 1545
f 1672 1671 1545
f 1666 1672 1545
f 1672 1666 1667
f 1672 1667 1673
f 1673 1667 1668
f 1551 1669 1548
f 1551 1674 1669
f 1676 1675 1670
f 1675 1549 1670
f 1675 1552 1549
f 1676 1670 1671
f 1553 1674 1551
f 1553 1677 1674
f 1678 1554 1555
f 1679 1678 1555
f 1552 1679 1555
f 1675 1679 1552
f 1556 1677 1553
f 1556 1680 1677
f 1682 1681 1678
f 1681 1554 1678
f 1681 1557 1554
f 1682 1678 1679
f 1559 1680 1556
f 1559 1683 1680
f 1681 1560 1557
f 1684 1560 1681
f 1562 1685 1561
f 1685 1686 1561
f 1686 1559 1561
f 1686 1683 1559
f 1684 1563 1560
f 1687 1563 1684
f 1565 1688 1685
f 1565 1685 1562
f 1686 1685 1689
f 1689 1685 1688
f 1687 1566 1563
f 1690 1566 1687
f 1692 1691 1688
f 1565 1692 1688
f 1568 1692 1565
f 1688 1691 1689
f 1690 1569 1566
f 1693 1569 1690
f 1571 1694 1570
f 1694 1695 1570
f 1695 1568 1570
f 1695 1692 1568
f 1693 1572 1569
f 1696 1572 1693
f 1698 1697 1694
f 1571 1698 1694
f 1574 1698 1571
f 1694 1697 1695
f 1696 1575 1572
f 1699 1575 1696
f 1577 1698 1574
f 1577 1700 1698
f 1699 1701 1575
f 1575 1701 1578
f 1579 1578 1701
f 1579 1701 1702
f 1581 1703 1580
f 1703 1704 1580
f 1704 1577 1580
f 1704 1700 1577
f 1706 1582 1705
f 1582 1702 1705
f 1582 1579 1702
f 1707 1706 1705
f 1583 1708 1703
f 1583 1703 1581
f 1704 1703 1709
f 1709 1703 1708
f 1706 1584 1582
f 1711 1710 1585
f 1711 1585 1584
f 1707 1711 1584
f 1706 1707 1584
f 1712 1710 1711
f 1587 1713 1708
f 1587 1708 1583
f 1709 1708 1714
f 1714 1708 1713
f 1710 1588 1585
f 1712 1715 1710
f 1715 1588 1710
f 1715 1589 1588
f 1590 1589 1715
f 1590 1715 1716
f 1592 1717 1713
f 1592 1713 1587
f 1714 1713 1718
f 1718 1713 1717
f 1716 1719 1590
f 1590 1719 1593
f 1594 1593 1719
f 1594 1719 1720
f 1596 1721 1597
f 1721 1722 1597
f 1597 1722 1592
f 1722 1723 1592
f 1723 1717 1592
f 1717 1723 1718
f 1720 1724 1594
f 1594 1724 1598
f 1599 1598 1724
f 1599 1724 1725
f 1727 1726 1721
f 1596 1727 1721
f 1602 1727 1596
f 1721 1726 1722
f 1725 1728 1599
f 1599 1728 1603
f 1604 1603 1728
f 1604 1728 1729
f 1606 1730 1607
f 1607 1730 1731
f 1732 1607 1731
f 1608 1607 1732
f 1602 1608 1727
f 1727 1608 1732
f 1729 1733 1604
f 1604 1733 1609
f 1609 1734 1610
f 1733 1734 1609
f 1611 1610 1734
f 1611 1734 1735
f 1613 1736 1614
f 1736 1737 1614
f 1614 1737 1606
f 1737 1738 1606
f 1738 1730 1606
f 1730 1738 1731
f 1735 1739 1611
f 1611 1739 1615
f 1739 1741 1740
f 1616 1739 1740
f 1615 1739 1616
f 1740 1618 1616
f 1620 1742 1621
f 1736 1613 1621
f 1742 1736 1621
f 1743 1736 1742
f 1737 1736 1744
f 1744 1736 1743
f 1741 1745 1740
f 1740 1745 1618
f 1745 1622 1618
f 1745 1746 1622
f 1622 1747 1623
f 1746 1747 1622
f 1747 1749 1748
f 1624 1747 1748
f 1623 1747 1624
f 1750 1625 1624
f 1750 1624 1748
f 1751 1626 1625
f 1751 1625 1750
f 1752 1627 1626
f 1752 1626 1751
f 1753 1628 1627
f 1753 1627 1752
f 1753 1754 1628
f 1628 1754 1620
f 1754 1755 1620
f 1755 1742 1620
f 1742 1755 1743
f 1743 1755 1756
f 1743 1756 1744
f 1749 1757 1748
f 1748 1757 1750
f 1750 1757 1758
f 1750 1758 1751
f 1751 1758 1759
f 1751 1759 1752
f 1752 1759 1760
f 1752 1760 1753
f 1753 1760 1761
f 1753 1761 1754
f 1762 1630 1631
f 1632 1763 1631
f 1631 1763 1762
f 1633 1764 1632
f 1632 1764 1763
f 1634 1765 1633
f 1633 1765 1764
f 1635 1765 1634
f 1767 1766 1639
f 1639 1766 1638
f 1768 1639 1640
f 1768 1767 1639
f 1640 1630 1762
f 1769 1640 1762
f 1768 1640 1769
f 1769 1762 1763
f 1769 1763 1770
f 1770 1763 1764
f 1770 1764 1771
f 1771 1764 1765
f 1771 1765 1772
f 1772 1765 1635
f 1641 1772 1635
f 1773 1772 1641
f 1774 1641 1642
f 1774 1773 1641
f 1775 1642 1643
f 1775 1774 1642
f 1776 1643 1644
f 1776 1775 1643
f 1778 1776 1777
f 1776 1645 1777
f 1776 1644 1645
f 1646 1777 1645
f 1779 1647 1648
f 1649 1780 1648
f 1648 1780 1779
f 1780 1649 1781
f 1649 1782 1781
f 1649 1650 1782
f 1783 1650 1651
f 1783 1782 1650
f 1651 1638 1766
f 1651 1766 1783
f 1784 1778 1777
f 1784 1777 1646
f 1652 1784 1646
f 1785 1784 1652
f 1652 1653 1785
f 1785 1653 1786
f 1787 1655 1656
f 1657 1788 1656
f 1656 1788 1787
f 1789 1788 1657
f 1789 1657 1647
f 1790 1789 1647
f 1779 1790 1647
f 1790 1779 1780
f 1790 1780 1791
f 1791 1780 1781
f 1792 1786 1653
f 1792 1653 1658
f 1793 1658 1659
f 1793 1792 1658
f 1659 1660 1793
f 1793 1660 1794
f 1795 1662 1663
f 1655 1787 1663
f 1787 1795 1663
f 1787 1796 1795
f 1788 1798 1797
f 1796 1788 1797
f 1787 1788 1796
f 1798 1788 1789
f 1799 1794 1660
f 1799 1660 1664
f 1664 1665 1799
f 1799 1665 1800
f 1801 1668 1795
f 1795 1668 1662
f 1796 1803 1802
f 1801 1796 1802
f 1795 1796 1801
f 1803 1796 1797
f 1669 1805 1804
f 1800 1669 1804
f 1665 1669 1800
f 1805 1806 1804
f 1807 1671 1672
f 1673 1808 1672
f 1672 1808 1807
f 1668 1801 1673
f 1801 1808 1673
f 1801 1809 1808
f 1801 1802 1810
f 1801 1810 1809
f 1674 1811 1805
f 1674 1805 1669
f 1806 1805 1812
f 1812 1805 1811
f 1813 1675 1676
f 1814 1813 1676
f 1814 1676 1671
f 1815 1814 1671
f 1807 1815 1671
f 1815 1807 1808
f 1815 1808 1816
f 1816 1808 1809
f 1816 1809 1817
f 1817 1809 1810
f 1677 1818 1811
f 1677 1811 1674
f 1812 1811 1819
f 1819 1811 1818
f 1820 1679 1813
f 1813 1679 1675
f 1813 1814 1821
f 1813 1821 1820
f 1680 1822 1818
f 1680 1818 1677
f 1819 1818 1823
f 1823 1818 1822
f 1824 1681 1682
f 1679 1820 1682
f 1820 1824 1682
f 1820 1825 1824
f 1820 1821 1826
f 1820 1826 1825
f 1683 1827 1822
f 1683 1822 1680
f 1823 1822 1828
f 1828 1822 1827
f 1829 1684 1824
f 1824 1684 1681
f 1830 1824 1825
f 1829 1824 1830
f 1825 1826 1831
f 1825 1831 1830
f 1686 1832 1827
f 1686 1827 1683
f 1828 1827 1833
f 1833 1827 1832
f 1835 1834 1829
f 1834 1684 1829
f 1834 1687 1684
f 1835 1829 1830
f 1835 1830 1836
f 1836 1830 1831
f 1838 1837 1832
f 1686 1838 1832
f 1689 1838 1686
f 1832 1837 1833
f 1834 1690 1687
f 1839 1690 1834
f 1692 1840 1691
f 1840 1841 1691
f 1841 1689 1691
f 1841 1838 1689
f 1839 1693 1690
f 1842 1693 1839
f 1844 1843 1840
f 1692 1844 1840
f 1695 1844 1692
f 1840 1843 1841
f 1846 1696 1845
f 1696 1842 1845
f 1696 1693 1842
f 1847 1846 1845
f 1698 1848 1697
f 1848 1849 1697
f 1849 1695 1697
f 1849 1844 1695
f 1850 1699 1846
f 1846 1699 1696
f 1846 1847 1851
f 1846 1851 1850
f 1700 1852 1848
f 1700 1848 1698
f 1849 1848 1853
f 1853 1848 1852
f 1850 1701 1699
f 1855 1854 1702
f 1855 1702 1701
f 1851 1855 1701
f 1850 1851 1701
f 1856 1854 1855
f 1858 1857 1852
f 1700 1858 1852
f 1704 1858 1700
f 1852 1857 1853
f 1854 1705 1702
f 1707 1705 1854
f 1856 1707 1854
f 1859 1707 1856
f 1709 1858 1704
f 1709 1860 1858
f 1859 1861 1707
f 1707 1861 1711
f 1712 1711 1861
f 1712 1861 1862
f 1714 1860 1709
f 1714 1863 1860
f 1862 1864 1712
f 1712 1864 1715
f 1716 1715 1864
f 1716 1864 1865
f 1718 1863 1714
f 1718 1866 1863
f 1865 1867 1716
f 1716 1867 1719
f 1720 1719 1867
f 1720 1867 1868
f 1722 1869 1723
f 1869 1870 1723
f 1870 1718 1723
f 1870 1866 1718
f 1868 1871 1720
f 1720 1871 1724
f 1725 1724 1871
f 1725 1871 1872
f 1727 1873 1726
f 1869 1722 1726
f 1873 1869 1726
f 1874 1869 1873
f 1870 1869 1875
f 1875 1869 1874
f 1872 1876 1725
f 1725 1876 1728
f 1729 1728 1876
f 1729 1876 1877
f 1731 1878 1732
f 1878 1879 1732
f 1732 1879 1727
f 1879 1880 1727
f 1880 1873 1727
f 1873 1880 1874
f 1874 1880 1881
f 1874 1881 1875
f 1877 1882 1729
f 1729 1882 1733
f 1882 1884 1883
f 1734 1882 1883
f 1733 1882 1734
f 1883 1735 1734
f 1737 1885 1738
f 1878 1731 1738
f 1885 1878 1738
f 1886 1878 1885
f 1879 1878 1887
f 1887 1878 1886
f 1883 1884 1888
f 1888 1884 1889
f 1890 1739 1735
f 1883 1890 1735
f 1888 1890 1883
f 1890 1741 1739
f 1744 1891 1885
f 1744 1885 1737
f 1893 1886 1892
f 1886 1891 1892
f 1886 1885 1891
f 1886 1893 1887
f 1889 1894 1888
f 1888 1894 1890
f 1890 1894 1895
f 1890 1895 1741
f 1895 1745 1741
f 1895 1896 1745
f 1896 1898 1897
f 1746 1896 1897
f 1745 1896 1746
f 1899 1747 1746
f 1899 1746 1897
f 1899 1749 1747
f 1754 1900 1755
f 1755 1900 1901
f 1902 1755 1901
f 1756 1755 1902
f 1744 1756 1891
f 1756 1903 1891
f 1756 1902 1903
f 1891 1903 1892
f 1898 1904 1897
f 1897 1904 1899
f 1899 1904 1905
f 1899 1905 1749
f 1905 1757 1749
f 1905 1906 1757
f 1757 1907 1758
f 1906 1907 1757
f 1758 1908 1759
f 1907 1908 1758
f 1759 1909 1760
f 1908 1909 1759
f 1760 1910 1761
f 1909 1910 1760
f 1754 1761 1900
f 1761 1911 1900
f 1761 1910 1911
f 1900 1911 1901
f 1912 1766 1767
f 1912 1767 1913
f 1767 1914 1913
f 1767 1768 1914
f 1915 1768 1769
f 1915 1914 1768
f 1916 1769 1770
f 1916 1915 1769
f 1917 1770 1771
f 1917 1916 1770
f 1918 1771 1772
f 1918 1917 1771
f 1919 1772 1773
f 1919 1918 1772
f 1920 1773 1774
f 1920 1919 1773
f 1921 1774 1775
f 1921 1920 1774
f 1922 1775 1776
f 1922 1921 1775
f 1776 1778 1922
f 1922 1778 1923
f 1924 1781 1782
f 1924 1782 1925
f 1782 1926 1925
f 1782 1783 1926
f 1783 1766 1912
f 1927 1783 1912
f 1926 1783 1927
f 1927 1912 1913
f 1928 1923 1778
f 1928 1778 1784
f 1929 1784 1785
f 1929 1928 1784
f 1785 1786 1929
f 1929 1786 1930
f 1931 1789 1790
f 1931 1790 1932
f 1790 1933 1932
f 1790 1791 1933
f 1791 1781 1924
f 1934 1791 1924
f 1933 1791 1934
f 1934 1924 1925
f 1935 1930 1786
f 1935 1786 1792
f 1936 1792 1793
f 1936 1935 1792
f 1793 1794 1936
f 1936 1794 1937
f 1938 1797 1798
f 1939 1938 1798
f 1939 1798 1789
f 1940 1939 1789
f 1931 1940 1789
f 1940 1931 1932
f 1941 1937 1794
f 1941 1794 1799
f 1799 1800 1941
f 1941 1800 1942
f 1944 1943 1803
f 1803 1943 1802
f 1803 1797 1938
f 1945 1803 1938
f 1944 1803 1945
f 1945 1938 1939
f 1946 1942 1800
f 1946 1800 1804
f 1804 1806 1946
f 1946 1806 1947
f 1943 1810 1802
f 1948 1810 1943
f 1812 1947 1806
f 1812 1949 1947
f 1950 1814 1815
f 1816 1951 1815
f 1815 1951 1950
f 1817 1952 1816
f 1816 1952 1951
f 1953 1952 1817
f 1810 1953 1817
f 1948 1953 1810
f 1819 1949 1812
f 1819 1954 1949
f 1956 1955 1950
f 1955 1814 1950
f 1955 1821 1814
f 1956 1950 1951
f 1956 1951 1957
f 1957 1951 1952
f 1957 1952 1958
f 1958 1952 1953
f 1823 1954 1819
f 1823 1959 1954
f 1955 1826 1821
f 1960 1826 1955
f 1828 1962 1961
f 1959 1828 1961
f 1823 1828 1959
f 1962 1963 1961
f 1960 1831 1826
f 1964 1831 1960
f 1833 1965 1962
f 1833 1962 1828
f 1963 1962 1966
f 1966 1962 1965
f 1967 1834 1835
f 1967 1835 1968
f 1835 1969 1968
f 1835 1836 1969
f 1836 1831 1964
f 1836 1964 1969
f 1838 1970 1837
f 1965 1833 1837
f 1970 1965 1837
f 1971 1965 1970
f 1966 1965 1972
f 1972 1965 1971
f 1973 1839 1967
f 1967 1839 1834
f 1967 1968 1974
f 1967 1974 1973
f 1841 1975 1970
f 1841 1970 1838
f 1977 1971 1976
f 1971 1975 1976
f 1971 1970 1975
f 1971 1977 1972
f 1978 1842 1973
f 1973 1842 1839
f 1973 1974 1979
f 1973 1979 1978
f 1844 1980 1843
f 1980 1981 1843
f 1843 1981 1841
f 1981 1982 1841
f 1982 1975 1841
f 1975 1982 1976
f 1978 1845 1842
f 1847 1845 1978
f 1979 1847 1978
f 1983 1847 1979
f 1849 1984 1980
f 1849 1980 1844
f 1981 1980 1985
f 1985 1980 1984
f 1987 1851 1986
f 1851 1983 1986
f 1851 1847 1983
f 1988 1987 1986
f 1853 1989 1984
f 1853 1984 1849
f 1985 1984 1990
f 1990 1984 1989
f 1987 1855 1851
f 1856 1855 1987
f 1988 1856 1987
f 1991 1856 1988
f 1858 1992 1857
f 1989 1853 1857
f 1992 1989 1857
f 1993 1989 1992
f 1990 1989 1994
f 1994 1989 1993
f 1991 1859 1856
f 1995 1859 1991
f 1860 1996 1992
f 1860 1992 1858
f 1998 1993 1997
f 1993 1996 1997
f 1993 1992 1996
f 1993 1998 1994
f 1995 1999 1859
f 1859 1999 1861
f 1862 1861 1999
f 1862 1999 2000
f 1863 2001 1996
f 1863 1996 1860
f 1997 1996 2002
f 2002 1996 2001
f 2000 2003 1862
f 1862 2003 1864
f 1865 1864 2003
f 1865 2003 2004
f 1866 2005 2001
f 1866 2001 1863
f 2002 2001 2006
f 2006 2001 2005
f 2004 2007 1865
f 1865 2007 1867
f 2009 2008 1868
f 1867 2009 1868
f 2007 2009 1867
f 2010 2008 2009
f 1870 2011 2005
f 1870 2005 1866
f 2006 2005 2012
f 2012 2005 2011
f 2008 1871 1868
f 1872 1871 2008
f 2010 1872 2008
f 2013 1872 2010
f 1875 2014 2011
f 1875 2011 1870
f 2012 2011 2015
f 2015 2011 2014
f 2013 2016 1872
f 1872 2016 1876
f 2018 2017 1877
f 1876 2018 1877
f 2016 2018 1876
f 2019 2017 2018
f 1879 2020 1880
f 1880 2020 2021
f 2022 1880 2021
f 1881 1880 2022
f 1875 1881 2014
f 1881 2023 2014
f 1881 2022 2023
f 2014 2023 2015
f 2017 1882 1877
f 1884 1882 2017
f 2019 1884 2017
f 2024 1884 2019
f 1887 2025 2020
f 1887 2020 1879
f 2021 2020 2026
f 2026 2020 2025
f 2024 1889 1884
f 2027 1889 2024
f 1892 2028 1893
f 2028 2029 1893
f 1893 2029 1887
f 2029 2030 1887
f 2030 2025 1887
f 2025 2030 2026
f 2027 2031 1889
f 1889 2031 1894
f 1894 2032 1895
f 2031 2032 1894
f 2032 2034 2033
f 1896 2032 2033
f 1895 2032 1896
f 2033 1898 1896
f 1901 2035 1902
f 2036 1903 1902
f 2036 1902 2035
f 2036 2037 1903
f 1903 2037 1892
f 2037 2038 1892
f 2038 2028 1892
f 2028 2038 2029
f 2034 2039 2033
f 2033 2039 1898
f 2039 1904 1898
f 2039 2040 1904
f 1904 2041 1905
f 2040 2041 1904
f 2041 2043 2042
f 1906 2041 2042
f 1905 2041 1906
f 2044 1907 1906
f 2044 1906 2042
f 2045 1908 1907
f 2045 1907 2044
f 2046 1909 1908
f 2046 1908 2045
f 2047 1910 1909
f 2047 1909 2046
f 1910 2047 2048
f 2049 1910 2048
f 1911 1910 2049
f 1901 1911 2035
f 1911 2050 2035
f 1911 2049 2050
f 2035 2050 2036
f 2036 2050 2051
f 2036 2051 2037
f 2043 2052 2042
f 2042 2052 2044
f 2044 2052 2053
f 2044 2053 2045
f 2045 2053 2054
f 2045 2054 2046
f 2046 2054 2055
f 2046 2055 2047
f 2047 2055 2056
f 2047 2056 2048
f 2057 1913 1914
f 1915 2058 1914
f 1914 2058 2057
f 1916 2059 1915
f 1915 2059 2058
f 2059 1916 2060
f 1916 2061 2060
f 1916 1917 2061
f 2062 1917 1918
f 2062 2061 1917
f 2063 1918 1919
f 2063 2062 1918
f 2064 1919 1920
f 2064 2063 1919
f 2066 2064 2065
f 2064 1921 2065
f 2064 1920 1921
f 1922 2067 1921
f 1921 2067 2065
f 1923 2067 1922
f 2068 1925 1926
f 1927 2069 1926
f 1926 2069 2068
f 1913 2057 1927
f 2057 2069 1927
f 2057 2070 2069
f 2058 2072 2071
f 2070 2058 2071
f 2057 2058 2070
f 2072 2058 2059
f 2072 2059 2073
f 2073 2059 2060
f 2074 2066 2065
f 2074 2065 2067
f 2074 2067 2075
f 2075 2067 1923
f 1928 2075 1923
f 2076 2075 1928
f 2077 1928 1929
f 2077 2076 1928
f 1929 1930 2077
f 2077 1930 2078
f 2079 1932 1933
f 1934 2080 1933
f 1933 2080 2079
f 1925 2068 1934
f 2068 2080 1934
f 2068 2081 2080
f 2082 2068 2069
f 2081 2068 2082
f 2070 2084 2083
f 2082 2070 2083
f 2069 2070 2082
f 2084 2070 2071
f 2085 2078 1930
f 2085 1930 1935
f 2087 2085 2086
f 2085 1936 2086
f 2085 1935 1936
f 1937 2086 1936
f 2088 1939 1940
f 1932 2079 1940
f 2079 2088 1940
f 2079 2089 2088
f 2090 2079 2080
f 2089 2079 2090
f 2091 2080 2081
f 2090 2080 2091
f 2092 2081 2082
f 2091 2081 2092
f 2082 2083 2093
f 2082 2093 2092
f 2094 2087 2086
f 2094 2086 1937
f 1941 2094 1937
f 2095 2094 1941
f 1941 1942 2095
f 2095 1942 2096
f 2097 1943 1944
f 1945 2098 1944
f 1944 2098 2097
f 1939 2088 1945
f 2088 2098 1945
f 2088 2099 2098
f 2100 2088 2089
f 2099 2088 2100
f 2101 2089 2090
f 2100 2089 2101
f 2102 2090 2091
f 2101 2090 2102
f 2092 2104 2103
f 2102 2092 2103
f 2091 2092 2102
f 2104 2092 2093
f 2105 2096 1942
f 2105 1942 1946
f 1946 1947 2105
f 2105 1947 2106
f 2107 1948 2097
f 2097 1948 1943
f 2108 2097 2098
f 2107 2097 2108
f 2109 2098 2099
f 2108 2098 2109
f 2110 2099 2100
f 2109 2099 2110
f 2101 2112 2111
f 2110 2101 2111
f 2100 2101 2110
f 2112 2101 2102
f 2112 2102 2113
f 2113 2102 2103
f 1949 2106 1947
f 1949 2114 2106
f 2116 2115 2107
f 2115 1948 2107
f 2115 1953 1948
f 2116 2107 2108
f 2116 2108 2117
f 2117 2108 2109
f 2117 2109 2118
f 2118 2109 2110
f 2118 2110 2119
f 2119 2110 2111
f 1954 2114 1949
f 1954 2120 2114
f 2121 1955 1956
f 1957 2122 1956
f 1956 2122 2121
f 2122 1957 2123
f 1957 2124 2123
f 1957 1958 2124
f 1958 1953 2115
f 1958 2115 2124
f 1959 2126 2125
f 2120 1959 2125
f 1954 1959 2120
f 2126 2127 2125
f 2128 1960 2121
f 2121 1960 1955
f 2129 2121 2122
f 2128 2121 2129
f 2122 2123 2130
f 2122 2130 2129
f 1961 2126 1959
f 1961 1963 2126
f 1963 2127 2126
f 1963 2131 2127
f 2132 1964 2128
f 2128 1964 1960
f 2129 2134 2133
f 2132 2129 2133
f 2128 2129 2132
f 2134 2129 2130
f 1966 2131 1963
f 1966 2135 2131
f 2136 1968 1969
f 2137 2136 1969
f 2137 1969 1964
f 2138 2137 1964
f 2132 2138 1964
f 2138 2132 2133
f 1972 2135 1966
f 1972 2139 2135
f 2140 1974 2136
f 2136 1974 1968
f 2136 2137 2141
f 2136 2141 2140
f 1976 2142 1977
f 2142 2143 1977
f 2143 1972 1977
f 2143 2139 1972
f 2144 1979 2140
f 2140 1979 1974
f 2140 2141 2145
f 2140 2145 2144
f 1981 2146 1982
f 2146 2147 1982
f 1982 2147 1976
f 2147 2148 1976
f 2148 2142 1976
f 2142 2148 2143
f 2149 1983 2144
f 2144 1983 1979
f 2144 2145 2150
f 2151 2144 2150
f 2149 2144 2151
f 2152 2151 2150
f 1985 2153 2146
f 1985 2146 1981
f 2147 2146 2154
f 2154 2146 2153
f 2149 1986 1983
f 1986 2149 1988
f 2149 2155 1988
f 2149 2151 2155
f 2151 2152 2156
f 2151 2156 2155
f 2158 2157 2153
f 1985 2158 2153
f 1990 2158 1985
f 2153 2157 2154
f 2159 1991 2155
f 2155 1991 1988
f 2155 2156 2160
f 2155 2160 2159
f 1994 2158 1990
f 1994 2161 2158
f 2162 1995 2159
f 2159 1995 1991
f 2159 2160 2163
f 2159 2163 2162
f 1997 2164 1998
f 2164 2165 1998
f 2165 1994 1998
f 2165 2161 1994
f 2162 1999 1995
f 2167 2166 2000
f 2167 2000 1999
f 2163 2167 1999
f 2162 2163 1999
f 2168 2166 2167
f 2002 2169 2164
f 2002 2164 1997
f 2165 2164 2170
f 2170 2164 2169
f 2166 2003 2000
f 2004 2003 2166
f 2168 2004 2166
f 2171 2004 2168
f 2006 2172 2169
f 2006 2169 2002
f 2170 2169 2173
f 2173 2169 2172
f 2171 2174 2004
f 2004 2174 2007
f 2007 2175 2009
f 2174 2175 2007
f 2010 2009 2175
f 2010 2175 2176
f 2012 2177 2172
f 2012 2172 2006
f 2173 2172 2178
f 2178 2172 2177
f 2176 2013 2010
f 2179 2013 2176
f 2015 2180 2177
f 2015 2177 2012
f 2178 2177 2181
f 2181 2177 2180
f 2179 2182 2013
f 2013 2182 2016
f 2016 2183 2018
f 2182 2183 2016
f 2019 2018 2183
f 2019 2183 2184
f 2021 2185 2022
f 2186 2023 2022
f 2186 2022 2185
f 2186 2187 2023
f 2023 2187 2015
f 2187 2188 2015
f 2188 2180 2015
f 2180 2188 2181
f 2184 2024 2019
f 2189 2024 2184
f 2026 2190 2185
f 2026 2185 2021
f 2192 2186 2191
f 2186 2190 2191
f 2186 2185 2190
f 2186 2192 2187
f 2189 2027 2024
f 2193 2027 2189
f 2029 2194 2030
f 2194 2195 2030
f 2030 2195 2026
f 2195 2196 2026
f 2196 2190 2026
f 2190 2196 2191
f 2193 2197 2027
f 2027 2197 2031
f 2031 2198 2032
f 2197 2198 2031
f 2034 2032 2198
f 2034 2198 2199
f 2037 2200 2038
f 2200 2201 2038
f 2038 2201 2029
f 2201 2202 2029
f 2202 2194 2029
f 2194 2202 2195
f 2199 2203 2034
f 2034 2203 2039
f 2039 2204 2040
f 2203 2204 2039
f 2204 2206 2205
f 2041 2204 2205
f 2040 2204 2041
f 2205 2043 2041
f 2048 2207 2049
f 2208 2050 2049
f 2208 2049 2207
f 2050 2208 2209
f 2210 2050 2209
f 2051 2050 2210
f 2037 2051 2200
f 2051 2211 2200
f 2051 2210 2211
f 2200 2211 2201
f 2206 2212 2205
f 2205 2212 2043
f 2212 2052 2043
f 2212 2213 2052
f 2052 2214 2053
f 2213 2214 2052
f 2053 2215 2054
f 2214 2215 2053
f 2054 2216 2055
f 2215 2216 2054
f 2055 2217 2056
f 2216 2217 2055
f 2048 2056 2207
f 2056 2218 2207
f 2056 2217 2218
f 2207 2218 2208
f 2208 2218 2219
f 2208 2219 2209
f 2220 2060 2061
f 2062 2221 2061
f 2061 2221 2220
f 2063 2222 2062
f 2062 2222 2221
f 2064 2223 2063
f 2063 2223 2222
f 2066 2223 2064
f 2224 2071 2072
f 2224 2072 2225
f 2072 2226 2225
f 2072 2073 2226
f 2073 2060 2220
f 2227 2073 2220
f 2226 2073 2227
f 2227 2220 2221
f 2227 2221 2228
f 2228 2221 2222
f 2228 2222 2229
f 2229 2222 2223
f 2229 2223 2230
f 2230 2223 2066
f 2074 2230 2066
f 2231 2230 2074
f 2232 2074 2075
f 2232 2231 2074
f 2233 2075 2076
f 2233 2232 2075
f 2235 2233 2234
f 2233 2077 2234
f 2233 2076 2077
f 2078 2234 2077
f 2237 2236 2084
f 2084 2236 2083
f 2084 2071 2224
f 2238 2084 2224
f 2237 2084 2238
f 2238 2224 2225
f 2239 2235 2234
f 2239 2234 2078
f 2085 2239 2078
f 2240 2239 2085
f 2085 2087 2240
f 2240 2087 2241
f 2236 2093 2083
f 2242 2093 2236
f 2243 2241 2087
f 2243 2087 2094
f 2245 2243 2244
f 2243 2095 2244
f 2243 2094 2095
f 2096 2244 2095
f 2247 2246 2104
f 2104 2246 2103
f 2104 2093 2242
f 2104 2242 2247
f 2248 2245 2244
f 2248 2244 2096
f 2105 2248 2096
f 2249 2248 2105
f 2105 2106 2249
f 2249 2106 2250
f 2252 2251 2112
f 2112 2251 2111
f 2253 2112 2113
f 2253 2252 2112
f 2113 2103 2246
f 2113 2246 2253
f 2114 2250 2106
f 2114 2254 2250
f 2256 2255 2116
f 2116 2255 2115
f 2257 2116 2117
f 2257 2256 2116
f 2258 2117 2118
f 2258 2257 2117
f 2259 2118 2119
f 2259 2258 2118
f 2119 2111 2251
f 2119 2251 2259
f 2120 2261 2260
f 2254 2120 2260
f 2114 2120 2254
f 2261 2262 2260
f 2264 2263 2124
f 2124 2263 2123
f 2124 2115 2255
f 2124 2255 2264
f 2125 2261 2120
f 2266 2265 2127
f 2127 2265 2125
f 2265 2262 2125
f 2262 2261 2125
f 2266 2267 2265
f 2263 2130 2123
f 2268 2130 2263
f 2131 2269 2266
f 2131 2266 2127
f 2267 2266 2270
f 2270 2266 2269
f 2271 2133 2134
f 2272 2271 2134
f 2130 2272 2134
f 2268 2272 2130
f 2135 2273 2269
f 2135 2269 2131
f 2270 2269 2274
f 2274 2269 2273
f 2275 2137 2138
f 2276 2275 2138
f 2276 2138 2133
f 2277 2276 2133
f 2271 2277 2133
f 2277 2271 2272
f 2139 2278 2273
f 2139 2273 2135
f 2274 2273 2279
f 2279 2273 2278
f 2280 2141 2275
f 2275 2141 2137
f 2275 2276 2281
f 2275 2281 2280
f 2143 2282 2278
f 2143 2278 2139
f 2279 2278 2283
f 2283 2278 2282
f 2284 2145 2280
f 2280 2145 2141
f 2280 2281 2285
f 2280 2285 2284
f 2147 2286 2148
f 2282 2143 2148
f 2286 2282 2148
f 2287 2282 2286
f 2283 2282 2288
f 2288 2282 2287
f 2284 2150 2145
f 2290 2289 2152
f 2290 2152 2150
f 2285 2290 2150
f 2284 2285 2150
f 2291 2289 2290
f 2154 2292 2286
f 2154 2286 2147
f 2294 2287 2293
f 2287 2292 2293
f 2287 2286 2292
f 2287 2294 2288
f 2295 2156 2289
f 2289 2156 2152
f 2289 2291 2296
f 2289 2296 2295
f 2158 2297 2157
f 2297 2298 2157
f 2157 2298 2154
f 2298 2299 2154
f 2299 2292 2154
f 2292 2299 2293
f 2300 2160 2295
f 2295 2160 2156
f 2295 2296 2301
f 2295 2301 2300
f 2161 2302 2297
f 2161 2297 2158
f 2298 2297 2303
f 2303 2297 2302
f 2304 2163 2300
f 2300 2163 2160
f 2300 2301 2305
f 2300 2305 2304
f 2165 2306 2302
f 2165 2302 2161
f 2303 2302 2307
f 2307 2302 2306
f 2304 2167 2163
f 2309 2308 2168
f 2309 2168 2167
f 2305 2309 2167
f 2304 2305 2167
f 2310 2308 2309
f 2170 2311 2306
f 2170 2306 2165
f 2307 2306 2312
f 2312 2306 2311
f 2313 2171 2308
f 2308 2171 2168
f 2308 2310 2314
f 2308 2314 2313
f 2173 2315 2311
f 2173 2311 2170
f 2312 2311 2316
f 2316 2311 2315
f 2313 2174 2171
f 2314 2317 2313
f 2317 2174 2313
f 2317 2175 2174
f 2176 2175 2317
f 2176 2317 2318
f 2178 2319 2315
f 2178 2315 2173
f 2316 2315 2320
f 2320 2315 2319
f 2318 2179 2176
f 2321 2179 2318
f 2181 2322 2319
f 2181 2319 2178
f 2320 2319 2323
f 2323 2319 2322
f 2321 2324 2179
f 2179 2324 2182
f 2182 2325 2183
f 2324 2325 2182
f 2184 2183 2325
f 2184 2325 2326
f 2187 2327 2188
f 2322 2181 2188
f 2327 2322 2188
f 2328 2322 2327
f 2323 2322 2329
f 2329 2322 2328
f 2326 2189 2184
f 2330 2189 2326
f 2191 2331 2192
f 2327 2187 2192
f 2331 2327 2192
f 2332 2327 2331
f 2334 2328 2333
f 2328 2332 2333
f 2328 2327 2332
f 2328 2334 2329
f 2330 2193 2189
f 2335 2193 2330
f 2195 2336 2196
f 2336 2337 2196
f 2196 2337 2191
f 2337 2338 2191
f 2338 2331 2191
f 2331 2338 2332
f 2332 2338 2339
f 2332 2339 2333
f 2335 2340 2193
f 2193 2340 2197
f 2340 2342 2341
f 2198 2340 2341
f 2197 2340 2198
f 2341 2199 2198
f 2201 2343 2202
f 2343 2344 2202
f 2202 2344 2195
f 2344 2345 2195
f 2345 2336 2195
f 2336 2345 2337
f 2342 2346 2341
f 2341 2346 2199
f 2346 2203 2199
f 2346 2347 2203
f 2347 2349 2348
f 2204 2347 2348
f 2203 2347 2204
f 2348 2206 2204
f 2209 2350 2210
f 2210 2350 2351
f 2352 2210 2351
f 2211 2210 2352
f 2201 2211 2343
f 2211 2353 2343
f 2211 2352 2353
f 2343 2353 2344
f 2349 2354 2348
f 2348 2354 2206
f 2354 2212 2206
f 2354 2355 2212
f 2212 2356 2213
f 2355 2356 2212
f 2213 2357 2214
f 2356 2357 2213
f 2214 2358 2215
f 2357 2358 2214
f 2215 2359 2216
f 2358 2359 2215
f 2216 2360 2217
f 2359 2360 2216
f 2217 2361 2218
f 2360 2361 2217
f 2218 2362 2219
f 2361 2362 2218
f 2209 2219 2350
f 2219 2363 2350
f 2219 2362 2363
f 2350 2363 2351
f 2364 2225 2226
f 2364 2226 2365
f 2226 2366 2365
f 2226 2227 2366
f 2367 2227 2228
f 2367 2366 2227
f 2368 2228 2229
f 2368 2367 2228
f 2370 2368 2369
f 2368 2230 2369
f 2368 2229 2230
f 2231 2371 2230
f 2230 2371 2369
f 2232 2372 2231
f 2231 2372 2371
f 2233 2373 2232
f 2232 2373 2372
f 2235 2373 2233
f 2374 2236 2237
f 2374 2237 2375
f 2237 2376 2375
f 2237 2238 2376
f 2238 2225 2364
f 2377 2238 2364
f 2376 2238 2377
f 2377 2364 2365
f 2378 2370 2369
f 2378 2369 2371
f 2378 2371 2379
f 2379 2371 2372
f 2379 2372 2380
f 2380 2372 2373
f 2380 2373 2381
f 2381 2373 2235
f 2239 2381 2235
f 2382 2381 2239
f 2384 2382 2383
f 2382 2240 2383
f 2382 2239 2240
f 2241 2383 2240
f 2386 2385 2374
f 2385 2236 2374
f 2385 2242 2236
f 2386 2374 2375
f 2387 2384 2383
f 2387 2383 2241
f 2243 2387 2241
f 2388 2387 2243
f 2243 2245 2388
f 2388 2245 2389
f 2391 2390 2247
f 2247 2390 2246
f 2247 2242 2385
f 2247 2385 2391
f 2392 2389 2245
f 2392 2245 2248
f 2394 2392 2393
f 2392 2249 2393
f 2392 2248 2249
f 2250 2393 2249
f 2396 2395 2252
f 2252 2395 2251
f 2397 2252 2253
f 2397 2396 2252
f 2253 2246 2390
f 2253 2390 2397
f 2398 2394 2393
f 2250 2254 2393
f 2254 2399 2393
f 2399 2398 2393
f 2399 2254 2400
f 2400 2401 2399
f 2402 2255 2256
f 2402 2256 2403
f 2256 2404 2403
f 2256 2257 2404
f 2405 2257 2258
f 2405 2404 2257
f 2406 2258 2259
f 2406 2405 2258
f 2259 2251 2395
f 2259 2395 2406
f 2260 2400 2254
f 2408 2407 2262
f 2262 2407 2260
f 2407 2401 2260
f 2401 2400 2260
f 2408 2409 2407
f 2410 2263 2264
f 2411 2410 2264
f 2411 2264 2255
f 2412 2411 2255
f 2402 2412 2255
f 2412 2402 2403
f 2265 2408 2262
f 2414 2413 2267
f 2267 2413 2265
f 2413 2409 2265
f 2409 2408 2265
f 2414 2415 2413
f 2416 2268 2410
f 2410 2268 2263
f 2410 2411 2417
f 2410 2417 2416
f 2270 2418 2414
f 2270 2414 2267
f 2415 2414 2419
f 2419 2414 2418
f 2421 2420 2416
f 2420 2268 2416
f 2420 2272 2268
f 2421 2416 2417
f 2274 2422 2418
f 2274 2418 2270
f 2419 2418 2423
f 2418 2424 2423
f 2418 2422 2424
f 2424 2425 2423
f 2426 2276 2277
f 2427 2426 2277
f 2272 2427 2277
f 2420 2427 2272
f 2279 2428 2422
f 2279 2422 2274
f 2422 2429 2424
f 2422 2428 2429
f 2425 2424 2430
f 2430 2424 2429
f 2431 2281 2426
f 2426 2281 2276
f 2426 2427 2432
f 2426 2432 2431
f 2283 2433 2428
f 2283 2428 2279
f 2428 2434 2429
f 2428 2433 2434
f 2430 2429 2435
f 2435 2429 2434
f 2436 2285 2431
f 2431 2285 2281
f 2431 2432 2437
f 2431 2437 2436
f 2288 2438 2433
f 2288 2433 2283
f 2440 2434 2439
f 2434 2438 2439
f 2434 2433 2438
f 2434 2440 2435
f 2436 2290 2285
f 2291 2290 2436
f 2437 2291 2436
f 2441 2291 2437
f 2293 2442 2294
f 2442 2443 2294
f 2294 2443 2288
f 2443 2444 2288
f 2444 2438 2288
f 2438 2444 2439
f 2441 2296 2291
f 2445 2296 2441
f 2298 2446 2299
f 2442 2293 2299
f 2446 2442 2299
f 2447 2442 2446
f 2443 2442 2448
f 2448 2442 2447
f 2445 2301 2296
f 2449 2301 2445
f 2303 2450 2446
f 2303 2446 2298
f 2446 2451 2447
f 2446 2450 2451
f 2448 2447 2452
f 2452 2447 2451
f 2449 2305 2301
f 2453 2305 2449
f 2307 2454 2450
f 2307 2450 2303
f 2456 2451 2455
f 2451 2454 2455
f 2451 2450 2454
f 2451 2456 2452
f 2453 2457 2305
f 2305 2457 2309
f 2310 2309 2457
f 2310 2457 2458
f 2312 2459 2454
f 2312 2454 2307
f 2455 2454 2460
f 2460 2454 2459
f 2458 2314 2310
f 2461 2314 2458
f 2316 2462 2459
f 2316 2459 2312
f 2460 2459 2463
f 2463 2459 2462
f 2461 2464 2314
f 2314 2464 2317
f 2318 2317 2464
f 2318 2464 2465
f 2320 2466 2462
f 2320 2462 2316
f 2463 2462 2467
f 2467 2462 2466
f 2465 2321 2318
f 2468 2321 2465
f 2323 2469 2466
f 2323 2466 2320
f 2467 2466 2470
f 2470 2466 2469
f 2468 2471 2321
f 2321 2471 2324
f 2471 2473 2472
f 2325 2471 2472
f 2324 2471 2325
f 2472 2326 2325
f 2475 2474 2469
f 2323 2475 2469
f 2329 2475 2323
f 2469 2474 2470
f 2473 2476 2472
f 2326 2472 2476
f 2477 2326 2476
f 2330 2326 2477
f 2479 2478 2334
f 2479 2334 2333
f 2329 2334 2475
f 2475 2334 2478
f 2477 2335 2330
f 2480 2335 2477
f 2337 2481 2338
f 2482 2339 2338
f 2482 2338 2481
f 2482 2483 2339
f 2483 2333 2339
f 2483 2479 2333
f 2480 2484 2335
f 2335 2484 2340
f 2342 2340 2484
f 2342 2484 2485
f 2487 2486 2345
f 2487 2345 2344
f 2337 2345 2481
f 2345 2488 2481
f 2345 2486 2488
f 2481 2488 2482
f 2482 2488 2489
f 2482 2489 2483
f 2485 2490 2342
f 2342 2490 2346
f 2346 2491 2347
f 2490 2491 2346
f 2349 2347 2491
f 2349 2491 2492
f 2351 2493 2352
f 2352 2493 2494
f 2495 2352 2494
f 2353 2352 2495
f 2344 2353 2487
f 2487 2353 2495
f 2492 2496 2349
f 2349 2496 2354
f 2354 2497 2355
f 2496 2497 2354
f 2497 2499 2498
f 2356 2497 2498
f 2355 2497 2356
f 2500 2357 2356
f 2500 2356 2498
f 2501 2358 2357
f 2501 2357 2500
f 2502 2359 2358
f 2502 2358 2501
f 2503 2360 2359
f 2503 2359 2502
f 2504 2361 2360
f 2504 2360 2503
f 2361 2504 2505
f 2506 2361 2505
f 2362 2361 2506
f 2362 2507 2363
f 2506 2507 2362
f 2351 2363 2493
f 2363 2508 2493
f 2363 2507 2508
f 2493 2508 2494
f 2499 2509 2498
f 2498 2509 2500
f 2500 2509 2510
f 2500 2510 2501
f 2501 2510 2511
f 2501 2511 2502
f 2502 2511 2512
f 2502 2512 2503
f 2503 2512 2513
f 2503 2513 2504
f 2504 2513 2514
f 2504 2514 2505
f 2515 2365 2366
f 2367 2516 2366
f 2366 2516 2515
f 2368 2517 2367
f 2367 2517 2516
f 2370 2517 2368
f 2518 2375 2376
f 2377 2519 2376
f 2376 2519 2518
f 2520 2519 2377
f 2520 2377 2365
f 2521 2520 2365
f 2515 2521 2365
f 2521 2515 2516
f 2521 2516 2522
f 2522 2516 2517
f 2522 2517 2523
f 2523 2517 2370
f 2378 2523 2370
f 2524 2523 2378
f 2525 2378 2379
f 2525 2524 2378
f 2526 2379 2380
f 2526 2525 2379
f 2527 2380 2381
f 2527 2526 2380
f 2528 2381 2382
f 2528 2527 2381
f 2382 2384 2528
f 2528 2384 2529
f 2530 2385 2386
f 2531 2530 2386
f 2531 2386 2375
f 2532 2531 2375
f 2518 2532 2375
f 2532 2518 2519
f 2532 2519 2533
f 2533 2519 2520
f 2384 2387 2534
f 2535 2384 2534
f 2529 2384 2535
f 2388 2536 2387
f 2387 2536 2534
f 2389 2536 2388
f 2538 2537 2391
f 2391 2537 2390
f 2391 2385 2530
f 2539 2391 2530
f 2538 2391 2539
f 2539 2530 2531
f 2540 2535 2534
f 2540 2534 2536
f 2540 2536 2541
f 2541 2536 2389
f 2392 2541 2389
f 2542 2541 2392
f 2392 2394 2542
f 2542 2394 2543
f 2545 2544 2396
f 2396 2544 2395
f 2546 2396 2397
f 2546 2545 2396
f 2397 2390 2537
f 2397 2537 2546
f 2547 2543 2394
f 2547 2394 2398
f 2548 2398 2399
f 2548 2547 2398
f 2399 2401 2548
f 2548 2401 2549
f 2550 2403 2404
f 2405 2551 2404
f 2404 2551 2550
f 2551 2405 2552
f 2405 2553 2552
f 2405 2406 2553
f 2406 2395 2544
f 2406 2544 2553
f 2554 2549 2401
f 2554 2401 2407
f 2556 2555 2409
f 2555 2407 2409
f 2555 2554 2407
f 2556 2557 2555
f 2558 2411 2412
f 2559 2558 2412
f 2559 2412 2403
f 2560 2559 2403
f 2550 2560 2403
f 2560 2550 2551
f 2560 2551 2561
f 2561 2551 2552
f 2413 2556 2409
f 2413 2415 2556
f 2415 2557 2556
f 2415 2562 2557
f 2563 2417 2558
f 2558 2417 2411
f 2558 2559 2564
f 2558 2564 2563
f 2419 2566 2565
f 2562 2419 2565
f 2415 2419 2562
f 2566 2567 2565
f 2568 2420 2421
f 2569 2568 2421
f 2569 2421 2417
f 2570 2569 2417
f 2563 2570 2417
f 2570 2563 2564
f 2423 2566 2419
f 2572 2571 2425
f 2425 2571 2423
f 2571 2567 2423
f 2567 2566 2423
f 2572 2573 2571
f 2574 2427 2568
f 2568 2427 2420
f 2568 2569 2575
f 2568 2575 2574
f 2430 2576 2572
f 2430 2572 2425
f 2573 2572 2577
f 2577 2572 2576
f 2578 2432 2574
f 2574 2432 2427
f 2574 2575 2579
f 2574 2579 2578
f 2435 2580 2576
f 2435 2576 2430
f 2577 2576 2581
f 2581 2576 2580
f 2582 2437 2578
f 2578 2437 2432
f 2578 2579 2583
f 2578 2583 2582
f 2439 2584 2440
f 2584 2585 2440
f 2440 2585 2435
f 2585 2586 2435
f 2586 2580 2435
f 2580 2586 2581
f 2587 2441 2582
f 2582 2441 2437
f 2582 2583 2588
f 2582 2588 2587
f 2443 2589 2444
f 2584 2439 2444
f 2589 2584 2444
f 2590 2584 2589
f 2585 2584 2591
f 2591 2584 2590
f 2592 2445 2587
f 2587 2445 2441
f 2587 2588 2593
f 2587 2593 2592
f 2448 2594 2589
f 2448 2589 2443
f 2589 2595 2590
f 2589 2594 2595
f 2591 2590 2596
f 2596 2590 2595
f 2597 2449 2592
f 2592 2449 2445
f 2592 2593 2598
f 2592 2598 2597
f 2452 2599 2594
f 2452 2594 2448
f 2594 2600 2595
f 2594 2599 2600
f 2596 2595 2601
f 2601 2595 2600
f 2602 2453 2597
f 2597 2453 2449
f 2597 2598 2603
f 2597 2603 2602
f 2455 2604 2456
f 2599 2452 2456
f 2604 2599 2456
f 2605 2599 2604
f 2607 2600 2606
f 2600 2605 2606
f 2600 2599 2605
f 2600 2607 2601
f 2602 2457 2453
f 2458 2457 2602
f 2603 2458 2602
f 2608 2458 2603
f 2460 2609 2604
f 2460 2604 2455
f 2604 2610 2605
f 2604 2609 2610
f 2606 2605 2611
f 2611 2605 2610
f 2613 2461 2612
f 2461 2608 2612
f 2461 2458 2608
f 2614 2613 2612
f 2463 2615 2609
f 2463 2609 2460
f 2617 2610 2616
f 2610 2615 2616
f 2610 2609 2615
f 2610 2617 2611
f 2613 2464 2461
f 2465 2464 2613
f 2614 2465 2613
f 2618 2465 2614
f 2467 2619 2615
f 2467 2615 2463
f 2616 2615 2620
f 2620 2615 2619
f 2618 2468 2465
f 2621 2468 2618
f 2470 2622 2619
f 2470 2619 2467
f 2620 2619 2623
f 2623 2619 2622
f 2621 2624 2468
f 2468 2624 2471
f 2473 2471 2624
f 2473 2624 2625
f 2475 2626 2474
f 2626 2627 2474
f 2474 2627 2470
f 2627 2628 2470
f 2628 2622 2470
f 2622 2628 2623
f 2625 2629 2473
f 2473 2629 2476
f 2477 2476 2629
f 2477 2629 2630
f 2479 2631 2478
f 2631 2632 2478
f 2478 2632 2475
f 2632 2633 2475
f 2633 2626 2475
f 2626 2633 2627
f 2630 2480 2477
f 2634 2480 2630
f 2636 2635 2631
f 2479 2636 2631
f 2483 2636 2479
f 2631 2635 2632
f 2634 2637 2480
f 2480 2637 2484
f 2485 2484 2637
f 2485 2637 2638
f 2487 2639 2486
f 2640 2488 2486
f 2640 2486 2639
f 2488 2640 2641
f 2642 2488 2641
f 2489 2488 2642
f 2483 2489 2636
f 2636 2489 2642
f 2638 2643 2485
f 2485 2643 2490
f 2643 2645 2644
f 2491 2643 2644
f 2490 2643 2491
f 2644 2492 2491
f 2494 2646 2495
f 2646 2647 2495
f 2495 2647 2487
f 2647 2648 2487
f 2648 2639 2487
f 2639 2648 2640
f 2640 2648 2649
f 2640 2649 2641
f 2645 2650 2644
f 2644 2650 2492
f 2650 2496 2492
f 2650 2651 2496
f 2651 2653 2652
f 2497 2651 2652
f 2496 2651 2497
f 2652 2499 2497
f 2505 2654 2506
f 2506 2654 2655
f 2656 2506 2655
f 2507 2506 2656
f 2507 2657 2508
f 2656 2657 2507
f 2494 2508 2646
f 2508 2658 2646
f 2508 2657 2658
f 2646 2658 2647
f 2653 2659 2652
f 2652 2659 2499
f 2659 2509 2499
f 2659 2660 2509
f 2509 2661 2510
f 2660 2661 2509
f 2510 2662 2511
f 2661 2662 2510
f 2511 2663 2512
f 2662 2663 2511
f 2512 2664 2513
f 2663 2664 2512
f 2513 2665 2514
f 2664 2665 2513
f 2505 2514 2654
f 2514 2666 2654
f 2514 2665 2666
f 2654 2666 2655
f 2667 2520 2521
f 2522 2668 2521
f 2521 2668 2667
f 2523 2669 2522
f 2522 2669 2668
f 2524 2670 2523
f 2523 2670 2669
f 2525 2671 2524
f 2524 2671 2670
f 2526 2672 2525
f 2525 2672 2671
f 2527 2673 2526
f 2526 2673 2672
f 2528 2674 2527
f 2527 2674 2673
f 2529 2674 2528
f 2675 2531 2532
f 2533 2676 2532
f 2532 2676 2675
f 2520 2667 2533
f 2667 2676 2533
f 2667 2677 2676
f 2668 2679 2678
f 2677 2668 2678
f 2667 2668 2677
f 2679 2668 2669
f 2679 2669 2680
f 2680 2669 2670
f 2680 2670 2681
f 2681 2670 2671
f 2681 2671 2682
f 2682 2671 2672
f 2682 2672 2683
f 2683 2672 2673
f 2683 2673 2684
f 2684 2673 2674
f 2684 2674 2685
f 2674 2529 2685
f 2529 2686 2685
f 2529 2535 2686
f 2687 2537 2538
f 2687 2538 2688
f 2538 2689 2688
f 2538 2539 2689
f 2539 2531 2675
f 2690 2539 2675
f 2689 2539 2690
f 2690 2675 2676
f 2690 2676 2691
f 2691 2676 2677
f 2691 2677 2692
f 2692 2677 2678
f 2693 2686 2535
f 2693 2535 2540
f 2694 2540 2541
f 2694 2693 2540
f 2695 2541 2542
f 2695 2694 2541
f 2542 2543 2695
f 2695 2543 2696
f 2697 2544 2545
f 2546 2698 2545
f 2545 2698 2697
f 2699 2698 2546
f 2699 2546 2537
f 2700 2699 2537
f 2687 2700 2537
f 2700 2687 2688
f 2701 2696 2543
f 2701 2543 2547
f 2702 2547 2548
f 2702 2701 2547
f 2548 2549 2702
f 2702 2549 2703
f 2704 2552 2553
f 2705 2704 2553
f 2705 2553 2544
f 2706 2705 2544
f 2697 2706 2544
f 2706 2697 2698
f 2706 2698 2707
f 2707 2698 2699
f 2708 2703 2549
f 2708 2549 2554
f 2709 2554 2555
f 2709 2708 2554
f 2555 2557 2709
f 2709 2557 2710
f 2711 2559 2560
f 2561 2712 2560
f 2560 2712 2711
f 2713 2712 2561
f 2713 2561 2552
f 2714 2713 2552
f 2704 2714 2552
f 2714 2704 2705
f 2562 2716 2715
f 2710 2562 2715
f 2557 2562 2710
f 2716 2717 2715
f 2718 2564 2711
f 2711 2564 2559
f 2712 2720 2719
f 2718 2712 2719
f 2711 2712 2718
f 2720 2712 2713
f 2565 2716 2562
f 2565 2567 2716
f 2567 2717 2716
f 2567 2721 2717
f 2722 2569 2570
f 2723 2722 2570
f 2723 2570 2564
f 2724 2723 2564
f 2718 2724 2564
f 2724 2718 2719
f 2725 2721 2567
f 2725 2567 2571
f 2571 2573 2725
f 2725 2573 2726
f 2728 2727 2722
f 2727 2569 2722
f 2727 2575 2569
f 2728 2722 2723
f 2577 2730 2729
f 2726 2577 2729
f 2573 2577 2726
f 2730 2731 2729
f 2727 2579 2575
f 2732 2579 2727
f 2581 2733 2730
f 2581 2730 2577
f 2731 2730 2734
f 2734 2730 2733
f 2732 2583 2579
f 2735 2583 2732
f 2585 2736 2586
f 2733 2581 2586
f 2736 2733 2586
f 2737 2733 2736
f 2734 2733 2738
f 2738 2733 2737
f 2735 2588 2583
f 2739 2588 2735
f 2591 2740 2736
f 2591 2736 2585
f 2742 2737 2741
f 2737 2740 2741
f 2737 2736 2740
f 2737 2742 2738
f 2744 2593 2743
f 2593 2739 2743
f 2593 2588 2739
f 2745 2744 2743
f 2596 2746 2740
f 2596 2740 2591
f 2741 2740 2747
f 2747 2740 2746
f 2748 2598 2744
f 2744 2598 2593
f 2744 2745 2749
f 2744 2749 2748
f 2601 2750 2746
f 2601 2746 2596
f 2747 2746 2751
f 2751 2746 2750
f 2752 2603 2748
f 2748 2603 2598
f 2748 2749 2753
f 2748 2753 2752
f 2606 2754 2607
f 2754 2755 2607
f 2607 2755 2601
f 2755 2756 2601
f 2756 2750 2601
f 2750 2756 2751
f 2757 2608 2752
f 2752 2608 2603
f 2752 2753 2758
f 2752 2758 2757
f 2611 2759 2754
f 2611 2754 2606
f 2755 2754 2760
f 2760 2754 2759
f 2757 2612 2608
f 2614 2612 2757
f 2758 2614 2757
f 2761 2614 2758
f 2616 2762 2617
f 2759 2611 2617
f 2762 2759 2617
f 2763 2759 2762
f 2760 2759 2764
f 2764 2759 2763
f 2761 2618 2614
f 2765 2618 2761
f 2620 2766 2762
f 2620 2762 2616
f 2768 2763 2767
f 2763 2766 2767
f 2763 2762 2766
f 2763 2768 2764
f 2770 2621 2769
f 2621 2765 2769
f 2621 2618 2765
f 2771 2770 2769
f 2623 2772 2766
f 2623 2766 2620
f 2767 2766 2773
f 2773 2766 2772
f 2770 2624 2621
f 2625 2624 2770
f 2771 2625 2770
f 2774 2625 2771
f 2627 2775 2628
f 2775 2776 2628
f 2628 2776 2623
f 2776 2777 2623
f 2777 2772 2623
f 2772 2777 2773
f 2774 2778 2625
f 2625 2778 2629
f 2630 2629 2778
f 2630 2778 2779
f 2632 2780 2633
f 2780 2781 2633
f 2633 2781 2627
f 2781 2782 2627
f 2782 2775 2627
f 2775 2782 2776
f 2779 2634 2630
f 2783 2634 2779
f 2785 2784 2635
f 2785 2635 2636
f 2632 2635 2780
f 2635 2786 2780
f 2635 2784 2786
f 2780 2786 2781
f 2783 2787 2634
f 2634 2787 2637
f 2638 2637 2787
f 2638 2787 2788
f 2790 2789 2642
f 2790 2642 2641
f 2636 2642 2785
f 2785 2642 2789
f 2788 2791 2638
f 2638 2791 2643
f 2645 2643 2791
f 2645 2791 2792
f 2647 2793 2648
f 2794 2649 2648
f 2794 2648 2793
f 2794 2795 2649
f 2795 2641 2649
f 2795 2790 2641
f 2792 2796 2645
f 2645 2796 2650
f 2650 2797 2651
f 2796 2797 2650
f 2653 2651 2797
f 2653 2797 2798
f 2655 2799 2656
f 2656 2799 2800
f 2801 2656 2800
f 2657 2656 2801
f 2657 2802 2658
f 2801 2802 2657
f 2647 2658 2793
f 2658 2803 2793
f 2658 2802 2803
f 2793 2803 2794
f 2794 2803 2804
f 2794 2804 2795
f 2798 2805 2653
f 2653 2805 2659
f 2659 2806 2660
f 2805 2806 2659
f 2660 2807 2661
f 2806 2807 2660
f 2661 2808 2662
f 2807 2808 2661
f 2662 2809 2663
f 2808 2809 2662
f 2663 2810 2664
f 2809 2810 2663
f 2664 2811 2665
f 2810 2811 2664
f 2665 2812 2666
f 2811 2812 2665
f 2655 2666 2799
f 2666 2813 2799
f 2666 2812 2813
f 2799 2813 2800
f 2814 2678 2679
f 2680 2815 2679
f 2679 2815 2814
f 2681 2816 2680
f 2680 2816 2815
f 2682 2817 2681
f 2681 2817 2816
f 2683 2818 2682
f 2682 2818 2817
f 2684 2819 2683
f 2683 2819 2818
f 2685 2820 2684
f 2684 2820 2819
f 2686 2820 2685
f 2821 2688 2689
f 2690 2822 2689
f 2689 2822 2821
f 2822 2690 2823
f 2690 2824 2823
f 2690 2691 2824
f 2825 2691 2692
f 2825 2824 2691
f 2692 2678 2814
f 2826 2692 2814
f 2825 2692 2826
f 2826 2814 2815
f 2826 2815 2827
f 2827 2815 2816
f 2827 2816 2828
f 2828 2816 2817
f 2828 2817 2829
f 2829 2817 2818
f 2829 2818 2830
f 2830 2818 2819
f 2830 2819 2831
f 2831 2819 2820
f 2831 2820 2832
f 2832 2820 2686
f 2693 2832 2686
f 2833 2832 2693
f 2835 2833 2834
f 2833 2694 2834
f 2833 2693 2694
f 2695 2836 2694
f 2694 2836 2834
f 2696 2836 2695
f 2837 2699 2700
f 2838 2837 2700
f 2838 2700 2688
f 2839 2838 2688
f 2821 2839 2688
f 2839 2821 2822
f 2839 2822 2840
f 2840 2822 2823
f 2841 2835 2834
f 2841 2834 2836
f 2841 2836 2842
f 2842 2836 2696
f 2701 2842 2696
f 2843 2842 2701
f 2844 2701 2702
f 2844 2843 2701
f 2702 2703 2844
f 2844 2703 2845
f 2846 2705 2706
f 2846 2706 2847
f 2706 2848 2847
f 2706 2707 2848
f 2707 2699 2837
f 2849 2707 2837
f 2848 2707 2849
f 2849 2837 2838
f 2850 2845 2703
f 2850 2703 2708
f 2851 2708 2709
f 2851 2850 2708
f 2709 2710 2851
f 2851 2710 2852
f 2853 2713 2714
f 2854 2853 2714
f 2854 2714 2705
f 2855 2854 2705
f 2846 2855 2705
f 2855 2846 2847
f 2856 2852 2710
f 2856 2710 2715
f 2715 2717 2856
f 2856 2717 2857
f 2858 2719 2720
f 2859 2858 2720
f 2859 2720 2713
f 2860 2859 2713
f 2853 2860 2713
f 2860 2853 2854
f 2721 2862 2861
f 2857 2721 2861
f 2717 2721 2857
f 2862 2863 2861
f 2864 2723 2724
f 2865 2864 2724
f 2865 2724 2719
f 2866 2865 2719
f 2858 2866 2719
f 2866 2858 2859
f 2725 2862 2721
f 2868 2867 2726
f 2726 2867 2725
f 2867 2863 2725
f 2863 2862 2725
f 2868 2869 2867
f 2870 2727 2728
f 2723 2864 2728
f 2864 2870 2728
f 2864 2871 2870
f 2864 2865 2872
f 2864 2872 2871
f 2729 2868 2726
f 2729 2731 2868
f 2731 2869 2868
f 2731 2873 2869
f 2874 2732 2870
f 2870 2732 2727
f 2871 2876 2875
f 2874 2871 2875
f 2870 2871 2874
f 2876 2871 2872
f 2734 2878 2877
f 2873 2734 2877
f 2731 2734 2873
f 2878 2879 2877
f 2880 2735 2874
f 2874 2735 2732
f 2874 2875 2881
f 2874 2881 2880
f 2738 2882 2878
f 2738 2878 2734
f 2879 2878 2883
f 2883 2878 2882
f 2884 2739 2880
f 2880 2739 2735
f 2880 2881 2885
f 2880 2885 2884
f 2741 2886 2742
f 2882 2738 2742
f 2886 2882 2742
f 2887 2882 2886
f 2883 2882 2888
f 2888 2882 2887
f 2884 2743 2739
f 2745 2743 2884
f 2885 2745 2884
f 2889 2745 2885
f 2891 2890 2886
f 2741 2891 2886
f 2747 2891 2741
f 2886 2890 2887
f 2887 2890 2892
f 2887 2892 2888
f 2894 2749 2893
f 2749 2889 2893
f 2749 2745 2889
f 2895 2894 2893
f 2751 2891 2747
f 2751 2896 2891
f 2897 2753 2894
f 2894 2753 2749
f 2894 2895 2898
f 2894 2898 2897
f 2755 2899 2756
f 2899 2900 2756
f 2900 2751 2756
f 2900 2896 2751
f 2901 2758 2897
f 2897 2758 2753
f 2897 2898 2902
f 2897 2902 2901
f 2760 2903 2899
f 2760 2899 2755
f 2900 2899 2904
f 2904 2899 2903
f 2905 2761 2901
f 2901 2761 2758
f 2901 2902 2906
f 2901 2906 2905
f 2764 2907 2903
f 2764 2903 2760
f 2904 2903 2908
f 2908 2903 2907
f 2909 2765 2905
f 2905 2765 2761
f 2905 2906 2910
f 2905 2910 2909
f 2767 2911 2768
f 2907 2764 2768
f 2911 2907 2768
f 2912 2907 2911
f 2908 2907 2913
f 2913 2907 2912
f 2909 2769 2765
f 2771 2769 2909
f 2910 2771 2909
f 2914 2771 2910
f 2773 2915 2911
f 2773 2911 2767
f 2917 2912 2916
f 2912 2915 2916
f 2912 2911 2915
f 2912 2917 2913
f 2914 2774 2771
f 2918 2774 2914
f 2776 2919 2777
f 2915 2773 2777
f 2919 2915 2777
f 2920 2915 2919
f 2916 2915 2921
f 2921 2915 2920
f 2918 2922 2774
f 2774 2922 2778
f 2779 2778 2922
f 2779 2922 2923
f 2925 2924 2782
f 2925 2782 2781
f 2776 2782 2919
f 2782 2926 2919
f 2782 2924 2926
f 2919 2926 2920
f 2920 2926 2927
f 2920 2927 2921
f 2923 2783 2779
f 2928 2783 2923
f 2930 2929 2784
f 2930 2784 2785
f 2784 2931 2786
f 2929 2931 2784
f 2781 2786 2925
f 2925 2786 2931
f 2928 2932 2783
f 2783 2932 2787
f 2788 2787 2932
f 2788 2932 2933
f 2935 2934 2789
f 2935 2789 2790
f 2785 2789 2930
f 2930 2789 2934
f 2933 2936 2788
f 2788 2936 2791
f 2792 2791 2936
f 2792 2936 2937
f 2795 2935 2790
f 2795 2938 2935
f 2937 2939 2792
f 2792 2939 2796
f 2939 2941 2940
f 2797 2939 2940
f 2796 2939 2797
f 2940 2798 2797
f 2943 2942 2801
f 2943 2801 2800
f 2801 2944 2802
f 2942 2944 2801
f 2802 2945 2803
f 2944 2945 2802
f 2803 2946 2804
f 2945 2946 2803
f 2795 2804 2938
f 2938 2804 2946
f 2941 2947 2940
f 2940 2947 2798
f 2947 2805 2798
f 2947 2948 2805
f 2805 2949 2806
f 2948 2949 2805
f 2806 2950 2807
f 2949 2950 2806
f 2807 2951 2808
f 2950 2951 2807
f 2808 2952 2809
f 2951 2952 2808
f 2809 2953 2810
f 2952 2953 2809
f 2810 2954 2811
f 2953 2954 2810
f 2811 2955 2812
f 2954 2955 2811
f 2812 2956 2813
f 2955 2956 2812
f 2800 2813 2943
f 2943 2813 2956
f 2957 2823 2824
f 2825 2958 2824
f 2824 2958 2957
f 2826 2959 2825
f 2825 2959 2958
f 2827 2960 2826
f 2826 2960 2959
f 2828 2961 2827
f 2827 2961 2960
f 2829 2962 2828
f 2828 2962 2961
f 2830 2963 2829
f 2829 2963 2962
f 2831 2964 2830
f 2830 2964 2963
f 2832 2965 2831
f 2831 2965 2964
f 2833 2966 2832
f 2832 2966 2965
f 2835 2966 2833
f 2967 2838 2839
f 2840 2968 2839
f 2839 2968 2967
f 2969 2968 2840
f 2969 2840 2823
f 2970 2969 2823
f 2957 2970 2823
f 2970 2957 2958
f 2970 2958 2971
f 2971 2958 2959
f 2971 2959 2972
f 2972 2959 2960
f 2972 2960 2973
f 2973 2960 2961
f 2973 2961 2974
f 2974 2961 2962
f 2974 2962 2975
f 2975 2962 2963
f 2975 2963 2976
f 2976 2963 2964
f 2976 2964 2977
f 2977 2964 2965
f 2977 2965 2978
f 2978 2965 2966
f 2978 2966 2979
f 2979 2966 2835
f 2841 2979 2835
f 2980 2979 2841
f 2982 2980 2981
f 2980 2842 2981
f 2980 2841 2842
f 2843 2983 2842
f 2842 2983 2981
f 2844 2984 2843
f 2843 2984 2983
f 2845 2984 2844
f 2985 2847 2848
f 2985 2848 2986
f 2848 2987 2986
f 2848 2849 2987
f 2849 2838 2967
f 2988 2849 2967
f 2987 2849 2988
f 2988 2967 2968
f 2988 2968 2989
f 2989 2968 2969
f 2990 2982 2981
f 2990 2981 2983
f 2990 2983 2991
f 2991 2983 2984
f 2991 2984 2992
f 2992 2984 2845
f 2850 2992 2845
f 2993 2992 2850
f 2994 2850 2851
f 2994 2993 2850
f 2851 2852 2994
f 2994 2852 2995
f 2997 2996 2855
f 2855 2996 2854
f 2855 2847 2985
f 2998 2855 2985
f 2997 2855 2998
f 2998 2985 2986
f 2999 2995 2852
f 2999 2852 2856
f 2856 2857 2999
f 2999 2857 3000
f 3001 2859 2860
f 3002 3001 2860
f 2854 3002 2860
f 2996 3002 2854
f 3003 3000 2857
f 3003 2857 2861
f 3005 3004 2863
f 3004 2861 2863
f 3004 3003 2861
f 3005 3006 3004
f 3007 2865 2866
f 3008 3007 2866
f 3008 2866 2859
f 3009 3008 2859
f 3001 3009 2859
f 3009 3001 3002
f 2867 3005 2863
f 2867 2869 3005
f 2869 3006 3005
f 2869 3010 3006
f 3012 3011 3007
f 3011 2865 3007
f 3011 2872 2865
f 3012 3007 3008
f 2873 3010 2869
f 2873 3013 3010
f 3014 2875 2876
f 3015 3014 2876
f 2872 3015 2876
f 3011 3015 2872
f 3016 3013 2873
f 3016 2873 2877
f 3018 3017 2879
f 3017 2877 2879
f 3017 3016 2877
f 3018 3019 3017
f 3020 2881 3014
f 3014 2881 2875
f 3014 3015 3021
f 3014 3021 3020
f 2883 3022 3018
f 2883 3018 2879
f 3019 3018 3023
f 3023 3018 3022
f 3024 2885 3020
f 3020 2885 2881
f 3020 3021 3025
f 3020 3025 3024
f 2888 3026 3022
f 2888 3022 2883
f 3023 3022 3027
f 3027 3022 3026
f 3028 2889 3024
f 3024 2889 2885
f 3024 3025 3029
f 3024 3029 3028
f 3031 3030 2890
f 3031 2890 2891
f 2890 3032 2892
f 3030 3032 2890
f 2888 2892 3026
f 2892 3033 3026
f 2892 3032 3033
f 3026 3033 3027
f 3028 2893 2889
f 2895 2893 3028
f 3029 2895 3028
f 3034 2895 3029
f 2896 3031 2891
f 2896 3035 3031
f 3034 2898 2895
f 3036 2898 3034
f 2900 3035 2896
f 2900 3037 3035
f 3036 2902 2898
f 3038 2902 3036
f 2904 3037 2900
f 2904 3039 3037
f 3038 2906 2902
f 3040 2906 3038
f 2908 3039 2904
f 2908 3041 3039
f 3040 2910 2906
f 3042 2910 3040
f 2913 3041 2908
f 2913 3043 3041
f 3042 2914 2910
f 3044 2914 3042
f 3046 3045 2917
f 3046 2917 2916
f 2913 2917 3043
f 3043 2917 3045
f 3044 2918 2914
f 3047 2918 3044
f 2921 3046 2916
f 2921 3048 3046
f 3047 3049 2918
f 2918 3049 2922
f 2923 2922 3049
f 2923 3049 3050
f 2925 3051 2924
f 3052 2926 2924
f 3052 2924 3051
f 3053 2927 2926
f 3053 2926 3052
f 3053 3054 2927
f 3054 2921 2927
f 3054 3048 2921
f 3050 2928 2923
f 3055 2928 3050
f 3058 3057 3056
f 2929 2930 3056
f 3057 2929 3056
f 3059 2929 3057
f 2929 3060 2931
f 3059 3060 2929
f 2925 2931 3051
f 2931 3061 3051
f 2931 3060 3061
f 3051 3061 3052
f 3052 3061 3062
f 3052 3062 3053
f 3053 3062 3063
f 3053 3063 3054
f 3055 3064 2928
f 2928 3064 2932
f 2933 2932 3064
f 2933 3064 3065
f 3058 3056 2934
f 2935 3058 2934
f 3066 3058 2935
f 2934 3056 2930
f 3065 3067 2933
f 2933 3067 2936
f 2937 2936 3067
f 2937 3067 3068
f 2938 3066 2935
f 2938 3069 3066
f 3068 3070 2937
f 2937 3070 2939
f 2941 2939 3070
f 2941 3070 3071
f 3073 3072 2942
f 3073 2942 2943
f 2942 3074 2944
f 3072 3074 2942
f 2944 3075 2945
f 3074 3075 2944
f 2945 3076 2946
f 3075 3076 2945
f 2938 2946 3069
f 3069 2946 3076
f 3071 3077 2941
f 2941 3077 2947
f 2947 3078 2948
f 3077 3078 2947
f 2948 3079 2949
f 3078 3079 2948
f 2949 3080 2950
f 3079 3080 2949
f 3080 3082 3081
f 2951 3080 3081
f 2950 3080 2951
f 3083 2952 2951
f 3083 2951 3081
f 3084 2953 2952
f 3084 2952 3083
f 3085 2954 2953
f 3085 2953 3084
f 2954 3085 3086
f 3087 2954 3086
f 2955 2954 3087
f 2955 3088 2956
f 3087 3088 2955
f 2943 2956 3073
f 3073 2956 3088
f 3082 3089 3081
f 3081 3089 3083
f 3083 3089 3090
f 3083 3090 3084
f 3084 3090 3091
f 3084 3091 3085
f 3085 3091 3092
f 3085 3092 3086
f 3093 2969 2970
f 2971 3094 2970
f 2970 3094 3093
f 3094 2971 3095
f 2971 3096 3095
f 2971 2972 3096
f 3097 2972 2973
f 3097 3096 2972
f 3098 2973 2974
f 3098 3097 2973
f 3099 2974 2975
f 3099 3098 2974
f 3100 2975 2976
f 3100 3099 2975
f 3102 3100 3101
f 3100 2977 3101
f 3100 2976 2977
f 2978 3103 2977
f 2977 3103 3101
f 2979 3104 2978
f 2978 3104 3103
f 2980 3105 2979
f 2979 3105 3104
f 2982 3105 2980
f 3106 2986 2987
f 2988 3107 2987
f 2987 3107 3106
f 3107 2988 3108
f 2988 3109 3108
f 2988 2989 3109
f 2989 2969 3093
f 3110 2989 3093
f 3109 2989 3110
f 3110 3093 3094
f 3110 3094 3111
f 3111 3094 3095
f 3112 3102 3101
f 3112 3101 3103
f 3112 3103 3113
f 3113 3103 3104
f 3113 3104 3114
f 3114 3104 3105
f 3114 3105 3115
f 3115 3105 2982
f 2990 3115 2982
f 3116 3115 2990
f 3117 2990 2991
f 3117 3116 2990
f 3118 2991 2992
f 3118 3117 2991
f 3119 2992 2993
f 3119 3118 2992
f 3120 2993 2994
f 3120 3119 2993
f 2994 2995 3120
f 3120 2995 3121
f 3122 2996 2997
f 3122 2997 3123
f 2997 3124 3123
f 2997 2998 3124
f 2998 2986 3106
f 3125 2998 3106
f 3124 2998 3125
f 3125 3106 3107
f 3125 3107 3126
f 3126 3107 3108
f 3127 3121 2995
f 3127 2995 2999
f 2999 3000 3127
f 3127 3000 3128
f 3130 3129 3122
f 3129 2996 3122
f 3129 3002 2996
f 3130 3122 3123
f 3131 3128 3000
f 3131 3000 3003
f 3132 3003 3004
f 3132 3131 3003
f 3004 3006 3132
f 3132 3006 3133
f 3135 3134 3009
f 3009 3134 3008
f 3009 3002 3129
f 3009 3129 3135
f 3010 3137 3136
f 3133 3010 3136
f 3006 3010 3133
f 3137 3138 3136
f 3139 3011 3012
f 3140 3139 3012
f 3008 3140 3012
f 3134 3140 3008
f 3013 3141 3137
f 3013 3137 3010
f 3138 3137 3142
f 3142 3137 3141
f 3143 3015 3139
f 3139 3015 3011
f 3139 3140 3144
f 3139 3144 3143
f 3016 3141 3013
f 3145 3142 3141
f 3016 3145 3141
f 3017 3145 3016
f 3017 3019 3145
f 3145 3019 3146
f 3147 3021 3143
f 3143 3021 3015
f 3143 3144 3148
f 3143 3148 3147
f 3023 3146 3019
f 3023 3149 3146
f 3150 3025 3147
f 3147 3025 3021
f 3147 3148 3151
f 3147 3151 3150
f 3027 3149 3023
f 3027 3152 3149
f 3153 3029 3150
f 3150 3029 3025
f 3150 3151 3154
f 3150 3154 3153
f 3156 3155 3030
f 3156 3030 3031
f 3030 3157 3032
f 3155 3157 3030
f 3032 3158 3033
f 3157 3158 3032
f 3027 3033 3152
f 3152 3033 3158
f 3159 3034 3153
f 3153 3034 3029
f 3153 3154 3160
f 3153 3160 3159
f 3035 3156 3031
f 3035 3161 3156
f 3162 3036 3159
f 3159 3036 3034
f 3159 3160 3163
f 3159 3163 3162
f 3037 3161 3035
f 3037 3164 3161
f 3165 3038 3162
f 3162 3038 3036
f 3162 3163 3166
f 3162 3166 3165
f 3039 3164 3037
f 3039 3167 3164
f 3168 3040 3165
f 3165 3040 3038
f 3165 3166 3169
f 3165 3169 3168
f 3041 3167 3039
f 3041 3170 3167
f 3171 3042 3168
f 3168 3042 3040
f 3168 3169 3172
f 3168 3172 3171
f 3043 3170 3041
f 3043 3173 3170
f 3174 3044 3171
f 3171 3044 3042
f 3171 3172 3175
f 3171 3175 3174
f 3177 3176 3045
f 3177 3045 3046
f 3043 3045 3173
f 3173 3045 3176
f 3178 3047 3174
f 3174 3047 3044
f 3174 3175 3179
f 3174 3179 3178
f 3048 3177 3046
f 3048 3180 3177
f 3178 3049 3047
f 3050 3049 3178
f 3179 3050 3178
f 3181 3050 3179
f 3184 3183 3182
f 3186 3185 3182
f 3186 3182 3183
f 3188 3187 3185
f 3188 3185 3186
f 3190 3189 3187
f 3190 3187 3188
f 3191 3189 3190
f 3054 3180 3048
f 3054 3192 3180
f 3181 3055 3050
f 3193 3055 3181
f 3196 3195 3194
f 3194 3195 3184
f 3182 3194 3184
f 3197 3194 3182
f 3058 3197 3057
f 3197 3185 3057
f 3197 3182 3185
f 3057 3185 3059
f 3059 3185 3187
f 3059 3187 3060
f 3060 3187 3189
f 3191 3198 3189
f 3198 3060 3189
f 3198 3061 3060
f 3061 3199 3062
f 3198 3199 3061
f 3062 3200 3063
f 3199 3200 3062
f 3054 3063 3192
f 3192 3063 3200
f 3193 3201 3055
f 3055 3201 3064
f 3065 3064 3201
f 3065 3201 3202
f 3196 3194 3203
f 3196 3203 3204
f 3205 3194 3197
f 3203 3194 3205
f 3066 3205 3058
f 3058 3205 3197
f 3202 3206 3065
f 3065 3206 3067
f 3068 3067 3206
f 3068 3206 3207
f 3204 3203 3208
f 3204 3208 3209
f 3210 3203 3205
f 3208 3203 3210
f 3069 3210 3066
f 3066 3210 3205
f 3207 3211 3068
f 3068 3211 3070
f 3071 3070 3211
f 3071 3211 3212
f 3073 3213 3072
f 3072 3213 3214
f 3215 3072 3214
f 3074 3072 3215
f 3208 3075 3209
f 3075 3215 3209
f 3075 3074 3215
f 3075 3208 3076
f 3076 3208 3210
f 3076 3210 3069
f 3212 3216 3071
f 3071 3216 3077
f 3077 3217 3078
f 3216 3217 3077
f 3078 3218 3079
f 3217 3218 3078
f 3079 3219 3080
f 3218 3219 3079
f 3082 3080 3219
f 3082 3219 3220
f 3222 3221 3087
f 3222 3087 3086
f 3087 3223 3088
f 3221 3223 3087
f 3073 3088 3213
f 3088 3224 3213
f 3088 3223 3224
f 3213 3224 3214
f 3220 3225 3082
f 3082 3225 3089
f 3089 3226 3090
f 3225 3226 3089
f 3090 3227 3091
f 3226 3227 3090
f 3091 3228 3092
f 3227 3228 3091
f 3086 3092 3222
f 3222 3092 3228
f 3229 3095 3096
f 3097 3230 3096
f 3096 3230 3229
f 3098 3231 3097
f 3097 3231 3230
f 3099 3232 3098
f 3098 3232 3231
f 3100 3233 3099
f 3099 3233 3232
f 3102 3233 3100
f 3234 3108 3109
f 3234 3109 3235
f 3109 3236 3235
f 3109 3110 3236
f 3237 3110 3111
f 3237 3236 3110
f 3111 3095 3229
f 3238 3111 3229
f 3237 3111 3238
f 3238 3229 3230
f 3238 3230 3239
f 3239 3230 3231
f 3239 3231 3240
f 3240 3231 3232
f 3240 3232 3241
f 3241 3232 3233
f 3241 3233 3242
f 3242 3233 3102
f 3112 3242 3102
f 3243 3242 3112
f 3244 3112 3113
f 3244 3243 3112
f 3245 3113 3114
f 3245 3244 3113
f 3246 3114 3115
f 3246 3245 3114
f 3247 3115 3116
f 3247 3246 3115
f 3248 3116 3117
f 3248 3247 3116
f 3249 3117 3118
f 3249 3248 3117
f 3250 3118 3119
f 3250 3249 3118
f 3252 3250 3251
f 3250 3120 3251
f 3250 3119 3120
f 3121 3251 3120
f 3253 3123 3124
f 3253 3124 3254
f 3124 3255 3254
f 3124 3125 3255
f 3256 3125 3126
f 3256 3255 3125
f 3126 3108 3234
f 3257 3126 3234
f 3256 3126 3257
f 3257 3234 3235
f 3258 3252 3251
f 3258 3251 3121
f 3127 3258 3121
f 3259 3258 3127
f 3127 3128 3259
f 3259 3128 3260
f 3261 3129 3130
f 3262 3261 3130
f 3262 3130 3123
f 3263 3262 3123
f 3253 3263 3123
f 3263 3253 3254
f 3264 3260 3128
f 3264 3128 3131
f 3265 3131 3132
f 3265 3264 3131
f 3267 3266 3133
f 3266 3132 3133
f 3266 3265 3132
f 3267 3268 3266
f 3269 3134 3135
f 3270 3269 3135
f 3270 3135 3129
f 3271 3270 3129
f 3261 3271 3129
f 3271 3261 3262
f 3136 3267 3133
f 3273 3272 3138
f 3138 3272 3136
f 3272 3268 3136
f 3268 3267 3136
f 3273 3274 3272
f 3276 3275 3269
f 3275 3134 3269
f 3275 3140 3134
f 3276 3269 3270
f 3142 3277 3273
f 3142 3273 3138
f 3274 3273 3278
f 3278 3273 3277
f 3275 3144 3140
f 3279 3144 3275
f 3145 3277 3142
f 3145 3146 3277
f 3146 3278 3277
f 3146 3280 3278
f 3279 3148 3144
f 3281 3148 3279
f 3149 3280 3146
f 3149 3282 3280
f 3281 3151 3148
f 3283 3151 3281
f 3152 3282 3149
f 3152 3284 3282
f 3283 3154 3151
f 3285 3154 3283
f 3287 3286 3155
f 3287 3155 3156
f 3155 3288 3157
f 3286 3288 3155
f 3157 3289 3158
f 3288 3289 3157
f 3152 3158 3284
f 3284 3158 3289
f 3285 3160 3154
f 3290 3160 3285
f 3161 3287 3156
f 3161 3291 3287
f 3290 3163 3160
f 3292 3163 3290
f 3164 3291 3161
f 3164 3293 3291
f 3292 3166 3163
f 3294 3166 3292
f 3167 3293 3164
f 3167 3295 3293
f 3294 3169 3166
f 3296 3169 3294
f 3299 3298 3297
f 3298 3295 3297
f 3295 3170 3297
f 3295 3167 3170
f 3296 3172 3169
f 3300 3172 3296
f 3299 3297 3301
f 3299 3301 3302
f 3173 3301 3170
f 3170 3301 3297
f 3300 3175 3172
f 3303 3175 3300
f 3302 3301 3176
f 3177 3302 3176
f 3304 3302 3177
f 3176 3301 3173
f 3303 3179 3175
f 3305 3179 3303
f 3308 3307 3306
f 3310 3309 3306
f 3310 3306 3307
f 3312 3311 3309
f 3312 3309 3310
f 3313 3311 3312
f 3180 3304 3177
f 3180 3314 3304
f 3305 3181 3179
f 3315 3181 3305
f 3317 3316 3183
f 3317 3183 3184
f 3306 3186 3308
f 3186 3316 3308
f 3186 3183 3316
f 3186 3306 3188
f 3188 3306 3309
f 3188 3309 3190
f 3190 3309 3311
f 3191 3190 3311
f 3313 3191 3311
f 3318 3191 3313
f 3192 3314 3180
f 3192 3319 3314
f 3315 3193 3181
f 3320 3193 3315
f 3322 3321 3195
f 3322 3195 3196
f 3184 3195 3317
f 3317 3195 3321
f 3318 3323 3191
f 3191 3323 3198
f 3198 3324 3199
f 3323 3324 3198
f 3199 3325 3200
f 3324 3325 3199
f 3192 3200 3319
f 3319 3200 3325
f 3320 3326 3193
f 3193 3326 3201
f 3202 3201 3326
f 3202 3326 3327
f 3204 3322 3196
f 3204 3328 3322
f 3206 3202 3329
f 3202 3330 3329
f 3202 3327 3330
f 3329 3207 3206
f 3209 3328 3204
f 3209 3331 3328
f 3330 3332 3329
f 3329 3332 3207
f 3332 3211 3207
f 3332 3333 3211
f 3212 3211 3333
f 3212 3333 3334
f 3214 3335 3215
f 3335 3336 3215
f 3336 3209 3215
f 3336 3331 3209
f 3334 3337 3212
f 3212 3337 3216
f 3216 3338 3217
f 3337 3338 3216
f 3217 3339 3218
f 3338 3339 3217
f 3218 3340 3219
f 3339 3340 3218
f 3220 3219 3340
f 3220 3340 3341
f 3343 3342 3221
f 3343 3221 3222
f 3221 3344 3223
f 3342 3344 3221
f 3223 3345 3224
f 3344 3345 3223
f 3214 3224 3335
f 3224 3346 3335
f 3224 3345 3346
f 3335 3346 3336
f 3341 3347 3220
f 3220 3347 3225
f 3225 3348 3226
f 3347 3348 3225
f 3226 3349 3227
f 3348 3349 3226
f 3227 3350 3228
f 3349 3350 3227
f 3222 3228 3343
f 3343 3228 3350
f 3351 3235 3236
f 3351 3236 3352
f 3236 3353 3352
f 3236 3237 3353
f 3354 3237 3238
f 3354 3353 3237
f 3355 3238 3239
f 3355 3354 3238
f 3356 3239 3240
f 3356 3355 3239
f 3357 3240 3241
f 3357 3356 3240
f 3358 3241 3242
f 3358 3357 3241
f 3359 3242 3243
f 3359 3358 3242
f 3360 3243 3244
f 3360 3359 3243
f 3361 3244 3245
f 3361 3360 3244
f 3362 3245 3246
f 3362 3361 3245
f 3363 3246 3247
f 3363 3362 3246
f 3365 3363 3364
f 3363 3248 3364
f 3363 3247 3248
f 3249 3366 3248
f 3248 3366 3364
f 3250 3367 3249
f 3249 3367 3366
f 3252 3367 3250
f 3368 3254 3255
f 3368 3255 3369
f 3255 3370 3369
f 3255 3256 3370
f 3371 3256 3257
f 3371 3370 3256
f 3257 3235 3351
f 3372 3257 3351
f 3371 3257 3372
f 3372 3351 3352
f 3373 3365 3364
f 3373 3364 3366
f 3373 3366 3374
f 3374 3366 3367
f 3374 3367 3375
f 3375 3367 3252
f 3258 3375 3252
f 3376 3375 3258
f 3377 3258 3259
f 3377 3376 3258
f 3259 3260 3377
f 3377 3260 3378
f 3380 3379 3263
f 3263 3379 3262
f 3263 3254 3368
f 3381 3263 3368
f 3380 3263 3381
f 3381 3368 3369
f 3382 3378 3260
f 3382 3260 3264
f 3383 3264 3265
f 3383 3382 3264
f 3384 3265 3266
f 3384 3383 3265
f 3266 3268 3384
f 3384 3268 3385
f 3387 3386 3271
f 3271 3386 3270
f 3271 3262 3379
f 3271 3379 3387
f 3388 3385 3268
f 3388 3268 3272
f 3390 3389 3274
f 3389 3272 3274
f 3389 3388 3272
f 3390 3391 3389
f 3393 3392 3276
f 3276 3392 3275
f 3276 3270 3386
f 3276 3386 3393
f 3278 3394 3390
f 3278 3390 3274
f 3391 3390 3395
f 3395 3390 3394
f 3392 3279 3275
f 3396 3279 3392
f 3280 3397 3394
f 3280 3394 3278
f 3395 3394 3398
f 3398 3394 3397
f 3396 3281 3279
f 3399 3281 3396
f 3401 3400 3397
f 3280 3401 3397
f 3282 3401 3280
f 3397 3400 3398
f 3399 3283 3281
f 3402 3283 3399
f 3284 3401 3282
f 3284 3403 3401
f 3402 3285 3283
f 3404 3285 3402
f 3406 3405 3286
f 3406 3286 3287
f 3286 3407 3288
f 3405 3407 3286
f 3288 3408 3289
f 3407 3408 3288
f 3284 3289 3403
f 3403 3289 3408
f 3404 3290 3285
f 3409 3290 3404
f 3291 3406 3287
f 3291 3410 3406
f 3409 3292 3290
f 3411 3292 3409
f 3293 3410 3291
f 3293 3412 3410
f 3411 3294 3292
f 3413 3294 3411
f 3295 3412 3293
f 3295 3414 3412
f 3413 3296 3294
f 3415 3296 3413
f 3417 3416 3298
f 3417 3298 3299
f 3295 3298 3414
f 3414 3298 3416
f 3415 3300 3296
f 3418 3300 3415
f 3421 3420 3419
f 3423 3422 3419
f 3423 3419 3420
f 3423 3417 3422
f 3417 3302 3422
f 3417 3299 3302
f 3418 3303 3300
f 3424 3303 3418
f 3427 3426 3425
f 3429 3428 3425
f 3429 3425 3426
f 3431 3430 3428
f 3431 3428 3429
f 3430 3431 3421
f 3419 3430 3421
f 3432 3430 3419
f 3433 3419 3422
f 3432 3419 3433
f 3304 3433 3302
f 3302 3433 3422
f 3424 3305 3303
f 3434 3305 3424
f 3436 3435 3307
f 3436 3307 3308
f 3425 3310 3427
f 3310 3435 3427
f 3310 3307 3435
f 3310 3425 3312
f 3312 3425 3428
f 3312 3428 3313
f 3428 3437 3313
f 3428 3430 3437
f 3438 3430 3432
f 3437 3430 3438
f 3439 3432 3433
f 3438 3432 3439
f 3314 3439 3304
f 3304 3439 3433
f 3434 3315 3305
f 3440 3315 3434
f 3442 3441 3316
f 3442 3316 3317
f 3308 3316 3436
f 3436 3316 3441
f 3443 3318 3437
f 3437 3318 3313
f 3438 3445 3444
f 3443 3438 3444
f 3437 3438 3443
f 3445 3438 3439
f 3445 3439 3446
f 3439 3314 3446
f 3314 3447 3446
f 3314 3319 3447
f 3449 3320 3448
f 3320 3440 3448
f 3320 3315 3440
f 3450 3449 3448
f 3452 3451 3321
f 3452 3321 3322
f 3317 3321 3442
f 3442 3321 3451
f 3443 3323 3318
f 3444 3453 3443
f 3453 3323 3443
f 3453 3324 3323
f 3324 3454 3325
f 3453 3454 3324
f 3319 3325 3447
f 3447 3325 3454
f 3449 3326 3320
f 3327 3326 3449
f 3450 3327 3449
f 3455 3327 3450
f 3328 3452 3322
f 3328 3456 3452
f 3455 3330 3327
f 3457 3330 3455
f 3331 3456 3328
f 3331 3458 3456
f 3457 3459 3330
f 3330 3459 3332
f 3332 3460 3333
f 3459 3460 3332
f 3334 3333 3460
f 3334 3460 3461
f 3336 3458 3331
f 3336 3462 3458
f 3461 3463 3334
f 3334 3463 3337
f 3337 3464 3338
f 3463 3464 3337
f 3464 3466 3465
f 3339 3464 3465
f 3338 3464 3339
f 3467 3340 3339
f 3467 3339 3465
f 3467 3341 3340
f 3470 3469 3468
f 3472 3471 3468
f 3472 3468 3469
f 3342 3343 3471
f 3472 3342 3471
f 3473 3342 3472
f 3342 3474 3344
f 3473 3474 3342
f 3344 3475 3345
f 3474 3475 3344
f 3345 3476 3346
f 3475 3476 3345
f 3336 3346 3462
f 3462 3346 3476
f 3466 3477 3465
f 3465 3477 3467
f 3467 3477 3478
f 3467 3478 3341
f 3478 3347 3341
f 3478 3479 3347
f 3347 3480 3348
f 3479 3480 3347
f 3468 3349 3470
f 3349 3480 3470
f 3349 3348 3480
f 3349 3468 3350
f 3350 3468 3471
f 3350 3471 3343
f 3481 3352 3353
f 3354 3482 3353
f 3353 3482 3481
f 3355 3483 3354
f 3354 3483 3482
f 3356 3484 3355
f 3355 3484 3483
f 3357 3485 3356
f 3356 3485 3484
f 3358 3486 3357
f 3357 3486 3485
f 3359 3487 3358
f 3358 3487 3486
f 3360 3488 3359
f 3359 3488 3487
f 3361 3489 3360
f 3360 3489 3488
f 3362 3490 3361
f 3361 3490 3489
f 3363 3491 3362
f 3362 3491 3490
f 3365 3491 3363
f 3493 3492 3370
f 3370 3492 3369
f 3494 3370 3371
f 3494 3493 3370
f 3495 3371 3372
f 3495 3494 3371
f 3372 3352 3481
f 3496 3372 3481
f 3495 3372 3496
f 3496 3481 3482
f 3496 3482 3497
f 3497 3482 3483
f 3497 3483 3498
f 3498 3483 3484
f 3498 3484 3499
f 3499 3484 3485
f 3499 3485 3500
f 3500 3485 3486
f 3500 3486 3501
f 3501 3486 3487
f 3501 3487 3502
f 3502 3487 3488
f 3502 3488 3503
f 3503 3488 3489
f 3503 3489 3504
f 3504 3489 3490
f 3504 3490 3505
f 3505 3490 3491
f 3505 3491 3506
f 3506 3491 3365
f 3373 3506 3365
f 3507 3506 3373
f 3508 3373 3374
f 3508 3507 3373
f 3509 3374 3375
f 3509 3508 3374
f 3510 3375 3376
f 3510 3509 3375
f 3511 3376 3377
f 3511 3510 3376
f 3513 3512 3378
f 3512 3377 3378
f 3512 3511 3377
f 3515 3514 3513
f 3513 3514 3512
f 3515 3516 3514
f 3518 3517 3380
f 3380 3517 3379
f 3519 3380 3381
f 3519 3518 3380
f 3381 3369 3492
f 3381 3492 3519
f 3382 3513 3378
f 3513 3382 3383
f 3513 3383 3515
f 3520 3516 3515
f 3383 3520 3515
f 3384 3520 3383
f 3522 3521 3385
f 3521 3384 3385
f 3521 3520 3384
f 3522 3523 3521
f 3525 3524 3387
f 3387 3524 3386
f 3387 3379 3517
f 3387 3517 3525
f 3388 3522 3385
f 3526 3523 3522
f 3388 3526 3522
f 3389 3526 3388
f 3528 3527 3391
f 3527 3389 3391
f 3527 3526 3389
f 3528 3529 3527
f 3531 3530 3393
f 3393 3530 3392
f 3393 3386 3524
f 3393 3524 3531
f 3395 3532 3528
f 3395 3528 3391
f 3529 3528 3533
f 3528 3534 3533
f 3528 3532 3534
f 3534 3535 3533
f 3530 3396 3392
f 3536 3396 3530
f 3398 3537 3532
f 3398 3532 3395
f 3532 3538 3534
f 3532 3537 3538
f 3535 3534 3539
f 3539 3534 3538
f 3536 3399 3396
f 3540 3399 3536
f 3401 3541 3400
f 3537 3398 3400
f 3541 3537 3400
f 3542 3537 3541
f 3537 3543 3538
f 3537 3542 3543
f 3539 3538 3544
f 3544 3538 3543
f 3540 3402 3399
f 3545 3402 3540
f 3547 3546 3541
f 3401 3547 3541
f 3403 3547 3401
f 3541 3546 3542
f 3542 3546 3548
f 3542 3548 3543
f 3543 3548 3549
f 3543 3549 3544
f 3545 3404 3402
f 3550 3404 3545
f 3552 3551 3405
f 3552 3405 3406
f 3405 3553 3407
f 3551 3553 3405
f 3407 3554 3408
f 3553 3554 3407
f 3403 3408 3547
f 3547 3408 3554
f 3556 3409 3555
f 3409 3550 3555
f 3409 3404 3550
f 3557 3556 3555
f 3410 3552 3406
f 3410 3558 3552
f 3559 3411 3556
f 3556 3411 3409
f 3556 3557 3560
f 3556 3560 3559
f 3412 3558 3410
f 3412 3561 3558
f 3562 3413 3559
f 3559 3413 3411
f 3559 3560 3563
f 3559 3563 3562
f 3414 3561 3412
f 3414 3564 3561
f 3565 3415 3562
f 3562 3415 3413
f 3562 3563 3566
f 3562 3566 3565
f 3568 3567 3416
f 3568 3416 3417
f 3414 3416 3564
f 3564 3416 3567
f 3569 3418 3565
f 3565 3418 3415
f 3565 3566 3570
f 3565 3570 3569
f 3573 3572 3571
f 3575 3574 3571
f 3575 3571 3572
f 3577 3576 3574
f 3577 3574 3575
f 3578 3576 3577
f 3580 3579 3420
f 3580 3420 3421
f 3420 3581 3423
f 3579 3581 3420
f 3417 3423 3568
f 3568 3423 3581
f 3582 3424 3569
f 3569 3424 3418
f 3569 3570 3583
f 3569 3583 3582
f 3573 3571 3584
f 3573 3584 3585
f 3586 3571 3574
f 3584 3571 3586
f 3587 3574 3576
f 3586 3574 3587
f 3588 3426 3427
f 3576 3588 3427
f 3587 3576 3427
f 3588 3576 3578
f 3426 3589 3429
f 3588 3589 3426
f 3429 3590 3431
f 3589 3590 3429
f 3421 3431 3580
f 3580 3431 3590
f 3591 3434 3582
f 3582 3434 3424
f 3582 3583 3592
f 3582 3592 3591
f 3585 3584 3593
f 3585 3593 3594
f 3595 3584 3586
f 3593 3584 3595
f 3436 3595 3435
f 3595 3587 3435
f 3595 3586 3587
f 3435 3587 3427
f 3596 3440 3591
f 3591 3440 3434
f 3591 3592 3597
f 3591 3597 3596
f 3594 3593 3598
f 3594 3598 3599
f 3442 3598 3441
f 3598 3595 3441
f 3598 3593 3595
f 3441 3595 3436
f 3601 3600 3445
f 3445 3600 3444
f 3602 3445 3446
f 3602 3601 3445
f 3446 3447 3602
f 3602 3447 3603
f 3596 3448 3440
f 3450 3448 3596
f 3597 3450 3596
f 3604 3450 3597
f 3599 3598 3451
f 3452 3599 3451
f 3605 3599 3452
f 3451 3598 3442
f 3600 3606 3444
f 3444 3606 3453
f 3453 3607 3454
f 3606 3607 3453
f 3447 3454 3603
f 3603 3454 3607
f 3604 3455 3450
f 3608 3455 3604
f 3456 3610 3609
f 3605 3456 3609
f 3452 3456 3605
f 3610 3611 3609
f 3608 3457 3455
f 3612 3457 3608
f 3458 3613 3610
f 3458 3610 3456
f 3611 3610 3614
f 3614 3610 3613
f 3612 3615 3457
f 3457 3615 3459
f 3459 3616 3460
f 3615 3616 3459
f 3461 3460 3616
f 3461 3616 3617
f 3462 3618 3613
f 3462 3613 3458
f 3614 3613 3619
f 3619 3613 3618
f 3617 3620 3461
f 3461 3620 3463
f 3463 3621 3464
f 3620 3621 3463
f 3466 3464 3621
f 3466 3621 3622
f 3624 3623 3469
f 3624 3469 3470
f 3469 3625 3472
f 3623 3625 3469
f 3472 3626 3473
f 3625 3626 3472
f 3473 3627 3474
f 3626 3627 3473
f 3474 3628 3475
f 3627 3628 3474
f 3475 3629 3476
f 3628 3629 3475
f 3462 3476 3618
f 3476 3630 3618
f 3476 3629 3630
f 3618 3630 3619
f 3622 3631 3466
f 3466 3631 3477
f 3477 3632 3478
f 3631 3632 3477
f 3478 3633 3479
f 3632 3633 3478
f 3479 3634 3480
f 3633 3634 3479
f 3470 3480 3624
f 3624 3480 3634
f 3635 3492 3493
f 3635 3493 3636
f 3493 3637 3636
f 3493 3494 3637
f 3638 3494 3495
f 3638 3637 3494
f 3639 3495 3496
f 3639 3638 3495
f 3640 3496 3497
f 3640 3639 3496
f 3641 3497 3498
f 3641 3640 3497
f 3642 3498 3499
f 3642 3641 3498
f 3643 3499 3500
f 3643 3642 3499
f 3644 3500 3501
f 3644 3643 3500
f 3645 3501 3502
f 3645 3644 3501
f 3646 3502 3503
f 3646 3645 3502
f 3647 3503 3504
f 3647 3646 3503
f 3648 3504 3505
f 3648 3647 3504
f 3649 3505 3506
f 3649 3648 3505
f 3650 3506 3507
f 3650 3649 3506
f 3651 3507 3508
f 3651 3650 3507
f 3652 3508 3509
f 3652 3651 3508
f 3653 3509 3510
f 3653 3652 3509
f 3654 3510 3511
f 3654 3653 3510
f 3655 3511 3512
f 3655 3654 3511
f 3656 3512 3514
f 3656 3655 3512
f 3658 3657 3516
f 3657 3514 3516
f 3657 3656 3514
f 3658 3659 3657
f 3660 3517 3518
f 3660 3518 3661
f 3518 3662 3661
f 3518 3519 3662
f 3519 3492 3635
f 3663 3519 3635
f 3662 3519 3663
f 3663 3635 3636
f 3520 3658 3516
f 3664 3659 3658
f 3520 3664 3658
f 3521 3664 3520
f 3666 3665 3523
f 3665 3521 3523
f 3665 3664 3521
f 3666 3667 3665
f 3668 3524 3525
f 3669 3668 3525
f 3669 3525 3517
f 3670 3669 3517
f 3660 3670 3517
f 3670 3660 3661
f 3526 3666 3523
f 3671 3667 3666
f 3526 3671 3666
f 3527 3671 3526
f 3673 3672 3529
f 3672 3527 3529
f 3672 3671 3527
f 3673 3674 3672
f 3675 3530 3531
f 3676 3675 3531
f 3676 3531 3524
f 3677 3676 3524
f 3668 3677 3524
f 3677 3668 3669
f 3533 3673 3529
f 3679 3678 3535
f 3535 3678 3533
f 3678 3674 3533
f 3674 3673 3533
f 3679 3680 3678
f 3681 3536 3675
f 3675 3536 3530
f 3675 3676 3682
f 3675 3682 3681
f 3539 3683 3679
f 3539 3679 3535
f 3680 3679 3684
f 3684 3679 3683
f 3686 3685 3681
f 3685 3536 3681
f 3685 3540 3536
f 3686 3681 3682
f 3544 3687 3683
f 3544 3683 3539
f 3684 3683 3688
f 3683 3689 3688
f 3683 3687 3689
f 3689 3690 3688
f 3685 3545 3540
f 3691 3545 3685
f 3547 3692 3546
f 3693 3548 3546
f 3693 3546 3692
f 3694 3549 3548
f 3694 3548 3693
f 3687 3544 3549
f 3694 3687 3549
f 3695 3687 3694
f 3687 3696 3689
f 3687 3695 3696
f 3690 3689 3697
f 3697 3689 3696
f 3691 3550 3545
f 3698 3550 3691
f 3700 3699 3551
f 3700 3551 3552
f 3551 3701 3553
f 3699 3701 3551
f 3553 3702 3554
f 3701 3702 3553
f 3547 3554 3692
f 3554 3703 3692
f 3554 3702 3703
f 3705 3704 3703
f 3704 3692 3703
f 3704 3693 3692
f 3693 3706 3694
f 3693 3704 3706
f 3694 3707 3695
f 3694 3706 3707
f 3695 3708 3696
f 3695 3707 3708
f 3697 3696 3709
f 3709 3696 3708
f 3698 3710 3550
f 3550 3710 3555
f 3557 3555 3710
f 3557 3710 3711
f 3558 3700 3552
f 3558 3712 3700
f 3705 3713 3704
f 3704 3713 3706
f 3706 3713 3714
f 3706 3714 3707
f 3707 3714 3715
f 3707 3715 3708
f 3708 3715 3716
f 3708 3716 3709
f 3711 3560 3557
f 3717 3560 3711
f 3561 3712 3558
f 3561 3718 3712
f 3717 3563 3560
f 3719 3563 3717
f 3564 3718 3561
f 3564 3720 3718
f 3719 3566 3563
f 3721 3566 3719
f 3568 3722 3567
f 3722 3723 3567
f 3723 3564 3567
f 3723 3720 3564
f 3721 3570 3566
f 3724 3570 3721
f 3727 3726 3725
f 3729 3728 3725
f 3729 3725 3726
f 3572 3573 3728
f 3729 3572 3728
f 3730 3572 3729
f 3572 3731 3575
f 3730 3731 3572
f 3575 3732 3577
f 3731 3732 3575
f 3734 3733 3578
f 3577 3734 3578
f 3732 3734 3577
f 3736 3735 3733
f 3736 3733 3734
f 3737 3735 3736
f 3739 3738 3579
f 3739 3579 3580
f 3579 3740 3581
f 3738 3740 3579
f 3568 3581 3722
f 3581 3741 3722
f 3581 3740 3741
f 3722 3741 3723
f 3724 3583 3570
f 3742 3583 3724
f 3727 3725 3743
f 3727 3743 3744
f 3745 3725 3728
f 3743 3725 3745
f 3585 3745 3573
f 3573 3745 3728
f 3733 3588 3578
f 3588 3733 3589
f 3589 3733 3735
f 3737 3746 3735
f 3746 3589 3735
f 3746 3590 3589
f 3580 3590 3739
f 3739 3590 3746
f 3742 3592 3583
f 3747 3592 3742
f 3750 3749 3748
f 3752 3751 3748
f 3752 3748 3749
f 3751 3752 3744
f 3743 3751 3744
f 3753 3751 3743
f 3754 3743 3745
f 3753 3743 3754
f 3594 3754 3585
f 3585 3754 3745
f 3747 3597 3592
f 3755 3597 3747
f 3750 3748 3756
f 3750 3756 3757
f 3758 3748 3751
f 3756 3748 3758
f 3759 3751 3753
f 3758 3751 3759
f 3760 3753 3754
f 3759 3753 3760
f 3599 3760 3594
f 3594 3760 3754
f 3762 3761 3601
f 3601 3761 3600
f 3763 3601 3602
f 3763 3762 3601
f 3765 3764 3603
f 3764 3602 3603
f 3764 3763 3602
f 3765 3766 3764
f 3755 3604 3597
f 3767 3604 3755
f 3757 3756 3768
f 3757 3768 3769
f 3770 3756 3758
f 3768 3756 3770
f 3771 3758 3759
f 3770 3758 3771
f 3772 3759 3760
f 3771 3759 3772
f 3605 3772 3599
f 3599 3772 3760
f 3606 3600 3773
f 3600 3774 3773
f 3600 3761 3774
f 3775 3607 3606
f 3775 3606 3773
f 3765 3603 3607
f 3775 3765 3607
f 3776 3765 3775
f 3766 3765 3777
f 3777 3765 3776
f 3767 3608 3604
f 3778 3608 3767
f 3779 3769 3768
f 3779 3768 3770
f 3779 3770 3780
f 3780 3770 3771
f 3780 3771 3781
f 3781 3771 3772
f 3781 3772 3782
f 3782 3772 3605
f 3609 3782 3605
f 3783 3782 3609
f 3785 3784 3611
f 3784 3609 3611
f 3784 3783 3609
f 3785 3786 3784
f 3773 3774 3787
f 3787 3774 3788
f 3773 3789 3775
f 3773 3787 3789
f 3775 3790 3776
f 3775 3789 3790
f 3777 3776 3791
f 3791 3776 3790
f 3793 3612 3792
f 3612 3778 3792
f 3612 3608 3778
f 3794 3793 3792
f 3614 3795 3785
f 3614 3785 3611
f 3786 3785 3796
f 3796 3785 3795
f 3788 3797 3787
f 3787 3797 3789
f 3789 3797 3798
f 3789 3798 3790
f 3790 3798 3799
f 3790 3799 3791
f 3793 3615 3612
f 3794 3800 3793
f 3800 3615 3793
f 3800 3616 3615
f 3617 3616 3800
f 3617 3800 3801
f 3619 3802 3795
f 3619 3795 3614
f 3796 3795 3803
f 3803 3795 3802
f 3801 3804 3617
f 3617 3804 3620
f 3804 3806 3805
f 3621 3804 3805
f 3620 3804 3621
f 3805 3622 3621
f 3808 3807 3623
f 3808 3623 3624
f 3623 3809 3625
f 3807 3809 3623
f 3625 3810 3626
f 3809 3810 3625
f 3626 3811 3627
f 3810 3811 3626
f 3627 3812 3628
f 3811 3812 3627
f 3628 3813 3629
f 3812 3813 3628
f 3629 3814 3630
f 3813 3814 3629
f 3619 3630 3802
f 3630 3815 3802
f 3630 3814 3815
f 3802 3815 3803
f 3806 3816 3805
f 3805 3816 3622
f 3816 3631 3622
f 3816 3817 3631
f 3631 3818 3632
f 3817 3818 3631
f 3632 3819 3633
f 3818 3819 3632
f 3633 3820 3634
f 3819 3820 3633
f 3624 3634 3808
f 3808 3634 3820
f 3821 3636 3637
f 3821 3637 3822
f 3637 3823 3822
f 3637 3638 3823
f 3824 3638 3639
f 3824 3823 3638
f 3825 3639 3640
f 3825 3824 3639
f 3826 3640 3641
f 3826 3825 3640
f 3827 3641 3642
f 3827 3826 3641
f 3828 3642 3643
f 3828 3827 3642
f 3829 3643 3644
f 3829 3828 3643
f 3830 3644 3645
f 3830 3829 3644
f 3831 3645 3646
f 3831 3830 3645
f 3832 3646 3647
f 3832 3831 3646
f 3833 3647 3648
f 3833 3832 3647
f 3834 3648 3649
f 3834 3833 3648
f 3835 3649 3650
f 3835 3834 3649
f 3836 3650 3651
f 3836 3835 3650
f 3837 3651 3652
f 3837 3836 3651
f 3838 3652 3653
f 3838 3837 3652
f 3839 3653 3654
f 3839 3838 3653
f 3840 3654 3655
f 3840 3839 3654
f 3841 3655 3656
f 3841 3840 3655
f 3842 3656 3657
f 3842 3841 3656
f 3844 3843 3659
f 3843 3657 3659
f 3843 3842 3657
f 3844 3845 3843
f 3847 3846 3662
f 3662 3846 3661
f 3848 3662 3663
f 3848 3847 3662
f 3663 3636 3821
f 3849 3663 3821
f 3848 3663 3849
f 3849 3821 3822
f 3664 3844 3659
f 3850 3845 3844
f 3664 3850 3844
f 3665 3850 3664
f 3852 3851 3667
f 3851 3665 3667
f 3851 3850 3665
f 3854 3853 3852
f 3852 3853 3851
f 3854 3855 3853
f 3857 3856 3670
f 3670 3856 3669
f 3670 3661 3846
f 3670 3846 3857
f 3671 3852 3667
f 3852 3671 3672
f 3852 3672 3854
f 3859 3858 3674
f 3674 3858 3672
f 3858 3855 3672
f 3855 3854 3672
f 3861 3860 3859
f 3859 3860 3858
f 3861 3862 3860
f 3864 3863 3677
f 3677 3863 3676
f 3677 3669 3856
f 3677 3856 3864
f 3678 3859 3674
f 3859 3678 3680
f 3865 3859 3680
f 3861 3859 3865
f 3862 3861 3866
f 3866 3861 3865
f 3863 3682 3676
f 3867 3682 3863
f 3684 3868 3865
f 3684 3865 3680
f 3866 3865 3869
f 3865 3870 3869
f 3865 3868 3870
f 3870 3871 3869
f 3872 3685 3686
f 3873 3872 3686
f 3682 3873 3686
f 3867 3873 3682
f 3688 3868 3684
f 3868 3688 3690
f 3874 3868 3690
f 3870 3868 3874
f 3871 3870 3875
f 3875 3870 3874
f 3876 3691 3872
f 3872 3691 3685
f 3872 3873 3877
f 3872 3877 3876
f 3697 3878 3874
f 3697 3874 3690
f 3875 3874 3879
f 3879 3874 3878
f 3880 3698 3876
f 3876 3698 3691
f 3876 3877 3881
f 3876 3881 3880
f 3700 3882 3699
f 3883 3701 3699
f 3883 3699 3882
f 3884 3702 3701
f 3884 3701 3883
f 3885 3703 3702
f 3885 3702 3884
f 3885 3705 3703
f 3709 3886 3878
f 3709 3878 3697
f 3879 3878 3887
f 3887 3878 3886
f 3880 3710 3698
f 3711 3710 3880
f 3881 3711 3880
f 3888 3711 3881
f 3712 3889 3882
f 3712 3882 3700
f 3882 3890 3883
f 3882 3889 3890
f 3892 3884 3891
f 3884 3890 3891
f 3884 3883 3890
f 3884 3892 3885
f 3885 3892 3893
f 3885 3893 3705
f 3893 3713 3705
f 3893 3894 3713
f 3894 3896 3895
f 3714 3894 3895
f 3713 3894 3714
f 3897 3715 3714
f 3897 3714 3895
f 3898 3716 3715
f 3898 3715 3897
f 3886 3709 3716
f 3898 3886 3716
f 3899 3886 3898
f 3887 3886 3900
f 3900 3886 3899
f 3888 3717 3711
f 3901 3717 3888
f 3718 3902 3889
f 3718 3889 3712
f 3889 3903 3890
f 3889 3902 3903
f 3891 3890 3904
f 3904 3890 3903
f 3895 3896 3905
f 3905 3896 3906
f 3895 3907 3897
f 3895 3905 3907
f 3897 3908 3898
f 3897 3907 3908
f 3898 3909 3899
f 3898 3908 3909
f 3900 3899 3910
f 3910 3899 3909
f 3901 3719 3717
f 3911 3719 3901
f 3720 3912 3902
f 3720 3902 3718
f 3902 3913 3903
f 3902 3912 3913
f 3904 3903 3914
f 3914 3903 3913
f 3905 3906 3915
f 3915 3906 3916
f 3905 3917 3907
f 3905 3915 3917
f 3907 3918 3908
f 3907 3917 3918
f 3920 3909 3919
f 3909 3918 3919
f 3909 3908 3918
f 3909 3920 3910
f 3911 3721 3719
f 3921 3721 3911
f 3723 3922 3912
f 3723 3912 3720
f 3912 3923 3913
f 3912 3922 3923
f 3914 3913 3924
f 3924 3913 3923
f 3915 3916 3925
f 3925 3916 3926
f 3915 3927 3917
f 3915 3925 3927
f 3917 3928 3918
f 3917 3927 3928
f 3919 3918 3929
f 3929 3918 3928
f 3921 3724 3721
f 3930 3724 3921
f 3932 3931 3726
f 3932 3726 3727
f 3726 3933 3729
f 3931 3933 3726
f 3729 3934 3730
f 3933 3934 3729
f 3730 3935 3731
f 3934 3935 3730
f 3731 3936 3732
f 3935 3936 3731
f 3732 3937 3734
f 3936 3937 3732
f 3734 3938 3736
f 3937 3938 3734
f 3737 3736 3938
f 3737 3938 3939
f 3739 3940 3738
f 3941 3740 3738
f 3941 3738 3940
f 3942 3741 3740
f 3942 3740 3941
f 3922 3723 3741
f 3942 3922 3741
f 3943 3922 3942
f 3922 3944 3923
f 3922 3943 3944
f 3924 3923 3945
f 3945 3923 3944
f 3925 3926 3946
f 3946 3926 3947
f 3925 3948 3927
f 3925 3946 3948
f 3927 3949 3928
f 3927 3948 3949
f 3929 3928 3950
f 3950 3928 3949
f 3930 3742 3724
f 3951 3742 3930
f 3744 3932 3727
f 3744 3952 3932
f 3939 3953 3737
f 3737 3953 3746
f 3746 3953 3739
f 3953 3954 3739
f 3954 3940 3739
f 3954 3953 3955
f 3940 3956 3941
f 3940 3954 3956
f 3941 3957 3942
f 3941 3956 3957
f 3942 3958 3943
f 3942 3957 3958
f 3943 3959 3944
f 3943 3958 3959
f 3945 3944 3960
f 3944 3961 3960
f 3944 3959 3961
f 3963 3962 3961
f 3961 3962 3960
f 3965 3964 3963
f 3963 3964 3962
f 3964 3965 3947
f 3965 3946 3947
f 3965 3966 3946
f 3946 3967 3948
f 3946 3966 3967
f 3948 3968 3949
f 3948 3967 3968
f 3950 3949 3969
f 3969 3949 3968
f 3951 3747 3742
f 3970 3747 3951
f 3972 3971 3749
f 3972 3749 3750
f 3749 3973 3752
f 3971 3973 3749
f 3744 3752 3952
f 3952 3752 3973
f 3954 3955 3974
f 3974 3955 3975
f 3954 3976 3956
f 3954 3974 3976
f 3956 3977 3957
f 3956 3976 3977
f 3957 3978 3958
f 3957 3977 3978
f 3958 3979 3959
f 3958 3978 3979
f 3959 3980 3961
f 3959 3979 3980
f 3961 3981 3963
f 3961 3980 3981
f 3963 3982 3965
f 3963 3981 3982
f 3984 3966 3983
f 3966 3982 3983
f 3966 3965 3982
f 3966 3984 3967
f 3967 3984 3985
f 3967 3985 3968
f 3968 3985 3986
f 3968 3986 3969
f 3970 3755 3747
f 3987 3755 3970
f 3757 3972 3750
f 3757 3988 3972
f 3974 3975 3762
f 3975 3761 3762
f 3975 3989 3761
f 3974 3762 3763
f 3974 3763 3976
f 3976 3763 3764
f 3976 3764 3977
f 3977 3764 3766
f 3990 3977 3766
f 3978 3977 3990
f 3978 3991 3979
f 3978 3990 3991
f 3979 3992 3980
f 3979 3991 3992
f 3980 3993 3981
f 3980 3992 3993
f 3981 3994 3982
f 3981 3993 3994
f 3983 3982 3995
f 3995 3982 3994
f 3987 3767 3755
f 3996 3767 3987
f 3769 3988 3757
f 3769 3997 3988
f 4000 3999 3998
f 3989 4000 3998
f 3774 3989 3998
f 3761 3989 3774
f 3777 4001 3990
f 3777 3990 3766
f 4003 3991 4002
f 3991 4001 4002
f 3991 3990 4001
f 3991 4003 3992
f 3992 4003 4004
f 3992 4004 3993
f 3993 4004 4005
f 3993 4005 3994
f 3994 4005 4006
f 3994 4006 3995
f 3996 3778 3767
f 4007 3778 3996
f 4008 3997 3769
f 4008 3769 3779
f 4009 3779 3780
f 4009 4008 3779
f 4010 3780 3781
f 4010 4009 3780
f 4011 3781 3782
f 4011 4010 3781
f 4012 3782 3783
f 4012 4011 3782
f 4013 3783 3784
f 4013 4012 3783
f 4015 4014 3786
f 4014 3784 3786
f 4014 4013 3784
f 4017 4016 4015
f 4015 4016 4014
f 4019 4018 4017
f 4017 4018 4016
f 4018 4019 3999
f 4019 3998 3999
f 4019 4020 3998
f 4020 3788 3774
f 4020 3774 3998
f 3791 4021 4001
f 3791 4001 3777
f 4002 4001 4022
f 4022 4001 4021
f 4007 4023 3778
f 3778 4023 3792
f 3794 3792 4023
f 3794 4023 4024
f 3796 4025 4015
f 3796 4015 3786
f 4015 4026 4017
f 4015 4025 4026
f 4017 4027 4019
f 4017 4026 4027
f 4019 4028 4020
f 4019 4027 4028
f 4029 3797 3788
f 4020 4029 3788
f 4028 4029 4020
f 4030 3798 3797
f 4030 3797 4029
f 3798 4030 4031
f 4032 3798 4031
f 3799 3798 4032
f 3791 3799 4021
f 3799 4033 4021
f 3799 4032 4033
f 4021 4033 4022
f 3800 3794 4034
f 3794 4035 4034
f 3794 4024 4035
f 4034 3801 3800
f 3803 4036 4025
f 3803 4025 3796
f 4025 4037 4026
f 4025 4036 4037
f 4039 4027 4038
f 4027 4037 4038
f 4027 4026 4037
f 4027 4039 4028
f 4028 4039 4040
f 4028 4040 4029
f 4029 4040 4041
f 4029 4041 4030
f 4030 4041 4042
f 4030 4042 4031
f 4035 4043 4034
f 4034 4043 3801
f 4043 3804 3801
f 4043 4044 3804
f 3806 3804 4044
f 3806 4044 4045
f 3808 4046 3807
f 3807 4046 4047
f 4048 3807 4047
f 3809 3807 4048
f 3809 4049 3810
f 4048 4049 3809
f 3810 4050 3811
f 4049 4050 3810
f 3811 4051 3812
f 4050 4051 3811
f 3812 4052 3813
f 4051 4052 3812
f 3813 4053 3814
f 4052 4053 3813
f 3814 4054 3815
f 4053 4054 3814
f 3803 3815 4036
f 3815 4055 4036
f 3815 4054 4055
f 4036 4055 4037
f 4037 4055 4056
f 4037 4056 4038
f 4045 4057 3806
f 3806 4057 3816
f 3816 4058 3817
f 4057 4058 3816
f 3817 4059 3818
f 4058 4059 3817
f 3818 4060 3819
f 4059 4060 3818
f 3819 4061 3820
f 4060 4061 3819
f 3808 3820 4046
f 3820 4062 4046
f 3820 4061 4062
f 4046 4062 4047
f 4064 4063 3823
f 3823 4063 3822
f 4065 3823 3824
f 4065 4064 3823
f 4066 3824 3825
f 4066 4065 3824
f 4067 3825 3826
f 4067 4066 3825
f 4068 3826 3827
f 4068 4067 3826
f 4069 3827 3828
f 4069 4068 3827
f 4070 3828 3829
f 4070 4069 3828
f 4071 3829 3830
f 4071 4070 3829
f 4072 3830 3831
f 4072 4071 3830
f 4073 3831 3832
f 4073 4072 3831
f 4074 3832 3833
f 4074 4073 3832
f 4075 3833 3834
f 4075 4074 3833
f 4076 3834 3835
f 4076 4075 3834
f 4077 3835 3836
f 4077 4076 3835
f 4078 3836 3837
f 4078 4077 3836
f 4079 3837 3838
f 4079 4078 3837
f 4080 3838 3839
f 4080 4079 3838
f 4081 3839 3840
f 4081 4080 3839
f 4082 3840 3841
f 4082 4081 3840
f 4083 3841 3842
f 4083 4082 3841
f 4084 3842 3843
f 4084 4083 3842
f 4086 4085 3845
f 4085 3843 3845
f 4085 4084 3843
f 4088 4087 4086
f 4086 4087 4085
f 4088 4089 4087
f 4091 4090 3847
f 3847 4090 3846
f 4092 3847 3848
f 4092 4091 3847
f 4093 3848 3849
f 4093 4092 3848
f 3849 3822 4063
f 3849 4063 4093
f 3850 4086 3845
f 4086 3850 3851
f 4086 3851 4088
f 4094 4089 4088
f 3851 4094 4088
f 3853 4094 3851
f 4096 4095 3855
f 4095 3853 3855
f 4095 4094 3853
f 4096 4097 4095
f 4099 4098 3857
f 3857 4098 3856
f 3857 3846 4090
f 3857 4090 4099
f 3858 4096 3855
f 4100 4097 4096
f 3858 4100 4096
f 3860 4100 3858
f 3860 3862 4100
f 4100 3862 4101
f 4103 4102 3864
f 3864 4102 3863
f 3864 3856 4098
f 3864 4098 4103
f 3866 4105 4104
f 4101 3866 4104
f 3862 3866 4101
f 4105 4106 4104
f 4102 3867 3863
f 4107 3867 4102
f 3869 4105 3866
f 3869 3871 4105
f 3871 4106 4105
f 3871 4108 4106
f 4107 3873 3867
f 4109 3873 4107
f 3875 4111 4110
f 4108 3875 4110
f 3871 3875 4108
f 4111 4112 4110
f 4109 3877 3873
f 4113 3877 4109
f 3879 4114 4111
f 3879 4111 3875
f 4112 4111 4115
f 4115 4111 4114
f 4113 3881 3877
f 4116 3881 4113
f 3887 4117 4114
f 3887 4114 3879
f 4115 4114 4118
f 4118 4114 4117
f 4116 3888 3881
f 4119 3888 4116
f 4121 4120 3892
f 4121 3892 3891
f 3892 4122 3893
f 4120 4122 3892
f 3893 4123 3894
f 4122 4123 3893
f 3896 3894 4123
f 3896 4123 4124
f 3900 4125 4117
f 3900 4117 3887
f 4118 4117 4126
f 4126 4117 4125
f 4119 3901 3888
f 4127 3901 4119
f 3904 4121 3891
f 3904 4128 4121
f 4124 3906 3896
f 4129 3906 4124
f 3910 4130 4125
f 3910 4125 3900
f 4126 4125 4131
f 4131 4125 4130
f 4127 3911 3901
f 4132 3911 4127
f 3914 4128 3904
f 3914 4133 4128
f 4129 3916 3906
f 4134 3916 4129
f 3919 4135 3920
f 4135 4136 3920
f 3920 4136 3910
f 4136 4137 3910
f 4137 4130 3910
f 4130 4137 4131
f 4132 3921 3911
f 4138 3921 4132
f 3924 4133 3914
f 3924 4139 4133
f 4134 3926 3916
f 4140 3926 4134
f 3929 4141 4135
f 3929 4135 3919
f 4136 4135 4142
f 4142 4135 4141
f 4138 3930 3921
f 4143 3930 4138
f 4145 4144 3931
f 4145 3931 3932
f 3931 4146 3933
f 4144 4146 3931
f 3933 4147 3934
f 4146 4147 3933
f 3934 4148 3935
f 4147 4148 3934
f 3935 4149 3936
f 4148 4149 3935
f 3936 4150 3937
f 4149 4150 3936
f 3937 4151 3938
f 4150 4151 3937
f 3939 3938 4151
f 3939 4151 4152
f 3945 4154 4153
f 4139 3945 4153
f 3924 3945 4139
f 4156 4155 4154
f 4154 4155 4153
f 4158 4157 4156
f 4156 4157 4155
f 4140 4157 4158
f 3947 4140 4158
f 3926 4140 3947
f 4160 4159 4141
f 3929 4160 4141
f 3950 4160 3929
f 4141 4159 4142
f 4143 3951 3930
f 4161 3951 4143
f 3952 4145 3932
f 3952 4162 4145
f 4152 4163 3939
f 3939 4163 3953
f 3955 3953 4163
f 3955 4163 4164
f 3960 4154 3945
f 4154 3960 3962
f 4154 3962 4156
f 4156 3962 3964
f 4156 3964 4158
f 4158 3964 3947
f 3969 4160 3950
f 3969 4165 4160
f 4161 3970 3951
f 4166 3970 4161
f 4168 4167 3971
f 4168 3971 3972
f 3971 4169 3973
f 4167 4169 3971
f 3952 3973 4162
f 4162 3973 4169
f 4164 3975 3955
f 4170 3975 4164
f 3983 4171 3984
f 4172 3985 3984
f 4172 3984 4171
f 4173 3986 3985
f 4173 3985 4172
f 4173 4174 3986
f 4174 3969 3986
f 4174 4165 3969
f 4166 3987 3970
f 4175 3987 4166
f 3988 4168 3972
f 3988 4176 4168
f 4170 3989 3975
f 4177 3989 4170
f 3995 4178 4171
f 3995 4171 3983
f 4180 4172 4179
f 4172 4178 4179
f 4172 4171 4178
f 4172 4180 4173
f 4173 4180 4181
f 4173 4181 4174
f 4175 3996 3987
f 4182 3996 4175
f 3997 4176 3988
f 3997 4183 4176
f 4186 4185 4184
f 4188 4187 4184
f 4184 4187 4186
f 4190 4189 4188
f 4188 4189 4187
f 4192 4191 4190
f 4190 4191 4189
f 4194 4193 4192
f 4192 4193 4191
f 3999 4000 4194
f 4000 4193 4194
f 4000 4195 4193
f 4000 3989 4177
f 4000 4177 4195
f 4002 4196 4003
f 4197 4004 4003
f 4197 4003 4196
f 4004 4197 4198
f 4199 4004 4198
f 4005 4004 4199
f 4005 4200 4006
f 4199 4200 4005
f 3995 4006 4178
f 4006 4201 4178
f 4006 4200 4201
f 4178 4201 4179
f 4182 4007 3996
f 4202 4007 4182
f 4203 4183 3997
f 4203 3997 4008
f 4204 4008 4009
f 4204 4203 4008
f 4205 4009 4010
f 4205 4204 4009
f 4206 4010 4011
f 4206 4205 4010
f 4012 4184 4185
f 4206 4012 4185
f 4011 4012 4206
f 4184 4012 4013
f 4184 4013 4188
f 4188 4013 4014
f 4188 4014 4190
f 4190 4014 4016
f 4190 4016 4192
f 4192 4016 4018
f 4192 4018 4194
f 4194 4018 3999
f 4208 4207 4196
f 4002 4208 4196
f 4022 4208 4002
f 4196 4207 4197
f 4197 4207 4209
f 4197 4209 4198
f 4202 4210 4007
f 4007 4210 4023
f 4024 4023 4210
f 4024 4210 4211
f 4031 4212 4032
f 4032 4212 4213
f 4214 4032 4213
f 4033 4032 4214
f 4022 4033 4208
f 4208 4033 4214
f 4211 4035 4024
f 4215 4035 4211
f 4217 4216 4039
f 4217 4039 4038
f 4039 4218 4040
f 4216 4218 4039
f 4040 4219 4041
f 4218 4219 4040
f 4041 4220 4042
f 4219 4220 4041
f 4031 4042 4212
f 4042 4221 4212
f 4042 4220 4221
f 4212 4221 4213
f 4215 4222 4035
f 4035 4222 4043
f 4043 4223 4044
f 4222 4223 4043
f 4045 4044 4223
f 4045 4223 4224
f 4226 4225 4048
f 4226 4048 4047
f 4048 4227 4049
f 4225 4227 4048
f 4049 4228 4050
f 4227 4228 4049
f 4050 4229 4051
f 4228 4229 4050
f 4051 4230 4052
f 4229 4230 4051
f 4052 4231 4053
f 4230 4231 4052
f 4053 4232 4054
f 4231 4232 4053
f 4054 4233 4055
f 4232 4233 4054
f 4055 4234 4056
f 4233 4234 4055
f 4038 4056 4217
f 4217 4056 4234
f 4224 4235 4045
f 4045 4235 4057
f 4057 4236 4058
f 4235 4236 4057
f 4058 4237 4059
f 4236 4237 4058
f 4059 4238 4060
f 4237 4238 4059
f 4060 4239 4061
f 4238 4239 4060
f 4061 4240 4062
f 4239 4240 4061
f 4047 4062 4226
f 4226 4062 4240
f 4241 4063 4064
f 4065 4242 4064
f 4064 4242 4241
f 4066 4243 4065
f 4065 4243 4242
f 4067 4244 4066
f 4066 4244 4243
f 4068 4245 4067
f 4067 4245 4244
f 4069 4246 4068
f 4068 4246 4245
f 4070 4247 4069
f 4069 4247 4246
f 4247 4070 4248
f 4070 4249 4248
f 4070 4071 4249
f 4250 4071 4072
f 4250 4249 4071
f 4251 4072 4073
f 4251 4250 4072
f 4252 4073 4074
f 4252 4251 4073
f 4253 4074 4075
f 4253 4252 4074
f 4254 4075 4076
f 4254 4253 4075
f 4255 4076 4077
f 4255 4254 4076
f 4256 4077 4078
f 4256 4255 4077
f 4257 4078 4079
f 4257 4256 4078
f 4258 4079 4080
f 4258 4257 4079
f 4259 4080 4081
f 4259 4258 4080
f 4260 4081 4082
f 4260 4259 4081
f 4261 4082 4083
f 4261 4260 4082
f 4262 4083 4084
f 4262 4261 4083
f 4263 4084 4085
f 4263 4262 4084
f 4264 4085 4087
f 4264 4263 4085
f 4266 4265 4089
f 4265 4087 4089
f 4265 4264 4087
f 4266 4267 4265
f 4269 4268 4091
f 4091 4268 4090
f 4270 4091 4092
f 4270 4269 4091
f 4271 4092 4093
f 4271 4270 4092
f 4093 4063 4241
f 4272 4093 4241
f 4271 4093 4272
f 4272 4241 4242
f 4272 4242 4273
f 4273 4242 4243
f 4273 4243 4274
f 4274 4243 4244
f 4274 4244 4275
f 4275 4244 4245
f 4275 4245 4276
f 4276 4245 4246
f 4276 4246 4277
f 4277 4246 4247
f 4277 4247 4278
f 4278 4247 4248
f 4094 4266 4089
f 4279 4267 4266
f 4094 4279 4266
f 4095 4279 4094
f 4095 4097 4279
f 4279 4097 4280
f 4281 4098 4099
f 4282 4281 4099
f 4090 4282 4099
f 4268 4282 4090
f 4283 4280 4097
f 4283 4097 4100
f 4100 4101 4283
f 4283 4101 4284
f 4285 4102 4103
f 4286 4285 4103
f 4286 4103 4098
f 4287 4286 4098
f 4281 4287 4098
f 4287 4281 4282
f 4288 4284 4101
f 4288 4101 4104
f 4104 4106 4288
f 4288 4106 4289
f 4291 4290 4285
f 4290 4102 4285
f 4290 4107 4102
f 4291 4285 4286
f 4108 4289 4106
f 4108 4292 4289
f 4290 4109 4107
f 4293 4109 4290
f 4294 4292 4108
f 4294 4108 4110
f 4110 4112 4294
f 4294 4112 4295
f 4293 4113 4109
f 4296 4113 4293
f 4115 4295 4112
f 4115 4297 4295
f 4296 4116 4113
f 4298 4116 4296
f 4118 4297 4115
f 4118 4299 4297
f 4298 4119 4116
f 4300 4119 4298
f 4121 4301 4120
f 4302 4122 4120
f 4302 4120 4301
f 4303 4123 4122
f 4303 4122 4302
f 4303 4124 4123
f 4126 4299 4118
f 4126 4304 4299
f 4300 4127 4119
f 4305 4127 4300
f 4128 4306 4301
f 4128 4301 4121
f 4301 4307 4302
f 4301 4306 4307
f 4302 4308 4303
f 4302 4307 4308
f 4308 4129 4124
f 4308 4124 4303
f 4131 4304 4126
f 4131 4309 4304
f 4305 4132 4127
f 4310 4132 4305
f 4133 4311 4306
f 4133 4306 4128
f 4306 4312 4307
f 4306 4311 4312
f 4307 4313 4308
f 4307 4312 4313
f 4313 4134 4129
f 4313 4129 4308
f 4136 4314 4137
f 4314 4315 4137
f 4315 4131 4137
f 4315 4309 4131
f 4310 4138 4132
f 4316 4138 4310
f 4139 4317 4311
f 4139 4311 4133
f 4311 4318 4312
f 4311 4317 4318
f 4312 4319 4313
f 4312 4318 4319
f 4319 4140 4134
f 4319 4134 4313
f 4142 4320 4314
f 4142 4314 4136
f 4315 4314 4321
f 4321 4314 4320
f 4316 4143 4138
f 4322 4143 4316
f 4145 4323 4144
f 4144 4323 4324
f 4325 4144 4324
f 4146 4144 4325
f 4146 4326 4147
f 4325 4326 4146
f 4147 4327 4148
f 4326 4327 4147
f 4148 4328 4149
f 4327 4328 4148
f 4149 4329 4150
f 4328 4329 4149
f 4150 4330 4151
f 4329 4330 4150
f 4152 4151 4330
f 4152 4330 4331
f 4153 4317 4139
f 4317 4153 4155
f 4317 4155 4318
f 4318 4155 4157
f 4318 4157 4319
f 4319 4157 4140
f 4160 4332 4159
f 4332 4333 4159
f 4159 4333 4142
f 4333 4334 4142
f 4334 4320 4142
f 4320 4334 4321
f 4322 4161 4143
f 4335 4161 4322
f 4162 4336 4323
f 4162 4323 4145
f 4324 4323 4337
f 4337 4323 4336
f 4163 4152 4338
f 4152 4339 4338
f 4152 4331 4339
f 4338 4164 4163
f 4165 4340 4332
f 4165 4332 4160
f 4333 4332 4341
f 4341 4332 4340
f 4335 4166 4161
f 4342 4166 4335
f 4168 4343 4167
f 4344 4169 4167
f 4344 4167 4343
f 4336 4162 4169
f 4344 4336 4169
f 4345 4336 4344
f 4337 4336 4346
f 4346 4336 4345
f 4338 4339 4347
f 4347 4339 4348
f 4347 4170 4164
f 4347 4164 4338
f 4350 4349 4340
f 4165 4350 4340
f 4174 4350 4165
f 4340 4349 4341
f 4342 4175 4166
f 4351 4175 4342
f 4176 4352 4343
f 4176 4343 4168
f 4343 4353 4344
f 4343 4352 4353
f 4344 4354 4345
f 4344 4353 4354
f 4346 4345 4355
f 4345 4356 4355
f 4345 4354 4356
f 4358 4357 4356
f 4356 4357 4355
f 4360 4359 4358
f 4358 4359 4357
f 4362 4361 4360
f 4360 4361 4359
f 4364 4363 4362
f 4362 4363 4361
f 4366 4365 4364
f 4364 4365 4363
f 4365 4366 4348
f 4366 4347 4348
f 4366 4367 4347
f 4367 4177 4170
f 4367 4170 4347
f 4369 4368 4180
f 4369 4180 4179
f 4180 4370 4181
f 4368 4370 4180
f 4174 4181 4350
f 4350 4181 4370
f 4351 4182 4175
f 4371 4182 4351
f 4183 4372 4352
f 4183 4352 4176
f 4352 4373 4353
f 4352 4372 4373
f 4353 4374 4354
f 4353 4373 4374
f 4354 4375 4356
f 4354 4374 4375
f 4375 4185 4186
f 4358 4375 4186
f 4356 4375 4358
f 4358 4186 4187
f 4358 4187 4360
f 4360 4187 4189
f 4360 4189 4362
f 4362 4189 4191
f 4362 4191 4364
f 4364 4191 4193
f 4364 4193 4366
f 4366 4193 4195
f 4366 4195 4367
f 4367 4195 4177
f 4198 4376 4199
f 4199 4376 4377
f 4378 4199 4377
f 4200 4199 4378
f 4200 4379 4201
f 4378 4379 4200
f 4179 4201 4369
f 4369 4201 4379
f 4371 4202 4182
f 4380 4202 4371
f 4203 4372 4183
f 4372 4203 4204
f 4372 4204 4373
f 4373 4204 4205
f 4373 4205 4374
f 4374 4205 4206
f 4374 4206 4375
f 4375 4206 4185
f 4208 4381 4207
f 4207 4381 4382
f 4383 4207 4382
f 4209 4207 4383
f 4198 4209 4376
f 4209 4384 4376
f 4209 4383 4384
f 4376 4384 4377
f 4380 4385 4202
f 4202 4385 4210
f 4211 4210 4385
f 4211 4385 4386
f 4388 4387 4214
f 4388 4214 4213
f 4208 4214 4381
f 4214 4389 4381
f 4214 4387 4389
f 4381 4389 4382
f 4386 4215 4211
f 4390 4215 4386
f 4392 4391 4216
f 4392 4216 4217
f 4216 4393 4218
f 4391 4393 4216
f 4218 4394 4219
f 4393 4394 4218
f 4219 4395 4220
f 4394 4395 4219
f 4220 4396 4221
f 4395 4396 4220
f 4213 4221 4388
f 4388 4221 4396
f 4390 4397 4215
f 4215 4397 4222
f 4222 4398 4223
f 4397 4398 4222
f 4224 4223 4398
f 4224 4398 4399
f 4226 4400 4225
f 4401 4227 4225
f 4401 4225 4400
f 4227 4401 4402
f 4403 4227 4402
f 4228 4227 4403
f 4228 4404 4229
f 4403 4404 4228
f 4229 4405 4230
f 4404 4405 4229
f 4230 4406 4231
f 4405 4406 4230
f 4231 4407 4232
f 4406 4407 4231
f 4232 4408 4233
f 4407 4408 4232
f 4233 4409 4234
f 4408 4409 4233
f 4217 4234 4392
f 4392 4234 4409
f 4399 4410 4224
f 4224 4410 4235
f 4235 4411 4236
f 4410 4411 4235
f 4236 4412 4237
f 4411 4412 4236
f 4237 4413 4238
f 4412 4413 4237
f 4238 4414 4239
f 4413 4414 4238
f 4239 4415 4240
f 4414 4415 4239
f 4226 4240 4400
f 4240 4416 4400
f 4240 4415 4416
f 4400 4416 4401
f 4401 4416 4417
f 4401 4417 4402
f 4420 4419 4418
f 4422 4421 4418
f 4418 4421 4420
f 4424 4423 4422
f 4422 4423 4421
f 4426 4425 4424
f 4424 4425 4423
f 4428 4427 4426
f 4426 4427 4425
f 4428 4429 4427
f 4431 4430 4249
f 4249 4430 4248
f 4432 4249 4250
f 4432 4431 4249
f 4433 4250 4251
f 4433 4432 4250
f 4434 4251 4252
f 4434 4433 4251
f 4435 4252 4253
f 4435 4434 4252
f 4436 4253 4254
f 4436 4435 4253
f 4437 4254 4255
f 4437 4436 4254
f 4438 4255 4256
f 4438 4437 4255
f 4439 4256 4257
f 4439 4438 4256
f 4440 4257 4258
f 4440 4439 4257
f 4259 4418 4419
f 4440 4259 4419
f 4258 4259 4440
f 4418 4259 4260
f 4418 4260 4422
f 4422 4260 4261
f 4422 4261 4424
f 4424 4261 4262
f 4424 4262 4426
f 4426 4262 4263
f 4426 4263 4428
f 4441 4429 4428
f 4263 4441 4428
f 4264 4441 4263
f 4442 4264 4265
f 4442 4441 4264
f 4265 4267 4442
f 4442 4267 4443
f 4445 4444 4269
f 4269 4444 4268
f 4446 4269 4270
f 4446 4445 4269
f 4447 4270 4271
f 4447 4446 4270
f 4448 4271 4272
f 4448 4447 4271
f 4449 4272 4273
f 4449 4448 4272
f 4450 4273 4274
f 4450 4449 4273
f 4451 4274 4275
f 4451 4450 4274
f 4452 4275 4276
f 4452 4451 4275
f 4453 4276 4277
f 4453 4452 4276
f 4454 4277 4278
f 4454 4453 4277
f 4278 4248 4430
f 4278 4430 4454
f 4455 4443 4267
f 4455 4267 4279
f 4457 4456 4280
f 4456 4279 4280
f 4456 4455 4279
f 4457 4458 4456
f 4444 4282 4268
f 4459 4282 4444
f 4283 4457 4280
f 4461 4460 4284
f 4284 4460 4283
f 4460 4458 4283
f 4458 4457 4283
f 4461 4462 4460
f 4464 4463 4287
f 4287 4463 4286
f 4287 4282 4459
f 4287 4459 4464
f 4288 4461 4284
f 4288 4289 4461
f 4289 4462 4461
f 4289 4465 4462
f 4467 4466 4291
f 4291 4466 4290
f 4291 4286 4463
f 4291 4463 4467
f 4292 4469 4468
f 4465 4292 4468
f 4289 4292 4465
f 4469 4470 4468
f 4466 4293 4290
f 4471 4293 4466
f 4294 4469 4292
f 4294 4295 4469
f 4295 4470 4469
f 4295 4472 4470
f 4471 4296 4293
f 4473 4296 4471
f 4297 4472 4295
f 4297 4474 4472
f 4473 4298 4296
f 4475 4298 4473
f 4299 4474 4297
f 4299 4476 4474
f 4475 4300 4298
f 4477 4300 4475
f 4304 4476 4299
f 4304 4478 4476
f 4477 4305 4300
f 4479 4305 4477
f 4309 4478 4304
f 4309 4480 4478
f 4479 4310 4305
f 4481 4310 4479
f 4315 4480 4309
f 4315 4482 4480
f 4481 4316 4310
f 4483 4316 4481
f 4321 4482 4315
f 4321 4484 4482
f 4483 4322 4316
f 4485 4322 4483
f 4324 4486 4325
f 4487 4326 4325
f 4487 4325 4486
f 4488 4327 4326
f 4488 4326 4487
f 4489 4328 4327
f 4489 4327 4488
f 4490 4329 4328
f 4490 4328 4489
f 4491 4330 4329
f 4491 4329 4490
f 4491 4331 4330
f 4333 4492 4334
f 4492 4493 4334
f 4493 4321 4334
f 4493 4484 4321
f 4485 4335 4322
f 4494 4335 4485
f 4337 4495 4486
f 4337 4486 4324
f 4486 4496 4487
f 4486 4495 4496
f 4487 4497 4488
f 4487 4496 4497
f 4488 4498 4489
f 4488 4497 4498
f 4489 4499 4490
f 4489 4498 4499
f 4490 4500 4491
f 4490 4499 4500
f 4500 4339 4331
f 4500 4331 4491
f 4502 4501 4492
f 4333 4502 4492
f 4341 4502 4333
f 4492 4501 4493
f 4494 4342 4335
f 4503 4342 4494
f 4346 4504 4495
f 4346 4495 4337
f 4495 4505 4496
f 4495 4504 4505
f 4496 4506 4497
f 4496 4505 4506
f 4497 4507 4498
f 4497 4506 4507
f 4498 4508 4499
f 4498 4507 4508
f 4499 4509 4500
f 4499 4508 4509
f 4509 4348 4339
f 4509 4339 4500
f 4511 4510 4349
f 4511 4349 4350
f 4341 4349 4502
f 4502 4349 4510
f 4503 4351 4342
f 4512 4351 4503
f 4355 4504 4346
f 4504 4355 4357
f 4504 4357 4505
f 4505 4357 4359
f 4505 4359 4506
f 4506 4359 4361
f 4506 4361 4507
f 4507 4361 4363
f 4507 4363 4508
f 4508 4363 4365
f 4508 4365 4509
f 4509 4365 4348
f 4514 4513 4368
f 4514 4368 4369
f 4368 4515 4370
f 4513 4515 4368
f 4350 4370 4511
f 4511 4370 4515
f 4512 4371 4351
f 4516 4371 4512
f 4377 4517 4378
f 4378 4517 4518
f 4519 4378 4518
f 4379 4378 4519
f 4369 4379 4514
f 4514 4379 4519
f 4521 4380 4520
f 4380 4516 4520
f 4380 4371 4516
f 4522 4521 4520
f 4382 4523 4383
f 4383 4523 4524
f 4525 4383 4524
f 4384 4383 4525
f 4377 4384 4517
f 4384 4526 4517
f 4384 4525 4526
f 4517 4526 4518
f 4521 4385 4380
f 4386 4385 4521
f 4522 4386 4521
f 4527 4386 4522
f 4388 4528 4387
f 4387 4528 4529
f 4530 4387 4529
f 4389 4387 4530
f 4382 4389 4523
f 4389 4531 4523
f 4389 4530 4531
f 4523 4531 4524
f 4527 4390 4386
f 4532 4390 4527
f 4534 4533 4391
f 4534 4391 4392
f 4391 4535 4393
f 4533 4535 4391
f 4393 4536 4394
f 4535 4536 4393
f 4394 4537 4395
f 4536 4537 4394
f 4395 4538 4396
f 4537 4538 4395
f 4388 4396 4528
f 4396 4539 4528
f 4396 4538 4539
f 4528 4539 4529
f 4532 4540 4390
f 4390 4540 4397
f 4540 4542 4541
f 4398 4540 4541
f 4397 4540 4398
f 4541 4399 4398
f 4402 4543 4403
f 4403 4543 4544
f 4545 4403 4544
f 4404 4403 4545
f 4404 4546 4405
f 4545 4546 4404
f 4405 4547 4406
f 4546 4547 4405
f 4406 4548 4407
f 4547 4548 4406
f 4407 4549 4408
f 4548 4549 4407
f 4408 4550 4409
f 4549 4550 4408
f 4392 4409 4534
f 4534 4409 4550
f 4542 4551 4541
f 4541 4551 4399
f 4551 4410 4399
f 4551 4552 4410
f 4552 4554 4553
f 4411 4552 4553
f 4410 4552 4411
f 4555 4412 4411
f 4555 4411 4553
f 4556 4413 4412
f 4556 4412 4555
f 4557 4414 4413
f 4557 4413 4556
f 4558 4415 4414
f 4558 4414 4557
f 4415 4558 4559
f 4560 4415 4559
f 4416 4415 4560
f 4416 4561 4417
f 4560 4561 4416
f 4402 4417 4543
f 4417 4562 4543
f 4417 4561 4562
f 4543 4562 4544
f 4554 4563 4553
f 4553 4563 4555
f 4555 4563 4564
f 4555 4564 4556
f 4556 4564 4565
f 4556 4565 4557
f 4557 4565 4566
f 4557 4566 4558
f 4558 4566 4567
f 4558 4567 4559
f 4570 4569 4568
f 4572 4571 4568
f 4568 4571 4570
f 4574 4573 4572
f 4572 4573 4571
f 4419 4420 4574
f 4420 4573 4574
f 4420 4575 4573
f 4576 4420 4421
f 4576 4575 4420
f 4577 4421 4423
f 4577 4576 4421
f 4578 4423 4425
f 4578 4577 4423
f 4579 4425 4427
f 4579 4578 4425
f 4581 4580 4429
f 4580 4427 4429
f 4580 4579 4427
f 4583 4582 4581
f 4581 4582 4580
f 4583 4584 4582
f 4586 4585 4431
f 4431 4585 4430
f 4587 4431 4432
f 4587 4586 4431
f 4588 4432 4433
f 4588 4587 4432
f 4589 4433 4434
f 4589 4588 4433
f 4590 4434 4435
f 4590 4589 4434
f 4591 4435 4436
f 4591 4590 4435
f 4592 4436 4437
f 4592 4591 4436
f 4438 4568 4569
f 4592 4438 4569
f 4437 4438 4592
f 4568 4438 4439
f 4568 4439 4572
f 4572 4439 4440
f 4572 4440 4574
f 4574 4440 4419
f 4441 4581 4429
f 4581 4441 4442
f 4581 4442 4583
f 4594 4593 4443
f 4443 4593 4442
f 4593 4584 4442
f 4584 4583 4442
f 4594 4595 4593
f 4596 4444 4445
f 4596 4445 4597
f 4445 4598 4597
f 4445 4446 4598
f 4599 4446 4447
f 4599 4598 4446
f 4600 4447 4448
f 4600 4599 4447
f 4601 4448 4449
f 4601 4600 4448
f 4602 4449 4450
f 4602 4601 4449
f 4603 4450 4451
f 4603 4602 4450
f 4604 4451 4452
f 4604 4603 4451
f 4605 4452 4453
f 4605 4604 4452
f 4606 4453 4454
f 4606 4605 4453
f 4454 4430 4585
f 4454 4585 4606
f 4455 4594 4443
f 4607 4595 4594
f 4455 4607 4594
f 4456 4607 4455
f 4456 4458 4607
f 4607 4458 4608
f 4610 4609 4596
f 4609 4444 4596
f 4609 4459 4444
f 4610 4596 4597
f 4611 4608 4458
f 4611 4458 4460
f 4460 4462 4611
f 4611 4462 4612
f 4614 4613 4464
f 4464 4613 4463
f 4464 4459 4609
f 4464 4609 4614
f 4465 4612 4462
f 4465 4615 4612
f 4617 4616 4467
f 4467 4616 4466
f 4467 4463 4613
f 4467 4613 4617
f 4618 4615 4465
f 4618 4465 4468
f 4468 4470 4618
f 4618 4470 4619
f 4616 4471 4466
f 4620 4471 4616
f 4472 4619 4470
f 4472 4621 4619
f 4620 4473 4471
f 4622 4473 4620
f 4474 4621 4472
f 4474 4623 4621
f 4622 4475 4473
f 4624 4475 4622
f 4476 4623 4474
f 4476 4625 4623
f 4624 4477 4475
f 4626 4477 4624
f 4478 4625 4476
f 4478 4627 4625
f 4626 4479 4477
f 4628 4479 4626
f 4480 4627 4478
f 4480 4629 4627
f 4628 4481 4479
f 4630 4481 4628
f 4482 4629 4480
f 4482 4631 4629
f 4630 4483 4481
f 4632 4483 4630
f 4484 4631 4482
f 4484 4633 4631
f 4632 4485 4483
f 4634 4485 4632
f 4493 4633 4484
f 4493 4635 4633
f 4634 4494 4485
f 4636 4494 4634
f 4502 4637 4501
f 4637 4638 4501
f 4638 4493 4501
f 4638 4635 4493
f 4636 4503 4494
f 4639 4503 4636
f 4511 4640 4510
f 4640 4641 4510
f 4510 4641 4502
f 4641 4642 4502
f 4642 4637 4502
f 4637 4642 4638
f 4639 4512 4503
f 4643 4512 4639
f 4514 4644 4513
f 4513 4644 4645
f 4646 4513 4645
f 4515 4513 4646
f 4511 4515 4640
f 4515 4647 4640
f 4515 4646 4647
f 4640 4647 4641
f 4643 4516 4512
f 4648 4516 4643
f 4650 4649 4519
f 4650 4519 4518
f 4514 4519 4644
f 4519 4651 4644
f 4519 4649 4651
f 4644 4651 4645
f 4648 4652 4516
f 4516 4652 4520
f 4522 4520 4652
f 4522 4652 4653
f 4524 4654 4525
f 4525 4654 4655
f 4656 4525 4655
f 4526 4525 4656
f 4518 4526 4650
f 4650 4526 4656
f 4653 4527 4522
f 4657 4527 4653
f 4659 4658 4530
f 4659 4530 4529
f 4530 4660 4531
f 4658 4660 4530
f 4524 4531 4654
f 4531 4661 4654
f 4531 4660 4661
f 4654 4661 4655
f 4657 4532 4527
f 4662 4532 4657
f 4664 4663 4533
f 4664 4533 4534
f 4533 4665 4535
f 4663 4665 4533
f 4535 4666 4536
f 4665 4666 4535
f 4536 4667 4537
f 4666 4667 4536
f 4537 4668 4538
f 4667 4668 4537
f 4538 4669 4539
f 4668 4669 4538
f 4529 4539 4659
f 4659 4539 4669
f 4662 4670 4532
f 4532 4670 4540
f 4542 4540 4670
f 4542 4670 4671
f 4544 4672 4545
f 4673 4546 4545
f 4673 4545 4672
f 4546 4673 4674
f 4675 4546 4674
f 4547 4546 4675
f 4547 4676 4548
f 4675 4676 4547
f 4548 4677 4549
f 4676 4677 4548
f 4549 4678 4550
f 4677 4678 4549
f 4534 4550 4664
f 4664 4550 4678
f 4671 4679 4542
f 4542 4679 4551
f 4679 4681 4680
f 4552 4679 4680
f 4551 4679 4552
f 4680 4554 4552
f 4559 4682 4560
f 4560 4682 4683
f 4684 4560 4683
f 4561 4560 4684
f 4561 4685 4562
f 4684 4685 4561
f 4544 4562 4672
f 4562 4686 4672
f 4562 4685 4686
f 4672 4686 4673
f 4673 4686 4687
f 4673 4687 4674
f 4681 4688 4680
f 4680 4688 4554
f 4688 4563 4554
f 4688 4689 4563
f 4563 4690 4564
f 4689 4690 4563
f 4564 4691 4565
f 4690 4691 4564
f 4565 4692 4566
f 4691 4692 4565
f 4566 4693 4567
f 4692 4693 4566
f 4559 4567 4682
f 4567 4694 4682
f 4567 4693 4694
f 4682 4694 4683
f 4697 4696 4695
f 4699 4698 4695
f 4695 4698 4697
f 4701 4700 4699
f 4699 4700 4698
f 4701 4702 4700
f 4705 4704 4703
f 4569 4570 4703
f 4570 4705 4703
f 4570 4706 4705
f 4707 4570 4571
f 4707 4706 4570
f 4708 4571 4573
f 4708 4707 4571
f 4709 4573 4575
f 4709 4708 4573
f 4710 4575 4576
f 4710 4709 4575
f 4711 4576 4577
f 4711 4710 4576
f 4578 4695 4696
f 4711 4578 4696
f 4577 4578 4711
f 4695 4578 4579
f 4695 4579 4699
f 4699 4579 4580
f 4699 4580 4701
f 4712 4702 4701
f 4580 4712 4701
f 4582 4712 4580
f 4582 4584 4712
f 4712 4584 4713
f 4716 4715 4714
f 4585 4586 4714
f 4586 4716 4714
f 4586 4717 4716
f 4718 4586 4587
f 4718 4717 4586
f 4719 4587 4588
f 4719 4718 4587
f 4720 4588 4589
f 4720 4719 4588
f 4721 4589 4590
f 4721 4720 4589
f 4722 4590 4591
f 4722 4721 4590
f 4592 4703 4704
f 4722 4592 4704
f 4591 4592 4722
f 4703 4592 4569
f 4723 4713 4584
f 4723 4584 4593
f 4593 4595 4723
f 4723 4595 4724
f 4726 4725 4598
f 4598 4725 4597
f 4727 4598 4599
f 4727 4726 4598
f 4728 4599 4600
f 4728 4727 4599
f 4729 4600 4601
f 4729 4728 4600
f 4730 4601 4602
f 4730 4729 4601
f 4731 4602 4603
f 4731 4730 4602
f 4732 4603 4604
f 4732 4731 4603
f 4733 4604 4605
f 4733 4732 4604
f 4606 4714 4715
f 4733 4606 4715
f 4605 4606 4733
f 4714 4606 4585
f 4734 4724 4595
f 4734 4595 4607
f 4607 4608 4734
f 4734 4608 4735
f 4737 4736 4610
f 4610 4736 4609
f 4610 4597 4725
f 4610 4725 4737
f 4738 4735 4608
f 4738 4608 4611
f 4611 4612 4738
f 4738 4612 4739
f 4741 4740 4614
f 4614 4740 4613
f 4614 4609 4736
f 4614 4736 4741
f 4615 4739 4612
f 4615 4742 4739
f 4743 4616 4617
f 4744 4743 4617
f 4613 4744 4617
f 4740 4744 4613
f 4745 4742 4615
f 4745 4615 4618
f 4618 4619 4745
f 4745 4619 4746
f 4748 4747 4743
f 4747 4616 4743
f 4747 4620 4616
f 4748 4743 4744
f 4621 4746 4619
f 4621 4749 4746
f 4747 4622 4620
f 4750 4622 4747
f 4623 4752 4751
f 4749 4623 4751
f 4621 4623 4749
f 4752 4753 4751
f 4750 4624 4622
f 4754 4624 4750
f 4625 4755 4752
f 4625 4752 4623
f 4753 4752 4756
f 4756 4752 4755
f 4754 4626 4624
f 4757 4626 4754
f 4627 4758 4755
f 4627 4755 4625
f 4756 4755 4759
f 4759 4755 4758
f 4757 4628 4626
f 4760 4628 4757
f 4629 4761 4758
f 4629 4758 4627
f 4759 4758 4762
f 4762 4758 4761
f 4760 4630 4628
f 4763 4630 4760
f 4765 4764 4761
f 4629 4765 4761
f 4631 4765 4629
f 4761 4764 4762
f 4763 4632 4630
f 4766 4632 4763
f 4633 4765 4631
f 4633 4767 4765
f 4766 4634 4632
f 4768 4634 4766
f 4635 4767 4633
f 4635 4769 4767
f 4768 4636 4634
f 4770 4636 4768
f 4638 4769 4635
f 4638 4771 4769
f 4770 4639 4636
f 4772 4639 4770
f 4774 4773 4642
f 4774 4642 4641
f 4638 4642 4771
f 4771 4642 4773
f 4772 4643 4639
f 4775 4643 4772
f 4778 4777 4776
f 4780 4779 4776
f 4780 4776 4777
f 4782 4781 4779
f 4782 4779 4780
f 4783 4781 4782
f 4785 4784 4646
f 4785 4646 4645
f 4646 4786 4647
f 4784 4786 4646
f 4641 4647 4774
f 4774 4647 4786
f 4775 4648 4643
f 4787 4648 4775
f 4778 4776 4788
f 4778 4788 4789
f 4790 4776 4779
f 4788 4776 4790
f 4791 4779 4781
f 4790 4779 4791
f 4781 4783 4792
f 4781 4792 4791
f 4794 4793 4649
f 4794 4649 4650
f 4649 4795 4651
f 4793 4795 4649
f 4645 4651 4785
f 4785 4651 4795
f 4787 4796 4648
f 4648 4796 4652
f 4653 4652 4796
f 4653 4796 4797
f 4789 4788 4798
f 4789 4798 4799
f 4800 4788 4790
f 4798 4788 4800
f 4801 4790 4791
f 4800 4790 4801
f 4791 4792 4802
f 4791 4802 4801
f 4804 4803 4656
f 4804 4656 4655
f 4650 4656 4794
f 4794 4656 4803
f 4797 4657 4653
f 4805 4657 4797
f 4806 4799 4798
f 4806 4798 4800
f 4806 4800 4807
f 4807 4800 4801
f 4807 4801 4808
f 4808 4801 4802
f 4659 4809 4658
f 4658 4809 4810
f 4811 4658 4810
f 4660 4658 4811
f 4660 4812 4661
f 4811 4812 4660
f 4655 4661 4804
f 4804 4661 4812
f 4805 4662 4657
f 4813 4662 4805
f 4664 4814 4663
f 4815 4665 4663
f 4815 4663 4814
f 4665 4815 4816
f 4817 4665 4816
f 4666 4665 4817
f 4666 4818 4667
f 4817 4818 4666
f 4667 4819 4668
f 4818 4819 4667
f 4668 4820 4669
f 4819 4820 4668
f 4659 4669 4809
f 4669 4821 4809
f 4669 4820 4821
f 4809 4821 4810
f 4813 4822 4662
f 4662 4822 4670
f 4671 4670 4822
f 4671 4822 4823
f 4825 4824 4675
f 4825 4675 4674
f 4675 4826 4676
f 4824 4826 4675
f 4676 4827 4677
f 4826 4827 4676
f 4677 4828 4678
f 4827 4828 4677
f 4664 4678 4814
f 4678 4829 4814
f 4678 4828 4829
f 4814 4829 4815
f 4815 4829 4830
f 4815 4830 4816
f 4823 4831 4671
f 4671 4831 4679
f 4681 4679 4831
f 4681 4831 4832
f 4683 4833 4684
f 4684 4833 4834
f 4835 4684 4834
f 4685 4684 4835
f 4685 4836 4686
f 4835 4836 4685
f 4686 4837 4687
f 4836 4837 4686
f 4674 4687 4825
f 4825 4687 4837
f 4832 4838 4681
f 4681 4838 4688
f 4688 4839 4689
f 4838 4839 4688
f 4689 4840 4690
f 4839 4840 4689
f 4690 4841 4691
f 4840 4841 4690
f 4691 4842 4692
f 4841 4842 4691
f 4692 4843 4693
f 4842 4843 4692
f 4693 4844 4694
f 4843 4844 4693
f 4683 4694 4833
f 4694 4845 4833
f 4694 4844 4845
f 4833 4845 4834
f 4848 4847 4846
f 4850 4849 4846
f 4846 4849 4848
f 4696 4697 4850
f 4697 4849 4850
f 4697 4851 4849
f 4852 4697 4698
f 4852 4851 4697
f 4853 4698 4700
f 4853 4852 4698
f 4700 4702 4853
f 4853 4702 4854
f 4856 4855 4705
f 4705 4855 4704
f 4857 4705 4706
f 4857 4856 4705
f 4858 4706 4707
f 4858 4857 4706
f 4859 4707 4708
f 4859 4858 4707
f 4860 4708 4709
f 4860 4859 4708
f 4710 4846 4847
f 4860 4710 4847
f 4709 4710 4860
f 4846 4710 4711
f 4846 4711 4850
f 4850 4711 4696
f 4861 4854 4702
f 4861 4702 4712
f 4712 4713 4861
f 4861 4713 4862
f 4865 4864 4863
f 4867 4866 4863
f 4863 4866 4865
f 4869 4868 4867
f 4867 4868 4866
f 4715 4716 4869
f 4716 4868 4869
f 4716 4870 4868
f 4871 4716 4717
f 4871 4870 4716
f 4872 4717 4718
f 4872 4871 4717
f 4873 4718 4719
f 4873 4872 4718
f 4874 4719 4720
f 4874 4873 4719
f 4875 4720 4721
f 4875 4874 4720
f 4876 4721 4722
f 4876 4875 4721
f 4722 4704 4855
f 4722 4855 4876
f 4877 4862 4713
f 4877 4713 4723
f 4723 4724 4877
f 4877 4724 4878
f 4880 4879 4726
f 4726 4879 4725
f 4881 4726 4727
f 4881 4880 4726
f 4882 4727 4728
f 4882 4881 4727
f 4883 4728 4729
f 4883 4882 4728
f 4884 4729 4730
f 4884 4883 4729
f 4731 4863 4864
f 4884 4731 4864
f 4730 4731 4884
f 4863 4731 4732
f 4863 4732 4867
f 4867 4732 4733
f 4867 4733 4869
f 4869 4733 4715
f 4885 4878 4724
f 4885 4724 4734
f 4734 4735 4885
f 4885 4735 4886
f 4888 4887 4737
f 4737 4887 4736
f 4737 4725 4879
f 4737 4879 4888
f 4889 4886 4735
f 4889 4735 4738
f 4738 4739 4889
f 4889 4739 4890
f 4892 4891 4741
f 4741 4891 4740
f 4741 4736 4887
f 4741 4887 4892
f 4742 4890 4739
f 4742 4893 4890
f 4891 4744 4740
f 4894 4744 4891
f 4895 4893 4742
f 4895 4742 4745
f 4745 4746 4895
f 4895 4746 4896
f 4898 4897 4748
f 4748 4897 4747
f 4748 4744 4894
f 4748 4894 4898
f 4749 4896 4746
f 4749 4899 4896
f 4897 4750 4747
f 4900 4750 4897
f 4901 4899 4749
f 4901 4749 4751
f 4751 4753 4901
f 4901 4753 4902
f 4900 4754 4750
f 4903 4754 4900
f 4756 4902 4753
f 4756 4904 4902
f 4903 4757 4754
f 4905 4757 4903
f 4759 4904 4756
f 4759 4906 4904
f 4905 4760 4757
f 4907 4760 4905
f 4762 4906 4759
f 4762 4908 4906
f 4907 4763 4760
f 4909 4763 4907
f 4765 4910 4764
f 4910 4911 4764
f 4911 4762 4764
f 4911 4908 4762
f 4909 4766 4763
f 4912 4766 4909
f 4767 4913 4910
f 4767 4910 4765
f 4911 4910 4914
f 4914 4910 4913
f 4912 4768 4766
f 4915 4768 4912
f 4917 4916 4913
f 4767 4917 4913
f 4769 4917 4767
f 4913 4916 4914
f 4915 4770 4768
f 4918 4770 4915
f 4771 4917 4769
f 4771 4919 4917
f 4918 4772 4770
f 4920 4772 4918
f 4922 4921 4773
f 4922 4773 4774
f 4771 4773 4919
f 4919 4773 4921
f 4920 4775 4772
f 4923 4775 4920
f 4925 4924 4777
f 4925 4777 4778
f 4777 4926 4780
f 4924 4926 4777
f 4780 4927 4782
f 4926 4927 4780
f 4783 4782 4927
f 4783 4927 4928
f 4930 4929 4784
f 4930 4784 4785
f 4784 4931 4786
f 4929 4931 4784
f 4774 4786 4922
f 4922 4786 4931
f 4923 4787 4775
f 4932 4787 4923
f 4789 4925 4778
f 4789 4933 4925
f 4928 4792 4783
f 4934 4792 4928
f 4794 4935 4793
f 4793 4935 4936
f 4937 4793 4936
f 4795 4793 4937
f 4785 4795 4930
f 4930 4795 4937
f 4932 4938 4787
f 4787 4938 4796
f 4797 4796 4938
f 4797 4938 4939
f 4799 4933 4789
f 4799 4940 4933
f 4934 4802 4792
f 4941 4802 4934
f 4943 4942 4803
f 4943 4803 4804
f 4794 4803 4935
f 4803 4944 4935
f 4803 4942 4944
f 4935 4944 4936
f 4939 4805 4797
f 4945 4805 4939
f 4946 4940 4799
f 4946 4799 4806
f 4947 4806 4807
f 4947 4946 4806
f 4948 4807 4808
f 4948 4947 4807
f 4808 4802 4941
f 4808 4941 4948
f 4950 4949 4811
f 4950 4811 4810
f 4811 4951 4812
f 4949 4951 4811
f 4804 4812 4943
f 4943 4812 4951
f 4945 4813 4805
f 4952 4813 4945
f 4954 4953 4817
f 4954 4817 4816
f 4817 4955 4818
f 4953 4955 4817
f 4818 4956 4819
f 4955 4956 4818
f 4819 4957 4820
f 4956 4957 4819
f 4820 4958 4821
f 4957 4958 4820
f 4810 4821 4950
f 4950 4821 4958
f 4952 4959 4813
f 4813 4959 4822
f 4823 4822 4959
f 4823 4959 4960
f 4825 4961 4824
f 4962 4826 4824
f 4962 4824 4961
f 4963 4827 4826
f 4963 4826 4962
f 4827 4963 4964
f 4965 4827 4964
f 4828 4827 4965
f 4828 4966 4829
f 4965 4966 4828
f 4829 4967 4830
f 4966 4967 4829
f 4816 4830 4954
f 4954 4830 4967
f 4960 4968 4823
f 4823 4968 4831
f 4832 4831 4968
f 4832 4968 4969
f 4834 4970 4835
f 4835 4970 4971
f 4972 4835 4971
f 4836 4835 4972
f 4836 4973 4837
f 4972 4973 4836
f 4825 4837 4961
f 4837 4974 4961
f 4837 4973 4974
f 4961 4974 4962
f 4962 4974 4975
f 4962 4975 4963
f 4963 4975 4976
f 4963 4976 4964
f 4969 4977 4832
f 4832 4977 4838
f 4838 4978 4839
f 4977 4978 4838
f 4839 4979 4840
f 4978 4979 4839
f 4840 4980 4841
f 4979 4980 4840
f 4841 4981 4842
f 4980 4981 4841
f 4842 4982 4843
f 4981 4982 4842
f 4843 4983 4844
f 4982 4983 4843
f 4844 4984 4845
f 4983 4984 4844
f 4834 4845 4970
f 4845 4985 4970
f 4845 4984 4985
f 4970 4985 4971
f 4988 4987 4986
f 4990 4989 4986
f 4986 4989 4988
f 4847 4848 4990
f 4848 4989 4990
f 4848 4991 4989
f 4992 4848 4849
f 4992 4991 4848
f 4993 4849 4851
f 4993 4992 4849
f 4994 4851 4852
f 4994 4993 4851
f 4995 4852 4853
f 4995 4994 4852
f 4853 4854 4995
f 4995 4854 4996
f 4999 4998 4997
f 5001 5000 4997
f 4997 5000 4999
f 4855 4856 5001
f 4856 5000 5001
f 4856 5002 5000
f 5003 4856 4857
f 5003 5002 4856
f 5004 4857 4858
f 5004 5003 4857
f 4859 4986 4987
f 5004 4859 4987
f 4858 4859 5004
f 4986 4859 4860
f 4986 4860 4990
f 4990 4860 4847
f 5005 4996 4854
f 5005 4854 4861
f 4861 4862 5005
f 5005 4862 5006
f 5009 5008 5007
f 4864 4865 5007
f 4865 5009 5007
f 4865 5010 5009
f 5011 4865 4866
f 5011 5010 4865
f 5012 4866 4868
f 5012 5011 4866
f 5013 4868 4870
f 5013 5012 4868
f 5014 4870 4871
f 5014 5013 4870
f 5015 4871 4872
f 5015 5014 4871
f 5016 4872 4873
f 5016 5015 4872
f 5017 4873 4874
f 5017 5016 4873
f 4875 4997 4998
f 5017 4875 4998
f 4874 4875 5017
f 4997 4875 4876
f 4997 4876 5001
f 5001 4876 4855
f 5018 5006 4862
f 5018 4862 4877
f 4877 4878 5018
f 5018 4878 5019
f 5021 5020 4880
f 4880 5020 4879
f 5022 4880 4881
f 5022 5021 4880
f 5023 4881 4882
f 5023 5022 4881
f 5024 4882 4883
f 5024 5023 4882
f 4884 5007 5008
f 5024 4884 5008
f 4883 4884 5024
f 5007 4884 4864
f 5025 5019 4878
f 5025 4878 4885
f 4885 4886 5025
f 5025 4886 5026
f 5028 5027 4888
f 4888 5027 4887
f 4888 4879 5020
f 4888 5020 5028
f 5029 5026 4886
f 5029 4886 4889
f 4889 4890 5029
f 5029 4890 5030
f 5032 5031 4892
f 4892 5031 4891
f 4892 4887 5027
f 4892 5027 5032
f 4893 5034 5033
f 5030 4893 5033
f 4890 4893 5030
f 5034 5035 5033
f 5031 4894 4891
f 5036 4894 5031
f 4895 5034 4893
f 4895 4896 5034
f 4896 5035 5034
f 4896 5037 5035
f 5039 5038 4898
f 4898 5038 4897
f 4898 4894 5036
f 4898 5036 5039
f 4899 5037 4896
f 4899 5040 5037
f 5038 4900 4897
f 5041 4900 5038
f 5042 5040 4899
f 5042 4899 4901
f 4901 4902 5042
f 5042 4902 5043
f 5041 4903 4900
f 5044 4903 5041
f 4904 5043 4902
f 4904 5045 5043
f 5044 4905 4903
f 5046 4905 5044
f 4906 5045 4904
f 4906 5047 5045
f 5046 4907 4905
f 5048 4907 5046
f 4908 5047 4906
f 4908 5049 5047
f 5048 4909 4907
f 5050 4909 5048
f 4911 5049 4908
f 4911 5051 5049
f 5050 4912 4909
f 5052 4912 5050
f 4914 5051 4911
f 4914 5053 5051
f 5052 4915 4912
f 5054 4915 5052
f 5056 5055 4916
f 5056 4916 4917
f 4914 4916 5053
f 5053 4916 5055
f 5054 4918 4915
f 5057 4918 5054
f 4919 5056 4917
f 4919 5058 5056
f 5057 4920 4918
f 5059 4920 5057
f 5061 5060 4921
f 5061 4921 4922
f 4919 4921 5058
f 5058 4921 5060
f 5059 4923 4920
f 5062 4923 5059
f 5064 5063 4924
f 5064 4924 4925
f 4924 5065 4926
f 5063 5065 4924
f 4926 5066 4927
f 5065 5066 4926
f 4928 4927 5066
f 4928 5066 5067
f 5069 5068 4929
f 5069 4929 4930
f 4929 5070 4931
f 5068 5070 4929
f 4922 4931 5061
f 5061 4931 5070
f 5062 4932 4923
f 5071 4932 5062
f 4933 5064 4925
f 4933 5072 5064
f 5067 4934 4928
f 5073 4934 5067
f 5075 5074 4937
f 5075 4937 4936
f 4930 4937 5069
f 5069 4937 5074
f 5071 5076 4932
f 4932 5076 4938
f 4939 4938 5076
f 4939 5076 5077
f 4940 5072 4933
f 4940 5078 5072
f 5073 4941 4934
f 5079 4941 5073
f 4943 5080 4942
f 4942 5080 5081
f 5082 4942 5081
f 4944 4942 5082
f 4936 4944 5075
f 5075 4944 5082
f 5077 4945 4939
f 5083 4945 5077
f 5084 5078 4940
f 5084 4940 4946
f 5085 4946 4947
f 5085 5084 4946
f 5086 4947 4948
f 5086 5085 4947
f 4948 4941 5079
f 4948 5079 5086
f 4950 5087 4949
f 4949 5087 5088
f 5089 4949 5088
f 4951 4949 5089
f 4943 4951 5080
f 4951 5090 5080
f 4951 5089 5090
f 5080 5090 5081
f 5083 4952 4945
f 5091 4952 5083
f 4954 5092 4953
f 5093 4955 4953
f 5093 4953 5092
f 4955 5093 5094
f 5095 4955 5094
f 4956 4955 5095
f 4956 5096 4957
f 5095 5096 4956
f 4957 5097 4958
f 5096 5097 4957
f 4950 4958 5087
f 4958 5098 5087
f 4958 5097 5098
f 5087 5098 5088
f 5091 5099 4952
f 4952 5099 4959
f 4960 4959 5099
f 4960 5099 5100
f 4964 5101 4965
f 4965 5101 5102
f 5103 4965 5102
f 4966 4965 5103
f 4966 5104 4967
f 5103 5104 4966
f 4954 4967 5092
f 4967 5105 5092
f 4967 5104 5105
f 5092 5105 5093
f 5093 5105 5106
f 5093 5106 5094
f 5100 5107 4960
f 4960 5107 4968
f 5109 5108 4969
f 4968 5109 4969
f 5107 5109 4968
f 5110 5108 5109
f 5112 5111 4972
f 5112 4972 4971
f 4972 5113 4973
f 5111 5113 4972
f 4973 5114 4974
f 5113 5114 4973
f 4974 5115 4975
f 5114 5115 4974
f 4975 5116 4976
f 5115 5116 4975
f 4964 4976 5101
f 4976 5117 5101
f 4976 5116 5117
f 5101 5117 5102
f 5108 4977 4969
f 5110 5118 5108
f 5118 4977 5108
f 5118 4978 4977
f 4978 5119 4979
f 5118 5119 4978
f 4979 5120 4980
f 5119 5120 4979
f 4980 5121 4981
f 5120 5121 4980
f 4981 5122 4982
f 5121 5122 4981
f 4982 5123 4983
f 5122 5123 4982
f 4983 5124 4984
f 5123 5124 4983
f 4984 5125 4985
f 5124 5125 4984
f 4971 4985 5112
f 5112 4985 5125
f 5128 5127 5126
f 4987 4988 5126
f 4988 5128 5126
f 4988 5129 5128
f 5130 4988 4989
f 5130 5129 4988
f 5131 4989 4991
f 5131 5130 4989
f 5132 4991 4992
f 5132 5131 4991
f 5133 4992 4993
f 5133 5132 4992
f 5134 4993 4994
f 5134 5133 4993
f 5135 4994 4995
f 5135 5134 4994
f 4995 4996 5135
f 5135 4996 5136
f 5139 5138 5137
f 5141 5140 5137
f 5137 5140 5139
f 4998 4999 5141
f 4999 5140 5141
f 4999 5142 5140
f 5143 4999 5000
f 5143 5142 4999
f 5144 5000 5002
f 5144 5143 5000
f 5145 5002 5003
f 5145 5144 5002
f 5004 5126 5127
f 5145 5004 5127
f 5003 5004 5145
f 5126 5004 4987
f 5146 5136 4996
f 5146 4996 5005
f 5005 5006 5146
f 5146 5006 5147
f 5150 5149 5148
f 5008 5009 5148
f 5009 5150 5148
f 5009 5151 5150
f 5152 5009 5010
f 5152 5151 5009
f 5153 5010 5011
f 5153 5152 5010
f 5154 5011 5012
f 5154 5153 5011
f 5155 5012 5013
f 5155 5154 5012
f 5156 5013 5014
f 5156 5155 5013
f 5157 5014 5015
f 5157 5156 5014
f 5016 5137 5138
f 5157 5016 5138
f 5015 5016 5157
f 5137 5016 5017
f 5137 5017 5141
f 5141 5017 4998
f 5158 5147 5006
f 5158 5006 5018
f 5018 5019 5158
f 5158 5019 5159
f 5160 5020 5021
f 5160 5021 5161
f 5021 5162 5161
f 5021 5022 5162
f 5163 5022 5023
f 5163 5162 5022
f 5024 5148 5149
f 5163 5024 5149
f 5023 5024 5163
f 5148 5024 5008
f 5164 5159 5019
f 5164 5019 5025
f 5025 5026 5164
f 5164 5026 5165
f 5167 5166 5028
f 5028 5166 5027
f 5028 5020 5160
f 5168 5028 5160
f 5167 5028 5168
f 5168 5160 5161
f 5169 5165 5026
f 5169 5026 5029
f 5029 5030 5169
f 5169 5030 5170
f 5172 5171 5032
f 5032 5171 5031
f 5032 5027 5166
f 5032 5166 5172
f 5173 5170 5030
f 5173 5030 5033
f 5033 5035 5173
f 5173 5035 5174
f 5171 5036 5031
f 5175 5036 5171
f 5037 5174 5035
f 5037 5176 5174
f 5178 5177 5039
f 5039 5177 5038
f 5039 5036 5175
f 5039 5175 5178
f 5040 5176 5037
f 5040 5179 5176
f 5177 5041 5038
f 5180 5041 5177
f 5181 5179 5040
f 5181 5040 5042
f 5042 5043 5181
f 5181 5043 5182
f 5180 5044 5041
f 5183 5044 5180
f 5045 5182 5043
f 5045 5184 5182
f 5183 5046 5044
f 5185 5046 5183
f 5047 5184 5045
f 5047 5186 5184
f 5185 5048 5046
f 5187 5048 5185
f 5049 5186 5047
f 5049 5188 5186
f 5187 5050 5048
f 5189 5050 5187
f 5051 5188 5049
f 5051 5190 5188
f 5189 5052 5050
f 5191 5052 5189
f 5053 5190 5051
f 5053 5192 5190
f 5191 5054 5052
f 5193 5054 5191
f 5195 5194 5055
f 5195 5055 5056
f 5053 5055 5192
f 5192 5055 5194
f 5193 5057 5054
f 5196 5057 5193
f 5058 5195 5056
f 5058 5197 5195
f 5196 5059 5057
f 5198 5059 5196
f 5200 5199 5060
f 5200 5060 5061
f 5058 5060 5197
f 5197 5060 5199
f 5198 5062 5059
f 5201 5062 5198
f 5203 5202 5063
f 5203 5063 5064
f 5063 5204 5065
f 5202 5204 5063
f 5065 5205 5066
f 5204 5205 5065
f 5067 5066 5205
f 5067 5205 5206
f 5208 5207 5068
f 5208 5068 5069
f 5068 5209 5070
f 5207 5209 5068
f 5061 5070 5200
f 5200 5070 5209
f 5201 5071 5062
f 5210 5071 5201
f 5072 5203 5064
f 5072 5211 5203
f 5206 5073 5067
f 5212 5073 5206
f 5214 5213 5074
f 5214 5074 5075
f 5069 5074 5208
f 5208 5074 5213
f 5210 5215 5071
f 5071 5215 5076
f 5077 5076 5215
f 5077 5215 5216
f 5078 5211 5072
f 5078 5217 5211
f 5212 5079 5073
f 5218 5079 5212
f 5220 5219 5082
f 5220 5082 5081
f 5075 5082 5214
f 5214 5082 5219
f 5216 5083 5077
f 5221 5083 5216
f 5222 5217 5078
f 5222 5078 5084
f 5223 5084 5085
f 5223 5222 5084
f 5224 5085 5086
f 5224 5223 5085
f 5086 5079 5218
f 5086 5218 5224
f 5226 5225 5089
f 5226 5089 5088
f 5089 5227 5090
f 5225 5227 5089
f 5081 5090 5220
f 5220 5090 5227
f 5221 5091 5083
f 5228 5091 5221
f 5230 5229 5095
f 5230 5095 5094
f 5095 5231 5096
f 5229 5231 5095
f 5096 5232 5097
f 5231 5232 5096
f 5097 5233 5098
f 5232 5233 5097
f 5088 5098 5226
f 5226 5098 5233
f 5228 5234 5091
f 5091 5234 5099
f 5100 5099 5234
f 5100 5234 5235
f 5102 5236 5103
f 5103 5236 5237
f 5238 5103 5237
f 5104 5103 5238
f 5104 5239 5105
f 5238 5239 5104
f 5105 5240 5106
f 5239 5240 5105
f 5094 5106 5230
f 5230 5106 5240
f 5235 5241 5100
f 5100 5241 5107
f 5107 5242 5109
f 5241 5242 5107
f 5110 5109 5242
f 5110 5242 5243
f 5112 5244 5111
f 5245 5113 5111
f 5245 5111 5244
f 5246 5114 5113
f 5246 5113 5245
f 5247 5115 5114
f 5247 5114 5246
f 5248 5116 5115
f 5248 5115 5247
f 5116 5248 5249
f 5250 5116 5249
f 5117 5116 5250
f 5102 5117 5236
f 5117 5251 5236
f 5117 5250 5251
f 5236 5251 5237
f 5243 5252 5110
f 5110 5252 5118
f 5118 5253 5119
f 5252 5253 5118
f 5253 5255 5254
f 5120 5253 5254
f 5119 5253 5120
f 5256 5121 5120
f 5256 5120 5254
f 5257 5122 5121
f 5257 5121 5256
f 5122 5257 5258
f 5259 5122 5258
f 5123 5122 5259
f 5123 5260 5124
f 5259 5260 5123
f 5124 5261 5125
f 5260 5261 5124
f 5112 5125 5244
f 5125 5262 5244
f 5125 5261 5262
f 5244 5262 5245
f 5245 5262 5263
f 5245 5263 5246
f 5246 5263 5264
f 5246 5264 5247
f 5247 5264 5265
f 5247 5265 5248
f 5248 5265 5266
f 5248 5266 5249
f 5255 5267 5254
f 5254 5267 5256
f 5256 5267 5268
f 5256 5268 5257
f 5257 5268 5269
f 5257 5269 5258
f 5272 5271 5270
f 5127 5128 5270
f 5128 5272 5270
f 5128 5273 5272
f 5274 5128 5129
f 5274 5273 5128
f 5275 5129 5130
f 5275 5274 5129
f 5276 5130 5131
f 5276 5275 5130
f 5277 5131 5132
f 5277 5276 5131
f 5278 5132 5133
f 5278 5277 5132
f 5279 5133 5134
f 5279 5278 5133
f 5280 5134 5135
f 5280 5279 5134
f 5135 5136 5280
f 5280 5136 5281
f 5284 5283 5282
f 5138 5139 5282
f 5139 5284 5282
f 5139 5285 5284
f 5286 5139 5140
f 5286 5285 5139
f 5287 5140 5142
f 5287 5286 5140
f 5288 5142 5143
f 5288 5287 5142
f 5289 5143 5144
f 5289 5288 5143
f 5145 5270 5271
f 5289 5145 5271
f 5144 5145 5289
f 5270 5145 5127
f 5290 5281 5136
f 5290 5136 5146
f 5146 5147 5290
f 5290 5147 5291
f 5293 5292 5150
f 5150 5292 5149
f 5294 5150 5151
f 5294 5293 5150
f 5295 5151 5152
f 5295 5294 5151
f 5296 5152 5153
f 5296 5295 5152
f 5297 5153 5154
f 5297 5296 5153
f 5298 5154 5155
f 5298 5297 5154
f 5299 5155 5156
f 5299 5298 5155
f 5157 5282 5283
f 5299 5157 5283
f 5156 5157 5299
f 5282 5157 5138
f 5300 5291 5147
f 5300 5147 5158
f 5158 5159 5300
f 5300 5159 5301
f 5303 5302 5162
f 5162 5302 5161
f 5304 5162 5163
f 5304 5303 5162
f 5163 5149 5292
f 5163 5292 5304
f 5305 5301 5159
f 5305 5159 5164
f 5164 5165 5305
f 5305 5165 5306
f 5308 5307 5167
f 5167 5307 5166
f 5309 5167 5168
f 5309 5308 5167
f 5168 5161 5302
f 5168 5302 5309
f 5310 5306 5165
f 5310 5165 5169
f 5169 5170 5310
f 5310 5170 5311
f 5313 5312 5172
f 5172 5312 5171
f 5172 5166 5307
f 5172 5307 5313
f 5314 5311 5170
f 5314 5170 5173
f 5173 5174 5314
f 5314 5174 5315
f 5312 5175 5171
f 5316 5175 5312
f 5176 5315 5174
f 5176 5317 5315
f 5318 5177 5178
f 5319 5318 5178
f 5175 5319 5178
f 5316 5319 5175
f 5179 5317 5176
f 5179 5320 5317
f 5321 5180 5318
f 5318 5180 5177
f 5318 5319 5322
f 5318 5322 5321
f 5323 5320 5179
f 5323 5179 5181
f 5181 5182 5323
f 5323 5182 5324
f 5325 5183 5321
f 5321 5183 5180
f 5321 5322 5326
f 5321 5326 5325
f 5184 5324 5182
f 5184 5327 5324
f 5329 5328 5325
f 5328 5183 5325
f 5328 5185 5183
f 5329 5325 5326
f 5186 5327 5184
f 5186 5330 5327
f 5328 5187 5185
f 5331 5187 5328
f 5188 5330 5186
f 5188 5332 5330
f 5331 5189 5187
f 5333 5189 5331
f 5190 5332 5188
f 5190 5334 5332
f 5333 5191 5189
f 5335 5191 5333
f 5192 5334 5190
f 5192 5336 5334
f 5335 5193 5191
f 5337 5193 5335
f 5339 5338 5194
f 5339 5194 5195
f 5192 5194 5336
f 5336 5194 5338
f 5337 5196 5193
f 5340 5196 5337
f 5197 5339 5195
f 5197 5341 5339
f 5340 5198 5196
f 5342 5198 5340
f 5344 5343 5199
f 5344 5199 5200
f 5197 5199 5341
f 5341 5199 5343
f 5342 5201 5198
f 5345 5201 5342
f 5203 5346 5202
f 5347 5204 5202
f 5347 5202 5346
f 5348 5205 5204
f 5348 5204 5347
f 5348 5206 5205
f 5350 5349 5207
f 5350 5207 5208
f 5207 5351 5209
f 5349 5351 5207
f 5200 5209 5344
f 5344 5209 5351
f 5345 5210 5201
f 5352 5210 5345
f 5211 5353 5346
f 5211 5346 5203
f 5346 5354 5347
f 5346 5353 5354
f 5347 5355 5348
f 5347 5354 5355
f 5355 5212 5206
f 5355 5206 5348
f 5357 5356 5213
f 5357 5213 5214
f 5208 5213 5350
f 5350 5213 5356
f 5352 5358 5210
f 5210 5358 5215
f 5216 5215 5358
f 5216 5358 5359
f 5217 5360 5353
f 5217 5353 5211
f 5353 5361 5354
f 5353 5360 5361
f 5354 5362 5355
f 5354 5361 5362
f 5362 5218 5212
f 5362 5212 5355
f 5364 5363 5219
f 5364 5219 5220
f 5214 5219 5357
f 5357 5219 5363
f 5359 5221 5216
f 5365 5221 5359
f 5222 5360 5217
f 5360 5222 5223
f 5360 5223 5361
f 5361 5223 5224
f 5361 5224 5362
f 5362 5224 5218
f 5367 5366 5225
f 5367 5225 5226
f 5225 5368 5227
f 5366 5368 5225
f 5220 5227 5364
f 5364 5227 5368
f 5365 5228 5221
f 5369 5228 5365
f 5371 5370 5229
f 5371 5229 5230
f 5229 5372 5231
f 5370 5372 5229
f 5231 5373 5232
f 5372 5373 5231
f 5232 5374 5233
f 5373 5374 5232
f 5226 5233 5367
f 5367 5233 5374
f 5369 5375 5228
f 5228 5375 5234
f 5377 5376 5235
f 5234 5377 5235
f 5375 5377 5234
f 5378 5376 5377
f 5380 5379 5238
f 5380 5238 5237
f 5238 5381 5239
f 5379 5381 5238
f 5239 5382 5240
f 5381 5382 5239
f 5230 5240 5371
f 5371 5240 5382
f 5376 5241 5235
f 5378 5383 5376
f 5383 5241 5376
f 5383 5242 5241
f 5243 5242 5383
f 5243 5383 5384
f 5249 5385 5250
f 5250 5385 5386
f 5387 5250 5386
f 5251 5250 5387
f 5237 5251 5380
f 5380 5251 5387
f 5384 5388 5243
f 5243 5388 5252
f 5252 5389 5253
f 5388 5389 5252
f 5255 5253 5389
f 5255 5389 5390
f 5392 5391 5259
f 5392 5259 5258
f 5259 5393 5260
f 5391 5393 5259
f 5260 5394 5261
f 5393 5394 5260
f 5261 5395 5262
f 5394 5395 5261
f 5262 5396 5263
f 5395 5396 5262
f 5263 5397 5264
f 5396 5397 5263
f 5264 5398 5265
f 5397 5398 5264
f 5265 5399 5266
f 5398 5399 5265
f 5249 5266 5385
f 5266 5400 5385
f 5266 5399 5400
f 5385 5400 5386
f 5390 5401 5255
f 5255 5401 5267
f 5267 5402 5268
f 5401 5402 5267
f 5268 5403 5269
f 5402 5403 5268
f 5258 5269 5392
f 5392 5269 5403
f 5405 5404 5272
f 5272 5404 5271
f 5406 5272 5273
f 5406 5405 5272
f 5407 5273 5274
f 5407 5406 5273
f 5408 5274 5275
f 5408 5407 5274
f 5409 5275 5276
f 5409 5408 5275
f 5410 5276 5277
f 5410 5409 5276
f 5411 5277 5278
f 5411 5410 5277
f 5412 5278 5279
f 5412 5411 5278
f 5413 5279 5280
f 5413 5412 5279
f 5280 5281 5413
f 5413 5281 5414
f 5416 5415 5284
f 5284 5415 5283
f 5417 5284 5285
f 5417 5416 5284
f 5418 5285 5286
f 5418 5417 5285
f 5419 5286 5287
f 5419 5418 5286
f 5420 5287 5288
f 5420 5419 5287
f 5421 5288 5289
f 5421 5420 5288
f 5289 5271 5404
f 5289 5404 5421
f 5422 5414 5281
f 5422 5281 5290
f 5290 5291 5422
f 5422 5291 5423
f 5425 5424 5293
f 5293 5424 5292
f 5426 5293 5294
f 5426 5425 5293
f 5427 5294 5295
f 5427 5426 5294
f 5428 5295 5296
f 5428 5427 5295
f 5429 5296 5297
f 5429 5428 5296
f 5430 5297 5298
f 5430 5429 5297
f 5431 5298 5299
f 5431 5430 5298
f 5299 5283 5415
f 5299 5415 5431
f 5432 5423 5291
f 5432 5291 5300
f 5300 5301 5432
f 5432 5301 5433
f 5435 5434 5303
f 5303 5434 5302
f 5436 5303 5304
f 5436 5435 5303
f 5304 5292 5424
f 5304 5424 5436
f 5437 5433 5301
f 5437 5301 5305
f 5305 5306 5437
f 5437 5306 5438
f 5439 5307 5308
f 5439 5308 5440
f 5308 5441 5440
f 5308 5309 5441
f 5309 5302 5434
f 5309 5434 5441
f 5442 5438 5306
f 5442 5306 5310
f 5310 5311 5442
f 5442 5311 5443
f 5445 5444 5313
f 5313 5444 5312
f 5313 5307 5439
f 5446 5313 5439
f 5445 5313 5446
f 5446 5439 5440
f 5311 5314 5447
f 5448 5311 5447
f 5443 5311 5448
f 5315 5447 5314
f 5444 5316 5312
f 5449 5316 5444
f 5448 5447 5450
f 5448 5450 5451
f 5317 5450 5315
f 5315 5450 5447
f 5449 5319 5316
f 5452 5319 5449
f 5453 5451 5450
f 5450 5317 5453
f 5317 5454 5453
f 5317 5320 5454
f 5452 5322 5319
f 5455 5322 5452
f 5320 5323 5456
f 5457 5320 5456
f 5454 5320 5457
f 5324 5456 5323
f 5455 5326 5322
f 5458 5326 5455
f 5457 5456 5459
f 5457 5459 5460
f 5327 5459 5324
f 5324 5459 5456
f 5462 5461 5329
f 5329 5461 5328
f 5329 5326 5458
f 5329 5458 5462
f 5460 5459 5463
f 5460 5463 5464
f 5330 5463 5327
f 5327 5463 5459
f 5461 5331 5328
f 5465 5331 5461
f 5464 5463 5466
f 5464 5466 5467
f 5332 5466 5330
f 5330 5466 5463
f 5465 5333 5331
f 5468 5333 5465
f 5467 5466 5469
f 5467 5469 5470
f 5334 5469 5332
f 5332 5469 5466
f 5468 5335 5333
f 5471 5335 5468
f 5470 5469 5472
f 5470 5472 5473
f 5336 5472 5334
f 5334 5472 5469
f 5471 5337 5335
f 5474 5337 5471
f 5473 5472 5338
f 5339 5473 5338
f 5475 5473 5339
f 5338 5472 5336
f 5477 5340 5476
f 5340 5474 5476
f 5340 5337 5474
f 5478 5477 5476
f 5481 5480 5479
f 5480 5475 5479
f 5475 5341 5479
f 5475 5339 5341
f 5482 5342 5477
f 5477 5342 5340
f 5477 5478 5483
f 5477 5483 5482
f 5486 5485 5484
f 5484 5485 5481
f 5484 5481 5479
f 5344 5484 5479
f 5343 5344 5479
f 5343 5479 5341
f 5487 5345 5482
f 5482 5345 5342
f 5482 5483 5488
f 5482 5488 5487
f 5490 5489 5349
f 5490 5349 5350
f 5484 5351 5486
f 5351 5489 5486
f 5351 5349 5489
f 5351 5484 5344
f 5491 5352 5487
f 5487 5352 5345
f 5487 5488 5492
f 5487 5492 5491
f 5494 5493 5356
f 5494 5356 5357
f 5350 5356 5490
f 5490 5356 5493
f 5491 5358 5352
f 5359 5358 5491
f 5492 5359 5491
f 5495 5359 5492
f 5497 5496 5363
f 5497 5363 5364
f 5357 5363 5494
f 5494 5363 5496
f 5495 5365 5359
f 5498 5365 5495
f 5500 5499 5366
f 5500 5366 5367
f 5366 5501 5368
f 5499 5501 5366
f 5364 5368 5497
f 5497 5368 5501
f 5498 5369 5365
f 5502 5369 5498
f 5504 5503 5370
f 5504 5370 5371
f 5370 5505 5372
f 5503 5505 5370
f 5372 5506 5373
f 5505 5506 5372
f 5373 5507 5374
f 5506 5507 5373
f 5367 5374 5500
f 5500 5374 5507
f 5502 5508 5369
f 5369 5508 5375
f 5375 5509 5377
f 5508 5509 5375
f 5378 5377 5509
f 5378 5509 5510
f 5512 5511 5379
f 5512 5379 5380
f 5379 5513 5381
f 5511 5513 5379
f 5381 5514 5382
f 5513 5514 5381
f 5371 5382 5504
f 5504 5382 5514
f 5510 5515 5378
f 5378 5515 5383
f 5517 5516 5384
f 5383 5517 5384
f 5515 5517 5383
f 5518 5516 5517
f 5520 5519 5387
f 5520 5387 5386
f 5380 5387 5512
f 5512 5387 5519
f 5516 5388 5384
f 5518 5521 5516
f 5521 5388 5516
f 5521 5389 5388
f 5390 5389 5521
f 5390 5521 5522
f 5392 5523 5391
f 5524 5393 5391
f 5524 5391 5523
f 5393 5524 5525
f 5526 5393 5525
f 5394 5393 5526
f 5394 5527 5395
f 5526 5527 5394
f 5395 5528 5396
f 5527 5528 5395
f 5396 5529 5397
f 5528 5529 5396
f 5397 5530 5398
f 5529 5530 5397
f 5398 5531 5399
f 5530 5531 5398
f 5399 5532 5400
f 5531 5532 5399
f 5386 5400 5520
f 5520 5400 5532
f 5522 5533 5390
f 5390 5533 5401
f 5401 5534 5402
f 5533 5534 5401
f 5402 5535 5403
f 5534 5535 5402
f 5392 5403 5523
f 5403 5536 5523
f 5403 5535 5536
f 5523 5536 5524
f 5524 5536 5537
f 5524 5537 5525
f 5539 5538 5405
f 5405 5538 5404
f 5540 5405 5406
f 5540 5539 5405
f 5541 5406 5407
f 5541 5540 5406
f 5542 5407 5408
f 5542 5541 5407
f 5543 5408 5409
f 5543 5542 5408
f 5544 5409 5410
f 5544 5543 5409
f 5545 5410 5411
f 5545 5544 5410
f 5546 5411 5412
f 5546 5545 5411
f 5547 5412 5413
f 5547 5546 5412
f 5413 5414 5547
f 5547 5414 5548
f 5551 5550 5549
f 5553 5552 5549
f 5549 5552 5551
f 5415 5416 5553
f 5416 5552 5553
f 5416 5554 5552
f 5555 5416 5417
f 5555 5554 5416
f 5556 5417 5418
f 5556 5555 5417
f 5557 5418 5419
f 5557 5556 5418
f 5558 5419 5420
f 5558 5557 5419
f 5559 5420 5421
f 5559 5558 5420
f 5421 5404 5538
f 5421 5538 5559
f 5560 5548 5414
f 5560 5414 5422
f 5422 5423 5560
f 5560 5423 5561
f 5563 5562 5425
f 5425 5562 5424
f 5564 5425 5426
f 5564 5563 5425
f 5565 5426 5427
f 5565 5564 5426
f 5566 5427 5428
f 5566 5565 5427
f 5567 5428 5429
f 5567 5566 5428
f 5430 5549 5550
f 5567 5430 5550
f 5429 5430 5567
f 5549 5430 5431
f 5549 5431 5553
f 5553 5431 5415
f 5568 5561 5423
f 5568 5423 5432
f 5432 5433 5568
f 5568 5433 5569
f 5571 5570 5435
f 5435 5570 5434
f 5572 5435 5436
f 5572 5571 5435
f 5436 5424 5562
f 5436 5562 5572
f 5573 5569 5433
f 5573 5433 5437
f 5437 5438 5573
f 5573 5438 5574
f 5576 5575 5441
f 5441 5575 5440
f 5441 5434 5570
f 5441 5570 5576
f 5438 5442 5577
f 5578 5438 5577
f 5574 5438 5578
f 5443 5577 5442
f 5579 5444 5445
f 5579 5445 5580
f 5445 5581 5580
f 5445 5446 5581
f 5446 5440 5575
f 5446 5575 5581
f 5582 5578 5577
f 5577 5443 5582
f 5443 5583 5582
f 5443 5448 5583
f 5585 5584 5579
f 5584 5444 5579
f 5584 5449 5444
f 5585 5579 5580
f 5451 5583 5448
f 5451 5586 5583
f 5584 5452 5449
f 5587 5452 5584
f 5588 5586 5451
f 5588 5451 5453
f 5453 5454 5588
f 5588 5454 5589
f 5587 5455 5452
f 5590 5455 5587
f 5457 5589 5454
f 5457 5591 5589
f 5590 5458 5455
f 5592 5458 5590
f 5460 5591 5457
f 5460 5593 5591
f 5594 5461 5462
f 5595 5594 5462
f 5458 5595 5462
f 5592 5595 5458
f 5464 5593 5460
f 5464 5596 5593
f 5597 5465 5594
f 5594 5465 5461
f 5594 5595 5598
f 5594 5598 5597
f 5467 5596 5464
f 5467 5599 5596
f 5600 5468 5597
f 5597 5468 5465
f 5597 5598 5601
f 5597 5601 5600
f 5470 5599 5467
f 5470 5602 5599
f 5603 5471 5600
f 5600 5471 5468
f 5600 5601 5604
f 5600 5604 5603
f 5473 5602 5470
f 5473 5605 5602
f 5606 5474 5603
f 5603 5474 5471
f 5603 5604 5607
f 5603 5607 5606
f 5610 5609 5608
f 5609 5605 5608
f 5605 5475 5608
f 5605 5473 5475
f 5606 5476 5474
f 5478 5476 5606
f 5607 5478 5606
f 5611 5478 5607
f 5610 5608 5480
f 5481 5610 5480
f 5612 5610 5481
f 5480 5608 5475
f 5611 5483 5478
f 5613 5483 5611
f 5615 5614 5485
f 5615 5485 5486
f 5481 5485 5612
f 5612 5485 5614
f 5613 5488 5483
f 5616 5488 5613
f 5618 5617 5489
f 5618 5489 5490
f 5486 5489 5615
f 5615 5489 5617
f 5616 5492 5488
f 5619 5492 5616
f 5621 5620 5493
f 5621 5493 5494
f 5490 5493 5618
f 5618 5493 5620
f 5619 5495 5492
f 5622 5495 5619
f 5624 5623 5496
f 5624 5496 5497
f 5494 5496 5621
f 5621 5496 5623
f 5622 5498 5495
f 5625 5498 5622
f 5627 5626 5499
f 5627 5499 5500
f 5499 5628 5501
f 5626 5628 5499
f 5497 5501 5624
f 5624 5501 5628
f 5630 5502 5629
f 5502 5625 5629
f 5502 5498 5625
f 5631 5630 5629
f 5633 5632 5503
f 5633 5503 5504
f 5503 5634 5505
f 5632 5634 5503
f 5505 5635 5506
f 5634 5635 5505
f 5506 5636 5507
f 5635 5636 5506
f 5500 5507 5627
f 5627 5507 5636
f 5630 5508 5502
f 5631 5637 5630
f 5637 5508 5630
f 5637 5509 5508
f 5639 5638 5510
f 5509 5639 5510
f 5637 5639 5509
f 5640 5638 5639
f 5512 5641 5511
f 5511 5641 5642
f 5643 5511 5642
f 5513 5511 5643
f 5513 5644 5514
f 5643 5644 5513
f 5504 5514 5633
f 5633 5514 5644
f 5638 5515 5510
f 5640 5645 5638
f 5645 5515 5638
f 5645 5517 5515
f 5518 5517 5645
f 5518 5645 5646
f 5648 5647 5519
f 5648 5519 5520
f 5512 5519 5641
f 5519 5649 5641
f 5519 5647 5649
f 5641 5649 5642
f 5646 5650 5518
f 5518 5650 5521
f 5652 5651 5522
f 5521 5652 5522
f 5650 5652 5521
f 5654 5653 5651
f 5654 5651 5652
f 5655 5653 5654
f 5525 5656 5526
f 5657 5527 5526
f 5657 5526 5656
f 5658 5528 5527
f 5658 5527 5657
f 5659 5529 5528
f 5659 5528 5658
f 5660 5530 5529
f 5660 5529 5659
f 5530 5660 5661
f 5662 5530 5661
f 5531 5530 5662
f 5531 5663 5532
f 5662 5663 5531
f 5520 5532 5648
f 5648 5532 5663
f 5651 5533 5522
f 5533 5651 5534
f 5534 5651 5653
f 5655 5664 5653
f 5664 5534 5653
f 5664 5535 5534
f 5535 5665 5536
f 5664 5665 5535
f 5536 5666 5537
f 5665 5666 5536
f 5525 5537 5656
f 5537 5667 5656
f 5537 5666 5667
f 5656 5667 5657
f 5657 5667 5668
f 5657 5668 5658
f 5658 5668 5669
f 5658 5669 5659
f 5659 5669 5670
f 5659 5670 5660
f 5660 5670 5671
f 5660 5671 5661
f 5673 5672 5539
f 5539 5672 5538
f 5674 5539 5540
f 5674 5673 5539
f 5675 5540 5541
f 5675 5674 5540
f 5676 5541 5542
f 5676 5675 5541
f 5677 5542 5543
f 5677 5676 5542
f 5678 5543 5544
f 5678 5677 5543
f 5679 5544 5545
f 5679 5678 5544
f 5680 5545 5546
f 5680 5679 5545
f 5682 5680 5681
f 5680 5547 5681
f 5680 5546 5547
f 5548 5681 5547
f 5684 5683 5551
f 5551 5683 5550
f 5685 5551 5552
f 5685 5684 5551
f 5686 5552 5554
f 5686 5685 5552
f 5687 5554 5555
f 5687 5686 5554
f 5688 5555 5556
f 5688 5687 5555
f 5689 5556 5557
f 5689 5688 5556
f 5690 5557 5558
f 5690 5689 5557
f 5691 5558 5559
f 5691 5690 5558
f 5559 5538 5672
f 5559 5672 5691
f 5692 5682 5681
f 5692 5681 5548
f 5560 5692 5548
f 5693 5692 5560
f 5560 5561 5693
f 5693 5561 5694
f 5696 5695 5563
f 5563 5695 5562
f 5697 5563 5564
f 5697 5696 5563
f 5698 5564 5565
f 5698 5697 5564
f 5699 5565 5566
f 5699 5698 5565
f 5700 5566 5567
f 5700 5699 5566
f 5567 5550 5683
f 5567 5683 5700
f 5701 5694 5561
f 5701 5561 5568
f 5568 5569 5701
f 5701 5569 5702
f 5704 5703 5571
f 5571 5703 5570
f 5705 5571 5572
f 5705 5704 5571
f 5572 5562 5695
f 5572 5695 5705
f 5569 5573 5706
f 5707 5569 5706
f 5702 5569 5707
f 5574 5706 5573
f 5709 5708 5576
f 5576 5708 5575
f 5576 5570 5703
f 5576 5703 5709
f 5710 5707 5706
f 5706 5574 5710
f 5574 5711 5710
f 5574 5578 5711
f 5713 5712 5581
f 5581 5712 5580
f 5581 5575 5708
f 5581 5708 5713
f 5578 5582 5714
f 5715 5578 5714
f 5711 5578 5715
f 5583 5714 5582
f 5717 5716 5585
f 5585 5716 5584
f 5585 5580 5712
f 5585 5712 5717
f 5718 5715 5714
f 5714 5583 5718
f 5583 5719 5718
f 5583 5586 5719
f 5716 5587 5584
f 5720 5587 5716
f 5721 5719 5586
f 5721 5586 5588
f 5588 5589 5721
f 5721 5589 5722
f 5720 5590 5587
f 5723 5590 5720
f 5591 5722 5589
f 5591 5724 5722
f 5723 5592 5590
f 5725 5592 5723
f 5593 5724 5591
f 5593 5726 5724
f 5725 5595 5592
f 5727 5595 5725
f 5596 5726 5593
f 5596 5728 5726
f 5727 5598 5595
f 5729 5598 5727
f 5599 5728 5596
f 5599 5730 5728
f 5729 5601 5598
f 5731 5601 5729
f 5602 5730 5599
f 5602 5732 5730
f 5731 5604 5601
f 5733 5604 5731
f 5736 5735 5734
f 5735 5732 5734
f 5732 5605 5734
f 5732 5602 5605
f 5733 5607 5604
f 5737 5607 5733
f 5736 5734 5609
f 5610 5736 5609
f 5738 5736 5610
f 5609 5734 5605
f 5737 5611 5607
f 5739 5611 5737
f 5612 5738 5610
f 5612 5740 5738
f 5739 5613 5611
f 5741 5613 5739
f 5743 5742 5614
f 5743 5614 5615
f 5612 5614 5740
f 5740 5614 5742
f 5741 5616 5613
f 5744 5616 5741
f 5746 5745 5617
f 5746 5617 5618
f 5615 5617 5743
f 5743 5617 5745
f 5744 5619 5616
f 5747 5619 5744
f 5749 5748 5620
f 5749 5620 5621
f 5618 5620 5746
f 5746 5620 5748
f 5747 5622 5619
f 5750 5622 5747
f 5752 5751 5623
f 5752 5623 5624
f 5621 5623 5749
f 5749 5623 5751
f 5754 5625 5753
f 5625 5750 5753
f 5625 5622 5750
f 5755 5754 5753
f 5758 5757 5756
f 5626 5627 5756
f 5757 5626 5756
f 5759 5626 5757
f 5626 5760 5628
f 5759 5760 5626
f 5624 5628 5752
f 5752 5628 5760
f 5754 5629 5625
f 5631 5629 5754
f 5755 5631 5754
f 5761 5631 5755
f 5763 5762 5632
f 5763 5632 5633
f 5632 5764 5634
f 5762 5764 5632
f 5634 5765 5635
f 5764 5765 5634
f 5756 5636 5758
f 5636 5765 5758
f 5636 5635 5765
f 5636 5756 5627
f 5761 5766 5631
f 5631 5766 5637
f 5637 5767 5639
f 5766 5767 5637
f 5640 5639 5767
f 5640 5767 5768
f 5770 5769 5643
f 5770 5643 5642
f 5643 5771 5644
f 5769 5771 5643
f 5633 5644 5763
f 5763 5644 5771
f 5768 5772 5640
f 5640 5772 5645
f 5774 5773 5646
f 5645 5774 5646
f 5772 5774 5645
f 5775 5773 5774
f 5648 5776 5647
f 5647 5776 5777
f 5778 5647 5777
f 5649 5647 5778
f 5642 5649 5770
f 5770 5649 5778
f 5773 5650 5646
f 5775 5779 5773
f 5779 5650 5773
f 5779 5652 5650
f 5652 5780 5654
f 5779 5780 5652
f 5655 5654 5780
f 5655 5780 5781
f 5783 5782 5662
f 5783 5662 5661
f 5662 5784 5663
f 5782 5784 5662
f 5648 5663 5776
f 5663 5785 5776
f 5663 5784 5785
f 5776 5785 5777
f 5781 5786 5655
f 5655 5786 5664
f 5664 5787 5665
f 5786 5787 5664
f 5665 5788 5666
f 5787 5788 5665
f 5666 5789 5667
f 5788 5789 5666
f 5667 5790 5668
f 5789 5790 5667
f 5668 5791 5669
f 5790 5791 5668
f 5669 5792 5670
f 5791 5792 5669
f 5670 5793 5671
f 5792 5793 5670
f 5661 5671 5783
f 5783 5671 5793
f 5795 5794 5673
f 5673 5794 5672
f 5796 5673 5674
f 5796 5795 5673
f 5797 5674 5675
f 5797 5796 5674
f 5798 5675 5676
f 5798 5797 5675
f 5799 5676 5677
f 5799 5798 5676
f 5800 5677 5678
f 5800 5799 5677
f 5801 5678 5679
f 5801 5800 5678
f 5802 5679 5680
f 5802 5801 5679
f 5680 5682 5802
f 5802 5682 5803
f 5805 5804 5684
f 5684 5804 5683
f 5806 5684 5685
f 5806 5805 5684
f 5807 5685 5686
f 5807 5806 5685
f 5808 5686 5687
f 5808 5807 5686
f 5809 5687 5688
f 5809 5808 5687
f 5810 5688 5689
f 5810 5809 5688
f 5811 5689 5690
f 5811 5810 5689
f 5812 5690 5691
f 5812 5811 5690
f 5691 5672 5794
f 5691 5794 5812
f 5813 5803 5682
f 5813 5682 5692
f 5815 5813 5814
f 5813 5693 5814
f 5813 5692 5693
f 5694 5814 5693
f 5817 5816 5696
f 5696 5816 5695
f 5818 5696 5697
f 5818 5817 5696
f 5819 5697 5698
f 5819 5818 5697
f 5820 5698 5699
f 5820 5819 5698
f 5821 5699 5700
f 5821 5820 5699
f 5700 5683 5804
f 5700 5804 5821
f 5822 5815 5814
f 5824 5822 5823
f 5823 5822 5701
f 5822 5814 5701
f 5814 5694 5701
f 5702 5823 5701
f 5826 5825 5704
f 5704 5825 5703
f 5827 5704 5705
f 5827 5826 5704
f 5705 5695 5816
f 5705 5816 5827
f 5828 5824 5823
f 5823 5702 5828
f 5702 5829 5828
f 5702 5707 5829
f 5831 5830 5709
f 5709 5830 5708
f 5709 5703 5825
f 5709 5825 5831
f 5832 5829 5707
f 5832 5707 5710
f 5710 5711 5832
f 5832 5711 5833
f 5834 5712 5713
f 5835 5834 5713
f 5708 5835 5713
f 5830 5835 5708
f 5715 5833 5711
f 5715 5836 5833
f 5838 5837 5717
f 5717 5837 5716
f 5717 5712 5834
f 5839 5717 5834
f 5838 5717 5839
f 5839 5834 5835
f 5840 5836 5715
f 5840 5715 5718
f 5718 5719 5840
f 5840 5719 5841
f 5837 5720 5716
f 5842 5720 5837
f 5719 5721 5843
f 5844 5719 5843
f 5841 5719 5844
f 5722 5843 5721
f 5842 5723 5720
f 5845 5723 5842
f 5844 5843 5846
f 5844 5846 5847
f 5724 5846 5722
f 5722 5846 5843
f 5845 5725 5723
f 5848 5725 5845
f 5849 5847 5846
f 5846 5724 5849
f 5724 5850 5849
f 5724 5726 5850
f 5848 5727 5725
f 5851 5727 5848
f 5728 5850 5726
f 5728 5852 5850
f 5851 5729 5727
f 5853 5729 5851
f 5730 5852 5728
f 5730 5854 5852
f 5853 5731 5729
f 5855 5731 5853
f 5858 5857 5856
f 5857 5854 5856
f 5854 5732 5856
f 5854 5730 5732
f 5855 5733 5731
f 5859 5733 5855
f 5858 5856 5735
f 5736 5858 5735
f 5860 5858 5736
f 5735 5856 5732
f 5859 5737 5733
f 5861 5737 5859
f 5738 5860 5736
f 5738 5862 5860
f 5861 5739 5737
f 5863 5739 5861
f 5740 5862 5738
f 5740 5864 5862
f 5863 5741 5739
f 5865 5741 5863
f 5867 5866 5742
f 5867 5742 5743
f 5740 5742 5864
f 5864 5742 5866
f 5865 5744 5741
f 5868 5744 5865
f 5871 5870 5869
f 5745 5746 5869
f 5870 5745 5869
f 5872 5745 5870
f 5743 5745 5867
f 5867 5745 5872
f 5868 5747 5744
f 5873 5747 5868
f 5871 5869 5748
f 5749 5871 5748
f 5874 5871 5749
f 5748 5869 5746
f 5876 5750 5875
f 5750 5873 5875
f 5750 5747 5873
f 5877 5876 5875
f 5879 5878 5751
f 5879 5751 5752
f 5749 5751 5874
f 5874 5751 5878
f 5876 5753 5750
f 5755 5753 5876
f 5877 5755 5876
f 5880 5755 5877
f 5883 5882 5881
f 5757 5758 5881
f 5882 5757 5881
f 5884 5757 5882
f 5757 5885 5759
f 5884 5885 5757
f 5759 5886 5760
f 5885 5886 5759
f 5752 5760 5879
f 5879 5760 5886
f 5888 5761 5887
f 5761 5880 5887
f 5761 5755 5880
f 5889 5888 5887
f 5763 5890 5762
f 5762 5890 5891
f 5892 5762 5891
f 5764 5762 5892
f 5881 5765 5883
f 5765 5892 5883
f 5765 5764 5892
f 5765 5881 5758
f 5888 5766 5761
f 5889 5893 5888
f 5893 5766 5888
f 5893 5767 5766
f 5768 5767 5893
f 5768 5893 5894
f 5896 5895 5769
f 5896 5769 5770
f 5769 5897 5771
f 5895 5897 5769
f 5763 5771 5890
f 5771 5898 5890
f 5771 5897 5898
f 5890 5898 5891
f 5894 5899 5768
f 5768 5899 5772
f 5772 5900 5774
f 5899 5900 5772
f 5775 5774 5900
f 5775 5900 5901
f 5903 5902 5778
f 5903 5778 5777
f 5770 5778 5896
f 5896 5778 5902
f 5901 5904 5775
f 5775 5904 5779
f 5779 5905 5780
f 5904 5905 5779
f 5781 5780 5905
f 5781 5905 5906
f 5908 5907 5782
f 5908 5782 5783
f 5782 5909 5784
f 5907 5909 5782
f 5784 5910 5785
f 5909 5910 5784
f 5777 5785 5903
f 5903 5785 5910
f 5906 5911 5781
f 5781 5911 5786
f 5786 5912 5787
f 5911 5912 5786
f 5787 5913 5788
f 5912 5913 5787
f 5788 5914 5789
f 5913 5914 5788
f 5789 5915 5790
f 5914 5915 5789
f 5790 5916 5791
f 5915 5916 5790
f 5791 5917 5792
f 5916 5917 5791
f 5792 5918 5793
f 5917 5918 5792
f 5783 5793 5908
f 5908 5793 5918
f 5920 5919 5795
f 5795 5919 5794
f 5921 5795 5796
f 5921 5920 5795
f 5922 5796 5797
f 5922 5921 5796
f 5923 5797 5798
f 5923 5922 5797
f 5924 5798 5799
f 5924 5923 5798
f 5925 5799 5800
f 5925 5924 5799
f 5926 5800 5801
f 5926 5925 5800
f 5928 5926 5927
f 5926 5802 5927
f 5926 5801 5802
f 5803 5927 5802
f 5929 5804 5805
f 5806 5930 5805
f 5805 5930 5929
f 5930 5806 5931
f 5806 5932 5931
f 5806 5807 5932
f 5933 5807 5808
f 5933 5932 5807
f 5934 5808 5809
f 5934 5933 5808
f 5935 5809 5810
f 5935 5934 5809
f 5936 5810 5811
f 5936 5935 5810
f 5937 5811 5812
f 5937 5936 5811
f 5812 5794 5919
f 5812 5919 5937
f 5938 5928 5927
f 5940 5938 5939
f 5939 5938 5813
f 5938 5927 5813
f 5927 5803 5813
f 5815 5939 5813
f 5942 5941 5817
f 5817 5941 5816
f 5943 5817 5818
f 5943 5942 5817
f 5944 5818 5819
f 5944 5943 5818
f 5945 5819 5820
f 5945 5944 5819
f 5946 5820 5821
f 5946 5945 5820
f 5821 5804 5929
f 5947 5821 5929
f 5946 5821 5947
f 5947 5929 5930
f 5947 5930 5948
f 5948 5930 5931
f 5949 5940 5939
f 5951 5949 5950
f 5950 5949 5822
f 5949 5939 5822
f 5939 5815 5822
f 5824 5950 5822
f 5952 5825 5826
f 5952 5826 5953
f 5826 5954 5953
f 5826 5827 5954
f 5827 5816 5941
f 5827 5941 5954
f 5955 5951 5950
f 5955 5950 5824
f 5828 5955 5824
f 5956 5955 5828
f 5828 5829 5956
f 5956 5829 5957
f 5959 5958 5831
f 5831 5958 5830
f 5831 5825 5952
f 5960 5831 5952
f 5959 5831 5960
f 5960 5952 5953
f 5829 5832 5961
f 5962 5829 5961
f 5957 5829 5962
f 5833 5961 5832
f 5958 5835 5830
f 5963 5835 5958
f 5964 5962 5961
f 5961 5833 5964
f 5833 5965 5964
f 5833 5836 5965
f 5966 5837 5838
f 5966 5838 5967
f 5838 5968 5967
f 5838 5839 5968
f 5839 5835 5963
f 5839 5963 5968
f 5836 5840 5969
f 5970 5836 5969
f 5965 5836 5970
f 5841 5969 5840
f 5972 5971 5966
f 5971 5837 5966
f 5971 5842 5837
f 5972 5966 5967
f 5970 5969 5973
f 5970 5973 5974
f 5844 5973 5841
f 5841 5973 5969
f 5971 5845 5842
f 5975 5845 5971
f 5974 5973 5976
f 5974 5976 5977
f 5847 5976 5844
f 5844 5976 5973
f 5975 5848 5845
f 5978 5848 5975
f 5979 5977 5976
f 5981 5979 5980
f 5980 5979 5849
f 5979 5976 5849
f 5976 5847 5849
f 5850 5980 5849
f 5978 5851 5848
f 5982 5851 5978
f 5981 5980 5983
f 5981 5983 5984
f 5852 5983 5850
f 5850 5983 5980
f 5982 5853 5851
f 5985 5853 5982
f 5984 5983 5986
f 5984 5986 5987
f 5854 5986 5852
f 5852 5986 5983
f 5985 5855 5853
f 5988 5855 5985
f 5991 5990 5989
f 5989 5990 5987
f 5989 5987 5986
f 5858 5989 5986
f 5857 5858 5986
f 5857 5986 5854
f 5993 5859 5992
f 5859 5988 5992
f 5859 5855 5988
f 5994 5993 5992
f 5991 5989 5995
f 5991 5995 5996
f 5860 5995 5858
f 5858 5995 5989
f 5997 5861 5993
f 5993 5861 5859
f 5993 5994 5998
f 5993 5998 5997
f 5996 5995 5999
f 5996 5999 6000
f 5862 5999 5860
f 5860 5999 5995
f 6001 5863 5997
f 5997 5863 5861
f 5997 5998 6002
f 5997 6002 6001
f 6000 5999 6003
f 6000 6003 6004
f 5864 6003 5862
f 5862 6003 5999
f 6005 5865 6001
f 6001 5865 5863
f 6001 6002 6006
f 6001 6006 6005
f 6004 6003 5866
f 5867 6004 5866
f 6007 6004 5867
f 5866 6003 5864
f 6008 5868 6005
f 6005 5868 5865
f 6005 6006 6009
f 6005 6009 6008
f 6011 6010 5870
f 6011 5870 5871
f 5870 6012 5872
f 6010 6012 5870
f 5867 5872 6007
f 6007 5872 6012
f 6013 5873 6008
f 6008 5873 5868
f 6008 6009 6014
f 6008 6014 6013
f 6017 6016 6015
f 6016 6011 6015
f 6011 5874 6015
f 6011 5871 5874
f 6013 5875 5873
f 5877 5875 6013
f 6014 5877 6013
f 6018 5877 6014
f 6021 6020 6019
f 6019 6020 6017
f 6019 6017 6015
f 5879 6019 6015
f 5878 5879 6015
f 5878 6015 5874
f 6023 5880 6022
f 5880 6018 6022
f 5880 5877 6018
f 6024 6023 6022
f 6026 6025 5882
f 6026 5882 5883
f 5882 6027 5884
f 6025 6027 5882
f 5884 6028 5885
f 6027 6028 5884
f 6019 5886 6021
f 5886 6028 6021
f 5886 5885 6028
f 5886 6019 5879
f 6023 5887 5880
f 6030 6029 5889
f 6030 5889 5887
f 6024 6030 5887
f 6023 6024 5887
f 6031 6029 6030
f 6033 6032 5892
f 6033 5892 5891
f 5883 5892 6026
f 6026 5892 6032
f 6029 5893 5889
f 6035 6034 5894
f 6035 5894 5893
f 6031 6035 5893
f 6029 6031 5893
f 6037 6036 6034
f 6037 6034 6035
f 6038 6036 6037
f 6040 6039 5895
f 6040 5895 5896
f 5895 6041 5897
f 6039 6041 5895
f 5897 6042 5898
f 6041 6042 5897
f 5891 5898 6033
f 6033 5898 6042
f 6034 5899 5894
f 5899 6034 5900
f 5900 6034 6036
f 6044 6043 5901
f 6044 5901 5900
f 6038 6044 5900
f 6036 6038 5900
f 6046 6045 6043
f 6046 6043 6044
f 6047 6045 6046
f 6049 6048 5902
f 6049 5902 5903
f 5896 5902 6040
f 6040 5902 6048
f 6043 5904 5901
f 5904 6043 5905
f 5905 6043 6045
f 5906 5905 6045
f 6047 5906 6045
f 6050 5906 6047
f 6052 6051 5907
f 6052 5907 5908
f 5907 6053 5909
f 6051 6053 5907
f 5909 6054 5910
f 6053 6054 5909
f 5903 5910 6049
f 6049 5910 6054
f 6050 6055 5906
f 5906 6055 5911
f 5911 6056 5912
f 6055 6056 5911
f 5912 6057 5913
f 6056 6057 5912
f 5913 6058 5914
f 6057 6058 5913
f 5914 6059 5915
f 6058 6059 5914
f 5915 6060 5916
f 6059 6060 5915
f 5916 6061 5917
f 6060 6061 5916
f 5917 6062 5918
f 6061 6062 5917
f 5908 5918 6052
f 6052 5918 6062
f 6063 5919 5920
f 5921 6064 5920
f 5920 6064 6063
f 6064 5921 6065
f 5921 6066 6065
f 5921 5922 6066
f 6067 5922 5923
f 6067 6066 5922
f 6068 5923 5924
f 6068 6067 5923
f 6069 5924 5925
f 6069 6068 5924
f 6070 5925 5926
f 6070 6069 5925
f 5926 5928 6070
f 6070 5928 6071
f 6073 6072 5932
f 5932 6072 5931
f 6074 5932 5933
f 6074 6073 5932
f 6075 5933 5934
f 6075 6074 5933
f 6076 5934 5935
f 6076 6075 5934
f 6077 5935 5936
f 6077 6076 5935
f 6078 5936 5937
f 6078 6077 5936
f 5937 5919 6063
f 6079 5937 6063
f 6078 5937 6079
f 6079 6063 6064
f 6079 6064 6080
f 6080 6064 6065
f 6081 6071 5928
f 6081 5928 5938
f 5938 5940 6081
f 6081 5940 6082
f 6083 5941 5942
f 6083 5942 6084
f 5942 6085 6084
f 5942 5943 6085
f 6086 5943 5944
f 6086 6085 5943
f 6087 5944 5945
f 6087 6086 5944
f 6088 5945 5946
f 6088 6087 5945
f 6089 5946 5947
f 6089 6088 5946
f 6090 5947 5948
f 6090 6089 5947
f 5948 5931 6072
f 5948 6072 6090
f 6091 6082 5940
f 6091 5940 5949
f 5949 5951 6091
f 6091 5951 6092
f 6094 6093 5954
f 5954 6093 5953
f 5954 5941 6083
f 6095 5954 6083
f 6094 5954 6095
f 6095 6083 6084
f 6096 6092 5951
f 6096 5951 5955
f 6098 6096 6097
f 6096 5956 6097
f 6096 5955 5956
f 5957 6097 5956
f 6100 6099 5959
f 5959 6099 5958
f 6101 5959 5960
f 6101 6100 5959
f 5960 5953 6093
f 5960 6093 6101
f 6102 6098 6097
f 6097 5957 6102
f 5957 6103 6102
f 5957 5962 6103
f 6099 5963 5958
f 6104 5963 6099
f 6105 6103 5962
f 6105 5962 5964
f 5964 5965 6105
f 6105 5965 6106
f 6108 6107 5968
f 5968 6107 5967
f 5968 5963 6104
f 5968 6104 6108
f 5970 6106 5965
f 5970 6109 6106
f 6111 6110 5972
f 5972 6110 5971
f 5972 5967 6107
f 5972 6107 6111
f 5974 6109 5970
f 5974 6112 6109
f 6110 5975 5971
f 6113 5975 6110
f 5977 6112 5974
f 5977 6114 6112
f 6113 5978 5975
f 6115 5978 6113
f 6116 6114 5977
f 6116 5977 5979
f 5979 5981 6116
f 6116 5981 6117
f 6115 5982 5978
f 6118 5982 6115
f 5984 6117 5981
f 5984 6119 6117
f 6118 5985 5982
f 6120 5985 6118
f 5987 6119 5984
f 5987 6121 6119
f 6123 5988 6122
f 5988 6120 6122
f 5988 5985 6120
f 6124 6123 6122
f 6126 6125 5990
f 6126 5990 5991
f 5987 5990 6121
f 6121 5990 6125
f 6123 5992 5988
f 5994 5992 6123
f 6124 5994 6123
f 6127 5994 6124
f 5996 6126 5991
f 5996 6128 6126
f 6127 5998 5994
f 6129 5998 6127
f 6000 6128 5996
f 6000 6130 6128
f 6129 6002 5998
f 6131 6002 6129
f 6004 6130 6000
f 6004 6132 6130
f 6131 6006 6002
f 6133 6006 6131
f 6136 6135 6134
f 6135 6132 6134
f 6132 6007 6134
f 6132 6004 6007
f 6133 6009 6006
f 6137 6009 6133
f 6139 6138 6010
f 6139 6010 6011
f 6134 6012 6136
f 6012 6138 6136
f 6012 6010 6138
f 6012 6134 6007
f 6137 6014 6009
f 6140 6014 6137
f 6143 6142 6141
f 6016 6017 6141
f 6142 6016 6141
f 6144 6016 6142
f 6011 6016 6139
f 6139 6016 6144
f 6146 6018 6145
f 6018 6140 6145
f 6018 6014 6140
f 6147 6146 6145
f 6150 6149 6148
f 6148 6149 6143
f 6148 6143 6141
f 6021 6148 6141
f 6020 6021 6141
f 6020 6141 6017
f 6146 6022 6018
f 6024 6022 6146
f 6147 6024 6146
f 6151 6024 6147
f 6153 6152 6025
f 6153 6025 6026
f 6025 6154 6027
f 6152 6154 6025
f 6148 6028 6150
f 6028 6154 6150
f 6028 6027 6154
f 6028 6148 6021
f 6151 6155 6024
f 6024 6155 6030
f 6031 6030 6155
f 6031 6155 6156
f 6158 6157 6032
f 6158 6032 6033
f 6026 6032 6153
f 6153 6032 6157
f 6156 6159 6031
f 6031 6159 6035
f 6035 6160 6037
f 6159 6160 6035
f 6038 6037 6160
f 6038 6160 6161
f 6163 6162 6039
f 6163 6039 6040
f 6039 6164 6041
f 6162 6164 6039
f 6041 6165 6042
f 6164 6165 6041
f 6033 6042 6158
f 6158 6042 6165
f 6161 6166 6038
f 6038 6166 6044
f 6044 6167 6046
f 6166 6167 6044
f 6047 6046 6167
f 6047 6167 6168
f 6170 6169 6048
f 6170 6048 6049
f 6040 6048 6163
f 6163 6048 6169
f 6172 6050 6171
f 6050 6168 6171
f 6050 6047 6168
f 6174 6173 6172
f 6174 6172 6171
f 6176 6175 6173
f 6176 6173 6174
f 6177 6175 6176
f 6179 6178 6051
f 6179 6051 6052
f 6051 6180 6053
f 6178 6180 6051
f 6053 6181 6054
f 6180 6181 6053
f 6049 6054 6170
f 6170 6054 6181
f 6172 6055 6050
f 6055 6172 6056
f 6056 6172 6173
f 6056 6173 6057
f 6057 6173 6175
f 6177 6182 6175
f 6182 6057 6175
f 6182 6058 6057
f 6058 6183 6059
f 6182 6183 6058
f 6059 6184 6060
f 6183 6184 6059
f 6060 6185 6061
f 6184 6185 6060
f 6061 6186 6062
f 6185 6186 6061
f 6052 6062 6179
f 6179 6062 6186
f 6188 6187 6066
f 6066 6187 6065
f 6189 6066 6067
f 6189 6188 6066
f 6190 6067 6068
f 6190 6189 6067
f 6192 6190 6191
f 6190 6069 6191
f 6190 6068 6069
f 6070 6193 6069
f 6069 6193 6191
f 6071 6193 6070
f 6195 6194 6073
f 6073 6194 6072
f 6196 6073 6074
f 6196 6195 6073
f 6197 6074 6075
f 6197 6196 6074
f 6198 6075 6076
f 6198 6197 6075
f 6199 6076 6077
f 6199 6198 6076
f 6200 6077 6078
f 6200 6199 6077
f 6201 6078 6079
f 6201 6200 6078
f 6202 6079 6080
f 6202 6201 6079
f 6080 6065 6187
f 6080 6187 6202
f 6203 6192 6191
f 6203 6191 6193
f 6203 6193 6204
f 6204 6193 6071
f 6081 6204 6071
f 6205 6204 6081
f 6081 6082 6205
f 6205 6082 6206
f 6208 6207 6085
f 6085 6207 6084
f 6209 6085 6086
f 6209 6208 6085
f 6210 6086 6087
f 6210 6209 6086
f 6211 6087 6088
f 6211 6210 6087
f 6212 6088 6089
f 6212 6211 6088
f 6213 6089 6090
f 6213 6212 6089
f 6090 6072 6194
f 6090 6194 6213
f 6214 6206 6082
f 6214 6082 6091
f 6091 6092 6214
f 6214 6092 6215
f 6217 6216 6094
f 6094 6216 6093
f 6218 6094 6095
f 6218 6217 6094
f 6095 6084 6207
f 6095 6207 6218
f 6219 6215 6092
f 6219 6092 6096
f 6096 6098 6219
f 6219 6098 6220
f 6221 6099 6100
f 6221 6100 6222
f 6100 6223 6222
f 6100 6101 6223
f 6101 6093 6216
f 6101 6216 6223
f 6098 6102 6224
f 6225 6098 6224
f 6220 6098 6225
f 6103 6224 6102
f 6227 6226 6221
f 6226 6099 6221
f 6226 6104 6099
f 6227 6221 6222
f 6228 6225 6224
f 6230 6228 6229
f 6229 6228 6105
f 6228 6224 6105
f 6224 6103 6105
f 6106 6229 6105
f 6232 6231 6108
f 6108 6231 6107
f 6108 6104 6226
f 6108 6226 6232
f 6233 6230 6229
f 6229 6106 6233
f 6106 6234 6233
f 6106 6109 6234
f 6236 6235 6111
f 6111 6235 6110
f 6111 6107 6231
f 6111 6231 6236
f 6112 6234 6109
f 6112 6237 6234
f 6235 6113 6110
f 6238 6113 6235
f 6114 6237 6112
f 6114 6239 6237
f 6238 6115 6113
f 6240 6115 6238
f 6114 6116 6241
f 6242 6114 6241
f 6239 6114 6242
f 6117 6241 6116
f 6240 6118 6115
f 6243 6118 6240
f 6242 6241 6244
f 6242 6244 6245
f 6119 6244 6117
f 6117 6244 6241
f 6247 6120 6246
f 6120 6243 6246
f 6120 6118 6243
f 6248 6247 6246
f 6245 6244 6249
f 6245 6249 6250
f 6121 6249 6119
f 6119 6249 6244
f 6247 6122 6120
f 6124 6122 6247
f 6248 6124 6247
f 6251 6124 6248
f 6250 6249 6125
f 6126 6250 6125
f 6252 6250 6126
f 6125 6249 6121
f 6251 6127 6124
f 6253 6127 6251
f 6128 6252 6126
f 6128 6254 6252
f 6253 6129 6127
f 6255 6129 6253
f 6130 6254 6128
f 6130 6256 6254
f 6255 6131 6129
f 6257 6131 6255
f 6260 6259 6258
f 6259 6256 6258
f 6256 6132 6258
f 6256 6130 6132
f 6257 6133 6131
f 6261 6133 6257
f 6264 6263 6262
f 6262 6263 6260
f 6262 6260 6258
f 6136 6262 6258
f 6135 6136 6258
f 6135 6258 6132
f 6261 6137 6133
f 6265 6137 6261
f 6264 6262 6138
f 6139 6264 6138
f 6266 6264 6139
f 6138 6262 6136
f 6265 6140 6137
f 6267 6140 6265
f 6269 6268 6142
f 6269 6142 6143
f 6142 6270 6144
f 6268 6270 6142
f 6139 6144 6266
f 6266 6144 6270
f 6267 6271 6140
f 6140 6271 6145
f 6147 6145 6271
f 6147 6271 6272
f 6274 6273 6149
f 6274 6149 6150
f 6143 6149 6269
f 6269 6149 6273
f 6272 6151 6147
f 6275 6151 6272
f 6277 6276 6152
f 6277 6152 6153
f 6152 6278 6154
f 6276 6278 6152
f 6150 6154 6274
f 6274 6154 6278
f 6275 6279 6151
f 6151 6279 6155
f 6281 6280 6156
f 6155 6281 6156
f 6279 6281 6155
f 6282 6280 6281
f 6285 6284 6283
f 6157 6158 6283
f 6284 6157 6283
f 6286 6157 6284
f 6153 6157 6277
f 6277 6157 6286
f 6280 6159 6156
f 6282 6287 6280
f 6287 6159 6280
f 6287 6160 6159
f 6161 6160 6287
f 6161 6287 6288
f 6290 6289 6162
f 6290 6162 6163
f 6162 6291 6164
f 6289 6291 6162
f 6283 6165 6285
f 6165 6291 6285
f 6165 6164 6291
f 6165 6283 6158
f 6288 6292 6161
f 6161 6292 6166
f 6166 6293 6167
f 6292 6293 6166
f 6168 6167 6293
f 6168 6293 6294
f 6297 6296 6295
f 6169 6170 6295
f 6296 6169 6295
f 6298 6169 6296
f 6163 6169 6290
f 6290 6169 6298
f 6294 6299 6168
f 6168 6299 6171
f 6171 6300 6174
f 6299 6300 6171
f 6174 6301 6176
f 6300 6301 6174
f 6303 6302 6177
f 6176 6303 6177
f 6301 6303 6176
f 6304 6302 6303
f 6306 6305 6178
f 6306 6178 6179
f 6178 6307 6180
f 6305 6307 6178
f 6295 6181 6297
f 6181 6307 6297
f 6181 6180 6307
f 6181 6295 6170
f 6302 6182 6177
f 6304 6308 6302
f 6308 6182 6302
f 6308 6183 6182
f 6183 6309 6184
f 6308 6309 6183
f 6184 6310 6185
f 6309 6310 6184
f 6185 6311 6186
f 6310 6311 6185
f 6179 6186 6306
f 6306 6186 6311
f 6312 6187 6188
f 6189 6313 6188
f 6188 6313 6312
f 6190 6314 6189
f 6189 6314 6313
f 6192 6314 6190
f 6315 6194 6195
f 6196 6316 6195
f 6195 6316 6315
f 6316 6196 6317
f 6196 6318 6317
f 6196 6197 6318
f 6319 6197 6198
f 6319 6318 6197
f 6320 6198 6199
f 6320 6319 6198
f 6321 6199 6200
f 6321 6320 6199
f 6322 6200 6201
f 6322 6321 6200
f 6323 6201 6202
f 6323 6322 6201
f 6202 6187 6312
f 6324 6202 6312
f 6323 6202 6324
f 6324 6312 6313
f 6324 6313 6325
f 6325 6313 6314
f 6325 6314 6326
f 6326 6314 6192
f 6203 6326 6192
f 6327 6326 6203
f 6328 6203 6204
f 6328 6327 6203
f 6330 6328 6329
f 6328 6205 6329
f 6328 6204 6205
f 6206 6329 6205
f 6331 6207 6208
f 6331 6208 6332
f 6208 6333 6332
f 6208 6209 6333
f 6334 6209 6210
f 6334 6333 6209
f 6335 6210 6211
f 6335 6334 6210
f 6336 6211 6212
f 6336 6335 6211
f 6337 6212 6213
f 6337 6336 6212
f 6213 6194 6315
f 6338 6213 6315
f 6337 6213 6338
f 6338 6315 6316
f 6338 6316 6339
f 6339 6316 6317
f 6340 6330 6329
f 6342 6340 6341
f 6341 6340 6214
f 6340 6329 6214
f 6329 6206 6214
f 6215 6341 6214
f 6343 6216 6217
f 6343 6217 6344
f 6217 6345 6344
f 6217 6218 6345
f 6218 6207 6331
f 6346 6218 6331
f 6345 6218 6346
f 6346 6331 6332
f 6347 6342 6341
f 6349 6347 6348
f 6348 6347 6219
f 6347 6341 6219
f 6341 6215 6219
f 6220 6348 6219
f 6351 6350 6223
f 6223 6350 6222
f 6223 6216 6343
f 6352 6223 6343
f 6351 6223 6352
f 6352 6343 6344
f 6353 6349 6348
f 6348 6220 6353
f 6220 6354 6353
f 6220 6225 6354
f 6356 6355 6227
f 6227 6355 6226
f 6227 6222 6350
f 6227 6350 6356
f 6225 6228 6357
f 6358 6225 6357
f 6354 6225 6358
f 6230 6357 6228
f 6360 6359 6232
f 6232 6359 6231
f 6232 6226 6355
f 6232 6355 6360
f 6361 6358 6357
f 6363 6361 6362
f 6362 6361 6233
f 6361 6357 6233
f 6357 6230 6233
f 6234 6362 6233
f 6364 6235 6236
f 6365 6364 6236
f 6231 6365 6236
f 6359 6365 6231
f 6366 6363 6362
f 6362 6234 6366
f 6234 6367 6366
f 6234 6237 6367
f 6368 6238 6364
f 6364 6238 6235
f 6364 6365 6369
f 6364 6369 6368
f 6239 6367 6237
f 6239 6370 6367
f 6371 6240 6368
f 6368 6240 6238
f 6368 6369 6372
f 6368 6372 6371
f 6242 6370 6239
f 6242 6373 6370
f 6374 6243 6371
f 6371 6243 6240
f 6371 6372 6375
f 6371 6375 6374
f 6245 6373 6242
f 6245 6376 6373
f 6374 6246 6243
f 6248 6246 6374
f 6375 6248 6374
f 6377 6248 6375
f 6250 6376 6245
f 6250 6378 6376
f 6377 6251 6248
f 6379 6251 6377
f 6252 6378 6250
f 6252 6380 6378
f 6379 6253 6251
f 6381 6253 6379
f 6254 6380 6252
f 6254 6382 6380
f 6381 6255 6253
f 6383 6255 6381
f 6386 6385 6384
f 6385 6382 6384
f 6382 6256 6384
f 6382 6254 6256
f 6383 6257 6255
f 6387 6257 6383
f 6386 6384 6259
f 6260 6386 6259
f 6388 6386 6260
f 6259 6384 6256
f 6387 6261 6257
f 6389 6261 6387
f 6391 6390 6263
f 6391 6263 6264
f 6260 6263 6388
f 6388 6263 6390
f 6393 6265 6392
f 6265 6389 6392
f 6265 6261 6389
f 6394 6393 6392
f 6397 6396 6395
f 6399 6398 6395
f 6399 6395 6396
f 6399 6391 6398
f 6391 6266 6398
f 6391 6264 6266
f 6400 6267 6393
f 6393 6267 6265
f 6393 6394 6401
f 6393 6401 6400
f 6404 6403 6402
f 6402 6403 6397
f 6402 6397 6395
f 6269 6402 6395
f 6268 6269 6395
f 6268 6395 6270
f 6270 6395 6398
f 6270 6398 6266
f 6400 6271 6267
f 6406 6405 6272
f 6406 6272 6271
f 6401 6406 6271
f 6400 6401 6271
f 6407 6405 6406
f 6410 6409 6408
f 6412 6411 6408
f 6412 6408 6409
f 6411 6412 6404
f 6411 6404 6402
f 6274 6411 6402
f 6273 6274 6402
f 6273 6402 6269
f 6413 6275 6405
f 6405 6275 6272
f 6405 6407 6414
f 6405 6414 6413
f 6417 6416 6415
f 6415 6416 6410
f 6415 6410 6408
f 6277 6415 6408
f 6276 6277 6408
f 6276 6408 6278
f 6278 6408 6411
f 6278 6411 6274
f 6413 6279 6275
f 6414 6418 6413
f 6418 6279 6413
f 6418 6281 6279
f 6282 6281 6418
f 6282 6418 6419
f 6422 6421 6420
f 6284 6285 6420
f 6421 6284 6420
f 6423 6284 6421
f 6415 6286 6417
f 6286 6423 6417
f 6286 6284 6423
f 6286 6415 6277
f 6419 6424 6282
f 6282 6424 6287
f 6426 6425 6288
f 6287 6426 6288
f 6424 6426 6287
f 6427 6425 6426
f 6429 6428 6289
f 6429 6289 6290
f 6420 6291 6422
f 6291 6428 6422
f 6291 6289 6428
f 6291 6420 6285
f 6425 6292 6288
f 6427 6430 6425
f 6430 6292 6425
f 6430 6293 6292
f 6432 6431 6294
f 6293 6432 6294
f 6430 6432 6293
f 6433 6431 6432
f 6435 6434 6296
f 6435 6296 6297
f 6296 6436 6298
f 6434 6436 6296
f 6290 6298 6429
f 6429 6298 6436
f 6431 6299 6294
f 6433 6437 6431
f 6437 6299 6431
f 6437 6300 6299
f 6300 6438 6301
f 6437 6438 6300
f 6301 6439 6303
f 6438 6439 6301
f 6304 6303 6439
f 6304 6439 6440
f 6443 6442 6441
f 6305 6306 6441
f 6442 6305 6441
f 6444 6305 6442
f 6305 6445 6307
f 6444 6445 6305
f 6297 6307 6435
f 6435 6307 6445
f 6440 6446 6304
f 6304 6446 6308
f 6308 6447 6309
f 6446 6447 6308
f 6309 6448 6310
f 6447 6448 6309
f 6441 6311 6443
f 6311 6448 6443
f 6311 6310 6448
f 6311 6441 6306
f 6449 6317 6318
f 6449 6318 6450
f 6318 6451 6450
f 6318 6319 6451
f 6452 6319 6320
f 6452 6451 6319
f 6453 6320 6321
f 6453 6452 6320
f 6454 6321 6322
f 6454 6453 6321
f 6455 6322 6323
f 6455 6454 6322
f 6456 6323 6324
f 6456 6455 6323
f 6457 6324 6325
f 6457 6456 6324
f 6458 6325 6326
f 6458 6457 6325
f 6459 6326 6327
f 6459 6458 6326
f 6461 6459 6460
f 6459 6328 6460
f 6459 6327 6328
f 6330 6460 6328
f 6463 6462 6333
f 6333 6462 6332
f 6464 6333 6334
f 6464 6463 6333
f 6465 6334 6335
f 6465 6464 6334
f 6466 6335 6336
f 6466 6465 6335
f 6467 6336 6337
f 6467 6466 6336
f 6468 6337 6338
f 6468 6467 6337
f 6469 6338 6339
f 6469 6468 6338
f 6339 6317 6449
f 6470 6339 6449
f 6469 6339 6470
f 6470 6449 6450
f 6471 6461 6460
f 6473 6471 6472
f 6472 6471 6340
f 6471 6460 6340
f 6460 6330 6340
f 6342 6472 6340
f 6475 6474 6345
f 6345 6474 6344
f 6476 6345 6346
f 6476 6475 6345
f 6346 6332 6462
f 6346 6462 6476
f 6477 6473 6472
f 6477 6472 6342
f 6347 6477 6342
f 6478 6477 6347
f 6347 6349 6478
f 6478 6349 6479
f 6480 6350 6351
f 6480 6351 6481
f 6351 6482 6481
f 6351 6352 6482
f 6352 6344 6474
f 6352 6474 6482
f 6483 6479 6349
f 6483 6349 6353
f 6353 6354 6483
f 6483 6354 6484
f 6485 6355 6356
f 6486 6485 6356
f 6486 6356 6350
f 6487 6486 6350
f 6480 6487 6350
f 6487 6480 6481
f 6358 6484 6354
f 6358 6488 6484
f 6489 6359 6360
f 6490 6489 6360
f 6490 6360 6355
f 6491 6490 6355
f 6485 6491 6355
f 6491 6485 6486
f 6358 6361 6492
f 6493 6358 6492
f 6488 6358 6493
f 6363 6492 6361
f 6495 6494 6489
f 6494 6359 6489
f 6494 6365 6359
f 6495 6489 6490
f 6496 6493 6492
f 6498 6496 6497
f 6497 6496 6366
f 6496 6492 6366
f 6492 6363 6366
f 6367 6497 6366
f 6494 6369 6365
f 6499 6369 6494
f 6498 6497 6500
f 6498 6500 6501
f 6370 6500 6367
f 6367 6500 6497
f 6499 6372 6369
f 6502 6372 6499
f 6501 6500 6503
f 6501 6503 6504
f 6373 6503 6370
f 6370 6503 6500
f 6502 6375 6372
f 6505 6375 6502
f 6504 6503 6506
f 6504 6506 6507
f 6376 6506 6373
f 6373 6506 6503
f 6505 6377 6375
f 6508 6377 6505
f 6507 6506 6509
f 6507 6509 6510
f 6378 6509 6376
f 6376 6509 6506
f 6508 6379 6377
f 6511 6379 6508
f 6510 6509 6512
f 6510 6512 6513
f 6380 6512 6378
f 6378 6512 6509
f 6511 6381 6379
f 6514 6381 6511
f 6513 6512 6515
f 6513 6515 6516
f 6382 6515 6380
f 6380 6515 6512
f 6514 6383 6381
f 6517 6383 6514
f 6520 6519 6518
f 6518 6519 6516
f 6518 6516 6515
f 6386 6518 6515
f 6385 6386 6515
f 6385 6515 6382
f 6517 6387 6383
f 6521 6387 6517
f 6524 6523 6522
f 6522 6523 6520
f 6518 6522 6520
f 6525 6522 6518
f 6388 6525 6386
f 6386 6525 6518
f 6521 6389 6387
f 6526 6389 6521
f 6524 6522 6527
f 6524 6527 6528
f 6391 6527 6390
f 6527 6525 6390
f 6527 6522 6525
f 6390 6525 6388
f 6526 6529 6389
f 6389 6529 6392
f 6394 6392 6529
f 6394 6529 6530
f 6533 6532 6531
f 6396 6397 6531
f 6532 6396 6531
f 6534 6396 6532
f 6527 6399 6528
f 6399 6534 6528
f 6399 6396 6534
f 6399 6527 6391
f 6536 6401 6535
f 6401 6530 6535
f 6401 6394 6530
f 6537 6536 6535
f 6533 6531 6403
f 6404 6533 6403
f 6538 6533 6404
f 6403 6531 6397
f 6536 6406 6401
f 6540 6539 6407
f 6540 6407 6406
f 6537 6540 6406
f 6536 6537 6406
f 6541 6539 6540
f 6544 6543 6542
f 6409 6410 6542
f 6543 6409 6542
f 6545 6409 6543
f 6409 6546 6412
f 6545 6546 6409
f 6404 6412 6538
f 6538 6412 6546
f 6547 6414 6539
f 6539 6414 6407
f 6539 6541 6548
f 6539 6548 6547
f 6544 6542 6416
f 6417 6544 6416
f 6549 6544 6417
f 6416 6542 6410
f 6547 6418 6414
f 6551 6550 6419
f 6551 6419 6418
f 6548 6551 6418
f 6547 6548 6418
f 6552 6550 6551
f 6554 6553 6421
f 6554 6421 6422
f 6421 6555 6423
f 6553 6555 6421
f 6417 6423 6549
f 6549 6423 6555
f 6550 6424 6419
f 6552 6556 6550
f 6556 6424 6550
f 6556 6426 6424
f 6558 6557 6427
f 6426 6558 6427
f 6556 6558 6426
f 6559 6557 6558
f 6562 6561 6560
f 6428 6429 6560
f 6561 6428 6560
f 6563 6428 6561
f 6422 6428 6554
f 6554 6428 6563
f 6557 6430 6427
f 6559 6564 6557
f 6564 6430 6557
f 6564 6432 6430
f 6433 6432 6564
f 6433 6564 6565
f 6567 6566 6434
f 6567 6434 6435
f 6560 6436 6562
f 6436 6566 6562
f 6436 6434 6566
f 6436 6560 6429
f 6565 6568 6433
f 6433 6568 6437
f 6437 6569 6438
f 6568 6569 6437
f 6438 6570 6439
f 6569 6570 6438
f 6572 6571 6440
f 6439 6572 6440
f 6570 6572 6439
f 6574 6573 6571
f 6574 6571 6572
f 6576 6575 6573
f 6576 6573 6574
f 6442 6443 6575
f 6576 6442 6575
f 6577 6442 6576
f 6442 6578 6444
f 6577 6578 6442
f 6444 6579 6445
f 6578 6579 6444
f 6435 6445 6567
f 6567 6445 6579
f 6571 6446 6440
f 6446 6571 6447
f 6447 6571 6573
f 6447 6573 6448
f 6448 6573 6575
f 6448 6575 6443
f 6580 6450 6451
f 6452 6581 6451
f 6451 6581 6580
f 6453 6582 6452
f 6452 6582 6581
f 6582 6453 6583
f 6453 6584 6583
f 6453 6454 6584
f 6585 6454 6455
f 6585 6584 6454
f 6586 6455 6456
f 6586 6585 6455
f 6588 6586 6587
f 6586 6457 6587
f 6586 6456 6457
f 6458 6589 6457
f 6457 6589 6587
f 6459 6590 6458
f 6458 6590 6589
f 6461 6590 6459
f 6591 6462 6463
f 6464 6592 6463
f 6463 6592 6591
f 6465 6593 6464
f 6464 6593 6592
f 6466 6594 6465
f 6465 6594 6593
f 6467 6595 6466
f 6466 6595 6594
f 6468 6596 6467
f 6467 6596 6595
f 6596 6468 6597
f 6468 6598 6597
f 6468 6469 6598
f 6599 6469 6470
f 6599 6598 6469
f 6470 6450 6580
f 6600 6470 6580
f 6599 6470 6600
f 6600 6580 6581
f 6600 6581 6601
f 6601 6581 6582
f 6601 6582 6602
f 6602 6582 6583
f 6603 6588 6587
f 6603 6587 6589
f 6603 6589 6604
f 6604 6589 6590
f 6604 6590 6605
f 6607 6605 6606
f 6606 6605 6471
f 6605 6590 6471
f 6590 6461 6471
f 6473 6606 6471
f 6608 6474 6475
f 6476 6609 6475
f 6475 6609 6608
f 6610 6609 6476
f 6610 6476 6462
f 6611 6610 6462
f 6591 6611 6462
f 6611 6591 6592
f 6611 6592 6612
f 6612 6592 6593
f 6612 6593 6613
f 6613 6593 6594
f 6613 6594 6614
f 6614 6594 6595
f 6614 6595 6615
f 6615 6595 6596
f 6615 6596 6616
f 6616 6596 6597
f 6617 6607 6606
f 6617 6606 6473
f 6477 6617 6473
f 6618 6617 6477
f 6620 6618 6619
f 6618 6478 6619
f 6618 6477 6478
f 6479 6619 6478
f 6622 6621 6482
f 6482 6621 6481
f 6482 6474 6608
f 6623 6482 6608
f 6622 6482 6623
f 6623 6608 6609
f 6623 6609 6624
f 6624 6609 6610
f 6625 6620 6619
f 6627 6625 6626
f 6626 6625 6483
f 6625 6619 6483
f 6619 6479 6483
f 6484 6626 6483
f 6628 6486 6487
f 6629 6628 6487
f 6481 6629 6487
f 6621 6629 6481
f 6630 6627 6626
f 6626 6484 6630
f 6484 6631 6630
f 6484 6488 6631
f 6632 6490 6491
f 6633 6632 6491
f 6633 6491 6486
f 6634 6633 6486
f 6628 6634 6486
f 6634 6628 6629
f 6493 6631 6488
f 6493 6635 6631
f 6636 6494 6495
f 6637 6636 6495
f 6637 6495 6490
f 6638 6637 6490
f 6632 6638 6490
f 6638 6632 6633
f 6493 6496 6639
f 6640 6493 6639
f 6635 6493 6640
f 6498 6639 6496
f 6641 6499 6636
f 6636 6499 6494
f 6636 6637 6642
f 6636 6642 6641
f 6640 6639 6643
f 6640 6643 6644
f 6501 6643 6498
f 6498 6643 6639
f 6646 6645 6641
f 6645 6499 6641
f 6645 6502 6499
f 6646 6641 6642
f 6644 6643 6647
f 6644 6647 6648
f 6504 6647 6501
f 6501 6647 6643
f 6645 6505 6502
f 6649 6505 6645
f 6648 6647 6650
f 6648 6650 6651
f 6507 6650 6504
f 6504 6650 6647
f 6649 6508 6505
f 6652 6508 6649
f 6651 6650 6653
f 6651 6653 6654
f 6510 6653 6507
f 6507 6653 6650
f 6652 6511 6508
f 6655 6511 6652
f 6654 6653 6656
f 6654 6656 6657
f 6513 6656 6510
f 6510 6656 6653
f 6655 6514 6511
f 6658 6514 6655
f 6657 6656 6659
f 6657 6659 6660
f 6516 6659 6513
f 6513 6659 6656
f 6658 6517 6514
f 6661 6517 6658
f 6664 6663 6662
f 6662 6663 6660
f 6662 6660 6659
f 6520 6662 6659
f 6519 6520 6659
f 6519 6659 6516
f 6666 6521 6665
f 6521 6661 6665
f 6521 6517 6661
f 6667 6666 6665
f 6664 6662 6523
f 6524 6664 6523
f 6668 6664 6524
f 6523 6662 6520
f 6669 6526 6666
f 6666 6526 6521
f 6666 6667 6670
f 6666 6670 6669
f 6673 6672 6671
f 6675 6674 6671
f 6675 6671 6672
f 6675 6668 6674
f 6668 6528 6674
f 6668 6524 6528
f 6669 6529 6526
f 6530 6529 6669
f 6670 6530 6669
f 6676 6530 6670
f 6673 6671 6532
f 6533 6673 6532
f 6677 6673 6533
f 6532 6671 6534
f 6534 6671 6674
f 6534 6674 6528
f 6676 6678 6530
f 6530 6678 6535
f 6537 6535 6678
f 6537 6678 6679
f 6682 6681 6680
f 6681 6677 6680
f 6677 6538 6680
f 6677 6533 6538
f 6679 6683 6537
f 6537 6683 6540
f 6541 6540 6683
f 6541 6683 6684
f 6686 6685 6543
f 6686 6543 6544
f 6543 6687 6545
f 6685 6687 6543
f 6680 6546 6682
f 6546 6687 6682
f 6546 6545 6687
f 6546 6680 6538
f 6689 6548 6688
f 6548 6684 6688
f 6548 6541 6684
f 6691 6690 6689
f 6691 6689 6688
f 6692 6690 6691
f 6695 6694 6693
f 6694 6686 6693
f 6686 6549 6693
f 6686 6544 6549
f 6689 6551 6548
f 6551 6689 6552
f 6689 6696 6552
f 6689 6690 6696
f 6690 6692 6697
f 6698 6690 6697
f 6696 6690 6698
f 6699 6698 6697
f 6701 6700 6553
f 6701 6553 6554
f 6693 6555 6695
f 6555 6700 6695
f 6555 6553 6700
f 6555 6693 6549
f 6696 6556 6552
f 6556 6696 6558
f 6558 6696 6698
f 6703 6702 6559
f 6703 6559 6558
f 6699 6703 6558
f 6698 6699 6558
f 6705 6704 6702
f 6705 6702 6703
f 6707 6706 6704
f 6707 6704 6705
f 6708 6706 6707
f 6711 6710 6709
f 6561 6562 6709
f 6710 6561 6709
f 6712 6561 6710
f 6561 6713 6563
f 6712 6713 6561
f 6554 6563 6701
f 6701 6563 6713
f 6702 6564 6559
f 6564 6702 6565
f 6702 6714 6565
f 6702 6704 6714
f 6715 6704 6706
f 6714 6704 6715
f 6706 6708 6716
f 6717 6706 6716
f 6715 6706 6717
f 6719 6718 6717
f 6719 6717 6716
f 6721 6720 6718
f 6721 6718 6719
f 6723 6722 6720
f 6723 6720 6721
f 6725 6724 6722
f 6725 6722 6723
f 6727 6726 6724
f 6727 6724 6725
f 6729 6728 6726
f 6729 6726 6727
f 6728 6729 6711
f 6728 6711 6709
f 6567 6728 6709
f 6566 6567 6709
f 6566 6709 6562
f 6714 6568 6565
f 6568 6714 6569
f 6569 6714 6715
f 6569 6715 6570
f 6570 6715 6717
f 6570 6717 6572
f 6572 6717 6718
f 6572 6718 6574
f 6574 6718 6720
f 6574 6720 6576
f 6576 6720 6722
f 6576 6722 6577
f 6577 6722 6724
f 6577 6724 6578
f 6578 6724 6726
f 6578 6726 6579
f 6579 6726 6728
f 6579 6728 6567
f 6730 6583 6584
f 6585 6731 6584
f 6584 6731 6730
f 6586 6732 6585
f 6585 6732 6731
f 6588 6732 6586
f 6733 6597 6598
f 6733 6598 6734
f 6598 6735 6734
f 6598 6599 6735
f 6736 6599 6600
f 6736 6735 6599
f 6737 6600 6601
f 6737 6736 6600
f 6738 6601 6602
f 6738 6737 6601
f 6602 6583 6730
f 6739 6602 6730
f 6738 6602 6739
f 6739 6730 6731
f 6739 6731 6740
f 6740 6731 6732
f 6740 6732 6741
f 6741 6732 6588
f 6603 6741 6588
f 6742 6741 6603
f 6743 6603 6604
f 6743 6742 6603
f 6745 6743 6744
f 6743 6605 6744
f 6743 6604 6605
f 6607 6744 6605
f 6746 6610 6611
f 6612 6747 6611
f 6611 6747 6746
f 6613 6748 6612
f 6612 6748 6747
f 6748 6613 6749
f 6613 6750 6749
f 6613 6614 6750
f 6751 6614 6615
f 6751 6750 6614
f 6752 6615 6616
f 6752 6751 6615
f 6616 6597 6733
f 6753 6616 6733
f 6752 6616 6753
f 6753 6733 6734
f 6754 6745 6744
f 6754 6744 6607
f 6617 6754 6607
f 6755 6754 6617
f 6757 6755 6756
f 6755 6618 6756
f 6755 6617 6618
f 6620 6756 6618
f 6758 6621 6622
f 6758 6622 6759
f 6622 6760 6759
f 6622 6623 6760
f 6761 6623 6624
f 6761 6760 6623
f 6624 6610 6746
f 6762 6624 6746
f 6761 6624 6762
f 6762 6746 6747
f 6762 6747 6763
f 6763 6747 6748
f 6763 6748 6764
f 6764 6748 6749
f 6765 6757 6756
f 6767 6765 6766
f 6766 6765 6625
f 6765 6756 6625
f 6756 6620 6625
f 6627 6766 6625
f 6768 6629 6758
f 6758 6629 6621
f 6758 6759 6769
f 6758 6769 6768
f 6767 6766 6770
f 6767 6770 6771
f 6630 6772 6627
f 6772 6766 6627
f 6772 6770 6766
f 6631 6772 6630
f 6774 6773 6634
f 6634 6773 6633
f 6634 6629 6768
f 6775 6634 6768
f 6774 6634 6775
f 6775 6768 6769
f 6776 6771 6770
f 6778 6777 6776
f 6770 6778 6776
f 6772 6778 6770
f 6635 6778 6631
f 6631 6778 6772
f 6780 6779 6638
f 6638 6779 6637
f 6638 6633 6773
f 6638 6773 6780
f 6777 6778 6781
f 6777 6781 6782
f 6640 6781 6635
f 6635 6781 6778
f 6779 6642 6637
f 6783 6642 6779
f 6782 6781 6784
f 6782 6784 6785
f 6644 6784 6640
f 6640 6784 6781
f 6786 6645 6646
f 6787 6786 6646
f 6642 6787 6646
f 6783 6787 6642
f 6788 6785 6784
f 6784 6644 6788
f 6644 6789 6788
f 6644 6648 6789
f 6790 6649 6786
f 6786 6649 6645
f 6786 6787 6791
f 6786 6791 6790
f 6651 6789 6648
f 6651 6792 6789
f 6793 6652 6790
f 6790 6652 6649
f 6790 6791 6794
f 6790 6794 6793
f 6654 6792 6651
f 6654 6795 6792
f 6796 6655 6793
f 6793 6655 6652
f 6793 6794 6797
f 6793 6797 6796
f 6800 6799 6798
f 6799 6795 6798
f 6795 6657 6798
f 6795 6654 6657
f 6801 6658 6796
f 6796 6658 6655
f 6796 6797 6802
f 6796 6802 6801
f 6805 6804 6803
f 6803 6804 6800
f 6798 6803 6800
f 6806 6803 6798
f 6660 6806 6657
f 6657 6806 6798
f 6807 6661 6801
f 6801 6661 6658
f 6801 6802 6808
f 6801 6808 6807
f 6805 6803 6809
f 6805 6809 6810
f 6664 6809 6663
f 6809 6806 6663
f 6809 6803 6806
f 6663 6806 6660
f 6807 6665 6661
f 6667 6665 6807
f 6808 6667 6807
f 6811 6667 6808
f 6814 6813 6812
f 6812 6813 6810
f 6809 6812 6810
f 6815 6812 6809
f 6668 6815 6664
f 6664 6815 6809
f 6817 6670 6816
f 6670 6811 6816
f 6670 6667 6811
f 6818 6817 6816
f 6821 6820 6819
f 6819 6820 6814
f 6819 6814 6812
f 6673 6819 6812
f 6672 6673 6812
f 6672 6812 6675
f 6675 6812 6815
f 6675 6815 6668
f 6822 6676 6817
f 6817 6676 6670
f 6817 6818 6823
f 6817 6823 6822
f 6826 6825 6824
f 6824 6825 6821
f 6819 6824 6821
f 6827 6824 6819
f 6677 6827 6673
f 6673 6827 6819
f 6822 6678 6676
f 6829 6828 6679
f 6829 6679 6678
f 6823 6829 6678
f 6822 6823 6678
f 6830 6828 6829
f 6826 6824 6831
f 6826 6831 6832
f 6682 6831 6681
f 6831 6827 6681
f 6831 6824 6827
f 6681 6827 6677
f 6828 6683 6679
f 6684 6683 6828
f 6830 6684 6828
f 6833 6684 6830
f 6835 6834 6685
f 6835 6685 6686
f 6831 6687 6832
f 6687 6834 6832
f 6687 6685 6834
f 6687 6831 6682
f 6833 6836 6684
f 6684 6836 6688
f 6688 6837 6691
f 6836 6837 6688
f 6839 6838 6692
f 6691 6839 6692
f 6837 6839 6691
f 6840 6838 6839
f 6842 6841 6694
f 6842 6694 6695
f 6686 6694 6835
f 6835 6694 6841
f 6838 6697 6692
f 6844 6843 6699
f 6844 6699 6697
f 6840 6844 6697
f 6838 6840 6697
f 6846 6845 6843
f 6846 6843 6844
f 6847 6845 6846
f 6849 6848 6700
f 6849 6700 6701
f 6695 6700 6842
f 6842 6700 6848
f 6843 6703 6699
f 6703 6843 6705
f 6705 6843 6845
f 6847 6850 6845
f 6850 6705 6845
f 6850 6707 6705
f 6852 6851 6708
f 6707 6852 6708
f 6850 6852 6707
f 6854 6853 6851
f 6854 6851 6852
f 6856 6855 6853
f 6856 6853 6854
f 6858 6857 6855
f 6858 6855 6856
f 6860 6859 6857
f 6860 6857 6858
f 6862 6861 6859
f 6862 6859 6860
f 6864 6863 6861
f 6864 6861 6862
f 6710 6711 6863
f 6864 6710 6863
f 6865 6710 6864
f 6710 6866 6712
f 6865 6866 6710
f 6712 6867 6713
f 6866 6867 6712
f 6701 6713 6849
f 6849 6713 6867
f 6851 6716 6708
f 6716 6851 6719
f 6719 6851 6853
f 6719 6853 6721
f 6721 6853 6855
f 6721 6855 6723
f 6723 6855 6857
f 6723 6857 6725
f 6725 6857 6859
f 6725 6859 6727
f 6727 6859 6861
f 6727 6861 6729
f 6729 6861 6863
f 6729 6863 6711
f 6868 6734 6735
f 6736 6869 6735
f 6735 6869 6868
f 6737 6870 6736
f 6736 6870 6869
f 6738 6871 6737
f 6737 6871 6870
f 6739 6872 6738
f 6738 6872 6871
f 6740 6873 6739
f 6739 6873 6872
f 6741 6874 6740
f 6740 6874 6873
f 6742 6875 6741
f 6741 6875 6874
f 6743 6876 6742
f 6742 6876 6875
f 6745 6876 6743
f 6877 6749 6750
f 6751 6878 6750
f 6750 6878 6877
f 6878 6751 6879
f 6751 6880 6879
f 6751 6752 6880
f 6881 6752 6753
f 6881 6880 6752
f 6753 6734 6868
f 6882 6753 6868
f 6881 6753 6882
f 6882 6868 6869
f 6882 6869 6883
f 6883 6869 6870
f 6883 6870 6884
f 6884 6870 6871
f 6884 6871 6885
f 6885 6871 6872
f 6885 6872 6886
f 6886 6872 6873
f 6886 6873 6887
f 6887 6873 6874
f 6887 6874 6888
f 6888 6874 6875
f 6888 6875 6889
f 6889 6875 6876
f 6889 6876 6890
f 6892 6890 6891
f 6891 6890 6754
f 6890 6876 6754
f 6876 6745 6754
f 6755 6893 6754
f 6754 6893 6891
f 6757 6893 6755
f 6894 6759 6760
f 6761 6895 6760
f 6760 6895 6894
f 6762 6896 6761
f 6761 6896 6895
f 6896 6762 6897
f 6762 6898 6897
f 6762 6763 6898
f 6899 6763 6764
f 6899 6898 6763
f 6764 6749 6877
f 6900 6764 6877
f 6899 6764 6900
f 6900 6877 6878
f 6900 6878 6901
f 6901 6878 6879
f 6902 6892 6891
f 6904 6903 6902
f 6891 6904 6902
f 6893 6904 6891
f 6765 6905 6757
f 6905 6893 6757
f 6905 6904 6893
f 6767 6905 6765
f 6906 6769 6894
f 6894 6769 6759
f 6895 6908 6907
f 6906 6895 6907
f 6894 6895 6906
f 6908 6895 6896
f 6908 6896 6909
f 6909 6896 6897
f 6910 6903 6904
f 6912 6911 6910
f 6904 6912 6910
f 6905 6912 6904
f 6771 6912 6767
f 6767 6912 6905
f 6913 6773 6774
f 6775 6914 6774
f 6774 6914 6913
f 6915 6914 6775
f 6915 6775 6769
f 6916 6915 6769
f 6906 6916 6769
f 6916 6906 6907
f 6917 6911 6912
f 6919 6917 6918
f 6918 6917 6776
f 6917 6912 6776
f 6912 6771 6776
f 6777 6918 6776
f 6920 6779 6780
f 6773 6913 6780
f 6913 6920 6780
f 6913 6921 6920
f 6914 6923 6922
f 6921 6914 6922
f 6913 6914 6921
f 6923 6914 6915
f 6924 6919 6918
f 6918 6777 6924
f 6777 6925 6924
f 6777 6782 6925
f 6926 6783 6920
f 6920 6783 6779
f 6921 6928 6927
f 6926 6921 6927
f 6920 6921 6926
f 6928 6921 6922
f 6785 6925 6782
f 6785 6929 6925
f 6931 6930 6926
f 6930 6783 6926
f 6930 6787 6783
f 6931 6926 6927
f 6785 6788 6932
f 6933 6785 6932
f 6929 6785 6933
f 6789 6932 6788
f 6930 6791 6787
f 6934 6791 6930
f 6933 6932 6935
f 6933 6935 6936
f 6792 6935 6789
f 6789 6935 6932
f 6934 6794 6791
f 6937 6794 6934
f 6940 6939 6938
f 6938 6939 6936
f 6935 6938 6936
f 6941 6938 6935
f 6795 6941 6792
f 6792 6941 6935
f 6937 6797 6794
f 6942 6797 6937
f 6940 6938 6943
f 6940 6943 6944
f 6800 6943 6799
f 6943 6941 6799
f 6943 6938 6941
f 6799 6941 6795
f 6942 6802 6797
f 6945 6802 6942
f 6948 6947 6946
f 6946 6947 6944
f 6946 6944 6943
f 6805 6946 6943
f 6804 6805 6943
f 6804 6943 6800
f 6945 6808 6802
f 6949 6808 6945
f 6948 6946 6950
f 6948 6950 6951
f 6810 6950 6805
f 6805 6950 6946
f 6953 6811 6952
f 6811 6949 6952
f 6811 6808 6949
f 6954 6953 6952
f 6957 6956 6955
f 6955 6956 6951
f 6955 6951 6950
f 6814 6955 6950
f 6813 6814 6950
f 6813 6950 6810
f 6953 6816 6811
f 6959 6958 6818
f 6959 6818 6816
f 6954 6959 6816
f 6953 6954 6816
f 6960 6958 6959
f 6957 6955 6820
f 6821 6957 6820
f 6961 6957 6821
f 6820 6955 6814
f 6962 6823 6958
f 6958 6823 6818
f 6958 6960 6963
f 6964 6958 6963
f 6962 6958 6964
f 6965 6964 6963
f 6967 6966 6825
f 6967 6825 6826
f 6821 6825 6961
f 6961 6825 6966
f 6962 6829 6823
f 6829 6962 6830
f 6962 6968 6830
f 6962 6964 6968
f 6964 6965 6969
f 6970 6964 6969
f 6968 6964 6970
f 6971 6970 6969
f 6974 6973 6972
f 6973 6967 6972
f 6967 6832 6972
f 6967 6826 6832
f 6975 6833 6968
f 6968 6833 6830
f 6976 6968 6970
f 6975 6968 6976
f 6970 6971 6977
f 6970 6977 6976
f 6974 6972 6834
f 6835 6974 6834
f 6978 6974 6835
f 6834 6972 6832
f 6975 6836 6833
f 6836 6975 6837
f 6837 6975 6976
f 6977 6979 6976
f 6979 6837 6976
f 6979 6839 6837
f 6840 6839 6979
f 6840 6979 6980
f 6983 6982 6981
f 6841 6842 6981
f 6982 6841 6981
f 6984 6841 6982
f 6835 6841 6978
f 6978 6841 6984
f 6980 6985 6840
f 6840 6985 6844
f 6844 6986 6846
f 6985 6986 6844
f 6988 6987 6847
f 6846 6988 6847
f 6986 6988 6846
f 6989 6987 6988
f 6992 6991 6990
f 6994 6993 6990
f 6994 6990 6991
f 6996 6995 6993
f 6996 6993 6994
f 6998 6997 6995
f 6998 6995 6996
f 7000 6999 6997
f 7000 6997 6998
f 7002 7001 6999
f 7002 6999 7000
f 7004 7003 7001
f 7004 7001 7002
f 7003 7004 6983
f 7003 6983 6981
f 6849 7003 6981
f 6848 6849 6981
f 6848 6981 6842
f 6987 6850 6847
f 6989 7005 6987
f 7005 6850 6987
f 7005 6852 6850
f 6852 7006 6854
f 7005 7006 6852
f 6854 7007 6856
f 7006 7007 6854
f 6990 6858 6992
f 6858 7007 6992
f 6858 6856 7007
f 6858 6990 6860
f 6860 6990 6993
f 6860 6993 6862
f 6862 6993 6995
f 6862 6995 6864
f 6864 6995 6997
f 6864 6997 6865
f 6865 6997 6999
f 6865 6999 6866
f 6866 6999 7001
f 6866 7001 6867
f 6867 7001 7003
f 6867 7003 6849
f 7008 6879 6880
f 6881 7009 6880
f 6880 7009 7008
f 6882 7010 6881
f 6881 7010 7009
f 6883 7011 6882
f 6882 7011 7010
f 6884 7012 6883
f 6883 7012 7011
f 6885 7013 6884
f 6884 7013 7012
f 6886 7014 6885
f 6885 7014 7013
f 6887 7015 6886
f 6886 7015 7014
f 6888 7016 6887
f 6887 7016 7015
f 6889 7017 6888
f 6888 7017 7016
f 6890 7018 6889
f 6889 7018 7017
f 6892 7018 6890
f 7019 6897 6898
f 6899 7020 6898
f 6898 7020 7019
f 6900 7021 6899
f 6899 7021 7020
f 6901 7022 6900
f 6900 7022 7021
f 6879 7008 6901
f 7008 7022 6901
f 7008 7023 7022
f 7009 7025 7024
f 7023 7009 7024
f 7008 7009 7023
f 7025 7009 7010
f 7025 7010 7026
f 7026 7010 7011
f 7026 7011 7027
f 7027 7011 7012
f 7027 7012 7028
f 7028 7012 7013
f 7028 7013 7029
f 7029 7013 7014
f 7029 7014 7030
f 7030 7014 7015
f 7030 7015 7031
f 7031 7015 7016
f 7031 7016 7032
f 7032 7016 7017
f 7032 7017 7033
f 7035 7034 7033
f 7017 7035 7033
f 7018 7035 7017
f 6902 7036 6892
f 7036 7018 6892
f 7036 7035 7018
f 6903 7036 6902
f 7037 6907 6908
f 6909 7038 6908
f 6908 7038 7037
f 7039 7038 6909
f 7039 6909 6897
f 7040 7039 6897
f 7019 7040 6897
f 7040 7019 7020
f 7040 7020 7041
f 7041 7020 7021
f 7041 7021 7042
f 7042 7021 7022
f 7042 7022 7043
f 7043 7022 7023
f 7043 7023 7044
f 7044 7023 7024
f 7045 7034 7035
f 7045 7035 7036
f 7045 7036 7046
f 7048 7046 7047
f 7047 7046 6910
f 7046 7036 6910
f 7036 6903 6910
f 6911 7047 6910
f 7049 6915 6916
f 7050 7049 6916
f 7050 6916 6907
f 7051 7050 6907
f 7037 7051 6907
f 7051 7037 7038
f 7051 7038 7052
f 7052 7038 7039
f 7048 7047 7053
f 7048 7053 7054
f 6917 7055 6911
f 7055 7047 6911
f 7055 7053 7047
f 6919 7055 6917
f 7056 6922 6923
f 7057 7056 6923
f 7057 6923 6915
f 7058 7057 6915
f 7049 7058 6915
f 7058 7049 7050
f 7059 7054 7053
f 7061 7060 7059
f 7053 7061 7059
f 7055 7061 7053
f 6924 7062 6919
f 7062 7055 6919
f 7062 7061 7055
f 6925 7062 6924
f 7063 6927 6928
f 6922 7056 6928
f 7056 7063 6928
f 7056 7064 7063
f 7056 7057 7065
f 7056 7065 7064
f 7060 7061 7066
f 7060 7066 7067
f 7068 7061 7062
f 7066 7061 7068
f 6929 7068 6925
f 6925 7068 7062
f 7069 6930 6931
f 7070 7069 6931
f 7070 6931 6927
f 7071 7070 6927
f 7063 7071 6927
f 7071 7063 7064
f 7071 7064 7072
f 7072 7064 7065
f 7067 7066 7073
f 7067 7073 7074
f 7075 7066 7068
f 7073 7066 7075
f 6933 7075 6929
f 6929 7075 7068
f 7076 6934 7069
f 7069 6934 6930
f 7069 7070 7077
f 7069 7077 7076
f 7074 7073 7078
f 7074 7078 7079
f 7080 7073 7075
f 7078 7073 7080
f 6936 7080 6933
f 6933 7080 7075
f 7081 6937 7076
f 7076 6937 6934
f 7076 7077 7082
f 7076 7082 7081
f 7079 7078 7083
f 7079 7083 7084
f 6940 7083 6939
f 7083 7080 6939
f 7083 7078 7080
f 6939 7080 6936
f 7085 6942 7081
f 7081 6942 6937
f 7081 7082 7086
f 7081 7086 7085
f 7084 7083 7087
f 7084 7087 7088
f 6944 7087 6940
f 6940 7087 7083
f 7089 6945 7085
f 7085 6945 6942
f 7085 7086 7090
f 7085 7090 7089
f 7088 7087 6947
f 6948 7088 6947
f 7091 7088 6948
f 6947 7087 6944
f 7092 6949 7089
f 7089 6949 6945
f 7089 7090 7093
f 7089 7093 7092
f 7096 7095 7094
f 7095 7091 7094
f 7091 6951 7094
f 7091 6948 6951
f 7092 6952 6949
f 6954 6952 7092
f 7093 6954 7092
f 7097 6954 7093
f 7096 7094 6956
f 6957 7096 6956
f 7098 7096 6957
f 6956 7094 6951
f 7097 7099 6954
f 6954 7099 6959
f 7101 7100 6960
f 6959 7101 6960
f 7099 7101 6959
f 7103 7102 7100
f 7103 7100 7101
f 7104 7102 7103
f 7107 7106 7105
f 7106 7098 7105
f 7098 6961 7105
f 7098 6957 6961
f 7100 6963 6960
f 6963 7100 6965
f 7100 7108 6965
f 7100 7102 7108
f 7102 7104 7109
f 7102 7109 7108
f 7107 7105 6966
f 6967 7107 6966
f 7110 7107 6967
f 6966 7105 6961
f 7108 6969 6965
f 6971 6969 7108
f 7109 6971 7108
f 7111 6971 7109
f 7114 7113 7112
f 6973 6974 7112
f 7113 6973 7112
f 7115 6973 7113
f 6967 6973 7110
f 7110 6973 7115
f 7117 6977 7116
f 6977 7111 7116
f 6977 6971 7111
f 7118 7117 7116
f 7121 7120 7119
f 7123 7122 7119
f 7123 7119 7120
f 7125 7124 7122
f 7125 7122 7123
f 7124 7125 7114
f 7112 7124 7114
f 7126 7124 7112
f 6978 7126 6974
f 6974 7126 7112
f 7117 6979 6977
f 7128 7127 6980
f 7128 6980 6979
f 7118 7128 6979
f 7117 7118 6979
f 7130 7129 7127
f 7130 7127 7128
f 7132 7131 7129
f 7132 7129 7130
f 7134 7133 7131
f 7134 7131 7132
f 7135 7133 7134
f 7138 7137 7136
f 7140 7139 7136
f 7140 7136 7137
f 7142 7141 7139
f 7142 7139 7140
f 7144 7143 7141
f 7144 7141 7142
f 7143 7144 7121
f 7119 7143 7121
f 7145 7143 7119
f 7146 7119 7122
f 7145 7119 7146
f 6983 7146 6982
f 7146 7124 6982
f 7146 7122 7124
f 6982 7124 6984
f 6984 7124 7126
f 6984 7126 6978
f 7127 6985 6980
f 6985 7127 6986
f 6986 7127 7129
f 6986 7129 6988
f 6988 7129 7131
f 6988 7131 6989
f 7131 7147 6989
f 7131 7133 7147
f 7133 7135 7148
f 7149 7133 7148
f 7147 7133 7149
f 7151 7150 7149
f 7151 7149 7148
f 6991 6992 7150
f 7151 6991 7150
f 7152 6991 7151
f 7136 6994 7138
f 6994 7152 7138
f 6994 6991 7152
f 6994 7136 6996
f 6996 7136 7139
f 6996 7139 6998
f 6998 7139 7141
f 6998 7141 7000
f 7000 7141 7143
f 7000 7143 7002
f 7002 7143 7145
f 7002 7145 7004
f 7004 7145 7146
f 7004 7146 6983
f 7147 7005 6989
f 7005 7147 7006
f 7006 7147 7149
f 7006 7149 7007
f 7007 7149 7150
f 7007 7150 6992
f 7153 7024 7025
f 7026 7154 7025
f 7025 7154 7153
f 7027 7155 7026
f 7026 7155 7154
f 7028 7156 7027
f 7027 7156 7155
f 7029 7157 7028
f 7028 7157 7156
f 7030 7158 7029
f 7029 7158 7157
f 7031 7159 7030
f 7030 7159 7158
f 7032 7160 7031
f 7031 7160 7159
f 7033 7161 7032
f 7032 7161 7160
f 7034 7161 7033
f 7162 7039 7040
f 7041 7163 7040
f 7040 7163 7162
f 7042 7164 7041
f 7041 7164 7163
f 7043 7165 7042
f 7042 7165 7164
f 7165 7043 7166
f 7043 7167 7166
f 7043 7044 7167
f 7044 7024 7153
f 7168 7044 7153
f 7167 7044 7168
f 7168 7153 7154
f 7168 7154 7169
f 7169 7154 7155
f 7169 7155 7170
f 7170 7155 7156
f 7170 7156 7171
f 7171 7156 7157
f 7171 7157 7172
f 7172 7157 7158
f 7172 7158 7173
f 7173 7158 7159
f 7173 7159 7174
f 7176 7175 7174
f 7159 7176 7174
f 7160 7176 7159
f 7177 7160 7161
f 7176 7160 7177
f 7045 7178 7034
f 7178 7161 7034
f 7178 7177 7161
f 7046 7179 7045
f 7045 7179 7178
f 7048 7179 7046
f 7180 7050 7051
f 7052 7181 7051
f 7051 7181 7180
f 7039 7162 7052
f 7162 7181 7052
f 7162 7182 7181
f 7183 7162 7163
f 7182 7162 7183
f 7164 7185 7184
f 7183 7164 7184
f 7163 7164 7183
f 7185 7164 7165
f 7185 7165 7186
f 7186 7165 7166
f 7187 7175 7176
f 7187 7176 7177
f 7187 7177 7188
f 7190 7189 7188
f 7177 7190 7188
f 7178 7190 7177
f 7191 7178 7179
f 7190 7178 7191
f 7054 7191 7048
f 7048 7191 7179
f 7192 7057 7058
f 7193 7192 7058
f 7193 7058 7050
f 7194 7193 7050
f 7180 7194 7050
f 7194 7180 7181
f 7194 7181 7195
f 7195 7181 7182
f 7195 7182 7196
f 7196 7182 7183
f 7196 7183 7197
f 7197 7183 7184
f 7198 7189 7190
f 7198 7190 7191
f 7198 7191 7199
f 7201 7199 7200
f 7200 7199 7059
f 7199 7191 7059
f 7191 7054 7059
f 7060 7200 7059
f 7202 7065 7192
f 7192 7065 7057
f 7192 7193 7203
f 7192 7203 7202
f 7201 7200 7204
f 7201 7204 7205
f 7067 7204 7060
f 7060 7204 7200
f 7206 7070 7071
f 7072 7207 7071
f 7071 7207 7206
f 7208 7207 7072
f 7208 7072 7065
f 7209 7208 7065
f 7202 7209 7065
f 7209 7202 7203
f 7205 7204 7210
f 7205 7210 7211
f 7074 7210 7067
f 7067 7210 7204
f 7212 7077 7206
f 7206 7077 7070
f 7207 7214 7213
f 7212 7207 7213
f 7206 7207 7212
f 7214 7207 7208
f 7211 7210 7215
f 7211 7215 7216
f 7079 7215 7074
f 7074 7215 7210
f 7217 7082 7212
f 7212 7082 7077
f 7212 7213 7218
f 7212 7218 7217
f 7216 7215 7219
f 7216 7219 7220
f 7084 7219 7079
f 7079 7219 7215
f 7221 7086 7217
f 7217 7086 7082
f 7217 7218 7222
f 7217 7222 7221
f 7220 7219 7223
f 7220 7223 7224
f 7088 7223 7084
f 7084 7223 7219
f 7225 7090 7221
f 7221 7090 7086
f 7221 7222 7226
f 7221 7226 7225
f 7224 7223 7227
f 7224 7227 7228
f 7091 7227 7088
f 7088 7227 7223
f 7229 7093 7225
f 7225 7093 7090
f 7225 7226 7230
f 7225 7230 7229
f 7233 7232 7231
f 7231 7232 7228
f 7231 7228 7227
f 7096 7231 7227
f 7095 7096 7227
f 7095 7227 7091
f 7234 7097 7229
f 7229 7097 7093
f 7229 7230 7235
f 7236 7229 7235
f 7234 7229 7236
f 7238 7237 7236
f 7238 7236 7235
f 7239 7237 7238
f 7233 7231 7240
f 7233 7240 7241
f 7098 7240 7096
f 7096 7240 7231
f 7234 7099 7097
f 7099 7234 7101
f 7101 7234 7236
f 7101 7236 7103
f 7103 7236 7237
f 7243 7242 7104
f 7243 7104 7103
f 7239 7243 7103
f 7237 7239 7103
f 7244 7242 7243
f 7247 7246 7245
f 7245 7246 7241
f 7245 7241 7240
f 7107 7245 7240
f 7106 7107 7240
f 7106 7240 7098
f 7248 7109 7242
f 7242 7109 7104
f 7242 7244 7249
f 7250 7242 7249
f 7248 7242 7250
f 7252 7251 7250
f 7252 7250 7249
f 7253 7251 7252
f 7256 7255 7254
f 7258 7257 7254
f 7258 7254 7255
f 7257 7258 7247
f 7245 7257 7247
f 7259 7257 7245
f 7110 7259 7107
f 7107 7259 7245
f 7260 7111 7248
f 7248 7111 7109
f 7261 7248 7250
f 7260 7248 7261
f 7262 7250 7251
f 7261 7250 7262
f 7251 7253 7263
f 7251 7263 7262
f 7266 7265 7264
f 7264 7265 7256
f 7254 7264 7256
f 7267 7264 7254
f 7114 7267 7113
f 7267 7257 7113
f 7267 7254 7257
f 7113 7257 7115
f 7115 7257 7259
f 7115 7259 7110
f 7260 7116 7111
f 7116 7260 7118
f 7260 7268 7118
f 7260 7261 7268
f 7269 7261 7262
f 7268 7261 7269
f 7262 7263 7270
f 7271 7262 7270
f 7269 7262 7271
f 7272 7271 7270
f 7275 7274 7273
f 7277 7276 7273
f 7277 7273 7274
f 7279 7278 7276
f 7279 7276 7277
f 7281 7280 7278
f 7281 7278 7279
f 7120 7121 7280
f 7281 7120 7280
f 7282 7120 7281
f 7264 7123 7266
f 7123 7282 7266
f 7123 7120 7282
f 7123 7264 7125
f 7125 7264 7267
f 7125 7267 7114
f 7268 7128 7118
f 7128 7268 7130
f 7130 7268 7269
f 7130 7269 7132
f 7132 7269 7271
f 7272 7283 7271
f 7283 7132 7271
f 7283 7134 7132
f 7285 7284 7135
f 7134 7285 7135
f 7283 7285 7134
f 7287 7286 7284
f 7287 7284 7285
f 7289 7288 7286
f 7289 7286 7287
f 7288 7289 7275
f 7288 7275 7273
f 7138 7288 7273
f 7137 7138 7273
f 7137 7273 7140
f 7140 7273 7276
f 7140 7276 7142
f 7142 7276 7278
f 7142 7278 7144
f 7144 7278 7280
f 7144 7280 7121
f 7284 7148 7135
f 7148 7284 7151
f 7151 7284 7286
f 7151 7286 7152
f 7152 7286 7288
f 7152 7288 7138
f 7290 7166 7167
f 7168 7291 7167
f 7167 7291 7290
f 7169 7292 7168
f 7168 7292 7291
f 7170 7293 7169
f 7169 7293 7292
f 7171 7294 7170
f 7170 7294 7293
f 7172 7295 7171
f 7171 7295 7294
f 7173 7296 7172
f 7172 7296 7295
f 7174 7297 7173
f 7173 7297 7296
f 7175 7297 7174
f 7298 7184 7185
f 7186 7299 7185
f 7185 7299 7298
f 7166 7290 7186
f 7290 7299 7186
f 7290 7300 7299
f 7291 7302 7301
f 7300 7291 7301
f 7290 7291 7300
f 7302 7291 7292
f 7302 7292 7303
f 7303 7292 7293
f 7303 7293 7304
f 7304 7293 7294
f 7304 7294 7305
f 7305 7294 7295
f 7305 7295 7306
f 7306 7295 7296
f 7306 7296 7307
f 7307 7296 7297
f 7307 7297 7308
f 7308 7297 7175
f 7187 7308 7175
f 7309 7308 7187
f 7311 7309 7310
f 7309 7188 7310
f 7309 7187 7188
f 7189 7310 7188
f 7312 7193 7194
f 7195 7313 7194
f 7194 7313 7312
f 7196 7314 7195
f 7195 7314 7313
f 7197 7315 7196
f 7196 7315 7314
f 7184 7298 7197
f 7298 7315 7197
f 7298 7316 7315
f 7317 7298 7299
f 7316 7298 7317
f 7300 7319 7318
f 7317 7300 7318
f 7299 7300 7317
f 7319 7300 7301
f 7320 7311 7310
f 7322 7320 7321
f 7321 7320 7198
f 7320 7310 7198
f 7310 7189 7198
f 7199 7323 7198
f 7198 7323 7321
f 7201 7323 7199
f 7324 7203 7312
f 7312 7203 7193
f 7325 7312 7313
f 7324 7312 7325
f 7314 7327 7326
f 7325 7314 7326
f 7313 7314 7325
f 7327 7314 7315
f 7327 7315 7328
f 7328 7315 7316
f 7328 7316 7329
f 7329 7316 7317
f 7329 7317 7330
f 7330 7317 7318
f 7331 7322 7321
f 7333 7332 7331
f 7321 7333 7331
f 7323 7333 7321
f 7205 7333 7201
f 7201 7333 7323
f 7334 7208 7209
f 7203 7324 7209
f 7324 7334 7209
f 7324 7335 7334
f 7325 7337 7336
f 7335 7325 7336
f 7324 7325 7335
f 7337 7325 7326
f 7332 7333 7338
f 7332 7338 7339
f 7211 7338 7205
f 7205 7338 7333
f 7340 7213 7214
f 7208 7334 7214
f 7334 7340 7214
f 7334 7341 7340
f 7342 7334 7335
f 7341 7334 7342
f 7335 7336 7343
f 7335 7343 7342
f 7339 7338 7344
f 7339 7344 7345
f 7216 7344 7211
f 7211 7344 7338
f 7346 7218 7340
f 7340 7218 7213
f 7347 7340 7341
f 7346 7340 7347
f 7342 7349 7348
f 7347 7342 7348
f 7341 7342 7347
f 7349 7342 7343
f 7345 7344 7350
f 7345 7350 7351
f 7220 7350 7216
f 7216 7350 7344
f 7352 7222 7346
f 7346 7222 7218
f 7353 7346 7347
f 7352 7346 7353
f 7347 7348 7354
f 7347 7354 7353
f 7351 7350 7355
f 7351 7355 7356
f 7224 7355 7220
f 7220 7355 7350
f 7357 7226 7352
f 7352 7226 7222
f 7358 7352 7353
f 7357 7352 7358
f 7353 7354 7359
f 7353 7359 7358
f 7362 7361 7360
f 7360 7361 7356
f 7355 7360 7356
f 7363 7360 7355
f 7228 7363 7224
f 7224 7363 7355
f 7364 7230 7357
f 7357 7230 7226
f 7365 7357 7358
f 7364 7357 7365
f 7358 7359 7366
f 7367 7358 7366
f 7365 7358 7367
f 7369 7368 7367
f 7369 7367 7366
f 7371 7370 7368
f 7371 7368 7369
f 7373 7372 7370
f 7373 7370 7371
f 7374 7372 7373
f 7377 7376 7375
f 7375 7376 7362
f 7360 7375 7362
f 7378 7375 7360
f 7233 7378 7232
f 7378 7363 7232
f 7378 7360 7363
f 7232 7363 7228
f 7364 7235 7230
f 7235 7364 7238
f 7238 7364 7365
f 7238 7365 7239
f 7365 7379 7239
f 7365 7367 7379
f 7380 7367 7368
f 7379 7367 7380
f 7381 7368 7370
f 7380 7368 7381
f 7382 7370 7372
f 7381 7370 7382
f 7372 7374 7383
f 7372 7383 7382
f 7377 7375 7384
f 7377 7384 7385
f 7386 7375 7378
f 7384 7375 7386
f 7241 7386 7233
f 7233 7386 7378
f 7379 7243 7239
f 7243 7379 7244
f 7379 7387 7244
f 7379 7380 7387
f 7388 7380 7381
f 7387 7380 7388
f 7389 7381 7382
f 7388 7381 7389
f 7382 7383 7390
f 7382 7390 7389
f 7393 7392 7391
f 7391 7392 7385
f 7384 7391 7385
f 7394 7391 7384
f 7247 7394 7246
f 7394 7386 7246
f 7394 7384 7386
f 7246 7386 7241
f 7387 7249 7244
f 7249 7387 7252
f 7252 7387 7388
f 7252 7388 7253
f 7388 7395 7253
f 7388 7389 7395
f 7389 7390 7396
f 7389 7396 7395
f 7399 7398 7397
f 7397 7398 7393
f 7397 7393 7391
f 7256 7397 7391
f 7255 7256 7391
f 7255 7391 7258
f 7258 7391 7394
f 7258 7394 7247
f 7400 7263 7395
f 7395 7263 7253
f 7395 7396 7401
f 7402 7395 7401
f 7400 7395 7402
f 7404 7403 7402
f 7404 7402 7401
f 7406 7405 7403
f 7406 7403 7404
f 7408 7407 7405
f 7408 7405 7406
f 7410 7409 7407
f 7410 7407 7408
f 7412 7411 7409
f 7412 7409 7410
f 7414 7413 7411
f 7414 7411 7412
f 7416 7415 7413
f 7416 7413 7414
f 7418 7417 7415
f 7418 7415 7416
f 7417 7418 7399
f 7417 7399 7397
f 7266 7417 7397
f 7265 7266 7397
f 7265 7397 7256
f 7400 7270 7263
f 7270 7400 7272
f 7400 7419 7272
f 7400 7402 7419
f 7420 7402 7403
f 7419 7402 7420
f 7421 7403 7405
f 7420 7403 7421
f 7422 7405 7407
f 7421 7405 7422
f 7275 7422 7274
f 7422 7409 7274
f 7422 7407 7409
f 7274 7409 7277
f 7277 7409 7411
f 7277 7411 7279
f 7279 7411 7413
f 7279 7413 7281
f 7281 7413 7415
f 7281 7415 7282
f 7282 7415 7417
f 7282 7417 7266
f 7419 7283 7272
f 7283 7419 7285
f 7285 7419 7420
f 7285 7420 7287
f 7287 7420 7421
f 7287 7421 7289
f 7289 7421 7422
f 7289 7422 7275
f 7423 7301 7302
f 7303 7424 7302
f 7302 7424 7423
f 7304 7425 7303
f 7303 7425 7424
f 7305 7426 7304
f 7304 7426 7425
f 7306 7427 7305
f 7305 7427 7426
f 7307 7428 7306
f 7306 7428 7427
f 7308 7429 7307
f 7307 7429 7428
f 7309 7430 7308
f 7308 7430 7429
f 7311 7430 7309
f 7431 7318 7319
f 7301 7423 7319
f 7423 7431 7319
f 7423 7432 7431
f 7433 7423 7424
f 7432 7423 7433
f 7434 7424 7425
f 7433 7424 7434
f 7426 7436 7435
f 7434 7426 7435
f 7425 7426 7434
f 7436 7426 7427
f 7436 7427 7437
f 7437 7427 7428
f 7437 7428 7438
f 7438 7428 7429
f 7438 7429 7439
f 7441 7440 7439
f 7429 7441 7439
f 7430 7441 7429
f 7320 7442 7311
f 7442 7430 7311
f 7442 7441 7430
f 7322 7442 7320
f 7443 7326 7327
f 7328 7444 7327
f 7327 7444 7443
f 7329 7445 7328
f 7328 7445 7444
f 7330 7446 7329
f 7329 7446 7445
f 7318 7431 7330
f 7431 7446 7330
f 7431 7447 7446
f 7432 7449 7448
f 7447 7432 7448
f 7431 7432 7447
f 7449 7432 7433
f 7449 7433 7450
f 7450 7433 7434
f 7450 7434 7451
f 7451 7434 7435
f 7440 7441 7452
f 7440 7452 7453
f 7454 7441 7442
f 7452 7441 7454
f 7331 7455 7322
f 7455 7442 7322
f 7455 7454 7442
f 7332 7455 7331
f 7456 7336 7337
f 7326 7443 7337
f 7443 7456 7337
f 7443 7457 7456
f 7458 7443 7444
f 7457 7443 7458
f 7459 7444 7445
f 7458 7444 7459
f 7460 7445 7446
f 7459 7445 7460
f 7461 7446 7447
f 7460 7446 7461
f 7447 7448 7462
f 7447 7462 7461
f 7463 7453 7452
f 7465 7464 7463
f 7452 7465 7463
f 7454 7465 7452
f 7466 7454 7455
f 7465 7454 7466
f 7339 7466 7332
f 7332 7466 7455
f 7467 7343 7456
f 7456 7343 7336
f 7468 7456 7457
f 7467 7456 7468
f 7469 7457 7458
f 7468 7457 7469
f 7470 7458 7459
f 7469 7458 7470
f 7471 7459 7460
f 7470 7459 7471
f 7472 7460 7461
f 7471 7460 7472
f 7461 7462 7473
f 7461 7473 7472
f 7464 7465 7474
f 7464 7474 7475
f 7476 7465 7466
f 7474 7465 7476
f 7345 7476 7339
f 7339 7476 7466
f 7477 7348 7349
f 7343 7467 7349
f 7467 7477 7349
f 7467 7478 7477
f 7479 7467 7468
f 7478 7467 7479
f 7480 7468 7469
f 7479 7468 7480
f 7481 7469 7470
f 7480 7469 7481
f 7471 7483 7482
f 7481 7471 7482
f 7470 7471 7481
f 7483 7471 7472
f 7483 7472 7484
f 7484 7472 7473
f 7475 7474 7485
f 7475 7485 7486
f 7487 7474 7476
f 7485 7474 7487
f 7351 7487 7345
f 7345 7487 7476
f 7488 7354 7477
f 7477 7354 7348
f 7489 7477 7478
f 7488 7477 7489
f 7490 7478 7479
f 7489 7478 7490
f 7491 7479 7480
f 7490 7479 7491
f 7492 7480 7481
f 7491 7480 7492
f 7481 7482 7493
f 7481 7493 7492
f 7496 7495 7494
f 7494 7495 7486
f 7485 7494 7486
f 7497 7494 7485
f 7498 7485 7487
f 7497 7485 7498
f 7356 7498 7351
f 7351 7498 7487
f 7499 7359 7488
f 7488 7359 7354
f 7500 7488 7489
f 7499 7488 7500
f 7501 7489 7490
f 7500 7489 7501
f 7502 7490 7491
f 7501 7490 7502
f 7503 7491 7492
f 7502 7491 7503
f 7492 7493 7504
f 7492 7504 7503
f 7496 7494 7505
f 7496 7505 7506
f 7507 7494 7497
f 7505 7494 7507
f 7362 7507 7361
f 7507 7498 7361
f 7507 7497 7498
f 7361 7498 7356
f 7499 7366 7359
f 7366 7499 7369
f 7369 7499 7500
f 7369 7500 7371
f 7371 7500 7501
f 7371 7501 7373
f 7373 7501 7502
f 7373 7502 7374
f 7502 7508 7374
f 7502 7503 7508
f 7503 7504 7509
f 7503 7509 7508
f 7512 7511 7510
f 7510 7511 7506
f 7505 7510 7506
f 7513 7510 7505
f 7377 7513 7376
f 7513 7507 7376
f 7513 7505 7507
f 7376 7507 7362
f 7514 7383 7508
f 7508 7383 7374
f 7508 7509 7515
f 7508 7515 7514
f 7518 7517 7516
f 7520 7519 7516
f 7520 7516 7517
f 7519 7520 7512
f 7510 7519 7512
f 7521 7519 7510
f 7522 7510 7513
f 7521 7510 7522
f 7385 7522 7377
f 7377 7522 7513
f 7523 7390 7514
f 7514 7390 7383
f 7514 7515 7524
f 7525 7514 7524
f 7523 7514 7525
f 7527 7526 7525
f 7527 7525 7524
f 7529 7528 7526
f 7529 7526 7527
f 7531 7530 7528
f 7531 7528 7529
f 7533 7532 7530
f 7533 7530 7531
f 7535 7534 7532
f 7535 7532 7533
f 7534 7535 7518
f 7516 7534 7518
f 7536 7534 7516
f 7537 7516 7519
f 7536 7516 7537
f 7538 7519 7521
f 7537 7519 7538
f 7393 7538 7392
f 7538 7522 7392
f 7538 7521 7522
f 7392 7522 7385
f 7539 7396 7523
f 7523 7396 7390
f 7540 7523 7525
f 7539 7523 7540
f 7541 7525 7526
f 7540 7525 7541
f 7542 7526 7528
f 7541 7526 7542
f 7543 7528 7530
f 7542 7528 7543
f 7544 7530 7532
f 7543 7530 7544
f 7545 7532 7534
f 7544 7532 7545
f 7546 7534 7536
f 7545 7534 7546
f 7547 7536 7537
f 7546 7536 7547
f 7399 7547 7398
f 7547 7538 7398
f 7547 7537 7538
f 7398 7538 7393
f 7539 7401 7396
f 7401 7539 7404
f 7404 7539 7540
f 7404 7540 7406
f 7406 7540 7541
f 7406 7541 7408
f 7408 7541 7542
f 7408 7542 7410
f 7410 7542 7543
f 7410 7543 7412
f 7412 7543 7544
f 7412 7544 7414
f 7414 7544 7545
f 7414 7545 7416
f 7416 7545 7546
f 7416 7546 7418
f 7418 7546 7547
f 7418 7547 7399
f 7548 7435 7436
f 7437 7549 7436
f 7436 7549 7548
f 7438 7550 7437
f 7437 7550 7549
f 7439 7551 7438
f 7438 7551 7550
f 7440 7551 7439
f 7552 7448 7449
f 7450 7553 7449
f 7449 7553 7552
f 7451 7554 7450
f 7450 7554 7553
f 7435 7548 7451
f 7548 7554 7451
f 7548 7555 7554
f 7556 7548 7549
f 7555 7548 7556
f 7557 7549 7550
f 7556 7549 7557
f 7558 7550 7551
f 7557 7550 7558
f 7453 7558 7440
f 7440 7558 7551
f 7559 7462 7552
f 7552 7462 7448
f 7560 7552 7553
f 7559 7552 7560
f 7561 7553 7554
f 7560 7553 7561
f 7562 7554 7555
f 7561 7554 7562
f 7563 7555 7556
f 7562 7555 7563
f 7564 7556 7557
f 7563 7556 7564
f 7565 7557 7558
f 7564 7557 7565
f 7463 7566 7453
f 7566 7558 7453
f 7566 7565 7558
f 7464 7566 7463
f 7567 7473 7559
f 7559 7473 7462
f 7568 7559 7560
f 7567 7559 7568
f 7569 7560 7561
f 7568 7560 7569
f 7570 7561 7562
f 7569 7561 7570
f 7571 7562 7563
f 7570 7562 7571
f 7572 7563 7564
f 7571 7563 7572
f 7573 7564 7565
f 7572 7564 7573
f 7574 7565 7566
f 7573 7565 7574
f 7475 7574 7464
f 7464 7574 7566
f 7575 7482 7483
f 7484 7576 7483
f 7483 7576 7575
f 7473 7567 7484
f 7567 7576 7484
f 7567 7577 7576
f 7578 7567 7568
f 7577 7567 7578
f 7579 7568 7569
f 7578 7568 7579
f 7580 7569 7570
f 7579 7569 7580
f 7581 7570 7571
f 7580 7570 7581
f 7582 7571 7572
f 7581 7571 7582
f 7583 7572 7573
f 7582 7572 7583
f 7584 7573 7574
f 7583 7573 7584
f 7486 7584 7475
f 7475 7584 7574
f 7585 7493 7575
f 7575 7493 7482
f 7586 7575 7576
f 7585 7575 7586
f 7587 7576 7577
f 7586 7576 7587
f 7588 7577 7578
f 7587 7577 7588
f 7589 7578 7579
f 7588 7578 7589
f 7590 7579 7580
f 7589 7579 7590
f 7591 7580 7581
f 7590 7580 7591
f 7592 7581 7582
f 7591 7581 7592
f 7593 7582 7583
f 7592 7582 7593
f 7496 7593 7495
f 7593 7584 7495
f 7593 7583 7584
f 7495 7584 7486
f 7594 7504 7585
f 7585 7504 7493
f 7595 7585 7586
f 7594 7585 7595
f 7596 7586 7587
f 7595 7586 7596
f 7597 7587 7588
f 7596 7587 7597
f 7598 7588 7589
f 7597 7588 7598
f 7599 7589 7590
f 7598 7589 7599
f 7600 7590 7591
f 7599 7590 7600
f 7601 7591 7592
f 7600 7591 7601
f 7602 7592 7593
f 7601 7592 7602
f 7506 7602 7496
f 7496 7602 7593
f 7603 7509 7594
f 7594 7509 7504
f 7604 7594 7595
f 7603 7594 7604
f 7605 7595 7596
f 7604 7595 7605
f 7606 7596 7597
f 7605 7596 7606
f 7607 7597 7598
f 7606 7597 7607
f 7608 7598 7599
f 7607 7598 7608
f 7609 7599 7600
f 7608 7599 7609
f 7610 7600 7601
f 7609 7600 7610
f 7512 7610 7511
f 7610 7602 7511
f 7610 7601 7602
f 7511 7602 7506
f 7611 7515 7603
f 7603 7515 7509
f 7612 7603 7604
f 7611 7603 7612
f 7613 7604 7605
f 7612 7604 7613
f 7614 7605 7606
f 7613 7605 7614
f 7615 7606 7607
f 7614 7606 7615
f 7616 7607 7608
f 7615 7607 7616
f 7518 7616 7517
f 7616 7609 7517
f 7616 7608 7609
f 7517 7609 7520
f 7520 7609 7610
f 7520 7610 7512
f 7611 7524 7515
f 7524 7611 7527
f 7527 7611 7612
f 7527 7612 7529
f 7529 7612 7613
f 7529 7613 7531
f 7531 7613 7614
f 7531 7614 7533
f 7533 7614 7615
f 7533 7615 7535
f 7535 7615 7616
f 7535 7616 7518

