# https://github.com/mikedh/trimesh
v 38.79999924 27.19999886 29.27999878
v 38.87999725 27.19999886 29.19999886
v 38.87999725 27.11999893 29.27999878
v 38.87999725 27.11999893 29.43999863
v 38.79999924 27.19999886 29.43999863
v 38.87999725 27.11999893 29.59999847
v 38.79999924 27.19999886 29.59999847
v 38.87999725 27.11999893 29.76000023
v 38.79999924 27.19999886 29.76000023
v 38.87999725 27.11999893 29.92000008
v 38.79999924 27.19999886 29.92000008
v 38.87999725 27.19999886 30.00000000
v 38.79999924 27.35999870 29.11999893
v 38.87999725 27.35999870 29.03999901
v 38.87999725 27.27999878 29.11999893
v 38.79999924 27.35999870 29.27999878
v 38.79999924 27.35999870 29.43999863
v 38.79999924 27.35999870 29.59999847
v 38.79999924 27.35999870 29.76000023
v 38.79999924 27.35999870 29.92000008
v 38.87999725 27.35999870 30.00000000
v 38.79999924 27.51999855 28.95999908
v 38.87999725 27.51999855 28.87999916
v 38.87999725 27.43999863 28.95999908
v 38.79999924 27.51999855 29.11999893
v 38.79999924 27.51999855 29.27999878
v 38.79999924 27.51999855 29.43999863
v 38.79999924 27.51999855 29.59999847
v 38.79999924 27.51999855 29.76000023
v 38.79999924 27.51999855 29.92000008
v 38.87999725 27.43999863 30.07999992
v 38.79999924 27.51999855 30.07999992
v 38.87999725 27.43999863 30.23999977
v 38.79999924 27.51999855 30.23999977
v 38.87999725 27.51999855 30.31999969
v 38.79999924 27.68000031 28.95999908
v 38.87999725 27.68000031 28.87999916
v 38.79999924 27.68000031 29.11999893
v 38.79999924 27.68000031 29.27999878
v 38.79999924 27.68000031 29.43999863
v 38.79999924 27.68000031 29.59999847
v 38.79999924 27.68000031 29.76000023
v 38.79999924 27.68000031 29.92000008
v 38.79999924 27.68000031 30.07999992
v 38.79999924 27.68000031 30.23999977
v 38.87999725 27.68000031 30.31999969
v 38.79999924 27.84000015 28.95999908
v 38.87999725 27.84000015 28.87999916
v 38.79999924 27.84000015 29.11999893
v 38.79999924 27.84000015 29.27999878
v 38.79999924 27.84000015 29.43999863
v 38.79999924 27.84000015 29.59999847
v 38.79999924 27.84000015 29.76000023
v 38.79999924 27.84000015 29.92000008
v 38.79999924 27.84000015 30.07999992
v 38.79999924 27.84000015 30.23999977
v 38.87999725 27.84000015 30.31999969
v 38.87999725 27.92000008 28.95999908
v 38.79999924 28.00000000 29.11999893
v 38.87999725 28.00000000 29.03999901
v 38.79999924 28.00000000 29.27999878
v 38.79999924 28.00000000 29.43999863
v 38.79999924 28.00000000 29.59999847
v 38.79999924 28.00000000 29.76000023
v 38.79999924 28.00000000 29.92000008
v 38.79999924 28.00000000 30.07999992
v 38.79999924 28.00000000 30.23999977
v 38.87999725 28.00000000 30.31999969
v 38.87999725 28.07999992 29.11999893
v 38.79999924 28.15999985 29.27999878
v 38.87999725 28.15999985 29.19999886
v 38.79999924 28.15999985 29.43999863
v 38.79999924 28.15999985 29.59999847
v 38.79999924 28.15999985 29.76000023
v 38.79999924 28.15999985 29.92000008
v 38.79999924 28.15999985 30.07999992
v 38.79999924 28.15999985 30.23999977
v 38.87999725 28.15999985 30.31999969
v 38.79999924 28.31999969 29.27999878
v 38.87999725 28.31999969 29.19999886
v 38.79999924 28.31999969 29.43999863
v 38.79999924 28.31999969 29.59999847
v 38.79999924 28.31999969 29.76000023
v 38.79999924 28.31999969 29.92000008
v 38.79999924 28.31999969 30.07999992
v 38.87999725 28.31999969 30.15999985
v 38.87999725 28.23999977 30.23999977
v 38.87999725 28.39999962 29.27999878
v 38.87999725 28.39999962 29.43999863
v 38.79999924 28.47999954 29.59999847
v 38.87999725 28.47999954 29.51999855
v 38.79999924 28.47999954 29.76000023
v 38.79999924 28.47999954 29.92000008
v 38.87999725 28.47999954 30.00000000
v 38.87999725 28.39999962 30.07999992
v 38.87999725 28.55999947 29.59999847
v 38.87999725 28.55999947 29.76000023
v 38.87999725 28.55999947 29.92000008
v 38.95999908 27.03999901 29.11999893
v 39.04000092 27.03999901 29.03999901
v 39.04000092 26.95999908 29.11999893
v 39.04000092 26.95999908 29.27999878
v 38.95999908 27.03999901 29.27999878
v 39.04000092 26.95999908 29.43999863
v 38.95999908 27.03999901 29.43999863
v 39.04000092 26.95999908 29.59999847
v 38.95999908 27.03999901 29.59999847
v 39.04000092 26.95999908 29.76000023
v 38.95999908 27.03999901 29.76000023
v 39.04000092 26.95999908 29.92000008
v 38.95999908 27.03999901 29.92000008
v 39.04000092 26.95999908 30.07999992
v 38.95999908 27.03999901 30.07999992
v 39.04000092 26.95999908 30.23999977
v 38.95999908 27.03999901 30.23999977
v 39.04000092 27.03999901 30.31999969
v 38.95999908 27.19999886 28.79999924
v 39.04000092 27.19999886 28.71999931
v 39.04000092 27.11999893 28.79999924
v 39.04000092 27.11999893 28.95999908
v 38.95999908 27.19999886 28.95999908
v 38.95999908 27.19999886 29.11999893
v 38.95999908 27.19999886 30.07999992
v 38.95999908 27.19999886 30.23999977
v 39.04000092 27.11999893 30.39999962
v 38.95999908 27.19999886 30.39999962
v 39.04000092 27.19999886 30.47999954
v 38.95999908 27.35999870 28.79999924
v 39.04000092 27.35999870 28.71999931
v 38.95999908 27.35999870 28.95999908
v 38.95999908 27.35999870 30.07999992
v 38.95999908 27.35999870 30.23999977
v 38.95999908 27.35999870 30.39999962
v 39.04000092 27.35999870 30.47999954
v 38.95999908 27.51999855 28.63999939
v 39.04000092 27.51999855 28.55999947
v 39.04000092 27.43999863 28.63999939
v 38.95999908 27.51999855 28.79999924
v 38.95999908 27.51999855 30.39999962
v 39.04000092 27.43999863 30.55999947
v 38.95999908 27.51999855 30.55999947
v 39.04000092 27.51999855 30.63999939
v 38.95999908 27.68000031 28.63999939
v 39.04000092 27.68000031 28.55999947
v 38.95999908 27.68000031 28.79999924
v 38.95999908 27.68000031 30.39999962
v 38.95999908 27.68000031 30.55999947
v 39.04000092 27.68000031 30.63999939
v 38.95999908 27.84000015 28.63999939
v 39.04000092 27.84000015 28.55999947
v 38.95999908 27.84000015 28.79999924
v 38.95999908 27.84000015 30.39999962
v 38.95999908 27.84000015 30.55999947
v 39.04000092 27.84000015 30.63999939
v 39.04000092 27.92000008 28.63999939
v 39.04000092 27.92000008 28.79999924
v 38.95999908 28.00000000 28.95999908
v 39.04000092 28.00000000 28.87999916
v 38.95999908 28.00000000 30.39999962
v 38.95999908 28.00000000 30.55999947
v 39.04000092 28.00000000 30.63999939
v 38.95999908 28.15999985 28.95999908
v 39.04000092 28.15999985 28.87999916
v 38.95999908 28.15999985 29.11999893
v 38.95999908 28.15999985 30.39999962
v 38.95999908 28.15999985 30.55999947
v 39.04000092 28.15999985 30.63999939
v 38.95999908 28.31999969 28.95999908
v 39.04000092 28.31999969 28.87999916
v 38.95999908 28.31999969 29.11999893
v 38.95999908 28.31999969 30.23999977
v 38.95999908 28.31999969 30.39999962
v 38.95999908 28.31999969 30.55999947
v 39.04000092 28.31999969 30.63999939
v 39.04000092 28.39999962 28.95999908
v 38.95999908 28.47999954 29.11999893
v 39.04000092 28.47999954 29.03999901
v 38.95999908 28.47999954 29.27999878
v 38.95999908 28.47999954 29.43999863
v 38.95999908 28.47999954 30.07999992
v 38.95999908 28.47999954 30.23999977
v 38.95999908 28.47999954 30.39999962
v 39.04000092 28.47999954 30.47999954
v 39.04000092 28.39999962 30.55999947
v 39.04000092 28.55999947 29.11999893
v 39.04000092 28.55999947 29.27999878
v 39.04000092 28.55999947 29.43999863
v 38.95999908 28.63999939 29.59999847
v 39.04000092 28.63999939 29.51999855
v 38.95999908 28.63999939 29.76000023
v 38.95999908 28.63999939 29.92000008
v 38.95999908 28.63999939 30.07999992
v 38.95999908 28.63999939 30.23999977
v 39.04000092 28.63999939 30.31999969
v 39.04000092 28.55999947 30.39999962
v 39.04000092 28.71999931 29.59999847
v 39.04000092 28.71999931 29.76000023
v 39.04000092 28.71999931 29.92000008
v 39.04000092 28.71999931 30.07999992
v 39.04000092 28.71999931 30.23999977
v 39.11999893 26.71999931 29.27999878
v 39.20000076 26.71999931 29.19999886
v 39.20000076 26.63999939 29.27999878
v 39.20000076 26.63999939 29.43999863
v 39.11999893 26.71999931 29.43999863
v 39.20000076 26.63999939 29.59999847
v 39.11999893 26.71999931 29.59999847
v 39.20000076 26.63999939 29.76000023
v 39.11999893 26.71999931 29.76000023
v 39.20000076 26.63999939 29.92000008
v 39.11999893 26.71999931 29.92000008
v 39.20000076 26.63999939 30.07999992
v 39.11999893 26.71999931 30.07999992
v 39.20000076 26.71999931 30.15999985
v 39.11999893 26.87999916 28.79999924
v 39.20000076 26.87999916 28.71999931
v 39.20000076 26.79999924 28.79999924
v 39.20000076 26.79999924 28.95999908
v 39.11999893 26.87999916 28.95999908
v 39.20000076 26.79999924 29.11999893
v 39.11999893 26.87999916 29.11999893
v 39.11999893 26.87999916 29.27999878
v 39.11999893 26.87999916 29.43999863
v 39.11999893 26.87999916 29.59999847
v 39.11999893 26.87999916 29.76000023
v 39.11999893 26.87999916 29.92000008
v 39.11999893 26.87999916 30.07999992
v 39.20000076 26.79999924 30.23999977
v 39.11999893 26.87999916 30.23999977
v 39.20000076 26.79999924 30.39999962
v 39.11999893 26.87999916 30.39999962
v 39.20000076 26.87999916 30.47999954
v 39.11999893 27.03999901 28.47999954
v 39.20000076 27.03999901 28.39999962
v 39.20000076 26.95999908 28.47999954
v 39.20000076 26.95999908 28.63999939
v 39.11999893 27.03999901 28.63999939
v 39.11999893 27.03999901 28.79999924
v 39.11999893 27.03999901 28.95999908
v 39.11999893 27.03999901 30.39999962
v 39.20000076 26.95999908 30.55999947
v 39.11999893 27.03999901 30.55999947
v 39.20000076 27.03999901 30.63999939
v 39.11999893 27.19999886 28.31999969
v 39.20000076 27.19999886 28.23999977
v 39.20000076 27.11999893 28.31999969
v 39.11999893 27.19999886 28.47999954
v 39.11999893 27.19999886 28.63999939
v 39.11999893 27.19999886 30.55999947
v 39.20000076 27.19999886 30.63999939
v 39.11999893 27.35999870 28.31999969
v 39.20000076 27.35999870 28.23999977
v 39.11999893 27.35999870 28.47999954
v 39.11999893 27.35999870 28.63999939
v 39.11999893 27.35999870 30.55999947
v 39.20000076 27.27999878 30.71999931
v 39.11999893 27.35999870 30.71999931
v 39.20000076 27.35999870 30.79999924
v 39.11999893 27.51999855 28.31999969
v 39.20000076 27.51999855 28.23999977
v 39.11999893 27.51999855 28.47999954
v 39.11999893 27.51999855 30.71999931
v 39.20000076 27.51999855 30.79999924
v 39.20000076 27.59999847 28.31999969
v 39.11999893 27.68000031 28.47999954
v 39.20000076 27.68000031 28.39999962
v 39.11999893 27.68000031 30.71999931
v 39.20000076 27.59999847 30.87999916
v 39.11999893 27.68000031 30.87999916
v 39.20000076 27.68000031 30.95999908
v 39.11999893 27.84000015 28.47999954
v 39.20000076 27.84000015 28.39999962
v 39.11999893 27.84000015 30.71999931
v 39.11999893 27.84000015 30.87999916
v 39.20000076 27.84000015 30.95999908
v 39.20000076 27.92000008 28.47999954
v 39.11999893 28.00000000 28.63999939
v 39.20000076 28.00000000 28.55999947
v 39.11999893 28.00000000 28.79999924
v 39.11999893 28.00000000 30.71999931
v 39.11999893 28.00000000 30.87999916
v 39.20000076 28.00000000 30.95999908
v 39.20000076 28.07999992 28.63999939
v 39.11999893 28.15999985 28.79999924
v 39.20000076 28.15999985 28.71999931
v 39.11999893 28.15999985 30.71999931
v 39.11999893 28.15999985 30.87999916
v 39.20000076 28.15999985 30.95999908
v 39.11999893 28.31999969 28.79999924
v 39.20000076 28.31999969 28.71999931
v 39.11999893 28.31999969 30.71999931
v 39.20000076 28.31999969 30.79999924
v 39.20000076 28.23999977 30.87999916
v 39.20000076 28.39999962 28.79999924
v 39.11999893 28.47999954 28.95999908
v 39.20000076 28.47999954 28.87999916
v 39.11999893 28.47999954 30.55999947
v 39.20000076 28.47999954 30.63999939
v 39.20000076 28.39999962 30.71999931
v 39.20000076 28.55999947 28.95999908
v 39.11999893 28.63999939 29.11999893
v 39.20000076 28.63999939 29.03999901
v 39.11999893 28.63999939 29.27999878
v 39.11999893 28.63999939 29.43999863
v 39.11999893 28.63999939 30.39999962
v 39.11999893 28.63999939 30.55999947
v 39.20000076 28.63999939 30.63999939
v 39.20000076 28.71999931 29.11999893
v 39.20000076 28.71999931 29.27999878
v 39.11999893 28.79999924 29.43999863
v 39.20000076 28.79999924 29.35999870
v 39.11999893 28.79999924 29.59999847
v 39.11999893 28.79999924 29.76000023
v 39.20000076 28.79999924 29.84000015
v 39.20000076 28.71999931 29.92000008
v 39.20000076 28.71999931 30.07999992
v 39.20000076 28.71999931 30.23999977
v 39.20000076 28.71999931 30.39999962
v 39.20000076 28.71999931 30.55999947
v 39.20000076 28.87999916 29.43999863
v 39.20000076 28.87999916 29.59999847
v 39.20000076 28.87999916 29.76000023
v 39.27999878 26.55999947 29.59999847
v 39.36000061 26.55999947 29.51999855
v 39.36000061 26.47999954 29.59999847
v 39.36000061 26.47999954 29.76000023
v 39.27999878 26.55999947 29.76000023
v 39.36000061 26.47999954 29.92000008
v 39.27999878 26.55999947 29.92000008
v 39.36000061 26.47999954 30.07999992
v 39.27999878 26.55999947 30.07999992
v 39.36000061 26.55999947 30.15999985
v 39.27999878 26.71999931 28.47999954
v 39.36000061 26.71999931 28.39999962
v 39.36000061 26.63999939 28.47999954
v 39.36000061 26.63999939 28.63999939
v 39.27999878 26.71999931 28.63999939
v 39.36000061 26.63999939 28.79999924
v 39.27999878 26.71999931 28.79999924
v 39.36000061 26.63999939 28.95999908
v 39.27999878 26.71999931 28.95999908
v 39.36000061 26.63999939 29.11999893
v 39.27999878 26.71999931 29.11999893
v 39.36000061 26.63999939 29.27999878
v 39.36000061 26.63999939 29.43999863
v 39.36000061 26.63999939 30.23999977
v 39.27999878 26.71999931 30.23999977
v 39.36000061 26.71999931 30.31999969
v 39.27999878 26.87999916 28.47999954
v 39.36000061 26.87999916 28.39999962
v 39.27999878 26.87999916 28.63999939
v 39.36000061 26.79999924 30.39999962
v 39.36000061 26.79999924 30.55999947
v 39.27999878 26.87999916 30.55999947
v 39.36000061 26.87999916 30.63999939
v 39.27999878 27.03999901 28.31999969
v 39.36000061 27.03999901 28.23999977
v 39.36000061 26.95999908 28.31999969
v 39.36000061 26.95999908 30.71999931
v 39.27999878 27.03999901 30.71999931
v 39.36000061 27.03999901 30.79999924
v 39.36000061 27.19999886 28.23999977
v 39.27999878 27.19999886 30.71999931
v 39.36000061 27.19999886 30.79999924
v 39.36000061 27.35999870 28.23999977
v 39.36000061 27.27999878 30.87999916
v 39.27999878 27.35999870 30.87999916
v 39.36000061 27.35999870 30.95999908
v 39.36000061 27.51999855 28.23999977
v 39.27999878 27.51999855 30.87999916
v 39.36000061 27.43999863 31.03999901
v 39.27999878 27.51999855 31.03999901
v 39.36000061 27.51999855 31.11999893
v 39.27999878 27.68000031 28.31999969
v 39.36000061 27.68000031 28.23999977
v 39.27999878 27.68000031 31.03999901
v 39.36000061 27.68000031 31.11999893
v 39.36000061 27.76000023 28.31999969
v 39.36000061 27.84000015 28.39999962
v 39.27999878 27.84000015 31.03999901
v 39.36000061 27.84000015 31.11999893
v 39.27999878 28.00000000 28.47999954
v 39.36000061 28.00000000 28.39999962
v 39.27999878 28.00000000 31.03999901
v 39.36000061 28.00000000 31.11999893
v 39.36000061 28.07999992 28.47999954
v 39.27999878 28.15999985 28.63999939
v 39.36000061 28.15999985 28.55999947
v 39.27999878 28.15999985 31.03999901
v 39.36000061 28.15999985 31.11999893
v 39.27999878 28.31999969 28.63999939
v 39.36000061 28.31999969 28.55999947
v 39.27999878 28.31999969 30.87999916
v 39.27999878 28.31999969 31.03999901
v 39.36000061 28.31999969 31.11999893
v 39.36000061 28.39999962 28.63999939
v 39.27999878 28.47999954 28.79999924
v 39.36000061 28.47999954 28.71999931
v 39.27999878 28.47999954 30.71999931
v 39.27999878 28.47999954 30.87999916
v 39.36000061 28.47999954 30.95999908
v 39.36000061 28.39999962 31.03999901
v 39.36000061 28.55999947 28.79999924
v 39.36000061 28.55999947 28.95999908
v 39.36000061 28.63999939 29.03999901
v 39.27999878 28.63999939 30.71999931
v 39.36000061 28.63999939 30.79999924
v 39.36000061 28.55999947 30.87999916
v 39.36000061 28.71999931 29.11999893
v 39.36000061 28.71999931 29.27999878
v 39.36000061 28.79999924 29.35999870
v 39.27999878 28.79999924 29.92000008
v 39.27999878 28.79999924 30.07999992
v 39.27999878 28.79999924 30.23999977
v 39.27999878 28.79999924 30.39999962
v 39.27999878 28.79999924 30.55999947
v 39.27999878 28.79999924 30.71999931
v 39.36000061 28.79999924 30.79999924
v 39.36000061 28.87999916 29.43999863
v 39.36000061 28.87999916 29.59999847
v 39.36000061 28.87999916 29.76000023
v 39.36000061 28.87999916 29.92000008
v 39.36000061 28.87999916 30.07999992
v 39.27999878 28.95999908 30.23999977
v 39.36000061 28.95999908 30.15999985
v 39.27999878 28.95999908 30.39999962
v 39.27999878 28.95999908 30.55999947
v 39.36000061 28.95999908 30.63999939
v 39.36000061 28.87999916 30.71999931
v 39.36000061 29.03999901 30.23999977
v 39.36000061 29.03999901 30.39999962
v 39.36000061 29.03999901 30.55999947
v 39.43999863 26.39999962 29.11999893
v 39.52000046 26.39999962 29.03999901
v 39.52000046 26.31999969 29.11999893
v 39.52000046 26.31999969 29.27999878
v 39.43999863 26.39999962 29.27999878
v 39.52000046 26.31999969 29.43999863
v 39.43999863 26.39999962 29.43999863
v 39.52000046 26.39999962 29.51999855
v 39.43999863 26.55999947 28.47999954
v 39.52000046 26.55999947 28.39999962
v 39.52000046 26.47999954 28.47999954
v 39.52000046 26.47999954 28.63999939
v 39.43999863 26.55999947 28.63999939
v 39.52000046 26.47999954 28.79999924
v 39.43999863 26.55999947 28.79999924
v 39.52000046 26.47999954 28.95999908
v 39.43999863 26.55999947 28.95999908
v 39.43999863 26.55999947 29.11999893
v 39.43999863 26.55999947 29.27999878
v 39.43999863 26.55999947 29.43999863
v 39.52000046 26.47999954 29.59999847
v 39.52000046 26.47999954 29.76000023
v 39.52000046 26.47999954 29.92000008
v 39.52000046 26.47999954 30.07999992
v 39.52000046 26.47999954 30.23999977
v 39.43999863 26.55999947 30.23999977
v 39.52000046 26.55999947 30.31999969
v 39.43999863 26.71999931 28.31999969
v 39.52000046 26.71999931 28.23999977
v 39.52000046 26.63999939 28.31999969
v 39.52000046 26.63999939 30.39999962
v 39.43999863 26.71999931 30.39999962
v 39.52000046 26.71999931 30.47999954
v 39.43999863 26.87999916 28.31999969
v 39.52000046 26.87999916 28.23999977
v 39.52000046 26.79999924 30.55999947
v 39.52000046 26.79999924 30.71999931
v 39.43999863 26.87999916 30.71999931
v 39.52000046 26.87999916 30.79999924
v 39.43999863 27.03999901 28.15999985
v 39.52000046 27.03999901 28.07999992
v 39.52000046 26.95999908 28.15999985
v 39.52000046 26.95999908 30.87999916
v 39.43999863 27.03999901 30.87999916
v 39.52000046 27.03999901 30.95999908
v 39.43999863 27.19999886 28.15999985
v 39.52000046 27.19999886 28.07999992
v 39.43999863 27.19999886 30.87999916
v 39.52000046 27.19999886 30.95999908
v 39.43999863 27.35999870 28.15999985
v 39.52000046 27.35999870 28.07999992
v 39.52000046 27.27999878 31.03999901
v 39.43999863 27.35999870 31.03999901
v 39.52000046 27.35999870 31.11999893
v 39.43999863 27.51999855 28.15999985
v 39.52000046 27.51999855 28.07999992
v 39.52000046 27.51999855 31.11999893
v 39.43999863 27.68000031 28.15999985
v 39.52000046 27.68000031 28.07999992
v 39.52000046 27.68000031 31.11999893
v 39.52000046 27.76000023 28.15999985
v 39.43999863 27.84000015 28.31999969
v 39.52000046 27.84000015 28.23999977
v 39.52000046 27.76000023 31.19999886
v 39.43999863 27.84000015 31.19999886
v 39.52000046 27.84000015 31.27999878
v 39.43999863 28.00000000 28.31999969
v 39.52000046 28.00000000 28.23999977
v 39.43999863 28.00000000 31.19999886
v 39.52000046 28.00000000 31.27999878
v 39.52000046 28.07999992 28.31999969
v 39.43999863 28.15999985 28.47999954
v 39.52000046 28.15999985 28.39999962
v 39.43999863 28.15999985 31.19999886
v 39.52000046 28.15999985 31.27999878
v 39.43999863 28.31999969 28.47999954
v 39.52000046 28.31999969 28.39999962
v 39.52000046 28.23999977 31.19999886
v 39.52000046 28.31999969 31.11999893
v 39.52000046 28.39999962 28.47999954
v 39.43999863 28.47999954 28.63999939
v 39.52000046 28.47999954 28.55999947
v 39.52000046 28.39999962 31.03999901
v 39.52000046 28.47999954 30.95999908
v 39.52000046 28.55999947 28.63999939
v 39.52000046 28.55999947 28.79999924
v 39.52000046 28.55999947 28.95999908
v 39.52000046 28.63999939 29.03999901
v 39.52000046 28.55999947 30.87999916
v 39.52000046 28.63999939 30.79999924
v 39.52000046 28.71999931 29.11999893
v 39.52000046 28.71999931 29.27999878
v 39.52000046 28.79999924 29.35999870
v 39.52000046 28.79999924 30.79999924
v 39.52000046 28.87999916 29.43999863
v 39.52000046 28.87999916 29.59999847
v 39.52000046 28.87999916 29.76000023
v 39.43999863 28.95999908 29.92000008
v 39.52000046 28.95999908 29.84000015
v 39.43999863 28.95999908 30.07999992
v 39.52000046 28.87999916 30.71999931
v 39.52000046 28.95999908 30.63999939
v 39.43999863 29.11999893 29.92000008
v 39.52000046 29.11999893 29.84000015
v 39.43999863 29.11999893 30.07999992
v 39.43999863 29.11999893 30.23999977
v 39.43999863 29.11999893 30.39999962
v 39.43999863 29.11999893 30.55999947
v 39.52000046 29.11999893 30.63999939
v 39.52000046 29.19999886 29.92000008
v 39.52000046 29.19999886 30.07999992
v 39.52000046 29.19999886 30.23999977
v 39.52000046 29.19999886 30.39999962
v 39.52000046 29.19999886 30.55999947
v 39.59999847 26.39999962 28.95999908
v 39.68000031 26.39999962 28.87999916
v 39.68000031 26.31999969 28.95999908
v 39.68000031 26.31999969 29.11999893
v 39.68000031 26.31999969 29.27999878
v 39.68000031 26.31999969 29.43999863
v 39.68000031 26.31999969 29.59999847
v 39.59999847 26.39999962 29.59999847
v 39.68000031 26.31999969 29.76000023
v 39.59999847 26.39999962 29.76000023
v 39.68000031 26.31999969 29.92000008
v 39.59999847 26.39999962 29.92000008
v 39.68000031 26.31999969 30.07999992
v 39.59999847 26.39999962 30.07999992
v 39.68000031 26.39999962 30.15999985
v 39.68000031 26.55999947 28.39999962
v 39.68000031 26.47999954 28.47999954
v 39.68000031 26.47999954 28.63999939
v 39.68000031 26.47999954 28.79999924
v 39.68000031 26.47999954 30.23999977
v 39.68000031 26.47999954 30.39999962
v 39.59999847 26.55999947 30.39999962
v 39.68000031 26.55999947 30.47999954
v 39.68000031 26.71999931 28.23999977
v 39.68000031 26.63999939 28.31999969
v 39.68000031 26.63999939 30.55999947
v 39.59999847 26.71999931 30.55999947
v 39.68000031 26.63999939 30.71999931
v 39.59999847 26.71999931 30.71999931
v 39.68000031 26.71999931 30.79999924
v 39.59999847 26.87999916 28.15999985
v 39.68000031 26.87999916 28.07999992
v 39.68000031 26.79999924 28.15999985
v 39.68000031 26.79999924 30.87999916
v 39.59999847 26.87999916 30.87999916
v 39.68000031 26.87999916 30.95999908
v 39.68000031 27.03999901 28.07999992
v 39.68000031 26.95999908 31.03999901
v 39.59999847 27.03999901 31.03999901
v 39.68000031 27.03999901 31.11999893
v 39.59999847 27.19999886 28.00000000
v 39.68000031 27.19999886 27.92000008
v 39.68000031 27.11999893 28.00000000
v 39.59999847 27.19999886 31.03999901
v 39.68000031 27.19999886 31.11999893
v 39.59999847 27.35999870 28.00000000
v 39.68000031 27.35999870 27.92000008
v 39.68000031 27.35999870 31.11999893
v 39.59999847 27.51999855 28.00000000
v 39.68000031 27.51999855 27.92000008
v 39.68000031 27.43999863 31.19999886
v 39.59999847 27.51999855 31.19999886
v 39.68000031 27.51999855 31.27999878
v 39.68000031 27.59999847 28.00000000
v 39.68000031 27.68000031 28.07999992
v 39.59999847 27.68000031 31.19999886
v 39.68000031 27.68000031 31.27999878
v 39.59999847 27.84000015 28.15999985
v 39.68000031 27.84000015 28.07999992
v 39.68000031 27.84000015 31.27999878
v 39.68000031 27.92000008 28.15999985
v 39.68000031 28.00000000 28.23999977
v 39.68000031 28.00000000 31.27999878
v 39.59999847 28.15999985 28.31999969
v 39.68000031 28.15999985 28.23999977
v 39.68000031 28.15999985 31.27999878
v 39.59999847 28.31999969 28.31999969
v 39.68000031 28.31999969 28.23999977
v 39.59999847 28.31999969 31.19999886
v 39.68000031 28.31999969 31.27999878
v 39.68000031 28.39999962 28.31999969
v 39.59999847 28.47999954 28.47999954
v 39.68000031 28.47999954 28.39999962
v 39.59999847 28.47999954 31.03999901
v 39.68000031 28.47999954 31.11999893
v 39.68000031 28.39999962 31.19999886
v 39.68000031 28.55999947 28.47999954
v 39.59999847 28.63999939 28.63999939
v 39.68000031 28.63999939 28.55999947
v 39.59999847 28.63999939 28.79999924
v 39.59999847 28.63999939 28.95999908
v 39.59999847 28.63999939 30.87999916
v 39.59999847 28.63999939 31.03999901
v 39.68000031 28.63999939 31.11999893
v 39.59999847 28.79999924 28.63999939
v 39.68000031 28.79999924 28.55999947
v 39.59999847 28.79999924 28.79999924
v 39.59999847 28.79999924 28.95999908
v 39.59999847 28.79999924 29.11999893
v 39.59999847 28.79999924 29.27999878
v 39.59999847 28.79999924 30.87999916
v 39.59999847 28.79999924 31.03999901
v 39.68000031 28.79999924 31.11999893
v 39.68000031 28.87999916 28.63999939
v 39.68000031 28.87999916 28.79999924
v 39.59999847 28.95999908 28.95999908
v 39.68000031 28.95999908 28.87999916
v 39.59999847 28.95999908 29.11999893
v 39.59999847 28.95999908 29.27999878
v 39.59999847 28.95999908 29.43999863
v 39.59999847 28.95999908 29.59999847
v 39.59999847 28.95999908 29.76000023
v 39.59999847 28.95999908 30.71999931
v 39.68000031 28.95999908 30.79999924
v 39.68000031 28.87999916 30.87999916
v 39.68000031 28.87999916 31.03999901
v 39.59999847 29.11999893 28.95999908
v 39.68000031 29.11999893 28.87999916
v 39.59999847 29.11999893 29.11999893
v 39.59999847 29.11999893 29.27999878
v 39.59999847 29.11999893 29.43999863
v 39.59999847 29.11999893 29.59999847
v 39.59999847 29.11999893 29.76000023
v 39.59999847 29.11999893 30.71999931
v 39.68000031 29.11999893 30.79999924
v 39.59999847 29.27999878 28.95999908
v 39.68000031 29.27999878 28.87999916
v 39.59999847 29.27999878 29.11999893
v 39.59999847 29.27999878 29.27999878
v 39.59999847 29.27999878 29.43999863
v 39.59999847 29.27999878 29.59999847
v 39.59999847 29.27999878 29.76000023
v 39.59999847 29.27999878 29.92000008
v 39.59999847 29.27999878 30.07999992
v 39.59999847 29.27999878 30.23999977
v 39.68000031 29.27999878 30.31999969
v 39.68000031 29.19999886 30.39999962
v 39.68000031 29.19999886 30.55999947
v 39.68000031 29.19999886 30.71999931
v 39.68000031 29.35999870 28.95999908
v 39.68000031 29.35999870 29.11999893
v 39.68000031 29.35999870 29.27999878
v 39.68000031 29.35999870 29.43999863
v 39.68000031 29.35999870 29.59999847
v 39.68000031 29.35999870 29.76000023
v 39.68000031 29.35999870 29.92000008
v 39.68000031 29.35999870 30.07999992
v 39.68000031 29.35999870 30.23999977
v 39.75999832 26.39999962 28.79999924
v 39.84000015 26.39999962 28.71999931
v 39.84000015 26.31999969 28.79999924
v 39.84000015 26.31999969 28.95999908
v 39.84000015 26.31999969 29.11999893
v 39.84000015 26.31999969 29.27999878
v 39.84000015 26.31999969 29.43999863
v 39.84000015 26.31999969 29.59999847
v 39.84000015 26.31999969 29.76000023
v 39.84000015 26.31999969 29.92000008
v 39.84000015 26.31999969 30.07999992
v 39.84000015 26.31999969 30.23999977
v 39.75999832 26.39999962 30.23999977
v 39.84000015 26.39999962 30.31999969
v 39.84000015 26.55999947 28.39999962
v 39.84000015 26.47999954 28.47999954
v 39.84000015 26.47999954 28.63999939
v 39.84000015 26.47999954 30.39999962
v 39.84000015 26.47999954 30.55999947
v 39.75999832 26.55999947 30.55999947
v 39.84000015 26.47999954 30.71999931
v 39.75999832 26.55999947 30.71999931
v 39.84000015 26.55999947 30.79999924
v 39.84000015 26.71999931 28.23999977
v 39.84000015 26.63999939 28.31999969
v 39.84000015 26.63999939 30.87999916
v 39.75999832 26.71999931 30.87999916
v 39.84000015 26.71999931 30.95999908
v 39.84000015 26.87999916 28.07999992
v 39.84000015 26.79999924 28.15999985
v 39.84000015 26.79999924 31.03999901
v 39.75999832 26.87999916 31.03999901
v 39.84000015 26.87999916 31.11999893
v 39.75999832 27.03999901 28.00000000
v 39.84000015 27.03999901 27.92000008
v 39.84000015 26.95999908 28.00000000
v 39.84000015 27.03999901 31.11999893
v 39.84000015 27.19999886 27.92000008
v 39.84000015 27.11999893 31.19999886
v 39.75999832 27.19999886 31.19999886
v 39.84000015 27.19999886 31.27999878
v 39.84000015 27.35999870 27.92000008
v 39.75999832 27.35999870 31.19999886
v 39.84000015 27.35999870 31.27999878
v 39.84000015 27.51999855 27.92000008
v 39.84000015 27.51999855 31.27999878
v 39.75999832 27.68000031 28.00000000
v 39.84000015 27.68000031 27.92000008
v 39.84000015 27.59999847 31.35999870
v 39.75999832 27.68000031 31.35999870
v 39.84000015 27.68000031 31.43999863
v 39.84000015 27.76000023 28.00000000
v 39.84000015 27.84000015 28.07999992
v 39.75999832 27.84000015 31.35999870
v 39.84000015 27.84000015 31.43999863
v 39.75999832 28.00000000 28.15999985
v 39.84000015 28.00000000 28.07999992
v 39.75999832 28.00000000 31.35999870
v 39.84000015 28.00000000 31.43999863
v 39.84000015 28.07999992 28.15999985
v 39.84000015 28.15999985 28.23999977
v 39.75999832 28.15999985 31.35999870
v 39.84000015 28.15999985 31.43999863
v 39.84000015 28.31999969 28.23999977
v 39.84000015 28.23999977 31.35999870
v 39.84000015 28.31999969 31.27999878
v 39.84000015 28.39999962 28.31999969
v 39.84000015 28.47999954 28.39999962
v 39.75999832 28.47999954 31.19999886
v 39.84000015 28.47999954 31.27999878
v 39.75999832 28.63999939 28.47999954
v 39.84000015 28.63999939 28.39999962
v 39.75999832 28.63999939 31.19999886
v 39.84000015 28.63999939 31.27999878
v 39.75999832 28.79999924 28.47999954
v 39.84000015 28.79999924 28.39999962
v 39.84000015 28.71999931 31.19999886
v 39.84000015 28.79999924 31.11999893
v 39.84000015 28.87999916 28.47999954
v 39.75999832 28.95999908 28.63999939
v 39.84000015 28.95999908 28.55999947
v 39.75999832 28.95999908 28.79999924
v 39.75999832 28.95999908 30.87999916
v 39.75999832 28.95999908 31.03999901
v 39.84000015 28.95999908 31.11999893
v 39.84000015 29.03999901 28.63999939
v 39.75999832 29.11999893 28.79999924
v 39.84000015 29.11999893 28.71999931
v 39.84000015 29.03999901 30.87999916
v 39.84000015 29.11999893 30.79999924
v 39.84000015 29.03999901 31.03999901
v 39.75999832 29.27999878 28.79999924
v 39.84000015 29.27999878 28.71999931
v 39.75999832 29.27999878 30.39999962
v 39.84000015 29.27999878 30.47999954
v 39.84000015 29.19999886 30.55999947
v 39.84000015 29.19999886 30.71999931
v 39.84000015 29.35999870 28.79999924
v 39.75999832 29.43999863 28.95999908
v 39.84000015 29.43999863 28.87999916
v 39.75999832 29.43999863 29.11999893
v 39.75999832 29.43999863 29.27999878
v 39.75999832 29.43999863 29.43999863
v 39.75999832 29.43999863 29.59999847
v 39.75999832 29.43999863 29.76000023
v 39.75999832 29.43999863 29.92000008
v 39.84000015 29.43999863 30.00000000
v 39.84000015 29.35999870 30.07999992
v 39.84000015 29.35999870 30.23999977
v 39.84000015 29.35999870 30.39999962
v 39.84000015 29.51999855 28.95999908
v 39.84000015 29.51999855 29.11999893
v 39.84000015 29.51999855 29.27999878
v 39.84000015 29.51999855 29.43999863
v 39.84000015 29.51999855 29.59999847
v 39.84000015 29.51999855 29.76000023
v 39.84000015 29.51999855 29.92000008
v 39.91999817 26.23999977 29.11999893
v 40.00000000 26.23999977 29.03999901
v 40.00000000 26.15999985 29.11999893
v 40.00000000 26.15999985 29.27999878
v 39.91999817 26.23999977 29.27999878
v 40.00000000 26.15999985 29.43999863
v 39.91999817 26.23999977 29.43999863
v 40.00000000 26.15999985 29.59999847
v 39.91999817 26.23999977 29.59999847
v 40.00000000 26.15999985 29.76000023
v 39.91999817 26.23999977 29.76000023
v 40.00000000 26.15999985 29.92000008
v 39.91999817 26.23999977 29.92000008
v 40.00000000 26.15999985 30.07999992
v 39.91999817 26.23999977 30.07999992
v 40.00000000 26.23999977 30.15999985
v 39.91999817 26.39999962 28.63999939
v 40.00000000 26.39999962 28.55999947
v 40.00000000 26.31999969 28.63999939
v 40.00000000 26.31999969 28.79999924
v 40.00000000 26.31999969 28.95999908
v 40.00000000 26.31999969 30.23999977
v 40.00000000 26.31999969 30.39999962
v 39.91999817 26.39999962 30.39999962
v 40.00000000 26.31999969 30.55999947
v 39.91999817 26.39999962 30.55999947
v 40.00000000 26.39999962 30.63999939
v 39.91999817 26.55999947 28.31999969
v 40.00000000 26.55999947 28.23999977
v 40.00000000 26.47999954 28.31999969
v 40.00000000 26.47999954 28.47999954
v 40.00000000 26.47999954 30.71999931
v 40.00000000 26.47999954 30.87999916
v 39.91999817 26.55999947 30.87999916
v 40.00000000 26.55999947 30.95999908
v 39.91999817 26.71999931 28.00000000
v 40.00000000 26.71999931 27.92000008
v 40.00000000 26.63999939 28.00000000
v 40.00000000 26.63999939 28.15999985
v 39.91999817 26.71999931 28.15999985
v 40.00000000 26.71999931 30.95999908
v 39.91999817 26.87999916 28.00000000
v 40.00000000 26.87999916 27.92000008
v 40.00000000 26.79999924 31.03999901
v 40.00000000 26.79999924 31.19999886
v 39.91999817 26.87999916 31.19999886
v 40.00000000 26.87999916 31.27999878
v 40.00000000 27.03999901 27.92000008
v 39.91999817 27.03999901 31.19999886
v 40.00000000 27.03999901 31.27999878
v 39.91999817 27.19999886 27.84000015
v 40.00000000 27.19999886 27.76000023
v 40.00000000 27.11999893 27.84000015
v 40.00000000 27.19999886 31.27999878
v 39.91999817 27.35999870 27.84000015
v 40.00000000 27.35999870 27.76000023
v 40.00000000 27.27999878 31.35999870
v 39.91999817 27.35999870 31.35999870
v 40.00000000 27.35999870 31.43999863
v 39.91999817 27.51999855 27.84000015
v 40.00000000 27.51999855 27.76000023
v 39.91999817 27.51999855 31.35999870
v 40.00000000 27.51999855 31.43999863
v 40.00000000 27.59999847 27.84000015
v 40.00000000 27.68000031 27.92000008
v 40.00000000 27.68000031 31.43999863
v 39.91999817 27.84000015 28.00000000
v 40.00000000 27.84000015 27.92000008
v 40.00000000 27.84000015 31.43999863
v 40.00000000 27.92000008 28.00000000
v 40.00000000 28.00000000 28.07999992
v 40.00000000 28.00000000 31.43999863
v 39.91999817 28.15999985 28.15999985
v 40.00000000 28.15999985 28.07999992
v 40.00000000 28.15999985 31.43999863
v 39.91999817 28.31999969 28.15999985
v 40.00000000 28.31999969 28.07999992
v 39.91999817 28.31999969 31.35999870
v 40.00000000 28.31999969 31.43999863
v 39.91999817 28.47999954 28.15999985
v 40.00000000 28.47999954 28.07999992
v 39.91999817 28.47999954 28.31999969
v 40.00000000 28.39999962 31.35999870
v 40.00000000 28.47999954 31.27999878
v 40.00000000 28.55999947 28.15999985
v 39.91999817 28.63999939 28.31999969
v 40.00000000 28.63999939 28.23999977
v 40.00000000 28.63999939 31.27999878
v 39.91999817 28.79999924 28.31999969
v 40.00000000 28.79999924 28.23999977
v 40.00000000 28.71999931 31.19999886
v 40.00000000 28.79999924 31.11999893
v 39.91999817 28.95999908 28.31999969
v 40.00000000 28.95999908 28.23999977
v 39.91999817 28.95999908 28.47999954
v 40.00000000 28.95999908 31.11999893
v 39.91999817 29.11999893 28.31999969
v 40.00000000 29.11999893 28.23999977
v 39.91999817 29.11999893 28.47999954
v 39.91999817 29.11999893 28.63999939
v 39.91999817 29.11999893 30.87999916
v 40.00000000 29.11999893 30.95999908
v 40.00000000 29.03999901 31.03999901
v 40.00000000 29.19999886 28.31999969
v 40.00000000 29.19999886 28.47999954
v 39.91999817 29.27999878 28.63999939
v 40.00000000 29.27999878 28.55999947
v 39.91999817 29.27999878 30.55999947
v 40.00000000 29.27999878 30.63999939
v 40.00000000 29.19999886 30.71999931
v 40.00000000 29.19999886 30.87999916
v 40.00000000 29.35999870 28.63999939
v 39.91999817 29.43999863 28.79999924
v 40.00000000 29.43999863 28.71999931
v 39.91999817 29.43999863 30.07999992
v 39.91999817 29.43999863 30.23999977
v 39.91999817 29.43999863 30.39999962
v 40.00000000 29.43999863 30.47999954
v 40.00000000 29.35999870 30.55999947
v 40.00000000 29.51999855 28.79999924
v 39.91999817 29.59999847 28.95999908
v 40.00000000 29.59999847 28.87999916
v 39.91999817 29.59999847 29.11999893
v 39.91999817 29.59999847 29.27999878
v 39.91999817 29.59999847 29.43999863
v 39.91999817 29.59999847 29.59999847
v 40.00000000 29.59999847 29.67999840
v 40.00000000 29.51999855 29.76000023
v 40.00000000 29.51999855 29.92000008
v 40.00000000 29.51999855 30.07999992
v 40.00000000 29.51999855 30.23999977
v 40.00000000 29.51999855 30.39999962
v 40.00000000 29.67999840 28.95999908
v 40.00000000 29.67999840 29.11999893
v 40.00000000 29.67999840 29.27999878
v 40.00000000 29.67999840 29.43999863
v 40.00000000 29.67999840 29.59999847
v 40.07999802 26.23999977 28.79999924
v 40.15999985 26.23999977 28.71999931
v 40.15999985 26.15999985 28.79999924
v 40.15999985 26.15999985 28.95999908
v 40.07999802 26.23999977 28.95999908
v 40.15999985 26.15999985 29.11999893
v 40.15999985 26.15999985 29.27999878
v 40.15999985 26.15999985 29.43999863
v 40.15999985 26.15999985 29.59999847
v 40.15999985 26.15999985 29.76000023
v 40.15999985 26.15999985 29.92000008
v 40.15999985 26.15999985 30.07999992
v 40.15999985 26.15999985 30.23999977
v 40.07999802 26.23999977 30.23999977
v 40.15999985 26.23999977 30.31999969
v 40.07999802 26.39999962 28.31999969
v 40.15999985 26.39999962 28.23999977
v 40.15999985 26.31999969 28.31999969
v 40.15999985 26.31999969 28.47999954
v 40.07999802 26.39999962 28.47999954
v 40.15999985 26.31999969 28.63999939
v 40.15999985 26.31999969 30.39999962
v 40.15999985 26.31999969 30.55999947
v 40.15999985 26.39999962 30.63999939
v 40.07999802 26.55999947 28.15999985
v 40.15999985 26.55999947 28.07999992
v 40.15999985 26.47999954 28.15999985
v 40.15999985 26.47999954 30.71999931
v 40.15999985 26.47999954 30.87999916
v 40.15999985 26.55999947 30.95999908
v 40.15999985 26.71999931 27.92000008
v 40.15999985 26.63999939 28.00000000
v 40.15999985 26.63999939 31.03999901
v 40.07999802 26.71999931 31.03999901
v 40.15999985 26.71999931 31.11999893
v 40.07999802 26.87999916 27.84000015
v 40.15999985 26.87999916 27.76000023
v 40.15999985 26.79999924 27.84000015
v 40.15999985 26.79999924 31.19999886
v 40.15999985 26.87999916 31.27999878
v 40.07999802 27.03999901 27.84000015
v 40.15999985 27.03999901 27.76000023
v 40.15999985 27.03999901 31.27999878
v 40.07999802 27.19999886 27.68000031
v 40.15999985 27.19999886 27.59999847
v 40.15999985 27.11999893 27.68000031
v 40.15999985 27.11999893 31.35999870
v 40.07999802 27.19999886 31.35999870
v 40.15999985 27.19999886 31.43999863
v 40.07999802 27.35999870 27.68000031
v 40.15999985 27.35999870 27.59999847
v 40.15999985 27.35999870 31.43999863
v 40.07999802 27.51999855 27.68000031
v 40.15999985 27.51999855 27.59999847
v 40.15999985 27.51999855 31.43999863
v 40.15999985 27.59999847 27.68000031
v 40.07999802 27.68000031 27.84000015
v 40.15999985 27.68000031 27.76000023
v 40.15999985 27.59999847 31.51999855
v 40.07999802 27.68000031 31.51999855
v 40.15999985 27.68000031 31.59999847
v 40.15999985 27.76000023 27.84000015
v 40.15999985 27.84000015 27.92000008
v 40.07999802 27.84000015 31.51999855
v 40.15999985 27.84000015 31.59999847
v 40.07999802 28.00000000 28.00000000
v 40.15999985 28.00000000 27.92000008
v 40.07999802 28.00000000 31.51999855
v 40.15999985 28.00000000 31.59999847
v 40.15999985 28.07999992 28.00000000
v 40.15999985 28.15999985 28.07999992
v 40.15999985 28.07999992 31.51999855
v 40.15999985 28.15999985 31.43999863
v 40.15999985 28.31999969 28.07999992
v 40.15999985 28.31999969 31.43999863
v 40.15999985 28.47999954 28.07999992
v 40.07999802 28.47999954 31.35999870
v 40.15999985 28.47999954 31.43999863
v 40.07999802 28.63999939 28.15999985
v 40.15999985 28.63999939 28.07999992
v 40.07999802 28.63999939 31.35999870
v 40.15999985 28.63999939 31.43999863
v 40.07999802 28.79999924 28.15999985
v 40.15999985 28.79999924 28.07999992
v 40.07999802 28.79999924 31.19999886
v 40.15999985 28.79999924 31.27999878
v 40.15999985 28.71999931 31.35999870
v 40.07999802 28.95999908 28.15999985
v 40.15999985 28.95999908 28.07999992
v 40.15999985 28.87999916 31.19999886
v 40.15999985 28.95999908 31.11999893
v 40.15999985 29.03999901 28.15999985
v 40.15999985 29.11999893 28.23999977
v 40.15999985 29.03999901 31.03999901
v 40.15999985 29.11999893 30.95999908
v 40.15999985 29.19999886 28.31999969
v 40.07999802 29.27999878 28.47999954
v 40.15999985 29.27999878 28.39999962
v 40.15999985 29.19999886 30.71999931
v 40.15999985 29.27999878 30.63999939
v 40.15999985 29.19999886 30.87999916
v 40.15999985 29.35999870 28.47999954
v 40.07999802 29.43999863 28.63999939
v 40.15999985 29.43999863 28.55999947
v 40.15999985 29.35999870 30.55999947
v 40.15999985 29.43999863 30.47999954
v 40.07999802 29.59999847 28.63999939
v 40.15999985 29.59999847 28.55999947
v 40.07999802 29.59999847 28.79999924
v 40.07999802 29.59999847 29.76000023
v 40.07999802 29.59999847 29.92000008
v 40.07999802 29.59999847 30.07999992
v 40.07999802 29.59999847 30.23999977
v 40.15999985 29.59999847 30.31999969
v 40.15999985 29.51999855 30.39999962
v 40.15999985 29.67999840 28.63999939
v 40.07999802 29.76000023 28.79999924
v 40.15999985 29.76000023 28.71999931
v 40.07999802 29.76000023 28.95999908
v 40.07999802 29.76000023 29.11999893
v 40.07999802 29.76000023 29.27999878
v 40.07999802 29.76000023 29.43999863
v 40.07999802 29.76000023 29.59999847
v 40.07999802 29.76000023 29.76000023
v 40.07999802 29.76000023 29.92000008
v 40.15999985 29.76000023 30.00000000
v 40.15999985 29.67999840 30.07999992
v 40.15999985 29.67999840 30.23999977
v 40.15999985 29.84000015 28.79999924
v 40.15999985 29.84000015 28.95999908
v 40.15999985 29.84000015 29.11999893
v 40.15999985 29.84000015 29.27999878
v 40.15999985 29.84000015 29.43999863
v 40.15999985 29.84000015 29.59999847
v 40.15999985 29.84000015 29.76000023
v 40.15999985 29.84000015 29.92000008
v 40.23999786 26.07999992 29.27999878
v 40.31999969 26.07999992 29.19999886
v 40.31999969 26.00000000 29.27999878
v 40.31999969 26.00000000 29.43999863
v 40.23999786 26.07999992 29.43999863
v 40.31999969 26.00000000 29.59999847
v 40.23999786 26.07999992 29.59999847
v 40.31999969 26.07999992 29.67999840
v 40.23999786 26.23999977 28.63999939
v 40.31999969 26.23999977 28.55999947
v 40.31999969 26.15999985 28.63999939
v 40.31999969 26.15999985 28.79999924
v 40.31999969 26.15999985 28.95999908
v 40.31999969 26.15999985 29.11999893
v 40.31999969 26.15999985 29.76000023
v 40.31999969 26.15999985 29.92000008
v 40.31999969 26.15999985 30.07999992
v 40.31999969 26.15999985 30.23999977
v 40.31999969 26.23999977 30.31999969
v 40.31999969 26.39999962 28.23999977
v 40.31999969 26.31999969 28.31999969
v 40.31999969 26.31999969 28.47999954
v 40.31999969 26.31999969 30.39999962
v 40.31999969 26.31999969 30.55999947
v 40.31999969 26.31999969 30.71999931
v 40.23999786 26.39999962 30.71999931
v 40.31999969 26.39999962 30.79999924
v 40.31999969 26.55999947 28.07999992
v 40.31999969 26.47999954 28.15999985
v 40.31999969 26.47999954 30.87999916
v 40.31999969 26.55999947 30.95999908
v 40.31999969 26.71999931 27.92000008
v 40.31999969 26.63999939 28.00000000
v 40.31999969 26.63999939 31.03999901
v 40.31999969 26.71999931 31.11999893
v 40.31999969 26.87999916 27.76000023
v 40.31999969 26.79999924 27.84000015
v 40.31999969 26.79999924 31.19999886
v 40.31999969 26.87999916 31.27999878
v 40.23999786 27.03999901 27.68000031
v 40.31999969 27.03999901 27.59999847
v 40.31999969 26.95999908 27.68000031
v 40.31999969 26.95999908 31.35999870
v 40.23999786 27.03999901 31.35999870
v 40.31999969 27.03999901 31.43999863
v 40.23999786 27.19999886 27.51999855
v 40.31999969 27.19999886 27.43999863
v 40.31999969 27.11999893 27.51999855
v 40.31999969 27.19999886 31.43999863
v 40.23999786 27.35999870 27.51999855
v 40.31999969 27.35999870 27.43999863
v 40.31999969 27.27999878 31.51999855
v 40.23999786 27.35999870 31.51999855
v 40.31999969 27.35999870 31.59999847
v 40.23999786 27.51999855 27.51999855
v 40.31999969 27.51999855 27.43999863
v 40.23999786 27.51999855 31.51999855
v 40.31999969 27.51999855 31.59999847
v 40.23999786 27.68000031 27.51999855
v 40.31999969 27.68000031 27.43999863
v 40.23999786 27.68000031 27.68000031
v 40.31999969 27.68000031 31.59999847
v 40.23999786 27.84000015 27.51999855
v 40.31999969 27.84000015 27.43999863
v 40.23999786 27.84000015 27.68000031
v 40.23999786 27.84000015 27.84000015
v 40.31999969 27.84000015 31.59999847
v 40.31999969 27.92000008 27.51999855
v 40.31999969 27.92000008 27.68000031
v 40.23999786 28.00000000 27.84000015
v 40.31999969 28.00000000 27.76000023
v 40.31999969 28.00000000 31.59999847
v 40.31999969 28.07999992 27.84000015
v 40.23999786 28.15999985 28.00000000
v 40.31999969 28.15999985 27.92000008
v 40.23999786 28.15999985 31.51999855
v 40.31999969 28.15999985 31.59999847
v 40.23999786 28.31999969 28.00000000
v 40.31999969 28.31999969 27.92000008
v 40.23999786 28.31999969 31.51999855
v 40.31999969 28.31999969 31.59999847
v 40.23999786 28.47999954 28.00000000
v 40.31999969 28.47999954 27.92000008
v 40.31999969 28.39999962 31.51999855
v 40.31999969 28.47999954 31.43999863
v 40.23999786 28.63999939 28.00000000
v 40.31999969 28.63999939 27.92000008
v 40.31999969 28.63999939 31.43999863
v 40.23999786 28.79999924 28.00000000
v 40.31999969 28.79999924 27.92000008
v 40.31999969 28.71999931 31.35999870
v 40.31999969 28.79999924 31.27999878
v 40.23999786 28.95999908 28.00000000
v 40.31999969 28.95999908 27.92000008
v 40.31999969 28.87999916 31.19999886
v 40.31999969 28.95999908 31.11999893
v 40.23999786 29.11999893 28.00000000
v 40.31999969 29.11999893 27.92000008
v 40.23999786 29.11999893 28.15999985
v 40.31999969 29.03999901 31.03999901
v 40.31999969 29.11999893 30.95999908
v 40.31999969 29.19999886 28.00000000
v 40.23999786 29.27999878 28.15999985
v 40.31999969 29.27999878 28.07999992
v 40.23999786 29.27999878 28.31999969
v 40.23999786 29.27999878 30.71999931
v 40.31999969 29.27999878 30.79999924
v 40.31999969 29.19999886 30.87999916
v 40.23999786 29.43999863 28.15999985
v 40.31999969 29.43999863 28.07999992
v 40.23999786 29.43999863 28.31999969
v 40.23999786 29.43999863 28.47999954
v 40.23999786 29.43999863 30.55999947
v 40.31999969 29.43999863 30.63999939
v 40.31999969 29.35999870 30.71999931
v 40.31999969 29.51999855 28.15999985
v 40.23999786 29.59999847 28.31999969
v 40.31999969 29.59999847 28.23999977
v 40.23999786 29.59999847 28.47999954
v 40.31999969 29.51999855 30.39999962
v 40.31999969 29.59999847 30.31999969
v 40.31999969 29.51999855 30.55999947
v 40.31999969 29.67999840 28.31999969
v 40.23999786 29.76000023 28.47999954
v 40.31999969 29.76000023 28.39999962
v 40.23999786 29.76000023 28.63999939
v 40.31999969 29.67999840 30.07999992
v 40.31999969 29.76000023 30.00000000
v 40.31999969 29.67999840 30.23999977
v 40.31999969 29.84000015 28.47999954
v 40.31999969 29.84000015 28.63999939
v 40.23999786 29.92000008 28.79999924
v 40.31999969 29.92000008 28.71999931
v 40.23999786 29.92000008 28.95999908
v 40.23999786 29.92000008 29.11999893
v 40.23999786 29.92000008 29.27999878
v 40.23999786 29.92000008 29.43999863
v 40.23999786 29.92000008 29.59999847
v 40.31999969 29.92000008 29.67999840
v 40.31999969 29.84000015 29.76000023
v 40.31999969 29.84000015 29.92000008
v 40.31999969 30.00000000 28.79999924
v 40.31999969 30.00000000 28.95999908
v 40.31999969 30.00000000 29.11999893
v 40.31999969 30.00000000 29.27999878
v 40.31999969 30.00000000 29.43999863
v 40.31999969 30.00000000 29.59999847
v 40.47999954 26.07999992 29.19999886
v 40.47999954 26.00000000 29.27999878
v 40.47999954 26.00000000 29.43999863
v 40.47999954 26.00000000 29.59999847
v 40.47999954 26.07999992 29.67999840
v 40.47999954 26.23999977 28.55999947
v 40.47999954 26.15999985 28.63999939
v 40.47999954 26.15999985 28.79999924
v 40.47999954 26.15999985 28.95999908
v 40.47999954 26.15999985 29.11999893
v 40.47999954 26.15999985 29.76000023
v 40.47999954 26.15999985 29.92000008
v 40.47999954 26.15999985 30.07999992
v 40.47999954 26.15999985 30.23999977
v 40.47999954 26.23999977 30.31999969
v 40.47999954 26.39999962 28.23999977
v 40.47999954 26.31999969 28.31999969
v 40.47999954 26.31999969 28.47999954
v 40.47999954 26.31999969 30.39999962
v 40.47999954 26.31999969 30.55999947
v 40.47999954 26.31999969 30.71999931
v 40.47999954 26.39999962 30.79999924
v 40.47999954 26.55999947 28.07999992
v 40.47999954 26.47999954 28.15999985
v 40.47999954 26.47999954 30.87999916
v 40.47999954 26.55999947 30.95999908
v 40.39999771 26.71999931 27.84000015
v 40.47999954 26.71999931 27.76000023
v 40.47999954 26.63999939 27.84000015
v 40.47999954 26.63999939 28.00000000
v 40.47999954 26.63999939 31.03999901
v 40.47999954 26.71999931 31.11999893
v 40.39999771 26.87999916 27.68000031
v 40.47999954 26.87999916 27.59999847
v 40.47999954 26.79999924 27.68000031
v 40.47999954 26.79999924 31.19999886
v 40.47999954 26.87999916 31.27999878
v 40.39999771 27.03999901 27.51999855
v 40.47999954 27.03999901 27.43999863
v 40.47999954 26.95999908 27.51999855
v 40.47999954 26.95999908 31.35999870
v 40.47999954 27.03999901 31.43999863
v 40.47999954 27.19999886 27.43999863
v 40.47999954 27.11999893 31.51999855
v 40.39999771 27.19999886 31.51999855
v 40.47999954 27.19999886 31.59999847
v 40.39999771 27.35999870 27.35999870
v 40.47999954 27.35999870 27.27999878
v 40.47999954 27.27999878 27.35999870
v 40.47999954 27.35999870 31.59999847
v 40.39999771 27.51999855 27.35999870
v 40.47999954 27.51999855 27.27999878
v 40.47999954 27.51999855 31.59999847
v 40.39999771 27.68000031 27.35999870
v 40.47999954 27.68000031 27.27999878
v 40.47999954 27.68000031 31.59999847
v 40.47999954 27.76000023 27.35999870
v 40.47999954 27.84000015 27.43999863
v 40.47999954 27.84000015 31.59999847
v 40.39999771 28.00000000 27.51999855
v 40.47999954 28.00000000 27.43999863
v 40.39999771 28.00000000 27.68000031
v 40.47999954 28.00000000 31.59999847
v 40.47999954 28.07999992 27.51999855
v 40.39999771 28.15999985 27.68000031
v 40.47999954 28.15999985 27.59999847
v 40.39999771 28.15999985 27.84000015
v 40.47999954 28.15999985 31.59999847
v 40.47999954 28.23999977 27.68000031
v 40.39999771 28.31999969 27.84000015
v 40.47999954 28.31999969 27.76000023
v 40.47999954 28.31999969 31.59999847
v 40.39999771 28.47999954 27.84000015
v 40.47999954 28.47999954 27.76000023
v 40.39999771 28.47999954 31.51999855
v 40.47999954 28.47999954 31.59999847
v 40.39999771 28.63999939 27.84000015
v 40.47999954 28.63999939 27.76000023
v 40.47999954 28.55999947 31.51999855
v 40.47999954 28.63999939 31.43999863
v 40.39999771 28.79999924 27.84000015
v 40.47999954 28.79999924 27.76000023
v 40.47999954 28.71999931 31.35999870
v 40.47999954 28.79999924 31.27999878
v 40.39999771 28.95999908 27.84000015
v 40.47999954 28.95999908 27.76000023
v 40.47999954 28.87999916 31.19999886
v 40.47999954 28.95999908 31.11999893
v 40.39999771 29.11999893 27.84000015
v 40.47999954 29.11999893 27.76000023
v 40.47999954 29.03999901 31.03999901
v 40.47999954 29.11999893 30.95999908
v 40.39999771 29.27999878 27.84000015
v 40.47999954 29.27999878 27.76000023
v 40.39999771 29.27999878 28.00000000
v 40.39999771 29.27999878 30.87999916
v 40.47999954 29.27999878 30.95999908
v 40.39999771 29.43999863 27.84000015
v 40.47999954 29.43999863 27.76000023
v 40.39999771 29.43999863 28.00000000
v 40.47999954 29.35999870 30.71999931
v 40.47999954 29.43999863 30.63999939
v 40.47999954 29.35999870 30.87999916
v 40.39999771 29.59999847 27.84000015
v 40.47999954 29.59999847 27.76000023
v 40.39999771 29.59999847 28.00000000
v 40.39999771 29.59999847 28.15999985
v 40.39999771 29.59999847 30.39999962
v 40.47999954 29.59999847 30.47999954
v 40.47999954 29.51999855 30.55999947
v 40.47999954 29.67999840 27.84000015
v 40.47999954 29.67999840 28.00000000
v 40.47999954 29.67999840 28.15999985
v 40.39999771 29.76000023 28.31999969
v 40.47999954 29.76000023 28.23999977
v 40.39999771 29.76000023 30.07999992
v 40.47999954 29.76000023 30.15999985
v 40.47999954 29.67999840 30.23999977
v 40.47999954 29.67999840 30.39999962
v 40.47999954 29.84000015 28.31999969
v 40.39999771 29.92000008 28.47999954
v 40.47999954 29.92000008 28.39999962
v 40.39999771 29.92000008 28.63999939
v 40.39999771 29.92000008 29.76000023
v 40.39999771 29.92000008 29.92000008
v 40.47999954 29.92000008 30.00000000
v 40.47999954 29.84000015 30.07999992
v 40.47999954 30.00000000 28.47999954
v 40.39999771 30.07999992 28.63999939
v 40.47999954 30.07999992 28.55999947
v 40.39999771 30.07999992 28.79999924
v 40.39999771 30.07999992 28.95999908
v 40.39999771 30.07999992 29.11999893
v 40.39999771 30.07999992 29.27999878
v 40.39999771 30.07999992 29.43999863
v 40.47999954 30.07999992 29.51999855
v 40.47999954 30.00000000 29.59999847
v 40.47999954 30.00000000 29.76000023
v 40.47999954 30.00000000 29.92000008
v 40.47999954 30.15999985 28.63999939
v 40.47999954 30.15999985 28.79999924
v 40.47999954 30.15999985 28.95999908
v 40.47999954 30.15999985 29.11999893
v 40.47999954 30.15999985 29.27999878
v 40.47999954 30.15999985 29.43999863
v 40.63999939 26.07999992 29.19999886
v 40.63999939 26.00000000 29.27999878
v 40.63999939 26.00000000 29.43999863
v 40.63999939 26.00000000 29.59999847
v 40.63999939 26.07999992 29.67999840
v 40.63999939 26.23999977 28.55999947
v 40.63999939 26.15999985 28.63999939
v 40.63999939 26.15999985 28.79999924
v 40.63999939 26.15999985 28.95999908
v 40.63999939 26.15999985 29.11999893
v 40.63999939 26.15999985 29.76000023
v 40.63999939 26.15999985 29.92000008
v 40.63999939 26.15999985 30.07999992
v 40.63999939 26.15999985 30.23999977
v 40.63999939 26.23999977 30.31999969
v 40.63999939 26.39999962 28.23999977
v 40.63999939 26.31999969 28.31999969
v 40.63999939 26.31999969 28.47999954
v 40.63999939 26.31999969 30.39999962
v 40.63999939 26.31999969 30.55999947
v 40.63999939 26.31999969 30.71999931
v 40.63999939 26.39999962 30.79999924
v 40.63999939 26.55999947 28.07999992
v 40.63999939 26.47999954 28.15999985
v 40.63999939 26.47999954 30.87999916
v 40.63999939 26.55999947 30.95999908
v 40.63999939 26.71999931 27.76000023
v 40.63999939 26.63999939 27.84000015
v 40.63999939 26.63999939 28.00000000
v 40.63999939 26.63999939 31.03999901
v 40.63999939 26.71999931 31.11999893
v 40.63999939 26.87999916 27.59999847
v 40.63999939 26.79999924 27.68000031
v 40.63999939 26.79999924 31.19999886
v 40.63999939 26.87999916 31.27999878
v 40.63999939 27.03999901 27.43999863
v 40.63999939 26.95999908 27.51999855
v 40.63999939 26.95999908 31.35999870
v 40.63999939 27.03999901 31.43999863
v 40.55999756 27.19999886 27.35999870
v 40.63999939 27.19999886 27.27999878
v 40.63999939 27.11999893 27.35999870
v 40.63999939 27.11999893 31.51999855
v 40.63999939 27.19999886 31.59999847
v 40.63999939 27.35999870 27.27999878
v 40.63999939 27.35999870 31.59999847
v 40.63999939 27.51999855 27.27999878
v 40.63999939 27.51999855 31.59999847
v 40.63999939 27.68000031 27.27999878
v 40.63999939 27.68000031 31.59999847
v 40.55999756 27.84000015 27.35999870
v 40.63999939 27.84000015 27.27999878
v 40.63999939 27.84000015 31.59999847
v 40.55999756 28.00000000 27.35999870
v 40.63999939 28.00000000 27.27999878
v 40.63999939 28.00000000 31.59999847
v 40.55999756 28.15999985 27.35999870
v 40.63999939 28.15999985 27.27999878
v 40.55999756 28.15999985 27.51999855
v 40.63999939 28.15999985 31.59999847
v 40.63999939 28.23999977 27.35999870
v 40.55999756 28.31999969 27.51999855
v 40.63999939 28.31999969 27.43999863
v 40.55999756 28.31999969 27.68000031
v 40.63999939 28.31999969 31.59999847
v 40.55999756 28.47999954 27.51999855
v 40.63999939 28.47999954 27.43999863
v 40.55999756 28.47999954 27.68000031
v 40.63999939 28.47999954 31.59999847
v 40.63999939 28.55999947 27.51999855
v 40.55999756 28.63999939 27.68000031
v 40.63999939 28.63999939 27.59999847
v 40.55999756 28.63999939 31.51999855
v 40.63999939 28.63999939 31.59999847
v 40.55999756 28.79999924 27.68000031
v 40.63999939 28.79999924 27.59999847
v 40.55999756 28.79999924 31.35999870
v 40.63999939 28.79999924 31.43999863
v 40.63999939 28.71999931 31.51999855
v 40.55999756 28.95999908 27.68000031
v 40.63999939 28.95999908 27.59999847
v 40.55999756 28.95999908 31.03999901
v 40.63999939 28.87999916 31.03999901
v 40.63999939 28.95999908 30.95999908
v 40.63999939 28.87999916 31.19999886
v 40.63999939 28.87999916 31.35999870
v 40.55999756 29.11999893 27.68000031
v 40.63999939 29.11999893 27.59999847
v 40.63999939 29.11999893 30.95999908
v 40.55999756 29.27999878 27.68000031
v 40.63999939 29.27999878 27.59999847
v 40.63999939 29.27999878 30.95999908
v 40.55999756 29.43999863 27.68000031
v 40.63999939 29.43999863 27.59999847
v 40.55999756 29.43999863 30.71999931
v 40.63999939 29.43999863 30.79999924
v 40.63999939 29.35999870 30.87999916
v 40.55999756 29.59999847 27.68000031
v 40.63999939 29.59999847 27.59999847
v 40.55999756 29.59999847 30.55999947
v 40.63999939 29.59999847 30.63999939
v 40.63999939 29.51999855 30.71999931
v 40.55999756 29.76000023 27.68000031
v 40.63999939 29.76000023 27.59999847
v 40.55999756 29.76000023 27.84000015
v 40.55999756 29.76000023 28.00000000
v 40.55999756 29.76000023 28.15999985
v 40.55999756 29.76000023 30.23999977
v 40.63999939 29.76000023 30.31999969
v 40.63999939 29.67999840 30.39999962
v 40.63999939 29.67999840 30.55999947
v 40.63999939 29.84000015 27.68000031
v 40.55999756 29.92000008 27.84000015
v 40.63999939 29.92000008 27.76000023
v 40.55999756 29.92000008 28.00000000
v 40.55999756 29.92000008 28.15999985
v 40.55999756 29.92000008 28.31999969
v 40.63999939 29.84000015 30.07999992
v 40.63999939 29.92000008 30.00000000
v 40.63999939 29.84000015 30.23999977
v 40.63999939 30.00000000 27.84000015
v 40.63999939 30.00000000 28.00000000
v 40.63999939 30.00000000 28.15999985
v 40.55999756 30.07999992 28.31999969
v 40.63999939 30.07999992 28.23999977
v 40.55999756 30.07999992 28.47999954
v 40.55999756 30.07999992 29.59999847
v 40.63999939 30.07999992 29.67999840
v 40.63999939 30.00000000 29.76000023
v 40.63999939 30.00000000 29.92000008
v 40.63999939 30.15999985 28.31999969
v 40.55999756 30.23999977 28.47999954
v 40.63999939 30.23999977 28.39999962
v 40.55999756 30.23999977 28.63999939
v 40.55999756 30.23999977 28.79999924
v 40.55999756 30.23999977 28.95999908
v 40.55999756 30.23999977 29.11999893
v 40.55999756 30.23999977 29.27999878
v 40.55999756 30.23999977 29.43999863
v 40.63999939 30.23999977 29.51999855
v 40.63999939 30.15999985 29.59999847
v 40.63999939 30.31999969 28.47999954
v 40.63999939 30.31999969 28.63999939
v 40.63999939 30.31999969 28.79999924
v 40.63999939 30.31999969 28.95999908
v 40.63999939 30.31999969 29.11999893
v 40.63999939 30.31999969 29.27999878
v 40.63999939 30.31999969 29.43999863
v 40.71999741 26.07999992 29.27999878
v 40.71999741 26.07999992 29.43999863
v 40.71999741 26.07999992 29.59999847
v 40.79999924 26.23999977 28.55999947
v 40.79999924 26.15999985 28.63999939
v 40.79999924 26.15999985 28.79999924
v 40.79999924 26.15999985 28.95999908
v 40.79999924 26.15999985 29.11999893
v 40.79999924 26.15999985 29.27999878
v 40.79999924 26.15999985 29.43999863
v 40.79999924 26.15999985 29.59999847
v 40.79999924 26.15999985 29.76000023
v 40.79999924 26.15999985 29.92000008
v 40.79999924 26.15999985 30.07999992
v 40.79999924 26.15999985 30.23999977
v 40.79999924 26.23999977 30.31999969
v 40.79999924 26.39999962 28.23999977
v 40.79999924 26.31999969 28.31999969
v 40.79999924 26.31999969 28.47999954
v 40.79999924 26.31999969 30.39999962
v 40.79999924 26.31999969 30.55999947
v 40.79999924 26.31999969 30.71999931
v 40.79999924 26.39999962 30.79999924
v 40.79999924 26.55999947 28.07999992
v 40.79999924 26.47999954 28.15999985
v 40.79999924 26.47999954 30.87999916
v 40.79999924 26.55999947 30.95999908
v 40.79999924 26.71999931 27.76000023
v 40.79999924 26.63999939 27.84000015
v 40.79999924 26.63999939 28.00000000
v 40.79999924 26.63999939 31.03999901
v 40.79999924 26.71999931 31.11999893
v 40.71999741 26.87999916 27.51999855
v 40.79999924 26.87999916 27.43999863
v 40.79999924 26.79999924 27.51999855
v 40.79999924 26.79999924 27.68000031
v 40.79999924 26.79999924 31.19999886
v 40.79999924 26.87999916 31.27999878
v 40.71999741 27.03999901 27.35999870
v 40.79999924 27.03999901 27.27999878
v 40.79999924 26.95999908 27.35999870
v 40.79999924 26.95999908 31.35999870
v 40.79999924 27.03999901 31.43999863
v 40.79999924 27.19999886 27.27999878
v 40.79999924 27.11999893 31.51999855
v 40.79999924 27.19999886 31.59999847
v 40.71999741 27.35999870 27.19999886
v 40.79999924 27.35999870 27.11999893
v 40.79999924 27.27999878 27.19999886
v 40.79999924 27.35999870 31.59999847
v 40.71999741 27.51999855 27.03999901
v 40.79999924 27.51999855 26.95999908
v 40.79999924 27.43999863 27.03999901
v 40.71999741 27.51999855 27.19999886
v 40.79999924 27.51999855 31.59999847
v 40.71999741 27.68000031 27.03999901
v 40.79999924 27.68000031 26.95999908
v 40.71999741 27.68000031 27.19999886
v 40.79999924 27.68000031 31.59999847
v 40.71999741 27.84000015 27.03999901
v 40.79999924 27.84000015 26.95999908
v 40.71999741 27.84000015 27.19999886
v 40.79999924 27.84000015 31.59999847
v 40.71999741 28.00000000 27.03999901
v 40.79999924 28.00000000 26.95999908
v 40.71999741 28.00000000 27.19999886
v 40.79999924 28.00000000 31.59999847
v 40.71999741 28.15999985 27.03999901
v 40.79999924 28.15999985 26.95999908
v 40.71999741 28.15999985 27.19999886
v 40.79999924 28.15999985 31.59999847
v 40.71999741 28.31999969 27.03999901
v 40.79999924 28.31999969 26.95999908
v 40.71999741 28.31999969 27.19999886
v 40.71999741 28.31999969 27.35999870
v 40.79999924 28.31999969 31.59999847
v 40.79999924 28.39999962 27.03999901
v 40.79999924 28.39999962 27.19999886
v 40.71999741 28.47999954 27.35999870
v 40.79999924 28.47999954 27.27999878
v 40.79999924 28.47999954 31.59999847
v 40.71999741 28.63999939 27.35999870
v 40.79999924 28.63999939 27.27999878
v 40.71999741 28.63999939 27.51999855
v 40.79999924 28.63999939 31.59999847
v 40.79999924 28.71999931 27.35999870
v 40.71999741 28.79999924 27.51999855
v 40.79999924 28.79999924 27.43999863
v 40.79999924 28.71999931 31.51999855
v 40.79999924 28.79999924 31.43999863
v 40.71999741 28.95999908 27.51999855
v 40.79999924 28.95999908 27.43999863
v 40.79999924 28.87999916 31.03999901
v 40.79999924 28.95999908 30.95999908
v 40.79999924 28.87999916 31.19999886
v 40.79999924 28.87999916 31.35999870
v 40.71999741 29.11999893 27.51999855
v 40.79999924 29.11999893 27.43999863
v 40.79999924 29.11999893 30.95999908
v 40.71999741 29.27999878 27.35999870
v 40.79999924 29.27999878 27.27999878
v 40.79999924 29.19999886 27.35999870
v 40.71999741 29.27999878 27.51999855
v 40.79999924 29.27999878 30.95999908
v 40.71999741 29.43999863 27.35999870
v 40.79999924 29.43999863 27.27999878
v 40.71999741 29.43999863 27.51999855
v 40.79999924 29.35999870 30.87999916
v 40.79999924 29.43999863 30.79999924
v 40.71999741 29.59999847 27.35999870
v 40.79999924 29.59999847 27.27999878
v 40.71999741 29.59999847 27.51999855
v 40.79999924 29.51999855 30.71999931
v 40.79999924 29.59999847 30.63999939
v 40.79999924 29.67999840 27.35999870
v 40.71999741 29.76000023 27.51999855
v 40.79999924 29.76000023 27.43999863
v 40.79999924 29.67999840 30.39999962
v 40.79999924 29.76000023 30.31999969
v 40.79999924 29.67999840 30.55999947
v 40.71999741 29.92000008 27.51999855
v 40.79999924 29.92000008 27.43999863
v 40.71999741 29.92000008 27.68000031
v 40.71999741 29.92000008 30.07999992
v 40.79999924 29.92000008 30.15999985
v 40.79999924 29.84000015 30.23999977
v 40.79999924 30.00000000 27.51999855
v 40.79999924 30.00000000 27.68000031
v 40.71999741 30.07999992 27.84000015
v 40.79999924 30.07999992 27.76000023
v 40.71999741 30.07999992 28.00000000
v 40.71999741 30.07999992 28.15999985
v 40.71999741 30.07999992 29.76000023
v 40.79999924 30.07999992 29.84000015
v 40.79999924 30.00000000 29.92000008
v 40.79999924 30.00000000 30.07999992
v 40.79999924 30.15999985 27.84000015
v 40.71999741 30.23999977 28.00000000
v 40.79999924 30.23999977 27.92000008
v 40.71999741 30.23999977 28.15999985
v 40.71999741 30.23999977 28.31999969
v 40.79999924 30.15999985 29.59999847
v 40.79999924 30.23999977 29.51999855
v 40.79999924 30.15999985 29.76000023
v 40.79999924 30.31999969 28.00000000
v 40.79999924 30.31999969 28.15999985
v 40.71999741 30.39999962 28.31999969
v 40.79999924 30.39999962 28.23999977
v 40.71999741 30.39999962 28.47999954
v 40.71999741 30.39999962 28.63999939
v 40.79999924 30.39999962 28.71999931
v 40.79999924 30.31999969 28.79999924
v 40.79999924 30.31999969 28.95999908
v 40.79999924 30.31999969 29.11999893
v 40.79999924 30.31999969 29.27999878
v 40.79999924 30.31999969 29.43999863
v 40.79999924 30.47999954 28.31999969
v 40.79999924 30.47999954 28.47999954
v 40.79999924 30.47999954 28.63999939
v 40.95999908 26.23999977 28.55999947
v 40.95999908 26.15999985 28.63999939
v 40.95999908 26.15999985 28.79999924
v 40.95999908 26.15999985 28.95999908
v 40.95999908 26.15999985 29.11999893
v 40.95999908 26.15999985 29.27999878
v 40.95999908 26.15999985 29.43999863
v 40.95999908 26.15999985 29.59999847
v 40.95999908 26.15999985 29.76000023
v 40.95999908 26.15999985 29.92000008
v 40.95999908 26.15999985 30.07999992
v 40.87999725 26.23999977 30.23999977
v 40.95999908 26.23999977 30.15999985
v 40.95999908 26.39999962 28.23999977
v 40.95999908 26.31999969 28.31999969
v 40.95999908 26.31999969 28.47999954
v 40.95999908 26.31999969 30.23999977
v 40.95999908 26.31999969 30.39999962
v 40.95999908 26.31999969 30.55999947
v 40.87999725 26.39999962 30.71999931
v 40.95999908 26.39999962 30.63999939
v 40.95999908 26.55999947 28.07999992
v 40.95999908 26.47999954 28.15999985
v 40.95999908 26.47999954 30.71999931
v 40.95999908 26.47999954 30.87999916
v 40.95999908 26.55999947 30.95999908
v 40.95999908 26.71999931 27.76000023
v 40.95999908 26.63999939 27.84000015
v 40.95999908 26.63999939 28.00000000
v 40.95999908 26.63999939 31.03999901
v 40.95999908 26.71999931 31.11999893
v 40.95999908 26.87999916 27.43999863
v 40.95999908 26.79999924 27.51999855
v 40.95999908 26.79999924 27.68000031
v 40.95999908 26.79999924 31.19999886
v 40.95999908 26.87999916 31.27999878
v 40.95999908 27.03999901 27.27999878
v 40.95999908 26.95999908 27.35999870
v 40.95999908 26.95999908 31.35999870
v 40.95999908 27.03999901 31.43999863
v 40.87999725 27.19999886 27.19999886
v 40.95999908 27.19999886 27.11999893
v 40.95999908 27.11999893 27.19999886
v 40.95999908 27.11999893 31.51999855
v 40.95999908 27.19999886 31.59999847
v 40.95999908 27.35999870 27.11999893
v 40.95999908 27.35999870 31.59999847
v 40.95999908 27.51999855 26.95999908
v 40.95999908 27.43999863 27.03999901
v 40.95999908 27.51999855 31.59999847
v 40.95999908 27.68000031 26.95999908
v 40.95999908 27.68000031 31.59999847
v 40.87999725 27.84000015 26.71999931
v 40.95999908 27.84000015 26.63999939
v 40.95999908 27.76000023 26.71999931
v 40.95999908 27.76000023 26.87999916
v 40.87999725 27.84000015 26.87999916
v 40.95999908 27.84000015 31.59999847
v 40.87999725 28.00000000 26.71999931
v 40.95999908 28.00000000 26.63999939
v 40.87999725 28.00000000 26.87999916
v 40.95999908 28.00000000 31.59999847
v 40.87999725 28.15999985 26.55999947
v 40.95999908 28.15999985 26.47999954
v 40.95999908 28.07999992 26.55999947
v 40.87999725 28.15999985 26.71999931
v 40.87999725 28.15999985 26.87999916
v 40.95999908 28.15999985 31.59999847
v 40.87999725 28.31999969 26.55999947
v 40.95999908 28.31999969 26.47999954
v 40.87999725 28.31999969 26.71999931
v 40.87999725 28.31999969 26.87999916
v 40.95999908 28.31999969 31.59999847
v 40.87999725 28.47999954 26.55999947
v 40.95999908 28.47999954 26.47999954
v 40.87999725 28.47999954 26.71999931
v 40.87999725 28.47999954 26.87999916
v 40.87999725 28.47999954 27.03999901
v 40.87999725 28.47999954 27.19999886
v 40.95999908 28.47999954 31.59999847
v 40.87999725 28.63999939 26.55999947
v 40.95999908 28.63999939 26.47999954
v 40.87999725 28.63999939 26.71999931
v 40.87999725 28.63999939 26.87999916
v 40.87999725 28.63999939 27.03999901
v 40.87999725 28.63999939 27.19999886
v 40.95999908 28.63999939 31.59999847
v 40.95999908 28.71999931 26.55999947
v 40.87999725 28.79999924 26.71999931
v 40.95999908 28.79999924 26.63999939
v 40.87999725 28.79999924 26.87999916
v 40.87999725 28.79999924 27.03999901
v 40.87999725 28.79999924 27.19999886
v 40.87999725 28.79999924 27.35999870
v 40.95999908 28.71999931 31.51999855
v 40.95999908 28.79999924 31.43999863
v 40.95999908 28.87999916 26.71999931
v 40.87999725 28.95999908 26.87999916
v 40.95999908 28.95999908 26.79999924
v 40.87999725 28.95999908 27.03999901
v 40.87999725 28.95999908 27.19999886
v 40.87999725 28.95999908 27.35999870
v 40.87999725 28.95999908 30.87999916
v 40.95999908 28.87999916 30.87999916
v 40.95999908 28.95999908 30.79999924
v 40.95999908 28.87999916 31.03999901
v 40.95999908 28.87999916 31.19999886
v 40.95999908 28.87999916 31.35999870
v 40.87999725 29.11999893 26.87999916
v 40.95999908 29.11999893 26.79999924
v 40.87999725 29.11999893 27.03999901
v 40.87999725 29.11999893 27.19999886
v 40.87999725 29.11999893 27.35999870
v 40.87999725 29.11999893 30.87999916
v 40.95999908 29.11999893 30.79999924
v 40.87999725 29.27999878 26.87999916
v 40.95999908 29.27999878 26.79999924
v 40.87999725 29.27999878 27.03999901
v 40.87999725 29.27999878 27.19999886
v 40.87999725 29.27999878 30.87999916
v 40.95999908 29.27999878 30.79999924
v 40.87999725 29.43999863 26.87999916
v 40.95999908 29.43999863 26.79999924
v 40.87999725 29.43999863 27.03999901
v 40.87999725 29.43999863 27.19999886
v 40.95999908 29.43999863 30.79999924
v 40.87999725 29.59999847 26.87999916
v 40.95999908 29.59999847 26.79999924
v 40.87999725 29.59999847 27.03999901
v 40.87999725 29.59999847 27.19999886
v 40.95999908 29.51999855 30.71999931
v 40.95999908 29.59999847 30.63999939
v 40.87999725 29.76000023 26.87999916
v 40.95999908 29.76000023 26.79999924
v 40.87999725 29.76000023 27.03999901
v 40.87999725 29.76000023 27.19999886
v 40.87999725 29.76000023 27.35999870
v 40.95999908 29.67999840 30.39999962
v 40.95999908 29.76000023 30.31999969
v 40.95999908 29.67999840 30.55999947
v 40.95999908 29.84000015 26.87999916
v 40.87999725 29.92000008 27.03999901
v 40.95999908 29.92000008 26.95999908
v 40.87999725 29.92000008 27.19999886
v 40.87999725 29.92000008 27.35999870
v 40.95999908 29.84000015 30.23999977
v 40.95999908 29.92000008 30.15999985
v 40.95999908 30.00000000 27.03999901
v 40.95999908 30.00000000 27.19999886
v 40.87999725 30.07999992 27.35999870
v 40.95999908 30.07999992 27.27999878
v 40.87999725 30.07999992 27.51999855
v 40.87999725 30.07999992 27.68000031
v 40.87999725 30.07999992 29.92000008
v 40.95999908 30.07999992 30.00000000
v 40.95999908 30.00000000 30.07999992
v 40.95999908 30.15999985 27.35999870
v 40.95999908 30.15999985 27.51999855
v 40.87999725 30.23999977 27.68000031
v 40.95999908 30.23999977 27.59999847
v 40.87999725 30.23999977 27.84000015
v 40.87999725 30.23999977 29.59999847
v 40.95999908 30.23999977 29.67999840
v 40.95999908 30.15999985 29.76000023
v 40.95999908 30.15999985 29.92000008
v 40.95999908 30.31999969 27.68000031
v 40.95999908 30.31999969 27.84000015
v 40.95999908 30.31999969 28.00000000
v 40.87999725 30.39999962 28.15999985
v 40.95999908 30.39999962 28.07999992
v 40.87999725 30.39999962 28.79999924
v 40.87999725 30.39999962 28.95999908
v 40.87999725 30.39999962 29.11999893
v 40.87999725 30.39999962 29.27999878
v 40.95999908 30.39999962 29.35999870
v 40.95999908 30.31999969 29.43999863
v 40.95999908 30.31999969 29.59999847
v 40.95999908 30.47999954 28.15999985
v 40.95999908 30.47999954 28.31999969
v 40.95999908 30.47999954 28.47999954
v 40.95999908 30.47999954 28.63999939
v 40.95999908 30.47999954 28.79999924
v 40.95999908 30.47999954 28.95999908
v 40.95999908 30.47999954 29.11999893
v 40.95999908 30.47999954 29.27999878
v 41.04000092 26.23999977 28.63999939
v 41.04000092 26.23999977 28.79999924
v 41.04000092 26.23999977 28.95999908
v 41.04000092 26.23999977 29.11999893
v 41.04000092 26.23999977 29.27999878
v 41.11999893 26.23999977 29.35999870
v 41.11999893 26.15999985 29.43999863
v 41.11999893 26.15999985 29.59999847
v 41.11999893 26.15999985 29.76000023
v 41.11999893 26.15999985 29.92000008
v 41.11999893 26.15999985 30.07999992
v 41.11999893 26.23999977 30.15999985
v 41.04000092 26.39999962 28.31999969
v 41.11999893 26.39999962 28.39999962
v 41.11999893 26.31999969 28.47999954
v 41.11999893 26.31999969 28.63999939
v 41.11999893 26.31999969 28.79999924
v 41.11999893 26.31999969 28.95999908
v 41.11999893 26.31999969 29.11999893
v 41.11999893 26.31999969 29.27999878
v 41.11999893 26.31999969 30.23999977
v 41.11999893 26.31999969 30.39999962
v 41.11999893 26.31999969 30.55999947
v 41.11999893 26.39999962 30.63999939
v 41.11999893 26.55999947 28.07999992
v 41.11999893 26.47999954 28.15999985
v 41.11999893 26.47999954 28.31999969
v 41.11999893 26.47999954 30.71999931
v 41.11999893 26.47999954 30.87999916
v 41.11999893 26.55999947 30.95999908
v 41.11999893 26.71999931 27.76000023
v 41.11999893 26.63999939 27.84000015
v 41.11999893 26.63999939 28.00000000
v 41.11999893 26.63999939 31.03999901
v 41.11999893 26.71999931 31.11999893
v 41.11999893 26.87999916 27.43999863
v 41.11999893 26.79999924 27.51999855
v 41.11999893 26.79999924 27.68000031
v 41.11999893 26.79999924 31.19999886
v 41.11999893 26.87999916 31.27999878
v 41.11999893 27.03999901 27.27999878
v 41.11999893 26.95999908 27.35999870
v 41.11999893 26.95999908 31.35999870
v 41.11999893 27.03999901 31.43999863
v 41.11999893 27.19999886 27.11999893
v 41.11999893 27.11999893 27.19999886
v 41.04000092 27.19999886 31.51999855
v 41.11999893 27.19999886 31.43999863
v 41.11999893 27.35999870 27.11999893
v 41.11999893 27.27999878 31.51999855
v 41.11999893 27.35999870 31.59999847
v 41.11999893 27.51999855 26.95999908
v 41.11999893 27.43999863 27.03999901
v 41.11999893 27.51999855 31.59999847
v 41.04000092 27.68000031 26.71999931
v 41.11999893 27.68000031 26.63999939
v 41.11999893 27.59999847 26.71999931
v 41.11999893 27.59999847 26.87999916
v 41.04000092 27.68000031 26.87999916
v 41.11999893 27.68000031 31.59999847
v 41.04000092 27.84000015 26.55999947
v 41.11999893 27.84000015 26.47999954
v 41.11999893 27.76000023 26.55999947
v 41.11999893 27.84000015 31.59999847
v 41.04000092 28.00000000 26.55999947
v 41.11999893 28.00000000 26.47999954
v 41.11999893 28.00000000 31.59999847
v 41.04000092 28.15999985 26.23999977
v 41.11999893 28.15999985 26.15999985
v 41.11999893 28.07999992 26.23999977
v 41.11999893 28.07999992 26.39999962
v 41.04000092 28.15999985 26.39999962
v 41.11999893 28.15999985 31.59999847
v 41.04000092 28.31999969 26.23999977
v 41.11999893 28.31999969 26.15999985
v 41.04000092 28.31999969 26.39999962
v 41.11999893 28.31999969 31.59999847
v 41.04000092 28.47999954 26.07999992
v 41.11999893 28.47999954 26.00000000
v 41.11999893 28.39999962 26.07999992
v 41.04000092 28.47999954 26.23999977
v 41.04000092 28.47999954 26.39999962
v 41.11999893 28.47999954 31.59999847
v 41.04000092 28.63999939 26.07999992
v 41.11999893 28.63999939 26.00000000
v 41.04000092 28.63999939 26.23999977
v 41.04000092 28.63999939 26.39999962
v 41.04000092 28.63999939 30.23999977
v 41.11999893 28.55999947 30.23999977
v 41.11999893 28.63999939 30.15999985
v 41.04000092 28.63999939 30.39999962
v 41.11999893 28.55999947 30.39999962
v 41.04000092 28.63999939 30.55999947
v 41.11999893 28.55999947 30.55999947
v 41.04000092 28.63999939 30.71999931
v 41.11999893 28.55999947 30.71999931
v 41.04000092 28.63999939 30.87999916
v 41.11999893 28.55999947 30.87999916
v 41.04000092 28.63999939 31.03999901
v 41.11999893 28.55999947 31.03999901
v 41.04000092 28.63999939 31.19999886
v 41.11999893 28.55999947 31.19999886
v 41.04000092 28.63999939 31.35999870
v 41.11999893 28.55999947 31.35999870
v 41.04000092 28.63999939 31.51999855
v 41.11999893 28.55999947 31.51999855
v 41.04000092 28.79999924 26.07999992
v 41.11999893 28.79999924 26.00000000
v 41.04000092 28.79999924 26.23999977
v 41.04000092 28.79999924 26.39999962
v 41.04000092 28.79999924 26.55999947
v 41.04000092 28.79999924 30.23999977
v 41.11999893 28.79999924 30.15999985
v 41.04000092 28.79999924 30.39999962
v 41.04000092 28.79999924 30.55999947
v 41.04000092 28.79999924 30.71999931
v 41.04000092 28.79999924 30.87999916
v 41.04000092 28.79999924 31.03999901
v 41.04000092 28.79999924 31.19999886
v 41.04000092 28.79999924 31.35999870
v 41.04000092 28.95999908 26.07999992
v 41.11999893 28.95999908 26.00000000
v 41.04000092 28.95999908 26.23999977
v 41.04000092 28.95999908 26.39999962
v 41.04000092 28.95999908 26.55999947
v 41.04000092 28.95999908 26.71999931
v 41.04000092 28.95999908 30.23999977
v 41.11999893 28.95999908 30.15999985
v 41.04000092 28.95999908 30.39999962
v 41.04000092 28.95999908 30.55999947
v 41.04000092 28.95999908 30.71999931
v 41.04000092 29.11999893 26.07999992
v 41.11999893 29.11999893 26.00000000
v 41.04000092 29.11999893 26.23999977
v 41.04000092 29.11999893 26.39999962
v 41.04000092 29.11999893 26.55999947
v 41.04000092 29.11999893 26.71999931
v 41.11999893 29.03999901 30.23999977
v 41.11999893 29.03999901 30.39999962
v 41.11999893 29.03999901 30.55999947
v 41.11999893 29.03999901 30.71999931
v 41.11999893 29.11999893 30.79999924
v 41.11999893 29.19999886 26.07999992
v 41.04000092 29.27999878 26.23999977
v 41.11999893 29.27999878 26.15999985
v 41.04000092 29.27999878 26.39999962
v 41.04000092 29.27999878 26.55999947
v 41.04000092 29.27999878 26.71999931
v 41.11999893 29.27999878 30.79999924
v 41.04000092 29.43999863 26.23999977
v 41.11999893 29.43999863 26.15999985
v 41.04000092 29.43999863 26.39999962
v 41.04000092 29.43999863 26.55999947
v 41.04000092 29.43999863 26.71999931
v 41.11999893 29.43999863 30.79999924
v 41.11999893 29.51999855 26.23999977
v 41.04000092 29.59999847 26.39999962
v 41.11999893 29.59999847 26.31999969
v 41.04000092 29.59999847 26.55999947
v 41.04000092 29.59999847 26.71999931
v 41.11999893 29.51999855 30.71999931
v 41.11999893 29.59999847 30.63999939
v 41.11999893 29.67999840 26.39999962
v 41.04000092 29.76000023 26.55999947
v 41.11999893 29.76000023 26.47999954
v 41.04000092 29.76000023 26.71999931
v 41.04000092 29.76000023 30.39999962
v 41.11999893 29.76000023 30.47999954
v 41.11999893 29.67999840 30.55999947
v 41.11999893 29.84000015 26.55999947
v 41.11999893 29.84000015 26.71999931
v 41.11999893 29.84000015 26.87999916
v 41.11999893 29.92000008 26.95999908
v 41.04000092 29.92000008 30.23999977
v 41.11999893 29.92000008 30.31999969
v 41.11999893 29.84000015 30.39999962
v 41.11999893 30.00000000 27.03999901
v 41.04000092 30.07999992 27.19999886
v 41.11999893 30.07999992 27.11999893
v 41.11999893 30.00000000 30.07999992
v 41.11999893 30.07999992 30.00000000
v 41.11999893 30.00000000 30.23999977
v 41.04000092 30.23999977 27.19999886
v 41.11999893 30.23999977 27.11999893
v 41.04000092 30.23999977 27.35999870
v 41.04000092 30.23999977 27.51999855
v 41.04000092 30.23999977 29.76000023
v 41.11999893 30.23999977 29.84000015
v 41.11999893 30.15999985 29.92000008
v 41.11999893 30.31999969 27.19999886
v 41.11999893 30.31999969 27.35999870
v 41.11999893 30.31999969 27.51999855
v 41.11999893 30.31999969 27.68000031
v 41.04000092 30.39999962 27.84000015
v 41.11999893 30.39999962 27.76000023
v 41.04000092 30.39999962 28.00000000
v 41.11999893 30.31999969 29.43999863
v 41.11999893 30.39999962 29.35999870
v 41.11999893 30.31999969 29.59999847
v 41.11999893 30.31999969 29.76000023
v 41.11999893 30.47999954 27.84000015
v 41.11999893 30.47999954 28.00000000
v 41.04000092 30.55999947 28.15999985
v 41.11999893 30.55999947 28.07999992
v 41.04000092 30.55999947 28.31999969
v 41.04000092 30.55999947 28.47999954
v 41.04000092 30.55999947 28.63999939
v 41.04000092 30.55999947 28.79999924
v 41.04000092 30.55999947 28.95999908
v 41.11999893 30.55999947 29.03999901
v 41.11999893 30.47999954 29.11999893
v 41.11999893 30.47999954 29.27999878
v 41.11999893 30.63999939 28.15999985
v 41.11999893 30.63999939 28.31999969
v 41.11999893 30.63999939 28.47999954
v 41.11999893 30.63999939 28.63999939
v 41.11999893 30.63999939 28.79999924
v 41.11999893 30.63999939 28.95999908
v 41.20000076 26.23999977 29.43999863
v 41.20000076 26.23999977 29.59999847
v 41.20000076 26.23999977 29.76000023
v 41.20000076 26.23999977 29.92000008
v 41.20000076 26.23999977 30.07999992
v 41.27999878 26.39999962 28.39999962
v 41.27999878 26.31999969 28.47999954
v 41.27999878 26.31999969 28.63999939
v 41.27999878 26.31999969 28.79999924
v 41.27999878 26.31999969 28.95999908
v 41.27999878 26.31999969 29.11999893
v 41.27999878 26.31999969 29.27999878
v 41.27999878 26.31999969 29.43999863
v 41.27999878 26.31999969 29.59999847
v 41.27999878 26.31999969 29.76000023
v 41.27999878 26.31999969 29.92000008
v 41.27999878 26.31999969 30.07999992
v 41.20000076 26.39999962 30.23999977
v 41.27999878 26.39999962 30.15999985
v 41.20000076 26.39999962 30.39999962
v 41.20000076 26.39999962 30.55999947
v 41.27999878 26.55999947 28.07999992
v 41.27999878 26.47999954 28.15999985
v 41.27999878 26.47999954 28.31999969
v 41.27999878 26.47999954 30.23999977
v 41.27999878 26.47999954 30.39999962
v 41.27999878 26.47999954 30.55999947
v 41.20000076 26.55999947 30.71999931
v 41.27999878 26.55999947 30.63999939
v 41.20000076 26.55999947 30.87999916
v 41.27999878 26.71999931 27.76000023
v 41.27999878 26.63999939 27.84000015
v 41.27999878 26.63999939 28.00000000
v 41.27999878 26.63999939 30.71999931
v 41.27999878 26.63999939 30.87999916
v 41.27999878 26.63999939 31.03999901
v 41.27999878 26.71999931 31.11999893
v 41.20000076 26.87999916 27.51999855
v 41.27999878 26.87999916 27.59999847
v 41.27999878 26.79999924 27.68000031
v 41.20000076 26.87999916 31.19999886
v 41.27999878 26.87999916 31.11999893
v 41.27999878 27.03999901 27.27999878
v 41.27999878 26.95999908 27.35999870
v 41.27999878 26.95999908 27.51999855
v 41.27999878 26.95999908 31.19999886
v 41.20000076 27.03999901 31.35999870
v 41.27999878 27.03999901 31.27999878
v 41.27999878 27.19999886 27.11999893
v 41.27999878 27.11999893 27.19999886
v 41.27999878 27.11999893 31.35999870
v 41.27999878 27.19999886 31.43999863
v 41.20000076 27.35999870 27.03999901
v 41.27999878 27.35999870 26.95999908
v 41.27999878 27.27999878 27.03999901
v 41.27999878 27.27999878 31.51999855
v 41.27999878 27.35999870 31.59999847
v 41.20000076 27.51999855 26.87999916
v 41.27999878 27.51999855 26.79999924
v 41.27999878 27.43999863 26.87999916
v 41.27999878 27.51999855 31.59999847
v 41.20000076 27.68000031 26.55999947
v 41.27999878 27.68000031 26.47999954
v 41.27999878 27.59999847 26.55999947
v 41.27999878 27.59999847 26.71999931
v 41.27999878 27.68000031 31.59999847
v 41.20000076 27.84000015 26.39999962
v 41.27999878 27.84000015 26.31999969
v 41.27999878 27.76000023 26.39999962
v 41.27999878 27.84000015 31.59999847
v 41.20000076 28.00000000 26.39999962
v 41.27999878 28.00000000 26.31999969
v 41.27999878 28.00000000 31.59999847
v 41.27999878 28.15999985 26.15999985
v 41.27999878 28.07999992 26.23999977
v 41.27999878 28.15999985 31.59999847
v 41.20000076 28.31999969 25.92000008
v 41.27999878 28.31999969 25.84000015
v 41.27999878 28.23999977 25.92000008
v 41.27999878 28.23999977 26.07999992
v 41.20000076 28.31999969 26.07999992
v 41.27999878 28.31999969 31.59999847
v 41.20000076 28.47999954 25.92000008
v 41.27999878 28.47999954 25.84000015
v 41.27999878 28.47999954 31.59999847
v 41.20000076 28.63999939 25.92000008
v 41.27999878 28.63999939 25.84000015
v 41.27999878 28.55999947 30.23999977
v 41.27999878 28.63999939 30.15999985
v 41.27999878 28.55999947 30.39999962
v 41.27999878 28.55999947 30.55999947
v 41.27999878 28.55999947 30.71999931
v 41.27999878 28.55999947 30.87999916
v 41.27999878 28.55999947 31.03999901
v 41.27999878 28.55999947 31.19999886
v 41.27999878 28.55999947 31.35999870
v 41.27999878 28.55999947 31.51999855
v 41.20000076 28.79999924 25.92000008
v 41.27999878 28.79999924 25.84000015
v 41.27999878 28.79999924 30.15999985
v 41.20000076 28.95999908 25.92000008
v 41.27999878 28.95999908 25.84000015
v 41.27999878 28.95999908 30.15999985
v 41.20000076 29.11999893 25.92000008
v 41.27999878 29.11999893 25.84000015
v 41.27999878 29.03999901 30.23999977
v 41.27999878 29.03999901 30.39999962
v 41.27999878 29.03999901 30.55999947
v 41.27999878 29.03999901 30.71999931
v 41.27999878 29.11999893 30.79999924
v 41.20000076 29.27999878 25.92000008
v 41.27999878 29.27999878 25.84000015
v 41.20000076 29.27999878 26.07999992
v 41.27999878 29.27999878 30.79999924
v 41.20000076 29.43999863 25.92000008
v 41.27999878 29.43999863 25.84000015
v 41.20000076 29.43999863 26.07999992
v 41.27999878 29.43999863 30.79999924
v 41.20000076 29.59999847 25.92000008
v 41.27999878 29.59999847 25.84000015
v 41.20000076 29.59999847 26.07999992
v 41.20000076 29.59999847 26.23999977
v 41.27999878 29.51999855 30.71999931
v 41.27999878 29.59999847 30.63999939
v 41.20000076 29.76000023 25.92000008
v 41.27999878 29.76000023 25.84000015
v 41.20000076 29.76000023 26.07999992
v 41.20000076 29.76000023 26.23999977
v 41.20000076 29.76000023 26.39999962
v 41.27999878 29.67999840 30.55999947
v 41.27999878 29.76000023 30.47999954
v 41.27999878 29.84000015 25.92000008
v 41.27999878 29.84000015 26.07999992
v 41.27999878 29.84000015 26.23999977
v 41.27999878 29.84000015 26.39999962
v 41.27999878 29.84000015 26.55999947
v 41.27999878 29.84000015 26.71999931
v 41.27999878 29.84000015 26.87999916
v 41.27999878 29.92000008 26.95999908
v 41.27999878 29.84000015 30.39999962
v 41.27999878 29.92000008 30.31999969
v 41.27999878 30.00000000 27.03999901
v 41.27999878 30.07999992 27.11999893
v 41.27999878 30.00000000 30.07999992
v 41.27999878 30.07999992 30.00000000
v 41.27999878 30.00000000 30.23999977
v 41.27999878 30.23999977 27.11999893
v 41.27999878 30.15999985 29.92000008
v 41.27999878 30.23999977 29.84000015
v 41.27999878 30.31999969 27.19999886
v 41.27999878 30.31999969 27.35999870
v 41.20000076 30.39999962 27.51999855
v 41.27999878 30.39999962 27.43999863
v 41.20000076 30.39999962 27.68000031
v 41.20000076 30.39999962 29.43999863
v 41.27999878 30.39999962 29.51999855
v 41.27999878 30.31999969 29.59999847
v 41.27999878 30.31999969 29.76000023
v 41.27999878 30.47999954 27.51999855
v 41.20000076 30.55999947 27.68000031
v 41.27999878 30.55999947 27.59999847
v 41.20000076 30.55999947 27.84000015
v 41.20000076 30.55999947 28.00000000
v 41.20000076 30.55999947 29.11999893
v 41.27999878 30.55999947 29.19999886
v 41.27999878 30.47999954 29.27999878
v 41.27999878 30.47999954 29.43999863
v 41.27999878 30.63999939 27.68000031
v 41.27999878 30.63999939 27.84000015
v 41.27999878 30.63999939 28.00000000
v 41.27999878 30.63999939 28.15999985
v 41.27999878 30.63999939 28.31999969
v 41.27999878 30.63999939 28.47999954
v 41.27999878 30.63999939 28.63999939
v 41.27999878 30.63999939 28.79999924
v 41.27999878 30.63999939 28.95999908
v 41.27999878 30.63999939 29.11999893
v 41.43999863 26.39999962 28.39999962
v 41.43999863 26.31999969 28.47999954
v 41.43999863 26.31999969 28.63999939
v 41.43999863 26.31999969 28.79999924
v 41.43999863 26.31999969 28.95999908
v 41.43999863 26.31999969 29.11999893
v 41.43999863 26.31999969 29.27999878
v 41.43999863 26.31999969 29.43999863
v 41.43999863 26.31999969 29.59999847
v 41.43999863 26.31999969 29.76000023
v 41.36000061 26.39999962 29.92000008
v 41.43999863 26.39999962 29.84000015
v 41.36000061 26.39999962 30.07999992
v 41.43999863 26.55999947 28.07999992
v 41.43999863 26.47999954 28.15999985
v 41.43999863 26.47999954 28.31999969
v 41.43999863 26.47999954 29.92000008
v 41.43999863 26.47999954 30.07999992
v 41.43999863 26.47999954 30.23999977
v 41.43999863 26.47999954 30.39999962
v 41.43999863 26.47999954 30.55999947
v 41.43999863 26.55999947 30.63999939
v 41.43999863 26.71999931 27.76000023
v 41.43999863 26.63999939 27.84000015
v 41.43999863 26.63999939 28.00000000
v 41.43999863 26.63999939 30.71999931
v 41.43999863 26.63999939 30.87999916
v 41.36000061 26.71999931 31.03999901
v 41.43999863 26.71999931 30.95999908
v 41.43999863 26.87999916 27.59999847
v 41.43999863 26.79999924 27.68000031
v 41.43999863 26.79999924 31.03999901
v 41.43999863 26.87999916 31.11999893
v 41.43999863 27.03999901 27.27999878
v 41.43999863 26.95999908 27.35999870
v 41.43999863 26.95999908 27.51999855
v 41.43999863 26.95999908 31.19999886
v 41.43999863 27.03999901 31.27999878
v 41.43999863 27.19999886 27.11999893
v 41.43999863 27.11999893 27.19999886
v 41.43999863 27.11999893 31.35999870
v 41.43999863 27.19999886 31.43999863
v 41.43999863 27.35999870 26.95999908
v 41.43999863 27.27999878 27.03999901
v 41.43999863 27.27999878 31.51999855
v 41.43999863 27.35999870 31.59999847
v 41.43999863 27.51999855 26.79999924
v 41.43999863 27.43999863 26.87999916
v 41.43999863 27.51999855 31.59999847
v 41.43999863 27.68000031 26.47999954
v 41.43999863 27.59999847 26.55999947
v 41.43999863 27.59999847 26.71999931
v 41.43999863 27.68000031 31.59999847
v 41.36000061 27.84000015 26.23999977
v 41.43999863 27.84000015 26.15999985
v 41.43999863 27.76000023 26.23999977
v 41.43999863 27.76000023 26.39999962
v 41.43999863 27.84000015 31.59999847
v 41.36000061 28.00000000 26.23999977
v 41.43999863 28.00000000 26.15999985
v 41.43999863 28.00000000 31.59999847
v 41.36000061 28.15999985 25.92000008
v 41.43999863 28.15999985 25.84000015
v 41.43999863 28.07999992 25.92000008
v 41.43999863 28.07999992 26.07999992
v 41.36000061 28.15999985 26.07999992
v 41.43999863 28.15999985 31.59999847
v 41.36000061 28.31999969 25.76000023
v 41.43999863 28.31999969 25.68000031
v 41.43999863 28.23999977 25.76000023
v 41.43999863 28.31999969 31.59999847
v 41.36000061 28.47999954 25.76000023
v 41.43999863 28.47999954 25.68000031
v 41.43999863 28.47999954 31.59999847
v 41.36000061 28.63999939 25.76000023
v 41.43999863 28.63999939 25.68000031
v 41.43999863 28.55999947 30.23999977
v 41.43999863 28.63999939 30.15999985
v 41.43999863 28.55999947 30.39999962
v 41.43999863 28.55999947 30.55999947
v 41.43999863 28.55999947 30.71999931
v 41.43999863 28.55999947 30.87999916
v 41.43999863 28.55999947 31.03999901
v 41.43999863 28.55999947 31.19999886
v 41.43999863 28.55999947 31.35999870
v 41.43999863 28.55999947 31.51999855
v 41.43999863 28.71999931 25.76000023
v 41.43999863 28.79999924 25.84000015
v 41.43999863 28.79999924 30.15999985
v 41.43999863 28.95999908 25.84000015
v 41.43999863 28.95999908 30.15999985
v 41.43999863 29.11999893 25.84000015
v 41.43999863 29.03999901 30.23999977
v 41.43999863 29.03999901 30.39999962
v 41.36000061 29.11999893 30.55999947
v 41.43999863 29.11999893 30.47999954
v 41.36000061 29.11999893 30.71999931
v 41.43999863 29.27999878 25.84000015
v 41.36000061 29.27999878 30.55999947
v 41.43999863 29.27999878 30.47999954
v 41.36000061 29.27999878 30.71999931
v 41.43999863 29.43999863 25.84000015
v 41.36000061 29.43999863 30.55999947
v 41.43999863 29.43999863 30.47999954
v 41.36000061 29.43999863 30.71999931
v 41.43999863 29.59999847 25.84000015
v 41.36000061 29.59999847 30.55999947
v 41.43999863 29.59999847 30.47999954
v 41.43999863 29.76000023 25.84000015
v 41.43999863 29.76000023 30.47999954
v 41.43999863 29.84000015 25.92000008
v 41.43999863 29.84000015 26.07999992
v 41.43999863 29.84000015 26.23999977
v 41.43999863 29.84000015 26.39999962
v 41.43999863 29.84000015 26.55999947
v 41.43999863 29.84000015 26.71999931
v 41.43999863 29.84000015 26.87999916
v 41.36000061 29.92000008 27.03999901
v 41.43999863 29.84000015 27.03999901
v 41.43999863 29.92000008 27.11999893
v 41.43999863 29.84000015 30.39999962
v 41.43999863 29.92000008 30.31999969
v 41.43999863 30.07999992 27.11999893
v 41.43999863 30.00000000 30.07999992
v 41.43999863 30.07999992 30.00000000
v 41.43999863 30.00000000 30.23999977
v 41.43999863 30.23999977 27.11999893
v 41.43999863 30.15999985 29.92000008
v 41.43999863 30.23999977 29.84000015
v 41.43999863 30.31999969 27.19999886
v 41.43999863 30.31999969 27.35999870
v 41.43999863 30.39999962 27.43999863
v 41.36000061 30.39999962 29.59999847
v 41.43999863 30.39999962 29.67999840
v 41.43999863 30.31999969 29.76000023
v 41.43999863 30.47999954 27.51999855
v 41.43999863 30.55999947 27.59999847
v 41.36000061 30.55999947 29.27999878
v 41.43999863 30.55999947 29.35999870
v 41.43999863 30.47999954 29.43999863
v 41.43999863 30.47999954 29.59999847
v 41.43999863 30.63999939 27.68000031
v 41.43999863 30.63999939 27.84000015
v 41.36000061 30.71999931 28.00000000
v 41.43999863 30.71999931 27.92000008
v 41.36000061 30.71999931 28.15999985
v 41.36000061 30.71999931 28.31999969
v 41.43999863 30.71999931 28.39999962
v 41.43999863 30.63999939 28.47999954
v 41.43999863 30.63999939 28.63999939
v 41.43999863 30.63999939 28.79999924
v 41.43999863 30.63999939 28.95999908
v 41.43999863 30.63999939 29.11999893
v 41.43999863 30.63999939 29.27999878
v 41.43999863 30.79999924 28.00000000
v 41.43999863 30.79999924 28.15999985
v 41.43999863 30.79999924 28.31999969
v 41.52000046 26.39999962 28.47999954
v 41.52000046 26.39999962 28.63999939
v 41.52000046 26.39999962 28.79999924
v 41.52000046 26.39999962 28.95999908
v 41.52000046 26.39999962 29.11999893
v 41.52000046 26.39999962 29.27999878
v 41.52000046 26.39999962 29.43999863
v 41.52000046 26.39999962 29.59999847
v 41.52000046 26.39999962 29.76000023
v 41.52000046 26.55999947 28.15999985
v 41.52000046 26.55999947 28.31999969
v 41.59999847 26.55999947 28.39999962
v 41.59999847 26.47999954 28.47999954
v 41.59999847 26.47999954 28.63999939
v 41.59999847 26.47999954 28.79999924
v 41.59999847 26.47999954 28.95999908
v 41.59999847 26.47999954 29.11999893
v 41.59999847 26.47999954 29.27999878
v 41.59999847 26.47999954 29.43999863
v 41.59999847 26.47999954 29.59999847
v 41.59999847 26.47999954 29.76000023
v 41.59999847 26.47999954 29.92000008
v 41.59999847 26.47999954 30.07999992
v 41.52000046 26.55999947 30.23999977
v 41.59999847 26.55999947 30.15999985
v 41.52000046 26.55999947 30.39999962
v 41.52000046 26.55999947 30.55999947
v 41.52000046 26.71999931 27.84000015
v 41.52000046 26.71999931 28.00000000
v 41.59999847 26.71999931 28.07999992
v 41.59999847 26.63999939 28.15999985
v 41.59999847 26.63999939 28.31999969
v 41.59999847 26.63999939 30.23999977
v 41.59999847 26.63999939 30.39999962
v 41.59999847 26.71999931 30.47999954
v 41.52000046 26.71999931 30.55999947
v 41.52000046 26.71999931 30.71999931
v 41.52000046 26.71999931 30.87999916
v 41.52000046 26.87999916 27.68000031
v 41.59999847 26.87999916 27.76000023
v 41.59999847 26.79999924 27.84000015
v 41.59999847 26.79999924 28.00000000
v 41.52000046 26.87999916 30.55999947
v 41.59999847 26.87999916 30.47999954
v 41.52000046 26.87999916 30.71999931
v 41.52000046 26.87999916 30.87999916
v 41.52000046 26.87999916 31.03999901
v 41.59999847 27.03999901 27.27999878
v 41.59999847 26.95999908 27.35999870
v 41.59999847 26.95999908 27.51999855
v 41.59999847 26.95999908 27.68000031
v 41.59999847 26.95999908 30.55999947
v 41.59999847 26.95999908 30.71999931
v 41.59999847 26.95999908 30.87999916
v 41.59999847 26.95999908 31.03999901
v 41.52000046 27.03999901 31.19999886
v 41.59999847 27.03999901 31.11999893
v 41.59999847 27.19999886 27.11999893
v 41.59999847 27.11999893 27.19999886
v 41.52000046 27.19999886 31.19999886
v 41.59999847 27.19999886 31.11999893
v 41.52000046 27.19999886 31.35999870
v 41.59999847 27.35999870 26.95999908
v 41.59999847 27.27999878 27.03999901
v 41.59999847 27.27999878 31.19999886
v 41.59999847 27.27999878 31.35999870
v 41.52000046 27.35999870 31.51999855
v 41.59999847 27.35999870 31.43999863
v 41.59999847 27.51999855 26.79999924
v 41.59999847 27.43999863 26.87999916
v 41.52000046 27.51999855 31.51999855
v 41.59999847 27.51999855 31.43999863
v 41.52000046 27.68000031 26.39999962
v 41.59999847 27.68000031 26.31999969
v 41.59999847 27.59999847 26.39999962
v 41.59999847 27.59999847 26.55999947
v 41.59999847 27.59999847 26.71999931
v 41.52000046 27.68000031 31.51999855
v 41.59999847 27.68000031 31.43999863
v 41.59999847 27.84000015 26.15999985
v 41.59999847 27.76000023 26.23999977
v 41.52000046 27.84000015 31.51999855
v 41.59999847 27.84000015 31.43999863
v 41.52000046 28.00000000 25.92000008
v 41.59999847 28.00000000 25.84000015
v 41.59999847 27.92000008 25.92000008
v 41.59999847 27.92000008 26.07999992
v 41.52000046 28.00000000 26.07999992
v 41.52000046 28.00000000 31.51999855
v 41.59999847 28.00000000 31.43999863
v 41.52000046 28.15999985 25.76000023
v 41.59999847 28.15999985 25.68000031
v 41.59999847 28.07999992 25.76000023
v 41.52000046 28.15999985 31.51999855
v 41.59999847 28.15999985 31.43999863
v 41.52000046 28.31999969 25.59999847
v 41.59999847 28.31999969 25.51999855
v 41.59999847 28.23999977 25.59999847
v 41.52000046 28.31999969 31.51999855
v 41.59999847 28.31999969 31.43999863
v 41.52000046 28.47999954 25.59999847
v 41.59999847 28.47999954 25.51999855
v 41.52000046 28.47999954 31.51999855
v 41.59999847 28.47999954 31.43999863
v 41.52000046 28.63999939 25.27999878
v 41.59999847 28.63999939 25.19999886
v 41.59999847 28.55999947 25.27999878
v 41.59999847 28.55999947 25.43999863
v 41.52000046 28.63999939 25.43999863
v 41.52000046 28.63999939 25.59999847
v 41.59999847 28.55999947 30.23999977
v 41.59999847 28.63999939 30.15999985
v 41.59999847 28.55999947 30.39999962
v 41.59999847 28.55999947 30.55999947
v 41.59999847 28.55999947 30.71999931
v 41.59999847 28.55999947 30.87999916
v 41.59999847 28.55999947 31.03999901
v 41.59999847 28.55999947 31.19999886
v 41.59999847 28.55999947 31.35999870
v 41.52000046 28.79999924 25.27999878
v 41.59999847 28.79999924 25.19999886
v 41.52000046 28.79999924 25.43999863
v 41.52000046 28.79999924 25.59999847
v 41.52000046 28.79999924 25.76000023
v 41.59999847 28.79999924 30.15999985
v 41.52000046 28.95999908 25.11999893
v 41.59999847 28.95999908 25.03999901
v 41.59999847 28.87999916 25.11999893
v 41.52000046 28.95999908 25.27999878
v 41.52000046 28.95999908 25.43999863
v 41.52000046 28.95999908 25.59999847
v 41.52000046 28.95999908 25.76000023
v 41.59999847 28.95999908 30.15999985
v 41.52000046 29.11999893 25.11999893
v 41.59999847 29.11999893 25.03999901
v 41.52000046 29.11999893 25.27999878
v 41.52000046 29.11999893 25.43999863
v 41.52000046 29.11999893 25.59999847
v 41.52000046 29.11999893 25.76000023
v 41.59999847 29.03999901 30.23999977
v 41.59999847 29.03999901 30.39999962
v 41.59999847 29.11999893 30.47999954
v 41.52000046 29.27999878 25.11999893
v 41.59999847 29.27999878 25.03999901
v 41.52000046 29.27999878 25.27999878
v 41.52000046 29.27999878 25.43999863
v 41.52000046 29.27999878 25.59999847
v 41.52000046 29.27999878 25.76000023
v 41.52000046 29.27999878 30.39999962
v 41.59999847 29.19999886 30.39999962
v 41.59999847 29.27999878 30.31999969
v 41.52000046 29.43999863 25.11999893
v 41.59999847 29.43999863 25.03999901
v 41.52000046 29.43999863 25.27999878
v 41.52000046 29.43999863 25.43999863
v 41.52000046 29.43999863 25.59999847
v 41.52000046 29.43999863 25.76000023
v 41.52000046 29.43999863 30.39999962
v 41.59999847 29.43999863 30.31999969
v 41.52000046 29.59999847 25.11999893
v 41.59999847 29.59999847 25.03999901
v 41.52000046 29.59999847 25.27999878
v 41.52000046 29.59999847 25.43999863
v 41.52000046 29.59999847 25.59999847
v 41.52000046 29.59999847 25.76000023
v 41.52000046 29.59999847 30.39999962
v 41.59999847 29.59999847 30.31999969
v 41.59999847 29.67999840 25.11999893
v 41.59999847 29.67999840 25.27999878
v 41.59999847 29.67999840 25.43999863
v 41.59999847 29.67999840 25.59999847
v 41.59999847 29.67999840 25.76000023
v 41.59999847 29.76000023 25.84000015
v 41.52000046 29.76000023 30.39999962
v 41.59999847 29.76000023 30.31999969
v 41.59999847 29.84000015 25.92000008
v 41.52000046 29.92000008 26.07999992
v 41.59999847 29.92000008 26.00000000
v 41.52000046 29.92000008 26.23999977
v 41.52000046 29.92000008 26.39999962
v 41.59999847 29.92000008 26.47999954
v 41.59999847 29.84000015 26.55999947
v 41.59999847 29.84000015 26.71999931
v 41.59999847 29.84000015 26.87999916
v 41.59999847 29.84000015 27.03999901
v 41.59999847 29.92000008 27.11999893
v 41.52000046 29.92000008 30.07999992
v 41.59999847 29.84000015 30.07999992
v 41.59999847 29.92000008 30.00000000
v 41.52000046 29.92000008 30.23999977
v 41.59999847 29.84000015 30.23999977
v 41.52000046 30.07999992 26.07999992
v 41.59999847 30.07999992 26.00000000
v 41.52000046 30.07999992 26.23999977
v 41.52000046 30.07999992 26.39999962
v 41.59999847 30.07999992 26.47999954
v 41.59999847 30.07999992 27.11999893
v 41.59999847 30.07999992 30.00000000
v 41.52000046 30.23999977 26.07999992
v 41.59999847 30.23999977 26.00000000
v 41.52000046 30.23999977 26.23999977
v 41.52000046 30.23999977 26.39999962
v 41.59999847 30.23999977 26.47999954
v 41.59999847 30.23999977 27.11999893
v 41.59999847 30.15999985 29.92000008
v 41.59999847 30.23999977 29.84000015
v 41.52000046 30.39999962 26.07999992
v 41.59999847 30.39999962 26.00000000
v 41.52000046 30.39999962 26.23999977
v 41.52000046 30.39999962 26.39999962
v 41.59999847 30.39999962 26.47999954
v 41.59999847 30.31999969 27.19999886
v 41.59999847 30.31999969 27.35999870
v 41.59999847 30.39999962 27.43999863
v 41.59999847 30.31999969 29.76000023
v 41.59999847 30.39999962 29.67999840
v 41.59999847 30.47999954 26.07999992
v 41.59999847 30.47999954 26.23999977
v 41.59999847 30.47999954 26.39999962
v 41.59999847 30.47999954 27.51999855
v 41.59999847 30.55999947 27.59999847
v 41.59999847 30.47999954 29.43999863
v 41.59999847 30.55999947 29.35999870
v 41.59999847 30.47999954 29.59999847
v 41.59999847 30.63999939 27.68000031
v 41.52000046 30.71999931 27.84000015
v 41.59999847 30.71999931 27.76000023
v 41.52000046 30.71999931 28.47999954
v 41.52000046 30.71999931 28.63999939
v 41.52000046 30.71999931 28.79999924
v 41.52000046 30.71999931 28.95999908
v 41.52000046 30.71999931 29.11999893
v 41.59999847 30.71999931 29.19999886
v 41.59999847 30.63999939 29.27999878
v 41.59999847 30.79999924 27.84000015
v 41.59999847 30.79999924 28.00000000
v 41.59999847 30.79999924 28.15999985
v 41.59999847 30.79999924 28.31999969
v 41.59999847 30.79999924 28.47999954
v 41.59999847 30.79999924 28.63999939
v 41.59999847 30.79999924 28.79999924
v 41.59999847 30.79999924 28.95999908
v 41.59999847 30.79999924 29.11999893
v 41.68000031 26.55999947 28.47999954
v 41.68000031 26.55999947 28.63999939
v 41.68000031 26.55999947 28.79999924
v 41.68000031 26.55999947 28.95999908
v 41.68000031 26.55999947 29.11999893
v 41.68000031 26.55999947 29.27999878
v 41.68000031 26.55999947 29.43999863
v 41.68000031 26.55999947 29.59999847
v 41.68000031 26.55999947 29.76000023
v 41.68000031 26.55999947 29.92000008
v 41.68000031 26.55999947 30.07999992
v 41.68000031 26.71999931 28.15999985
v 41.68000031 26.71999931 28.31999969
v 41.75999832 26.71999931 28.39999962
v 41.75999832 26.63999939 28.47999954
v 41.75999832 26.63999939 28.63999939
v 41.75999832 26.63999939 28.79999924
v 41.75999832 26.63999939 28.95999908
v 41.75999832 26.63999939 29.11999893
v 41.75999832 26.63999939 29.27999878
v 41.75999832 26.63999939 29.43999863
v 41.75999832 26.63999939 29.59999847
v 41.75999832 26.63999939 29.76000023
v 41.75999832 26.63999939 29.92000008
v 41.75999832 26.71999931 30.00000000
v 41.68000031 26.71999931 30.07999992
v 41.68000031 26.71999931 30.23999977
v 41.68000031 26.71999931 30.39999962
v 41.68000031 26.87999916 27.84000015
v 41.68000031 26.87999916 28.00000000
v 41.75999832 26.87999916 28.07999992
v 41.75999832 26.79999924 28.15999985
v 41.75999832 26.79999924 28.31999969
v 41.75999832 26.79999924 30.07999992
v 41.75999832 26.79999924 30.23999977
v 41.75999832 26.79999924 30.39999962
v 41.75999832 26.87999916 30.47999954
v 41.68000031 27.03999901 27.35999870
v 41.68000031 27.03999901 27.51999855
v 41.75999832 27.03999901 27.59999847
v 41.75999832 26.95999908 27.68000031
v 41.75999832 26.95999908 27.84000015
v 41.75999832 26.95999908 28.00000000
v 41.75999832 26.95999908 30.55999947
v 41.75999832 26.95999908 30.71999931
v 41.75999832 26.95999908 30.87999916
v 41.68000031 27.03999901 31.03999901
v 41.75999832 27.03999901 30.95999908
v 41.68000031 27.19999886 27.19999886
v 41.75999832 27.19999886 27.27999878
v 41.75999832 27.11999893 27.35999870
v 41.75999832 27.11999893 27.51999855
v 41.68000031 27.19999886 31.03999901
v 41.75999832 27.19999886 30.95999908
v 41.68000031 27.35999870 27.03999901
v 41.75999832 27.35999870 27.11999893
v 41.75999832 27.27999878 27.19999886
v 41.75999832 27.27999878 31.03999901
v 41.68000031 27.35999870 31.19999886
v 41.75999832 27.35999870 31.11999893
v 41.68000031 27.35999870 31.35999870
v 41.75999832 27.51999855 26.79999924
v 41.75999832 27.43999863 26.87999916
v 41.75999832 27.43999863 27.03999901
v 41.75999832 27.43999863 31.19999886
v 41.75999832 27.51999855 31.27999878
v 41.68000031 27.51999855 31.35999870
v 41.75999832 27.68000031 26.31999969
v 41.75999832 27.59999847 26.39999962
v 41.75999832 27.59999847 26.55999947
v 41.75999832 27.59999847 26.71999931
v 41.68000031 27.68000031 31.35999870
v 41.75999832 27.68000031 31.27999878
v 41.75999832 27.84000015 26.15999985
v 41.75999832 27.76000023 26.23999977
v 41.68000031 27.84000015 31.35999870
v 41.75999832 27.84000015 31.27999878
v 41.75999832 28.00000000 25.84000015
v 41.75999832 27.92000008 25.92000008
v 41.75999832 27.92000008 26.07999992
v 41.68000031 28.00000000 31.35999870
v 41.75999832 28.00000000 31.27999878
v 41.68000031 28.15999985 25.59999847
v 41.75999832 28.15999985 25.51999855
v 41.75999832 28.07999992 25.59999847
v 41.75999832 28.07999992 25.76000023
v 41.75999832 28.07999992 31.35999870
v 41.75999832 28.15999985 31.43999863
v 41.68000031 28.31999969 25.43999863
v 41.75999832 28.31999969 25.35999870
v 41.75999832 28.23999977 25.43999863
v 41.75999832 28.31999969 31.43999863
v 41.68000031 28.47999954 25.11999893
v 41.75999832 28.47999954 25.03999901
v 41.75999832 28.39999962 25.11999893
v 41.75999832 28.39999962 25.27999878
v 41.68000031 28.47999954 25.27999878
v 41.68000031 28.47999954 25.43999863
v 41.75999832 28.47999954 31.43999863
v 41.68000031 28.63999939 25.11999893
v 41.75999832 28.63999939 25.03999901
v 41.68000031 28.63999939 30.23999977
v 41.68000031 28.63999939 30.39999962
v 41.68000031 28.63999939 30.55999947
v 41.75999832 28.63999939 30.63999939
v 41.75999832 28.55999947 30.71999931
v 41.75999832 28.55999947 30.87999916
v 41.75999832 28.55999947 31.03999901
v 41.75999832 28.55999947 31.19999886
v 41.75999832 28.55999947 31.35999870
v 41.68000031 28.79999924 24.95999908
v 41.75999832 28.79999924 24.87999916
v 41.75999832 28.71999931 24.95999908
v 41.68000031 28.79999924 25.11999893
v 41.68000031 28.79999924 30.23999977
v 41.68000031 28.79999924 30.39999962
v 41.68000031 28.79999924 30.55999947
v 41.75999832 28.79999924 30.63999939
v 41.68000031 28.95999908 24.95999908
v 41.75999832 28.95999908 24.87999916
v 41.68000031 28.95999908 30.23999977
v 41.68000031 28.95999908 30.39999962
v 41.68000031 28.95999908 30.55999947
v 41.75999832 28.95999908 30.63999939
v 41.68000031 29.11999893 24.95999908
v 41.75999832 29.11999893 24.87999916
v 41.75999832 29.03999901 30.55999947
v 41.75999832 29.11999893 30.47999954
v 41.68000031 29.27999878 24.95999908
v 41.75999832 29.27999878 24.87999916
v 41.75999832 29.19999886 30.39999962
v 41.75999832 29.27999878 30.31999969
v 41.68000031 29.43999863 24.79999924
v 41.75999832 29.43999863 24.71999931
v 41.75999832 29.35999870 24.79999924
v 41.68000031 29.43999863 24.95999908
v 41.75999832 29.43999863 30.31999969
v 41.68000031 29.59999847 24.79999924
v 41.75999832 29.59999847 24.71999931
v 41.68000031 29.59999847 24.95999908
v 41.75999832 29.59999847 30.31999969
v 41.68000031 29.76000023 24.79999924
v 41.75999832 29.76000023 24.71999931
v 41.68000031 29.76000023 24.95999908
v 41.68000031 29.76000023 25.11999893
v 41.75999832 29.76000023 25.19999886
v 41.75999832 29.67999840 25.27999878
v 41.75999832 29.67999840 25.43999863
v 41.75999832 29.67999840 25.59999847
v 41.75999832 29.67999840 25.76000023
v 41.75999832 29.76000023 25.84000015
v 41.75999832 29.76000023 30.31999969
v 41.68000031 29.92000008 24.79999924
v 41.75999832 29.92000008 24.71999931
v 41.68000031 29.92000008 24.95999908
v 41.68000031 29.92000008 25.11999893
v 41.75999832 29.92000008 25.19999886
v 41.68000031 29.92000008 25.92000008
v 41.75999832 29.92000008 25.84000015
v 41.75999832 29.84000015 26.55999947
v 41.75999832 29.92000008 26.47999954
v 41.75999832 29.84000015 26.71999931
v 41.75999832 29.84000015 26.87999916
v 41.75999832 29.84000015 27.03999901
v 41.75999832 29.92000008 27.11999893
v 41.75999832 29.84000015 30.07999992
v 41.75999832 29.92000008 30.00000000
v 41.75999832 29.84000015 30.23999977
v 41.75999832 30.00000000 24.79999924
v 41.75999832 30.00000000 24.95999908
v 41.75999832 30.00000000 25.11999893
v 41.68000031 30.07999992 25.92000008
v 41.75999832 30.07999992 25.84000015
v 41.75999832 30.07999992 26.47999954
v 41.75999832 30.07999992 27.11999893
v 41.75999832 30.07999992 30.00000000
v 41.68000031 30.23999977 25.92000008
v 41.75999832 30.23999977 25.84000015
v 41.75999832 30.23999977 26.47999954
v 41.75999832 30.23999977 27.11999893
v 41.75999832 30.15999985 29.92000008
v 41.75999832 30.23999977 29.84000015
v 41.68000031 30.39999962 25.92000008
v 41.75999832 30.39999962 25.84000015
v 41.75999832 30.31999969 26.55999947
v 41.68000031 30.39999962 26.55999947
v 41.75999832 30.31999969 26.71999931
v 41.68000031 30.39999962 26.71999931
v 41.75999832 30.31999969 26.87999916
v 41.68000031 30.39999962 26.87999916
v 41.75999832 30.31999969 27.03999901
v 41.68000031 30.39999962 27.03999901
v 41.68000031 30.39999962 27.19999886
v 41.68000031 30.39999962 27.35999870
v 41.75999832 30.31999969 29.76000023
v 41.75999832 30.39999962 29.67999840
v 41.68000031 30.55999947 25.92000008
v 41.75999832 30.55999947 25.84000015
v 41.68000031 30.55999947 26.07999992
v 41.68000031 30.55999947 26.23999977
v 41.68000031 30.55999947 26.39999962
v 41.68000031 30.55999947 26.55999947
v 41.68000031 30.55999947 26.71999931
v 41.68000031 30.55999947 26.87999916
v 41.68000031 30.55999947 27.03999901
v 41.68000031 30.55999947 27.19999886
v 41.68000031 30.55999947 27.35999870
v 41.68000031 30.55999947 27.51999855
v 41.68000031 30.55999947 29.43999863
v 41.75999832 30.55999947 29.51999855
v 41.75999832 30.47999954 29.59999847
v 41.75999832 30.63999939 25.92000008
v 41.75999832 30.63999939 26.07999992
v 41.75999832 30.63999939 26.23999977
v 41.75999832 30.63999939 26.39999962
v 41.75999832 30.63999939 26.55999947
v 41.75999832 30.63999939 26.71999931
v 41.68000031 30.71999931 26.87999916
v 41.75999832 30.71999931 26.79999924
v 41.68000031 30.71999931 27.03999901
v 41.68000031 30.71999931 27.19999886
v 41.75999832 30.71999931 27.27999878
v 41.75999832 30.63999939 27.35999870
v 41.75999832 30.63999939 27.51999855
v 41.75999832 30.63999939 27.68000031
v 41.75999832 30.71999931 27.76000023
v 41.75999832 30.63999939 29.27999878
v 41.75999832 30.71999931 29.19999886
v 41.75999832 30.63999939 29.43999863
v 41.75999832 30.79999924 26.87999916
v 41.75999832 30.79999924 27.03999901
v 41.75999832 30.79999924 27.19999886
v 41.75999832 30.79999924 27.84000015
v 41.75999832 30.79999924 28.00000000
v 41.75999832 30.79999924 28.15999985
v 41.75999832 30.79999924 28.31999969
v 41.75999832 30.79999924 28.47999954
v 41.75999832 30.79999924 28.63999939
v 41.75999832 30.79999924 28.79999924
v 41.75999832 30.79999924 28.95999908
v 41.75999832 30.79999924 29.11999893
v 41.84000015 26.71999931 28.47999954
v 41.84000015 26.71999931 28.63999939
v 41.84000015 26.71999931 28.79999924
v 41.84000015 26.71999931 28.95999908
v 41.84000015 26.71999931 29.11999893
v 41.84000015 26.71999931 29.27999878
v 41.84000015 26.71999931 29.43999863
v 41.84000015 26.71999931 29.59999847
v 41.84000015 26.71999931 29.76000023
v 41.84000015 26.71999931 29.92000008
v 41.84000015 26.87999916 28.15999985
v 41.91999817 26.87999916 28.23999977
v 41.91999817 26.79999924 28.31999969
v 41.91999817 26.79999924 28.47999954
v 41.91999817 26.79999924 28.63999939
v 41.91999817 26.79999924 28.79999924
v 41.91999817 26.79999924 28.95999908
v 41.91999817 26.79999924 29.11999893
v 41.91999817 26.79999924 29.27999878
v 41.91999817 26.79999924 29.43999863
v 41.91999817 26.79999924 29.59999847
v 41.91999817 26.79999924 29.76000023
v 41.91999817 26.79999924 29.92000008
v 41.84000015 26.87999916 30.07999992
v 41.91999817 26.87999916 30.00000000
v 41.84000015 26.87999916 30.23999977
v 41.84000015 26.87999916 30.39999962
v 41.84000015 27.03999901 27.68000031
v 41.91999817 27.03999901 27.76000023
v 41.91999817 26.95999908 27.84000015
v 41.91999817 26.95999908 28.00000000
v 41.91999817 26.95999908 28.15999985
v 41.84000015 27.03999901 30.07999992
v 41.91999817 27.03999901 30.00000000
v 41.84000015 27.03999901 30.23999977
v 41.84000015 27.03999901 30.39999962
v 41.84000015 27.03999901 30.55999947
v 41.84000015 27.03999901 30.71999931
v 41.84000015 27.03999901 30.87999916
v 41.84000015 27.19999886 27.35999870
v 41.84000015 27.19999886 27.51999855
v 41.91999817 27.19999886 27.59999847
v 41.91999817 27.11999893 27.68000031
v 41.84000015 27.19999886 30.07999992
v 41.91999817 27.19999886 30.00000000
v 41.84000015 27.19999886 30.23999977
v 41.84000015 27.19999886 30.39999962
v 41.84000015 27.19999886 30.55999947
v 41.84000015 27.19999886 30.71999931
v 41.84000015 27.19999886 30.87999916
v 41.84000015 27.35999870 27.19999886
v 41.91999817 27.35999870 27.27999878
v 41.91999817 27.27999878 27.35999870
v 41.91999817 27.27999878 27.51999855
v 41.91999817 27.27999878 30.07999992
v 41.91999817 27.27999878 30.23999977
v 41.91999817 27.27999878 30.39999962
v 41.91999817 27.27999878 30.55999947
v 41.91999817 27.27999878 30.71999931
v 41.91999817 27.35999870 30.79999924
v 41.84000015 27.35999870 30.87999916
v 41.84000015 27.35999870 31.03999901
v 41.91999817 27.51999855 26.79999924
v 41.91999817 27.43999863 26.87999916
v 41.91999817 27.43999863 27.03999901
v 41.91999817 27.43999863 27.19999886
v 41.84000015 27.51999855 30.87999916
v 41.91999817 27.51999855 30.79999924
v 41.84000015 27.51999855 31.03999901
v 41.84000015 27.51999855 31.19999886
v 41.91999817 27.68000031 26.31999969
v 41.91999817 27.59999847 26.39999962
v 41.91999817 27.59999847 26.55999947
v 41.91999817 27.59999847 26.71999931
v 41.91999817 27.59999847 30.87999916
v 41.91999817 27.59999847 31.03999901
v 41.91999817 27.68000031 31.11999893
v 41.84000015 27.68000031 31.19999886
v 41.84000015 27.84000015 26.07999992
v 41.91999817 27.84000015 26.00000000
v 41.91999817 27.76000023 26.07999992
v 41.91999817 27.76000023 26.23999977
v 41.84000015 27.84000015 31.19999886
v 41.91999817 27.84000015 31.11999893
v 41.84000015 28.00000000 25.76000023
v 41.91999817 28.00000000 25.68000031
v 41.91999817 27.92000008 25.76000023
v 41.91999817 27.92000008 25.92000008
v 41.84000015 28.00000000 31.19999886
v 41.91999817 28.00000000 31.11999893
v 41.84000015 28.15999985 25.43999863
v 41.91999817 28.15999985 25.35999870
v 41.91999817 28.07999992 25.43999863
v 41.91999817 28.07999992 25.59999847
v 41.84000015 28.15999985 31.19999886
v 41.91999817 28.15999985 31.11999893
v 41.84000015 28.15999985 31.35999870
v 41.84000015 28.31999969 25.11999893
v 41.91999817 28.31999969 25.03999901
v 41.91999817 28.23999977 25.11999893
v 41.91999817 28.23999977 25.27999878
v 41.84000015 28.31999969 25.27999878
v 41.84000015 28.31999969 31.19999886
v 41.91999817 28.31999969 31.11999893
v 41.84000015 28.31999969 31.35999870
v 41.84000015 28.47999954 24.95999908
v 41.91999817 28.47999954 24.87999916
v 41.91999817 28.39999962 24.95999908
v 41.84000015 28.47999954 30.87999916
v 41.91999817 28.39999962 30.87999916
v 41.91999817 28.47999954 30.79999924
v 41.84000015 28.47999954 31.03999901
v 41.91999817 28.39999962 31.03999901
v 41.84000015 28.47999954 31.19999886
v 41.84000015 28.47999954 31.35999870
v 41.84000015 28.63999939 24.79999924
v 41.91999817 28.63999939 24.71999931
v 41.91999817 28.55999947 24.79999924
v 41.84000015 28.63999939 24.95999908
v 41.91999817 28.55999947 30.71999931
v 41.91999817 28.63999939 30.63999939
v 41.84000015 28.79999924 24.63999939
v 41.91999817 28.79999924 24.55999947
v 41.91999817 28.71999931 24.63999939
v 41.84000015 28.79999924 24.79999924
v 41.91999817 28.79999924 30.63999939
v 41.84000015 28.95999908 24.63999939
v 41.91999817 28.95999908 24.55999947
v 41.84000015 28.95999908 24.79999924
v 41.91999817 28.95999908 30.63999939
v 41.84000015 29.11999893 24.63999939
v 41.91999817 29.11999893 24.55999947
v 41.84000015 29.11999893 24.79999924
v 41.91999817 29.03999901 30.55999947
v 41.91999817 29.11999893 30.47999954
v 41.84000015 29.27999878 24.63999939
v 41.91999817 29.27999878 24.55999947
v 41.84000015 29.27999878 24.79999924
v 41.91999817 29.19999886 30.39999962
v 41.91999817 29.27999878 30.31999969
v 41.84000015 29.43999863 24.63999939
v 41.91999817 29.43999863 24.55999947
v 41.91999817 29.43999863 30.31999969
v 41.84000015 29.59999847 24.63999939
v 41.91999817 29.59999847 24.55999947
v 41.91999817 29.59999847 30.31999969
v 41.84000015 29.76000023 24.63999939
v 41.91999817 29.76000023 24.55999947
v 41.91999817 29.67999840 25.27999878
v 41.91999817 29.76000023 25.19999886
v 41.91999817 29.67999840 25.43999863
v 41.91999817 29.67999840 25.59999847
v 41.91999817 29.67999840 25.76000023
v 41.91999817 29.76000023 25.84000015
v 41.91999817 29.76000023 30.31999969
v 41.84000015 29.92000008 24.63999939
v 41.91999817 29.92000008 24.55999947
v 41.91999817 29.92000008 25.19999886
v 41.91999817 29.92000008 25.84000015
v 41.84000015 29.92000008 26.55999947
v 41.84000015 29.92000008 26.71999931
v 41.84000015 29.92000008 26.87999916
v 41.84000015 29.92000008 27.03999901
v 41.91999817 29.84000015 30.07999992
v 41.91999817 29.92000008 30.00000000
v 41.91999817 29.84000015 30.23999977
v 41.84000015 30.07999992 24.63999939
v 41.91999817 30.07999992 24.55999947
v 41.84000015 30.07999992 24.79999924
v 41.84000015 30.07999992 24.95999908
v 41.84000015 30.07999992 25.11999893
v 41.91999817 30.07999992 25.19999886
v 41.91999817 30.07999992 25.84000015
v 41.84000015 30.07999992 26.55999947
v 41.84000015 30.07999992 26.71999931
v 41.84000015 30.07999992 26.87999916
v 41.84000015 30.07999992 27.03999901
v 41.91999817 30.07999992 30.00000000
v 41.91999817 30.15999985 24.63999939
v 41.84000015 30.23999977 24.79999924
v 41.91999817 30.23999977 24.71999931
v 41.84000015 30.23999977 24.95999908
v 41.84000015 30.23999977 25.11999893
v 41.91999817 30.15999985 25.27999878
v 41.84000015 30.23999977 25.27999878
v 41.91999817 30.15999985 25.43999863
v 41.84000015 30.23999977 25.43999863
v 41.91999817 30.15999985 25.59999847
v 41.84000015 30.23999977 25.59999847
v 41.91999817 30.15999985 25.76000023
v 41.84000015 30.23999977 25.76000023
v 41.84000015 30.23999977 26.55999947
v 41.84000015 30.23999977 26.71999931
v 41.84000015 30.23999977 26.87999916
v 41.84000015 30.23999977 27.03999901
v 41.84000015 30.23999977 29.76000023
v 41.91999817 30.15999985 29.76000023
v 41.91999817 30.23999977 29.67999840
v 41.91999817 30.15999985 29.92000008
v 41.91999817 30.31999969 24.79999924
v 41.91999817 30.31999969 24.95999908
v 41.84000015 30.39999962 25.11999893
v 41.91999817 30.39999962 25.03999901
v 41.84000015 30.39999962 25.27999878
v 41.84000015 30.39999962 25.43999863
v 41.84000015 30.39999962 25.59999847
v 41.84000015 30.39999962 25.76000023
v 41.91999817 30.39999962 29.67999840
v 41.84000015 30.55999947 25.11999893
v 41.91999817 30.55999947 25.03999901
v 41.84000015 30.55999947 25.27999878
v 41.84000015 30.55999947 25.43999863
v 41.84000015 30.55999947 25.59999847
v 41.84000015 30.55999947 25.76000023
v 41.91999817 30.47999954 29.59999847
v 41.91999817 30.55999947 29.51999855
v 41.91999817 30.63999939 25.11999893
v 41.91999817 30.63999939 25.27999878
v 41.91999817 30.63999939 25.43999863
v 41.91999817 30.63999939 25.59999847
v 41.91999817 30.63999939 25.76000023
v 41.91999817 30.63999939 25.92000008
v 41.91999817 30.63999939 26.07999992
v 41.91999817 30.63999939 26.23999977
v 41.91999817 30.63999939 26.39999962
v 41.91999817 30.63999939 26.55999947
v 41.84000015 30.71999931 26.71999931
v 41.91999817 30.71999931 26.63999939
v 41.84000015 30.71999931 27.35999870
v 41.84000015 30.71999931 27.51999855
v 41.84000015 30.71999931 27.68000031
v 41.84000015 30.71999931 29.27999878
v 41.91999817 30.71999931 29.35999870
v 41.91999817 30.63999939 29.43999863
v 41.91999817 30.79999924 26.71999931
v 41.91999817 30.79999924 26.87999916
v 41.84000015 30.87999916 27.03999901
v 41.91999817 30.87999916 26.95999908
v 41.84000015 30.87999916 27.19999886
v 41.84000015 30.87999916 27.35999870
v 41.84000015 30.87999916 27.51999855
v 41.84000015 30.87999916 27.68000031
v 41.84000015 30.87999916 27.84000015
v 41.84000015 30.87999916 28.00000000
v 41.84000015 30.87999916 28.15999985
v 41.84000015 30.87999916 28.31999969
v 41.84000015 30.87999916 28.47999954
v 41.84000015 30.87999916 28.63999939
v 41.84000015 30.87999916 28.79999924
v 41.84000015 30.87999916 28.95999908
v 41.91999817 30.87999916 29.03999901
v 41.91999817 30.79999924 29.11999893
v 41.91999817 30.79999924 29.27999878
v 41.91999817 30.95999908 27.03999901
v 41.91999817 30.95999908 27.19999886
v 41.91999817 30.95999908 27.35999870
v 41.91999817 30.95999908 27.51999855
v 41.91999817 30.95999908 27.68000031
v 41.91999817 30.95999908 27.84000015
v 41.91999817 30.95999908 28.00000000
v 41.91999817 30.95999908 28.15999985
v 41.91999817 30.95999908 28.31999969
v 41.91999817 30.95999908 28.47999954
v 41.91999817 30.95999908 28.63999939
v 41.91999817 30.95999908 28.79999924
v 41.91999817 30.95999908 28.95999908
v 42.00000000 26.87999916 28.31999969
v 42.00000000 26.87999916 28.47999954
v 42.00000000 26.87999916 28.63999939
v 42.00000000 26.87999916 28.79999924
v 42.00000000 26.87999916 28.95999908
v 42.00000000 26.87999916 29.11999893
v 42.00000000 26.87999916 29.27999878
v 42.00000000 26.87999916 29.43999863
v 42.00000000 26.87999916 29.59999847
v 42.00000000 26.87999916 29.76000023
v 42.00000000 26.87999916 29.92000008
v 42.00000000 27.03999901 27.84000015
v 42.00000000 27.03999901 28.00000000
v 42.00000000 27.03999901 28.15999985
v 42.07999802 27.03999901 28.23999977
v 42.07999802 26.95999908 28.31999969
v 42.07999802 26.95999908 28.47999954
v 42.07999802 26.95999908 28.63999939
v 42.07999802 26.95999908 28.79999924
v 42.07999802 26.95999908 28.95999908
v 42.07999802 26.95999908 29.11999893
v 42.07999802 26.95999908 29.27999878
v 42.07999802 26.95999908 29.43999863
v 42.07999802 26.95999908 29.59999847
v 42.07999802 26.95999908 29.76000023
v 42.07999802 27.03999901 29.84000015
v 42.00000000 27.03999901 29.92000008
v 42.00000000 27.19999886 27.68000031
v 42.00000000 27.19999886 27.84000015
v 42.07999802 27.19999886 27.92000008
v 42.07999802 27.11999893 28.00000000
v 42.07999802 27.11999893 28.15999985
v 42.07999802 27.11999893 29.92000008
v 42.07999802 27.19999886 30.00000000
v 42.00000000 27.35999870 27.35999870
v 42.07999802 27.35999870 27.43999863
v 42.07999802 27.27999878 27.51999855
v 42.07999802 27.27999878 27.68000031
v 42.07999802 27.27999878 27.84000015
v 42.07999802 27.27999878 30.07999992
v 42.00000000 27.35999870 30.23999977
v 42.07999802 27.35999870 30.15999985
v 42.00000000 27.35999870 30.39999962
v 42.00000000 27.35999870 30.55999947
v 42.00000000 27.35999870 30.71999931
v 42.00000000 27.51999855 26.87999916
v 42.00000000 27.51999855 27.03999901
v 42.07999802 27.51999855 27.11999893
v 42.07999802 27.43999863 27.19999886
v 42.07999802 27.43999863 27.35999870
v 42.07999802 27.43999863 30.23999977
v 42.07999802 27.43999863 30.39999962
v 42.07999802 27.43999863 30.55999947
v 42.07999802 27.51999855 30.63999939
v 42.00000000 27.51999855 30.71999931
v 42.07999802 27.68000031 26.31999969
v 42.07999802 27.59999847 26.39999962
v 42.07999802 27.59999847 26.55999947
v 42.07999802 27.59999847 26.71999931
v 42.07999802 27.59999847 26.87999916
v 42.07999802 27.59999847 27.03999901
v 42.00000000 27.68000031 30.71999931
v 42.07999802 27.68000031 30.63999939
v 42.00000000 27.68000031 30.87999916
v 42.00000000 27.68000031 31.03999901
v 42.07999802 27.84000015 26.00000000
v 42.07999802 27.76000023 26.07999992
v 42.07999802 27.76000023 26.23999977
v 42.00000000 27.84000015 30.71999931
v 42.07999802 27.84000015 30.63999939
v 42.00000000 27.84000015 30.87999916
v 42.00000000 27.84000015 31.03999901
v 42.00000000 28.00000000 25.59999847
v 42.07999802 28.00000000 25.51999855
v 42.07999802 27.92000008 25.59999847
v 42.07999802 27.92000008 25.76000023
v 42.07999802 27.92000008 25.92000008
v 42.07999802 27.92000008 30.71999931
v 42.07999802 28.00000000 30.79999924
v 42.00000000 28.00000000 30.87999916
v 42.00000000 28.00000000 31.03999901
v 42.00000000 28.15999985 24.95999908
v 42.07999802 28.15999985 24.87999916
v 42.07999802 28.07999992 24.95999908
v 42.07999802 28.07999992 25.11999893
v 42.00000000 28.15999985 25.11999893
v 42.07999802 28.07999992 25.27999878
v 42.00000000 28.15999985 25.27999878
v 42.07999802 28.07999992 25.43999863
v 42.00000000 28.15999985 30.87999916
v 42.07999802 28.15999985 30.79999924
v 42.00000000 28.15999985 31.03999901
v 42.00000000 28.31999969 24.79999924
v 42.07999802 28.31999969 24.71999931
v 42.07999802 28.23999977 24.79999924
v 42.00000000 28.31999969 24.95999908
v 42.00000000 28.31999969 30.87999916
v 42.07999802 28.31999969 30.79999924
v 42.00000000 28.31999969 31.03999901
v 42.00000000 28.47999954 24.79999924
v 42.07999802 28.47999954 24.71999931
v 42.07999802 28.47999954 30.79999924
v 42.00000000 28.63999939 24.63999939
v 42.07999802 28.63999939 24.55999947
v 42.07999802 28.55999947 24.63999939
v 42.07999802 28.55999947 30.71999931
v 42.07999802 28.63999939 30.63999939
v 42.07999802 28.79999924 24.55999947
v 42.07999802 28.79999924 30.63999939
v 42.00000000 28.95999908 24.47999954
v 42.07999802 28.95999908 24.39999962
v 42.07999802 28.87999916 24.47999954
v 42.07999802 28.95999908 30.63999939
v 42.00000000 29.11999893 24.47999954
v 42.07999802 29.11999893 24.39999962
v 42.07999802 29.03999901 30.55999947
v 42.07999802 29.11999893 30.47999954
v 42.00000000 29.27999878 24.47999954
v 42.07999802 29.27999878 24.39999962
v 42.07999802 29.19999886 30.39999962
v 42.07999802 29.27999878 30.31999969
v 42.00000000 29.43999863 24.47999954
v 42.07999802 29.43999863 24.39999962
v 42.00000000 29.43999863 30.23999977
v 42.07999802 29.35999870 30.23999977
v 42.07999802 29.43999863 30.15999985
v 42.00000000 29.59999847 24.47999954
v 42.07999802 29.59999847 24.39999962
v 42.00000000 29.59999847 30.23999977
v 42.07999802 29.59999847 30.15999985
v 42.00000000 29.76000023 24.47999954
v 42.07999802 29.76000023 24.39999962
v 42.07999802 29.67999840 25.27999878
v 42.07999802 29.76000023 25.19999886
v 42.07999802 29.67999840 25.43999863
v 42.07999802 29.67999840 25.59999847
v 42.00000000 29.76000023 25.76000023
v 42.07999802 29.76000023 25.68000031
v 42.00000000 29.76000023 30.07999992
v 42.07999802 29.67999840 30.07999992
v 42.07999802 29.76000023 30.00000000
v 42.00000000 29.76000023 30.23999977
v 42.00000000 29.92000008 24.47999954
v 42.07999802 29.92000008 24.39999962
v 42.07999802 29.92000008 25.19999886
v 42.00000000 29.92000008 25.76000023
v 42.07999802 29.92000008 25.68000031
v 42.07999802 29.92000008 30.00000000
v 42.00000000 30.07999992 24.47999954
v 42.07999802 30.07999992 24.39999962
v 42.07999802 30.07999992 25.19999886
v 42.00000000 30.07999992 25.76000023
v 42.07999802 30.07999992 25.68000031
v 42.07999802 30.07999992 30.00000000
v 42.07999802 30.15999985 24.47999954
v 42.00000000 30.23999977 24.63999939
v 42.07999802 30.23999977 24.55999947
v 42.07999802 30.15999985 25.27999878
v 42.07999802 30.15999985 25.43999863
v 42.07999802 30.15999985 25.59999847
v 42.07999802 30.15999985 29.76000023
v 42.07999802 30.23999977 29.67999840
v 42.07999802 30.15999985 29.92000008
v 42.07999802 30.31999969 24.63999939
v 42.00000000 30.39999962 24.79999924
v 42.07999802 30.39999962 24.71999931
v 42.00000000 30.39999962 24.95999908
v 42.07999802 30.39999962 29.67999840
v 42.07999802 30.47999954 24.79999924
v 42.07999802 30.47999954 24.95999908
v 42.07999802 30.55999947 25.03999901
v 42.07999802 30.47999954 29.59999847
v 42.07999802 30.55999947 29.51999855
v 42.07999802 30.63999939 25.11999893
v 42.07999802 30.63999939 25.27999878
v 42.07999802 30.63999939 25.43999863
v 42.07999802 30.63999939 25.59999847
v 42.07999802 30.63999939 25.76000023
v 42.07999802 30.63999939 25.92000008
v 42.07999802 30.63999939 26.07999992
v 42.07999802 30.63999939 26.23999977
v 42.07999802 30.63999939 26.39999962
v 42.07999802 30.63999939 26.55999947
v 42.07999802 30.71999931 26.63999939
v 42.07999802 30.63999939 29.43999863
v 42.07999802 30.71999931 29.35999870
v 42.00000000 30.87999916 26.71999931
v 42.07999802 30.87999916 26.63999939
v 42.00000000 30.87999916 26.87999916
v 42.07999802 30.79999924 29.11999893
v 42.07999802 30.87999916 29.03999901
v 42.07999802 30.79999924 29.27999878
v 42.07999802 30.95999908 26.71999931
v 42.07999802 30.95999908 26.87999916
v 42.07999802 30.95999908 27.03999901
v 42.07999802 30.95999908 27.19999886
v 42.07999802 30.95999908 27.35999870
v 42.07999802 30.95999908 27.51999855
v 42.07999802 30.95999908 27.68000031
v 42.07999802 30.95999908 27.84000015
v 42.07999802 30.95999908 28.00000000
v 42.07999802 30.95999908 28.15999985
v 42.07999802 30.95999908 28.31999969
v 42.07999802 30.95999908 28.47999954
v 42.07999802 30.95999908 28.63999939
v 42.07999802 30.95999908 28.79999924
v 42.07999802 30.95999908 28.95999908
v 42.15999985 27.03999901 28.31999969
v 42.15999985 27.03999901 28.47999954
v 42.15999985 27.03999901 28.63999939
v 42.15999985 27.03999901 28.79999924
v 42.15999985 27.03999901 28.95999908
v 42.15999985 27.03999901 29.11999893
v 42.15999985 27.03999901 29.27999878
v 42.15999985 27.03999901 29.43999863
v 42.15999985 27.03999901 29.59999847
v 42.15999985 27.03999901 29.76000023
v 42.15999985 27.19999886 28.00000000
v 42.23999786 27.19999886 28.07999992
v 42.23999786 27.11999893 28.15999985
v 42.23999786 27.11999893 28.31999969
v 42.23999786 27.11999893 28.47999954
v 42.23999786 27.11999893 28.63999939
v 42.23999786 27.11999893 28.79999924
v 42.23999786 27.11999893 28.95999908
v 42.23999786 27.11999893 29.11999893
v 42.23999786 27.11999893 29.27999878
v 42.23999786 27.11999893 29.43999863
v 42.23999786 27.11999893 29.59999847
v 42.23999786 27.19999886 29.67999840
v 42.15999985 27.19999886 29.76000023
v 42.15999985 27.19999886 29.92000008
v 42.15999985 27.35999870 27.51999855
v 42.15999985 27.35999870 27.68000031
v 42.23999786 27.35999870 27.76000023
v 42.23999786 27.27999878 27.84000015
v 42.23999786 27.27999878 28.00000000
v 42.15999985 27.35999870 29.76000023
v 42.23999786 27.35999870 29.67999840
v 42.15999985 27.35999870 29.92000008
v 42.15999985 27.35999870 30.07999992
v 42.15999985 27.51999855 27.19999886
v 42.15999985 27.51999855 27.35999870
v 42.15999985 27.51999855 27.51999855
v 42.23999786 27.51999855 27.59999847
v 42.23999786 27.43999863 27.68000031
v 42.23999786 27.43999863 29.76000023
v 42.23999786 27.43999863 29.92000008
v 42.23999786 27.43999863 30.07999992
v 42.15999985 27.51999855 30.23999977
v 42.23999786 27.51999855 30.15999985
v 42.15999985 27.51999855 30.39999962
v 42.15999985 27.51999855 30.55999947
v 42.15999985 27.68000031 26.39999962
v 42.23999786 27.68000031 26.47999954
v 42.23999786 27.59999847 26.55999947
v 42.23999786 27.59999847 26.71999931
v 42.23999786 27.59999847 26.87999916
v 42.23999786 27.59999847 27.03999901
v 42.23999786 27.59999847 27.19999886
v 42.23999786 27.59999847 27.35999870
v 42.23999786 27.59999847 27.51999855
v 42.23999786 27.59999847 30.23999977
v 42.23999786 27.68000031 30.31999969
v 42.15999985 27.68000031 30.39999962
v 42.15999985 27.68000031 30.55999947
v 42.15999985 27.84000015 25.92000008
v 42.23999786 27.84000015 25.84000015
v 42.23999786 27.76000023 25.92000008
v 42.23999786 27.76000023 26.07999992
v 42.23999786 27.76000023 26.23999977
v 42.23999786 27.76000023 26.39999962
v 42.15999985 27.84000015 30.39999962
v 42.23999786 27.84000015 30.31999969
v 42.15999985 27.84000015 30.55999947
v 42.15999985 28.00000000 24.95999908
v 42.23999786 28.00000000 24.87999916
v 42.23999786 27.92000008 24.95999908
v 42.23999786 27.92000008 25.11999893
v 42.15999985 28.00000000 25.11999893
v 42.23999786 27.92000008 25.27999878
v 42.15999985 28.00000000 25.27999878
v 42.23999786 27.92000008 25.43999863
v 42.15999985 28.00000000 25.43999863
v 42.23999786 27.92000008 25.59999847
v 42.23999786 27.92000008 25.76000023
v 42.15999985 28.00000000 30.39999962
v 42.23999786 28.00000000 30.31999969
v 42.15999985 28.00000000 30.55999947
v 42.15999985 28.00000000 30.71999931
v 42.15999985 28.15999985 24.79999924
v 42.23999786 28.15999985 24.71999931
v 42.23999786 28.07999992 24.79999924
v 42.15999985 28.15999985 30.39999962
v 42.23999786 28.15999985 30.31999969
v 42.15999985 28.15999985 30.55999947
v 42.15999985 28.15999985 30.71999931
v 42.23999786 28.31999969 24.71999931
v 42.15999985 28.31999969 30.39999962
v 42.23999786 28.31999969 30.31999969
v 42.15999985 28.31999969 30.55999947
v 42.15999985 28.31999969 30.71999931
v 42.15999985 28.47999954 24.63999939
v 42.23999786 28.47999954 24.55999947
v 42.23999786 28.39999962 24.63999939
v 42.23999786 28.39999962 30.39999962
v 42.23999786 28.47999954 30.47999954
v 42.15999985 28.47999954 30.55999947
v 42.15999985 28.47999954 30.71999931
v 42.23999786 28.63999939 24.55999947
v 42.15999985 28.63999939 30.55999947
v 42.23999786 28.63999939 30.47999954
v 42.15999985 28.79999924 24.47999954
v 42.23999786 28.79999924 24.39999962
v 42.23999786 28.71999931 24.47999954
v 42.15999985 28.79999924 30.55999947
v 42.23999786 28.79999924 30.47999954
v 42.23999786 28.95999908 24.39999962
v 42.15999985 28.95999908 30.55999947
v 42.23999786 28.95999908 30.47999954
v 42.23999786 29.11999893 24.39999962
v 42.23999786 29.11999893 30.47999954
v 42.23999786 29.27999878 24.39999962
v 42.23999786 29.19999886 30.39999962
v 42.23999786 29.27999878 30.31999969
v 42.23999786 29.43999863 24.39999962
v 42.23999786 29.35999870 30.23999977
v 42.23999786 29.43999863 30.15999985
v 42.23999786 29.59999847 24.39999962
v 42.23999786 29.59999847 30.15999985
v 42.23999786 29.76000023 24.39999962
v 42.15999985 29.76000023 25.27999878
v 42.15999985 29.76000023 25.43999863
v 42.15999985 29.76000023 25.59999847
v 42.23999786 29.67999840 30.07999992
v 42.23999786 29.76000023 30.00000000
v 42.23999786 29.92000008 24.39999962
v 42.15999985 29.92000008 25.27999878
v 42.15999985 29.92000008 25.43999863
v 42.15999985 29.92000008 25.59999847
v 42.23999786 29.92000008 30.00000000
v 42.23999786 30.07999992 24.39999962
v 42.15999985 30.07999992 25.27999878
v 42.15999985 30.07999992 25.43999863
v 42.15999985 30.07999992 25.59999847
v 42.23999786 30.07999992 30.00000000
v 42.15999985 30.23999977 24.47999954
v 42.23999786 30.23999977 24.39999962
v 42.23999786 30.15999985 29.76000023
v 42.23999786 30.23999977 29.67999840
v 42.23999786 30.15999985 29.92000008
v 42.23999786 30.31999969 24.47999954
v 42.15999985 30.39999962 24.63999939
v 42.23999786 30.39999962 24.55999947
v 42.15999985 30.39999962 29.59999847
v 42.23999786 30.31999969 29.59999847
v 42.23999786 30.39999962 29.51999855
v 42.23999786 30.47999954 24.63999939
v 42.23999786 30.47999954 24.79999924
v 42.15999985 30.55999947 24.95999908
v 42.23999786 30.55999947 24.87999916
v 42.23999786 30.55999947 29.51999855
v 42.23999786 30.63999939 24.95999908
v 42.15999985 30.71999931 25.11999893
v 42.23999786 30.71999931 25.03999901
v 42.15999985 30.71999931 25.27999878
v 42.15999985 30.71999931 25.43999863
v 42.15999985 30.71999931 25.59999847
v 42.15999985 30.71999931 25.76000023
v 42.15999985 30.71999931 25.92000008
v 42.15999985 30.71999931 26.07999992
v 42.15999985 30.71999931 26.23999977
v 42.15999985 30.71999931 26.39999962
v 42.15999985 30.71999931 26.55999947
v 42.23999786 30.63999939 29.43999863
v 42.23999786 30.71999931 29.35999870
v 42.23999786 30.79999924 25.11999893
v 42.23999786 30.79999924 25.27999878
v 42.23999786 30.79999924 25.43999863
v 42.23999786 30.79999924 25.59999847
v 42.23999786 30.79999924 25.76000023
v 42.23999786 30.79999924 25.92000008
v 42.15999985 30.87999916 26.07999992
v 42.23999786 30.87999916 26.00000000
v 42.15999985 30.87999916 26.23999977
v 42.15999985 30.87999916 26.39999962
v 42.15999985 30.87999916 26.55999947
v 42.23999786 30.79999924 29.11999893
v 42.23999786 30.87999916 29.03999901
v 42.23999786 30.79999924 29.27999878
v 42.23999786 30.95999908 26.07999992
v 42.23999786 30.95999908 26.23999977
v 42.23999786 30.95999908 26.39999962
v 42.23999786 30.95999908 26.55999947
v 42.23999786 30.95999908 26.71999931
v 42.23999786 30.95999908 26.87999916
v 42.23999786 30.95999908 27.03999901
v 42.23999786 30.95999908 27.19999886
v 42.23999786 30.95999908 27.35999870
v 42.23999786 30.95999908 27.51999855
v 42.23999786 30.95999908 27.68000031
v 42.23999786 30.95999908 27.84000015
v 42.23999786 30.95999908 28.00000000
v 42.23999786 30.95999908 28.15999985
v 42.23999786 30.95999908 28.31999969
v 42.23999786 30.95999908 28.47999954
v 42.23999786 30.95999908 28.63999939
v 42.23999786 30.95999908 28.79999924
v 42.23999786 30.95999908 28.95999908
v 42.31999969 27.19999886 28.15999985
v 42.31999969 27.19999886 28.31999969
v 42.31999969 27.19999886 28.47999954
v 42.31999969 27.19999886 28.63999939
v 42.31999969 27.19999886 28.79999924
v 42.31999969 27.19999886 28.95999908
v 42.31999969 27.19999886 29.11999893
v 42.31999969 27.19999886 29.27999878
v 42.31999969 27.19999886 29.43999863
v 42.31999969 27.19999886 29.59999847
v 42.31999969 27.35999870 27.84000015
v 42.31999969 27.35999870 28.00000000
v 42.31999969 27.35999870 28.15999985
v 42.39999771 27.35999870 28.23999977
v 42.39999771 27.27999878 28.31999969
v 42.39999771 27.27999878 28.47999954
v 42.39999771 27.27999878 28.63999939
v 42.39999771 27.27999878 28.79999924
v 42.39999771 27.27999878 28.95999908
v 42.39999771 27.27999878 29.11999893
v 42.39999771 27.27999878 29.27999878
v 42.39999771 27.35999870 29.35999870
v 42.31999969 27.35999870 29.43999863
v 42.31999969 27.35999870 29.59999847
v 42.31999969 27.51999855 27.68000031
v 42.39999771 27.51999855 27.76000023
v 42.39999771 27.43999863 27.84000015
v 42.39999771 27.43999863 28.00000000
v 42.39999771 27.43999863 28.15999985
v 42.39999771 27.43999863 29.43999863
v 42.39999771 27.43999863 29.59999847
v 42.31999969 27.51999855 29.76000023
v 42.39999771 27.51999855 29.67999840
v 42.31999969 27.51999855 29.92000008
v 42.31999969 27.51999855 30.07999992
v 42.31999969 27.68000031 26.55999947
v 42.31999969 27.68000031 26.71999931
v 42.31999969 27.68000031 26.87999916
v 42.31999969 27.68000031 27.03999901
v 42.39999771 27.68000031 27.11999893
v 42.39999771 27.59999847 27.19999886
v 42.39999771 27.59999847 27.35999870
v 42.39999771 27.59999847 27.51999855
v 42.39999771 27.59999847 27.68000031
v 42.39999771 27.59999847 29.76000023
v 42.39999771 27.59999847 29.92000008
v 42.39999771 27.68000031 30.00000000
v 42.31999969 27.68000031 30.07999992
v 42.31999969 27.68000031 30.23999977
v 42.39999771 27.84000015 25.84000015
v 42.39999771 27.76000023 25.92000008
v 42.39999771 27.76000023 26.07999992
v 42.39999771 27.76000023 26.23999977
v 42.39999771 27.76000023 26.39999962
v 42.39999771 27.76000023 26.55999947
v 42.39999771 27.76000023 26.71999931
v 42.39999771 27.76000023 26.87999916
v 42.39999771 27.76000023 27.03999901
v 42.39999771 27.76000023 30.07999992
v 42.39999771 27.76000023 30.23999977
v 42.39999771 27.84000015 30.31999969
v 42.39999771 28.00000000 24.87999916
v 42.39999771 27.92000008 24.95999908
v 42.39999771 27.92000008 25.11999893
v 42.39999771 27.92000008 25.27999878
v 42.39999771 27.92000008 25.43999863
v 42.39999771 27.92000008 25.59999847
v 42.39999771 27.92000008 25.76000023
v 42.39999771 28.00000000 30.31999969
v 42.39999771 28.15999985 24.71999931
v 42.39999771 28.07999992 24.79999924
v 42.39999771 28.15999985 30.31999969
v 42.31999969 28.31999969 24.63999939
v 42.39999771 28.31999969 24.55999947
v 42.39999771 28.23999977 24.63999939
v 42.39999771 28.31999969 30.31999969
v 42.39999771 28.47999954 24.55999947
v 42.31999969 28.47999954 30.39999962
v 42.39999771 28.47999954 30.31999969
v 42.31999969 28.63999939 24.47999954
v 42.39999771 28.63999939 24.39999962
v 42.39999771 28.55999947 24.47999954
v 42.31999969 28.63999939 30.39999962
v 42.39999771 28.63999939 30.31999969
v 42.31999969 28.79999924 24.31999969
v 42.39999771 28.79999924 24.23999977
v 42.39999771 28.71999931 24.31999969
v 42.31999969 28.79999924 30.39999962
v 42.39999771 28.79999924 30.31999969
v 42.31999969 28.95999908 24.31999969
v 42.39999771 28.95999908 24.23999977
v 42.31999969 28.95999908 30.39999962
v 42.39999771 28.95999908 30.31999969
v 42.31999969 29.11999893 24.31999969
v 42.39999771 29.11999893 24.23999977
v 42.31999969 29.11999893 30.23999977
v 42.39999771 29.03999901 30.23999977
v 42.39999771 29.11999893 30.15999985
v 42.31999969 29.11999893 30.39999962
v 42.31999969 29.27999878 24.31999969
v 42.39999771 29.27999878 24.23999977
v 42.31999969 29.27999878 30.23999977
v 42.39999771 29.27999878 30.15999985
v 42.31999969 29.43999863 24.31999969
v 42.39999771 29.43999863 24.23999977
v 42.39999771 29.43999863 30.15999985
v 42.31999969 29.59999847 24.31999969
v 42.39999771 29.59999847 24.23999977
v 42.39999771 29.59999847 30.15999985
v 42.31999969 29.76000023 24.31999969
v 42.39999771 29.76000023 24.23999977
v 42.39999771 29.67999840 30.07999992
v 42.39999771 29.76000023 30.00000000
v 42.31999969 29.92000008 24.31999969
v 42.39999771 29.92000008 24.23999977
v 42.39999771 29.92000008 30.00000000
v 42.31999969 30.07999992 24.31999969
v 42.39999771 30.07999992 24.23999977
v 42.39999771 30.07999992 30.00000000
v 42.39999771 30.15999985 24.31999969
v 42.39999771 30.23999977 24.39999962
v 42.39999771 30.15999985 29.76000023
v 42.39999771 30.23999977 29.67999840
v 42.39999771 30.15999985 29.92000008
v 42.39999771 30.31999969 24.47999954
v 42.39999771 30.39999962 24.55999947
v 42.39999771 30.31999969 29.59999847
v 42.39999771 30.39999962 29.51999855
v 42.39999771 30.47999954 24.63999939
v 42.31999969 30.55999947 24.79999924
v 42.39999771 30.55999947 24.71999931
v 42.39999771 30.55999947 29.51999855
v 42.39999771 30.63999939 24.79999924
v 42.39999771 30.63999939 24.95999908
v 42.39999771 30.71999931 25.03999901
v 42.39999771 30.63999939 29.43999863
v 42.39999771 30.71999931 29.35999870
v 42.39999771 30.79999924 25.11999893
v 42.39999771 30.79999924 25.27999878
v 42.39999771 30.79999924 25.43999863
v 42.39999771 30.79999924 25.59999847
v 42.39999771 30.79999924 25.76000023
v 42.31999969 30.87999916 25.92000008
v 42.39999771 30.87999916 25.84000015
v 42.39999771 30.79999924 29.11999893
v 42.39999771 30.87999916 29.03999901
v 42.39999771 30.79999924 29.27999878
v 42.39999771 30.95999908 25.92000008
v 42.39999771 30.95999908 26.07999992
v 42.39999771 30.95999908 26.23999977
v 42.39999771 30.95999908 26.39999962
v 42.39999771 30.95999908 26.55999947
v 42.39999771 30.95999908 26.71999931
v 42.39999771 30.95999908 26.87999916
v 42.39999771 30.95999908 27.03999901
v 42.39999771 30.95999908 27.19999886
v 42.39999771 30.95999908 27.35999870
v 42.39999771 30.95999908 27.51999855
v 42.39999771 30.95999908 27.68000031
v 42.39999771 30.95999908 27.84000015
v 42.39999771 30.95999908 28.00000000
v 42.39999771 30.95999908 28.15999985
v 42.39999771 30.95999908 28.31999969
v 42.39999771 30.95999908 28.47999954
v 42.39999771 30.95999908 28.63999939
v 42.39999771 30.95999908 28.79999924
v 42.39999771 30.95999908 28.95999908
v 42.47999954 27.35999870 28.31999969
v 42.47999954 27.35999870 28.47999954
v 42.47999954 27.35999870 28.63999939
v 42.47999954 27.35999870 28.79999924
v 42.47999954 27.35999870 28.95999908
v 42.47999954 27.35999870 29.11999893
v 42.47999954 27.35999870 29.27999878
v 42.47999954 27.51999855 27.84000015
v 42.47999954 27.51999855 28.00000000
v 42.55999756 27.51999855 28.07999992
v 42.55999756 27.43999863 28.15999985
v 42.55999756 27.43999863 28.31999969
v 42.55999756 27.43999863 28.47999954
v 42.55999756 27.43999863 28.63999939
v 42.55999756 27.43999863 28.79999924
v 42.55999756 27.43999863 28.95999908
v 42.55999756 27.43999863 29.11999893
v 42.55999756 27.43999863 29.27999878
v 42.55999756 27.43999863 29.43999863
v 42.47999954 27.51999855 29.59999847
v 42.55999756 27.51999855 29.51999855
v 42.47999954 27.68000031 27.19999886
v 42.47999954 27.68000031 27.35999870
v 42.55999756 27.68000031 27.43999863
v 42.55999756 27.59999847 27.51999855
v 42.55999756 27.59999847 27.68000031
v 42.55999756 27.59999847 27.84000015
v 42.55999756 27.59999847 28.00000000
v 42.55999756 27.59999847 29.59999847
v 42.55999756 27.59999847 29.76000023
v 42.47999954 27.68000031 29.92000008
v 42.55999756 27.68000031 29.84000015
v 42.47999954 27.84000015 25.59999847
v 42.55999756 27.84000015 25.51999855
v 42.55999756 27.76000023 25.59999847
v 42.55999756 27.76000023 25.76000023
v 42.47999954 27.84000015 25.76000023
v 42.55999756 27.76000023 25.92000008
v 42.55999756 27.76000023 26.07999992
v 42.55999756 27.76000023 26.23999977
v 42.55999756 27.76000023 26.39999962
v 42.55999756 27.76000023 26.55999947
v 42.55999756 27.76000023 26.71999931
v 42.55999756 27.76000023 26.87999916
v 42.55999756 27.76000023 27.03999901
v 42.55999756 27.76000023 27.19999886
v 42.55999756 27.76000023 27.35999870
v 42.55999756 27.76000023 29.92000008
v 42.47999954 27.84000015 30.07999992
v 42.55999756 27.84000015 30.00000000
v 42.47999954 27.84000015 30.23999977
v 42.55999756 28.00000000 24.87999916
v 42.55999756 27.92000008 24.95999908
v 42.55999756 27.92000008 25.11999893
v 42.55999756 27.92000008 25.27999878
v 42.55999756 27.92000008 25.43999863
v 42.47999954 28.00000000 30.07999992
v 42.55999756 28.00000000 30.00000000
v 42.47999954 28.00000000 30.23999977
v 42.55999756 28.15999985 24.71999931
v 42.55999756 28.07999992 24.79999924
v 42.55999756 28.07999992 30.07999992
v 42.55999756 28.15999985 30.15999985
v 42.47999954 28.15999985 30.23999977
v 42.55999756 28.31999969 24.55999947
v 42.55999756 28.23999977 24.63999939
v 42.47999954 28.31999969 30.23999977
v 42.55999756 28.31999969 30.15999985
v 42.47999954 28.47999954 24.47999954
v 42.55999756 28.47999954 24.39999962
v 42.55999756 28.39999962 24.47999954
v 42.47999954 28.47999954 30.23999977
v 42.55999756 28.47999954 30.15999985
v 42.55999756 28.63999939 24.39999962
v 42.47999954 28.63999939 30.23999977
v 42.55999756 28.63999939 30.15999985
v 42.55999756 28.79999924 24.23999977
v 42.55999756 28.71999931 24.31999969
v 42.47999954 28.79999924 30.23999977
v 42.55999756 28.79999924 30.15999985
v 42.55999756 28.95999908 24.23999977
v 42.47999954 28.95999908 30.07999992
v 42.55999756 28.87999916 30.07999992
v 42.55999756 28.95999908 30.00000000
v 42.47999954 28.95999908 30.23999977
v 42.55999756 29.11999893 24.23999977
v 42.47999954 29.11999893 30.07999992
v 42.55999756 29.11999893 30.00000000
v 42.55999756 29.27999878 24.23999977
v 42.47999954 29.27999878 30.07999992
v 42.55999756 29.27999878 30.00000000
v 42.55999756 29.43999863 24.23999977
v 42.47999954 29.43999863 30.07999992
v 42.55999756 29.43999863 30.00000000
v 42.55999756 29.59999847 24.23999977
v 42.47999954 29.59999847 30.07999992
v 42.55999756 29.59999847 30.00000000
v 42.47999954 29.76000023 24.15999985
v 42.55999756 29.76000023 24.07999992
v 42.55999756 29.67999840 24.15999985
v 42.47999954 29.76000023 29.92000008
v 42.55999756 29.67999840 29.92000008
v 42.55999756 29.76000023 29.84000015
v 42.47999954 29.92000008 24.15999985
v 42.55999756 29.92000008 24.07999992
v 42.47999954 29.92000008 29.76000023
v 42.55999756 29.84000015 29.76000023
v 42.55999756 29.92000008 29.67999840
v 42.47999954 29.92000008 29.92000008
v 42.47999954 30.07999992 24.15999985
v 42.55999756 30.07999992 24.07999992
v 42.47999954 30.07999992 29.76000023
v 42.55999756 30.07999992 29.67999840
v 42.47999954 30.07999992 29.92000008
v 42.55999756 30.15999985 24.15999985
v 42.47999954 30.23999977 24.31999969
v 42.55999756 30.23999977 24.23999977
v 42.55999756 30.23999977 29.67999840
v 42.55999756 30.31999969 24.31999969
v 42.47999954 30.39999962 24.47999954
v 42.55999756 30.39999962 24.39999962
v 42.55999756 30.31999969 29.59999847
v 42.55999756 30.39999962 29.51999855
v 42.55999756 30.47999954 24.47999954
v 42.47999954 30.55999947 24.63999939
v 42.55999756 30.55999947 24.55999947
v 42.55999756 30.55999947 29.51999855
v 42.55999756 30.63999939 24.63999939
v 42.55999756 30.63999939 24.79999924
v 42.47999954 30.71999931 24.95999908
v 42.55999756 30.71999931 24.87999916
v 42.55999756 30.63999939 29.43999863
v 42.55999756 30.71999931 29.35999870
v 42.55999756 30.79999924 24.95999908
v 42.55999756 30.79999924 25.11999893
v 42.47999954 30.87999916 25.27999878
v 42.55999756 30.87999916 25.19999886
v 42.47999954 30.87999916 25.43999863
v 42.47999954 30.87999916 25.59999847
v 42.47999954 30.87999916 25.76000023
v 42.47999954 30.87999916 29.11999893
v 42.55999756 30.87999916 29.19999886
v 42.55999756 30.79999924 29.27999878
v 42.55999756 30.95999908 25.27999878
v 42.55999756 30.95999908 25.43999863
v 42.55999756 30.95999908 25.59999847
v 42.55999756 30.95999908 25.76000023
v 42.55999756 30.95999908 25.92000008
v 42.55999756 30.95999908 26.07999992
v 42.55999756 30.95999908 26.23999977
v 42.55999756 30.95999908 26.39999962
v 42.55999756 30.95999908 26.55999947
v 42.55999756 30.95999908 26.71999931
v 42.55999756 30.95999908 26.87999916
v 42.55999756 30.95999908 27.03999901
v 42.55999756 30.95999908 27.19999886
v 42.55999756 30.95999908 27.35999870
v 42.55999756 30.95999908 27.51999855
v 42.55999756 30.95999908 27.68000031
v 42.55999756 30.95999908 27.84000015
v 42.55999756 30.95999908 28.00000000
v 42.47999954 31.03999901 28.15999985
v 42.55999756 31.03999901 28.07999992
v 42.47999954 31.03999901 28.31999969
v 42.47999954 31.03999901 28.47999954
v 42.47999954 31.03999901 28.63999939
v 42.47999954 31.03999901 28.79999924
v 42.55999756 31.03999901 28.87999916
v 42.55999756 30.95999908 28.95999908
v 42.55999756 30.95999908 29.11999893
v 42.55999756 31.11999893 28.15999985
v 42.55999756 31.11999893 28.31999969
v 42.55999756 31.11999893 28.47999954
v 42.55999756 31.11999893 28.63999939
v 42.55999756 31.11999893 28.79999924
v 42.63999939 27.51999855 28.15999985
v 42.71999741 27.51999855 28.23999977
v 42.71999741 27.43999863 28.31999969
v 42.71999741 27.43999863 28.47999954
v 42.71999741 27.43999863 28.63999939
v 42.71999741 27.43999863 28.79999924
v 42.71999741 27.43999863 28.95999908
v 42.71999741 27.43999863 29.11999893
v 42.71999741 27.43999863 29.27999878
v 42.63999939 27.51999855 29.43999863
v 42.71999741 27.51999855 29.35999870
v 42.63999939 27.68000031 27.51999855
v 42.63999939 27.68000031 27.68000031
v 42.71999741 27.68000031 27.76000023
v 42.71999741 27.59999847 27.84000015
v 42.71999741 27.59999847 28.00000000
v 42.71999741 27.59999847 28.15999985
v 42.63999939 27.68000031 29.43999863
v 42.71999741 27.68000031 29.35999870
v 42.63999939 27.68000031 29.59999847
v 42.63999939 27.68000031 29.76000023
v 42.63999939 27.84000015 25.11999893
v 42.71999741 27.84000015 25.03999901
v 42.71999741 27.76000023 25.11999893
v 42.71999741 27.76000023 25.27999878
v 42.63999939 27.84000015 25.27999878
v 42.71999741 27.76000023 25.43999863
v 42.63999939 27.84000015 25.43999863
v 42.71999741 27.76000023 25.59999847
v 42.71999741 27.76000023 25.76000023
v 42.71999741 27.76000023 25.92000008
v 42.71999741 27.76000023 26.07999992
v 42.71999741 27.76000023 26.23999977
v 42.71999741 27.76000023 26.39999962
v 42.71999741 27.76000023 26.55999947
v 42.71999741 27.76000023 26.71999931
v 42.71999741 27.76000023 26.87999916
v 42.71999741 27.76000023 27.03999901
v 42.71999741 27.76000023 27.19999886
v 42.71999741 27.76000023 27.35999870
v 42.71999741 27.76000023 27.51999855
v 42.71999741 27.76000023 27.68000031
v 42.71999741 27.76000023 29.43999863
v 42.71999741 27.76000023 29.59999847
v 42.71999741 27.84000015 29.67999840
v 42.63999939 27.84000015 29.76000023
v 42.63999939 27.84000015 29.92000008
v 42.63999939 28.00000000 24.79999924
v 42.71999741 28.00000000 24.71999931
v 42.71999741 27.92000008 24.79999924
v 42.71999741 27.92000008 24.95999908
v 42.71999741 27.92000008 29.76000023
v 42.71999741 28.00000000 29.84000015
v 42.63999939 28.00000000 29.92000008
v 42.71999741 28.15999985 24.71999931
v 42.63999939 28.15999985 29.92000008
v 42.71999741 28.15999985 29.84000015
v 42.63999939 28.15999985 30.07999992
v 42.63999939 28.31999969 24.47999954
v 42.71999741 28.31999969 24.39999962
v 42.71999741 28.23999977 24.47999954
v 42.71999741 28.23999977 24.63999939
v 42.63999939 28.31999969 29.92000008
v 42.71999741 28.31999969 29.84000015
v 42.63999939 28.31999969 30.07999992
v 42.71999741 28.47999954 24.39999962
v 42.63999939 28.47999954 29.92000008
v 42.71999741 28.47999954 29.84000015
v 42.63999939 28.47999954 30.07999992
v 42.63999939 28.63999939 24.31999969
v 42.71999741 28.63999939 24.23999977
v 42.71999741 28.55999947 24.31999969
v 42.63999939 28.63999939 29.92000008
v 42.71999741 28.63999939 29.84000015
v 42.63999939 28.63999939 30.07999992
v 42.71999741 28.79999924 24.23999977
v 42.63999939 28.79999924 29.92000008
v 42.71999741 28.79999924 29.84000015
v 42.63999939 28.79999924 30.07999992
v 42.63999939 28.95999908 24.15999985
v 42.71999741 28.95999908 24.07999992
v 42.71999741 28.87999916 24.15999985
v 42.63999939 28.95999908 29.92000008
v 42.71999741 28.95999908 29.84000015
v 42.63999939 29.11999893 24.15999985
v 42.71999741 29.11999893 24.07999992
v 42.63999939 29.11999893 29.92000008
v 42.71999741 29.11999893 29.84000015
v 42.63999939 29.27999878 24.15999985
v 42.71999741 29.27999878 24.07999992
v 42.63999939 29.27999878 29.92000008
v 42.71999741 29.27999878 29.84000015
v 42.63999939 29.43999863 24.15999985
v 42.71999741 29.43999863 24.07999992
v 42.63999939 29.43999863 29.92000008
v 42.71999741 29.43999863 29.84000015
v 42.63999939 29.59999847 24.15999985
v 42.71999741 29.59999847 24.07999992
v 42.63999939 29.59999847 29.92000008
v 42.71999741 29.59999847 29.84000015
v 42.71999741 29.76000023 24.07999992
v 42.71999741 29.76000023 29.84000015
v 42.71999741 29.92000008 24.07999992
v 42.71999741 29.84000015 29.76000023
v 42.71999741 29.92000008 29.67999840
v 42.71999741 30.07999992 24.07999992
v 42.71999741 30.07999992 29.67999840
v 42.63999939 30.23999977 24.15999985
v 42.71999741 30.23999977 24.07999992
v 42.71999741 30.23999977 29.67999840
v 42.71999741 30.31999969 24.15999985
v 42.63999939 30.39999962 24.31999969
v 42.71999741 30.39999962 24.23999977
v 42.63999939 30.39999962 29.43999863
v 42.71999741 30.31999969 29.43999863
v 42.71999741 30.39999962 29.35999870
v 42.71999741 30.31999969 29.59999847
v 42.71999741 30.47999954 24.31999969
v 42.63999939 30.55999947 24.47999954
v 42.71999741 30.55999947 24.39999962
v 42.63999939 30.55999947 29.43999863
v 42.71999741 30.55999947 29.35999870
v 42.71999741 30.63999939 24.47999954
v 42.71999741 30.63999939 24.63999939
v 42.63999939 30.71999931 24.79999924
v 42.71999741 30.71999931 24.71999931
v 42.71999741 30.71999931 29.35999870
v 42.71999741 30.79999924 24.79999924
v 42.71999741 30.79999924 24.95999908
v 42.63999939 30.87999916 25.11999893
v 42.71999741 30.87999916 25.03999901
v 42.71999741 30.79999924 29.27999878
v 42.71999741 30.87999916 29.19999886
v 42.71999741 30.95999908 25.11999893
v 42.71999741 30.95999908 25.27999878
v 42.71999741 30.95999908 25.43999863
v 42.71999741 30.95999908 25.59999847
v 42.71999741 30.95999908 25.76000023
v 42.71999741 30.95999908 25.92000008
v 42.71999741 30.95999908 26.07999992
v 42.71999741 30.95999908 26.23999977
v 42.71999741 30.95999908 26.39999962
v 42.71999741 30.95999908 26.55999947
v 42.63999939 31.03999901 26.71999931
v 42.71999741 31.03999901 26.63999939
v 42.63999939 31.03999901 26.87999916
v 42.63999939 31.03999901 27.03999901
v 42.71999741 31.03999901 27.11999893
v 42.71999741 30.95999908 27.19999886
v 42.71999741 30.95999908 27.35999870
v 42.71999741 30.95999908 27.51999855
v 42.71999741 30.95999908 27.68000031
v 42.63999939 31.03999901 27.84000015
v 42.71999741 31.03999901 27.76000023
v 42.63999939 31.03999901 28.00000000
v 42.71999741 30.95999908 28.95999908
v 42.71999741 31.03999901 28.87999916
v 42.71999741 30.95999908 29.11999893
v 42.71999741 31.11999893 26.71999931
v 42.71999741 31.11999893 26.87999916
v 42.71999741 31.11999893 27.03999901
v 42.71999741 31.11999893 27.84000015
v 42.71999741 31.11999893 28.00000000
v 42.71999741 31.11999893 28.15999985
v 42.71999741 31.11999893 28.31999969
v 42.71999741 31.11999893 28.47999954
v 42.71999741 31.11999893 28.63999939
v 42.71999741 31.11999893 28.79999924
v 42.79999924 27.51999855 28.31999969
v 42.79999924 27.51999855 28.47999954
v 42.79999924 27.51999855 28.63999939
v 42.79999924 27.51999855 28.79999924
v 42.79999924 27.51999855 28.95999908
v 42.79999924 27.51999855 29.11999893
v 42.79999924 27.51999855 29.27999878
v 42.79999924 27.68000031 27.84000015
v 42.79999924 27.68000031 28.00000000
v 42.87999725 27.68000031 28.07999992
v 42.87999725 27.59999847 28.15999985
v 42.87999725 27.59999847 28.31999969
v 42.87999725 27.59999847 28.47999954
v 42.87999725 27.59999847 28.63999939
v 42.87999725 27.59999847 28.79999924
v 42.87999725 27.68000031 28.87999916
v 42.79999924 27.68000031 28.95999908
v 42.79999924 27.68000031 29.11999893
v 42.79999924 27.68000031 29.27999878
v 42.87999725 27.84000015 25.03999901
v 42.87999725 27.76000023 25.11999893
v 42.87999725 27.76000023 25.27999878
v 42.87999725 27.76000023 25.43999863
v 42.87999725 27.76000023 25.59999847
v 42.87999725 27.76000023 25.76000023
v 42.87999725 27.76000023 25.92000008
v 42.87999725 27.76000023 26.07999992
v 42.87999725 27.76000023 26.23999977
v 42.87999725 27.76000023 26.39999962
v 42.87999725 27.76000023 26.55999947
v 42.87999725 27.76000023 26.71999931
v 42.87999725 27.76000023 26.87999916
v 42.87999725 27.76000023 27.03999901
v 42.87999725 27.76000023 27.19999886
v 42.87999725 27.76000023 27.35999870
v 42.87999725 27.76000023 27.51999855
v 42.87999725 27.76000023 27.68000031
v 42.87999725 27.76000023 27.84000015
v 42.87999725 27.76000023 28.00000000
v 42.87999725 27.76000023 28.95999908
v 42.87999725 27.76000023 29.11999893
v 42.87999725 27.76000023 29.27999878
v 42.79999924 27.84000015 29.43999863
v 42.87999725 27.84000015 29.35999870
v 42.79999924 27.84000015 29.59999847
v 42.87999725 28.00000000 24.71999931
v 42.87999725 27.92000008 24.79999924
v 42.87999725 27.92000008 24.95999908
v 42.87999725 27.92000008 29.43999863
v 42.87999725 27.92000008 29.59999847
v 42.79999924 28.00000000 29.76000023
v 42.87999725 28.00000000 29.67999840
v 42.79999924 28.15999985 24.63999939
v 42.87999725 28.15999985 24.55999947
v 42.87999725 28.07999992 24.63999939
v 42.79999924 28.15999985 29.76000023
v 42.87999725 28.15999985 29.67999840
v 42.87999725 28.31999969 24.39999962
v 42.87999725 28.23999977 24.47999954
v 42.79999924 28.31999969 29.76000023
v 42.87999725 28.31999969 29.67999840
v 42.79999924 28.47999954 24.31999969
v 42.87999725 28.47999954 24.23999977
v 42.87999725 28.39999962 24.31999969
v 42.87999725 28.39999962 29.76000023
v 42.87999725 28.47999954 29.84000015
v 42.87999725 28.63999939 24.23999977
v 42.87999725 28.63999939 29.84000015
v 42.79999924 28.79999924 24.15999985
v 42.87999725 28.79999924 24.07999992
v 42.87999725 28.71999931 24.15999985
v 42.87999725 28.79999924 29.84000015
v 42.87999725 28.95999908 24.07999992
v 42.87999725 28.95999908 29.84000015
v 42.87999725 29.11999893 24.07999992
v 42.79999924 29.11999893 29.76000023
v 42.87999725 29.03999901 29.76000023
v 42.87999725 29.11999893 29.67999840
v 42.87999725 29.27999878 24.07999992
v 42.79999924 29.27999878 29.76000023
v 42.87999725 29.27999878 29.67999840
v 42.87999725 29.43999863 24.07999992
v 42.79999924 29.43999863 29.76000023
v 42.87999725 29.43999863 29.67999840
v 42.87999725 29.59999847 24.07999992
v 42.79999924 29.59999847 29.76000023
v 42.87999725 29.59999847 29.67999840
v 42.87999725 29.76000023 24.07999992
v 42.79999924 29.76000023 29.76000023
v 42.87999725 29.76000023 29.67999840
v 42.87999725 29.92000008 24.07999992
v 42.87999725 29.92000008 29.67999840
v 42.87999725 30.07999992 24.07999992
v 42.87999725 30.07999992 29.67999840
v 42.87999725 30.23999977 24.07999992
v 42.87999725 30.23999977 29.67999840
v 42.87999725 30.31999969 24.15999985
v 42.87999725 30.39999962 24.23999977
v 42.87999725 30.31999969 29.43999863
v 42.87999725 30.39999962 29.35999870
v 42.87999725 30.31999969 29.59999847
v 42.87999725 30.47999954 24.31999969
v 42.87999725 30.55999947 24.39999962
v 42.87999725 30.55999947 29.35999870
v 42.87999725 30.63999939 24.47999954
v 42.79999924 30.71999931 24.63999939
v 42.87999725 30.71999931 24.55999947
v 42.87999725 30.71999931 29.35999870
v 42.87999725 30.79999924 24.63999939
v 42.87999725 30.79999924 24.79999924
v 42.79999924 30.87999916 24.95999908
v 42.87999725 30.87999916 24.87999916
v 42.87999725 30.79999924 29.27999878
v 42.87999725 30.87999916 29.19999886
v 42.87999725 30.95999908 24.95999908
v 42.87999725 30.95999908 25.11999893
v 42.87999725 30.95999908 25.27999878
v 42.87999725 30.95999908 25.43999863
v 42.87999725 30.95999908 25.59999847
v 42.87999725 30.95999908 25.76000023
v 42.87999725 30.95999908 25.92000008
v 42.87999725 30.95999908 26.07999992
v 42.79999924 31.03999901 26.23999977
v 42.87999725 31.03999901 26.15999985
v 42.79999924 31.03999901 26.39999962
v 42.79999924 31.03999901 26.55999947
v 42.87999725 30.95999908 27.19999886
v 42.87999725 31.03999901 27.11999893
v 42.87999725 30.95999908 27.35999870
v 42.87999725 30.95999908 27.51999855
v 42.79999924 31.03999901 27.68000031
v 42.87999725 31.03999901 27.59999847
v 42.87999725 30.95999908 28.95999908
v 42.87999725 31.03999901 28.87999916
v 42.87999725 30.95999908 29.11999893
v 42.87999725 31.11999893 26.23999977
v 42.87999725 31.11999893 26.39999962
v 42.87999725 31.11999893 26.55999947
v 42.87999725 31.11999893 26.71999931
v 42.87999725 31.11999893 26.87999916
v 42.87999725 31.11999893 27.03999901
v 42.87999725 31.11999893 27.68000031
v 42.87999725 31.11999893 27.84000015
v 42.87999725 31.11999893 28.00000000
v 42.87999725 31.11999893 28.15999985
v 42.87999725 31.11999893 28.31999969
v 42.87999725 31.11999893 28.47999954
v 42.87999725 31.11999893 28.63999939
v 42.87999725 31.11999893 28.79999924
v 42.95999908 27.68000031 28.15999985
v 42.95999908 27.68000031 28.31999969
v 42.95999908 27.68000031 28.47999954
v 42.95999908 27.68000031 28.63999939
v 42.95999908 27.68000031 28.79999924
v 42.95999908 27.84000015 24.95999908
v 43.04000092 27.84000015 24.87999916
v 43.04000092 27.76000023 24.95999908
v 43.04000092 27.76000023 25.11999893
v 43.04000092 27.76000023 25.27999878
v 43.04000092 27.76000023 25.43999863
v 43.04000092 27.76000023 25.59999847
v 43.04000092 27.76000023 25.76000023
v 43.04000092 27.76000023 25.92000008
v 43.04000092 27.76000023 26.07999992
v 43.04000092 27.76000023 26.23999977
v 43.04000092 27.76000023 26.39999962
v 43.04000092 27.76000023 26.55999947
v 42.95999908 27.84000015 26.71999931
v 43.04000092 27.84000015 26.63999939
v 42.95999908 27.84000015 26.87999916
v 42.95999908 27.84000015 27.03999901
v 42.95999908 27.84000015 27.19999886
v 42.95999908 27.84000015 27.35999870
v 43.04000092 27.84000015 27.43999863
v 43.04000092 27.76000023 27.51999855
v 43.04000092 27.76000023 27.68000031
v 43.04000092 27.76000023 27.84000015
v 43.04000092 27.76000023 28.00000000
v 43.04000092 27.76000023 28.15999985
v 43.04000092 27.76000023 28.31999969
v 43.04000092 27.76000023 28.47999954
v 43.04000092 27.76000023 28.63999939
v 43.04000092 27.76000023 28.79999924
v 43.04000092 27.76000023 28.95999908
v 42.95999908 27.84000015 29.11999893
v 43.04000092 27.84000015 29.03999901
v 42.95999908 27.84000015 29.27999878
v 43.04000092 28.00000000 24.71999931
v 43.04000092 27.92000008 24.79999924
v 43.04000092 27.92000008 26.71999931
v 43.04000092 27.92000008 26.87999916
v 43.04000092 27.92000008 27.03999901
v 43.04000092 27.92000008 27.19999886
v 43.04000092 27.92000008 27.35999870
v 43.04000092 27.92000008 29.11999893
v 43.04000092 27.92000008 29.27999878
v 43.04000092 27.92000008 29.43999863
v 42.95999908 28.00000000 29.59999847
v 43.04000092 28.00000000 29.51999855
v 43.04000092 28.15999985 24.55999947
v 43.04000092 28.07999992 24.63999939
v 42.95999908 28.15999985 29.59999847
v 43.04000092 28.15999985 29.51999855
v 43.04000092 28.31999969 24.39999962
v 43.04000092 28.23999977 24.47999954
v 43.04000092 28.23999977 29.59999847
v 43.04000092 28.31999969 29.67999840
v 43.04000092 28.47999954 24.23999977
v 43.04000092 28.39999962 24.31999969
v 42.95999908 28.47999954 29.76000023
v 43.04000092 28.47999954 29.67999840
v 43.04000092 28.63999939 24.23999977
v 42.95999908 28.63999939 29.76000023
v 43.04000092 28.63999939 29.67999840
v 43.04000092 28.79999924 24.07999992
v 43.04000092 28.71999931 24.15999985
v 42.95999908 28.79999924 29.76000023
v 43.04000092 28.79999924 29.67999840
v 43.04000092 28.95999908 24.07999992
v 42.95999908 28.95999908 29.76000023
v 43.04000092 28.95999908 29.67999840
v 43.04000092 29.11999893 24.07999992
v 43.04000092 29.11999893 29.67999840
v 43.04000092 29.27999878 24.07999992
v 43.04000092 29.27999878 29.67999840
v 42.95999908 29.43999863 24.00000000
v 43.04000092 29.43999863 23.92000008
v 43.04000092 29.35999870 24.00000000
v 43.04000092 29.43999863 29.67999840
v 42.95999908 29.59999847 24.00000000
v 43.04000092 29.59999847 23.92000008
v 43.04000092 29.59999847 29.67999840
v 42.95999908 29.76000023 24.00000000
v 43.04000092 29.76000023 23.92000008
v 43.04000092 29.76000023 29.67999840
v 42.95999908 29.92000008 24.00000000
v 43.04000092 29.92000008 23.92000008
v 43.04000092 29.92000008 29.67999840
v 42.95999908 30.07999992 24.00000000
v 43.04000092 30.07999992 23.92000008
v 42.95999908 30.07999992 29.59999847
v 43.04000092 30.00000000 29.59999847
v 43.04000092 30.07999992 29.51999855
v 42.95999908 30.23999977 24.00000000
v 43.04000092 30.23999977 23.92000008
v 42.95999908 30.23999977 29.43999863
v 43.04000092 30.15999985 29.43999863
v 43.04000092 30.23999977 29.35999870
v 42.95999908 30.23999977 29.59999847
v 43.04000092 30.31999969 24.00000000
v 42.95999908 30.39999962 24.15999985
v 43.04000092 30.39999962 24.07999992
v 43.04000092 30.39999962 29.35999870
v 43.04000092 30.47999954 24.15999985
v 42.95999908 30.55999947 24.31999969
v 43.04000092 30.55999947 24.23999977
v 43.04000092 30.55999947 29.35999870
v 43.04000092 30.63999939 24.31999969
v 43.04000092 30.63999939 24.47999954
v 43.04000092 30.71999931 24.55999947
v 43.04000092 30.71999931 29.35999870
v 43.04000092 30.79999924 24.63999939
v 42.95999908 30.87999916 24.79999924
v 43.04000092 30.87999916 24.71999931
v 43.04000092 30.79999924 29.27999878
v 43.04000092 30.87999916 29.19999886
v 43.04000092 30.95999908 24.79999924
v 43.04000092 30.95999908 24.95999908
v 43.04000092 30.95999908 25.11999893
v 43.04000092 30.95999908 25.27999878
v 43.04000092 30.95999908 25.43999863
v 42.95999908 31.03999901 25.59999847
v 43.04000092 31.03999901 25.51999855
v 42.95999908 31.03999901 25.76000023
v 42.95999908 31.03999901 25.92000008
v 42.95999908 31.03999901 26.07999992
v 42.95999908 31.03999901 27.19999886
v 42.95999908 31.03999901 27.35999870
v 42.95999908 31.03999901 27.51999855
v 43.04000092 30.95999908 28.95999908
v 43.04000092 31.03999901 28.87999916
v 43.04000092 30.95999908 29.11999893
v 43.04000092 31.11999893 25.59999847
v 43.04000092 31.11999893 25.76000023
v 43.04000092 31.11999893 25.92000008
v 43.04000092 31.11999893 26.07999992
v 43.04000092 31.11999893 26.23999977
v 43.04000092 31.11999893 26.39999962
v 43.04000092 31.11999893 26.55999947
v 43.04000092 31.11999893 26.71999931
v 42.95999908 31.19999886 26.87999916
v 43.04000092 31.19999886 26.79999924
v 42.95999908 31.19999886 27.03999901
v 42.95999908 31.19999886 27.19999886
v 42.95999908 31.19999886 27.35999870
v 42.95999908 31.19999886 27.51999855
v 42.95999908 31.19999886 27.68000031
v 42.95999908 31.19999886 27.84000015
v 42.95999908 31.19999886 28.00000000
v 42.95999908 31.19999886 28.15999985
v 43.04000092 31.19999886 28.23999977
v 43.04000092 31.11999893 28.31999969
v 43.04000092 31.11999893 28.47999954
v 43.04000092 31.11999893 28.63999939
v 43.04000092 31.11999893 28.79999924
v 43.04000092 31.27999878 26.87999916
v 43.04000092 31.27999878 27.03999901
v 43.04000092 31.27999878 27.19999886
v 43.04000092 31.27999878 27.35999870
v 43.04000092 31.27999878 27.51999855
v 43.04000092 31.27999878 27.68000031
v 43.04000092 31.27999878 27.84000015
v 43.04000092 31.27999878 28.00000000
v 43.04000092 31.27999878 28.15999985
v 43.20000076 27.84000015 24.87999916
v 43.20000076 27.76000023 24.95999908
v 43.20000076 27.76000023 25.11999893
v 43.20000076 27.76000023 25.27999878
v 43.20000076 27.76000023 25.43999863
v 43.20000076 27.76000023 25.59999847
v 43.20000076 27.76000023 25.76000023
v 43.20000076 27.76000023 25.92000008
v 43.20000076 27.76000023 26.07999992
v 43.11999893 27.84000015 26.23999977
v 43.20000076 27.84000015 26.15999985
v 43.11999893 27.84000015 26.39999962
v 43.11999893 27.84000015 26.55999947
v 43.20000076 27.84000015 27.43999863
v 43.20000076 27.76000023 27.51999855
v 43.20000076 27.76000023 27.68000031
v 43.20000076 27.76000023 27.84000015
v 43.20000076 27.76000023 28.00000000
v 43.20000076 27.76000023 28.15999985
v 43.20000076 27.76000023 28.31999969
v 43.20000076 27.76000023 28.47999954
v 43.20000076 27.76000023 28.63999939
v 43.20000076 27.76000023 28.79999924
v 43.20000076 27.76000023 28.95999908
v 43.20000076 27.84000015 29.03999901
v 43.20000076 28.00000000 24.71999931
v 43.20000076 27.92000008 24.79999924
v 43.20000076 27.92000008 26.23999977
v 43.20000076 27.92000008 26.39999962
v 43.20000076 27.92000008 26.55999947
v 43.20000076 27.92000008 26.71999931
v 43.20000076 27.92000008 26.87999916
v 43.20000076 27.92000008 27.03999901
v 43.20000076 27.92000008 27.19999886
v 43.20000076 27.92000008 27.35999870
v 43.20000076 27.92000008 29.11999893
v 43.11999893 28.00000000 29.27999878
v 43.20000076 28.00000000 29.19999886
v 43.11999893 28.00000000 29.43999863
v 43.20000076 28.15999985 24.55999947
v 43.20000076 28.07999992 24.63999939
v 43.20000076 28.07999992 29.27999878
v 43.20000076 28.15999985 29.35999870
v 43.11999893 28.15999985 29.43999863
v 43.20000076 28.31999969 24.39999962
v 43.20000076 28.23999977 24.47999954
v 43.20000076 28.23999977 29.43999863
v 43.11999893 28.31999969 29.59999847
v 43.20000076 28.31999969 29.51999855
v 43.20000076 28.47999954 24.23999977
v 43.20000076 28.39999962 24.31999969
v 43.11999893 28.47999954 29.59999847
v 43.20000076 28.47999954 29.51999855
v 43.20000076 28.63999939 24.23999977
v 43.11999893 28.63999939 29.59999847
v 43.20000076 28.63999939 29.51999855
v 43.20000076 28.79999924 24.07999992
v 43.20000076 28.71999931 24.15999985
v 43.11999893 28.79999924 29.59999847
v 43.20000076 28.79999924 29.51999855
v 43.20000076 28.95999908 24.07999992
v 43.11999893 28.95999908 29.59999847
v 43.20000076 28.95999908 29.51999855
v 43.20000076 29.11999893 24.07999992
v 43.11999893 29.11999893 29.59999847
v 43.20000076 29.11999893 29.51999855
v 43.20000076 29.27999878 24.07999992
v 43.11999893 29.27999878 29.59999847
v 43.20000076 29.27999878 29.51999855
v 43.11999893 29.43999863 23.84000015
v 43.20000076 29.43999863 23.76000023
v 43.20000076 29.35999870 23.84000015
v 43.20000076 29.35999870 24.00000000
v 43.11999893 29.43999863 29.59999847
v 43.20000076 29.43999863 29.51999855
v 43.11999893 29.59999847 23.84000015
v 43.20000076 29.59999847 23.76000023
v 43.11999893 29.59999847 29.59999847
v 43.20000076 29.59999847 29.51999855
v 43.11999893 29.76000023 23.84000015
v 43.20000076 29.76000023 23.76000023
v 43.11999893 29.76000023 29.59999847
v 43.20000076 29.76000023 29.51999855
v 43.11999893 29.92000008 23.84000015
v 43.20000076 29.92000008 23.76000023
v 43.11999893 29.92000008 29.59999847
v 43.20000076 29.92000008 29.51999855
v 43.20000076 30.00000000 23.84000015
v 43.20000076 30.07999992 23.92000008
v 43.20000076 30.07999992 29.51999855
v 43.20000076 30.23999977 23.92000008
v 43.20000076 30.15999985 29.43999863
v 43.20000076 30.23999977 29.35999870
v 43.20000076 30.31999969 24.00000000
v 43.20000076 30.39999962 24.07999992
v 43.20000076 30.39999962 29.35999870
v 43.20000076 30.47999954 24.15999985
v 43.20000076 30.55999947 24.23999977
v 43.20000076 30.55999947 29.35999870
v 43.20000076 30.63999939 24.31999969
v 43.20000076 30.63999939 24.47999954
v 43.20000076 30.71999931 24.55999947
v 43.20000076 30.71999931 29.35999870
v 43.20000076 30.79999924 24.63999939
v 43.20000076 30.87999916 24.71999931
v 43.20000076 30.79999924 29.27999878
v 43.20000076 30.87999916 29.19999886
v 43.20000076 30.95999908 24.79999924
v 43.20000076 30.95999908 24.95999908
v 43.20000076 30.95999908 25.11999893
v 43.11999893 31.03999901 25.27999878
v 43.20000076 31.03999901 25.19999886
v 43.11999893 31.03999901 25.43999863
v 43.11999893 31.03999901 28.95999908
v 43.20000076 31.03999901 29.03999901
v 43.20000076 30.95999908 29.11999893
v 43.20000076 31.11999893 25.27999878
v 43.20000076 31.11999893 25.43999863
v 43.20000076 31.11999893 25.59999847
v 43.20000076 31.11999893 25.76000023
v 43.20000076 31.11999893 25.92000008
v 43.20000076 31.11999893 26.07999992
v 43.20000076 31.11999893 26.23999977
v 43.20000076 31.11999893 26.39999962
v 43.20000076 31.11999893 26.55999947
v 43.20000076 31.11999893 26.71999931
v 43.20000076 31.19999886 26.79999924
v 43.20000076 31.11999893 28.31999969
v 43.20000076 31.19999886 28.23999977
v 43.20000076 31.11999893 28.47999954
v 43.20000076 31.11999893 28.63999939
v 43.20000076 31.11999893 28.79999924
v 43.20000076 31.11999893 28.95999908
v 43.20000076 31.27999878 26.87999916
v 43.20000076 31.27999878 27.03999901
v 43.20000076 31.27999878 27.19999886
v 43.20000076 31.27999878 27.35999870
v 43.20000076 31.27999878 27.51999855
v 43.20000076 31.27999878 27.68000031
v 43.20000076 31.27999878 27.84000015
v 43.20000076 31.27999878 28.00000000
v 43.20000076 31.27999878 28.15999985
v 43.36000061 27.84000015 24.87999916
v 43.36000061 27.76000023 24.95999908
v 43.36000061 27.76000023 25.11999893
v 43.36000061 27.76000023 25.27999878
v 43.36000061 27.76000023 25.43999863
v 43.36000061 27.76000023 25.59999847
v 43.36000061 27.76000023 25.76000023
v 43.36000061 27.76000023 25.92000008
v 43.36000061 27.76000023 26.07999992
v 43.36000061 27.84000015 26.15999985
v 43.27999878 27.84000015 27.51999855
v 43.27999878 27.84000015 27.68000031
v 43.27999878 27.84000015 27.84000015
v 43.27999878 27.84000015 28.00000000
v 43.27999878 27.84000015 28.15999985
v 43.27999878 27.84000015 28.31999969
v 43.27999878 27.84000015 28.47999954
v 43.27999878 27.84000015 28.63999939
v 43.27999878 27.84000015 28.79999924
v 43.27999878 27.84000015 28.95999908
v 43.27999878 28.00000000 24.63999939
v 43.36000061 28.00000000 24.55999947
v 43.36000061 27.92000008 24.63999939
v 43.36000061 27.92000008 24.79999924
v 43.36000061 27.92000008 26.23999977
v 43.36000061 27.92000008 26.39999962
v 43.36000061 27.92000008 26.55999947
v 43.36000061 27.92000008 26.71999931
v 43.36000061 27.92000008 26.87999916
v 43.36000061 27.92000008 27.03999901
v 43.36000061 27.92000008 27.19999886
v 43.36000061 27.92000008 27.35999870
v 43.36000061 27.92000008 27.51999855
v 43.36000061 27.92000008 27.68000031
v 43.36000061 27.92000008 27.84000015
v 43.36000061 27.92000008 28.00000000
v 43.36000061 27.92000008 28.15999985
v 43.36000061 27.92000008 28.31999969
v 43.36000061 27.92000008 28.47999954
v 43.36000061 27.92000008 28.63999939
v 43.36000061 27.92000008 28.79999924
v 43.36000061 27.92000008 28.95999908
v 43.27999878 28.00000000 29.11999893
v 43.36000061 28.00000000 29.03999901
v 43.27999878 28.15999985 24.47999954
v 43.36000061 28.15999985 24.39999962
v 43.36000061 28.07999992 24.47999954
v 43.36000061 28.07999992 29.11999893
v 43.36000061 28.07999992 29.27999878
v 43.36000061 28.15999985 29.35999870
v 43.36000061 28.31999969 24.39999962
v 43.27999878 28.31999969 29.43999863
v 43.36000061 28.31999969 29.35999870
v 43.36000061 28.47999954 24.23999977
v 43.36000061 28.39999962 24.31999969
v 43.27999878 28.47999954 29.43999863
v 43.36000061 28.47999954 29.35999870
v 43.36000061 28.63999939 24.23999977
v 43.36000061 28.55999947 29.43999863
v 43.36000061 28.63999939 29.51999855
v 43.36000061 28.79999924 24.07999992
v 43.36000061 28.71999931 24.15999985
v 43.36000061 28.79999924 29.51999855
v 43.36000061 28.95999908 24.07999992
v 43.36000061 28.95999908 29.51999855
v 43.36000061 29.11999893 24.07999992
v 43.36000061 29.11999893 29.51999855
v 43.36000061 29.27999878 24.07999992
v 43.36000061 29.27999878 29.51999855
v 43.36000061 29.43999863 23.76000023
v 43.36000061 29.35999870 23.84000015
v 43.36000061 29.35999870 24.00000000
v 43.36000061 29.43999863 29.51999855
v 43.36000061 29.59999847 23.76000023
v 43.36000061 29.59999847 29.51999855
v 43.36000061 29.76000023 23.76000023
v 43.36000061 29.76000023 29.51999855
v 43.36000061 29.92000008 23.76000023
v 43.36000061 29.92000008 29.51999855
v 43.36000061 30.00000000 23.84000015
v 43.36000061 30.07999992 23.92000008
v 43.36000061 30.07999992 29.51999855
v 43.36000061 30.23999977 23.92000008
v 43.36000061 30.15999985 29.43999863
v 43.36000061 30.23999977 29.35999870
v 43.36000061 30.31999969 24.00000000
v 43.36000061 30.39999962 24.07999992
v 43.36000061 30.39999962 29.35999870
v 43.36000061 30.47999954 24.15999985
v 43.36000061 30.55999947 24.23999977
v 43.36000061 30.55999947 29.35999870
v 43.36000061 30.63999939 24.31999969
v 43.36000061 30.63999939 24.47999954
v 43.36000061 30.71999931 24.55999947
v 43.36000061 30.71999931 29.35999870
v 43.36000061 30.79999924 24.63999939
v 43.36000061 30.87999916 24.71999931
v 43.36000061 30.79999924 29.27999878
v 43.36000061 30.87999916 29.19999886
v 43.36000061 30.95999908 24.79999924
v 43.36000061 30.95999908 24.95999908
v 43.27999878 31.03999901 25.11999893
v 43.36000061 31.03999901 25.03999901
v 43.36000061 30.95999908 29.11999893
v 43.36000061 31.03999901 29.03999901
v 43.36000061 31.11999893 25.11999893
v 43.36000061 31.11999893 25.27999878
v 43.36000061 31.11999893 25.43999863
v 43.36000061 31.11999893 25.59999847
v 43.36000061 31.11999893 25.76000023
v 43.36000061 31.11999893 25.92000008
v 43.36000061 31.11999893 26.07999992
v 43.36000061 31.11999893 26.23999977
v 43.36000061 31.11999893 26.39999962
v 43.27999878 31.19999886 26.55999947
v 43.36000061 31.19999886 26.47999954
v 43.27999878 31.19999886 26.71999931
v 43.27999878 31.19999886 28.31999969
v 43.27999878 31.19999886 28.47999954
v 43.27999878 31.19999886 28.63999939
v 43.27999878 31.19999886 28.79999924
v 43.36000061 31.19999886 28.87999916
v 43.36000061 31.11999893 28.95999908
v 43.36000061 31.27999878 26.55999947
v 43.36000061 31.27999878 26.71999931
v 43.36000061 31.27999878 26.87999916
v 43.36000061 31.27999878 27.03999901
v 43.36000061 31.27999878 27.19999886
v 43.36000061 31.27999878 27.35999870
v 43.36000061 31.27999878 27.51999855
v 43.36000061 31.27999878 27.68000031
v 43.36000061 31.27999878 27.84000015
v 43.36000061 31.27999878 28.00000000
v 43.36000061 31.27999878 28.15999985
v 43.36000061 31.27999878 28.31999969
v 43.36000061 31.27999878 28.47999954
v 43.36000061 31.27999878 28.63999939
v 43.36000061 31.27999878 28.79999924
v 43.43999863 27.84000015 24.79999924
v 43.52000046 27.84000015 24.71999931
v 43.52000046 27.76000023 24.79999924
v 43.52000046 27.76000023 24.95999908
v 43.52000046 27.76000023 25.11999893
v 43.52000046 27.76000023 25.27999878
v 43.52000046 27.76000023 25.43999863
v 43.52000046 27.76000023 25.59999847
v 43.52000046 27.76000023 25.76000023
v 43.52000046 27.76000023 25.92000008
v 43.52000046 27.76000023 26.07999992
v 43.52000046 27.84000015 26.15999985
v 43.52000046 28.00000000 24.55999947
v 43.52000046 27.92000008 24.63999939
v 43.52000046 27.92000008 26.23999977
v 43.52000046 27.92000008 26.39999962
v 43.52000046 27.92000008 26.55999947
v 43.52000046 27.92000008 26.71999931
v 43.52000046 27.92000008 26.87999916
v 43.52000046 27.92000008 27.03999901
v 43.52000046 27.92000008 27.19999886
v 43.52000046 27.92000008 27.35999870
v 43.52000046 27.92000008 27.51999855
v 43.52000046 27.92000008 27.68000031
v 43.52000046 27.92000008 27.84000015
v 43.52000046 27.92000008 28.00000000
v 43.52000046 27.92000008 28.15999985
v 43.52000046 27.92000008 28.31999969
v 43.52000046 27.92000008 28.47999954
v 43.52000046 27.92000008 28.63999939
v 43.52000046 27.92000008 28.79999924
v 43.43999863 28.00000000 28.95999908
v 43.52000046 28.00000000 28.87999916
v 43.52000046 28.15999985 24.39999962
v 43.52000046 28.07999992 24.47999954
v 43.52000046 28.07999992 28.95999908
v 43.52000046 28.07999992 29.11999893
v 43.43999863 28.15999985 29.27999878
v 43.52000046 28.15999985 29.19999886
v 43.43999863 28.31999969 24.31999969
v 43.52000046 28.31999969 24.23999977
v 43.52000046 28.23999977 24.31999969
v 43.52000046 28.23999977 29.27999878
v 43.52000046 28.31999969 29.35999870
v 43.52000046 28.47999954 24.23999977
v 43.52000046 28.47999954 29.35999870
v 43.52000046 28.63999939 24.23999977
v 43.43999863 28.63999939 29.43999863
v 43.52000046 28.63999939 29.35999870
v 43.52000046 28.79999924 24.07999992
v 43.52000046 28.71999931 24.15999985
v 43.43999863 28.79999924 29.43999863
v 43.52000046 28.79999924 29.35999870
v 43.43999863 28.95999908 24.00000000
v 43.52000046 28.95999908 23.92000008
v 43.52000046 28.87999916 24.00000000
v 43.43999863 28.95999908 29.43999863
v 43.52000046 28.95999908 29.35999870
v 43.43999863 29.11999893 24.00000000
v 43.52000046 29.11999893 23.92000008
v 43.52000046 29.03999901 29.43999863
v 43.52000046 29.11999893 29.51999855
v 43.43999863 29.27999878 24.00000000
v 43.52000046 29.27999878 23.92000008
v 43.52000046 29.27999878 29.51999855
v 43.52000046 29.43999863 23.76000023
v 43.52000046 29.35999870 23.84000015
v 43.52000046 29.43999863 29.51999855
v 43.52000046 29.59999847 23.76000023
v 43.52000046 29.59999847 29.51999855
v 43.52000046 29.76000023 23.76000023
v 43.52000046 29.76000023 29.51999855
v 43.52000046 29.92000008 23.76000023
v 43.52000046 29.92000008 29.51999855
v 43.52000046 30.00000000 23.84000015
v 43.52000046 30.07999992 23.92000008
v 43.52000046 30.07999992 29.51999855
v 43.52000046 30.23999977 23.92000008
v 43.52000046 30.15999985 29.43999863
v 43.52000046 30.23999977 29.35999870
v 43.52000046 30.31999969 24.00000000
v 43.52000046 30.39999962 24.07999992
v 43.52000046 30.39999962 29.35999870
v 43.52000046 30.47999954 24.15999985
v 43.52000046 30.55999947 24.23999977
v 43.52000046 30.55999947 29.35999870
v 43.52000046 30.63999939 24.31999969
v 43.52000046 30.63999939 24.47999954
v 43.52000046 30.71999931 24.55999947
v 43.52000046 30.71999931 29.35999870
v 43.52000046 30.79999924 24.63999939
v 43.52000046 30.87999916 24.71999931
v 43.43999863 30.87999916 29.11999893
v 43.52000046 30.79999924 29.11999893
v 43.52000046 30.87999916 29.03999901
v 43.52000046 30.79999924 29.27999878
v 43.52000046 30.95999908 24.79999924
v 43.43999863 31.03999901 24.95999908
v 43.52000046 31.03999901 24.87999916
v 43.52000046 31.03999901 29.03999901
v 43.52000046 31.11999893 24.95999908
v 43.52000046 31.11999893 25.11999893
v 43.43999863 31.19999886 25.27999878
v 43.52000046 31.19999886 25.19999886
v 43.43999863 31.19999886 25.43999863
v 43.43999863 31.19999886 25.59999847
v 43.43999863 31.19999886 25.76000023
v 43.43999863 31.19999886 25.92000008
v 43.43999863 31.19999886 26.07999992
v 43.43999863 31.19999886 26.23999977
v 43.43999863 31.19999886 26.39999962
v 43.52000046 31.11999893 28.95999908
v 43.52000046 31.19999886 28.87999916
v 43.52000046 31.27999878 25.27999878
v 43.52000046 31.27999878 25.43999863
v 43.52000046 31.27999878 25.59999847
v 43.52000046 31.27999878 25.76000023
v 43.52000046 31.27999878 25.92000008
v 43.52000046 31.27999878 26.07999992
v 43.52000046 31.27999878 26.23999977
v 43.52000046 31.27999878 26.39999962
v 43.52000046 31.27999878 26.55999947
v 43.43999863 31.35999870 26.71999931
v 43.52000046 31.35999870 26.63999939
v 43.43999863 31.35999870 26.87999916
v 43.43999863 31.35999870 27.03999901
v 43.43999863 31.35999870 27.19999886
v 43.43999863 31.35999870 27.35999870
v 43.43999863 31.35999870 27.51999855
v 43.43999863 31.35999870 27.68000031
v 43.43999863 31.35999870 27.84000015
v 43.43999863 31.35999870 28.00000000
v 43.43999863 31.35999870 28.15999985
v 43.43999863 31.35999870 28.31999969
v 43.43999863 31.35999870 28.47999954
v 43.52000046 31.35999870 28.55999947
v 43.52000046 31.27999878 28.63999939
v 43.52000046 31.27999878 28.79999924
v 43.52000046 31.43999863 26.71999931
v 43.52000046 31.43999863 26.87999916
v 43.52000046 31.43999863 27.03999901
v 43.52000046 31.43999863 27.19999886
v 43.52000046 31.43999863 27.35999870
v 43.52000046 31.43999863 27.51999855
v 43.52000046 31.43999863 27.68000031
v 43.52000046 31.43999863 27.84000015
v 43.52000046 31.43999863 28.00000000
v 43.52000046 31.43999863 28.15999985
v 43.52000046 31.43999863 28.31999969
v 43.52000046 31.43999863 28.47999954
v 43.68000031 27.84000015 24.71999931
v 43.68000031 27.76000023 24.79999924
v 43.68000031 27.76000023 24.95999908
v 43.68000031 27.76000023 25.11999893
v 43.68000031 27.76000023 25.27999878
v 43.68000031 27.76000023 25.43999863
v 43.68000031 27.76000023 25.59999847
v 43.68000031 27.76000023 25.76000023
v 43.68000031 27.76000023 25.92000008
v 43.68000031 27.76000023 26.07999992
v 43.68000031 27.84000015 26.15999985
v 43.68000031 28.00000000 24.55999947
v 43.68000031 27.92000008 24.63999939
v 43.68000031 27.92000008 26.23999977
v 43.68000031 27.92000008 26.39999962
v 43.68000031 27.92000008 26.55999947
v 43.68000031 27.92000008 26.71999931
v 43.68000031 27.92000008 26.87999916
v 43.68000031 27.92000008 27.03999901
v 43.68000031 27.92000008 27.19999886
v 43.68000031 27.92000008 27.35999870
v 43.68000031 27.92000008 27.51999855
v 43.68000031 27.92000008 27.68000031
v 43.68000031 27.92000008 27.84000015
v 43.68000031 27.92000008 28.00000000
v 43.68000031 27.92000008 28.15999985
v 43.68000031 27.92000008 28.31999969
v 43.68000031 27.92000008 28.47999954
v 43.68000031 27.92000008 28.63999939
v 43.59999847 28.00000000 28.79999924
v 43.68000031 28.00000000 28.71999931
v 43.68000031 28.15999985 24.39999962
v 43.68000031 28.07999992 24.47999954
v 43.68000031 28.07999992 28.79999924
v 43.68000031 28.07999992 28.95999908
v 43.59999847 28.15999985 29.11999893
v 43.68000031 28.15999985 29.03999901
v 43.68000031 28.31999969 24.23999977
v 43.68000031 28.23999977 24.31999969
v 43.68000031 28.23999977 29.11999893
v 43.59999847 28.31999969 29.27999878
v 43.68000031 28.31999969 29.19999886
v 43.68000031 28.47999954 24.23999977
v 43.68000031 28.39999962 29.27999878
v 43.68000031 28.47999954 29.35999870
v 43.59999847 28.63999939 24.15999985
v 43.68000031 28.63999939 24.07999992
v 43.68000031 28.55999947 24.15999985
v 43.68000031 28.63999939 29.35999870
v 43.59999847 28.79999924 24.00000000
v 43.68000031 28.79999924 23.92000008
v 43.68000031 28.71999931 24.00000000
v 43.68000031 28.79999924 29.35999870
v 43.68000031 28.95999908 23.92000008
v 43.68000031 28.95999908 29.35999870
v 43.68000031 29.11999893 23.92000008
v 43.59999847 29.11999893 29.43999863
v 43.68000031 29.11999893 29.35999870
v 43.68000031 29.27999878 23.92000008
v 43.59999847 29.27999878 29.43999863
v 43.68000031 29.27999878 29.35999870
v 43.68000031 29.43999863 23.76000023
v 43.68000031 29.35999870 23.84000015
v 43.59999847 29.43999863 29.43999863
v 43.68000031 29.43999863 29.35999870
v 43.68000031 29.59999847 23.76000023
v 43.59999847 29.59999847 29.43999863
v 43.68000031 29.59999847 29.35999870
v 43.68000031 29.76000023 23.76000023
v 43.59999847 29.76000023 29.43999863
v 43.68000031 29.76000023 29.35999870
v 43.68000031 29.92000008 23.76000023
v 43.59999847 29.92000008 29.43999863
v 43.68000031 29.92000008 29.35999870
v 43.68000031 30.00000000 23.84000015
v 43.68000031 30.07999992 23.92000008
v 43.59999847 30.07999992 29.43999863
v 43.68000031 30.07999992 29.35999870
v 43.68000031 30.23999977 23.92000008
v 43.68000031 30.23999977 29.35999870
v 43.68000031 30.31999969 24.00000000
v 43.68000031 30.39999962 24.07999992
v 43.68000031 30.39999962 29.35999870
v 43.68000031 30.47999954 24.15999985
v 43.68000031 30.55999947 24.23999977
v 43.59999847 30.55999947 29.27999878
v 43.68000031 30.47999954 29.27999878
v 43.68000031 30.55999947 29.19999886
v 43.68000031 30.63999939 24.31999969
v 43.68000031 30.63999939 24.47999954
v 43.68000031 30.71999931 24.55999947
v 43.59999847 30.71999931 29.11999893
v 43.68000031 30.63999939 29.11999893
v 43.68000031 30.71999931 29.03999901
v 43.59999847 30.71999931 29.27999878
v 43.68000031 30.79999924 24.63999939
v 43.68000031 30.87999916 24.71999931
v 43.68000031 30.87999916 29.03999901
v 43.68000031 30.95999908 24.79999924
v 43.68000031 31.03999901 24.87999916
v 43.68000031 31.03999901 29.03999901
v 43.68000031 31.11999893 24.95999908
v 43.68000031 31.11999893 25.11999893
v 43.68000031 31.19999886 25.19999886
v 43.68000031 31.11999893 28.95999908
v 43.68000031 31.19999886 28.87999916
v 43.68000031 31.27999878 25.27999878
v 43.68000031 31.27999878 25.43999863
v 43.68000031 31.27999878 25.59999847
v 43.68000031 31.27999878 25.76000023
v 43.68000031 31.27999878 25.92000008
v 43.59999847 31.35999870 26.07999992
v 43.68000031 31.35999870 26.00000000
v 43.59999847 31.35999870 26.23999977
v 43.59999847 31.35999870 26.39999962
v 43.59999847 31.35999870 26.55999947
v 43.68000031 31.27999878 28.63999939
v 43.68000031 31.35999870 28.55999947
v 43.68000031 31.27999878 28.79999924
v 43.68000031 31.43999863 26.07999992
v 43.68000031 31.43999863 26.23999977
v 43.68000031 31.43999863 26.39999962
v 43.68000031 31.43999863 26.55999947
v 43.68000031 31.43999863 26.71999931
v 43.68000031 31.43999863 26.87999916
v 43.68000031 31.43999863 27.03999901
v 43.68000031 31.43999863 27.19999886
v 43.68000031 31.43999863 27.35999870
v 43.68000031 31.43999863 27.51999855
v 43.68000031 31.43999863 27.68000031
v 43.68000031 31.43999863 27.84000015
v 43.68000031 31.43999863 28.00000000
v 43.68000031 31.43999863 28.15999985
v 43.68000031 31.43999863 28.31999969
v 43.68000031 31.43999863 28.47999954
v 43.84000015 27.84000015 24.71999931
v 43.84000015 27.76000023 24.79999924
v 43.84000015 27.76000023 24.95999908
v 43.84000015 27.76000023 25.11999893
v 43.84000015 27.76000023 25.27999878
v 43.84000015 27.76000023 25.43999863
v 43.84000015 27.76000023 25.59999847
v 43.84000015 27.76000023 25.76000023
v 43.84000015 27.76000023 25.92000008
v 43.84000015 27.76000023 26.07999992
v 43.84000015 27.84000015 26.15999985
v 43.84000015 28.00000000 24.55999947
v 43.84000015 27.92000008 24.63999939
v 43.84000015 27.92000008 26.23999977
v 43.84000015 27.92000008 26.39999962
v 43.84000015 27.92000008 26.55999947
v 43.84000015 27.92000008 26.71999931
v 43.84000015 27.92000008 26.87999916
v 43.84000015 27.92000008 27.03999901
v 43.84000015 27.92000008 27.19999886
v 43.84000015 27.92000008 27.35999870
v 43.84000015 27.92000008 27.51999855
v 43.84000015 27.92000008 27.68000031
v 43.84000015 27.92000008 27.84000015
v 43.75999832 28.00000000 28.00000000
v 43.84000015 28.00000000 27.92000008
v 43.75999832 28.00000000 28.15999985
v 43.75999832 28.00000000 28.31999969
v 43.75999832 28.00000000 28.47999954
v 43.75999832 28.00000000 28.63999939
v 43.84000015 28.15999985 24.39999962
v 43.84000015 28.07999992 24.47999954
v 43.84000015 28.07999992 28.00000000
v 43.84000015 28.07999992 28.15999985
v 43.84000015 28.07999992 28.31999969
v 43.84000015 28.07999992 28.47999954
v 43.84000015 28.07999992 28.63999939
v 43.84000015 28.07999992 28.79999924
v 43.84000015 28.07999992 28.95999908
v 43.84000015 28.15999985 29.03999901
v 43.84000015 28.31999969 24.23999977
v 43.84000015 28.23999977 24.31999969
v 43.84000015 28.23999977 29.11999893
v 43.84000015 28.31999969 29.19999886
v 43.75999832 28.47999954 24.15999985
v 43.84000015 28.47999954 24.07999992
v 43.84000015 28.39999962 24.15999985
v 43.75999832 28.47999954 29.27999878
v 43.84000015 28.47999954 29.19999886
v 43.84000015 28.63999939 24.07999992
v 43.75999832 28.63999939 29.27999878
v 43.84000015 28.63999939 29.19999886
v 43.84000015 28.79999924 23.92000008
v 43.84000015 28.71999931 24.00000000
v 43.75999832 28.79999924 29.27999878
v 43.84000015 28.79999924 29.19999886
v 43.84000015 28.95999908 23.92000008
v 43.75999832 28.95999908 29.27999878
v 43.84000015 28.95999908 29.19999886
v 43.84000015 29.11999893 23.92000008
v 43.75999832 29.11999893 29.27999878
v 43.84000015 29.11999893 29.19999886
v 43.84000015 29.27999878 23.92000008
v 43.84000015 29.19999886 29.27999878
v 43.84000015 29.27999878 29.35999870
v 43.75999832 29.43999863 23.84000015
v 43.84000015 29.43999863 23.92000008
v 43.84000015 29.43999863 29.35999870
v 43.84000015 29.59999847 23.76000023
v 43.84000015 29.51999855 23.84000015
v 43.84000015 29.59999847 29.35999870
v 43.84000015 29.76000023 23.76000023
v 43.84000015 29.76000023 29.35999870
v 43.84000015 29.92000008 23.76000023
v 43.84000015 29.92000008 29.35999870
v 43.84000015 30.00000000 23.84000015
v 43.84000015 30.07999992 23.92000008
v 43.84000015 30.07999992 29.35999870
v 43.84000015 30.23999977 23.92000008
v 43.75999832 30.23999977 29.27999878
v 43.84000015 30.15999985 29.27999878
v 43.84000015 30.23999977 29.19999886
v 43.84000015 30.31999969 24.00000000
v 43.84000015 30.39999962 24.07999992
v 43.75999832 30.39999962 29.27999878
v 43.84000015 30.39999962 29.19999886
v 43.84000015 30.47999954 24.15999985
v 43.84000015 30.55999947 24.23999977
v 43.84000015 30.55999947 29.19999886
v 43.84000015 30.63999939 24.31999969
v 43.75999832 30.71999931 24.47999954
v 43.84000015 30.71999931 24.39999962
v 43.84000015 30.63999939 29.11999893
v 43.84000015 30.71999931 29.03999901
v 43.84000015 30.79999924 24.47999954
v 43.84000015 30.79999924 24.63999939
v 43.84000015 30.87999916 24.71999931
v 43.84000015 30.87999916 29.03999901
v 43.84000015 30.95999908 24.79999924
v 43.84000015 31.03999901 24.87999916
v 43.84000015 31.03999901 29.03999901
v 43.84000015 31.11999893 24.95999908
v 43.84000015 31.11999893 25.11999893
v 43.84000015 31.19999886 25.19999886
v 43.84000015 31.11999893 28.95999908
v 43.84000015 31.19999886 28.87999916
v 43.84000015 31.27999878 25.27999878
v 43.84000015 31.27999878 25.43999863
v 43.84000015 31.27999878 25.59999847
v 43.84000015 31.27999878 25.76000023
v 43.84000015 31.27999878 25.92000008
v 43.84000015 31.35999870 26.00000000
v 43.84000015 31.27999878 28.63999939
v 43.84000015 31.35999870 28.55999947
v 43.84000015 31.27999878 28.79999924
v 43.84000015 31.43999863 26.07999992
v 43.75999832 31.51999855 26.23999977
v 43.84000015 31.51999855 26.15999985
v 43.75999832 31.51999855 26.39999962
v 43.75999832 31.51999855 26.55999947
v 43.75999832 31.51999855 26.71999931
v 43.75999832 31.51999855 26.87999916
v 43.75999832 31.51999855 27.03999901
v 43.75999832 31.51999855 27.19999886
v 43.75999832 31.51999855 27.35999870
v 43.75999832 31.51999855 27.51999855
v 43.75999832 31.51999855 27.68000031
v 43.75999832 31.51999855 27.84000015
v 43.75999832 31.51999855 28.00000000
v 43.75999832 31.51999855 28.15999985
v 43.84000015 31.51999855 28.23999977
v 43.84000015 31.43999863 28.31999969
v 43.84000015 31.43999863 28.47999954
v 43.84000015 31.59999847 26.23999977
v 43.84000015 31.59999847 26.39999962
v 43.84000015 31.59999847 26.55999947
v 43.84000015 31.59999847 26.71999931
v 43.84000015 31.59999847 26.87999916
v 43.84000015 31.59999847 27.03999901
v 43.84000015 31.59999847 27.19999886
v 43.84000015 31.59999847 27.35999870
v 43.84000015 31.59999847 27.51999855
v 43.84000015 31.59999847 27.68000031
v 43.84000015 31.59999847 27.84000015
v 43.84000015 31.59999847 28.00000000
v 43.84000015 31.59999847 28.15999985
v 44.00000000 27.84000015 24.71999931
v 44.00000000 27.76000023 24.79999924
v 44.00000000 27.76000023 24.95999908
v 44.00000000 27.76000023 25.11999893
v 44.00000000 27.76000023 25.27999878
v 44.00000000 27.76000023 25.43999863
v 44.00000000 27.76000023 25.59999847
v 44.00000000 27.76000023 25.76000023
v 44.00000000 27.76000023 25.92000008
v 44.00000000 27.76000023 26.07999992
v 44.00000000 27.84000015 26.15999985
v 44.00000000 28.00000000 24.55999947
v 44.00000000 27.92000008 24.63999939
v 44.00000000 27.92000008 26.23999977
v 44.00000000 27.92000008 26.39999962
v 44.00000000 27.92000008 26.55999947
v 44.00000000 27.92000008 26.71999931
v 44.00000000 27.92000008 26.87999916
v 44.00000000 27.92000008 27.03999901
v 44.00000000 27.92000008 27.19999886
v 44.00000000 27.92000008 27.35999870
v 44.00000000 27.92000008 27.51999855
v 44.00000000 27.92000008 27.68000031
v 44.00000000 27.92000008 27.84000015
v 44.00000000 28.00000000 27.92000008
v 44.00000000 28.15999985 24.39999962
v 44.00000000 28.07999992 24.47999954
v 44.00000000 28.07999992 28.00000000
v 44.00000000 28.07999992 28.15999985
v 44.00000000 28.07999992 28.31999969
v 44.00000000 28.07999992 28.47999954
v 44.00000000 28.07999992 28.63999939
v 44.00000000 28.07999992 28.79999924
v 44.00000000 28.07999992 28.95999908
v 44.00000000 28.15999985 29.03999901
v 44.00000000 28.31999969 24.23999977
v 44.00000000 28.23999977 24.31999969
v 43.91999817 28.31999969 29.11999893
v 44.00000000 28.31999969 29.03999901
v 44.00000000 28.47999954 24.07999992
v 44.00000000 28.39999962 24.15999985
v 44.00000000 28.39999962 29.11999893
v 44.00000000 28.47999954 29.19999886
v 44.00000000 28.63999939 24.07999992
v 44.00000000 28.63999939 29.19999886
v 44.00000000 28.79999924 23.92000008
v 44.00000000 28.71999931 24.00000000
v 44.00000000 28.79999924 29.19999886
v 44.00000000 28.95999908 23.92000008
v 44.00000000 28.95999908 29.19999886
v 44.00000000 29.11999893 23.92000008
v 44.00000000 29.11999893 29.19999886
v 44.00000000 29.27999878 23.92000008
v 43.91999817 29.27999878 29.27999878
v 44.00000000 29.27999878 29.19999886
v 44.00000000 29.43999863 23.92000008
v 44.00000000 29.35999870 29.27999878
v 44.00000000 29.43999863 29.35999870
v 44.00000000 29.59999847 23.76000023
v 44.00000000 29.51999855 23.84000015
v 44.00000000 29.59999847 29.35999870
v 44.00000000 29.76000023 23.76000023
v 44.00000000 29.76000023 29.35999870
v 44.00000000 29.92000008 23.76000023
v 44.00000000 29.92000008 29.35999870
v 44.00000000 30.00000000 23.84000015
v 44.00000000 30.07999992 23.92000008
v 43.91999817 30.07999992 29.27999878
v 44.00000000 30.00000000 29.27999878
v 44.00000000 30.07999992 29.19999886
v 44.00000000 30.23999977 23.92000008
v 44.00000000 30.23999977 29.19999886
v 44.00000000 30.31999969 24.00000000
v 44.00000000 30.39999962 24.07999992
v 44.00000000 30.39999962 29.19999886
v 44.00000000 30.47999954 24.15999985
v 44.00000000 30.55999947 24.23999977
v 44.00000000 30.55999947 29.19999886
v 44.00000000 30.63999939 24.31999969
v 44.00000000 30.71999931 24.39999962
v 44.00000000 30.63999939 29.11999893
v 44.00000000 30.71999931 29.03999901
v 44.00000000 30.79999924 24.47999954
v 44.00000000 30.79999924 24.63999939
v 44.00000000 30.87999916 24.71999931
v 44.00000000 30.87999916 29.03999901
v 44.00000000 30.95999908 24.79999924
v 44.00000000 31.03999901 24.87999916
v 44.00000000 31.03999901 29.03999901
v 44.00000000 31.11999893 24.95999908
v 44.00000000 31.11999893 25.11999893
v 44.00000000 31.19999886 25.19999886
v 44.00000000 31.11999893 28.95999908
v 44.00000000 31.19999886 28.87999916
v 44.00000000 31.27999878 25.27999878
v 44.00000000 31.27999878 25.43999863
v 44.00000000 31.27999878 25.59999847
v 43.91999817 31.35999870 25.76000023
v 44.00000000 31.35999870 25.68000031
v 43.91999817 31.35999870 25.92000008
v 44.00000000 31.27999878 28.63999939
v 44.00000000 31.35999870 28.55999947
v 44.00000000 31.27999878 28.79999924
v 44.00000000 31.43999863 25.76000023
v 44.00000000 31.43999863 25.92000008
v 44.00000000 31.43999863 26.07999992
v 44.00000000 31.51999855 26.15999985
v 44.00000000 31.43999863 28.31999969
v 44.00000000 31.51999855 28.23999977
v 44.00000000 31.43999863 28.47999954
v 44.00000000 31.59999847 26.23999977
v 44.00000000 31.59999847 26.39999962
v 43.91999817 31.67999840 26.55999947
v 44.00000000 31.67999840 26.47999954
v 43.91999817 31.67999840 26.71999931
v 43.91999817 31.67999840 26.87999916
v 44.00000000 31.67999840 26.95999908
v 44.00000000 31.59999847 27.03999901
v 44.00000000 31.59999847 27.19999886
v 44.00000000 31.59999847 27.35999870
v 44.00000000 31.59999847 27.51999855
v 44.00000000 31.59999847 27.68000031
v 44.00000000 31.59999847 27.84000015
v 44.00000000 31.59999847 28.00000000
v 44.00000000 31.59999847 28.15999985
v 44.00000000 31.76000023 26.55999947
v 44.00000000 31.76000023 26.71999931
v 44.00000000 31.76000023 26.87999916
v 44.15999985 27.84000015 24.71999931
v 44.15999985 27.76000023 24.79999924
v 44.15999985 27.76000023 24.95999908
v 44.15999985 27.76000023 25.11999893
v 44.15999985 27.76000023 25.27999878
v 44.15999985 27.76000023 25.43999863
v 44.15999985 27.76000023 25.59999847
v 44.15999985 27.76000023 25.76000023
v 44.15999985 27.76000023 25.92000008
v 44.15999985 27.76000023 26.07999992
v 44.15999985 27.84000015 26.15999985
v 44.15999985 28.00000000 24.55999947
v 44.15999985 27.92000008 24.63999939
v 44.15999985 27.92000008 26.23999977
v 44.15999985 27.92000008 26.39999962
v 44.15999985 27.92000008 26.55999947
v 44.15999985 27.92000008 26.71999931
v 44.15999985 27.92000008 26.87999916
v 44.15999985 27.92000008 27.03999901
v 44.15999985 27.92000008 27.19999886
v 44.15999985 27.92000008 27.35999870
v 44.15999985 27.92000008 27.51999855
v 44.15999985 27.92000008 27.68000031
v 44.15999985 27.92000008 27.84000015
v 44.15999985 28.00000000 27.92000008
v 44.15999985 28.15999985 24.39999962
v 44.15999985 28.07999992 24.47999954
v 44.15999985 28.07999992 28.00000000
v 44.15999985 28.07999992 28.15999985
v 44.15999985 28.07999992 28.31999969
v 44.15999985 28.07999992 28.47999954
v 44.07999802 28.15999985 28.63999939
v 44.15999985 28.15999985 28.55999947
v 44.07999802 28.15999985 28.79999924
v 44.07999802 28.15999985 28.95999908
v 44.15999985 28.31999969 24.23999977
v 44.15999985 28.23999977 24.31999969
v 44.15999985 28.23999977 28.63999939
v 44.15999985 28.23999977 28.79999924
v 44.15999985 28.23999977 28.95999908
v 44.15999985 28.31999969 29.03999901
v 44.15999985 28.47999954 24.07999992
v 44.15999985 28.39999962 24.15999985
v 44.07999802 28.47999954 29.11999893
v 44.15999985 28.47999954 29.03999901
v 44.15999985 28.63999939 24.07999992
v 44.07999802 28.63999939 29.11999893
v 44.15999985 28.63999939 29.03999901
v 44.15999985 28.79999924 23.92000008
v 44.15999985 28.71999931 24.00000000
v 44.15999985 28.71999931 29.11999893
v 44.15999985 28.79999924 29.19999886
v 44.15999985 28.95999908 23.92000008
v 44.15999985 28.95999908 29.19999886
v 44.15999985 29.11999893 23.92000008
v 44.15999985 29.11999893 29.19999886
v 44.15999985 29.27999878 23.92000008
v 44.15999985 29.27999878 29.19999886
v 44.15999985 29.43999863 23.92000008
v 44.07999802 29.43999863 29.27999878
v 44.15999985 29.43999863 29.19999886
v 44.07999802 29.59999847 23.84000015
v 44.15999985 29.59999847 23.92000008
v 44.07999802 29.59999847 29.27999878
v 44.15999985 29.59999847 29.19999886
v 44.07999802 29.76000023 23.84000015
v 44.15999985 29.76000023 23.92000008
v 44.07999802 29.76000023 29.27999878
v 44.15999985 29.76000023 29.19999886
v 44.07999802 29.92000008 23.84000015
v 44.15999985 29.92000008 23.92000008
v 44.07999802 29.92000008 29.27999878
v 44.15999985 29.92000008 29.19999886
v 44.15999985 30.07999992 23.92000008
v 44.15999985 30.07999992 29.19999886
v 44.15999985 30.15999985 24.00000000
v 44.07999802 30.23999977 24.00000000
v 44.15999985 30.23999977 24.07999992
v 44.15999985 30.23999977 29.19999886
v 44.15999985 30.39999962 24.07999992
v 44.15999985 30.39999962 29.19999886
v 44.15999985 30.47999954 24.15999985
v 44.15999985 30.55999947 24.23999977
v 44.15999985 30.55999947 29.19999886
v 44.15999985 30.63999939 24.31999969
v 44.15999985 30.71999931 24.39999962
v 44.15999985 30.63999939 29.11999893
v 44.15999985 30.71999931 29.03999901
v 44.15999985 30.79999924 24.47999954
v 44.15999985 30.79999924 24.63999939
v 44.15999985 30.87999916 24.71999931
v 44.15999985 30.87999916 29.03999901
v 44.15999985 30.95999908 24.79999924
v 44.15999985 31.03999901 24.87999916
v 44.15999985 31.03999901 29.03999901
v 44.15999985 31.11999893 24.95999908
v 44.15999985 31.11999893 25.11999893
v 44.15999985 31.19999886 25.19999886
v 44.15999985 31.11999893 28.95999908
v 44.15999985 31.19999886 28.87999916
v 44.15999985 31.27999878 25.27999878
v 44.15999985 31.27999878 25.43999863
v 44.15999985 31.27999878 25.59999847
v 44.15999985 31.35999870 25.68000031
v 44.15999985 31.27999878 28.63999939
v 44.15999985 31.35999870 28.55999947
v 44.15999985 31.27999878 28.79999924
v 44.15999985 31.43999863 25.76000023
v 44.15999985 31.43999863 25.92000008
v 44.07999802 31.51999855 26.07999992
v 44.15999985 31.51999855 26.00000000
v 44.15999985 31.43999863 28.31999969
v 44.15999985 31.51999855 28.23999977
v 44.15999985 31.43999863 28.47999954
v 44.15999985 31.59999847 26.07999992
v 44.15999985 31.59999847 26.23999977
v 44.07999802 31.67999840 26.39999962
v 44.15999985 31.67999840 26.31999969
v 44.07999802 31.67999840 27.03999901
v 44.07999802 31.67999840 27.19999886
v 44.07999802 31.67999840 27.35999870
v 44.15999985 31.67999840 27.43999863
v 44.15999985 31.59999847 27.51999855
v 44.15999985 31.59999847 27.68000031
v 44.15999985 31.59999847 27.84000015
v 44.15999985 31.59999847 28.00000000
v 44.15999985 31.59999847 28.15999985
v 44.15999985 31.76000023 26.39999962
v 44.15999985 31.76000023 26.55999947
v 44.15999985 31.76000023 26.71999931
v 44.15999985 31.76000023 26.87999916
v 44.15999985 31.76000023 27.03999901
v 44.15999985 31.76000023 27.19999886
v 44.15999985 31.76000023 27.35999870
v 44.31999969 27.84000015 24.71999931
v 44.31999969 27.76000023 24.79999924
v 44.31999969 27.76000023 24.95999908
v 44.31999969 27.76000023 25.11999893
v 44.31999969 27.76000023 25.27999878
v 44.31999969 27.76000023 25.43999863
v 44.23999786 27.84000015 25.59999847
v 44.31999969 27.84000015 25.51999855
v 44.23999786 27.84000015 25.76000023
v 44.23999786 27.84000015 25.92000008
v 44.23999786 27.84000015 26.07999992
v 44.31999969 28.00000000 24.55999947
v 44.31999969 27.92000008 24.63999939
v 44.31999969 27.92000008 25.59999847
v 44.31999969 27.92000008 25.76000023
v 44.31999969 27.92000008 25.92000008
v 44.31999969 27.92000008 26.07999992
v 44.31999969 27.92000008 26.23999977
v 44.31999969 27.92000008 26.39999962
v 44.31999969 27.92000008 26.55999947
v 44.31999969 27.92000008 26.71999931
v 44.31999969 27.92000008 26.87999916
v 44.31999969 27.92000008 27.03999901
v 44.31999969 27.92000008 27.19999886
v 44.31999969 27.92000008 27.35999870
v 44.31999969 27.92000008 27.51999855
v 44.31999969 27.92000008 27.68000031
v 44.23999786 28.00000000 27.84000015
v 44.31999969 28.00000000 27.76000023
v 44.23999786 28.15999985 24.47999954
v 44.31999969 28.15999985 24.55999947
v 44.31999969 28.07999992 27.84000015
v 44.31999969 28.07999992 28.00000000
v 44.31999969 28.07999992 28.15999985
v 44.31999969 28.07999992 28.31999969
v 44.31999969 28.07999992 28.47999954
v 44.31999969 28.15999985 28.55999947
v 44.31999969 28.31999969 24.23999977
v 44.31999969 28.23999977 24.31999969
v 44.31999969 28.23999977 24.47999954
v 44.31999969 28.23999977 28.63999939
v 44.31999969 28.23999977 28.79999924
v 44.23999786 28.31999969 28.95999908
v 44.31999969 28.31999969 28.87999916
v 44.31999969 28.47999954 24.07999992
v 44.31999969 28.39999962 24.15999985
v 44.31999969 28.39999962 28.95999908
v 44.31999969 28.47999954 29.03999901
v 44.31999969 28.63999939 24.07999992
v 44.31999969 28.63999939 29.03999901
v 44.31999969 28.79999924 23.92000008
v 44.31999969 28.71999931 24.00000000
v 44.23999786 28.79999924 29.11999893
v 44.31999969 28.79999924 29.03999901
v 44.31999969 28.95999908 23.92000008
v 44.23999786 28.95999908 29.11999893
v 44.31999969 28.95999908 29.03999901
v 44.31999969 29.11999893 23.92000008
v 44.23999786 29.11999893 29.11999893
v 44.31999969 29.11999893 29.03999901
v 44.31999969 29.27999878 23.92000008
v 44.23999786 29.27999878 29.11999893
v 44.31999969 29.27999878 29.03999901
v 44.31999969 29.43999863 23.92000008
v 44.23999786 29.43999863 29.11999893
v 44.31999969 29.43999863 29.03999901
v 44.31999969 29.59999847 23.92000008
v 44.31999969 29.51999855 29.11999893
v 44.31999969 29.59999847 29.19999886
v 44.31999969 29.76000023 23.92000008
v 44.31999969 29.76000023 29.19999886
v 44.31999969 29.92000008 23.92000008
v 44.31999969 29.92000008 29.19999886
v 44.31999969 30.00000000 24.00000000
v 44.23999786 30.07999992 24.00000000
v 44.31999969 30.07999992 24.07999992
v 44.31999969 30.07999992 29.19999886
v 44.31999969 30.23999977 24.07999992
v 44.23999786 30.23999977 29.11999893
v 44.31999969 30.15999985 29.11999893
v 44.31999969 30.23999977 29.03999901
v 44.31999969 30.31999969 24.15999985
v 44.23999786 30.39999962 24.15999985
v 44.31999969 30.39999962 24.23999977
v 44.23999786 30.39999962 29.11999893
v 44.31999969 30.39999962 29.03999901
v 44.23999786 30.55999947 24.31999969
v 44.31999969 30.47999954 24.31999969
v 44.31999969 30.55999947 24.39999962
v 44.23999786 30.55999947 29.11999893
v 44.31999969 30.55999947 29.03999901
v 44.31999969 30.71999931 24.39999962
v 44.31999969 30.71999931 29.03999901
v 44.31999969 30.79999924 24.47999954
v 44.31999969 30.79999924 24.63999939
v 44.31999969 30.87999916 24.71999931
v 44.31999969 30.87999916 29.03999901
v 44.31999969 30.95999908 24.79999924
v 44.31999969 31.03999901 24.87999916
v 44.23999786 31.03999901 28.95999908
v 44.31999969 30.95999908 28.95999908
v 44.31999969 31.03999901 28.87999916
v 44.31999969 31.11999893 24.95999908
v 44.31999969 31.11999893 25.11999893
v 44.31999969 31.19999886 25.19999886
v 44.23999786 31.19999886 28.79999924
v 44.31999969 31.11999893 28.79999924
v 44.31999969 31.19999886 28.71999931
v 44.31999969 31.27999878 25.27999878
v 44.23999786 31.35999870 25.43999863
v 44.31999969 31.35999870 25.35999870
v 44.23999786 31.35999870 25.59999847
v 44.23999786 31.35999870 28.47999954
v 44.31999969 31.27999878 28.47999954
v 44.31999969 31.35999870 28.39999962
v 44.31999969 31.27999878 28.63999939
v 44.31999969 31.43999863 25.43999863
v 44.31999969 31.43999863 25.59999847
v 44.23999786 31.51999855 25.76000023
v 44.31999969 31.51999855 25.68000031
v 44.23999786 31.51999855 25.92000008
v 44.23999786 31.51999855 28.15999985
v 44.31999969 31.43999863 28.15999985
v 44.31999969 31.51999855 28.07999992
v 44.31999969 31.43999863 28.31999969
v 44.31999969 31.59999847 25.76000023
v 44.31999969 31.59999847 25.92000008
v 44.31999969 31.59999847 26.07999992
v 44.31999969 31.59999847 26.23999977
v 44.31999969 31.67999840 26.31999969
v 44.23999786 31.67999840 27.51999855
v 44.31999969 31.67999840 27.59999847
v 44.31999969 31.59999847 27.68000031
v 44.31999969 31.59999847 27.84000015
v 44.31999969 31.59999847 28.00000000
v 44.31999969 31.76000023 26.39999962
v 44.31999969 31.76000023 26.55999947
v 44.31999969 31.76000023 26.71999931
v 44.31999969 31.76000023 26.87999916
v 44.31999969 31.76000023 27.03999901
v 44.31999969 31.76000023 27.19999886
v 44.31999969 31.76000023 27.35999870
v 44.31999969 31.76000023 27.51999855
v 44.39999771 27.84000015 24.79999924
v 44.39999771 27.84000015 24.95999908
v 44.39999771 27.84000015 25.11999893
v 44.39999771 27.84000015 25.27999878
v 44.39999771 27.84000015 25.43999863
v 44.47999954 28.00000000 24.55999947
v 44.47999954 27.92000008 24.63999939
v 44.47999954 27.92000008 24.79999924
v 44.47999954 27.92000008 24.95999908
v 44.47999954 27.92000008 25.11999893
v 44.47999954 27.92000008 25.27999878
v 44.47999954 27.92000008 25.43999863
v 44.47999954 27.92000008 25.59999847
v 44.47999954 27.92000008 25.76000023
v 44.47999954 27.92000008 25.92000008
v 44.47999954 27.92000008 26.07999992
v 44.47999954 27.92000008 26.23999977
v 44.47999954 27.92000008 26.39999962
v 44.47999954 27.92000008 26.55999947
v 44.47999954 27.92000008 26.71999931
v 44.47999954 27.92000008 26.87999916
v 44.47999954 27.92000008 27.03999901
v 44.47999954 27.92000008 27.19999886
v 44.39999771 28.00000000 27.35999870
v 44.47999954 28.00000000 27.27999878
v 44.39999771 28.00000000 27.51999855
v 44.39999771 28.00000000 27.68000031
v 44.47999954 28.15999985 24.55999947
v 44.47999954 28.07999992 27.35999870
v 44.47999954 28.07999992 27.51999855
v 44.47999954 28.07999992 27.68000031
v 44.47999954 28.07999992 27.84000015
v 44.47999954 28.07999992 28.00000000
v 44.47999954 28.07999992 28.15999985
v 44.47999954 28.07999992 28.31999969
v 44.47999954 28.07999992 28.47999954
v 44.47999954 28.15999985 28.55999947
v 44.47999954 28.31999969 24.23999977
v 44.47999954 28.23999977 24.31999969
v 44.47999954 28.23999977 24.47999954
v 44.47999954 28.23999977 28.63999939
v 44.39999771 28.31999969 28.79999924
v 44.47999954 28.31999969 28.71999931
v 44.47999954 28.47999954 24.07999992
v 44.47999954 28.39999962 24.15999985
v 44.47999954 28.39999962 28.79999924
v 44.39999771 28.47999954 28.95999908
v 44.47999954 28.47999954 28.87999916
v 44.47999954 28.63999939 24.07999992
v 44.47999954 28.55999947 28.95999908
v 44.47999954 28.63999939 29.03999901
v 44.39999771 28.79999924 24.00000000
v 44.47999954 28.79999924 24.07999992
v 44.47999954 28.79999924 29.03999901
v 44.47999954 28.95999908 23.92000008
v 44.47999954 28.87999916 24.00000000
v 44.47999954 28.95999908 29.03999901
v 44.47999954 29.11999893 23.92000008
v 44.47999954 29.11999893 29.03999901
v 44.47999954 29.27999878 23.92000008
v 44.47999954 29.27999878 29.03999901
v 44.47999954 29.43999863 23.92000008
v 44.47999954 29.43999863 29.03999901
v 44.47999954 29.59999847 23.92000008
v 44.39999771 29.59999847 29.11999893
v 44.47999954 29.59999847 29.03999901
v 44.47999954 29.76000023 23.92000008
v 44.39999771 29.76000023 29.11999893
v 44.47999954 29.76000023 29.03999901
v 44.47999954 29.84000015 24.00000000
v 44.39999771 29.92000008 24.00000000
v 44.47999954 29.92000008 24.07999992
v 44.39999771 29.92000008 29.11999893
v 44.47999954 29.92000008 29.03999901
v 44.47999954 30.07999992 24.07999992
v 44.39999771 30.07999992 29.11999893
v 44.47999954 30.07999992 29.03999901
v 44.47999954 30.23999977 24.07999992
v 44.39999771 30.23999977 28.95999908
v 44.47999954 30.15999985 28.95999908
v 44.47999954 30.23999977 28.87999916
v 44.47999954 30.31999969 24.15999985
v 44.47999954 30.39999962 24.23999977
v 44.39999771 30.39999962 28.95999908
v 44.47999954 30.39999962 28.87999916
v 44.47999954 30.47999954 24.31999969
v 44.47999954 30.55999947 24.39999962
v 44.39999771 30.55999947 28.95999908
v 44.47999954 30.55999947 28.87999916
v 44.47999954 30.63999939 24.47999954
v 44.39999771 30.71999931 24.47999954
v 44.47999954 30.71999931 24.55999947
v 44.39999771 30.71999931 28.95999908
v 44.47999954 30.71999931 28.87999916
v 44.47999954 30.79999924 24.63999939
v 44.47999954 30.87999916 24.71999931
v 44.39999771 30.87999916 28.95999908
v 44.47999954 30.87999916 28.87999916
v 44.47999954 30.95999908 24.79999924
v 44.47999954 31.03999901 24.87999916
v 44.47999954 31.03999901 28.87999916
v 44.47999954 31.11999893 24.95999908
v 44.39999771 31.19999886 25.11999893
v 44.47999954 31.19999886 25.03999901
v 44.47999954 31.11999893 28.79999924
v 44.47999954 31.19999886 28.71999931
v 44.47999954 31.27999878 25.11999893
v 44.47999954 31.27999878 25.27999878
v 44.47999954 31.35999870 25.35999870
v 44.47999954 31.27999878 28.47999954
v 44.47999954 31.35999870 28.39999962
v 44.47999954 31.27999878 28.63999939
v 44.47999954 31.43999863 25.43999863
v 44.47999954 31.43999863 25.59999847
v 44.47999954 31.51999855 25.68000031
v 44.47999954 31.43999863 28.15999985
v 44.47999954 31.51999855 28.07999992
v 44.47999954 31.43999863 28.31999969
v 44.47999954 31.59999847 25.76000023
v 44.47999954 31.59999847 25.92000008
v 44.47999954 31.59999847 26.07999992
v 44.47999954 31.59999847 26.23999977
v 44.47999954 31.67999840 26.31999969
v 44.47999954 31.59999847 27.68000031
v 44.47999954 31.67999840 27.59999847
v 44.47999954 31.59999847 27.84000015
v 44.47999954 31.59999847 28.00000000
v 44.47999954 31.76000023 26.39999962
v 44.47999954 31.76000023 26.55999947
v 44.47999954 31.76000023 26.71999931
v 44.47999954 31.76000023 26.87999916
v 44.47999954 31.76000023 27.03999901
v 44.47999954 31.76000023 27.19999886
v 44.47999954 31.76000023 27.35999870
v 44.47999954 31.76000023 27.51999855
v 44.63999939 28.00000000 24.55999947
v 44.63999939 27.92000008 24.63999939
v 44.63999939 27.92000008 24.79999924
v 44.63999939 27.92000008 24.95999908
v 44.63999939 27.92000008 25.11999893
v 44.63999939 27.92000008 25.27999878
v 44.63999939 27.92000008 25.43999863
v 44.63999939 27.92000008 25.59999847
v 44.63999939 27.92000008 25.76000023
v 44.55999756 28.00000000 25.92000008
v 44.63999939 28.00000000 25.84000015
v 44.55999756 28.00000000 26.07999992
v 44.55999756 28.00000000 26.23999977
v 44.55999756 28.00000000 26.39999962
v 44.63999939 28.00000000 26.47999954
v 44.63999939 27.92000008 26.55999947
v 44.63999939 27.92000008 26.71999931
v 44.63999939 27.92000008 26.87999916
v 44.63999939 27.92000008 27.03999901
v 44.63999939 27.92000008 27.19999886
v 44.63999939 28.00000000 27.27999878
v 44.63999939 28.15999985 24.55999947
v 44.63999939 28.07999992 25.92000008
v 44.63999939 28.07999992 26.07999992
v 44.63999939 28.07999992 26.23999977
v 44.63999939 28.07999992 26.39999962
v 44.63999939 28.07999992 27.35999870
v 44.63999939 28.07999992 27.51999855
v 44.63999939 28.07999992 27.68000031
v 44.63999939 28.07999992 27.84000015
v 44.63999939 28.07999992 28.00000000
v 44.63999939 28.07999992 28.15999985
v 44.63999939 28.07999992 28.31999969
v 44.55999756 28.15999985 28.47999954
v 44.63999939 28.15999985 28.39999962
v 44.55999756 28.31999969 24.31999969
v 44.63999939 28.31999969 24.39999962
v 44.63999939 28.23999977 24.47999954
v 44.63999939 28.23999977 28.47999954
v 44.55999756 28.31999969 28.63999939
v 44.63999939 28.31999969 28.55999947
v 44.55999756 28.47999954 24.15999985
v 44.63999939 28.47999954 24.23999977
v 44.63999939 28.39999962 24.31999969
v 44.63999939 28.39999962 28.63999939
v 44.55999756 28.47999954 28.79999924
v 44.63999939 28.47999954 28.71999931
v 44.55999756 28.63999939 24.15999985
v 44.63999939 28.63999939 24.23999977
v 44.63999939 28.55999947 28.79999924
v 44.55999756 28.63999939 28.95999908
v 44.63999939 28.63999939 28.87999916
v 44.63999939 28.79999924 24.07999992
v 44.63999939 28.71999931 24.15999985
v 44.55999756 28.79999924 28.95999908
v 44.63999939 28.79999924 28.87999916
v 44.55999756 28.95999908 24.00000000
v 44.63999939 28.95999908 24.07999992
v 44.63999939 28.87999916 28.95999908
v 44.63999939 28.95999908 29.03999901
v 44.55999756 29.11999893 24.00000000
v 44.63999939 29.11999893 24.07999992
v 44.63999939 29.11999893 29.03999901
v 44.55999756 29.27999878 24.00000000
v 44.63999939 29.27999878 24.07999992
v 44.63999939 29.27999878 29.03999901
v 44.63999939 29.43999863 23.92000008
v 44.63999939 29.35999870 24.00000000
v 44.63999939 29.43999863 29.03999901
v 44.63999939 29.59999847 23.92000008
v 44.63999939 29.59999847 29.03999901
v 44.63999939 29.76000023 23.92000008
v 44.63999939 29.76000023 29.03999901
v 44.63999939 29.84000015 24.00000000
v 44.63999939 29.92000008 24.07999992
v 44.63999939 29.92000008 29.03999901
v 44.63999939 30.07999992 24.07999992
v 44.55999756 30.07999992 28.95999908
v 44.63999939 30.00000000 28.95999908
v 44.63999939 30.07999992 28.87999916
v 44.63999939 30.15999985 24.15999985
v 44.55999756 30.23999977 24.15999985
v 44.63999939 30.23999977 24.23999977
v 44.55999756 30.23999977 28.79999924
v 44.63999939 30.15999985 28.79999924
v 44.63999939 30.23999977 28.71999931
v 44.63999939 30.39999962 24.23999977
v 44.55999756 30.39999962 28.79999924
v 44.63999939 30.39999962 28.71999931
v 44.63999939 30.47999954 24.31999969
v 44.63999939 30.55999947 24.39999962
v 44.55999756 30.55999947 28.79999924
v 44.63999939 30.55999947 28.71999931
v 44.63999939 30.63999939 24.47999954
v 44.63999939 30.71999931 24.55999947
v 44.55999756 30.71999931 28.79999924
v 44.63999939 30.71999931 28.71999931
v 44.63999939 30.79999924 24.63999939
v 44.63999939 30.87999916 24.71999931
v 44.55999756 30.87999916 28.79999924
v 44.63999939 30.87999916 28.71999931
v 44.63999939 30.95999908 24.79999924
v 44.55999756 31.03999901 24.95999908
v 44.63999939 30.95999908 24.95999908
v 44.63999939 31.03999901 25.03999901
v 44.55999756 31.03999901 28.79999924
v 44.63999939 31.03999901 28.71999931
v 44.63999939 31.19999886 25.03999901
v 44.55999756 31.19999886 28.63999939
v 44.63999939 31.11999893 28.63999939
v 44.63999939 31.19999886 28.55999947
v 44.63999939 31.27999878 25.11999893
v 44.63999939 31.27999878 25.27999878
v 44.63999939 31.35999870 25.35999870
v 44.55999756 31.35999870 28.31999969
v 44.63999939 31.27999878 28.31999969
v 44.63999939 31.35999870 28.23999977
v 44.63999939 31.27999878 28.47999954
v 44.63999939 31.43999863 25.43999863
v 44.63999939 31.43999863 25.59999847
v 44.63999939 31.51999855 25.68000031
v 44.63999939 31.43999863 28.15999985
v 44.63999939 31.51999855 28.07999992
v 44.63999939 31.59999847 25.76000023
v 44.63999939 31.59999847 25.92000008
v 44.63999939 31.59999847 26.07999992
v 44.63999939 31.59999847 26.23999977
v 44.63999939 31.67999840 26.31999969
v 44.63999939 31.59999847 27.68000031
v 44.63999939 31.67999840 27.59999847
v 44.63999939 31.59999847 27.84000015
v 44.63999939 31.59999847 28.00000000
v 44.63999939 31.76000023 26.39999962
v 44.63999939 31.76000023 26.55999947
v 44.63999939 31.76000023 26.71999931
v 44.63999939 31.76000023 26.87999916
v 44.63999939 31.76000023 27.03999901
v 44.63999939 31.76000023 27.19999886
v 44.63999939 31.76000023 27.35999870
v 44.63999939 31.76000023 27.51999855
v 44.71999741 28.00000000 24.63999939
v 44.71999741 28.00000000 24.79999924
v 44.71999741 28.00000000 24.95999908
v 44.79999924 28.00000000 25.03999901
v 44.79999924 27.92000008 25.11999893
v 44.79999924 27.92000008 25.27999878
v 44.79999924 27.92000008 25.43999863
v 44.79999924 27.92000008 25.59999847
v 44.79999924 27.92000008 25.76000023
v 44.79999924 28.00000000 25.84000015
v 44.79999924 28.00000000 26.47999954
v 44.79999924 27.92000008 26.55999947
v 44.79999924 27.92000008 26.71999931
v 44.79999924 27.92000008 26.87999916
v 44.79999924 27.92000008 27.03999901
v 44.79999924 27.92000008 27.19999886
v 44.79999924 28.00000000 27.27999878
v 44.79999924 28.15999985 24.55999947
v 44.79999924 28.07999992 24.63999939
v 44.79999924 28.07999992 24.79999924
v 44.79999924 28.07999992 24.95999908
v 44.79999924 28.07999992 25.92000008
v 44.79999924 28.07999992 26.07999992
v 44.79999924 28.07999992 26.23999977
v 44.79999924 28.07999992 26.39999962
v 44.79999924 28.07999992 27.35999870
v 44.79999924 28.07999992 27.51999855
v 44.79999924 28.07999992 27.68000031
v 44.79999924 28.07999992 27.84000015
v 44.79999924 28.07999992 28.00000000
v 44.79999924 28.07999992 28.15999985
v 44.79999924 28.07999992 28.31999969
v 44.79999924 28.15999985 28.39999962
v 44.71999741 28.31999969 24.47999954
v 44.79999924 28.31999969 24.55999947
v 44.79999924 28.23999977 28.47999954
v 44.79999924 28.31999969 28.55999947
v 44.71999741 28.47999954 24.31999969
v 44.79999924 28.47999954 24.39999962
v 44.79999924 28.39999962 24.47999954
v 44.79999924 28.39999962 28.63999939
v 44.79999924 28.47999954 28.71999931
v 44.79999924 28.63999939 24.23999977
v 44.79999924 28.55999947 24.31999969
v 44.79999924 28.55999947 28.79999924
v 44.79999924 28.63999939 28.87999916
v 44.71999741 28.79999924 24.15999985
v 44.79999924 28.79999924 24.23999977
v 44.79999924 28.79999924 28.87999916
v 44.79999924 28.95999908 24.07999992
v 44.79999924 28.87999916 24.15999985
v 44.71999741 28.95999908 28.95999908
v 44.79999924 28.95999908 28.87999916
v 44.79999924 29.11999893 24.07999992
v 44.71999741 29.11999893 28.95999908
v 44.79999924 29.11999893 28.87999916
v 44.79999924 29.27999878 24.07999992
v 44.71999741 29.27999878 28.95999908
v 44.79999924 29.27999878 28.87999916
v 44.71999741 29.43999863 24.00000000
v 44.79999924 29.43999863 24.07999992
v 44.71999741 29.43999863 28.95999908
v 44.79999924 29.43999863 28.87999916
v 44.71999741 29.59999847 24.00000000
v 44.79999924 29.59999847 24.07999992
v 44.71999741 29.59999847 28.95999908
v 44.79999924 29.59999847 28.87999916
v 44.71999741 29.76000023 24.00000000
v 44.79999924 29.76000023 24.07999992
v 44.71999741 29.76000023 28.95999908
v 44.79999924 29.76000023 28.87999916
v 44.79999924 29.92000008 24.07999992
v 44.71999741 29.92000008 28.95999908
v 44.79999924 29.92000008 28.87999916
v 44.79999924 30.00000000 24.15999985
v 44.71999741 30.07999992 24.15999985
v 44.79999924 30.07999992 24.23999977
v 44.79999924 30.07999992 28.87999916
v 44.79999924 30.23999977 24.23999977
v 44.79999924 30.15999985 28.79999924
v 44.79999924 30.23999977 28.71999931
v 44.79999924 30.31999969 24.31999969
v 44.71999741 30.39999962 24.31999969
v 44.79999924 30.39999962 24.39999962
v 44.79999924 30.39999962 28.71999931
v 44.71999741 30.55999947 24.47999954
v 44.79999924 30.47999954 24.47999954
v 44.79999924 30.55999947 24.55999947
v 44.79999924 30.55999947 28.71999931
v 44.79999924 30.71999931 24.55999947
v 44.79999924 30.71999931 28.71999931
v 44.79999924 30.79999924 24.63999939
v 44.71999741 30.87999916 24.79999924
v 44.79999924 30.79999924 24.79999924
v 44.79999924 30.87999916 24.87999916
v 44.79999924 30.87999916 28.71999931
v 44.79999924 30.95999908 24.95999908
v 44.79999924 31.03999901 25.03999901
v 44.71999741 31.03999901 28.63999939
v 44.79999924 30.95999908 28.63999939
v 44.79999924 31.03999901 28.55999947
v 44.79999924 31.19999886 25.03999901
v 44.71999741 31.19999886 28.47999954
v 44.79999924 31.11999893 28.47999954
v 44.79999924 31.19999886 28.39999962
v 44.79999924 31.27999878 25.11999893
v 44.79999924 31.27999878 25.27999878
v 44.79999924 31.35999870 25.35999870
v 44.79999924 31.27999878 28.31999969
v 44.79999924 31.35999870 28.23999977
v 44.79999924 31.43999863 25.43999863
v 44.79999924 31.43999863 25.59999847
v 44.71999741 31.51999855 25.76000023
v 44.79999924 31.43999863 25.76000023
v 44.79999924 31.51999855 25.84000015
v 44.71999741 31.51999855 27.84000015
v 44.79999924 31.43999863 27.84000015
v 44.79999924 31.51999855 27.76000023
v 44.71999741 31.51999855 28.00000000
v 44.79999924 31.43999863 28.00000000
v 44.79999924 31.43999863 28.15999985
v 44.79999924 31.59999847 25.92000008
v 44.79999924 31.59999847 26.07999992
v 44.79999924 31.59999847 26.23999977
v 44.79999924 31.67999840 26.31999969
v 44.71999741 31.67999840 27.51999855
v 44.79999924 31.59999847 27.51999855
v 44.79999924 31.67999840 27.43999863
v 44.79999924 31.59999847 27.68000031
v 44.79999924 31.76000023 26.39999962
v 44.79999924 31.76000023 26.55999947
v 44.79999924 31.76000023 26.71999931
v 44.79999924 31.76000023 26.87999916
v 44.79999924 31.76000023 27.03999901
v 44.79999924 31.76000023 27.19999886
v 44.79999924 31.76000023 27.35999870
v 44.95999908 28.00000000 25.03999901
v 44.95999908 27.92000008 25.11999893
v 44.95999908 27.92000008 25.27999878
v 44.95999908 27.92000008 25.43999863
v 44.95999908 27.92000008 25.59999847
v 44.95999908 27.92000008 25.76000023
v 44.95999908 28.00000000 25.84000015
v 44.87999725 28.00000000 26.55999947
v 44.87999725 28.00000000 26.71999931
v 44.87999725 28.00000000 26.87999916
v 44.87999725 28.00000000 27.03999901
v 44.87999725 28.00000000 27.19999886
v 44.87999725 28.15999985 24.63999939
v 44.95999908 28.15999985 24.71999931
v 44.95999908 28.07999992 24.79999924
v 44.95999908 28.07999992 24.95999908
v 44.95999908 28.07999992 25.92000008
v 44.95999908 28.07999992 26.07999992
v 44.95999908 28.07999992 26.23999977
v 44.95999908 28.07999992 26.39999962
v 44.95999908 28.07999992 26.55999947
v 44.95999908 28.07999992 26.71999931
v 44.95999908 28.07999992 26.87999916
v 44.95999908 28.07999992 27.03999901
v 44.95999908 28.07999992 27.19999886
v 44.95999908 28.07999992 27.35999870
v 44.95999908 28.07999992 27.51999855
v 44.95999908 28.07999992 27.68000031
v 44.95999908 28.07999992 27.84000015
v 44.95999908 28.07999992 28.00000000
v 44.87999725 28.15999985 28.15999985
v 44.95999908 28.15999985 28.07999992
v 44.87999725 28.15999985 28.31999969
v 44.95999908 28.31999969 24.55999947
v 44.95999908 28.23999977 24.63999939
v 44.95999908 28.23999977 28.15999985
v 44.95999908 28.23999977 28.31999969
v 44.87999725 28.31999969 28.47999954
v 44.95999908 28.31999969 28.39999962
v 44.87999725 28.47999954 24.47999954
v 44.95999908 28.47999954 24.55999947
v 44.95999908 28.39999962 28.47999954
v 44.95999908 28.39999962 28.63999939
v 44.95999908 28.47999954 28.71999931
v 44.95999908 28.63999939 24.23999977
v 44.95999908 28.55999947 24.31999969
v 44.95999908 28.55999947 24.47999954
v 44.87999725 28.63999939 28.79999924
v 44.95999908 28.63999939 28.71999931
v 44.95999908 28.79999924 24.23999977
v 44.87999725 28.79999924 28.79999924
v 44.95999908 28.79999924 28.71999931
v 44.87999725 28.95999908 24.15999985
v 44.95999908 28.95999908 24.23999977
v 44.95999908 28.87999916 28.79999924
v 44.95999908 28.95999908 28.87999916
v 44.95999908 29.11999893 24.07999992
v 44.95999908 29.03999901 24.15999985
v 44.95999908 29.11999893 28.87999916
v 44.95999908 29.27999878 24.07999992
v 44.95999908 29.27999878 28.87999916
v 44.95999908 29.43999863 24.07999992
v 44.95999908 29.43999863 28.87999916
v 44.95999908 29.59999847 24.07999992
v 44.95999908 29.59999847 28.87999916
v 44.95999908 29.76000023 24.07999992
v 44.95999908 29.76000023 28.87999916
v 44.95999908 29.92000008 24.07999992
v 44.95999908 29.92000008 28.87999916
v 44.95999908 30.00000000 24.15999985
v 44.95999908 30.07999992 24.23999977
v 44.95999908 30.07999992 28.87999916
v 44.95999908 30.23999977 24.23999977
v 44.95999908 30.15999985 28.79999924
v 44.95999908 30.23999977 28.71999931
v 44.95999908 30.31999969 24.31999969
v 44.95999908 30.39999962 24.39999962
v 44.95999908 30.39999962 28.71999931
v 44.95999908 30.47999954 24.47999954
v 44.95999908 30.55999947 24.55999947
v 44.95999908 30.55999947 28.71999931
v 44.95999908 30.63999939 24.63999939
v 44.87999725 30.71999931 24.63999939
v 44.95999908 30.71999931 24.71999931
v 44.95999908 30.71999931 28.71999931
v 44.95999908 30.79999924 24.79999924
v 44.95999908 30.87999916 24.87999916
v 44.87999725 30.87999916 28.63999939
v 44.95999908 30.79999924 28.63999939
v 44.95999908 30.87999916 28.55999947
v 44.95999908 30.95999908 24.95999908
v 44.95999908 31.03999901 25.03999901
v 44.95999908 31.03999901 28.55999947
v 44.95999908 31.11999893 25.11999893
v 44.87999725 31.19999886 25.11999893
v 44.95999908 31.19999886 25.19999886
v 44.95999908 31.11999893 28.47999954
v 44.95999908 31.19999886 28.39999962
v 44.95999908 31.27999878 25.27999878
v 44.95999908 31.35999870 25.35999870
v 44.95999908 31.27999878 28.31999969
v 44.95999908 31.35999870 28.23999977
v 44.95999908 31.43999863 25.43999863
v 44.95999908 31.43999863 25.59999847
v 44.95999908 31.43999863 25.76000023
v 44.87999725 31.51999855 25.92000008
v 44.95999908 31.43999863 25.92000008
v 44.95999908 31.51999855 26.00000000
v 44.87999725 31.51999855 27.68000031
v 44.95999908 31.43999863 27.68000031
v 44.95999908 31.51999855 27.59999847
v 44.95999908 31.43999863 27.84000015
v 44.95999908 31.43999863 28.00000000
v 44.95999908 31.43999863 28.15999985
v 44.95999908 31.59999847 26.07999992
v 44.95999908 31.59999847 26.23999977
v 44.87999725 31.67999840 26.39999962
v 44.95999908 31.59999847 26.39999962
v 44.95999908 31.67999840 26.47999954
v 44.87999725 31.67999840 27.03999901
v 44.95999908 31.59999847 27.03999901
v 44.95999908 31.67999840 26.95999908
v 44.87999725 31.67999840 27.19999886
v 44.95999908 31.59999847 27.19999886
v 44.87999725 31.67999840 27.35999870
v 44.95999908 31.59999847 27.35999870
v 44.95999908 31.59999847 27.51999855
v 44.95999908 31.76000023 26.55999947
v 44.95999908 31.76000023 26.71999931
v 44.95999908 31.76000023 26.87999916
v 45.03999710 28.00000000 25.11999893
v 45.03999710 28.00000000 25.27999878
v 45.03999710 28.00000000 25.43999863
v 45.03999710 28.00000000 25.59999847
v 45.03999710 28.00000000 25.76000023
v 45.03999710 28.15999985 24.79999924
v 45.11999893 28.15999985 24.87999916
v 45.11999893 28.07999992 24.95999908
v 45.11999893 28.07999992 25.11999893
v 45.11999893 28.07999992 25.27999878
v 45.11999893 28.07999992 25.43999863
v 45.11999893 28.07999992 25.59999847
v 45.11999893 28.07999992 25.76000023
v 45.11999893 28.07999992 25.92000008
v 45.11999893 28.07999992 26.07999992
v 45.11999893 28.07999992 26.23999977
v 45.11999893 28.07999992 26.39999962
v 45.11999893 28.07999992 26.55999947
v 45.11999893 28.07999992 26.71999931
v 45.11999893 28.07999992 26.87999916
v 45.11999893 28.07999992 27.03999901
v 45.11999893 28.07999992 27.19999886
v 45.11999893 28.07999992 27.35999870
v 45.11999893 28.07999992 27.51999855
v 45.11999893 28.07999992 27.68000031
v 45.11999893 28.07999992 27.84000015
v 45.03999710 28.15999985 28.00000000
v 45.11999893 28.15999985 27.92000008
v 45.11999893 28.31999969 24.55999947
v 45.11999893 28.23999977 24.63999939
v 45.11999893 28.23999977 24.79999924
v 45.11999893 28.23999977 28.00000000
v 45.11999893 28.23999977 28.15999985
v 45.03999710 28.31999969 28.31999969
v 45.11999893 28.31999969 28.23999977
v 45.11999893 28.47999954 24.55999947
v 45.11999893 28.39999962 28.31999969
v 45.11999893 28.39999962 28.47999954
v 45.03999710 28.47999954 28.63999939
v 45.11999893 28.47999954 28.55999947
v 45.03999710 28.63999939 24.31999969
v 45.11999893 28.63999939 24.39999962
v 45.11999893 28.55999947 24.47999954
v 45.03999710 28.63999939 28.63999939
v 45.11999893 28.63999939 28.55999947
v 45.11999893 28.79999924 24.23999977
v 45.11999893 28.71999931 24.31999969
v 45.11999893 28.71999931 28.63999939
v 45.11999893 28.79999924 28.71999931
v 45.11999893 28.95999908 24.23999977
v 45.03999710 28.95999908 28.79999924
v 45.11999893 28.95999908 28.71999931
v 45.03999710 29.11999893 24.15999985
v 45.11999893 29.11999893 24.23999977
v 45.03999710 29.11999893 28.79999924
v 45.11999893 29.11999893 28.71999931
v 45.03999710 29.27999878 24.15999985
v 45.11999893 29.27999878 24.23999977
v 45.03999710 29.27999878 28.79999924
v 45.11999893 29.27999878 28.71999931
v 45.03999710 29.43999863 24.15999985
v 45.11999893 29.43999863 24.23999977
v 45.11999893 29.35999870 28.79999924
v 45.11999893 29.43999863 28.87999916
v 45.03999710 29.59999847 24.15999985
v 45.11999893 29.59999847 24.23999977
v 45.11999893 29.59999847 28.87999916
v 45.03999710 29.76000023 24.15999985
v 45.11999893 29.76000023 24.23999977
v 45.11999893 29.76000023 28.87999916
v 45.03999710 29.92000008 24.15999985
v 45.11999893 29.92000008 24.23999977
v 45.11999893 29.92000008 28.87999916
v 45.11999893 30.07999992 24.23999977
v 45.11999893 30.07999992 28.87999916
v 45.11999893 30.23999977 24.23999977
v 45.11999893 30.15999985 28.79999924
v 45.11999893 30.23999977 28.71999931
v 45.11999893 30.31999969 24.31999969
v 45.11999893 30.39999962 24.39999962
v 45.03999710 30.39999962 28.63999939
v 45.11999893 30.31999969 28.63999939
v 45.11999893 30.39999962 28.55999947
v 45.11999893 30.47999954 24.47999954
v 45.03999710 30.55999947 24.63999939
v 45.11999893 30.47999954 24.63999939
v 45.11999893 30.55999947 24.71999931
v 45.03999710 30.55999947 28.63999939
v 45.11999893 30.55999947 28.55999947
v 45.11999893 30.71999931 24.71999931
v 45.03999710 30.71999931 28.63999939
v 45.11999893 30.71999931 28.55999947
v 45.11999893 30.79999924 24.79999924
v 45.11999893 30.87999916 24.87999916
v 45.03999710 30.87999916 28.47999954
v 45.11999893 30.79999924 28.47999954
v 45.11999893 30.87999916 28.39999962
v 45.11999893 30.95999908 24.95999908
v 45.11999893 31.03999901 25.03999901
v 45.03999710 31.03999901 28.47999954
v 45.11999893 31.03999901 28.39999962
v 45.11999893 31.11999893 25.11999893
v 45.11999893 31.19999886 25.19999886
v 45.03999710 31.19999886 28.31999969
v 45.11999893 31.11999893 28.31999969
v 45.11999893 31.19999886 28.23999977
v 45.11999893 31.27999878 25.27999878
v 45.03999710 31.35999870 25.43999863
v 45.11999893 31.27999878 25.43999863
v 45.11999893 31.35999870 25.51999855
v 45.03999710 31.35999870 27.84000015
v 45.11999893 31.27999878 27.84000015
v 45.11999893 31.35999870 27.76000023
v 45.03999710 31.35999870 28.00000000
v 45.11999893 31.27999878 28.00000000
v 45.03999710 31.35999870 28.15999985
v 45.11999893 31.27999878 28.15999985
v 45.11999893 31.43999863 25.59999847
v 45.11999893 31.43999863 25.76000023
v 45.11999893 31.43999863 25.92000008
v 45.03999710 31.51999855 26.07999992
v 45.11999893 31.43999863 26.07999992
v 45.11999893 31.51999855 26.15999985
v 45.03999710 31.51999855 27.51999855
v 45.11999893 31.43999863 27.51999855
v 45.11999893 31.51999855 27.43999863
v 45.11999893 31.43999863 27.68000031
v 45.11999893 31.59999847 26.23999977
v 45.11999893 31.59999847 26.39999962
v 45.11999893 31.67999840 26.47999954
v 45.11999893 31.59999847 27.03999901
v 45.11999893 31.67999840 26.95999908
v 45.11999893 31.59999847 27.19999886
v 45.11999893 31.59999847 27.35999870
v 45.11999893 31.76000023 26.55999947
v 45.11999893 31.76000023 26.71999931
v 45.11999893 31.76000023 26.87999916
v 45.20000076 28.15999985 24.95999908
v 45.20000076 28.15999985 25.11999893
v 45.20000076 28.15999985 25.27999878
v 45.20000076 28.15999985 25.43999863
v 45.20000076 28.15999985 25.59999847
v 45.27999878 28.15999985 25.68000031
v 45.27999878 28.07999992 25.76000023
v 45.27999878 28.07999992 25.92000008
v 45.27999878 28.07999992 26.07999992
v 45.27999878 28.07999992 26.23999977
v 45.27999878 28.07999992 26.39999962
v 45.27999878 28.07999992 26.55999947
v 45.27999878 28.07999992 26.71999931
v 45.27999878 28.07999992 26.87999916
v 45.27999878 28.07999992 27.03999901
v 45.27999878 28.07999992 27.19999886
v 45.20000076 28.15999985 27.35999870
v 45.27999878 28.15999985 27.27999878
v 45.20000076 28.15999985 27.51999855
v 45.20000076 28.15999985 27.68000031
v 45.20000076 28.15999985 27.84000015
v 45.20000076 28.31999969 24.63999939
v 45.20000076 28.31999969 24.79999924
v 45.20000076 28.31999969 24.95999908
v 45.27999878 28.31999969 25.03999901
v 45.27999878 28.23999977 25.11999893
v 45.27999878 28.23999977 25.27999878
v 45.27999878 28.23999977 25.43999863
v 45.27999878 28.23999977 25.59999847
v 45.27999878 28.23999977 27.35999870
v 45.27999878 28.23999977 27.51999855
v 45.27999878 28.23999977 27.68000031
v 45.27999878 28.23999977 27.84000015
v 45.27999878 28.23999977 28.00000000
v 45.20000076 28.31999969 28.15999985
v 45.27999878 28.31999969 28.07999992
v 45.20000076 28.47999954 24.63999939
v 45.27999878 28.47999954 24.71999931
v 45.27999878 28.39999962 24.79999924
v 45.27999878 28.39999962 24.95999908
v 45.27999878 28.39999962 28.15999985
v 45.27999878 28.39999962 28.31999969
v 45.20000076 28.47999954 28.47999954
v 45.27999878 28.47999954 28.39999962
v 45.20000076 28.63999939 24.47999954
v 45.27999878 28.63999939 24.55999947
v 45.27999878 28.55999947 24.63999939
v 45.27999878 28.55999947 28.47999954
v 45.27999878 28.63999939 28.55999947
v 45.20000076 28.79999924 24.31999969
v 45.27999878 28.79999924 24.39999962
v 45.27999878 28.71999931 24.47999954
v 45.20000076 28.79999924 28.63999939
v 45.27999878 28.79999924 28.55999947
v 45.20000076 28.95999908 24.31999969
v 45.27999878 28.95999908 24.39999962
v 45.27999878 28.87999916 28.63999939
v 45.27999878 28.95999908 28.71999931
v 45.27999878 29.11999893 24.23999977
v 45.27999878 29.03999901 24.31999969
v 45.27999878 29.11999893 28.71999931
v 45.27999878 29.27999878 24.23999977
v 45.27999878 29.27999878 28.71999931
v 45.27999878 29.43999863 24.23999977
v 45.20000076 29.43999863 28.79999924
v 45.27999878 29.43999863 28.71999931
v 45.27999878 29.59999847 24.23999977
v 45.20000076 29.59999847 28.79999924
v 45.27999878 29.59999847 28.71999931
v 45.27999878 29.76000023 24.23999977
v 45.20000076 29.76000023 28.79999924
v 45.27999878 29.76000023 28.71999931
v 45.27999878 29.92000008 24.23999977
v 45.20000076 29.92000008 28.79999924
v 45.27999878 29.92000008 28.71999931
v 45.27999878 30.07999992 24.23999977
v 45.20000076 30.07999992 28.79999924
v 45.27999878 30.07999992 28.71999931
v 45.27999878 30.15999985 24.31999969
v 45.20000076 30.23999977 24.31999969
v 45.27999878 30.23999977 24.39999962
v 45.20000076 30.23999977 28.63999939
v 45.27999878 30.15999985 28.63999939
v 45.27999878 30.23999977 28.55999947
v 45.27999878 30.39999962 24.39999962
v 45.27999878 30.39999962 28.55999947
v 45.27999878 30.47999954 24.47999954
v 45.27999878 30.47999954 24.63999939
v 45.27999878 30.55999947 24.71999931
v 45.20000076 30.55999947 28.47999954
v 45.27999878 30.47999954 28.47999954
v 45.27999878 30.55999947 28.39999962
v 45.27999878 30.63999939 24.79999924
v 45.20000076 30.71999931 24.79999924
v 45.27999878 30.71999931 24.87999916
v 45.20000076 30.71999931 28.47999954
v 45.27999878 30.71999931 28.39999962
v 45.27999878 30.87999916 24.87999916
v 45.27999878 30.87999916 28.39999962
v 45.27999878 30.95999908 24.95999908
v 45.27999878 31.03999901 25.03999901
v 45.20000076 31.03999901 28.31999969
v 45.27999878 30.95999908 28.31999969
v 45.27999878 31.03999901 28.23999977
v 45.27999878 31.11999893 25.11999893
v 45.20000076 31.19999886 25.27999878
v 45.27999878 31.11999893 25.27999878
v 45.27999878 31.19999886 25.35999870
v 45.27999878 31.19999886 28.23999977
v 45.27999878 31.27999878 25.43999863
v 45.20000076 31.35999870 25.59999847
v 45.27999878 31.27999878 25.59999847
v 45.20000076 31.35999870 25.76000023
v 45.27999878 31.27999878 25.76000023
v 45.20000076 31.35999870 25.92000008
v 45.27999878 31.27999878 25.92000008
v 45.27999878 31.35999870 26.00000000
v 45.27999878 31.27999878 27.84000015
v 45.27999878 31.35999870 27.76000023
v 45.27999878 31.27999878 28.00000000
v 45.27999878 31.27999878 28.15999985
v 45.27999878 31.43999863 26.07999992
v 45.20000076 31.51999855 26.23999977
v 45.27999878 31.43999863 26.23999977
v 45.20000076 31.51999855 26.39999962
v 45.27999878 31.43999863 26.39999962
v 45.27999878 31.51999855 26.47999954
v 45.27999878 31.43999863 27.51999855
v 45.27999878 31.51999855 27.43999863
v 45.27999878 31.43999863 27.68000031
v 45.20000076 31.67999840 26.55999947
v 45.27999878 31.59999847 26.55999947
v 45.20000076 31.67999840 26.71999931
v 45.27999878 31.59999847 26.71999931
v 45.20000076 31.67999840 26.87999916
v 45.27999878 31.59999847 26.87999916
v 45.27999878 31.59999847 27.03999901
v 45.27999878 31.59999847 27.19999886
v 45.27999878 31.59999847 27.35999870
v 45.36000061 28.15999985 25.76000023
v 45.36000061 28.15999985 25.92000008
v 45.36000061 28.15999985 26.07999992
v 45.36000061 28.15999985 26.23999977
v 45.36000061 28.15999985 26.39999962
v 45.36000061 28.15999985 26.55999947
v 45.36000061 28.15999985 26.71999931
v 45.36000061 28.15999985 26.87999916
v 45.36000061 28.15999985 27.03999901
v 45.36000061 28.15999985 27.19999886
v 45.36000061 28.31999969 25.11999893
v 45.36000061 28.31999969 25.27999878
v 45.36000061 28.31999969 25.43999863
v 45.43999863 28.31999969 25.51999855
v 45.43999863 28.23999977 25.59999847
v 45.43999863 28.23999977 25.76000023
v 45.43999863 28.23999977 25.92000008
v 45.43999863 28.23999977 26.07999992
v 45.43999863 28.23999977 26.23999977
v 45.43999863 28.23999977 26.39999962
v 45.43999863 28.23999977 26.55999947
v 45.43999863 28.23999977 26.71999931
v 45.43999863 28.23999977 26.87999916
v 45.43999863 28.23999977 27.03999901
v 45.43999863 28.23999977 27.19999886
v 45.43999863 28.23999977 27.35999870
v 45.43999863 28.23999977 27.51999855
v 45.43999863 28.23999977 27.68000031
v 45.43999863 28.23999977 27.84000015
v 45.43999863 28.23999977 28.00000000
v 45.43999863 28.31999969 28.07999992
v 45.36000061 28.47999954 24.79999924
v 45.43999863 28.47999954 24.87999916
v 45.43999863 28.39999962 24.95999908
v 45.43999863 28.39999962 25.11999893
v 45.43999863 28.39999962 25.27999878
v 45.43999863 28.39999962 25.43999863
v 45.43999863 28.39999962 28.15999985
v 45.43999863 28.39999962 28.31999969
v 45.43999863 28.47999954 28.39999962
v 45.36000061 28.63999939 24.63999939
v 45.43999863 28.63999939 24.71999931
v 45.43999863 28.55999947 24.79999924
v 45.36000061 28.63999939 28.47999954
v 45.43999863 28.63999939 28.39999962
v 45.36000061 28.79999924 24.47999954
v 45.43999863 28.79999924 24.55999947
v 45.43999863 28.71999931 24.63999939
v 45.43999863 28.71999931 28.47999954
v 45.43999863 28.79999924 28.55999947
v 45.43999863 28.95999908 24.39999962
v 45.43999863 28.87999916 24.47999954
v 45.36000061 28.95999908 28.63999939
v 45.43999863 28.95999908 28.55999947
v 45.36000061 29.11999893 24.31999969
v 45.43999863 29.11999893 24.39999962
v 45.36000061 29.11999893 28.63999939
v 45.43999863 29.11999893 28.55999947
v 45.36000061 29.27999878 24.31999969
v 45.43999863 29.27999878 24.39999962
v 45.36000061 29.27999878 28.63999939
v 45.43999863 29.27999878 28.55999947
v 45.36000061 29.43999863 24.31999969
v 45.43999863 29.43999863 24.39999962
v 45.36000061 29.43999863 28.63999939
v 45.43999863 29.43999863 28.55999947
v 45.36000061 29.59999847 24.31999969
v 45.43999863 29.59999847 24.39999962
v 45.36000061 29.59999847 28.63999939
v 45.43999863 29.59999847 28.55999947
v 45.36000061 29.76000023 24.31999969
v 45.43999863 29.76000023 24.39999962
v 45.36000061 29.76000023 28.63999939
v 45.43999863 29.76000023 28.55999947
v 45.36000061 29.92000008 24.31999969
v 45.43999863 29.92000008 24.39999962
v 45.36000061 29.92000008 28.63999939
v 45.43999863 29.92000008 28.55999947
v 45.36000061 30.07999992 24.31999969
v 45.43999863 30.07999992 24.39999962
v 45.36000061 30.07999992 28.63999939
v 45.43999863 30.07999992 28.55999947
v 45.36000061 30.23999977 24.47999954
v 45.43999863 30.15999985 24.47999954
v 45.43999863 30.23999977 24.55999947
v 45.36000061 30.23999977 28.47999954
v 45.43999863 30.15999985 28.47999954
v 45.43999863 30.23999977 28.39999962
v 45.36000061 30.39999962 24.47999954
v 45.43999863 30.31999969 24.63999939
v 45.36000061 30.39999962 24.63999939
v 45.43999863 30.39999962 24.71999931
v 45.36000061 30.39999962 28.47999954
v 45.43999863 30.39999962 28.39999962
v 45.36000061 30.55999947 24.79999924
v 45.43999863 30.47999954 24.79999924
v 45.43999863 30.55999947 24.87999916
v 45.43999863 30.55999947 28.39999962
v 45.43999863 30.71999931 24.87999916
v 45.43999863 30.71999931 28.39999962
v 45.43999863 30.79999924 24.95999908
v 45.36000061 30.87999916 24.95999908
v 45.36000061 30.87999916 25.11999893
v 45.43999863 30.79999924 25.11999893
v 45.43999863 30.87999916 25.19999886
v 45.36000061 30.87999916 28.31999969
v 45.43999863 30.79999924 28.31999969
v 45.43999863 30.87999916 28.23999977
v 45.36000061 31.03999901 25.11999893
v 45.43999863 30.95999908 25.27999878
v 45.36000061 31.03999901 25.27999878
v 45.43999863 31.03999901 25.35999870
v 45.43999863 31.03999901 28.23999977
v 45.36000061 31.19999886 25.43999863
v 45.43999863 31.11999893 25.43999863
v 45.43999863 31.19999886 25.51999855
v 45.36000061 31.19999886 28.00000000
v 45.43999863 31.11999893 28.00000000
v 45.43999863 31.19999886 27.92000008
v 45.36000061 31.19999886 28.15999985
v 45.43999863 31.11999893 28.15999985
v 45.43999863 31.27999878 25.59999847
v 45.43999863 31.27999878 25.76000023
v 45.43999863 31.27999878 25.92000008
v 45.43999863 31.35999870 26.00000000
v 45.43999863 31.27999878 27.84000015
v 45.43999863 31.35999870 27.76000023
v 45.43999863 31.43999863 26.07999992
v 45.43999863 31.43999863 26.23999977
v 45.43999863 31.43999863 26.39999962
v 45.36000061 31.51999855 26.55999947
v 45.43999863 31.43999863 26.55999947
v 45.36000061 31.51999855 26.71999931
v 45.43999863 31.43999863 26.71999931
v 45.36000061 31.51999855 26.87999916
v 45.43999863 31.43999863 26.87999916
v 45.36000061 31.51999855 27.03999901
v 45.43999863 31.43999863 27.03999901
v 45.36000061 31.51999855 27.19999886
v 45.43999863 31.43999863 27.19999886
v 45.36000061 31.51999855 27.35999870
v 45.43999863 31.43999863 27.35999870
v 45.43999863 31.43999863 27.51999855
v 45.43999863 31.43999863 27.68000031
v 45.52000046 28.31999969 25.59999847
v 45.59999847 28.31999969 25.68000031
v 45.59999847 28.23999977 25.76000023
v 45.59999847 28.23999977 25.92000008
v 45.59999847 28.23999977 26.07999992
v 45.59999847 28.23999977 26.23999977
v 45.59999847 28.23999977 26.39999962
v 45.59999847 28.23999977 26.55999947
v 45.59999847 28.23999977 26.71999931
v 45.59999847 28.23999977 26.87999916
v 45.59999847 28.23999977 27.03999901
v 45.59999847 28.23999977 27.19999886
v 45.59999847 28.23999977 27.35999870
v 45.59999847 28.23999977 27.51999855
v 45.59999847 28.23999977 27.68000031
v 45.59999847 28.23999977 27.84000015
v 45.52000046 28.31999969 28.00000000
v 45.59999847 28.31999969 27.92000008
v 45.52000046 28.47999954 24.95999908
v 45.59999847 28.47999954 25.03999901
v 45.59999847 28.39999962 25.11999893
v 45.59999847 28.39999962 25.27999878
v 45.59999847 28.39999962 25.43999863
v 45.59999847 28.39999962 25.59999847
v 45.59999847 28.39999962 28.00000000
v 45.59999847 28.39999962 28.15999985
v 45.52000046 28.47999954 28.31999969
v 45.59999847 28.47999954 28.23999977
v 45.52000046 28.63999939 24.79999924
v 45.59999847 28.63999939 24.87999916
v 45.59999847 28.55999947 24.95999908
v 45.59999847 28.55999947 28.31999969
v 45.59999847 28.63999939 28.39999962
v 45.52000046 28.79999924 24.63999939
v 45.59999847 28.79999924 24.71999931
v 45.59999847 28.71999931 24.79999924
v 45.52000046 28.79999924 28.47999954
v 45.59999847 28.79999924 28.39999962
v 45.52000046 28.95999908 24.47999954
v 45.59999847 28.95999908 24.55999947
v 45.59999847 28.87999916 24.63999939
v 45.59999847 28.87999916 28.47999954
v 45.59999847 28.95999908 28.55999947
v 45.52000046 29.11999893 24.47999954
v 45.59999847 29.11999893 24.55999947
v 45.59999847 29.11999893 28.55999947
v 45.52000046 29.27999878 24.47999954
v 45.59999847 29.27999878 24.55999947
v 45.59999847 29.27999878 28.55999947
v 45.52000046 29.43999863 24.47999954
v 45.59999847 29.43999863 24.55999947
v 45.59999847 29.43999863 28.55999947
v 45.52000046 29.59999847 24.47999954
v 45.59999847 29.59999847 24.55999947
v 45.59999847 29.59999847 28.55999947
v 45.52000046 29.76000023 24.47999954
v 45.59999847 29.76000023 24.55999947
v 45.59999847 29.76000023 28.55999947
v 45.52000046 29.92000008 24.47999954
v 45.59999847 29.92000008 24.55999947
v 45.59999847 29.92000008 28.55999947
v 45.52000046 30.07999992 24.47999954
v 45.59999847 30.07999992 24.55999947
v 45.52000046 30.07999992 28.47999954
v 45.59999847 30.00000000 28.47999954
v 45.59999847 30.07999992 28.39999962
v 45.59999847 30.23999977 24.55999947
v 45.59999847 30.23999977 28.39999962
v 45.59999847 30.31999969 24.63999939
v 45.59999847 30.39999962 24.71999931
v 45.52000046 30.39999962 28.31999969
v 45.59999847 30.31999969 28.31999969
v 45.59999847 30.39999962 28.23999977
v 45.59999847 30.47999954 24.79999924
v 45.59999847 30.55999947 24.87999916
v 45.52000046 30.55999947 28.31999969
v 45.59999847 30.55999947 28.23999977
v 45.59999847 30.63999939 24.95999908
v 45.52000046 30.71999931 24.95999908
v 45.59999847 30.71999931 25.03999901
v 45.52000046 30.71999931 28.15999985
v 45.59999847 30.63999939 28.15999985
v 45.59999847 30.71999931 28.07999992
v 45.52000046 30.71999931 28.31999969
v 45.59999847 30.79999924 25.11999893
v 45.52000046 30.87999916 25.27999878
v 45.59999847 30.79999924 25.27999878
v 45.59999847 30.87999916 25.35999870
v 45.52000046 30.87999916 28.15999985
v 45.59999847 30.87999916 28.07999992
v 45.59999847 31.03999901 25.35999870
v 45.52000046 31.03999901 28.00000000
v 45.59999847 30.95999908 28.00000000
v 45.59999847 31.03999901 27.92000008
v 45.52000046 31.03999901 28.15999985
v 45.59999847 31.11999893 25.43999863
v 45.59999847 31.19999886 25.51999855
v 45.52000046 31.19999886 27.68000031
v 45.59999847 31.11999893 27.68000031
v 45.59999847 31.19999886 27.59999847
v 45.52000046 31.19999886 27.84000015
v 45.59999847 31.11999893 27.84000015
v 45.59999847 31.27999878 25.59999847
v 45.59999847 31.27999878 25.76000023
v 45.59999847 31.27999878 25.92000008
v 45.52000046 31.35999870 26.07999992
v 45.59999847 31.27999878 26.07999992
v 45.59999847 31.35999870 26.15999985
v 45.52000046 31.35999870 27.35999870
v 45.59999847 31.27999878 27.35999870
v 45.59999847 31.35999870 27.27999878
v 45.52000046 31.35999870 27.51999855
v 45.59999847 31.27999878 27.51999855
v 45.52000046 31.35999870 27.68000031
v 45.59999847 31.43999863 26.23999977
v 45.59999847 31.43999863 26.39999962
v 45.59999847 31.43999863 26.55999947
v 45.59999847 31.43999863 26.71999931
v 45.59999847 31.43999863 26.87999916
v 45.59999847 31.43999863 27.03999901
v 45.59999847 31.43999863 27.19999886
v 45.68000031 28.31999969 25.76000023
v 45.68000031 28.31999969 25.92000008
v 45.68000031 28.31999969 26.07999992
v 45.68000031 28.31999969 26.23999977
v 45.68000031 28.31999969 26.39999962
v 45.68000031 28.31999969 26.55999947
v 45.68000031 28.31999969 26.71999931
v 45.68000031 28.31999969 26.87999916
v 45.68000031 28.31999969 27.03999901
v 45.68000031 28.31999969 27.19999886
v 45.68000031 28.31999969 27.35999870
v 45.68000031 28.31999969 27.51999855
v 45.68000031 28.31999969 27.68000031
v 45.68000031 28.31999969 27.84000015
v 45.68000031 28.47999954 25.11999893
v 45.68000031 28.47999954 25.27999878
v 45.68000031 28.47999954 25.43999863
v 45.75999832 28.47999954 25.51999855
v 45.75999832 28.39999962 25.59999847
v 45.75999832 28.39999962 25.76000023
v 45.75999832 28.39999962 25.92000008
v 45.75999832 28.39999962 26.07999992
v 45.75999832 28.39999962 26.23999977
v 45.75999832 28.39999962 26.39999962
v 45.75999832 28.39999962 26.55999947
v 45.75999832 28.39999962 26.71999931
v 45.75999832 28.39999962 26.87999916
v 45.75999832 28.39999962 27.03999901
v 45.75999832 28.39999962 27.19999886
v 45.75999832 28.39999962 27.35999870
v 45.75999832 28.39999962 27.51999855
v 45.75999832 28.39999962 27.68000031
v 45.75999832 28.39999962 27.84000015
v 45.68000031 28.47999954 28.00000000
v 45.75999832 28.47999954 27.92000008
v 45.68000031 28.47999954 28.15999985
v 45.68000031 28.63999939 24.95999908
v 45.75999832 28.63999939 25.03999901
v 45.75999832 28.55999947 25.11999893
v 45.75999832 28.55999947 25.27999878
v 45.75999832 28.55999947 25.43999863
v 45.75999832 28.55999947 28.00000000
v 45.75999832 28.55999947 28.15999985
v 45.68000031 28.63999939 28.31999969
v 45.75999832 28.63999939 28.23999977
v 45.68000031 28.79999924 24.79999924
v 45.68000031 28.79999924 24.95999908
v 45.75999832 28.79999924 25.03999901
v 45.75999832 28.71999931 28.31999969
v 45.75999832 28.79999924 28.39999962
v 45.68000031 28.95999908 24.63999939
v 45.75999832 28.95999908 24.71999931
v 45.75999832 28.87999916 24.79999924
v 45.75999832 28.87999916 24.95999908
v 45.68000031 28.95999908 28.47999954
v 45.75999832 28.95999908 28.39999962
v 45.68000031 29.11999893 24.63999939
v 45.75999832 29.11999893 24.71999931
v 45.68000031 29.11999893 28.47999954
v 45.75999832 29.11999893 28.39999962
v 45.68000031 29.27999878 24.63999939
v 45.75999832 29.27999878 24.71999931
v 45.75999832 29.19999886 28.47999954
v 45.75999832 29.27999878 28.55999947
v 45.68000031 29.43999863 24.63999939
v 45.75999832 29.43999863 24.71999931
v 45.75999832 29.43999863 28.55999947
v 45.68000031 29.59999847 24.63999939
v 45.75999832 29.59999847 24.71999931
v 45.75999832 29.59999847 28.55999947
v 45.68000031 29.76000023 24.63999939
v 45.75999832 29.76000023 24.71999931
v 45.68000031 29.76000023 28.47999954
v 45.75999832 29.67999840 28.47999954
v 45.75999832 29.76000023 28.39999962
v 45.68000031 29.92000008 24.63999939
v 45.75999832 29.92000008 24.71999931
v 45.68000031 29.92000008 28.47999954
v 45.75999832 29.92000008 28.39999962
v 45.68000031 30.07999992 24.63999939
v 45.75999832 30.07999992 24.71999931
v 45.75999832 30.07999992 28.39999962
v 45.68000031 30.23999977 24.63999939
v 45.75999832 30.23999977 24.71999931
v 45.68000031 30.23999977 28.31999969
v 45.75999832 30.15999985 28.31999969
v 45.75999832 30.23999977 28.23999977
v 45.68000031 30.39999962 24.79999924
v 45.75999832 30.31999969 24.79999924
v 45.75999832 30.39999962 24.87999916
v 45.75999832 30.39999962 28.23999977
v 45.75999832 30.55999947 24.87999916
v 45.68000031 30.55999947 28.15999985
v 45.75999832 30.47999954 28.15999985
v 45.75999832 30.55999947 28.07999992
v 45.75999832 30.63999939 24.95999908
v 45.68000031 30.71999931 25.11999893
v 45.75999832 30.63999939 25.11999893
v 45.75999832 30.71999931 25.19999886
v 45.68000031 30.71999931 28.00000000
v 45.75999832 30.63999939 28.00000000
v 45.75999832 30.71999931 27.92000008
v 45.75999832 30.79999924 25.27999878
v 45.75999832 30.87999916 25.35999870
v 45.68000031 30.87999916 28.00000000
v 45.75999832 30.87999916 27.92000008
v 45.75999832 31.03999901 25.35999870
v 45.75999832 31.03999901 27.92000008
v 45.75999832 31.11999893 25.43999863
v 45.68000031 31.19999886 25.59999847
v 45.75999832 31.11999893 25.59999847
v 45.68000031 31.19999886 25.76000023
v 45.75999832 31.11999893 25.76000023
v 45.68000031 31.19999886 25.92000008
v 45.75999832 31.11999893 25.92000008
v 45.75999832 31.19999886 26.00000000
v 45.68000031 31.19999886 27.35999870
v 45.75999832 31.11999893 27.35999870
v 45.75999832 31.19999886 27.27999878
v 45.68000031 31.19999886 27.51999855
v 45.75999832 31.11999893 27.51999855
v 45.75999832 31.11999893 27.68000031
v 45.75999832 31.11999893 27.84000015
v 45.75999832 31.27999878 26.07999992
v 45.68000031 31.35999870 26.23999977
v 45.75999832 31.27999878 26.23999977
v 45.68000031 31.35999870 26.39999962
v 45.75999832 31.27999878 26.39999962
v 45.68000031 31.35999870 26.55999947
v 45.75999832 31.27999878 26.55999947
v 45.68000031 31.35999870 26.71999931
v 45.75999832 31.27999878 26.71999931
v 45.68000031 31.35999870 26.87999916
v 45.75999832 31.27999878 26.87999916
v 45.68000031 31.35999870 27.03999901
v 45.75999832 31.27999878 27.03999901
v 45.68000031 31.35999870 27.19999886
v 45.75999832 31.27999878 27.19999886
v 45.84000015 28.47999954 25.59999847
v 45.84000015 28.47999954 25.76000023
v 45.84000015 28.47999954 25.92000008
v 45.84000015 28.47999954 26.07999992
v 45.84000015 28.47999954 26.23999977
v 45.84000015 28.47999954 26.39999962
v 45.84000015 28.47999954 26.55999947
v 45.84000015 28.47999954 26.71999931
v 45.84000015 28.47999954 26.87999916
v 45.84000015 28.47999954 27.03999901
v 45.84000015 28.47999954 27.19999886
v 45.84000015 28.47999954 27.35999870
v 45.84000015 28.47999954 27.51999855
v 45.84000015 28.47999954 27.68000031
v 45.84000015 28.47999954 27.84000015
v 45.84000015 28.63999939 25.11999893
v 45.84000015 28.63999939 25.27999878
v 45.84000015 28.63999939 25.43999863
v 45.91999817 28.63999939 25.51999855
v 45.91999817 28.55999947 25.59999847
v 45.91999817 28.55999947 25.76000023
v 45.91999817 28.55999947 25.92000008
v 45.91999817 28.55999947 26.07999992
v 45.91999817 28.55999947 26.23999977
v 45.91999817 28.55999947 26.39999962
v 45.91999817 28.55999947 26.55999947
v 45.91999817 28.55999947 26.71999931
v 45.91999817 28.55999947 26.87999916
v 45.91999817 28.55999947 27.03999901
v 45.91999817 28.55999947 27.19999886
v 45.91999817 28.55999947 27.35999870
v 45.91999817 28.55999947 27.51999855
v 45.91999817 28.55999947 27.68000031
v 45.91999817 28.55999947 27.84000015
v 45.91999817 28.55999947 28.00000000
v 45.84000015 28.63999939 28.15999985
v 45.91999817 28.63999939 28.07999992
v 45.84000015 28.79999924 25.11999893
v 45.91999817 28.79999924 25.19999886
v 45.91999817 28.71999931 25.27999878
v 45.91999817 28.71999931 25.43999863
v 45.91999817 28.71999931 28.15999985
v 45.84000015 28.79999924 28.31999969
v 45.91999817 28.79999924 28.23999977
v 45.84000015 28.95999908 24.79999924
v 45.84000015 28.95999908 24.95999908
v 45.91999817 28.95999908 25.03999901
v 45.91999817 28.87999916 25.11999893
v 45.91999817 28.87999916 28.31999969
v 45.91999817 28.95999908 28.39999962
v 45.84000015 29.11999893 24.79999924
v 45.91999817 29.11999893 24.87999916
v 45.91999817 29.03999901 24.95999908
v 45.91999817 29.11999893 28.39999962
v 45.84000015 29.27999878 24.79999924
v 45.91999817 29.27999878 24.87999916
v 45.84000015 29.27999878 28.47999954
v 45.91999817 29.27999878 28.39999962
v 45.84000015 29.43999863 24.79999924
v 45.91999817 29.43999863 24.87999916
v 45.84000015 29.43999863 28.47999954
v 45.91999817 29.43999863 28.39999962
v 45.84000015 29.59999847 24.79999924
v 45.91999817 29.59999847 24.87999916
v 45.84000015 29.59999847 28.47999954
v 45.91999817 29.59999847 28.39999962
v 45.84000015 29.76000023 24.79999924
v 45.91999817 29.76000023 24.87999916
v 45.84000015 29.76000023 28.31999969
v 45.91999817 29.67999840 28.31999969
v 45.91999817 29.76000023 28.23999977
v 45.84000015 29.92000008 24.79999924
v 45.91999817 29.92000008 24.87999916
v 45.84000015 29.92000008 28.31999969
v 45.91999817 29.92000008 28.23999977
v 45.84000015 30.07999992 24.79999924
v 45.91999817 30.07999992 24.87999916
v 45.84000015 30.07999992 28.31999969
v 45.91999817 30.07999992 28.23999977
v 45.84000015 30.23999977 24.79999924
v 45.91999817 30.23999977 24.87999916
v 45.91999817 30.23999977 28.23999977
v 45.84000015 30.39999962 24.95999908
v 45.91999817 30.31999969 24.95999908
v 45.91999817 30.39999962 25.03999901
v 45.84000015 30.39999962 28.15999985
v 45.91999817 30.31999969 28.15999985
v 45.91999817 30.39999962 28.07999992
v 45.84000015 30.55999947 24.95999908
v 45.91999817 30.55999947 25.03999901
v 45.84000015 30.55999947 28.00000000
v 45.91999817 30.47999954 28.00000000
v 45.91999817 30.55999947 27.92000008
v 45.91999817 30.63999939 25.11999893
v 45.84000015 30.71999931 25.27999878
v 45.91999817 30.63999939 25.27999878
v 45.91999817 30.71999931 25.35999870
v 45.91999817 30.71999931 27.92000008
v 45.84000015 30.87999916 25.43999863
v 45.91999817 30.79999924 25.43999863
v 45.84000015 30.87999916 25.59999847
v 45.91999817 30.79999924 25.59999847
v 45.91999817 30.87999916 25.68000031
v 45.91999817 30.87999916 27.92000008
v 45.84000015 31.03999901 25.43999863
v 45.84000015 31.03999901 25.59999847
v 45.91999817 30.95999908 25.76000023
v 45.84000015 31.03999901 25.76000023
v 45.91999817 31.03999901 25.84000015
v 45.84000015 31.03999901 27.35999870
v 45.91999817 30.95999908 27.35999870
v 45.91999817 31.03999901 27.27999878
v 45.84000015 31.03999901 27.51999855
v 45.91999817 30.95999908 27.51999855
v 45.84000015 31.03999901 27.68000031
v 45.91999817 30.95999908 27.68000031
v 45.84000015 31.03999901 27.84000015
v 45.91999817 30.95999908 27.84000015
v 45.91999817 31.11999893 25.92000008
v 45.84000015 31.19999886 26.07999992
v 45.91999817 31.11999893 26.07999992
v 45.84000015 31.19999886 26.23999977
v 45.91999817 31.11999893 26.23999977
v 45.84000015 31.19999886 26.39999962
v 45.91999817 31.11999893 26.39999962
v 45.84000015 31.19999886 26.55999947
v 45.91999817 31.11999893 26.55999947
v 45.84000015 31.19999886 26.71999931
v 45.91999817 31.11999893 26.71999931
v 45.84000015 31.19999886 26.87999916
v 45.91999817 31.11999893 26.87999916
v 45.84000015 31.19999886 27.03999901
v 45.91999817 31.11999893 27.03999901
v 45.84000015 31.19999886 27.19999886
v 45.91999817 31.11999893 27.19999886
v 46.00000000 28.63999939 25.59999847
v 46.00000000 28.63999939 25.76000023
v 46.00000000 28.63999939 25.92000008
v 46.00000000 28.63999939 26.07999992
v 46.07999802 28.63999939 26.15999985
v 46.07999802 28.55999947 26.23999977
v 46.07999802 28.55999947 26.39999962
v 46.07999802 28.55999947 26.55999947
v 46.07999802 28.55999947 26.71999931
v 46.07999802 28.55999947 26.87999916
v 46.07999802 28.55999947 27.03999901
v 46.07999802 28.55999947 27.19999886
v 46.07999802 28.55999947 27.35999870
v 46.07999802 28.55999947 27.51999855
v 46.00000000 28.63999939 27.68000031
v 46.07999802 28.63999939 27.59999847
v 46.00000000 28.63999939 27.84000015
v 46.00000000 28.63999939 28.00000000
v 46.00000000 28.79999924 25.27999878
v 46.00000000 28.79999924 25.43999863
v 46.00000000 28.79999924 25.59999847
v 46.07999802 28.79999924 25.68000031
v 46.07999802 28.71999931 25.76000023
v 46.07999802 28.71999931 25.92000008
v 46.07999802 28.71999931 26.07999992
v 46.07999802 28.71999931 27.68000031
v 46.07999802 28.71999931 27.84000015
v 46.07999802 28.79999924 27.92000008
v 46.00000000 28.79999924 28.00000000
v 46.00000000 28.79999924 28.15999985
v 46.00000000 28.95999908 25.11999893
v 46.00000000 28.95999908 25.27999878
v 46.07999802 28.95999908 25.35999870
v 46.07999802 28.87999916 25.43999863
v 46.07999802 28.87999916 25.59999847
v 46.07999802 28.87999916 28.00000000
v 46.07999802 28.87999916 28.15999985
v 46.00000000 28.95999908 28.31999969
v 46.07999802 28.95999908 28.23999977
v 46.00000000 29.11999893 24.95999908
v 46.00000000 29.11999893 25.11999893
v 46.07999802 29.11999893 25.19999886
v 46.07999802 29.03999901 25.27999878
v 46.00000000 29.11999893 28.31999969
v 46.07999802 29.11999893 28.23999977
v 46.00000000 29.27999878 24.95999908
v 46.00000000 29.27999878 25.11999893
v 46.07999802 29.27999878 25.19999886
v 46.00000000 29.27999878 28.31999969
v 46.07999802 29.27999878 28.23999977
v 46.00000000 29.43999863 24.95999908
v 46.07999802 29.43999863 25.03999901
v 46.07999802 29.35999870 25.11999893
v 46.00000000 29.43999863 28.31999969
v 46.07999802 29.43999863 28.23999977
v 46.00000000 29.59999847 24.95999908
v 46.07999802 29.59999847 25.03999901
v 46.00000000 29.59999847 28.31999969
v 46.07999802 29.59999847 28.23999977
v 46.00000000 29.76000023 24.95999908
v 46.07999802 29.76000023 25.03999901
v 46.07999802 29.76000023 28.23999977
v 46.00000000 29.92000008 24.95999908
v 46.07999802 29.92000008 25.03999901
v 46.07999802 29.92000008 28.23999977
v 46.00000000 30.07999992 24.95999908
v 46.07999802 30.07999992 25.03999901
v 46.00000000 30.07999992 28.15999985
v 46.07999802 30.00000000 28.15999985
v 46.07999802 30.07999992 28.07999992
v 46.00000000 30.23999977 24.95999908
v 46.07999802 30.15999985 25.11999893
v 46.00000000 30.23999977 25.11999893
v 46.07999802 30.23999977 25.19999886
v 46.00000000 30.23999977 28.15999985
v 46.07999802 30.23999977 28.07999992
v 46.00000000 30.39999962 25.11999893
v 46.07999802 30.31999969 25.27999878
v 46.00000000 30.39999962 25.27999878
v 46.07999802 30.39999962 25.35999870
v 46.00000000 30.39999962 28.00000000
v 46.07999802 30.31999969 28.00000000
v 46.07999802 30.39999962 27.92000008
v 46.00000000 30.55999947 25.11999893
v 46.00000000 30.55999947 25.27999878
v 46.07999802 30.55999947 25.35999870
v 46.00000000 30.55999947 27.84000015
v 46.07999802 30.47999954 27.84000015
v 46.07999802 30.55999947 27.76000023
v 46.00000000 30.71999931 25.43999863
v 46.07999802 30.63999939 25.43999863
v 46.00000000 30.71999931 25.59999847
v 46.07999802 30.63999939 25.59999847
v 46.07999802 30.71999931 25.68000031
v 46.00000000 30.71999931 27.84000015
v 46.07999802 30.71999931 27.76000023
v 46.00000000 30.87999916 25.76000023
v 46.07999802 30.79999924 25.76000023
v 46.07999802 30.87999916 25.84000015
v 46.00000000 30.87999916 27.35999870
v 46.07999802 30.79999924 27.35999870
v 46.07999802 30.87999916 27.27999878
v 46.00000000 30.87999916 27.51999855
v 46.07999802 30.79999924 27.51999855
v 46.00000000 30.87999916 27.68000031
v 46.07999802 30.79999924 27.68000031
v 46.00000000 30.87999916 27.84000015
v 46.00000000 31.03999901 25.92000008
v 46.07999802 30.95999908 25.92000008
v 46.00000000 31.03999901 26.07999992
v 46.07999802 30.95999908 26.07999992
v 46.00000000 31.03999901 26.23999977
v 46.07999802 30.95999908 26.23999977
v 46.00000000 31.03999901 26.39999962
v 46.07999802 30.95999908 26.39999962
v 46.00000000 31.03999901 26.55999947
v 46.07999802 30.95999908 26.55999947
v 46.00000000 31.03999901 26.71999931
v 46.07999802 30.95999908 26.71999931
v 46.00000000 31.03999901 26.87999916
v 46.07999802 30.95999908 26.87999916
v 46.00000000 31.03999901 27.03999901
v 46.07999802 30.95999908 27.03999901
v 46.00000000 31.03999901 27.19999886
v 46.07999802 30.95999908 27.19999886
v 46.15999985 28.63999939 26.23999977
v 46.15999985 28.63999939 26.39999962
v 46.15999985 28.63999939 26.55999947
v 46.15999985 28.63999939 26.71999931
v 46.15999985 28.63999939 26.87999916
v 46.15999985 28.63999939 27.03999901
v 46.15999985 28.63999939 27.19999886
v 46.15999985 28.63999939 27.35999870
v 46.15999985 28.63999939 27.51999855
v 46.15999985 28.79999924 25.76000023
v 46.15999985 28.79999924 25.92000008
v 46.15999985 28.79999924 26.07999992
v 46.23999786 28.79999924 26.15999985
v 46.23999786 28.71999931 26.23999977
v 46.23999786 28.71999931 26.39999962
v 46.23999786 28.71999931 26.55999947
v 46.23999786 28.71999931 26.71999931
v 46.23999786 28.71999931 26.87999916
v 46.23999786 28.71999931 27.03999901
v 46.23999786 28.71999931 27.19999886
v 46.23999786 28.79999924 27.27999878
v 46.15999985 28.79999924 27.35999870
v 46.15999985 28.79999924 27.51999855
v 46.15999985 28.79999924 27.68000031
v 46.15999985 28.79999924 27.84000015
v 46.15999985 28.95999908 25.43999863
v 46.15999985 28.95999908 25.59999847
v 46.15999985 28.95999908 25.76000023
v 46.23999786 28.95999908 25.84000015
v 46.23999786 28.87999916 25.92000008
v 46.23999786 28.87999916 26.07999992
v 46.23999786 28.87999916 27.35999870
v 46.23999786 28.87999916 27.51999855
v 46.23999786 28.87999916 27.68000031
v 46.23999786 28.87999916 27.84000015
v 46.15999985 28.95999908 28.00000000
v 46.23999786 28.95999908 27.92000008
v 46.15999985 28.95999908 28.15999985
v 46.15999985 29.11999893 25.27999878
v 46.15999985 29.11999893 25.43999863
v 46.23999786 29.11999893 25.51999855
v 46.23999786 29.03999901 25.59999847
v 46.23999786 29.03999901 25.76000023
v 46.15999985 29.11999893 28.00000000
v 46.23999786 29.11999893 27.92000008
v 46.15999985 29.11999893 28.15999985
v 46.15999985 29.27999878 25.27999878
v 46.15999985 29.27999878 25.43999863
v 46.23999786 29.27999878 25.51999855
v 46.23999786 29.19999886 28.00000000
v 46.23999786 29.27999878 28.07999992
v 46.15999985 29.27999878 28.15999985
v 46.15999985 29.43999863 25.11999893
v 46.15999985 29.43999863 25.27999878
v 46.23999786 29.43999863 25.35999870
v 46.23999786 29.35999870 25.43999863
v 46.15999985 29.43999863 28.15999985
v 46.23999786 29.43999863 28.07999992
v 46.15999985 29.59999847 25.11999893
v 46.23999786 29.59999847 25.19999886
v 46.23999786 29.51999855 25.27999878
v 46.15999985 29.59999847 28.15999985
v 46.23999786 29.59999847 28.07999992
v 46.15999985 29.76000023 25.11999893
v 46.23999786 29.76000023 25.19999886
v 46.15999985 29.76000023 28.15999985
v 46.23999786 29.76000023 28.07999992
v 46.15999985 29.92000008 25.11999893
v 46.23999786 29.92000008 25.19999886
v 46.15999985 29.92000008 28.15999985
v 46.23999786 29.92000008 28.07999992
v 46.15999985 30.07999992 25.11999893
v 46.23999786 30.00000000 25.27999878
v 46.15999985 30.07999992 25.27999878
v 46.23999786 30.07999992 25.35999870
v 46.15999985 30.07999992 28.00000000
v 46.23999786 30.00000000 28.00000000
v 46.23999786 30.07999992 27.92000008
v 46.15999985 30.23999977 25.27999878
v 46.23999786 30.23999977 25.35999870
v 46.15999985 30.23999977 27.84000015
v 46.23999786 30.15999985 27.84000015
v 46.23999786 30.23999977 27.76000023
v 46.15999985 30.23999977 28.00000000
v 46.15999985 30.39999962 25.43999863
v 46.23999786 30.31999969 25.43999863
v 46.23999786 30.39999962 25.51999855
v 46.15999985 30.39999962 27.84000015
v 46.23999786 30.39999962 27.76000023
v 46.15999985 30.55999947 25.43999863
v 46.23999786 30.47999954 25.59999847
v 46.15999985 30.55999947 25.59999847
v 46.15999985 30.55999947 25.76000023
v 46.23999786 30.47999954 25.76000023
v 46.23999786 30.55999947 25.84000015
v 46.15999985 30.55999947 27.35999870
v 46.23999786 30.47999954 27.35999870
v 46.23999786 30.55999947 27.27999878
v 46.15999985 30.55999947 27.51999855
v 46.23999786 30.47999954 27.51999855
v 46.15999985 30.55999947 27.68000031
v 46.23999786 30.47999954 27.68000031
v 46.15999985 30.71999931 25.76000023
v 46.23999786 30.63999939 25.92000008
v 46.15999985 30.71999931 25.92000008
v 46.15999985 30.71999931 26.07999992
v 46.23999786 30.63999939 26.07999992
v 46.23999786 30.71999931 26.15999985
v 46.15999985 30.71999931 27.03999901
v 46.23999786 30.63999939 27.03999901
v 46.23999786 30.71999931 26.95999908
v 46.15999985 30.71999931 27.19999886
v 46.23999786 30.63999939 27.19999886
v 46.15999985 30.71999931 27.35999870
v 46.15999985 30.71999931 27.51999855
v 46.15999985 30.71999931 27.68000031
v 46.15999985 30.87999916 25.92000008
v 46.15999985 30.87999916 26.07999992
v 46.23999786 30.79999924 26.23999977
v 46.15999985 30.87999916 26.23999977
v 46.15999985 30.87999916 26.39999962
v 46.23999786 30.79999924 26.39999962
v 46.15999985 30.87999916 26.55999947
v 46.23999786 30.79999924 26.55999947
v 46.15999985 30.87999916 26.71999931
v 46.23999786 30.79999924 26.71999931
v 46.15999985 30.87999916 26.87999916
v 46.23999786 30.79999924 26.87999916
v 46.15999985 30.87999916 27.03999901
v 46.15999985 30.87999916 27.19999886
v 46.31999969 28.79999924 26.23999977
v 46.31999969 28.79999924 26.39999962
v 46.31999969 28.79999924 26.55999947
v 46.31999969 28.79999924 26.71999931
v 46.31999969 28.79999924 26.87999916
v 46.31999969 28.79999924 27.03999901
v 46.31999969 28.79999924 27.19999886
v 46.31999969 28.95999908 25.92000008
v 46.31999969 28.95999908 26.07999992
v 46.31999969 28.95999908 26.23999977
v 46.31999969 28.95999908 26.39999962
v 46.31999969 28.95999908 26.55999947
v 46.31999969 28.95999908 26.71999931
v 46.31999969 28.95999908 26.87999916
v 46.31999969 28.95999908 27.03999901
v 46.31999969 28.95999908 27.19999886
v 46.31999969 28.95999908 27.35999870
v 46.31999969 28.95999908 27.51999855
v 46.31999969 28.95999908 27.68000031
v 46.31999969 28.95999908 27.84000015
v 46.31999969 29.11999893 25.59999847
v 46.31999969 29.11999893 25.76000023
v 46.31999969 29.11999893 25.92000008
v 46.31999969 29.11999893 26.07999992
v 46.31999969 29.11999893 26.23999977
v 46.31999969 29.11999893 26.39999962
v 46.31999969 29.11999893 26.55999947
v 46.31999969 29.11999893 26.71999931
v 46.39999771 29.11999893 26.79999924
v 46.39999771 29.03999901 26.87999916
v 46.39999771 29.03999901 27.03999901
v 46.39999771 29.03999901 27.19999886
v 46.39999771 29.03999901 27.35999870
v 46.39999771 29.03999901 27.51999855
v 46.39999771 29.03999901 27.68000031
v 46.39999771 29.11999893 27.76000023
v 46.31999969 29.11999893 27.84000015
v 46.31999969 29.27999878 25.59999847
v 46.39999771 29.27999878 25.68000031
v 46.39999771 29.19999886 25.76000023
v 46.39999771 29.19999886 25.92000008
v 46.39999771 29.19999886 26.07999992
v 46.39999771 29.19999886 26.23999977
v 46.39999771 29.19999886 26.39999962
v 46.39999771 29.19999886 26.55999947
v 46.39999771 29.19999886 26.71999931
v 46.31999969 29.27999878 27.84000015
v 46.39999771 29.27999878 27.76000023
v 46.31999969 29.27999878 28.00000000
v 46.31999969 29.43999863 25.43999863
v 46.31999969 29.43999863 25.59999847
v 46.39999771 29.43999863 25.68000031
v 46.31999969 29.43999863 27.84000015
v 46.39999771 29.43999863 27.76000023
v 46.31999969 29.43999863 28.00000000
v 46.31999969 29.59999847 25.27999878
v 46.31999969 29.59999847 25.43999863
v 46.39999771 29.59999847 25.51999855
v 46.39999771 29.51999855 25.59999847
v 46.31999969 29.59999847 27.84000015
v 46.39999771 29.59999847 27.76000023
v 46.31999969 29.59999847 28.00000000
v 46.31999969 29.76000023 25.27999878
v 46.31999969 29.76000023 25.43999863
v 46.39999771 29.76000023 25.51999855
v 46.31999969 29.76000023 27.84000015
v 46.39999771 29.76000023 27.76000023
v 46.31999969 29.76000023 28.00000000
v 46.31999969 29.92000008 25.27999878
v 46.31999969 29.92000008 25.43999863
v 46.39999771 29.92000008 25.51999855
v 46.31999969 29.92000008 27.84000015
v 46.39999771 29.92000008 27.76000023
v 46.31999969 29.92000008 28.00000000
v 46.31999969 30.07999992 25.43999863
v 46.39999771 30.00000000 25.59999847
v 46.31999969 30.07999992 25.59999847
v 46.39999771 30.07999992 25.68000031
v 46.31999969 30.07999992 27.84000015
v 46.39999771 30.07999992 27.76000023
v 46.31999969 30.23999977 25.43999863
v 46.31999969 30.23999977 25.59999847
v 46.39999771 30.15999985 25.76000023
v 46.31999969 30.23999977 25.76000023
v 46.39999771 30.23999977 25.84000015
v 46.31999969 30.23999977 27.68000031
v 46.39999771 30.15999985 27.68000031
v 46.39999771 30.23999977 27.59999847
v 46.31999969 30.39999962 25.59999847
v 46.31999969 30.39999962 25.76000023
v 46.39999771 30.31999969 25.92000008
v 46.31999969 30.39999962 25.92000008
v 46.31999969 30.39999962 26.07999992
v 46.39999771 30.31999969 26.07999992
v 46.39999771 30.39999962 26.15999985
v 46.31999969 30.39999962 27.35999870
v 46.39999771 30.31999969 27.35999870
v 46.39999771 30.39999962 27.27999878
v 46.31999969 30.39999962 27.51999855
v 46.39999771 30.31999969 27.51999855
v 46.31999969 30.39999962 27.68000031
v 46.31999969 30.55999947 25.92000008
v 46.31999969 30.55999947 26.07999992
v 46.39999771 30.55999947 26.15999985
v 46.31999969 30.55999947 27.03999901
v 46.39999771 30.47999954 27.03999901
v 46.39999771 30.55999947 26.95999908
v 46.31999969 30.55999947 27.19999886
v 46.39999771 30.47999954 27.19999886
v 46.31999969 30.71999931 26.23999977
v 46.39999771 30.63999939 26.23999977
v 46.31999969 30.71999931 26.39999962
v 46.39999771 30.63999939 26.39999962
v 46.31999969 30.71999931 26.55999947
v 46.39999771 30.63999939 26.55999947
v 46.31999969 30.71999931 26.71999931
v 46.39999771 30.63999939 26.71999931
v 46.31999969 30.71999931 26.87999916
v 46.39999771 30.63999939 26.87999916
v 46.47999954 29.11999893 26.87999916
v 46.47999954 29.11999893 27.03999901
v 46.47999954 29.11999893 27.19999886
v 46.47999954 29.11999893 27.35999870
v 46.47999954 29.11999893 27.51999855
v 46.47999954 29.11999893 27.68000031
v 46.47999954 29.27999878 25.76000023
v 46.47999954 29.27999878 25.92000008
v 46.47999954 29.27999878 26.07999992
v 46.47999954 29.27999878 26.23999977
v 46.47999954 29.27999878 26.39999962
v 46.47999954 29.27999878 26.55999947
v 46.47999954 29.27999878 26.71999931
v 46.47999954 29.27999878 26.87999916
v 46.47999954 29.27999878 27.03999901
v 46.47999954 29.27999878 27.19999886
v 46.47999954 29.27999878 27.35999870
v 46.47999954 29.27999878 27.51999855
v 46.47999954 29.27999878 27.68000031
v 46.47999954 29.43999863 25.76000023
v 46.47999954 29.43999863 25.92000008
v 46.47999954 29.43999863 26.07999992
v 46.47999954 29.43999863 26.23999977
v 46.47999954 29.43999863 26.39999962
v 46.47999954 29.43999863 26.55999947
v 46.55999756 29.43999863 26.63999939
v 46.55999756 29.35999870 26.71999931
v 46.55999756 29.35999870 26.87999916
v 46.55999756 29.35999870 27.03999901
v 46.55999756 29.35999870 27.19999886
v 46.55999756 29.35999870 27.35999870
v 46.55999756 29.35999870 27.51999855
v 46.55999756 29.43999863 27.59999847
v 46.47999954 29.43999863 27.68000031
v 46.47999954 29.59999847 25.59999847
v 46.47999954 29.59999847 25.76000023
v 46.47999954 29.59999847 25.92000008
v 46.47999954 29.59999847 26.07999992
v 46.47999954 29.59999847 26.23999977
v 46.47999954 29.59999847 26.39999962
v 46.47999954 29.59999847 26.55999947
v 46.55999756 29.59999847 26.63999939
v 46.47999954 29.59999847 27.68000031
v 46.55999756 29.59999847 27.59999847
v 46.47999954 29.76000023 25.59999847
v 46.47999954 29.76000023 25.76000023
v 46.47999954 29.76000023 25.92000008
v 46.47999954 29.76000023 26.07999992
v 46.47999954 29.76000023 26.23999977
v 46.47999954 29.76000023 26.39999962
v 46.47999954 29.76000023 26.55999947
v 46.55999756 29.76000023 26.63999939
v 46.47999954 29.76000023 27.68000031
v 46.55999756 29.76000023 27.59999847
v 46.47999954 29.92000008 25.59999847
v 46.47999954 29.92000008 25.76000023
v 46.47999954 29.92000008 25.92000008
v 46.47999954 29.92000008 26.07999992
v 46.47999954 29.92000008 26.23999977
v 46.47999954 29.92000008 26.39999962
v 46.47999954 29.92000008 26.55999947
v 46.55999756 29.92000008 26.63999939
v 46.47999954 29.92000008 27.51999855
v 46.55999756 29.84000015 27.51999855
v 46.55999756 29.92000008 27.43999863
v 46.47999954 29.92000008 27.68000031
v 46.47999954 30.07999992 25.76000023
v 46.47999954 30.07999992 25.92000008
v 46.47999954 30.07999992 26.07999992
v 46.47999954 30.07999992 26.23999977
v 46.47999954 30.07999992 26.39999962
v 46.55999756 30.07999992 26.47999954
v 46.55999756 30.00000000 26.55999947
v 46.47999954 30.07999992 27.51999855
v 46.55999756 30.07999992 27.43999863
v 46.47999954 30.07999992 27.68000031
v 46.47999954 30.23999977 25.92000008
v 46.47999954 30.23999977 26.07999992
v 46.47999954 30.23999977 26.23999977
v 46.47999954 30.23999977 26.39999962
v 46.55999756 30.23999977 26.47999954
v 46.47999954 30.23999977 27.19999886
v 46.55999756 30.15999985 27.19999886
v 46.55999756 30.23999977 27.11999893
v 46.47999954 30.23999977 27.35999870
v 46.55999756 30.15999985 27.35999870
v 46.47999954 30.23999977 27.51999855
v 46.47999954 30.39999962 26.23999977
v 46.47999954 30.39999962 26.39999962
v 46.55999756 30.39999962 26.47999954
v 46.47999954 30.39999962 27.03999901
v 46.55999756 30.31999969 27.03999901
v 46.55999756 30.39999962 26.95999908
v 46.47999954 30.39999962 27.19999886
v 46.47999954 30.55999947 26.23999977
v 46.47999954 30.55999947 26.39999962
v 46.55999756 30.47999954 26.55999947
v 46.47999954 30.55999947 26.55999947
v 46.47999954 30.55999947 26.71999931
v 46.55999756 30.47999954 26.71999931
v 46.47999954 30.55999947 26.87999916
v 46.55999756 30.47999954 26.87999916
v 46.63999939 29.43999863 26.71999931
v 46.63999939 29.43999863 26.87999916
v 46.63999939 29.43999863 27.03999901
v 46.63999939 29.43999863 27.19999886
v 46.63999939 29.43999863 27.35999870
v 46.63999939 29.43999863 27.51999855
v 46.63999939 29.59999847 26.71999931
v 46.63999939 29.59999847 26.87999916
v 46.63999939 29.59999847 27.03999901
v 46.63999939 29.59999847 27.19999886
v 46.63999939 29.59999847 27.35999870
v 46.63999939 29.59999847 27.51999855
v 46.63999939 29.76000023 26.71999931
v 46.63999939 29.76000023 26.87999916
v 46.63999939 29.76000023 27.03999901
v 46.63999939 29.76000023 27.19999886
v 46.63999939 29.76000023 27.35999870
v 46.63999939 29.76000023 27.51999855
v 46.63999939 29.92000008 26.71999931
v 46.63999939 29.92000008 26.87999916
v 46.63999939 29.92000008 27.03999901
v 46.63999939 29.92000008 27.19999886
v 46.63999939 29.92000008 27.35999870
v 46.63999939 30.07999992 26.55999947
v 46.63999939 30.07999992 26.71999931
v 46.63999939 30.07999992 26.87999916
v 46.63999939 30.07999992 27.03999901
v 46.63999939 30.07999992 27.19999886
v 46.63999939 30.07999992 27.35999870
v 46.63999939 30.23999977 26.55999947
v 46.63999939 30.23999977 26.71999931
v 46.63999939 30.23999977 26.87999916
v 46.63999939 30.23999977 27.03999901
v 46.63999939 30.39999962 26.55999947
v 46.63999939 30.39999962 26.71999931
v 46.63999939 30.39999962 26.87999916
f 3 2 1
f 5 4 1
f 1 4 3
f 7 6 5
f 5 6 4
f 9 8 7
f 7 8 6
f 11 10 9
f 9 10 8
f 11 12 10
f 15 14 13
f 15 13 2
f 13 1 2
f 13 16 1
f 1 17 5
f 1 16 17
f 5 18 7
f 5 17 18
f 7 19 9
f 7 18 19
f 9 20 11
f 9 19 20
f 12 11 21
f 21 11 20
f 24 23 22
f 24 22 14
f 22 13 14
f 22 25 13
f 13 26 16
f 13 25 26
f 16 27 17
f 16 26 27
f 17 28 18
f 17 27 28
f 18 29 19
f 18 28 29
f 19 30 20
f 19 29 30
f 21 20 31
f 20 32 31
f 20 30 32
f 34 33 32
f 32 33 31
f 34 35 33
f 22 23 36
f 36 23 37
f 22 38 25
f 22 36 38
f 25 39 26
f 25 38 39
f 26 40 27
f 26 39 40
f 27 41 28
f 27 40 41
f 28 42 29
f 28 41 42
f 29 43 30
f 29 42 43
f 30 44 32
f 30 43 44
f 32 45 34
f 32 44 45
f 35 34 46
f 46 34 45
f 36 37 47
f 47 37 48
f 36 49 38
f 36 47 49
f 38 50 39
f 38 49 50
f 39 51 40
f 39 50 51
f 40 52 41
f 40 51 52
f 41 53 42
f 41 52 53
f 42 54 43
f 42 53 54
f 43 55 44
f 43 54 55
f 44 56 45
f 44 55 56
f 46 45 57
f 57 45 56
f 48 58 47
f 60 59 58
f 59 47 58
f 59 49 47
f 49 61 50
f 49 59 61
f 50 62 51
f 50 61 62
f 51 63 52
f 51 62 63
f 52 64 53
f 52 63 64
f 53 65 54
f 53 64 65
f 54 66 55
f 54 65 66
f 55 67 56
f 55 66 67
f 57 56 68
f 68 56 67
f 60 69 59
f 71 70 69
f 70 59 69
f 70 61 59
f 61 72 62
f 61 70 72
f 62 73 63
f 62 72 73
f 63 74 64
f 63 73 74
f 64 75 65
f 64 74 75
f 65 76 66
f 65 75 76
f 66 77 67
f 66 76 77
f 68 67 78
f 78 67 77
f 70 71 79
f 79 71 80
f 70 81 72
f 70 79 81
f 72 82 73
f 72 81 82
f 73 83 74
f 73 82 83
f 74 84 75
f 74 83 84
f 75 85 76
f 75 84 85
f 87 77 86
f 77 85 86
f 77 76 85
f 77 87 78
f 80 88 79
f 79 88 81
f 81 88 89
f 91 90 89
f 90 81 89
f 90 82 81
f 82 92 83
f 82 90 92
f 83 93 84
f 83 92 93
f 95 85 94
f 85 93 94
f 85 84 93
f 85 95 86
f 91 96 90
f 90 96 92
f 92 96 97
f 92 97 93
f 93 97 98
f 93 98 94
f 101 100 99
f 103 102 99
f 99 102 101
f 105 104 103
f 103 104 102
f 107 106 105
f 105 106 104
f 109 108 107
f 107 108 106
f 111 110 109
f 109 110 108
f 113 112 111
f 111 112 110
f 115 114 113
f 113 114 112
f 115 116 114
f 119 118 117
f 121 120 117
f 117 120 119
f 120 121 100
f 121 99 100
f 121 122 99
f 122 2 3
f 103 122 3
f 99 122 103
f 103 3 4
f 103 4 105
f 105 4 6
f 105 6 107
f 107 6 8
f 107 8 109
f 109 8 10
f 109 10 111
f 111 10 12
f 123 111 12
f 113 111 123
f 113 124 115
f 113 123 124
f 116 115 125
f 115 126 125
f 115 124 126
f 126 127 125
f 117 118 128
f 128 118 129
f 117 130 121
f 117 128 130
f 130 14 15
f 122 130 15
f 121 130 122
f 122 15 2
f 21 131 123
f 21 123 12
f 123 132 124
f 123 131 132
f 124 133 126
f 124 132 133
f 127 126 134
f 134 126 133
f 137 136 135
f 137 135 129
f 135 128 129
f 135 138 128
f 138 23 24
f 130 138 24
f 128 138 130
f 130 24 14
f 31 131 21
f 131 31 33
f 131 33 132
f 132 33 35
f 139 132 35
f 133 132 139
f 134 133 140
f 133 141 140
f 133 139 141
f 141 142 140
f 135 136 143
f 143 136 144
f 135 145 138
f 135 143 145
f 145 37 23
f 145 23 138
f 46 146 139
f 46 139 35
f 139 147 141
f 139 146 147
f 142 141 148
f 148 141 147
f 143 144 149
f 149 144 150
f 143 151 145
f 143 149 151
f 151 48 37
f 151 37 145
f 57 152 146
f 57 146 46
f 146 153 147
f 146 152 153
f 148 147 154
f 154 147 153
f 150 155 149
f 149 155 151
f 151 155 156
f 156 158 157
f 156 157 58
f 151 156 58
f 48 151 58
f 157 60 58
f 68 159 152
f 68 152 57
f 152 160 153
f 152 159 160
f 154 153 161
f 161 153 160
f 157 158 162
f 162 158 163
f 164 69 60
f 157 164 60
f 162 164 157
f 164 71 69
f 78 165 159
f 78 159 68
f 159 166 160
f 159 165 166
f 161 160 167
f 167 160 166
f 162 163 168
f 168 163 169
f 162 170 164
f 162 168 170
f 170 80 71
f 170 71 164
f 86 171 87
f 165 78 87
f 171 165 87
f 172 165 171
f 165 173 166
f 165 172 173
f 167 166 174
f 174 166 173
f 169 175 168
f 177 176 175
f 176 168 175
f 176 170 168
f 178 88 80
f 170 178 80
f 176 178 170
f 179 89 88
f 179 88 178
f 179 91 89
f 94 180 95
f 171 86 95
f 180 171 95
f 181 171 180
f 171 182 172
f 171 181 182
f 184 173 183
f 173 182 183
f 173 172 182
f 173 184 174
f 177 185 176
f 176 185 178
f 178 185 186
f 178 186 179
f 179 186 187
f 187 189 188
f 187 188 96
f 179 187 96
f 91 179 96
f 190 97 96
f 190 96 188
f 191 98 97
f 191 97 190
f 180 94 98
f 191 180 98
f 192 180 191
f 180 193 181
f 180 192 193
f 195 182 194
f 182 193 194
f 182 181 193
f 182 195 183
f 189 196 188
f 188 196 190
f 190 196 197
f 190 197 191
f 191 197 198
f 191 198 192
f 192 198 199
f 192 199 193
f 193 199 200
f 193 200 194
f 203 202 201
f 205 204 201
f 201 204 203
f 207 206 205
f 205 206 204
f 209 208 207
f 207 208 206
f 211 210 209
f 209 210 208
f 213 212 211
f 211 212 210
f 213 214 212
f 217 216 215
f 219 218 215
f 215 218 217
f 221 220 219
f 219 220 218
f 220 221 202
f 221 201 202
f 221 222 201
f 201 223 205
f 201 222 223
f 205 224 207
f 205 223 224
f 207 225 209
f 207 224 225
f 209 226 211
f 209 225 226
f 211 227 213
f 211 226 227
f 214 213 228
f 213 229 228
f 213 227 229
f 231 230 229
f 229 230 228
f 231 232 230
f 235 234 233
f 237 236 233
f 233 236 235
f 236 237 216
f 237 215 216
f 237 238 215
f 215 239 219
f 215 238 239
f 239 100 101
f 221 239 101
f 219 239 221
f 221 101 102
f 221 102 222
f 222 102 104
f 222 104 223
f 223 104 106
f 223 106 224
f 224 106 108
f 224 108 225
f 225 108 110
f 225 110 226
f 226 110 112
f 226 112 227
f 227 112 114
f 227 114 229
f 229 114 116
f 240 229 116
f 231 229 240
f 232 231 241
f 231 242 241
f 231 240 242
f 242 243 241
f 246 245 244
f 246 244 234
f 244 233 234
f 244 247 233
f 233 248 237
f 233 247 248
f 248 118 119
f 238 248 119
f 237 248 238
f 238 119 120
f 238 120 239
f 239 120 100
f 125 240 116
f 240 125 127
f 249 240 127
f 242 240 249
f 243 242 250
f 250 242 249
f 244 245 251
f 251 245 252
f 244 253 247
f 244 251 253
f 247 254 248
f 247 253 254
f 254 129 118
f 254 118 248
f 134 255 249
f 134 249 127
f 250 249 256
f 249 257 256
f 249 255 257
f 257 258 256
f 251 252 259
f 259 252 260
f 251 261 253
f 251 259 261
f 261 136 137
f 254 261 137
f 253 261 254
f 254 137 129
f 140 255 134
f 255 140 142
f 262 255 142
f 257 255 262
f 258 257 263
f 263 257 262
f 260 264 259
f 266 265 264
f 265 259 264
f 265 261 259
f 265 144 136
f 265 136 261
f 148 267 262
f 148 262 142
f 263 262 268
f 262 269 268
f 262 267 269
f 269 270 268
f 265 266 271
f 271 266 272
f 271 150 144
f 271 144 265
f 154 273 267
f 154 267 148
f 267 274 269
f 267 273 274
f 270 269 275
f 275 269 274
f 272 276 271
f 276 278 277
f 276 277 155
f 271 276 155
f 150 271 155
f 279 156 155
f 279 155 277
f 279 158 156
f 161 280 273
f 161 273 154
f 273 281 274
f 273 280 281
f 275 274 282
f 282 274 281
f 278 283 277
f 285 284 283
f 284 277 283
f 284 279 277
f 284 163 158
f 284 158 279
f 167 286 280
f 167 280 161
f 280 287 281
f 280 286 287
f 282 281 288
f 288 281 287
f 284 285 289
f 289 285 290
f 289 169 163
f 289 163 284
f 174 291 286
f 174 286 167
f 293 287 292
f 287 291 292
f 287 286 291
f 287 293 288
f 290 294 289
f 294 296 295
f 294 295 175
f 289 294 175
f 169 289 175
f 295 177 175
f 183 297 184
f 297 298 184
f 184 298 174
f 298 299 174
f 299 291 174
f 291 299 292
f 296 300 295
f 300 302 301
f 300 301 185
f 295 300 185
f 177 295 185
f 303 186 185
f 303 185 301
f 304 187 186
f 304 186 303
f 304 189 187
f 194 305 195
f 297 183 195
f 305 297 195
f 306 297 305
f 298 297 307
f 307 297 306
f 302 308 301
f 301 308 303
f 303 308 309
f 311 310 309
f 310 303 309
f 310 304 303
f 312 196 189
f 304 312 189
f 310 312 304
f 313 197 196
f 313 196 312
f 197 313 314
f 315 197 314
f 198 197 315
f 198 316 199
f 315 316 198
f 199 317 200
f 316 317 199
f 194 200 305
f 200 318 305
f 200 317 318
f 305 318 306
f 306 318 319
f 306 319 307
f 311 320 310
f 310 320 312
f 312 320 321
f 312 321 313
f 313 321 322
f 313 322 314
f 325 324 323
f 327 326 323
f 323 326 325
f 329 328 327
f 327 328 326
f 331 330 329
f 329 330 328
f 331 332 330
f 335 334 333
f 337 336 333
f 333 336 335
f 339 338 337
f 337 338 336
f 341 340 339
f 339 340 338
f 343 342 341
f 341 342 340
f 202 203 343
f 203 342 343
f 203 344 342
f 345 203 204
f 345 344 203
f 206 323 324
f 345 206 324
f 204 206 345
f 323 206 208
f 323 208 327
f 327 208 210
f 327 210 329
f 329 210 212
f 329 212 331
f 347 346 214
f 214 346 212
f 346 332 212
f 332 331 212
f 347 348 346
f 333 334 349
f 349 334 350
f 333 351 337
f 333 349 351
f 351 216 217
f 339 351 217
f 337 351 339
f 339 217 218
f 339 218 341
f 341 218 220
f 341 220 343
f 343 220 202
f 228 347 214
f 352 348 347
f 228 352 347
f 230 352 228
f 354 353 232
f 353 230 232
f 353 352 230
f 354 355 353
f 358 357 356
f 358 356 350
f 350 356 349
f 356 234 349
f 234 235 349
f 349 235 236
f 349 236 351
f 351 236 216
f 241 354 232
f 360 359 243
f 243 359 241
f 359 355 241
f 355 354 241
f 360 361 359
f 356 357 246
f 357 245 246
f 357 362 245
f 356 246 234
f 250 363 360
f 250 360 243
f 361 360 364
f 364 360 363
f 362 252 245
f 365 252 362
f 256 363 250
f 367 366 258
f 258 366 256
f 366 364 256
f 364 363 256
f 367 368 366
f 365 260 252
f 369 260 365
f 263 370 367
f 263 367 258
f 368 367 371
f 367 372 371
f 367 370 372
f 372 373 371
f 264 260 374
f 260 375 374
f 260 369 375
f 374 266 264
f 268 370 263
f 370 268 270
f 376 370 270
f 372 370 376
f 373 372 377
f 377 372 376
f 375 378 374
f 266 374 378
f 379 266 378
f 272 266 379
f 275 380 376
f 275 376 270
f 377 376 381
f 381 376 380
f 276 272 382
f 272 383 382
f 272 379 383
f 382 278 276
f 282 384 380
f 282 380 275
f 381 380 385
f 385 380 384
f 383 386 382
f 386 388 387
f 386 387 283
f 382 386 283
f 278 382 283
f 387 285 283
f 288 389 384
f 288 384 282
f 385 384 390
f 390 384 389
f 387 388 391
f 391 388 392
f 391 290 285
f 391 285 387
f 292 393 293
f 389 288 293
f 393 389 293
f 394 389 393
f 390 389 395
f 395 389 394
f 392 396 391
f 396 398 397
f 396 397 294
f 391 396 294
f 290 391 294
f 397 296 294
f 298 399 299
f 393 292 299
f 399 393 299
f 400 393 399
f 402 394 401
f 394 400 401
f 394 393 400
f 394 402 395
f 398 403 397
f 397 403 296
f 403 300 296
f 403 404 300
f 302 300 404
f 302 404 405
f 307 406 399
f 307 399 298
f 408 400 407
f 400 406 407
f 400 399 406
f 400 408 401
f 405 409 302
f 302 409 308
f 308 410 309
f 409 410 308
f 311 309 410
f 311 410 411
f 314 412 315
f 413 316 315
f 413 315 412
f 414 317 316
f 414 316 413
f 415 318 317
f 415 317 414
f 416 319 318
f 416 318 415
f 406 307 319
f 416 406 319
f 417 406 416
f 407 406 418
f 418 406 417
f 411 419 311
f 311 419 320
f 320 420 321
f 419 420 320
f 321 421 322
f 420 421 321
f 314 322 412
f 322 422 412
f 322 421 422
f 412 422 413
f 413 422 423
f 425 424 423
f 424 413 423
f 424 414 413
f 414 426 415
f 414 424 426
f 415 427 416
f 415 426 427
f 429 417 428
f 417 427 428
f 417 416 427
f 417 429 418
f 425 430 424
f 424 430 426
f 426 430 431
f 426 431 427
f 427 431 432
f 427 432 428
f 435 434 433
f 437 436 433
f 433 436 435
f 439 438 437
f 437 438 436
f 439 440 438
f 443 442 441
f 445 444 441
f 441 444 443
f 447 446 445
f 445 446 444
f 449 448 447
f 447 448 446
f 448 449 434
f 449 433 434
f 449 450 433
f 433 451 437
f 433 450 451
f 437 452 439
f 437 451 452
f 325 453 324
f 453 439 324
f 439 452 324
f 439 453 440
f 454 325 326
f 454 453 325
f 455 326 328
f 455 454 326
f 456 328 330
f 456 455 328
f 458 457 332
f 457 330 332
f 457 456 330
f 458 459 457
f 462 461 460
f 462 460 442
f 442 460 441
f 460 334 441
f 334 335 441
f 441 335 336
f 441 336 445
f 445 336 338
f 445 338 447
f 447 338 340
f 447 340 449
f 449 340 342
f 449 342 450
f 450 342 344
f 450 344 451
f 451 344 345
f 451 345 452
f 452 345 324
f 346 458 332
f 464 463 348
f 348 463 346
f 463 459 346
f 459 458 346
f 464 465 463
f 460 461 466
f 466 461 467
f 466 350 334
f 466 334 460
f 352 464 348
f 468 465 464
f 352 468 464
f 353 468 352
f 470 469 355
f 469 353 355
f 469 468 353
f 470 471 469
f 474 473 472
f 474 472 467
f 467 472 466
f 472 357 466
f 357 358 466
f 466 358 350
f 359 470 355
f 476 475 361
f 361 475 359
f 475 471 359
f 471 470 359
f 476 477 475
f 472 473 478
f 478 473 479
f 478 362 357
f 478 357 472
f 364 480 476
f 364 476 361
f 477 476 481
f 481 476 480
f 478 479 482
f 482 479 483
f 482 365 362
f 482 362 478
f 366 480 364
f 485 484 368
f 368 484 366
f 484 481 366
f 481 480 366
f 485 486 484
f 482 483 487
f 487 483 488
f 487 369 365
f 487 365 482
f 371 485 368
f 371 373 485
f 373 486 485
f 373 489 486
f 487 488 490
f 490 488 491
f 490 375 369
f 490 369 487
f 377 489 373
f 377 492 489
f 491 493 490
f 493 495 494
f 493 494 378
f 490 493 378
f 375 490 378
f 494 379 378
f 381 497 496
f 492 381 496
f 377 381 492
f 497 498 496
f 494 495 499
f 499 495 500
f 499 383 379
f 499 379 494
f 385 501 497
f 385 497 381
f 498 497 502
f 502 497 501
f 500 503 499
f 503 505 504
f 503 504 386
f 499 503 386
f 383 499 386
f 504 388 386
f 390 506 501
f 390 501 385
f 502 501 507
f 507 501 506
f 504 505 508
f 508 505 509
f 508 392 388
f 508 388 504
f 511 510 506
f 390 511 506
f 395 511 390
f 506 510 507
f 509 512 508
f 512 514 513
f 512 513 396
f 508 512 396
f 392 508 396
f 513 398 396
f 516 515 402
f 516 402 401
f 395 402 511
f 511 402 515
f 514 517 513
f 513 517 398
f 517 403 398
f 517 518 403
f 403 519 404
f 518 519 403
f 405 404 519
f 405 519 520
f 522 521 408
f 522 408 407
f 401 408 516
f 516 408 521
f 520 523 405
f 405 523 409
f 409 524 410
f 523 524 409
f 411 410 524
f 411 524 525
f 418 522 407
f 418 526 522
f 525 527 411
f 411 527 419
f 419 528 420
f 527 528 419
f 420 529 421
f 528 529 420
f 529 531 530
f 422 529 530
f 421 529 422
f 532 423 422
f 532 422 530
f 532 425 423
f 534 533 429
f 534 429 428
f 418 429 526
f 526 429 533
f 530 531 535
f 535 531 536
f 530 537 532
f 530 535 537
f 538 430 425
f 532 538 425
f 537 538 532
f 539 431 430
f 539 430 538
f 540 432 431
f 540 431 539
f 540 541 432
f 541 428 432
f 541 534 428
f 536 542 535
f 535 542 537
f 537 542 543
f 537 543 538
f 538 543 544
f 538 544 539
f 539 544 545
f 539 545 540
f 540 545 546
f 540 546 541
f 549 548 547
f 434 435 547
f 435 549 547
f 435 550 549
f 551 435 436
f 551 550 435
f 552 436 438
f 552 551 436
f 554 553 440
f 553 438 440
f 553 552 438
f 556 555 554
f 554 555 553
f 558 557 556
f 556 557 555
f 560 559 558
f 558 559 557
f 560 561 559
f 563 562 443
f 443 562 442
f 564 443 444
f 564 563 443
f 565 444 446
f 565 564 444
f 448 547 548
f 565 448 548
f 446 448 565
f 547 448 434
f 453 554 440
f 554 453 454
f 554 454 556
f 556 454 455
f 556 455 558
f 558 455 456
f 558 456 560
f 566 561 560
f 456 566 560
f 457 566 456
f 568 567 459
f 567 457 459
f 567 566 457
f 568 569 567
f 571 570 462
f 462 570 461
f 462 442 562
f 462 562 571
f 463 568 459
f 573 572 465
f 465 572 463
f 572 569 463
f 569 568 463
f 575 574 573
f 573 574 572
f 575 576 574
f 579 578 577
f 570 579 577
f 467 570 577
f 461 570 467
f 468 573 465
f 573 468 469
f 573 469 575
f 581 580 471
f 471 580 469
f 580 576 469
f 576 575 469
f 581 582 580
f 577 578 474
f 578 473 474
f 578 583 473
f 577 474 467
f 475 581 471
f 585 584 477
f 477 584 475
f 584 582 475
f 582 581 475
f 585 586 584
f 589 588 587
f 583 589 587
f 479 583 587
f 473 583 479
f 481 590 585
f 481 585 477
f 586 585 591
f 591 585 590
f 587 588 592
f 592 588 593
f 592 483 479
f 592 479 587
f 484 590 481
f 484 486 590
f 486 591 590
f 486 594 591
f 592 593 595
f 595 593 596
f 595 488 483
f 595 483 592
f 489 598 597
f 594 489 597
f 486 489 594
f 598 599 597
f 596 600 595
f 488 595 600
f 601 488 600
f 491 488 601
f 492 602 598
f 492 598 489
f 599 598 603
f 603 598 602
f 493 491 604
f 491 605 604
f 491 601 605
f 604 495 493
f 496 602 492
f 496 498 602
f 498 603 602
f 498 606 603
f 605 607 604
f 495 604 607
f 608 495 607
f 500 495 608
f 502 606 498
f 502 609 606
f 503 500 610
f 500 611 610
f 500 608 611
f 610 505 503
f 507 609 502
f 507 612 609
f 610 611 613
f 613 611 614
f 613 509 505
f 613 505 610
f 511 615 510
f 615 616 510
f 616 507 510
f 616 612 507
f 614 617 613
f 617 619 618
f 617 618 512
f 613 617 512
f 509 613 512
f 618 514 512
f 516 620 515
f 620 621 515
f 515 621 511
f 621 622 511
f 622 615 511
f 615 622 616
f 619 623 618
f 623 625 624
f 623 624 517
f 618 623 517
f 514 618 517
f 626 518 517
f 626 517 624
f 627 519 518
f 627 518 626
f 627 520 519
f 522 628 521
f 620 516 521
f 628 620 521
f 629 620 628
f 621 620 630
f 630 620 629
f 624 625 631
f 631 625 632
f 624 633 626
f 624 631 633
f 626 634 627
f 626 633 634
f 635 523 520
f 627 635 520
f 634 635 627
f 636 524 523
f 636 523 635
f 636 525 524
f 526 637 628
f 526 628 522
f 628 638 629
f 628 637 638
f 630 629 639
f 639 629 638
f 632 640 631
f 631 640 633
f 633 640 641
f 643 642 641
f 642 633 641
f 642 634 633
f 634 644 635
f 634 642 644
f 635 645 636
f 635 644 645
f 646 527 525
f 636 646 525
f 645 646 636
f 647 528 527
f 647 527 646
f 648 529 528
f 648 528 647
f 648 531 529
f 534 649 533
f 649 650 533
f 533 650 526
f 650 651 526
f 651 637 526
f 637 651 638
f 638 651 652
f 638 652 639
f 642 643 653
f 653 643 654
f 642 655 644
f 642 653 655
f 644 656 645
f 644 655 656
f 645 657 646
f 645 656 657
f 646 658 647
f 646 657 658
f 647 659 648
f 647 658 659
f 659 536 531
f 659 531 648
f 541 660 649
f 541 649 534
f 650 649 661
f 661 649 660
f 653 654 662
f 662 654 663
f 653 664 655
f 653 662 664
f 655 665 656
f 655 664 665
f 656 666 657
f 656 665 666
f 657 667 658
f 657 666 667
f 658 668 659
f 658 667 668
f 669 542 536
f 659 669 536
f 668 669 659
f 670 543 542
f 670 542 669
f 671 544 543
f 671 543 670
f 544 671 672
f 673 544 672
f 545 544 673
f 545 674 546
f 673 674 545
f 541 546 660
f 546 675 660
f 546 674 675
f 660 675 661
f 663 676 662
f 662 676 664
f 664 676 677
f 664 677 665
f 665 677 678
f 665 678 666
f 666 678 679
f 666 679 667
f 667 679 680
f 667 680 668
f 668 680 681
f 668 681 669
f 669 681 682
f 669 682 670
f 670 682 683
f 670 683 671
f 671 683 684
f 671 684 672
f 687 686 685
f 548 549 685
f 549 687 685
f 549 688 687
f 689 549 550
f 689 688 549
f 690 550 551
f 690 689 550
f 691 551 552
f 691 690 551
f 692 552 553
f 692 691 552
f 693 553 555
f 693 692 553
f 694 555 557
f 694 693 555
f 695 557 559
f 695 694 557
f 697 696 561
f 696 559 561
f 696 695 559
f 697 698 696
f 700 699 563
f 563 699 562
f 701 563 564
f 701 700 563
f 565 685 686
f 701 565 686
f 564 565 701
f 685 565 548
f 566 697 561
f 702 698 697
f 566 702 697
f 567 702 566
f 704 703 569
f 703 567 569
f 703 702 567
f 706 705 704
f 704 705 703
f 706 707 705
f 709 708 571
f 571 708 570
f 571 562 699
f 571 699 709
f 572 704 569
f 704 572 574
f 704 574 706
f 711 710 576
f 576 710 574
f 710 707 574
f 707 706 574
f 711 712 710
f 714 713 579
f 579 713 578
f 579 570 708
f 579 708 714
f 580 711 576
f 716 715 582
f 582 715 580
f 715 712 580
f 712 711 580
f 716 717 715
f 720 719 718
f 713 720 718
f 583 713 718
f 578 713 583
f 584 716 582
f 584 586 716
f 586 717 716
f 586 721 717
f 718 719 589
f 719 588 589
f 719 722 588
f 718 589 583
f 591 724 723
f 721 591 723
f 586 591 721
f 724 725 723
f 722 593 588
f 726 593 722
f 594 727 724
f 594 724 591
f 725 724 728
f 728 724 727
f 726 596 593
f 729 596 726
f 597 727 594
f 597 599 727
f 599 728 727
f 599 730 728
f 600 596 731
f 596 732 731
f 596 729 732
f 731 601 600
f 603 734 733
f 730 603 733
f 599 603 730
f 734 735 733
f 732 736 731
f 601 731 736
f 737 601 736
f 605 601 737
f 606 738 734
f 606 734 603
f 735 734 739
f 739 734 738
f 607 605 740
f 605 741 740
f 605 737 741
f 740 608 607
f 609 742 738
f 609 738 606
f 739 738 743
f 743 738 742
f 741 744 740
f 608 740 744
f 745 608 744
f 611 608 745
f 612 746 742
f 612 742 609
f 743 742 747
f 747 742 746
f 745 614 611
f 748 614 745
f 750 749 746
f 612 750 746
f 616 750 612
f 746 749 747
f 748 751 614
f 614 751 617
f 619 617 751
f 619 751 752
f 621 753 622
f 753 754 622
f 754 616 622
f 754 750 616
f 623 619 755
f 619 756 755
f 619 752 756
f 755 625 623
f 630 757 753
f 630 753 621
f 754 753 758
f 758 753 757
f 755 756 759
f 759 756 760
f 759 632 625
f 759 625 755
f 762 761 757
f 630 762 757
f 639 762 630
f 757 761 758
f 760 763 759
f 763 765 764
f 763 764 640
f 759 763 640
f 632 759 640
f 766 641 640
f 766 640 764
f 766 643 641
f 650 767 651
f 768 652 651
f 768 651 767
f 768 769 652
f 769 639 652
f 769 762 639
f 765 770 764
f 772 771 770
f 771 764 770
f 771 766 764
f 771 654 643
f 771 643 766
f 774 773 767
f 650 774 767
f 661 774 650
f 767 773 768
f 768 773 775
f 768 775 769
f 771 772 776
f 776 772 777
f 776 663 654
f 776 654 771
f 672 778 673
f 673 778 779
f 780 673 779
f 674 673 780
f 674 781 675
f 780 781 674
f 661 675 774
f 774 675 781
f 777 782 776
f 782 784 783
f 782 783 676
f 776 782 676
f 663 776 676
f 785 677 676
f 785 676 783
f 786 678 677
f 786 677 785
f 787 679 678
f 787 678 786
f 788 680 679
f 788 679 787
f 789 681 680
f 789 680 788
f 790 682 681
f 790 681 789
f 682 790 791
f 792 682 791
f 683 682 792
f 683 793 684
f 792 793 683
f 672 684 778
f 684 794 778
f 684 793 794
f 778 794 779
f 784 795 783
f 783 795 785
f 785 795 796
f 785 796 786
f 786 796 797
f 786 797 787
f 787 797 798
f 787 798 788
f 788 798 799
f 788 799 789
f 789 799 800
f 789 800 790
f 790 800 801
f 790 801 791
f 804 803 802
f 806 805 802
f 802 805 804
f 808 807 806
f 806 807 805
f 810 809 808
f 808 809 807
f 812 811 810
f 810 811 809
f 814 813 812
f 812 813 811
f 816 815 814
f 814 815 813
f 816 817 815
f 820 819 818
f 686 687 818
f 687 820 818
f 687 821 820
f 822 687 688
f 822 821 687
f 689 802 803
f 822 689 803
f 688 689 822
f 802 689 690
f 802 690 806
f 806 690 691
f 806 691 808
f 808 691 692
f 808 692 810
f 810 692 693
f 810 693 812
f 812 693 694
f 812 694 814
f 814 694 695
f 814 695 816
f 823 817 816
f 695 823 816
f 696 823 695
f 825 824 698
f 824 696 698
f 824 823 696
f 827 826 825
f 825 826 824
f 827 828 826
f 831 830 829
f 699 700 829
f 700 831 829
f 700 832 831
f 701 818 819
f 832 701 819
f 700 701 832
f 818 701 686
f 702 825 698
f 825 702 703
f 825 703 827
f 833 828 827
f 703 833 827
f 705 833 703
f 835 834 707
f 834 705 707
f 834 833 705
f 835 836 834
f 839 838 837
f 841 840 837
f 837 840 839
f 840 841 830
f 830 841 829
f 841 708 829
f 708 709 829
f 829 709 699
f 710 835 707
f 710 712 835
f 712 836 835
f 712 842 836
f 837 838 843
f 843 838 844
f 843 713 714
f 841 843 714
f 837 843 841
f 841 714 708
f 845 842 712
f 845 712 715
f 847 846 717
f 846 715 717
f 846 845 715
f 847 848 846
f 843 844 720
f 844 719 720
f 844 849 719
f 843 720 713
f 721 850 847
f 721 847 717
f 848 847 851
f 851 847 850
f 854 853 852
f 849 854 852
f 722 849 852
f 719 849 722
f 723 850 721
f 723 725 850
f 725 851 850
f 725 855 851
f 852 853 856
f 856 853 857
f 856 726 722
f 856 722 852
f 728 859 858
f 855 728 858
f 725 728 855
f 859 860 858
f 856 857 861
f 861 857 862
f 861 729 726
f 861 726 856
f 730 863 859
f 730 859 728
f 860 859 864
f 864 859 863
f 862 865 861
f 729 861 865
f 866 729 865
f 732 729 866
f 733 863 730
f 733 735 863
f 735 864 863
f 735 867 864
f 736 732 868
f 732 869 868
f 732 866 869
f 868 737 736
f 739 867 735
f 739 870 867
f 869 871 868
f 737 868 871
f 872 737 871
f 741 737 872
f 743 870 739
f 743 873 870
f 744 741 874
f 741 875 874
f 741 872 875
f 874 745 744
f 747 873 743
f 747 876 873
f 874 875 877
f 877 875 878
f 877 748 745
f 877 745 874
f 750 879 749
f 879 880 749
f 880 747 749
f 880 876 747
f 877 878 881
f 881 878 882
f 883 751 748
f 877 883 748
f 881 883 877
f 883 752 751
f 885 884 879
f 750 885 879
f 754 885 750
f 879 884 880
f 882 886 881
f 888 887 886
f 887 881 886
f 887 883 881
f 887 756 752
f 887 752 883
f 758 885 754
f 758 889 885
f 887 888 890
f 890 888 891
f 890 760 756
f 890 756 887
f 893 892 761
f 893 761 762
f 758 761 889
f 889 761 892
f 890 891 894
f 894 891 895
f 896 763 760
f 890 896 760
f 894 896 890
f 896 765 763
f 769 893 762
f 769 897 893
f 894 895 898
f 898 895 899
f 894 900 896
f 894 898 900
f 901 770 765
f 896 901 765
f 900 901 896
f 901 772 770
f 774 902 773
f 773 902 903
f 904 773 903
f 775 773 904
f 769 775 897
f 897 775 904
f 899 905 898
f 898 905 900
f 900 905 906
f 908 907 906
f 907 900 906
f 907 901 900
f 907 777 772
f 907 772 901
f 779 909 780
f 780 909 910
f 911 780 910
f 781 780 911
f 774 781 902
f 781 912 902
f 781 911 912
f 902 912 903
f 908 913 907
f 913 915 914
f 913 914 782
f 907 913 782
f 777 907 782
f 914 784 782
f 791 916 792
f 917 793 792
f 917 792 916
f 918 794 793
f 918 793 917
f 918 919 794
f 794 919 779
f 919 920 779
f 920 909 779
f 909 920 910
f 915 921 914
f 921 923 922
f 921 922 795
f 914 921 795
f 784 914 795
f 924 796 795
f 924 795 922
f 925 797 796
f 925 796 924
f 926 798 797
f 926 797 925
f 927 799 798
f 927 798 926
f 799 927 928
f 929 799 928
f 800 799 929
f 800 930 801
f 929 930 800
f 791 801 916
f 801 931 916
f 801 930 931
f 916 931 917
f 917 931 932
f 917 932 918
f 918 932 933
f 918 933 919
f 923 934 922
f 922 934 924
f 924 934 935
f 924 935 925
f 925 935 936
f 925 936 926
f 926 936 937
f 926 937 927
f 927 937 938
f 927 938 928
f 941 940 939
f 943 942 939
f 939 942 941
f 803 804 943
f 804 942 943
f 804 944 942
f 945 804 805
f 945 944 804
f 946 805 807
f 946 945 805
f 947 807 809
f 947 946 807
f 948 809 811
f 948 947 809
f 949 811 813
f 949 948 811
f 950 813 815
f 950 949 813
f 952 951 817
f 951 815 817
f 951 950 815
f 952 953 951
f 956 955 954
f 958 957 954
f 954 957 956
f 819 820 958
f 820 957 958
f 820 959 957
f 821 939 940
f 959 821 940
f 820 821 959
f 939 821 822
f 939 822 943
f 943 822 803
f 823 952 817
f 960 953 952
f 823 960 952
f 824 960 823
f 961 824 826
f 961 960 824
f 826 828 961
f 961 828 962
f 965 964 963
f 965 963 955
f 955 963 954
f 963 830 954
f 830 831 954
f 954 831 832
f 954 832 958
f 958 832 819
f 966 962 828
f 966 828 833
f 967 833 834
f 967 966 833
f 834 836 967
f 967 836 968
f 970 969 839
f 839 969 838
f 840 963 964
f 970 840 964
f 839 840 970
f 963 840 830
f 842 972 971
f 968 842 971
f 836 842 968
f 972 973 971
f 976 975 974
f 969 976 974
f 844 969 974
f 838 969 844
f 845 972 842
f 977 973 972
f 845 977 972
f 846 977 845
f 846 848 977
f 977 848 978
f 974 975 979
f 979 975 980
f 979 849 844
f 979 844 974
f 851 978 848
f 851 981 978
f 984 983 982
f 984 982 980
f 980 982 979
f 982 853 979
f 853 854 979
f 979 854 849
f 855 986 985
f 981 855 985
f 851 855 981
f 986 987 985
f 982 983 988
f 988 983 989
f 988 857 853
f 988 853 982
f 858 986 855
f 858 860 986
f 860 987 986
f 860 990 987
f 988 989 991
f 991 989 992
f 991 862 857
f 991 857 988
f 864 990 860
f 864 993 990
f 992 994 991
f 994 996 995
f 994 995 865
f 991 994 865
f 862 991 865
f 995 866 865
f 867 998 997
f 993 867 997
f 864 867 993
f 998 999 997
f 996 1000 995
f 866 995 1000
f 1001 866 1000
f 869 866 1001
f 870 1002 998
f 870 998 867
f 999 998 1003
f 1003 998 1002
f 871 869 1004
f 869 1005 1004
f 869 1001 1005
f 1004 872 871
f 873 1006 1002
f 873 1002 870
f 1003 1002 1007
f 1007 1002 1006
f 1005 1008 1004
f 872 1004 1008
f 1009 872 1008
f 875 872 1009
f 1011 1010 1006
f 873 1011 1006
f 876 1011 873
f 1006 1010 1007
f 1009 878 875
f 1012 878 1009
f 880 1011 876
f 880 1013 1011
f 1012 882 878
f 1014 882 1012
f 885 1015 884
f 1015 1016 884
f 1016 880 884
f 1016 1013 880
f 886 882 1017
f 882 1018 1017
f 882 1014 1018
f 1017 888 886
f 889 1019 1015
f 889 1015 885
f 1016 1015 1020
f 1020 1015 1019
f 1017 1018 1021
f 1021 1018 1022
f 1021 891 888
f 1021 888 1017
f 893 1023 892
f 1023 1024 892
f 892 1024 889
f 1024 1025 889
f 1025 1019 889
f 1019 1025 1020
f 1021 1022 1026
f 1026 1022 1027
f 1026 895 891
f 1026 891 1021
f 1029 1028 1023
f 893 1029 1023
f 897 1029 893
f 1023 1028 1024
f 1027 1030 1026
f 895 1026 1030
f 1031 895 1030
f 899 895 1031
f 1033 1032 904
f 1033 904 903
f 897 904 1029
f 1029 904 1032
f 1031 1034 899
f 899 1034 905
f 1034 1036 1035
f 906 1034 1035
f 905 1034 906
f 1035 908 906
f 1038 1037 911
f 1038 911 910
f 911 1039 912
f 1037 1039 911
f 903 912 1033
f 1033 912 1039
f 1036 1040 1035
f 1040 1042 1041
f 1040 1041 913
f 1035 1040 913
f 908 1035 913
f 1041 915 913
f 1044 1043 920
f 1044 920 919
f 910 920 1038
f 1038 920 1043
f 1041 1042 1045
f 1045 1042 1046
f 1047 921 915
f 1041 1047 915
f 1045 1047 1041
f 1047 923 921
f 928 1048 929
f 1049 930 929
f 1049 929 1048
f 1050 931 930
f 1050 930 1049
f 1051 932 931
f 1051 931 1050
f 932 1051 1052
f 1053 932 1052
f 933 932 1053
f 919 933 1044
f 1044 933 1053
f 1046 1054 1045
f 1056 1055 1054
f 1055 1045 1054
f 1055 1047 1045
f 1057 934 923
f 1047 1057 923
f 1055 1057 1047
f 1058 935 934
f 1058 934 1057
f 1059 936 935
f 1059 935 1058
f 1060 937 936
f 1060 936 1059
f 1061 938 937
f 1061 937 1060
f 1048 928 938
f 1061 1048 938
f 1062 1048 1061
f 1048 1063 1049
f 1048 1062 1063
f 1065 1050 1064
f 1050 1063 1064
f 1050 1049 1063
f 1050 1065 1051
f 1051 1065 1066
f 1051 1066 1052
f 1056 1067 1055
f 1055 1067 1057
f 1057 1067 1068
f 1057 1068 1058
f 1058 1068 1069
f 1058 1069 1059
f 1059 1069 1070
f 1059 1070 1060
f 1060 1070 1071
f 1060 1071 1061
f 1061 1071 1072
f 1061 1072 1062
f 1062 1072 1073
f 1062 1073 1063
f 1063 1073 1074
f 1063 1074 1064
f 1077 1076 1075
f 1079 1078 1075
f 1075 1078 1077
f 1081 1080 1079
f 1079 1080 1078
f 1081 1082 1080
f 1085 1084 1083
f 940 941 1083
f 941 1085 1083
f 941 1086 1085
f 1087 941 942
f 1087 1086 941
f 1088 942 944
f 1088 1087 942
f 945 1075 1076
f 1088 945 1076
f 944 945 1088
f 1075 945 946
f 1075 946 1079
f 1079 946 947
f 1079 947 1081
f 1089 1082 1081
f 947 1089 1081
f 948 1089 947
f 1090 948 949
f 1090 1089 948
f 1091 949 950
f 1091 1090 949
f 1092 950 951
f 1092 1091 950
f 951 953 1092
f 1092 953 1093
f 1095 1094 956
f 956 1094 955
f 1096 956 957
f 1096 1095 956
f 959 1083 1084
f 1096 959 1084
f 957 959 1096
f 1083 959 940
f 1097 1093 953
f 1097 953 960
f 1098 960 961
f 1098 1097 960
f 1100 1099 962
f 1099 961 962
f 1099 1098 961
f 1100 1101 1099
f 1103 1102 965
f 965 1102 964
f 965 955 1094
f 965 1094 1103
f 966 1100 962
f 1104 1101 1100
f 966 1104 1100
f 967 1104 966
f 967 968 1104
f 1104 968 1105
f 1107 1106 970
f 970 1106 969
f 970 964 1102
f 970 1102 1107
f 1108 1105 968
f 1108 968 971
f 971 973 1108
f 1108 973 1109
f 1111 1110 976
f 976 1110 975
f 976 969 1106
f 976 1106 1111
f 1112 1109 973
f 1112 973 977
f 977 978 1112
f 1112 978 1113
f 1116 1115 1114
f 1110 1116 1114
f 980 1110 1114
f 975 1110 980
f 981 1118 1117
f 1113 981 1117
f 978 981 1113
f 1118 1119 1117
f 1122 1121 1120
f 1122 1120 1115
f 1115 1120 1114
f 1120 983 1114
f 983 984 1114
f 1114 984 980
f 985 1118 981
f 985 987 1118
f 987 1119 1118
f 987 1123 1119
f 1120 1121 1124
f 1124 1121 1125
f 1124 989 983
f 1124 983 1120
f 990 1127 1126
f 1123 990 1126
f 987 990 1123
f 1127 1128 1126
f 1124 1125 1129
f 1129 1125 1130
f 1129 992 989
f 1129 989 1124
f 993 1131 1127
f 993 1127 990
f 1128 1127 1132
f 1132 1127 1131
f 1129 1130 1133
f 1133 1130 1134
f 1135 994 992
f 1129 1135 992
f 1133 1135 1129
f 1135 996 994
f 997 1131 993
f 997 999 1131
f 999 1132 1131
f 999 1136 1132
f 1133 1134 1137
f 1137 1134 1138
f 1133 1139 1135
f 1133 1137 1139
f 1140 1000 996
f 1135 1140 996
f 1139 1140 1135
f 1140 1001 1000
f 1003 1136 999
f 1003 1141 1136
f 1138 1142 1137
f 1137 1142 1139
f 1139 1142 1143
f 1145 1144 1143
f 1144 1139 1143
f 1144 1140 1139
f 1144 1005 1001
f 1144 1001 1140
f 1007 1141 1003
f 1007 1146 1141
f 1145 1147 1144
f 1147 1149 1148
f 1147 1148 1008
f 1144 1147 1008
f 1005 1144 1008
f 1148 1009 1008
f 1011 1150 1010
f 1150 1151 1010
f 1151 1007 1010
f 1151 1146 1007
f 1148 1149 1152
f 1152 1149 1153
f 1152 1012 1009
f 1152 1009 1148
f 1013 1154 1150
f 1013 1150 1011
f 1151 1150 1155
f 1155 1150 1154
f 1152 1153 1156
f 1156 1153 1157
f 1156 1014 1012
f 1156 1012 1152
f 1159 1158 1154
f 1013 1159 1154
f 1016 1159 1013
f 1154 1158 1155
f 1156 1157 1160
f 1160 1157 1161
f 1160 1018 1014
f 1160 1014 1156
f 1020 1159 1016
f 1020 1162 1159
f 1160 1161 1163
f 1163 1161 1164
f 1163 1022 1018
f 1163 1018 1160
f 1166 1165 1025
f 1166 1025 1024
f 1020 1025 1162
f 1162 1025 1165
f 1163 1164 1167
f 1167 1164 1168
f 1167 1027 1022
f 1167 1022 1163
f 1170 1169 1028
f 1170 1028 1029
f 1024 1028 1166
f 1166 1028 1169
f 1167 1168 1171
f 1171 1168 1172
f 1173 1030 1027
f 1167 1173 1027
f 1171 1173 1167
f 1173 1031 1030
f 1175 1174 1032
f 1175 1032 1033
f 1029 1032 1170
f 1170 1032 1174
f 1172 1176 1171
f 1178 1177 1176
f 1177 1171 1176
f 1177 1173 1171
f 1179 1034 1031
f 1173 1179 1031
f 1177 1179 1173
f 1179 1036 1034
f 1038 1180 1037
f 1037 1180 1181
f 1182 1037 1181
f 1039 1037 1182
f 1033 1039 1175
f 1175 1039 1182
f 1177 1178 1183
f 1183 1178 1184
f 1177 1185 1179
f 1177 1183 1185
f 1186 1040 1036
f 1179 1186 1036
f 1185 1186 1179
f 1186 1042 1040
f 1044 1187 1043
f 1187 1188 1043
f 1043 1188 1038
f 1188 1189 1038
f 1189 1180 1038
f 1180 1189 1181
f 1184 1190 1183
f 1192 1191 1190
f 1191 1183 1190
f 1191 1185 1183
f 1185 1193 1186
f 1185 1191 1193
f 1193 1046 1042
f 1193 1042 1186
f 1195 1194 1053
f 1195 1053 1052
f 1044 1053 1187
f 1053 1196 1187
f 1053 1194 1196
f 1187 1196 1188
f 1192 1197 1191
f 1199 1198 1197
f 1198 1191 1197
f 1198 1193 1191
f 1200 1054 1046
f 1193 1200 1046
f 1198 1200 1193
f 1200 1056 1054
f 1202 1201 1065
f 1202 1065 1064
f 1065 1203 1066
f 1201 1203 1065
f 1052 1066 1195
f 1195 1066 1203
f 1199 1204 1198
f 1198 1204 1200
f 1200 1204 1205
f 1205 1207 1206
f 1205 1206 1067
f 1200 1205 1067
f 1056 1200 1067
f 1208 1068 1067
f 1208 1067 1206
f 1209 1069 1068
f 1209 1068 1208
f 1210 1070 1069
f 1210 1069 1209
f 1211 1071 1070
f 1211 1070 1210
f 1212 1072 1071
f 1212 1071 1211
f 1072 1212 1213
f 1214 1072 1213
f 1073 1072 1214
f 1073 1215 1074
f 1214 1215 1073
f 1064 1074 1202
f 1202 1074 1215
f 1207 1216 1206
f 1206 1216 1208
f 1208 1216 1217
f 1208 1217 1209
f 1209 1217 1218
f 1209 1218 1210
f 1210 1218 1219
f 1210 1219 1211
f 1211 1219 1220
f 1211 1220 1212
f 1212 1220 1221
f 1212 1221 1213
f 1223 1222 1077
f 1077 1222 1076
f 1224 1077 1078
f 1224 1223 1077
f 1225 1078 1080
f 1225 1224 1078
f 1080 1082 1225
f 1225 1082 1226
f 1228 1227 1085
f 1085 1227 1084
f 1229 1085 1086
f 1229 1228 1085
f 1230 1086 1087
f 1230 1229 1086
f 1231 1087 1088
f 1231 1230 1087
f 1088 1076 1222
f 1088 1222 1231
f 1232 1226 1082
f 1232 1082 1089
f 1233 1089 1090
f 1233 1232 1089
f 1234 1090 1091
f 1234 1233 1090
f 1235 1091 1092
f 1235 1234 1091
f 1092 1093 1235
f 1235 1093 1236
f 1238 1237 1095
f 1095 1237 1094
f 1239 1095 1096
f 1239 1238 1095
f 1096 1084 1227
f 1096 1227 1239
f 1240 1236 1093
f 1240 1093 1097
f 1241 1097 1098
f 1241 1240 1097
f 1242 1098 1099
f 1242 1241 1098
f 1099 1101 1242
f 1242 1101 1243
f 1245 1244 1103
f 1103 1244 1102
f 1103 1094 1237
f 1103 1237 1245
f 1246 1243 1101
f 1246 1101 1104
f 1104 1105 1246
f 1246 1105 1247
f 1250 1249 1248
f 1106 1107 1248
f 1107 1250 1248
f 1107 1251 1250
f 1107 1102 1244
f 1107 1244 1251
f 1252 1247 1105
f 1252 1105 1108
f 1108 1109 1252
f 1252 1109 1253
f 1256 1255 1254
f 1256 1254 1249
f 1249 1254 1248
f 1254 1110 1248
f 1110 1111 1248
f 1248 1111 1106
f 1257 1253 1109
f 1257 1109 1112
f 1112 1113 1257
f 1257 1113 1258
f 1261 1260 1259
f 1261 1259 1255
f 1255 1259 1254
f 1259 1115 1254
f 1115 1116 1254
f 1254 1116 1110
f 1262 1258 1113
f 1262 1113 1117
f 1117 1119 1262
f 1262 1119 1263
f 1259 1260 1122
f 1260 1121 1122
f 1260 1264 1121
f 1259 1122 1115
f 1123 1266 1265
f 1263 1123 1265
f 1119 1123 1263
f 1266 1267 1265
f 1270 1269 1268
f 1264 1270 1268
f 1125 1264 1268
f 1121 1264 1125
f 1126 1266 1123
f 1126 1128 1266
f 1128 1267 1266
f 1128 1271 1267
f 1268 1269 1272
f 1272 1269 1273
f 1272 1130 1125
f 1272 1125 1268
f 1132 1271 1128
f 1132 1274 1271
f 1272 1273 1275
f 1275 1273 1276
f 1275 1134 1130
f 1275 1130 1272
f 1136 1274 1132
f 1136 1277 1274
f 1276 1278 1275
f 1134 1275 1278
f 1279 1134 1278
f 1138 1134 1279
f 1141 1277 1136
f 1141 1280 1277
f 1142 1138 1281
f 1138 1282 1281
f 1138 1279 1282
f 1283 1143 1142
f 1283 1142 1281
f 1283 1145 1143
f 1146 1280 1141
f 1146 1284 1280
f 1282 1285 1281
f 1287 1286 1285
f 1286 1281 1285
f 1286 1283 1281
f 1288 1147 1145
f 1283 1288 1145
f 1286 1288 1283
f 1288 1149 1147
f 1151 1284 1146
f 1151 1289 1284
f 1287 1290 1286
f 1292 1291 1290
f 1291 1286 1290
f 1291 1288 1286
f 1291 1153 1149
f 1291 1149 1288
f 1155 1289 1151
f 1155 1293 1289
f 1291 1292 1294
f 1294 1292 1295
f 1294 1157 1153
f 1294 1153 1291
f 1159 1296 1158
f 1296 1297 1158
f 1297 1155 1158
f 1297 1293 1155
f 1294 1295 1298
f 1298 1295 1299
f 1298 1161 1157
f 1298 1157 1294
f 1301 1300 1296
f 1159 1301 1296
f 1162 1301 1159
f 1296 1300 1297
f 1298 1299 1302
f 1302 1299 1303
f 1302 1164 1161
f 1302 1161 1298
f 1305 1304 1165
f 1305 1165 1166
f 1162 1165 1301
f 1301 1165 1304
f 1302 1303 1306
f 1306 1303 1307
f 1306 1168 1164
f 1306 1164 1302
f 1309 1308 1169
f 1309 1169 1170
f 1166 1169 1305
f 1305 1169 1308
f 1306 1307 1310
f 1310 1307 1311
f 1310 1172 1168
f 1310 1168 1306
f 1313 1312 1174
f 1313 1174 1175
f 1170 1174 1309
f 1309 1174 1312
f 1310 1311 1314
f 1314 1311 1315
f 1316 1176 1172
f 1310 1316 1172
f 1314 1316 1310
f 1316 1178 1176
f 1181 1317 1182
f 1317 1318 1182
f 1318 1175 1182
f 1318 1313 1175
f 1314 1315 1319
f 1319 1315 1320
f 1314 1321 1316
f 1314 1319 1321
f 1321 1184 1178
f 1321 1178 1316
f 1323 1322 1189
f 1323 1189 1188
f 1181 1189 1317
f 1189 1324 1317
f 1189 1322 1324
f 1317 1324 1318
f 1319 1320 1325
f 1325 1320 1326
f 1319 1327 1321
f 1319 1325 1327
f 1328 1190 1184
f 1321 1328 1184
f 1327 1328 1321
f 1328 1192 1190
f 1195 1329 1194
f 1194 1329 1330
f 1331 1194 1330
f 1196 1194 1331
f 1188 1196 1323
f 1323 1196 1331
f 1326 1332 1325
f 1325 1332 1327
f 1327 1332 1333
f 1327 1333 1328
f 1328 1333 1334
f 1334 1336 1335
f 1334 1335 1197
f 1328 1334 1197
f 1192 1328 1197
f 1335 1199 1197
f 1202 1337 1201
f 1201 1337 1338
f 1339 1201 1338
f 1203 1201 1339
f 1195 1203 1329
f 1203 1340 1329
f 1203 1339 1340
f 1329 1340 1330
f 1336 1341 1335
f 1341 1343 1342
f 1341 1342 1204
f 1335 1341 1204
f 1199 1335 1204
f 1344 1205 1204
f 1344 1204 1342
f 1344 1207 1205
f 1213 1345 1214
f 1346 1215 1214
f 1346 1214 1345
f 1346 1347 1215
f 1215 1347 1202
f 1347 1348 1202
f 1348 1337 1202
f 1337 1348 1338
f 1343 1349 1342
f 1351 1350 1349
f 1350 1342 1349
f 1350 1344 1342
f 1352 1216 1207
f 1344 1352 1207
f 1350 1352 1344
f 1353 1217 1216
f 1353 1216 1352
f 1354 1218 1217
f 1354 1217 1353
f 1355 1219 1218
f 1355 1218 1354
f 1356 1220 1219
f 1356 1219 1355
f 1220 1356 1357
f 1358 1220 1357
f 1221 1220 1358
f 1213 1221 1345
f 1221 1359 1345
f 1221 1358 1359
f 1345 1359 1346
f 1346 1359 1360
f 1346 1360 1347
f 1351 1361 1350
f 1350 1361 1352
f 1352 1361 1362
f 1352 1362 1353
f 1353 1362 1363
f 1353 1363 1354
f 1354 1363 1364
f 1354 1364 1355
f 1355 1364 1365
f 1355 1365 1356
f 1356 1365 1366
f 1356 1366 1357
f 1368 1367 1223
f 1223 1367 1222
f 1369 1223 1224
f 1369 1368 1223
f 1370 1224 1225
f 1370 1369 1224
f 1225 1226 1370
f 1370 1226 1371
f 1373 1372 1228
f 1228 1372 1227
f 1374 1228 1229
f 1374 1373 1228
f 1375 1229 1230
f 1375 1374 1229
f 1376 1230 1231
f 1376 1375 1230
f 1231 1222 1367
f 1231 1367 1376
f 1377 1371 1226
f 1377 1226 1232
f 1378 1232 1233
f 1378 1377 1232
f 1379 1233 1234
f 1379 1378 1233
f 1380 1234 1235
f 1380 1379 1234
f 1235 1236 1380
f 1380 1236 1381
f 1383 1382 1238
f 1238 1382 1237
f 1384 1238 1239
f 1384 1383 1238
f 1239 1227 1372
f 1239 1372 1384
f 1385 1381 1236
f 1385 1236 1240
f 1386 1240 1241
f 1386 1385 1240
f 1387 1241 1242
f 1387 1386 1241
f 1242 1243 1387
f 1387 1243 1388
f 1390 1389 1245
f 1245 1389 1244
f 1245 1237 1382
f 1245 1382 1390
f 1391 1388 1243
f 1391 1243 1246
f 1246 1247 1391
f 1391 1247 1392
f 1394 1393 1250
f 1250 1393 1249
f 1395 1250 1251
f 1395 1394 1250
f 1251 1244 1389
f 1251 1389 1395
f 1396 1392 1247
f 1396 1247 1252
f 1252 1253 1396
f 1396 1253 1397
f 1399 1398 1256
f 1256 1398 1255
f 1256 1249 1393
f 1256 1393 1399
f 1400 1397 1253
f 1400 1253 1257
f 1257 1258 1400
f 1400 1258 1401
f 1403 1402 1261
f 1261 1402 1260
f 1261 1255 1398
f 1261 1398 1403
f 1404 1401 1258
f 1404 1258 1262
f 1262 1263 1404
f 1404 1263 1405
f 1408 1407 1406
f 1402 1408 1406
f 1264 1402 1406
f 1260 1402 1264
f 1409 1405 1263
f 1409 1263 1265
f 1265 1267 1409
f 1409 1267 1410
f 1406 1407 1270
f 1407 1269 1270
f 1407 1411 1269
f 1406 1270 1264
f 1271 1410 1267
f 1271 1412 1410
f 1411 1273 1269
f 1413 1273 1411
f 1274 1412 1271
f 1274 1414 1412
f 1413 1276 1273
f 1415 1276 1413
f 1277 1414 1274
f 1277 1416 1414
f 1278 1276 1417
f 1276 1418 1417
f 1276 1415 1418
f 1417 1279 1278
f 1280 1416 1277
f 1280 1419 1416
f 1417 1418 1420
f 1420 1418 1421
f 1420 1282 1279
f 1420 1279 1417
f 1284 1419 1280
f 1284 1422 1419
f 1420 1421 1423
f 1423 1421 1424
f 1425 1285 1282
f 1420 1425 1282
f 1423 1425 1420
f 1425 1287 1285
f 1289 1422 1284
f 1289 1426 1422
f 1424 1427 1423
f 1429 1428 1427
f 1428 1423 1427
f 1428 1425 1423
f 1430 1290 1287
f 1425 1430 1287
f 1428 1430 1425
f 1430 1292 1290
f 1293 1426 1289
f 1293 1431 1426
f 1428 1429 1432
f 1432 1429 1433
f 1428 1434 1430
f 1428 1432 1434
f 1434 1295 1292
f 1434 1292 1430
f 1297 1431 1293
f 1297 1435 1431
f 1433 1436 1432
f 1438 1437 1436
f 1437 1432 1436
f 1437 1434 1432
f 1437 1299 1295
f 1437 1295 1434
f 1301 1439 1300
f 1439 1440 1300
f 1440 1297 1300
f 1440 1435 1297
f 1437 1438 1441
f 1441 1438 1442
f 1441 1303 1299
f 1441 1299 1437
f 1305 1443 1304
f 1443 1444 1304
f 1304 1444 1301
f 1444 1445 1301
f 1445 1439 1301
f 1439 1445 1440
f 1441 1442 1446
f 1446 1442 1447
f 1446 1307 1303
f 1446 1303 1441
f 1450 1449 1448
f 1308 1309 1448
f 1449 1308 1448
f 1451 1308 1449
f 1305 1308 1443
f 1308 1452 1443
f 1308 1451 1452
f 1443 1452 1444
f 1446 1447 1453
f 1453 1447 1454
f 1453 1311 1307
f 1453 1307 1446
f 1450 1448 1312
f 1313 1450 1312
f 1455 1450 1313
f 1312 1448 1309
f 1453 1454 1456
f 1456 1454 1457
f 1456 1315 1311
f 1456 1311 1453
f 1318 1455 1313
f 1318 1458 1455
f 1456 1457 1459
f 1459 1457 1460
f 1459 1320 1315
f 1459 1315 1456
f 1323 1461 1322
f 1322 1461 1462
f 1463 1322 1462
f 1324 1322 1463
f 1318 1324 1458
f 1458 1324 1463
f 1459 1460 1464
f 1464 1460 1465
f 1464 1326 1320
f 1464 1320 1459
f 1330 1466 1331
f 1466 1467 1331
f 1331 1467 1323
f 1467 1468 1323
f 1468 1461 1323
f 1461 1468 1462
f 1464 1465 1469
f 1469 1465 1470
f 1471 1332 1326
f 1464 1471 1326
f 1469 1471 1464
f 1472 1333 1332
f 1472 1332 1471
f 1473 1334 1333
f 1473 1333 1472
f 1473 1336 1334
f 1338 1474 1339
f 1339 1474 1475
f 1476 1339 1475
f 1340 1339 1476
f 1330 1340 1466
f 1340 1477 1466
f 1340 1476 1477
f 1466 1477 1467
f 1470 1478 1469
f 1480 1479 1478
f 1479 1469 1478
f 1479 1471 1469
f 1471 1481 1472
f 1471 1479 1481
f 1472 1482 1473
f 1472 1481 1482
f 1483 1341 1336
f 1473 1483 1336
f 1482 1483 1473
f 1483 1343 1341
f 1485 1484 1348
f 1485 1348 1347
f 1338 1348 1474
f 1348 1486 1474
f 1348 1484 1486
f 1474 1486 1475
f 1480 1487 1479
f 1479 1487 1481
f 1481 1487 1488
f 1481 1488 1482
f 1482 1488 1489
f 1491 1490 1489
f 1490 1482 1489
f 1490 1483 1482
f 1492 1349 1343
f 1483 1492 1343
f 1490 1492 1483
f 1492 1351 1349
f 1357 1493 1358
f 1358 1493 1494
f 1495 1358 1494
f 1359 1358 1495
f 1359 1496 1360
f 1495 1496 1359
f 1347 1360 1485
f 1485 1360 1496
f 1491 1497 1490
f 1499 1498 1497
f 1498 1490 1497
f 1498 1492 1490
f 1500 1361 1351
f 1492 1500 1351
f 1498 1500 1492
f 1501 1362 1361
f 1501 1361 1500
f 1502 1363 1362
f 1502 1362 1501
f 1503 1364 1363
f 1503 1363 1502
f 1504 1365 1364
f 1504 1364 1503
f 1505 1366 1365
f 1505 1365 1504
f 1505 1506 1366
f 1366 1506 1357
f 1506 1507 1357
f 1507 1493 1357
f 1493 1507 1494
f 1499 1508 1498
f 1498 1508 1500
f 1500 1508 1509
f 1500 1509 1501
f 1501 1509 1510
f 1501 1510 1502
f 1502 1510 1511
f 1502 1511 1503
f 1503 1511 1512
f 1503 1512 1504
f 1504 1512 1513
f 1504 1513 1505
f 1505 1513 1514
f 1505 1514 1506
f 1515 1367 1368
f 1369 1516 1368
f 1368 1516 1515
f 1370 1517 1369
f 1369 1517 1516
f 1371 1517 1370
f 1519 1518 1373
f 1373 1518 1372
f 1520 1373 1374
f 1520 1519 1373
f 1521 1374 1375
f 1521 1520 1374
f 1522 1375 1376
f 1522 1521 1375
f 1376 1367 1515
f 1523 1376 1515
f 1522 1376 1523
f 1523 1515 1516
f 1523 1516 1524
f 1524 1516 1517
f 1524 1517 1525
f 1525 1517 1371
f 1377 1525 1371
f 1526 1525 1377
f 1527 1377 1378
f 1527 1526 1377
f 1528 1378 1379
f 1528 1527 1378
f 1529 1379 1380
f 1529 1528 1379
f 1380 1381 1529
f 1529 1381 1530
f 1532 1531 1383
f 1383 1531 1382
f 1533 1383 1384
f 1533 1532 1383
f 1384 1372 1518
f 1384 1518 1533
f 1534 1530 1381
f 1534 1381 1385
f 1535 1385 1386
f 1535 1534 1385
f 1536 1386 1387
f 1536 1535 1386
f 1387 1388 1536
f 1536 1388 1537
f 1539 1538 1390
f 1390 1538 1389
f 1390 1382 1531
f 1390 1531 1539
f 1540 1537 1388
f 1540 1388 1391
f 1391 1392 1540
f 1540 1392 1541
f 1543 1542 1394
f 1394 1542 1393
f 1544 1394 1395
f 1544 1543 1394
f 1395 1389 1538
f 1395 1538 1544
f 1545 1541 1392
f 1545 1392 1396
f 1396 1397 1545
f 1545 1397 1546
f 1549 1548 1547
f 1398 1399 1547
f 1399 1549 1547
f 1399 1550 1549
f 1399 1393 1542
f 1399 1542 1550
f 1551 1546 1397
f 1551 1397 1400
f 1400 1401 1551
f 1551 1401 1552
f 1555 1554 1553
f 1555 1553 1548
f 1548 1553 1547
f 1553 1402 1547
f 1402 1403 1547
f 1547 1403 1398
f 1556 1552 1401
f 1556 1401 1404
f 1404 1405 1556
f 1556 1405 1557
f 1553 1554 1408
f 1554 1407 1408
f 1554 1558 1407
f 1553 1408 1402
f 1559 1557 1405
f 1559 1405 1409
f 1409 1410 1559
f 1559 1410 1560
f 1563 1562 1561
f 1558 1563 1561
f 1411 1558 1561
f 1407 1558 1411
f 1412 1560 1410
f 1412 1564 1560
f 1567 1566 1565
f 1567 1565 1562
f 1565 1561 1562
f 1565 1568 1561
f 1568 1413 1411
f 1568 1411 1561
f 1414 1564 1412
f 1414 1569 1564
f 1565 1566 1570
f 1570 1566 1571
f 1565 1572 1568
f 1565 1570 1572
f 1572 1415 1413
f 1572 1413 1568
f 1416 1569 1414
f 1416 1573 1569
f 1570 1571 1574
f 1574 1571 1575
f 1570 1576 1572
f 1570 1574 1576
f 1576 1418 1415
f 1576 1415 1572
f 1419 1573 1416
f 1419 1577 1573
f 1574 1575 1578
f 1578 1575 1579
f 1574 1580 1576
f 1574 1578 1580
f 1580 1421 1418
f 1580 1418 1576
f 1422 1577 1419
f 1422 1581 1577
f 1578 1579 1582
f 1582 1579 1583
f 1578 1584 1580
f 1578 1582 1584
f 1584 1424 1421
f 1584 1421 1580
f 1426 1581 1422
f 1426 1585 1581
f 1582 1583 1586
f 1586 1583 1587
f 1582 1588 1584
f 1582 1586 1588
f 1589 1427 1424
f 1584 1589 1424
f 1588 1589 1584
f 1589 1429 1427
f 1431 1585 1426
f 1431 1590 1585
f 1587 1591 1586
f 1586 1591 1588
f 1588 1591 1592
f 1594 1593 1592
f 1593 1588 1592
f 1593 1589 1588
f 1593 1433 1429
f 1593 1429 1589
f 1435 1590 1431
f 1435 1595 1590
f 1593 1594 1596
f 1596 1594 1597
f 1598 1436 1433
f 1593 1598 1433
f 1596 1598 1593
f 1598 1438 1436
f 1440 1595 1435
f 1440 1599 1595
f 1597 1600 1596
f 1602 1601 1600
f 1601 1596 1600
f 1601 1598 1596
f 1601 1442 1438
f 1601 1438 1598
f 1604 1603 1445
f 1604 1445 1444
f 1440 1445 1599
f 1599 1445 1603
f 1601 1602 1605
f 1605 1602 1606
f 1605 1447 1442
f 1605 1442 1601
f 1608 1607 1449
f 1608 1449 1450
f 1449 1609 1451
f 1607 1609 1449
f 1451 1610 1452
f 1609 1610 1451
f 1444 1452 1604
f 1604 1452 1610
f 1605 1606 1611
f 1611 1606 1612
f 1611 1454 1447
f 1611 1447 1605
f 1455 1608 1450
f 1455 1613 1608
f 1616 1615 1614
f 1616 1614 1612
f 1614 1611 1612
f 1614 1617 1611
f 1617 1457 1454
f 1617 1454 1611
f 1458 1613 1455
f 1458 1618 1613
f 1614 1615 1619
f 1619 1615 1620
f 1614 1621 1617
f 1614 1619 1621
f 1621 1460 1457
f 1621 1457 1617
f 1623 1622 1463
f 1623 1463 1462
f 1458 1463 1618
f 1618 1463 1622
f 1619 1620 1624
f 1624 1620 1625
f 1619 1626 1621
f 1619 1624 1626
f 1626 1465 1460
f 1626 1460 1621
f 1628 1627 1468
f 1628 1468 1467
f 1462 1468 1623
f 1623 1468 1627
f 1625 1629 1624
f 1631 1630 1629
f 1630 1624 1629
f 1630 1626 1624
f 1630 1470 1465
f 1630 1465 1626
f 1633 1632 1476
f 1633 1476 1475
f 1476 1634 1477
f 1632 1634 1476
f 1467 1477 1628
f 1628 1477 1634
f 1630 1631 1635
f 1635 1631 1636
f 1637 1478 1470
f 1630 1637 1470
f 1635 1637 1630
f 1637 1480 1478
f 1485 1638 1484
f 1484 1638 1639
f 1640 1484 1639
f 1486 1484 1640
f 1475 1486 1633
f 1633 1486 1640
f 1636 1641 1635
f 1635 1641 1637
f 1637 1641 1642
f 1642 1644 1643
f 1642 1643 1487
f 1637 1642 1487
f 1480 1637 1487
f 1645 1488 1487
f 1645 1487 1643
f 1646 1489 1488
f 1646 1488 1645
f 1646 1491 1489
f 1494 1647 1495
f 1495 1647 1648
f 1649 1495 1648
f 1496 1495 1649
f 1485 1496 1638
f 1496 1650 1638
f 1496 1649 1650
f 1638 1650 1639
f 1644 1651 1643
f 1653 1652 1651
f 1652 1643 1651
f 1652 1645 1643
f 1645 1654 1646
f 1645 1652 1654
f 1655 1497 1491
f 1646 1655 1491
f 1654 1655 1646
f 1655 1499 1497
f 1657 1656 1507
f 1657 1507 1506
f 1494 1507 1647
f 1507 1658 1647
f 1507 1656 1658
f 1647 1658 1648
f 1653 1659 1652
f 1652 1659 1654
f 1654 1659 1660
f 1662 1661 1660
f 1661 1654 1660
f 1661 1655 1654
f 1663 1508 1499
f 1655 1663 1499
f 1661 1663 1655
f 1664 1509 1508
f 1664 1508 1663
f 1509 1664 1665
f 1666 1509 1665
f 1510 1509 1666
f 1510 1667 1511
f 1666 1667 1510
f 1511 1668 1512
f 1667 1668 1511
f 1512 1669 1513
f 1668 1669 1512
f 1513 1670 1514
f 1669 1670 1513
f 1506 1514 1657
f 1657 1514 1670
f 1662 1671 1661
f 1661 1671 1663
f 1663 1671 1672
f 1663 1672 1664
f 1664 1672 1673
f 1664 1673 1665
f 1675 1674 1519
f 1519 1674 1518
f 1676 1519 1520
f 1676 1675 1519
f 1677 1520 1521
f 1677 1676 1520
f 1678 1521 1522
f 1678 1677 1521
f 1679 1522 1523
f 1679 1678 1522
f 1680 1523 1524
f 1680 1679 1523
f 1681 1524 1525
f 1681 1680 1524
f 1682 1525 1526
f 1682 1681 1525
f 1683 1526 1527
f 1683 1682 1526
f 1684 1527 1528
f 1684 1683 1527
f 1686 1684 1685
f 1684 1529 1685
f 1684 1528 1529
f 1530 1685 1529
f 1688 1687 1532
f 1532 1687 1531
f 1689 1532 1533
f 1689 1688 1532
f 1533 1518 1674
f 1533 1674 1689
f 1690 1686 1685
f 1690 1685 1530
f 1534 1690 1530
f 1691 1690 1534
f 1692 1534 1535
f 1692 1691 1534
f 1694 1692 1693
f 1692 1536 1693
f 1692 1535 1536
f 1537 1693 1536
f 1696 1695 1539
f 1539 1695 1538
f 1539 1531 1687
f 1539 1687 1696
f 1697 1694 1693
f 1697 1693 1537
f 1540 1697 1537
f 1698 1697 1540
f 1540 1541 1698
f 1698 1541 1699
f 1701 1700 1543
f 1543 1700 1542
f 1702 1543 1544
f 1702 1701 1543
f 1544 1538 1695
f 1544 1695 1702
f 1703 1699 1541
f 1703 1541 1545
f 1545 1546 1703
f 1703 1546 1704
f 1706 1705 1549
f 1549 1705 1548
f 1707 1549 1550
f 1707 1706 1549
f 1550 1542 1700
f 1550 1700 1707
f 1708 1704 1546
f 1708 1546 1551
f 1551 1552 1708
f 1708 1552 1709
f 1711 1710 1555
f 1555 1710 1554
f 1555 1548 1705
f 1555 1705 1711
f 1712 1709 1552
f 1712 1552 1556
f 1556 1557 1712
f 1712 1557 1713
f 1716 1715 1714
f 1710 1716 1714
f 1558 1710 1714
f 1554 1710 1558
f 1717 1713 1557
f 1717 1557 1559
f 1559 1560 1717
f 1717 1560 1718
f 1714 1715 1563
f 1715 1562 1563
f 1715 1719 1562
f 1714 1563 1558
f 1564 1718 1560
f 1564 1720 1718
f 1722 1721 1567
f 1567 1721 1566
f 1567 1562 1719
f 1567 1719 1722
f 1569 1720 1564
f 1569 1723 1720
f 1721 1571 1566
f 1724 1571 1721
f 1573 1723 1569
f 1573 1725 1723
f 1728 1727 1726
f 1730 1729 1726
f 1726 1729 1728
f 1724 1729 1730
f 1575 1724 1730
f 1571 1724 1575
f 1577 1725 1573
f 1577 1731 1725
f 1726 1727 1732
f 1732 1727 1733
f 1726 1734 1730
f 1726 1732 1734
f 1734 1579 1575
f 1734 1575 1730
f 1581 1731 1577
f 1581 1735 1731
f 1738 1737 1736
f 1738 1736 1733
f 1736 1732 1733
f 1736 1739 1732
f 1732 1740 1734
f 1732 1739 1740
f 1740 1583 1579
f 1740 1579 1734
f 1585 1735 1581
f 1585 1741 1735
f 1736 1737 1742
f 1742 1737 1743
f 1736 1744 1739
f 1736 1742 1744
f 1739 1745 1740
f 1739 1744 1745
f 1745 1587 1583
f 1745 1583 1740
f 1590 1741 1585
f 1590 1746 1741
f 1742 1743 1747
f 1747 1743 1748
f 1742 1749 1744
f 1742 1747 1749
f 1744 1750 1745
f 1744 1749 1750
f 1751 1591 1587
f 1745 1751 1587
f 1750 1751 1745
f 1752 1592 1591
f 1752 1591 1751
f 1752 1594 1592
f 1595 1746 1590
f 1595 1753 1746
f 1747 1748 1754
f 1754 1748 1755
f 1747 1756 1749
f 1747 1754 1756
f 1749 1757 1750
f 1749 1756 1757
f 1750 1758 1751
f 1750 1757 1758
f 1751 1759 1752
f 1751 1758 1759
f 1759 1597 1594
f 1759 1594 1752
f 1599 1753 1595
f 1599 1760 1753
f 1755 1761 1754
f 1763 1762 1761
f 1762 1754 1761
f 1762 1756 1754
f 1756 1764 1757
f 1756 1762 1764
f 1757 1765 1758
f 1757 1764 1765
f 1758 1766 1759
f 1758 1765 1766
f 1767 1600 1597
f 1759 1767 1597
f 1766 1767 1759
f 1767 1602 1600
f 1769 1768 1603
f 1769 1603 1604
f 1599 1603 1760
f 1760 1603 1768
f 1763 1770 1762
f 1772 1771 1770
f 1771 1762 1770
f 1771 1764 1762
f 1764 1773 1765
f 1764 1771 1773
f 1765 1774 1766
f 1765 1773 1774
f 1766 1775 1767
f 1766 1774 1775
f 1775 1606 1602
f 1775 1602 1767
f 1778 1777 1776
f 1607 1608 1776
f 1777 1607 1776
f 1779 1607 1777
f 1607 1780 1609
f 1779 1780 1607
f 1609 1781 1610
f 1780 1781 1609
f 1604 1610 1769
f 1769 1610 1781
f 1771 1772 1782
f 1782 1772 1783
f 1771 1784 1773
f 1771 1782 1784
f 1773 1785 1774
f 1773 1784 1785
f 1774 1786 1775
f 1774 1785 1786
f 1786 1612 1606
f 1786 1606 1775
f 1778 1776 1787
f 1778 1787 1788
f 1613 1787 1608
f 1608 1787 1776
f 1782 1783 1789
f 1789 1783 1790
f 1782 1791 1784
f 1782 1789 1791
f 1784 1792 1785
f 1784 1791 1792
f 1792 1615 1616
f 1786 1792 1616
f 1785 1792 1786
f 1786 1616 1612
f 1788 1787 1793
f 1788 1793 1794
f 1618 1793 1613
f 1613 1793 1787
f 1789 1790 1795
f 1795 1790 1796
f 1789 1797 1791
f 1789 1795 1797
f 1791 1798 1792
f 1791 1797 1798
f 1798 1620 1615
f 1798 1615 1792
f 1794 1793 1622
f 1623 1794 1622
f 1799 1794 1623
f 1622 1793 1618
f 1795 1796 1800
f 1800 1796 1801
f 1795 1802 1797
f 1795 1800 1802
f 1797 1803 1798
f 1797 1802 1803
f 1803 1625 1620
f 1803 1620 1798
f 1805 1804 1627
f 1805 1627 1628
f 1623 1627 1799
f 1799 1627 1804
f 1800 1801 1806
f 1806 1801 1807
f 1800 1808 1802
f 1800 1806 1808
f 1802 1809 1803
f 1802 1808 1809
f 1810 1629 1625
f 1803 1810 1625
f 1809 1810 1803
f 1810 1631 1629
f 1812 1811 1632
f 1812 1632 1633
f 1632 1813 1634
f 1811 1813 1632
f 1628 1634 1805
f 1805 1634 1813
f 1807 1814 1806
f 1816 1815 1814
f 1815 1806 1814
f 1815 1808 1806
f 1808 1817 1809
f 1808 1815 1817
f 1809 1818 1810
f 1809 1817 1818
f 1818 1636 1631
f 1818 1631 1810
f 1820 1819 1640
f 1820 1640 1639
f 1633 1640 1812
f 1812 1640 1819
f 1816 1821 1815
f 1815 1821 1817
f 1817 1821 1822
f 1824 1823 1822
f 1823 1817 1822
f 1823 1818 1817
f 1825 1641 1636
f 1818 1825 1636
f 1823 1825 1818
f 1826 1642 1641
f 1826 1641 1825
f 1826 1644 1642
f 1648 1827 1649
f 1649 1827 1828
f 1829 1649 1828
f 1650 1649 1829
f 1639 1650 1820
f 1820 1650 1829
f 1824 1830 1823
f 1823 1830 1825
f 1825 1830 1831
f 1833 1832 1831
f 1832 1825 1831
f 1832 1826 1825
f 1834 1651 1644
f 1826 1834 1644
f 1832 1834 1826
f 1834 1653 1651
f 1657 1835 1656
f 1656 1835 1836
f 1837 1656 1836
f 1658 1656 1837
f 1648 1658 1827
f 1658 1838 1827
f 1658 1837 1838
f 1827 1838 1828
f 1833 1839 1832
f 1832 1839 1834
f 1834 1839 1840
f 1834 1840 1653
f 1840 1659 1653
f 1840 1841 1659
f 1841 1843 1842
f 1660 1841 1842
f 1659 1841 1660
f 1842 1662 1660
f 1665 1844 1666
f 1845 1667 1666
f 1845 1666 1844
f 1846 1668 1667
f 1846 1667 1845
f 1847 1669 1668
f 1847 1668 1846
f 1669 1847 1848
f 1849 1669 1848
f 1670 1669 1849
f 1657 1670 1835
f 1670 1850 1835
f 1670 1849 1850
f 1835 1850 1836
f 1843 1851 1842
f 1842 1851 1662
f 1851 1671 1662
f 1851 1852 1671
f 1671 1853 1672
f 1852 1853 1671
f 1672 1854 1673
f 1853 1854 1672
f 1665 1673 1844
f 1673 1855 1844
f 1673 1854 1855
f 1844 1855 1845
f 1845 1855 1856
f 1845 1856 1846
f 1846 1856 1857
f 1846 1857 1847
f 1847 1857 1858
f 1847 1858 1848
f 1859 1674 1675
f 1676 1860 1675
f 1675 1860 1859
f 1677 1861 1676
f 1676 1861 1860
f 1678 1862 1677
f 1677 1862 1861
f 1679 1863 1678
f 1678 1863 1862
f 1863 1679 1864
f 1679 1865 1864
f 1679 1680 1865
f 1866 1680 1681
f 1866 1865 1680
f 1867 1681 1682
f 1867 1866 1681
f 1868 1682 1683
f 1868 1867 1682
f 1869 1683 1684
f 1869 1868 1683
f 1684 1686 1869
f 1869 1686 1870
f 1871 1687 1688
f 1871 1688 1872
f 1688 1873 1872
f 1688 1689 1873
f 1689 1674 1859
f 1874 1689 1859
f 1873 1689 1874
f 1874 1859 1860
f 1874 1860 1875
f 1875 1860 1861
f 1875 1861 1876
f 1876 1861 1862
f 1876 1862 1877
f 1877 1862 1863
f 1877 1863 1878
f 1878 1863 1864
f 1879 1870 1686
f 1879 1686 1690
f 1880 1690 1691
f 1880 1879 1690
f 1881 1691 1692
f 1881 1880 1691
f 1692 1694 1881
f 1881 1694 1882
f 1884 1883 1696
f 1696 1883 1695
f 1696 1687 1871
f 1885 1696 1871
f 1884 1696 1885
f 1885 1871 1872
f 1886 1882 1694
f 1886 1694 1697
f 1887 1697 1698
f 1887 1886 1697
f 1698 1699 1887
f 1887 1699 1888
f 1890 1889 1701
f 1701 1889 1700
f 1891 1701 1702
f 1891 1890 1701
f 1702 1695 1883
f 1702 1883 1891
f 1892 1888 1699
f 1892 1699 1703
f 1703 1704 1892
f 1892 1704 1893
f 1895 1894 1706
f 1706 1894 1705
f 1896 1706 1707
f 1896 1895 1706
f 1707 1700 1889
f 1707 1889 1896
f 1897 1893 1704
f 1897 1704 1708
f 1708 1709 1897
f 1897 1709 1898
f 1900 1899 1711
f 1711 1899 1710
f 1711 1705 1894
f 1711 1894 1900
f 1901 1898 1709
f 1901 1709 1712
f 1712 1713 1901
f 1901 1713 1902
f 1904 1903 1716
f 1716 1903 1715
f 1716 1710 1899
f 1716 1899 1904
f 1713 1717 1905
f 1906 1713 1905
f 1902 1713 1906
f 1718 1905 1717
f 1903 1719 1715
f 1907 1719 1903
f 1908 1906 1905
f 1905 1718 1908
f 1718 1909 1908
f 1718 1720 1909
f 1911 1910 1722
f 1722 1910 1721
f 1722 1719 1907
f 1722 1907 1911
f 1723 1909 1720
f 1723 1912 1909
f 1915 1914 1913
f 1917 1916 1913
f 1913 1916 1915
f 1910 1916 1917
f 1724 1910 1917
f 1721 1910 1724
f 1725 1912 1723
f 1725 1918 1912
f 1921 1920 1919
f 1921 1919 1914
f 1914 1919 1913
f 1919 1727 1913
f 1727 1728 1913
f 1913 1728 1729
f 1913 1729 1917
f 1917 1729 1724
f 1731 1918 1725
f 1731 1922 1918
f 1919 1920 1923
f 1923 1920 1924
f 1923 1733 1727
f 1923 1727 1919
f 1735 1922 1731
f 1735 1925 1922
f 1928 1927 1926
f 1930 1929 1926
f 1926 1929 1928
f 1929 1930 1924
f 1924 1930 1923
f 1930 1737 1923
f 1737 1738 1923
f 1923 1738 1733
f 1741 1925 1735
f 1741 1931 1925
f 1926 1927 1932
f 1932 1927 1933
f 1926 1934 1930
f 1926 1932 1934
f 1934 1743 1737
f 1934 1737 1930
f 1746 1931 1741
f 1746 1935 1931
f 1938 1937 1936
f 1938 1936 1933
f 1936 1932 1933
f 1936 1939 1932
f 1932 1940 1934
f 1932 1939 1940
f 1940 1748 1743
f 1940 1743 1934
f 1753 1935 1746
f 1753 1941 1935
f 1936 1937 1942
f 1942 1937 1943
f 1936 1944 1939
f 1936 1942 1944
f 1939 1945 1940
f 1939 1944 1945
f 1945 1755 1748
f 1945 1748 1940
f 1948 1947 1946
f 1950 1949 1946
f 1950 1946 1947
f 1952 1951 1949
f 1952 1949 1950
f 1954 1953 1951
f 1954 1951 1952
f 1956 1955 1953
f 1956 1953 1954
f 1958 1957 1955
f 1958 1955 1956
f 1960 1959 1957
f 1960 1957 1958
f 1962 1961 1959
f 1962 1959 1960
f 1964 1963 1961
f 1964 1961 1962
f 1964 1941 1963
f 1941 1760 1963
f 1941 1753 1760
f 1942 1943 1965
f 1965 1943 1966
f 1942 1967 1944
f 1942 1965 1967
f 1944 1968 1945
f 1944 1967 1968
f 1969 1761 1755
f 1945 1969 1755
f 1968 1969 1945
f 1969 1763 1761
f 1948 1946 1970
f 1948 1970 1971
f 1972 1946 1949
f 1970 1946 1972
f 1973 1949 1951
f 1972 1949 1973
f 1974 1951 1953
f 1973 1951 1974
f 1975 1953 1955
f 1974 1953 1975
f 1976 1955 1957
f 1975 1955 1976
f 1977 1957 1959
f 1976 1957 1977
f 1978 1959 1961
f 1977 1959 1978
f 1769 1978 1768
f 1978 1963 1768
f 1978 1961 1963
f 1768 1963 1760
f 1965 1966 1979
f 1979 1966 1980
f 1965 1981 1967
f 1965 1979 1981
f 1967 1982 1968
f 1967 1981 1982
f 1968 1983 1969
f 1968 1982 1983
f 1984 1770 1763
f 1969 1984 1763
f 1983 1984 1969
f 1984 1772 1770
f 1971 1970 1985
f 1971 1985 1986
f 1987 1970 1972
f 1985 1970 1987
f 1988 1972 1973
f 1987 1972 1988
f 1989 1973 1974
f 1988 1973 1989
f 1778 1989 1777
f 1989 1975 1777
f 1989 1974 1975
f 1777 1975 1779
f 1779 1975 1976
f 1779 1976 1780
f 1780 1976 1977
f 1780 1977 1781
f 1781 1977 1978
f 1781 1978 1769
f 1979 1980 1990
f 1990 1980 1991
f 1979 1992 1981
f 1979 1990 1992
f 1981 1993 1982
f 1981 1992 1993
f 1982 1994 1983
f 1982 1993 1994
f 1983 1995 1984
f 1983 1994 1995
f 1995 1783 1772
f 1995 1772 1984
f 1996 1986 1985
f 1996 1985 1987
f 1996 1987 1997
f 1997 1987 1988
f 1997 1988 1998
f 1998 1988 1989
f 1998 1989 1999
f 1989 1778 1999
f 1778 2000 1999
f 1778 1788 2000
f 1991 2001 1990
f 2003 2002 2001
f 2002 1990 2001
f 2002 1992 1990
f 1992 2004 1993
f 1992 2002 2004
f 1993 2005 1994
f 1993 2004 2005
f 1994 2006 1995
f 1994 2005 2006
f 2006 1790 1783
f 2006 1783 1995
f 1794 2000 1788
f 1794 2007 2000
f 2002 2003 2008
f 2008 2003 2009
f 2002 2010 2004
f 2002 2008 2010
f 2004 2011 2005
f 2004 2010 2011
f 2005 2012 2006
f 2005 2011 2012
f 2012 1796 1790
f 2012 1790 2006
f 1799 2007 1794
f 1799 2013 2007
f 2009 2014 2008
f 2016 2015 2014
f 2015 2008 2014
f 2015 2010 2008
f 2010 2017 2011
f 2010 2015 2017
f 2011 2018 2012
f 2011 2017 2018
f 2018 1801 1796
f 2018 1796 2012
f 2020 2019 1804
f 2020 1804 1805
f 1799 1804 2013
f 2013 1804 2019
f 2016 2021 2015
f 2023 2022 2021
f 2022 2015 2021
f 2022 2017 2015
f 2017 2024 2018
f 2017 2022 2024
f 2024 1807 1801
f 2024 1801 2018
f 1812 2025 1811
f 1811 2025 2026
f 2027 1811 2026
f 1813 1811 2027
f 1805 1813 2020
f 2020 1813 2027
f 2023 2028 2022
f 2022 2028 2024
f 2024 2028 2029
f 2024 2029 1807
f 2029 1814 1807
f 2029 2030 1814
f 1816 1814 2030
f 1816 2030 2031
f 1820 2032 1819
f 2032 2033 1819
f 1819 2033 1812
f 2033 2034 1812
f 2034 2025 1812
f 2025 2034 2026
f 2031 2035 1816
f 1816 2035 1821
f 2035 2037 2036
f 1822 2035 2036
f 1821 2035 1822
f 2036 1824 1822
f 2039 2038 1829
f 2039 1829 1828
f 1820 1829 2032
f 1829 2040 2032
f 1829 2038 2040
f 2032 2040 2033
f 2036 2037 2041
f 2041 2037 2042
f 2043 1830 1824
f 2036 2043 1824
f 2041 2043 2036
f 2044 1831 1830
f 2044 1830 2043
f 2044 1833 1831
f 1836 2045 1837
f 1837 2045 2046
f 2047 1837 2046
f 1838 1837 2047
f 1828 1838 2039
f 2039 1838 2047
f 2042 2048 2041
f 2041 2048 2043
f 2043 2048 2049
f 2043 2049 2044
f 2044 2049 2050
f 2044 2050 1833
f 2050 1839 1833
f 2050 2051 1839
f 2051 2053 2052
f 1840 2051 2052
f 1839 2051 1840
f 2054 1841 1840
f 2054 1840 2052
f 2054 1843 1841
f 2056 2055 1849
f 2056 1849 1848
f 1849 2057 1850
f 2055 2057 1849
f 1836 1850 2045
f 1850 2058 2045
f 1850 2057 2058
f 2045 2058 2046
f 2053 2059 2052
f 2052 2059 2054
f 2054 2059 2060
f 2060 2062 2061
f 2060 2061 1851
f 2054 2060 1851
f 1843 2054 1851
f 2063 1852 1851
f 2063 1851 2061
f 2064 1853 1852
f 2064 1852 2063
f 2065 1854 1853
f 2065 1853 2064
f 2066 1855 1854
f 2066 1854 2065
f 2067 1856 1855
f 2067 1855 2066
f 1856 2067 2068
f 2069 1856 2068
f 1857 1856 2069
f 1857 2070 1858
f 2069 2070 1857
f 1848 1858 2056
f 2056 1858 2070
f 2062 2071 2061
f 2061 2071 2063
f 2063 2071 2072
f 2063 2072 2064
f 2064 2072 2073
f 2064 2073 2065
f 2065 2073 2074
f 2065 2074 2066
f 2066 2074 2075
f 2066 2075 2067
f 2067 2075 2076
f 2067 2076 2068
f 2077 1864 1865
f 1866 2078 1865
f 1865 2078 2077
f 1867 2079 1866
f 1866 2079 2078
f 1868 2080 1867
f 1867 2080 2079
f 1869 2081 1868
f 1868 2081 2080
f 1870 2081 1869
f 2083 2082 1873
f 1873 2082 1872
f 2084 1873 1874
f 2084 2083 1873
f 2085 1874 1875
f 2085 2084 1874
f 2086 1875 1876
f 2086 2085 1875
f 2087 1876 1877
f 2087 2086 1876
f 2088 1877 1878
f 2088 2087 1877
f 1878 1864 2077
f 2089 1878 2077
f 2088 1878 2089
f 2089 2077 2078
f 2089 2078 2090
f 2090 2078 2079
f 2090 2079 2091
f 2091 2079 2080
f 2091 2080 2092
f 2092 2080 2081
f 2092 2081 2093
f 2095 2093 2094
f 2094 2093 1879
f 2093 2081 1879
f 2081 1870 1879
f 1880 2096 1879
f 1879 2096 2094
f 1881 2097 1880
f 1880 2097 2096
f 1882 2097 1881
f 2099 2098 1884
f 1884 2098 1883
f 2100 1884 1885
f 2100 2099 1884
f 1885 1872 2082
f 1885 2082 2100
f 2101 2095 2094
f 2101 2094 2096
f 2101 2096 2102
f 2102 2096 2097
f 2102 2097 2103
f 2105 2103 2104
f 2104 2103 1886
f 2103 2097 1886
f 2097 1882 1886
f 1887 2106 1886
f 1886 2106 2104
f 1888 2106 1887
f 2108 2107 1890
f 1890 2107 1889
f 2109 1890 1891
f 2109 2108 1890
f 1891 1883 2098
f 1891 2098 2109
f 2110 2105 2104
f 2110 2104 2106
f 2110 2106 2111
f 2111 2106 1888
f 1892 2111 1888
f 2112 2111 1892
f 1892 1893 2112
f 2112 1893 2113
f 2114 1894 1895
f 2114 1895 2115
f 1895 2116 2115
f 1895 1896 2116
f 1896 1889 2107
f 1896 2107 2116
f 1893 1897 2117
f 2118 1893 2117
f 2113 1893 2118
f 1898 2117 1897
f 2120 2119 1900
f 1900 2119 1899
f 1900 1894 2114
f 2121 1900 2114
f 2120 1900 2121
f 2121 2114 2115
f 2122 2118 2117
f 2124 2122 2123
f 2123 2122 1901
f 2122 2117 1901
f 2117 1898 1901
f 1902 2123 1901
f 2126 2125 1904
f 1904 2125 1903
f 1904 1899 2119
f 1904 2119 2126
f 2127 2124 2123
f 2123 1902 2127
f 1902 2128 2127
f 1902 1906 2128
f 2131 2130 2129
f 2125 2131 2129
f 1907 2125 2129
f 1903 2125 1907
f 2132 2128 1906
f 2132 1906 1908
f 1908 1909 2132
f 2132 1909 2133
f 2136 2135 2134
f 2136 2134 2130
f 2130 2134 2129
f 2134 1910 2129
f 1910 1911 2129
f 2129 1911 1907
f 1912 2133 1909
f 1912 2137 2133
f 2140 2139 2138
f 1914 1915 2138
f 1915 2140 2138
f 1915 2141 2140
f 1916 2134 2135
f 2141 1916 2135
f 1915 1916 2141
f 2134 1916 1910
f 1918 2137 1912
f 1918 2142 2137
f 2145 2144 2143
f 2145 2143 2139
f 2139 2143 2138
f 2143 1920 2138
f 1920 1921 2138
f 2138 1921 1914
f 1922 2142 1918
f 1922 2146 2142
f 2143 2144 2147
f 2147 2144 2148
f 2147 1924 1920
f 2147 1920 2143
f 1925 2146 1922
f 1925 2149 2146
f 2151 2150 1928
f 1928 2150 1927
f 1929 2147 2148
f 2151 1929 2148
f 1928 1929 2151
f 2147 1929 1924
f 1931 2149 1925
f 1931 2152 2149
f 2155 2154 2153
f 2157 2156 2153
f 2153 2156 2155
f 2150 2156 2157
f 1933 2150 2157
f 1927 2150 1933
f 1935 2152 1931
f 1935 2158 2152
f 2153 2154 2159
f 2159 2154 2160
f 2159 1937 1938
f 2157 2159 1938
f 2153 2159 2157
f 2157 1938 1933
f 1941 2158 1935
f 1941 2161 2158
f 2159 2160 2162
f 2162 2160 2163
f 2162 1943 1937
f 2162 1937 2159
f 2165 2164 1947
f 2165 1947 1948
f 1947 2166 1950
f 2164 2166 1947
f 1950 2167 1952
f 2166 2167 1950
f 1952 2168 1954
f 2167 2168 1952
f 1954 2169 1956
f 2168 2169 1954
f 1956 2170 1958
f 2169 2170 1956
f 1958 2171 1960
f 2170 2171 1958
f 1960 2172 1962
f 2171 2172 1960
f 1962 2173 1964
f 2172 2173 1962
f 1941 1964 2161
f 2161 1964 2173
f 2162 2163 2174
f 2174 2163 2175
f 2174 1966 1943
f 2174 1943 2162
f 1971 2165 1948
f 1971 2176 2165
f 2174 2175 2177
f 2177 2175 2178
f 2177 1980 1966
f 2177 1966 2174
f 1986 2176 1971
f 1986 2179 2176
f 2177 2178 2180
f 2180 2178 2181
f 2180 1991 1980
f 2180 1980 2177
f 2182 2179 1986
f 2182 1986 1996
f 2183 1996 1997
f 2183 2182 1996
f 2184 1997 1998
f 2184 2183 1997
f 2185 1998 1999
f 2185 2184 1998
f 1999 2000 2185
f 2185 2000 2186
f 2180 2181 2187
f 2187 2181 2188
f 2189 2001 1991
f 2180 2189 1991
f 2187 2189 2180
f 2189 2003 2001
f 2007 2186 2000
f 2007 2190 2186
f 2187 2188 2191
f 2191 2188 2192
f 2187 2193 2189
f 2187 2191 2193
f 2193 2009 2003
f 2193 2003 2189
f 2013 2190 2007
f 2013 2194 2190
f 2191 2192 2195
f 2195 2192 2196
f 2191 2197 2193
f 2191 2195 2197
f 2198 2014 2009
f 2193 2198 2009
f 2197 2198 2193
f 2198 2016 2014
f 2200 2199 2019
f 2200 2019 2020
f 2013 2019 2194
f 2194 2019 2199
f 2195 2196 2201
f 2201 2196 2202
f 2195 2203 2197
f 2195 2201 2203
f 2197 2204 2198
f 2197 2203 2204
f 2205 2021 2016
f 2198 2205 2016
f 2204 2205 2198
f 2205 2023 2021
f 2207 2206 2027
f 2207 2027 2026
f 2020 2027 2200
f 2200 2027 2206
f 2202 2208 2201
f 2201 2208 2203
f 2203 2208 2209
f 2203 2209 2204
f 2204 2209 2210
f 2204 2210 2205
f 2205 2210 2211
f 2205 2211 2023
f 2211 2028 2023
f 2211 2212 2028
f 2028 2213 2029
f 2212 2213 2028
f 2029 2214 2030
f 2213 2214 2029
f 2031 2030 2214
f 2031 2214 2215
f 2217 2216 2034
f 2217 2034 2033
f 2026 2034 2207
f 2207 2034 2216
f 2215 2218 2031
f 2031 2218 2035
f 2037 2035 2218
f 2037 2218 2219
f 2221 2220 2038
f 2221 2038 2039
f 2038 2222 2040
f 2220 2222 2038
f 2033 2040 2217
f 2217 2040 2222
f 2219 2042 2037
f 2223 2042 2219
f 2225 2224 2047
f 2225 2047 2046
f 2039 2047 2221
f 2221 2047 2224
f 2223 2226 2042
f 2042 2226 2048
f 2048 2227 2049
f 2226 2227 2048
f 2227 2229 2228
f 2050 2227 2228
f 2049 2227 2050
f 2230 2051 2050
f 2230 2050 2228
f 2230 2053 2051
f 2056 2231 2055
f 2055 2231 2232
f 2233 2055 2232
f 2057 2055 2233
f 2057 2234 2058
f 2233 2234 2057
f 2046 2058 2225
f 2225 2058 2234
f 2229 2235 2228
f 2237 2236 2235
f 2236 2228 2235
f 2236 2230 2228
f 2238 2059 2053
f 2230 2238 2053
f 2236 2238 2230
f 2239 2060 2059
f 2239 2059 2238
f 2239 2062 2060
f 2068 2240 2069
f 2069 2240 2241
f 2242 2069 2241
f 2070 2069 2242
f 2056 2070 2231
f 2070 2243 2231
f 2070 2242 2243
f 2231 2243 2232
f 2237 2244 2236
f 2236 2244 2238
f 2238 2244 2245
f 2238 2245 2239
f 2239 2245 2246
f 2239 2246 2062
f 2246 2071 2062
f 2246 2247 2071
f 2071 2248 2072
f 2247 2248 2071
f 2072 2249 2073
f 2248 2249 2072
f 2073 2250 2074
f 2249 2250 2073
f 2074 2251 2075
f 2250 2251 2074
f 2075 2252 2076
f 2251 2252 2075
f 2068 2076 2240
f 2076 2253 2240
f 2076 2252 2253
f 2240 2253 2241
f 2255 2254 2083
f 2083 2254 2082
f 2256 2083 2084
f 2256 2255 2083
f 2257 2084 2085
f 2257 2256 2084
f 2258 2085 2086
f 2258 2257 2085
f 2259 2086 2087
f 2259 2258 2086
f 2260 2087 2088
f 2260 2259 2087
f 2261 2088 2089
f 2261 2260 2088
f 2262 2089 2090
f 2262 2261 2089
f 2263 2090 2091
f 2263 2262 2090
f 2265 2263 2264
f 2263 2092 2264
f 2263 2091 2092
f 2093 2266 2092
f 2092 2266 2264
f 2095 2266 2093
f 2268 2267 2099
f 2099 2267 2098
f 2269 2099 2100
f 2269 2268 2099
f 2100 2082 2254
f 2100 2254 2269
f 2270 2265 2264
f 2270 2264 2266
f 2270 2266 2271
f 2271 2266 2095
f 2101 2271 2095
f 2272 2271 2101
f 2273 2101 2102
f 2273 2272 2101
f 2274 2102 2103
f 2274 2273 2102
f 2103 2105 2274
f 2274 2105 2275
f 2277 2276 2108
f 2108 2276 2107
f 2278 2108 2109
f 2278 2277 2108
f 2109 2098 2267
f 2109 2267 2278
f 2279 2275 2105
f 2279 2105 2110
f 2280 2110 2111
f 2280 2279 2110
f 2282 2280 2281
f 2280 2112 2281
f 2280 2111 2112
f 2113 2281 2112
f 2284 2283 2116
f 2116 2283 2115
f 2116 2107 2276
f 2116 2276 2284
f 2285 2282 2281
f 2281 2113 2285
f 2113 2286 2285
f 2113 2118 2286
f 2288 2287 2120
f 2120 2287 2119
f 2289 2120 2121
f 2289 2288 2120
f 2121 2115 2283
f 2121 2283 2289
f 2290 2286 2118
f 2290 2118 2122
f 2122 2124 2290
f 2290 2124 2291
f 2293 2292 2126
f 2126 2292 2125
f 2126 2119 2287
f 2126 2287 2293
f 2294 2291 2124
f 2294 2124 2127
f 2127 2128 2294
f 2294 2128 2295
f 2297 2296 2131
f 2131 2296 2130
f 2131 2125 2292
f 2131 2292 2297
f 2298 2295 2128
f 2298 2128 2132
f 2132 2133 2298
f 2298 2133 2299
f 2301 2300 2136
f 2136 2300 2135
f 2136 2130 2296
f 2136 2296 2301
f 2137 2299 2133
f 2137 2302 2299
f 2304 2303 2140
f 2140 2303 2139
f 2305 2140 2141
f 2305 2304 2140
f 2141 2135 2300
f 2141 2300 2305
f 2142 2302 2137
f 2142 2306 2302
f 2309 2308 2307
f 2144 2145 2307
f 2145 2309 2307
f 2145 2310 2309
f 2145 2139 2303
f 2145 2303 2310
f 2146 2306 2142
f 2146 2311 2306
f 2307 2308 2312
f 2312 2308 2313
f 2312 2148 2144
f 2312 2144 2307
f 2149 2311 2146
f 2149 2314 2311
f 2317 2316 2315
f 2319 2318 2315
f 2315 2318 2317
f 2318 2319 2313
f 2313 2319 2312
f 2319 2150 2312
f 2150 2151 2312
f 2312 2151 2148
f 2152 2314 2149
f 2152 2320 2314
f 2323 2322 2321
f 2323 2321 2316
f 2316 2321 2315
f 2321 2154 2315
f 2154 2155 2315
f 2315 2155 2156
f 2315 2156 2319
f 2319 2156 2150
f 2158 2320 2152
f 2158 2324 2320
f 2321 2322 2325
f 2325 2322 2326
f 2325 2160 2154
f 2325 2154 2321
f 2161 2324 2158
f 2161 2327 2324
f 2325 2326 2328
f 2328 2326 2329
f 2328 2163 2160
f 2328 2160 2325
f 2331 2330 2164
f 2331 2164 2165
f 2164 2332 2166
f 2330 2332 2164
f 2166 2333 2167
f 2332 2333 2166
f 2167 2334 2168
f 2333 2334 2167
f 2168 2335 2169
f 2334 2335 2168
f 2169 2336 2170
f 2335 2336 2169
f 2170 2337 2171
f 2336 2337 2170
f 2171 2338 2172
f 2337 2338 2171
f 2172 2339 2173
f 2338 2339 2172
f 2161 2173 2327
f 2327 2173 2339
f 2329 2340 2328
f 2163 2328 2340
f 2341 2163 2340
f 2175 2163 2341
f 2176 2331 2165
f 2176 2342 2331
f 2341 2178 2175
f 2343 2178 2341
f 2179 2342 2176
f 2179 2344 2342
f 2343 2181 2178
f 2345 2181 2343
f 2346 2344 2179
f 2346 2179 2182
f 2347 2182 2183
f 2347 2346 2182
f 2349 2347 2348
f 2347 2184 2348
f 2347 2183 2184
f 2185 2350 2184
f 2184 2350 2348
f 2186 2350 2185
f 2345 2188 2181
f 2351 2188 2345
f 2349 2348 2352
f 2349 2352 2353
f 2354 2348 2350
f 2352 2348 2354
f 2190 2354 2186
f 2186 2354 2350
f 2351 2192 2188
f 2355 2192 2351
f 2353 2352 2356
f 2353 2356 2357
f 2358 2352 2354
f 2356 2352 2358
f 2194 2358 2190
f 2190 2358 2354
f 2355 2196 2192
f 2359 2196 2355
f 2357 2356 2360
f 2357 2360 2361
f 2200 2360 2199
f 2360 2358 2199
f 2360 2356 2358
f 2199 2358 2194
f 2359 2202 2196
f 2362 2202 2359
f 2361 2360 2206
f 2207 2361 2206
f 2363 2361 2207
f 2206 2360 2200
f 2362 2364 2202
f 2202 2364 2208
f 2208 2365 2209
f 2364 2365 2208
f 2209 2366 2210
f 2365 2366 2209
f 2210 2367 2211
f 2366 2367 2210
f 2211 2368 2212
f 2367 2368 2211
f 2212 2369 2213
f 2368 2369 2212
f 2213 2370 2214
f 2369 2370 2213
f 2372 2371 2215
f 2214 2372 2215
f 2370 2372 2214
f 2373 2371 2372
f 2375 2374 2216
f 2375 2216 2217
f 2207 2216 2363
f 2363 2216 2374
f 2371 2218 2215
f 2219 2218 2371
f 2373 2219 2371
f 2376 2219 2373
f 2378 2377 2220
f 2378 2220 2221
f 2220 2379 2222
f 2377 2379 2220
f 2217 2222 2375
f 2375 2222 2379
f 2376 2223 2219
f 2380 2223 2376
f 2382 2381 2224
f 2382 2224 2225
f 2221 2224 2378
f 2378 2224 2381
f 2380 2383 2223
f 2223 2383 2226
f 2226 2384 2227
f 2383 2384 2226
f 2229 2227 2384
f 2229 2384 2385
f 2232 2386 2233
f 2233 2386 2387
f 2388 2233 2387
f 2234 2233 2388
f 2225 2234 2382
f 2382 2234 2388
f 2385 2389 2229
f 2229 2389 2235
f 2237 2235 2389
f 2237 2389 2390
f 2241 2391 2242
f 2242 2391 2392
f 2393 2242 2392
f 2243 2242 2393
f 2232 2243 2386
f 2243 2394 2386
f 2243 2393 2394
f 2386 2394 2387
f 2390 2395 2237
f 2237 2395 2244
f 2244 2396 2245
f 2395 2396 2244
f 2396 2398 2397
f 2246 2396 2397
f 2245 2396 2246
f 2399 2247 2246
f 2399 2246 2397
f 2400 2248 2247
f 2400 2247 2399
f 2248 2400 2401
f 2402 2248 2401
f 2249 2248 2402
f 2249 2403 2250
f 2402 2403 2249
f 2250 2404 2251
f 2403 2404 2250
f 2251 2405 2252
f 2404 2405 2251
f 2252 2406 2253
f 2405 2406 2252
f 2241 2253 2391
f 2253 2407 2391
f 2253 2406 2407
f 2391 2407 2392
f 2398 2408 2397
f 2397 2408 2399
f 2399 2408 2409
f 2399 2409 2400
f 2400 2409 2410
f 2400 2410 2401
f 2411 2254 2255
f 2256 2412 2255
f 2255 2412 2411
f 2257 2413 2256
f 2256 2413 2412
f 2258 2414 2257
f 2257 2414 2413
f 2259 2415 2258
f 2258 2415 2414
f 2260 2416 2259
f 2259 2416 2415
f 2261 2417 2260
f 2260 2417 2416
f 2262 2418 2261
f 2261 2418 2417
f 2263 2419 2262
f 2262 2419 2418
f 2265 2419 2263
f 2420 2267 2268
f 2269 2421 2268
f 2268 2421 2420
f 2422 2421 2269
f 2422 2269 2254
f 2423 2422 2254
f 2411 2423 2254
f 2423 2411 2412
f 2423 2412 2424
f 2424 2412 2413
f 2424 2413 2425
f 2425 2413 2414
f 2425 2414 2426
f 2426 2414 2415
f 2426 2415 2427
f 2427 2415 2416
f 2427 2416 2428
f 2428 2416 2417
f 2428 2417 2429
f 2429 2417 2418
f 2429 2418 2430
f 2430 2418 2419
f 2430 2419 2431
f 2431 2419 2265
f 2270 2431 2265
f 2432 2431 2270
f 2433 2270 2271
f 2433 2432 2270
f 2435 2433 2434
f 2433 2272 2434
f 2433 2271 2272
f 2273 2436 2272
f 2272 2436 2434
f 2274 2437 2273
f 2273 2437 2436
f 2275 2437 2274
f 2438 2276 2277
f 2278 2439 2277
f 2277 2439 2438
f 2440 2439 2278
f 2440 2278 2267
f 2441 2440 2267
f 2420 2441 2267
f 2441 2420 2421
f 2441 2421 2442
f 2442 2421 2422
f 2443 2435 2434
f 2443 2434 2436
f 2443 2436 2444
f 2446 2445 2444
f 2436 2446 2444
f 2437 2446 2436
f 2279 2447 2275
f 2447 2437 2275
f 2447 2446 2437
f 2280 2448 2279
f 2279 2448 2447
f 2282 2448 2280
f 2449 2283 2284
f 2450 2449 2284
f 2450 2284 2276
f 2451 2450 2276
f 2438 2451 2276
f 2451 2438 2439
f 2451 2439 2452
f 2452 2439 2440
f 2445 2446 2453
f 2445 2453 2454
f 2455 2446 2447
f 2453 2446 2455
f 2456 2447 2448
f 2455 2447 2456
f 2285 2457 2282
f 2457 2448 2282
f 2457 2456 2448
f 2286 2457 2285
f 2459 2458 2288
f 2288 2458 2287
f 2460 2288 2289
f 2460 2459 2288
f 2289 2283 2449
f 2461 2289 2449
f 2460 2289 2461
f 2461 2449 2450
f 2462 2454 2453
f 2462 2453 2455
f 2462 2455 2463
f 2463 2455 2456
f 2463 2456 2464
f 2464 2456 2457
f 2464 2457 2465
f 2467 2465 2466
f 2466 2465 2290
f 2465 2457 2290
f 2457 2286 2290
f 2291 2466 2290
f 2469 2468 2293
f 2293 2468 2292
f 2293 2287 2458
f 2293 2458 2469
f 2467 2466 2470
f 2467 2470 2471
f 2294 2472 2291
f 2472 2466 2291
f 2472 2470 2466
f 2295 2472 2294
f 2474 2473 2297
f 2297 2473 2296
f 2297 2292 2468
f 2297 2468 2474
f 2475 2471 2470
f 2475 2470 2472
f 2475 2472 2476
f 2478 2476 2477
f 2477 2476 2298
f 2476 2472 2298
f 2472 2295 2298
f 2299 2477 2298
f 2480 2479 2301
f 2301 2479 2300
f 2301 2296 2473
f 2301 2473 2480
f 2478 2477 2481
f 2478 2481 2482
f 2302 2481 2299
f 2299 2481 2477
f 2485 2484 2483
f 2303 2304 2483
f 2304 2485 2483
f 2304 2486 2485
f 2487 2304 2305
f 2487 2486 2304
f 2305 2300 2479
f 2305 2479 2487
f 2482 2481 2488
f 2482 2488 2489
f 2306 2488 2302
f 2302 2488 2481
f 2491 2490 2309
f 2309 2490 2308
f 2310 2483 2484
f 2491 2310 2484
f 2309 2310 2491
f 2483 2310 2303
f 2489 2488 2492
f 2489 2492 2493
f 2311 2492 2306
f 2306 2492 2488
f 2496 2495 2494
f 2498 2497 2494
f 2494 2497 2496
f 2490 2497 2498
f 2313 2490 2498
f 2308 2490 2313
f 2493 2492 2499
f 2493 2499 2500
f 2314 2499 2311
f 2311 2499 2492
f 2503 2502 2501
f 2503 2501 2495
f 2495 2501 2494
f 2501 2316 2494
f 2316 2317 2494
f 2494 2317 2318
f 2494 2318 2498
f 2498 2318 2313
f 2500 2499 2504
f 2500 2504 2505
f 2320 2504 2314
f 2314 2504 2499
f 2508 2507 2506
f 2508 2506 2502
f 2502 2506 2501
f 2506 2322 2501
f 2322 2323 2501
f 2501 2323 2316
f 2505 2504 2509
f 2505 2509 2510
f 2324 2509 2320
f 2320 2509 2504
f 2506 2507 2511
f 2511 2507 2512
f 2511 2326 2322
f 2511 2322 2506
f 2510 2509 2513
f 2510 2513 2514
f 2327 2513 2324
f 2324 2513 2509
f 2517 2516 2515
f 2519 2518 2515
f 2515 2518 2517
f 2518 2519 2512
f 2519 2511 2512
f 2519 2520 2511
f 2520 2329 2326
f 2520 2326 2511
f 2522 2521 2330
f 2522 2330 2331
f 2330 2523 2332
f 2521 2523 2330
f 2332 2524 2333
f 2523 2524 2332
f 2333 2525 2334
f 2524 2525 2333
f 2334 2526 2335
f 2525 2526 2334
f 2335 2527 2336
f 2526 2527 2335
f 2336 2528 2337
f 2527 2528 2336
f 2337 2529 2338
f 2528 2529 2337
f 2513 2339 2514
f 2339 2529 2514
f 2339 2338 2529
f 2339 2513 2327
f 2515 2516 2530
f 2530 2516 2531
f 2515 2532 2519
f 2515 2530 2532
f 2519 2533 2520
f 2519 2532 2533
f 2534 2340 2329
f 2520 2534 2329
f 2533 2534 2520
f 2534 2341 2340
f 2342 2522 2331
f 2342 2535 2522
f 2538 2537 2536
f 2538 2536 2531
f 2536 2530 2531
f 2536 2539 2530
f 2530 2540 2532
f 2530 2539 2540
f 2532 2541 2533
f 2532 2540 2541
f 2533 2542 2534
f 2533 2541 2542
f 2542 2343 2341
f 2542 2341 2534
f 2344 2535 2342
f 2344 2543 2535
f 2536 2537 2544
f 2544 2537 2545
f 2536 2546 2539
f 2536 2544 2546
f 2539 2547 2540
f 2539 2546 2547
f 2540 2548 2541
f 2540 2547 2548
f 2541 2549 2542
f 2541 2548 2549
f 2549 2345 2343
f 2549 2343 2542
f 2550 2543 2344
f 2550 2344 2346
f 2551 2346 2347
f 2551 2550 2346
f 2347 2349 2551
f 2551 2349 2552
f 2544 2545 2553
f 2553 2545 2554
f 2544 2555 2546
f 2544 2553 2555
f 2546 2556 2547
f 2546 2555 2556
f 2547 2557 2548
f 2547 2556 2557
f 2548 2558 2549
f 2548 2557 2558
f 2558 2351 2345
f 2558 2345 2549
f 2561 2560 2559
f 2560 2552 2559
f 2552 2353 2559
f 2552 2349 2353
f 2553 2554 2562
f 2562 2554 2563
f 2553 2564 2555
f 2553 2562 2564
f 2555 2565 2556
f 2555 2564 2565
f 2556 2566 2557
f 2556 2565 2566
f 2557 2567 2558
f 2557 2566 2567
f 2567 2355 2351
f 2567 2351 2558
f 2561 2559 2568
f 2561 2568 2569
f 2357 2568 2353
f 2353 2568 2559
f 2562 2563 2570
f 2570 2563 2571
f 2562 2572 2564
f 2562 2570 2572
f 2564 2573 2565
f 2564 2572 2573
f 2565 2574 2566
f 2565 2573 2574
f 2566 2575 2567
f 2566 2574 2575
f 2575 2359 2355
f 2575 2355 2567
f 2569 2568 2576
f 2569 2576 2577
f 2361 2576 2357
f 2357 2576 2568
f 2571 2578 2570
f 2570 2578 2572
f 2572 2578 2579
f 2572 2579 2573
f 2573 2579 2580
f 2573 2580 2574
f 2574 2580 2581
f 2574 2581 2575
f 2575 2581 2582
f 2359 2575 2582
f 2583 2359 2582
f 2362 2359 2583
f 2577 2576 2584
f 2577 2584 2585
f 2363 2584 2361
f 2361 2584 2576
f 2583 2586 2362
f 2362 2586 2364
f 2586 2588 2587
f 2365 2586 2587
f 2364 2586 2365
f 2589 2366 2365
f 2589 2365 2587
f 2590 2367 2366
f 2590 2366 2589
f 2367 2590 2591
f 2592 2367 2591
f 2368 2367 2592
f 2368 2593 2369
f 2592 2593 2368
f 2369 2594 2370
f 2593 2594 2369
f 2370 2595 2372
f 2594 2595 2370
f 2373 2372 2595
f 2373 2595 2596
f 2599 2598 2597
f 2601 2600 2597
f 2601 2597 2598
f 2600 2601 2585
f 2600 2585 2584
f 2375 2600 2584
f 2374 2375 2584
f 2374 2584 2363
f 2587 2588 2602
f 2602 2588 2603
f 2587 2604 2589
f 2587 2602 2604
f 2589 2605 2590
f 2589 2604 2605
f 2591 2590 2606
f 2606 2590 2605
f 2596 2376 2373
f 2607 2376 2596
f 2599 2597 2377
f 2378 2599 2377
f 2608 2599 2378
f 2377 2597 2379
f 2379 2597 2600
f 2379 2600 2375
f 2602 2603 2609
f 2609 2603 2610
f 2602 2611 2604
f 2602 2609 2611
f 2604 2612 2605
f 2604 2611 2612
f 2606 2605 2613
f 2613 2605 2612
f 2607 2380 2376
f 2614 2380 2607
f 2616 2615 2381
f 2616 2381 2382
f 2378 2381 2608
f 2608 2381 2615
f 2609 2610 2617
f 2617 2610 2618
f 2609 2619 2611
f 2609 2617 2619
f 2611 2620 2612
f 2611 2619 2620
f 2613 2612 2621
f 2621 2612 2620
f 2614 2622 2380
f 2380 2622 2383
f 2383 2623 2384
f 2622 2623 2383
f 2385 2384 2623
f 2385 2623 2624
f 2626 2625 2388
f 2626 2388 2387
f 2382 2388 2616
f 2616 2388 2625
f 2618 2627 2617
f 2617 2627 2619
f 2619 2627 2628
f 2619 2628 2620
f 2620 2628 2629
f 2620 2629 2621
f 2624 2630 2385
f 2385 2630 2389
f 2390 2389 2630
f 2390 2630 2631
f 2633 2632 2393
f 2633 2393 2392
f 2393 2634 2394
f 2632 2634 2393
f 2387 2394 2626
f 2626 2394 2634
f 2631 2635 2390
f 2390 2635 2395
f 2635 2637 2636
f 2396 2635 2636
f 2395 2635 2396
f 2636 2398 2396
f 2401 2638 2402
f 2639 2403 2402
f 2639 2402 2638
f 2640 2404 2403
f 2640 2403 2639
f 2641 2405 2404
f 2641 2404 2640
f 2642 2406 2405
f 2642 2405 2641
f 2406 2642 2643
f 2644 2406 2643
f 2407 2406 2644
f 2392 2407 2633
f 2633 2407 2644
f 2637 2645 2636
f 2636 2645 2398
f 2645 2408 2398
f 2645 2646 2408
f 2408 2647 2409
f 2646 2647 2408
f 2409 2648 2410
f 2647 2648 2409
f 2401 2410 2638
f 2410 2649 2638
f 2410 2648 2649
f 2638 2649 2639
f 2639 2649 2650
f 2639 2650 2640
f 2640 2650 2651
f 2640 2651 2641
f 2641 2651 2652
f 2641 2652 2642
f 2642 2652 2653
f 2642 2653 2643
f 2654 2422 2423
f 2424 2655 2423
f 2423 2655 2654
f 2425 2656 2424
f 2424 2656 2655
f 2426 2657 2425
f 2425 2657 2656
f 2427 2658 2426
f 2426 2658 2657
f 2428 2659 2427
f 2427 2659 2658
f 2429 2660 2428
f 2428 2660 2659
f 2430 2661 2429
f 2429 2661 2660
f 2431 2662 2430
f 2430 2662 2661
f 2432 2663 2431
f 2431 2663 2662
f 2433 2664 2432
f 2432 2664 2663
f 2435 2664 2433
f 2665 2440 2441
f 2442 2666 2441
f 2441 2666 2665
f 2667 2666 2442
f 2667 2442 2422
f 2668 2667 2422
f 2654 2668 2422
f 2668 2654 2655
f 2668 2655 2669
f 2669 2655 2656
f 2669 2656 2670
f 2670 2656 2657
f 2670 2657 2671
f 2671 2657 2658
f 2671 2658 2672
f 2672 2658 2659
f 2672 2659 2673
f 2673 2659 2660
f 2673 2660 2674
f 2674 2660 2661
f 2674 2661 2675
f 2675 2661 2662
f 2675 2662 2676
f 2676 2662 2663
f 2676 2663 2677
f 2679 2678 2677
f 2663 2679 2677
f 2664 2679 2663
f 2443 2680 2435
f 2680 2664 2435
f 2680 2679 2664
f 2444 2681 2443
f 2443 2681 2680
f 2445 2681 2444
f 2682 2450 2451
f 2452 2683 2451
f 2451 2683 2682
f 2684 2683 2452
f 2684 2452 2440
f 2685 2684 2440
f 2665 2685 2440
f 2685 2665 2666
f 2685 2666 2686
f 2686 2666 2667
f 2687 2678 2679
f 2687 2679 2680
f 2687 2680 2688
f 2688 2680 2681
f 2688 2681 2689
f 2681 2445 2689
f 2445 2690 2689
f 2445 2454 2690
f 2691 2458 2459
f 2460 2692 2459
f 2459 2692 2691
f 2692 2460 2693
f 2460 2694 2693
f 2460 2461 2694
f 2461 2450 2682
f 2695 2461 2682
f 2694 2461 2695
f 2695 2682 2683
f 2695 2683 2696
f 2696 2683 2684
f 2697 2690 2454
f 2697 2454 2462
f 2698 2462 2463
f 2698 2697 2462
f 2699 2463 2464
f 2699 2698 2463
f 2701 2699 2700
f 2699 2465 2700
f 2699 2464 2465
f 2467 2700 2465
f 2702 2468 2469
f 2703 2702 2469
f 2703 2469 2458
f 2704 2703 2458
f 2691 2704 2458
f 2704 2691 2692
f 2704 2692 2705
f 2705 2692 2693
f 2701 2700 2706
f 2701 2706 2707
f 2471 2706 2467
f 2467 2706 2700
f 2708 2473 2474
f 2709 2708 2474
f 2709 2474 2468
f 2710 2709 2468
f 2702 2710 2468
f 2710 2702 2703
f 2711 2707 2706
f 2713 2711 2712
f 2712 2711 2475
f 2711 2706 2475
f 2706 2471 2475
f 2476 2714 2475
f 2475 2714 2712
f 2478 2714 2476
f 2716 2715 2480
f 2480 2715 2479
f 2480 2473 2708
f 2717 2480 2708
f 2716 2480 2717
f 2717 2708 2709
f 2718 2713 2712
f 2720 2719 2718
f 2712 2720 2718
f 2714 2720 2712
f 2482 2720 2478
f 2478 2720 2714
f 2722 2721 2485
f 2485 2721 2484
f 2723 2485 2486
f 2723 2722 2485
f 2724 2486 2487
f 2724 2723 2486
f 2487 2479 2715
f 2487 2715 2724
f 2719 2720 2725
f 2719 2725 2726
f 2489 2725 2482
f 2482 2725 2720
f 2728 2727 2491
f 2491 2727 2490
f 2491 2484 2721
f 2491 2721 2728
f 2726 2725 2729
f 2726 2729 2730
f 2493 2729 2489
f 2489 2729 2725
f 2732 2731 2496
f 2496 2731 2495
f 2733 2496 2497
f 2733 2732 2496
f 2497 2490 2727
f 2497 2727 2733
f 2730 2729 2734
f 2730 2734 2735
f 2500 2734 2493
f 2493 2734 2729
f 2738 2737 2736
f 2502 2503 2736
f 2503 2738 2736
f 2503 2739 2738
f 2503 2495 2731
f 2503 2731 2739
f 2740 2735 2734
f 2734 2500 2740
f 2500 2741 2740
f 2500 2505 2741
f 2744 2743 2742
f 2744 2742 2737
f 2737 2742 2736
f 2742 2507 2736
f 2507 2508 2736
f 2736 2508 2502
f 2510 2741 2505
f 2510 2745 2741
f 2748 2747 2746
f 2750 2749 2746
f 2746 2749 2748
f 2749 2750 2743
f 2750 2742 2743
f 2750 2751 2742
f 2751 2512 2507
f 2751 2507 2742
f 2514 2745 2510
f 2514 2752 2745
f 2746 2747 2753
f 2753 2747 2754
f 2753 2516 2517
f 2750 2753 2517
f 2746 2753 2750
f 2750 2517 2518
f 2750 2518 2751
f 2751 2518 2512
f 2522 2755 2521
f 2756 2523 2521
f 2756 2521 2755
f 2757 2524 2523
f 2757 2523 2756
f 2524 2757 2758
f 2759 2524 2758
f 2525 2524 2759
f 2525 2760 2526
f 2759 2760 2525
f 2526 2761 2527
f 2760 2761 2526
f 2527 2762 2528
f 2761 2762 2527
f 2528 2763 2529
f 2762 2763 2528
f 2514 2529 2752
f 2752 2529 2763
f 2766 2765 2764
f 2766 2764 2754
f 2764 2753 2754
f 2764 2767 2753
f 2767 2531 2516
f 2767 2516 2753
f 2535 2768 2755
f 2535 2755 2522
f 2755 2769 2756
f 2755 2768 2769
f 2756 2770 2757
f 2756 2769 2770
f 2758 2757 2771
f 2771 2757 2770
f 2764 2765 2772
f 2772 2765 2773
f 2772 2537 2538
f 2767 2772 2538
f 2764 2772 2767
f 2767 2538 2531
f 2543 2774 2768
f 2543 2768 2535
f 2768 2775 2769
f 2768 2774 2775
f 2769 2776 2770
f 2769 2775 2776
f 2771 2770 2777
f 2777 2770 2776
f 2772 2773 2778
f 2778 2773 2779
f 2778 2545 2537
f 2778 2537 2772
f 2550 2774 2543
f 2774 2550 2551
f 2774 2551 2775
f 2776 2775 2780
f 2775 2552 2780
f 2552 2781 2780
f 2552 2775 2551
f 2776 2780 2777
f 2778 2779 2782
f 2782 2779 2783
f 2782 2554 2545
f 2782 2545 2778
f 2785 2784 2560
f 2785 2560 2561
f 2552 2560 2781
f 2781 2560 2784
f 2788 2787 2786
f 2788 2786 2783
f 2786 2782 2783
f 2786 2789 2782
f 2789 2563 2554
f 2789 2554 2782
f 2569 2785 2561
f 2569 2790 2785
f 2786 2787 2791
f 2791 2787 2792
f 2786 2793 2789
f 2786 2791 2793
f 2793 2571 2563
f 2793 2563 2789
f 2577 2790 2569
f 2577 2794 2790
f 2791 2792 2795
f 2795 2792 2796
f 2791 2797 2793
f 2791 2795 2797
f 2798 2578 2571
f 2793 2798 2571
f 2797 2798 2793
f 2578 2798 2799
f 2800 2578 2799
f 2579 2578 2800
f 2579 2801 2580
f 2800 2801 2579
f 2580 2802 2581
f 2801 2802 2580
f 2581 2803 2582
f 2802 2803 2581
f 2583 2582 2803
f 2583 2803 2804
f 2585 2794 2577
f 2585 2805 2794
f 2795 2796 2806
f 2806 2796 2807
f 2795 2808 2797
f 2795 2806 2808
f 2797 2809 2798
f 2797 2808 2809
f 2799 2798 2810
f 2810 2798 2809
f 2586 2583 2811
f 2583 2812 2811
f 2583 2804 2812
f 2811 2588 2586
f 2814 2813 2592
f 2814 2592 2591
f 2592 2815 2593
f 2813 2815 2592
f 2593 2816 2594
f 2815 2816 2593
f 2594 2817 2595
f 2816 2817 2594
f 2596 2595 2817
f 2596 2817 2818
f 2820 2819 2598
f 2820 2598 2599
f 2598 2821 2601
f 2819 2821 2598
f 2585 2601 2805
f 2805 2601 2821
f 2807 2822 2806
f 2806 2822 2808
f 2808 2822 2823
f 2808 2823 2809
f 2809 2823 2824
f 2809 2824 2810
f 2811 2812 2825
f 2825 2812 2826
f 2825 2603 2588
f 2825 2588 2811
f 2606 2814 2591
f 2606 2827 2814
f 2818 2607 2596
f 2828 2607 2818
f 2608 2820 2599
f 2608 2829 2820
f 2825 2826 2830
f 2830 2826 2831
f 2830 2610 2603
f 2830 2603 2825
f 2613 2827 2606
f 2613 2832 2827
f 2828 2614 2607
f 2833 2614 2828
f 2835 2834 2615
f 2835 2615 2616
f 2608 2615 2829
f 2829 2615 2834
f 2830 2831 2836
f 2836 2831 2837
f 2836 2618 2610
f 2836 2610 2830
f 2621 2839 2838
f 2832 2621 2838
f 2613 2621 2832
f 2841 2840 2839
f 2839 2840 2838
f 2843 2842 2841
f 2841 2842 2840
f 2845 2844 2843
f 2843 2844 2842
f 2845 2846 2622
f 2833 2845 2622
f 2614 2833 2622
f 2845 2833 2844
f 2847 2623 2622
f 2847 2622 2846
f 2847 2624 2623
f 2849 2848 2625
f 2849 2625 2626
f 2616 2625 2835
f 2835 2625 2848
f 2836 2837 2850
f 2850 2837 2851
f 2852 2627 2618
f 2836 2852 2618
f 2850 2852 2836
f 2853 2628 2627
f 2853 2627 2852
f 2854 2629 2628
f 2854 2628 2853
f 2839 2621 2629
f 2854 2839 2629
f 2855 2839 2854
f 2839 2856 2841
f 2839 2855 2856
f 2841 2857 2843
f 2841 2856 2857
f 2843 2858 2845
f 2843 2857 2858
f 2845 2859 2846
f 2845 2858 2859
f 2846 2860 2847
f 2846 2859 2860
f 2861 2630 2624
f 2847 2861 2624
f 2860 2861 2847
f 2861 2631 2630
f 2633 2862 2632
f 2632 2862 2863
f 2864 2632 2863
f 2634 2632 2864
f 2626 2634 2849
f 2849 2634 2864
f 2851 2865 2850
f 2850 2865 2852
f 2852 2865 2866
f 2852 2866 2853
f 2853 2866 2867
f 2853 2867 2854
f 2854 2867 2868
f 2854 2868 2855
f 2855 2868 2869
f 2855 2869 2856
f 2856 2869 2870
f 2872 2871 2870
f 2871 2856 2870
f 2871 2857 2856
f 2857 2873 2858
f 2857 2871 2873
f 2858 2874 2859
f 2858 2873 2874
f 2876 2860 2875
f 2860 2874 2875
f 2860 2859 2874
f 2860 2876 2861
f 2861 2876 2877
f 2861 2877 2631
f 2877 2635 2631
f 2877 2878 2635
f 2637 2635 2878
f 2637 2878 2879
f 2881 2880 2644
f 2881 2644 2643
f 2633 2644 2862
f 2644 2882 2862
f 2644 2880 2882
f 2862 2882 2863
f 2872 2883 2871
f 2871 2883 2873
f 2873 2883 2884
f 2873 2884 2874
f 2874 2884 2885
f 2874 2885 2875
f 2879 2886 2637
f 2637 2886 2645
f 2645 2887 2646
f 2886 2887 2645
f 2646 2888 2647
f 2887 2888 2646
f 2647 2889 2648
f 2888 2889 2647
f 2648 2890 2649
f 2889 2890 2648
f 2649 2891 2650
f 2890 2891 2649
f 2650 2892 2651
f 2891 2892 2650
f 2651 2893 2652
f 2892 2893 2651
f 2652 2894 2653
f 2893 2894 2652
f 2643 2653 2881
f 2881 2653 2894
f 2895 2667 2668
f 2669 2896 2668
f 2668 2896 2895
f 2670 2897 2669
f 2669 2897 2896
f 2671 2898 2670
f 2670 2898 2897
f 2672 2899 2671
f 2671 2899 2898
f 2673 2900 2672
f 2672 2900 2899
f 2674 2901 2673
f 2673 2901 2900
f 2675 2902 2674
f 2674 2902 2901
f 2676 2903 2675
f 2675 2903 2902
f 2677 2904 2676
f 2676 2904 2903
f 2678 2904 2677
f 2905 2684 2685
f 2905 2685 2906
f 2685 2907 2906
f 2685 2686 2907
f 2686 2667 2895
f 2908 2686 2895
f 2907 2686 2908
f 2908 2895 2896
f 2908 2896 2909
f 2909 2896 2897
f 2909 2897 2910
f 2910 2897 2898
f 2910 2898 2911
f 2911 2898 2899
f 2911 2899 2912
f 2912 2899 2900
f 2912 2900 2913
f 2913 2900 2901
f 2913 2901 2914
f 2914 2901 2902
f 2914 2902 2915
f 2915 2902 2903
f 2915 2903 2916
f 2916 2903 2904
f 2916 2904 2917
f 2919 2917 2918
f 2918 2917 2687
f 2917 2904 2687
f 2904 2678 2687
f 2688 2920 2687
f 2687 2920 2918
f 2689 2921 2688
f 2688 2921 2920
f 2690 2921 2689
f 2922 2693 2694
f 2922 2694 2923
f 2694 2924 2923
f 2694 2695 2924
f 2925 2695 2696
f 2925 2924 2695
f 2696 2684 2905
f 2926 2696 2905
f 2925 2696 2926
f 2926 2905 2906
f 2919 2918 2927
f 2919 2927 2928
f 2929 2918 2920
f 2927 2918 2929
f 2930 2920 2921
f 2929 2920 2930
f 2697 2931 2690
f 2931 2921 2690
f 2931 2930 2921
f 2698 2932 2697
f 2697 2932 2931
f 2699 2933 2698
f 2698 2933 2932
f 2701 2933 2699
f 2934 2703 2704
f 2705 2935 2704
f 2704 2935 2934
f 2936 2935 2705
f 2936 2705 2693
f 2937 2936 2693
f 2922 2937 2693
f 2937 2922 2923
f 2928 2927 2938
f 2928 2938 2939
f 2940 2927 2929
f 2938 2927 2940
f 2941 2929 2930
f 2940 2929 2941
f 2942 2930 2931
f 2941 2930 2942
f 2943 2931 2932
f 2942 2931 2943
f 2944 2932 2933
f 2943 2932 2944
f 2707 2944 2701
f 2701 2944 2933
f 2945 2709 2710
f 2946 2945 2710
f 2946 2710 2703
f 2947 2946 2703
f 2934 2947 2703
f 2947 2934 2935
f 2947 2935 2948
f 2948 2935 2936
f 2949 2939 2938
f 2949 2938 2940
f 2949 2940 2950
f 2950 2940 2941
f 2950 2941 2951
f 2951 2941 2942
f 2951 2942 2952
f 2952 2942 2943
f 2952 2943 2953
f 2955 2954 2953
f 2943 2955 2953
f 2944 2955 2943
f 2711 2956 2707
f 2956 2944 2707
f 2956 2955 2944
f 2713 2956 2711
f 2958 2957 2716
f 2716 2957 2715
f 2959 2716 2717
f 2959 2958 2716
f 2717 2709 2945
f 2960 2717 2945
f 2959 2717 2960
f 2960 2945 2946
f 2954 2955 2961
f 2954 2961 2962
f 2963 2955 2956
f 2961 2955 2963
f 2718 2964 2713
f 2964 2956 2713
f 2964 2963 2956
f 2719 2964 2718
f 2966 2965 2722
f 2722 2965 2721
f 2967 2722 2723
f 2967 2966 2722
f 2968 2723 2724
f 2968 2967 2723
f 2724 2715 2957
f 2724 2957 2968
f 2969 2962 2961
f 2969 2961 2963
f 2969 2963 2970
f 2972 2971 2970
f 2963 2972 2970
f 2964 2972 2963
f 2726 2972 2719
f 2719 2972 2964
f 2975 2974 2973
f 2727 2728 2973
f 2728 2975 2973
f 2728 2976 2975
f 2728 2721 2965
f 2728 2965 2976
f 2971 2972 2977
f 2971 2977 2978
f 2730 2977 2726
f 2726 2977 2972
f 2981 2980 2979
f 2731 2732 2979
f 2732 2981 2979
f 2732 2982 2981
f 2733 2973 2974
f 2982 2733 2974
f 2732 2733 2982
f 2973 2733 2727
f 2978 2977 2983
f 2978 2983 2984
f 2735 2983 2730
f 2730 2983 2977
f 2987 2986 2985
f 2737 2738 2985
f 2738 2987 2985
f 2738 2988 2987
f 2739 2979 2980
f 2988 2739 2980
f 2738 2739 2988
f 2979 2739 2731
f 2984 2983 2989
f 2984 2989 2990
f 2740 2991 2735
f 2991 2983 2735
f 2991 2989 2983
f 2741 2991 2740
f 2994 2993 2992
f 2996 2995 2992
f 2992 2995 2994
f 2995 2996 2986
f 2986 2996 2985
f 2996 2743 2985
f 2743 2744 2985
f 2985 2744 2737
f 2990 2989 2997
f 2990 2997 2998
f 2999 2989 2991
f 2997 2989 2999
f 2745 2999 2741
f 2741 2999 2991
f 3002 3001 3000
f 3002 3000 2993
f 2993 3000 2992
f 3000 2747 2992
f 2747 2748 2992
f 2992 2748 2749
f 2992 2749 2996
f 2996 2749 2743
f 3005 3004 3003
f 3007 3006 3003
f 3007 3003 3004
f 3006 3007 2998
f 2997 3006 2998
f 3008 3006 2997
f 3009 2997 2999
f 3008 2997 3009
f 2752 3009 2745
f 2745 3009 2999
f 3012 3011 3010
f 3012 3010 3001
f 3010 3000 3001
f 3010 3013 3000
f 3013 2754 2747
f 3013 2747 3000
f 3015 3014 2759
f 3015 2759 2758
f 3003 2760 3005
f 2760 3014 3005
f 2760 2759 3014
f 2760 3003 2761
f 2761 3003 3006
f 2761 3006 2762
f 2762 3006 3008
f 2762 3008 2763
f 2763 3008 3009
f 2763 3009 2752
f 3018 3017 3016
f 3018 3016 3011
f 3016 3010 3011
f 3016 3019 3010
f 3019 2765 2766
f 3013 3019 2766
f 3010 3019 3013
f 3013 2766 2754
f 2771 3015 2758
f 2771 3020 3015
f 3016 3017 3021
f 3021 3017 3022
f 3016 3023 3019
f 3016 3021 3023
f 3023 2773 2765
f 3023 2765 3019
f 2777 3020 2771
f 2777 3024 3020
f 3021 3022 3025
f 3025 3022 3026
f 3021 3027 3023
f 3021 3025 3027
f 3027 2779 2773
f 3027 2773 3023
f 3029 3028 2780
f 3029 2780 2781
f 2777 2780 3024
f 3024 2780 3028
f 3025 3026 3030
f 3030 3026 3031
f 3025 3032 3027
f 3025 3030 3032
f 3032 2783 2779
f 3032 2779 3027
f 3034 3033 2784
f 3034 2784 2785
f 2781 2784 3029
f 3029 2784 3033
f 3030 3031 3035
f 3035 3031 3036
f 3035 2787 2788
f 3032 3035 2788
f 3030 3035 3032
f 3032 2788 2783
f 2790 3034 2785
f 2790 3037 3034
f 3035 3036 3038
f 3038 3036 3039
f 3038 2792 2787
f 3038 2787 3035
f 2794 3037 2790
f 2794 3040 3037
f 3038 3039 3041
f 3041 3039 3042
f 3041 2796 2792
f 3041 2792 3038
f 3044 3043 2800
f 3044 2800 2799
f 2800 3045 2801
f 3043 3045 2800
f 2801 3046 2802
f 3045 3046 2801
f 2802 3047 2803
f 3046 3047 2802
f 2804 2803 3047
f 2804 3047 3048
f 2805 3040 2794
f 2805 3049 3040
f 3041 3042 3050
f 3050 3042 3051
f 3050 2807 2796
f 3050 2796 3041
f 2810 3044 2799
f 2810 3052 3044
f 3048 2812 2804
f 3053 2812 3048
f 2814 3054 2813
f 3055 2815 2813
f 3055 2813 3054
f 3056 2816 2815
f 3056 2815 3055
f 3057 2817 2816
f 3057 2816 3056
f 3057 2818 2817
f 3059 3058 2819
f 3059 2819 2820
f 2819 3060 2821
f 3058 3060 2819
f 2805 2821 3049
f 3049 2821 3060
f 3050 3051 3061
f 3061 3051 3062
f 3063 2822 2807
f 3050 3063 2807
f 3061 3063 3050
f 3064 2823 2822
f 3064 2822 3063
f 3065 2824 2823
f 3065 2823 3064
f 3065 3066 2824
f 3066 2810 2824
f 3066 3052 2810
f 3053 2826 2812
f 3067 2826 3053
f 2827 3068 3054
f 2827 3054 2814
f 3054 3069 3055
f 3054 3068 3069
f 3055 3070 3056
f 3055 3069 3070
f 3056 3071 3057
f 3056 3070 3071
f 3071 2828 2818
f 3071 2818 3057
f 2829 3059 2820
f 2829 3072 3059
f 3062 3073 3061
f 3075 3074 3073
f 3074 3061 3073
f 3074 3063 3061
f 3063 3076 3064
f 3063 3074 3076
f 3064 3077 3065
f 3064 3076 3077
f 3066 3065 3078
f 3065 3079 3078
f 3065 3077 3079
f 3081 3080 3079
f 3079 3080 3078
f 3083 3082 3081
f 3081 3082 3080
f 3085 3084 3083
f 3083 3084 3082
f 3067 3084 3085
f 2831 3067 3085
f 2826 3067 2831
f 2832 3086 3068
f 2832 3068 2827
f 3068 3087 3069
f 3068 3086 3087
f 3069 3088 3070
f 3069 3087 3088
f 3070 3089 3071
f 3070 3088 3089
f 3089 2833 2828
f 3089 2828 3071
f 3092 3091 3090
f 2834 2835 3090
f 3091 2834 3090
f 3093 2834 3091
f 2829 2834 3072
f 3072 2834 3093
f 3075 3094 3074
f 3074 3094 3076
f 3076 3094 3095
f 3097 3096 3095
f 3096 3076 3095
f 3096 3077 3076
f 3077 3098 3079
f 3077 3096 3098
f 3079 3099 3081
f 3079 3098 3099
f 3081 3100 3083
f 3081 3099 3100
f 3083 3101 3085
f 3083 3100 3101
f 3101 2837 2831
f 3101 2831 3085
f 2838 3086 2832
f 3086 2838 2840
f 3086 2840 3087
f 3087 2840 2842
f 3087 2842 3088
f 3088 2842 2844
f 3088 2844 3089
f 3089 2844 2833
f 3092 3090 2848
f 2849 3092 2848
f 3102 3092 2849
f 2848 3090 2835
f 3096 3097 3103
f 3103 3097 3104
f 3096 3105 3098
f 3096 3103 3105
f 3098 3106 3099
f 3098 3105 3106
f 3099 3107 3100
f 3099 3106 3107
f 3100 3108 3101
f 3100 3107 3108
f 3108 2851 2837
f 3108 2837 3101
f 3110 3109 2864
f 3110 2864 2863
f 2849 2864 3102
f 3102 2864 3109
f 3104 3111 3103
f 3103 3111 3105
f 3105 3111 3112
f 3105 3112 3106
f 3106 3112 3113
f 3106 3113 3107
f 3107 3113 3114
f 3107 3114 3108
f 3108 3114 3115
f 3108 3115 2851
f 3115 2865 2851
f 3115 3116 2865
f 2865 3117 2866
f 3116 3117 2865
f 2866 3118 2867
f 3117 3118 2866
f 2867 3119 2868
f 3118 3119 2867
f 2868 3120 2869
f 3119 3120 2868
f 3120 3122 3121
f 2870 3120 3121
f 2869 3120 2870
f 3121 2872 2870
f 2875 3123 2876
f 3124 2877 2876
f 3124 2876 3123
f 3125 2878 2877
f 3125 2877 3124
f 3125 2879 2878
f 2881 3126 2880
f 2880 3126 3127
f 3128 2880 3127
f 2882 2880 3128
f 2863 2882 3110
f 3110 2882 3128
f 3122 3129 3121
f 3121 3129 2872
f 3129 2883 2872
f 3129 3130 2883
f 3130 3132 3131
f 2884 3130 3131
f 2883 3130 2884
f 3133 2885 2884
f 3133 2884 3131
f 3123 2875 2885
f 3133 3123 2885
f 3134 3123 3133
f 3123 3135 3124
f 3123 3134 3135
f 3124 3136 3125
f 3124 3135 3136
f 3137 2886 2879
f 3125 3137 2879
f 3136 3137 3125
f 3138 2887 2886
f 3138 2886 3137
f 3139 2888 2887
f 3139 2887 3138
f 3140 2889 2888
f 3140 2888 3139
f 3141 2890 2889
f 3141 2889 3140
f 3142 2891 2890
f 3142 2890 3141
f 3143 2892 2891
f 3143 2891 3142
f 3144 2893 2892
f 3144 2892 3143
f 2893 3144 3145
f 3146 2893 3145
f 2894 2893 3146
f 2881 2894 3126
f 2894 3147 3126
f 2894 3146 3147
f 3126 3147 3127
f 3132 3148 3131
f 3131 3148 3133
f 3133 3148 3149
f 3133 3149 3134
f 3134 3149 3150
f 3134 3150 3135
f 3135 3150 3151
f 3135 3151 3136
f 3136 3151 3152
f 3136 3152 3137
f 3137 3152 3153
f 3137 3153 3138
f 3138 3153 3154
f 3138 3154 3139
f 3139 3154 3155
f 3139 3155 3140
f 3140 3155 3156
f 3140 3156 3141
f 3141 3156 3157
f 3141 3157 3142
f 3142 3157 3158
f 3142 3158 3143
f 3143 3158 3159
f 3143 3159 3144
f 3144 3159 3160
f 3144 3160 3145
f 3161 2906 2907
f 2908 3162 2907
f 2907 3162 3161
f 2909 3163 2908
f 2908 3163 3162
f 2910 3164 2909
f 2909 3164 3163
f 2911 3165 2910
f 2910 3165 3164
f 2912 3166 2911
f 2911 3166 3165
f 2913 3167 2912
f 2912 3167 3166
f 2914 3168 2913
f 2913 3168 3167
f 2915 3169 2914
f 2914 3169 3168
f 2916 3170 2915
f 2915 3170 3169
f 2917 3171 2916
f 2916 3171 3170
f 2919 3171 2917
f 3172 2923 2924
f 2925 3173 2924
f 2924 3173 3172
f 2926 3174 2925
f 2925 3174 3173
f 3175 3174 2926
f 3175 2926 2906
f 3176 3175 2906
f 3161 3176 2906
f 3176 3161 3162
f 3176 3162 3177
f 3177 3162 3163
f 3177 3163 3178
f 3178 3163 3164
f 3178 3164 3179
f 3179 3164 3165
f 3179 3165 3180
f 3180 3165 3166
f 3180 3166 3181
f 3181 3166 3167
f 3181 3167 3182
f 3182 3167 3168
f 3182 3168 3183
f 3183 3168 3169
f 3183 3169 3184
f 3184 3169 3170
f 3184 3170 3185
f 3187 3186 3185
f 3170 3187 3185
f 3171 3187 3170
f 2928 3187 2919
f 2919 3187 3171
f 3188 2936 2937
f 2923 3172 2937
f 3172 3188 2937
f 3172 3189 3188
f 3173 3191 3190
f 3189 3173 3190
f 3172 3173 3189
f 3191 3173 3174
f 3191 3174 3192
f 3192 3174 3175
f 3193 3186 3187
f 3187 2928 3193
f 2928 3194 3193
f 2928 2939 3194
f 3195 2946 2947
f 3195 2947 3196
f 2947 3197 3196
f 2947 2948 3197
f 2948 2936 3188
f 3198 2948 3188
f 3197 2948 3198
f 3198 3188 3189
f 3198 3189 3199
f 3199 3189 3190
f 3200 3194 2939
f 3200 2939 2949
f 3202 3200 3201
f 3200 2950 3201
f 3200 2949 2950
f 2951 3203 2950
f 2950 3203 3201
f 2952 3204 2951
f 2951 3204 3203
f 2953 3205 2952
f 2952 3205 3204
f 2954 3205 2953
f 3206 2957 2958
f 2959 3207 2958
f 2958 3207 3206
f 3207 2959 3208
f 2959 3209 3208
f 2959 2960 3209
f 2960 2946 3195
f 3210 2960 3195
f 3209 2960 3210
f 3210 3195 3196
f 3211 3202 3201
f 3211 3201 3203
f 3211 3203 3212
f 3212 3203 3204
f 3212 3204 3213
f 3215 3214 3213
f 3204 3215 3213
f 3205 3215 3204
f 2962 3215 2954
f 2954 3215 3205
f 3217 3216 2966
f 2966 3216 2965
f 3218 2966 2967
f 3218 3217 2966
f 3219 2967 2968
f 3219 3218 2967
f 2968 2957 3206
f 3220 2968 3206
f 3219 2968 3220
f 3220 3206 3207
f 3220 3207 3221
f 3221 3207 3208
f 3214 3215 3222
f 3214 3222 3223
f 2969 3224 2962
f 3224 3215 2962
f 3224 3222 3215
f 2970 3225 2969
f 2969 3225 3224
f 2971 3225 2970
f 3227 3226 2975
f 2975 3226 2974
f 3228 2975 2976
f 3228 3227 2975
f 2976 2965 3216
f 2976 3216 3228
f 3223 3222 3229
f 3223 3229 3230
f 3231 3222 3224
f 3229 3222 3231
f 3232 3224 3225
f 3231 3224 3232
f 2978 3232 2971
f 2971 3232 3225
f 3235 3234 3233
f 2980 2981 3233
f 2981 3235 3233
f 2981 3236 3235
f 3237 2981 2982
f 3237 3236 2981
f 2982 2974 3226
f 2982 3226 3237
f 3238 3230 3229
f 3240 3239 3238
f 3229 3240 3238
f 3231 3240 3229
f 3241 3231 3232
f 3240 3231 3241
f 2984 3241 2978
f 2978 3241 3232
f 3244 3243 3242
f 3246 3245 3242
f 3242 3245 3244
f 3248 3247 3246
f 3246 3247 3245
f 2986 2987 3248
f 2987 3247 3248
f 2987 3249 3247
f 2988 3233 3234
f 3249 2988 3234
f 2987 2988 3249
f 3233 2988 2980
f 3239 3240 3250
f 3239 3250 3251
f 3252 3240 3241
f 3250 3240 3252
f 2990 3252 2984
f 2984 3252 3241
f 3255 3254 3253
f 3255 3253 3243
f 3253 3242 3243
f 3253 3256 3242
f 3256 2993 2994
f 3246 3256 2994
f 3242 3256 3246
f 3246 2994 2995
f 3246 2995 3248
f 3248 2995 2986
f 3251 3250 3257
f 3251 3257 3258
f 3259 3250 3252
f 3257 3250 3259
f 2998 3259 2990
f 2990 3259 3252
f 3253 3254 3260
f 3260 3254 3261
f 3260 3001 3002
f 3256 3260 3002
f 3253 3260 3256
f 3256 3002 2993
f 3258 3257 3004
f 3005 3258 3004
f 3262 3258 3005
f 3004 3257 3007
f 3007 3257 3259
f 3007 3259 2998
f 3265 3264 3263
f 3265 3263 3261
f 3261 3263 3260
f 3263 3011 3260
f 3011 3012 3260
f 3260 3012 3001
f 3267 3266 3014
f 3267 3014 3015
f 3005 3014 3262
f 3262 3014 3266
f 3263 3264 3018
f 3264 3017 3018
f 3264 3268 3017
f 3263 3018 3011
f 3020 3267 3015
f 3020 3269 3267
f 3272 3271 3270
f 3268 3272 3270
f 3022 3268 3270
f 3017 3268 3022
f 3024 3269 3020
f 3024 3273 3269
f 3270 3271 3274
f 3274 3271 3275
f 3274 3026 3022
f 3274 3022 3270
f 3277 3276 3028
f 3277 3028 3029
f 3024 3028 3273
f 3273 3028 3276
f 3274 3275 3278
f 3278 3275 3279
f 3278 3031 3026
f 3278 3026 3274
f 3281 3280 3033
f 3281 3033 3034
f 3029 3033 3277
f 3277 3033 3280
f 3278 3279 3282
f 3282 3279 3283
f 3282 3036 3031
f 3282 3031 3278
f 3286 3285 3284
f 3285 3281 3284
f 3281 3037 3284
f 3281 3034 3037
f 3282 3283 3287
f 3287 3283 3288
f 3287 3039 3036
f 3287 3036 3282
f 3286 3284 3289
f 3286 3289 3290
f 3040 3289 3037
f 3037 3289 3284
f 3287 3288 3291
f 3291 3288 3292
f 3291 3042 3039
f 3291 3039 3287
f 3294 3293 3043
f 3294 3043 3044
f 3043 3295 3045
f 3293 3295 3043
f 3045 3296 3046
f 3295 3296 3045
f 3296 3298 3297
f 3047 3296 3297
f 3046 3296 3047
f 3297 3048 3047
f 3301 3300 3299
f 3299 3300 3290
f 3289 3299 3290
f 3302 3299 3289
f 3049 3302 3040
f 3040 3302 3289
f 3291 3292 3303
f 3303 3292 3304
f 3303 3051 3042
f 3303 3042 3291
f 3052 3294 3044
f 3052 3305 3294
f 3297 3298 3306
f 3306 3298 3307
f 3306 3053 3048
f 3306 3048 3297
f 3301 3299 3058
f 3059 3301 3058
f 3308 3301 3059
f 3058 3299 3060
f 3060 3299 3302
f 3060 3302 3049
f 3303 3304 3309
f 3309 3304 3310
f 3309 3062 3051
f 3309 3051 3303
f 3066 3305 3052
f 3066 3311 3305
f 3306 3307 3312
f 3312 3307 3313
f 3312 3067 3053
f 3312 3053 3306
f 3072 3308 3059
f 3072 3314 3308
f 3310 3315 3309
f 3315 3317 3316
f 3315 3316 3073
f 3309 3315 3073
f 3062 3309 3073
f 3316 3075 3073
f 3318 3311 3066
f 3318 3066 3078
f 3319 3078 3080
f 3319 3318 3078
f 3320 3080 3082
f 3320 3319 3080
f 3084 3312 3313
f 3320 3084 3313
f 3082 3084 3320
f 3312 3084 3067
f 3322 3321 3091
f 3322 3091 3092
f 3091 3323 3093
f 3321 3323 3091
f 3072 3093 3314
f 3314 3093 3323
f 3317 3324 3316
f 3324 3326 3325
f 3324 3325 3094
f 3316 3324 3094
f 3075 3316 3094
f 3327 3095 3094
f 3327 3094 3325
f 3327 3097 3095
f 3102 3322 3092
f 3102 3328 3322
f 3326 3329 3325
f 3325 3329 3327
f 3327 3329 3330
f 3097 3327 3330
f 3331 3097 3330
f 3104 3097 3331
f 3333 3332 3109
f 3333 3109 3110
f 3102 3109 3328
f 3328 3109 3332
f 3331 3334 3104
f 3104 3334 3111
f 3111 3335 3112
f 3334 3335 3111
f 3112 3336 3113
f 3335 3336 3112
f 3113 3337 3114
f 3336 3337 3113
f 3114 3338 3115
f 3337 3338 3114
f 3115 3339 3116
f 3338 3339 3115
f 3116 3340 3117
f 3339 3340 3116
f 3117 3341 3118
f 3340 3341 3117
f 3118 3342 3119
f 3341 3342 3118
f 3119 3343 3120
f 3342 3343 3119
f 3122 3120 3343
f 3122 3343 3344
f 3346 3345 3128
f 3346 3128 3127
f 3110 3128 3333
f 3333 3128 3345
f 3129 3122 3347
f 3122 3348 3347
f 3122 3344 3348
f 3349 3130 3129
f 3349 3129 3347
f 3349 3132 3130
f 3351 3350 3146
f 3351 3146 3145
f 3146 3352 3147
f 3350 3352 3146
f 3127 3147 3346
f 3346 3147 3352
f 3348 3353 3347
f 3347 3353 3349
f 3349 3353 3354
f 3349 3354 3132
f 3354 3148 3132
f 3354 3355 3148
f 3148 3356 3149
f 3355 3356 3148
f 3149 3357 3150
f 3356 3357 3149
f 3150 3358 3151
f 3357 3358 3150
f 3151 3359 3152
f 3358 3359 3151
f 3152 3360 3153
f 3359 3360 3152
f 3153 3361 3154
f 3360 3361 3153
f 3154 3362 3155
f 3361 3362 3154
f 3155 3363 3156
f 3362 3363 3155
f 3156 3364 3157
f 3363 3364 3156
f 3157 3365 3158
f 3364 3365 3157
f 3158 3366 3159
f 3365 3366 3158
f 3159 3367 3160
f 3366 3367 3159
f 3145 3160 3351
f 3351 3160 3367
f 3368 3175 3176
f 3177 3369 3176
f 3176 3369 3368
f 3178 3370 3177
f 3177 3370 3369
f 3179 3371 3178
f 3178 3371 3370
f 3180 3372 3179
f 3179 3372 3371
f 3181 3373 3180
f 3180 3373 3372
f 3182 3374 3181
f 3181 3374 3373
f 3183 3375 3182
f 3182 3375 3374
f 3184 3376 3183
f 3183 3376 3375
f 3185 3377 3184
f 3184 3377 3376
f 3186 3377 3185
f 3378 3190 3191
f 3378 3191 3379
f 3191 3380 3379
f 3191 3192 3380
f 3192 3175 3368
f 3381 3192 3368
f 3380 3192 3381
f 3381 3368 3369
f 3381 3369 3382
f 3382 3369 3370
f 3382 3370 3383
f 3383 3370 3371
f 3383 3371 3384
f 3384 3371 3372
f 3384 3372 3385
f 3385 3372 3373
f 3385 3373 3386
f 3386 3373 3374
f 3386 3374 3387
f 3387 3374 3375
f 3387 3375 3388
f 3388 3375 3376
f 3388 3376 3389
f 3391 3390 3389
f 3376 3391 3389
f 3377 3391 3376
f 3193 3392 3186
f 3392 3377 3186
f 3392 3391 3377
f 3194 3392 3193
f 3393 3196 3197
f 3198 3394 3197
f 3197 3394 3393
f 3394 3198 3395
f 3198 3396 3395
f 3198 3199 3396
f 3199 3190 3378
f 3397 3199 3378
f 3396 3199 3397
f 3397 3378 3379
f 3390 3391 3398
f 3390 3398 3399
f 3400 3391 3392
f 3398 3391 3400
f 3200 3401 3194
f 3401 3392 3194
f 3401 3400 3392
f 3202 3401 3200
f 3402 3208 3209
f 3210 3403 3209
f 3209 3403 3402
f 3196 3393 3210
f 3393 3403 3210
f 3393 3404 3403
f 3394 3406 3405
f 3404 3394 3405
f 3393 3394 3404
f 3406 3394 3395
f 3407 3399 3398
f 3407 3398 3400
f 3407 3400 3408
f 3408 3400 3401
f 3408 3401 3409
f 3411 3409 3410
f 3410 3409 3211
f 3409 3401 3211
f 3401 3202 3211
f 3212 3412 3211
f 3211 3412 3410
f 3213 3413 3212
f 3212 3413 3412
f 3214 3413 3213
f 3414 3216 3217
f 3414 3217 3415
f 3217 3416 3415
f 3217 3218 3416
f 3417 3218 3219
f 3417 3416 3218
f 3418 3219 3220
f 3418 3417 3219
f 3419 3220 3221
f 3419 3418 3220
f 3221 3208 3402
f 3420 3221 3402
f 3419 3221 3420
f 3420 3402 3403
f 3420 3403 3421
f 3421 3403 3404
f 3421 3404 3422
f 3422 3404 3405
f 3423 3411 3410
f 3425 3424 3423
f 3410 3425 3423
f 3412 3425 3410
f 3426 3412 3413
f 3425 3412 3426
f 3223 3426 3214
f 3214 3426 3413
f 3429 3428 3427
f 3226 3227 3427
f 3227 3429 3427
f 3227 3430 3429
f 3431 3227 3228
f 3431 3430 3227
f 3228 3216 3414
f 3432 3228 3414
f 3431 3228 3432
f 3432 3414 3415
f 3424 3425 3433
f 3424 3433 3434
f 3435 3425 3426
f 3433 3425 3435
f 3230 3435 3223
f 3223 3435 3426
f 3438 3437 3436
f 3440 3439 3436
f 3436 3439 3438
f 3442 3441 3440
f 3440 3441 3439
f 3444 3443 3442
f 3442 3443 3441
f 3234 3235 3444
f 3235 3443 3444
f 3235 3445 3443
f 3446 3235 3236
f 3446 3445 3235
f 3237 3427 3428
f 3446 3237 3428
f 3236 3237 3446
f 3427 3237 3226
f 3434 3433 3447
f 3434 3447 3448
f 3449 3433 3435
f 3447 3433 3449
f 3238 3450 3230
f 3450 3435 3230
f 3450 3449 3435
f 3239 3450 3238
f 3453 3452 3451
f 3453 3451 3437
f 3437 3451 3436
f 3451 3243 3436
f 3243 3244 3436
f 3436 3244 3245
f 3436 3245 3440
f 3440 3245 3247
f 3440 3247 3442
f 3442 3247 3249
f 3442 3249 3444
f 3444 3249 3234
f 3448 3447 3454
f 3448 3454 3455
f 3456 3447 3449
f 3454 3447 3456
f 3457 3449 3450
f 3456 3449 3457
f 3251 3457 3239
f 3239 3457 3450
f 3451 3452 3255
f 3452 3254 3255
f 3452 3458 3254
f 3451 3255 3243
f 3455 3454 3459
f 3455 3459 3460
f 3461 3454 3456
f 3459 3454 3461
f 3462 3456 3457
f 3461 3456 3462
f 3258 3462 3251
f 3251 3462 3457
f 3465 3464 3463
f 3458 3465 3463
f 3261 3458 3463
f 3254 3458 3261
f 3466 3460 3459
f 3468 3467 3466
f 3459 3468 3466
f 3461 3468 3459
f 3469 3461 3462
f 3468 3461 3469
f 3262 3469 3258
f 3258 3469 3462
f 3463 3464 3265
f 3464 3264 3265
f 3464 3470 3264
f 3463 3265 3261
f 3467 3468 3471
f 3467 3471 3472
f 3267 3471 3266
f 3471 3469 3266
f 3471 3468 3469
f 3266 3469 3262
f 3475 3474 3473
f 3470 3475 3473
f 3268 3470 3473
f 3264 3470 3268
f 3472 3471 3476
f 3472 3476 3477
f 3269 3476 3267
f 3267 3476 3471
f 3473 3474 3272
f 3474 3271 3272
f 3474 3478 3271
f 3473 3272 3268
f 3477 3476 3479
f 3477 3479 3480
f 3273 3479 3269
f 3269 3479 3476
f 3478 3275 3271
f 3481 3275 3478
f 3480 3479 3276
f 3277 3480 3276
f 3482 3480 3277
f 3276 3479 3273
f 3481 3279 3275
f 3483 3279 3481
f 3485 3484 3280
f 3485 3280 3281
f 3277 3280 3482
f 3482 3280 3484
f 3483 3283 3279
f 3486 3283 3483
f 3488 3487 3285
f 3488 3285 3286
f 3281 3285 3485
f 3485 3285 3487
f 3486 3288 3283
f 3489 3288 3486
f 3290 3488 3286
f 3290 3490 3488
f 3489 3292 3288
f 3491 3292 3489
f 3294 3492 3293
f 3493 3295 3293
f 3493 3293 3492
f 3494 3296 3295
f 3494 3295 3493
f 3494 3298 3296
f 3496 3495 3300
f 3496 3300 3301
f 3290 3300 3490
f 3490 3300 3495
f 3491 3304 3292
f 3497 3304 3491
f 3305 3498 3492
f 3305 3492 3294
f 3492 3499 3493
f 3492 3498 3499
f 3493 3500 3494
f 3493 3499 3500
f 3500 3307 3298
f 3500 3298 3494
f 3308 3496 3301
f 3308 3501 3496
f 3497 3310 3304
f 3502 3310 3497
f 3311 3503 3498
f 3311 3498 3305
f 3498 3504 3499
f 3498 3503 3504
f 3499 3505 3500
f 3499 3504 3505
f 3505 3313 3307
f 3505 3307 3500
f 3314 3501 3308
f 3314 3506 3501
f 3315 3310 3507
f 3310 3508 3507
f 3310 3502 3508
f 3507 3317 3315
f 3318 3503 3311
f 3503 3318 3319
f 3503 3319 3504
f 3504 3319 3320
f 3504 3320 3505
f 3505 3320 3313
f 3510 3509 3321
f 3510 3321 3322
f 3321 3511 3323
f 3509 3511 3321
f 3314 3323 3506
f 3506 3323 3511
f 3508 3512 3507
f 3512 3514 3513
f 3512 3513 3324
f 3507 3512 3324
f 3317 3507 3324
f 3513 3326 3324
f 3517 3516 3515
f 3516 3510 3515
f 3510 3328 3515
f 3510 3322 3328
f 3514 3518 3513
f 3513 3518 3326
f 3518 3329 3326
f 3518 3519 3329
f 3519 3521 3520
f 3330 3519 3520
f 3329 3519 3330
f 3520 3331 3330
f 3517 3515 3332
f 3333 3517 3332
f 3522 3517 3333
f 3332 3515 3328
f 3521 3523 3520
f 3523 3525 3524
f 3523 3524 3334
f 3520 3523 3334
f 3331 3520 3334
f 3526 3335 3334
f 3526 3334 3524
f 3527 3336 3335
f 3527 3335 3526
f 3528 3337 3336
f 3528 3336 3527
f 3529 3338 3337
f 3529 3337 3528
f 3530 3339 3338
f 3530 3338 3529
f 3531 3340 3339
f 3531 3339 3530
f 3532 3341 3340
f 3532 3340 3531
f 3533 3342 3341
f 3533 3341 3532
f 3534 3343 3342
f 3534 3342 3533
f 3534 3344 3343
f 3536 3535 3345
f 3536 3345 3346
f 3333 3345 3522
f 3522 3345 3535
f 3525 3537 3524
f 3524 3537 3526
f 3526 3537 3538
f 3526 3538 3527
f 3527 3538 3539
f 3527 3539 3528
f 3528 3539 3540
f 3528 3540 3529
f 3529 3540 3541
f 3529 3541 3530
f 3530 3541 3542
f 3544 3543 3542
f 3543 3530 3542
f 3543 3531 3530
f 3531 3545 3532
f 3531 3543 3545
f 3532 3546 3533
f 3532 3545 3546
f 3533 3547 3534
f 3533 3546 3547
f 3547 3348 3344
f 3547 3344 3534
f 3549 3548 3350
f 3549 3350 3351
f 3350 3550 3352
f 3548 3550 3350
f 3346 3352 3536
f 3536 3352 3550
f 3544 3551 3543
f 3543 3551 3545
f 3545 3551 3552
f 3545 3552 3546
f 3546 3552 3553
f 3546 3553 3547
f 3547 3553 3554
f 3547 3554 3348
f 3554 3353 3348
f 3554 3555 3353
f 3353 3556 3354
f 3555 3556 3353
f 3354 3557 3355
f 3556 3557 3354
f 3355 3558 3356
f 3557 3558 3355
f 3356 3559 3357
f 3558 3559 3356
f 3357 3560 3358
f 3559 3560 3357
f 3358 3561 3359
f 3560 3561 3358
f 3359 3562 3360
f 3561 3562 3359
f 3360 3563 3361
f 3562 3563 3360
f 3361 3564 3362
f 3563 3564 3361
f 3362 3565 3363
f 3564 3565 3362
f 3363 3566 3364
f 3565 3566 3363
f 3364 3567 3365
f 3566 3567 3364
f 3365 3568 3366
f 3567 3568 3365
f 3366 3569 3367
f 3568 3569 3366
f 3351 3367 3549
f 3549 3367 3569
f 3570 3379 3380
f 3381 3571 3380
f 3380 3571 3570
f 3382 3572 3381
f 3381 3572 3571
f 3383 3573 3382
f 3382 3573 3572
f 3384 3574 3383
f 3383 3574 3573
f 3385 3575 3384
f 3384 3575 3574
f 3386 3576 3385
f 3385 3576 3575
f 3387 3577 3386
f 3386 3577 3576
f 3388 3578 3387
f 3387 3578 3577
f 3389 3579 3388
f 3388 3579 3578
f 3390 3579 3389
f 3580 3395 3396
f 3397 3581 3396
f 3396 3581 3580
f 3379 3570 3397
f 3570 3581 3397
f 3570 3582 3581
f 3571 3584 3583
f 3582 3571 3583
f 3570 3571 3582
f 3584 3571 3572
f 3584 3572 3585
f 3585 3572 3573
f 3585 3573 3586
f 3586 3573 3574
f 3586 3574 3587
f 3587 3574 3575
f 3587 3575 3588
f 3588 3575 3576
f 3588 3576 3589
f 3589 3576 3577
f 3589 3577 3590
f 3592 3591 3590
f 3577 3592 3590
f 3578 3592 3577
f 3593 3578 3579
f 3592 3578 3593
f 3399 3593 3390
f 3390 3593 3579
f 3594 3405 3406
f 3595 3594 3406
f 3595 3406 3395
f 3596 3595 3395
f 3580 3596 3395
f 3596 3580 3581
f 3596 3581 3597
f 3597 3581 3582
f 3597 3582 3598
f 3598 3582 3583
f 3599 3591 3592
f 3599 3592 3593
f 3599 3593 3600
f 3602 3600 3601
f 3601 3600 3407
f 3600 3593 3407
f 3593 3399 3407
f 3408 3603 3407
f 3407 3603 3601
f 3409 3604 3408
f 3408 3604 3603
f 3411 3604 3409
f 3605 3415 3416
f 3417 3606 3416
f 3416 3606 3605
f 3418 3607 3417
f 3417 3607 3606
f 3419 3608 3418
f 3418 3608 3607
f 3608 3419 3609
f 3419 3610 3609
f 3419 3420 3610
f 3611 3420 3421
f 3611 3610 3420
f 3612 3421 3422
f 3612 3611 3421
f 3422 3405 3594
f 3613 3422 3594
f 3612 3422 3613
f 3613 3594 3595
f 3614 3602 3601
f 3614 3601 3603
f 3614 3603 3615
f 3617 3616 3615
f 3603 3617 3615
f 3604 3617 3603
f 3423 3618 3411
f 3618 3604 3411
f 3618 3617 3604
f 3424 3618 3423
f 3620 3619 3429
f 3429 3619 3428
f 3621 3429 3430
f 3621 3620 3429
f 3622 3430 3431
f 3622 3621 3430
f 3623 3431 3432
f 3623 3622 3431
f 3432 3415 3605
f 3624 3432 3605
f 3623 3432 3624
f 3624 3605 3606
f 3624 3606 3625
f 3625 3606 3607
f 3625 3607 3626
f 3626 3607 3608
f 3626 3608 3627
f 3627 3608 3609
f 3628 3616 3617
f 3628 3617 3618
f 3628 3618 3629
f 3618 3424 3629
f 3424 3630 3629
f 3424 3434 3630
f 3632 3631 3438
f 3438 3631 3437
f 3633 3438 3439
f 3633 3632 3438
f 3634 3439 3441
f 3634 3633 3439
f 3635 3441 3443
f 3635 3634 3441
f 3636 3443 3445
f 3636 3635 3443
f 3637 3445 3446
f 3637 3636 3445
f 3446 3428 3619
f 3446 3619 3637
f 3448 3630 3434
f 3448 3638 3630
f 3640 3639 3453
f 3453 3639 3452
f 3453 3437 3631
f 3453 3631 3640
f 3455 3638 3448
f 3455 3641 3638
f 3644 3643 3642
f 3639 3644 3642
f 3458 3639 3642
f 3452 3639 3458
f 3460 3641 3455
f 3460 3645 3641
f 3642 3643 3465
f 3643 3464 3465
f 3643 3646 3464
f 3642 3465 3458
f 3460 3466 3647
f 3648 3460 3647
f 3645 3460 3648
f 3467 3647 3466
f 3651 3650 3649
f 3646 3651 3649
f 3470 3646 3649
f 3464 3646 3470
f 3648 3647 3652
f 3648 3652 3653
f 3472 3652 3467
f 3467 3652 3647
f 3656 3655 3654
f 3656 3654 3650
f 3650 3654 3649
f 3654 3474 3649
f 3474 3475 3649
f 3649 3475 3470
f 3653 3652 3657
f 3653 3657 3658
f 3477 3657 3472
f 3472 3657 3652
f 3654 3655 3659
f 3659 3655 3660
f 3659 3478 3474
f 3659 3474 3654
f 3658 3657 3661
f 3658 3661 3662
f 3480 3661 3477
f 3477 3661 3657
f 3659 3660 3663
f 3663 3660 3664
f 3663 3481 3478
f 3663 3478 3659
f 3667 3666 3665
f 3665 3666 3662
f 3661 3665 3662
f 3668 3665 3661
f 3482 3668 3480
f 3480 3668 3661
f 3663 3664 3669
f 3669 3664 3670
f 3669 3483 3481
f 3669 3481 3663
f 3667 3665 3671
f 3667 3671 3672
f 3485 3671 3484
f 3671 3668 3484
f 3671 3665 3668
f 3484 3668 3482
f 3669 3670 3673
f 3673 3670 3674
f 3673 3486 3483
f 3673 3483 3669
f 3672 3671 3487
f 3488 3672 3487
f 3675 3672 3488
f 3487 3671 3485
f 3673 3674 3676
f 3676 3674 3677
f 3676 3489 3486
f 3676 3486 3673
f 3490 3675 3488
f 3490 3678 3675
f 3676 3677 3679
f 3679 3677 3680
f 3679 3491 3489
f 3679 3489 3676
f 3682 3681 3495
f 3682 3495 3496
f 3490 3495 3678
f 3678 3495 3681
f 3679 3680 3683
f 3683 3680 3684
f 3683 3497 3491
f 3683 3491 3679
f 3501 3682 3496
f 3501 3685 3682
f 3683 3684 3686
f 3686 3684 3687
f 3686 3502 3497
f 3686 3497 3683
f 3506 3685 3501
f 3506 3688 3685
f 3687 3689 3686
f 3502 3686 3689
f 3690 3502 3689
f 3508 3502 3690
f 3692 3691 3509
f 3692 3509 3510
f 3509 3693 3511
f 3691 3693 3509
f 3506 3511 3688
f 3688 3511 3693
f 3690 3694 3508
f 3508 3694 3512
f 3514 3512 3694
f 3514 3694 3695
f 3697 3696 3516
f 3697 3516 3517
f 3510 3516 3692
f 3692 3516 3696
f 3695 3698 3514
f 3514 3698 3518
f 3698 3700 3699
f 3519 3698 3699
f 3518 3698 3519
f 3699 3521 3519
f 3522 3697 3517
f 3522 3701 3697
f 3700 3702 3699
f 3699 3702 3521
f 3702 3523 3521
f 3702 3703 3523
f 3525 3523 3703
f 3525 3703 3704
f 3706 3705 3535
f 3706 3535 3536
f 3522 3535 3701
f 3701 3535 3705
f 3704 3707 3525
f 3525 3707 3537
f 3537 3708 3538
f 3707 3708 3537
f 3538 3709 3539
f 3708 3709 3538
f 3539 3710 3540
f 3709 3710 3539
f 3540 3711 3541
f 3710 3711 3540
f 3711 3713 3712
f 3542 3711 3712
f 3541 3711 3542
f 3712 3544 3542
f 3715 3714 3548
f 3715 3548 3549
f 3548 3716 3550
f 3714 3716 3548
f 3536 3550 3706
f 3706 3550 3716
f 3713 3717 3712
f 3712 3717 3544
f 3717 3551 3544
f 3717 3718 3551
f 3551 3719 3552
f 3718 3719 3551
f 3552 3720 3553
f 3719 3720 3552
f 3553 3721 3554
f 3720 3721 3553
f 3554 3722 3555
f 3721 3722 3554
f 3555 3723 3556
f 3722 3723 3555
f 3556 3724 3557
f 3723 3724 3556
f 3557 3725 3558
f 3724 3725 3557
f 3558 3726 3559
f 3725 3726 3558
f 3559 3727 3560
f 3726 3727 3559
f 3560 3728 3561
f 3727 3728 3560
f 3561 3729 3562
f 3728 3729 3561
f 3562 3730 3563
f 3729 3730 3562
f 3563 3731 3564
f 3730 3731 3563
f 3564 3732 3565
f 3731 3732 3564
f 3565 3733 3566
f 3732 3733 3565
f 3566 3734 3567
f 3733 3734 3566
f 3567 3735 3568
f 3734 3735 3567
f 3568 3736 3569
f 3735 3736 3568
f 3549 3569 3715
f 3715 3569 3736
f 3737 3583 3584
f 3585 3738 3584
f 3584 3738 3737
f 3586 3739 3585
f 3585 3739 3738
f 3587 3740 3586
f 3586 3740 3739
f 3588 3741 3587
f 3587 3741 3740
f 3589 3742 3588
f 3588 3742 3741
f 3590 3743 3589
f 3589 3743 3742
f 3591 3743 3590
f 3744 3595 3596
f 3597 3745 3596
f 3596 3745 3744
f 3745 3597 3746
f 3597 3747 3746
f 3597 3598 3747
f 3598 3583 3737
f 3748 3598 3737
f 3747 3598 3748
f 3748 3737 3738
f 3748 3738 3749
f 3749 3738 3739
f 3749 3739 3750
f 3750 3739 3740
f 3750 3740 3751
f 3751 3740 3741
f 3751 3741 3752
f 3752 3741 3742
f 3752 3742 3753
f 3753 3742 3743
f 3753 3743 3754
f 3754 3743 3591
f 3599 3754 3591
f 3755 3754 3599
f 3757 3755 3756
f 3755 3600 3756
f 3755 3599 3600
f 3602 3756 3600
f 3758 3609 3610
f 3611 3759 3610
f 3610 3759 3758
f 3759 3611 3760
f 3611 3761 3760
f 3611 3612 3761
f 3762 3612 3613
f 3762 3761 3612
f 3613 3595 3744
f 3763 3613 3744
f 3762 3613 3763
f 3763 3744 3745
f 3763 3745 3764
f 3764 3745 3746
f 3765 3757 3756
f 3765 3756 3602
f 3614 3765 3602
f 3766 3765 3614
f 3768 3766 3767
f 3766 3615 3767
f 3766 3614 3615
f 3616 3767 3615
f 3771 3770 3769
f 3773 3772 3769
f 3769 3772 3771
f 3619 3620 3773
f 3620 3772 3773
f 3620 3774 3772
f 3775 3620 3621
f 3775 3774 3620
f 3776 3621 3622
f 3776 3775 3621
f 3777 3622 3623
f 3777 3776 3622
f 3778 3623 3624
f 3778 3777 3623
f 3779 3624 3625
f 3779 3778 3624
f 3780 3625 3626
f 3780 3779 3625
f 3781 3626 3627
f 3781 3780 3626
f 3627 3609 3758
f 3782 3627 3758
f 3781 3627 3782
f 3782 3758 3759
f 3782 3759 3783
f 3783 3759 3760
f 3784 3768 3767
f 3786 3784 3785
f 3785 3784 3628
f 3784 3767 3628
f 3767 3616 3628
f 3629 3787 3628
f 3628 3787 3785
f 3630 3787 3629
f 3789 3788 3632
f 3632 3788 3631
f 3790 3632 3633
f 3790 3789 3632
f 3791 3633 3634
f 3791 3790 3633
f 3792 3634 3635
f 3792 3791 3634
f 3636 3769 3770
f 3792 3636 3770
f 3635 3636 3792
f 3769 3636 3637
f 3769 3637 3773
f 3773 3637 3619
f 3786 3785 3793
f 3786 3793 3794
f 3795 3785 3787
f 3793 3785 3795
f 3638 3795 3630
f 3630 3795 3787
f 3797 3796 3640
f 3640 3796 3639
f 3640 3631 3788
f 3640 3788 3797
f 3798 3794 3793
f 3800 3799 3798
f 3793 3800 3798
f 3795 3800 3793
f 3641 3800 3638
f 3638 3800 3795
f 3802 3801 3644
f 3644 3801 3643
f 3644 3639 3796
f 3644 3796 3802
f 3799 3800 3803
f 3799 3803 3804
f 3645 3803 3641
f 3641 3803 3800
f 3807 3806 3805
f 3801 3807 3805
f 3646 3801 3805
f 3643 3801 3646
f 3804 3803 3808
f 3804 3808 3809
f 3648 3808 3645
f 3645 3808 3803
f 3805 3806 3651
f 3806 3650 3651
f 3806 3810 3650
f 3805 3651 3646
f 3809 3808 3811
f 3809 3811 3812
f 3653 3811 3648
f 3648 3811 3808
f 3814 3813 3656
f 3656 3813 3655
f 3656 3650 3810
f 3656 3810 3814
f 3812 3811 3815
f 3812 3815 3816
f 3658 3815 3653
f 3653 3815 3811
f 3813 3660 3655
f 3817 3660 3813
f 3820 3819 3818
f 3818 3819 3816
f 3815 3818 3816
f 3821 3818 3815
f 3662 3821 3658
f 3658 3821 3815
f 3817 3664 3660
f 3822 3664 3817
f 3820 3818 3823
f 3820 3823 3824
f 3667 3823 3666
f 3823 3821 3666
f 3823 3818 3821
f 3666 3821 3662
f 3822 3670 3664
f 3825 3670 3822
f 3824 3823 3826
f 3824 3826 3827
f 3672 3826 3667
f 3667 3826 3823
f 3825 3674 3670
f 3828 3674 3825
f 3827 3826 3829
f 3827 3829 3830
f 3675 3829 3672
f 3672 3829 3826
f 3828 3677 3674
f 3831 3677 3828
f 3830 3829 3832
f 3830 3832 3833
f 3678 3832 3675
f 3675 3832 3829
f 3836 3835 3834
f 3831 3836 3834
f 3680 3831 3834
f 3677 3831 3680
f 3839 3838 3837
f 3837 3838 3833
f 3837 3833 3832
f 3682 3837 3832
f 3681 3682 3832
f 3681 3832 3678
f 3834 3835 3840
f 3840 3835 3841
f 3840 3684 3680
f 3840 3680 3834
f 3844 3843 3842
f 3842 3843 3839
f 3837 3842 3839
f 3845 3842 3837
f 3685 3845 3682
f 3682 3845 3837
f 3840 3841 3846
f 3846 3841 3847
f 3846 3687 3684
f 3846 3684 3840
f 3844 3842 3848
f 3844 3848 3849
f 3850 3842 3845
f 3848 3842 3850
f 3688 3850 3685
f 3685 3850 3845
f 3847 3851 3846
f 3851 3853 3852
f 3851 3852 3689
f 3846 3851 3689
f 3687 3846 3689
f 3852 3690 3689
f 3849 3848 3691
f 3692 3849 3691
f 3854 3849 3692
f 3691 3848 3693
f 3693 3848 3850
f 3693 3850 3688
f 3853 3855 3852
f 3855 3857 3856
f 3855 3856 3694
f 3852 3855 3694
f 3690 3852 3694
f 3856 3695 3694
f 3859 3858 3696
f 3859 3696 3697
f 3692 3696 3854
f 3854 3696 3858
f 3857 3860 3856
f 3860 3862 3861
f 3860 3861 3698
f 3856 3860 3698
f 3695 3856 3698
f 3861 3700 3698
f 3701 3859 3697
f 3701 3863 3859
f 3862 3864 3861
f 3861 3864 3700
f 3864 3702 3700
f 3864 3865 3702
f 3865 3867 3866
f 3703 3865 3866
f 3702 3865 3703
f 3866 3704 3703
f 3869 3868 3705
f 3869 3705 3706
f 3701 3705 3863
f 3863 3705 3868
f 3867 3870 3866
f 3866 3870 3704
f 3870 3707 3704
f 3870 3871 3707
f 3871 3873 3872
f 3708 3871 3872
f 3707 3871 3708
f 3874 3709 3708
f 3874 3708 3872
f 3875 3710 3709
f 3875 3709 3874
f 3876 3711 3710
f 3876 3710 3875
f 3876 3713 3711
f 3715 3877 3714
f 3714 3877 3878
f 3879 3714 3878
f 3716 3714 3879
f 3706 3716 3869
f 3869 3716 3879
f 3873 3880 3872
f 3872 3880 3874
f 3874 3880 3881
f 3874 3881 3875
f 3875 3881 3882
f 3875 3882 3876
f 3876 3882 3883
f 3876 3883 3713
f 3883 3717 3713
f 3883 3884 3717
f 3717 3885 3718
f 3884 3885 3717
f 3718 3886 3719
f 3885 3886 3718
f 3719 3887 3720
f 3886 3887 3719
f 3720 3888 3721
f 3887 3888 3720
f 3721 3889 3722
f 3888 3889 3721
f 3722 3890 3723
f 3889 3890 3722
f 3723 3891 3724
f 3890 3891 3723
f 3724 3892 3725
f 3891 3892 3724
f 3725 3893 3726
f 3892 3893 3725
f 3726 3894 3727
f 3893 3894 3726
f 3727 3895 3728
f 3894 3895 3727
f 3728 3896 3729
f 3895 3896 3728
f 3729 3897 3730
f 3896 3897 3729
f 3897 3899 3898
f 3731 3897 3898
f 3730 3897 3731
f 3900 3732 3731
f 3900 3731 3898
f 3901 3733 3732
f 3901 3732 3900
f 3902 3734 3733
f 3902 3733 3901
f 3903 3735 3734
f 3903 3734 3902
f 3735 3903 3904
f 3905 3735 3904
f 3736 3735 3905
f 3715 3736 3877
f 3736 3906 3877
f 3736 3905 3906
f 3877 3906 3878
f 3899 3907 3898
f 3898 3907 3900
f 3900 3907 3908
f 3900 3908 3901
f 3901 3908 3909
f 3901 3909 3902
f 3902 3909 3910
f 3902 3910 3903
f 3903 3910 3911
f 3903 3911 3904
f 3912 3746 3747
f 3912 3747 3913
f 3747 3914 3913
f 3747 3748 3914
f 3915 3748 3749
f 3915 3914 3748
f 3916 3749 3750
f 3916 3915 3749
f 3917 3750 3751
f 3917 3916 3750
f 3918 3751 3752
f 3918 3917 3751
f 3919 3752 3753
f 3919 3918 3752
f 3920 3753 3754
f 3920 3919 3753
f 3922 3920 3921
f 3920 3755 3921
f 3920 3754 3755
f 3757 3921 3755
f 3923 3760 3761
f 3762 3924 3761
f 3761 3924 3923
f 3924 3762 3925
f 3762 3926 3925
f 3762 3763 3926
f 3927 3763 3764
f 3927 3926 3763
f 3764 3746 3912
f 3928 3764 3912
f 3927 3764 3928
f 3928 3912 3913
f 3922 3921 3929
f 3922 3929 3930
f 3765 3931 3757
f 3931 3921 3757
f 3931 3929 3921
f 3766 3932 3765
f 3765 3932 3931
f 3768 3932 3766
f 3935 3934 3933
f 3937 3936 3933
f 3933 3936 3935
f 3939 3938 3937
f 3937 3938 3936
f 3770 3771 3939
f 3771 3938 3939
f 3771 3940 3938
f 3941 3771 3772
f 3941 3940 3771
f 3942 3772 3774
f 3942 3941 3772
f 3943 3774 3775
f 3943 3942 3774
f 3944 3775 3776
f 3944 3943 3775
f 3945 3776 3777
f 3945 3944 3776
f 3946 3777 3778
f 3946 3945 3777
f 3947 3778 3779
f 3947 3946 3778
f 3948 3779 3780
f 3948 3947 3779
f 3949 3780 3781
f 3949 3948 3780
f 3950 3781 3782
f 3950 3949 3781
f 3951 3782 3783
f 3951 3950 3782
f 3783 3760 3923
f 3952 3783 3923
f 3951 3783 3952
f 3952 3923 3924
f 3952 3924 3953
f 3953 3924 3925
f 3954 3930 3929
f 3954 3929 3931
f 3954 3931 3955
f 3957 3956 3955
f 3931 3957 3955
f 3932 3957 3931
f 3784 3958 3768
f 3958 3932 3768
f 3958 3957 3932
f 3786 3958 3784
f 3961 3960 3959
f 3788 3789 3959
f 3789 3961 3959
f 3789 3962 3961
f 3790 3933 3934
f 3962 3790 3934
f 3789 3790 3962
f 3933 3790 3791
f 3933 3791 3937
f 3937 3791 3792
f 3937 3792 3939
f 3939 3792 3770
f 3963 3956 3957
f 3965 3964 3963
f 3957 3965 3963
f 3958 3965 3957
f 3794 3965 3786
f 3786 3965 3958
f 3959 3960 3797
f 3960 3796 3797
f 3960 3966 3796
f 3959 3797 3788
f 3964 3965 3967
f 3964 3967 3968
f 3798 3969 3794
f 3969 3965 3794
f 3969 3967 3965
f 3799 3969 3798
f 3972 3971 3970
f 3801 3802 3970
f 3802 3972 3970
f 3802 3973 3972
f 3802 3796 3966
f 3802 3966 3973
f 3968 3967 3974
f 3968 3974 3975
f 3976 3967 3969
f 3974 3967 3976
f 3804 3976 3799
f 3799 3976 3969
f 3970 3971 3807
f 3971 3806 3807
f 3971 3977 3806
f 3970 3807 3801
f 3975 3974 3978
f 3975 3978 3979
f 3980 3974 3976
f 3978 3974 3980
f 3809 3980 3804
f 3804 3980 3976
f 3983 3982 3981
f 3977 3983 3981
f 3810 3977 3981
f 3806 3977 3810
f 3979 3978 3984
f 3979 3984 3985
f 3986 3978 3980
f 3984 3978 3986
f 3812 3986 3809
f 3809 3986 3980
f 3981 3982 3814
f 3982 3813 3814
f 3982 3987 3813
f 3981 3814 3810
f 3985 3984 3988
f 3985 3988 3989
f 3990 3984 3986
f 3988 3984 3990
f 3816 3990 3812
f 3812 3990 3986
f 3993 3992 3991
f 3987 3993 3991
f 3817 3987 3991
f 3813 3987 3817
f 3989 3988 3994
f 3989 3994 3995
f 3820 3994 3819
f 3994 3990 3819
f 3994 3988 3990
f 3819 3990 3816
f 3991 3992 3996
f 3996 3992 3997
f 3996 3822 3817
f 3996 3817 3991
f 3995 3994 3998
f 3995 3998 3999
f 3824 3998 3820
f 3820 3998 3994
f 3996 3997 4000
f 4000 3997 4001
f 4000 3825 3822
f 4000 3822 3996
f 3999 3998 4002
f 3999 4002 4003
f 3827 4002 3824
f 3824 4002 3998
f 4000 4001 4004
f 4004 4001 4005
f 4004 3828 3825
f 4004 3825 4000
f 4003 4002 4006
f 4003 4006 4007
f 3830 4006 3827
f 3827 4006 4002
f 4004 4005 4008
f 4008 4005 4009
f 4008 3831 3828
f 4008 3828 4004
f 4007 4006 4010
f 4007 4010 4011
f 3833 4010 3830
f 3830 4010 4006
f 4008 4009 3836
f 4009 3835 3836
f 4009 4012 3835
f 4008 3836 3831
f 4011 4010 3838
f 3839 4011 3838
f 4013 4011 3839
f 3838 4010 3833
f 4012 3841 3835
f 4014 3841 4012
f 4016 4015 3843
f 4016 3843 3844
f 3839 3843 4013
f 4013 3843 4015
f 4014 3847 3841
f 4017 3847 4014
f 3849 4016 3844
f 3849 4018 4016
f 3851 3847 4019
f 3847 4020 4019
f 3847 4017 4020
f 4019 3853 3851
f 3854 4018 3849
f 3854 4021 4018
f 4020 4022 4019
f 4022 4024 4023
f 4022 4023 3855
f 4019 4022 3855
f 3853 4019 3855
f 4023 3857 3855
f 4027 4026 4025
f 3858 3859 4025
f 4026 3858 4025
f 4028 3858 4026
f 3854 3858 4021
f 4021 3858 4028
f 4024 4029 4023
f 4029 4031 4030
f 4029 4030 3860
f 4023 4029 3860
f 3857 4023 3860
f 4030 3862 3860
f 4027 4025 4032
f 4027 4032 4033
f 3863 4032 3859
f 3859 4032 4025
f 4031 4034 4030
f 4030 4034 3862
f 4034 3864 3862
f 4034 4035 3864
f 4035 4037 4036
f 3865 4035 4036
f 3864 4035 3865
f 4036 3867 3865
f 4033 4032 3868
f 3869 4033 3868
f 4038 4033 3869
f 3868 4032 3863
f 4037 4039 4036
f 4036 4039 3867
f 4039 3870 3867
f 4039 4040 3870
f 4040 4042 4041
f 3871 4040 4041
f 3870 4040 3871
f 4041 3873 3871
f 4044 4043 3879
f 4044 3879 3878
f 3869 3879 4038
f 4038 3879 4043
f 4042 4045 4041
f 4041 4045 3873
f 4045 3880 3873
f 4045 4046 3880
f 3880 4047 3881
f 4046 4047 3880
f 3881 4048 3882
f 4047 4048 3881
f 3882 4049 3883
f 4048 4049 3882
f 3883 4050 3884
f 4049 4050 3883
f 3884 4051 3885
f 4050 4051 3884
f 3885 4052 3886
f 4051 4052 3885
f 3886 4053 3887
f 4052 4053 3886
f 3887 4054 3888
f 4053 4054 3887
f 4054 4056 4055
f 3889 4054 4055
f 3888 4054 3889
f 4057 3890 3889
f 4057 3889 4055
f 4058 3891 3890
f 4058 3890 4057
f 3891 4058 4059
f 4060 3891 4059
f 3892 3891 4060
f 3892 4061 3893
f 4060 4061 3892
f 3893 4062 3894
f 4061 4062 3893
f 3894 4063 3895
f 4062 4063 3894
f 4063 4065 4064
f 3896 4063 4064
f 3895 4063 3896
f 4066 3897 3896
f 4066 3896 4064
f 4066 3899 3897
f 4068 4067 3905
f 4068 3905 3904
f 3905 4069 3906
f 4067 4069 3905
f 3878 3906 4044
f 4044 3906 4069
f 4056 4070 4055
f 4055 4070 4057
f 4057 4070 4071
f 4057 4071 4058
f 4058 4071 4072
f 4058 4072 4059
f 4065 4073 4064
f 4064 4073 4066
f 4066 4073 4074
f 4066 4074 3899
f 4074 3907 3899
f 4074 4075 3907
f 3907 4076 3908
f 4075 4076 3907
f 3908 4077 3909
f 4076 4077 3908
f 3909 4078 3910
f 4077 4078 3909
f 3910 4079 3911
f 4078 4079 3910
f 3904 3911 4068
f 4068 3911 4079
f 4080 3913 3914
f 3915 4081 3914
f 3914 4081 4080
f 3916 4082 3915
f 3915 4082 4081
f 3917 4083 3916
f 3916 4083 4082
f 3918 4084 3917
f 3917 4084 4083
f 3919 4085 3918
f 3918 4085 4084
f 3920 4086 3919
f 3919 4086 4085
f 3922 4086 3920
f 4087 3925 3926
f 3927 4088 3926
f 3926 4088 4087
f 4088 3927 4089
f 3927 4090 4089
f 3927 3928 4090
f 3928 3913 4080
f 4091 3928 4080
f 4090 3928 4091
f 4091 4080 4081
f 4091 4081 4092
f 4092 4081 4082
f 4092 4082 4093
f 4093 4082 4083
f 4093 4083 4094
f 4096 4095 4094
f 4083 4096 4094
f 4084 4096 4083
f 4097 4084 4085
f 4096 4084 4097
f 4098 4085 4086
f 4097 4085 4098
f 3930 4098 3922
f 3922 4098 4086
f 4100 4099 3935
f 3935 4099 3934
f 4101 3935 3936
f 4101 4100 3935
f 4102 3936 3938
f 4102 4101 3936
f 4103 3938 3940
f 4103 4102 3938
f 4104 3940 3941
f 4104 4103 3940
f 4105 3941 3942
f 4105 4104 3941
f 4106 3942 3943
f 4106 4105 3942
f 4107 3943 3944
f 4107 4106 3943
f 4108 3944 3945
f 4108 4107 3944
f 4109 3945 3946
f 4109 4108 3945
f 4110 3946 3947
f 4110 4109 3946
f 4111 3947 3948
f 4111 4110 3947
f 4112 3948 3949
f 4112 4111 3948
f 4113 3949 3950
f 4113 4112 3949
f 4114 3950 3951
f 4114 4113 3950
f 4115 3951 3952
f 4115 4114 3951
f 4116 3952 3953
f 4116 4115 3952
f 3953 3925 4087
f 4117 3953 4087
f 4116 3953 4117
f 4117 4087 4088
f 4117 4088 4118
f 4118 4088 4089
f 4119 4095 4096
f 4119 4096 4097
f 4119 4097 4120
f 4120 4097 4098
f 4120 4098 4121
f 4123 4121 4122
f 4122 4121 3954
f 4121 4098 3954
f 4098 3930 3954
f 3955 4124 3954
f 3954 4124 4122
f 3956 4124 3955
f 4126 4125 3961
f 3961 4125 3960
f 4127 3961 3962
f 4127 4126 3961
f 3962 3934 4099
f 3962 4099 4127
f 4128 4123 4122
f 4128 4122 4124
f 4128 4124 4129
f 4131 4129 4130
f 4130 4129 3963
f 4129 4124 3963
f 4124 3956 3963
f 3964 4130 3963
f 4134 4133 4132
f 4125 4134 4132
f 3966 4125 4132
f 3960 4125 3966
f 4131 4130 4135
f 4131 4135 4136
f 3968 4135 3964
f 3964 4135 4130
f 4138 4137 3972
f 3972 4137 3971
f 3973 4132 4133
f 4138 3973 4133
f 3972 3973 4138
f 4132 3973 3966
f 4136 4135 4139
f 4136 4139 4140
f 3975 4139 3968
f 3968 4139 4135
f 4143 4142 4141
f 4137 4143 4141
f 3977 4137 4141
f 3971 4137 3977
f 4144 4140 4139
f 4139 3975 4144
f 3975 4145 4144
f 3975 3979 4145
f 4141 4142 3983
f 4142 3982 3983
f 4142 4146 3982
f 4141 3983 3977
f 3985 4145 3979
f 3985 4147 4145
f 4150 4149 4148
f 4146 4150 4148
f 3987 4146 4148
f 3982 4146 3987
f 3989 4147 3985
f 3989 4151 4147
f 4148 4149 3993
f 4149 3992 3993
f 4149 4152 3992
f 4148 3993 3987
f 3995 4151 3989
f 3995 4153 4151
f 4152 3997 3992
f 4154 3997 4152
f 4157 4156 4155
f 4156 4153 4155
f 4153 3999 4155
f 4153 3995 3999
f 4154 4001 3997
f 4158 4001 4154
f 4157 4155 4159
f 4157 4159 4160
f 4003 4159 3999
f 3999 4159 4155
f 4158 4005 4001
f 4161 4005 4158
f 4160 4159 4162
f 4160 4162 4163
f 4007 4162 4003
f 4003 4162 4159
f 4161 4009 4005
f 4164 4009 4161
f 4163 4162 4165
f 4163 4165 4166
f 4011 4165 4007
f 4007 4165 4162
f 4164 4012 4009
f 4167 4012 4164
f 4166 4165 4168
f 4166 4168 4169
f 4013 4168 4011
f 4011 4168 4165
f 4167 4014 4012
f 4170 4014 4167
f 4169 4168 4015
f 4016 4169 4015
f 4171 4169 4016
f 4015 4168 4013
f 4170 4017 4014
f 4172 4017 4170
f 4018 4171 4016
f 4018 4173 4171
f 4172 4020 4017
f 4174 4020 4172
f 4021 4173 4018
f 4021 4175 4173
f 4174 4176 4020
f 4020 4176 4022
f 4024 4022 4176
f 4024 4176 4177
f 4179 4178 4026
f 4179 4026 4027
f 4026 4180 4028
f 4178 4180 4026
f 4021 4028 4175
f 4175 4028 4180
f 4177 4181 4024
f 4024 4181 4029
f 4031 4029 4181
f 4031 4181 4182
f 4033 4179 4027
f 4033 4183 4179
f 4182 4184 4031
f 4031 4184 4034
f 4184 4186 4185
f 4035 4184 4185
f 4034 4184 4035
f 4185 4037 4035
f 4038 4183 4033
f 4038 4187 4183
f 4186 4188 4185
f 4185 4188 4037
f 4188 4039 4037
f 4188 4189 4039
f 4189 4191 4190
f 4040 4189 4190
f 4039 4189 4040
f 4190 4042 4040
f 4193 4192 4043
f 4193 4043 4044
f 4038 4043 4187
f 4187 4043 4192
f 4191 4194 4190
f 4190 4194 4042
f 4194 4045 4042
f 4194 4195 4045
f 4045 4196 4046
f 4195 4196 4045
f 4046 4197 4047
f 4196 4197 4046
f 4047 4198 4048
f 4197 4198 4047
f 4048 4199 4049
f 4198 4199 4048
f 4049 4200 4050
f 4199 4200 4049
f 4050 4201 4051
f 4200 4201 4050
f 4201 4203 4202
f 4052 4201 4202
f 4051 4201 4052
f 4204 4053 4052
f 4204 4052 4202
f 4205 4054 4053
f 4205 4053 4204
f 4205 4056 4054
f 4207 4206 4060
f 4207 4060 4059
f 4060 4208 4061
f 4206 4208 4060
f 4061 4209 4062
f 4208 4209 4061
f 4209 4211 4210
f 4063 4209 4210
f 4062 4209 4063
f 4210 4065 4063
f 4213 4212 4067
f 4213 4067 4068
f 4067 4214 4069
f 4212 4214 4067
f 4044 4069 4193
f 4193 4069 4214
f 4203 4215 4202
f 4202 4215 4204
f 4204 4215 4216
f 4204 4216 4205
f 4205 4216 4217
f 4205 4217 4056
f 4217 4070 4056
f 4217 4218 4070
f 4070 4219 4071
f 4218 4219 4070
f 4071 4220 4072
f 4219 4220 4071
f 4059 4072 4207
f 4207 4072 4220
f 4211 4221 4210
f 4210 4221 4065
f 4221 4073 4065
f 4221 4222 4073
f 4073 4223 4074
f 4222 4223 4073
f 4074 4224 4075
f 4223 4224 4074
f 4075 4225 4076
f 4224 4225 4075
f 4076 4226 4077
f 4225 4226 4076
f 4077 4227 4078
f 4226 4227 4077
f 4078 4228 4079
f 4227 4228 4078
f 4068 4079 4213
f 4213 4079 4228
f 4229 4089 4090
f 4091 4230 4090
f 4090 4230 4229
f 4092 4231 4091
f 4091 4231 4230
f 4093 4232 4092
f 4092 4232 4231
f 4094 4233 4093
f 4093 4233 4232
f 4095 4233 4094
f 4236 4235 4234
f 4099 4100 4234
f 4100 4236 4234
f 4100 4237 4236
f 4238 4100 4101
f 4238 4237 4100
f 4239 4101 4102
f 4239 4238 4101
f 4240 4102 4103
f 4240 4239 4102
f 4241 4103 4104
f 4241 4240 4103
f 4242 4104 4105
f 4242 4241 4104
f 4243 4105 4106
f 4243 4242 4105
f 4244 4106 4107
f 4244 4243 4106
f 4245 4107 4108
f 4245 4244 4107
f 4246 4108 4109
f 4246 4245 4108
f 4248 4246 4247
f 4246 4110 4247
f 4246 4109 4110
f 4111 4249 4110
f 4110 4249 4247
f 4112 4250 4111
f 4111 4250 4249
f 4113 4251 4112
f 4112 4251 4250
f 4114 4252 4113
f 4113 4252 4251
f 4252 4114 4253
f 4114 4254 4253
f 4114 4115 4254
f 4255 4115 4116
f 4255 4254 4115
f 4256 4116 4117
f 4256 4255 4116
f 4257 4117 4118
f 4257 4256 4117
f 4118 4089 4229
f 4258 4118 4229
f 4257 4118 4258
f 4258 4229 4230
f 4258 4230 4259
f 4259 4230 4231
f 4259 4231 4260
f 4260 4231 4232
f 4260 4232 4261
f 4261 4232 4233
f 4261 4233 4262
f 4262 4233 4095
f 4119 4262 4095
f 4263 4262 4119
f 4265 4263 4264
f 4263 4120 4264
f 4263 4119 4120
f 4121 4266 4120
f 4120 4266 4264
f 4123 4266 4121
f 4268 4267 4126
f 4126 4267 4125
f 4127 4234 4235
f 4268 4127 4235
f 4126 4127 4268
f 4234 4127 4099
f 4269 4248 4247
f 4269 4247 4249
f 4269 4249 4270
f 4270 4249 4250
f 4270 4250 4271
f 4271 4250 4251
f 4271 4251 4272
f 4272 4251 4252
f 4272 4252 4273
f 4273 4252 4253
f 4274 4265 4264
f 4274 4264 4266
f 4274 4266 4275
f 4275 4266 4123
f 4128 4275 4123
f 4276 4275 4128
f 4278 4276 4277
f 4276 4129 4277
f 4276 4128 4129
f 4131 4277 4129
f 4280 4279 4134
f 4134 4279 4133
f 4134 4125 4267
f 4134 4267 4280
f 4278 4277 4281
f 4278 4281 4282
f 4136 4281 4131
f 4131 4281 4277
f 4284 4283 4138
f 4138 4283 4137
f 4138 4133 4279
f 4138 4279 4284
f 4285 4282 4281
f 4281 4136 4285
f 4136 4286 4285
f 4136 4140 4286
f 4288 4287 4143
f 4143 4287 4142
f 4143 4137 4283
f 4143 4283 4288
f 4140 4144 4289
f 4290 4140 4289
f 4286 4140 4290
f 4145 4289 4144
f 4287 4146 4142
f 4291 4146 4287
f 4290 4289 4292
f 4290 4292 4293
f 4147 4292 4145
f 4145 4292 4289
f 4295 4294 4150
f 4150 4294 4149
f 4150 4146 4291
f 4150 4291 4295
f 4293 4292 4296
f 4293 4296 4297
f 4151 4296 4147
f 4147 4296 4292
f 4294 4152 4149
f 4298 4152 4294
f 4297 4296 4299
f 4297 4299 4300
f 4153 4299 4151
f 4151 4299 4296
f 4298 4154 4152
f 4301 4154 4298
f 4300 4299 4156
f 4157 4300 4156
f 4302 4300 4157
f 4156 4299 4153
f 4301 4158 4154
f 4303 4158 4301
f 4160 4302 4157
f 4160 4304 4302
f 4307 4306 4305
f 4303 4307 4305
f 4161 4303 4305
f 4158 4303 4161
f 4163 4304 4160
f 4163 4308 4304
f 4305 4306 4309
f 4309 4306 4310
f 4309 4164 4161
f 4309 4161 4305
f 4166 4308 4163
f 4166 4311 4308
f 4309 4310 4312
f 4312 4310 4313
f 4312 4167 4164
f 4312 4164 4309
f 4169 4311 4166
f 4169 4314 4311
f 4312 4313 4315
f 4315 4313 4316
f 4315 4170 4167
f 4315 4167 4312
f 4171 4314 4169
f 4171 4317 4314
f 4315 4316 4318
f 4318 4316 4319
f 4318 4172 4170
f 4318 4170 4315
f 4322 4321 4320
f 4321 4317 4320
f 4317 4173 4320
f 4317 4171 4173
f 4318 4319 4323
f 4323 4319 4324
f 4323 4174 4172
f 4323 4172 4318
f 4327 4326 4325
f 4325 4326 4322
f 4320 4325 4322
f 4328 4325 4320
f 4175 4328 4173
f 4173 4328 4320
f 4324 4329 4323
f 4329 4331 4330
f 4329 4330 4176
f 4323 4329 4176
f 4174 4323 4176
f 4330 4177 4176
f 4327 4325 4178
f 4179 4327 4178
f 4332 4327 4179
f 4178 4325 4180
f 4180 4325 4328
f 4180 4328 4175
f 4331 4333 4330
f 4333 4335 4334
f 4333 4334 4181
f 4330 4333 4181
f 4177 4330 4181
f 4334 4182 4181
f 4183 4332 4179
f 4183 4336 4332
f 4335 4337 4334
f 4334 4337 4182
f 4337 4184 4182
f 4337 4338 4184
f 4186 4184 4338
f 4186 4338 4339
f 4187 4336 4183
f 4187 4340 4336
f 4339 4341 4186
f 4186 4341 4188
f 4341 4343 4342
f 4189 4341 4342
f 4188 4341 4189
f 4342 4191 4189
f 4345 4344 4192
f 4345 4192 4193
f 4187 4192 4340
f 4340 4192 4344
f 4343 4346 4342
f 4342 4346 4191
f 4346 4194 4191
f 4346 4347 4194
f 4194 4348 4195
f 4347 4348 4194
f 4195 4349 4196
f 4348 4349 4195
f 4196 4350 4197
f 4349 4350 4196
f 4350 4352 4351
f 4198 4350 4351
f 4197 4350 4198
f 4353 4199 4198
f 4353 4198 4351
f 4354 4200 4199
f 4354 4199 4353
f 4355 4201 4200
f 4355 4200 4354
f 4355 4203 4201
f 4207 4356 4206
f 4357 4208 4206
f 4357 4206 4356
f 4358 4209 4208
f 4358 4208 4357
f 4358 4211 4209
f 4360 4359 4212
f 4360 4212 4213
f 4212 4361 4214
f 4359 4361 4212
f 4193 4214 4345
f 4345 4214 4361
f 4352 4362 4351
f 4351 4362 4353
f 4353 4362 4363
f 4353 4363 4354
f 4354 4363 4364
f 4354 4364 4355
f 4355 4364 4365
f 4355 4365 4203
f 4365 4215 4203
f 4365 4366 4215
f 4215 4367 4216
f 4366 4367 4215
f 4216 4368 4217
f 4367 4368 4216
f 4217 4369 4218
f 4368 4369 4217
f 4369 4371 4370
f 4219 4369 4370
f 4218 4369 4219
f 4372 4220 4219
f 4372 4219 4370
f 4356 4207 4220
f 4372 4356 4220
f 4373 4356 4372
f 4356 4374 4357
f 4356 4373 4374
f 4357 4375 4358
f 4357 4374 4375
f 4376 4221 4211
f 4358 4376 4211
f 4375 4376 4358
f 4377 4222 4221
f 4377 4221 4376
f 4378 4223 4222
f 4378 4222 4377
f 4379 4224 4223
f 4379 4223 4378
f 4224 4379 4380
f 4381 4224 4380
f 4225 4224 4381
f 4225 4382 4226
f 4381 4382 4225
f 4226 4383 4227
f 4382 4383 4226
f 4227 4384 4228
f 4383 4384 4227
f 4213 4228 4360
f 4360 4228 4384
f 4371 4385 4370
f 4370 4385 4372
f 4372 4385 4386
f 4372 4386 4373
f 4373 4386 4387
f 4373 4387 4374
f 4374 4387 4388
f 4374 4388 4375
f 4375 4388 4389
f 4375 4389 4376
f 4376 4389 4390
f 4376 4390 4377
f 4377 4390 4391
f 4377 4391 4378
f 4378 4391 4392
f 4378 4392 4379
f 4379 4392 4393
f 4379 4393 4380
f 4395 4394 4236
f 4236 4394 4235
f 4396 4236 4237
f 4396 4395 4236
f 4397 4237 4238
f 4397 4396 4237
f 4398 4238 4239
f 4398 4397 4238
f 4399 4239 4240
f 4399 4398 4239
f 4400 4240 4241
f 4400 4399 4240
f 4401 4241 4242
f 4401 4400 4241
f 4402 4242 4243
f 4402 4401 4242
f 4404 4402 4403
f 4402 4244 4403
f 4402 4243 4244
f 4245 4405 4244
f 4244 4405 4403
f 4246 4406 4245
f 4245 4406 4405
f 4248 4406 4246
f 4408 4407 4254
f 4254 4407 4253
f 4409 4254 4255
f 4409 4408 4254
f 4410 4255 4256
f 4410 4409 4255
f 4411 4256 4257
f 4411 4410 4256
f 4412 4257 4258
f 4412 4411 4257
f 4413 4258 4259
f 4413 4412 4258
f 4414 4259 4260
f 4414 4413 4259
f 4415 4260 4261
f 4415 4414 4260
f 4416 4261 4262
f 4416 4415 4261
f 4417 4262 4263
f 4417 4416 4262
f 4263 4265 4417
f 4417 4265 4418
f 4420 4419 4268
f 4268 4419 4267
f 4268 4235 4394
f 4268 4394 4420
f 4421 4404 4403
f 4421 4403 4405
f 4421 4405 4422
f 4422 4405 4406
f 4422 4406 4423
f 4423 4406 4248
f 4269 4423 4248
f 4424 4423 4269
f 4425 4269 4270
f 4425 4424 4269
f 4426 4270 4271
f 4426 4425 4270
f 4427 4271 4272
f 4427 4426 4271
f 4428 4272 4273
f 4428 4427 4272
f 4273 4253 4407
f 4273 4407 4428
f 4429 4418 4265
f 4429 4265 4274
f 4431 4429 4430
f 4429 4275 4430
f 4429 4274 4275
f 4276 4432 4275
f 4275 4432 4430
f 4278 4432 4276
f 4434 4433 4280
f 4280 4433 4279
f 4280 4267 4419
f 4280 4419 4434
f 4435 4431 4430
f 4437 4436 4435
f 4430 4437 4435
f 4432 4437 4430
f 4282 4437 4278
f 4278 4437 4432
f 4439 4438 4284
f 4284 4438 4283
f 4284 4279 4433
f 4284 4433 4439
f 4440 4436 4437
f 4442 4440 4441
f 4441 4440 4285
f 4440 4437 4285
f 4437 4282 4285
f 4286 4441 4285
f 4444 4443 4288
f 4288 4443 4287
f 4288 4283 4438
f 4288 4438 4444
f 4442 4441 4445
f 4442 4445 4446
f 4290 4445 4286
f 4286 4445 4441
f 4443 4291 4287
f 4447 4291 4443
f 4446 4445 4448
f 4446 4448 4449
f 4293 4448 4290
f 4290 4448 4445
f 4451 4450 4295
f 4295 4450 4294
f 4295 4291 4447
f 4295 4447 4451
f 4449 4448 4452
f 4449 4452 4453
f 4297 4452 4293
f 4293 4452 4448
f 4450 4298 4294
f 4454 4298 4450
f 4453 4452 4455
f 4453 4455 4456
f 4300 4455 4297
f 4297 4455 4452
f 4454 4301 4298
f 4457 4301 4454
f 4456 4455 4458
f 4456 4458 4459
f 4302 4458 4300
f 4300 4458 4455
f 4457 4303 4301
f 4460 4303 4457
f 4459 4458 4461
f 4459 4461 4462
f 4304 4461 4302
f 4302 4461 4458
f 4465 4464 4463
f 4306 4307 4463
f 4307 4465 4463
f 4307 4466 4465
f 4307 4303 4460
f 4307 4460 4466
f 4462 4461 4467
f 4462 4467 4468
f 4308 4467 4304
f 4304 4467 4461
f 4463 4464 4469
f 4469 4464 4470
f 4469 4310 4306
f 4469 4306 4463
f 4468 4467 4471
f 4468 4471 4472
f 4311 4471 4308
f 4308 4471 4467
f 4469 4470 4473
f 4473 4470 4474
f 4473 4313 4310
f 4473 4310 4469
f 4472 4471 4475
f 4472 4475 4476
f 4314 4475 4311
f 4311 4475 4471
f 4473 4474 4477
f 4477 4474 4478
f 4477 4316 4313
f 4477 4313 4473
f 4476 4475 4479
f 4476 4479 4480
f 4317 4479 4314
f 4314 4479 4475
f 4478 4481 4477
f 4316 4477 4481
f 4482 4316 4481
f 4319 4316 4482
f 4480 4479 4321
f 4322 4480 4321
f 4483 4480 4322
f 4321 4479 4317
f 4482 4324 4319
f 4484 4324 4482
f 4486 4485 4326
f 4486 4326 4327
f 4322 4326 4483
f 4483 4326 4485
f 4484 4487 4324
f 4324 4487 4329
f 4331 4329 4487
f 4331 4487 4488
f 4332 4486 4327
f 4332 4489 4486
f 4488 4490 4331
f 4331 4490 4333
f 4335 4333 4490
f 4335 4490 4491
f 4336 4489 4332
f 4336 4492 4489
f 4491 4493 4335
f 4335 4493 4337
f 4337 4494 4338
f 4493 4494 4337
f 4339 4338 4494
f 4339 4494 4495
f 4340 4492 4336
f 4340 4496 4492
f 4495 4497 4339
f 4339 4497 4341
f 4343 4341 4497
f 4343 4497 4498
f 4500 4499 4344
f 4500 4344 4345
f 4340 4344 4496
f 4496 4344 4499
f 4498 4501 4343
f 4343 4501 4346
f 4346 4502 4347
f 4501 4502 4346
f 4347 4503 4348
f 4502 4503 4347
f 4503 4505 4504
f 4349 4503 4504
f 4348 4503 4349
f 4506 4350 4349
f 4506 4349 4504
f 4506 4352 4350
f 4360 4507 4359
f 4359 4507 4508
f 4509 4359 4508
f 4361 4359 4509
f 4345 4361 4500
f 4500 4361 4509
f 4505 4510 4504
f 4504 4510 4506
f 4506 4510 4511
f 4506 4511 4352
f 4511 4362 4352
f 4511 4512 4362
f 4362 4513 4363
f 4512 4513 4362
f 4363 4514 4364
f 4513 4514 4363
f 4364 4515 4365
f 4514 4515 4364
f 4365 4516 4366
f 4515 4516 4365
f 4366 4517 4367
f 4516 4517 4366
f 4367 4518 4368
f 4517 4518 4367
f 4368 4519 4369
f 4518 4519 4368
f 4371 4369 4519
f 4371 4519 4520
f 4522 4521 4381
f 4522 4381 4380
f 4381 4523 4382
f 4521 4523 4381
f 4382 4524 4383
f 4523 4524 4382
f 4383 4525 4384
f 4524 4525 4383
f 4360 4384 4507
f 4384 4526 4507
f 4384 4525 4526
f 4507 4526 4508
f 4520 4527 4371
f 4371 4527 4385
f 4385 4528 4386
f 4527 4528 4385
f 4386 4529 4387
f 4528 4529 4386
f 4387 4530 4388
f 4529 4530 4387
f 4388 4531 4389
f 4530 4531 4388
f 4389 4532 4390
f 4531 4532 4389
f 4390 4533 4391
f 4532 4533 4390
f 4391 4534 4392
f 4533 4534 4391
f 4392 4535 4393
f 4534 4535 4392
f 4380 4393 4522
f 4522 4393 4535
f 4537 4536 4395
f 4395 4536 4394
f 4538 4395 4396
f 4538 4537 4395
f 4539 4396 4397
f 4539 4538 4396
f 4540 4397 4398
f 4540 4539 4397
f 4541 4398 4399
f 4541 4540 4398
f 4542 4399 4400
f 4542 4541 4399
f 4543 4400 4401
f 4543 4542 4400
f 4544 4401 4402
f 4544 4543 4401
f 4402 4404 4544
f 4544 4404 4545
f 4546 4407 4408
f 4409 4547 4408
f 4408 4547 4546
f 4410 4548 4409
f 4409 4548 4547
f 4411 4549 4410
f 4410 4549 4548
f 4412 4550 4411
f 4411 4550 4549
f 4413 4551 4412
f 4412 4551 4550
f 4414 4552 4413
f 4413 4552 4551
f 4415 4553 4414
f 4414 4553 4552
f 4416 4554 4415
f 4415 4554 4553
f 4417 4555 4416
f 4416 4555 4554
f 4418 4555 4417
f 4558 4557 4556
f 4419 4420 4556
f 4420 4558 4556
f 4420 4559 4558
f 4420 4394 4536
f 4420 4536 4559
f 4560 4545 4404
f 4560 4404 4421
f 4561 4421 4422
f 4561 4560 4421
f 4562 4422 4423
f 4562 4561 4422
f 4563 4423 4424
f 4563 4562 4423
f 4564 4424 4425
f 4564 4563 4424
f 4565 4425 4426
f 4565 4564 4425
f 4566 4426 4427
f 4566 4565 4426
f 4567 4427 4428
f 4567 4566 4427
f 4428 4407 4546
f 4568 4428 4546
f 4567 4428 4568
f 4568 4546 4547
f 4568 4547 4569
f 4569 4547 4548
f 4569 4548 4570
f 4570 4548 4549
f 4570 4549 4571
f 4571 4549 4550
f 4571 4550 4572
f 4572 4550 4551
f 4572 4551 4573
f 4573 4551 4552
f 4573 4552 4574
f 4574 4552 4553
f 4574 4553 4575
f 4575 4553 4554
f 4575 4554 4576
f 4576 4554 4555
f 4576 4555 4577
f 4579 4577 4578
f 4578 4577 4429
f 4577 4555 4429
f 4555 4418 4429
f 4431 4578 4429
f 4582 4581 4580
f 4582 4580 4557
f 4557 4580 4556
f 4580 4433 4556
f 4433 4434 4556
f 4556 4434 4419
f 4583 4579 4578
f 4583 4578 4431
f 4435 4583 4431
f 4584 4583 4435
f 4435 4436 4584
f 4584 4436 4585
f 4580 4581 4439
f 4581 4438 4439
f 4581 4586 4438
f 4580 4439 4433
f 4436 4440 4587
f 4588 4436 4587
f 4585 4436 4588
f 4442 4587 4440
f 4590 4589 4444
f 4444 4589 4443
f 4444 4438 4586
f 4444 4586 4590
f 4588 4587 4591
f 4588 4591 4592
f 4446 4591 4442
f 4442 4591 4587
f 4589 4447 4443
f 4593 4447 4589
f 4594 4592 4591
f 4591 4446 4594
f 4446 4595 4594
f 4446 4449 4595
f 4597 4596 4451
f 4451 4596 4450
f 4451 4447 4593
f 4451 4593 4597
f 4453 4595 4449
f 4453 4598 4595
f 4596 4454 4450
f 4599 4454 4596
f 4456 4598 4453
f 4456 4600 4598
f 4599 4457 4454
f 4601 4457 4599
f 4459 4600 4456
f 4459 4602 4600
f 4601 4460 4457
f 4603 4460 4601
f 4462 4602 4459
f 4462 4604 4602
f 4606 4605 4465
f 4465 4605 4464
f 4607 4465 4466
f 4607 4606 4465
f 4466 4460 4603
f 4466 4603 4607
f 4468 4604 4462
f 4468 4608 4604
f 4605 4470 4464
f 4609 4470 4605
f 4472 4608 4468
f 4472 4610 4608
f 4609 4474 4470
f 4611 4474 4609
f 4476 4610 4472
f 4476 4612 4610
f 4611 4478 4474
f 4613 4478 4611
f 4480 4612 4476
f 4480 4614 4612
f 4613 4615 4478
f 4478 4615 4481
f 4482 4481 4615
f 4482 4615 4616
f 4483 4614 4480
f 4483 4617 4614
f 4616 4484 4482
f 4618 4484 4616
f 4620 4619 4485
f 4620 4485 4486
f 4483 4485 4617
f 4617 4485 4619
f 4618 4621 4484
f 4484 4621 4487
f 4488 4487 4621
f 4488 4621 4622
f 4489 4620 4486
f 4489 4623 4620
f 4622 4624 4488
f 4488 4624 4490
f 4491 4490 4624
f 4491 4624 4625
f 4492 4623 4489
f 4492 4626 4623
f 4625 4627 4491
f 4491 4627 4493
f 4493 4628 4494
f 4627 4628 4493
f 4495 4494 4628
f 4495 4628 4629
f 4496 4626 4492
f 4496 4630 4626
f 4629 4631 4495
f 4495 4631 4497
f 4498 4497 4631
f 4498 4631 4632
f 4634 4633 4499
f 4634 4499 4500
f 4496 4499 4630
f 4630 4499 4633
f 4632 4635 4498
f 4498 4635 4501
f 4501 4636 4502
f 4635 4636 4501
f 4636 4638 4637
f 4503 4636 4637
f 4502 4636 4503
f 4637 4505 4503
f 4640 4639 4509
f 4640 4509 4508
f 4500 4509 4634
f 4634 4509 4639
f 4638 4641 4637
f 4637 4641 4505
f 4641 4510 4505
f 4641 4642 4510
f 4510 4643 4511
f 4642 4643 4510
f 4511 4644 4512
f 4643 4644 4511
f 4512 4645 4513
f 4644 4645 4512
f 4513 4646 4514
f 4645 4646 4513
f 4514 4647 4515
f 4646 4647 4514
f 4515 4648 4516
f 4647 4648 4515
f 4516 4649 4517
f 4648 4649 4516
f 4649 4651 4650
f 4518 4649 4650
f 4517 4649 4518
f 4652 4519 4518
f 4652 4518 4650
f 4652 4520 4519
f 4522 4653 4521
f 4654 4523 4521
f 4654 4521 4653
f 4655 4524 4523
f 4655 4523 4654
f 4656 4525 4524
f 4656 4524 4655
f 4525 4656 4657
f 4658 4525 4657
f 4526 4525 4658
f 4508 4526 4640
f 4640 4526 4658
f 4651 4659 4650
f 4650 4659 4652
f 4652 4659 4660
f 4652 4660 4520
f 4660 4527 4520
f 4660 4661 4527
f 4527 4662 4528
f 4661 4662 4527
f 4528 4663 4529
f 4662 4663 4528
f 4529 4664 4530
f 4663 4664 4529
f 4530 4665 4531
f 4664 4665 4530
f 4531 4666 4532
f 4665 4666 4531
f 4532 4667 4533
f 4666 4667 4532
f 4533 4668 4534
f 4667 4668 4533
f 4534 4669 4535
f 4668 4669 4534
f 4522 4535 4653
f 4535 4670 4653
f 4535 4669 4670
f 4653 4670 4654
f 4654 4670 4671
f 4654 4671 4655
f 4655 4671 4672
f 4655 4672 4656
f 4656 4672 4673
f 4656 4673 4657
f 4676 4675 4674
f 4536 4537 4674
f 4537 4676 4674
f 4537 4677 4676
f 4678 4537 4538
f 4678 4677 4537
f 4679 4538 4539
f 4679 4678 4538
f 4680 4539 4540
f 4680 4679 4539
f 4681 4540 4541
f 4681 4680 4540
f 4682 4541 4542
f 4682 4681 4541
f 4683 4542 4543
f 4683 4682 4542
f 4684 4543 4544
f 4684 4683 4543
f 4544 4545 4684
f 4684 4545 4685
f 4687 4686 4558
f 4558 4686 4557
f 4559 4674 4675
f 4687 4559 4675
f 4558 4559 4687
f 4674 4559 4536
f 4688 4685 4545
f 4688 4545 4560
f 4689 4560 4561
f 4689 4688 4560
f 4690 4561 4562
f 4690 4689 4561
f 4691 4562 4563
f 4691 4690 4562
f 4692 4563 4564
f 4692 4691 4563
f 4693 4564 4565
f 4693 4692 4564
f 4694 4565 4566
f 4694 4693 4565
f 4695 4566 4567
f 4695 4694 4566
f 4696 4567 4568
f 4696 4695 4567
f 4697 4568 4569
f 4697 4696 4568
f 4698 4569 4570
f 4698 4697 4569
f 4699 4570 4571
f 4699 4698 4570
f 4700 4571 4572
f 4700 4699 4571
f 4701 4572 4573
f 4701 4700 4572
f 4702 4573 4574
f 4702 4701 4573
f 4703 4574 4575
f 4703 4702 4574
f 4704 4575 4576
f 4704 4703 4575
f 4706 4704 4705
f 4704 4577 4705
f 4704 4576 4577
f 4579 4705 4577
f 4708 4707 4582
f 4582 4707 4581
f 4582 4557 4686
f 4582 4686 4708
f 4709 4706 4705
f 4709 4705 4579
f 4583 4709 4579
f 4710 4709 4583
f 4712 4710 4711
f 4710 4584 4711
f 4710 4583 4584
f 4585 4711 4584
f 4715 4714 4713
f 4707 4715 4713
f 4586 4707 4713
f 4581 4707 4586
f 4716 4712 4711
f 4711 4585 4716
f 4585 4717 4716
f 4585 4588 4717
f 4713 4714 4590
f 4714 4589 4590
f 4714 4718 4589
f 4713 4590 4586
f 4592 4717 4588
f 4592 4719 4717
f 4718 4593 4589
f 4720 4593 4718
f 4592 4594 4721
f 4722 4592 4721
f 4719 4592 4722
f 4595 4721 4594
f 4724 4723 4597
f 4597 4723 4596
f 4597 4593 4720
f 4597 4720 4724
f 4722 4721 4725
f 4722 4725 4726
f 4598 4725 4595
f 4595 4725 4721
f 4729 4728 4727
f 4723 4729 4727
f 4599 4723 4727
f 4596 4723 4599
f 4726 4725 4730
f 4726 4730 4731
f 4600 4730 4598
f 4598 4730 4725
f 4727 4728 4732
f 4732 4728 4733
f 4732 4601 4599
f 4732 4599 4727
f 4734 4731 4730
f 4730 4600 4734
f 4600 4735 4734
f 4600 4602 4735
f 4732 4733 4736
f 4736 4733 4737
f 4736 4603 4601
f 4736 4601 4732
f 4604 4735 4602
f 4604 4738 4735
f 4740 4739 4606
f 4606 4739 4605
f 4607 4736 4737
f 4740 4607 4737
f 4606 4607 4740
f 4736 4607 4603
f 4608 4738 4604
f 4608 4741 4738
f 4739 4609 4605
f 4742 4609 4739
f 4610 4741 4608
f 4610 4743 4741
f 4742 4611 4609
f 4744 4611 4742
f 4612 4743 4610
f 4612 4745 4743
f 4744 4613 4611
f 4746 4613 4744
f 4614 4745 4612
f 4614 4747 4745
f 4746 4748 4613
f 4613 4748 4615
f 4616 4615 4748
f 4616 4748 4749
f 4617 4747 4614
f 4617 4750 4747
f 4749 4618 4616
f 4751 4618 4749
f 4753 4752 4619
f 4753 4619 4620
f 4617 4619 4750
f 4750 4619 4752
f 4751 4754 4618
f 4618 4754 4621
f 4622 4621 4754
f 4622 4754 4755
f 4623 4753 4620
f 4623 4756 4753
f 4755 4757 4622
f 4622 4757 4624
f 4625 4624 4757
f 4625 4757 4758
f 4626 4756 4623
f 4626 4759 4756
f 4758 4760 4625
f 4625 4760 4627
f 4627 4761 4628
f 4760 4761 4627
f 4629 4628 4761
f 4629 4761 4762
f 4630 4759 4626
f 4630 4763 4759
f 4762 4764 4629
f 4629 4764 4631
f 4632 4631 4764
f 4632 4764 4765
f 4768 4767 4766
f 4633 4634 4766
f 4767 4633 4766
f 4769 4633 4767
f 4630 4633 4763
f 4763 4633 4769
f 4765 4770 4632
f 4632 4770 4635
f 4770 4772 4771
f 4636 4770 4771
f 4635 4770 4636
f 4771 4638 4636
f 4768 4766 4639
f 4640 4768 4639
f 4773 4768 4640
f 4639 4766 4634
f 4772 4774 4771
f 4771 4774 4638
f 4774 4641 4638
f 4774 4775 4641
f 4775 4777 4776
f 4642 4775 4776
f 4641 4775 4642
f 4778 4643 4642
f 4778 4642 4776
f 4779 4644 4643
f 4779 4643 4778
f 4780 4645 4644
f 4780 4644 4779
f 4781 4646 4645
f 4781 4645 4780
f 4782 4647 4646
f 4782 4646 4781
f 4783 4648 4647
f 4783 4647 4782
f 4784 4649 4648
f 4784 4648 4783
f 4784 4651 4649
f 4786 4785 4658
f 4786 4658 4657
f 4640 4658 4773
f 4773 4658 4785
f 4777 4787 4776
f 4776 4787 4778
f 4778 4787 4788
f 4778 4788 4779
f 4779 4788 4789
f 4779 4789 4780
f 4780 4789 4790
f 4780 4790 4781
f 4781 4790 4791
f 4781 4791 4782
f 4782 4791 4792
f 4782 4792 4783
f 4783 4792 4793
f 4783 4793 4784
f 4784 4793 4794
f 4784 4794 4651
f 4794 4659 4651
f 4794 4795 4659
f 4795 4797 4796
f 4660 4795 4796
f 4659 4795 4660
f 4798 4661 4660
f 4798 4660 4796
f 4799 4662 4661
f 4799 4661 4798
f 4800 4663 4662
f 4800 4662 4799
f 4801 4664 4663
f 4801 4663 4800
f 4802 4665 4664
f 4802 4664 4801
f 4803 4666 4665
f 4803 4665 4802
f 4804 4667 4666
f 4804 4666 4803
f 4805 4668 4667
f 4805 4667 4804
f 4806 4669 4668
f 4806 4668 4805
f 4807 4670 4669
f 4807 4669 4806
f 4808 4671 4670
f 4808 4670 4807
f 4671 4808 4809
f 4810 4671 4809
f 4672 4671 4810
f 4672 4811 4673
f 4810 4811 4672
f 4657 4673 4786
f 4786 4673 4811
f 4797 4812 4796
f 4796 4812 4798
f 4798 4812 4813
f 4798 4813 4799
f 4799 4813 4814
f 4799 4814 4800
f 4800 4814 4815
f 4800 4815 4801
f 4801 4815 4816
f 4801 4816 4802
f 4802 4816 4817
f 4802 4817 4803
f 4803 4817 4818
f 4803 4818 4804
f 4804 4818 4819
f 4804 4819 4805
f 4805 4819 4820
f 4805 4820 4806
f 4806 4820 4821
f 4806 4821 4807
f 4807 4821 4822
f 4807 4822 4808
f 4808 4822 4823
f 4808 4823 4809
f 4825 4824 4676
f 4676 4824 4675
f 4826 4676 4677
f 4826 4825 4676
f 4827 4677 4678
f 4827 4826 4677
f 4828 4678 4679
f 4828 4827 4678
f 4829 4679 4680
f 4829 4828 4679
f 4830 4680 4681
f 4830 4829 4680
f 4831 4681 4682
f 4831 4830 4681
f 4832 4682 4683
f 4832 4831 4682
f 4833 4683 4684
f 4833 4832 4683
f 4684 4685 4833
f 4833 4685 4834
f 4836 4835 4687
f 4687 4835 4686
f 4687 4675 4824
f 4687 4824 4836
f 4837 4834 4685
f 4837 4685 4688
f 4838 4688 4689
f 4838 4837 4688
f 4839 4689 4690
f 4839 4838 4689
f 4840 4690 4691
f 4840 4839 4690
f 4841 4691 4692
f 4841 4840 4691
f 4842 4692 4693
f 4842 4841 4692
f 4843 4693 4694
f 4843 4842 4693
f 4844 4694 4695
f 4844 4843 4694
f 4845 4695 4696
f 4845 4844 4695
f 4846 4696 4697
f 4846 4845 4696
f 4847 4697 4698
f 4847 4846 4697
f 4848 4698 4699
f 4848 4847 4698
f 4849 4699 4700
f 4849 4848 4699
f 4850 4700 4701
f 4850 4849 4700
f 4851 4701 4702
f 4851 4850 4701
f 4852 4702 4703
f 4852 4851 4702
f 4854 4852 4853
f 4852 4704 4853
f 4852 4703 4704
f 4706 4853 4704
f 4856 4855 4708
f 4708 4855 4707
f 4708 4686 4835
f 4708 4835 4856
f 4857 4854 4853
f 4857 4853 4706
f 4709 4857 4706
f 4858 4857 4709
f 4860 4858 4859
f 4858 4710 4859
f 4858 4709 4710
f 4712 4859 4710
f 4862 4861 4715
f 4715 4861 4714
f 4715 4707 4855
f 4715 4855 4862
f 4863 4860 4859
f 4865 4863 4864
f 4864 4863 4716
f 4863 4859 4716
f 4859 4712 4716
f 4717 4864 4716
f 4861 4718 4714
f 4866 4718 4861
f 4867 4865 4864
f 4864 4717 4867
f 4717 4868 4867
f 4717 4719 4868
f 4871 4870 4869
f 4866 4871 4869
f 4720 4866 4869
f 4718 4866 4720
f 4722 4868 4719
f 4722 4872 4868
f 4875 4874 4873
f 4875 4873 4870
f 4870 4873 4869
f 4873 4723 4869
f 4723 4724 4869
f 4869 4724 4720
f 4726 4872 4722
f 4726 4876 4872
f 4873 4874 4729
f 4874 4728 4729
f 4874 4877 4728
f 4873 4729 4723
f 4731 4876 4726
f 4731 4878 4876
f 4877 4733 4728
f 4879 4733 4877
f 4731 4734 4880
f 4881 4731 4880
f 4878 4731 4881
f 4735 4880 4734
f 4879 4737 4733
f 4882 4737 4879
f 4881 4880 4883
f 4881 4883 4884
f 4738 4883 4735
f 4735 4883 4880
f 4886 4885 4740
f 4740 4885 4739
f 4740 4737 4882
f 4740 4882 4886
f 4884 4883 4887
f 4884 4887 4888
f 4741 4887 4738
f 4738 4887 4883
f 4885 4742 4739
f 4889 4742 4885
f 4888 4887 4890
f 4888 4890 4891
f 4743 4890 4741
f 4741 4890 4887
f 4889 4744 4742
f 4892 4744 4889
f 4891 4890 4893
f 4891 4893 4894
f 4745 4893 4743
f 4743 4893 4890
f 4892 4746 4744
f 4895 4746 4892
f 4894 4893 4896
f 4894 4896 4897
f 4747 4896 4745
f 4745 4896 4893
f 4895 4898 4746
f 4746 4898 4748
f 4749 4748 4898
f 4749 4898 4899
f 4897 4896 4900
f 4897 4900 4901
f 4750 4900 4747
f 4747 4900 4896
f 4899 4751 4749
f 4902 4751 4899
f 4901 4900 4752
f 4753 4901 4752
f 4903 4901 4753
f 4752 4900 4750
f 4902 4904 4751
f 4751 4904 4754
f 4755 4754 4904
f 4755 4904 4905
f 4756 4903 4753
f 4756 4906 4903
f 4905 4907 4755
f 4755 4907 4757
f 4758 4757 4907
f 4758 4907 4908
f 4911 4910 4909
f 4910 4906 4909
f 4906 4759 4909
f 4906 4756 4759
f 4908 4912 4758
f 4758 4912 4760
f 4760 4913 4761
f 4912 4913 4760
f 4762 4761 4913
f 4762 4913 4914
f 4917 4916 4915
f 4915 4916 4911
f 4909 4915 4911
f 4918 4915 4909
f 4763 4918 4759
f 4759 4918 4909
f 4914 4919 4762
f 4762 4919 4764
f 4765 4764 4919
f 4765 4919 4920
f 4917 4915 4767
f 4768 4917 4767
f 4921 4917 4768
f 4767 4915 4769
f 4769 4915 4918
f 4769 4918 4763
f 4920 4922 4765
f 4765 4922 4770
f 4772 4770 4922
f 4772 4922 4923
f 4773 4921 4768
f 4773 4924 4921
f 4923 4925 4772
f 4772 4925 4774
f 4774 4926 4775
f 4925 4926 4774
f 4777 4775 4926
f 4777 4926 4927
f 4929 4928 4785
f 4929 4785 4786
f 4773 4785 4924
f 4924 4785 4928
f 4927 4930 4777
f 4777 4930 4787
f 4787 4931 4788
f 4930 4931 4787
f 4788 4932 4789
f 4931 4932 4788
f 4789 4933 4790
f 4932 4933 4789
f 4790 4934 4791
f 4933 4934 4790
f 4934 4936 4935
f 4792 4934 4935
f 4791 4934 4792
f 4937 4793 4792
f 4937 4792 4935
f 4938 4794 4793
f 4938 4793 4937
f 4939 4795 4794
f 4939 4794 4938
f 4939 4797 4795
f 4941 4940 4810
f 4941 4810 4809
f 4810 4942 4811
f 4940 4942 4810
f 4786 4811 4929
f 4929 4811 4942
f 4936 4943 4935
f 4935 4943 4937
f 4937 4943 4944
f 4937 4944 4938
f 4938 4944 4945
f 4938 4945 4939
f 4939 4945 4946
f 4939 4946 4797
f 4946 4812 4797
f 4946 4947 4812
f 4812 4948 4813
f 4947 4948 4812
f 4813 4949 4814
f 4948 4949 4813
f 4814 4950 4815
f 4949 4950 4814
f 4815 4951 4816
f 4950 4951 4815
f 4816 4952 4817
f 4951 4952 4816
f 4817 4953 4818
f 4952 4953 4817
f 4818 4954 4819
f 4953 4954 4818
f 4819 4955 4820
f 4954 4955 4819
f 4820 4956 4821
f 4955 4956 4820
f 4821 4957 4822
f 4956 4957 4821
f 4822 4958 4823
f 4957 4958 4822
f 4809 4823 4941
f 4941 4823 4958
f 4960 4959 4825
f 4825 4959 4824
f 4961 4825 4826
f 4961 4960 4825
f 4962 4826 4827
f 4962 4961 4826
f 4963 4827 4828
f 4963 4962 4827
f 4964 4828 4829
f 4964 4963 4828
f 4965 4829 4830
f 4965 4964 4829
f 4966 4830 4831
f 4966 4965 4830
f 4967 4831 4832
f 4967 4966 4831
f 4968 4832 4833
f 4968 4967 4832
f 4833 4834 4968
f 4968 4834 4969
f 4971 4970 4836
f 4836 4970 4835
f 4836 4824 4959
f 4836 4959 4971
f 4972 4969 4834
f 4972 4834 4837
f 4973 4837 4838
f 4973 4972 4837
f 4974 4838 4839
f 4974 4973 4838
f 4975 4839 4840
f 4975 4974 4839
f 4976 4840 4841
f 4976 4975 4840
f 4977 4841 4842
f 4977 4976 4841
f 4978 4842 4843
f 4978 4977 4842
f 4979 4843 4844
f 4979 4978 4843
f 4980 4844 4845
f 4980 4979 4844
f 4981 4845 4846
f 4981 4980 4845
f 4982 4846 4847
f 4982 4981 4846
f 4984 4982 4983
f 4982 4848 4983
f 4982 4847 4848
f 4849 4985 4848
f 4848 4985 4983
f 4850 4986 4849
f 4849 4986 4985
f 4851 4987 4850
f 4850 4987 4986
f 4852 4988 4851
f 4851 4988 4987
f 4854 4988 4852
f 4990 4989 4856
f 4856 4989 4855
f 4856 4835 4970
f 4856 4970 4990
f 4991 4984 4983
f 4991 4983 4985
f 4991 4985 4992
f 4992 4985 4986
f 4992 4986 4993
f 4993 4986 4987
f 4993 4987 4994
f 4994 4987 4988
f 4994 4988 4995
f 4995 4988 4854
f 4857 4995 4854
f 4996 4995 4857
f 4997 4857 4858
f 4997 4996 4857
f 4858 4860 4997
f 4997 4860 4998
f 5000 4999 4862
f 4862 4999 4861
f 4862 4855 4989
f 4862 4989 5000
f 5001 4998 4860
f 5001 4860 4863
f 4863 4865 5001
f 5001 4865 5002
f 5005 5004 5003
f 4999 5005 5003
f 4866 4999 5003
f 4861 4999 4866
f 4865 4867 5006
f 5007 4865 5006
f 5002 4865 5007
f 4868 5006 4867
f 5003 5004 4871
f 5004 4870 4871
f 5004 5008 4870
f 5003 4871 4866
f 5007 5006 5009
f 5007 5009 5010
f 4872 5009 4868
f 4868 5009 5006
f 5012 5011 4875
f 4875 5011 4874
f 4875 4870 5008
f 4875 5008 5012
f 5010 5009 5013
f 5010 5013 5014
f 4876 5013 4872
f 4872 5013 5009
f 5011 4877 4874
f 5015 4877 5011
f 5014 5013 5016
f 5014 5016 5017
f 4878 5016 4876
f 4876 5016 5013
f 5015 4879 4877
f 5018 4879 5015
f 5017 5016 5019
f 5017 5019 5020
f 4881 5019 4878
f 4878 5019 5016
f 5018 4882 4879
f 5021 4882 5018
f 5022 5020 5019
f 5019 4881 5022
f 4881 5023 5022
f 4881 4884 5023
f 5024 4885 4886
f 5025 5024 4886
f 4882 5025 4886
f 5021 5025 4882
f 4888 5023 4884
f 4888 5026 5023
f 5028 5027 5024
f 5027 4885 5024
f 5027 4889 4885
f 5028 5024 5025
f 4891 5026 4888
f 4891 5029 5026
f 5027 4892 4889
f 5030 4892 5027
f 4894 5029 4891
f 4894 5031 5029
f 5030 4895 4892
f 5032 4895 5030
f 4897 5031 4894
f 4897 5033 5031
f 5032 5034 4895
f 4895 5034 4898
f 4899 4898 5034
f 4899 5034 5035
f 4901 5033 4897
f 4901 5036 5033
f 5035 4902 4899
f 5037 4902 5035
f 5040 5039 5038
f 5039 5036 5038
f 5036 4903 5038
f 5036 4901 4903
f 5037 5041 4902
f 4902 5041 4904
f 4905 4904 5041
f 4905 5041 5042
f 5040 5038 5043
f 5040 5043 5044
f 4906 5043 4903
f 4903 5043 5038
f 5042 5045 4905
f 4905 5045 4907
f 4908 4907 5045
f 4908 5045 5046
f 5044 5043 4910
f 4911 5044 4910
f 5047 5044 4911
f 4910 5043 4906
f 5046 5048 4908
f 4908 5048 4912
f 5048 5050 5049
f 4913 5048 5049
f 4912 5048 4913
f 5049 4914 4913
f 5052 5051 4916
f 5052 4916 4917
f 4911 4916 5047
f 5047 4916 5051
f 5050 5053 5049
f 5049 5053 4914
f 5053 4919 4914
f 5053 5054 4919
f 4920 4919 5054
f 4920 5054 5055
f 4921 5052 4917
f 4921 5056 5052
f 5055 5057 4920
f 4920 5057 4922
f 4923 4922 5057
f 4923 5057 5058
f 4924 5056 4921
f 4924 5059 5056
f 5058 5060 4923
f 4923 5060 4925
f 4925 5061 4926
f 5060 5061 4925
f 4927 4926 5061
f 4927 5061 5062
f 5064 5063 4928
f 5064 4928 4929
f 4924 4928 5059
f 5059 4928 5063
f 5062 5065 4927
f 4927 5065 4930
f 4930 5066 4931
f 5065 5066 4930
f 4931 5067 4932
f 5066 5067 4931
f 4932 5068 4933
f 5067 5068 4932
f 4933 5069 4934
f 5068 5069 4933
f 4936 4934 5069
f 4936 5069 5070
f 5072 5071 4940
f 5072 4940 4941
f 4940 5073 4942
f 5071 5073 4940
f 4929 4942 5064
f 5064 4942 5073
f 5070 5074 4936
f 4936 5074 4943
f 5074 5076 5075
f 4944 5074 5075
f 4943 5074 4944
f 5077 4945 4944
f 5077 4944 5075
f 5078 4946 4945
f 5078 4945 5077
f 5079 4947 4946
f 5079 4946 5078
f 5080 4948 4947
f 5080 4947 5079
f 5081 4949 4948
f 5081 4948 5080
f 5082 4950 4949
f 5082 4949 5081
f 5083 4951 4950
f 5083 4950 5082
f 5084 4952 4951
f 5084 4951 5083
f 5085 4953 4952
f 5085 4952 5084
f 5086 4954 4953
f 5086 4953 5085
f 5087 4955 4954
f 5087 4954 5086
f 5088 4956 4955
f 5088 4955 5087
f 4956 5088 5089
f 5090 4956 5089
f 4957 4956 5090
f 4957 5091 4958
f 5090 5091 4957
f 4941 4958 5072
f 5072 4958 5091
f 5076 5092 5075
f 5075 5092 5077
f 5077 5092 5093
f 5077 5093 5078
f 5078 5093 5094
f 5078 5094 5079
f 5079 5094 5095
f 5079 5095 5080
f 5080 5095 5096
f 5080 5096 5081
f 5081 5096 5097
f 5081 5097 5082
f 5082 5097 5098
f 5082 5098 5083
f 5083 5098 5099
f 5083 5099 5084
f 5084 5099 5100
f 5084 5100 5085
f 5085 5100 5101
f 5085 5101 5086
f 5086 5101 5102
f 5086 5102 5087
f 5087 5102 5103
f 5087 5103 5088
f 5088 5103 5104
f 5088 5104 5089
f 5106 5105 4960
f 4960 5105 4959
f 5107 4960 4961
f 5107 5106 4960
f 5108 4961 4962
f 5108 5107 4961
f 5109 4962 4963
f 5109 5108 4962
f 5110 4963 4964
f 5110 5109 4963
f 5111 4964 4965
f 5111 5110 4964
f 5112 4965 4966
f 5112 5111 4965
f 5113 4966 4967
f 5113 5112 4966
f 5114 4967 4968
f 5114 5113 4967
f 4968 4969 5114
f 5114 4969 5115
f 5117 5116 4971
f 4971 5116 4970
f 4971 4959 5105
f 4971 5105 5117
f 5118 5115 4969
f 5118 4969 4972
f 5119 4972 4973
f 5119 5118 4972
f 5120 4973 4974
f 5120 5119 4973
f 5121 4974 4975
f 5121 5120 4974
f 5122 4975 4976
f 5122 5121 4975
f 5123 4976 4977
f 5123 5122 4976
f 5124 4977 4978
f 5124 5123 4977
f 5125 4978 4979
f 5125 5124 4978
f 5126 4979 4980
f 5126 5125 4979
f 5127 4980 4981
f 5127 5126 4980
f 5128 4981 4982
f 5128 5127 4981
f 4982 4984 5128
f 5128 4984 5129
f 5131 5130 4990
f 4990 5130 4989
f 4990 4970 5116
f 4990 5116 5131
f 5132 5129 4984
f 5132 4984 4991
f 5133 4991 4992
f 5133 5132 4991
f 5134 4992 4993
f 5134 5133 4992
f 5135 4993 4994
f 5135 5134 4993
f 5136 4994 4995
f 5136 5135 4994
f 5137 4995 4996
f 5137 5136 4995
f 5138 4996 4997
f 5138 5137 4996
f 4997 4998 5138
f 5138 4998 5139
f 5141 5140 5000
f 5000 5140 4999
f 5000 4989 5130
f 5000 5130 5141
f 4998 5001 5142
f 5143 4998 5142
f 5139 4998 5143
f 5002 5142 5001
f 5145 5144 5005
f 5005 5144 5004
f 5005 4999 5140
f 5005 5140 5145
f 5146 5143 5142
f 5142 5002 5146
f 5002 5147 5146
f 5002 5007 5147
f 5144 5008 5004
f 5148 5008 5144
f 5010 5147 5007
f 5010 5149 5147
f 5151 5150 5012
f 5012 5150 5011
f 5012 5008 5148
f 5012 5148 5151
f 5014 5149 5010
f 5014 5152 5149
f 5150 5015 5011
f 5153 5015 5150
f 5017 5152 5014
f 5017 5154 5152
f 5153 5018 5015
f 5155 5018 5153
f 5020 5154 5017
f 5020 5156 5154
f 5155 5021 5018
f 5157 5021 5155
f 5020 5022 5158
f 5159 5020 5158
f 5156 5020 5159
f 5023 5158 5022
f 5157 5025 5021
f 5160 5025 5157
f 5161 5159 5158
f 5158 5023 5161
f 5023 5162 5161
f 5023 5026 5162
f 5164 5163 5028
f 5028 5163 5027
f 5028 5025 5160
f 5028 5160 5164
f 5029 5162 5026
f 5029 5165 5162
f 5163 5030 5027
f 5166 5030 5163
f 5031 5165 5029
f 5031 5167 5165
f 5166 5032 5030
f 5168 5032 5166
f 5033 5167 5031
f 5033 5169 5167
f 5168 5170 5032
f 5032 5170 5034
f 5035 5034 5170
f 5035 5170 5171
f 5174 5173 5172
f 5173 5169 5172
f 5169 5036 5172
f 5169 5033 5036
f 5171 5037 5035
f 5175 5037 5171
f 5174 5172 5039
f 5040 5174 5039
f 5176 5174 5040
f 5039 5172 5036
f 5175 5177 5037
f 5037 5177 5041
f 5042 5041 5177
f 5042 5177 5178
f 5044 5176 5040
f 5044 5179 5176
f 5178 5180 5042
f 5042 5180 5045
f 5046 5045 5180
f 5046 5180 5181
f 5047 5179 5044
f 5047 5182 5179
f 5181 5183 5046
f 5046 5183 5048
f 5050 5048 5183
f 5050 5183 5184
f 5186 5185 5051
f 5186 5051 5052
f 5047 5051 5182
f 5182 5051 5185
f 5184 5187 5050
f 5050 5187 5053
f 5053 5188 5054
f 5187 5188 5053
f 5055 5054 5188
f 5055 5188 5189
f 5056 5186 5052
f 5056 5190 5186
f 5189 5191 5055
f 5055 5191 5057
f 5058 5057 5191
f 5058 5191 5192
f 5059 5190 5056
f 5059 5193 5190
f 5192 5194 5058
f 5058 5194 5060
f 5060 5195 5061
f 5194 5195 5060
f 5062 5061 5195
f 5062 5195 5196
f 5198 5197 5063
f 5198 5063 5064
f 5059 5063 5193
f 5193 5063 5197
f 5196 5199 5062
f 5062 5199 5065
f 5065 5200 5066
f 5199 5200 5065
f 5066 5201 5067
f 5200 5201 5066
f 5201 5203 5202
f 5068 5201 5202
f 5067 5201 5068
f 5204 5069 5068
f 5204 5068 5202
f 5204 5070 5069
f 5206 5205 5071
f 5206 5071 5072
f 5071 5207 5073
f 5205 5207 5071
f 5064 5073 5198
f 5198 5073 5207
f 5203 5208 5202
f 5202 5208 5204
f 5204 5208 5209
f 5204 5209 5070
f 5209 5074 5070
f 5209 5210 5074
f 5076 5074 5210
f 5076 5210 5211
f 5213 5212 5090
f 5213 5090 5089
f 5090 5214 5091
f 5212 5214 5090
f 5072 5091 5206
f 5206 5091 5214
f 5211 5215 5076
f 5076 5215 5092
f 5092 5216 5093
f 5215 5216 5092
f 5216 5218 5217
f 5094 5216 5217
f 5093 5216 5094
f 5219 5095 5094
f 5219 5094 5217
f 5220 5096 5095
f 5220 5095 5219
f 5096 5220 5221
f 5222 5096 5221
f 5097 5096 5222
f 5097 5223 5098
f 5222 5223 5097
f 5098 5224 5099
f 5223 5224 5098
f 5099 5225 5100
f 5224 5225 5099
f 5100 5226 5101
f 5225 5226 5100
f 5101 5227 5102
f 5226 5227 5101
f 5102 5228 5103
f 5227 5228 5102
f 5103 5229 5104
f 5228 5229 5103
f 5089 5104 5213
f 5213 5104 5229
f 5218 5230 5217
f 5217 5230 5219
f 5219 5230 5231
f 5219 5231 5220
f 5220 5231 5232
f 5220 5232 5221
f 5234 5233 5106
f 5106 5233 5105
f 5235 5106 5107
f 5235 5234 5106
f 5236 5107 5108
f 5236 5235 5107
f 5237 5108 5109
f 5237 5236 5108
f 5238 5109 5110
f 5238 5237 5109
f 5239 5110 5111
f 5239 5238 5110
f 5240 5111 5112
f 5240 5239 5111
f 5241 5112 5113
f 5241 5240 5112
f 5242 5113 5114
f 5242 5241 5113
f 5114 5115 5242
f 5242 5115 5243
f 5245 5244 5117
f 5117 5244 5116
f 5117 5105 5233
f 5117 5233 5245
f 5246 5243 5115
f 5246 5115 5118
f 5247 5118 5119
f 5247 5246 5118
f 5248 5119 5120
f 5248 5247 5119
f 5249 5120 5121
f 5249 5248 5120
f 5250 5121 5122
f 5250 5249 5121
f 5251 5122 5123
f 5251 5250 5122
f 5252 5123 5124
f 5252 5251 5123
f 5253 5124 5125
f 5253 5252 5124
f 5254 5125 5126
f 5254 5253 5125
f 5255 5126 5127
f 5255 5254 5126
f 5256 5127 5128
f 5256 5255 5127
f 5128 5129 5256
f 5256 5129 5257
f 5259 5258 5131
f 5131 5258 5130
f 5131 5116 5244
f 5131 5244 5259
f 5260 5257 5129
f 5260 5129 5132
f 5261 5132 5133
f 5261 5260 5132
f 5262 5133 5134
f 5262 5261 5133
f 5263 5134 5135
f 5263 5262 5134
f 5265 5263 5264
f 5263 5136 5264
f 5263 5135 5136
f 5137 5266 5136
f 5136 5266 5264
f 5138 5267 5137
f 5137 5267 5266
f 5139 5267 5138
f 5269 5268 5141
f 5141 5268 5140
f 5141 5130 5258
f 5141 5258 5269
f 5270 5265 5264
f 5270 5264 5266
f 5270 5266 5271
f 5271 5266 5267
f 5271 5267 5272
f 5267 5139 5272
f 5139 5273 5272
f 5139 5143 5273
f 5275 5274 5145
f 5145 5274 5144
f 5145 5140 5268
f 5145 5268 5275
f 5143 5146 5276
f 5277 5143 5276
f 5273 5143 5277
f 5147 5276 5146
f 5274 5148 5144
f 5278 5148 5274
f 5277 5276 5279
f 5277 5279 5280
f 5149 5279 5147
f 5147 5279 5276
f 5282 5281 5151
f 5151 5281 5150
f 5151 5148 5278
f 5151 5278 5282
f 5283 5280 5279
f 5279 5149 5283
f 5149 5284 5283
f 5149 5152 5284
f 5281 5153 5150
f 5285 5153 5281
f 5154 5284 5152
f 5154 5286 5284
f 5285 5155 5153
f 5287 5155 5285
f 5156 5286 5154
f 5156 5288 5286
f 5287 5157 5155
f 5289 5157 5287
f 5159 5288 5156
f 5159 5290 5288
f 5289 5160 5157
f 5291 5160 5289
f 5159 5161 5292
f 5293 5159 5292
f 5290 5159 5293
f 5162 5292 5161
f 5294 5163 5164
f 5295 5294 5164
f 5160 5295 5164
f 5291 5295 5160
f 5293 5292 5296
f 5293 5296 5297
f 5165 5296 5162
f 5162 5296 5292
f 5298 5166 5294
f 5294 5166 5163
f 5294 5295 5299
f 5294 5299 5298
f 5297 5296 5300
f 5297 5300 5301
f 5167 5300 5165
f 5165 5300 5296
f 5302 5168 5298
f 5298 5168 5166
f 5298 5299 5303
f 5298 5303 5302
f 5301 5300 5304
f 5301 5304 5305
f 5169 5304 5167
f 5167 5304 5300
f 5302 5170 5168
f 5171 5170 5302
f 5303 5171 5302
f 5306 5171 5303
f 5305 5304 5173
f 5174 5305 5173
f 5307 5305 5174
f 5173 5304 5169
f 5309 5175 5308
f 5175 5306 5308
f 5175 5171 5306
f 5310 5309 5308
f 5176 5307 5174
f 5176 5311 5307
f 5309 5177 5175
f 5178 5177 5309
f 5310 5178 5309
f 5312 5178 5310
f 5179 5311 5176
f 5179 5313 5311
f 5312 5314 5178
f 5178 5314 5180
f 5181 5180 5314
f 5181 5314 5315
f 5182 5313 5179
f 5182 5316 5313
f 5315 5317 5181
f 5181 5317 5183
f 5184 5183 5317
f 5184 5317 5318
f 5320 5319 5185
f 5320 5185 5186
f 5182 5185 5316
f 5316 5185 5319
f 5318 5321 5184
f 5184 5321 5187
f 5187 5322 5188
f 5321 5322 5187
f 5189 5188 5322
f 5189 5322 5323
f 5190 5320 5186
f 5190 5324 5320
f 5323 5325 5189
f 5189 5325 5191
f 5192 5191 5325
f 5192 5325 5326
f 5193 5324 5190
f 5193 5327 5324
f 5326 5328 5192
f 5192 5328 5194
f 5194 5329 5195
f 5328 5329 5194
f 5196 5195 5329
f 5196 5329 5330
f 5332 5331 5197
f 5332 5197 5198
f 5193 5197 5327
f 5327 5197 5331
f 5330 5333 5196
f 5196 5333 5199
f 5199 5334 5200
f 5333 5334 5199
f 5200 5335 5201
f 5334 5335 5200
f 5203 5201 5335
f 5203 5335 5336
f 5338 5337 5205
f 5338 5205 5206
f 5205 5339 5207
f 5337 5339 5205
f 5198 5207 5332
f 5332 5207 5339
f 5336 5340 5203
f 5203 5340 5208
f 5208 5341 5209
f 5340 5341 5208
f 5341 5343 5342
f 5210 5341 5342
f 5209 5341 5210
f 5342 5211 5210
f 5345 5344 5212
f 5345 5212 5213
f 5212 5346 5214
f 5344 5346 5212
f 5206 5214 5338
f 5338 5214 5346
f 5343 5347 5342
f 5342 5347 5211
f 5347 5215 5211
f 5347 5348 5215
f 5348 5350 5349
f 5216 5348 5349
f 5215 5348 5216
f 5349 5218 5216
f 5221 5351 5222
f 5352 5223 5222
f 5352 5222 5351
f 5353 5224 5223
f 5353 5223 5352
f 5224 5353 5354
f 5355 5224 5354
f 5225 5224 5355
f 5225 5356 5226
f 5355 5356 5225
f 5226 5357 5227
f 5356 5357 5226
f 5227 5358 5228
f 5357 5358 5227
f 5228 5359 5229
f 5358 5359 5228
f 5213 5229 5345
f 5345 5229 5359
f 5350 5360 5349
f 5349 5360 5218
f 5360 5230 5218
f 5360 5361 5230
f 5230 5362 5231
f 5361 5362 5230
f 5231 5363 5232
f 5362 5363 5231
f 5221 5232 5351
f 5232 5364 5351
f 5232 5363 5364
f 5351 5364 5352
f 5352 5364 5365
f 5352 5365 5353
f 5353 5365 5366
f 5353 5366 5354
f 5368 5367 5234
f 5234 5367 5233
f 5369 5234 5235
f 5369 5368 5234
f 5370 5235 5236
f 5370 5369 5235
f 5371 5236 5237
f 5371 5370 5236
f 5372 5237 5238
f 5372 5371 5237
f 5374 5372 5373
f 5372 5239 5373
f 5372 5238 5239
f 5240 5375 5239
f 5239 5375 5373
f 5241 5376 5240
f 5240 5376 5375
f 5242 5377 5241
f 5241 5377 5376
f 5243 5377 5242
f 5379 5378 5245
f 5245 5378 5244
f 5245 5233 5367
f 5245 5367 5379
f 5380 5374 5373
f 5380 5373 5375
f 5380 5375 5381
f 5381 5375 5376
f 5381 5376 5382
f 5382 5376 5377
f 5382 5377 5383
f 5383 5377 5243
f 5246 5383 5243
f 5384 5383 5246
f 5385 5246 5247
f 5385 5384 5246
f 5386 5247 5248
f 5386 5385 5247
f 5387 5248 5249
f 5387 5386 5248
f 5388 5249 5250
f 5388 5387 5249
f 5389 5250 5251
f 5389 5388 5250
f 5390 5251 5252
f 5390 5389 5251
f 5391 5252 5253
f 5391 5390 5252
f 5392 5253 5254
f 5392 5391 5253
f 5393 5254 5255
f 5393 5392 5254
f 5395 5393 5394
f 5393 5256 5394
f 5393 5255 5256
f 5257 5394 5256
f 5396 5258 5259
f 5397 5396 5259
f 5244 5397 5259
f 5378 5397 5244
f 5398 5395 5394
f 5398 5394 5257
f 5260 5398 5257
f 5399 5398 5260
f 5400 5260 5261
f 5400 5399 5260
f 5401 5261 5262
f 5401 5400 5261
f 5402 5262 5263
f 5402 5401 5262
f 5263 5265 5402
f 5402 5265 5403
f 5405 5404 5269
f 5269 5404 5268
f 5269 5258 5396
f 5406 5269 5396
f 5405 5269 5406
f 5406 5396 5397
f 5407 5403 5265
f 5407 5265 5270
f 5408 5270 5271
f 5408 5407 5270
f 5410 5408 5409
f 5408 5272 5409
f 5408 5271 5272
f 5273 5409 5272
f 5412 5411 5275
f 5275 5411 5274
f 5275 5268 5404
f 5275 5404 5412
f 5413 5410 5409
f 5409 5273 5413
f 5273 5414 5413
f 5273 5277 5414
f 5411 5278 5274
f 5415 5278 5411
f 5280 5414 5277
f 5280 5416 5414
f 5418 5417 5282
f 5282 5417 5281
f 5282 5278 5415
f 5282 5415 5418
f 5280 5283 5419
f 5420 5280 5419
f 5416 5280 5420
f 5284 5419 5283
f 5417 5285 5281
f 5421 5285 5417
f 5420 5419 5422
f 5420 5422 5423
f 5286 5422 5284
f 5284 5422 5419
f 5421 5287 5285
f 5424 5287 5421
f 5423 5422 5425
f 5423 5425 5426
f 5288 5425 5286
f 5286 5425 5422
f 5424 5289 5287
f 5427 5289 5424
f 5426 5425 5428
f 5426 5428 5429
f 5290 5428 5288
f 5288 5428 5425
f 5427 5291 5289
f 5430 5291 5427
f 5429 5428 5431
f 5429 5431 5432
f 5293 5431 5290
f 5290 5431 5428
f 5430 5295 5291
f 5433 5295 5430
f 5434 5432 5431
f 5431 5293 5434
f 5293 5435 5434
f 5293 5297 5435
f 5433 5299 5295
f 5436 5299 5433
f 5301 5435 5297
f 5301 5437 5435
f 5436 5303 5299
f 5438 5303 5436
f 5305 5437 5301
f 5305 5439 5437
f 5441 5306 5440
f 5306 5438 5440
f 5306 5303 5438
f 5442 5441 5440
f 5307 5439 5305
f 5307 5443 5439
f 5441 5308 5306
f 5310 5308 5441
f 5442 5310 5441
f 5444 5310 5442
f 5447 5446 5445
f 5446 5443 5445
f 5443 5311 5445
f 5443 5307 5311
f 5449 5312 5448
f 5312 5444 5448
f 5312 5310 5444
f 5450 5449 5448
f 5447 5445 5451
f 5447 5451 5452
f 5313 5451 5311
f 5311 5451 5445
f 5449 5314 5312
f 5454 5453 5315
f 5454 5315 5314
f 5450 5454 5314
f 5449 5450 5314
f 5455 5453 5454
f 5452 5451 5456
f 5452 5456 5457
f 5316 5456 5313
f 5313 5456 5451
f 5453 5317 5315
f 5318 5317 5453
f 5455 5318 5453
f 5458 5318 5455
f 5457 5456 5319
f 5320 5457 5319
f 5459 5457 5320
f 5319 5456 5316
f 5458 5460 5318
f 5318 5460 5321
f 5321 5461 5322
f 5460 5461 5321
f 5323 5322 5461
f 5323 5461 5462
f 5324 5459 5320
f 5324 5463 5459
f 5462 5464 5323
f 5323 5464 5325
f 5326 5325 5464
f 5326 5464 5465
f 5468 5467 5466
f 5467 5463 5466
f 5463 5327 5466
f 5463 5324 5327
f 5465 5469 5326
f 5326 5469 5328
f 5328 5470 5329
f 5469 5470 5328
f 5330 5329 5470
f 5330 5470 5471
f 5474 5473 5472
f 5472 5473 5468
f 5472 5468 5466
f 5332 5472 5466
f 5331 5332 5466
f 5331 5466 5327
f 5471 5475 5330
f 5330 5475 5333
f 5475 5477 5476
f 5334 5475 5476
f 5333 5475 5334
f 5478 5335 5334
f 5478 5334 5476
f 5478 5336 5335
f 5481 5480 5479
f 5337 5338 5479
f 5480 5337 5479
f 5482 5337 5480
f 5472 5339 5474
f 5339 5482 5474
f 5339 5337 5482
f 5339 5472 5332
f 5477 5483 5476
f 5476 5483 5478
f 5478 5483 5484
f 5484 5486 5485
f 5484 5485 5340
f 5478 5484 5340
f 5336 5478 5340
f 5487 5341 5340
f 5487 5340 5485
f 5487 5343 5341
f 5490 5489 5488
f 5344 5345 5488
f 5489 5344 5488
f 5491 5344 5489
f 5479 5346 5481
f 5346 5491 5481
f 5346 5344 5491
f 5346 5479 5338
f 5486 5492 5485
f 5485 5492 5487
f 5487 5492 5493
f 5487 5493 5343
f 5493 5347 5343
f 5493 5494 5347
f 5347 5495 5348
f 5494 5495 5347
f 5350 5348 5495
f 5350 5495 5496
f 5354 5497 5355
f 5355 5497 5498
f 5499 5355 5498
f 5356 5355 5499
f 5356 5500 5357
f 5499 5500 5356
f 5357 5501 5358
f 5500 5501 5357
f 5488 5359 5490
f 5359 5501 5490
f 5359 5358 5501
f 5359 5488 5345
f 5496 5502 5350
f 5350 5502 5360
f 5360 5503 5361
f 5502 5503 5360
f 5361 5504 5362
f 5503 5504 5361
f 5362 5505 5363
f 5504 5505 5362
f 5363 5506 5364
f 5505 5506 5363
f 5364 5507 5365
f 5506 5507 5364
f 5365 5508 5366
f 5507 5508 5365
f 5354 5366 5497
f 5366 5509 5497
f 5366 5508 5509
f 5497 5509 5498
f 5510 5367 5368
f 5369 5511 5368
f 5368 5511 5510
f 5370 5512 5369
f 5369 5512 5511
f 5371 5513 5370
f 5370 5513 5512
f 5372 5514 5371
f 5371 5514 5513
f 5374 5514 5372
f 5516 5515 5379
f 5379 5515 5378
f 5379 5367 5510
f 5517 5379 5510
f 5516 5379 5517
f 5517 5510 5511
f 5517 5511 5518
f 5518 5511 5512
f 5518 5512 5519
f 5519 5512 5513
f 5519 5513 5520
f 5520 5513 5514
f 5520 5514 5521
f 5521 5514 5374
f 5380 5521 5374
f 5522 5521 5380
f 5523 5380 5381
f 5523 5522 5380
f 5524 5381 5382
f 5524 5523 5381
f 5525 5382 5383
f 5525 5524 5382
f 5526 5383 5384
f 5526 5525 5383
f 5527 5384 5385
f 5527 5526 5384
f 5528 5385 5386
f 5528 5527 5385
f 5529 5386 5387
f 5529 5528 5386
f 5530 5387 5388
f 5530 5529 5387
f 5531 5388 5389
f 5531 5530 5388
f 5532 5389 5390
f 5532 5531 5389
f 5534 5532 5533
f 5532 5391 5533
f 5532 5390 5391
f 5392 5535 5391
f 5391 5535 5533
f 5393 5536 5392
f 5392 5536 5535
f 5395 5536 5393
f 5515 5397 5378
f 5537 5397 5515
f 5538 5534 5533
f 5538 5533 5535
f 5538 5535 5539
f 5539 5535 5536
f 5539 5536 5540
f 5540 5536 5395
f 5398 5540 5395
f 5541 5540 5398
f 5542 5398 5399
f 5542 5541 5398
f 5543 5399 5400
f 5543 5542 5399
f 5544 5400 5401
f 5544 5543 5400
f 5545 5401 5402
f 5545 5544 5401
f 5402 5403 5545
f 5545 5403 5546
f 5548 5547 5405
f 5405 5547 5404
f 5549 5405 5406
f 5549 5548 5405
f 5406 5397 5537
f 5406 5537 5549
f 5550 5546 5403
f 5550 5403 5407
f 5552 5550 5551
f 5550 5408 5551
f 5550 5407 5408
f 5410 5551 5408
f 5554 5553 5412
f 5412 5553 5411
f 5412 5404 5547
f 5412 5547 5554
f 5555 5552 5551
f 5557 5555 5556
f 5556 5555 5413
f 5555 5551 5413
f 5551 5410 5413
f 5414 5556 5413
f 5553 5415 5411
f 5558 5415 5553
f 5559 5557 5556
f 5556 5414 5559
f 5414 5560 5559
f 5414 5416 5560
f 5561 5417 5418
f 5562 5561 5418
f 5415 5562 5418
f 5558 5562 5415
f 5420 5560 5416
f 5420 5563 5560
f 5565 5564 5561
f 5564 5417 5561
f 5564 5421 5417
f 5565 5561 5562
f 5423 5563 5420
f 5423 5566 5563
f 5564 5424 5421
f 5567 5424 5564
f 5426 5566 5423
f 5426 5568 5566
f 5567 5427 5424
f 5569 5427 5567
f 5429 5568 5426
f 5429 5570 5568
f 5569 5430 5427
f 5571 5430 5569
f 5432 5570 5429
f 5432 5572 5570
f 5571 5433 5430
f 5573 5433 5571
f 5432 5434 5574
f 5575 5432 5574
f 5572 5432 5575
f 5435 5574 5434
f 5573 5436 5433
f 5576 5436 5573
f 5575 5574 5577
f 5575 5577 5578
f 5437 5577 5435
f 5435 5577 5574
f 5580 5438 5579
f 5438 5576 5579
f 5438 5436 5576
f 5581 5580 5579
f 5578 5577 5582
f 5578 5582 5583
f 5439 5582 5437
f 5437 5582 5577
f 5580 5440 5438
f 5442 5440 5580
f 5581 5442 5580
f 5584 5442 5581
f 5583 5582 5585
f 5583 5585 5586
f 5443 5585 5439
f 5439 5585 5582
f 5584 5444 5442
f 5587 5444 5584
f 5590 5589 5588
f 5588 5589 5586
f 5588 5586 5585
f 5447 5588 5585
f 5446 5447 5585
f 5446 5585 5443
f 5587 5591 5444
f 5444 5591 5448
f 5450 5448 5591
f 5450 5591 5592
f 5590 5588 5593
f 5590 5593 5594
f 5452 5593 5447
f 5447 5593 5588
f 5592 5595 5450
f 5450 5595 5454
f 5455 5454 5595
f 5455 5595 5596
f 5594 5593 5597
f 5594 5597 5598
f 5457 5597 5452
f 5452 5597 5593
f 5600 5458 5599
f 5458 5596 5599
f 5458 5455 5596
f 5601 5600 5599
f 5598 5597 5602
f 5598 5602 5603
f 5459 5602 5457
f 5457 5602 5597
f 5600 5460 5458
f 5601 5604 5600
f 5604 5460 5600
f 5604 5461 5460
f 5462 5461 5604
f 5462 5604 5605
f 5603 5602 5606
f 5603 5606 5607
f 5463 5606 5459
f 5459 5606 5602
f 5605 5608 5462
f 5462 5608 5464
f 5465 5464 5608
f 5465 5608 5609
f 5607 5606 5467
f 5468 5607 5467
f 5610 5607 5468
f 5467 5606 5463
f 5609 5611 5465
f 5465 5611 5469
f 5611 5613 5612
f 5470 5611 5612
f 5469 5611 5470
f 5612 5471 5470
f 5615 5614 5473
f 5615 5473 5474
f 5468 5473 5610
f 5610 5473 5614
f 5613 5616 5612
f 5612 5616 5471
f 5616 5475 5471
f 5616 5617 5475
f 5477 5475 5617
f 5477 5617 5618
f 5620 5619 5480
f 5620 5480 5481
f 5480 5621 5482
f 5619 5621 5480
f 5474 5482 5615
f 5615 5482 5621
f 5618 5622 5477
f 5477 5622 5483
f 5483 5623 5484
f 5622 5623 5483
f 5486 5484 5623
f 5486 5623 5624
f 5626 5625 5489
f 5626 5489 5490
f 5489 5627 5491
f 5625 5627 5489
f 5481 5491 5620
f 5620 5491 5627
f 5624 5628 5486
f 5486 5628 5492
f 5492 5629 5493
f 5628 5629 5492
f 5493 5630 5494
f 5629 5630 5493
f 5494 5631 5495
f 5630 5631 5494
f 5496 5495 5631
f 5496 5631 5632
f 5634 5633 5499
f 5634 5499 5498
f 5499 5635 5500
f 5633 5635 5499
f 5500 5636 5501
f 5635 5636 5500
f 5490 5501 5626
f 5626 5501 5636
f 5632 5637 5496
f 5496 5637 5502
f 5502 5638 5503
f 5637 5638 5502
f 5503 5639 5504
f 5638 5639 5503
f 5504 5640 5505
f 5639 5640 5504
f 5505 5641 5506
f 5640 5641 5505
f 5506 5642 5507
f 5641 5642 5506
f 5507 5643 5508
f 5642 5643 5507
f 5508 5644 5509
f 5643 5644 5508
f 5498 5509 5634
f 5634 5509 5644
f 5646 5645 5516
f 5516 5645 5515
f 5647 5516 5517
f 5647 5646 5516
f 5648 5517 5518
f 5648 5647 5517
f 5649 5518 5519
f 5649 5648 5518
f 5650 5519 5520
f 5650 5649 5519
f 5651 5520 5521
f 5651 5650 5520
f 5652 5521 5522
f 5652 5651 5521
f 5653 5522 5523
f 5653 5652 5522
f 5655 5653 5654
f 5653 5524 5654
f 5653 5523 5524
f 5525 5656 5524
f 5524 5656 5654
f 5526 5657 5525
f 5525 5657 5656
f 5527 5658 5526
f 5526 5658 5657
f 5658 5527 5659
f 5527 5660 5659
f 5527 5528 5660
f 5661 5528 5529
f 5661 5660 5528
f 5662 5529 5530
f 5662 5661 5529
f 5663 5530 5531
f 5663 5662 5530
f 5664 5531 5532
f 5664 5663 5531
f 5532 5534 5664
f 5664 5534 5665
f 5645 5537 5515
f 5666 5537 5645
f 5667 5655 5654
f 5667 5654 5656
f 5667 5656 5668
f 5668 5656 5657
f 5668 5657 5669
f 5669 5657 5658
f 5669 5658 5670
f 5670 5658 5659
f 5671 5665 5534
f 5671 5534 5538
f 5672 5538 5539
f 5672 5671 5538
f 5673 5539 5540
f 5673 5672 5539
f 5674 5540 5541
f 5674 5673 5540
f 5675 5541 5542
f 5675 5674 5541
f 5676 5542 5543
f 5676 5675 5542
f 5677 5543 5544
f 5677 5676 5543
f 5679 5677 5678
f 5677 5545 5678
f 5677 5544 5545
f 5546 5678 5545
f 5680 5547 5548
f 5680 5548 5681
f 5548 5682 5681
f 5548 5549 5682
f 5549 5537 5666
f 5549 5666 5682
f 5683 5679 5678
f 5685 5683 5684
f 5684 5683 5550
f 5683 5678 5550
f 5678 5546 5550
f 5552 5684 5550
f 5686 5553 5554
f 5687 5686 5554
f 5687 5554 5547
f 5688 5687 5547
f 5680 5688 5547
f 5688 5680 5681
f 5689 5685 5684
f 5691 5689 5690
f 5690 5689 5555
f 5689 5684 5555
f 5684 5552 5555
f 5557 5690 5555
f 5692 5558 5686
f 5686 5558 5553
f 5686 5687 5693
f 5686 5693 5692
f 5694 5691 5690
f 5696 5694 5695
f 5695 5694 5559
f 5694 5690 5559
f 5690 5557 5559
f 5560 5695 5559
f 5698 5697 5692
f 5697 5558 5692
f 5697 5562 5558
f 5698 5692 5693
f 5696 5695 5699
f 5696 5699 5700
f 5563 5699 5560
f 5560 5699 5695
f 5701 5564 5565
f 5702 5701 5565
f 5562 5702 5565
f 5697 5702 5562
f 5703 5700 5699
f 5699 5563 5703
f 5563 5704 5703
f 5563 5566 5704
f 5705 5567 5701
f 5701 5567 5564
f 5701 5702 5706
f 5701 5706 5705
f 5568 5704 5566
f 5568 5707 5704
f 5708 5569 5705
f 5705 5569 5567
f 5705 5706 5709
f 5705 5709 5708
f 5570 5707 5568
f 5570 5710 5707
f 5712 5711 5708
f 5711 5569 5708
f 5711 5571 5569
f 5712 5708 5709
f 5572 5710 5570
f 5572 5713 5710
f 5711 5573 5571
f 5714 5573 5711
f 5575 5713 5572
f 5575 5715 5713
f 5714 5576 5573
f 5716 5576 5714
f 5578 5715 5575
f 5578 5717 5715
f 5716 5718 5576
f 5576 5718 5579
f 5581 5579 5718
f 5581 5718 5719
f 5583 5717 5578
f 5583 5720 5717
f 5719 5584 5581
f 5721 5584 5719
f 5724 5723 5722
f 5723 5720 5722
f 5720 5586 5722
f 5720 5583 5586
f 5726 5587 5725
f 5587 5721 5725
f 5587 5584 5721
f 5727 5726 5725
f 5730 5729 5728
f 5728 5729 5724
f 5728 5724 5722
f 5590 5728 5722
f 5589 5590 5722
f 5589 5722 5586
f 5726 5591 5587
f 5592 5591 5726
f 5727 5592 5726
f 5731 5592 5727
f 5730 5728 5732
f 5730 5732 5733
f 5594 5732 5590
f 5590 5732 5728
f 5731 5734 5592
f 5592 5734 5595
f 5596 5595 5734
f 5596 5734 5735
f 5733 5732 5736
f 5733 5736 5737
f 5598 5736 5594
f 5594 5736 5732
f 5735 5738 5596
f 5596 5738 5599
f 5601 5599 5738
f 5601 5738 5739
f 5737 5736 5740
f 5737 5740 5741
f 5603 5740 5598
f 5598 5740 5736
f 5739 5742 5601
f 5601 5742 5604
f 5605 5604 5742
f 5605 5742 5743
f 5741 5740 5744
f 5741 5744 5745
f 5607 5744 5603
f 5603 5744 5740
f 5743 5746 5605
f 5605 5746 5608
f 5748 5747 5609
f 5608 5748 5609
f 5746 5748 5608
f 5749 5747 5748
f 5745 5744 5750
f 5745 5750 5751
f 5610 5750 5607
f 5607 5750 5744
f 5747 5611 5609
f 5613 5611 5747
f 5749 5613 5747
f 5752 5613 5749
f 5755 5754 5753
f 5753 5754 5751
f 5753 5751 5750
f 5615 5753 5750
f 5614 5615 5750
f 5614 5750 5610
f 5752 5756 5613
f 5613 5756 5616
f 5616 5757 5617
f 5756 5757 5616
f 5618 5617 5757
f 5618 5757 5758
f 5761 5760 5759
f 5619 5620 5759
f 5760 5619 5759
f 5762 5619 5760
f 5753 5621 5755
f 5621 5762 5755
f 5621 5619 5762
f 5621 5753 5615
f 5758 5763 5618
f 5618 5763 5622
f 5622 5764 5623
f 5763 5764 5622
f 5624 5623 5764
f 5624 5764 5765
f 5767 5766 5625
f 5767 5625 5626
f 5759 5627 5761
f 5627 5766 5761
f 5627 5625 5766
f 5627 5759 5620
f 5765 5768 5624
f 5624 5768 5628
f 5628 5769 5629
f 5768 5769 5628
f 5629 5770 5630
f 5769 5770 5629
f 5630 5771 5631
f 5770 5771 5630
f 5632 5631 5771
f 5632 5771 5772
f 5774 5773 5633
f 5774 5633 5634
f 5633 5775 5635
f 5773 5775 5633
f 5635 5776 5636
f 5775 5776 5635
f 5626 5636 5767
f 5767 5636 5776
f 5772 5777 5632
f 5632 5777 5637
f 5637 5778 5638
f 5777 5778 5637
f 5638 5779 5639
f 5778 5779 5638
f 5639 5780 5640
f 5779 5780 5639
f 5640 5781 5641
f 5780 5781 5640
f 5641 5782 5642
f 5781 5782 5641
f 5642 5783 5643
f 5782 5783 5642
f 5643 5784 5644
f 5783 5784 5643
f 5634 5644 5774
f 5774 5644 5784
f 5785 5645 5646
f 5647 5786 5646
f 5646 5786 5785
f 5648 5787 5647
f 5647 5787 5786
f 5787 5648 5788
f 5648 5789 5788
f 5648 5649 5789
f 5790 5649 5650
f 5790 5789 5649
f 5791 5650 5651
f 5791 5790 5650
f 5792 5651 5652
f 5792 5791 5651
f 5793 5652 5653
f 5793 5792 5652
f 5653 5655 5793
f 5793 5655 5794
f 5796 5795 5660
f 5660 5795 5659
f 5797 5660 5661
f 5797 5796 5660
f 5798 5661 5662
f 5798 5797 5661
f 5799 5662 5663
f 5799 5798 5662
f 5800 5663 5664
f 5800 5799 5663
f 5664 5665 5800
f 5800 5665 5801
f 5803 5802 5785
f 5802 5645 5785
f 5802 5666 5645
f 5803 5785 5786
f 5803 5786 5804
f 5804 5786 5787
f 5804 5787 5805
f 5805 5787 5788
f 5806 5794 5655
f 5806 5655 5667
f 5807 5667 5668
f 5807 5806 5667
f 5808 5668 5669
f 5808 5807 5668
f 5809 5669 5670
f 5809 5808 5669
f 5670 5659 5795
f 5670 5795 5809
f 5810 5801 5665
f 5810 5665 5671
f 5811 5671 5672
f 5811 5810 5671
f 5812 5672 5673
f 5812 5811 5672
f 5813 5673 5674
f 5813 5812 5673
f 5814 5674 5675
f 5814 5813 5674
f 5815 5675 5676
f 5815 5814 5675
f 5816 5676 5677
f 5816 5815 5676
f 5677 5679 5816
f 5816 5679 5817
f 5818 5681 5682
f 5819 5818 5682
f 5666 5819 5682
f 5802 5819 5666
f 5820 5817 5679
f 5820 5679 5683
f 5683 5685 5820
f 5820 5685 5821
f 5822 5687 5688
f 5823 5822 5688
f 5823 5688 5681
f 5824 5823 5681
f 5818 5824 5681
f 5824 5818 5819
f 5825 5821 5685
f 5825 5685 5689
f 5689 5691 5825
f 5825 5691 5826
f 5828 5827 5822
f 5827 5687 5822
f 5827 5693 5687
f 5828 5822 5823
f 5829 5826 5691
f 5829 5691 5694
f 5694 5696 5829
f 5829 5696 5830
f 5831 5697 5698
f 5832 5831 5698
f 5693 5832 5698
f 5827 5832 5693
f 5700 5830 5696
f 5700 5833 5830
f 5835 5834 5831
f 5834 5697 5831
f 5834 5702 5697
f 5835 5831 5832
f 5700 5703 5836
f 5837 5700 5836
f 5833 5700 5837
f 5704 5836 5703
f 5834 5706 5702
f 5838 5706 5834
f 5837 5836 5839
f 5837 5839 5840
f 5707 5839 5704
f 5704 5839 5836
f 5838 5709 5706
f 5841 5709 5838
f 5840 5839 5842
f 5840 5842 5843
f 5710 5842 5707
f 5707 5842 5839
f 5844 5711 5712
f 5845 5844 5712
f 5709 5845 5712
f 5841 5845 5709
f 5843 5842 5846
f 5843 5846 5847
f 5713 5846 5710
f 5710 5846 5842
f 5848 5714 5844
f 5844 5714 5711
f 5844 5845 5849
f 5844 5849 5848
f 5847 5846 5850
f 5847 5850 5851
f 5715 5850 5713
f 5713 5850 5846
f 5852 5716 5848
f 5848 5716 5714
f 5848 5849 5853
f 5848 5853 5852
f 5851 5850 5854
f 5851 5854 5855
f 5717 5854 5715
f 5715 5854 5850
f 5852 5718 5716
f 5719 5718 5852
f 5853 5719 5852
f 5856 5719 5853
f 5855 5854 5857
f 5855 5857 5858
f 5720 5857 5717
f 5717 5857 5854
f 5860 5721 5859
f 5721 5856 5859
f 5721 5719 5856
f 5861 5860 5859
f 5858 5857 5723
f 5724 5858 5723
f 5862 5858 5724
f 5723 5857 5720
f 5860 5725 5721
f 5727 5725 5860
f 5861 5727 5860
f 5863 5727 5861
f 5865 5864 5729
f 5865 5729 5730
f 5724 5729 5862
f 5862 5729 5864
f 5867 5731 5866
f 5731 5863 5866
f 5731 5727 5863
f 5868 5867 5866
f 5733 5865 5730
f 5733 5869 5865
f 5867 5734 5731
f 5871 5870 5735
f 5871 5735 5734
f 5868 5871 5734
f 5867 5868 5734
f 5872 5870 5871
f 5737 5869 5733
f 5737 5873 5869
f 5870 5738 5735
f 5739 5738 5870
f 5872 5739 5870
f 5874 5739 5872
f 5741 5873 5737
f 5741 5875 5873
f 5874 5876 5739
f 5739 5876 5742
f 5878 5877 5743
f 5742 5878 5743
f 5876 5878 5742
f 5879 5877 5878
f 5745 5875 5741
f 5745 5880 5875
f 5877 5746 5743
f 5879 5881 5877
f 5881 5746 5877
f 5881 5748 5746
f 5749 5748 5881
f 5749 5881 5882
f 5885 5884 5883
f 5884 5880 5883
f 5880 5751 5883
f 5880 5745 5751
f 5882 5752 5749
f 5886 5752 5882
f 5889 5888 5887
f 5887 5888 5885
f 5887 5885 5883
f 5755 5887 5883
f 5754 5755 5883
f 5754 5883 5751
f 5886 5890 5752
f 5752 5890 5756
f 5756 5891 5757
f 5890 5891 5756
f 5758 5757 5891
f 5758 5891 5892
f 5894 5893 5760
f 5894 5760 5761
f 5887 5762 5889
f 5762 5893 5889
f 5762 5760 5893
f 5762 5887 5755
f 5892 5895 5758
f 5758 5895 5763
f 5763 5896 5764
f 5895 5896 5763
f 5898 5897 5765
f 5764 5898 5765
f 5896 5898 5764
f 5899 5897 5898
f 5902 5901 5900
f 5904 5903 5900
f 5904 5900 5901
f 5766 5767 5903
f 5904 5766 5903
f 5905 5766 5904
f 5761 5766 5894
f 5894 5766 5905
f 5897 5768 5765
f 5899 5906 5897
f 5906 5768 5897
f 5906 5769 5768
f 5769 5907 5770
f 5906 5907 5769
f 5770 5908 5771
f 5907 5908 5770
f 5772 5771 5908
f 5772 5908 5909
f 5912 5911 5910
f 5773 5774 5910
f 5911 5773 5910
f 5913 5773 5911
f 5900 5775 5902
f 5775 5913 5902
f 5775 5773 5913
f 5775 5900 5776
f 5776 5900 5903
f 5776 5903 5767
f 5909 5914 5772
f 5772 5914 5777
f 5777 5915 5778
f 5914 5915 5777
f 5778 5916 5779
f 5915 5916 5778
f 5779 5917 5780
f 5916 5917 5779
f 5780 5918 5781
f 5917 5918 5780
f 5781 5919 5782
f 5918 5919 5781
f 5782 5920 5783
f 5919 5920 5782
f 5910 5784 5912
f 5784 5920 5912
f 5784 5783 5920
f 5784 5910 5774
f 5922 5921 5789
f 5789 5921 5788
f 5923 5789 5790
f 5923 5922 5789
f 5924 5790 5791
f 5924 5923 5790
f 5925 5791 5792
f 5925 5924 5791
f 5926 5792 5793
f 5926 5925 5792
f 5793 5794 5926
f 5926 5794 5927
f 5928 5795 5796
f 5797 5929 5796
f 5796 5929 5928
f 5798 5930 5797
f 5797 5930 5929
f 5799 5931 5798
f 5798 5931 5930
f 5800 5932 5799
f 5799 5932 5931
f 5801 5932 5800
f 5933 5802 5803
f 5933 5803 5934
f 5803 5935 5934
f 5803 5804 5935
f 5936 5804 5805
f 5936 5935 5804
f 5805 5788 5921
f 5805 5921 5936
f 5937 5927 5794
f 5937 5794 5806
f 5938 5806 5807
f 5938 5937 5806
f 5939 5807 5808
f 5939 5938 5807
f 5940 5808 5809
f 5940 5939 5808
f 5809 5795 5928
f 5941 5809 5928
f 5940 5809 5941
f 5941 5928 5929
f 5941 5929 5942
f 5942 5929 5930
f 5942 5930 5943
f 5943 5930 5931
f 5943 5931 5944
f 5944 5931 5932
f 5944 5932 5945
f 5945 5932 5801
f 5810 5945 5801
f 5946 5945 5810
f 5947 5810 5811
f 5947 5946 5810
f 5948 5811 5812
f 5948 5947 5811
f 5949 5812 5813
f 5949 5948 5812
f 5950 5813 5814
f 5950 5949 5813
f 5952 5950 5951
f 5950 5815 5951
f 5950 5814 5815
f 5816 5953 5815
f 5815 5953 5951
f 5817 5953 5816
f 5955 5954 5933
f 5954 5802 5933
f 5954 5819 5802
f 5955 5933 5934
f 5956 5952 5951
f 5956 5951 5953
f 5956 5953 5957
f 5959 5957 5958
f 5958 5957 5820
f 5957 5953 5820
f 5953 5817 5820
f 5821 5958 5820
f 5960 5823 5824
f 5961 5960 5824
f 5819 5961 5824
f 5954 5961 5819
f 5962 5959 5958
f 5962 5958 5821
f 5825 5962 5821
f 5963 5962 5825
f 5825 5826 5963
f 5963 5826 5964
f 5966 5965 5828
f 5828 5965 5827
f 5828 5823 5960
f 5967 5828 5960
f 5966 5828 5967
f 5967 5960 5961
f 5826 5829 5968
f 5969 5826 5968
f 5964 5826 5969
f 5830 5968 5829
f 5965 5832 5827
f 5970 5832 5965
f 5969 5968 5971
f 5969 5971 5972
f 5833 5971 5830
f 5830 5971 5968
f 5973 5834 5835
f 5974 5973 5835
f 5832 5974 5835
f 5970 5974 5832
f 5975 5972 5971
f 5971 5833 5975
f 5833 5976 5975
f 5833 5837 5976
f 5978 5977 5973
f 5977 5834 5973
f 5977 5838 5834
f 5978 5973 5974
f 5840 5976 5837
f 5840 5979 5976
f 5977 5841 5838
f 5980 5841 5977
f 5843 5979 5840
f 5843 5981 5979
f 5980 5845 5841
f 5982 5845 5980
f 5847 5981 5843
f 5847 5983 5981
f 5982 5849 5845
f 5984 5849 5982
f 5851 5983 5847
f 5851 5985 5983
f 5984 5853 5849
f 5986 5853 5984
f 5855 5985 5851
f 5855 5987 5985
f 5986 5856 5853
f 5988 5856 5986
f 5858 5987 5855
f 5858 5989 5987
f 5988 5990 5856
f 5856 5990 5859
f 5861 5859 5990
f 5861 5990 5991
f 5862 5989 5858
f 5862 5992 5989
f 5991 5863 5861
f 5993 5863 5991
f 5995 5994 5864
f 5995 5864 5865
f 5862 5864 5992
f 5992 5864 5994
f 5993 5996 5863
f 5863 5996 5866
f 5868 5866 5996
f 5868 5996 5997
f 5869 5995 5865
f 5869 5998 5995
f 5997 5999 5868
f 5868 5999 5871
f 5872 5871 5999
f 5872 5999 6000
f 5873 5998 5869
f 5873 6001 5998
f 6003 5874 6002
f 5874 6000 6002
f 5874 5872 6000
f 6004 6003 6002
f 5875 6001 5873
f 5875 6005 6001
f 6003 5876 5874
f 6004 6006 6003
f 6006 5876 6003
f 6006 5878 5876
f 5879 5878 6006
f 5879 6006 6007
f 6010 6009 6008
f 6009 6005 6008
f 6005 5880 6008
f 6005 5875 5880
f 6007 6011 5879
f 5879 6011 5881
f 5882 5881 6011
f 5882 6011 6012
f 6010 6008 5884
f 5885 6010 5884
f 6013 6010 5885
f 5884 6008 5880
f 6015 5886 6014
f 5886 6012 6014
f 5886 5882 6012
f 6016 6015 6014
f 6018 6017 5888
f 6018 5888 5889
f 5885 5888 6013
f 6013 5888 6017
f 6015 5890 5886
f 6016 6019 6015
f 6019 5890 6015
f 6019 5891 5890
f 5892 5891 6019
f 5892 6019 6020
f 6022 6021 5893
f 6022 5893 5894
f 5889 5893 6018
f 6018 5893 6021
f 6020 6023 5892
f 5892 6023 5895
f 5895 6024 5896
f 6023 6024 5895
f 5896 6025 5898
f 6024 6025 5896
f 6027 6026 5899
f 5898 6027 5899
f 6025 6027 5898
f 6028 6026 6027
f 6031 6030 6029
f 5901 5902 6029
f 6030 5901 6029
f 6032 5901 6030
f 5901 6033 5904
f 6032 6033 5901
f 5904 6034 5905
f 6033 6034 5904
f 5894 5905 6022
f 6022 5905 6034
f 6026 5906 5899
f 6028 6035 6026
f 6035 5906 6026
f 6035 5907 5906
f 5907 6036 5908
f 6035 6036 5907
f 6038 6037 5909
f 5908 6038 5909
f 6036 6038 5908
f 6039 6037 6038
f 6042 6041 6040
f 6044 6043 6040
f 6044 6040 6041
f 6046 6045 6043
f 6046 6043 6044
f 5911 5912 6045
f 6046 5911 6045
f 6047 5911 6046
f 6029 5913 6031
f 5913 6047 6031
f 5913 5911 6047
f 5913 6029 5902
f 6037 5914 5909
f 6039 6048 6037
f 6048 5914 6037
f 6048 5915 5914
f 5915 6049 5916
f 6048 6049 5915
f 5916 6050 5917
f 6049 6050 5916
f 6040 5918 6042
f 5918 6050 6042
f 5918 5917 6050
f 5918 6040 5919
f 5919 6040 6043
f 5919 6043 5920
f 5920 6043 6045
f 5920 6045 5912
f 6051 5921 5922
f 5923 6052 5922
f 5922 6052 6051
f 5924 6053 5923
f 5923 6053 6052
f 5925 6054 5924
f 5924 6054 6053
f 5926 6055 5925
f 5925 6055 6054
f 5927 6055 5926
f 6056 5934 5935
f 6056 5935 6057
f 5935 6058 6057
f 5935 5936 6058
f 5936 5921 6051
f 6059 5936 6051
f 6058 5936 6059
f 6059 6051 6052
f 6059 6052 6060
f 6060 6052 6053
f 6060 6053 6061
f 6061 6053 6054
f 6061 6054 6062
f 6062 6054 6055
f 6062 6055 6063
f 6063 6055 5927
f 5937 6063 5927
f 6064 6063 5937
f 6065 5937 5938
f 6065 6064 5937
f 6066 5938 5939
f 6066 6065 5938
f 6067 5939 5940
f 6067 6066 5939
f 6068 5940 5941
f 6068 6067 5940
f 6069 5941 5942
f 6069 6068 5941
f 6070 5942 5943
f 6070 6069 5942
f 6071 5943 5944
f 6071 6070 5943
f 6072 5944 5945
f 6072 6071 5944
f 6073 5945 5946
f 6073 6072 5945
f 6074 5946 5947
f 6074 6073 5946
f 6075 5947 5948
f 6075 6074 5947
f 6076 5948 5949
f 6076 6075 5948
f 6078 6076 6077
f 6076 5950 6077
f 6076 5949 5950
f 5952 6077 5950
f 6080 6079 5955
f 5955 6079 5954
f 5955 5934 6056
f 6081 5955 6056
f 6080 5955 6081
f 6081 6056 6057
f 6082 6078 6077
f 6082 6077 5952
f 5956 6082 5952
f 6083 6082 5956
f 6085 6083 6084
f 6083 5957 6084
f 6083 5956 5957
f 5959 6084 5957
f 6079 5961 5954
f 6086 5961 6079
f 6087 6085 6084
f 6087 6084 5959
f 5962 6087 5959
f 6088 6087 5962
f 6090 6088 6089
f 6088 5963 6089
f 6088 5962 5963
f 5964 6089 5963
f 6091 5965 5966
f 6091 5966 6092
f 5966 6093 6092
f 5966 5967 6093
f 5967 5961 6086
f 5967 6086 6093
f 6090 6089 6094
f 6090 6094 6095
f 5969 6094 5964
f 5964 6094 6089
f 6097 6096 6091
f 6096 5965 6091
f 6096 5970 5965
f 6097 6091 6092
f 6098 6095 6094
f 6094 5969 6098
f 5969 6099 6098
f 5969 5972 6099
f 6096 5974 5970
f 6100 5974 6096
f 5972 5975 6101
f 6102 5972 6101
f 6099 5972 6102
f 5976 6101 5975
f 6103 5977 5978
f 6104 6103 5978
f 5974 6104 5978
f 6100 6104 5974
f 6102 6101 6105
f 6102 6105 6106
f 5979 6105 5976
f 5976 6105 6101
f 6107 5980 6103
f 6103 5980 5977
f 6103 6104 6108
f 6103 6108 6107
f 6106 6105 6109
f 6106 6109 6110
f 5981 6109 5979
f 5979 6109 6105
f 6111 5982 6107
f 6107 5982 5980
f 6107 6108 6112
f 6107 6112 6111
f 6113 6110 6109
f 6109 5981 6113
f 5981 6114 6113
f 5981 5983 6114
f 6115 5984 6111
f 6111 5984 5982
f 6111 6112 6116
f 6111 6116 6115
f 5985 6114 5983
f 5985 6117 6114
f 6118 5986 6115
f 6115 5986 5984
f 6115 6116 6119
f 6115 6119 6118
f 5987 6117 5985
f 5987 6120 6117
f 6121 5988 6118
f 6118 5988 5986
f 6118 6119 6122
f 6118 6122 6121
f 5989 6120 5987
f 5989 6123 6120
f 6121 5990 5988
f 5991 5990 6121
f 6122 5991 6121
f 6124 5991 6122
f 5992 6123 5989
f 5992 6125 6123
f 6124 5993 5991
f 6126 5993 6124
f 6128 6127 5994
f 6128 5994 5995
f 5992 5994 6125
f 6125 5994 6127
f 6126 6129 5993
f 5993 6129 5996
f 5997 5996 6129
f 5997 6129 6130
f 6133 6132 6131
f 6132 6128 6131
f 6128 5998 6131
f 6128 5995 5998
f 6130 6134 5997
f 5997 6134 5999
f 6136 6135 6000
f 5999 6136 6000
f 6134 6136 5999
f 6137 6135 6136
f 6133 6131 6138
f 6133 6138 6139
f 6001 6138 5998
f 5998 6138 6131
f 6135 6002 6000
f 6004 6002 6135
f 6137 6004 6135
f 6140 6004 6137
f 6139 6138 6141
f 6139 6141 6142
f 6005 6141 6001
f 6001 6141 6138
f 6140 6143 6004
f 6004 6143 6006
f 6007 6006 6143
f 6007 6143 6144
f 6147 6146 6145
f 6145 6146 6142
f 6145 6142 6141
f 6010 6145 6141
f 6009 6010 6141
f 6009 6141 6005
f 6144 6148 6007
f 6007 6148 6011
f 6012 6011 6148
f 6012 6148 6149
f 6147 6145 6150
f 6147 6150 6151
f 6013 6150 6010
f 6010 6150 6145
f 6149 6152 6012
f 6012 6152 6014
f 6016 6014 6152
f 6016 6152 6153
f 6156 6155 6154
f 6154 6155 6151
f 6154 6151 6150
f 6018 6154 6150
f 6017 6018 6150
f 6017 6150 6013
f 6153 6157 6016
f 6016 6157 6019
f 6159 6158 6020
f 6019 6159 6020
f 6157 6159 6019
f 6160 6158 6159
f 6163 6162 6161
f 6165 6164 6161
f 6165 6161 6162
f 6167 6166 6164
f 6167 6164 6165
f 6166 6167 6156
f 6166 6156 6154
f 6022 6166 6154
f 6021 6022 6154
f 6021 6154 6018
f 6158 6023 6020
f 6160 6168 6158
f 6168 6023 6158
f 6168 6024 6023
f 6024 6169 6025
f 6168 6169 6024
f 6025 6170 6027
f 6169 6170 6025
f 6172 6171 6028
f 6027 6172 6028
f 6170 6172 6027
f 6173 6171 6172
f 6176 6175 6174
f 6030 6031 6174
f 6175 6030 6174
f 6177 6030 6175
f 6161 6032 6163
f 6032 6177 6163
f 6032 6030 6177
f 6032 6161 6033
f 6033 6161 6164
f 6033 6164 6034
f 6034 6164 6166
f 6034 6166 6022
f 6171 6035 6028
f 6173 6178 6171
f 6178 6035 6171
f 6178 6036 6035
f 6036 6179 6038
f 6178 6179 6036
f 6039 6038 6179
f 6039 6179 6180
f 6182 6181 6041
f 6182 6041 6042
f 6041 6183 6044
f 6181 6183 6041
f 6044 6184 6046
f 6183 6184 6044
f 6174 6047 6176
f 6047 6184 6176
f 6047 6046 6184
f 6047 6174 6031
f 6180 6185 6039
f 6039 6185 6048
f 6048 6186 6049
f 6185 6186 6048
f 6049 6187 6050
f 6186 6187 6049
f 6042 6050 6182
f 6182 6050 6187
f 6188 6057 6058
f 6059 6189 6058
f 6058 6189 6188
f 6060 6190 6059
f 6059 6190 6189
f 6061 6191 6060
f 6060 6191 6190
f 6062 6192 6061
f 6061 6192 6191
f 6192 6062 6193
f 6062 6194 6193
f 6062 6063 6194
f 6195 6063 6064
f 6195 6194 6063
f 6196 6064 6065
f 6196 6195 6064
f 6197 6065 6066
f 6197 6196 6065
f 6198 6066 6067
f 6198 6197 6066
f 6199 6067 6068
f 6199 6198 6067
f 6200 6068 6069
f 6200 6199 6068
f 6201 6069 6070
f 6201 6200 6069
f 6202 6070 6071
f 6202 6201 6070
f 6203 6071 6072
f 6203 6202 6071
f 6205 6203 6204
f 6203 6073 6204
f 6203 6072 6073
f 6074 6206 6073
f 6073 6206 6204
f 6075 6207 6074
f 6074 6207 6206
f 6076 6208 6075
f 6075 6208 6207
f 6078 6208 6076
f 6209 6079 6080
f 6081 6210 6080
f 6080 6210 6209
f 6057 6188 6081
f 6188 6210 6081
f 6188 6211 6210
f 6189 6213 6212
f 6211 6189 6212
f 6188 6189 6211
f 6213 6189 6190
f 6213 6190 6214
f 6214 6190 6191
f 6214 6191 6215
f 6215 6191 6192
f 6215 6192 6216
f 6216 6192 6193
f 6217 6205 6204
f 6217 6204 6206
f 6217 6206 6218
f 6218 6206 6207
f 6218 6207 6219
f 6219 6207 6208
f 6219 6208 6220
f 6220 6208 6078
f 6082 6220 6078
f 6221 6220 6082
f 6223 6221 6222
f 6221 6083 6222
f 6221 6082 6083
f 6085 6222 6083
f 6224 6086 6209
f 6209 6086 6079
f 6210 6226 6225
f 6224 6210 6225
f 6209 6210 6224
f 6226 6210 6211
f 6226 6211 6227
f 6227 6211 6212
f 6228 6223 6222
f 6228 6222 6085
f 6087 6228 6085
f 6229 6228 6087
f 6231 6229 6230
f 6229 6088 6230
f 6229 6087 6088
f 6090 6230 6088
f 6232 6092 6093
f 6233 6232 6093
f 6233 6093 6086
f 6234 6233 6086
f 6224 6234 6086
f 6234 6224 6225
f 6235 6231 6230
f 6230 6090 6235
f 6090 6236 6235
f 6090 6095 6236
f 6237 6096 6097
f 6238 6237 6097
f 6238 6097 6092
f 6239 6238 6092
f 6232 6239 6092
f 6239 6232 6233
f 6095 6098 6240
f 6241 6095 6240
f 6236 6095 6241
f 6099 6240 6098
f 6242 6100 6237
f 6237 6100 6096
f 6237 6238 6243
f 6237 6243 6242
f 6244 6241 6240
f 6240 6099 6244
f 6099 6245 6244
f 6099 6102 6245
f 6247 6246 6242
f 6246 6100 6242
f 6246 6104 6100
f 6247 6242 6243
f 6106 6245 6102
f 6106 6248 6245
f 6246 6108 6104
f 6249 6108 6246
f 6110 6248 6106
f 6110 6250 6248
f 6249 6112 6108
f 6251 6112 6249
f 6110 6113 6252
f 6253 6110 6252
f 6250 6110 6253
f 6114 6252 6113
f 6251 6116 6112
f 6254 6116 6251
f 6253 6252 6255
f 6253 6255 6256
f 6117 6255 6114
f 6114 6255 6252
f 6254 6119 6116
f 6257 6119 6254
f 6256 6255 6258
f 6256 6258 6259
f 6120 6258 6117
f 6117 6258 6255
f 6257 6122 6119
f 6260 6122 6257
f 6259 6258 6261
f 6259 6261 6262
f 6123 6261 6120
f 6120 6261 6258
f 6260 6124 6122
f 6263 6124 6260
f 6262 6261 6264
f 6262 6264 6265
f 6125 6264 6123
f 6123 6264 6261
f 6267 6126 6266
f 6126 6263 6266
f 6126 6124 6263
f 6268 6267 6266
f 6271 6270 6269
f 6269 6270 6265
f 6269 6265 6264
f 6128 6269 6264
f 6127 6128 6264
f 6127 6264 6125
f 6267 6129 6126
f 6130 6129 6267
f 6268 6130 6267
f 6272 6130 6268
f 6271 6269 6132
f 6133 6271 6132
f 6273 6271 6133
f 6132 6269 6128
f 6272 6274 6130
f 6130 6274 6134
f 6134 6275 6136
f 6274 6275 6134
f 6137 6136 6275
f 6137 6275 6276
f 6279 6278 6277
f 6278 6273 6277
f 6273 6139 6277
f 6273 6133 6139
f 6281 6140 6280
f 6140 6276 6280
f 6140 6137 6276
f 6282 6281 6280
f 6279 6277 6283
f 6279 6283 6284
f 6142 6283 6139
f 6139 6283 6277
f 6281 6143 6140
f 6144 6143 6281
f 6282 6144 6281
f 6285 6144 6282
f 6284 6283 6146
f 6147 6284 6146
f 6286 6284 6147
f 6146 6283 6142
f 6285 6287 6144
f 6144 6287 6148
f 6149 6148 6287
f 6149 6287 6288
f 6291 6290 6289
f 6290 6286 6289
f 6286 6151 6289
f 6286 6147 6151
f 6288 6292 6149
f 6149 6292 6152
f 6294 6293 6153
f 6152 6294 6153
f 6292 6294 6152
f 6295 6293 6294
f 6291 6289 6155
f 6156 6291 6155
f 6296 6291 6156
f 6155 6289 6151
f 6293 6157 6153
f 6295 6297 6293
f 6297 6157 6293
f 6297 6159 6157
f 6299 6298 6160
f 6159 6299 6160
f 6297 6299 6159
f 6301 6300 6298
f 6301 6298 6299
f 6303 6302 6300
f 6303 6300 6301
f 6304 6302 6303
f 6306 6305 6162
f 6306 6162 6163
f 6162 6307 6165
f 6305 6307 6162
f 6165 6308 6167
f 6307 6308 6165
f 6156 6167 6296
f 6296 6167 6308
f 6298 6168 6160
f 6168 6298 6169
f 6169 6298 6300
f 6169 6300 6170
f 6170 6300 6302
f 6304 6309 6302
f 6309 6170 6302
f 6309 6172 6170
f 6311 6310 6173
f 6172 6311 6173
f 6309 6311 6172
f 6313 6312 6310
f 6313 6310 6311
f 6314 6312 6313
f 6316 6315 6175
f 6316 6175 6176
f 6175 6317 6177
f 6315 6317 6175
f 6163 6177 6306
f 6306 6177 6317
f 6310 6178 6173
f 6178 6310 6179
f 6179 6310 6312
f 6319 6318 6180
f 6319 6180 6179
f 6314 6319 6179
f 6312 6314 6179
f 6321 6320 6318
f 6321 6318 6319
f 6323 6322 6320
f 6323 6320 6321
f 6181 6182 6322
f 6323 6181 6322
f 6324 6181 6323
f 6181 6325 6183
f 6324 6325 6181
f 6183 6326 6184
f 6325 6326 6183
f 6176 6184 6316
f 6316 6184 6326
f 6318 6185 6180
f 6185 6318 6186
f 6186 6318 6320
f 6186 6320 6187
f 6187 6320 6322
f 6187 6322 6182
f 6327 6193 6194
f 6195 6328 6194
f 6194 6328 6327
f 6196 6329 6195
f 6195 6329 6328
f 6197 6330 6196
f 6196 6330 6329
f 6198 6331 6197
f 6197 6331 6330
f 6199 6332 6198
f 6198 6332 6331
f 6200 6333 6199
f 6199 6333 6332
f 6201 6334 6200
f 6200 6334 6333
f 6202 6335 6201
f 6201 6335 6334
f 6203 6336 6202
f 6202 6336 6335
f 6205 6336 6203
f 6337 6212 6213
f 6214 6338 6213
f 6213 6338 6337
f 6215 6339 6214
f 6214 6339 6338
f 6339 6215 6340
f 6215 6341 6340
f 6215 6216 6341
f 6216 6193 6327
f 6342 6216 6327
f 6341 6216 6342
f 6342 6327 6328
f 6342 6328 6343
f 6343 6328 6329
f 6343 6329 6344
f 6344 6329 6330
f 6344 6330 6345
f 6345 6330 6331
f 6345 6331 6346
f 6346 6331 6332
f 6346 6332 6347
f 6347 6332 6333
f 6347 6333 6348
f 6348 6333 6334
f 6348 6334 6349
f 6349 6334 6335
f 6349 6335 6350
f 6350 6335 6336
f 6350 6336 6351
f 6351 6336 6205
f 6217 6351 6205
f 6352 6351 6217
f 6353 6217 6218
f 6353 6352 6217
f 6354 6218 6219
f 6354 6353 6218
f 6355 6219 6220
f 6355 6354 6219
f 6356 6220 6221
f 6356 6355 6220
f 6221 6223 6356
f 6356 6223 6357
f 6358 6225 6226
f 6358 6226 6359
f 6226 6360 6359
f 6226 6227 6360
f 6227 6212 6337
f 6361 6227 6337
f 6360 6227 6361
f 6361 6337 6338
f 6361 6338 6362
f 6362 6338 6339
f 6362 6339 6363
f 6363 6339 6340
f 6364 6357 6223
f 6364 6223 6228
f 6365 6228 6229
f 6365 6364 6228
f 6229 6231 6365
f 6365 6231 6366
f 6367 6233 6234
f 6368 6367 6234
f 6368 6234 6225
f 6369 6368 6225
f 6358 6369 6225
f 6369 6358 6359
f 6231 6235 6370
f 6371 6231 6370
f 6366 6231 6371
f 6236 6370 6235
f 6372 6238 6239
f 6373 6372 6239
f 6373 6239 6233
f 6374 6373 6233
f 6367 6374 6233
f 6374 6367 6368
f 6375 6371 6370
f 6370 6236 6375
f 6236 6376 6375
f 6236 6241 6376
f 6378 6377 6372
f 6377 6238 6372
f 6377 6243 6238
f 6378 6372 6373
f 6241 6244 6379
f 6380 6241 6379
f 6376 6241 6380
f 6245 6379 6244
f 6381 6246 6247
f 6382 6381 6247
f 6243 6382 6247
f 6377 6382 6243
f 6380 6379 6383
f 6380 6383 6384
f 6248 6383 6245
f 6245 6383 6379
f 6385 6249 6381
f 6381 6249 6246
f 6381 6382 6386
f 6381 6386 6385
f 6384 6383 6387
f 6384 6387 6388
f 6250 6387 6248
f 6248 6387 6383
f 6389 6251 6385
f 6385 6251 6249
f 6385 6386 6390
f 6385 6390 6389
f 6388 6387 6391
f 6388 6391 6392
f 6253 6391 6250
f 6250 6391 6387
f 6393 6254 6389
f 6389 6254 6251
f 6389 6390 6394
f 6389 6394 6393
f 6392 6391 6395
f 6392 6395 6396
f 6256 6395 6253
f 6253 6395 6391
f 6397 6257 6393
f 6393 6257 6254
f 6393 6394 6398
f 6393 6398 6397
f 6396 6395 6399
f 6396 6399 6400
f 6259 6399 6256
f 6256 6399 6395
f 6401 6260 6397
f 6397 6260 6257
f 6397 6398 6402
f 6397 6402 6401
f 6400 6399 6403
f 6400 6403 6404
f 6262 6403 6259
f 6259 6403 6399
f 6405 6263 6401
f 6401 6263 6260
f 6401 6402 6406
f 6401 6406 6405
f 6404 6403 6407
f 6404 6407 6408
f 6265 6407 6262
f 6262 6407 6403
f 6405 6266 6263
f 6410 6409 6268
f 6410 6268 6266
f 6406 6410 6266
f 6405 6406 6266
f 6411 6409 6410
f 6414 6413 6412
f 6412 6413 6408
f 6412 6408 6407
f 6271 6412 6407
f 6270 6271 6407
f 6270 6407 6265
f 6415 6272 6409
f 6409 6272 6268
f 6409 6411 6416
f 6417 6409 6416
f 6415 6409 6417
f 6418 6417 6416
f 6414 6412 6419
f 6414 6419 6420
f 6273 6419 6271
f 6271 6419 6412
f 6415 6274 6272
f 6274 6415 6275
f 6275 6415 6417
f 6422 6421 6276
f 6422 6276 6275
f 6418 6422 6275
f 6417 6418 6275
f 6423 6421 6422
f 6420 6419 6278
f 6279 6420 6278
f 6424 6420 6279
f 6278 6419 6273
f 6421 6280 6276
f 6282 6280 6421
f 6423 6282 6421
f 6425 6282 6423
f 6284 6424 6279
f 6284 6426 6424
f 6428 6285 6427
f 6285 6425 6427
f 6285 6282 6425
f 6430 6429 6428
f 6430 6428 6427
f 6431 6429 6430
f 6434 6433 6432
f 6433 6426 6432
f 6426 6286 6432
f 6426 6284 6286
f 6428 6287 6285
f 6287 6428 6288
f 6428 6435 6288
f 6428 6429 6435
f 6429 6431 6436
f 6437 6429 6436
f 6435 6429 6437
f 6438 6437 6436
f 6434 6432 6290
f 6291 6434 6290
f 6439 6434 6291
f 6290 6432 6286
f 6435 6292 6288
f 6292 6435 6294
f 6294 6435 6437
f 6441 6440 6295
f 6441 6295 6294
f 6438 6441 6294
f 6437 6438 6294
f 6442 6440 6441
f 6445 6444 6443
f 6447 6446 6443
f 6447 6443 6444
f 6447 6439 6446
f 6439 6296 6446
f 6439 6291 6296
f 6440 6297 6295
f 6442 6448 6440
f 6448 6297 6440
f 6448 6299 6297
f 6299 6449 6301
f 6448 6449 6299
f 6301 6450 6303
f 6449 6450 6301
f 6304 6303 6450
f 6304 6450 6451
f 6453 6452 6305
f 6453 6305 6306
f 6443 6307 6445
f 6307 6452 6445
f 6307 6305 6452
f 6307 6443 6308
f 6308 6443 6446
f 6308 6446 6296
f 6451 6454 6304
f 6304 6454 6309
f 6309 6455 6311
f 6454 6455 6309
f 6311 6456 6313
f 6455 6456 6311
f 6458 6457 6314
f 6313 6458 6314
f 6456 6458 6313
f 6460 6459 6457
f 6460 6457 6458
f 6462 6461 6459
f 6462 6459 6460
f 6464 6463 6461
f 6464 6461 6462
f 6466 6465 6463
f 6466 6463 6464
f 6468 6467 6465
f 6468 6465 6466
f 6315 6316 6467
f 6468 6315 6467
f 6469 6315 6468
f 6315 6470 6317
f 6469 6470 6315
f 6306 6317 6453
f 6453 6317 6470
f 6457 6319 6314
f 6319 6457 6321
f 6321 6457 6459
f 6321 6459 6323
f 6323 6459 6461
f 6323 6461 6324
f 6324 6461 6463
f 6324 6463 6325
f 6325 6463 6465
f 6325 6465 6326
f 6326 6465 6467
f 6326 6467 6316
f 6471 6340 6341
f 6471 6341 6472
f 6341 6473 6472
f 6341 6342 6473
f 6474 6342 6343
f 6474 6473 6342
f 6475 6343 6344
f 6475 6474 6343
f 6476 6344 6345
f 6476 6475 6344
f 6477 6345 6346
f 6477 6476 6345
f 6478 6346 6347
f 6478 6477 6346
f 6479 6347 6348
f 6479 6478 6347
f 6480 6348 6349
f 6480 6479 6348
f 6481 6349 6350
f 6481 6480 6349
f 6482 6350 6351
f 6482 6481 6350
f 6483 6351 6352
f 6483 6482 6351
f 6484 6352 6353
f 6484 6483 6352
f 6485 6353 6354
f 6485 6484 6353
f 6486 6354 6355
f 6486 6485 6354
f 6488 6486 6487
f 6486 6356 6487
f 6486 6355 6356
f 6357 6487 6356
f 6489 6359 6360
f 6489 6360 6490
f 6360 6491 6490
f 6360 6361 6491
f 6492 6361 6362
f 6492 6491 6361
f 6493 6362 6363
f 6493 6492 6362
f 6363 6340 6471
f 6494 6363 6471
f 6493 6363 6494
f 6494 6471 6472
f 6495 6488 6487
f 6495 6487 6357
f 6364 6495 6357
f 6496 6495 6364
f 6498 6496 6497
f 6496 6365 6497
f 6496 6364 6365
f 6366 6497 6365
f 6499 6368 6369
f 6500 6499 6369
f 6500 6369 6359
f 6501 6500 6359
f 6489 6501 6359
f 6501 6489 6490
f 6502 6498 6497
f 6497 6366 6502
f 6366 6503 6502
f 6366 6371 6503
f 6504 6373 6374
f 6505 6504 6374
f 6505 6374 6368
f 6506 6505 6368
f 6499 6506 6368
f 6506 6499 6500
f 6371 6375 6507
f 6508 6371 6507
f 6503 6371 6508
f 6376 6507 6375
f 6509 6377 6378
f 6510 6509 6378
f 6510 6378 6373
f 6511 6510 6373
f 6504 6511 6373
f 6511 6504 6505
f 6512 6508 6507
f 6507 6376 6512
f 6376 6513 6512
f 6376 6380 6513
f 6514 6382 6509
f 6509 6382 6377
f 6509 6510 6515
f 6509 6515 6514
f 6384 6513 6380
f 6384 6516 6513
f 6517 6386 6514
f 6514 6386 6382
f 6514 6515 6518
f 6514 6518 6517
f 6388 6516 6384
f 6388 6519 6516
f 6520 6390 6517
f 6517 6390 6386
f 6517 6518 6521
f 6517 6521 6520
f 6392 6519 6388
f 6392 6522 6519
f 6523 6394 6520
f 6520 6394 6390
f 6520 6521 6524
f 6520 6524 6523
f 6396 6522 6392
f 6396 6525 6522
f 6526 6398 6523
f 6523 6398 6394
f 6523 6524 6527
f 6523 6527 6526
f 6400 6525 6396
f 6400 6528 6525
f 6529 6402 6526
f 6526 6402 6398
f 6526 6527 6530
f 6526 6530 6529
f 6404 6528 6400
f 6404 6531 6528
f 6532 6406 6529
f 6529 6406 6402
f 6529 6530 6533
f 6529 6533 6532
f 6536 6535 6534
f 6535 6531 6534
f 6531 6408 6534
f 6531 6404 6408
f 6532 6410 6406
f 6411 6410 6532
f 6533 6411 6532
f 6537 6411 6533
f 6536 6534 6413
f 6414 6536 6413
f 6538 6536 6414
f 6413 6534 6408
f 6537 6539 6411
f 6411 6539 6416
f 6418 6416 6539
f 6418 6539 6540
f 6543 6542 6541
f 6542 6538 6541
f 6538 6420 6541
f 6538 6414 6420
f 6540 6544 6418
f 6418 6544 6422
f 6423 6422 6544
f 6423 6544 6545
f 6543 6541 6546
f 6543 6546 6547
f 6424 6546 6420
f 6420 6546 6541
f 6549 6425 6548
f 6425 6545 6548
f 6425 6423 6545
f 6550 6549 6548
f 6553 6552 6551
f 6551 6552 6547
f 6546 6551 6547
f 6554 6551 6546
f 6426 6554 6424
f 6424 6554 6546
f 6549 6427 6425
f 6550 6555 6549
f 6555 6427 6549
f 6555 6430 6427
f 6557 6556 6431
f 6430 6557 6431
f 6555 6557 6430
f 6558 6556 6557
f 6553 6551 6559
f 6553 6559 6560
f 6434 6559 6433
f 6559 6554 6433
f 6559 6551 6554
f 6433 6554 6426
f 6556 6436 6431
f 6438 6436 6556
f 6558 6438 6556
f 6561 6438 6558
f 6564 6563 6562
f 6562 6563 6560
f 6559 6562 6560
f 6565 6562 6559
f 6439 6565 6434
f 6434 6565 6559
f 6561 6566 6438
f 6438 6566 6441
f 6442 6441 6566
f 6442 6566 6567
f 6570 6569 6568
f 6572 6571 6568
f 6572 6568 6569
f 6571 6572 6564
f 6571 6564 6562
f 6445 6571 6562
f 6444 6445 6562
f 6444 6562 6447
f 6447 6562 6565
f 6447 6565 6439
f 6567 6573 6442
f 6442 6573 6448
f 6448 6574 6449
f 6573 6574 6448
f 6449 6575 6450
f 6574 6575 6449
f 6577 6576 6451
f 6450 6577 6451
f 6575 6577 6450
f 6578 6576 6577
f 6581 6580 6579
f 6583 6582 6579
f 6583 6579 6580
f 6582 6583 6570
f 6568 6582 6570
f 6584 6582 6568
f 6453 6584 6452
f 6584 6571 6452
f 6584 6568 6571
f 6452 6571 6445
f 6576 6454 6451
f 6578 6585 6576
f 6585 6454 6576
f 6585 6455 6454
f 6455 6586 6456
f 6585 6586 6455
f 6456 6587 6458
f 6586 6587 6456
f 6458 6588 6460
f 6587 6588 6458
f 6460 6589 6462
f 6588 6589 6460
f 6462 6590 6464
f 6589 6590 6462
f 6464 6591 6466
f 6590 6591 6464
f 6579 6468 6581
f 6468 6591 6581
f 6468 6466 6591
f 6468 6579 6469
f 6469 6579 6582
f 6469 6582 6470
f 6470 6582 6584
f 6470 6584 6453
f 6592 6472 6473
f 6474 6593 6473
f 6473 6593 6592
f 6475 6594 6474
f 6474 6594 6593
f 6476 6595 6475
f 6475 6595 6594
f 6477 6596 6476
f 6476 6596 6595
f 6478 6597 6477
f 6477 6597 6596
f 6479 6598 6478
f 6478 6598 6597
f 6480 6599 6479
f 6479 6599 6598
f 6481 6600 6480
f 6480 6600 6599
f 6482 6601 6481
f 6481 6601 6600
f 6483 6602 6482
f 6482 6602 6601
f 6484 6603 6483
f 6483 6603 6602
f 6485 6604 6484
f 6484 6604 6603
f 6486 6605 6485
f 6485 6605 6604
f 6488 6605 6486
f 6606 6490 6491
f 6492 6607 6491
f 6491 6607 6606
f 6493 6608 6492
f 6492 6608 6607
f 6608 6493 6609
f 6493 6610 6609
f 6493 6494 6610
f 6494 6472 6592
f 6611 6494 6592
f 6610 6494 6611
f 6611 6592 6593
f 6611 6593 6612
f 6612 6593 6594
f 6612 6594 6613
f 6613 6594 6595
f 6613 6595 6614
f 6614 6595 6596
f 6614 6596 6615
f 6615 6596 6597
f 6615 6597 6616
f 6616 6597 6598
f 6616 6598 6617
f 6617 6598 6599
f 6617 6599 6618
f 6618 6599 6600
f 6618 6600 6619
f 6619 6600 6601
f 6619 6601 6620
f 6620 6601 6602
f 6620 6602 6621
f 6621 6602 6603
f 6621 6603 6622
f 6622 6603 6604
f 6622 6604 6623
f 6623 6604 6605
f 6623 6605 6624
f 6626 6624 6625
f 6625 6624 6495
f 6624 6605 6495
f 6605 6488 6495
f 6496 6627 6495
f 6495 6627 6625
f 6498 6627 6496
f 6628 6500 6501
f 6629 6628 6501
f 6629 6501 6490
f 6630 6629 6490
f 6606 6630 6490
f 6630 6606 6607
f 6630 6607 6631
f 6631 6607 6608
f 6631 6608 6632
f 6632 6608 6609
f 6633 6626 6625
f 6633 6625 6627
f 6633 6627 6634
f 6636 6634 6635
f 6635 6634 6502
f 6634 6627 6502
f 6627 6498 6502
f 6503 6635 6502
f 6637 6505 6506
f 6500 6628 6506
f 6628 6637 6506
f 6628 6638 6637
f 6628 6629 6639
f 6628 6639 6638
f 6640 6636 6635
f 6635 6503 6640
f 6503 6641 6640
f 6503 6508 6641
f 6642 6510 6511
f 6643 6642 6511
f 6643 6511 6505
f 6644 6643 6505
f 6637 6644 6505
f 6644 6637 6638
f 6644 6638 6645
f 6645 6638 6639
f 6508 6512 6646
f 6647 6508 6646
f 6641 6508 6647
f 6513 6646 6512
f 6648 6515 6642
f 6642 6515 6510
f 6642 6643 6649
f 6642 6649 6648
f 6647 6646 6650
f 6647 6650 6651
f 6516 6650 6513
f 6513 6650 6646
f 6652 6518 6648
f 6648 6518 6515
f 6648 6649 6653
f 6648 6653 6652
f 6654 6651 6650
f 6650 6516 6654
f 6516 6655 6654
f 6516 6519 6655
f 6656 6521 6652
f 6652 6521 6518
f 6652 6653 6657
f 6652 6657 6656
f 6522 6655 6519
f 6522 6658 6655
f 6659 6524 6656
f 6656 6524 6521
f 6656 6657 6660
f 6656 6660 6659
f 6525 6658 6522
f 6525 6661 6658
f 6662 6527 6659
f 6659 6527 6524
f 6659 6660 6663
f 6659 6663 6662
f 6666 6665 6664
f 6665 6661 6664
f 6661 6528 6664
f 6661 6525 6528
f 6667 6530 6662
f 6662 6530 6527
f 6662 6663 6668
f 6662 6668 6667
f 6666 6664 6669
f 6666 6669 6670
f 6531 6669 6528
f 6528 6669 6664
f 6671 6533 6667
f 6667 6533 6530
f 6667 6668 6672
f 6667 6672 6671
f 6670 6669 6535
f 6536 6670 6535
f 6673 6670 6536
f 6535 6669 6531
f 6674 6537 6671
f 6671 6537 6533
f 6671 6672 6675
f 6671 6675 6674
f 6678 6677 6676
f 6677 6673 6676
f 6673 6538 6676
f 6673 6536 6538
f 6674 6539 6537
f 6680 6679 6540
f 6680 6540 6539
f 6675 6680 6539
f 6674 6675 6539
f 6681 6679 6680
f 6678 6676 6542
f 6543 6678 6542
f 6682 6678 6543
f 6542 6676 6538
f 6679 6544 6540
f 6545 6544 6679
f 6681 6545 6679
f 6683 6545 6681
f 6686 6685 6684
f 6685 6682 6684
f 6682 6547 6684
f 6682 6543 6547
f 6683 6687 6545
f 6545 6687 6548
f 6689 6688 6550
f 6548 6689 6550
f 6687 6689 6548
f 6690 6688 6689
f 6693 6692 6691
f 6691 6692 6686
f 6691 6686 6684
f 6553 6691 6684
f 6552 6553 6684
f 6552 6684 6547
f 6688 6555 6550
f 6690 6694 6688
f 6694 6555 6688
f 6694 6557 6555
f 6558 6557 6694
f 6558 6694 6695
f 6693 6691 6696
f 6693 6696 6697
f 6560 6696 6553
f 6553 6696 6691
f 6695 6561 6558
f 6698 6561 6695
f 6697 6696 6563
f 6564 6697 6563
f 6699 6697 6564
f 6563 6696 6560
f 6698 6700 6561
f 6561 6700 6566
f 6702 6701 6567
f 6566 6702 6567
f 6700 6702 6566
f 6704 6703 6701
f 6704 6701 6702
f 6706 6705 6703
f 6706 6703 6704
f 6707 6705 6706
f 6710 6709 6708
f 6712 6711 6708
f 6712 6708 6709
f 6569 6570 6711
f 6712 6569 6711
f 6713 6569 6712
f 6569 6714 6572
f 6713 6714 6569
f 6564 6572 6699
f 6699 6572 6714
f 6701 6573 6567
f 6573 6701 6574
f 6574 6701 6703
f 6574 6703 6575
f 6575 6703 6705
f 6707 6715 6705
f 6715 6575 6705
f 6715 6577 6575
f 6717 6716 6578
f 6577 6717 6578
f 6715 6717 6577
f 6719 6718 6716
f 6719 6716 6717
f 6721 6720 6718
f 6721 6718 6719
f 6723 6722 6720
f 6723 6720 6721
f 6725 6724 6722
f 6725 6722 6723
f 6727 6726 6724
f 6727 6724 6725
f 6729 6728 6726
f 6729 6726 6727
f 6728 6729 6710
f 6728 6710 6708
f 6581 6728 6708
f 6580 6581 6708
f 6580 6708 6583
f 6583 6708 6711
f 6583 6711 6570
f 6716 6585 6578
f 6585 6716 6586
f 6586 6716 6718
f 6586 6718 6587
f 6587 6718 6720
f 6587 6720 6588
f 6588 6720 6722
f 6588 6722 6589
f 6589 6722 6724
f 6589 6724 6590
f 6590 6724 6726
f 6590 6726 6591
f 6591 6726 6728
f 6591 6728 6581
f 6730 6609 6610
f 6611 6731 6610
f 6610 6731 6730
f 6612 6732 6611
f 6611 6732 6731
f 6613 6733 6612
f 6612 6733 6732
f 6614 6734 6613
f 6613 6734 6733
f 6615 6735 6614
f 6614 6735 6734
f 6616 6736 6615
f 6615 6736 6735
f 6617 6737 6616
f 6616 6737 6736
f 6618 6738 6617
f 6617 6738 6737
f 6619 6739 6618
f 6618 6739 6738
f 6620 6740 6619
f 6619 6740 6739
f 6621 6741 6620
f 6620 6741 6740
f 6622 6742 6621
f 6621 6742 6741
f 6623 6743 6622
f 6622 6743 6742
f 6624 6744 6623
f 6623 6744 6743
f 6626 6744 6624
f 6745 6629 6630
f 6631 6746 6630
f 6630 6746 6745
f 6632 6747 6631
f 6631 6747 6746
f 6748 6747 6632
f 6748 6632 6609
f 6749 6748 6609
f 6730 6749 6609
f 6749 6730 6731
f 6749 6731 6750
f 6750 6731 6732
f 6750 6732 6751
f 6751 6732 6733
f 6751 6733 6752
f 6752 6733 6734
f 6752 6734 6753
f 6753 6734 6735
f 6753 6735 6754
f 6754 6735 6736
f 6754 6736 6755
f 6755 6736 6737
f 6755 6737 6756
f 6756 6737 6738
f 6756 6738 6757
f 6757 6738 6739
f 6757 6739 6758
f 6758 6739 6740
f 6758 6740 6759
f 6759 6740 6741
f 6759 6741 6760
f 6760 6741 6742
f 6760 6742 6761
f 6761 6742 6743
f 6761 6743 6762
f 6762 6743 6744
f 6762 6744 6763
f 6763 6744 6626
f 6633 6763 6626
f 6764 6763 6633
f 6766 6764 6765
f 6764 6634 6765
f 6764 6633 6634
f 6636 6765 6634
f 6767 6639 6745
f 6745 6639 6629
f 6746 6769 6768
f 6767 6746 6768
f 6745 6746 6767
f 6769 6746 6747
f 6769 6747 6770
f 6770 6747 6748
f 6771 6766 6765
f 6773 6771 6772
f 6772 6771 6640
f 6771 6765 6640
f 6765 6636 6640
f 6641 6772 6640
f 6774 6643 6644
f 6645 6775 6644
f 6644 6775 6774
f 6776 6775 6645
f 6776 6645 6639
f 6777 6776 6639
f 6767 6777 6639
f 6777 6767 6768
f 6778 6773 6772
f 6772 6641 6778
f 6641 6779 6778
f 6641 6647 6779
f 6780 6649 6774
f 6774 6649 6643
f 6775 6782 6781
f 6780 6775 6781
f 6774 6775 6780
f 6782 6775 6776
f 6651 6779 6647
f 6651 6783 6779
f 6784 6653 6780
f 6780 6653 6649
f 6780 6781 6785
f 6780 6785 6784
f 6651 6654 6786
f 6787 6651 6786
f 6783 6651 6787
f 6655 6786 6654
f 6788 6657 6784
f 6784 6657 6653
f 6784 6785 6789
f 6784 6789 6788
f 6787 6786 6790
f 6787 6790 6791
f 6658 6790 6655
f 6655 6790 6786
f 6792 6660 6788
f 6788 6660 6657
f 6788 6789 6793
f 6788 6793 6792
f 6791 6790 6794
f 6791 6794 6795
f 6661 6794 6658
f 6658 6794 6790
f 6796 6663 6792
f 6792 6663 6660
f 6792 6793 6797
f 6792 6797 6796
f 6800 6799 6798
f 6798 6799 6795
f 6798 6795 6794
f 6666 6798 6794
f 6665 6666 6794
f 6665 6794 6661
f 6801 6668 6796
f 6796 6668 6663
f 6796 6797 6802
f 6796 6802 6801
f 6800 6798 6803
f 6800 6803 6804
f 6670 6803 6666
f 6666 6803 6798
f 6805 6672 6801
f 6801 6672 6668
f 6801 6802 6806
f 6801 6806 6805
f 6804 6803 6807
f 6804 6807 6808
f 6673 6807 6670
f 6670 6807 6803
f 6809 6675 6805
f 6805 6675 6672
f 6805 6806 6810
f 6805 6810 6809
f 6808 6807 6677
f 6678 6808 6677
f 6811 6808 6678
f 6677 6807 6673
f 6809 6680 6675
f 6813 6812 6681
f 6813 6681 6680
f 6810 6813 6680
f 6809 6810 6680
f 6814 6812 6813
f 6817 6816 6815
f 6816 6811 6815
f 6811 6682 6815
f 6811 6678 6682
f 6818 6683 6812
f 6812 6683 6681
f 6812 6814 6819
f 6812 6819 6818
f 6822 6821 6820
f 6820 6821 6817
f 6820 6817 6815
f 6686 6820 6815
f 6685 6686 6815
f 6685 6815 6682
f 6818 6687 6683
f 6819 6823 6818
f 6823 6687 6818
f 6823 6689 6687
f 6825 6824 6690
f 6689 6825 6690
f 6823 6825 6689
f 6826 6824 6825
f 6822 6820 6692
f 6693 6822 6692
f 6827 6822 6693
f 6692 6820 6686
f 6824 6694 6690
f 6829 6828 6695
f 6829 6695 6694
f 6826 6829 6694
f 6824 6826 6694
f 6831 6830 6828
f 6831 6828 6829
f 6832 6830 6831
f 6697 6827 6693
f 6697 6833 6827
f 6834 6698 6828
f 6828 6698 6695
f 6835 6828 6830
f 6834 6828 6835
f 6830 6832 6836
f 6837 6830 6836
f 6835 6830 6837
f 6838 6837 6836
f 6841 6840 6839
f 6843 6842 6839
f 6843 6839 6840
f 6845 6844 6842
f 6845 6842 6843
f 6847 6846 6844
f 6847 6844 6845
f 6847 6833 6846
f 6833 6699 6846
f 6833 6697 6699
f 6834 6700 6698
f 6700 6834 6702
f 6702 6834 6835
f 6702 6835 6704
f 6704 6835 6837
f 6838 6848 6837
f 6848 6704 6837
f 6848 6706 6704
f 6850 6849 6707
f 6706 6850 6707
f 6848 6850 6706
f 6852 6851 6849
f 6852 6849 6850
f 6854 6853 6851
f 6854 6851 6852
f 6856 6855 6853
f 6856 6853 6854
f 6858 6857 6855
f 6858 6855 6856
f 6860 6859 6857
f 6860 6857 6858
f 6862 6861 6859
f 6862 6859 6860
f 6864 6863 6861
f 6864 6861 6862
f 6863 6864 6841
f 6863 6841 6839
f 6710 6863 6839
f 6709 6710 6839
f 6709 6839 6712
f 6712 6839 6842
f 6712 6842 6713
f 6713 6842 6844
f 6713 6844 6714
f 6714 6844 6846
f 6714 6846 6699
f 6849 6715 6707
f 6715 6849 6717
f 6717 6849 6851
f 6717 6851 6719
f 6719 6851 6853
f 6719 6853 6721
f 6721 6853 6855
f 6721 6855 6723
f 6723 6855 6857
f 6723 6857 6725
f 6725 6857 6859
f 6725 6859 6727
f 6727 6859 6861
f 6727 6861 6729
f 6729 6861 6863
f 6729 6863 6710
f 6865 6748 6749
f 6750 6866 6749
f 6749 6866 6865
f 6751 6867 6750
f 6750 6867 6866
f 6752 6868 6751
f 6751 6868 6867
f 6868 6752 6869
f 6752 6870 6869
f 6752 6753 6870
f 6871 6753 6754
f 6871 6870 6753
f 6872 6754 6755
f 6872 6871 6754
f 6873 6755 6756
f 6873 6872 6755
f 6874 6756 6757
f 6874 6873 6756
f 6875 6757 6758
f 6875 6874 6757
f 6876 6758 6759
f 6876 6875 6758
f 6877 6759 6760
f 6877 6876 6759
f 6878 6760 6761
f 6878 6877 6760
f 6880 6878 6879
f 6878 6762 6879
f 6878 6761 6762
f 6763 6881 6762
f 6762 6881 6879
f 6764 6882 6763
f 6763 6882 6881
f 6766 6882 6764
f 6883 6768 6769
f 6770 6884 6769
f 6769 6884 6883
f 6748 6865 6770
f 6865 6884 6770
f 6865 6885 6884
f 6866 6887 6886
f 6885 6866 6886
f 6865 6866 6885
f 6887 6866 6867
f 6887 6867 6888
f 6888 6867 6868
f 6888 6868 6889
f 6889 6868 6869
f 6890 6880 6879
f 6890 6879 6881
f 6890 6881 6891
f 6893 6892 6891
f 6881 6893 6891
f 6882 6893 6881
f 6771 6894 6766
f 6894 6882 6766
f 6894 6893 6882
f 6773 6894 6771
f 6895 6776 6777
f 6768 6883 6777
f 6883 6895 6777
f 6883 6896 6895
f 6884 6898 6897
f 6896 6884 6897
f 6883 6884 6896
f 6898 6884 6885
f 6898 6885 6899
f 6899 6885 6886
f 6900 6892 6893
f 6900 6893 6894
f 6900 6894 6901
f 6903 6901 6902
f 6902 6901 6778
f 6901 6894 6778
f 6894 6773 6778
f 6779 6902 6778
f 6904 6781 6782
f 6776 6895 6782
f 6895 6904 6782
f 6895 6905 6904
f 6896 6907 6906
f 6905 6896 6906
f 6895 6896 6905
f 6907 6896 6897
f 6903 6902 6908
f 6903 6908 6909
f 6783 6908 6779
f 6779 6908 6902
f 6910 6785 6904
f 6904 6785 6781
f 6911 6904 6905
f 6910 6904 6911
f 6905 6906 6912
f 6905 6912 6911
f 6909 6908 6913
f 6909 6913 6914
f 6787 6913 6783
f 6783 6913 6908
f 6915 6789 6910
f 6910 6789 6785
f 6911 6917 6916
f 6915 6911 6916
f 6910 6911 6915
f 6917 6911 6912
f 6914 6913 6918
f 6914 6918 6919
f 6791 6918 6787
f 6787 6918 6913
f 6920 6793 6915
f 6915 6793 6789
f 6915 6916 6921
f 6915 6921 6920
f 6919 6918 6922
f 6919 6922 6923
f 6795 6922 6791
f 6791 6922 6918
f 6924 6797 6920
f 6920 6797 6793
f 6920 6921 6925
f 6920 6925 6924
f 6923 6922 6799
f 6800 6923 6799
f 6926 6923 6800
f 6799 6922 6795
f 6927 6802 6924
f 6924 6802 6797
f 6924 6925 6928
f 6924 6928 6927
f 6804 6926 6800
f 6804 6929 6926
f 6930 6806 6927
f 6927 6806 6802
f 6927 6928 6931
f 6927 6931 6930
f 6934 6933 6932
f 6933 6929 6932
f 6929 6808 6932
f 6929 6804 6808
f 6935 6810 6930
f 6930 6810 6806
f 6930 6931 6936
f 6937 6930 6936
f 6935 6930 6937
f 6938 6937 6936
f 6934 6932 6939
f 6934 6939 6940
f 6811 6939 6808
f 6808 6939 6932
f 6935 6813 6810
f 6813 6935 6814
f 6935 6941 6814
f 6935 6937 6941
f 6937 6938 6942
f 6943 6937 6942
f 6941 6937 6943
f 6944 6943 6942
f 6947 6946 6945
f 6945 6946 6940
f 6945 6940 6939
f 6817 6945 6939
f 6816 6817 6939
f 6816 6939 6811
f 6948 6819 6941
f 6941 6819 6814
f 6949 6941 6943
f 6948 6941 6949
f 6943 6944 6950
f 6943 6950 6949
f 6953 6952 6951
f 6951 6952 6947
f 6951 6947 6945
f 6822 6951 6945
f 6821 6822 6945
f 6821 6945 6817
f 6948 6823 6819
f 6823 6948 6825
f 6825 6948 6949
f 6955 6954 6826
f 6955 6826 6825
f 6950 6955 6825
f 6949 6950 6825
f 6957 6956 6954
f 6957 6954 6955
f 6958 6956 6957
f 6953 6951 6959
f 6953 6959 6960
f 6827 6959 6822
f 6822 6959 6951
f 6954 6829 6826
f 6829 6954 6831
f 6831 6954 6956
f 6962 6961 6832
f 6962 6832 6831
f 6958 6962 6831
f 6956 6958 6831
f 6963 6961 6962
f 6966 6965 6964
f 6968 6967 6964
f 6968 6964 6965
f 6970 6969 6967
f 6970 6967 6968
f 6969 6970 6960
f 6959 6969 6960
f 6971 6969 6959
f 6833 6971 6827
f 6827 6971 6959
f 6961 6836 6832
f 6973 6972 6838
f 6973 6838 6836
f 6963 6973 6836
f 6961 6963 6836
f 6975 6974 6972
f 6975 6972 6973
f 6977 6976 6974
f 6977 6974 6975
f 6979 6978 6976
f 6979 6976 6977
f 6981 6980 6978
f 6981 6978 6979
f 6983 6982 6980
f 6983 6980 6981
f 6985 6984 6982
f 6985 6982 6983
f 6987 6986 6984
f 6987 6984 6985
f 6989 6988 6986
f 6989 6986 6987
f 6988 6989 6966
f 6988 6966 6964
f 6841 6988 6964
f 6840 6841 6964
f 6840 6964 6843
f 6843 6964 6967
f 6843 6967 6845
f 6845 6967 6969
f 6845 6969 6847
f 6847 6969 6971
f 6847 6971 6833
f 6972 6848 6838
f 6848 6972 6850
f 6850 6972 6974
f 6850 6974 6852
f 6852 6974 6976
f 6852 6976 6854
f 6854 6976 6978
f 6854 6978 6856
f 6856 6978 6980
f 6856 6980 6858
f 6858 6980 6982
f 6858 6982 6860
f 6860 6982 6984
f 6860 6984 6862
f 6862 6984 6986
f 6862 6986 6864
f 6864 6986 6988
f 6864 6988 6841
f 6990 6869 6870
f 6871 6991 6870
f 6870 6991 6990
f 6872 6992 6871
f 6871 6992 6991
f 6873 6993 6872
f 6872 6993 6992
f 6874 6994 6873
f 6873 6994 6993
f 6875 6995 6874
f 6874 6995 6994
f 6876 6996 6875
f 6875 6996 6995
f 6877 6997 6876
f 6876 6997 6996
f 6878 6998 6877
f 6877 6998 6997
f 6880 6998 6878
f 6999 6886 6887
f 6888 7000 6887
f 6887 7000 6999
f 6889 7001 6888
f 6888 7001 7000
f 7002 7001 6889
f 7002 6889 6869
f 7003 7002 6869
f 6990 7003 6869
f 7003 6990 6991
f 7003 6991 7004
f 7004 6991 6992
f 7004 6992 7005
f 7005 6992 6993
f 7005 6993 7006
f 7006 6993 6994
f 7006 6994 7007
f 7007 6994 6995
f 7007 6995 7008
f 7008 6995 6996
f 7008 6996 7009
f 7011 7010 7009
f 6996 7011 7009
f 6997 7011 6996
f 7012 6997 6998
f 7011 6997 7012
f 6890 7013 6880
f 7013 6998 6880
f 7013 7012 6998
f 6891 7014 6890
f 6890 7014 7013
f 6892 7014 6891
f 7015 6897 6898
f 6899 7016 6898
f 6898 7016 7015
f 6886 6999 6899
f 6999 7016 6899
f 6999 7017 7016
f 7000 7019 7018
f 7017 7000 7018
f 6999 7000 7017
f 7019 7000 7001
f 7019 7001 7020
f 7020 7001 7002
f 7021 7010 7011
f 7021 7011 7012
f 7021 7012 7022
f 7022 7012 7013
f 7022 7013 7023
f 7023 7013 7014
f 7023 7014 7024
f 7026 7024 7025
f 7025 7024 6900
f 7024 7014 6900
f 7014 6892 6900
f 6901 7027 6900
f 6900 7027 7025
f 6903 7027 6901
f 7028 6906 6907
f 6897 7015 6907
f 7015 7028 6907
f 7015 7029 7028
f 7016 7031 7030
f 7029 7016 7030
f 7015 7016 7029
f 7031 7016 7017
f 7031 7017 7032
f 7032 7017 7018
f 7026 7025 7033
f 7026 7033 7034
f 7035 7025 7027
f 7033 7025 7035
f 6909 7035 6903
f 6903 7035 7027
f 7036 6912 7028
f 7028 6912 6906
f 7037 7028 7029
f 7036 7028 7037
f 7029 7030 7038
f 7029 7038 7037
f 7039 7034 7033
f 7041 7040 7039
f 7033 7041 7039
f 7035 7041 7033
f 6914 7041 6909
f 6909 7041 7035
f 7042 6916 6917
f 6912 7036 6917
f 7036 7042 6917
f 7036 7043 7042
f 7037 7045 7044
f 7043 7037 7044
f 7036 7037 7043
f 7045 7037 7038
f 7040 7041 7046
f 7040 7046 7047
f 6919 7046 6914
f 6914 7046 7041
f 7048 6921 7042
f 7042 6921 6916
f 7043 7050 7049
f 7048 7043 7049
f 7042 7043 7048
f 7050 7043 7044
f 7047 7046 7051
f 7047 7051 7052
f 6923 7051 6919
f 6919 7051 7046
f 7053 6925 7048
f 7048 6925 6921
f 7048 7049 7054
f 7048 7054 7053
f 7052 7051 7055
f 7052 7055 7056
f 6926 7055 6923
f 6923 7055 7051
f 7057 6928 7053
f 7053 6928 6925
f 7053 7054 7058
f 7053 7058 7057
f 7056 7055 7059
f 7056 7059 7060
f 6929 7059 6926
f 6926 7059 7055
f 7061 6931 7057
f 7057 6931 6928
f 7057 7058 7062
f 7063 7057 7062
f 7061 7057 7063
f 7064 7063 7062
f 7067 7066 7065
f 7065 7066 7060
f 7065 7060 7059
f 6934 7065 7059
f 6933 6934 7059
f 6933 7059 6929
f 7061 6936 6931
f 6936 7061 6938
f 7061 7068 6938
f 7061 7063 7068
f 7063 7064 7069
f 7063 7069 7068
f 7072 7071 7070
f 7070 7071 7067
f 7065 7070 7067
f 7073 7070 7065
f 6940 7073 6934
f 6934 7073 7065
f 7068 6942 6938
f 7075 7074 6944
f 7075 6944 6942
f 7069 7075 6942
f 7068 7069 6942
f 7076 7074 7075
f 7072 7070 7077
f 7072 7077 7078
f 6947 7077 6946
f 7077 7073 6946
f 7077 7070 7073
f 6946 7073 6940
f 7079 6950 7074
f 7074 6950 6944
f 7074 7076 7080
f 7081 7074 7080
f 7079 7074 7081
f 7083 7082 7081
f 7083 7081 7080
f 7084 7082 7083
f 7087 7086 7085
f 7089 7088 7085
f 7089 7085 7086
f 7091 7090 7088
f 7091 7088 7089
f 7090 7091 7078
f 7090 7078 7077
f 6953 7090 7077
f 6952 6953 7077
f 6952 7077 6947
f 7079 6955 6950
f 6955 7079 6957
f 6957 7079 7081
f 6957 7081 6958
f 7081 7092 6958
f 7081 7082 7092
f 7082 7084 7093
f 7094 7082 7093
f 7092 7082 7094
f 7096 7095 7094
f 7096 7094 7093
f 7097 7095 7096
f 7100 7099 7098
f 7102 7101 7098
f 7102 7098 7099
f 7101 7102 7087
f 7085 7101 7087
f 7103 7101 7085
f 7104 7085 7088
f 7103 7085 7104
f 7105 7088 7090
f 7104 7088 7105
f 6960 7105 6953
f 6953 7105 7090
f 7092 6962 6958
f 6962 7092 6963
f 7092 7106 6963
f 7092 7094 7106
f 7107 7094 7095
f 7106 7094 7107
f 7095 7097 7108
f 7109 7095 7108
f 7107 7095 7109
f 7111 7110 7109
f 7111 7109 7108
f 7113 7112 7110
f 7113 7110 7111
f 7115 7114 7112
f 7115 7112 7113
f 7117 7116 7114
f 7117 7114 7115
f 7116 7117 7100
f 7098 7116 7100
f 7118 7116 7098
f 7119 7098 7101
f 7118 7098 7119
f 6966 7119 6965
f 7119 7103 6965
f 7119 7101 7103
f 6965 7103 6968
f 6968 7103 7104
f 6968 7104 6970
f 6970 7104 7105
f 6970 7105 6960
f 7106 6973 6963
f 6973 7106 6975
f 6975 7106 7107
f 6975 7107 6977
f 6977 7107 7109
f 6977 7109 6979
f 6979 7109 7110
f 6979 7110 6981
f 6981 7110 7112
f 6981 7112 6983
f 6983 7112 7114
f 6983 7114 6985
f 6985 7114 7116
f 6985 7116 6987
f 6987 7116 7118
f 6987 7118 6989
f 6989 7118 7119
f 6989 7119 6966
f 7120 7002 7003
f 7004 7121 7003
f 7003 7121 7120
f 7005 7122 7004
f 7004 7122 7121
f 7006 7123 7005
f 7005 7123 7122
f 7007 7124 7006
f 7006 7124 7123
f 7008 7125 7007
f 7007 7125 7124
f 7009 7126 7008
f 7008 7126 7125
f 7010 7126 7009
f 7127 7018 7019
f 7020 7128 7019
f 7019 7128 7127
f 7002 7120 7020
f 7120 7128 7020
f 7120 7129 7128
f 7130 7120 7121
f 7129 7120 7130
f 7131 7121 7122
f 7130 7121 7131
f 7132 7122 7123
f 7131 7122 7132
f 7133 7123 7124
f 7132 7123 7133
f 7134 7124 7125
f 7133 7124 7134
f 7135 7125 7126
f 7134 7125 7135
f 7021 7136 7010
f 7136 7126 7010
f 7136 7135 7126
f 7022 7137 7021
f 7021 7137 7136
f 7023 7138 7022
f 7022 7138 7137
f 7024 7139 7023
f 7023 7139 7138
f 7026 7139 7024
f 7140 7030 7031
f 7032 7141 7031
f 7031 7141 7140
f 7018 7127 7032
f 7127 7141 7032
f 7127 7142 7141
f 7143 7127 7128
f 7142 7127 7143
f 7144 7128 7129
f 7143 7128 7144
f 7145 7129 7130
f 7144 7129 7145
f 7146 7130 7131
f 7145 7130 7146
f 7147 7131 7132
f 7146 7131 7147
f 7133 7149 7148
f 7147 7133 7148
f 7132 7133 7147
f 7149 7133 7134
f 7149 7134 7150
f 7150 7134 7135
f 7150 7135 7151
f 7151 7135 7136
f 7151 7136 7152
f 7152 7136 7137
f 7152 7137 7153
f 7153 7137 7138
f 7153 7138 7154
f 7156 7155 7154
f 7138 7156 7154
f 7139 7156 7138
f 7034 7156 7026
f 7026 7156 7139
f 7157 7038 7140
f 7140 7038 7030
f 7141 7159 7158
f 7157 7141 7158
f 7140 7141 7157
f 7159 7141 7142
f 7159 7142 7160
f 7160 7142 7143
f 7160 7143 7161
f 7161 7143 7144
f 7161 7144 7162
f 7162 7144 7145
f 7162 7145 7163
f 7163 7145 7146
f 7163 7146 7164
f 7164 7146 7147
f 7164 7147 7165
f 7165 7147 7148
f 7155 7156 7166
f 7155 7166 7167
f 7039 7168 7034
f 7168 7156 7034
f 7168 7166 7156
f 7040 7168 7039
f 7169 7044 7045
f 7038 7157 7045
f 7157 7169 7045
f 7157 7170 7169
f 7157 7158 7171
f 7157 7171 7170
f 7167 7166 7172
f 7167 7172 7173
f 7174 7166 7168
f 7172 7166 7174
f 7047 7174 7040
f 7040 7174 7168
f 7175 7049 7050
f 7044 7169 7050
f 7169 7175 7050
f 7169 7176 7175
f 7170 7178 7177
f 7176 7170 7177
f 7169 7170 7176
f 7178 7170 7171
f 7173 7172 7179
f 7173 7179 7180
f 7181 7172 7174
f 7179 7172 7181
f 7052 7181 7047
f 7047 7181 7174
f 7182 7054 7175
f 7175 7054 7049
f 7183 7175 7176
f 7182 7175 7183
f 7176 7177 7184
f 7176 7184 7183
f 7180 7179 7185
f 7180 7185 7186
f 7187 7179 7181
f 7185 7179 7187
f 7056 7187 7052
f 7052 7187 7181
f 7188 7058 7182
f 7182 7058 7054
f 7189 7182 7183
f 7188 7182 7189
f 7183 7184 7190
f 7183 7190 7189
f 7186 7185 7191
f 7186 7191 7192
f 7193 7185 7187
f 7191 7185 7193
f 7060 7193 7056
f 7056 7193 7187
f 7188 7062 7058
f 7062 7188 7064
f 7188 7194 7064
f 7188 7189 7194
f 7189 7190 7195
f 7196 7189 7195
f 7194 7189 7196
f 7197 7196 7195
f 7192 7191 7198
f 7192 7198 7199
f 7067 7198 7066
f 7198 7193 7066
f 7198 7191 7193
f 7066 7193 7060
f 7200 7069 7194
f 7194 7069 7064
f 7201 7194 7196
f 7200 7194 7201
f 7196 7197 7202
f 7203 7196 7202
f 7201 7196 7203
f 7204 7203 7202
f 7207 7206 7205
f 7205 7206 7199
f 7205 7199 7198
f 7072 7205 7198
f 7071 7072 7198
f 7071 7198 7067
f 7200 7075 7069
f 7075 7200 7076
f 7200 7208 7076
f 7200 7201 7208
f 7209 7201 7203
f 7208 7201 7209
f 7203 7204 7210
f 7211 7203 7210
f 7209 7203 7211
f 7213 7212 7211
f 7213 7211 7210
f 7214 7212 7213
f 7217 7216 7215
f 7219 7218 7215
f 7219 7215 7216
f 7218 7219 7207
f 7205 7218 7207
f 7220 7218 7205
f 7078 7220 7072
f 7072 7220 7205
f 7208 7080 7076
f 7080 7208 7083
f 7083 7208 7209
f 7083 7209 7084
f 7209 7221 7084
f 7209 7211 7221
f 7222 7211 7212
f 7221 7211 7222
f 7212 7214 7223
f 7212 7223 7222
f 7226 7225 7224
f 7228 7227 7224
f 7228 7224 7225
f 7227 7228 7217
f 7227 7217 7215
f 7087 7227 7215
f 7086 7087 7215
f 7086 7215 7089
f 7089 7215 7218
f 7089 7218 7091
f 7091 7218 7220
f 7091 7220 7078
f 7221 7093 7084
f 7093 7221 7096
f 7096 7221 7222
f 7230 7229 7097
f 7230 7097 7096
f 7223 7230 7096
f 7222 7223 7096
f 7232 7231 7229
f 7232 7229 7230
f 7234 7233 7231
f 7234 7231 7232
f 7236 7235 7233
f 7236 7233 7234
f 7238 7237 7235
f 7238 7235 7236
f 7237 7238 7226
f 7237 7226 7224
f 7100 7237 7224
f 7099 7100 7224
f 7099 7224 7102
f 7102 7224 7227
f 7102 7227 7087
f 7229 7108 7097
f 7108 7229 7111
f 7111 7229 7231
f 7111 7231 7113
f 7113 7231 7233
f 7113 7233 7115
f 7115 7233 7235
f 7115 7235 7117
f 7117 7235 7237
f 7117 7237 7100
f 7239 7148 7149
f 7150 7240 7149
f 7149 7240 7239
f 7151 7241 7150
f 7150 7241 7240
f 7152 7242 7151
f 7151 7242 7241
f 7153 7243 7152
f 7152 7243 7242
f 7154 7244 7153
f 7153 7244 7243
f 7155 7244 7154
f 7245 7158 7159
f 7160 7246 7159
f 7159 7246 7245
f 7161 7247 7160
f 7160 7247 7246
f 7162 7248 7161
f 7161 7248 7247
f 7163 7249 7162
f 7162 7249 7248
f 7164 7250 7163
f 7163 7250 7249
f 7165 7251 7164
f 7164 7251 7250
f 7148 7239 7165
f 7239 7251 7165
f 7239 7252 7251
f 7253 7239 7240
f 7252 7239 7253
f 7254 7240 7241
f 7253 7240 7254
f 7255 7241 7242
f 7254 7241 7255
f 7256 7242 7243
f 7255 7242 7256
f 7257 7243 7244
f 7256 7243 7257
f 7167 7257 7155
f 7155 7257 7244
f 7258 7171 7245
f 7245 7171 7158
f 7259 7245 7246
f 7258 7245 7259
f 7260 7246 7247
f 7259 7246 7260
f 7261 7247 7248
f 7260 7247 7261
f 7262 7248 7249
f 7261 7248 7262
f 7263 7249 7250
f 7262 7249 7263
f 7251 7265 7264
f 7263 7251 7264
f 7250 7251 7263
f 7265 7251 7252
f 7265 7252 7266
f 7266 7252 7253
f 7266 7253 7267
f 7267 7253 7254
f 7267 7254 7268
f 7268 7254 7255
f 7268 7255 7269
f 7269 7255 7256
f 7269 7256 7270
f 7272 7271 7270
f 7256 7272 7270
f 7257 7272 7256
f 7173 7272 7167
f 7167 7272 7257
f 7273 7177 7178
f 7171 7258 7178
f 7258 7273 7178
f 7258 7274 7273
f 7275 7258 7259
f 7274 7258 7275
f 7276 7259 7260
f 7275 7259 7276
f 7277 7260 7261
f 7276 7260 7277
f 7278 7261 7262
f 7277 7261 7278
f 7279 7262 7263
f 7278 7262 7279
f 7263 7264 7280
f 7263 7280 7279
f 7271 7272 7281
f 7271 7281 7282
f 7180 7281 7173
f 7173 7281 7272
f 7283 7184 7273
f 7273 7184 7177
f 7284 7273 7274
f 7283 7273 7284
f 7285 7274 7275
f 7284 7274 7285
f 7286 7275 7276
f 7285 7275 7286
f 7287 7276 7277
f 7286 7276 7287
f 7288 7277 7278
f 7287 7277 7288
f 7289 7278 7279
f 7288 7278 7289
f 7279 7280 7290
f 7279 7290 7289
f 7282 7281 7291
f 7282 7291 7292
f 7186 7291 7180
f 7180 7291 7281
f 7293 7190 7283
f 7283 7190 7184
f 7294 7283 7284
f 7293 7283 7294
f 7295 7284 7285
f 7294 7284 7295
f 7296 7285 7286
f 7295 7285 7296
f 7297 7286 7287
f 7296 7286 7297
f 7298 7287 7288
f 7297 7287 7298
f 7299 7288 7289
f 7298 7288 7299
f 7289 7290 7300
f 7289 7300 7299
f 7303 7302 7301
f 7301 7302 7292
f 7291 7301 7292
f 7304 7301 7291
f 7192 7304 7186
f 7186 7304 7291
f 7293 7195 7190
f 7195 7293 7197
f 7293 7305 7197
f 7293 7294 7305
f 7306 7294 7295
f 7305 7294 7306
f 7307 7295 7296
f 7306 7295 7307
f 7308 7296 7297
f 7307 7296 7308
f 7309 7297 7298
f 7308 7297 7309
f 7299 7311 7310
f 7309 7299 7310
f 7298 7299 7309
f 7311 7299 7300
f 7303 7301 7312
f 7303 7312 7313
f 7314 7301 7304
f 7312 7301 7314
f 7199 7314 7192
f 7192 7314 7304
f 7305 7202 7197
f 7202 7305 7204
f 7305 7315 7204
f 7305 7306 7315
f 7316 7306 7307
f 7315 7306 7316
f 7317 7307 7308
f 7316 7307 7317
f 7318 7308 7309
f 7317 7308 7318
f 7309 7310 7319
f 7309 7319 7318
f 7322 7321 7320
f 7324 7323 7320
f 7324 7320 7321
f 7323 7324 7313
f 7312 7323 7313
f 7325 7323 7312
f 7207 7325 7206
f 7325 7314 7206
f 7325 7312 7314
f 7206 7314 7199
f 7315 7210 7204
f 7210 7315 7213
f 7213 7315 7316
f 7213 7316 7214
f 7316 7326 7214
f 7316 7317 7326
f 7327 7317 7318
f 7326 7317 7327
f 7318 7319 7328
f 7318 7328 7327
f 7331 7330 7329
f 7329 7330 7322
f 7320 7329 7322
f 7332 7329 7320
f 7217 7332 7216
f 7332 7323 7216
f 7332 7320 7323
f 7216 7323 7219
f 7219 7323 7325
f 7219 7325 7207
f 7333 7223 7326
f 7326 7223 7214
f 7334 7326 7327
f 7333 7326 7334
f 7327 7328 7335
f 7336 7327 7335
f 7334 7327 7336
f 7338 7337 7336
f 7338 7336 7335
f 7340 7339 7337
f 7340 7337 7338
f 7339 7340 7331
f 7339 7331 7329
f 7226 7339 7329
f 7225 7226 7329
f 7225 7329 7228
f 7228 7329 7332
f 7228 7332 7217
f 7333 7230 7223
f 7230 7333 7232
f 7232 7333 7334
f 7232 7334 7234
f 7234 7334 7336
f 7234 7336 7236
f 7236 7336 7337
f 7236 7337 7238
f 7238 7337 7339
f 7238 7339 7226
f 7341 7264 7265
f 7266 7342 7265
f 7265 7342 7341
f 7267 7343 7266
f 7266 7343 7342
f 7268 7344 7267
f 7267 7344 7343
f 7269 7345 7268
f 7268 7345 7344
f 7270 7346 7269
f 7269 7346 7345
f 7271 7346 7270
f 7347 7280 7341
f 7341 7280 7264
f 7348 7341 7342
f 7347 7341 7348
f 7349 7342 7343
f 7348 7342 7349
f 7350 7343 7344
f 7349 7343 7350
f 7351 7344 7345
f 7350 7344 7351
f 7352 7345 7346
f 7351 7345 7352
f 7282 7352 7271
f 7271 7352 7346
f 7353 7290 7347
f 7347 7290 7280
f 7354 7347 7348
f 7353 7347 7354
f 7355 7348 7349
f 7354 7348 7355
f 7356 7349 7350
f 7355 7349 7356
f 7357 7350 7351
f 7356 7350 7357
f 7358 7351 7352
f 7357 7351 7358
f 7292 7358 7282
f 7282 7358 7352
f 7359 7300 7353
f 7353 7300 7290
f 7360 7353 7354
f 7359 7353 7360
f 7361 7354 7355
f 7360 7354 7361
f 7362 7355 7356
f 7361 7355 7362
f 7363 7356 7357
f 7362 7356 7363
f 7303 7363 7302
f 7363 7358 7302
f 7363 7357 7358
f 7302 7358 7292
f 7364 7310 7311
f 7300 7359 7311
f 7359 7364 7311
f 7359 7365 7364
f 7366 7359 7360
f 7365 7359 7366
f 7367 7360 7361
f 7366 7360 7367
f 7368 7361 7362
f 7367 7361 7368
f 7369 7362 7363
f 7368 7362 7369
f 7313 7369 7303
f 7303 7369 7363
f 7370 7319 7364
f 7364 7319 7310
f 7371 7364 7365
f 7370 7364 7371
f 7372 7365 7366
f 7371 7365 7372
f 7373 7366 7367
f 7372 7366 7373
f 7322 7373 7321
f 7373 7368 7321
f 7373 7367 7368
f 7321 7368 7324
f 7324 7368 7369
f 7324 7369 7313
f 7374 7328 7370
f 7370 7328 7319
f 7375 7370 7371
f 7374 7370 7375
f 7376 7371 7372
f 7375 7371 7376
f 7331 7376 7330
f 7376 7373 7330
f 7376 7372 7373
f 7330 7373 7322
f 7374 7335 7328
f 7335 7374 7338
f 7338 7374 7375
f 7338 7375 7340
f 7340 7375 7376
f 7340 7376 7331

