bmi,eye_frac_of_stature,foot_breadth_m,foot_length_m,hand_breadth_m,hand_circumference_m,hand_length_m,head_height_m,leg_frac_of_stature,mass_kg,stature_m,trochanterion_m,waist_frac_of_stature,waist_height_m
26.997041420118343,0.9294871794871795,0.091,0.246,0.075,0.182,0.184,0.11,0.541025641025641,65.7,1.56,0.844,0.6038461538461538,0.9420000000000001
19.262505748992236,0.924924924924925,0.091,0.249,0.078,0.187,0.189,0.125,0.5411411411411411,53.400000000000006,1.665,0.901,0.6198198198198198,1.032
22.647147535406233,0.9246054938632379,0.1,0.265,0.084,0.198,0.195,0.129,0.5154880187025132,66.3,1.711,0.882,0.6049094097019287,1.035
28.378574539120336,0.9246987951807228,0.097,0.265,0.08,0.192,0.186,0.125,0.5216867469879518,78.2,1.6600000000000001,0.866,0.6018072289156626,0.999
35.85325900459051,0.926208651399491,0.088,0.247,0.078,0.183,0.187,0.116,0.5089058524173028,88.60000000000001,1.572,0.8,0.5795165394402035,0.911
28.724892744956925,0.9256004686584651,0.093,0.27,0.078,0.188,0.198,0.127,0.5401288810779145,83.7,1.707,0.922,0.616871704745167,1.053
27.083666329230823,0.9221411192214112,0.093,0.241,0.077,0.183,0.167,0.128,0.5267639902676399,73.2,1.6440000000000001,0.866,0.5906326034063261,0.971
27.218280943514543,0.9210053859964094,0.1,0.255,0.082,0.192,0.177,0.132,0.5236385397965291,76.0,1.671,0.875,0.6008378216636745,1.004
23.557981379252805,0.9230769230769231,0.085,0.234,0.074,0.177,0.17400000000000002,0.117,0.52465483234714,54.5,1.5210000000000001,0.798,0.6127547666009204,0.932
27.055891776432894,0.9276729559748428,0.092,0.245,0.082,0.195,0.17500000000000002,0.115,0.5182389937106918,68.4,1.59,0.8240000000000001,0.579874213836478,0.922
33.975679590809264,0.9244288224956063,0.098,0.27,0.08700000000000001,0.20800000000000002,0.21,0.129,0.5225541886350322,99.0,1.707,0.892,0.606912712360867,1.036
26.66931203238848,0.9238609112709832,0.098,0.26,0.08,0.185,0.186,0.127,0.5389688249400479,74.2,1.668,0.899,0.6013189448441247,1.0030000000000001
28.54828498279792,0.9334945586457074,0.089,0.234,0.075,0.18,0.178,0.11,0.528415961305925,78.10000000000001,1.6540000000000001,0.874,0.6051995163240629,1.0010000000000001
25.868690813660397,0.9237695078031213,0.093,0.263,0.083,0.203,0.19,0.127,0.5192076830732293,71.8,1.666,0.865,0.6104441776710684,1.0170000000000001
27.729964123136686,0.9237023139462164,0.088,0.23800000000000002,0.08,0.19,0.178,0.122,0.5290806754221389,70.9,1.599,0.846,0.5978736710444027,0.9560000000000001
24.009183512693603,0.9264793783622236,0.095,0.249,0.081,0.193,0.177,0.123,0.5068738792588166,67.2,1.673,0.848,0.5911536162582187,0.989
22.856224395038133,0.9259259259259259,0.092,0.257,0.082,0.192,0.187,0.122,0.5057680631451124,62.0,1.647,0.833,0.588949605343048,0.97
21.131632669006894,0.9314660309892729,0.085,0.256,0.075,0.178,0.186,0.115,0.5256257449344458,59.5,1.678,0.882,0.6090584028605482,1.022
26.285534690698007,0.9267421083978559,0.097,0.253,0.079,0.188,0.187,0.123,0.535437760571769,74.10000000000001,1.679,0.899,0.6069088743299583,1.0190000000000001
23.195851584890107,0.930030959752322,0.088,0.23500000000000001,0.07200000000000001,0.171,0.17500000000000002,0.113,0.503405572755418,60.5,1.615,0.8130000000000001,0.5944272445820433,0.96
34.763126230560346,0.922874093605801,0.094,0.233,0.075,0.18,0.169,0.117,0.4871456822676335,80.0,1.5170000000000001,0.739,0.5517468688200395,0.837
26.65690317441965,0.9241338112305855,0.084,0.25,0.077,0.185,0.184,0.127,0.5316606929510155,74.7,1.674,0.89,0.6051373954599761,1.0130000000000001
18.639937527736873,0.9254467036352434,0.08600000000000001,0.231,0.074,0.177,0.17400000000000002,0.121,0.5194085027726433,49.1,1.623,0.843,0.5988909426987061,0.972
25.267555739581,0.9238609112709832,0.091,0.251,0.076,0.182,0.17500000000000002,0.127,0.526378896882494,70.3,1.668,0.878,0.5893285371702638,0.983
26.45467407841535,0.9197080291970803,0.096,0.258,0.082,0.191,0.195,0.132,0.5285888077858881,71.5,1.6440000000000001,0.869,0.6240875912408759,1.026
28.396773516880238,0.9259024699176694,0.091,0.242,0.078,0.19,0.177,0.117,0.5224825839138696,70.8,1.579,0.8250000000000001,0.5959468017732742,0.9410000000000001
23.33905331443253,0.9114799446749654,0.08700000000000001,0.223,0.074,0.176,0.155,0.128,0.45643153526970953,48.800000000000004,1.446,0.66,0.5587828492392808,0.808
26.329827770156985,0.9246913580246914,0.093,0.23600000000000002,0.074,0.185,0.17300000000000001,0.122,0.512962962962963,69.10000000000001,1.62,0.8310000000000001,0.5932098765432099,0.961
25.74178660693632,0.9228028503562945,0.08700000000000001,0.251,0.078,0.187,0.182,0.13,0.5184085510688836,73.0,1.684,0.873,0.600356294536817,1.0110000000000001
23.27213017437693,0.9252625077208153,0.092,0.258,0.076,0.183,0.194,0.121,0.5410747374922792,61.0,1.619,0.876,0.5978999382334774,0.968
25.96209691674452,0.914572864321608,0.091,0.246,0.075,0.18,0.184,0.136,0.5131909547738693,65.8,1.592,0.8170000000000001,0.5829145728643216,0.928
25.8851233559387,0.9256797583081571,0.088,0.252,0.079,0.193,0.183,0.123,0.5141993957703928,70.9,1.655,0.851,0.5830815709969789,0.965
24.522278726013724,0.926871735345328,0.099,0.269,0.076,0.183,0.191,0.126,0.5287289611143354,72.8,1.723,0.911,0.6024376088218224,1.038
30.081828975201695,0.9284436493738819,0.091,0.245,0.077,0.188,0.186,0.12,0.5122242098986285,84.60000000000001,1.677,0.859,0.5986881335718545,1.004
34.5430592941665,0.9214026602176542,0.088,0.246,0.078,0.19,0.186,0.13,0.496372430471584,94.5,1.6540000000000001,0.8210000000000001,0.585247883917775,0.968
23.48353306196806,0.9216646266829865,0.08700000000000001,0.23800000000000002,0.075,0.18,0.18,0.128,0.5342717258261934,62.7,1.6340000000000001,0.873,0.6144430844553244,1.004
20.40608101214162,0.928698752228164,0.084,0.251,0.07100000000000001,0.168,0.183,0.12,0.5668449197860963,57.800000000000004,1.683,0.9540000000000001,0.6399286987522281,1.077
21.754437240939527,0.9194587628865979,0.08700000000000001,0.234,0.084,0.20400000000000001,0.185,0.125,0.5264175257731959,52.400000000000006,1.552,0.8170000000000001,0.5966494845360825,0.926
27.995681321946897,0.9226963512677798,0.094,0.23700000000000002,0.078,0.187,0.177,0.125,0.5324675324675324,73.2,1.617,0.861,0.5930735930735931,0.9590000000000001
31.367180808202576,0.9162468513853904,0.094,0.249,0.083,0.197,0.18,0.133,0.5056675062972292,79.10000000000001,1.588,0.803,0.5856423173803527,0.93
33.1986448714221,0.9189518586227909,0.095,0.248,0.083,0.201,0.17200000000000001,0.133,0.5155393053016454,89.4,1.641,0.846,0.5557586837294333,0.912
24.26718558761634,0.9240356083086053,0.099,0.259,0.079,0.183,0.186,0.128,0.5175074183976262,68.9,1.685,0.872,0.5934718100890207,1.0
27.640668393661457,0.9239130434782609,0.095,0.247,0.08,0.188,0.17400000000000002,0.126,0.5102657004830918,75.8,1.6560000000000001,0.845,0.5766908212560387,0.9550000000000001
28.447907833448596,0.9139114160948222,0.095,0.255,0.088,0.20600000000000002,0.184,0.138,0.49469744229569557,73.10000000000001,1.603,0.793,0.5733000623830318,0.919
28.928739387638913,0.9210199004975125,0.091,0.25,0.081,0.194,0.188,0.127,0.5130597014925373,74.8,1.608,0.8250000000000001,0.5988805970149254,0.963
29.109074519230766,0.9248798076923077,0.091,0.25,0.08,0.194,0.184,0.125,0.5030048076923077,80.60000000000001,1.6640000000000001,0.837,0.5979567307692307,0.995
27.239837613942832,0.9203211859172329,0.092,0.244,0.08700000000000001,0.203,0.19,0.129,0.5361334156886968,71.4,1.619,0.868,0.6263125386040765,1.014
27.130010669105314,0.9259259259259259,0.089,0.252,0.084,0.201,0.193,0.12,0.5530864197530864,71.2,1.62,0.896,0.6061728395061728,0.982
22.2079502433748,0.9255813953488372,0.097,0.257,0.077,0.186,0.185,0.128,0.5366279069767442,65.7,1.72,0.923,0.6203488372093023,1.067
19.059233059658197,0.9190897597977244,0.089,0.257,0.074,0.176,0.176,0.128,0.527180783817952,47.7,1.582,0.834,0.5967130214917825,0.9440000000000001
23.52623039480801,0.925,0.085,0.244,0.079,0.187,0.181,0.129,0.513953488372093,69.60000000000001,1.72,0.884,0.5994186046511628,1.031
40.427257977285024,0.9209302325581395,0.099,0.256,0.077,0.188,0.188,0.136,0.5110465116279069,119.60000000000001,1.72,0.879,0.5755813953488372,0.99
30.655965073627883,0.9259259259259259,0.093,0.269,0.084,0.197,0.195,0.126,0.5355673133450911,88.7,1.701,0.911,0.6025867136978248,1.025
28.48368931019229,0.9194837123540258,0.094,0.23800000000000002,0.078,0.191,0.18,0.131,0.4929317762753534,75.4,1.627,0.802,0.5599262446220037,0.911
28.737386067708332,0.9134114583333334,0.092,0.229,0.078,0.187,0.164,0.133,0.5026041666666666,67.8,1.536,0.772,0.5716145833333334,0.878
25.396256918074272,0.9146183699870634,0.092,0.233,0.074,0.177,0.166,0.132,0.49676584734799484,60.7,1.546,0.768,0.5847347994825356,0.904
20.90860308599284,0.9232164449818622,0.085,0.243,0.074,0.17200000000000001,0.176,0.127,0.535671100362757,57.2,1.6540000000000001,0.886,0.6124546553808948,1.0130000000000001
26.74663483467746,0.9165109034267913,0.094,0.247,0.078,0.186,0.17500000000000002,0.134,0.5196261682242991,68.9,1.605,0.834,0.5981308411214953,0.96
26.798148217847867,0.9220858895705522,0.088,0.242,0.078,0.186,0.178,0.127,0.5294478527607362,71.2,1.6300000000000001,0.863,0.5920245398773006,0.965
23.243785750789673,0.9150124069478908,0.09,0.23,0.079,0.185,0.17400000000000002,0.137,0.5055831265508685,60.400000000000006,1.612,0.8150000000000001,0.5992555831265509,0.966
22.57819684753951,0.9260102447353443,0.093,0.272,0.078,0.188,0.201,0.13,0.5611838360842345,69.7,1.7570000000000001,0.986,0.624359704040979,1.097
30.621391946645634,0.9209580838323354,0.099,0.258,0.074,0.181,0.189,0.132,0.5305389221556887,85.4,1.67,0.886,0.6065868263473054,1.0130000000000001
23.16566945405613,0.9227941176470589,0.092,0.22,0.077,0.181,0.162,0.126,0.4957107843137255,61.7,1.6320000000000001,0.809,0.6151960784313726,1.004
29.552319763581444,0.9186544342507645,0.095,0.25,0.084,0.20600000000000002,0.185,0.133,0.5180428134556575,79.0,1.635,0.847,0.6024464831804281,0.985
23.752935537643456,0.9256837098692033,0.088,0.257,0.077,0.188,0.187,0.125,0.4928656361474435,67.2,1.682,0.8290000000000001,0.5975029726516052,1.0050000000000001
25.191007643930362,0.9205298013245033,0.094,0.25,0.081,0.19,0.18,0.132,0.5171583383503914,69.5,1.661,0.859,0.6122817579771223,1.0170000000000001
26.26396819115458,0.924812030075188,0.08700000000000001,0.243,0.075,0.182,0.171,0.12,0.5081453634085213,66.9,1.596,0.811,0.6109022556390977,0.975
22.534406190915888,0.924812030075188,0.085,0.23500000000000001,0.076,0.177,0.17300000000000001,0.12,0.5131578947368421,57.400000000000006,1.596,0.8190000000000001,0.5971177944862155,0.9530000000000001
29.398768137506874,0.924924924924925,0.101,0.262,0.088,0.20400000000000001,0.188,0.125,0.5075075075075075,81.5,1.665,0.845,0.5975975975975976,0.995
23.63569816525025,0.9202226345083488,0.095,0.248,0.079,0.186,0.177,0.129,0.5089672232529375,61.800000000000004,1.617,0.8230000000000001,0.6042053184910328,0.977
26.6746621726409,0.9247588424437299,0.092,0.244,0.079,0.185,0.18,0.117,0.5311897106109325,64.5,1.555,0.8260000000000001,0.6282958199356913,0.977
22.368723304113434,0.9252217997465145,0.092,0.226,0.077,0.176,0.167,0.11800000000000001,0.491128010139417,55.7,1.578,0.775,0.5830164765525983,0.92
24.564313493449454,0.9076533839342188,0.1,0.247,0.076,0.181,0.178,0.146,0.4958886780518659,61.400000000000006,1.581,0.784,0.5838077166350412,0.923
23.168669299848364,0.9293286219081273,0.09,0.257,0.082,0.193,0.184,0.12,0.5064782096584217,66.8,1.698,0.86,0.6054181389870436,1.028
30.22879470755918,0.9163449163449163,0.094,0.23,0.078,0.184,0.167,0.13,0.5096525096525096,73.0,1.554,0.792,0.5604890604890604,0.871
23.90113168777663,0.9236902050113895,0.094,0.253,0.076,0.185,0.193,0.134,0.5170842824601367,73.7,1.756,0.908,0.6013667425968109,1.056
28.2585399509696,0.9233716475095786,0.088,0.23800000000000002,0.077,0.182,0.178,0.12,0.49169859514687103,69.3,1.566,0.77,0.5804597701149425,0.909
27.77165317644245,0.9188370684433677,0.08700000000000001,0.259,0.077,0.186,0.187,0.134,0.5317989097516657,75.7,1.651,0.878,0.6032707450030285,0.996
29.45596035386958,0.9123028391167193,0.095,0.24,0.08,0.193,0.17400000000000002,0.139,0.49968454258675077,74.0,1.585,0.792,0.5722397476340694,0.907
24.83930028929408,0.9251659625829813,0.09,0.254,0.079,0.188,0.182,0.124,0.5220277610138805,68.2,1.657,0.865,0.6107423053711527,1.012
29.34048875771964,0.9220477021524142,0.099,0.265,0.08,0.196,0.189,0.134,0.491564863292612,86.7,1.719,0.845,0.6160558464223386,1.059
26.568793897250462,0.9352360043907794,0.105,0.267,0.08600000000000001,0.203,0.197,0.11800000000000001,0.5290889132821076,88.2,1.822,0.964,0.6229418221734357,1.135
28.905549828791624,0.9296543359611886,0.091,0.253,0.08,0.193,0.186,0.116,0.5172832019405701,78.60000000000001,1.649,0.853,0.6112795633717405,1.008
21.85547347845321,0.9270895080023711,0.091,0.253,0.081,0.195,0.187,0.123,0.5121517486662714,62.2,1.687,0.864,0.6218138707765264,1.049
27.122603880960213,0.9293286219081273,0.085,0.254,0.079,0.187,0.19,0.12,0.5282685512367491,78.2,1.698,0.897,0.5859835100117785,0.995
25.97291639967534,0.9176470588235294,0.099,0.23800000000000002,0.074,0.176,0.17500000000000002,0.126,0.5222222222222223,60.800000000000004,1.53,0.799,0.6071895424836601,0.929
26.964735007467315,0.9253636938646427,0.094,0.243,0.077,0.19,0.179,0.11800000000000001,0.502213788741303,67.4,1.581,0.794,0.5951929158760279,0.9410000000000001
26.497934822033155,0.9229334990677439,0.09,0.242,0.084,0.197,0.18,0.124,0.5307644499689248,68.60000000000001,1.609,0.854,0.6146674953387197,0.989
24.789694590962636,0.9300486618004866,0.092,0.259,0.085,0.198,0.187,0.115,0.5279805352798054,67.0,1.6440000000000001,0.868,0.601581508515815,0.989
26.49914201203186,0.9179586563307494,0.093,0.23800000000000002,0.077,0.187,0.184,0.127,0.5303617571059431,63.5,1.548,0.8210000000000001,0.6111111111111112,0.9460000000000001
29.970115181394803,0.9215442092154421,0.093,0.23900000000000002,0.081,0.193,0.18,0.126,0.4987546699875467,77.30000000000001,1.606,0.801,0.566002490660025,0.909
20.58480122129069,0.9263093788063338,0.08600000000000001,0.23900000000000002,0.075,0.182,0.176,0.121,0.5243605359317906,55.5,1.6420000000000001,0.861,0.607795371498173,0.998
27.6332974011777,0.9186189889025894,0.089,0.23700000000000002,0.082,0.193,0.176,0.132,0.5073982737361282,72.7,1.622,0.8230000000000001,0.5795314426633785,0.9400000000000001
21.288350892333717,0.9233073696824445,0.095,0.246,0.079,0.186,0.184,0.128,0.5146794487717196,59.300000000000004,1.669,0.859,0.6063511084481725,1.012
32.77477196410538,0.9277936962750717,0.099,0.268,0.084,0.20400000000000001,0.2,0.126,0.5214899713467048,99.80000000000001,1.745,0.91,0.6183381088825215,1.079
25.99523495262916,0.9157190635451505,0.08700000000000001,0.215,0.073,0.17500000000000002,0.164,0.126,0.5023411371237458,58.1,1.495,0.751,0.5698996655518395,0.852
28.80152028959435,0.9196249162759544,0.088,0.232,0.073,0.17200000000000001,0.163,0.12,0.5043536503683858,64.2,1.493,0.753,0.5833891493636972,0.871
28.14829173661963,0.9201706276660573,0.092,0.252,0.077,0.19,0.185,0.131,0.52224253503961,75.8,1.641,0.857,0.5947592931139549,0.976
26.44776334401957,0.926571250777847,0.094,0.247,0.081,0.188,0.18,0.11800000000000001,0.49471064094586187,68.3,1.607,0.795,0.5805849408836341,0.933
19.35404339250493,0.9173076923076923,0.08700000000000001,0.226,0.078,0.182,0.168,0.129,0.517948717948718,47.1,1.56,0.808,0.5948717948717949,0.928
25.183431952662723,0.928,0.098,0.246,0.084,0.195,0.178,0.117,0.5058461538461538,66.5,1.625,0.8220000000000001,0.6049230769230769,0.983
24.561655132848077,0.925748502994012,0.089,0.23,0.078,0.185,0.161,0.124,0.5137724550898204,68.5,1.67,0.858,0.5838323353293413,0.975
22.171539554945593,0.9176980198019802,0.096,0.23900000000000002,0.084,0.198,0.17400000000000002,0.133,0.5,57.900000000000006,1.616,0.808,0.6027227722772277,0.974
25.85183184402275,0.9260429835651075,0.092,0.229,0.079,0.193,0.164,0.117,0.5088495575221239,64.7,1.582,0.805,0.588495575221239,0.931
19.746733936984196,0.923121387283237,0.091,0.261,0.08,0.188,0.19,0.133,0.5317919075144508,59.1,1.73,0.92,0.6150289017341041,1.064
19.973359976316033,0.9200532978014657,0.08600000000000001,0.224,0.074,0.17500000000000002,0.169,0.12,0.5129913391072618,45.0,1.5010000000000001,0.77,0.6022651565622918,0.904
24.921304011589275,0.9234323432343234,0.09,0.225,0.08,0.185,0.16,0.116,0.4957095709570957,57.2,1.5150000000000001,0.751,0.5808580858085809,0.88
29.028382591666883,0.9263959390862944,0.1,0.257,0.083,0.195,0.181,0.116,0.506979695431472,72.10000000000001,1.576,0.799,0.5913705583756346,0.932
25.505738036450566,0.9262899262899262,0.091,0.247,0.08,0.186,0.185,0.12,0.5386977886977887,67.60000000000001,1.6280000000000001,0.877,0.6111793611793612,0.995
28.265927114458318,0.9205548549810845,0.084,0.231,0.077,0.181,0.17,0.126,0.49810844892812106,71.10000000000001,1.586,0.79,0.5882723833543506,0.933
26.21662889947497,0.9286125503742084,0.101,0.275,0.083,0.195,0.198,0.124,0.5054691997697179,79.10000000000001,1.737,0.878,0.6085204375359816,1.057
21.58004586564972,0.9213197969543148,0.088,0.23500000000000001,0.074,0.182,0.17400000000000002,0.124,0.5133248730964467,53.6,1.576,0.809,0.5894670050761421,0.929
24.169060878800668,0.9261992619926199,0.095,0.249,0.079,0.19,0.182,0.12,0.5239852398523985,63.900000000000006,1.6260000000000001,0.852,0.6088560885608856,0.99
24.4090521825113,0.9201995012468828,0.088,0.23,0.07200000000000001,0.177,0.17200000000000001,0.128,0.5124688279301746,62.800000000000004,1.604,0.8220000000000001,0.5997506234413965,0.962
28.15362590476572,0.9163179916317992,0.094,0.25,0.078,0.184,0.183,0.14,0.5194261805140467,78.80000000000001,1.673,0.869,0.5983263598326359,1.0010000000000001
22.17965969429159,0.9208282582216809,0.092,0.234,0.075,0.177,0.17,0.13,0.5097442143727162,59.800000000000004,1.6420000000000001,0.837,0.610231425091352,1.002
31.791071781872663,0.918075422626788,0.094,0.23600000000000002,0.083,0.196,0.168,0.126,0.5143042912873862,75.2,1.538,0.791,0.570221066319896,0.877
27.689471058448195,0.9326556543837357,0.093,0.23700000000000002,0.082,0.193,0.163,0.106,0.5336721728081322,68.60000000000001,1.574,0.84,0.5921219822109276,0.932
24.92752173788114,0.9248625534514355,0.092,0.23900000000000002,0.074,0.182,0.17400000000000002,0.123,0.5167990226023214,66.8,1.637,0.846,0.5901038485033598,0.966
23.357719859777472,0.9166666666666666,0.095,0.247,0.082,0.19,0.18,0.135,0.524074074074074,61.300000000000004,1.62,0.849,0.5907407407407408,0.9570000000000001
24.706247051149585,0.9209463358338142,0.10300000000000001,0.268,0.08600000000000001,0.203,0.194,0.137,0.5251009809578765,74.2,1.733,0.91,0.608193883439123,1.054
22.41617124924206,0.9239842726081258,0.093,0.255,0.078,0.185,0.176,0.116,0.5052424639580603,52.2,1.526,0.771,0.59043250327654,0.901
25.568166665777728,0.9284064665127021,0.094,0.258,0.084,0.2,0.193,0.124,0.5121247113163973,76.7,1.732,0.887,0.6073903002309469,1.052
25.062789681865613,0.9205665024630542,0.092,0.245,0.08,0.189,0.179,0.129,0.4944581280788177,66.10000000000001,1.624,0.803,0.6003694581280788,0.975
22.2364202621784,0.9157266091572661,0.092,0.222,0.074,0.18,0.166,0.127,0.5275381552753815,50.5,1.5070000000000001,0.795,0.5792966157929662,0.873
26.175213675213673,0.9102564102564102,0.085,0.229,0.077,0.18,0.165,0.14,0.5089743589743589,63.7,1.56,0.794,0.591025641025641,0.922
24.762046400951814,0.925,0.091,0.263,0.075,0.18,0.184,0.123,0.5396341463414634,66.60000000000001,1.6400000000000001,0.885,0.6146341463414634,1.008
21.742036088215638,0.9235820895522389,0.095,0.257,0.08,0.19,0.181,0.128,0.5116417910447761,61.0,1.675,0.857,0.6125373134328358,1.026
24.9497998004016,0.9207077326343381,0.093,0.23500000000000001,0.076,0.183,0.17200000000000001,0.121,0.5163826998689384,58.1,1.526,0.788,0.5865006553079948,0.895
23.119596648455715,0.9235982747997535,0.089,0.241,0.077,0.184,0.177,0.124,0.5212569316081331,60.900000000000006,1.623,0.846,0.5878003696857671,0.9540000000000001
22.91698551168248,0.928030303030303,0.091,0.234,0.079,0.188,0.168,0.114,0.4962121212121212,57.5,1.584,0.786,0.5978535353535354,0.9470000000000001
28.543381463133016,0.9150209455415919,0.09,0.259,0.078,0.187,0.18,0.14200000000000002,0.5062836624775583,79.7,1.671,0.846,0.59245960502693,0.99
30.929495695610584,0.9252577319587629,0.09,0.228,0.076,0.18,0.17,0.116,0.5186855670103093,74.5,1.552,0.805,0.5876288659793815,0.912
23.024807167239977,0.9197795468462951,0.09,0.242,0.077,0.182,0.17500000000000002,0.131,0.5101041028781383,61.400000000000006,1.633,0.833,0.5878750765462339,0.96
28.920500662138494,0.9267973856209151,0.094,0.225,0.076,0.179,0.17,0.112,0.515032679738562,67.7,1.53,0.788,0.6013071895424836,0.92
19.695754866945094,0.9171855541718555,0.09,0.243,0.073,0.17,0.18,0.133,0.5236612702366127,50.800000000000004,1.606,0.841,0.6095890410958904,0.979
24.20938015955244,0.91713048855906,0.091,0.25,0.073,0.17300000000000001,0.185,0.134,0.507730364873222,63.300000000000004,1.617,0.8210000000000001,0.6079158936301794,0.983
26.274701822784348,0.9179331306990881,0.092,0.247,0.08,0.185,0.182,0.135,0.505775075987842,71.10000000000001,1.645,0.8320000000000001,0.5823708206686931,0.9580000000000001
25.72758276443054,0.917906008328376,0.1,0.263,0.084,0.196,0.196,0.138,0.5389649018441404,72.7,1.681,0.906,0.6151100535395598,1.034
24.789843101103493,0.923262839879154,0.095,0.26,0.078,0.186,0.182,0.127,0.5226586102719033,67.9,1.655,0.865,0.6036253776435045,0.999
31.506772632301967,0.9255842558425584,0.088,0.244,0.077,0.184,0.176,0.121,0.5067650676506765,83.30000000000001,1.6260000000000001,0.8240000000000001,0.5861008610086101,0.9530000000000001
23.267775813857796,0.9253822629969419,0.09,0.23800000000000002,0.074,0.176,0.176,0.122,0.5235474006116208,62.2,1.635,0.856,0.6207951070336392,1.0150000000000001
24.927322287615976,0.9236641221374046,0.094,0.241,0.08,0.191,0.178,0.12,0.5159033078880407,61.6,1.572,0.811,0.601145038167939,0.9450000000000001
22.160651964060293,0.9259950248756219,0.095,0.25,0.079,0.187,0.188,0.11900000000000001,0.5087064676616916,57.300000000000004,1.608,0.8180000000000001,0.5982587064676617,0.962
18.354642095339873,0.9320096269554753,0.08700000000000001,0.247,0.074,0.178,0.177,0.113,0.5048134777376655,50.7,1.6620000000000001,0.839,0.6101083032490975,1.014
24.413399160274963,0.9241466498103666,0.09,0.23700000000000002,0.076,0.177,0.17400000000000002,0.12,0.5183312262958281,61.1,1.582,0.8200000000000001,0.5992414664981036,0.9480000000000001
29.930175596123732,0.932392710170488,0.097,0.256,0.083,0.197,0.188,0.115,0.5249853027630805,86.60000000000001,1.701,0.893,0.6149323927101705,1.046
20.378708886052234,0.9275905118601748,0.091,0.223,0.075,0.176,0.162,0.116,0.49313358302122345,52.300000000000004,1.602,0.79,0.5805243445692884,0.93
28.173698352213748,0.920593931568754,0.093,0.243,0.079,0.193,0.18,0.123,0.49903163331181405,67.60000000000001,1.549,0.773,0.5713363460296966,0.885
22.530277368644178,0.9205637411915438,0.092,0.234,0.078,0.187,0.184,0.124,0.5137732222934016,54.900000000000006,1.561,0.802,0.6053811659192825,0.9450000000000001
20.303456672387902,0.9200954084675015,0.08600000000000001,0.25,0.078,0.186,0.192,0.134,0.5307096004770423,57.1,1.677,0.89,0.6219439475253429,1.043
25.345988485679516,0.9209535759096612,0.088,0.243,0.074,0.177,0.18,0.126,0.5294855708908407,64.4,1.594,0.844,0.5934755332496863,0.9460000000000001
24.487017730260973,0.9238329238329238,0.093,0.243,0.078,0.19,0.17400000000000002,0.124,0.5030712530712531,64.9,1.6280000000000001,0.8190000000000001,0.6111793611793612,0.995
24.67282459247121,0.9199483537766301,0.093,0.23,0.074,0.17500000000000002,0.165,0.124,0.49967721110393803,59.2,1.549,0.774,0.5945771465461588,0.921
23.16413911485011,0.9268762026940346,0.092,0.24,0.081,0.19,0.178,0.114,0.49454778704297625,56.300000000000004,1.559,0.771,0.5978191148171905,0.932
22.127599182194455,0.9221741815935763,0.089,0.253,0.077,0.186,0.17400000000000002,0.126,0.49845583693638046,58.0,1.619,0.807,0.5744286596664607,0.93
28.360351528307834,0.9248520710059172,0.095,0.242,0.082,0.194,0.179,0.127,0.5171597633136095,81.0,1.69,0.874,0.5940828402366863,1.004
22.509680202996392,0.9275618374558304,0.09,0.248,0.077,0.182,0.17500000000000002,0.123,0.5082449941107184,64.9,1.698,0.863,0.5936395759717314,1.008
22.497226546039336,0.9296187683284457,0.089,0.256,0.084,0.20500000000000002,0.182,0.12,0.5067448680351906,65.4,1.705,0.864,0.6187683284457478,1.055
21.585798816568047,0.9261538461538461,0.085,0.242,0.074,0.17500000000000002,0.17,0.12,0.5316923076923077,57.0,1.625,0.864,0.6147692307692307,0.999
29.003197917822593,0.9255702280912365,0.098,0.252,0.074,0.177,0.17,0.124,0.5048019207683073,80.5,1.666,0.841,0.6068427370948379,1.0110000000000001
27.607703989457235,0.930724823604875,0.08700000000000001,0.217,0.07,0.17300000000000001,0.155,0.108,0.5073765234124439,67.10000000000001,1.559,0.791,0.5984605516356639,0.933
26.454142549699785,0.9247648902821317,0.095,0.23600000000000002,0.077,0.18,0.169,0.12,0.516614420062696,67.3,1.595,0.8240000000000001,0.5912225705329154,0.9430000000000001
20.59959040523514,0.9222766217870257,0.09,0.234,0.07,0.17,0.17400000000000002,0.127,0.5201958384332925,55.0,1.6340000000000001,0.85,0.6242350061199511,1.02
26.22757459022193,0.91661594643944,0.095,0.252,0.078,0.187,0.178,0.137,0.5301278149726111,70.8,1.643,0.871,0.6189896530736457,1.0170000000000001
19.36025512354038,0.9268146370725855,0.08600000000000001,0.23600000000000002,0.074,0.178,0.18,0.122,0.4967006598680264,53.800000000000004,1.667,0.8280000000000001,0.5998800239952009,1.0
27.945707760388938,0.9307645996387718,0.10200000000000001,0.263,0.08600000000000001,0.198,0.202,0.115,0.5285972305839856,77.10000000000001,1.661,0.878,0.609271523178808,1.012
24.737015121630506,0.9211538461538461,0.093,0.243,0.083,0.194,0.17500000000000002,0.123,0.5269230769230769,60.2,1.56,0.8220000000000001,0.6083333333333333,0.9490000000000001
27.738127387060683,0.9192546583850931,0.095,0.262,0.083,0.203,0.186,0.13,0.5149068322981366,71.9,1.61,0.8290000000000001,0.591304347826087,0.9520000000000001
23.80309401643455,0.9267080745341615,0.094,0.23500000000000001,0.077,0.182,0.176,0.11800000000000001,0.5204968944099378,61.7,1.61,0.838,0.6217391304347826,1.0010000000000001
26.898785631170643,0.9274673008323424,0.098,0.26,0.082,0.193,0.19,0.122,0.514268727705113,76.10000000000001,1.682,0.865,0.603448275862069,1.0150000000000001
28.72339102368766,0.9226932668329177,0.091,0.23700000000000002,0.08,0.19,0.184,0.124,0.5211970074812967,73.9,1.604,0.836,0.594139650872818,0.9530000000000001
23.61275088547816,0.9155844155844156,0.091,0.228,0.078,0.183,0.168,0.13,0.4863636363636364,56.0,1.54,0.749,0.5928571428571429,0.913
24.114401403778693,0.9291819291819292,0.08700000000000001,0.234,0.077,0.18,0.17,0.116,0.5091575091575091,64.7,1.6380000000000001,0.834,0.6105006105006106,1.0
26.400849494737333,0.9257246376811594,0.094,0.25,0.078,0.19,0.168,0.123,0.5060386473429952,72.4,1.6560000000000001,0.838,0.5815217391304348,0.963
27.760253355442206,0.9267376330619912,0.085,0.23700000000000002,0.074,0.178,0.17500000000000002,0.117,0.5159674389480275,70.8,1.597,0.8240000000000001,0.6030056355666875,0.963
31.153961701875875,0.9273870783304745,0.1,0.277,0.084,0.20600000000000002,0.20700000000000002,0.127,0.551743853630646,95.30000000000001,1.749,0.965,0.6283590623213264,1.099
27.112048514618575,0.9283564118001204,0.092,0.255,0.078,0.187,0.184,0.11900000000000001,0.5219747140276941,74.8,1.661,0.867,0.6116797110174593,1.016
30.05999975952,0.9233289646133683,0.08600000000000001,0.223,0.07200000000000001,0.171,0.17200000000000001,0.117,0.5235910878112713,70.0,1.526,0.799,0.601572739187418,0.918
26.138428318253524,0.9260897030953885,0.092,0.23600000000000002,0.078,0.183,0.171,0.117,0.5180037902716361,65.5,1.583,0.8200000000000001,0.5969677826910929,0.9450000000000001
21.233238400758438,0.9178082191780822,0.094,0.242,0.074,0.17500000000000002,0.184,0.126,0.4957599478147423,49.900000000000006,1.5330000000000001,0.76,0.593607305936073,0.91
22.29276895943563,0.9333333333333333,0.096,0.261,0.085,0.199,0.188,0.105,0.526984126984127,55.300000000000004,1.575,0.8300000000000001,0.6107936507936508,0.962
29.294497199902608,0.9290540540540541,0.10400000000000001,0.263,0.089,0.21,0.194,0.126,0.5061936936936937,92.4,1.776,0.899,0.5855855855855856,1.04
24.400475877437366,0.9322825452422651,0.097,0.257,0.081,0.194,0.182,0.116,0.5236427320490368,71.60000000000001,1.713,0.897,0.6147110332749562,1.053
24.740073685894025,0.9195402298850575,0.097,0.259,0.078,0.192,0.187,0.133,0.500302480338778,67.60000000000001,1.653,0.8270000000000001,0.5771324863883848,0.9540000000000001
27.89071365417952,0.9267810026385225,0.091,0.227,0.081,0.192,0.167,0.111,0.5079155672823219,64.10000000000001,1.516,0.77,0.5923482849604221,0.898
24.227308906191567,0.9288299155609168,0.101,0.26,0.084,0.195,0.189,0.11800000000000001,0.5265379975874548,66.60000000000001,1.6580000000000001,0.873,0.6109770808202654,1.0130000000000001
25.356744148156817,0.922077922077922,0.096,0.24,0.076,0.182,0.17400000000000002,0.126,0.5040197897340755,66.3,1.617,0.8150000000000001,0.5955473098330241,0.963
26.809849299131507,0.9253112033195021,0.1,0.273,0.08,0.193,0.194,0.126,0.5293420272673385,76.3,1.687,0.893,0.6004742145820984,1.0130000000000001
27.903077861262165,0.9288833437305053,0.084,0.23900000000000002,0.069,0.17500000000000002,0.17500000000000002,0.114,0.5265127885215222,71.7,1.603,0.844,0.5957579538365565,0.9550000000000001
27.147743254123565,0.916829109811566,0.088,0.23700000000000002,0.074,0.17500000000000002,0.17,0.128,0.5048732943469786,64.3,1.539,0.777,0.5659519168291098,0.871
22.999608111584294,0.9189020586400499,0.089,0.23800000000000002,0.077,0.19,0.17500000000000002,0.13,0.5190268247036806,59.1,1.603,0.8320000000000001,0.6019962570180911,0.965
20.156988263984147,0.9160493827160494,0.092,0.23600000000000002,0.08,0.187,0.17,0.136,0.5166666666666667,52.900000000000006,1.62,0.837,0.595679012345679,0.965
26.542353603048014,0.9257884972170687,0.089,0.253,0.075,0.183,0.185,0.12,0.5102040816326531,69.4,1.617,0.8250000000000001,0.5831787260358688,0.9430000000000001
27.304687499999996,0.92875,0.092,0.245,0.075,0.181,0.179,0.114,0.51125,69.9,1.6,0.8180000000000001,0.595,0.9520000000000001
23.9561279127738,0.9255725190839694,0.095,0.247,0.079,0.19,0.17200000000000001,0.117,0.5082697201017812,59.2,1.572,0.799,0.6119592875318066,0.962
20.27465397923875,0.9264705882352942,0.089,0.242,0.074,0.177,0.183,0.12,0.5098039215686274,54.0,1.6320000000000001,0.8320000000000001,0.6004901960784313,0.98
24.543958544868882,0.9284023668639053,0.09,0.246,0.079,0.188,0.166,0.121,0.5023668639053255,70.10000000000001,1.69,0.849,0.6,1.014
24.071055210022614,0.9233055885850179,0.094,0.25,0.083,0.195,0.182,0.129,0.5005945303210464,68.10000000000001,1.682,0.842,0.6105826397146255,1.027
31.467969867962,0.9263729631864815,0.094,0.254,0.083,0.196,0.191,0.122,0.5099577549788775,86.4,1.657,0.845,0.59987929993965,0.994
24.03791121998123,0.9258373205741627,0.094,0.246,0.074,0.187,0.17400000000000002,0.124,0.5161483253588517,67.2,1.672,0.863,0.6052631578947368,1.012
21.273834591559503,0.9235040098704503,0.085,0.226,0.074,0.177,0.178,0.124,0.5070943861813695,55.900000000000006,1.621,0.8220000000000001,0.6064157927205429,0.983
21.487178494295456,0.922365988909427,0.093,0.24,0.079,0.186,0.17200000000000001,0.126,0.5015403573629081,56.6,1.623,0.8140000000000001,0.5834873690696242,0.9470000000000001
21.937316274976197,0.9216166564605022,0.095,0.246,0.076,0.182,0.179,0.128,0.4984690753214942,58.5,1.633,0.8140000000000001,0.5927740355174526,0.968
26.968114069969374,0.9200524246395806,0.093,0.24,0.077,0.185,0.182,0.122,0.5209698558322412,62.800000000000004,1.526,0.795,0.5825688073394495,0.889
18.94600186620147,0.9248407643312102,0.091,0.23,0.075,0.17500000000000002,0.17,0.11800000000000001,0.5095541401273885,46.7,1.57,0.8,0.6146496815286624,0.965
22.93739584354475,0.9282178217821783,0.095,0.248,0.081,0.187,0.178,0.116,0.5210396039603961,59.900000000000006,1.616,0.842,0.6120049504950495,0.989
22.478204544658805,0.927810650887574,0.09,0.254,0.078,0.187,0.187,0.122,0.5118343195266272,64.2,1.69,0.865,0.6153846153846154,1.04
30.338435887570913,0.9205864386072083,0.089,0.23700000000000002,0.075,0.183,0.17200000000000001,0.13,0.483811850946854,81.30000000000001,1.637,0.792,0.5717776420281002,0.936
24.360296578987672,0.9284051222351571,0.088,0.263,0.08,0.192,0.2,0.123,0.5244470314318975,71.9,1.718,0.901,0.6123399301513388,1.052
21.73099251946272,0.924433249370277,0.085,0.233,0.07200000000000001,0.17400000000000002,0.17500000000000002,0.12,0.5,54.800000000000004,1.588,0.794,0.5957178841309824,0.9460000000000001
20.992036011080334,0.9243421052631579,0.08700000000000001,0.228,0.07200000000000001,0.17300000000000001,0.167,0.115,0.4993421052631579,48.5,1.52,0.759,0.6118421052631579,0.93
25.13441948658555,0.9276885043263288,0.093,0.261,0.075,0.178,0.182,0.117,0.5278121137206427,65.8,1.618,0.854,0.6199011124845488,1.0030000000000001
28.30655738506053,0.9221336603310852,0.098,0.261,0.082,0.198,0.18,0.127,0.5162477007970571,75.3,1.631,0.842,0.5947271612507664,0.97
23.589069507641224,0.9244823386114495,0.08600000000000001,0.245,0.077,0.183,0.176,0.124,0.5194884287454324,63.6,1.6420000000000001,0.853,0.6010962241169305,0.987
25.448728426534224,0.9284467713787086,0.096,0.273,0.075,0.179,0.2,0.123,0.5322862129144852,75.2,1.719,0.915,0.6114019778941245,1.051
25.66957645198854,0.9259475218658892,0.10200000000000001,0.279,0.084,0.2,0.20500000000000002,0.127,0.5446064139941691,75.5,1.715,0.934,0.6355685131195336,1.09
17.16434106314245,0.9340592861464004,0.093,0.246,0.077,0.178,0.182,0.109,0.52994555353902,46.900000000000006,1.653,0.876,0.6231094978826376,1.03
21.24124836833986,0.9226415094339623,0.085,0.232,0.075,0.183,0.167,0.123,0.5050314465408805,53.7,1.59,0.803,0.60062893081761,0.9550000000000001
24.722757755134452,0.9320388349514563,0.096,0.274,0.083,0.2,0.202,0.11900000000000001,0.5117075956596231,75.8,1.7510000000000001,0.896,0.6082238720731011,1.065
27.096172256632283,0.9222994314592545,0.091,0.248,0.079,0.188,0.186,0.123,0.5129500947567909,67.9,1.583,0.812,0.605811749842072,0.9590000000000001
25.83931497104977,0.9354640442532268,0.094,0.253,0.082,0.197,0.176,0.105,0.521819299323909,68.4,1.627,0.849,0.6097111247695144,0.992
26.914251274948356,0.9312736443883984,0.097,0.242,0.083,0.202,0.185,0.109,0.530264817150063,67.7,1.586,0.841,0.6040353089533418,0.9580000000000001
21.991534862998442,0.9247761194029851,0.088,0.23900000000000002,0.078,0.186,0.17400000000000002,0.126,0.5056716417910447,61.7,1.675,0.847,0.5940298507462687,0.995
27.798929605511088,0.9277708592777086,0.092,0.242,0.078,0.185,0.168,0.116,0.5031133250311333,71.7,1.606,0.808,0.5877957658779577,0.9440000000000001
22.746598639455787,0.9148809523809524,0.09,0.251,0.077,0.186,0.19,0.14300000000000002,0.5101190476190476,64.2,1.68,0.857,0.6160714285714286,1.035
23.540422245190037,0.9244218838127467,0.095,0.274,0.083,0.193,0.199,0.134,0.5380710659898477,74.0,1.7730000000000001,0.9540000000000001,0.6159052453468697,1.092
28.061224489795922,0.924404761904762,0.1,0.258,0.085,0.203,0.193,0.127,0.5244047619047619,79.2,1.68,0.881,0.6267857142857143,1.053
21.470607256030526,0.9221884498480243,0.091,0.248,0.078,0.187,0.179,0.128,0.5185410334346504,58.1,1.645,0.853,0.6066869300911855,0.998
29.950184644742194,0.923620025673941,0.093,0.244,0.08,0.194,0.17400000000000002,0.11900000000000001,0.4980744544287548,72.7,1.558,0.776,0.5885750962772786,0.917
25.39476413350287,0.9261261261261261,0.097,0.247,0.078,0.187,0.177,0.123,0.4918918918918919,70.4,1.665,0.8190000000000001,0.5855855855855856,0.975
25.475957601452247,0.9225484072454716,0.084,0.24,0.079,0.184,0.17200000000000001,0.124,0.5121798875702686,65.3,1.601,0.8200000000000001,0.6002498438475953,0.961
26.373572007490818,0.9312424607961399,0.10200000000000001,0.242,0.079,0.185,0.181,0.114,0.514475271411339,72.5,1.6580000000000001,0.853,0.6031363088057901,1.0
27.37147649184987,0.9242144177449169,0.09,0.242,0.081,0.188,0.17400000000000002,0.123,0.5015403573629081,72.10000000000001,1.623,0.8140000000000001,0.5914972273567468,0.96
20.334036385963934,0.9265502709211318,0.095,0.255,0.077,0.184,0.182,0.122,0.5117399157134257,56.1,1.661,0.85,0.6062612883804936,1.0070000000000001
23.864404337508994,0.9225847728726807,0.093,0.243,0.077,0.187,0.18,0.121,0.5067178502879078,58.300000000000004,1.563,0.792,0.6039667306461932,0.9440000000000001
25.480823516127817,0.9208588957055215,0.096,0.248,0.081,0.19,0.184,0.129,0.5,67.7,1.6300000000000001,0.8150000000000001,0.5950920245398773,0.97
24.67037636029714,0.9280104712041884,0.091,0.225,0.079,0.194,0.169,0.11,0.5,57.6,1.528,0.764,0.5844240837696335,0.893
20.458137855643134,0.9231699939503932,0.092,0.242,0.077,0.181,0.177,0.127,0.5015124016938899,55.900000000000006,1.653,0.8290000000000001,0.5946763460375075,0.983
20.471151423532376,0.9226190476190477,0.088,0.217,0.073,0.17300000000000001,0.157,0.117,0.5224867724867724,46.800000000000004,1.512,0.79,0.5992063492063492,0.906
21.36686914318855,0.9251074278698588,0.097,0.247,0.079,0.19,0.181,0.122,0.4953959484346225,56.7,1.629,0.807,0.6083486801718846,0.991
29.22699933169971,0.9283582089552239,0.092,0.249,0.079,0.184,0.181,0.12,0.5134328358208955,82.0,1.675,0.86,0.5862686567164179,0.982
29.589965080276155,0.9165554072096128,0.097,0.219,0.078,0.186,0.161,0.125,0.4766355140186916,66.4,1.498,0.714,0.5720961281708945,0.857
26.464376243952508,0.9200260078023407,0.095,0.23800000000000002,0.083,0.201,0.184,0.123,0.5429128738621587,62.6,1.538,0.835,0.5916775032509753,0.91
26.593480972629077,0.9221442246330568,0.092,0.23900000000000002,0.081,0.191,0.18,0.122,0.4958519463943842,65.3,1.567,0.777,0.6075303126994257,0.9520000000000001
21.320359163007794,0.9213836477987422,0.088,0.232,0.078,0.181,0.169,0.125,0.5113207547169811,53.900000000000006,1.59,0.8130000000000001,0.610691823899371,0.971
30.31124801915994,0.9256198347107438,0.093,0.234,0.083,0.2,0.187,0.117,0.4990464081373172,75.0,1.573,0.785,0.5982199618563255,0.9410000000000001
27.672684034158472,0.9253918495297806,0.097,0.247,0.08,0.188,0.181,0.11900000000000001,0.5184952978056426,70.4,1.595,0.8270000000000001,0.606269592476489,0.967
26.04066201149647,0.9217391304347826,0.092,0.254,0.077,0.187,0.18,0.126,0.5149068322981366,67.5,1.61,0.8290000000000001,0.5888198757763975,0.9480000000000001
26.13071481795262,0.9207667731629393,0.094,0.226,0.077,0.187,0.165,0.124,0.5130990415335464,64.0,1.565,0.803,0.610223642172524,0.9550000000000001
20.262734374090595,0.9251477347340775,0.085,0.227,0.073,0.176,0.163,0.114,0.479317137229153,47.0,1.5230000000000001,0.73,0.6001313197636244,0.914
20.36593776623798,0.9229299363057325,0.089,0.242,0.077,0.182,0.181,0.121,0.4859872611464968,50.2,1.57,0.763,0.6121019108280255,0.961
24.657846564587864,0.9280205655526992,0.09,0.228,0.08,0.192,0.17,0.112,0.5173521850899743,59.7,1.556,0.805,0.5976863753213367,0.93
25.265947564945417,0.9224515322076298,0.089,0.23700000000000002,0.079,0.183,0.17,0.124,0.49530956848030017,64.60000000000001,1.599,0.792,0.5928705440900562,0.9480000000000001
27.973418317040558,0.9193047796399751,0.095,0.243,0.083,0.193,0.18,0.13,0.5133457479826194,72.60000000000001,1.611,0.8270000000000001,0.6027312228429547,0.971
22.330267846431457,0.9286139202855443,0.097,0.249,0.08,0.192,0.19,0.12,0.49851279000594884,63.1,1.681,0.838,0.5925044616299822,0.996
25.117177004448248,0.917981072555205,0.085,0.246,0.07200000000000001,0.18,0.18,0.13,0.510410094637224,63.1,1.585,0.809,0.6,0.9510000000000001
25.335931417936916,0.9275092936802974,0.08700000000000001,0.248,0.08,0.194,0.18,0.117,0.5037174721189591,66.0,1.614,0.8130000000000001,0.5954151177199505,0.961
28.155684879005495,0.9169653524492234,0.097,0.268,0.08,0.191,0.196,0.139,0.529868578255675,78.9,1.674,0.887,0.6230585424133811,1.043
19.433401075754034,0.9274047186932849,0.08700000000000001,0.247,0.074,0.177,0.178,0.12,0.5444646098003629,53.1,1.653,0.9,0.6370235934664247,1.053
27.899839575922435,0.9177652228499686,0.08600000000000001,0.234,0.068,0.17,0.164,0.131,0.5084745762711864,70.8,1.593,0.81,0.5875706214689266,0.936
24.66004646347314,0.9214824120603015,0.09,0.252,0.078,0.188,0.178,0.125,0.5282663316582915,62.5,1.592,0.841,0.6055276381909548,0.964
26.006917075032636,0.9208410636982065,0.094,0.251,0.077,0.186,0.184,0.128,0.5170068027210885,68.0,1.617,0.836,0.5955473098330241,0.963
29.07021645429699,0.9263687853996224,0.088,0.229,0.07200000000000001,0.17400000000000002,0.164,0.117,0.5235997482693517,73.4,1.589,0.8320000000000001,0.5915670232850849,0.9400000000000001
26.97606540754836,0.9242329367564183,0.098,0.245,0.078,0.19,0.182,0.121,0.5128365685660614,68.8,1.597,0.8190000000000001,0.6123982467125861,0.978
29.134254808192555,0.9240282685512368,0.10200000000000001,0.256,0.083,0.197,0.183,0.129,0.5,84.0,1.698,0.849,0.5859835100117785,0.995
24.683718398068645,0.9246448424953675,0.089,0.245,0.079,0.193,0.166,0.122,0.49598517603458925,64.7,1.619,0.803,0.5997529339098209,0.971
20.28515650847981,0.9272399278412508,0.092,0.246,0.084,0.197,0.177,0.121,0.4936861094407697,56.1,1.663,0.8210000000000001,0.5923030667468431,0.985
28.496810683473708,0.9215442092154421,0.097,0.249,0.084,0.202,0.186,0.126,0.5161892901618929,73.5,1.606,0.8290000000000001,0.5896637608966376,0.9470000000000001
28.31339099788673,0.9216904909881914,0.097,0.229,0.077,0.183,0.158,0.126,0.5114978247358608,73.3,1.609,0.8230000000000001,0.5761342448725917,0.927
21.03311899252403,0.9321933962264151,0.091,0.253,0.077,0.187,0.185,0.115,0.5300707547169812,60.5,1.696,0.899,0.6061320754716981,1.028
24.32017203321691,0.9251305861868834,0.097,0.249,0.08,0.19,0.182,0.129,0.5031921067904818,72.2,1.723,0.867,0.5931514799767846,1.022
29.716865040922876,0.9342105263157895,0.099,0.276,0.08,0.191,0.20600000000000002,0.115,0.5257437070938215,90.80000000000001,1.748,0.919,0.6001144164759725,1.049
26.45295463840377,0.9274336283185841,0.098,0.253,0.081,0.194,0.184,0.123,0.5292035398230088,76.0,1.695,0.897,0.6064896755162242,1.028
22.313012536525587,0.9308252427184466,0.088,0.229,0.078,0.192,0.17200000000000001,0.114,0.5,60.6,1.6480000000000001,0.8240000000000001,0.5910194174757282,0.974
22.982134498831044,0.9278024065864471,0.091,0.233,0.079,0.19,0.176,0.114,0.5003166561114629,57.300000000000004,1.579,0.79,0.5851804939835339,0.924
23.90246207270875,0.923755513547574,0.085,0.244,0.077,0.182,0.167,0.121,0.5229993698802773,60.2,1.587,0.8300000000000001,0.6086956521739131,0.966
26.00263679952239,0.9189526184538653,0.094,0.248,0.078,0.194,0.18,0.13,0.5280548628428927,66.9,1.604,0.847,0.6066084788029925,0.973
32.2617176387536,0.925764192139738,0.088,0.23900000000000002,0.077,0.189,0.178,0.11900000000000001,0.5333749220212103,82.9,1.603,0.855,0.5733000623830318,0.919
26.100805747226833,0.9240654205607477,0.097,0.244,0.08600000000000001,0.20400000000000001,0.179,0.13,0.5216121495327103,76.5,1.712,0.893,0.6004672897196262,1.028
25.31708612789694,0.9244471744471745,0.10200000000000001,0.25,0.079,0.189,0.181,0.123,0.5098280098280098,67.10000000000001,1.6280000000000001,0.8300000000000001,0.5866093366093366,0.9550000000000001
25.493421052631582,0.9223684210526316,0.091,0.232,0.079,0.187,0.176,0.11800000000000001,0.5171052631578947,58.900000000000006,1.52,0.786,0.594078947368421,0.903
22.865853658536583,0.9304878048780488,0.08700000000000001,0.241,0.081,0.193,0.178,0.114,0.5134146341463415,61.5,1.6400000000000001,0.842,0.6054878048780488,0.993
20.2568988334477,0.9170792079207921,0.088,0.247,0.078,0.189,0.17400000000000002,0.134,0.510519801980198,52.900000000000006,1.616,0.8250000000000001,0.6033415841584159,0.975
29.867525008322005,0.9269596199524941,0.09,0.254,0.076,0.186,0.179,0.123,0.5249406175771971,84.7,1.684,0.884,0.6051068883610451,1.0190000000000001
21.91820317806591,0.9254093389933293,0.089,0.255,0.078,0.186,0.181,0.123,0.5178896300788357,59.6,1.649,0.854,0.6100667070952093,1.006
23.68143983154176,0.9272510435301133,0.099,0.259,0.079,0.189,0.185,0.122,0.5175909361955874,66.60000000000001,1.677,0.868,0.6207513416815742,1.041
24.740073685894025,0.9207501512401693,0.094,0.242,0.078,0.186,0.17300000000000001,0.131,0.5420447670901392,67.60000000000001,1.653,0.896,0.6007259528130672,0.993
24.52438349874247,0.9230769230769231,0.092,0.23900000000000002,0.079,0.189,0.183,0.126,0.5238095238095238,65.8,1.6380000000000001,0.858,0.5964590964590964,0.977
21.998172232401092,0.9325637910085055,0.093,0.24,0.075,0.184,0.171,0.111,0.5273390036452005,59.6,1.6460000000000001,0.868,0.6032806804374241,0.993
28.04100930847056,0.9252625077208153,0.094,0.23900000000000002,0.082,0.195,0.17300000000000001,0.121,0.506485484867202,73.5,1.619,0.8200000000000001,0.5781346510191476,0.936
23.751548549703106,0.9202614379084967,0.09,0.233,0.079,0.188,0.17500000000000002,0.122,0.5189542483660131,55.6,1.53,0.794,0.5888888888888889,0.901
21.832115314041943,0.9263880224578914,0.09,0.247,0.077,0.182,0.165,0.11800000000000001,0.527760449157829,56.1,1.603,0.846,0.6076107298814722,0.974
19.841269841269845,0.9273809523809524,0.094,0.259,0.082,0.193,0.187,0.122,0.530952380952381,56.0,1.68,0.892,0.5982142857142857,1.0050000000000001
33.93853812571988,0.9194756554307116,0.097,0.257,0.075,0.185,0.18,0.129,0.5087390761548065,87.10000000000001,1.602,0.8150000000000001,0.5942571785268415,0.9520000000000001
35.15124827527248,0.9198341395991707,0.093,0.21,0.077,0.182,0.157,0.116,0.5003455425017277,73.60000000000001,1.447,0.724,0.572218382861092,0.8280000000000001
23.157163855633783,0.9293177627535341,0.1,0.257,0.08,0.187,0.185,0.115,0.5242778119237861,61.300000000000004,1.627,0.853,0.6103257529194838,0.993
19.87534811377043,0.918444165621079,0.088,0.229,0.079,0.193,0.17400000000000002,0.13,0.5018820577164367,50.5,1.594,0.8,0.6003764115432874,0.9570000000000001
28.88384133330339,0.9182464454976303,0.094,0.253,0.079,0.195,0.184,0.138,0.5124407582938388,82.30000000000001,1.688,0.865,0.5941943127962085,1.0030000000000001
23.441329194399657,0.9198448610213316,0.085,0.232,0.076,0.183,0.169,0.124,0.5048480930833872,56.1,1.547,0.781,0.590174531351002,0.913
28.6949396816384,0.9210363972856261,0.09,0.251,0.078,0.193,0.186,0.128,0.5089450956199877,75.4,1.621,0.8250000000000001,0.5879086983343615,0.9530000000000001
22.45680473372781,0.9243076923076923,0.088,0.245,0.08,0.188,0.179,0.123,0.5070769230769231,59.300000000000004,1.625,0.8240000000000001,0.6024615384615385,0.979
27.250531189311207,0.9279899812147777,0.093,0.223,0.077,0.182,0.166,0.115,0.5372573575453976,69.5,1.597,0.858,0.593613024420789,0.9480000000000001
31.95132177163065,0.9138576779026217,0.097,0.253,0.083,0.195,0.181,0.138,0.521223470661673,82.0,1.602,0.835,0.6042446941323346,0.968
22.380072752510944,0.9169764560099133,0.089,0.234,0.078,0.187,0.17400000000000002,0.134,0.5210656753407683,58.300000000000004,1.614,0.841,0.6047087980173482,0.976
30.282592545413188,0.9254159495123351,0.101,0.244,0.083,0.197,0.17500000000000002,0.13,0.5140562248995983,92.0,1.743,0.896,0.5926563396442914,1.033
32.72871475777055,0.9120399251403618,0.094,0.23700000000000002,0.079,0.193,0.17400000000000002,0.14100000000000001,0.49719276356830944,84.10000000000001,1.603,0.797,0.5839051777916406,0.936
33.8999974232781,0.9124365482233503,0.097,0.24,0.073,0.183,0.179,0.138,0.5057106598984772,84.2,1.576,0.797,0.5640862944162437,0.889
25.17968182801438,0.9215565163681285,0.093,0.243,0.07200000000000001,0.177,0.183,0.127,0.5083384805435454,66.0,1.619,0.8230000000000001,0.6003705991352687,0.972
29.12385308576325,0.9179019384264538,0.10200000000000001,0.277,0.084,0.201,0.201,0.14400000000000002,0.5285062713797035,89.60000000000001,1.754,0.927,0.5838084378563284,1.024
28.82889298762857,0.9274429490930368,0.1,0.266,0.083,0.197,0.20600000000000002,0.124,0.5295494441193681,84.2,1.709,0.905,0.6120538326506729,1.046
26.401951432282427,0.9189491335941867,0.09,0.264,0.079,0.196,0.199,0.145,0.553381777529346,84.5,1.7890000000000001,0.99,0.6299608719955282,1.127
23.664231553711655,0.921865154379332,0.093,0.233,0.078,0.191,0.18,0.124,0.516698172652804,59.6,1.587,0.8200000000000001,0.591052299936988,0.9380000000000001
24.174543011536667,0.9229401304090101,0.092,0.254,0.079,0.194,0.184,0.13,0.5139300533491404,68.8,1.687,0.867,0.6046235921754594,1.02
24.889754619484346,0.9267267267267267,0.08600000000000001,0.249,0.07200000000000001,0.178,0.17500000000000002,0.122,0.5399399399399399,69.0,1.665,0.899,0.6294294294294295,1.048
30.23041802444218,0.9211697393515575,0.1,0.266,0.08,0.197,0.184,0.124,0.5295613477431659,74.8,1.573,0.833,0.5988556897647807,0.9420000000000001
25.55089782711363,0.9268440145102781,0.096,0.251,0.079,0.193,0.178,0.121,0.5,69.9,1.6540000000000001,0.8270000000000001,0.601571946795647,0.995
27.609916235270052,0.9165613147914032,0.094,0.23600000000000002,0.083,0.2,0.166,0.132,0.5126422250316056,69.10000000000001,1.582,0.811,0.584070796460177,0.924
22.816830435878057,0.9117460317460317,0.091,0.225,0.081,0.193,0.17500000000000002,0.139,0.506031746031746,56.6,1.575,0.797,0.5917460317460318,0.932
27.304687499999996,0.924375,0.095,0.23900000000000002,0.081,0.189,0.178,0.121,0.521875,69.9,1.6,0.835,0.603125,0.965
18.652433425160698,0.9292929292929293,0.084,0.229,0.075,0.185,0.164,0.112,0.5265151515151515,46.800000000000004,1.584,0.834,0.5902777777777778,0.935
29.75097879022589,0.9153094462540716,0.09,0.233,0.073,0.18,0.167,0.13,0.5166123778501629,70.10000000000001,1.5350000000000001,0.793,0.5980456026058631,0.918
32.7862521570162,0.9202762084118016,0.09,0.241,0.074,0.182,0.171,0.127,0.504708097928437,83.2,1.593,0.804,0.5743879472693032,0.915
31.485831974201574,0.9267214150347441,0.096,0.251,0.075,0.185,0.171,0.116,0.5123183828174352,78.9,1.583,0.811,0.5735944409349337,0.908
22.895472884334545,0.9203980099502488,0.094,0.248,0.082,0.188,0.184,0.128,0.4944029850746269,59.2,1.608,0.795,0.5783582089552238,0.93
21.080652842145685,0.9242333132892363,0.095,0.23900000000000002,0.076,0.187,0.184,0.126,0.523752254960914,58.300000000000004,1.663,0.871,0.5971136500300661,0.993
28.81553845078241,0.9173399627097576,0.09,0.23900000000000002,0.077,0.186,0.178,0.133,0.49223119950279676,74.60000000000001,1.609,0.792,0.5742697327532629,0.924
18.696741044457617,0.9259748843357568,0.084,0.229,0.07200000000000001,0.17400000000000002,0.164,0.112,0.5161929940515532,42.800000000000004,1.5130000000000001,0.781,0.6206212822207535,0.9390000000000001
29.37716282042805,0.9272300469483568,0.094,0.264,0.08,0.197,0.193,0.124,0.5293427230046949,85.30000000000001,1.704,0.902,0.6132629107981221,1.045
22.761052822096325,0.9262295081967213,0.1,0.249,0.084,0.198,0.181,0.126,0.5169789227166276,66.4,1.708,0.883,0.594847775175644,1.016
25.44051328991251,0.9163346613545816,0.09,0.222,0.077,0.182,0.169,0.126,0.5185922974767596,57.7,1.506,0.781,0.5909694555112882,0.89
22.546888549333193,0.9096651926721415,0.093,0.232,0.076,0.181,0.164,0.14300000000000002,0.5116866708780796,56.5,1.583,0.81,0.5906506632975363,0.935
23.82890446111133,0.9231658001155402,0.099,0.252,0.077,0.194,0.187,0.133,0.5014442518775274,71.4,1.731,0.868,0.5973425765453495,1.034
27.3553513995924,0.9251048532055123,0.101,0.256,0.076,0.19,0.191,0.125,0.5470341521869383,76.2,1.669,0.913,0.6231276213301378,1.04
20.67221891731112,0.9225609756097561,0.09,0.244,0.077,0.18,0.176,0.127,0.5207317073170732,55.6,1.6400000000000001,0.854,0.5914634146341463,0.97
21.56225245208164,0.9231246125232486,0.089,0.244,0.07200000000000001,0.178,0.184,0.124,0.5176689398636082,56.1,1.613,0.835,0.597024178549287,0.963
23.83254015466984,0.9237804878048781,0.099,0.248,0.081,0.2,0.184,0.125,0.525609756097561,64.10000000000001,1.6400000000000001,0.862,0.5945121951219512,0.975
30.64538132896137,0.9184060721062619,0.096,0.253,0.077,0.191,0.185,0.129,0.5205566097406704,76.60000000000001,1.581,0.8230000000000001,0.5793801391524351,0.916
25.35306490384615,0.9242788461538461,0.094,0.26,0.08,0.197,0.187,0.126,0.5444711538461539,70.2,1.6640000000000001,0.906,0.6087740384615384,1.0130000000000001
22.99327334042668,0.9282970550576184,0.088,0.23800000000000002,0.073,0.187,0.17,0.112,0.5096030729833547,56.1,1.562,0.796,0.586427656850192,0.916
27.38354909681501,0.9204413472706156,0.093,0.265,0.074,0.182,0.187,0.137,0.5331010452961672,81.2,1.722,0.918,0.5934959349593496,1.022
29.63906567853428,0.9168797953964194,0.097,0.224,0.08,0.196,0.165,0.13,0.4929667519181586,72.5,1.564,0.771,0.5754475703324808,0.9
27.16916687690427,0.9225928256765261,0.091,0.246,0.081,0.199,0.178,0.123,0.512271869100063,68.60000000000001,1.589,0.8140000000000001,0.5928256765261171,0.9420000000000001
28.870299554353803,0.9262157629960872,0.1,0.258,0.08600000000000001,0.20500000000000002,0.201,0.132,0.5254332029066517,92.4,1.7890000000000001,0.9400000000000001,0.6137506987143656,1.098
25.602707853765992,0.9222636815920398,0.092,0.242,0.079,0.194,0.17400000000000002,0.125,0.5006218905472637,66.2,1.608,0.805,0.5752487562189055,0.925
22.090977879541278,0.9247648902821317,0.08700000000000001,0.227,0.077,0.182,0.177,0.12,0.5266457680250783,56.2,1.595,0.84,0.593103448275862,0.9460000000000001
22.30924409635695,0.9144654088050315,0.093,0.242,0.078,0.193,0.176,0.136,0.5333333333333333,56.400000000000006,1.59,0.848,0.610691823899371,0.971
26.32401108591585,0.9111111111111111,0.089,0.234,0.078,0.186,0.17,0.14,0.4838095238095238,65.3,1.575,0.762,0.5733333333333334,0.903
28.66767911283033,0.9116309291747888,0.08700000000000001,0.233,0.074,0.18,0.178,0.136,0.5399610136452242,67.9,1.539,0.8310000000000001,0.6010396361273554,0.925
28.402070975203564,0.9238210399032648,0.093,0.253,0.077,0.193,0.177,0.126,0.5495767835550182,77.7,1.6540000000000001,0.909,0.6088270858524788,1.0070000000000001
24.201058719733357,0.9232673267326733,0.088,0.24,0.076,0.181,0.176,0.124,0.5253712871287128,63.2,1.616,0.849,0.6033415841584159,0.975
25.726050412724096,0.9270959902794653,0.099,0.26,0.081,0.19,0.188,0.12,0.5443499392466585,69.7,1.6460000000000001,0.896,0.6227217496962333,1.025
28.418764897942832,0.9257105943152455,0.094,0.255,0.076,0.184,0.178,0.115,0.5322997416020672,68.10000000000001,1.548,0.8240000000000001,0.6065891472868217,0.9390000000000001
21.79991578348324,0.9214594928880643,0.088,0.243,0.076,0.184,0.176,0.127,0.5058750773036488,57.0,1.617,0.8180000000000001,0.603586889301175,0.976
31.821879815364472,0.91683038637852,0.08700000000000001,0.23500000000000001,0.075,0.17500000000000002,0.165,0.127,0.5042567125081859,74.2,1.5270000000000001,0.77,0.5985592665356909,0.914
21.55607011981003,0.9322444041137327,0.093,0.242,0.081,0.193,0.18,0.112,0.5257108287961283,58.900000000000006,1.653,0.869,0.6055656382335148,1.0010000000000001
29.078378248442558,0.9209215442092155,0.088,0.23900000000000002,0.077,0.192,0.17400000000000002,0.127,0.5361145703611457,75.0,1.606,0.861,0.5927770859277709,0.9520000000000001
25.743944636678204,0.9241176470588235,0.097,0.265,0.08,0.201,0.194,0.129,0.5376470588235294,74.4,1.7,0.914,0.6223529411764706,1.058
29.153121494471282,0.9252392344497608,0.094,0.243,0.074,0.183,0.171,0.125,0.5143540669856459,81.5,1.672,0.86,0.5998803827751196,1.0030000000000001
25.619695216049386,0.9207175925925926,0.095,0.268,0.083,0.2,0.201,0.137,0.5231481481481481,76.5,1.728,0.904,0.5908564814814815,1.0210000000000001
29.40623234337092,0.9177101967799642,0.1,0.259,0.082,0.194,0.187,0.138,0.5253428741800835,82.7,1.677,0.881,0.5802027429934407,0.973
24.74953965232047,0.9301675977653632,0.094,0.269,0.084,0.2,0.194,0.125,0.511731843575419,79.30000000000001,1.79,0.916,0.588268156424581,1.053
27.227778705950733,0.920876445526476,0.08700000000000001,0.248,0.078,0.189,0.17500000000000002,0.13,0.5088253195374315,73.5,1.643,0.836,0.5879488740109555,0.966
24.71048872564024,0.9185606060606061,0.089,0.23600000000000002,0.076,0.176,0.165,0.129,0.5227272727272727,62.0,1.584,0.8280000000000001,0.6016414141414141,0.9530000000000001
26.29805230798332,0.9090334807327859,0.088,0.23800000000000002,0.077,0.187,0.176,0.14400000000000002,0.5186355022109918,65.9,1.583,0.8210000000000001,0.5830701200252685,0.923
26.21207614515169,0.926829268292683,0.091,0.245,0.079,0.187,0.171,0.12,0.5414634146341464,70.5,1.6400000000000001,0.888,0.6115853658536585,1.0030000000000001
20.206209905223446,0.9295774647887324,0.097,0.23500000000000001,0.074,0.18,0.166,0.11,0.5179257362355953,49.300000000000004,1.562,0.809,0.6088348271446863,0.9510000000000001
23.617998163452704,0.923030303030303,0.092,0.265,0.078,0.188,0.2,0.127,0.5303030303030303,64.3,1.6500000000000001,0.875,0.6139393939393939,1.0130000000000001
23.84828117342295,0.9208937198067633,0.091,0.246,0.08,0.191,0.179,0.131,0.49818840579710144,65.4,1.6560000000000001,0.8250000000000001,0.5948067632850241,0.985
24.835290834526436,0.9187192118226601,0.08600000000000001,0.252,0.076,0.187,0.182,0.132,0.4963054187192118,65.5,1.624,0.806,0.5726600985221675,0.93
32.17850348155619,0.923973022685469,0.096,0.247,0.082,0.192,0.183,0.124,0.5033721643163703,85.60000000000001,1.631,0.8210000000000001,0.5634580012262416,0.919
21.48764545385001,0.9282798833819242,0.09,0.254,0.078,0.19,0.19,0.123,0.5370262390670554,63.2,1.715,0.921,0.6256559766763848,1.073
25.092460683637896,0.925326695706285,0.093,0.23800000000000002,0.077,0.187,0.183,0.12,0.5034225264467953,64.8,1.607,0.809,0.6067205973864344,0.975
23.593749999999996,0.91875,0.089,0.226,0.08,0.187,0.17400000000000002,0.13,0.51125,60.400000000000006,1.6,0.8180000000000001,0.6025,0.964
28.443611755234215,0.9191597708465945,0.095,0.233,0.076,0.187,0.17200000000000001,0.127,0.49840865690642905,70.2,1.571,0.783,0.5868873329089752,0.922
25.645925119346956,0.9176543980037429,0.088,0.23800000000000002,0.073,0.178,0.177,0.132,0.5109170305676856,65.9,1.603,0.8190000000000001,0.6150966936993137,0.986
30.154869307388413,0.9205753595997499,0.097,0.23500000000000001,0.077,0.182,0.17500000000000002,0.127,0.5028142589118199,77.10000000000001,1.599,0.804,0.5916197623514696,0.9460000000000001
20.417673912603004,0.9282147315855181,0.082,0.227,0.068,0.167,0.171,0.115,0.5162297128589264,52.400000000000006,1.602,0.8270000000000001,0.5973782771535581,0.9570000000000001
25.406466372223644,0.9220462850182704,0.091,0.249,0.081,0.19,0.188,0.128,0.5456760048721072,68.5,1.6420000000000001,0.896,0.6242387332521315,1.025
34.577429472413705,0.9300291545189504,0.095,0.248,0.078,0.189,0.18,0.12,0.5224489795918368,101.7,1.715,0.896,0.5912536443148688,1.014
18.240000958817298,0.9290085679314566,0.093,0.244,0.078,0.185,0.18,0.116,0.49877600979192166,48.7,1.6340000000000001,0.8150000000000001,0.5979192166462668,0.977
30.011119411111906,0.9269764634882317,0.095,0.253,0.08,0.197,0.176,0.121,0.5262522631261316,82.4,1.657,0.872,0.5980687990343995,0.991
27.384037678015154,0.9255842558425584,0.088,0.241,0.081,0.192,0.18,0.121,0.5141451414514145,72.4,1.6260000000000001,0.836,0.5953259532595326,0.968
26.151869032118057,0.9127604166666666,0.09,0.23700000000000002,0.079,0.191,0.17300000000000001,0.134,0.4993489583333333,61.7,1.536,0.767,0.5813802083333334,0.893
24.13981112678812,0.9234393404004712,0.093,0.23800000000000002,0.081,0.191,0.17500000000000002,0.13,0.5117785630153121,69.60000000000001,1.698,0.869,0.6001177856301532,1.0190000000000001
27.591473245431462,0.9249394673123487,0.105,0.253,0.08600000000000001,0.202,0.182,0.124,0.5078692493946732,75.3,1.6520000000000001,0.839,0.5920096852300242,0.978
30.246740191290407,0.9242706393544382,0.09,0.23600000000000002,0.079,0.19,0.166,0.122,0.5170701427684667,78.5,1.611,0.833,0.585350713842334,0.9430000000000001
26.095094122305007,0.9297052154195011,0.097,0.257,0.08700000000000001,0.2,0.184,0.124,0.5215419501133787,81.2,1.764,0.92,0.6054421768707483,1.068
19.281258298892098,0.9230769230769231,0.082,0.23,0.075,0.178,0.17400000000000002,0.122,0.5031525851197982,48.5,1.586,0.798,0.5964691046658259,0.9460000000000001
23.47636423322643,0.9195979899497487,0.08700000000000001,0.234,0.075,0.177,0.167,0.128,0.5144472361809045,59.5,1.592,0.8190000000000001,0.6011306532663316,0.9570000000000001
23.303240662013575,0.925364758698092,0.098,0.269,0.081,0.199,0.194,0.133,0.5375982042648709,74.0,1.782,0.9580000000000001,0.6161616161616161,1.098
27.388676513335785,0.9180327868852459,0.101,0.268,0.084,0.20600000000000002,0.195,0.14,0.5163934426229508,79.9,1.708,0.882,0.5895784543325527,1.0070000000000001
23.691460055096414,0.9254545454545454,0.091,0.249,0.079,0.189,0.17500000000000002,0.123,0.509090909090909,64.5,1.6500000000000001,0.84,0.6054545454545455,0.999
27.900239518745877,0.9199751861042184,0.093,0.242,0.079,0.191,0.171,0.129,0.5080645161290323,72.5,1.612,0.8190000000000001,0.5986352357320099,0.965
21.77384235738133,0.9216867469879518,0.095,0.246,0.08,0.197,0.184,0.13,0.5150602409638554,60.0,1.6600000000000001,0.855,0.5981927710843373,0.993
23.740965714653942,0.9226519337016574,0.094,0.253,0.076,0.183,0.176,0.126,0.5095150399017803,63.0,1.629,0.8300000000000001,0.6034376918354819,0.983
28.68004064887651,0.9196319018404908,0.1,0.245,0.078,0.188,0.18,0.131,0.4840490797546012,76.2,1.6300000000000001,0.789,0.5840490797546012,0.9520000000000001
22.909439577834327,0.9271371199082042,0.093,0.254,0.084,0.20400000000000001,0.188,0.127,0.5094664371772806,69.60000000000001,1.743,0.888,0.6024096385542169,1.05
28.708362345859264,0.9259478672985783,0.098,0.26,0.085,0.2,0.182,0.125,0.5035545023696683,81.80000000000001,1.688,0.85,0.5977488151658767,1.0090000000000001
20.34930299631469,0.9240506329113924,0.095,0.247,0.083,0.19,0.17500000000000002,0.12,0.5259493670886076,50.800000000000004,1.58,0.8310000000000001,0.5974683544303797,0.9440000000000001
25.654874426140964,0.924223602484472,0.083,0.219,0.073,0.18,0.168,0.122,0.5105590062111801,66.5,1.61,0.8220000000000001,0.598136645962733,0.963
16.521170227529556,0.9196658097686375,0.084,0.228,0.074,0.17500000000000002,0.17,0.125,0.5077120822622108,40.0,1.556,0.79,0.5919023136246787,0.921
29.29673894655137,0.922397476340694,0.093,0.23,0.08,0.187,0.17,0.123,0.5003154574132492,73.60000000000001,1.585,0.793,0.5873817034700315,0.931
27.12007678151608,0.9258160237388724,0.094,0.23800000000000002,0.082,0.202,0.18,0.125,0.49970326409495547,77.0,1.685,0.842,0.6083086053412463,1.025
24.857326835180928,0.9183417085427136,0.094,0.233,0.074,0.178,0.17,0.13,0.4748743718592965,63.0,1.592,0.756,0.589824120603015,0.9390000000000001
26.394247510755402,0.9287396937573617,0.094,0.23800000000000002,0.081,0.193,0.183,0.121,0.5276796230859835,76.10000000000001,1.698,0.896,0.598939929328622,1.0170000000000001
25.405905363370717,0.929004854368932,0.09,0.23700000000000002,0.077,0.191,0.177,0.117,0.5030339805825242,69.0,1.6480000000000001,0.8290000000000001,0.6037621359223301,0.995
23.099017384731674,0.9212698412698412,0.1,0.244,0.077,0.192,0.177,0.124,0.5028571428571429,57.300000000000004,1.575,0.792,0.5917460317460318,0.932
24.041421381824527,0.9207240948813983,0.098,0.24,0.077,0.192,0.177,0.127,0.49563046192259674,61.7,1.602,0.794,0.6073657927590512,0.973
23.80130968232252,0.9275014979029359,0.093,0.268,0.08,0.197,0.195,0.121,0.5122828040742959,66.3,1.669,0.855,0.6195326542840024,1.034
31.719151911974503,0.918142944410507,0.095,0.246,0.079,0.194,0.183,0.134,0.48869883934025654,85.0,1.637,0.8,0.5846059865607819,0.9570000000000001
21.042680578411122,0.9248520710059172,0.097,0.258,0.081,0.195,0.189,0.127,0.5159763313609468,60.1,1.69,0.872,0.6071005917159763,1.026
23.65563748150887,0.9242788461538461,0.089,0.227,0.074,0.178,0.176,0.126,0.4921875,65.5,1.6640000000000001,0.8190000000000001,0.6111778846153846,1.0170000000000001
24.48616668376595,0.9280701754385965,0.097,0.257,0.084,0.202,0.192,0.123,0.5087719298245614,71.60000000000001,1.71,0.87,0.5935672514619883,1.0150000000000001
23.98697244364043,0.918546365914787,0.089,0.251,0.08,0.191,0.17500000000000002,0.13,0.5194235588972431,61.1,1.596,0.8290000000000001,0.6296992481203008,1.0050000000000001
36.46526173306261,0.9245169082125604,0.101,0.258,0.078,0.192,0.187,0.125,0.5024154589371981,100.0,1.6560000000000001,0.8320000000000001,0.6038647342995169,1.0
31.446340854481758,0.9287515762925599,0.093,0.23900000000000002,0.079,0.187,0.176,0.113,0.5176544766708702,79.10000000000001,1.586,0.8210000000000001,0.6273644388398487,0.995
24.740073685894025,0.9237749546279492,0.089,0.245,0.081,0.192,0.17500000000000002,0.126,0.499697519661222,67.60000000000001,1.653,0.8260000000000001,0.5856019358741682,0.968
26.82208008130715,0.9151113786875377,0.092,0.233,0.076,0.182,0.17,0.14100000000000001,0.49367850692354004,74.0,1.661,0.8200000000000001,0.5984346779048766,0.994
22.415856645898813,0.9163879598662207,0.089,0.233,0.073,0.177,0.171,0.125,0.49966555183946487,50.1,1.495,0.747,0.5892976588628762,0.881
22.01231564685646,0.9252908756889161,0.09,0.23900000000000002,0.075,0.181,0.167,0.122,0.5260257195345989,58.7,1.633,0.859,0.6025719534598898,0.984
25.502875669084066,0.9255447941888619,0.084,0.229,0.079,0.193,0.177,0.123,0.5108958837772397,69.60000000000001,1.6520000000000001,0.844,0.5986682808716707,0.989
23.515869875189228,0.9210526315789473,0.09,0.227,0.075,0.182,0.18,0.126,0.5263157894736842,59.900000000000006,1.596,0.84,0.6015037593984962,0.96
27.505546158488386,0.928862973760933,0.093,0.254,0.081,0.189,0.186,0.122,0.5102040816326531,80.9,1.715,0.875,0.5947521865889213,1.02
26.512561840214044,0.9269141531322506,0.099,0.274,0.08,0.194,0.187,0.126,0.5168213457076566,78.80000000000001,1.724,0.891,0.617169373549884,1.064
26.294249477331682,0.9276278001148766,0.094,0.263,0.078,0.187,0.185,0.126,0.5140723721998851,79.7,1.741,0.895,0.6117174037909248,1.065
25.601875732064357,0.9256004686584651,0.095,0.267,0.076,0.194,0.19,0.127,0.5002929115407148,74.60000000000001,1.707,0.854,0.6133567662565905,1.047
26.09441382072997,0.9233966745843231,0.093,0.25,0.075,0.183,0.182,0.129,0.49524940617577196,74.0,1.684,0.834,0.5967933491686461,1.0050000000000001
22.62069272591671,0.9224464060529635,0.089,0.246,0.078,0.185,0.17500000000000002,0.123,0.5031525851197982,56.900000000000006,1.586,0.798,0.605296343001261,0.96
31.942098877171652,0.9174425822470516,0.097,0.247,0.081,0.2,0.182,0.133,0.47113594040968343,82.9,1.611,0.759,0.5834885164494104,0.9400000000000001
28.010552338990248,0.9246079613992763,0.093,0.23700000000000002,0.077,0.188,0.177,0.125,0.5132689987937273,77.0,1.6580000000000001,0.851,0.5989143546441495,0.993
26.831691693501337,0.9234907352062164,0.09,0.251,0.078,0.188,0.179,0.128,0.5457262402869097,75.10000000000001,1.673,0.913,0.6060968320382546,1.014
28.37626480257908,0.9293785310734464,0.098,0.271,0.082,0.194,0.198,0.125,0.5175141242937853,88.9,1.77,0.916,0.584180790960452,1.034
26.680379547571803,0.9256670902160101,0.092,0.23500000000000001,0.08,0.186,0.17500000000000002,0.117,0.5044472681067345,66.10000000000001,1.574,0.794,0.5921219822109276,0.932
28.627527645793844,0.9259475218658892,0.10300000000000001,0.277,0.088,0.212,0.197,0.127,0.5206997084548105,84.2,1.715,0.893,0.6163265306122448,1.057
23.99355012093523,0.9101639344262296,0.093,0.234,0.076,0.179,0.17400000000000002,0.137,0.49311475409836064,55.800000000000004,1.5250000000000001,0.752,0.580983606557377,0.886
36.10651974288338,0.9224242424242424,0.099,0.25,0.079,0.193,0.178,0.128,0.5109090909090909,98.30000000000001,1.6500000000000001,0.843,0.5806060606060606,0.9580000000000001
22.646758402264847,0.9238776837996097,0.096,0.221,0.074,0.17300000000000001,0.165,0.117,0.49642160052049444,53.5,1.537,0.763,0.5836044242029929,0.897
23.631104227405245,0.9170918367346939,0.093,0.232,0.076,0.19,0.178,0.13,0.5159438775510204,58.1,1.568,0.809,0.6020408163265306,0.9440000000000001
27.784988063422897,0.9247928616953474,0.099,0.25,0.085,0.193,0.181,0.11800000000000001,0.5181644359464627,68.4,1.569,0.8130000000000001,0.591459528362014,0.928
24.764980336605614,0.9269433080070134,0.1,0.269,0.085,0.20400000000000001,0.19,0.125,0.4973699590882525,72.5,1.711,0.851,0.5844535359438925,1.0
28.17980427506616,0.9212934716290421,0.096,0.244,0.073,0.188,0.17200000000000001,0.129,0.49542403904820015,75.7,1.639,0.812,0.588163514338011,0.964
27.319715964404605,0.924908424908425,0.094,0.245,0.08,0.188,0.18,0.123,0.5146520146520146,73.3,1.6380000000000001,0.843,0.5897435897435898,0.966
22.830931761458274,0.9242596810933941,0.094,0.251,0.082,0.187,0.188,0.133,0.5034168564920274,70.4,1.756,0.884,0.5928246013667426,1.041
22.53694148493233,0.9196538936959209,0.09,0.254,0.078,0.193,0.17200000000000001,0.13,0.5173053152039555,59.0,1.618,0.837,0.6100123609394313,0.987
27.421778146320634,0.9197707736389685,0.099,0.265,0.084,0.20400000000000001,0.2,0.14,0.5283667621776504,83.5,1.745,0.922,0.5959885386819485,1.04
25.794543012095815,0.9209687699171447,0.08700000000000001,0.217,0.075,0.181,0.166,0.124,0.4805608667941364,63.5,1.569,0.754,0.5889101338432122,0.924
19.62458809930473,0.9220623501199041,0.092,0.252,0.076,0.184,0.179,0.13,0.5281774580335732,54.6,1.668,0.881,0.6270983213429256,1.046
23.27213017437693,0.9184681902408894,0.097,0.249,0.079,0.188,0.185,0.132,0.509573810994441,61.0,1.619,0.8250000000000001,0.5917232859789994,0.9580000000000001
29.865434365426896,0.9136994568497284,0.097,0.253,0.078,0.19,0.185,0.14300000000000002,0.5009052504526252,82.0,1.657,0.8300000000000001,0.5938442969221485,0.984
25.845311471847097,0.9201474201474201,0.097,0.243,0.081,0.193,0.179,0.13,0.5036855036855037,68.5,1.6280000000000001,0.8200000000000001,0.597051597051597,0.972
20.830309188561476,0.9271084337349398,0.097,0.254,0.075,0.185,0.187,0.121,0.536144578313253,57.400000000000006,1.6600000000000001,0.89,0.6222891566265061,1.033
21.747657272455424,0.9233511586452763,0.094,0.23700000000000002,0.079,0.19,0.184,0.129,0.49910873440285203,61.6,1.683,0.84,0.6024955436720143,1.014
24.25253542730249,0.9264354066985646,0.093,0.244,0.08,0.193,0.185,0.123,0.5215311004784688,67.8,1.672,0.872,0.6190191387559809,1.035
21.183472791195875,0.9217498459642637,0.088,0.234,0.074,0.17500000000000002,0.17200000000000001,0.127,0.5286506469500925,55.800000000000004,1.623,0.858,0.6105976586568084,0.991
21.033172317483576,0.9264354066985646,0.093,0.249,0.083,0.2,0.182,0.123,0.5143540669856459,58.800000000000004,1.672,0.86,0.6058612440191388,1.0130000000000001
22.547260545994696,0.9215565163681285,0.089,0.23500000000000001,0.075,0.186,0.166,0.127,0.5163681284743669,59.1,1.619,0.836,0.609017912291538,0.986
21.051642852081514,0.9197689345314506,0.092,0.23500000000000001,0.078,0.18,0.167,0.125,0.49550706033376124,51.1,1.558,0.772,0.5905006418485238,0.92
21.734325634625762,0.9235900545785325,0.098,0.244,0.078,0.184,0.177,0.126,0.5124317768344451,59.1,1.649,0.845,0.6106731352334749,1.0070000000000001
22.419726686491366,0.9248554913294798,0.093,0.263,0.077,0.185,0.191,0.13,0.507514450867052,67.10000000000001,1.73,0.878,0.6138728323699422,1.062
22.386821110000344,0.9161755075311068,0.095,0.245,0.081,0.193,0.167,0.128,0.5049115913555993,52.2,1.5270000000000001,0.771,0.5880812049770793,0.898
20.258883430743303,0.9281437125748503,0.091,0.231,0.077,0.187,0.182,0.12,0.5125748502994012,56.5,1.67,0.856,0.6071856287425149,1.014
30.887242012714854,0.9241945672773215,0.096,0.234,0.077,0.194,0.166,0.12,0.50726468730259,77.4,1.583,0.803,0.5925457991156032,0.9380000000000001
27.04255572155651,0.9233110164333537,0.095,0.23800000000000002,0.083,0.197,0.179,0.126,0.5136944613511869,73.0,1.643,0.844,0.6147291539866099,1.01
22.6926663340218,0.9283634245777519,0.095,0.252,0.083,0.197,0.182,0.123,0.5212580081537566,66.9,1.717,0.895,0.6173558532323821,1.06
27.257586853187522,0.922365988909427,0.097,0.244,0.078,0.186,0.178,0.126,0.5348120764017252,71.8,1.623,0.868,0.6038200862600123,0.98
22.35688208062027,0.9257668711656442,0.092,0.23,0.08,0.187,0.17400000000000002,0.121,0.50920245398773,59.400000000000006,1.6300000000000001,0.8300000000000001,0.6030674846625766,0.983
23.25501863821347,0.9239766081871345,0.096,0.264,0.084,0.198,0.187,0.13,0.5093567251461988,68.0,1.71,0.871,0.6058479532163743,1.036
26.028266898326038,0.9260115606936417,0.094,0.257,0.08,0.192,0.182,0.128,0.5028901734104047,77.9,1.73,0.87,0.5936416184971098,1.027
23.3564377231674,0.9304347826086956,0.096,0.249,0.081,0.193,0.184,0.12,0.5020289855072464,69.5,1.725,0.866,0.6086956521739131,1.05
26.75028344671202,0.9273809523809524,0.089,0.247,0.078,0.188,0.179,0.122,0.525,75.5,1.68,0.882,0.6130952380952381,1.03
22.798576520505996,0.9221165279429251,0.095,0.256,0.076,0.188,0.194,0.131,0.5309155766944114,64.5,1.682,0.893,0.603448275862069,1.0150000000000001
29.868197278911573,0.9184523809523809,0.10200000000000001,0.272,0.082,0.197,0.184,0.137,0.4922619047619048,84.30000000000001,1.68,0.8270000000000001,0.5779761904761904,0.971
20.566530184222902,0.9305631492618918,0.098,0.28300000000000003,0.089,0.20400000000000001,0.2,0.127,0.5221432476763258,68.8,1.829,0.9550000000000001,0.6243849097867687,1.1420000000000001
22.918244597905993,0.9259701492537313,0.095,0.265,0.078,0.188,0.185,0.124,0.5068656716417911,64.3,1.675,0.849,0.5976119402985075,1.0010000000000001
23.101200357146567,0.9247249565720903,0.094,0.254,0.081,0.196,0.19,0.13,0.5303995367689636,68.9,1.727,0.916,0.6137811233352635,1.06
24.95950311035283,0.9256965944272446,0.095,0.247,0.08600000000000001,0.201,0.183,0.12,0.513312693498452,65.10000000000001,1.615,0.8290000000000001,0.6105263157894737,0.986
20.526468211417264,0.9171676686706747,0.089,0.227,0.077,0.177,0.171,0.124,0.5177020708082832,46.0,1.497,0.775,0.6105544422177689,0.914
23.445586445222464,0.9181649101053937,0.092,0.229,0.078,0.188,0.181,0.132,0.4804711717296962,61.0,1.613,0.775,0.5945443273403596,0.9590000000000001
29.492026153209956,0.9260304912478825,0.094,0.264,0.08,0.187,0.186,0.131,0.5098814229249012,92.5,1.7710000000000001,0.903,0.6013551665725578,1.065
26.410293828398125,0.9193954659949622,0.1,0.258,0.081,0.202,0.184,0.128,0.4924433249370277,66.60000000000001,1.588,0.782,0.5925692695214105,0.9410000000000001
27.24229650236786,0.9268433179723502,0.108,0.267,0.084,0.20400000000000001,0.189,0.127,0.5345622119815668,82.10000000000001,1.736,0.928,0.6088709677419355,1.057
21.344246948964493,0.921875,0.084,0.249,0.074,0.17400000000000002,0.179,0.13,0.5072115384615384,59.1,1.6640000000000001,0.844,0.6117788461538461,1.018
28.77576267727783,0.9191919191919192,0.09,0.247,0.078,0.186,0.194,0.128,0.5044191919191919,72.2,1.584,0.799,0.5984848484848485,0.9480000000000001
26.271399248842695,0.9199766355140186,0.092,0.274,0.078,0.187,0.213,0.137,0.5338785046728972,77.0,1.712,0.914,0.6191588785046729,1.06
22.444819211892188,0.9240048250904704,0.091,0.263,0.081,0.193,0.193,0.126,0.5223160434258143,61.7,1.6580000000000001,0.866,0.6218335343787696,1.031
25.28313419327978,0.9234507897934386,0.09,0.249,0.074,0.184,0.192,0.126,0.5321992709599028,68.5,1.6460000000000001,0.876,0.6287970838396112,1.035
23.20858522283442,0.91874637260592,0.098,0.258,0.084,0.197,0.2,0.14,0.5229251305861868,68.9,1.723,0.901,0.6094022054556006,1.05
23.573501938087226,0.9195183776932826,0.088,0.227,0.079,0.186,0.179,0.127,0.5215462610899874,58.7,1.578,0.8230000000000001,0.5956907477820025,0.9400000000000001
26.57363744748394,0.9216038300418911,0.091,0.254,0.077,0.183,0.183,0.131,0.5344105326152004,74.2,1.671,0.893,0.604428485936565,1.01
32.847300112161506,0.920253164556962,0.098,0.233,0.078,0.186,0.185,0.126,0.5322784810126582,82.0,1.58,0.841,0.5949367088607594,0.9400000000000001
22.199584226099375,0.9236111111111112,0.08700000000000001,0.231,0.077,0.18,0.17300000000000001,0.121,0.5063131313131313,55.7,1.584,0.802,0.6079545454545454,0.963
23.234967191365772,0.925748502994012,0.098,0.246,0.082,0.194,0.19,0.124,0.5089820359281437,64.8,1.67,0.85,0.5952095808383233,0.994
22.529829135527272,0.9211356466876972,0.088,0.249,0.073,0.179,0.178,0.125,0.5274447949526814,56.6,1.585,0.836,0.6094637223974764,0.966
21.7663221326225,0.9291819291819292,0.08700000000000001,0.249,0.078,0.179,0.181,0.116,0.48534798534798534,58.400000000000006,1.6380000000000001,0.795,0.5830280830280831,0.9550000000000001
23.723514517879966,0.9225928256765261,0.09,0.248,0.074,0.17,0.188,0.123,0.5670232850849591,59.900000000000006,1.589,0.901,0.6073001887979862,0.965
28.52179701127901,0.9156118143459916,0.088,0.245,0.077,0.187,0.186,0.14,0.5009041591320073,78.5,1.659,0.8310000000000001,0.5907172995780591,0.98
27.221644120707595,0.9135483870967742,0.096,0.244,0.078,0.193,0.186,0.134,0.5296774193548387,65.4,1.55,0.8210000000000001,0.607741935483871,0.9420000000000001
27.999599051087575,0.9265895953757225,0.096,0.266,0.08,0.197,0.197,0.127,0.5283236994219653,83.80000000000001,1.73,0.914,0.5971098265895953,1.033
28.622222222222224,0.9133333333333333,0.084,0.227,0.07200000000000001,0.17200000000000001,0.165,0.13,0.526,64.4,1.5,0.789,0.5993333333333334,0.899
31.01726269781173,0.9219814241486068,0.097,0.265,0.082,0.195,0.202,0.126,0.5356037151702786,80.9,1.615,0.865,0.604953560371517,0.977
25.01824632071027,0.9173252279635259,0.099,0.269,0.076,0.19,0.194,0.136,0.5148936170212766,67.7,1.645,0.847,0.6121580547112462,1.0070000000000001
28.39871800073025,0.9276201505500868,0.10400000000000001,0.269,0.08600000000000001,0.20500000000000002,0.20500000000000002,0.125,0.5327156919513607,84.7,1.727,0.92,0.5940938042848871,1.026
28.104756973020518,0.9202159568086383,0.091,0.257,0.078,0.187,0.197,0.133,0.5290941811637673,78.10000000000001,1.667,0.882,0.6022795440911818,1.004
23.923434607761852,0.9137590520079,0.088,0.222,0.078,0.182,0.167,0.131,0.5016458196181699,55.2,1.5190000000000001,0.762,0.5674786043449638,0.862
28.788927335640143,0.9223529411764706,0.093,0.252,0.083,0.192,0.197,0.132,0.5223529411764706,83.2,1.7,0.888,0.6058823529411764,1.03
26.184884907243628,0.9244471744471745,0.098,0.253,0.082,0.197,0.181,0.123,0.5042997542997543,69.4,1.6280000000000001,0.8210000000000001,0.6056511056511057,0.986
30.703124999999996,0.923125,0.094,0.244,0.078,0.19,0.18,0.123,0.505625,78.60000000000001,1.6,0.809,0.6,0.96
27.883272952340572,0.9192902117916428,0.098,0.28400000000000003,0.08700000000000001,0.20500000000000002,0.203,0.14100000000000001,0.529479107040641,85.10000000000001,1.747,0.925,0.6050372066399542,1.057
27.05626625919983,0.9260897030953885,0.091,0.246,0.077,0.188,0.176,0.117,0.4996841440303222,67.8,1.583,0.791,0.5957043588123816,0.9430000000000001
23.350580180461968,0.9271961492178099,0.091,0.251,0.077,0.178,0.183,0.121,0.5240673886883274,64.5,1.6620000000000001,0.871,0.6077015643802648,1.01
21.45975653246448,0.9222156747200942,0.099,0.258,0.079,0.193,0.197,0.132,0.5332940483205657,61.800000000000004,1.697,0.905,0.6234531526222746,1.058
28.101648630052967,0.9214780600461894,0.099,0.269,0.076,0.19,0.194,0.136,0.5127020785219399,84.30000000000001,1.732,0.888,0.605080831408776,1.048
29.23384829881491,0.922890103217972,0.09,0.268,0.074,0.182,0.19,0.127,0.5160898603521554,79.30000000000001,1.647,0.85,0.591378263509411,0.974
28.792980057593883,0.9181875393329137,0.089,0.249,0.077,0.183,0.186,0.13,0.5512901195720579,72.7,1.589,0.876,0.6123348017621145,0.973
27.021082728500957,0.9197411003236245,0.091,0.257,0.077,0.184,0.184,0.124,0.5223300970873787,64.5,1.545,0.807,0.6084142394822006,0.9400000000000001
27.431792029956245,0.9282700421940928,0.094,0.257,0.078,0.184,0.185,0.11900000000000001,0.5467148884870404,75.5,1.659,0.907,0.6166365280289331,1.0230000000000001
23.958723651879314,0.9126149802890933,0.091,0.241,0.077,0.187,0.176,0.133,0.5078843626806833,55.5,1.522,0.773,0.5886990801576872,0.896
28.578755382362836,0.9218655360387644,0.094,0.255,0.075,0.178,0.196,0.129,0.5433070866141733,77.9,1.651,0.897,0.6262870987280436,1.034
24.43719975953539,0.9252971137521222,0.093,0.259,0.076,0.182,0.194,0.132,0.5308432371250708,76.3,1.7670000000000001,0.9380000000000001,0.6066779852857951,1.072
30.359706442909825,0.9210199004975125,0.097,0.246,0.077,0.187,0.178,0.127,0.5279850746268657,78.5,1.608,0.849,0.5951492537313433,0.9570000000000001
27.833580807639677,0.9264797507788162,0.093,0.256,0.085,0.201,0.196,0.11800000000000001,0.5538940809968848,71.7,1.605,0.889,0.6280373831775701,1.008
22.416185417107343,0.9261822376009228,0.088,0.248,0.078,0.187,0.181,0.128,0.5144175317185697,67.4,1.734,0.892,0.6032295271049596,1.046
26.459619539667862,0.9253461770018061,0.094,0.249,0.083,0.197,0.186,0.124,0.5087296809151114,73.0,1.661,0.845,0.5869957856712824,0.975
29.862320444877287,0.9156702328508496,0.09,0.23500000000000001,0.077,0.191,0.176,0.134,0.5324103209565765,75.4,1.589,0.846,0.619257394587791,0.984
25.601427345557575,0.9230327398047099,0.098,0.26,0.083,0.201,0.179,0.134,0.5106260769672601,77.60000000000001,1.741,0.889,0.6094198736358415,1.061
29.043708989207214,0.9203592814371258,0.091,0.251,0.081,0.184,0.183,0.133,0.5245508982035928,81.0,1.67,0.876,0.6017964071856288,1.0050000000000001
23.632369614512477,0.9285714285714286,0.098,0.253,0.078,0.192,0.183,0.12,0.5202380952380953,66.7,1.68,0.874,0.6166666666666667,1.036
26.246841088152227,0.923963133640553,0.091,0.259,0.082,0.19,0.183,0.132,0.4976958525345622,79.10000000000001,1.736,0.864,0.5990783410138248,1.04
26.96947889169934,0.9268727705112961,0.093,0.252,0.078,0.185,0.191,0.123,0.5404280618311534,76.3,1.682,0.909,0.6093935790725327,1.025
22.125430084321714,0.9288214702450408,0.095,0.26,0.082,0.19,0.197,0.122,0.5110851808634772,65.0,1.714,0.876,0.6050175029171528,1.037
21.463393408520762,0.9159120310478654,0.094,0.242,0.078,0.192,0.176,0.13,0.49417852522639066,51.300000000000004,1.546,0.764,0.5886157826649417,0.91
22.135196235443576,0.9222766217870257,0.092,0.243,0.07100000000000001,0.18,0.182,0.127,0.5263157894736842,59.1,1.6340000000000001,0.86,0.616891064871481,1.008
26.762937317784253,0.9170918367346939,0.084,0.242,0.074,0.178,0.171,0.13,0.5280612244897959,65.8,1.568,0.8280000000000001,0.6033163265306123,0.9460000000000001
21.362304687500004,0.919921875,0.082,0.222,0.077,0.184,0.176,0.123,0.5533854166666666,50.400000000000006,1.536,0.85,0.6126302083333334,0.9410000000000001
27.30110447913478,0.9210858585858586,0.09,0.242,0.075,0.187,0.17,0.125,0.5271464646464646,68.5,1.584,0.835,0.6041666666666666,0.9570000000000001
23.216191835872966,0.9210206561360875,0.096,0.254,0.081,0.194,0.183,0.13,0.5364520048602673,62.900000000000006,1.6460000000000001,0.883,0.6111786148238153,1.006
20.513590976331358,0.9224759615384616,0.08700000000000001,0.244,0.074,0.17200000000000001,0.181,0.129,0.5132211538461539,56.800000000000004,1.6640000000000001,0.854,0.5907451923076923,0.983
24.045422202691633,0.916767189384801,0.095,0.244,0.081,0.193,0.181,0.138,0.5078407720144753,66.10000000000001,1.6580000000000001,0.842,0.6127864897466827,1.016
22.61107234086506,0.9205983889528193,0.099,0.262,0.083,0.20600000000000002,0.20600000000000002,0.138,0.5,68.3,1.738,0.869,0.6127733026467204,1.065
25.976798220047456,0.9260744985673353,0.096,0.266,0.085,0.198,0.193,0.129,0.529512893982808,79.10000000000001,1.745,0.924,0.6148997134670487,1.073
35.65216536787178,0.915987460815047,0.10200000000000001,0.255,0.085,0.196,0.183,0.134,0.5228840125391849,90.7,1.595,0.834,0.5943573667711599,0.9480000000000001
29.652071005917165,0.92,0.096,0.242,0.074,0.181,0.17400000000000002,0.13,0.5206153846153846,78.30000000000001,1.625,0.846,0.6098461538461538,0.991
26.915917937200494,0.9180529882932841,0.10200000000000001,0.267,0.078,0.187,0.189,0.133,0.5268022181146026,70.9,1.623,0.855,0.6044362292051756,0.981
22.08890763625254,0.9189723320158103,0.088,0.234,0.073,0.17200000000000001,0.17200000000000001,0.123,0.49538866930171277,50.900000000000006,1.518,0.752,0.5764163372859025,0.875
26.788497715667827,0.9140983606557377,0.084,0.222,0.074,0.178,0.167,0.131,0.5016393442622951,62.300000000000004,1.5250000000000001,0.765,0.5816393442622951,0.887
27.38992570482653,0.9216441875401413,0.094,0.23800000000000002,0.073,0.181,0.187,0.122,0.5202312138728323,66.4,1.557,0.81,0.5979447655748233,0.931
30.77282902870126,0.9242774566473988,0.096,0.262,0.081,0.203,0.196,0.131,0.5352601156069364,92.10000000000001,1.73,0.926,0.6121387283236994,1.059
26.17820451849075,0.9225484072454716,0.088,0.244,0.075,0.179,0.179,0.124,0.5221736414740787,67.10000000000001,1.601,0.836,0.5940037476577139,0.9510000000000001
21.447540374896736,0.9242329367564183,0.091,0.244,0.076,0.183,0.179,0.121,0.5291170945522855,54.7,1.597,0.845,0.6086412022542267,0.972
25.806035386526023,0.9202524383247275,0.1,0.254,0.08700000000000001,0.209,0.192,0.139,0.5002868617326449,78.4,1.743,0.872,0.5840504876649455,1.018
20.829736673293347,0.9263220439691028,0.088,0.23500000000000001,0.077,0.177,0.17200000000000001,0.124,0.5121806298276886,59.0,1.683,0.862,0.6060606060606061,1.02
24.857436250286693,0.9235159817351598,0.097,0.257,0.076,0.19,0.195,0.134,0.5331050228310502,76.3,1.752,0.934,0.613013698630137,1.074
27.082527987825465,0.927070457354759,0.09,0.223,0.076,0.177,0.171,0.11800000000000001,0.5030902348578492,70.9,1.618,0.8140000000000001,0.6087762669962917,0.985
26.787075140984598,0.921604938271605,0.092,0.24,0.081,0.195,0.17300000000000001,0.127,0.5141975308641975,70.3,1.62,0.833,0.6123456790123457,0.992
21.36657054774546,0.9302607640994542,0.089,0.243,0.079,0.193,0.183,0.115,0.5184960582171013,58.1,1.649,0.855,0.6118859915100061,1.0090000000000001
20.303484016227724,0.9297834991222937,0.089,0.263,0.08,0.184,0.182,0.12,0.5283791691047396,59.300000000000004,1.709,0.903,0.620245757753072,1.06
29.897930134135695,0.9193446754883428,0.09,0.23,0.074,0.177,0.17500000000000002,0.128,0.4921235034656585,75.3,1.587,0.781,0.5816005040957782,0.923
24.855223952326025,0.9215686274509803,0.091,0.24,0.075,0.176,0.176,0.128,0.5110294117647058,66.2,1.6320000000000001,0.834,0.5949754901960784,0.971
29.291568617107725,0.9142108709888671,0.08600000000000001,0.227,0.074,0.17500000000000002,0.158,0.131,0.49836280288146695,68.3,1.5270000000000001,0.761,0.5789129011132941,0.884
27.50762084482508,0.9246987951807228,0.096,0.23600000000000002,0.083,0.197,0.177,0.125,0.519277108433735,75.8,1.6600000000000001,0.862,0.5849397590361446,0.971
23.015486831987694,0.9215686274509803,0.099,0.255,0.081,0.192,0.188,0.128,0.5343137254901961,61.300000000000004,1.6320000000000001,0.872,0.6115196078431373,0.998
24.056174132428907,0.928817451205511,0.1,0.259,0.084,0.191,0.192,0.124,0.5200918484500574,73.0,1.742,0.906,0.6153846153846154,1.072
23.967013172612823,0.9309537741369222,0.094,0.261,0.08,0.189,0.189,0.11800000000000001,0.510825043885313,70.0,1.709,0.873,0.6026916325336454,1.03
28.651425837634548,0.922791846819024,0.094,0.233,0.079,0.192,0.17400000000000002,0.125,0.5033971587399629,75.10000000000001,1.619,0.8150000000000001,0.5873996294008648,0.9510000000000001
26.30429939852974,0.9253731343283582,0.097,0.259,0.089,0.209,0.197,0.125,0.5176119402985074,73.8,1.675,0.867,0.5970149253731343,1.0
24.045340073019926,0.9192166462668299,0.08600000000000001,0.244,0.079,0.185,0.183,0.132,0.5116279069767442,64.2,1.6340000000000001,0.836,0.5960832313341493,0.974
21.106468476336453,0.9243597379392495,0.08600000000000001,0.241,0.079,0.19,0.183,0.127,0.5199523525908278,59.5,1.679,0.873,0.6140559857057772,1.031
21.842643904251677,0.9256505576208178,0.093,0.255,0.073,0.17400000000000002,0.178,0.12,0.5092936802973977,56.900000000000006,1.614,0.8220000000000001,0.5935563816604709,0.9580000000000001
21.016581942101435,0.9228028503562945,0.09,0.244,0.077,0.187,0.182,0.13,0.5172209026128266,59.6,1.684,0.871,0.6152019002375297,1.036
24.741129756050896,0.9236067626800251,0.092,0.247,0.081,0.192,0.17300000000000001,0.122,0.5297432686286788,63.1,1.597,0.846,0.5835942391984972,0.932
22.72288877743914,0.9217391304347826,0.08700000000000001,0.234,0.073,0.17300000000000001,0.17,0.126,0.5055900621118012,58.900000000000006,1.61,0.8140000000000001,0.6118012422360248,0.985
26.181464926663825,0.9229857819905213,0.096,0.267,0.08,0.194,0.195,0.13,0.5432464454976303,74.60000000000001,1.688,0.917,0.6095971563981043,1.029
29.035916824196594,0.9252173913043479,0.097,0.273,0.082,0.197,0.20400000000000001,0.129,0.5298550724637681,86.4,1.725,0.914,0.6052173913043478,1.044
23.48505010465912,0.9260410192666252,0.08700000000000001,0.23900000000000002,0.074,0.177,0.17400000000000002,0.11900000000000001,0.5245494095711623,60.800000000000004,1.609,0.844,0.5966438781852083,0.96
20.061897322094957,0.9211356466876972,0.094,0.23700000000000002,0.074,0.18,0.18,0.125,0.494006309148265,50.400000000000006,1.585,0.783,0.5861198738170347,0.929
22.501438616567288,0.9180537772087067,0.089,0.233,0.074,0.178,0.17400000000000002,0.128,0.5339308578745199,54.900000000000006,1.562,0.834,0.6024327784891165,0.9410000000000001
22.14599727813158,0.918552036199095,0.091,0.229,0.076,0.178,0.166,0.126,0.48933419521654814,53.0,1.547,0.757,0.5694893341952165,0.881
26.663368423405046,0.9186840471756673,0.08700000000000001,0.234,0.073,0.178,0.165,0.131,0.5102420856610801,69.2,1.611,0.8220000000000001,0.595903165735568,0.96
23.550006605892456,0.9287356321839081,0.09,0.248,0.079,0.189,0.186,0.124,0.542528735632184,71.3,1.74,0.9440000000000001,0.617816091954023,1.075
29.156026095677262,0.9189710610932476,0.095,0.226,0.076,0.187,0.16,0.126,0.509967845659164,70.5,1.555,0.793,0.592282958199357,0.921
25.67493112947658,0.926060606060606,0.093,0.254,0.077,0.183,0.186,0.122,0.5212121212121212,69.9,1.6500000000000001,0.86,0.5878787878787879,0.97
26.29805230798332,0.915982312065698,0.1,0.234,0.079,0.184,0.177,0.133,0.49273531269741,65.9,1.583,0.78,0.5792798483891346,0.917
23.298602931716292,0.9289617486338798,0.097,0.253,0.081,0.197,0.181,0.117,0.5033394049787493,63.2,1.647,0.8290000000000001,0.6114146933819065,1.0070000000000001
29.6545753260299,0.9236292428198434,0.08700000000000001,0.23600000000000002,0.078,0.184,0.18,0.117,0.5385117493472585,69.60000000000001,1.532,0.8250000000000001,0.6077023498694517,0.931
22.623562612140194,0.922791846819024,0.08700000000000001,0.249,0.077,0.183,0.183,0.125,0.5268684373069796,59.300000000000004,1.619,0.853,0.612106238418777,0.991
23.93567193458088,0.9231220657276995,0.091,0.23800000000000002,0.074,0.183,0.17500000000000002,0.131,0.5217136150234741,69.5,1.704,0.889,0.6015258215962441,1.025
27.938238614992493,0.9265837773830669,0.094,0.23800000000000002,0.077,0.187,0.177,0.124,0.5263469508584961,79.7,1.689,0.889,0.6275902901124926,1.06
22.544760819755183,0.9263729631864815,0.092,0.257,0.078,0.187,0.182,0.122,0.5153892576946288,61.900000000000006,1.657,0.854,0.5938442969221485,0.984
24.957522444259382,0.9271402550091075,0.089,0.253,0.074,0.182,0.185,0.12,0.554341226472374,67.7,1.647,0.913,0.6247723132969034,1.029
19.50589838287497,0.9281437125748503,0.093,0.258,0.079,0.189,0.187,0.12,0.5377245508982036,54.400000000000006,1.67,0.898,0.6167664670658682,1.03
28.864851725814297,0.9164438502673797,0.089,0.23800000000000002,0.07200000000000001,0.176,0.168,0.125,0.5347593582887701,64.60000000000001,1.496,0.8,0.6002673796791443,0.898
29.91768566010049,0.9266161910308678,0.093,0.269,0.083,0.201,0.197,0.126,0.5288293535235876,88.2,1.717,0.908,0.5946418171228888,1.0210000000000001
27.048231604536078,0.9196603527106466,0.08,0.227,0.07200000000000001,0.17200000000000001,0.169,0.123,0.5166557805355977,63.400000000000006,1.5310000000000001,0.791,0.5930764206401045,0.908
27.56204522625377,0.924969987995198,0.091,0.255,0.078,0.185,0.183,0.125,0.5294117647058824,76.5,1.666,0.882,0.6056422569027611,1.0090000000000001
26.397833924526413,0.9180432020330368,0.09,0.23600000000000002,0.074,0.17400000000000002,0.179,0.129,0.5101651842439644,65.4,1.574,0.803,0.5781448538754765,0.91
30.265019603560784,0.9164161154539988,0.101,0.274,0.091,0.214,0.198,0.139,0.4984966927239928,83.7,1.663,0.8290000000000001,0.5929043896572459,0.986
24.93604401900188,0.9257884972170687,0.091,0.251,0.078,0.192,0.192,0.12,0.5374149659863946,65.2,1.617,0.869,0.6079158936301794,0.983
24.838539541641378,0.9217665615141956,0.091,0.23900000000000002,0.077,0.187,0.179,0.124,0.5331230283911672,62.400000000000006,1.585,0.845,0.5905362776025237,0.936
36.643688788174046,0.9253187613843351,0.097,0.254,0.078,0.189,0.185,0.123,0.5336976320582878,99.4,1.647,0.879,0.6010928961748634,0.99
27.70935846537571,0.9178332318928789,0.095,0.245,0.075,0.17300000000000001,0.178,0.135,0.5258673158855751,74.8,1.643,0.864,0.5995130858186245,0.985
23.076958634640544,0.9200954084675015,0.1,0.255,0.083,0.19,0.191,0.134,0.5426356589147286,64.9,1.677,0.91,0.5998807394156231,1.006
19.434185521173223,0.9305389221556887,0.089,0.243,0.079,0.184,0.18,0.116,0.5365269461077844,54.2,1.67,0.896,0.6251497005988024,1.044
29.862781619054363,0.9212598425196851,0.099,0.254,0.084,0.203,0.197,0.13,0.5033313143549364,81.4,1.651,0.8310000000000001,0.6044821320411872,0.998
24.208546089760812,0.9226229508196722,0.08700000000000001,0.234,0.074,0.185,0.178,0.11800000000000001,0.5088524590163934,56.300000000000004,1.5250000000000001,0.776,0.579672131147541,0.884
32.87745752195089,0.9259475218658892,0.10400000000000001,0.255,0.08,0.197,0.182,0.127,0.5119533527696793,96.7,1.715,0.878,0.5860058309037901,1.0050000000000001
32.613727222993724,0.918227215980025,0.092,0.252,0.082,0.197,0.188,0.131,0.4918851435705368,83.7,1.602,0.788,0.5774032459425718,0.925
20.36593776623798,0.9159235668789809,0.08700000000000001,0.23700000000000002,0.07200000000000001,0.177,0.17,0.132,0.5127388535031847,50.2,1.57,0.805,0.6076433121019108,0.9540000000000001
23.78500957916824,0.9211793020457281,0.097,0.245,0.08,0.192,0.176,0.131,0.5409145607701564,65.7,1.6620000000000001,0.899,0.592057761732852,0.984
29.01440091007547,0.9180012812299808,0.091,0.23700000000000002,0.077,0.184,0.179,0.128,0.5259449071108264,70.7,1.561,0.8210000000000001,0.5906470211402947,0.922
28.09922006813536,0.9196370706416073,0.089,0.23600000000000002,0.075,0.181,0.17200000000000001,0.124,0.5288399222294232,66.9,1.543,0.8160000000000001,0.5962410887880751,0.92
24.468777512004863,0.910371318822023,0.094,0.244,0.07200000000000001,0.17300000000000001,0.179,0.14,0.5224071702944942,59.7,1.562,0.8160000000000001,0.6037131882202305,0.9430000000000001
27.199278916894492,0.9219422249539029,0.097,0.247,0.077,0.19,0.167,0.127,0.5230485556238476,72.0,1.627,0.851,0.6035648432698217,0.982
26.636511767655747,0.9266984505363528,0.097,0.247,0.081,0.195,0.17500000000000002,0.123,0.5023837902264601,75.0,1.678,0.843,0.6048867699642432,1.0150000000000001
26.028130491819503,0.9303482587064676,0.091,0.243,0.07200000000000001,0.17500000000000002,0.177,0.112,0.5435323383084577,67.3,1.608,0.874,0.6044776119402985,0.972
28.044229756644768,0.9222488038277512,0.099,0.271,0.08,0.197,0.196,0.13,0.5191387559808612,78.4,1.672,0.868,0.6094497607655502,1.0190000000000001
18.702963948587147,0.925948223961469,0.092,0.234,0.076,0.183,0.179,0.123,0.5027092113184829,51.6,1.661,0.835,0.6026490066225165,1.0010000000000001
25.429106074085073,0.9174078780177891,0.094,0.23500000000000001,0.07100000000000001,0.17400000000000002,0.156,0.13,0.5260482846251588,63.0,1.574,0.8280000000000001,0.5972045743329097,0.9400000000000001
28.434149664742375,0.9263473053892216,0.097,0.247,0.077,0.187,0.186,0.123,0.5335329341317365,79.30000000000001,1.67,0.891,0.6011976047904192,1.004
22.45021843186817,0.9186119873817035,0.088,0.228,0.075,0.177,0.177,0.129,0.5003154574132492,56.400000000000006,1.585,0.793,0.5760252365930599,0.913
27.72983471888325,0.9193138500635324,0.096,0.23500000000000001,0.076,0.184,0.164,0.127,0.47966963151207115,68.7,1.574,0.755,0.5838627700127065,0.919
22.56482510921949,0.9196042053184911,0.089,0.23700000000000002,0.074,0.182,0.182,0.13,0.5374149659863946,59.0,1.617,0.869,0.6221397649969078,1.006
23.79201282795889,0.9183417085427136,0.088,0.246,0.078,0.186,0.184,0.13,0.5201005025125628,60.300000000000004,1.592,0.8280000000000001,0.6124371859296482,0.975
24.045200849665893,0.9225806451612903,0.09,0.25,0.075,0.177,0.179,0.132,0.5190615835777126,69.9,1.705,0.885,0.5953079178885631,1.0150000000000001
21.833561957018745,0.9197530864197531,0.08700000000000001,0.241,0.073,0.176,0.17500000000000002,0.13,0.5222222222222223,57.300000000000004,1.62,0.846,0.5950617283950618,0.964
26.230917909660562,0.9189360354654845,0.089,0.234,0.07100000000000001,0.17,0.17400000000000002,0.128,0.5351488283723876,65.4,1.579,0.845,0.6010132995566815,0.9490000000000001
21.856370660848935,0.9277543648404576,0.092,0.248,0.081,0.189,0.189,0.12,0.5219747140276941,60.300000000000004,1.661,0.867,0.6243226971703792,1.037
30.30630595218208,0.9103448275862069,0.101,0.246,0.078,0.192,0.179,0.14300000000000002,0.5260188087774295,77.10000000000001,1.595,0.839,0.5924764890282131,0.9450000000000001
28.309728359482612,0.9270959902794653,0.09,0.23500000000000001,0.079,0.185,0.17500000000000002,0.12,0.49696233292831105,76.7,1.6460000000000001,0.8180000000000001,0.5905224787363305,0.972
28.793637253700005,0.9244415243101183,0.09,0.229,0.075,0.176,0.17500000000000002,0.115,0.5223390275952694,66.7,1.522,0.795,0.59526938239159,0.906
25.277634297520667,0.9267045454545455,0.096,0.253,0.08,0.19,0.189,0.129,0.5318181818181819,78.30000000000001,1.76,0.936,0.6079545454545454,1.07
22.86950475160318,0.9089700996677741,0.08700000000000001,0.229,0.07100000000000001,0.171,0.169,0.137,0.49966777408637875,51.800000000000004,1.5050000000000001,0.752,0.5913621262458472,0.89
22.72677412808714,0.9309133489461359,0.093,0.26,0.08,0.187,0.189,0.11800000000000001,0.5310304449648712,66.3,1.708,0.907,0.610655737704918,1.043
23.798442092213694,0.9222423146473779,0.095,0.252,0.082,0.195,0.193,0.129,0.543701024713683,65.5,1.659,0.902,0.625075346594334,1.037
26.520417454431964,0.9200247985120893,0.094,0.244,0.074,0.187,0.18,0.129,0.5356478611283323,69.0,1.613,0.864,0.5982641041537508,0.965
24.499595756670015,0.9171668667466987,0.094,0.253,0.078,0.187,0.192,0.138,0.5396158463385354,68.0,1.666,0.899,0.6062424969987995,1.01
24.865008318958044,0.9220447284345048,0.093,0.243,0.08,0.183,0.177,0.122,0.5258785942492012,60.900000000000006,1.565,0.8230000000000001,0.6223642172523962,0.974
25.94289991823569,0.9271229404309252,0.089,0.245,0.075,0.177,0.17500000000000002,0.115,0.5519645120405576,64.60000000000001,1.578,0.871,0.6229404309252218,0.983
24.653031409788166,0.9195945945945946,0.08700000000000001,0.23800000000000002,0.078,0.192,0.184,0.11900000000000001,0.5385135135135135,54.0,1.48,0.797,0.6229729729729729,0.922
19.80200979190703,0.921760391198044,0.08700000000000001,0.223,0.075,0.18,0.176,0.128,0.5201711491442543,53.0,1.6360000000000001,0.851,0.6155256723716381,1.0070000000000001
30.514405584020196,0.917910447761194,0.098,0.258,0.074,0.181,0.187,0.132,0.5174129353233831,78.9,1.608,0.8320000000000001,0.6200248756218906,0.997
17.89343979168881,0.9239690721649485,0.085,0.225,0.076,0.17500000000000002,0.166,0.11800000000000001,0.5393041237113402,43.1,1.552,0.837,0.6262886597938144,0.972
30.69351293015663,0.9166132135984606,0.093,0.259,0.08600000000000001,0.20600000000000002,0.187,0.13,0.5388069275176395,74.60000000000001,1.559,0.84,0.6292495189223861,0.981
27.987146352728452,0.9285266457680251,0.095,0.247,0.078,0.186,0.188,0.114,0.5184952978056426,71.2,1.595,0.8270000000000001,0.5605015673981191,0.894
25.943197600807345,0.9247311827956989,0.094,0.265,0.084,0.199,0.184,0.126,0.521505376344086,72.7,1.674,0.873,0.6140979689366786,1.028
22.21883120248822,0.9223359422034919,0.099,0.256,0.078,0.194,0.192,0.129,0.5249849488260084,61.300000000000004,1.661,0.872,0.6044551475015051,1.004
23.891779396462017,0.9225806451612903,0.096,0.247,0.08,0.197,0.193,0.12,0.5464516129032259,57.400000000000006,1.55,0.847,0.6303225806451613,0.977
25.68215529352351,0.9223544145272385,0.091,0.242,0.07,0.176,0.169,0.124,0.5209768315591734,65.5,1.597,0.8320000000000001,0.5992485911083281,0.9570000000000001
24.23505228597026,0.9157485418016851,0.089,0.226,0.075,0.179,0.17,0.13,0.5210628645495787,57.7,1.543,0.804,0.6033700583279326,0.931
21.85693533635021,0.926039119804401,0.092,0.257,0.084,0.195,0.188,0.121,0.5397310513447433,58.5,1.6360000000000001,0.883,0.6253056234718827,1.0230000000000001
25.665491457320993,0.9181062060140754,0.08700000000000001,0.242,0.075,0.187,0.171,0.128,0.5041586692258477,62.7,1.563,0.788,0.5834932821497121,0.912
23.588690832067922,0.9083665338645418,0.088,0.226,0.075,0.183,0.17400000000000002,0.138,0.5059760956175299,53.5,1.506,0.762,0.602921646746348,0.908
22.85537211665634,0.9230313795145056,0.101,0.257,0.077,0.192,0.188,0.13,0.5387803433984606,65.2,1.689,0.91,0.6133806986382475,1.036
27.421874999999996,0.914375,0.098,0.258,0.075,0.187,0.176,0.137,0.50375,70.2,1.6,0.806,0.6,0.96
27.891545925632332,0.9321291735084839,0.093,0.251,0.08,0.191,0.188,0.124,0.5462506841817186,93.10000000000001,1.827,0.998,0.608648056923919,1.112
20.937990488170037,0.9234629861982434,0.079,0.229,0.07200000000000001,0.17,0.17300000000000001,0.122,0.560853199498118,53.2,1.594,0.894,0.6304893350062736,1.0050000000000001
23.513799881247312,0.9355203619909502,0.09,0.272,0.083,0.199,0.209,0.114,0.5322398190045249,73.5,1.768,0.9410000000000001,0.6300904977375565,1.114
20.262178769892948,0.9294330518697226,0.084,0.243,0.074,0.182,0.17400000000000002,0.117,0.5440289505428226,55.7,1.6580000000000001,0.902,0.6145958986731002,1.0190000000000001
24.683067528727513,0.9220380601596071,0.097,0.25,0.079,0.187,0.188,0.127,0.5193370165745856,65.5,1.629,0.846,0.5930018416206262,0.966
24.717554543165225,0.9228468899521531,0.098,0.25,0.078,0.184,0.185,0.129,0.5364832535885168,69.10000000000001,1.672,0.897,0.6022727272727273,1.0070000000000001
30.354607876659,0.9298934380257993,0.101,0.28200000000000003,0.08700000000000001,0.20800000000000002,0.21,0.125,0.5524397083567022,96.5,1.7830000000000001,0.985,0.6141334828939988,1.095
28.443611755234215,0.9267982176957352,0.097,0.243,0.081,0.188,0.181,0.115,0.5194143857415658,70.2,1.571,0.8160000000000001,0.58497772119669,0.919
22.48857833915614,0.92,0.097,0.243,0.078,0.184,0.17500000000000002,0.122,0.5252459016393443,52.300000000000004,1.5250000000000001,0.801,0.6137704918032787,0.936
25.943141282023564,0.9197492163009404,0.096,0.254,0.081,0.191,0.199,0.128,0.535423197492163,66.0,1.595,0.854,0.6075235109717868,0.969
27.902856923473504,0.9244730679156908,0.096,0.248,0.081,0.194,0.187,0.129,0.5357142857142857,81.4,1.708,0.915,0.6065573770491803,1.036
28.803760464055205,0.9202420242024203,0.1,0.28300000000000003,0.085,0.20500000000000002,0.194,0.145,0.5412541254125413,95.2,1.818,0.984,0.5951595159515951,1.082
23.093034747647177,0.9140995260663507,0.097,0.252,0.078,0.191,0.189,0.145,0.5503554502369669,65.8,1.688,0.929,0.6090047393364929,1.028
20.458597980008328,0.9228316326530612,0.084,0.234,0.077,0.185,0.178,0.121,0.5121173469387755,50.300000000000004,1.568,0.803,0.6065051020408163,0.9510000000000001
22.62176776501484,0.9157556270096463,0.088,0.229,0.07100000000000001,0.17300000000000001,0.164,0.131,0.5331189710610933,54.7,1.555,0.8290000000000001,0.5813504823151125,0.904
25.42474663020482,0.9240121580547113,0.097,0.247,0.07200000000000001,0.17200000000000001,0.17400000000000002,0.125,0.5063829787234042,68.8,1.645,0.833,0.5896656534954408,0.97
22.70539264352797,0.9301042305334151,0.092,0.26,0.081,0.187,0.193,0.114,0.5524218270999387,60.400000000000006,1.631,0.901,0.6370324954015941,1.039
27.384710980777903,0.9206653870761357,0.092,0.23500000000000001,0.077,0.187,0.17,0.124,0.5175943698016635,66.9,1.563,0.809,0.5841330774152271,0.913
24.425491241891475,0.9246487867177522,0.091,0.234,0.074,0.18,0.161,0.11800000000000001,0.5312899106002554,59.900000000000006,1.566,0.8320000000000001,0.6181353767560664,0.968
24.520096727004947,0.9211356466876972,0.089,0.244,0.077,0.185,0.183,0.125,0.5406940063091482,61.6,1.585,0.857,0.62397476340694,0.989
23.78137796594576,0.919631093544137,0.085,0.23500000000000001,0.075,0.185,0.164,0.122,0.5131752305665349,54.800000000000004,1.518,0.779,0.5948616600790514,0.903
23.891459989715596,0.9264150943396227,0.091,0.252,0.078,0.185,0.188,0.117,0.5566037735849056,60.400000000000006,1.59,0.885,0.6333333333333333,1.0070000000000001
24.281337897039645,0.9186046511627907,0.085,0.22,0.074,0.177,0.156,0.11900000000000001,0.5218878248974008,51.900000000000006,1.462,0.763,0.600547195622435,0.878
25.031279321308148,0.9218261413383365,0.093,0.219,0.075,0.18,0.162,0.125,0.5003126954346466,64.0,1.599,0.8,0.5797373358348968,0.927
24.132240348456566,0.9279279279279279,0.089,0.23,0.078,0.185,0.176,0.12,0.5321321321321322,66.9,1.665,0.886,0.6186186186186187,1.03
26.98789195562932,0.9246495327102804,0.1,0.265,0.078,0.185,0.191,0.129,0.5192757009345794,79.10000000000001,1.712,0.889,0.5963785046728972,1.0210000000000001
22.397372840601115,0.923500611995104,0.09,0.247,0.079,0.183,0.17300000000000001,0.125,0.5312117503059975,59.800000000000004,1.6340000000000001,0.868,0.6236230110159119,1.0190000000000001
27.76956093909411,0.9164619164619164,0.094,0.264,0.08,0.197,0.19,0.136,0.535012285012285,73.60000000000001,1.6280000000000001,0.871,0.6167076167076168,1.004
31.242603550295858,0.9218461538461539,0.1,0.254,0.079,0.194,0.19,0.127,0.5366153846153846,82.5,1.625,0.872,0.6123076923076923,0.995
25.613886249950877,0.9289871944121071,0.091,0.256,0.078,0.187,0.193,0.122,0.5075669383003493,75.60000000000001,1.718,0.872,0.5989522700814901,1.029
23.126410905404814,0.9270573566084788,0.094,0.249,0.073,0.17300000000000001,0.18,0.117,0.5087281795511222,59.5,1.604,0.8160000000000001,0.6059850374064838,0.972
28.244112918850707,0.9216247139588101,0.101,0.258,0.079,0.188,0.198,0.137,0.5291762013729977,86.30000000000001,1.748,0.925,0.6127002288329519,1.071
25.19742883379247,0.9193939393939394,0.095,0.263,0.083,0.195,0.193,0.133,0.5327272727272727,68.60000000000001,1.6500000000000001,0.879,0.5987878787878788,0.988
27.06594192847851,0.916617033948779,0.097,0.25,0.078,0.19,0.18,0.14,0.5068493150684932,76.3,1.679,0.851,0.5836807623585467,0.98
27.1207997830336,0.9241590214067278,0.10300000000000001,0.256,0.078,0.19,0.17400000000000002,0.124,0.5345565749235474,72.5,1.635,0.874,0.6079510703363914,0.994
22.8301611080524,0.9258816497310222,0.096,0.249,0.08,0.197,0.185,0.124,0.5230125523012552,63.900000000000006,1.673,0.875,0.6072922893006575,1.016
20.707929655274096,0.923919659160073,0.088,0.23700000000000002,0.074,0.17400000000000002,0.165,0.125,0.5252586731588558,55.900000000000006,1.643,0.863,0.6098600121728546,1.002
26.718135214047585,0.9237137788290952,0.098,0.258,0.077,0.189,0.19,0.129,0.5263157894736842,76.4,1.691,0.89,0.6120638675340035,1.035
25.003720152926906,0.9180622009569378,0.088,0.253,0.076,0.187,0.187,0.137,0.5436602870813397,69.9,1.672,0.909,0.6130382775119617,1.025
23.48079271156194,0.9230769230769231,0.08600000000000001,0.23900000000000002,0.077,0.188,0.178,0.126,0.5231990231990232,63.0,1.6380000000000001,0.857,0.5964590964590964,0.977
21.573698030883854,0.9236276849642004,0.094,0.259,0.082,0.194,0.195,0.128,0.5107398568019093,60.6,1.676,0.856,0.6026252983293556,1.01
24.826352442931334,0.9256797583081571,0.10300000000000001,0.257,0.08,0.195,0.19,0.123,0.5323262839879154,68.0,1.655,0.881,0.602416918429003,0.997
23.31031410113611,0.9128358208955224,0.088,0.258,0.07200000000000001,0.17400000000000002,0.18,0.146,0.5134328358208955,65.4,1.675,0.86,0.591044776119403,0.99
23.65808526057314,0.9144562334217506,0.088,0.233,0.076,0.184,0.17,0.129,0.5298408488063661,53.800000000000004,1.508,0.799,0.603448275862069,0.91
25.930804128070502,0.9243597379392495,0.101,0.244,0.079,0.188,0.18,0.127,0.5074449076831448,73.10000000000001,1.679,0.852,0.5789160214413341,0.972
26.756422938707537,0.9243498817966903,0.099,0.253,0.078,0.178,0.186,0.128,0.516548463356974,76.60000000000001,1.692,0.874,0.6046099290780141,1.0230000000000001
21.69041648231066,0.9276517473942366,0.094,0.242,0.077,0.187,0.176,0.11800000000000001,0.5156345800122624,57.7,1.631,0.841,0.5873697118332312,0.9580000000000001
25.445844816940973,0.9217221135029354,0.093,0.23500000000000001,0.077,0.182,0.178,0.12,0.4964122635355512,59.800000000000004,1.5330000000000001,0.761,0.588388780169602,0.902
28.080585549796176,0.9168266154830454,0.096,0.233,0.075,0.186,0.17200000000000001,0.13,0.527831094049904,68.60000000000001,1.563,0.8250000000000001,0.6161228406909789,0.963
25.848614014110858,0.9154078549848943,0.092,0.247,0.077,0.187,0.181,0.14,0.525679758308157,70.8,1.655,0.87,0.6241691842900302,1.033
21.80502730990306,0.9090909090909091,0.089,0.212,0.067,0.163,0.155,0.136,0.4979946524064171,48.800000000000004,1.496,0.745,0.5755347593582888,0.861
24.25793980420739,0.9290939786156444,0.097,0.278,0.079,0.197,0.20700000000000002,0.126,0.5295441755768149,76.60000000000001,1.7770000000000001,0.9410000000000001,0.6285875070343275,1.117
24.39212155393295,0.9223803363518758,0.089,0.23700000000000002,0.077,0.186,0.176,0.12,0.5122897800776197,58.300000000000004,1.546,0.792,0.5853816300129366,0.905
24.1263020718682,0.9210682492581602,0.095,0.253,0.08,0.191,0.185,0.133,0.5412462908011869,68.5,1.685,0.912,0.6118694362017805,1.031
22.624749387391397,0.9185323383084577,0.08600000000000001,0.243,0.069,0.17300000000000001,0.179,0.131,0.5174129353233831,58.5,1.608,0.8320000000000001,0.6131840796019901,0.986
26.99532631680123,0.9221813725490197,0.10200000000000001,0.255,0.082,0.201,0.194,0.127,0.53125,71.9,1.6320000000000001,0.867,0.6084558823529411,0.993
22.723294002310848,0.9207100591715977,0.097,0.258,0.079,0.19,0.187,0.134,0.5360946745562131,64.9,1.69,0.906,0.6301775147928994,1.065
21.284946285630834,0.9280966767371601,0.094,0.241,0.079,0.186,0.186,0.11900000000000001,0.518429003021148,58.300000000000004,1.655,0.858,0.6181268882175227,1.0230000000000001
26.155651961916075,0.9174078780177891,0.097,0.243,0.079,0.192,0.18,0.13,0.5381194409148666,64.8,1.574,0.847,0.6092757306226175,0.9590000000000001
20.49209364886798,0.917420132610006,0.092,0.257,0.076,0.183,0.192,0.137,0.5201928872814949,56.400000000000006,1.659,0.863,0.6160337552742616,1.022
20.129019434610377,0.9266709928617781,0.082,0.224,0.07200000000000001,0.17,0.163,0.113,0.49772874756651525,47.800000000000004,1.541,0.767,0.5931213497728748,0.914
21.064825128090888,0.9194029850746268,0.097,0.257,0.08,0.192,0.197,0.135,0.5283582089552239,59.1,1.675,0.885,0.6274626865671642,1.051
24.36697172405302,0.9225181598062954,0.08700000000000001,0.242,0.074,0.17,0.176,0.128,0.5169491525423728,66.5,1.6520000000000001,0.854,0.5811138014527845,0.96
25.57485294459557,0.9240426867545511,0.09,0.244,0.079,0.191,0.177,0.121,0.5204017576898933,64.9,1.593,0.8290000000000001,0.5888261142498431,0.9380000000000001
20.904571854362096,0.9252396166134186,0.092,0.23900000000000002,0.075,0.177,0.17200000000000001,0.117,0.5130990415335464,51.2,1.565,0.803,0.6,0.9390000000000001
21.188431799735145,0.9130718954248366,0.094,0.233,0.07100000000000001,0.17200000000000001,0.17500000000000002,0.133,0.5183006535947713,49.6,1.53,0.793,0.5947712418300654,0.91
29.062499999999996,0.920625,0.098,0.247,0.077,0.188,0.194,0.127,0.518125,74.4,1.6,0.8290000000000001,0.61625,0.986
26.071370376405408,0.9164086687306502,0.097,0.254,0.084,0.202,0.197,0.135,0.5368421052631579,68.0,1.615,0.867,0.6037151702786377,0.975
20.872443383497327,0.9261400128452152,0.08600000000000001,0.241,0.07,0.162,0.177,0.115,0.5401412973667309,50.6,1.557,0.841,0.6101477199743096,0.9500000000000001
20.964576251285454,0.9237641453245979,0.088,0.274,0.077,0.181,0.192,0.128,0.5128052412150089,59.1,1.679,0.861,0.6063132817153067,1.018
25.77614432323864,0.9235860409145608,0.093,0.248,0.08,0.196,0.181,0.127,0.5180505415162455,71.2,1.6620000000000001,0.861,0.6070998796630566,1.0090000000000001
29.342070131719478,0.9292452830188679,0.092,0.25,0.083,0.195,0.187,0.12,0.5224056603773585,84.4,1.696,0.886,0.5943396226415094,1.008
19.922429997425017,0.9275799637899819,0.091,0.254,0.079,0.187,0.192,0.12,0.5455642727821364,54.7,1.657,0.904,0.619794809897405,1.027
21.789465442221005,0.9130434782608695,0.088,0.217,0.075,0.184,0.17200000000000001,0.13,0.5070234113712374,48.7,1.495,0.758,0.579933110367893,0.867
22.643721029356918,0.9257907542579076,0.08700000000000001,0.245,0.075,0.179,0.183,0.122,0.5285888077858881,61.2,1.6440000000000001,0.869,0.5991484184914841,0.985
26.45556930040042,0.927360774818402,0.099,0.249,0.083,0.196,0.185,0.12,0.5187651331719129,72.2,1.6520000000000001,0.857,0.5938256658595642,0.981
23.120623596247853,0.9240102171136654,0.093,0.232,0.075,0.179,0.177,0.11900000000000001,0.5287356321839081,56.7,1.566,0.8280000000000001,0.5919540229885057,0.927
25.17924659156078,0.9274047186932849,0.092,0.259,0.084,0.198,0.199,0.12,0.5287356321839081,68.8,1.653,0.874,0.5904416212946159,0.976
21.066411278536822,0.919576059850374,0.08700000000000001,0.233,0.07100000000000001,0.176,0.164,0.129,0.5012468827930174,54.2,1.604,0.804,0.5916458852867831,0.9490000000000001
24.04720336141333,0.9247176913425345,0.089,0.241,0.078,0.192,0.17400000000000002,0.12,0.5025094102885822,61.1,1.594,0.801,0.5991217063989962,0.9550000000000001
25.385993655768193,0.9182544560540873,0.098,0.254,0.076,0.186,0.17500000000000002,0.133,0.5107559926244623,67.2,1.627,0.8310000000000001,0.5998770743700061,0.976
25.054851391949196,0.9329091960670908,0.095,0.267,0.082,0.192,0.187,0.116,0.5263157894736842,74.9,1.729,0.91,0.6263736263736264,1.083
22.794540532199914,0.920099875156055,0.096,0.23900000000000002,0.07200000000000001,0.178,0.176,0.128,0.5224719101123596,58.5,1.602,0.837,0.5867665418227216,0.9400000000000001
23.195851584890107,0.9269349845201238,0.089,0.25,0.077,0.181,0.183,0.11800000000000001,0.5374613003095975,60.5,1.615,0.868,0.6006191950464397,0.97
22.209698727838806,0.9221884498480243,0.089,0.233,0.074,0.178,0.167,0.128,0.5100303951367782,60.1,1.645,0.839,0.5975683890577508,0.983
23.575155203105087,0.9272951324707333,0.09,0.23800000000000002,0.077,0.181,0.176,0.11800000000000001,0.5101663585951941,62.1,1.623,0.8280000000000001,0.5871842267406038,0.9530000000000001
23.938444001139928,0.9266457680250784,0.091,0.24,0.079,0.185,0.188,0.117,0.5278996865203762,60.900000000000006,1.595,0.842,0.6238244514106583,0.995
21.4572680788897,0.9182432432432432,0.084,0.228,0.074,0.18,0.17400000000000002,0.121,0.49527027027027026,47.0,1.48,0.733,0.6013513513513513,0.89
27.325671947312216,0.9245283018867925,0.1,0.264,0.085,0.199,0.195,0.128,0.5512971698113207,78.60000000000001,1.696,0.935,0.5878537735849056,0.997
25.687358276643995,0.9255952380952381,0.098,0.258,0.079,0.188,0.191,0.125,0.5428571428571428,72.5,1.68,0.912,0.6125,1.029
20.41058502432657,0.929559748427673,0.08600000000000001,0.243,0.075,0.17500000000000002,0.182,0.112,0.5220125786163522,51.6,1.59,0.8300000000000001,0.6062893081761006,0.964
21.43002881718645,0.9130150425114454,0.091,0.229,0.074,0.179,0.167,0.133,0.5029431000654022,50.1,1.5290000000000001,0.769,0.5768476128188358,0.882
26.02260308338748,0.9219858156028369,0.092,0.232,0.08,0.186,0.188,0.121,0.5306254029658285,62.6,1.551,0.8230000000000001,0.597678916827853,0.927
26.945770524066134,0.9268578115857227,0.106,0.274,0.081,0.192,0.202,0.125,0.5313048566413107,78.7,1.709,0.908,0.6161497952018724,1.053
22.654174130596562,0.9263687853996224,0.085,0.23500000000000001,0.075,0.18,0.168,0.117,0.5317809943360604,57.2,1.589,0.845,0.5940843297671492,0.9440000000000001
25.656185668071753,0.9257425742574258,0.093,0.249,0.075,0.183,0.19,0.12,0.5538366336633663,67.0,1.616,0.895,0.6181930693069307,0.999
19.818859330181827,0.9202678027997565,0.088,0.229,0.076,0.183,0.167,0.131,0.48569689592209375,53.5,1.643,0.798,0.595861229458308,0.979
25.331845186691336,0.9281663516068053,0.092,0.244,0.08,0.187,0.185,0.114,0.5412728418399496,63.800000000000004,1.587,0.859,0.6156269691241336,0.977
26.29847864000495,0.9166173861620343,0.099,0.27,0.08,0.193,0.187,0.14100000000000001,0.5310467179183915,75.2,1.691,0.898,0.6096984033116499,1.031
21.38121847403191,0.920410783055199,0.093,0.242,0.075,0.183,0.179,0.124,0.5288831835686778,51.900000000000006,1.558,0.8240000000000001,0.5962772785622593,0.929
23.195589293193407,0.9168218497827436,0.093,0.243,0.075,0.177,0.184,0.134,0.5294847920546245,60.2,1.611,0.853,0.6182495344506518,0.996
23.585413515215794,0.9286542923433875,0.092,0.259,0.078,0.185,0.179,0.123,0.5551044083526682,70.10000000000001,1.724,0.9570000000000001,0.605568445475638,1.044
29.687232477984182,0.9155884165126309,0.10300000000000001,0.275,0.084,0.203,0.196,0.137,0.5206407886629698,78.2,1.623,0.845,0.5933456561922366,0.963
21.494436775398263,0.9199288256227758,0.095,0.256,0.076,0.186,0.195,0.135,0.5207591933570581,61.1,1.686,0.878,0.5972716488730724,1.0070000000000001
25.05390958119472,0.9199747952110902,0.088,0.225,0.077,0.188,0.17300000000000001,0.127,0.5141776937618148,63.1,1.587,0.8160000000000001,0.5689981096408318,0.903
22.593045693179747,0.9120310478654593,0.084,0.227,0.07200000000000001,0.169,0.168,0.136,0.4987063389391979,54.0,1.546,0.771,0.5776196636481242,0.893
21.87956413363289,0.9233055885850179,0.089,0.258,0.074,0.18,0.184,0.129,0.5683709869203329,61.900000000000006,1.682,0.9560000000000001,0.619500594530321,1.042
25.006923493982953,0.9229756418696511,0.091,0.23800000000000002,0.075,0.18,0.17,0.117,0.5128373930217248,57.7,1.5190000000000001,0.779,0.5931533903884134,0.901
25.299220611083314,0.9264255058246474,0.093,0.244,0.078,0.187,0.18,0.12,0.5370938074800736,67.3,1.631,0.876,0.6131207847946045,1.0
26.143509809191073,0.9147540983606557,0.089,0.233,0.074,0.183,0.164,0.13,0.52,60.800000000000004,1.5250000000000001,0.793,0.6131147540983607,0.935
32.96124158623334,0.9209414604707302,0.098,0.252,0.082,0.192,0.187,0.131,0.5069402534701267,90.5,1.657,0.84,0.5853952926976463,0.97
24.9596601387274,0.9237749546279492,0.095,0.258,0.083,0.193,0.196,0.126,0.5287356321839081,68.2,1.653,0.874,0.6194797338173019,1.024
32.619976320667256,0.9129232895646164,0.084,0.224,0.07200000000000001,0.182,0.164,0.126,0.5051831375259157,68.3,1.447,0.731,0.580511402902557,0.84
29.828714930652076,0.9176470588235294,0.092,0.253,0.079,0.187,0.188,0.133,0.544891640866873,77.80000000000001,1.615,0.88,0.6055727554179566,0.978
21.60126727434676,0.9278290993071594,0.092,0.263,0.078,0.193,0.18,0.125,0.5219399538106235,64.8,1.732,0.904,0.6131639722863741,1.062
36.02716888051732,0.9267166762839008,0.096,0.258,0.079,0.193,0.19,0.127,0.5268320830929025,108.2,1.733,0.913,0.5920369301788806,1.026
28.247675619834713,0.9272727272727272,0.099,0.259,0.078,0.188,0.187,0.128,0.51875,87.5,1.76,0.913,0.6017045454545454,1.059
28.288736093016816,0.9233073696824445,0.092,0.256,0.082,0.194,0.192,0.128,0.5200718993409227,78.80000000000001,1.669,0.868,0.6063511084481725,1.012
32.88648240884911,0.9238451935081149,0.096,0.249,0.082,0.195,0.186,0.122,0.5318352059925093,84.4,1.602,0.852,0.6061173533083646,0.971
25.700096442790702,0.9248913718187461,0.08700000000000001,0.224,0.076,0.182,0.17500000000000002,0.121,0.5176908752327747,66.7,1.611,0.834,0.5791433891992551,0.933
29.003476932167878,0.926571250777847,0.094,0.252,0.081,0.193,0.193,0.11800000000000001,0.5482265090230243,74.9,1.607,0.881,0.6197884256378344,0.996
33.04399526276169,0.9197218710493047,0.091,0.253,0.077,0.188,0.178,0.127,0.5189633375474083,82.7,1.582,0.8210000000000001,0.6055625790139064,0.9580000000000001
25.966786425236577,0.9248166259168704,0.094,0.23700000000000002,0.083,0.193,0.17500000000000002,0.123,0.519559902200489,69.5,1.6360000000000001,0.85,0.6008557457212714,0.983
24.06099963960282,0.9265569917743831,0.101,0.264,0.08700000000000001,0.20800000000000002,0.183,0.125,0.5305522914218567,69.7,1.702,0.903,0.6022326674500588,1.025
20.85900380084234,0.9220615964802011,0.09,0.248,0.08,0.189,0.193,0.124,0.5386549340037712,52.800000000000004,1.591,0.857,0.6247642991829039,0.994
26.41162569107617,0.9303944315545244,0.10300000000000001,0.23800000000000002,0.08600000000000001,0.203,0.186,0.12,0.525522041763341,78.5,1.724,0.906,0.6061484918793504,1.045
24.3658238908178,0.9245624622812312,0.10400000000000001,0.255,0.088,0.20700000000000002,0.197,0.125,0.540132770066385,66.9,1.657,0.895,0.6300543150271575,1.044
21.965163093311254,0.9220615964802011,0.08700000000000001,0.245,0.079,0.185,0.179,0.124,0.5116279069767442,55.6,1.591,0.8140000000000001,0.5700817096165933,0.907
31.615792841281188,0.9233128834355828,0.091,0.23500000000000001,0.08,0.19,0.176,0.125,0.5184049079754601,84.0,1.6300000000000001,0.845,0.5914110429447853,0.964
27.7657121855057,0.9271676300578034,0.08700000000000001,0.23900000000000002,0.077,0.183,0.17500000000000002,0.126,0.5098265895953757,83.10000000000001,1.73,0.882,0.5890173410404624,1.0190000000000001
25.582791656877333,0.9274336283185841,0.098,0.253,0.083,0.195,0.179,0.123,0.5227138643067847,73.5,1.695,0.886,0.5935103244837758,1.006
29.879339161436146,0.9249061326658323,0.092,0.252,0.078,0.189,0.186,0.12,0.541927409261577,76.3,1.598,0.866,0.6132665832290363,0.98
24.697235925677216,0.9202988792029888,0.08700000000000001,0.23700000000000002,0.08,0.186,0.171,0.128,0.5118306351183064,63.7,1.606,0.8220000000000001,0.5896637608966376,0.9470000000000001
25.899680915931114,0.9221411192214112,0.091,0.249,0.079,0.182,0.171,0.128,0.5316301703163017,70.0,1.6440000000000001,0.874,0.6021897810218978,0.99
25.23557571176619,0.9219047619047619,0.095,0.246,0.082,0.192,0.186,0.123,0.4996825396825397,62.6,1.575,0.787,0.5822222222222222,0.917
22.51346728166387,0.9214372716199757,0.093,0.259,0.079,0.186,0.184,0.129,0.5267965895249695,60.7,1.6420000000000001,0.865,0.610231425091352,1.002
27.029876640243845,0.9219814241486068,0.094,0.252,0.084,0.198,0.194,0.126,0.5411764705882353,70.5,1.615,0.874,0.604953560371517,0.977
27.95245243214735,0.9229299363057325,0.093,0.253,0.078,0.18,0.184,0.121,0.5261146496815287,68.9,1.57,0.8260000000000001,0.6050955414012739,0.9500000000000001
24.511616686331465,0.9222153080273802,0.097,0.247,0.074,0.184,0.167,0.125,0.5239576851275669,63.300000000000004,1.607,0.842,0.6179215930304915,0.993
21.33231664419965,0.9200492004920049,0.093,0.242,0.078,0.193,0.188,0.13,0.541820418204182,56.400000000000006,1.6260000000000001,0.881,0.6131611316113161,0.997
24.38582999296524,0.9207634470792365,0.099,0.257,0.084,0.197,0.192,0.137,0.5159051474840949,72.9,1.729,0.892,0.6090225563909775,1.053
27.430081034140684,0.9207195203197868,0.094,0.232,0.074,0.182,0.176,0.11900000000000001,0.5356429047301798,61.800000000000004,1.5010000000000001,0.804,0.619586942038641,0.93
22.50833955833393,0.9275799637899819,0.093,0.251,0.077,0.18,0.178,0.12,0.5371152685576343,61.800000000000004,1.657,0.89,0.6053108026554014,1.0030000000000001
20.959725082111447,0.9275092936802974,0.091,0.253,0.078,0.183,0.189,0.117,0.5359355638166047,54.6,1.614,0.865,0.6152416356877324,0.993
24.894759761939323,0.9180722891566265,0.094,0.247,0.08,0.197,0.20500000000000002,0.136,0.5403614457831325,68.60000000000001,1.6600000000000001,0.897,0.6162650602409638,1.0230000000000001
22.846959233682337,0.9253731343283582,0.1,0.25,0.081,0.197,0.19,0.125,0.5247761194029851,64.10000000000001,1.675,0.879,0.6095522388059702,1.0210000000000001
23.66714820927275,0.9261294261294262,0.094,0.254,0.081,0.187,0.192,0.121,0.5525030525030525,63.5,1.6380000000000001,0.905,0.6257631257631258,1.025
25.26846750331599,0.9248737373737373,0.09,0.23800000000000002,0.079,0.187,0.181,0.11900000000000001,0.547979797979798,63.400000000000006,1.584,0.868,0.6281565656565656,0.995
24.234693877551027,0.9208333333333333,0.093,0.249,0.07100000000000001,0.17500000000000002,0.178,0.133,0.5125,68.4,1.68,0.861,0.5857142857142857,0.984
24.470210936816837,0.9244151169766047,0.09,0.245,0.076,0.182,0.182,0.126,0.5242951409718056,68.0,1.667,0.874,0.6058788242351529,1.01
24.299771821583377,0.926052332195677,0.10200000000000001,0.27,0.085,0.20400000000000001,0.192,0.13,0.5193401592718999,75.10000000000001,1.758,0.913,0.6103526734926052,1.073
29.866523662990502,0.9253554502369669,0.092,0.262,0.078,0.187,0.185,0.126,0.5248815165876777,85.10000000000001,1.688,0.886,0.6220379146919431,1.05
21.744848488471494,0.9266503667481663,0.084,0.23500000000000001,0.075,0.183,0.17500000000000002,0.12,0.5091687041564792,58.2,1.6360000000000001,0.833,0.6008557457212714,0.983
27.45455960601739,0.9284380833851898,0.097,0.249,0.081,0.187,0.184,0.115,0.5208462974486621,70.9,1.607,0.837,0.6060983198506534,0.974
26.133130985234782,0.918444165621079,0.09,0.244,0.074,0.177,0.17400000000000002,0.13,0.5094102885821832,66.4,1.594,0.812,0.5922208281053952,0.9440000000000001
26.37965233221217,0.9268004722550177,0.094,0.253,0.085,0.201,0.186,0.124,0.5,75.7,1.694,0.847,0.577331759149941,0.978
24.503380070687598,0.9202988792029888,0.099,0.25,0.083,0.194,0.178,0.128,0.5317559153175592,63.2,1.606,0.854,0.6039850560398505,0.97
23.68261917118563,0.917605216360403,0.094,0.268,0.075,0.188,0.191,0.139,0.5228215767634855,67.4,1.687,0.882,0.5986959098992294,1.01
24.298923581903516,0.9256670902160101,0.088,0.247,0.078,0.182,0.184,0.117,0.5355781448538754,60.2,1.574,0.843,0.6327827191867853,0.996
23.972518776202918,0.9170305676855895,0.099,0.23700000000000002,0.08,0.19,0.17500000000000002,0.133,0.5221459762944479,61.6,1.603,0.837,0.6007485963817841,0.963
24.02816561824594,0.9230275817831943,0.095,0.243,0.078,0.181,0.177,0.12,0.5304682488774856,58.400000000000006,1.559,0.8270000000000001,0.6132135984605517,0.9560000000000001
26.051119053614077,0.9192284508740205,0.091,0.25,0.077,0.176,0.182,0.134,0.5003013863773358,71.7,1.659,0.8300000000000001,0.6045810729355033,1.0030000000000001
23.262991574651167,0.9231722428748451,0.08700000000000001,0.243,0.076,0.188,0.176,0.124,0.5037174721189591,60.6,1.614,0.8130000000000001,0.59727385377943,0.964
24.3893259061312,0.9276073619631902,0.097,0.269,0.08,0.191,0.193,0.11800000000000001,0.5294478527607362,64.8,1.6300000000000001,0.863,0.6067484662576688,0.989
23.212616396945453,0.913588850174216,0.085,0.217,0.077,0.183,0.17,0.124,0.48501742160278744,47.800000000000004,1.435,0.6960000000000001,0.5609756097560976,0.805
26.863796616377833,0.9204545454545454,0.101,0.271,0.082,0.196,0.183,0.133,0.5311004784688995,75.10000000000001,1.672,0.888,0.5980861244019139,1.0
25.331954872784912,0.9250585480093677,0.096,0.254,0.08600000000000001,0.2,0.191,0.128,0.5485948477751756,73.9,1.708,0.937,0.6194379391100703,1.058
24.42171097225466,0.9242243436754176,0.092,0.254,0.077,0.188,0.18,0.127,0.5107398568019093,68.60000000000001,1.676,0.856,0.5835322195704057,0.978
23.948570830408972,0.9198259788688626,0.08700000000000001,0.24,0.074,0.177,0.167,0.129,0.5226848974518334,62.0,1.609,0.841,0.6183965195773773,0.995
29.270994027135,0.9188679245283019,0.094,0.234,0.075,0.186,0.17500000000000002,0.129,0.520125786163522,74.0,1.59,0.8270000000000001,0.5911949685534591,0.9400000000000001
22.535075392639776,0.9171270718232044,0.095,0.234,0.08,0.192,0.178,0.135,0.5285451197053407,59.800000000000004,1.629,0.861,0.6138735420503376,1.0
25.25841908142374,0.9205256570713392,0.093,0.249,0.08,0.192,0.182,0.127,0.5193992490613266,64.5,1.598,0.8300000000000001,0.6007509386733417,0.96
23.134451019066404,0.9166666666666666,0.094,0.23500000000000001,0.074,0.176,0.169,0.13,0.5480769230769231,56.300000000000004,1.56,0.855,0.6205128205128205,0.968
24.075717077334296,0.9229857819905213,0.097,0.259,0.08,0.191,0.191,0.13,0.523696682464455,68.60000000000001,1.688,0.884,0.5983412322274881,1.01
22.856955197412173,0.9203438395415473,0.097,0.246,0.082,0.197,0.196,0.139,0.5455587392550143,69.60000000000001,1.745,0.9520000000000001,0.6091690544412608,1.063
22.544337494806047,0.9228930065750149,0.095,0.257,0.08,0.195,0.20400000000000001,0.129,0.5343693962940825,63.1,1.673,0.894,0.6234309623430963,1.043
26.391585971405856,0.924187725631769,0.092,0.257,0.084,0.187,0.192,0.126,0.5210589651022864,72.9,1.6620000000000001,0.866,0.6022864019253911,1.0010000000000001
22.063181220850833,0.9156091370558376,0.091,0.227,0.073,0.18,0.168,0.133,0.4879441624365482,54.800000000000004,1.576,0.769,0.5913705583756346,0.932
21.971335857220122,0.9308139534883721,0.094,0.253,0.079,0.188,0.184,0.11900000000000001,0.5290697674418605,65.0,1.72,0.91,0.6069767441860465,1.044
24.192982583471835,0.9223985890652557,0.093,0.26,0.083,0.198,0.178,0.132,0.5155790711346266,70.0,1.701,0.877,0.6131687242798354,1.043
22.10028959000152,0.9246913580246914,0.09,0.24,0.074,0.176,0.184,0.122,0.5265432098765432,58.0,1.62,0.853,0.6024691358024692,0.976
26.462045967944352,0.9221556886227545,0.09,0.256,0.077,0.179,0.185,0.13,0.5101796407185629,73.8,1.67,0.852,0.6125748502994012,1.0230000000000001
17.990891640633823,0.9159509202453988,0.082,0.242,0.077,0.182,0.177,0.137,0.5263803680981595,47.800000000000004,1.6300000000000001,0.858,0.6122699386503068,0.998
21.782210771097734,0.9272616136919315,0.099,0.249,0.076,0.18,0.184,0.11900000000000001,0.5171149144254279,58.300000000000004,1.6360000000000001,0.846,0.6100244498777506,0.998
28.899215602444826,0.9241540256709452,0.106,0.276,0.085,0.197,0.19,0.13,0.5099183197199533,84.9,1.714,0.874,0.6079346557759626,1.042
25.269227742021897,0.9236192714453584,0.10400000000000001,0.267,0.081,0.192,0.187,0.13,0.5311398354876615,73.2,1.702,0.904,0.6116333725029377,1.041
24.08923697638543,0.9232704402515723,0.089,0.233,0.074,0.178,0.17400000000000002,0.122,0.5245283018867924,60.900000000000006,1.59,0.834,0.6182389937106918,0.983
24.22716635876433,0.9214850882531954,0.089,0.241,0.077,0.177,0.17,0.129,0.5045648204503956,65.4,1.643,0.8290000000000001,0.6080340839926963,0.999
26.586897452866573,0.9242509892594686,0.098,0.272,0.077,0.189,0.195,0.134,0.5195025438100622,83.2,1.7690000000000001,0.919,0.6031656302996043,1.067
24.631147523902843,0.921885087153002,0.089,0.216,0.082,0.192,0.165,0.121,0.5190445448676565,59.1,1.549,0.804,0.5958683021304068,0.923
29.573348073200624,0.9151989562948467,0.093,0.24,0.078,0.19,0.17500000000000002,0.13,0.5172863666014351,69.5,1.5330000000000001,0.793,0.598825831702544,0.918
24.02874927400823,0.9158291457286433,0.089,0.23500000000000001,0.075,0.177,0.17,0.134,0.5169597989949749,60.900000000000006,1.592,0.8230000000000001,0.6042713567839196,0.962
25.1073726447836,0.9223119950279677,0.098,0.23700000000000002,0.08,0.197,0.182,0.125,0.5065257924176507,65.0,1.609,0.8150000000000001,0.598508390304537,0.963
22.341730167957007,0.9126832377310389,0.089,0.224,0.078,0.188,0.167,0.137,0.5124282982791587,55.0,1.569,0.804,0.5978330146590185,0.9380000000000001
26.198658183443083,0.926860025220681,0.095,0.241,0.08,0.189,0.17,0.116,0.5044136191677175,65.9,1.586,0.8,0.5889029003783102,0.934
28.29492596497403,0.9237611181702668,0.099,0.243,0.08,0.192,0.181,0.12,0.5120711562897078,70.10000000000001,1.574,0.806,0.6010165184243964,0.9460000000000001
26.35112627161395,0.9226963512677798,0.1,0.244,0.078,0.187,0.17400000000000002,0.125,0.5108225108225108,68.9,1.617,0.8260000000000001,0.5899814471243042,0.9540000000000001
24.040356114112086,0.9181875393329137,0.091,0.241,0.078,0.183,0.17400000000000002,0.13,0.5330396475770925,60.7,1.589,0.847,0.5903083700440529,0.9380000000000001
26.108169409384256,0.9243597379392495,0.094,0.258,0.081,0.191,0.194,0.127,0.5443716497915426,73.60000000000001,1.679,0.914,0.6075044669446099,1.02
19.51557093425606,0.9288235294117647,0.088,0.234,0.075,0.17500000000000002,0.17200000000000001,0.121,0.5270588235294118,56.400000000000006,1.7,0.896,0.6070588235294118,1.032
21.487178494295456,0.9174368453481208,0.094,0.25,0.08,0.188,0.183,0.134,0.514479359211337,56.6,1.623,0.835,0.5933456561922366,0.963
24.21480559351342,0.9242695289206917,0.094,0.249,0.083,0.191,0.192,0.127,0.5271317829457365,68.10000000000001,1.677,0.884,0.6022659511031604,1.01
25.84582417634057,0.9167709637046307,0.085,0.241,0.077,0.184,0.17400000000000002,0.133,0.5269086357947435,66.0,1.598,0.842,0.6070087609511889,0.97
20.298224852071005,0.924923076923077,0.089,0.243,0.08,0.195,0.188,0.122,0.5310769230769231,53.6,1.625,0.863,0.6061538461538462,0.985
22.787908672260915,0.9204747774480713,0.097,0.261,0.081,0.192,0.192,0.134,0.542433234421365,64.7,1.685,0.914,0.6207715133531158,1.046
27.331402055138287,0.9204747774480713,0.10200000000000001,0.257,0.082,0.193,0.188,0.134,0.5109792284866469,77.60000000000001,1.685,0.861,0.5910979228486647,0.996
21.373288855633113,0.9242144177449169,0.094,0.23700000000000002,0.077,0.183,0.177,0.123,0.5397412199630314,56.300000000000004,1.623,0.876,0.6192236598890942,1.0050000000000001
24.087563109415346,0.9277180406212664,0.091,0.255,0.077,0.181,0.191,0.121,0.533452807646356,67.5,1.674,0.893,0.6021505376344086,1.008
22.105036251893477,0.9243799153055051,0.091,0.247,0.078,0.185,0.171,0.125,0.5124016938898972,60.400000000000006,1.653,0.847,0.6085904416212946,1.006
21.52015688273778,0.9199747952110902,0.084,0.228,0.073,0.17500000000000002,0.165,0.127,0.4959042218021424,54.2,1.587,0.787,0.5847511027095148,0.928
26.100372441308558,0.9184952978056427,0.08600000000000001,0.228,0.077,0.179,0.158,0.13,0.5153605015673981,66.4,1.595,0.8220000000000001,0.5855799373040752,0.934
30.45474584409381,0.9168266154830454,0.093,0.244,0.07,0.176,0.18,0.13,0.5143953934740882,74.4,1.563,0.804,0.5790147152911068,0.905
22.16055806066212,0.9223416965352449,0.09,0.261,0.078,0.196,0.184,0.13,0.5173237753882916,62.1,1.674,0.866,0.6075268817204301,1.0170000000000001
28.251029472343205,0.9145239749826268,0.095,0.214,0.073,0.177,0.156,0.123,0.4850590687977762,58.5,1.439,0.6980000000000001,0.5691452397498262,0.8190000000000001
27.443449553518793,0.9266589057043073,0.097,0.254,0.082,0.196,0.186,0.126,0.5174621653084982,81.0,1.718,0.889,0.6006984866123399,1.032
20.238256959326648,0.9251101321585903,0.083,0.23,0.077,0.183,0.168,0.11900000000000001,0.4889867841409692,51.1,1.589,0.777,0.5777218376337319,0.918
26.496429264326828,0.9246200607902736,0.091,0.249,0.08,0.186,0.178,0.124,0.511854103343465,71.7,1.645,0.842,0.5908814589665653,0.972
21.583534501119892,0.9355992844364938,0.08700000000000001,0.247,0.075,0.185,0.177,0.108,0.5199761478831246,60.7,1.677,0.872,0.6129994036970781,1.028
24.536016048464234,0.9155927835051546,0.08600000000000001,0.224,0.074,0.179,0.161,0.131,0.5038659793814433,59.1,1.552,0.782,0.5998711340206185,0.931
27.419359706216213,0.9166119500984898,0.083,0.229,0.08,0.19,0.17200000000000001,0.127,0.5160866710439921,63.6,1.5230000000000001,0.786,0.5994747209455022,0.913
27.51540862883214,0.9199751861042184,0.09,0.246,0.081,0.193,0.17400000000000002,0.129,0.532258064516129,71.5,1.612,0.858,0.6017369727047146,0.97
21.28950612796551,0.9275274056029232,0.085,0.23500000000000001,0.078,0.187,0.17200000000000001,0.11900000000000001,0.5353227771010962,57.400000000000006,1.6420000000000001,0.879,0.6199756394640682,1.018
23.86806692659303,0.9289838337182448,0.1,0.251,0.08,0.192,0.188,0.123,0.5248267898383372,71.60000000000001,1.732,0.909,0.6096997690531177,1.056
21.093749999999996,0.92,0.088,0.23900000000000002,0.077,0.182,0.18,0.128,0.4975,54.0,1.6,0.796,0.596875,0.9550000000000001
21.45791955899442,0.9119943222143364,0.077,0.198,0.068,0.17,0.145,0.124,0.4804826117814053,42.6,1.409,0.677,0.5713271823988645,0.805
22.29080932784636,0.921604938271605,0.088,0.23600000000000002,0.081,0.19,0.177,0.127,0.5345679012345679,58.5,1.62,0.866,0.6049382716049383,0.98
27.160756249926198,0.9312714776632303,0.097,0.264,0.081,0.193,0.194,0.12,0.5412371134020618,82.80000000000001,1.746,0.9450000000000001,0.6156930126002291,1.075
25.97089014173087,0.9265402843601895,0.094,0.263,0.08600000000000001,0.197,0.203,0.124,0.5580568720379147,74.0,1.688,0.9420000000000001,0.6350710900473934,1.072
29.659945813411408,0.9165628891656289,0.093,0.23800000000000002,0.079,0.186,0.165,0.134,0.5049813200498132,76.5,1.606,0.811,0.5915317559153176,0.9500000000000001
30.99349427638921,0.9234016887816646,0.098,0.25,0.083,0.202,0.183,0.127,0.5108564535585042,85.2,1.6580000000000001,0.847,0.6055488540410132,1.004
26.541671611091335,0.9213836477987422,0.089,0.23500000000000001,0.078,0.185,0.18,0.125,0.5157232704402516,67.10000000000001,1.59,0.8200000000000001,0.589937106918239,0.9380000000000001
23.95994149991125,0.9298147108366086,0.097,0.251,0.081,0.19,0.181,0.125,0.5143177989893318,76.0,1.7810000000000001,0.916,0.592363840539023,1.055
24.333881866881416,0.9266272189349113,0.094,0.256,0.085,0.197,0.186,0.124,0.5023668639053255,69.5,1.69,0.849,0.5958579881656805,1.0070000000000001
27.56134043153602,0.9250302297460702,0.091,0.245,0.078,0.185,0.17300000000000001,0.124,0.5259975816203144,75.4,1.6540000000000001,0.87,0.5985489721886336,0.99
26.457676297713107,0.917877447883765,0.089,0.23700000000000002,0.08,0.184,0.17500000000000002,0.13,0.5015792798483891,66.3,1.583,0.794,0.5925457991156032,0.9380000000000001
20.693856382049972,0.9192383453709784,0.08600000000000001,0.23,0.07200000000000001,0.176,0.161,0.123,0.5180564674983585,48.0,1.5230000000000001,0.789,0.6001313197636244,0.914
29.233329517738113,0.9287833827893175,0.095,0.264,0.077,0.192,0.188,0.12,0.5186943620178042,83.0,1.685,0.874,0.6154302670623145,1.037
27.042650122478886,0.9270334928229665,0.098,0.262,0.079,0.186,0.195,0.122,0.5478468899521531,75.60000000000001,1.672,0.916,0.6160287081339713,1.03
29.113800424155396,0.9287020109689214,0.096,0.259,0.083,0.195,0.19,0.117,0.5228519195612431,78.4,1.641,0.858,0.6106032906764168,1.002
21.977729234375833,0.920316301703163,0.091,0.244,0.076,0.178,0.185,0.131,0.5139902676399026,59.400000000000006,1.6440000000000001,0.845,0.6021897810218978,0.99
30.03439840433437,0.9192235441452724,0.095,0.241,0.079,0.185,0.177,0.129,0.5385097056981841,76.60000000000001,1.597,0.86,0.6086412022542267,0.972
22.601325944455407,0.9249422632794457,0.095,0.266,0.078,0.191,0.199,0.13,0.5329099307159353,67.8,1.732,0.923,0.6310623556581986,1.093
22.11442095506067,0.9189012426422498,0.092,0.225,0.074,0.18,0.163,0.124,0.5075212557226946,51.7,1.5290000000000001,0.776,0.5775016350555919,0.883
25.224813290656908,0.9148148148148149,0.096,0.242,0.08,0.187,0.17400000000000002,0.138,0.5141975308641975,66.2,1.62,0.833,0.5901234567901235,0.9560000000000001
24.634656924431617,0.920876445526476,0.085,0.247,0.073,0.181,0.17,0.13,0.516737674984784,66.5,1.643,0.849,0.620815581253804,1.02
25.318693373689044,0.916452442159383,0.09,0.224,0.07200000000000001,0.169,0.16,0.13,0.506426735218509,61.300000000000004,1.556,0.788,0.5758354755784062,0.896
27.437991644397606,0.9269938650306748,0.098,0.254,0.082,0.195,0.18,0.11900000000000001,0.5398773006134969,72.9,1.6300000000000001,0.88,0.6006134969325153,0.979
26.90983018783906,0.9219330855018587,0.089,0.234,0.07200000000000001,0.171,0.167,0.126,0.5192069392812887,70.10000000000001,1.614,0.838,0.59727385377943,0.964
19.875929409656905,0.9180327868852459,0.085,0.223,0.07100000000000001,0.165,0.161,0.12,0.48770491803278687,42.6,1.464,0.714,0.5969945355191257,0.874
23.83130963343915,0.9245283018867925,0.096,0.266,0.08700000000000001,0.20400000000000001,0.192,0.132,0.51915380217267,72.9,1.749,0.908,0.6112064036592338,1.069
29.068834694972047,0.9245982694684796,0.092,0.233,0.077,0.186,0.17,0.122,0.507416563658838,76.10000000000001,1.618,0.8210000000000001,0.5914709517923362,0.9570000000000001
27.028439256120215,0.9196811771919068,0.088,0.242,0.074,0.181,0.17500000000000002,0.131,0.5309625996321276,71.9,1.631,0.866,0.6051502145922747,0.987
27.345213692168663,0.9266431924882629,0.099,0.261,0.08700000000000001,0.20700000000000002,0.18,0.125,0.5129107981220657,79.4,1.704,0.874,0.5897887323943662,1.0050000000000001
25.3090849563158,0.9197124026363092,0.099,0.249,0.078,0.194,0.18,0.134,0.4979029358897543,70.5,1.669,0.8310000000000001,0.5985620131815458,0.999
28.902009862463004,0.9174022698612863,0.08700000000000001,0.225,0.077,0.185,0.159,0.131,0.5157629255989912,72.7,1.586,0.8180000000000001,0.5781841109709962,0.917
23.729701169418377,0.9250936329588015,0.096,0.254,0.081,0.197,0.17300000000000001,0.12,0.5137328339575531,60.900000000000006,1.602,0.8230000000000001,0.6210986267166042,0.995
30.48315805517451,0.921604938271605,0.09,0.243,0.077,0.192,0.181,0.127,0.5061728395061729,80.0,1.62,0.8200000000000001,0.5814814814814815,0.9420000000000001
25.195263290501387,0.9244444444444444,0.088,0.23,0.073,0.17,0.158,0.11900000000000001,0.5219047619047619,62.5,1.575,0.8220000000000001,0.626031746031746,0.986
33.54929234145666,0.9140779907468606,0.088,0.228,0.07200000000000001,0.169,0.168,0.13,0.5069398545935228,76.80000000000001,1.5130000000000001,0.767,0.566424322538004,0.857
23.3598684734326,0.919262555626192,0.08600000000000001,0.228,0.075,0.177,0.164,0.127,0.5308328035600763,57.800000000000004,1.573,0.835,0.5956770502225047,0.937
23.499550051651205,0.9235900545785325,0.094,0.249,0.075,0.182,0.187,0.126,0.5312310491206792,63.900000000000006,1.649,0.876,0.6149181322013342,1.014
27.279524804517983,0.9221484610742305,0.101,0.256,0.084,0.198,0.196,0.129,0.5147857573928787,74.9,1.657,0.853,0.5908267954133977,0.979
27.478984917842062,0.9167750325097529,0.093,0.23700000000000002,0.078,0.17500000000000002,0.177,0.128,0.5130039011703511,65.0,1.538,0.789,0.5845253576072822,0.899
22.321302633137936,0.9239904988123515,0.094,0.252,0.076,0.182,0.185,0.128,0.5391923990498813,63.300000000000004,1.684,0.908,0.6175771971496437,1.04
21.89386056191467,0.9232258064516129,0.081,0.242,0.07200000000000001,0.17400000000000002,0.17400000000000002,0.11900000000000001,0.5103225806451613,52.6,1.55,0.791,0.5987096774193549,0.928
28.830592043358802,0.9226993865030675,0.095,0.244,0.081,0.192,0.17200000000000001,0.126,0.5196319018404908,76.60000000000001,1.6300000000000001,0.847,0.5815950920245399,0.9480000000000001
32.58614307410138,0.9279385705847608,0.095,0.256,0.077,0.187,0.18,0.122,0.5587714116952156,93.4,1.693,0.9460000000000001,0.6142941523922032,1.04
27.513675369155568,0.9184328837508028,0.088,0.248,0.07,0.18,0.181,0.127,0.5240847784200385,66.7,1.557,0.8160000000000001,0.5915221579961464,0.921
23.497154842094965,0.9200983405039951,0.09,0.24,0.075,0.182,0.177,0.13,0.48063921327596804,62.2,1.627,0.782,0.5857406269207129,0.9530000000000001
33.939145886445814,0.9231692677070829,0.097,0.254,0.084,0.20500000000000002,0.184,0.128,0.5354141656662665,94.2,1.666,0.892,0.5966386554621849,0.994
25.070390695247696,0.9161976235146967,0.094,0.242,0.075,0.184,0.17500000000000002,0.134,0.5059412132582864,64.10000000000001,1.599,0.809,0.5959974984365228,0.9530000000000001
28.91515116314539,0.9198448610213316,0.083,0.224,0.07100000000000001,0.176,0.176,0.124,0.535229476405947,69.2,1.547,0.8280000000000001,0.5895281189398837,0.912
24.136034576550834,0.9193154034229829,0.094,0.241,0.08,0.199,0.167,0.132,0.4993887530562347,64.60000000000001,1.6360000000000001,0.8170000000000001,0.5904645476772616,0.966
21.9370727755077,0.9198448610213316,0.098,0.243,0.078,0.188,0.178,0.124,0.497737556561086,52.5,1.547,0.77,0.5888817065287654,0.911
18.465195555841955,0.9238796807857581,0.084,0.241,0.075,0.17400000000000002,0.17400000000000002,0.124,0.52731737262124,49.0,1.629,0.859,0.6052793124616329,0.986
30.777449046679816,0.9205128205128205,0.096,0.23800000000000002,0.078,0.182,0.179,0.124,0.5173076923076924,74.9,1.56,0.807,0.5884615384615385,0.918
27.788640642974347,0.9263278126784694,0.099,0.268,0.085,0.202,0.187,0.129,0.5311250713877784,85.2,1.7510000000000001,0.93,0.6007995431182181,1.052
29.235502958579882,0.9126153846153846,0.093,0.252,0.075,0.189,0.191,0.14200000000000002,0.5310769230769231,77.2,1.625,0.863,0.592,0.962
25.98684330175979,0.9103623649078194,0.092,0.254,0.074,0.184,0.183,0.14100000000000001,0.5034965034965035,64.3,1.573,0.792,0.6033057851239669,0.9490000000000001
28.23841198435076,0.9136960600375235,0.094,0.227,0.078,0.187,0.17300000000000001,0.138,0.5228267667292058,72.2,1.599,0.836,0.6028767979987493,0.964
28.956936063670163,0.9140271493212669,0.09,0.23,0.077,0.182,0.17400000000000002,0.133,0.4964447317388494,69.3,1.547,0.768,0.5882352941176471,0.91
24.483219692880102,0.9314121037463977,0.092,0.262,0.082,0.197,0.182,0.11900000000000001,0.49971181556195965,73.7,1.735,0.867,0.6011527377521614,1.043
25.995912366883,0.9203592814371258,0.09,0.253,0.075,0.182,0.181,0.133,0.5227544910179641,72.5,1.67,0.873,0.6005988023952096,1.0030000000000001
28.98052480320946,0.9261025029797377,0.1,0.259,0.078,0.183,0.192,0.124,0.5041716328963052,81.60000000000001,1.678,0.846,0.5983313468414779,1.004
22.15471296820293,0.9139650872817955,0.092,0.249,0.078,0.193,0.184,0.138,0.5155860349127181,57.0,1.604,0.8270000000000001,0.5916458852867831,0.9490000000000001
24.81052838531202,0.9123237277743715,0.094,0.253,0.08,0.197,0.176,0.14300000000000002,0.5107296137339056,66.0,1.631,0.833,0.6020846106683017,0.982
28.35122798900932,0.9204275534441805,0.096,0.255,0.074,0.18,0.195,0.134,0.5397862232779097,80.4,1.684,0.909,0.6134204275534442,1.033
28.967522035886407,0.9247813411078717,0.094,0.234,0.075,0.183,0.17500000000000002,0.129,0.5160349854227405,85.2,1.715,0.885,0.5918367346938775,1.0150000000000001
24.764095801887233,0.9204892966360856,0.096,0.252,0.074,0.18,0.176,0.13,0.5241590214067279,66.2,1.635,0.857,0.5932721712538226,0.97
25.436345006189754,0.9243697478991597,0.089,0.261,0.075,0.186,0.188,0.126,0.5198079231692677,70.60000000000001,1.666,0.866,0.6086434573829532,1.014
19.848470515389444,0.9255131964809384,0.085,0.272,0.075,0.179,0.202,0.127,0.543108504398827,57.7,1.705,0.926,0.6140762463343109,1.047
19.821822168107897,0.9195825659914058,0.077,0.243,0.07,0.165,0.17200000000000001,0.131,0.5469613259668509,52.6,1.629,0.891,0.6267648864333947,1.0210000000000001
27.37568794968295,0.9173457508731082,0.097,0.252,0.082,0.192,0.185,0.14200000000000002,0.5227008149010477,80.80000000000001,1.718,0.898,0.6036088474970897,1.037
31.54459588876331,0.9200492004920049,0.099,0.253,0.08,0.195,0.195,0.13,0.52460024600246,83.4,1.6260000000000001,0.853,0.6082410824108241,0.989
28.71961082246838,0.9183168316831684,0.099,0.258,0.083,0.194,0.183,0.132,0.5247524752475248,75.0,1.616,0.848,0.6033415841584159,0.975
24.119351434926067,0.9213483146067416,0.083,0.234,0.075,0.185,0.17300000000000001,0.126,0.5068664169787765,61.900000000000006,1.602,0.812,0.5905118601747815,0.9460000000000001
24.290282915222594,0.9268146370725855,0.089,0.252,0.079,0.191,0.185,0.122,0.5086982603479304,67.5,1.667,0.848,0.587882423515297,0.98
25.942110660470618,0.9197568389057751,0.089,0.244,0.073,0.179,0.183,0.132,0.5221884498480243,70.2,1.645,0.859,0.6170212765957447,1.0150000000000001
23.62938793072538,0.9263473053892216,0.092,0.264,0.078,0.192,0.193,0.123,0.5167664670658683,65.9,1.67,0.863,0.6095808383233533,1.018
27.096547816082943,0.9204194941394201,0.09,0.25,0.078,0.179,0.181,0.129,0.5070943861813695,71.2,1.621,0.8220000000000001,0.6107341147439852,0.99
34.708142672074565,0.9302730970366067,0.10200000000000001,0.272,0.085,0.20600000000000002,0.2,0.12,0.5322486926205694,102.80000000000001,1.721,0.916,0.6135967460778617,1.056
29.42731878742387,0.9246575342465754,0.096,0.23700000000000002,0.078,0.194,0.176,0.121,0.5006226650062267,75.9,1.606,0.804,0.6058530510585305,0.973
26.837831486925825,0.9157626037013401,0.099,0.23900000000000002,0.077,0.193,0.171,0.132,0.5022335673261008,65.9,1.567,0.787,0.597319719208679,0.936
21.7685235262304,0.9232558139534883,0.099,0.23900000000000002,0.077,0.193,0.171,0.132,0.5093023255813953,64.4,1.72,0.876,0.6011627906976744,1.034
25.648461222616362,0.9145820622330689,0.096,0.249,0.079,0.193,0.186,0.14,0.4905430140329469,68.9,1.639,0.804,0.5851128737034778,0.9590000000000001
28.834909285308566,0.9283236994219654,0.098,0.274,0.08,0.197,0.199,0.124,0.5294797687861271,86.30000000000001,1.73,0.916,0.6260115606936416,1.083
33.54395212086851,0.9191438763376932,0.098,0.253,0.081,0.2,0.189,0.136,0.5196195005945303,94.9,1.682,0.874,0.5992865636147443,1.008
21.29529475392104,0.9267441860465117,0.094,0.252,0.077,0.183,0.182,0.126,0.5098837209302326,63.0,1.72,0.877,0.5941860465116279,1.022
33.62598530585334,0.9293325855300056,0.10400000000000001,0.278,0.08700000000000001,0.213,0.20700000000000002,0.126,0.5300056085249579,106.9,1.7830000000000001,0.9450000000000001,0.5978687605159843,1.066
23.729232743667474,0.9177330895795247,0.094,0.245,0.074,0.182,0.18,0.135,0.5167580743449116,63.900000000000006,1.641,0.848,0.5941499085923218,0.975
27.779766243231983,0.9145408163265306,0.093,0.23700000000000002,0.079,0.195,0.171,0.134,0.5038265306122449,68.3,1.568,0.79,0.5892857142857143,0.924
23.42355740630577,0.9280487804878049,0.095,0.253,0.079,0.195,0.187,0.11800000000000001,0.5414634146341464,63.0,1.6400000000000001,0.888,0.6329268292682927,1.038
29.65550055841555,0.9190231362467867,0.091,0.23800000000000002,0.08,0.197,0.178,0.126,0.5160668380462725,71.8,1.556,0.803,0.5906169665809768,0.919
32.219903421392466,0.920461445051609,0.094,0.256,0.081,0.193,0.2,0.131,0.5349119611414693,87.4,1.647,0.881,0.5998785670916819,0.988
28.30366216267078,0.9257668711656442,0.094,0.244,0.077,0.197,0.171,0.121,0.5159509202453988,75.2,1.6300000000000001,0.841,0.6,0.978
33.8287336975878,0.925645872715816,0.097,0.23800000000000002,0.077,0.191,0.181,0.11800000000000001,0.5192186515437933,85.2,1.587,0.8240000000000001,0.5904221802142408,0.937
31.2413939781552,0.9127228027043639,0.093,0.252,0.079,0.191,0.189,0.14200000000000002,0.519360786724032,82.7,1.627,0.845,0.5961893054701906,0.97
20.834544644068455,0.9212454212454212,0.091,0.23500000000000001,0.078,0.185,0.176,0.129,0.5122100122100122,55.900000000000006,1.6380000000000001,0.839,0.6153846153846154,1.008
30.376625759970636,0.9209245742092458,0.098,0.248,0.081,0.2,0.188,0.13,0.5273722627737226,82.10000000000001,1.6440000000000001,0.867,0.5991484184914841,0.985
25.80159082568593,0.9220212102308172,0.098,0.253,0.078,0.186,0.182,0.125,0.4984404242046163,66.3,1.603,0.799,0.5907673112913288,0.9470000000000001
21.742323477381337,0.9305312317571512,0.091,0.256,0.08,0.194,0.188,0.11900000000000001,0.514302393461763,63.800000000000004,1.713,0.881,0.6152948044366608,1.054
26.97646497566885,0.9285299244625218,0.099,0.266,0.077,0.187,0.2,0.123,0.5310865775711795,79.9,1.721,0.914,0.6170830912260313,1.062
23.804433444380276,0.9173553719008265,0.08600000000000001,0.217,0.075,0.183,0.171,0.13,0.49586776859504134,58.900000000000006,1.573,0.78,0.593134138588684,0.933
29.03293616836204,0.9203211859172329,0.092,0.241,0.079,0.189,0.18,0.129,0.5108091414453366,76.10000000000001,1.619,0.8270000000000001,0.5923409512044472,0.9590000000000001
28.933391200115732,0.9251968503937008,0.088,0.222,0.07,0.177,0.17300000000000001,0.114,0.5190288713910761,67.2,1.524,0.791,0.5669291338582677,0.864
21.001348977591444,0.9190031152647975,0.08600000000000001,0.249,0.075,0.183,0.179,0.13,0.5065420560747663,54.1,1.605,0.8130000000000001,0.5950155763239875,0.9550000000000001
26.65709000190845,0.9233147804576376,0.093,0.245,0.078,0.192,0.181,0.124,0.5095856524427953,69.7,1.617,0.8240000000000001,0.6048237476808905,0.978
24.032450049761998,0.920049968769519,0.096,0.252,0.079,0.194,0.185,0.128,0.5409119300437226,61.6,1.601,0.866,0.6139912554653342,0.983
29.37719316090668,0.9248385202583675,0.10200000000000001,0.262,0.081,0.201,0.193,0.128,0.5549031121550205,85.2,1.703,0.9450000000000001,0.6294773928361714,1.072
23.491650373202404,0.9212198221092758,0.088,0.23700000000000002,0.073,0.183,0.176,0.124,0.5127064803049556,58.2,1.574,0.807,0.6041931385006353,0.9510000000000001
29.12984214923273,0.918546365914787,0.101,0.247,0.085,0.211,0.189,0.13,0.5125313283208021,74.2,1.596,0.8180000000000001,0.5883458646616542,0.9390000000000001
23.729701169418377,0.9188514357053683,0.094,0.247,0.075,0.183,0.177,0.13,0.5243445692883895,60.900000000000006,1.602,0.84,0.5998751560549314,0.961
26.986848018285347,0.9186991869918699,0.092,0.24,0.075,0.187,0.17200000000000001,0.13,0.5115697310819262,69.0,1.599,0.8180000000000001,0.6047529706066291,0.967
25.343317474048437,0.9203431372549019,0.094,0.243,0.076,0.183,0.176,0.13,0.5091911764705882,67.5,1.6320000000000001,0.8310000000000001,0.5900735294117647,0.963
32.15270721439977,0.9216867469879518,0.095,0.245,0.078,0.196,0.18,0.13,0.5090361445783133,88.60000000000001,1.6600000000000001,0.845,0.5825301204819278,0.967
26.518898375676798,0.9221938775510204,0.097,0.245,0.079,0.195,0.191,0.122,0.5095663265306123,65.2,1.568,0.799,0.6084183673469388,0.9540000000000001
30.748372960640225,0.9219035997559487,0.093,0.252,0.077,0.19,0.196,0.128,0.5204392922513728,82.60000000000001,1.639,0.853,0.6162294081757169,1.01
21.965163093311254,0.9226901319924575,0.093,0.255,0.082,0.195,0.193,0.123,0.5386549340037712,55.6,1.591,0.857,0.6316781898177247,1.0050000000000001
27.12814445001177,0.9158476658476659,0.094,0.251,0.076,0.178,0.182,0.137,0.507985257985258,71.9,1.6280000000000001,0.8270000000000001,0.5853808353808354,0.9530000000000001
31.51568595500772,0.9219814241486068,0.097,0.256,0.076,0.188,0.185,0.126,0.5114551083591331,82.2,1.615,0.8260000000000001,0.590092879256966,0.9530000000000001
34.190759637188215,0.9166666666666666,0.095,0.263,0.08,0.196,0.20400000000000001,0.14,0.5369047619047619,96.5,1.68,0.902,0.6125,1.029
24.68256793639492,0.920125786163522,0.09,0.247,0.078,0.189,0.182,0.127,0.5553459119496855,62.400000000000006,1.59,0.883,0.6157232704402515,0.979
17.806202207232268,0.9245041586692259,0.084,0.23700000000000002,0.073,0.179,0.17300000000000001,0.11800000000000001,0.5316698656429942,43.5,1.563,0.8310000000000001,0.617402431222009,0.965
27.962616989016595,0.914686166971359,0.094,0.257,0.08,0.197,0.186,0.14,0.5027422303473492,75.3,1.641,0.8250000000000001,0.5758683729433273,0.9450000000000001
18.911801921958897,0.9245614035087719,0.092,0.252,0.078,0.19,0.197,0.129,0.5263157894736842,55.300000000000004,1.71,0.9,0.6181286549707602,1.057
23.569171849437847,0.9163473818646233,0.095,0.24,0.079,0.193,0.18,0.131,0.49744572158365263,57.800000000000004,1.566,0.779,0.5913154533844189,0.926
28.815893116881384,0.9230769230769231,0.098,0.253,0.077,0.181,0.185,0.121,0.5219326128417038,71.3,1.573,0.8210000000000001,0.5950413223140496,0.936
27.857943157590164,0.9221090473337328,0.097,0.267,0.078,0.187,0.187,0.13,0.5320551228280408,77.60000000000001,1.669,0.888,0.6165368484122229,1.029
25.363521215714233,0.9172370877411326,0.094,0.244,0.082,0.191,0.183,0.133,0.5084007467330429,65.5,1.607,0.8170000000000001,0.6048537647790915,0.972
21.674818473395288,0.9203919167176975,0.092,0.243,0.084,0.198,0.178,0.13,0.5345988977342315,57.800000000000004,1.633,0.873,0.6037966932026945,0.986
29.203897594437198,0.9258387286639199,0.096,0.26,0.08,0.19,0.188,0.126,0.5250147145379636,84.30000000000001,1.699,0.892,0.6021188934667452,1.0230000000000001
24.971636693248414,0.9224664224664225,0.091,0.229,0.074,0.185,0.17200000000000001,0.127,0.5177045177045178,67.0,1.6380000000000001,0.848,0.5934065934065934,0.972
28.61470376290845,0.9204406364749081,0.092,0.255,0.079,0.188,0.184,0.13,0.5201958384332925,76.4,1.6340000000000001,0.85,0.6156670746634026,1.006
24.060095804906368,0.9210843373493975,0.1,0.256,0.081,0.19,0.184,0.131,0.5228915662650603,66.3,1.6600000000000001,0.868,0.6198795180722891,1.029
26.08037263449854,0.9170822942643392,0.092,0.253,0.084,0.197,0.18,0.133,0.5324189526184538,67.10000000000001,1.604,0.854,0.5922693266832918,0.9500000000000001
24.631495728389265,0.9238038984051978,0.10400000000000001,0.252,0.084,0.203,0.183,0.129,0.5174246898995866,70.60000000000001,1.693,0.876,0.5948021264028353,1.0070000000000001
24.999754326313617,0.9222570532915361,0.089,0.241,0.07200000000000001,0.17400000000000002,0.17200000000000001,0.124,0.5228840125391849,63.6,1.595,0.834,0.6150470219435736,0.981
22.511565926828354,0.9238488783943329,0.095,0.252,0.084,0.198,0.18,0.129,0.5242030696576151,64.60000000000001,1.694,0.888,0.6127508854781583,1.038
24.887702751566255,0.9175891758917589,0.09,0.247,0.08,0.189,0.178,0.134,0.5209102091020911,65.8,1.6260000000000001,0.847,0.6051660516605166,0.984
30.325520828328727,0.9194048357098574,0.097,0.243,0.083,0.196,0.17300000000000001,0.13,0.5220086794792312,78.9,1.613,0.842,0.5945443273403596,0.9590000000000001
22.456848302262266,0.9219330855018587,0.093,0.253,0.078,0.182,0.179,0.126,0.5285006195786865,58.5,1.614,0.853,0.5916976456009914,0.9550000000000001
22.16869283751741,0.9251533742331288,0.096,0.23700000000000002,0.075,0.182,0.176,0.122,0.5349693251533743,58.900000000000006,1.6300000000000001,0.872,0.596319018404908,0.972
26.65846197314729,0.9224941724941725,0.1,0.26,0.081,0.197,0.187,0.133,0.5238927738927739,78.5,1.716,0.899,0.6083916083916084,1.044
29.647822463927024,0.9172185430463576,0.095,0.25,0.077,0.181,0.17400000000000002,0.125,0.5264900662251656,67.60000000000001,1.51,0.795,0.5993377483443708,0.905
32.08849575311365,0.9170225747406956,0.099,0.255,0.082,0.197,0.183,0.136,0.5295912141549726,86.2,1.639,0.868,0.5814521049420378,0.9530000000000001
24.35807415805612,0.9143401015228426,0.096,0.243,0.073,0.17400000000000002,0.177,0.135,0.5196700507614214,60.5,1.576,0.8190000000000001,0.5640862944162437,0.889
33.779831591538546,0.9165175909361956,0.094,0.268,0.081,0.195,0.189,0.14,0.5420393559928444,95.0,1.677,0.909,0.6225402504472272,1.044
23.298717924324762,0.9227082085080887,0.099,0.259,0.082,0.195,0.185,0.129,0.5536249251048532,64.9,1.669,0.924,0.6117435590173756,1.0210000000000001
24.30494179439913,0.9208542713567839,0.091,0.247,0.076,0.182,0.178,0.126,0.5332914572864321,61.6,1.592,0.849,0.6155778894472361,0.98
27.72138726351524,0.9202988792029888,0.098,0.25,0.075,0.178,0.17,0.128,0.5056039850560399,71.5,1.606,0.812,0.5909090909090909,0.9490000000000001
29.995189006939675,0.9185973700688791,0.091,0.254,0.08,0.187,0.183,0.13,0.5241077019411396,76.5,1.597,0.837,0.5904821540388228,0.9430000000000001
25.153350565178812,0.9198757763975155,0.092,0.23600000000000002,0.078,0.183,0.166,0.129,0.5298136645962733,65.2,1.61,0.853,0.6012422360248447,0.968
23.56907797949887,0.9320817228050801,0.098,0.279,0.077,0.181,0.191,0.123,0.5621203754831585,77.30000000000001,1.811,1.018,0.6234124792932082,1.129
27.32361471320814,0.9219035997559487,0.089,0.251,0.081,0.193,0.17500000000000002,0.128,0.5161683953630263,73.4,1.639,0.846,0.586333129957291,0.961
20.536991835704068,0.9204892966360856,0.095,0.244,0.073,0.178,0.185,0.13,0.5100917431192661,54.900000000000006,1.635,0.834,0.6036697247706422,0.987
26.157851872846745,0.9297544260422616,0.10200000000000001,0.261,0.08700000000000001,0.199,0.194,0.123,0.5299828669331811,80.2,1.7510000000000001,0.928,0.6053683609366076,1.06
26.28716324063609,0.9200492004920049,0.09,0.247,0.074,0.178,0.178,0.13,0.513530135301353,69.5,1.6260000000000001,0.835,0.5971709717097171,0.971
22.7069809752701,0.9200236966824644,0.096,0.247,0.078,0.185,0.17,0.135,0.5041469194312796,64.7,1.688,0.851,0.6042654028436019,1.02
26.053397965852202,0.9162468513853904,0.08600000000000001,0.223,0.069,0.17200000000000001,0.167,0.133,0.52455919395466,65.7,1.588,0.833,0.5976070528967254,0.9490000000000001
32.58236773934106,0.9247706422018349,0.092,0.247,0.081,0.192,0.179,0.123,0.5143730886850153,87.10000000000001,1.635,0.841,0.581039755351682,0.9500000000000001
21.99155524278677,0.9261083743842364,0.088,0.247,0.074,0.179,0.182,0.12,0.5424876847290641,58.0,1.624,0.881,0.6089901477832512,0.989
29.81322538648577,0.9222766217870257,0.092,0.248,0.082,0.187,0.184,0.127,0.5287637698898409,79.60000000000001,1.6340000000000001,0.864,0.6009791921664627,0.982
24.87740278607297,0.9279588336192109,0.097,0.28300000000000003,0.081,0.191,0.199,0.126,0.5477415666094911,76.10000000000001,1.749,0.9580000000000001,0.6226415094339622,1.089
21.259978533327228,0.925273390036452,0.094,0.24,0.078,0.179,0.17300000000000001,0.123,0.5261239368165249,57.6,1.6460000000000001,0.866,0.5941676792223572,0.978
33.98437499999999,0.91875,0.099,0.247,0.08,0.19,0.192,0.13,0.528125,87.0,1.6,0.845,0.5925,0.9480000000000001
29.921874999999996,0.925,0.09,0.25,0.08,0.185,0.183,0.12,0.556875,76.60000000000001,1.6,0.891,0.61125,0.978
23.812741467933837,0.916941331575478,0.095,0.23700000000000002,0.076,0.176,0.171,0.126,0.5299934080421885,54.800000000000004,1.5170000000000001,0.804,0.6064601186552406,0.92
30.011470485753456,0.9264617239300783,0.097,0.25,0.08,0.189,0.178,0.122,0.5232067510548524,82.60000000000001,1.659,0.868,0.5883062085593731,0.976
22.05640204856881,0.9208381839348079,0.095,0.252,0.078,0.179,0.183,0.136,0.5221187427240978,65.10000000000001,1.718,0.897,0.5861466821885913,1.0070000000000001
24.254400578020658,0.91324200913242,0.088,0.228,0.07100000000000001,0.17500000000000002,0.162,0.133,0.5238095238095238,57.0,1.5330000000000001,0.803,0.5857795172863666,0.898
28.368917451579506,0.917713567839196,0.088,0.23600000000000002,0.079,0.187,0.17400000000000002,0.131,0.5087939698492462,71.9,1.592,0.81,0.5847989949748744,0.931
27.12501718665001,0.9156479217603912,0.097,0.259,0.08,0.187,0.185,0.138,0.5207823960880196,72.60000000000001,1.6360000000000001,0.852,0.6039119804400978,0.988
26.36322933358469,0.9211165048543689,0.093,0.258,0.084,0.194,0.185,0.13,0.5200242718446602,71.60000000000001,1.6480000000000001,0.857,0.5995145631067961,0.988
29.8683101895812,0.920910724985021,0.095,0.253,0.078,0.184,0.181,0.132,0.5014979029358898,83.2,1.669,0.837,0.5889754343918514,0.983
22.05164246401548,0.9250755287009064,0.09,0.245,0.079,0.185,0.17300000000000001,0.124,0.5226586102719033,60.400000000000006,1.655,0.865,0.6072507552870091,1.0050000000000001
24.38635130390373,0.927683615819209,0.10200000000000001,0.279,0.084,0.197,0.197,0.128,0.5310734463276836,76.4,1.77,0.9400000000000001,0.6163841807909605,1.091
30.428368883050815,0.9297945205479452,0.10200000000000001,0.274,0.085,0.197,0.20600000000000002,0.123,0.5428082191780822,93.4,1.752,0.9510000000000001,0.6067351598173516,1.063
18.90414673840785,0.9236071223434807,0.098,0.253,0.078,0.18,0.181,0.133,0.527283170591614,57.300000000000004,1.741,0.918,0.6122917863296956,1.066
22.508725031558622,0.9160447761194029,0.08600000000000001,0.234,0.07100000000000001,0.17400000000000002,0.17,0.135,0.5192786069651741,58.2,1.608,0.835,0.5932835820895522,0.9540000000000001
20.661342292310543,0.921760391198044,0.094,0.249,0.08,0.186,0.177,0.128,0.5165036674816625,55.300000000000004,1.6360000000000001,0.845,0.5874083129584352,0.961
28.866533637989686,0.9151125401929261,0.092,0.24,0.077,0.186,0.17,0.132,0.5209003215434084,69.8,1.555,0.81,0.6064308681672026,0.9430000000000001
25.86559830968315,0.9173553719008265,0.089,0.234,0.08,0.189,0.168,0.13,0.5092180546726002,64.0,1.573,0.801,0.607120152574698,0.9550000000000001
22.398295603594203,0.9155884165126309,0.094,0.248,0.075,0.179,0.17,0.137,0.5077017868145409,59.0,1.623,0.8240000000000001,0.5884165126309304,0.9550000000000001
25.667656542957626,0.9224250325945241,0.093,0.24,0.073,0.17300000000000001,0.178,0.11900000000000001,0.5338983050847458,60.400000000000006,1.534,0.8190000000000001,0.6088657105606258,0.934
27.973214596977805,0.9144523655217109,0.09,0.23800000000000002,0.07,0.166,0.17200000000000001,0.132,0.525599481529488,66.60000000000001,1.543,0.811,0.5968891769280622,0.921
22.028343573773252,0.9248853211009175,0.10400000000000001,0.28,0.08,0.19,0.199,0.131,0.5407110091743119,67.0,1.744,0.9430000000000001,0.6244266055045872,1.089
24.030713757754462,0.9192852741836106,0.085,0.252,0.077,0.188,0.187,0.131,0.5194085027726433,63.300000000000004,1.623,0.843,0.6038200862600123,0.98
24.537743456701012,0.9143037177063642,0.099,0.251,0.076,0.182,0.171,0.136,0.5022054190296156,61.800000000000004,1.587,0.797,0.5885318210459988,0.934
26.40229982451681,0.9200255918106206,0.096,0.23900000000000002,0.077,0.182,0.164,0.125,0.5214331413947537,64.5,1.563,0.8150000000000001,0.5924504158669226,0.926
21.248436943802993,0.918429003021148,0.08600000000000001,0.233,0.069,0.163,0.171,0.135,0.538368580060423,58.2,1.655,0.891,0.6114803625377644,1.012
30.63253883713341,0.924317617866005,0.097,0.253,0.078,0.187,0.182,0.122,0.5260545905707196,79.60000000000001,1.612,0.848,0.6116625310173698,0.986
22.753630119379967,0.9223716381418093,0.085,0.244,0.07100000000000001,0.167,0.167,0.127,0.5079462102689487,60.900000000000006,1.6360000000000001,0.8310000000000001,0.5886308068459658,0.963
28.178359772943367,0.9221767115272089,0.095,0.255,0.082,0.194,0.192,0.133,0.5318899941486249,82.30000000000001,1.709,0.909,0.6044470450555881,1.033
23.69203859754832,0.9172592113768584,0.08700000000000001,0.231,0.073,0.178,0.168,0.128,0.5429864253393665,56.7,1.547,0.84,0.6076276664511958,0.9400000000000001
18.574843324838678,0.923958961979481,0.08700000000000001,0.232,0.07100000000000001,0.171,0.167,0.126,0.5214242607121303,51.0,1.657,0.864,0.5950512975256488,0.986
20.918718075895615,0.9221238938053097,0.093,0.251,0.078,0.177,0.183,0.132,0.5327433628318584,60.1,1.695,0.903,0.616519174041298,1.045
24.20227149810709,0.9261627906976744,0.097,0.27,0.074,0.17400000000000002,0.189,0.127,0.5511627906976744,71.60000000000001,1.72,0.9480000000000001,0.622093023255814,1.07
27.039163906170533,0.9193446754883428,0.091,0.23600000000000002,0.074,0.17400000000000002,0.167,0.128,0.5274102079395085,68.10000000000001,1.587,0.837,0.6036546943919344,0.9580000000000001
33.464152061106965,0.9224343675417661,0.10300000000000001,0.264,0.084,0.199,0.192,0.13,0.551909307875895,94.0,1.676,0.925,0.6121718377088305,1.026
23.02727422865345,0.9235225955967555,0.092,0.261,0.079,0.183,0.187,0.132,0.5289687137891078,68.60000000000001,1.726,0.913,0.6054461181923523,1.045
25.694478482501715,0.9183168316831684,0.093,0.248,0.077,0.177,0.177,0.132,0.5148514851485149,67.10000000000001,1.616,0.8320000000000001,0.5841584158415841,0.9440000000000001
22.575293847429677,0.9238694905552376,0.097,0.257,0.082,0.193,0.188,0.133,0.5386376645678306,68.9,1.747,0.9410000000000001,0.6199198626216371,1.083
27.037951170010576,0.9208211143695014,0.097,0.263,0.082,0.189,0.19,0.135,0.5313782991202346,78.60000000000001,1.705,0.906,0.6087976539589443,1.038
24.795498771671845,0.9275964391691395,0.105,0.27,0.08700000000000001,0.203,0.20400000000000001,0.122,0.5519287833827893,70.4,1.685,0.93,0.629673590504451,1.061
19.835990988792666,0.9234629861982434,0.093,0.24,0.08,0.185,0.182,0.122,0.527603513174404,50.400000000000006,1.594,0.841,0.5991217063989962,0.9550000000000001
21.01217546642286,0.9235328986366331,0.08600000000000001,0.247,0.073,0.169,0.183,0.129,0.5263781861292235,59.800000000000004,1.687,0.888,0.5975103734439834,1.008
26.29757785467128,0.9258823529411765,0.095,0.268,0.083,0.198,0.202,0.126,0.5564705882352942,76.0,1.7,0.9460000000000001,0.6170588235294118,1.049
28.37432574599012,0.9203860072376358,0.095,0.251,0.08,0.187,0.17400000000000002,0.132,0.5325693606755126,78.0,1.6580000000000001,0.883,0.606151990349819,1.0050000000000001
29.18219361565739,0.9180537772087067,0.09,0.24,0.073,0.178,0.17500000000000002,0.128,0.5390524967989757,71.2,1.562,0.842,0.6190781049935979,0.967
24.190931565491578,0.9197828709288299,0.095,0.259,0.075,0.182,0.17500000000000002,0.133,0.5428226779252111,66.5,1.6580000000000001,0.9,0.5916767189384801,0.981
25.795411154286743,0.9229857819905213,0.088,0.234,0.078,0.184,0.17200000000000001,0.13,0.5159952606635071,73.5,1.688,0.871,0.5953791469194313,1.0050000000000001
23.422269066760357,0.9133858267716536,0.092,0.232,0.078,0.185,0.161,0.132,0.5111548556430446,54.400000000000006,1.524,0.779,0.5866141732283464,0.894
26.12393611426101,0.9186840471756673,0.094,0.25,0.082,0.198,0.168,0.131,0.527001862197393,67.8,1.611,0.849,0.6058348851644941,0.976
24.47935102520504,0.9188690842040566,0.093,0.266,0.08,0.189,0.185,0.132,0.5550092194222496,64.8,1.627,0.903,0.5943454210202828,0.967
25.4510947425639,0.9169764560099133,0.092,0.249,0.08,0.187,0.186,0.134,0.530359355638166,66.3,1.614,0.856,0.587360594795539,0.9480000000000001
30.5059045960141,0.9211514392991239,0.096,0.249,0.078,0.193,0.183,0.126,0.5244055068836045,77.9,1.598,0.838,0.6101376720901126,0.975
26.005307008948865,0.9153986609860012,0.092,0.247,0.078,0.188,0.177,0.139,0.5331710286062081,70.2,1.643,0.876,0.5946439440048692,0.977
22.81028050094767,0.9211669770328988,0.091,0.23700000000000002,0.078,0.182,0.176,0.127,0.5369335816263191,59.2,1.611,0.865,0.6132836747361887,0.988
24.368074792243767,0.9197368421052632,0.08700000000000001,0.217,0.078,0.184,0.157,0.122,0.5256578947368421,56.300000000000004,1.52,0.799,0.5914473684210526,0.899
32.189634798696716,0.924572775486152,0.10200000000000001,0.268,0.091,0.213,0.194,0.128,0.5268120212139069,92.7,1.697,0.894,0.6004714201532115,1.0190000000000001
29.781380130874478,0.9231707317073171,0.10200000000000001,0.26,0.082,0.197,0.185,0.126,0.5530487804878049,80.10000000000001,1.6400000000000001,0.907,0.6115853658536585,1.0030000000000001
27.614981342002245,0.9210526315789473,0.098,0.247,0.081,0.197,0.176,0.132,0.5221291866028708,77.2,1.672,0.873,0.597488038277512,0.999
25.486524724101127,0.9223826714801444,0.10400000000000001,0.267,0.083,0.194,0.189,0.129,0.5487364620938628,70.4,1.6620000000000001,0.912,0.6287605294825511,1.045
23.018093391817498,0.9212991880074953,0.094,0.252,0.076,0.182,0.176,0.126,0.5334166146158651,59.0,1.601,0.854,0.6208619612742037,0.994
25.63691716071142,0.9164556962025316,0.093,0.225,0.077,0.191,0.167,0.132,0.5170886075949367,64.0,1.58,0.8170000000000001,0.5962025316455696,0.9420000000000001
29.975336207927732,0.9230310262529833,0.094,0.262,0.078,0.192,0.185,0.129,0.529236276849642,84.2,1.676,0.887,0.5900954653937948,0.989
23.142496744791668,0.921875,0.096,0.242,0.074,0.184,0.168,0.12,0.4921875,54.6,1.536,0.756,0.5963541666666666,0.916
29.342710962806166,0.9212043561819346,0.08600000000000001,0.245,0.074,0.177,0.17400000000000002,0.123,0.5381165919282511,71.5,1.561,0.84,0.6085842408712364,0.9500000000000001
26.42918701522551,0.9186440677966101,0.082,0.232,0.068,0.168,0.155,0.12,0.5315254237288135,57.5,1.475,0.784,0.5891525423728814,0.869
22.240931494522425,0.9151436031331592,0.092,0.23800000000000002,0.076,0.187,0.184,0.13,0.5404699738903395,52.2,1.532,0.8280000000000001,0.6155352480417755,0.9430000000000001
26.7595215914275,0.9222357229647631,0.095,0.249,0.075,0.18,0.17300000000000001,0.128,0.5321992709599028,72.5,1.6460000000000001,0.876,0.6172539489671932,1.016
18.829792154787448,0.9191309595654797,0.08700000000000001,0.247,0.07200000000000001,0.17500000000000002,0.178,0.134,0.5184067592033796,51.7,1.657,0.859,0.5938442969221485,0.984
23.23351635403902,0.9186893203883495,0.095,0.242,0.077,0.187,0.171,0.134,0.5212378640776699,63.1,1.6480000000000001,0.859,0.5983009708737864,0.986
21.348527229907337,0.9218158890290038,0.08700000000000001,0.23700000000000002,0.07100000000000001,0.168,0.17500000000000002,0.124,0.5466582597730139,53.7,1.586,0.867,0.6128625472887768,0.972
23.06015610605509,0.925419515226849,0.093,0.243,0.074,0.188,0.169,0.12,0.5183343691733996,59.7,1.609,0.834,0.5972653822249845,0.961
24.878639781887692,0.9154929577464789,0.09,0.23500000000000001,0.078,0.18,0.17500000000000002,0.132,0.5166453265044815,60.7,1.562,0.807,0.587708066581306,0.918
25.40676136886522,0.913735899137359,0.092,0.234,0.074,0.17500000000000002,0.171,0.13,0.5116124751161247,57.7,1.5070000000000001,0.771,0.5859323158593231,0.883
23.155194559318137,0.9128065395095368,0.089,0.219,0.069,0.167,0.16,0.128,0.5149863760217984,49.900000000000006,1.468,0.756,0.590599455040872,0.867
25.66788816422666,0.9223716381418093,0.097,0.247,0.078,0.197,0.178,0.127,0.5134474327628362,68.7,1.6360000000000001,0.84,0.593520782396088,0.971
27.06763924409637,0.917981072555205,0.092,0.246,0.08,0.197,0.183,0.13,0.5255520504731861,68.0,1.585,0.833,0.5842271293375394,0.926
24.4728937531777,0.9209707529558183,0.096,0.233,0.076,0.177,0.177,0.127,0.5214685749844431,63.2,1.607,0.838,0.5787181082762912,0.93
28.2628988628918,0.9227519613759807,0.09,0.257,0.077,0.19,0.185,0.128,0.5196137598068798,77.60000000000001,1.657,0.861,0.6004828002414001,0.995
24.736007096675138,0.9178082191780822,0.091,0.241,0.077,0.178,0.176,0.132,0.5348692403486924,63.800000000000004,1.606,0.859,0.5921544209215442,0.9510000000000001
26.934752883102142,0.9237536656891495,0.093,0.258,0.078,0.183,0.178,0.13,0.5384164222873901,78.30000000000001,1.705,0.918,0.6035190615835777,1.029
23.369338418687708,0.9190031152647975,0.093,0.248,0.074,0.184,0.187,0.13,0.5339563862928349,60.2,1.605,0.857,0.6062305295950156,0.973
27.778218129989096,0.924969987995198,0.096,0.254,0.082,0.187,0.192,0.125,0.5294117647058824,77.10000000000001,1.666,0.882,0.592436974789916,0.987
23.080735815354114,0.9162079510703364,0.091,0.253,0.075,0.183,0.176,0.137,0.5241590214067279,61.7,1.635,0.857,0.5932721712538226,0.97
20.58819859501142,0.910547396528705,0.096,0.226,0.07200000000000001,0.177,0.164,0.134,0.5120160213618158,46.2,1.498,0.767,0.5827770360480641,0.873
22.547260545994696,0.9197035206917851,0.095,0.232,0.084,0.195,0.177,0.13,0.5225447807288449,59.1,1.619,0.846,0.609017912291538,0.986
23.616724426152686,0.9185375240538807,0.088,0.233,0.07200000000000001,0.17400000000000002,0.17400000000000002,0.127,0.5189223861449648,57.400000000000006,1.559,0.809,0.5971776779987171,0.931
23.11711817016656,0.9200732153752288,0.09,0.252,0.078,0.188,0.181,0.131,0.5277608297742525,62.1,1.639,0.865,0.6076876143990237,0.996
24.944742148864407,0.9167725540025413,0.088,0.241,0.077,0.187,0.176,0.131,0.5152477763659467,61.800000000000004,1.574,0.811,0.5952986022871665,0.937
22.1282412747234,0.9202614379084967,0.089,0.233,0.07100000000000001,0.168,0.163,0.122,0.5241830065359477,51.800000000000004,1.53,0.802,0.5980392156862745,0.915
26.19666011265809,0.9220360824742269,0.091,0.243,0.077,0.187,0.177,0.121,0.5335051546391752,63.1,1.552,0.8280000000000001,0.5966494845360825,0.926
26.42458028216434,0.916030534351145,0.091,0.23900000000000002,0.081,0.188,0.17500000000000002,0.132,0.5184478371501272,65.3,1.572,0.8150000000000001,0.6094147582697201,0.9580000000000001
23.163254329664028,0.9221556886227545,0.08700000000000001,0.257,0.08,0.186,0.196,0.13,0.5407185628742515,64.60000000000001,1.67,0.903,0.6191616766467066,1.034
22.966922787546682,0.9142312579415502,0.083,0.23900000000000002,0.073,0.177,0.17400000000000002,0.135,0.5317662007623888,56.900000000000006,1.574,0.837,0.6060991105463787,0.9540000000000001
24.69646881594443,0.9223716381418093,0.1,0.263,0.074,0.191,0.19,0.127,0.5311735941320294,66.10000000000001,1.6360000000000001,0.869,0.6112469437652812,1.0
24.10682791635173,0.9180952380952381,0.09,0.24,0.074,0.176,0.178,0.129,0.5161904761904762,59.800000000000004,1.575,0.8130000000000001,0.5955555555555555,0.9380000000000001
18.974886221882993,0.9206443914081146,0.08700000000000001,0.242,0.073,0.17300000000000001,0.17300000000000001,0.133,0.5328162291169452,53.300000000000004,1.676,0.893,0.6068019093078759,1.0170000000000001
25.971568871956723,0.9260997067448681,0.089,0.258,0.075,0.186,0.177,0.126,0.5319648093841642,75.5,1.705,0.907,0.5982404692082112,1.02
27.31933146249099,0.916406737367436,0.093,0.244,0.075,0.177,0.171,0.134,0.5352464129756707,70.2,1.603,0.858,0.5995009357454772,0.961
25.81129226303559,0.9221594475831764,0.088,0.244,0.07200000000000001,0.17500000000000002,0.184,0.124,0.5160075329566854,65.5,1.593,0.8220000000000001,0.583804143126177,0.93
24.813886220625506,0.9180633147113594,0.091,0.25,0.077,0.189,0.185,0.132,0.5418994413407822,64.4,1.611,0.873,0.6151458721291123,0.991
24.295007125939957,0.9234907352062164,0.099,0.26,0.079,0.187,0.186,0.128,0.5242080095636581,68.0,1.673,0.877,0.6043036461446504,1.0110000000000001
25.063789974554116,0.9236234458259325,0.094,0.257,0.082,0.193,0.185,0.129,0.5245707519242155,71.5,1.689,0.886,0.6240378922439314,1.054
21.344479799952175,0.9162851536952257,0.08700000000000001,0.228,0.074,0.17400000000000002,0.171,0.128,0.5179856115107914,49.900000000000006,1.5290000000000001,0.792,0.5879659908436887,0.899
20.378708886052234,0.9207240948813983,0.088,0.23700000000000002,0.073,0.17300000000000001,0.167,0.127,0.5218476903870163,52.300000000000004,1.602,0.836,0.6061173533083646,0.971
23.781243411952836,0.9297052154195011,0.098,0.268,0.076,0.188,0.188,0.124,0.5192743764172335,74.0,1.764,0.916,0.5861678004535147,1.034
27.615114525402955,0.9211165048543689,0.095,0.258,0.078,0.184,0.189,0.13,0.5455097087378641,75.0,1.6480000000000001,0.899,0.6025485436893204,0.993
23.981872245707784,0.9243856332703214,0.092,0.244,0.079,0.189,0.182,0.12,0.5381222432262129,60.400000000000006,1.587,0.854,0.6011342155009451,0.9540000000000001
19.31660545249373,0.9115281501340483,0.09,0.23,0.077,0.182,0.177,0.132,0.5113941018766756,43.0,1.492,0.763,0.6112600536193029,0.912
30.54381428709312,0.9144862795149968,0.096,0.23700000000000002,0.083,0.198,0.17400000000000002,0.134,0.5098915124441609,75.0,1.567,0.799,0.5807275047862157,0.91
29.30859949512254,0.9187460012795905,0.10300000000000001,0.267,0.083,0.2,0.20400000000000001,0.127,0.5284708893154191,71.60000000000001,1.563,0.8260000000000001,0.6257197696737045,0.978
26.14290223820125,0.926037282020445,0.095,0.247,0.077,0.194,0.177,0.123,0.5411906193625977,72.3,1.663,0.9,0.6037282020444978,1.004
29.257781709411713,0.9214594928880643,0.097,0.248,0.078,0.194,0.184,0.127,0.5040197897340755,76.5,1.617,0.8150000000000001,0.5844155844155844,0.9450000000000001
23.3010613633451,0.9221628045157457,0.093,0.252,0.082,0.185,0.183,0.131,0.5300059417706476,66.0,1.683,0.892,0.6256684491978609,1.053
22.417369575743805,0.9205378973105135,0.094,0.251,0.074,0.17400000000000002,0.179,0.13,0.5281173594132029,60.0,1.6360000000000001,0.864,0.6112469437652812,1.0
26.22261528895435,0.9183046683046683,0.096,0.254,0.074,0.181,0.183,0.133,0.5282555282555282,69.5,1.6280000000000001,0.86,0.6124078624078624,0.997
26.99957953559028,0.9173177083333334,0.094,0.23800000000000002,0.076,0.186,0.165,0.127,0.52734375,63.7,1.536,0.81,0.60546875,0.93
25.716604724678543,0.9169934640522875,0.096,0.23800000000000002,0.079,0.189,0.17,0.127,0.5052287581699346,60.2,1.53,0.773,0.5823529411764706,0.891
28.945009454185914,0.9225268176400476,0.099,0.252,0.08,0.193,0.187,0.13,0.5297973778307509,81.5,1.678,0.889,0.6221692491060786,1.044
27.32294519434285,0.9209274673008323,0.099,0.262,0.083,0.2,0.191,0.133,0.5303210463733651,77.30000000000001,1.682,0.892,0.6058263971462544,1.0190000000000001
21.37547393247022,0.929968454258675,0.08600000000000001,0.23700000000000002,0.077,0.188,0.187,0.111,0.5293375394321767,53.7,1.585,0.839,0.616403785488959,0.977
26.648224403428735,0.9200251889168766,0.092,0.23900000000000002,0.074,0.179,0.183,0.127,0.5321158690176322,67.2,1.588,0.845,0.6158690176322418,0.978
23.648799738711254,0.9237485448195576,0.10400000000000001,0.268,0.08600000000000001,0.20500000000000002,0.198,0.131,0.5419091967403958,69.8,1.718,0.931,0.6268917345750873,1.077
29.53605753872272,0.9244712990936556,0.097,0.244,0.08,0.191,0.17400000000000002,0.125,0.525679758308157,80.9,1.655,0.87,0.5909365558912387,0.978
24.836387715963912,0.9296187683284457,0.08700000000000001,0.245,0.07200000000000001,0.182,0.18,0.12,0.5313782991202346,72.2,1.705,0.906,0.6011730205278593,1.025
24.365114724883043,0.9241293532338308,0.094,0.23900000000000002,0.076,0.187,0.171,0.122,0.5398009950248757,63.0,1.608,0.868,0.5988805970149254,0.963
25.324798282560472,0.9172370877411326,0.098,0.252,0.084,0.201,0.192,0.133,0.5538270068450529,65.4,1.607,0.89,0.6235220908525202,1.002
21.800819782892667,0.9167785234899329,0.084,0.229,0.07200000000000001,0.17500000000000002,0.161,0.124,0.5040268456375839,48.400000000000006,1.49,0.751,0.587248322147651,0.875
26.729770209937172,0.9193857965451055,0.095,0.234,0.075,0.182,0.17,0.126,0.5323096609085093,65.3,1.563,0.8320000000000001,0.5898912348048625,0.922
23.78811298393609,0.9206917113893858,0.093,0.248,0.077,0.187,0.17200000000000001,0.133,0.531902206320811,66.9,1.677,0.892,0.6106141920095408,1.024
25.61128736976296,0.9256965944272446,0.088,0.246,0.076,0.187,0.183,0.12,0.5263157894736842,66.8,1.615,0.85,0.6130030959752322,0.99
27.262769280701043,0.9171974522292994,0.092,0.257,0.073,0.182,0.19,0.13,0.5254777070063694,67.2,1.57,0.8250000000000001,0.6178343949044586,0.97
24.43747751199463,0.9187460012795905,0.085,0.234,0.07100000000000001,0.17500000000000002,0.177,0.127,0.5201535508637236,59.7,1.563,0.8130000000000001,0.6039667306461932,0.9440000000000001
24.857118787939687,0.9231714812538414,0.088,0.251,0.077,0.187,0.187,0.125,0.5316533497234174,65.8,1.627,0.865,0.6078672403196066,0.989
21.625720980800505,0.9231210556511761,0.098,0.253,0.078,0.19,0.193,0.134,0.5536431440045898,65.7,1.743,0.965,0.6144578313253012,1.071
25.47484779620122,0.9186544342507645,0.094,0.256,0.077,0.189,0.197,0.133,0.5302752293577981,68.10000000000001,1.635,0.867,0.6061162079510704,0.991
30.97068143467005,0.9258387286639199,0.095,0.261,0.079,0.193,0.198,0.126,0.5414949970570924,89.4,1.699,0.92,0.5991759858740435,1.018
28.463808687791854,0.9201596806387226,0.08700000000000001,0.23700000000000002,0.069,0.177,0.17400000000000002,0.12,0.5355954757152362,64.3,1.5030000000000001,0.805,0.6067864271457086,0.912
31.98036845713194,0.9230299328039095,0.094,0.244,0.078,0.187,0.17400000000000002,0.126,0.5167990226023214,85.7,1.637,0.846,0.579108124618204,0.9480000000000001
23.490563505060535,0.9177461139896373,0.093,0.248,0.078,0.192,0.179,0.127,0.5291450777202072,56.0,1.544,0.8170000000000001,0.6042746113989638,0.933
27.500517036637596,0.9122572002679169,0.08700000000000001,0.225,0.075,0.183,0.165,0.131,0.5083724045545881,61.300000000000004,1.493,0.759,0.6021433355659745,0.899
24.46392771685406,0.9203647416413374,0.097,0.243,0.078,0.189,0.182,0.131,0.5100303951367782,66.2,1.645,0.839,0.5890577507598784,0.969
24.67526628867865,0.9361452841241945,0.106,0.263,0.079,0.202,0.186,0.109,0.5102519039250146,71.9,1.707,0.871,0.6010544815465729,1.026
22.579095225600227,0.9286157666045934,0.08600000000000001,0.23700000000000002,0.073,0.177,0.177,0.115,0.5145872129112352,58.6,1.611,0.8290000000000001,0.6157666045934203,0.992
24.193050462251072,0.9176928062216462,0.089,0.233,0.077,0.194,0.17400000000000002,0.127,0.5139338950097213,57.6,1.543,0.793,0.5891121192482177,0.909
21.766033793322176,0.9208229426433915,0.08600000000000001,0.231,0.07100000000000001,0.17,0.167,0.127,0.5199501246882793,56.0,1.604,0.834,0.6003740648379052,0.963
24.42753903647634,0.9212846347607053,0.096,0.243,0.07100000000000001,0.178,0.167,0.125,0.5277078085642317,61.6,1.588,0.838,0.5887909319899244,0.935
22.38697204232608,0.9176928062216462,0.092,0.23700000000000002,0.08,0.196,0.178,0.127,0.5217109526895658,53.300000000000004,1.543,0.805,0.609202851587816,0.9400000000000001
25.518461364748386,0.9282208588957055,0.093,0.253,0.077,0.19,0.181,0.117,0.5226993865030675,67.8,1.6300000000000001,0.852,0.603680981595092,0.984
27.6917762561575,0.9223416965352449,0.094,0.256,0.081,0.187,0.186,0.13,0.5149342891278376,77.60000000000001,1.674,0.862,0.6129032258064516,1.026
27.038132807363574,0.9230769230769231,0.092,0.23700000000000002,0.07200000000000001,0.17300000000000001,0.17400000000000002,0.12,0.5121794871794871,65.8,1.56,0.799,0.5942307692307692,0.927
25.377229080932782,0.9209876543209876,0.09,0.253,0.076,0.183,0.17400000000000002,0.128,0.5111111111111111,66.60000000000001,1.62,0.8280000000000001,0.6067901234567902,0.983
21.10102780070022,0.9249845009299442,0.09,0.23700000000000002,0.077,0.182,0.181,0.121,0.5096094234345939,54.900000000000006,1.613,0.8220000000000001,0.6050836949783013,0.976
22.697785513085762,0.9149902660609993,0.085,0.231,0.075,0.184,0.17,0.131,0.508760545100584,53.900000000000006,1.541,0.784,0.5814406229720961,0.896
31.996540914495732,0.9191222570532915,0.097,0.245,0.08,0.194,0.18,0.129,0.5304075235109718,81.4,1.595,0.846,0.5943573667711599,0.9480000000000001
23.867187499999996,0.920625,0.091,0.244,0.076,0.185,0.178,0.127,0.525,61.1,1.6,0.84,0.595,0.9520000000000001
27.204929799376778,0.921301775147929,0.098,0.254,0.076,0.188,0.181,0.133,0.5248520710059171,77.7,1.69,0.887,0.6053254437869823,1.0230000000000001
27.900239518745877,0.924317617866005,0.091,0.23800000000000002,0.078,0.188,0.178,0.122,0.5210918114143921,72.5,1.612,0.84,0.607940446650124,0.98
27.319695154991958,0.9159717767799872,0.096,0.23800000000000002,0.08,0.197,0.17300000000000001,0.131,0.5003207184092366,66.4,1.559,0.78,0.5772931366260423,0.9
28.625371312974046,0.9255065554231228,0.10300000000000001,0.259,0.09,0.20500000000000002,0.19,0.125,0.5244338498212158,80.60000000000001,1.678,0.88,0.5882002383790227,0.987
20.188237914903095,0.9241293532338308,0.089,0.233,0.074,0.178,0.176,0.122,0.5174129353233831,52.2,1.608,0.8320000000000001,0.6013681592039801,0.967
19.666888982057465,0.9249518922386145,0.089,0.233,0.078,0.184,0.17300000000000001,0.117,0.4996792815907633,47.800000000000004,1.559,0.779,0.5772931366260423,0.9
29.832419472767587,0.922756981580511,0.098,0.25,0.077,0.188,0.183,0.13,0.5282234105763518,84.5,1.683,0.889,0.6007130124777184,1.0110000000000001
27.232292648950697,0.9192938209331651,0.099,0.249,0.076,0.182,0.176,0.128,0.5252206809583859,68.5,1.586,0.833,0.5939470365699874,0.9420000000000001
23.84365648008575,0.9289185905224787,0.089,0.253,0.076,0.184,0.181,0.117,0.5267314702308628,64.60000000000001,1.6460000000000001,0.867,0.6032806804374241,0.993
24.759912716749515,0.9251207729468599,0.097,0.262,0.079,0.194,0.19,0.124,0.5211352657004831,67.9,1.6560000000000001,0.863,0.6147342995169082,1.018
22.1764750732499,0.9108910891089109,0.089,0.23500000000000001,0.075,0.183,0.163,0.135,0.5062706270627063,50.900000000000006,1.5150000000000001,0.767,0.592079207920792,0.897
24.215703737604485,0.9241733181299886,0.10300000000000001,0.257,0.083,0.201,0.19,0.133,0.5142531356898518,74.5,1.754,0.902,0.6037628278221209,1.059
23.210689665804175,0.9270158917010006,0.099,0.257,0.08,0.2,0.182,0.124,0.516774573278399,67.0,1.699,0.878,0.594467333725721,1.01
23.157793486638198,0.916083916083916,0.085,0.23900000000000002,0.078,0.188,0.177,0.132,0.533375715193897,57.300000000000004,1.573,0.839,0.59631277813096,0.9380000000000001
21.74349306848763,0.9354254677127338,0.081,0.23800000000000002,0.074,0.177,0.184,0.107,0.5425467712733857,59.7,1.657,0.899,0.6113458056729029,1.0130000000000001
24.27871231551373,0.9208459214501511,0.099,0.255,0.082,0.192,0.182,0.131,0.5214501510574018,66.5,1.655,0.863,0.5897280966767372,0.976
22.384712083843823,0.9167776298268975,0.093,0.232,0.077,0.176,0.166,0.125,0.521970705725699,50.5,1.502,0.784,0.6018641810918774,0.904
27.411708862033468,0.9159104658197217,0.096,0.257,0.078,0.182,0.17,0.139,0.5081669691470054,74.9,1.653,0.84,0.5692679975801573,0.9410000000000001
28.349762570738473,0.9222290263319045,0.097,0.252,0.084,0.203,0.185,0.127,0.5088793631353338,75.60000000000001,1.633,0.8310000000000001,0.5927740355174526,0.968
25.23659305993691,0.9249211356466877,0.091,0.229,0.076,0.182,0.17500000000000002,0.11900000000000001,0.5375394321766561,63.400000000000006,1.585,0.852,0.604416403785489,0.9580000000000001
28.83506343713956,0.9185049019607843,0.094,0.252,0.083,0.199,0.181,0.133,0.5098039215686274,76.80000000000001,1.6320000000000001,0.8320000000000001,0.5808823529411765,0.9480000000000001
30.787422801686105,0.9183168316831684,0.096,0.253,0.081,0.194,0.18,0.132,0.5204207920792079,80.4,1.616,0.841,0.5872524752475248,0.9490000000000001
27.322600308365306,0.9245508982035928,0.092,0.251,0.078,0.183,0.183,0.126,0.5107784431137724,76.2,1.67,0.853,0.5970059880239521,0.997
19.749014801999227,0.9221813725490197,0.082,0.229,0.074,0.17300000000000001,0.16,0.127,0.5067401960784313,52.6,1.6320000000000001,0.8270000000000001,0.5900735294117647,0.963
24.043559713450836,0.9277912621359223,0.099,0.268,0.077,0.18,0.20800000000000002,0.11900000000000001,0.5285194174757282,65.3,1.6480000000000001,0.871,0.6225728155339806,1.026
29.229688989667345,0.9149746192893401,0.091,0.259,0.079,0.191,0.183,0.134,0.5387055837563451,72.60000000000001,1.576,0.849,0.5970812182741116,0.9410000000000001
21.59554224584334,0.9240348692403487,0.083,0.23600000000000002,0.07100000000000001,0.167,0.17,0.122,0.5217932752179327,55.7,1.606,0.838,0.5840597758405978,0.9380000000000001
21.948595583019188,0.9188861985472155,0.092,0.251,0.077,0.19,0.181,0.134,0.5157384987893463,59.900000000000006,1.6520000000000001,0.852,0.6029055690072639,0.996
28.743195266272192,0.9218461538461539,0.094,0.228,0.078,0.185,0.176,0.127,0.5298461538461539,75.9,1.625,0.861,0.5950769230769231,0.967
23.770326174301104,0.9205256570713392,0.08700000000000001,0.23600000000000002,0.07100000000000001,0.178,0.17200000000000001,0.127,0.5244055068836045,60.7,1.598,0.838,0.5982478097622027,0.9560000000000001
25.554599751558868,0.915327564894932,0.09,0.246,0.076,0.177,0.17500000000000002,0.137,0.507416563658838,66.9,1.618,0.8210000000000001,0.5877626699629172,0.9510000000000001
24.872639240388885,0.9205495818399044,0.088,0.256,0.078,0.181,0.177,0.133,0.519115890083632,69.7,1.674,0.869,0.6051373954599761,1.0130000000000001
25.133352081012905,0.9142674344209852,0.09,0.23600000000000002,0.075,0.17200000000000001,0.166,0.134,0.5047984644913628,61.400000000000006,1.563,0.789,0.582853486884197,0.911
24.849429869684503,0.9207175925925926,0.092,0.258,0.083,0.191,0.191,0.137,0.5271990740740741,74.2,1.728,0.911,0.6180555555555556,1.068
26.541671611091335,0.9157232704402516,0.089,0.23700000000000002,0.077,0.182,0.167,0.134,0.5245283018867924,67.10000000000001,1.59,0.834,0.6050314465408805,0.962
21.558037075340295,0.9199266503667481,0.092,0.247,0.075,0.179,0.186,0.131,0.5250611246943765,57.7,1.6360000000000001,0.859,0.6100244498777506,0.998
29.317001487755682,0.923262839879154,0.092,0.266,0.08,0.188,0.194,0.127,0.5299093655589124,80.30000000000001,1.655,0.877,0.6036253776435045,0.999
21.75816248542735,0.929701230228471,0.09,0.252,0.078,0.187,0.189,0.12,0.50497949619215,63.400000000000006,1.707,0.862,0.5887521968365553,1.0050000000000001
24.243710163418985,0.9218377088305489,0.09,0.245,0.077,0.178,0.178,0.131,0.5125298329355609,68.10000000000001,1.676,0.859,0.6079952267303103,1.0190000000000001
27.524769480055607,0.9203919167176975,0.093,0.257,0.076,0.187,0.185,0.13,0.4935701163502756,73.4,1.633,0.806,0.5909369259032455,0.965
26.021811079328188,0.9166148102053516,0.097,0.244,0.077,0.187,0.185,0.134,0.5003111387678905,67.2,1.607,0.804,0.6135656502800249,0.986
25.28721231021221,0.9196538936959209,0.088,0.247,0.075,0.181,0.183,0.13,0.5055624227441285,66.2,1.618,0.8180000000000001,0.5871446229913473,0.9500000000000001
24.097921888454387,0.9197892271662763,0.085,0.23700000000000002,0.076,0.181,0.17300000000000001,0.137,0.5035128805620609,70.3,1.708,0.86,0.6088992974238876,1.04
23.553056665199446,0.9193083573487032,0.096,0.255,0.079,0.187,0.178,0.14,0.5089337175792508,70.9,1.735,0.883,0.6109510086455331,1.06
19.923671259424218,0.9271137026239067,0.089,0.247,0.076,0.185,0.188,0.125,0.5247813411078717,58.6,1.715,0.9,0.6198250728862974,1.063
20.00081139194288,0.9191082802547771,0.085,0.232,0.073,0.17,0.166,0.127,0.5101910828025478,49.300000000000004,1.57,0.801,0.597452229299363,0.9380000000000001
27.18677350487581,0.9226552984165651,0.089,0.244,0.074,0.183,0.168,0.127,0.5091352009744214,73.3,1.6420000000000001,0.836,0.6090133982947625,1.0
31.154752788913413,0.9284116331096197,0.10400000000000001,0.263,0.084,0.201,0.202,0.128,0.5072706935123042,99.60000000000001,1.788,0.907,0.5727069351230425,1.024
25.312499999999993,0.92875,0.091,0.257,0.075,0.183,0.184,0.114,0.528125,64.8,1.6,0.845,0.60875,0.974
25.98351525952328,0.9295522388059702,0.08600000000000001,0.244,0.074,0.18,0.176,0.11800000000000001,0.502089552238806,72.9,1.675,0.841,0.6065671641791045,1.016
33.78332826458563,0.9241126070991432,0.095,0.242,0.082,0.197,0.177,0.124,0.5312117503059975,90.2,1.6340000000000001,0.868,0.5789473684210527,0.9460000000000001
30.357004818469942,0.9232233502538071,0.092,0.227,0.074,0.186,0.166,0.121,0.5114213197969543,75.4,1.576,0.806,0.583756345177665,0.92
25.57883855646177,0.9230769230769231,0.091,0.248,0.075,0.178,0.183,0.123,0.515322076297686,65.4,1.599,0.8240000000000001,0.592245153220763,0.9470000000000001
27.72552048007443,0.9205256570713392,0.095,0.241,0.083,0.194,0.177,0.127,0.5075093867334167,70.8,1.598,0.811,0.5963704630788486,0.9530000000000001
26.99991319966081,0.9166666666666666,0.088,0.227,0.078,0.183,0.169,0.129,0.5148578811369509,64.7,1.548,0.797,0.5981912144702842,0.926
24.43417082002394,0.9147479775980087,0.092,0.258,0.08,0.188,0.182,0.137,0.5258245177349098,63.1,1.607,0.845,0.5986309894212819,0.962
23.429287876293365,0.9169632265717675,0.097,0.257,0.079,0.185,0.193,0.14,0.5029655990510083,66.60000000000001,1.686,0.848,0.5812574139976275,0.98
24.79922665080309,0.9201219512195122,0.094,0.244,0.077,0.188,0.177,0.131,0.5,66.7,1.6400000000000001,0.8200000000000001,0.5835365853658536,0.9570000000000001
20.344097694240087,0.9245041586692259,0.08700000000000001,0.228,0.067,0.164,0.163,0.11800000000000001,0.5022392834293026,49.7,1.563,0.785,0.5969289827255279,0.933
22.04417447134475,0.9239472030169704,0.095,0.234,0.07200000000000001,0.17300000000000001,0.17400000000000002,0.121,0.5078566939032055,55.800000000000004,1.591,0.808,0.5864236329352609,0.933
32.709636450681266,0.9219308700834327,0.092,0.251,0.085,0.197,0.197,0.131,0.5417163289630512,92.10000000000001,1.678,0.909,0.6078665077473182,1.02
24.920219441356807,0.9245508982035928,0.105,0.263,0.082,0.197,0.181,0.126,0.5065868263473053,69.5,1.67,0.846,0.5934131736526946,0.991
24.082048351449046,0.9130150425114454,0.083,0.228,0.07,0.171,0.165,0.133,0.5016350555918901,56.300000000000004,1.5290000000000001,0.767,0.5873119686069327,0.898
23.09056710126458,0.926980198019802,0.098,0.242,0.083,0.20600000000000002,0.182,0.11800000000000001,0.5198019801980198,60.300000000000004,1.616,0.84,0.6045792079207921,0.977
24.653254077122387,0.9253086419753086,0.093,0.244,0.08,0.196,0.182,0.121,0.5141975308641975,64.7,1.62,0.833,0.6012345679012345,0.974
28.156659795623,0.919205298013245,0.089,0.225,0.07,0.177,0.162,0.122,0.49205298013245036,64.2,1.51,0.743,0.5960264900662252,0.9
26.514102779404176,0.915129151291513,0.089,0.247,0.078,0.187,0.179,0.138,0.5079950799507995,70.10000000000001,1.6260000000000001,0.8260000000000001,0.5971709717097171,0.971
22.773437499999996,0.91375,0.096,0.249,0.076,0.179,0.183,0.138,0.4975,58.300000000000004,1.6,0.796,0.583125,0.933
29.903786429498542,0.916617033948779,0.101,0.276,0.08600000000000001,0.20700000000000002,0.196,0.14,0.5145920190589637,84.30000000000001,1.679,0.864,0.5967837998808815,1.002
27.187499999999996,0.92375,0.09,0.252,0.08,0.185,0.182,0.122,0.50375,69.60000000000001,1.6,0.806,0.573125,0.917
28.075681341398752,0.915327564894932,0.096,0.23900000000000002,0.084,0.197,0.183,0.137,0.5185414091470952,73.5,1.618,0.839,0.592707045735476,0.9590000000000001
17.7115141045831,0.9214241866175568,0.083,0.231,0.073,0.17200000000000001,0.169,0.128,0.5027624309392266,47.0,1.629,0.8190000000000001,0.5936157151626765,0.967
22.305370054527092,0.9206541490006057,0.092,0.249,0.078,0.185,0.178,0.131,0.5069654754694125,60.800000000000004,1.651,0.837,0.6014536644457904,0.993
20.218151896030804,0.9223057644110275,0.09,0.251,0.077,0.183,0.188,0.124,0.5307017543859649,51.5,1.596,0.847,0.6159147869674185,0.983
26.20886086128823,0.9201934703748489,0.095,0.249,0.08,0.189,0.188,0.132,0.5278113663845224,71.7,1.6540000000000001,0.873,0.6051995163240629,1.0010000000000001
28.18485715445175,0.9239864864864865,0.10300000000000001,0.267,0.08600000000000001,0.196,0.197,0.135,0.5197072072072072,88.9,1.776,0.923,0.6052927927927928,1.075
22.25833390513264,0.9269081500646831,0.094,0.23700000000000002,0.077,0.189,0.177,0.113,0.5122897800776197,53.2,1.546,0.792,0.6028460543337646,0.932
26.5933208400499,0.9224343675417661,0.1,0.254,0.083,0.197,0.19,0.13,0.5334128878281623,74.7,1.676,0.894,0.600835322195704,1.0070000000000001
24.758928837982268,0.9211356466876972,0.091,0.246,0.076,0.182,0.17500000000000002,0.125,0.4971608832807571,62.2,1.585,0.788,0.6025236593059937,0.9550000000000001
22.590989737236093,0.9196988707653702,0.095,0.23700000000000002,0.079,0.189,0.17400000000000002,0.128,0.493099121706399,57.400000000000006,1.594,0.786,0.5959849435382685,0.9500000000000001
21.291500998062663,0.9183548189073051,0.089,0.242,0.074,0.177,0.17500000000000002,0.133,0.4953959484346225,56.5,1.629,0.807,0.5936157151626765,0.967
25.844538300925645,0.9146110056925996,0.08700000000000001,0.247,0.074,0.17500000000000002,0.176,0.135,0.5211891208096142,64.60000000000001,1.581,0.8240000000000001,0.6135357368753953,0.97
20.307132909225196,0.9244114002478315,0.084,0.233,0.07,0.169,0.168,0.122,0.5136307311028501,52.900000000000006,1.614,0.8290000000000001,0.6047087980173482,0.976
26.661389247642752,0.9185375240538807,0.088,0.227,0.073,0.171,0.168,0.127,0.5099422706863374,64.8,1.559,0.795,0.5926876202694035,0.924
26.07811837521169,0.9239835002946376,0.092,0.261,0.079,0.192,0.199,0.129,0.5250441956393636,75.10000000000001,1.697,0.891,0.6057748968768415,1.028
26.407106223655344,0.9169653524492234,0.096,0.254,0.085,0.203,0.18,0.139,0.502389486260454,74.0,1.674,0.841,0.5991636798088411,1.0030000000000001
26.476982490261502,0.9225768321513003,0.1,0.256,0.08,0.187,0.186,0.131,0.5141843971631206,75.8,1.692,0.87,0.5874704491725768,0.994
21.240498806659705,0.9213622291021671,0.08700000000000001,0.255,0.07100000000000001,0.168,0.18,0.127,0.5040247678018576,55.400000000000006,1.615,0.8140000000000001,0.5795665634674922,0.936
27.442759942846912,0.9245175936435869,0.094,0.26,0.08,0.196,0.186,0.133,0.5249716231555052,85.2,1.762,0.925,0.6248581157775256,1.101
32.89780785012826,0.9230769230769231,0.092,0.244,0.077,0.187,0.191,0.121,0.5212968849332485,81.4,1.573,0.8200000000000001,0.5944055944055944,0.935
29.404669632827034,0.9283154121863799,0.094,0.257,0.076,0.19,0.188,0.12,0.513142174432497,82.4,1.674,0.859,0.5758661887694145,0.964
21.45940141495528,0.9229261920313521,0.08,0.222,0.07200000000000001,0.17500000000000002,0.164,0.11800000000000001,0.5218811234487263,50.300000000000004,1.5310000000000001,0.799,0.6094056172436316,0.933
26.798821205063955,0.9129568106312292,0.088,0.224,0.07200000000000001,0.17300000000000001,0.17500000000000002,0.131,0.4956810631229236,60.7,1.5050000000000001,0.746,0.584717607973422,0.88
23.944636678200695,0.9270588235294117,0.096,0.263,0.08600000000000001,0.20600000000000002,0.20400000000000001,0.124,0.5270588235294118,69.2,1.7,0.896,0.6088235294117647,1.035
27.02108193256467,0.9220272904483431,0.09,0.23600000000000002,0.073,0.177,0.167,0.12,0.5107212475633528,64.0,1.539,0.786,0.589993502274204,0.908
24.76756591982929,0.9271604938271605,0.097,0.252,0.078,0.192,0.185,0.11800000000000001,0.5037037037037037,65.0,1.62,0.8160000000000001,0.591358024691358,0.9580000000000001
19.78884618743995,0.9258177570093458,0.094,0.242,0.08,0.189,0.181,0.127,0.5134345794392523,58.0,1.712,0.879,0.6156542056074766,1.054
24.88699399896311,0.9202059202059202,0.093,0.23700000000000002,0.078,0.188,0.18,0.124,0.509009009009009,60.1,1.554,0.791,0.6003861003861004,0.933
23.53536413633437,0.9111389236545682,0.095,0.227,0.074,0.182,0.177,0.14200000000000002,0.5043804755944932,60.1,1.598,0.806,0.5926157697121401,0.9470000000000001
25.55277109027209,0.9274193548387096,0.096,0.264,0.077,0.188,0.186,0.117,0.5241935483870968,66.4,1.612,0.845,0.6066997518610422,0.978
24.12616439630193,0.9220855301698887,0.098,0.264,0.084,0.199,0.197,0.133,0.5131810193321616,70.3,1.707,0.876,0.6092560046865847,1.04
23.73502160233744,0.9224084419615146,0.095,0.23700000000000002,0.077,0.181,0.171,0.125,0.5090006207324643,61.6,1.611,0.8200000000000001,0.6126629422718808,0.987
25.57883855646177,0.9149468417761101,0.093,0.23,0.076,0.177,0.168,0.136,0.5003126954346466,65.4,1.599,0.8,0.5778611632270169,0.924
23.92596194350305,0.917144678138942,0.08700000000000001,0.246,0.079,0.185,0.188,0.13,0.5226258763543659,58.900000000000006,1.569,0.8200000000000001,0.6048438495857233,0.9490000000000001
18.94727631095084,0.9236319903788335,0.081,0.229,0.07100000000000001,0.17,0.163,0.127,0.5099218280216476,52.400000000000006,1.663,0.848,0.6019242333132893,1.0010000000000001
25.436345006189754,0.9225690276110444,0.095,0.248,0.08,0.186,0.178,0.129,0.5138055222088835,70.60000000000001,1.666,0.856,0.5870348139255702,0.978
24.561445579139633,0.9258589511754068,0.089,0.247,0.077,0.187,0.184,0.123,0.5232067510548524,67.60000000000001,1.659,0.868,0.6009644364074744,0.997
26.16713617705281,0.9157485418016851,0.089,0.234,0.076,0.186,0.17300000000000001,0.13,0.5113415424497731,62.300000000000004,1.543,0.789,0.5852235904082955,0.903
25.445282310950265,0.9197963080840229,0.092,0.227,0.073,0.17300000000000001,0.17300000000000001,0.126,0.5187778485041374,62.800000000000004,1.571,0.8150000000000001,0.6008911521323997,0.9440000000000001
19.21369757105248,0.9227441285537701,0.089,0.241,0.073,0.171,0.168,0.125,0.5092707045735476,50.300000000000004,1.618,0.8240000000000001,0.6013597033374537,0.973
23.108676362794643,0.9236024844720497,0.091,0.23700000000000002,0.075,0.178,0.17500000000000002,0.123,0.5105590062111801,59.900000000000006,1.61,0.8220000000000001,0.6080745341614907,0.979
22.22082248537275,0.9166666666666666,0.08700000000000001,0.233,0.075,0.177,0.17400000000000002,0.126,0.5291005291005291,50.800000000000004,1.512,0.8,0.6216931216931217,0.9400000000000001
21.505153999648478,0.9183279742765273,0.094,0.255,0.081,0.187,0.188,0.127,0.5157556270096463,52.0,1.555,0.802,0.5877813504823152,0.914
27.797839127783423,0.9230769230769231,0.091,0.258,0.08,0.194,0.186,0.133,0.5089647194910353,83.10000000000001,1.729,0.88,0.5951417004048583,1.029
24.510876011615476,0.9234149403640929,0.092,0.229,0.08,0.189,0.163,0.122,0.5254237288135594,62.2,1.593,0.837,0.5938480853735091,0.9460000000000001
27.270469364949573,0.9142324425108763,0.093,0.243,0.079,0.18,0.182,0.138,0.5127408328154133,70.60000000000001,1.609,0.8250000000000001,0.5929148539465506,0.9540000000000001
24.55904185125836,0.9186893203883495,0.095,0.26,0.083,0.187,0.183,0.134,0.5218446601941747,66.7,1.6480000000000001,0.86,0.6092233009708737,1.004
27.441948062542078,0.9190680564071122,0.089,0.242,0.078,0.187,0.17500000000000002,0.132,0.5107296137339056,73.0,1.631,0.833,0.5916615573267934,0.965
28.727945672111105,0.923481308411215,0.10200000000000001,0.252,0.084,0.20400000000000001,0.181,0.131,0.5116822429906542,84.2,1.712,0.876,0.5917056074766355,1.0130000000000001
23.118894706278446,0.9221284879948086,0.09,0.23800000000000002,0.076,0.182,0.178,0.12,0.5230369889682025,54.900000000000006,1.541,0.806,0.6119402985074627,0.9430000000000001
22.02078487284172,0.926037282020445,0.093,0.253,0.077,0.191,0.187,0.123,0.5231509320505111,60.900000000000006,1.663,0.87,0.6277811184606134,1.044
25.719809166693533,0.9213135068153655,0.089,0.23700000000000002,0.077,0.179,0.181,0.127,0.5260223048327137,67.0,1.614,0.849,0.6102850061957868,0.985
27.843001499057802,0.9161451814768461,0.094,0.23800000000000002,0.077,0.187,0.17200000000000001,0.134,0.516270337922403,71.10000000000001,1.598,0.8250000000000001,0.590738423028786,0.9440000000000001
25.050780417862317,0.9183673469387755,0.094,0.244,0.08,0.188,0.182,0.132,0.5126777983920842,65.5,1.617,0.8290000000000001,0.5862708719851577,0.9480000000000001
28.046929679690237,0.9161640530759951,0.092,0.23700000000000002,0.074,0.18,0.185,0.139,0.5090470446320868,77.10000000000001,1.6580000000000001,0.844,0.5880579010856454,0.975
24.775940929409334,0.9263093788063338,0.094,0.256,0.077,0.188,0.187,0.121,0.5182704019488429,66.8,1.6420000000000001,0.851,0.6065773447015834,0.996
24.521331130228734,0.9240282685512368,0.088,0.248,0.073,0.17500000000000002,0.178,0.129,0.5159010600706714,70.7,1.698,0.876,0.6065959952885748,1.03
27.872855594306717,0.9247572815533981,0.092,0.248,0.082,0.203,0.186,0.124,0.524878640776699,75.7,1.6480000000000001,0.865,0.6049757281553398,0.997
27.792767783479746,0.9253986332574032,0.10200000000000001,0.27,0.084,0.201,0.20400000000000001,0.131,0.5222095671981777,85.7,1.756,0.917,0.621867881548975,1.092
24.873422527910144,0.9188370684433677,0.08600000000000001,0.252,0.076,0.184,0.191,0.134,0.5287704421562689,67.8,1.651,0.873,0.6147789218655361,1.0150000000000001
23.595894464178432,0.9210526315789473,0.088,0.228,0.078,0.188,0.183,0.129,0.5140758873929009,63.0,1.6340000000000001,0.84,0.5960832313341493,0.974
25.507749733709364,0.9186658864833236,0.092,0.262,0.082,0.197,0.2,0.139,0.5418373317729667,74.5,1.709,0.926,0.6243417203042715,1.067
19.84101856190609,0.9270462633451957,0.093,0.255,0.073,0.179,0.187,0.123,0.5397390272835113,56.400000000000006,1.686,0.91,0.6287069988137604,1.06
26.644247558688487,0.9227963525835866,0.08700000000000001,0.244,0.074,0.181,0.176,0.127,0.5094224924012158,72.10000000000001,1.645,0.838,0.5817629179331307,0.9570000000000001
26.375690269370928,0.923961661341853,0.09,0.244,0.074,0.182,0.185,0.11900000000000001,0.5335463258785943,64.60000000000001,1.565,0.835,0.6038338658146964,0.9450000000000001
18.79469295440298,0.9264801561483409,0.077,0.227,0.068,0.167,0.178,0.113,0.5211450878334418,44.400000000000006,1.537,0.801,0.6226415094339622,0.9570000000000001
25.885618852439265,0.9159497021839841,0.088,0.219,0.07200000000000001,0.17400000000000002,0.16,0.127,0.5162144275314361,59.1,1.5110000000000001,0.78,0.5890138980807412,0.89
25.59575404686892,0.9266221952698606,0.094,0.249,0.08,0.191,0.185,0.121,0.533050333535476,69.60000000000001,1.649,0.879,0.6228016979987872,1.027
20.933650207642994,0.9163237311385459,0.08700000000000001,0.222,0.069,0.17200000000000001,0.17,0.122,0.5123456790123457,44.5,1.458,0.747,0.5871056241426612,0.856
23.464156238960776,0.9221148379761228,0.10300000000000001,0.27,0.082,0.197,0.194,0.137,0.5224559408754974,72.60000000000001,1.7590000000000001,0.919,0.6151222285389426,1.082
29.126245589866205,0.9223363286264442,0.095,0.231,0.082,0.196,0.17400000000000002,0.121,0.5012836970474968,70.7,1.558,0.781,0.5905006418485238,0.92
22.566597785314794,0.9212085308056872,0.094,0.261,0.08,0.194,0.188,0.133,0.5106635071090048,64.3,1.688,0.862,0.6078199052132701,1.026
26.164594502794692,0.9234661606578115,0.091,0.247,0.078,0.192,0.178,0.121,0.540796963946869,65.4,1.581,0.855,0.6122707147375079,0.968
24.98115439271253,0.9134554643082754,0.092,0.249,0.078,0.188,0.186,0.137,0.5205306380290587,62.6,1.583,0.8240000000000001,0.5862286797220467,0.928
27.26482330282958,0.9160073037127207,0.099,0.257,0.082,0.202,0.20400000000000001,0.138,0.5191722458916616,73.60000000000001,1.643,0.853,0.6055995130858186,0.995
27.789506057004655,0.9257990867579908,0.096,0.256,0.081,0.196,0.19,0.13,0.5159817351598174,85.30000000000001,1.752,0.904,0.5901826484018264,1.034
29.296874999999993,0.91875,0.092,0.229,0.078,0.187,0.177,0.13,0.52125,75.0,1.6,0.834,0.604375,0.967
30.44397010761198,0.9245982694684796,0.10400000000000001,0.264,0.08700000000000001,0.20700000000000002,0.185,0.122,0.5296662546353523,79.7,1.618,0.857,0.6199011124845488,1.0030000000000001
28.62419205909511,0.9257309941520467,0.09,0.262,0.08600000000000001,0.20400000000000001,0.201,0.127,0.5210526315789473,83.7,1.71,0.891,0.6046783625730994,1.034
23.485157579436557,0.9167192429022082,0.098,0.23800000000000002,0.078,0.187,0.17400000000000002,0.132,0.5274447949526814,59.0,1.585,0.836,0.6100946372239747,0.967
20.12558838847889,0.9272727272727272,0.091,0.249,0.078,0.192,0.17300000000000001,0.116,0.5141065830721003,51.2,1.595,0.8200000000000001,0.6112852664576802,0.975
23.838808197786097,0.9219330855018587,0.098,0.244,0.076,0.189,0.176,0.126,0.5210656753407683,62.1,1.614,0.841,0.6152416356877324,0.993
29.28872864860721,0.9242333132892363,0.094,0.243,0.076,0.181,0.177,0.126,0.5123271196632592,81.0,1.663,0.852,0.582080577269994,0.968
23.482716300103,0.9226963512677798,0.091,0.263,0.08,0.19,0.195,0.125,0.5287569573283859,61.400000000000006,1.617,0.855,0.6128633271490415,0.991
21.35664976978788,0.9078947368421053,0.094,0.244,0.075,0.188,0.185,0.147,0.5332080200501254,54.400000000000006,1.596,0.851,0.6196741854636592,0.989
23.495911010113762,0.9194756554307116,0.09,0.256,0.083,0.193,0.186,0.129,0.5443196004993758,60.300000000000004,1.602,0.872,0.6098626716604245,0.977
27.599319216792654,0.9214876033057852,0.095,0.262,0.081,0.191,0.186,0.133,0.5188902007083825,79.2,1.694,0.879,0.5974025974025974,1.012
27.104074382702514,0.9145695364238411,0.09,0.23,0.073,0.17200000000000001,0.163,0.129,0.5225165562913907,61.800000000000004,1.51,0.789,0.604635761589404,0.913
25.625160422853394,0.9165580182529335,0.089,0.234,0.076,0.17300000000000001,0.17300000000000001,0.128,0.5019556714471969,60.300000000000004,1.534,0.77,0.5880052151238592,0.902
33.146613652060175,0.9112607099143207,0.10400000000000001,0.251,0.083,0.198,0.188,0.145,0.5287637698898409,88.5,1.6340000000000001,0.864,0.5942472460220318,0.971
29.86831337323579,0.9219773674806433,0.094,0.242,0.084,0.198,0.184,0.131,0.5008933889219773,84.2,1.679,0.841,0.586063132817153,0.984
30.482168313518653,0.919035846724351,0.097,0.233,0.077,0.183,0.17200000000000001,0.131,0.5271940667490729,79.80000000000001,1.618,0.853,0.5970333745364648,0.966
23.063234003791973,0.9221954161640531,0.093,0.246,0.078,0.182,0.187,0.129,0.5042219541616405,63.400000000000006,1.6580000000000001,0.836,0.6073582629674307,1.0070000000000001
20.782018849031786,0.9251369446135118,0.095,0.243,0.078,0.178,0.183,0.123,0.5331710286062081,56.1,1.643,0.876,0.6183810103469264,1.016
28.360956563033138,0.9170702179176755,0.08700000000000001,0.263,0.077,0.186,0.195,0.137,0.5314769975786925,77.4,1.6520000000000001,0.878,0.6047215496368039,0.999
27.98838290408228,0.9182662538699691,0.101,0.254,0.081,0.191,0.177,0.132,0.5176470588235295,73.0,1.615,0.836,0.6024767801857586,0.973
30.332486878523028,0.9217443249701314,0.094,0.267,0.078,0.18,0.18,0.131,0.5197132616487455,85.0,1.674,0.87,0.6015531660692951,1.0070000000000001
27.57610339795061,0.9207596594629993,0.08700000000000001,0.244,0.076,0.179,0.181,0.121,0.5258677144728225,64.3,1.5270000000000001,0.803,0.5893909626719057,0.9
21.91532093577118,0.9189723320158103,0.089,0.23,0.074,0.18,0.163,0.123,0.5230566534914362,50.5,1.518,0.794,0.5942028985507246,0.902
26.679754019255537,0.925589836660617,0.099,0.26,0.08,0.187,0.197,0.123,0.5117967332123412,72.9,1.653,0.846,0.6025408348457351,0.996
30.33847198015028,0.917420132610006,0.1,0.262,0.084,0.199,0.187,0.137,0.5117540687160941,83.5,1.659,0.849,0.6088004822182037,1.01
18.78372347762587,0.9248407643312102,0.085,0.23,0.07,0.167,0.17300000000000001,0.11800000000000001,0.49044585987261147,46.300000000000004,1.57,0.77,0.5808917197452229,0.912
32.53681690940809,0.9152866242038217,0.108,0.246,0.083,0.196,0.186,0.133,0.5222929936305732,80.2,1.57,0.8200000000000001,0.5592356687898089,0.878
34.80445277409056,0.9249848759830611,0.097,0.256,0.085,0.203,0.188,0.124,0.5033272837265578,95.10000000000001,1.653,0.8320000000000001,0.5910465819721719,0.977
19.857083588086297,0.9252336448598131,0.091,0.257,0.078,0.178,0.18,0.128,0.5274532710280374,58.2,1.712,0.903,0.6191588785046729,1.06
30.467707480537285,0.9183673469387755,0.092,0.23900000000000002,0.08,0.187,0.17400000000000002,0.124,0.5220539828834759,70.3,1.5190000000000001,0.793,0.5826201448321264,0.885
35.176698181858356,0.9206815511163338,0.105,0.272,0.08700000000000001,0.211,0.20800000000000002,0.135,0.535840188014101,101.9,1.702,0.912,0.6086956521739131,1.036
24.36602069638465,0.917639827904118,0.09,0.248,0.079,0.184,0.17400000000000002,0.134,0.5046097111247695,64.5,1.627,0.8210000000000001,0.6017209588199139,0.979
31.37161395423313,0.9129287598944591,0.08600000000000001,0.23700000000000002,0.074,0.17300000000000001,0.181,0.132,0.525065963060686,72.10000000000001,1.516,0.796,0.6088390501319261,0.923
26.377864302848216,0.9172457359444094,0.091,0.23800000000000002,0.078,0.186,0.178,0.131,0.5337965887555275,66.10000000000001,1.583,0.845,0.5957043588123816,0.9430000000000001
21.71341317528623,0.9234972677595629,0.091,0.253,0.075,0.176,0.17500000000000002,0.126,0.5488767455980571,58.900000000000006,1.647,0.904,0.6211293260473588,1.0230000000000001
20.780561988258984,0.918444165621079,0.089,0.23600000000000002,0.075,0.17500000000000002,0.17300000000000001,0.13,0.5087829360100377,52.800000000000004,1.594,0.811,0.6104140526976161,0.973
23.826925496684314,0.9146567717996289,0.091,0.263,0.081,0.193,0.187,0.138,0.53865182436611,62.300000000000004,1.617,0.871,0.6091527520098948,0.985
31.974009697831338,0.9175627240143369,0.099,0.259,0.083,0.199,0.197,0.138,0.53584229390681,89.60000000000001,1.674,0.897,0.5991636798088411,1.0030000000000001
32.33664269562602,0.9183800623052959,0.092,0.252,0.078,0.19,0.184,0.131,0.5171339563862928,83.30000000000001,1.605,0.8300000000000001,0.5850467289719626,0.9390000000000001
33.68636595823553,0.9199514857489387,0.1,0.266,0.081,0.195,0.20400000000000001,0.132,0.5476046088538509,91.60000000000001,1.649,0.903,0.5833838690115222,0.962
26.346420797872366,0.9195258889582034,0.091,0.256,0.08,0.183,0.187,0.129,0.5177791640673737,67.7,1.603,0.8300000000000001,0.5995009357454772,0.961
20.385611949397955,0.9148148148148149,0.083,0.244,0.075,0.177,0.17500000000000002,0.138,0.5055555555555555,53.5,1.62,0.8190000000000001,0.6037037037037037,0.978
28.377206407509437,0.9210858585858586,0.094,0.24,0.077,0.183,0.177,0.125,0.5416666666666666,71.2,1.584,0.858,0.6073232323232324,0.962
21.137146388977243,0.9208359721342622,0.084,0.242,0.069,0.162,0.184,0.125,0.5332488917036099,52.7,1.579,0.842,0.6212792906903103,0.981
27.88452018514393,0.9185323383084577,0.08700000000000001,0.23900000000000002,0.076,0.182,0.164,0.131,0.5155472636815921,72.10000000000001,1.608,0.8290000000000001,0.585820895522388,0.9420000000000001
21.47803916077388,0.9190821256038647,0.089,0.23500000000000001,0.083,0.195,0.178,0.134,0.517512077294686,58.900000000000006,1.6560000000000001,0.857,0.5984299516908212,0.991
27.211937813835355,0.9231238560097621,0.095,0.24,0.073,0.171,0.17,0.126,0.5118974984746797,73.10000000000001,1.639,0.839,0.6082977425259305,0.997
23.335466144755163,0.9190184049079755,0.088,0.243,0.078,0.178,0.17500000000000002,0.132,0.4950920245398773,62.0,1.6300000000000001,0.807,0.5895705521472393,0.961
26.64647413470847,0.9188854489164087,0.092,0.247,0.073,0.182,0.17300000000000001,0.131,0.5095975232198142,69.5,1.615,0.8230000000000001,0.5938080495356037,0.9590000000000001
24.71048872564024,0.9154040404040404,0.091,0.232,0.075,0.179,0.176,0.134,0.48674242424242425,62.0,1.584,0.771,0.5669191919191919,0.898
24.161254160502956,0.9224759615384616,0.091,0.253,0.085,0.198,0.192,0.129,0.5342548076923077,66.9,1.6640000000000001,0.889,0.6231971153846154,1.037
22.747981273761273,0.9171521035598705,0.08700000000000001,0.22,0.07,0.162,0.162,0.128,0.49385113268608416,54.300000000000004,1.545,0.763,0.5825242718446602,0.9
22.742076772758924,0.9235781990521327,0.08600000000000001,0.245,0.076,0.178,0.181,0.129,0.5195497630331753,64.8,1.688,0.877,0.6101895734597157,1.03
22.329969784871285,0.9264793783622236,0.091,0.247,0.082,0.19,0.182,0.123,0.5248057381948595,62.5,1.673,0.878,0.6060968320382546,1.014
23.704116590337936,0.9180327868852459,0.08700000000000001,0.252,0.07200000000000001,0.176,0.177,0.135,0.5142683667273831,64.3,1.647,0.847,0.5859137826350941,0.965
27.465053890839105,0.919975565058033,0.091,0.252,0.079,0.195,0.185,0.131,0.5051924251679902,73.60000000000001,1.637,0.8270000000000001,0.5797189981673794,0.9490000000000001
25.80346962721815,0.9250139899272524,0.099,0.265,0.08,0.189,0.192,0.134,0.5131505316172356,82.4,1.7870000000000001,0.917,0.599888080581981,1.072
31.0313062055087,0.9101796407185628,0.093,0.232,0.08,0.186,0.17300000000000001,0.135,0.5163007318695941,70.10000000000001,1.5030000000000001,0.776,0.5861610113107119,0.881
28.649372664809714,0.913572343149808,0.093,0.241,0.082,0.188,0.17300000000000001,0.135,0.5249679897567221,69.9,1.562,0.8200000000000001,0.5678617157490397,0.887
31.06250236882478,0.9120667522464698,0.101,0.253,0.081,0.189,0.176,0.137,0.5025673940949936,75.4,1.558,0.783,0.579589216944801,0.903
26.049047901260018,0.916243654822335,0.097,0.247,0.08700000000000001,0.202,0.187,0.132,0.5304568527918782,64.7,1.576,0.836,0.6040609137055838,0.9520000000000001
25.128434219343312,0.9195331695331695,0.095,0.233,0.075,0.176,0.178,0.131,0.5288697788697788,66.60000000000001,1.6280000000000001,0.861,0.6111793611793612,0.995
27.19682252093272,0.9210526315789473,0.095,0.259,0.08,0.188,0.189,0.138,0.511441647597254,83.10000000000001,1.748,0.894,0.6006864988558352,1.05
25.57478520417743,0.9249363867684478,0.088,0.245,0.078,0.183,0.178,0.11800000000000001,0.5082697201017812,63.2,1.572,0.799,0.6043256997455471,0.9500000000000001
24.555232650954608,0.9248422260470454,0.093,0.265,0.085,0.197,0.196,0.131,0.4934021801491681,74.60000000000001,1.743,0.86,0.5966724039013196,1.04
24.171827632297667,0.9154388212684177,0.085,0.241,0.075,0.177,0.17400000000000002,0.132,0.5169762972453555,58.900000000000006,1.561,0.807,0.6130685458039719,0.9570000000000001
24.410345886628935,0.9192852741836106,0.099,0.24,0.075,0.183,0.17400000000000002,0.131,0.5200246457178065,64.3,1.623,0.844,0.6124460874922982,0.994
25.926733625061186,0.9193450576106731,0.092,0.252,0.075,0.179,0.186,0.133,0.5348696179502729,70.5,1.649,0.882,0.5979381443298969,0.986
27.54700116458572,0.9235400361228175,0.093,0.265,0.076,0.182,0.185,0.127,0.5213726670680313,76.0,1.661,0.866,0.6104756170981337,1.014
24.44087895151505,0.9172661870503597,0.095,0.23800000000000002,0.081,0.191,0.182,0.138,0.5245803357314148,68.0,1.668,0.875,0.6312949640287769,1.053
23.43788992892418,0.9227642276422764,0.096,0.252,0.08,0.192,0.182,0.133,0.5046457607433217,69.5,1.722,0.869,0.6120789779326364,1.054
30.97482189477411,0.9163679808841099,0.094,0.253,0.08,0.187,0.178,0.14,0.516726403823178,86.80000000000001,1.674,0.865,0.5782556750298686,0.968
23.611777540173467,0.9230306674684305,0.088,0.25,0.077,0.183,0.19,0.128,0.5153337342152736,65.3,1.663,0.857,0.6253758268190018,1.04
33.76946627022546,0.916396629941672,0.09,0.23800000000000002,0.077,0.187,0.187,0.129,0.5217109526895658,80.4,1.543,0.805,0.594296824368114,0.917
27.61908318597,0.9192825112107623,0.094,0.23900000000000002,0.08,0.19,0.182,0.126,0.50416399743754,67.3,1.561,0.787,0.6066623959000641,0.9470000000000001
20.487824633750357,0.9161940768746062,0.08700000000000001,0.249,0.073,0.177,0.17500000000000002,0.133,0.5223692501575299,51.6,1.587,0.8290000000000001,0.6080655324511657,0.965
23.534412366752047,0.91438127090301,0.09,0.23700000000000002,0.073,0.17300000000000001,0.17,0.128,0.494314381270903,52.6,1.495,0.739,0.5785953177257525,0.865
33.77648026163838,0.9179331306990881,0.092,0.241,0.082,0.193,0.177,0.135,0.5270516717325228,91.4,1.645,0.867,0.5762917933130699,0.9480000000000001
33.63332502564587,0.9207501512401693,0.101,0.252,0.08,0.193,0.178,0.131,0.5057471264367817,91.9,1.653,0.836,0.5904416212946159,0.976
26.662205355334642,0.9264094955489615,0.08700000000000001,0.251,0.082,0.192,0.188,0.124,0.5264094955489614,75.7,1.685,0.887,0.597626112759644,1.0070000000000001
29.125491873500316,0.9145952836201402,0.089,0.243,0.073,0.178,0.18,0.134,0.5360101975780752,71.7,1.569,0.841,0.5920968769917144,0.929
26.911363159000206,0.9214975845410628,0.097,0.265,0.08,0.193,0.19,0.13,0.5289855072463768,73.8,1.6560000000000001,0.876,0.6159420289855072,1.02
27.507669238341617,0.9198564593301436,0.091,0.26,0.075,0.179,0.182,0.134,0.5155502392344498,76.9,1.672,0.862,0.6022727272727273,1.0070000000000001
26.30294608200133,0.9143033292231812,0.093,0.248,0.082,0.192,0.189,0.139,0.5252774352651048,69.2,1.622,0.852,0.6140567200986436,0.996
21.9943255362426,0.9212740384615384,0.1,0.258,0.077,0.177,0.185,0.131,0.4957932692307692,60.900000000000006,1.6640000000000001,0.8250000000000001,0.5991586538461539,0.997
22.267920445238847,0.9193154034229829,0.08700000000000001,0.244,0.08,0.189,0.177,0.132,0.5134474327628362,59.6,1.6360000000000001,0.84,0.5996332518337408,0.981
26.66132479402325,0.9243697478991597,0.093,0.246,0.08,0.187,0.187,0.126,0.56062424969988,74.0,1.666,0.934,0.6050420168067226,1.008
33.122350006014756,0.9210526315789473,0.088,0.243,0.076,0.179,0.183,0.123,0.5218228498074454,80.4,1.558,0.8130000000000001,0.5994865211810013,0.934
33.33005028769472,0.927120669056153,0.10200000000000001,0.265,0.083,0.2,0.197,0.122,0.543010752688172,93.4,1.674,0.909,0.6051373954599761,1.0130000000000001
24.137796219205185,0.9159061277705346,0.09,0.249,0.073,0.17300000000000001,0.17500000000000002,0.129,0.5195567144719687,56.800000000000004,1.534,0.797,0.6179921773142112,0.9480000000000001
23.5612932364786,0.9153374233128835,0.091,0.248,0.077,0.186,0.183,0.138,0.5325153374233129,62.6,1.6300000000000001,0.868,0.6006134969325153,0.979
26.430383337254913,0.9239976062238181,0.092,0.23800000000000002,0.075,0.182,0.181,0.127,0.5236385397965291,73.8,1.671,0.875,0.6116098144823459,1.022
25.245889653590773,0.9262157629960872,0.089,0.265,0.081,0.189,0.191,0.132,0.5153717160424819,80.80000000000001,1.7890000000000001,0.922,0.6154276131917272,1.101
25.87269555756696,0.9214423696072118,0.093,0.245,0.083,0.191,0.185,0.122,0.5209272376046362,62.400000000000006,1.553,0.809,0.6039922730199614,0.9380000000000001
27.689162533240392,0.9169157202630006,0.1,0.252,0.08,0.192,0.182,0.139,0.48356246264196057,77.5,1.673,0.809,0.5791990436341901,0.969
24.710174326168033,0.9205256570713392,0.089,0.241,0.074,0.177,0.179,0.127,0.5118898623279099,63.1,1.598,0.8180000000000001,0.6013767209011264,0.961
27.066286728177765,0.9238042269187987,0.10200000000000001,0.275,0.088,0.20600000000000002,0.22,0.137,0.5294771968854283,87.5,1.798,0.9520000000000001,0.617908787541713,1.111
24.13771718839414,0.9213893967093236,0.093,0.254,0.081,0.19,0.191,0.129,0.5149299207800122,65.0,1.641,0.845,0.6051188299817185,0.993
22.022521246650882,0.9208381839348079,0.094,0.248,0.081,0.186,0.183,0.136,0.5162980209545984,65.0,1.718,0.887,0.6036088474970897,1.037
25.94947417742607,0.9183673469387755,0.094,0.246,0.074,0.183,0.184,0.128,0.5363520408163265,63.800000000000004,1.568,0.841,0.5905612244897959,0.926
23.52420428096547,0.9158595641646489,0.088,0.244,0.075,0.177,0.177,0.139,0.5369249394673123,64.2,1.6520000000000001,0.887,0.6168280871670703,1.0190000000000001
24.84891291346028,0.918854415274463,0.093,0.258,0.08,0.187,0.187,0.136,0.5119331742243437,69.8,1.676,0.858,0.6032219570405728,1.0110000000000001
32.66477334145695,0.9197492163009404,0.097,0.258,0.081,0.193,0.18,0.128,0.5247648902821317,83.10000000000001,1.595,0.837,0.5968652037617554,0.9520000000000001
33.404993178367036,0.920447849145551,0.098,0.26,0.078,0.183,0.185,0.135,0.5238656452563347,96.2,1.697,0.889,0.5774896876841485,0.98
32.066654506623486,0.917204932472108,0.096,0.259,0.08600000000000001,0.203,0.197,0.14100000000000001,0.5237815619495009,93.0,1.703,0.892,0.5977686435701702,1.018
19.914566915184718,0.9176770899808552,0.091,0.244,0.077,0.183,0.17300000000000001,0.129,0.5207402680280792,48.900000000000006,1.567,0.8160000000000001,0.585832801531589,0.918
22.195388990755784,0.916988416988417,0.083,0.23,0.07200000000000001,0.169,0.17200000000000001,0.129,0.5244530244530244,53.6,1.554,0.8150000000000001,0.5984555984555985,0.93
23.244426788370397,0.9161094224924012,0.091,0.257,0.083,0.195,0.197,0.138,0.5240121580547112,62.900000000000006,1.645,0.862,0.61580547112462,1.0130000000000001
19.31360946745562,0.916923076923077,0.09,0.257,0.074,0.17500000000000002,0.188,0.135,0.5046153846153846,51.0,1.625,0.8200000000000001,0.5987692307692307,0.973
26.873767258382642,0.9141025641025641,0.09,0.24,0.074,0.17500000000000002,0.178,0.134,0.533974358974359,65.4,1.56,0.833,0.6012820512820513,0.9380000000000001
26.098523702386284,0.9153897401732178,0.085,0.23500000000000001,0.069,0.169,0.17200000000000001,0.127,0.5403064623584277,58.800000000000004,1.5010000000000001,0.811,0.6209193870752832,0.932
24.859553086428253,0.9183673469387755,0.095,0.247,0.079,0.183,0.186,0.132,0.5083487940630798,65.0,1.617,0.8220000000000001,0.577612863327149,0.934
24.64073160110321,0.9186746987951807,0.091,0.25,0.077,0.18,0.18,0.135,0.5198795180722892,67.9,1.6600000000000001,0.863,0.6180722891566265,1.026
26.89635178482919,0.9211009174311927,0.09,0.251,0.075,0.176,0.178,0.129,0.5223241590214067,71.9,1.635,0.854,0.5908256880733945,0.966
35.012393245500434,0.9167180752621839,0.099,0.265,0.085,0.203,0.20400000000000001,0.135,0.5391733497840839,92.0,1.621,0.874,0.6095003084515731,0.988
24.261782275236964,0.9197994987468672,0.089,0.233,0.075,0.177,0.17400000000000002,0.128,0.5025062656641605,61.800000000000004,1.596,0.802,0.6040100250626567,0.964
26.184162185877398,0.9229836264402669,0.091,0.241,0.08,0.192,0.177,0.127,0.5003032140691328,71.2,1.649,0.8250000000000001,0.593086719223772,0.978
25.434120485740277,0.9188679245283019,0.08700000000000001,0.23900000000000002,0.077,0.18,0.178,0.129,0.510062893081761,64.3,1.59,0.811,0.5830188679245283,0.927
29.84681395611427,0.9159509202453988,0.093,0.256,0.078,0.185,0.192,0.137,0.5276073619631901,79.30000000000001,1.6300000000000001,0.86,0.588957055214724,0.96
25.38603326674098,0.9162790697674419,0.09,0.24,0.074,0.179,0.161,0.126,0.5029900332225914,57.5,1.5050000000000001,0.757,0.5840531561461794,0.879
27.135002571100827,0.9245283018867925,0.08600000000000001,0.23800000000000002,0.076,0.18,0.17400000000000002,0.12,0.5075471698113208,68.60000000000001,1.59,0.807,0.6,0.9540000000000001
26.443546679201727,0.9206447613143212,0.094,0.255,0.079,0.187,0.19,0.128,0.5151890886546807,68.8,1.613,0.8310000000000001,0.6112833230006199,0.986
29.644871208657214,0.9203703703703704,0.092,0.242,0.08,0.188,0.183,0.129,0.5234567901234568,77.80000000000001,1.62,0.848,0.6,0.972
26.88012413346737,0.9223473621813871,0.094,0.23800000000000002,0.079,0.192,0.186,0.131,0.5192649673977475,76.5,1.687,0.876,0.5921754593953764,0.999
22.676878692920088,0.9194048357098574,0.096,0.25,0.081,0.184,0.182,0.13,0.51828890266584,59.0,1.613,0.836,0.6057036577805331,0.977
23.049415590536334,0.9271844660194175,0.092,0.24,0.077,0.182,0.18,0.12,0.5309466019417476,62.6,1.6480000000000001,0.875,0.6061893203883495,0.999
27.412148291269173,0.9302197802197802,0.099,0.274,0.08,0.187,0.20700000000000002,0.127,0.5335164835164835,90.80000000000001,1.82,0.971,0.6142857142857143,1.118
19.217693807559396,0.9187848729076256,0.092,0.255,0.078,0.183,0.19,0.131,0.5424674519528828,50.0,1.613,0.875,0.6267823930564166,1.0110000000000001
23.282879198744073,0.9203025014543339,0.09,0.261,0.075,0.181,0.185,0.137,0.508435136707388,68.8,1.719,0.874,0.595695171611402,1.024
23.8150340487784,0.9215813350615684,0.093,0.226,0.075,0.183,0.17300000000000001,0.121,0.509397278029812,56.7,1.543,0.786,0.5975372650680493,0.922
22.196243339342736,0.918757467144564,0.098,0.259,0.081,0.189,0.19,0.136,0.529868578255675,62.2,1.674,0.887,0.6176821983273596,1.034
25.595132073777695,0.9235860409145608,0.098,0.273,0.09,0.20800000000000002,0.20400000000000001,0.127,0.5270758122743683,70.7,1.6620000000000001,0.876,0.6058965102286402,1.0070000000000001
26.36091595909093,0.9230769230769231,0.088,0.23600000000000002,0.08,0.186,0.17500000000000002,0.124,0.5353598014888338,68.5,1.612,0.863,0.607940446650124,0.98
22.165933948622392,0.9214953271028037,0.088,0.241,0.078,0.187,0.179,0.126,0.5295950155763239,57.1,1.605,0.85,0.6174454828660436,0.991
34.76331360946745,0.9205128205128205,0.09,0.245,0.078,0.19,0.163,0.124,0.5128205128205128,84.60000000000001,1.56,0.8,0.5782051282051283,0.902
22.319364829881653,0.9158653846153846,0.092,0.248,0.079,0.189,0.187,0.14,0.5276442307692307,61.800000000000004,1.6640000000000001,0.878,0.6219951923076923,1.035
24.328046327551075,0.9217809867629362,0.093,0.256,0.082,0.196,0.189,0.13,0.5150421179302046,67.2,1.6620000000000001,0.856,0.5944645006016848,0.988
26.367931717725952,0.9203703703703704,0.099,0.234,0.078,0.189,0.164,0.129,0.5265432098765432,69.2,1.62,0.853,0.6234567901234568,1.01
19.100065200862232,0.9195915762603701,0.089,0.226,0.073,0.178,0.167,0.126,0.5118059987236758,46.900000000000006,1.567,0.802,0.603063178047224,0.9450000000000001
23.626565654334932,0.92599171107164,0.098,0.27,0.082,0.193,0.193,0.125,0.5310834813499112,67.4,1.689,0.897,0.6104203670811131,1.031
21.29821690844907,0.9194162436548223,0.093,0.241,0.075,0.177,0.17300000000000001,0.127,0.5418781725888325,52.900000000000006,1.576,0.854,0.6275380710659898,0.989
25.28250450688124,0.9172932330827067,0.095,0.246,0.077,0.193,0.185,0.132,0.5175438596491229,64.4,1.596,0.8260000000000001,0.5902255639097744,0.9420000000000001
28.880168809699793,0.921021377672209,0.1,0.25,0.08,0.187,0.192,0.133,0.5071258907363421,81.9,1.684,0.854,0.5665083135391924,0.9540000000000001
23.577708398635185,0.918918918918919,0.097,0.265,0.079,0.188,0.183,0.138,0.5223266745005876,68.3,1.702,0.889,0.6069330199764983,1.033
19.113143570249832,0.9272206303724928,0.08600000000000001,0.243,0.077,0.185,0.177,0.127,0.52378223495702,58.2,1.745,0.914,0.6091690544412608,1.063
20.8072509358374,0.9193245778611632,0.09,0.241,0.079,0.189,0.18,0.129,0.5297060662914321,53.2,1.599,0.847,0.616635397123202,0.986
26.524458342640155,0.918918918918919,0.091,0.245,0.076,0.19,0.17500000000000002,0.132,0.5018427518427518,70.3,1.6280000000000001,0.8170000000000001,0.6013513513513513,0.979
29.605976371716057,0.919442761962447,0.094,0.256,0.08,0.19,0.184,0.133,0.5105996365838885,80.7,1.651,0.843,0.5929739551786796,0.979
22.45050630034595,0.9189698492462312,0.088,0.25,0.08,0.19,0.18,0.129,0.5131909547738693,56.900000000000006,1.592,0.8170000000000001,0.6042713567839196,0.962
20.011363595756166,0.9187145557655955,0.091,0.226,0.074,0.178,0.17,0.129,0.5261499684940139,50.400000000000006,1.587,0.835,0.591052299936988,0.9380000000000001
28.033673611069183,0.9213759213759214,0.094,0.252,0.083,0.193,0.181,0.128,0.5251842751842751,74.3,1.6280000000000001,0.855,0.5909090909090909,0.962
24.47935102520504,0.9157959434542102,0.089,0.246,0.07200000000000001,0.176,0.176,0.137,0.5212046711739398,64.8,1.627,0.848,0.6017209588199139,0.979
24.93604401900188,0.91713048855906,0.089,0.23600000000000002,0.078,0.187,0.185,0.134,0.518243661100804,65.2,1.617,0.838,0.5868893011750155,0.9490000000000001
21.896141963716335,0.915929203539823,0.08700000000000001,0.23700000000000002,0.073,0.17300000000000001,0.17500000000000002,0.133,0.5379266750948167,54.800000000000004,1.582,0.851,0.6024020227560051,0.9530000000000001
23.747348530225384,0.9199739752765127,0.091,0.23800000000000002,0.077,0.178,0.182,0.123,0.538711776187378,56.1,1.537,0.8280000000000001,0.6044242029928432,0.929
24.98454010923105,0.9201964395334561,0.095,0.26,0.079,0.187,0.196,0.13,0.5334561080417434,66.3,1.629,0.869,0.612645794966237,0.998
21.45300416418798,0.9219512195121952,0.092,0.242,0.07200000000000001,0.168,0.177,0.128,0.5341463414634147,57.7,1.6400000000000001,0.876,0.6182926829268293,1.014
28.157718868344844,0.9170149253731343,0.10300000000000001,0.254,0.085,0.198,0.183,0.139,0.5295522388059701,79.0,1.675,0.887,0.6280597014925373,1.052
26.47502588318477,0.9202261306532663,0.093,0.255,0.075,0.184,0.19,0.127,0.5339195979899497,67.10000000000001,1.592,0.85,0.6074120603015075,0.967
25.912282984630007,0.9191671769748928,0.093,0.242,0.077,0.183,0.192,0.132,0.5296999387630129,69.10000000000001,1.633,0.865,0.5903245560318432,0.964
25.738448747356646,0.927870744373918,0.094,0.265,0.081,0.193,0.198,0.125,0.5354875937680323,77.30000000000001,1.733,0.928,0.6266589728793999,1.086
23.9959878091123,0.924223602484472,0.093,0.24,0.082,0.19,0.187,0.122,0.5316770186335403,62.2,1.61,0.856,0.6242236024844721,1.0050000000000001
25.281810634345096,0.9208173690932312,0.098,0.219,0.078,0.186,0.178,0.124,0.5389527458492975,62.0,1.566,0.844,0.5983397190293742,0.937
25.722912488864885,0.9188529591214155,0.092,0.249,0.078,0.183,0.183,0.133,0.5466748017083588,69.10000000000001,1.639,0.896,0.598535692495424,0.981
25.07610959782086,0.9208860759493671,0.089,0.23600000000000002,0.07200000000000001,0.171,0.17400000000000002,0.125,0.5386075949367088,62.6,1.58,0.851,0.5936708860759494,0.9380000000000001
24.213684320381287,0.9171483622350675,0.093,0.24,0.078,0.185,0.181,0.129,0.5324341682723186,58.7,1.557,0.8290000000000001,0.6120745022479126,0.9530000000000001
24.501419069941665,0.9174093879976233,0.093,0.253,0.077,0.184,0.185,0.139,0.5092097445038621,69.4,1.683,0.857,0.5983363042186571,1.0070000000000001
25.368480114365973,0.9160926737633062,0.091,0.23800000000000002,0.075,0.183,0.17200000000000001,0.134,0.5159674389480275,64.7,1.597,0.8240000000000001,0.6105197244834064,0.975
24.31857092955681,0.9198998748435544,0.096,0.245,0.077,0.18,0.181,0.128,0.5206508135168961,62.1,1.598,0.8320000000000001,0.6013767209011264,0.961
26.827900555352915,0.9200247985120893,0.08700000000000001,0.23900000000000002,0.074,0.185,0.166,0.129,0.5257284562926224,69.8,1.613,0.848,0.606323620582765,0.978
24.124733699347715,0.9235900545785325,0.099,0.257,0.085,0.20400000000000001,0.183,0.126,0.5057610673135233,65.60000000000001,1.649,0.834,0.6106731352334749,1.0070000000000001
21.53396213456652,0.9252392344497608,0.092,0.241,0.074,0.176,0.181,0.125,0.5257177033492823,60.2,1.672,0.879,0.6202153110047847,1.037
25.32060555437983,0.9165207238762405,0.098,0.265,0.081,0.193,0.187,0.14300000000000002,0.5224751897256276,74.3,1.713,0.895,0.6018680677174547,1.031
27.628402443331144,0.9207800121876905,0.097,0.253,0.075,0.181,0.181,0.13,0.5191956124314442,74.4,1.641,0.852,0.5941499085923218,0.975
24.359795331539505,0.9267990074441688,0.095,0.23,0.08,0.182,0.178,0.11800000000000001,0.5204714640198511,63.300000000000004,1.612,0.839,0.6048387096774194,0.975
24.379557917349764,0.9273182957393483,0.099,0.25,0.081,0.19,0.18,0.116,0.5213032581453634,62.1,1.596,0.8320000000000001,0.6102756892230576,0.974
22.45879028395221,0.9237170596393898,0.088,0.228,0.07100000000000001,0.165,0.15,0.11,0.5027739251040222,46.7,1.442,0.725,0.5818307905686546,0.839
26.426525780337265,0.9234726688102894,0.1,0.25,0.075,0.177,0.181,0.11900000000000001,0.5131832797427652,63.900000000000006,1.555,0.798,0.5935691318327975,0.923
25.83657629219695,0.9205076820307281,0.08600000000000001,0.222,0.076,0.177,0.161,0.11900000000000001,0.5150300601202404,57.900000000000006,1.497,0.771,0.6025384101536406,0.902
27.246027005892525,0.923697270471464,0.09,0.244,0.077,0.185,0.183,0.123,0.5080645161290323,70.8,1.612,0.8190000000000001,0.5899503722084367,0.9510000000000001
24.438920205875146,0.927810650887574,0.09,0.243,0.076,0.177,0.178,0.122,0.5142011834319526,69.8,1.69,0.869,0.6136094674556213,1.037
24.494785681861423,0.9198286413708691,0.089,0.23900000000000002,0.077,0.186,0.171,0.131,0.5079559363525091,65.4,1.6340000000000001,0.8300000000000001,0.5991432068543452,0.979
23.802403164402143,0.9184890656063618,0.1,0.233,0.081,0.188,0.17200000000000001,0.123,0.5142478462557986,54.2,1.5090000000000001,0.776,0.6050364479787939,0.913
23.69418281840107,0.9323640960809102,0.09,0.23900000000000002,0.077,0.18,0.171,0.107,0.5246523388116309,59.300000000000004,1.582,0.8300000000000001,0.6302149178255373,0.997
23.15693834523407,0.9276450511945392,0.09,0.214,0.075,0.169,0.16,0.106,0.5017064846416383,49.7,1.465,0.735,0.6027303754266211,0.883
22.035797697971326,0.9132686084142395,0.088,0.241,0.078,0.177,0.164,0.134,0.5203883495145631,52.6,1.545,0.804,0.5980582524271845,0.924
22.062625682275208,0.92,0.09,0.228,0.076,0.182,0.163,0.11800000000000001,0.49491525423728816,48.0,1.475,0.73,0.5898305084745763,0.87
20.88732506865255,0.9252908756889161,0.089,0.246,0.074,0.177,0.183,0.122,0.5425597060624617,55.7,1.633,0.886,0.617881200244948,1.0090000000000001
27.21639780449379,0.9251992642550583,0.08600000000000001,0.241,0.075,0.178,0.17500000000000002,0.122,0.5340282035561006,72.4,1.631,0.871,0.6039239730226855,0.985
25.0011725209503,0.9182041820418204,0.088,0.252,0.076,0.187,0.178,0.133,0.5104551045510455,66.10000000000001,1.6260000000000001,0.8300000000000001,0.5904059040590406,0.96
33.785954489383165,0.9171559034572733,0.095,0.24,0.075,0.183,0.17500000000000002,0.127,0.5212002609262884,79.4,1.5330000000000001,0.799,0.6190476190476191,0.9490000000000001
23.716637594436378,0.918222794591114,0.09,0.223,0.077,0.177,0.165,0.127,0.5125563425627817,57.2,1.553,0.796,0.5975531229877656,0.928
25.574164425262193,0.9269406392694064,0.097,0.274,0.079,0.189,0.197,0.128,0.5302511415525114,78.5,1.752,0.929,0.6118721461187214,1.072
25.821987192905524,0.919035846724351,0.097,0.247,0.076,0.182,0.182,0.131,0.5129789864029666,67.60000000000001,1.618,0.8300000000000001,0.6032138442521632,0.976
19.850514390499317,0.9210526315789473,0.089,0.247,0.075,0.17500000000000002,0.178,0.129,0.5177478580171359,53.0,1.6340000000000001,0.846,0.5966952264381885,0.975
27.23715358073923,0.9265837773830669,0.094,0.257,0.08,0.185,0.185,0.124,0.5068087625814092,77.7,1.689,0.856,0.6009473060982831,1.0150000000000001
22.26796693461887,0.9211212516297262,0.08700000000000001,0.228,0.075,0.168,0.168,0.121,0.5202086049543677,52.400000000000006,1.534,0.798,0.6134289439374185,0.9410000000000001
22.648127610328604,0.9269490484960098,0.093,0.252,0.077,0.183,0.187,0.11900000000000001,0.5224063842848373,60.1,1.629,0.851,0.620012277470841,1.01
21.09128337629566,0.9269041769041769,0.089,0.23700000000000002,0.075,0.176,0.168,0.11900000000000001,0.5067567567567568,55.900000000000006,1.6280000000000001,0.8250000000000001,0.5878378378378378,0.9570000000000001
20.62570608991485,0.9251403618215845,0.095,0.251,0.08,0.189,0.176,0.12,0.5177791640673737,53.0,1.603,0.8300000000000001,0.6007485963817841,0.963
24.15167250332086,0.9159663865546218,0.08700000000000001,0.23800000000000002,0.073,0.17400000000000002,0.17,0.13,0.5029088558500323,57.800000000000004,1.547,0.778,0.5914673561732385,0.915
25.634646578232445,0.9261829652996846,0.092,0.23700000000000002,0.076,0.179,0.167,0.117,0.5261829652996846,64.4,1.585,0.834,0.5974763406940063,0.9470000000000001
25.828871982718134,0.9285714285714286,0.09,0.243,0.082,0.191,0.176,0.117,0.5268620268620269,69.3,1.6380000000000001,0.863,0.6251526251526252,1.024
27.596150970773436,0.9298745724059293,0.098,0.267,0.08700000000000001,0.202,0.196,0.123,0.523945267958951,84.9,1.754,0.919,0.6191562143671607,1.086
23.043670222680817,0.9155884165126309,0.095,0.244,0.075,0.178,0.17300000000000001,0.137,0.49722735674676527,60.7,1.623,0.807,0.5939617991373999,0.964
23.915583747537422,0.9237918215613383,0.095,0.247,0.078,0.183,0.177,0.123,0.5266418835192069,62.300000000000004,1.614,0.85,0.6034696406443618,0.974
21.395697222048177,0.9278042959427207,0.097,0.26,0.082,0.192,0.195,0.121,0.5149164677804295,60.1,1.676,0.863,0.6002386634844868,1.006
21.203155818540434,0.9147435897435897,0.093,0.242,0.08,0.187,0.185,0.133,0.5198717948717949,51.6,1.56,0.811,0.5987179487179487,0.934
18.844907900643676,0.9254734270006109,0.085,0.244,0.076,0.181,0.17400000000000002,0.122,0.5222968845448992,50.5,1.637,0.855,0.6224801466096518,1.0190000000000001
22.3739614192157,0.9195849546044098,0.085,0.215,0.073,0.17300000000000001,0.161,0.124,0.5136186770428015,53.2,1.542,0.792,0.6134889753566797,0.9460000000000001
23.99020724826389,0.9186197916666666,0.099,0.228,0.08,0.18,0.165,0.125,0.5110677083333334,56.6,1.536,0.785,0.5852864583333334,0.899
28.134703734266957,0.9138251704897706,0.10200000000000001,0.252,0.092,0.213,0.185,0.139,0.5164290142591444,73.2,1.613,0.833,0.6038437693738375,0.974
22.64128693703875,0.9197492163009404,0.091,0.243,0.077,0.188,0.168,0.128,0.5184952978056426,57.6,1.595,0.8270000000000001,0.5949843260188088,0.9490000000000001
29.321133997582372,0.9156118143459916,0.095,0.245,0.08,0.191,0.184,0.14,0.5280289330922242,80.7,1.659,0.876,0.620253164556962,1.029
25.428274278687343,0.9226342710997443,0.091,0.23800000000000002,0.082,0.189,0.179,0.121,0.5019181585677749,62.2,1.564,0.785,0.6023017902813299,0.9420000000000001
25.540034531815287,0.9288256227758007,0.089,0.262,0.077,0.179,0.183,0.12,0.5290628706998813,72.60000000000001,1.686,0.892,0.608540925266904,1.026
25.25141315573765,0.9231227651966627,0.092,0.24,0.074,0.177,0.189,0.129,0.5041716328963052,71.10000000000001,1.678,0.846,0.5887961859356377,0.988
23.117378489279318,0.9167196439923713,0.088,0.233,0.075,0.177,0.17200000000000001,0.131,0.5181182453909726,57.2,1.573,0.8150000000000001,0.5880483153210426,0.925
24.674039306576326,0.9225928256765261,0.095,0.23500000000000001,0.077,0.187,0.17300000000000001,0.123,0.5248584015103839,62.300000000000004,1.589,0.834,0.6035242290748899,0.9590000000000001
22.910283406294848,0.9210363972856261,0.094,0.248,0.081,0.188,0.193,0.128,0.5077112893275756,60.2,1.621,0.8230000000000001,0.6033312769895126,0.978
28.555810291514025,0.9237641453245979,0.096,0.254,0.079,0.188,0.185,0.128,0.5282906491959499,80.5,1.679,0.887,0.6033353186420488,1.0130000000000001
21.968950549889488,0.9274092615769712,0.088,0.23600000000000002,0.075,0.178,0.176,0.116,0.5118898623279099,56.1,1.598,0.8180000000000001,0.6082603254067585,0.972
17.721016000373503,0.9246935201401051,0.089,0.256,0.074,0.176,0.19,0.129,0.5318155283129014,52.0,1.713,0.911,0.6328079392877992,1.084
24.058272632674296,0.9225806451612903,0.08600000000000001,0.225,0.076,0.182,0.17,0.12,0.5019354838709678,57.800000000000004,1.55,0.778,0.6038709677419355,0.936
23.145478510819913,0.9229311433986103,0.091,0.24,0.078,0.186,0.188,0.122,0.5331648768161719,58.0,1.583,0.844,0.6197094125078964,0.981
25.80536346770113,0.924025974025974,0.089,0.233,0.074,0.169,0.168,0.117,0.5058441558441559,61.2,1.54,0.779,0.6032467532467533,0.929
24.634887801772113,0.918234912394549,0.096,0.234,0.082,0.19,0.179,0.126,0.5068137573004543,58.5,1.541,0.781,0.5807916937053861,0.895
33.2587829794092,0.9087546239210851,0.096,0.243,0.083,0.195,0.19,0.148,0.5018495684340321,87.5,1.622,0.8140000000000001,0.5856966707768188,0.9500000000000001
24.044675193142826,0.9297267150027886,0.09,0.258,0.08,0.19,0.198,0.126,0.5131065253764641,77.30000000000001,1.793,0.92,0.6263245956497491,1.123
25.729552077465375,0.9223584354932867,0.099,0.264,0.085,0.198,0.203,0.133,0.527729130180969,75.5,1.713,0.904,0.6223000583771162,1.066
26.385337224457107,0.924516531503431,0.088,0.24,0.08,0.189,0.17500000000000002,0.121,0.49719276356830944,67.8,1.603,0.797,0.6026200873362445,0.966
30.332831088145912,0.9240210403272939,0.095,0.265,0.08600000000000001,0.203,0.203,0.13,0.5306838106370544,88.80000000000001,1.711,0.908,0.6049094097019287,1.035
24.694741431203237,0.9213893967093236,0.095,0.243,0.076,0.18,0.182,0.129,0.5161486898232784,66.5,1.641,0.847,0.6166971358927483,1.012
25.98524396559912,0.9216867469879518,0.083,0.23900000000000002,0.073,0.171,0.187,0.117,0.5568942436412316,58.0,1.494,0.8320000000000001,0.5890227576974565,0.88
23.78751631143976,0.9264354066985646,0.097,0.248,0.081,0.193,0.184,0.123,0.5263157894736842,66.5,1.672,0.88,0.6208133971291866,1.038
24.852036565042642,0.9195544554455446,0.094,0.24,0.08,0.188,0.18,0.13,0.49814356435643564,64.9,1.616,0.805,0.6064356435643564,0.98
26.789001781289492,0.9173501577287066,0.091,0.242,0.076,0.185,0.184,0.131,0.5217665615141955,67.3,1.585,0.8270000000000001,0.5930599369085173,0.9400000000000001
28.63141820958198,0.9187344913151365,0.093,0.248,0.081,0.189,0.186,0.131,0.532258064516129,74.4,1.612,0.858,0.5918114143920595,0.9540000000000001
20.827540372342906,0.920625375826819,0.085,0.246,0.076,0.179,0.181,0.132,0.5321707757065545,57.6,1.663,0.885,0.6091401082381239,1.0130000000000001
26.80196737380102,0.9208937198067633,0.10400000000000001,0.248,0.08,0.186,0.17400000000000002,0.131,0.5054347826086957,73.5,1.6560000000000001,0.837,0.5966183574879227,0.988
24.90597602447364,0.9261576971214017,0.095,0.245,0.08,0.182,0.176,0.11800000000000001,0.5275344180225282,63.6,1.598,0.843,0.6082603254067585,0.972
18.097841455368084,0.915210355987055,0.083,0.23800000000000002,0.067,0.162,0.168,0.131,0.5423948220064725,43.2,1.545,0.838,0.6155339805825243,0.9510000000000001
27.977989150383,0.9253365973072215,0.089,0.253,0.074,0.177,0.18,0.122,0.5097919216646267,74.7,1.6340000000000001,0.833,0.5942472460220318,0.971
23.040236725517428,0.9284037558685446,0.08700000000000001,0.252,0.081,0.189,0.19,0.122,0.5416666666666666,66.9,1.704,0.923,0.6197183098591549,1.056
29.831384060650883,0.9206730769230769,0.099,0.252,0.079,0.188,0.193,0.132,0.5114182692307693,82.60000000000001,1.6640000000000001,0.851,0.609375,1.014
24.95160769511035,0.9152431011826544,0.08700000000000001,0.228,0.07,0.17,0.178,0.129,0.5105124835742444,57.800000000000004,1.522,0.777,0.5932982917214192,0.903
23.51146931550251,0.9301336573511543,0.099,0.243,0.076,0.18,0.182,0.115,0.5176184690157959,63.7,1.6460000000000001,0.852,0.6208991494532199,1.022
31.267415187136308,0.9203596660244059,0.095,0.242,0.081,0.19,0.17300000000000001,0.124,0.518946692357097,75.8,1.557,0.808,0.5895953757225434,0.918
22.49467455621302,0.9206153846153846,0.091,0.23600000000000002,0.075,0.176,0.169,0.129,0.49415384615384617,59.400000000000006,1.625,0.803,0.6018461538461538,0.978
31.229396029927216,0.9251944943147815,0.096,0.261,0.08600000000000001,0.202,0.2,0.125,0.5469778575703171,87.2,1.671,0.914,0.6152004787552364,1.028
29.411452641407333,0.9179153094462541,0.094,0.24,0.077,0.181,0.178,0.126,0.504885993485342,69.3,1.5350000000000001,0.775,0.6,0.921
19.75284450837343,0.9182903834066625,0.093,0.243,0.077,0.18,0.17400000000000002,0.13,0.5021998742928976,50.0,1.591,0.799,0.5889377749842866,0.937
23.0911236010424,0.9138481174218251,0.09,0.225,0.07200000000000001,0.17300000000000001,0.163,0.135,0.5035098915124442,56.7,1.567,0.789,0.593490746649649,0.93
24.83555405633328,0.9201298701298701,0.08700000000000001,0.213,0.074,0.178,0.167,0.123,0.522077922077922,58.900000000000006,1.54,0.804,0.611038961038961,0.9410000000000001
25.86559830968315,0.9173553719008265,0.089,0.23800000000000002,0.077,0.185,0.17400000000000002,0.13,0.5187539732994279,64.0,1.573,0.8160000000000001,0.5969485060394152,0.9390000000000001
25.48727147750422,0.9156994502138057,0.092,0.268,0.084,0.196,0.194,0.138,0.5271838729383018,68.3,1.637,0.863,0.6243127672571778,1.022
21.99924129825063,0.9226932668329177,0.095,0.23600000000000002,0.079,0.187,0.181,0.124,0.5037406483790524,56.6,1.604,0.808,0.5966334164588528,0.9570000000000001
20.874620161183778,0.9350574712643678,0.095,0.259,0.083,0.194,0.20600000000000002,0.113,0.5316091954022989,63.2,1.74,0.925,0.6195402298850575,1.078
24.191874722929356,0.9181062060140754,0.099,0.242,0.079,0.187,0.188,0.128,0.5374280230326296,59.1,1.563,0.84,0.6231605886116443,0.974
24.176649873438414,0.9334461364918217,0.092,0.254,0.085,0.195,0.198,0.11800000000000001,0.5160744500846024,76.0,1.7730000000000001,0.915,0.6187253243090807,1.097
23.75174561021955,0.9270334928229665,0.08700000000000001,0.242,0.081,0.192,0.189,0.122,0.5299043062200957,66.4,1.672,0.886,0.6058612440191388,1.0130000000000001
26.9000071951387,0.9245524296675192,0.089,0.229,0.077,0.18,0.178,0.11800000000000001,0.4884910485933504,65.8,1.564,0.764,0.5914322250639387,0.925
27.734374999999993,0.929375,0.09,0.243,0.078,0.182,0.179,0.113,0.521875,71.0,1.6,0.835,0.6125,0.98
21.90509963441144,0.9205548549810845,0.09,0.246,0.074,0.17300000000000001,0.178,0.126,0.5201765447667087,55.1,1.586,0.8250000000000001,0.6008827238335435,0.9530000000000001
24.180828558333296,0.9240102171136654,0.09,0.252,0.07,0.167,0.179,0.11900000000000001,0.5140485312899106,59.300000000000004,1.566,0.805,0.60727969348659,0.9510000000000001
23.33636600177441,0.9221628045157457,0.09,0.259,0.08,0.183,0.185,0.131,0.5151515151515151,66.10000000000001,1.683,0.867,0.6131907308377896,1.032
25.290485050748163,0.921264724116553,0.089,0.245,0.076,0.17300000000000001,0.17500000000000002,0.127,0.49659020458772474,65.8,1.613,0.801,0.5920644761314321,0.9550000000000001
25.655718068747614,0.916030534351145,0.095,0.23800000000000002,0.083,0.195,0.187,0.132,0.5019083969465649,63.400000000000006,1.572,0.789,0.6087786259541985,0.9570000000000001
19.130700948882765,0.9191919191919192,0.089,0.24,0.073,0.177,0.181,0.128,0.5164141414141414,48.0,1.584,0.8180000000000001,0.6073232323232324,0.962
22.677014715321004,0.9255568581477139,0.09,0.253,0.078,0.185,0.189,0.127,0.515240328253224,66.0,1.706,0.879,0.6301289566236812,1.075
22.900472488949852,0.9203703703703704,0.09,0.231,0.076,0.177,0.18,0.129,0.49753086419753084,60.1,1.62,0.806,0.5876543209876544,0.9520000000000001
20.30041641879833,0.9280487804878049,0.08600000000000001,0.25,0.076,0.177,0.187,0.11800000000000001,0.5341463414634147,54.6,1.6400000000000001,0.876,0.6128048780487805,1.0050000000000001
39.82892009997538,0.9286966686148451,0.107,0.267,0.088,0.209,0.213,0.122,0.5365283459964932,116.60000000000001,1.711,0.918,0.5961426066627703,1.02
29.448014969840855,0.9201706276660573,0.098,0.243,0.082,0.196,0.18,0.131,0.5307739183424741,79.30000000000001,1.641,0.871,0.6069469835466179,0.996
18.489188915120373,0.9253350350989151,0.085,0.22,0.077,0.183,0.168,0.117,0.49457562220804085,45.400000000000006,1.567,0.775,0.5909380982769623,0.926
18.80435220890844,0.9195825659914058,0.08700000000000001,0.25,0.079,0.19,0.187,0.131,0.5426642111724984,49.900000000000006,1.629,0.884,0.621853898096992,1.0130000000000001
16.366155704313854,0.9168356997971603,0.083,0.225,0.07,0.16,0.158,0.123,0.49966193373901285,35.800000000000004,1.479,0.739,0.6024340770791075,0.891
25.311246980277836,0.9254359591100421,0.098,0.259,0.085,0.196,0.188,0.124,0.5249549007817198,70.0,1.663,0.873,0.6001202645820806,0.998
25.171616485251228,0.9268153230417381,0.092,0.276,0.075,0.17500000000000002,0.217,0.128,0.5688965122927387,77.0,1.749,0.995,0.6312178387650086,1.104
25.60699224767051,0.9183417085427136,0.092,0.231,0.077,0.185,0.177,0.13,0.5144472361809045,64.9,1.592,0.8190000000000001,0.5923366834170855,0.9430000000000001
21.72812895921077,0.9220615964802011,0.089,0.234,0.079,0.186,0.17,0.124,0.5047140163419234,55.0,1.591,0.803,0.5996228786926462,0.9540000000000001
29.923737218289393,0.9251461988304094,0.1,0.274,0.08700000000000001,0.20700000000000002,0.213,0.128,0.552046783625731,87.5,1.71,0.9440000000000001,0.6274853801169591,1.073
27.081770019352188,0.9233966745843231,0.092,0.265,0.078,0.185,0.191,0.129,0.5374109263657957,76.80000000000001,1.684,0.905,0.5896674584323041,0.993
28.894674556213015,0.9261538461538461,0.095,0.263,0.081,0.19,0.198,0.12,0.5495384615384615,76.3,1.625,0.893,0.6184615384615385,1.0050000000000001
23.4187312379934,0.9207683073229291,0.096,0.242,0.084,0.196,0.193,0.132,0.5138055222088835,65.0,1.666,0.856,0.6278511404561825,1.046
22.34501017805148,0.9289340101522843,0.089,0.229,0.077,0.179,0.168,0.112,0.5260152284263959,55.5,1.576,0.8290000000000001,0.6129441624365483,0.966
26.59176359746057,0.9258160237388724,0.084,0.251,0.08,0.188,0.185,0.125,0.512759643916914,75.5,1.685,0.864,0.5928783382789318,0.999
20.65087176449264,0.9208103130755064,0.097,0.248,0.08,0.187,0.187,0.129,0.5113566605279313,54.800000000000004,1.629,0.833,0.5997544505831799,0.977
26.308237762284737,0.9211973121563837,0.097,0.251,0.07100000000000001,0.171,0.178,0.129,0.5247403787416005,70.5,1.637,0.859,0.6010995723885155,0.984
21.48674977229143,0.9298685034439574,0.08600000000000001,0.233,0.076,0.177,0.169,0.112,0.5097056981840952,54.800000000000004,1.597,0.8140000000000001,0.5879774577332498,0.9390000000000001
27.162923428324056,0.9206443914081146,0.094,0.257,0.078,0.186,0.191,0.133,0.5190930787589498,76.3,1.676,0.87,0.6056085918854416,1.0150000000000001
28.044229756644768,0.9210526315789473,0.095,0.262,0.077,0.19,0.195,0.132,0.541267942583732,78.4,1.672,0.905,0.6160287081339713,1.03
23.95457005493421,0.9232571763327475,0.094,0.23700000000000002,0.081,0.187,0.193,0.131,0.5330990041007616,69.8,1.707,0.91,0.6098418277680141,1.041
23.904080647219534,0.9187386294724075,0.092,0.247,0.079,0.183,0.189,0.134,0.509399636143117,65.0,1.649,0.84,0.6027895694360218,0.994
30.442158939508673,0.9120743034055727,0.1,0.23800000000000002,0.08,0.189,0.18,0.14200000000000002,0.5040247678018576,79.4,1.615,0.8140000000000001,0.5975232198142415,0.965
33.80261308895966,0.9269490484960098,0.096,0.253,0.08,0.188,0.183,0.11900000000000001,0.5211786372007366,89.7,1.629,0.849,0.5960712093308779,0.971
20.128631540607117,0.9269349845201238,0.08700000000000001,0.225,0.076,0.178,0.178,0.11800000000000001,0.5145510835913313,52.5,1.615,0.8310000000000001,0.5944272445820433,0.96
32.67906072252049,0.9219258295380611,0.094,0.245,0.077,0.183,0.178,0.12,0.538711776187378,77.2,1.537,0.8280000000000001,0.6128822381262199,0.9420000000000001
23.756413237203628,0.9242333132892363,0.093,0.245,0.08,0.184,0.191,0.126,0.5171377029464823,65.7,1.663,0.86,0.6097414311485267,1.014
21.45662086590451,0.9209860935524652,0.084,0.234,0.073,0.171,0.17200000000000001,0.125,0.515802781289507,53.7,1.582,0.8160000000000001,0.6106194690265486,0.966
29.684009931459748,0.9166110740493663,0.089,0.234,0.074,0.17400000000000002,0.165,0.125,0.5116744496330887,66.7,1.499,0.767,0.5770513675783856,0.865
26.558765173647455,0.9265951439864484,0.094,0.268,0.081,0.192,0.193,0.13,0.5098814229249012,83.30000000000001,1.7710000000000001,0.903,0.6064370412196499,1.074
25.093997758716398,0.9229773462783172,0.092,0.225,0.07200000000000001,0.17400000000000002,0.176,0.11900000000000001,0.5067961165048543,59.900000000000006,1.545,0.783,0.6019417475728155,0.93
25.256760853499504,0.9263880224578914,0.092,0.249,0.079,0.188,0.18,0.11800000000000001,0.5202744853399875,64.9,1.603,0.834,0.5932626325639426,0.9510000000000001
31.565454254125942,0.9208860759493671,0.092,0.245,0.08,0.192,0.181,0.125,0.5208860759493671,78.80000000000001,1.58,0.8230000000000001,0.6151898734177215,0.972
29.083438528749284,0.9185323383084577,0.094,0.233,0.078,0.185,0.17300000000000001,0.131,0.5155472636815921,75.2,1.608,0.8290000000000001,0.6063432835820896,0.975
26.38792048822988,0.9199231262011531,0.08700000000000001,0.216,0.073,0.17400000000000002,0.171,0.125,0.5112107623318386,64.3,1.561,0.798,0.5944907110826393,0.928
22.736005673245394,0.9196102314250914,0.09,0.23700000000000002,0.079,0.183,0.183,0.132,0.5036540803897686,61.300000000000004,1.6420000000000001,0.8270000000000001,0.6017052375152253,0.988
33.08593749999999,0.92625,0.099,0.255,0.083,0.199,0.191,0.11800000000000001,0.505625,84.7,1.6,0.809,0.595,0.9520000000000001
27.140408354505094,0.923318667504714,0.088,0.255,0.077,0.183,0.191,0.122,0.5223130106851037,68.7,1.591,0.8310000000000001,0.6059082338152105,0.964
24.202994018006052,0.9275191514437242,0.096,0.25,0.081,0.192,0.188,0.123,0.5268120212139069,69.7,1.697,0.894,0.6075427224513847,1.031
21.05277146447205,0.9254878769958604,0.089,0.244,0.078,0.187,0.19,0.126,0.5038438793613247,60.2,1.691,0.852,0.5984624482554701,1.012
25.829226650031174,0.9225847728726807,0.097,0.241,0.078,0.186,0.176,0.121,0.5175943698016635,63.1,1.563,0.809,0.6033269353806782,0.9430000000000001
37.28064335738822,0.9192740926157698,0.09,0.25,0.078,0.182,0.171,0.129,0.5206508135168961,95.2,1.598,0.8320000000000001,0.5750938673341677,0.919
19.284547063128887,0.9294911097486205,0.08700000000000001,0.251,0.075,0.182,0.182,0.115,0.5162477007970571,51.300000000000004,1.631,0.842,0.6180257510729614,1.008
25.55318597417287,0.9271844660194175,0.092,0.245,0.08,0.19,0.194,0.12,0.5157766990291263,69.4,1.6480000000000001,0.85,0.5922330097087378,0.976
22.743358403157085,0.9197860962566845,0.092,0.24,0.079,0.184,0.188,0.12,0.5120320855614974,50.900000000000006,1.496,0.766,0.5935828877005348,0.888
22.44781315131035,0.923784494086728,0.085,0.23800000000000002,0.074,0.17400000000000002,0.182,0.116,0.5256241787122208,52.0,1.522,0.8,0.6248357424441524,0.9510000000000001
28.408355571632676,0.93159977388355,0.095,0.266,0.085,0.201,0.197,0.121,0.5370265686828717,88.9,1.7690000000000001,0.9500000000000001,0.6020350480497456,1.065
25.313426983339248,0.9318568994889267,0.101,0.28600000000000003,0.083,0.198,0.209,0.12,0.5337876206700738,78.5,1.7610000000000001,0.9400000000000001,0.6308915388983533,1.111
25.89838360471885,0.9202719406674907,0.093,0.245,0.077,0.179,0.181,0.129,0.5216316440049443,67.8,1.618,0.844,0.5982694684796045,0.968
24.783109310444615,0.924937965260546,0.093,0.23800000000000002,0.08,0.187,0.181,0.121,0.5248138957816377,64.4,1.612,0.846,0.6160049627791563,0.993
24.04471658525499,0.9231699939503932,0.092,0.23600000000000002,0.077,0.179,0.178,0.127,0.5081669691470054,65.7,1.653,0.84,0.6061705989110708,1.002
25.884984516001698,0.918648310387985,0.088,0.247,0.081,0.185,0.183,0.13,0.5219023779724656,66.10000000000001,1.598,0.834,0.5976220275344181,0.9550000000000001
29.525359890197578,0.9282485875706215,0.097,0.265,0.08600000000000001,0.201,0.197,0.127,0.5129943502824859,92.5,1.77,0.908,0.5949152542372881,1.053
24.91481660900783,0.9220945083014048,0.085,0.219,0.07100000000000001,0.17300000000000001,0.17,0.122,0.520434227330779,61.1,1.566,0.8150000000000001,0.5957854406130269,0.933
21.960848587317198,0.9232613908872902,0.096,0.246,0.078,0.183,0.178,0.128,0.5203836930455635,61.1,1.668,0.868,0.6091127098321343,1.016
30.59505657590261,0.9182156133828996,0.097,0.265,0.08,0.188,0.214,0.132,0.5371747211895911,79.7,1.614,0.867,0.6016109045848823,0.971
24.366463029251545,0.9222952779438135,0.098,0.256,0.08700000000000001,0.20700000000000002,0.198,0.13,0.5122534369396294,68.2,1.673,0.857,0.592946802151823,0.992
19.391341864995017,0.9231738035264484,0.083,0.228,0.07100000000000001,0.165,0.17300000000000001,0.122,0.5188916876574308,48.900000000000006,1.588,0.8240000000000001,0.5976070528967254,0.9490000000000001
28.42990434973287,0.9211212516297262,0.099,0.25,0.082,0.193,0.196,0.121,0.5469361147327249,66.9,1.534,0.839,0.6036505867014341,0.926
27.79154092158011,0.9214765100671141,0.097,0.23500000000000001,0.08,0.189,0.17500000000000002,0.117,0.5241610738255034,61.7,1.49,0.781,0.6033557046979866,0.899
27.202800732549083,0.9174425822470516,0.095,0.241,0.076,0.183,0.178,0.133,0.5071384233395406,70.60000000000001,1.611,0.8170000000000001,0.5772811918063314,0.93
23.897049477061373,0.9218261413383365,0.093,0.252,0.077,0.17500000000000002,0.195,0.125,0.5115697310819262,61.1,1.599,0.8180000000000001,0.6016260162601627,0.962
24.46392771685406,0.9203647416413374,0.095,0.247,0.082,0.195,0.187,0.131,0.5112462006079027,66.2,1.645,0.841,0.5969604863221885,0.982
21.555557626473792,0.9210693825588797,0.08700000000000001,0.221,0.07200000000000001,0.17500000000000002,0.17500000000000002,0.124,0.5143220878421387,53.2,1.571,0.808,0.596435391470401,0.937
22.435497035491426,0.9263729631864815,0.084,0.255,0.083,0.189,0.182,0.122,0.5226312613156306,61.6,1.657,0.866,0.611949305974653,1.014
27.368457796686897,0.923217550274223,0.084,0.246,0.079,0.185,0.19,0.126,0.506398537477148,73.7,1.641,0.8310000000000001,0.5935405240706886,0.974
22.46845183133272,0.9269005847953217,0.085,0.257,0.08,0.189,0.19,0.125,0.5093567251461988,65.7,1.71,0.871,0.5982456140350877,1.0230000000000001
23.944821994692887,0.9265232974910395,0.097,0.25,0.079,0.183,0.19,0.123,0.5244922341696535,67.10000000000001,1.674,0.878,0.6057347670250897,1.014
34.10320672740129,0.9167200512491992,0.089,0.23,0.08,0.19,0.171,0.13,0.5246636771300448,83.10000000000001,1.561,0.8190000000000001,0.5810377962844331,0.907
31.27600314349112,0.9224759615384616,0.09,0.242,0.077,0.19,0.179,0.129,0.5288461538461539,86.60000000000001,1.6640000000000001,0.88,0.5913461538461539,0.984
34.69331798137554,0.9259896729776248,0.096,0.255,0.085,0.201,0.193,0.129,0.5094664371772806,105.4,1.743,0.888,0.6012621916236374,1.048
32.55760129749119,0.917906008328376,0.10200000000000001,0.256,0.085,0.202,0.193,0.138,0.528256989886972,92.0,1.681,0.888,0.6032123735871505,1.014
27.495494660437327,0.9279038718291055,0.084,0.222,0.068,0.165,0.16,0.108,0.527369826435247,61.7,1.498,0.79,0.6048064085447263,0.906
30.345613742003323,0.9203761755485893,0.091,0.23600000000000002,0.083,0.194,0.184,0.127,0.522257053291536,77.2,1.595,0.833,0.6068965517241379,0.968
24.773301968696362,0.9260304912478825,0.1,0.253,0.084,0.195,0.188,0.131,0.5143986448334275,77.7,1.7710000000000001,0.911,0.6041784302653868,1.07
31.923892167301897,0.9186119873817035,0.094,0.25,0.084,0.195,0.197,0.129,0.5369085173501578,80.2,1.585,0.851,0.6227129337539432,0.987
28.80232207765989,0.9301814183617372,0.09,0.276,0.081,0.19,0.20700000000000002,0.127,0.5283122594832326,95.30000000000001,1.819,0.961,0.6201209455744915,1.1280000000000001
30.715035433500358,0.9233511586452763,0.095,0.244,0.081,0.188,0.186,0.129,0.5157456922162804,87.0,1.683,0.868,0.5858585858585859,0.986
25.680750975516748,0.9306049822064056,0.092,0.248,0.082,0.196,0.178,0.117,0.5065243179122183,73.0,1.686,0.854,0.6138790035587188,1.035
30.239200002482576,0.9242513211978861,0.1,0.259,0.085,0.198,0.18,0.129,0.5091015854374633,87.7,1.703,0.867,0.6095126247798004,1.038
28.244428589127303,0.9214997070884593,0.101,0.269,0.08600000000000001,0.203,0.211,0.134,0.5172817809021676,82.30000000000001,1.707,0.883,0.5969537199765671,1.0190000000000001
29.513255038562573,0.9243146603098927,0.101,0.26,0.08,0.188,0.2,0.127,0.5518474374255066,83.10000000000001,1.678,0.926,0.5792610250297974,0.972
22.10890128726217,0.9258809234507898,0.1,0.25,0.08600000000000001,0.198,0.188,0.122,0.508505467800729,59.900000000000006,1.6460000000000001,0.837,0.6245443499392467,1.028
25.810117281172925,0.9242243436754176,0.1,0.259,0.081,0.198,0.194,0.127,0.5202863961813843,72.5,1.676,0.872,0.6079952267303103,1.0190000000000001
21.722572407712683,0.9295361127422196,0.088,0.268,0.074,0.171,0.193,0.12,0.5408103347034645,63.0,1.703,0.921,0.6259541984732825,1.066
24.064451011846433,0.9210689869484152,0.089,0.23600000000000002,0.073,0.17300000000000001,0.178,0.127,0.54816656308266,62.300000000000004,1.609,0.882,0.6090739589807334,0.98
30.674434036142777,0.9229828850855746,0.092,0.261,0.08,0.187,0.186,0.126,0.5330073349633252,82.10000000000001,1.6360000000000001,0.872,0.6039119804400978,0.988
23.630769230769232,0.9286153846153846,0.084,0.249,0.077,0.185,0.187,0.116,0.52,62.400000000000006,1.625,0.845,0.5901538461538461,0.9590000000000001
21.73892206385569,0.9238390092879257,0.08700000000000001,0.243,0.078,0.18,0.183,0.123,0.5207430340557275,56.7,1.615,0.841,0.5962848297213622,0.963
26.268587944702873,0.9201497192763568,0.099,0.261,0.081,0.19,0.192,0.128,0.5190268247036806,67.5,1.603,0.8320000000000001,0.5926388022457891,0.9500000000000001
23.135073551337772,0.9226081657525899,0.088,0.246,0.079,0.184,0.198,0.127,0.5399146861669714,62.300000000000004,1.641,0.886,0.6319317489335771,1.037
22.362594185933858,0.9233942251031232,0.1,0.249,0.08700000000000001,0.202,0.20500000000000002,0.13,0.5391868002357101,64.4,1.697,0.915,0.6258102533883324,1.062
25.364246380023673,0.9185232336091661,0.093,0.241,0.073,0.171,0.171,0.128,0.513049013367282,62.6,1.571,0.806,0.6040738383195416,0.9490000000000001
29.754154731620023,0.9192506459948321,0.091,0.249,0.076,0.179,0.182,0.125,0.5264857881136951,71.3,1.548,0.8150000000000001,0.6136950904392765,0.9500000000000001
23.62480214228206,0.9295774647887324,0.09,0.244,0.082,0.192,0.184,0.115,0.5278628291488059,63.0,1.633,0.862,0.6129822412737294,1.0010000000000001
29.508195541455596,0.9280143971205759,0.096,0.251,0.077,0.188,0.18,0.12,0.5062987402519497,82.0,1.667,0.844,0.6046790641871626,1.008
30.369987756351392,0.9210858585858586,0.091,0.255,0.076,0.18,0.187,0.125,0.5340909090909091,76.2,1.584,0.846,0.6212121212121212,0.984
25.851543155386686,0.9238733252131547,0.088,0.245,0.081,0.188,0.183,0.125,0.5207064555420219,69.7,1.6420000000000001,0.855,0.6126674786845311,1.006
30.19548089787424,0.9245391705069125,0.098,0.265,0.085,0.20400000000000001,0.19,0.131,0.5368663594470046,91.0,1.736,0.932,0.6209677419354839,1.078
28.686635573362043,0.9299820466786356,0.096,0.253,0.077,0.182,0.194,0.117,0.5158587672052664,80.10000000000001,1.671,0.862,0.6032315978456014,1.008
26.847220447912264,0.9235109717868338,0.094,0.232,0.075,0.178,0.183,0.122,0.5153605015673981,68.3,1.595,0.8220000000000001,0.6163009404388715,0.983
26.115104786433463,0.925990675990676,0.096,0.262,0.078,0.185,0.186,0.127,0.5198135198135199,76.9,1.716,0.892,0.6153846153846154,1.056
24.25855992146846,0.9161372299872935,0.094,0.234,0.078,0.182,0.17500000000000002,0.132,0.5031766200762389,60.1,1.574,0.792,0.5959339263024143,0.9380000000000001
31.673160757686816,0.9192546583850931,0.10300000000000001,0.252,0.082,0.193,0.193,0.13,0.5217391304347826,82.10000000000001,1.61,0.84,0.5801242236024845,0.934
31.1915505719871,0.9263542300669507,0.095,0.254,0.079,0.187,0.183,0.121,0.5216068167985393,84.2,1.643,0.857,0.5928180158247109,0.974
27.467099380549197,0.9251620506776664,0.099,0.269,0.079,0.192,0.198,0.127,0.5091337654684738,79.10000000000001,1.697,0.864,0.586328815556865,0.995
25.521515525292706,0.9140572951365756,0.089,0.226,0.07200000000000001,0.168,0.177,0.129,0.5049966688874084,57.5,1.5010000000000001,0.758,0.5836109260493004,0.876
21.325932333717798,0.9209558823529411,0.1,0.257,0.08,0.193,0.194,0.129,0.5269607843137255,56.800000000000004,1.6320000000000001,0.86,0.6060049019607843,0.989
26.318521366983994,0.9256348246674728,0.097,0.265,0.083,0.192,0.199,0.123,0.5235792019347038,72.0,1.6540000000000001,0.866,0.6076178960096735,1.0050000000000001
21.109860006377527,0.9197963080840229,0.085,0.226,0.073,0.17300000000000001,0.165,0.126,0.5009548058561426,52.1,1.571,0.787,0.5951623169955442,0.935
27.04913913857325,0.9254385964912281,0.099,0.223,0.075,0.17400000000000002,0.17200000000000001,0.11900000000000001,0.5244360902255639,68.9,1.596,0.837,0.6240601503759399,0.996
25.82259009291776,0.9194461925739459,0.097,0.245,0.081,0.2,0.181,0.128,0.4984266834487099,65.2,1.589,0.792,0.5890497168030208,0.936
30.376492194674007,0.9272727272727272,0.097,0.25,0.078,0.188,0.184,0.12,0.5175757575757576,82.7,1.6500000000000001,0.854,0.5890909090909091,0.972
25.507442046667833,0.9242706393544382,0.094,0.242,0.08,0.188,0.177,0.122,0.5363128491620112,66.2,1.611,0.864,0.5927995034140285,0.9550000000000001
26.84514369473279,0.9191176470588235,0.099,0.253,0.08,0.193,0.184,0.132,0.5453431372549019,71.5,1.6320000000000001,0.89,0.6053921568627451,0.988
32.54789106056952,0.9277038750722961,0.099,0.266,0.081,0.191,0.189,0.125,0.5274725274725275,97.30000000000001,1.729,0.912,0.5910931174089069,1.022
19.148210982647885,0.9249836921069797,0.078,0.23,0.07200000000000001,0.17200000000000001,0.17400000000000002,0.115,0.547945205479452,45.0,1.5330000000000001,0.84,0.6183953033268101,0.9480000000000001
19.41956312918518,0.9224084419615146,0.091,0.245,0.075,0.17500000000000002,0.177,0.125,0.5108628181253879,50.400000000000006,1.611,0.8230000000000001,0.6108007448789572,0.984
21.19375573921028,0.923030303030303,0.091,0.257,0.078,0.182,0.193,0.127,0.5327272727272727,57.7,1.6500000000000001,0.879,0.6157575757575757,1.016
25.901852258968745,0.9178547182620502,0.083,0.229,0.078,0.18,0.17500000000000002,0.121,0.5329260013577732,56.2,1.473,0.785,0.6028513238289206,0.888
25.190311418685123,0.92,0.095,0.263,0.079,0.186,0.201,0.136,0.5423529411764706,72.8,1.7,0.922,0.6247058823529412,1.062
25.219500472254364,0.9160756501182034,0.094,0.25,0.083,0.199,0.188,0.14200000000000002,0.5189125295508275,72.2,1.692,0.878,0.625886524822695,1.059
21.57729236576131,0.9217877094972067,0.088,0.25,0.075,0.179,0.183,0.126,0.5276225946617008,56.0,1.611,0.85,0.6151458721291123,0.991
27.40495071765052,0.9232987312572087,0.096,0.249,0.081,0.19,0.185,0.133,0.5265282583621684,82.4,1.734,0.913,0.6303344867358708,1.093
28.81729624599702,0.9213947990543735,0.10200000000000001,0.275,0.08700000000000001,0.20800000000000002,0.20400000000000001,0.133,0.5449172576832151,82.5,1.692,0.922,0.6312056737588653,1.068
36.68055366623055,0.9241044323011536,0.099,0.272,0.084,0.2,0.198,0.125,0.5385549483910139,99.5,1.647,0.887,0.5931997571341834,0.977
38.64203745226946,0.9180737961225766,0.097,0.242,0.081,0.195,0.182,0.131,0.5372107567229518,98.80000000000001,1.599,0.859,0.5703564727954972,0.912
31.286036523664524,0.9213135068153655,0.1,0.261,0.079,0.191,0.186,0.127,0.5161090458488228,81.5,1.614,0.833,0.5867410161090458,0.9470000000000001
30.13252057492683,0.9231762427372499,0.094,0.246,0.076,0.179,0.178,0.11900000000000001,0.5274370561652679,72.3,1.549,0.8170000000000001,0.5965138799225307,0.924
27.565997342278298,0.9198286413708691,0.093,0.233,0.085,0.2,0.183,0.131,0.5104039167686658,73.60000000000001,1.6340000000000001,0.834,0.594859241126071,0.972
22.533574380165287,0.925,0.093,0.252,0.081,0.188,0.184,0.132,0.509090909090909,69.8,1.76,0.896,0.6045454545454545,1.064
27.043353036852043,0.9209744503862151,0.094,0.244,0.081,0.194,0.179,0.133,0.5181224004753416,76.60000000000001,1.683,0.872,0.6090314913844326,1.025
24.8670320452389,0.9202719406674907,0.09,0.23900000000000002,0.078,0.184,0.17500000000000002,0.129,0.5173053152039555,65.10000000000001,1.618,0.837,0.6087762669962917,0.985
21.149547305780402,0.9252396166134186,0.08700000000000001,0.223,0.077,0.182,0.168,0.117,0.5214057507987221,51.800000000000004,1.565,0.8160000000000001,0.5980830670926518,0.936
21.66138481351481,0.9183417085427136,0.094,0.232,0.077,0.179,0.178,0.13,0.5270100502512562,54.900000000000006,1.592,0.839,0.6005025125628141,0.9560000000000001
21.520674792714054,0.9174816625916871,0.091,0.24,0.077,0.187,0.17400000000000002,0.135,0.5250611246943765,57.6,1.6360000000000001,0.859,0.6112469437652812,1.0
24.646535703233727,0.9206762028608583,0.08700000000000001,0.23900000000000002,0.077,0.17500000000000002,0.176,0.122,0.5266579973992198,58.300000000000004,1.538,0.81,0.5968790637191157,0.918
24.669502309359974,0.9326456310679612,0.09,0.234,0.078,0.185,0.171,0.111,0.5175970873786407,67.0,1.6480000000000001,0.853,0.6031553398058253,0.994
23.318335935551225,0.929483282674772,0.092,0.245,0.078,0.184,0.19,0.116,0.5203647416413374,63.1,1.645,0.856,0.6048632218844985,0.995
23.802934480429773,0.9248305606900801,0.095,0.256,0.083,0.193,0.186,0.122,0.5046210720887245,62.7,1.623,0.8190000000000001,0.5902649414664202,0.9580000000000001
26.04687435581187,0.9205462445685909,0.095,0.233,0.083,0.196,0.171,0.128,0.5176908752327747,67.60000000000001,1.611,0.834,0.6201117318435754,0.999
20.807324178110694,0.9207240948813983,0.085,0.226,0.075,0.177,0.169,0.127,0.5156054931335831,53.400000000000006,1.602,0.8260000000000001,0.6086142322097379,0.975
26.82061027645308,0.922754491017964,0.097,0.256,0.078,0.19,0.178,0.129,0.5035928143712575,74.8,1.67,0.841,0.592814371257485,0.99
23.856720389975884,0.9227023737066342,0.091,0.245,0.078,0.183,0.171,0.127,0.5216068167985393,64.4,1.643,0.857,0.6129032258064516,1.0070000000000001
25.54346841816129,0.9226044226044227,0.09,0.244,0.08,0.193,0.183,0.126,0.515970515970516,67.7,1.6280000000000001,0.84,0.5995085995085995,0.976
24.993701184177375,0.9219047619047619,0.08600000000000001,0.24,0.075,0.183,0.17200000000000001,0.123,0.5219047619047619,62.0,1.575,0.8220000000000001,0.6120634920634921,0.964
20.60136776170367,0.926224426534408,0.093,0.24,0.075,0.17300000000000001,0.178,0.11900000000000001,0.5052696838189709,53.6,1.613,0.8150000000000001,0.6001239925604464,0.968
23.457043457012126,0.9261576971214017,0.096,0.23600000000000002,0.08,0.193,0.178,0.11800000000000001,0.5156445556946183,59.900000000000006,1.598,0.8240000000000001,0.6151439299123905,0.983
24.84472049689441,0.9180124223602485,0.089,0.24,0.076,0.177,0.178,0.132,0.5254658385093167,64.4,1.61,0.846,0.5881987577639751,0.9470000000000001
21.01623700355512,0.926111458985598,0.08700000000000001,0.23800000000000002,0.076,0.17500000000000002,0.176,0.11800000000000001,0.5309956167814652,53.6,1.597,0.848,0.6224170319348779,0.994
34.8878604485582,0.9182389937106918,0.101,0.25,0.085,0.202,0.176,0.13,0.5169811320754717,88.2,1.59,0.8220000000000001,0.5981132075471698,0.9510000000000001
22.671885177781277,0.9271327014218009,0.091,0.252,0.083,0.19,0.201,0.123,0.5450236966824644,64.60000000000001,1.688,0.92,0.6285545023696683,1.061
29.34391960297943,0.9207723035952063,0.08700000000000001,0.234,0.076,0.187,0.187,0.11900000000000001,0.5346205059920106,66.2,1.502,0.803,0.611185086551265,0.918
27.505774045189067,0.9165097300690521,0.096,0.252,0.081,0.193,0.19,0.133,0.5254237288135594,69.8,1.593,0.837,0.613308223477715,0.977
26.215425745097,0.9271935283136279,0.096,0.241,0.08,0.188,0.178,0.117,0.5121344119477287,67.7,1.607,0.8230000000000001,0.6036092097075295,0.97
22.191715976331363,0.9255384615384615,0.091,0.248,0.076,0.18,0.18,0.121,0.49353846153846154,58.6,1.625,0.802,0.5975384615384616,0.971
22.617575920451486,0.9193442622950819,0.089,0.221,0.07100000000000001,0.17200000000000001,0.167,0.123,0.5121311475409837,52.6,1.5250000000000001,0.781,0.5895081967213115,0.899
23.086662172135632,0.9187460012795905,0.09,0.245,0.076,0.178,0.181,0.127,0.525911708253359,56.400000000000006,1.563,0.8220000000000001,0.6135636596289188,0.9590000000000001
25.442703032770204,0.9279123414071511,0.095,0.243,0.078,0.186,0.17500000000000002,0.125,0.5173010380622838,76.5,1.734,0.897,0.6078431372549019,1.054
28.968097178487383,0.9296424452133795,0.097,0.256,0.079,0.186,0.20400000000000001,0.122,0.5322952710495963,87.10000000000001,1.734,0.923,0.6245674740484429,1.083
22.840042009602197,0.9247685185185185,0.093,0.257,0.078,0.187,0.189,0.13,0.5214120370370371,68.2,1.728,0.901,0.6122685185185185,1.058
22.79876806911108,0.9277543648404576,0.081,0.233,0.07200000000000001,0.168,0.17,0.12,0.5135460565924143,62.900000000000006,1.661,0.853,0.6056592414208308,1.006
19.584795440604452,0.9295361127422196,0.092,0.251,0.077,0.17300000000000001,0.182,0.12,0.5208455666470934,56.800000000000004,1.703,0.887,0.6071638285378743,1.034
23.474145989856407,0.9218566392479436,0.085,0.25,0.074,0.17300000000000001,0.17,0.133,0.5193889541715628,68.0,1.702,0.884,0.6110458284371327,1.04
21.30584104887159,0.9204288939051919,0.09,0.264,0.08,0.19,0.197,0.14100000000000001,0.5282167042889391,66.9,1.772,0.936,0.608352144469526,1.078
26.93015860047899,0.9249692496924969,0.093,0.247,0.08,0.187,0.184,0.122,0.511070110701107,71.2,1.6260000000000001,0.8310000000000001,0.6039360393603936,0.982
28.308168302028225,0.9247441300421433,0.093,0.255,0.079,0.186,0.195,0.125,0.5015051173991572,78.10000000000001,1.661,0.833,0.6086694762191451,1.0110000000000001
28.13202128364538,0.9193027759845062,0.094,0.23800000000000002,0.073,0.171,0.176,0.125,0.5300193673337638,67.5,1.549,0.8210000000000001,0.6120077469335055,0.9480000000000001
24.83186988849254,0.9283965728274174,0.09,0.245,0.078,0.182,0.181,0.117,0.5342717258261934,66.3,1.6340000000000001,0.873,0.6181150550795593,1.01
28.74312095199537,0.9205298013245033,0.1,0.24,0.08700000000000001,0.20800000000000002,0.188,0.132,0.5105358217941,79.30000000000001,1.661,0.848,0.5827814569536424,0.968
24.692407820461664,0.9232736572890026,0.096,0.245,0.073,0.17200000000000001,0.178,0.12,0.5262148337595908,60.400000000000006,1.564,0.8230000000000001,0.592071611253197,0.926
26.436529215976325,0.9194711538461539,0.096,0.242,0.083,0.196,0.18,0.134,0.5192307692307693,73.2,1.6640000000000001,0.864,0.6021634615384616,1.002
29.521409033634093,0.9195106245975532,0.092,0.228,0.079,0.186,0.176,0.125,0.501609787508049,71.2,1.553,0.779,0.5769478428847392,0.896
24.98269896193772,0.9270588235294117,0.10200000000000001,0.259,0.089,0.20600000000000002,0.2,0.124,0.5311764705882352,72.2,1.7,0.903,0.6164705882352941,1.048
25.654354258875145,0.9182879377431906,0.096,0.23500000000000001,0.079,0.183,0.187,0.126,0.5363164721141375,61.0,1.542,0.8270000000000001,0.6070038910505836,0.936
26.892258814785407,0.9271371199082042,0.098,0.273,0.08,0.194,0.199,0.127,0.5232358003442341,81.7,1.743,0.912,0.6035570854847964,1.052
30.332607097070795,0.9199014171287738,0.093,0.248,0.074,0.182,0.182,0.13,0.5415896487985212,79.9,1.623,0.879,0.6241528034504005,1.0130000000000001
23.812349195047663,0.9283018867924528,0.09,0.255,0.08,0.178,0.182,0.114,0.539622641509434,60.2,1.59,0.858,0.6226415094339622,0.99
22.698863813035988,0.922069825436409,0.098,0.243,0.081,0.185,0.188,0.125,0.4925187032418953,58.400000000000006,1.604,0.79,0.6041147132169576,0.969
22.70384254035221,0.9237861094038107,0.092,0.254,0.077,0.185,0.188,0.124,0.544560540872772,60.1,1.627,0.886,0.6318377381684082,1.028
28.25658879954898,0.9243306169965075,0.096,0.255,0.073,0.17300000000000001,0.187,0.13,0.5261932479627474,83.4,1.718,0.904,0.6158323632130385,1.058
33.47064438730317,0.9208211143695014,0.10400000000000001,0.279,0.083,0.198,0.20800000000000002,0.135,0.52316715542522,97.30000000000001,1.705,0.892,0.6181818181818182,1.054
22.858587421374875,0.91736066623959,0.08600000000000001,0.226,0.075,0.176,0.17200000000000001,0.129,0.49327354260089684,55.7,1.561,0.77,0.5919282511210763,0.924
20.044067952652505,0.9307645996387718,0.094,0.261,0.079,0.187,0.196,0.115,0.5653220951234196,55.300000000000004,1.661,0.9390000000000001,0.6261288380493678,1.04
20.042676421277243,0.924074074074074,0.093,0.245,0.078,0.182,0.184,0.123,0.5388888888888889,52.6,1.62,0.873,0.6191358024691358,1.0030000000000001
22.281898679053562,0.9271084337349398,0.094,0.258,0.078,0.189,0.19,0.121,0.5475903614457831,61.400000000000006,1.6600000000000001,0.909,0.6403614457831325,1.063
31.043725469293275,0.9281084266352386,0.095,0.252,0.075,0.181,0.194,0.122,0.5368296994696523,89.4,1.697,0.911,0.6093105480259281,1.034
30.93603861427333,0.9329017068864037,0.09,0.25,0.082,0.195,0.192,0.114,0.5179517363154797,89.30000000000001,1.699,0.88,0.6097704532077692,1.036
23.18668252080856,0.924712643678161,0.098,0.262,0.081,0.192,0.185,0.131,0.5057471264367817,70.2,1.74,0.88,0.6051724137931035,1.053
25.506315923717448,0.927689594356261,0.096,0.258,0.081,0.187,0.197,0.123,0.5243974132863022,73.8,1.701,0.892,0.60435038212816,1.028
20.625639832400374,0.9226713532513181,0.095,0.261,0.078,0.189,0.193,0.132,0.533684827182191,60.1,1.707,0.911,0.6174575278265964,1.054
32.13346482577251,0.9185897435897435,0.093,0.242,0.08,0.191,0.17500000000000002,0.127,0.5025641025641026,78.2,1.56,0.784,0.5871794871794872,0.916
20.097404206541295,0.9157113958192852,0.08600000000000001,0.223,0.07,0.164,0.17500000000000002,0.125,0.5037086985839514,44.2,1.483,0.747,0.6142953472690492,0.911
18.89962117376971,0.9325771896660365,0.095,0.253,0.079,0.181,0.19,0.107,0.5242596093257719,47.6,1.587,0.8320000000000001,0.6131064902331443,0.973
25.749616663611743,0.9208359721342622,0.095,0.243,0.074,0.177,0.18,0.125,0.5414819506016466,64.2,1.579,0.855,0.6117796073464218,0.966
26.777789041162585,0.9216395418927065,0.095,0.241,0.082,0.192,0.183,0.13,0.5051235684147076,73.7,1.659,0.838,0.5979505726341169,0.992
27.363871790387105,0.922209026128266,0.093,0.257,0.075,0.182,0.201,0.131,0.5362232779097387,77.60000000000001,1.684,0.903,0.6258907363420427,1.054
24.4320629054688,0.9271814187068425,0.092,0.249,0.083,0.202,0.182,0.116,0.5078468298807282,62.0,1.593,0.809,0.6057752667922159,0.965
25.58495889574367,0.9225928256765261,0.092,0.256,0.079,0.183,0.192,0.123,0.5286343612334802,64.60000000000001,1.589,0.84,0.6135934550031467,0.975
24.607332985229597,0.928698752228164,0.09,0.243,0.079,0.186,0.17300000000000001,0.12,0.5032679738562091,69.7,1.683,0.847,0.5971479500891266,1.0050000000000001
24.93442659084397,0.9248826291079812,0.088,0.25,0.078,0.188,0.195,0.128,0.5129107981220657,72.4,1.704,0.874,0.6173708920187794,1.052
23.127747456943236,0.923963133640553,0.099,0.251,0.089,0.20500000000000002,0.198,0.132,0.5241935483870968,69.7,1.736,0.91,0.6036866359447005,1.048
23.249805282880757,0.9277403551745255,0.092,0.263,0.08600000000000001,0.2,0.198,0.11800000000000001,0.5394978567054501,62.0,1.633,0.881,0.6264543784445805,1.0230000000000001
29.742518612625904,0.9309744779582366,0.101,0.273,0.088,0.202,0.20500000000000002,0.11900000000000001,0.5504640371229699,88.4,1.724,0.9490000000000001,0.6513921113689095,1.123
32.2001619957588,0.9152656355077337,0.084,0.222,0.075,0.18,0.17300000000000001,0.126,0.5016812373907196,71.2,1.487,0.746,0.5951580363147276,0.885
28.106508875739646,0.9198717948717948,0.094,0.23700000000000002,0.08700000000000001,0.209,0.185,0.125,0.5147435897435897,68.4,1.56,0.803,0.5852564102564103,0.913
25.567145356403135,0.9212043561819346,0.089,0.246,0.08,0.187,0.178,0.123,0.5246636771300448,62.300000000000004,1.561,0.8190000000000001,0.6073030108904548,0.9480000000000001
23.453698426692295,0.9264524103831892,0.088,0.229,0.076,0.178,0.171,0.11900000000000001,0.507416563658838,61.400000000000006,1.618,0.8210000000000001,0.600123609394314,0.971
21.4162225359295,0.9283042394014963,0.08700000000000001,0.23500000000000001,0.078,0.188,0.177,0.115,0.5062344139650873,55.1,1.604,0.812,0.6097256857855362,0.978
40.77899892468581,0.9215922798552473,0.10300000000000001,0.255,0.08,0.195,0.198,0.13,0.5307599517490953,112.10000000000001,1.6580000000000001,0.88,0.606151990349819,1.0050000000000001
27.246628184290515,0.9240048250904704,0.093,0.248,0.083,0.19,0.182,0.126,0.49758745476477684,74.9,1.6580000000000001,0.8250000000000001,0.5958986731001207,0.988
28.009533512873524,0.9220615964802011,0.085,0.245,0.08,0.187,0.184,0.124,0.5122564424890006,70.9,1.591,0.8150000000000001,0.5914519170333123,0.9410000000000001
21.915406530791145,0.924908424908425,0.089,0.23900000000000002,0.078,0.188,0.177,0.123,0.5152625152625152,58.800000000000004,1.6380000000000001,0.844,0.6037851037851037,0.989
28.571419252635597,0.9240434037692747,0.098,0.259,0.082,0.198,0.194,0.133,0.5242718446601942,87.60000000000001,1.7510000000000001,0.918,0.6076527698458024,1.064
23.70393664021117,0.9224952741020794,0.08600000000000001,0.233,0.074,0.176,0.177,0.123,0.5085066162570888,59.7,1.587,0.807,0.5960932577189666,0.9460000000000001
28.67262607522348,0.9181818181818182,0.092,0.23500000000000001,0.076,0.177,0.17300000000000001,0.126,0.5019480519480519,68.0,1.54,0.773,0.5928571428571429,0.913
28.464724677265583,0.9194162436548223,0.089,0.229,0.07200000000000001,0.17200000000000001,0.168,0.127,0.5057106598984772,70.7,1.576,0.797,0.5685279187817259,0.896
22.73654541724378,0.9355210132412205,0.101,0.267,0.085,0.196,0.20400000000000001,0.112,0.5083477259643063,68.60000000000001,1.737,0.883,0.6137017846862406,1.066
25.218958351941072,0.9230769230769231,0.096,0.247,0.079,0.192,0.182,0.121,0.5168467895740623,62.400000000000006,1.573,0.8130000000000001,0.6013986013986014,0.9460000000000001
23.186122991359554,0.9290998766954377,0.093,0.23800000000000002,0.081,0.19,0.181,0.115,0.5080147965474723,61.0,1.622,0.8240000000000001,0.5967940813810111,0.968
23.07926577796953,0.9231738035264484,0.088,0.224,0.076,0.177,0.17300000000000001,0.122,0.52455919395466,58.2,1.588,0.833,0.6152392947103275,0.977
20.406425895879654,0.9224806201550387,0.091,0.232,0.075,0.183,0.168,0.12,0.5103359173126615,48.900000000000006,1.548,0.79,0.6130490956072352,0.9490000000000001
25.196905124963617,0.9247894103489771,0.092,0.253,0.078,0.183,0.184,0.125,0.5072202166064982,69.60000000000001,1.6620000000000001,0.843,0.592057761732852,0.984
26.935237524749926,0.9260768335273574,0.106,0.266,0.083,0.201,0.193,0.127,0.5366705471478463,79.5,1.718,0.922,0.6204889406286379,1.066
26.003733269306363,0.9249506254114549,0.08600000000000001,0.23600000000000002,0.073,0.17200000000000001,0.17,0.114,0.5049374588545096,60.0,1.5190000000000001,0.767,0.5951283739302172,0.904
25.86559830968315,0.9294342021614749,0.089,0.233,0.081,0.19,0.179,0.111,0.5174825174825175,64.0,1.573,0.8140000000000001,0.6102987921169739,0.96
29.0333051155705,0.9220945083014048,0.091,0.243,0.074,0.182,0.176,0.122,0.5057471264367817,71.2,1.566,0.792,0.5919540229885057,0.927
20.317891593140846,0.9267495094833225,0.08700000000000001,0.232,0.069,0.167,0.17400000000000002,0.112,0.5212557226945717,47.5,1.5290000000000001,0.797,0.6069326357096141,0.928
29.25693359472181,0.922397476340694,0.084,0.229,0.076,0.181,0.171,0.123,0.5085173501577287,73.5,1.585,0.806,0.6069400630914826,0.962
21.037860056617276,0.9242706393544382,0.095,0.247,0.083,0.2,0.184,0.122,0.5058969584109249,54.6,1.611,0.8150000000000001,0.595903165735568,0.96
21.68126229697928,0.9236024844720497,0.09,0.245,0.077,0.179,0.178,0.123,0.5124223602484472,56.2,1.61,0.8250000000000001,0.6006211180124224,0.967
24.508555043814308,0.9143413367942894,0.094,0.228,0.078,0.186,0.169,0.132,0.49772874756651525,58.2,1.541,0.767,0.5989617131732641,0.923
26.03602205494755,0.9309173272933182,0.091,0.271,0.078,0.184,0.20400000000000001,0.122,0.5328425821064553,81.2,1.766,0.9410000000000001,0.6279728199320498,1.109
19.592446846977694,0.923739237392374,0.089,0.244,0.075,0.17500000000000002,0.185,0.124,0.525830258302583,51.800000000000004,1.6260000000000001,0.855,0.6100861008610086,0.992
19.350761598617105,0.9227493917274939,0.089,0.23900000000000002,0.078,0.18,0.18,0.127,0.524330900243309,52.300000000000004,1.6440000000000001,0.862,0.597323600973236,0.982
26.81763053463926,0.9207861822513401,0.094,0.26,0.08,0.187,0.198,0.133,0.5193567599761763,75.60000000000001,1.679,0.872,0.5801072066706373,0.974
22.185290625661402,0.9311531841652324,0.094,0.246,0.075,0.181,0.18,0.12,0.5238095238095238,67.4,1.743,0.913,0.6041308089500861,1.053
20.08029206639301,0.9240048250904704,0.092,0.25,0.08,0.19,0.177,0.126,0.4957780458383595,55.2,1.6580000000000001,0.8220000000000001,0.6115802171290712,1.014
26.61934338952972,0.9248447204968944,0.094,0.251,0.076,0.187,0.176,0.121,0.513664596273292,69.0,1.61,0.8270000000000001,0.5962732919254659,0.96
22.66874582312319,0.92,0.094,0.25,0.078,0.186,0.17,0.134,0.5098507462686567,63.6,1.675,0.854,0.6011940298507462,1.0070000000000001
23.9199722065596,0.9297495418448382,0.08600000000000001,0.246,0.079,0.191,0.183,0.115,0.5259621258399512,64.10000000000001,1.637,0.861,0.6065974343310935,0.993
26.44899757921871,0.9213759213759214,0.097,0.243,0.078,0.186,0.178,0.128,0.5153562653562653,70.10000000000001,1.6280000000000001,0.839,0.5915233415233415,0.963
29.304976857198294,0.9288753799392098,0.091,0.251,0.082,0.19,0.194,0.117,0.511854103343465,79.30000000000001,1.645,0.842,0.6042553191489362,0.994
25.943141282023564,0.922884012539185,0.097,0.231,0.074,0.18,0.17300000000000001,0.123,0.4971786833855799,66.0,1.595,0.793,0.5962382445141066,0.9510000000000001
31.071022483605947,0.9248989023685731,0.094,0.273,0.084,0.202,0.188,0.13,0.49393414211438474,93.10000000000001,1.731,0.855,0.5956094742923166,1.031
26.919281658358074,0.9234205488194002,0.098,0.241,0.08,0.189,0.179,0.12,0.5047862156987875,66.10000000000001,1.567,0.791,0.5941289087428206,0.931
19.2424946724701,0.9213759213759214,0.089,0.23800000000000002,0.074,0.17500000000000002,0.181,0.128,0.519041769041769,51.0,1.6280000000000001,0.845,0.6074938574938575,0.989
24.075717077334296,0.9259478672985783,0.093,0.228,0.08,0.19,0.181,0.125,0.5112559241706162,68.60000000000001,1.688,0.863,0.6018957345971564,1.016
28.827295979021702,0.9296600234466589,0.093,0.248,0.075,0.176,0.177,0.12,0.5205158264947245,83.9,1.706,0.888,0.6019929660023446,1.027
27.3851890649092,0.9157485418016851,0.096,0.252,0.079,0.189,0.186,0.13,0.5152300712896954,65.2,1.543,0.795,0.5793907971484121,0.894
33.1863394926458,0.9243243243243243,0.093,0.246,0.078,0.187,0.182,0.126,0.5087087087087087,92.0,1.665,0.847,0.5951951951951951,0.991
23.353524036273242,0.9224852071005917,0.092,0.247,0.079,0.185,0.18,0.131,0.48698224852071004,66.7,1.69,0.8230000000000001,0.5988165680473373,1.012
21.44335004281738,0.9170632222977566,0.091,0.234,0.07200000000000001,0.168,0.163,0.122,0.4983004758667573,46.400000000000006,1.471,0.733,0.600951733514616,0.884
24.00959464758357,0.9189356435643564,0.091,0.24,0.079,0.183,0.17500000000000002,0.131,0.5037128712871287,62.7,1.616,0.8140000000000001,0.5959158415841584,0.963
19.29704729143325,0.9258414147176269,0.089,0.248,0.076,0.18,0.191,0.13,0.5265259555048488,59.300000000000004,1.7530000000000001,0.923,0.6349115801483172,1.113
19.214214282364225,0.9274292742927429,0.09,0.241,0.075,0.177,0.186,0.11800000000000001,0.502460024600246,50.800000000000004,1.6260000000000001,0.8170000000000001,0.5959409594095941,0.969
25.21500386375713,0.9234393404004712,0.108,0.274,0.079,0.183,0.195,0.13,0.5106007067137809,72.7,1.698,0.867,0.5895170789163722,1.0010000000000001
24.423707334443503,0.920388349514563,0.092,0.233,0.08,0.187,0.17200000000000001,0.123,0.49449838187702266,58.300000000000004,1.545,0.764,0.5812297734627832,0.898
21.62192909623245,0.9295054007959067,0.09,0.252,0.08,0.19,0.17500000000000002,0.124,0.5054007959067652,66.9,1.7590000000000001,0.889,0.6014781125639568,1.058
28.068313341049343,0.9220554272517321,0.093,0.254,0.08,0.2,0.178,0.135,0.5161662817551963,84.2,1.732,0.894,0.5935334872979214,1.028
23.862756986209234,0.923755513547574,0.085,0.24,0.07200000000000001,0.17200000000000001,0.17400000000000002,0.121,0.5248897290485193,60.1,1.587,0.833,0.5885318210459988,0.934
23.641074911928264,0.9252336448598131,0.088,0.24,0.08,0.188,0.18,0.12,0.5190031152647975,60.900000000000006,1.605,0.833,0.6174454828660436,0.991
29.347686787133156,0.9281045751633987,0.095,0.234,0.076,0.177,0.171,0.11,0.5045751633986928,68.7,1.53,0.772,0.5967320261437908,0.913
21.49902647395602,0.9242803504380476,0.081,0.231,0.07,0.164,0.17200000000000001,0.121,0.5087609511889862,54.900000000000006,1.598,0.8130000000000001,0.6101376720901126,0.975
19.461150033411176,0.9278215223097113,0.082,0.231,0.067,0.152,0.17200000000000001,0.11,0.5085301837270341,45.2,1.524,0.775,0.6213910761154856,0.9470000000000001
29.479373088474482,0.9215686274509803,0.099,0.249,0.084,0.203,0.184,0.132,0.5008912655971479,83.5,1.683,0.843,0.5727866904337493,0.964
25.77476075915316,0.9251743817374762,0.1,0.255,0.082,0.191,0.188,0.11800000000000001,0.5256816740646798,64.10000000000001,1.577,0.8290000000000001,0.6074825618262524,0.9580000000000001
23.4647264902795,0.919772583701832,0.097,0.243,0.08,0.191,0.17500000000000002,0.127,0.48641819330385344,58.800000000000004,1.583,0.77,0.5862286797220467,0.928
22.495488915277914,0.9216182048040455,0.085,0.226,0.077,0.179,0.168,0.124,0.5018963337547409,56.300000000000004,1.582,0.794,0.5986093552465234,0.9470000000000001
28.51617195982876,0.9184193753983428,0.09,0.23600000000000002,0.076,0.183,0.178,0.128,0.5111536010197578,70.2,1.569,0.802,0.5965583173996176,0.936
28.578755382362836,0.9261053906723198,0.101,0.257,0.089,0.209,0.195,0.122,0.5378558449424591,77.9,1.651,0.888,0.6190187764990914,1.022
29.24729334054081,0.9097744360902256,0.10300000000000001,0.226,0.074,0.177,0.168,0.132,0.5064935064935064,62.6,1.463,0.741,0.5857826384142174,0.857
36.042831382406085,0.9252561784207354,0.098,0.253,0.08,0.193,0.182,0.124,0.5093429776974081,99.2,1.659,0.845,0.5871006630500302,0.974
24.575850654204434,0.9197994987468672,0.08600000000000001,0.23900000000000002,0.075,0.17200000000000001,0.183,0.128,0.506265664160401,62.6,1.596,0.808,0.6090225563909775,0.972
27.851562499999993,0.92,0.088,0.224,0.076,0.18,0.167,0.128,0.493125,71.3,1.6,0.789,0.5925,0.9480000000000001
21.779940921910253,0.9267822736030829,0.09,0.23900000000000002,0.077,0.184,0.177,0.114,0.5195889531149647,52.800000000000004,1.557,0.809,0.6037251123956326,0.9400000000000001
22.537741530484137,0.9220447284345048,0.084,0.23,0.074,0.179,0.181,0.122,0.5284345047923322,55.2,1.565,0.8270000000000001,0.6178913738019169,0.967
26.74549852190271,0.9167213114754098,0.096,0.244,0.082,0.197,0.17400000000000002,0.127,0.5088524590163934,62.2,1.5250000000000001,0.776,0.5960655737704919,0.909
23.5224572204527,0.9274643521388717,0.094,0.245,0.076,0.18,0.178,0.117,0.527588344699318,61.2,1.613,0.851,0.6168629882207067,0.995
18.87751242204551,0.9283154121863799,0.094,0.248,0.08,0.185,0.182,0.12,0.5041816009557945,52.900000000000006,1.674,0.844,0.5925925925925926,0.992
28.71405560699517,0.9275092936802974,0.096,0.241,0.08600000000000001,0.2,0.188,0.117,0.5,74.8,1.614,0.807,0.5929368029739777,0.9570000000000001
23.976626496891278,0.9229781771501926,0.091,0.23500000000000001,0.075,0.18,0.163,0.12,0.5051347881899871,58.2,1.558,0.787,0.6046213093709885,0.9420000000000001
25.102666729370373,0.9334836527621195,0.099,0.272,0.08600000000000001,0.20500000000000002,0.20500000000000002,0.11800000000000001,0.5033821871476888,79.0,1.774,0.893,0.6014656144306652,1.067
23.174805911000497,0.9228413962033069,0.085,0.24,0.077,0.183,0.17500000000000002,0.126,0.515003061849357,61.800000000000004,1.633,0.841,0.61053276178812,0.997
27.58810952479482,0.925512104283054,0.091,0.241,0.074,0.178,0.17,0.12,0.5083798882681564,71.60000000000001,1.611,0.8190000000000001,0.5822470515207946,0.9380000000000001
22.138162609283185,0.9287330316742082,0.094,0.265,0.075,0.186,0.194,0.126,0.5339366515837104,69.2,1.768,0.9440000000000001,0.6329185520361991,1.119
25.501147752445295,0.9226869455006337,0.09,0.233,0.075,0.179,0.17500000000000002,0.122,0.5139416983523447,63.5,1.578,0.811,0.6007604562737643,0.9480000000000001
26.858327283215342,0.9258801729462631,0.08600000000000001,0.23500000000000001,0.076,0.178,0.186,0.12,0.5262507720815318,70.4,1.619,0.852,0.6244595429277332,1.0110000000000001
23.639649637743602,0.9232599643069601,0.096,0.256,0.082,0.201,0.197,0.129,0.49851279000594884,66.8,1.681,0.838,0.5972635336109459,1.004
20.562932374088554,0.9243645381277124,0.093,0.23700000000000002,0.077,0.177,0.17,0.122,0.49659020458772474,53.5,1.613,0.801,0.601983880967142,0.971
24.792139077853363,0.9174603174603174,0.097,0.23500000000000001,0.079,0.187,0.17500000000000002,0.13,0.5111111111111111,61.5,1.575,0.805,0.6088888888888889,0.9590000000000001
27.651934678103494,0.9192961165048543,0.088,0.252,0.073,0.17400000000000002,0.176,0.133,0.5072815533980582,75.10000000000001,1.6480000000000001,0.836,0.6037621359223301,0.995
21.597246944345553,0.929559748427673,0.088,0.23500000000000001,0.075,0.179,0.18,0.112,0.5018867924528302,54.6,1.59,0.798,0.6012578616352201,0.9560000000000001
26.84557536634554,0.9216904909881914,0.097,0.247,0.079,0.19,0.17200000000000001,0.126,0.48788067122436296,69.5,1.609,0.785,0.5873213175885643,0.9450000000000001
29.273372781065092,0.9193846153846154,0.097,0.258,0.084,0.19,0.19,0.131,0.5476923076923077,77.30000000000001,1.625,0.89,0.6196923076923077,1.0070000000000001
26.73572148711844,0.9289976133651552,0.1,0.249,0.078,0.187,0.186,0.11900000000000001,0.5310262529832935,75.10000000000001,1.676,0.89,0.6097852028639618,1.022
26.57424902121346,0.9217498459642637,0.08600000000000001,0.23900000000000002,0.075,0.18,0.185,0.127,0.49168207024029575,70.0,1.623,0.798,0.5878003696857671,0.9540000000000001
19.31851067366956,0.9205955334987593,0.089,0.24,0.08,0.18,0.188,0.128,0.5359801488833746,50.2,1.612,0.864,0.6160049627791563,0.993
24.236073553272043,0.9261627906976744,0.097,0.261,0.083,0.198,0.187,0.127,0.5011627906976744,71.7,1.72,0.862,0.6034883720930233,1.038
26.226955201183962,0.9195915762603701,0.092,0.251,0.082,0.191,0.192,0.126,0.5188257817485641,64.4,1.567,0.8130000000000001,0.6037013401403957,0.9460000000000001
34.21749816463979,0.9282485875706215,0.1,0.265,0.085,0.20500000000000002,0.209,0.127,0.5265536723163842,107.2,1.77,0.932,0.6028248587570622,1.067
33.78592090356492,0.9190647482014388,0.09,0.259,0.082,0.198,0.198,0.135,0.5293764988009593,94.0,1.668,0.883,0.5773381294964028,0.963
30.296493220564813,0.922544080604534,0.095,0.25,0.08,0.187,0.182,0.123,0.5258186397984886,76.4,1.588,0.835,0.6152392947103275,0.977
34.34865454367218,0.9207920792079208,0.10200000000000001,0.23800000000000002,0.08600000000000001,0.20400000000000001,0.182,0.128,0.5266089108910891,89.7,1.616,0.851,0.5860148514851485,0.9470000000000001
30.618891737982675,0.9215317011927181,0.094,0.258,0.08,0.193,0.192,0.125,0.5291902071563088,77.7,1.593,0.843,0.5969868173258004,0.9510000000000001
20.111816845690164,0.9230279898218829,0.084,0.229,0.07200000000000001,0.169,0.167,0.121,0.5044529262086515,49.7,1.572,0.793,0.6062340966921119,0.9530000000000001
23.62365448656735,0.9265232974910395,0.097,0.266,0.08,0.183,0.197,0.123,0.5340501792114696,66.2,1.674,0.894,0.6105137395459976,1.022
25.502875669084066,0.9279661016949152,0.089,0.241,0.083,0.195,0.186,0.11900000000000001,0.511501210653753,69.60000000000001,1.6520000000000001,0.845,0.6113801452784504,1.01
30.48146264792899,0.9206730769230769,0.091,0.23800000000000002,0.079,0.183,0.177,0.132,0.5090144230769231,84.4,1.6640000000000001,0.847,0.5823317307692307,0.969
22.62648361713192,0.9284447072738025,0.088,0.255,0.077,0.18,0.181,0.121,0.5174452986398581,64.7,1.691,0.875,0.6085156712004731,1.029
28.408583908576805,0.9215449607724804,0.088,0.23800000000000002,0.08,0.186,0.186,0.13,0.5190102595051298,78.0,1.657,0.86,0.6016898008449004,0.997
26.621977561771256,0.920774647887324,0.096,0.261,0.085,0.203,0.20700000000000002,0.135,0.5328638497652582,77.30000000000001,1.704,0.908,0.6126760563380281,1.044
26.83027039356424,0.9232164449818622,0.096,0.252,0.081,0.196,0.183,0.127,0.5096735187424426,73.4,1.6540000000000001,0.843,0.6033857315598549,0.998
27.910705020392882,0.926489226869455,0.08600000000000001,0.227,0.077,0.183,0.171,0.116,0.5,69.5,1.578,0.789,0.5887198986058302,0.929
26.126883528422688,0.9185410334346504,0.091,0.242,0.07200000000000001,0.17300000000000001,0.177,0.134,0.49544072948328266,70.7,1.645,0.8150000000000001,0.6006079027355623,0.988
35.18584025553341,0.9196811771919068,0.1,0.262,0.084,0.2,0.185,0.131,0.5174739423666462,93.60000000000001,1.631,0.844,0.6039239730226855,0.985
35.17021439877606,0.9186418962203715,0.089,0.249,0.083,0.197,0.17500000000000002,0.127,0.5278667520819987,85.7,1.561,0.8240000000000001,0.6015374759769379,0.9390000000000001
24.931948399133955,0.9254617414248021,0.085,0.225,0.076,0.182,0.165,0.113,0.5230870712401056,57.300000000000004,1.516,0.793,0.6055408970976254,0.918
22.09871784938939,0.9205260148656375,0.09,0.255,0.077,0.183,0.187,0.139,0.5100057175528874,67.60000000000001,1.749,0.892,0.6146369353916524,1.075
29.069520352914175,0.9294460641399417,0.097,0.255,0.081,0.195,0.186,0.121,0.5189504373177842,85.5,1.715,0.89,0.6,1.029
21.445312499999996,0.923125,0.088,0.23700000000000002,0.073,0.171,0.17500000000000002,0.123,0.510625,54.900000000000006,1.6,0.8170000000000001,0.61125,0.978
20.759127396434724,0.9316696375519905,0.092,0.245,0.08,0.186,0.189,0.115,0.5062388591800356,58.800000000000004,1.683,0.852,0.6226975638740344,1.048
29.493669998420135,0.9210019267822736,0.092,0.233,0.078,0.185,0.17200000000000001,0.123,0.5266538214515093,71.5,1.557,0.8200000000000001,0.6017983301220295,0.937
24.20394073539918,0.917312661498708,0.091,0.245,0.075,0.181,0.182,0.128,0.5335917312661499,58.0,1.548,0.8260000000000001,0.6065891472868217,0.9390000000000001
23.72526887503421,0.925904317386231,0.092,0.249,0.083,0.193,0.192,0.127,0.5151691948658109,69.7,1.714,0.883,0.6190198366394399,1.061
25.191223451300583,0.9254093389933293,0.1,0.254,0.082,0.187,0.181,0.123,0.5118253486961795,68.5,1.649,0.844,0.6027895694360218,0.994
25.09868150544119,0.918848167539267,0.089,0.23700000000000002,0.076,0.178,0.17300000000000001,0.124,0.5071989528795812,58.6,1.528,0.775,0.606020942408377,0.926
33.05569688632609,0.9204260651629073,0.097,0.24,0.082,0.193,0.17400000000000002,0.127,0.5081453634085213,84.2,1.596,0.811,0.5827067669172933,0.93
33.06700269628849,0.9312424607961399,0.092,0.262,0.078,0.191,0.20500000000000002,0.114,0.5301568154402895,90.9,1.6580000000000001,0.879,0.6387213510253317,1.059
36.18578966413573,0.9241622574955908,0.097,0.252,0.079,0.193,0.2,0.129,0.5437977660199882,104.7,1.701,0.925,0.6290417401528513,1.07
23.40697527863303,0.9269162210338681,0.093,0.266,0.08,0.191,0.20800000000000002,0.123,0.5335710041592394,66.3,1.683,0.898,0.6232917409387998,1.049
28.689611364382035,0.9228886168910648,0.089,0.243,0.075,0.18,0.17500000000000002,0.126,0.5030599755201959,76.60000000000001,1.6340000000000001,0.8220000000000001,0.5826193390452876,0.9520000000000001
24.88666127165618,0.9174041297935103,0.096,0.265,0.084,0.196,0.191,0.14,0.5209439528023598,71.5,1.695,0.883,0.6365781710914454,1.079
24.662980990725718,0.9231266149870802,0.096,0.244,0.073,0.177,0.176,0.11900000000000001,0.5038759689922481,59.1,1.548,0.78,0.5956072351421189,0.922
26.40388252217827,0.921865154379332,0.097,0.252,0.08,0.191,0.18,0.124,0.5066162570888468,66.5,1.587,0.804,0.5797101449275363,0.92
28.173698352213748,0.9199483537766301,0.08600000000000001,0.225,0.074,0.176,0.163,0.124,0.5029051000645578,67.60000000000001,1.549,0.779,0.5700451904454487,0.883
30.70676743035534,0.9234122042341221,0.098,0.24,0.075,0.176,0.17400000000000002,0.123,0.5236612702366127,79.2,1.606,0.841,0.6046077210460772,0.971
28.671136784189013,0.9124668435013262,0.089,0.226,0.074,0.176,0.17,0.132,0.51657824933687,65.2,1.508,0.779,0.5809018567639257,0.876
25.07251216915854,0.9261396422388921,0.093,0.269,0.082,0.196,0.202,0.128,0.5181765724177726,75.3,1.733,0.898,0.6099249855741489,1.057
21.244247205785665,0.925,0.09,0.23700000000000002,0.075,0.18,0.184,0.117,0.5192307692307693,51.7,1.56,0.81,0.6064102564102564,0.9460000000000001
28.60335284203244,0.9212190914318574,0.096,0.26,0.083,0.194,0.20800000000000002,0.137,0.5227142035652674,86.5,1.739,0.909,0.6233467510063255,1.084
27.584741116074106,0.9287906691221608,0.091,0.26,0.078,0.189,0.193,0.116,0.5230202578268877,73.2,1.629,0.852,0.612645794966237,0.998
28.622404815053304,0.9316345556246115,0.094,0.255,0.078,0.186,0.182,0.11,0.5220633934120572,74.10000000000001,1.609,0.84,0.6171535114978247,0.993
29.924692826000793,0.9235632183908046,0.096,0.266,0.083,0.194,0.2,0.133,0.5040229885057471,90.60000000000001,1.74,0.877,0.603448275862069,1.05
30.010469924892142,0.9201430274135876,0.097,0.258,0.083,0.198,0.195,0.134,0.5095351609058403,84.5,1.678,0.855,0.6066746126340882,1.018
26.43457860726218,0.9242718446601942,0.091,0.23600000000000002,0.075,0.184,0.185,0.117,0.5326860841423948,63.1,1.545,0.8230000000000001,0.6084142394822006,0.9400000000000001
27.440953820663896,0.9259259259259259,0.097,0.273,0.085,0.2,0.215,0.134,0.5185185185185185,89.80000000000001,1.809,0.9380000000000001,0.6014372581536761,1.088
31.17271095891115,0.9246031746031746,0.10200000000000001,0.274,0.085,0.20700000000000002,0.20400000000000001,0.133,0.518140589569161,97.0,1.764,0.914,0.6162131519274376,1.087
25.70528637162322,0.9209215442092155,0.088,0.233,0.078,0.185,0.178,0.127,0.5056039850560399,66.3,1.606,0.812,0.6002490660024906,0.964
24.190700915377754,0.9170389278876835,0.089,0.233,0.073,0.17200000000000001,0.179,0.13,0.5092533503509892,59.400000000000006,1.567,0.798,0.599234205488194,0.9390000000000001
25.85763111039044,0.9196988707653702,0.091,0.231,0.076,0.182,0.17,0.128,0.4893350062735257,65.7,1.594,0.78,0.5803011292346298,0.925
31.208197988619734,0.9187145557655955,0.08600000000000001,0.23900000000000002,0.075,0.181,0.169,0.129,0.502835538752363,78.60000000000001,1.587,0.798,0.5834908632640201,0.926
21.01579862661756,0.9256198347107438,0.088,0.23500000000000001,0.07,0.169,0.17400000000000002,0.117,0.49841068022886204,52.0,1.573,0.784,0.6020343293070566,0.9470000000000001
24.304460190735035,0.9187192118226601,0.088,0.245,0.075,0.182,0.186,0.132,0.4858374384236453,64.10000000000001,1.624,0.789,0.5868226600985221,0.9530000000000001
29.851583761187335,0.9235474006116208,0.08700000000000001,0.247,0.08,0.191,0.179,0.125,0.5064220183486239,79.80000000000001,1.635,0.8280000000000001,0.5755351681957187,0.9410000000000001
29.642685467072578,0.9221518987341772,0.085,0.23800000000000002,0.077,0.186,0.176,0.123,0.5341772151898734,74.0,1.58,0.844,0.6120253164556962,0.967
22.416655330110604,0.924896510940272,0.089,0.247,0.074,0.18,0.182,0.127,0.5192193968066233,64.10000000000001,1.691,0.878,0.6179775280898876,1.045
29.281605171649282,0.9124396135265701,0.092,0.242,0.077,0.183,0.177,0.145,0.4921497584541063,80.30000000000001,1.6560000000000001,0.8150000000000001,0.586352657004831,0.971
27.374938895225682,0.9164086687306502,0.093,0.243,0.077,0.17500000000000002,0.18,0.135,0.5145510835913313,71.4,1.615,0.8310000000000001,0.5801857585139318,0.937
30.205939782301474,0.9245283018867925,0.107,0.263,0.082,0.20400000000000001,0.201,0.132,0.5260148656375071,92.4,1.749,0.92,0.6340766152086906,1.109
27.41388940301331,0.9218449711723254,0.095,0.231,0.077,0.184,0.17,0.122,0.5246636771300448,66.8,1.561,0.8190000000000001,0.5970531710442024,0.932
24.19461894545719,0.9277180406212664,0.091,0.249,0.083,0.192,0.187,0.121,0.5197132616487455,67.8,1.674,0.87,0.6164874551971327,1.032
19.481126772166366,0.9296920395119117,0.095,0.258,0.078,0.184,0.201,0.121,0.5351539802440441,57.7,1.721,0.921,0.6292852992446252,1.083
23.660153408715203,0.9248826291079812,0.094,0.245,0.075,0.182,0.179,0.128,0.5193661971830986,68.7,1.704,0.885,0.6167840375586855,1.051
28.320610230689674,0.9211491442542787,0.092,0.253,0.075,0.177,0.18,0.129,0.49144254278728605,75.8,1.6360000000000001,0.804,0.6191931540342298,1.0130000000000001
26.01871032595618,0.9172457359444094,0.095,0.23500000000000001,0.079,0.184,0.179,0.131,0.5173720783322805,65.2,1.583,0.8190000000000001,0.5975994946304485,0.9460000000000001
27.16867432416465,0.9183291770573566,0.08700000000000001,0.232,0.075,0.178,0.17300000000000001,0.131,0.4912718204488778,69.9,1.604,0.788,0.594139650872818,0.9530000000000001
20.169448901722443,0.9191128506196999,0.089,0.222,0.075,0.177,0.17500000000000002,0.124,0.5179386823222439,47.400000000000006,1.5330000000000001,0.794,0.6066536203522505,0.93
21.96127573759188,0.9222082810539524,0.08600000000000001,0.247,0.07200000000000001,0.165,0.183,0.124,0.49560853199498117,55.800000000000004,1.594,0.79,0.6035131744040151,0.962
25.99019073348176,0.9284467713787086,0.09,0.253,0.079,0.181,0.184,0.123,0.5002908667830134,76.80000000000001,1.719,0.86,0.5945317044793484,1.022
29.23433108371876,0.919383521043272,0.10300000000000001,0.259,0.081,0.197,0.193,0.136,0.5168938944872555,83.2,1.687,0.872,0.5939537640782454,1.002
27.558172920040175,0.9187848729076256,0.101,0.245,0.081,0.196,0.183,0.131,0.5195288282703038,71.7,1.613,0.838,0.5939243645381277,0.9580000000000001
28.193652654199298,0.9227493917274939,0.097,0.249,0.082,0.192,0.191,0.127,0.524330900243309,76.2,1.6440000000000001,0.862,0.5900243309002433,0.97
24.201058719733357,0.9164603960396039,0.091,0.226,0.074,0.177,0.176,0.135,0.4962871287128713,63.2,1.616,0.802,0.5891089108910891,0.9520000000000001
22.652319207569885,0.9207800121876905,0.1,0.23900000000000002,0.078,0.187,0.177,0.13,0.5173674588665448,61.0,1.641,0.849,0.5746496039000609,0.9430000000000001
