bmi,eye_frac_of_stature,foot_breadth_m,foot_length_m,hand_breadth_m,hand_circumference_m,hand_length_m,head_height_m,leg_frac_of_stature,mass_kg,stature_m,trochanterion_m,waist_frac_of_stature,waist_height_m
25.83876105835565,0.9211711711711712,0.101,0.273,0.09,0.214,0.193,0.14,0.517454954954955,81.5,1.776,0.919,0.5934684684684685,1.054
25.062102924464345,0.9294947121034077,0.098,0.263,0.08600000000000001,0.203,0.195,0.12,0.5393654524089306,72.60000000000001,1.702,0.918,0.6192714453584018,1.054
30.86148045411888,0.9279538904899135,0.10300000000000001,0.27,0.093,0.22,0.203,0.125,0.5291066282420749,92.9,1.735,0.918,0.6,1.041
28.988417411305118,0.923262839879154,0.106,0.267,0.091,0.217,0.194,0.127,0.5117824773413897,79.4,1.655,0.847,0.5848942598187311,0.968
25.82303414645864,0.9362591431556949,0.111,0.305,0.094,0.222,0.218,0.122,0.5694879832810867,94.60000000000001,1.9140000000000001,1.09,0.6504702194357367,1.245
27.109248242293134,0.9232558139534883,0.08700000000000001,0.254,0.085,0.203,0.19,0.132,0.522093023255814,80.2,1.72,0.898,0.5930232558139535,1.02
35.46900277769299,0.9232044198895027,0.113,0.28500000000000003,0.093,0.227,0.22,0.139,0.5220994475138122,116.2,1.81,0.9450000000000001,0.5977900552486188,1.082
27.87436084733382,0.9291891891891891,0.099,0.281,0.088,0.21,0.198,0.131,0.5183783783783784,95.4,1.85,0.9590000000000001,0.6,1.11
31.509987082488706,0.9279684862127181,0.10400000000000001,0.266,0.093,0.226,0.197,0.128,0.5211029825548678,99.5,1.7770000000000001,0.926,0.5813168261114238,1.033
21.40425969160182,0.9359469906129211,0.108,0.278,0.088,0.20800000000000002,0.2,0.116,0.5383765875207068,70.2,1.811,0.975,0.6024295969077857,1.091
27.837394268400455,0.9202247191011236,0.101,0.265,0.089,0.212,0.2,0.14200000000000002,0.5157303370786517,88.2,1.78,0.918,0.5803370786516854,1.033
23.34107706584348,0.9272937103289094,0.097,0.256,0.088,0.203,0.194,0.126,0.5637622619734565,70.10000000000001,1.733,0.977,0.6156953260242354,1.067
31.514047911077505,0.9349503858875413,0.111,0.291,0.094,0.225,0.21,0.11800000000000001,0.5540242557883132,103.7,1.814,1.0050000000000001,0.6218302094818081,1.1280000000000001
32.223406377866795,0.9279957012358947,0.1,0.274,0.091,0.219,0.194,0.134,0.5249865663621709,111.60000000000001,1.861,0.977,0.6072004298764105,1.1300000000000001
30.67777686094442,0.92510239906378,0.10200000000000001,0.266,0.09,0.212,0.184,0.128,0.5248683440608543,89.60000000000001,1.709,0.897,0.5921591574019894,1.012
30.519223147047168,0.9235632183908046,0.106,0.278,0.088,0.22,0.203,0.133,0.55,92.4,1.74,0.9570000000000001,0.6022988505747127,1.048
27.14630008823419,0.9214876033057852,0.101,0.27,0.085,0.20500000000000002,0.188,0.133,0.5336481700118064,77.9,1.694,0.904,0.602125147579693,1.02
31.070080506458346,0.9263873159682899,0.105,0.27,0.09,0.217,0.203,0.13,0.5288788221970555,96.9,1.766,0.934,0.5832389580973952,1.03
24.873146950552183,0.9279176201372997,0.095,0.266,0.085,0.199,0.179,0.126,0.5389016018306636,76.0,1.748,0.9420000000000001,0.6241418764302059,1.091
28.212460959298244,0.9247491638795987,0.10400000000000001,0.277,0.092,0.221,0.198,0.135,0.5256410256410257,90.80000000000001,1.794,0.9430000000000001,0.5875139353400223,1.054
22.5350334553718,0.9258426966292135,0.106,0.275,0.088,0.21,0.195,0.132,0.5157303370786517,71.4,1.78,0.918,0.604494382022472,1.076
26.43140589569162,0.9214285714285714,0.097,0.254,0.088,0.20600000000000002,0.185,0.132,0.5089285714285714,74.60000000000001,1.68,0.855,0.5970238095238095,1.0030000000000001
28.985411774006014,0.9153055051421658,0.101,0.267,0.08600000000000001,0.20500000000000002,0.18,0.14,0.530550514216576,79.2,1.653,0.877,0.6079854809437386,1.0050000000000001
23.84252364904743,0.9310872894333844,0.10400000000000001,0.301,0.098,0.232,0.227,0.135,0.5497702909647779,91.5,1.959,1.077,0.6253190403266973,1.225
31.33091452179771,0.9247863247863248,0.10400000000000001,0.277,0.092,0.218,0.194,0.132,0.5264957264957265,96.5,1.7550000000000001,0.924,0.6022792022792023,1.057
25.40554781888667,0.9159509202453988,0.095,0.263,0.082,0.192,0.181,0.137,0.5257668711656441,67.5,1.6300000000000001,0.857,0.5883435582822086,0.9590000000000001
32.21617564270971,0.9287671232876712,0.10400000000000001,0.266,0.094,0.221,0.199,0.13,0.5254794520547945,107.30000000000001,1.825,0.9590000000000001,0.5824657534246576,1.063
24.611851242619164,0.935933147632312,0.094,0.275,0.084,0.197,0.192,0.115,0.5270194986072423,79.30000000000001,1.795,0.9460000000000001,0.596100278551532,1.07
25.68123414421885,0.9255014326647565,0.10200000000000001,0.278,0.09,0.214,0.193,0.13,0.529512893982808,78.2,1.745,0.924,0.6005730659025788,1.048
26.685836900521736,0.9295929592959296,0.098,0.271,0.088,0.212,0.196,0.128,0.5137513751375138,88.2,1.818,0.934,0.5957095709570958,1.083
20.208238121442182,0.9298245614035088,0.099,0.262,0.091,0.22,0.192,0.132,0.5252525252525253,71.5,1.881,0.988,0.6044657097288676,1.137
30.57205578512397,0.9238636363636363,0.10400000000000001,0.273,0.089,0.215,0.201,0.134,0.5176136363636363,94.7,1.76,0.911,0.5914772727272727,1.041
23.70238360436623,0.9235820895522389,0.096,0.269,0.082,0.197,0.187,0.128,0.5265671641791044,66.5,1.675,0.882,0.6065671641791045,1.016
25.627539429674997,0.9319654427645788,0.099,0.28,0.088,0.211,0.195,0.126,0.550755939524838,87.9,1.852,1.02,0.6150107991360692,1.139
21.184944566061716,0.9238095238095239,0.101,0.265,0.088,0.20500000000000002,0.193,0.136,0.5288515406162465,67.5,1.7850000000000001,0.9440000000000001,0.6,1.071
27.558850147505314,0.9246231155778895,0.095,0.28400000000000003,0.083,0.198,0.194,0.135,0.5293132328308208,88.4,1.7910000000000001,0.9480000000000001,0.5879396984924623,1.053
24.47851086123854,0.9181008902077151,0.095,0.23600000000000002,0.079,0.188,0.183,0.138,0.5264094955489614,69.5,1.685,0.887,0.600593471810089,1.012
35.58802045288532,0.9313513513513514,0.106,0.295,0.092,0.219,0.197,0.127,0.5275675675675676,121.80000000000001,1.85,0.976,0.5983783783783784,1.107
23.830285940230723,0.9291882556131261,0.094,0.28400000000000003,0.084,0.199,0.21,0.123,0.5250431778929189,71.9,1.737,0.912,0.6016119746689695,1.045
28.99887394837937,0.9225473321858864,0.10400000000000001,0.275,0.092,0.218,0.196,0.135,0.5077452667814114,88.10000000000001,1.743,0.885,0.5806081468732072,1.012
18.904921723760626,0.9202981651376146,0.095,0.25,0.082,0.195,0.184,0.139,0.5212155963302753,57.5,1.744,0.909,0.5986238532110092,1.044
31.074397286169305,0.9207861822513401,0.10400000000000001,0.258,0.08600000000000001,0.20600000000000002,0.189,0.133,0.5253126861226921,87.60000000000001,1.679,0.882,0.5753424657534246,0.966
25.2158476559348,0.9324618736383442,0.105,0.293,0.093,0.223,0.20600000000000002,0.124,0.5190631808278867,85.0,1.836,0.9530000000000001,0.5985838779956427,1.099
28.90173410404624,0.9202312138728324,0.10200000000000001,0.269,0.085,0.21,0.19,0.138,0.5358381502890174,86.5,1.73,0.927,0.6057803468208093,1.048
30.85700002963303,0.9256526674233825,0.105,0.272,0.08700000000000001,0.212,0.198,0.131,0.5175936435868331,95.80000000000001,1.762,0.912,0.5970488081725313,1.052
23.944907327464737,0.9131216297183943,0.10400000000000001,0.256,0.08600000000000001,0.20600000000000002,0.19,0.145,0.5020970641102457,66.7,1.669,0.838,0.5841821449970042,0.975
23.31880036992998,0.9287356321839081,0.097,0.26,0.089,0.211,0.2,0.124,0.5091954022988506,70.60000000000001,1.74,0.886,0.5971264367816091,1.039
29.00008593886152,0.9204212990052663,0.091,0.23700000000000002,0.085,0.20500000000000002,0.183,0.136,0.5248683440608543,84.7,1.709,0.897,0.5991808074897601,1.024
28.69167383486455,0.9318786588610963,0.107,0.295,0.098,0.228,0.212,0.128,0.5274081958488558,101.30000000000001,1.879,0.991,0.592868547099521,1.114
30.546598550606724,0.9253285543608124,0.094,0.255,0.084,0.201,0.184,0.125,0.5113500597371565,85.60000000000001,1.674,0.856,0.5669056152927121,0.9490000000000001
34.59889454162152,0.924114671163575,0.11,0.28700000000000003,0.094,0.226,0.20600000000000002,0.135,0.5120854412591344,109.5,1.7790000000000001,0.911,0.5919055649241147,1.053
24.52698792119367,0.93058568329718,0.10400000000000001,0.279,0.094,0.221,0.203,0.128,0.527114967462039,83.4,1.844,0.972,0.6084598698481561,1.122
27.129204047065254,0.9321930360415394,0.08700000000000001,0.255,0.081,0.196,0.187,0.111,0.5271838729383018,72.7,1.637,0.863,0.5888821014050092,0.964
32.049240114467146,0.9241733181299886,0.10400000000000001,0.268,0.091,0.217,0.185,0.133,0.5319270239452679,98.60000000000001,1.754,0.933,0.5900798175598632,1.035
26.621977561771256,0.926056338028169,0.10400000000000001,0.265,0.093,0.222,0.19,0.126,0.5046948356807511,77.30000000000001,1.704,0.86,0.5780516431924883,0.985
41.351606805293,0.9266304347826086,0.107,0.28300000000000003,0.097,0.234,0.213,0.135,0.5342391304347827,140.0,1.84,0.983,0.5777173913043478,1.063
21.201042185355615,0.9293325855300056,0.094,0.28200000000000003,0.089,0.20800000000000002,0.196,0.126,0.5518788558609086,67.4,1.7830000000000001,0.984,0.6242288278182838,1.113
28.931397242484383,0.9296338672768879,0.096,0.253,0.083,0.199,0.187,0.123,0.5028604118993135,88.4,1.748,0.879,0.5932494279176201,1.037
34.066510379079574,0.9295361127422196,0.098,0.267,0.08600000000000001,0.20800000000000002,0.189,0.12,0.5273047563123899,98.80000000000001,1.703,0.898,0.5825014679976512,0.992
27.755878881741292,0.9298056155507559,0.107,0.28600000000000003,0.088,0.20500000000000002,0.20500000000000002,0.13,0.5183585313174947,95.2,1.852,0.96,0.5982721382289417,1.108
21.86272756453464,0.9185829707893102,0.097,0.249,0.077,0.19,0.178,0.131,0.526413921690491,56.6,1.609,0.847,0.598508390304537,0.963
24.54906920680485,0.9233469865418373,0.092,0.248,0.085,0.20700000000000002,0.184,0.131,0.5359859566998244,71.7,1.709,0.916,0.6085430076067876,1.04
21.293498355470753,0.9280653950953679,0.10200000000000001,0.27,0.084,0.202,0.193,0.132,0.5269754768392371,71.7,1.835,0.967,0.6065395095367847,1.113
28.449391122725775,0.9261465157832043,0.096,0.264,0.088,0.20800000000000002,0.191,0.124,0.5413936867182847,80.2,1.679,0.909,0.6075044669446099,1.02
32.5582192367668,0.9213547646383468,0.10200000000000001,0.267,0.089,0.216,0.197,0.137,0.5298507462686567,98.80000000000001,1.742,0.923,0.5826636050516647,1.0150000000000001
22.960567479789848,0.9204946996466431,0.099,0.264,0.082,0.197,0.178,0.135,0.5117785630153121,66.2,1.698,0.869,0.6042402826855123,1.026
28.901516738705578,0.9162178336325554,0.101,0.248,0.08600000000000001,0.20600000000000002,0.18,0.14,0.5242369838420108,80.7,1.671,0.876,0.5942549371633752,0.993
30.766983199415634,0.9297297297297298,0.111,0.28400000000000003,0.093,0.22,0.199,0.13,0.5448648648648649,105.30000000000001,1.85,1.008,0.6145945945945946,1.137
22.20043711783069,0.9315849486887116,0.096,0.264,0.089,0.217,0.19,0.12,0.5324971493728621,68.3,1.754,0.934,0.6094640820980616,1.069
28.57512377148905,0.9197035206917851,0.099,0.255,0.085,0.20500000000000002,0.184,0.13,0.5348980852378011,74.9,1.619,0.866,0.6071649166151946,0.983
23.503304475436817,0.9221218961625283,0.1,0.274,0.09,0.211,0.196,0.138,0.5276523702031602,73.8,1.772,0.935,0.6021444695259593,1.067
20.77725509756538,0.9266862170087976,0.1,0.278,0.084,0.2,0.203,0.125,0.5560117302052786,60.400000000000006,1.705,0.9480000000000001,0.6228739002932552,1.062
29.528899598307778,0.9141445336627548,0.099,0.256,0.084,0.2,0.18,0.139,0.5120444718962323,77.4,1.619,0.8290000000000001,0.5898702903026559,0.9550000000000001
25.779805550445847,0.9188876013904983,0.099,0.256,0.088,0.21,0.181,0.14,0.5052143684820394,76.80000000000001,1.726,0.872,0.5828505214368482,1.006
30.186672967863892,0.9293478260869565,0.108,0.273,0.091,0.217,0.195,0.13,0.5282608695652173,102.2,1.84,0.972,0.5945652173913043,1.094
31.69797458829663,0.9265633964429145,0.101,0.256,0.089,0.217,0.181,0.128,0.5226620768789444,96.30000000000001,1.743,0.911,0.5811818703384969,1.0130000000000001
32.93751222220795,0.921146953405018,0.1,0.256,0.09,0.216,0.19,0.132,0.507168458781362,92.30000000000001,1.674,0.849,0.5943847072879331,0.995
32.26122448979592,0.928,0.105,0.299,0.097,0.233,0.21,0.126,0.5468571428571428,98.80000000000001,1.75,0.9570000000000001,0.6074285714285714,1.063
26.807617715513455,0.9224848818031886,0.105,0.274,0.092,0.222,0.2,0.14100000000000001,0.5211654755360088,88.7,1.819,0.9480000000000001,0.6206706981858163,1.129
30.496838926943852,0.9171762090050027,0.109,0.297,0.094,0.23,0.20800000000000002,0.149,0.5403001667593107,98.7,1.799,0.972,0.6158977209560867,1.108
27.820408163265306,0.9251428571428572,0.101,0.255,0.088,0.20600000000000002,0.188,0.131,0.5342857142857143,85.2,1.75,0.935,0.6125714285714285,1.072
25.19596770200311,0.9210679048171794,0.101,0.26,0.09,0.212,0.191,0.136,0.5403366221706326,74.8,1.723,0.931,0.6181079512478236,1.065
28.113226631415124,0.9270315091210614,0.094,0.278,0.085,0.20400000000000001,0.201,0.132,0.5257048092868989,92.0,1.809,0.9510000000000001,0.6135986733001658,1.11
23.194326368488635,0.9195979899497487,0.098,0.272,0.08600000000000001,0.20700000000000002,0.19,0.14400000000000002,0.509212730318258,74.4,1.7910000000000001,0.912,0.5879396984924623,1.053
27.72230136196332,0.922809053975624,0.099,0.26,0.081,0.195,0.191,0.133,0.5211839814277424,82.30000000000001,1.723,0.898,0.5896691816598956,1.016
25.179873450052284,0.9138149556400507,0.092,0.233,0.079,0.188,0.165,0.136,0.49302915082382764,62.7,1.578,0.778,0.5754119138149556,0.908
26.359263892145215,0.9272409778812573,0.115,0.273,0.089,0.214,0.192,0.125,0.5215366705471478,77.80000000000001,1.718,0.896,0.589639115250291,1.0130000000000001
27.252494360247695,0.924958310172318,0.097,0.268,0.092,0.218,0.194,0.135,0.5041689827682045,88.2,1.799,0.907,0.5936631461923291,1.068
19.487382745408905,0.9281609195402298,0.096,0.268,0.081,0.194,0.194,0.125,0.5459770114942529,59.0,1.74,0.9500000000000001,0.6218390804597701,1.082
25.20018613616938,0.9212690951821386,0.093,0.268,0.081,0.195,0.20400000000000001,0.134,0.5094007050528789,73.0,1.702,0.867,0.5857814336075206,0.997
28.63611551093094,0.9251583189407023,0.099,0.269,0.089,0.215,0.197,0.13,0.515831894070236,86.4,1.737,0.896,0.6039147956246402,1.049
28.935146513415084,0.9242774566473988,0.101,0.266,0.08700000000000001,0.211,0.187,0.131,0.5254335260115607,86.60000000000001,1.73,0.909,0.6040462427745664,1.045
23.13082095583331,0.9277310924369748,0.106,0.268,0.09,0.212,0.192,0.129,0.5198879551820729,73.7,1.7850000000000001,0.928,0.5915966386554622,1.056
19.8092436473361,0.9312052834342323,0.101,0.28700000000000003,0.093,0.223,0.203,0.125,0.5410016510731975,65.4,1.817,0.983,0.6125481563015961,1.113
20.490783710651293,0.9278350515463918,0.10200000000000001,0.277,0.088,0.213,0.202,0.133,0.5208898534997287,69.60000000000001,1.843,0.96,0.6071622354856213,1.119
24.160756633842325,0.9262981574539364,0.10300000000000001,0.264,0.09,0.213,0.195,0.132,0.5304299274148521,77.5,1.7910000000000001,0.9500000000000001,0.609715242881072,1.092
26.47825705325043,0.9221484610742305,0.101,0.248,0.081,0.189,0.17500000000000002,0.129,0.5165962582981292,72.7,1.657,0.856,0.6125528062764032,1.0150000000000001
27.54543874146722,0.9282774838330394,0.095,0.265,0.08600000000000001,0.21,0.184,0.122,0.5238095238095238,79.7,1.701,0.891,0.5943562610229277,1.0110000000000001
23.324375602703117,0.9227323628219485,0.099,0.262,0.085,0.20700000000000002,0.186,0.138,0.5111982082866742,74.4,1.786,0.913,0.5991041433370661,1.07
31.428316328601227,0.9259259259259259,0.099,0.269,0.092,0.223,0.195,0.13,0.5185185185185185,96.80000000000001,1.7550000000000001,0.91,0.58005698005698,1.018
26.99769709020317,0.9274148520379676,0.109,0.274,0.094,0.227,0.20400000000000001,0.13,0.5309882747068677,86.60000000000001,1.7910000000000001,0.9510000000000001,0.6152987158012284,1.102
23.981272629902058,0.9215463331438317,0.099,0.275,0.088,0.20700000000000002,0.182,0.138,0.5326890278567368,74.2,1.7590000000000001,0.937,0.5992040932347925,1.054
28.71321119815237,0.9256983240223464,0.098,0.269,0.08600000000000001,0.211,0.191,0.133,0.5189944134078213,92.0,1.79,0.929,0.6100558659217877,1.092
25.633564728214935,0.9242424242424242,0.10300000000000001,0.26,0.088,0.20800000000000002,0.183,0.135,0.5078563411896745,81.4,1.782,0.905,0.5937149270482603,1.058
19.10156978829488,0.9298531810766721,0.10200000000000001,0.28200000000000003,0.094,0.218,0.201,0.129,0.5187601957585645,64.60000000000001,1.839,0.9540000000000001,0.6046764545948885,1.112
26.99185151652331,0.9319148936170213,0.108,0.28,0.08700000000000001,0.20600000000000002,0.197,0.128,0.5335106382978724,95.4,1.8800000000000001,1.0030000000000001,0.6095744680851064,1.1460000000000001
28.23901128368653,0.9263521288837745,0.107,0.278,0.091,0.218,0.192,0.128,0.5287686996547756,85.30000000000001,1.738,0.919,0.5960874568469505,1.036
29.93259180325906,0.9232987312572087,0.094,0.27,0.08700000000000001,0.211,0.196,0.133,0.5196078431372549,90.0,1.734,0.901,0.580161476355248,1.006
25.23603246048899,0.925783397471138,0.096,0.28400000000000003,0.083,0.203,0.20400000000000001,0.135,0.5475536008796041,83.5,1.819,0.996,0.6129741616272677,1.115
30.044247303343454,0.9144385026737968,0.1,0.265,0.088,0.21,0.194,0.14400000000000002,0.5323826500297089,85.10000000000001,1.683,0.896,0.6149732620320856,1.035
27.229469753887486,0.9322314049586777,0.10400000000000001,0.275,0.088,0.212,0.192,0.123,0.5327823691460055,89.7,1.815,0.967,0.6055096418732783,1.099
26.470565914592964,0.9217630853994491,0.10300000000000001,0.279,0.085,0.20800000000000002,0.199,0.14200000000000002,0.5046831955922865,87.2,1.815,0.916,0.5878787878787879,1.067
29.36837626106271,0.9163179916317992,0.092,0.246,0.08,0.193,0.177,0.14,0.5050806933652122,82.2,1.673,0.845,0.5851763299462044,0.979
33.16867314271091,0.9235390496996176,0.107,0.28500000000000003,0.095,0.227,0.209,0.14,0.519388312397597,111.2,1.831,0.9510000000000001,0.5898416166029492,1.08
30.632909428077063,0.9292479108635098,0.10400000000000001,0.263,0.092,0.223,0.191,0.127,0.5342618384401114,98.7,1.795,0.9590000000000001,0.5855153203342618,1.051
32.46157122817841,0.9257452574525745,0.11,0.275,0.09,0.214,0.197,0.137,0.5327913279132791,110.5,1.845,0.983,0.6048780487804878,1.116
27.4774602253222,0.9229401304090101,0.095,0.246,0.085,0.21,0.182,0.13,0.4955542382928275,78.2,1.687,0.836,0.5909899229401304,0.997
28.181931393050057,0.9248291571753986,0.10400000000000001,0.274,0.09,0.215,0.19,0.132,0.534738041002278,86.9,1.756,0.9390000000000001,0.5825740318906606,1.0230000000000001
41.464722999217074,0.9295774647887324,0.117,0.294,0.098,0.233,0.20800000000000002,0.13,0.547670639219935,141.3,1.846,1.0110000000000001,0.6034669555796316,1.114
28.736375261368078,0.9209414604707302,0.098,0.254,0.088,0.20800000000000002,0.18,0.131,0.5135787567893784,78.9,1.657,0.851,0.5980687990343995,0.991
25.90650230680507,0.9178921568627451,0.10300000000000001,0.257,0.084,0.197,0.17400000000000002,0.134,0.5128676470588235,69.0,1.6320000000000001,0.837,0.5962009803921569,0.973
26.31032564010996,0.923342939481268,0.099,0.267,0.088,0.213,0.192,0.133,0.5256484149855908,79.2,1.735,0.912,0.6034582132564842,1.047
23.463651145522977,0.9258400926998841,0.08600000000000001,0.269,0.083,0.197,0.185,0.128,0.5196987253765932,69.9,1.726,0.897,0.5845886442641947,1.0090000000000001
34.401238217504954,0.9291422482685135,0.11,0.28300000000000003,0.089,0.212,0.20700000000000002,0.133,0.5183803942461375,121.2,1.877,0.973,0.6116142781033564,1.1480000000000001
24.657595030736342,0.9300476947535771,0.10300000000000001,0.289,0.089,0.215,0.20500000000000002,0.132,0.505564387917329,87.80000000000001,1.887,0.9540000000000001,0.5808161102278749,1.096
22.662889518413596,0.9303116147308782,0.099,0.28400000000000003,0.08600000000000001,0.21,0.2,0.123,0.5575070821529745,70.60000000000001,1.7650000000000001,0.984,0.6124645892351275,1.081
25.56885253397594,0.931957612939208,0.098,0.28,0.08700000000000001,0.21,0.196,0.122,0.5560513106525377,82.2,1.793,0.997,0.6218627997769102,1.115
29.016020528834527,0.9253650621957815,0.112,0.28800000000000003,0.093,0.225,0.203,0.138,0.5121687398593835,99.2,1.849,0.9470000000000001,0.5932936722552731,1.097
23.17270280002476,0.9304251794588625,0.1,0.263,0.091,0.221,0.197,0.126,0.5311982330204307,76.0,1.811,0.962,0.6140254003313087,1.112
32.67065041378966,0.9246693502012651,0.109,0.276,0.089,0.215,0.191,0.131,0.523289246693502,98.80000000000001,1.739,0.91,0.6009200690051754,1.045
27.280334006176357,0.9214628297362111,0.095,0.275,0.085,0.202,0.185,0.131,0.5377697841726619,75.9,1.668,0.897,0.6031175059952039,1.006
28.089325305666915,0.9289709172259508,0.101,0.27,0.09,0.215,0.196,0.127,0.5274049217002237,89.80000000000001,1.788,0.9430000000000001,0.6006711409395973,1.074
25.65182534715252,0.9266895761741123,0.10400000000000001,0.281,0.088,0.20800000000000002,0.20800000000000002,0.128,0.5664375715922108,78.2,1.746,0.989,0.629438717067583,1.099
27.134693877551022,0.9245714285714286,0.095,0.265,0.091,0.215,0.196,0.132,0.5348571428571428,83.10000000000001,1.75,0.936,0.5885714285714285,1.03
30.402002380879708,0.9270718232044199,0.108,0.28500000000000003,0.095,0.227,0.20600000000000002,0.132,0.5276243093922652,99.60000000000001,1.81,0.9550000000000001,0.6121546961325967,1.108
25.375329161109406,0.9216374269005848,0.095,0.26,0.083,0.197,0.188,0.134,0.5011695906432748,74.2,1.71,0.857,0.5877192982456141,1.0050000000000001
28.37537217026748,0.9285327558202491,0.098,0.28800000000000003,0.09,0.215,0.20400000000000001,0.132,0.5446670276123443,96.80000000000001,1.847,1.006,0.5993502977801841,1.107
27.929204953714056,0.9298729983434566,0.10200000000000001,0.276,0.084,0.20500000000000002,0.183,0.127,0.5151849806736609,91.60000000000001,1.811,0.933,0.5991165102153506,1.085
34.086605226612804,0.9269662921348315,0.10300000000000001,0.296,0.091,0.217,0.222,0.13,0.5398876404494382,108.0,1.78,0.961,0.601685393258427,1.071
26.027216276919013,0.9206896551724137,0.101,0.259,0.085,0.20700000000000002,0.188,0.138,0.5172413793103449,78.80000000000001,1.74,0.9,0.5890804597701149,1.025
29.388001829550216,0.9237618252643295,0.101,0.278,0.088,0.209,0.197,0.137,0.5186421814134669,94.9,1.797,0.932,0.6010016694490818,1.08
29.41534565466189,0.9253561253561253,0.1,0.28200000000000003,0.085,0.20400000000000001,0.189,0.131,0.5327635327635327,90.60000000000001,1.7550000000000001,0.935,0.6205128205128205,1.089
31.50637613602738,0.9229098805646037,0.11,0.28600000000000003,0.092,0.22,0.20500000000000002,0.14200000000000002,0.5374592833876222,106.9,1.842,0.99,0.6069489685124865,1.118
31.870638754696724,0.9269323671497585,0.10200000000000001,0.259,0.088,0.20700000000000002,0.18,0.121,0.5283816425120773,87.4,1.6560000000000001,0.875,0.6117149758454107,1.0130000000000001
27.867817141465792,0.9222972972972973,0.101,0.272,0.084,0.202,0.19,0.138,0.526463963963964,87.9,1.776,0.935,0.5822072072072072,1.034
33.39235349828308,0.9230769230769231,0.11800000000000001,0.28400000000000003,0.093,0.223,0.195,0.14300000000000002,0.5266272189349113,115.4,1.859,0.979,0.5911780527165142,1.099
27.824494360256757,0.9198813056379822,0.10200000000000001,0.266,0.096,0.226,0.19,0.135,0.5109792284866469,79.0,1.685,0.861,0.5916913946587538,0.997
28.153144217417175,0.9228169014084507,0.107,0.278,0.092,0.217,0.19,0.137,0.5329577464788733,88.7,1.7750000000000001,0.9460000000000001,0.6016901408450704,1.068
26.001125914805783,0.9282191780821918,0.106,0.29,0.092,0.22,0.211,0.131,0.5676712328767123,86.60000000000001,1.825,1.036,0.6328767123287671,1.155
21.61575922940623,0.9290523045054376,0.107,0.28400000000000003,0.08600000000000001,0.20500000000000002,0.20400000000000001,0.137,0.541170378042465,80.60000000000001,1.931,1.045,0.6198860693940963,1.197
30.18258589773352,0.9228619340413639,0.108,0.275,0.091,0.22,0.192,0.138,0.5377305757406372,96.60000000000001,1.7890000000000001,0.962,0.6008943543879263,1.075
33.21484990907473,0.9268829026937878,0.108,0.281,0.092,0.222,0.195,0.133,0.5184167124793843,109.9,1.819,0.9430000000000001,0.5959318306761957,1.084
24.27945750055739,0.9242424242424242,0.098,0.262,0.088,0.213,0.188,0.135,0.5274971941638609,77.10000000000001,1.782,0.9400000000000001,0.6021324354657688,1.073
32.10840825013902,0.9233004067402673,0.105,0.259,0.091,0.219,0.183,0.132,0.5153980244044161,95.10000000000001,1.721,0.887,0.6089482858803021,1.048
30.64608974534689,0.930890052356021,0.107,0.298,0.1,0.233,0.21,0.132,0.5403141361256545,111.80000000000001,1.9100000000000001,1.032,0.6209424083769634,1.186
27.501093898260088,0.9273835920177383,0.101,0.276,0.09,0.214,0.199,0.131,0.5299334811529933,89.5,1.804,0.9560000000000001,0.6014412416851441,1.085
33.38031770504647,0.9186307519640853,0.10300000000000001,0.27,0.08600000000000001,0.212,0.201,0.145,0.5392817059483727,106.0,1.782,0.961,0.590347923681257,1.052
30.11658061853946,0.9251547552054024,0.099,0.272,0.088,0.21,0.177,0.133,0.5385481148002251,95.10000000000001,1.7770000000000001,0.9570000000000001,0.6088913899831176,1.082
26.007989971953936,0.9183183183183183,0.097,0.26,0.083,0.201,0.188,0.136,0.5201201201201201,72.10000000000001,1.665,0.866,0.5759759759759759,0.9590000000000001
26.824092095229222,0.9262340543538546,0.106,0.263,0.092,0.218,0.185,0.133,0.5307820299500832,87.2,1.803,0.9570000000000001,0.6062118691070438,1.093
27.700352428921548,0.9265566790846195,0.115,0.3,0.1,0.233,0.218,0.138,0.5428419372006387,97.80000000000001,1.879,1.02,0.6285258116019159,1.181
32.43111135824757,0.9221004039238315,0.089,0.249,0.081,0.193,0.183,0.135,0.5279861511829198,97.4,1.733,0.915,0.5903058280438546,1.0230000000000001
28.45072723088003,0.9269754768392371,0.10300000000000001,0.278,0.095,0.223,0.2,0.134,0.5362397820163488,95.80000000000001,1.835,0.984,0.602724795640327,1.106
34.97065330038265,0.9235491071428571,0.106,0.277,0.09,0.212,0.196,0.137,0.5279017857142857,112.30000000000001,1.792,0.9460000000000001,0.6015625,1.078
30.386506230415474,0.9227193492155723,0.1,0.272,0.09,0.215,0.187,0.133,0.5153980244044161,90.0,1.721,0.887,0.5891923300406741,1.014
32.38234670220982,0.9175920514319111,0.1,0.262,0.085,0.201,0.183,0.14100000000000001,0.5248392752776154,94.80000000000001,1.711,0.898,0.6066627703097603,1.038
29.02996228243953,0.9303482587064676,0.099,0.268,0.083,0.20400000000000001,0.184,0.126,0.5284687672747375,95.0,1.809,0.9560000000000001,0.5981205085682698,1.082
26.68933755547337,0.9230769230769231,0.097,0.261,0.08,0.193,0.179,0.128,0.5282451923076923,73.9,1.6640000000000001,0.879,0.6087740384615384,1.0130000000000001
31.728055042662906,0.9230769230769231,0.10300000000000001,0.279,0.094,0.223,0.20700000000000002,0.139,0.5246264526840066,103.60000000000001,1.807,0.9480000000000001,0.5888212506917543,1.064
26.728356309285264,0.9208211143695014,0.098,0.27,0.084,0.202,0.185,0.135,0.5202346041055719,77.7,1.705,0.887,0.5976539589442815,1.0190000000000001
28.257271995866063,0.9335038363171355,0.11,0.299,0.093,0.223,0.222,0.13,0.529923273657289,108.0,1.955,1.036,0.5928388746803069,1.159
28.06642386982525,0.9260115606936417,0.099,0.274,0.084,0.2,0.185,0.128,0.5150289017341041,84.0,1.73,0.891,0.5907514450867052,1.022
30.631608515332964,0.9289740698985344,0.106,0.278,0.093,0.224,0.194,0.126,0.5259301014656145,96.4,1.774,0.933,0.6082299887260428,1.079
23.787285813491533,0.9240139211136891,0.10200000000000001,0.26,0.082,0.195,0.177,0.131,0.5307424593967517,70.7,1.724,0.915,0.5974477958236659,1.03
24.251597423482767,0.9237536656891495,0.10300000000000001,0.26,0.08700000000000001,0.20500000000000002,0.195,0.13,0.5260997067448681,70.5,1.705,0.897,0.5824046920821114,0.993
25.19060198138441,0.9281828073993471,0.10400000000000001,0.274,0.09,0.211,0.196,0.132,0.5315560391730142,85.10000000000001,1.838,0.977,0.6066376496191512,1.115
29.72063292235253,0.9185228604923799,0.10200000000000001,0.245,0.088,0.20700000000000002,0.185,0.139,0.5310668229777257,86.5,1.706,0.906,0.597303634232122,1.0190000000000001
29.702235093190765,0.9297954671088999,0.101,0.272,0.091,0.222,0.198,0.127,0.5417357656163626,97.2,1.809,0.98,0.6053067993366501,1.095
26.148955521008393,0.924985899605189,0.108,0.28200000000000003,0.093,0.216,0.197,0.133,0.5279187817258884,82.2,1.7730000000000001,0.936,0.6063169768753525,1.075
28.0036025537157,0.9261822376009228,0.1,0.271,0.09,0.211,0.196,0.128,0.5201845444059977,84.2,1.734,0.902,0.5945790080738178,1.031
23.66221742795951,0.9233409610983981,0.098,0.268,0.088,0.21,0.187,0.134,0.5245995423340961,72.3,1.748,0.917,0.5863844393592678,1.025
32.871071659303084,0.919442761962447,0.098,0.262,0.085,0.203,0.182,0.133,0.514839491217444,89.60000000000001,1.651,0.85,0.5717746820109025,0.9440000000000001
25.402264199697463,0.9240139211136891,0.10400000000000001,0.275,0.082,0.198,0.193,0.131,0.5237819025522041,75.5,1.724,0.903,0.6107888631090487,1.053
21.158515435310438,0.9258064516129032,0.1,0.28600000000000003,0.093,0.217,0.20700000000000002,0.138,0.5268817204301075,73.2,1.86,0.98,0.6225806451612903,1.158
23.8336067454887,0.9271137026239067,0.099,0.266,0.091,0.213,0.185,0.125,0.5183673469387755,70.10000000000001,1.715,0.889,0.6034985422740525,1.035
25.3640288832474,0.9299943084803642,0.107,0.279,0.093,0.222,0.196,0.123,0.5281730221969266,78.30000000000001,1.7570000000000001,0.928,0.6027319294251565,1.059
31.707497788102383,0.9295407098121086,0.108,0.292,0.093,0.216,0.20400000000000001,0.135,0.5219206680584552,116.4,1.9160000000000001,1.0,0.5955114822546973,1.141
23.421407400871608,0.9312398484028154,0.099,0.28,0.083,0.201,0.198,0.127,0.5533297238765565,79.9,1.847,1.022,0.6188413643746616,1.143
26.387486286789553,0.9283018867924528,0.105,0.289,0.094,0.22,0.203,0.133,0.5390835579514824,90.80000000000001,1.855,1.0,0.6123989218328841,1.1360000000000001
22.937302898434844,0.9313154831199069,0.098,0.261,0.085,0.20600000000000002,0.186,0.11800000000000001,0.5221187427240978,67.7,1.718,0.897,0.5844004656577415,1.004
31.861786688680272,0.9195612431444241,0.092,0.257,0.08700000000000001,0.21,0.185,0.132,0.5106642291285801,85.80000000000001,1.641,0.838,0.5703839122486288,0.936
25.357980576144033,0.9318057828696127,0.10200000000000001,0.293,0.091,0.215,0.20400000000000001,0.125,0.5280960174577196,85.2,1.833,0.968,0.607746863066012,1.114
32.45716784974562,0.9260089686098655,0.10200000000000001,0.292,0.097,0.233,0.195,0.132,0.5263452914798207,103.30000000000001,1.784,0.9390000000000001,0.6070627802690582,1.083
33.004564461042484,0.9192090395480226,0.105,0.28300000000000003,0.09,0.22,0.20600000000000002,0.14300000000000002,0.5220338983050847,103.4,1.77,0.924,0.6073446327683616,1.075
25.02758212153808,0.9212690951821386,0.096,0.247,0.081,0.19,0.183,0.134,0.5205640423031728,72.5,1.702,0.886,0.6151586368977673,1.047
21.944444444444446,0.9227777777777778,0.101,0.255,0.08700000000000001,0.21,0.189,0.139,0.5227777777777778,71.10000000000001,1.8,0.9410000000000001,0.6022222222222222,1.084
23.0516196482758,0.9201166180758017,0.096,0.265,0.083,0.194,0.194,0.137,0.5352769679300291,67.8,1.715,0.918,0.5871720116618075,1.0070000000000001
23.047695171537335,0.9294245385450597,0.096,0.277,0.08600000000000001,0.211,0.189,0.13,0.5222584147665581,78.2,1.842,0.962,0.6036916395222585,1.112
31.086488150200065,0.9187134502923977,0.10400000000000001,0.276,0.083,0.20500000000000002,0.188,0.139,0.5245614035087719,90.9,1.71,0.897,0.5771929824561404,0.987
27.334771879939172,0.9292641186537365,0.098,0.28300000000000003,0.088,0.21,0.201,0.124,0.5413576725613235,84.0,1.7530000000000001,0.9490000000000001,0.6092413006274957,1.068
29.0046671874687,0.9343669250645995,0.107,0.278,0.09,0.213,0.2,0.127,0.5276485788113695,108.60000000000001,1.935,1.0210000000000001,0.59328165374677,1.1480000000000001
25.093986580345117,0.92692750287687,0.096,0.258,0.08600000000000001,0.20700000000000002,0.195,0.127,0.523590333716916,75.8,1.738,0.91,0.5897583429228999,1.025
26.588783555172526,0.9271186440677966,0.10400000000000001,0.256,0.088,0.215,0.19,0.129,0.5389830508474577,83.30000000000001,1.77,0.9540000000000001,0.6011299435028249,1.064
29.40778799351001,0.9215116279069767,0.101,0.277,0.092,0.225,0.193,0.135,0.5482558139534883,87.0,1.72,0.9430000000000001,0.6168604651162791,1.061
26.00994880541807,0.9181111775254035,0.1,0.24,0.08,0.202,0.17500000000000002,0.137,0.5182307232516438,72.8,1.673,0.867,0.5977286312014346,1.0
37.70537786126529,0.9224489795918367,0.10400000000000001,0.266,0.095,0.227,0.183,0.133,0.5131195335276968,110.9,1.715,0.88,0.5755102040816327,0.987
28.466564889911208,0.9297475301866082,0.1,0.266,0.082,0.20600000000000002,0.195,0.128,0.5241492864983535,94.5,1.822,0.9550000000000001,0.5834248079034029,1.063
31.17853495862491,0.9304756926293779,0.107,0.28600000000000003,0.09,0.217,0.195,0.133,0.5096706743335075,114.10000000000001,1.913,0.975,0.5896497647673811,1.1280000000000001
29.414282823356043,0.9276765375854215,0.096,0.269,0.097,0.228,0.193,0.127,0.5239179954441914,90.7,1.756,0.92,0.5928246013667426,1.041
28.104211479208367,0.9268011527377522,0.1,0.253,0.091,0.22,0.184,0.127,0.5210374639769453,84.60000000000001,1.735,0.904,0.5982708933717579,1.038
27.45817830763633,0.921784472769409,0.1,0.28500000000000003,0.088,0.21,0.20800000000000002,0.135,0.5399768250289687,81.80000000000001,1.726,0.932,0.6054461181923523,1.045
29.5110872033949,0.9242424242424242,0.099,0.26,0.08600000000000001,0.212,0.187,0.13,0.5151515151515151,86.9,1.716,0.884,0.585081585081585,1.004
23.133629954862283,0.918462434478742,0.091,0.257,0.083,0.203,0.19,0.14,0.516598718695399,68.2,1.717,0.887,0.6062900407687828,1.041
23.038945304188616,0.9272409778812573,0.106,0.262,0.08600000000000001,0.20600000000000002,0.197,0.125,0.5424912689173458,68.0,1.718,0.932,0.6047729918509895,1.039
31.028742051547027,0.9198626216370922,0.1,0.28400000000000003,0.08700000000000001,0.21,0.2,0.14,0.5380652547223812,94.7,1.747,0.9400000000000001,0.6021751574127076,1.052
19.303690629442855,0.9208679004467135,0.09,0.243,0.078,0.188,0.17200000000000001,0.124,0.5430759412890874,47.400000000000006,1.567,0.851,0.603063178047224,0.9450000000000001
32.28112117518892,0.9218585005279831,0.10400000000000001,0.274,0.091,0.218,0.196,0.148,0.5131995776135164,115.80000000000001,1.8940000000000001,0.972,0.5881731784582893,1.114
24.133926407746166,0.9286536248561565,0.1,0.264,0.08700000000000001,0.21,0.188,0.124,0.5431530494821634,72.9,1.738,0.9440000000000001,0.6162255466052935,1.071
31.09276951777941,0.9269602577873255,0.11,0.294,0.093,0.221,0.203,0.136,0.5392051557465092,107.80000000000001,1.862,1.004,0.6074113856068744,1.131
19.738891025237997,0.9177750906892382,0.094,0.241,0.078,0.187,0.165,0.136,0.535671100362757,54.0,1.6540000000000001,0.886,0.5882708585247884,0.973
31.868418509207327,0.9224190592547342,0.099,0.247,0.08600000000000001,0.203,0.183,0.127,0.5192425167990226,85.4,1.637,0.85,0.592547342700061,0.97
28.834910701161743,0.9217491369390104,0.1,0.272,0.082,0.201,0.19,0.136,0.520138089758343,87.10000000000001,1.738,0.904,0.5897583429228999,1.025
32.58320963781527,0.9305019305019305,0.107,0.28700000000000003,0.095,0.233,0.20500000000000002,0.126,0.5675675675675675,107.10000000000001,1.813,1.029,0.631549917264203,1.145
26.186468845716348,0.9211737629459148,0.101,0.295,0.08600000000000001,0.20700000000000002,0.2,0.137,0.5558112773302647,79.10000000000001,1.738,0.966,0.6219792865362486,1.081
33.27034431467189,0.9289256198347108,0.115,0.3,0.098,0.227,0.217,0.129,0.5449035812672176,109.60000000000001,1.815,0.989,0.6033057851239669,1.095
38.15912421159931,0.9262672811059908,0.1,0.267,0.08600000000000001,0.212,0.182,0.128,0.5046082949308756,115.0,1.736,0.876,0.5743087557603687,0.997
30.356981983166246,0.9153345174659562,0.1,0.275,0.081,0.2,0.181,0.14300000000000002,0.5127294256956779,86.60000000000001,1.689,0.866,0.5820011841326228,0.983
24.970273483947683,0.9281609195402298,0.1,0.253,0.082,0.202,0.185,0.125,0.5304597701149425,75.60000000000001,1.74,0.923,0.6028735632183908,1.049
26.26338204340449,0.9242424242424242,0.105,0.269,0.08700000000000001,0.20600000000000002,0.195,0.135,0.5325476992143658,83.4,1.782,0.9490000000000001,0.6049382716049383,1.078
25.513281988377003,0.9232062780269058,0.099,0.271,0.088,0.20600000000000002,0.201,0.137,0.5347533632286996,81.2,1.784,0.9540000000000001,0.6137892376681614,1.095
31.150821957753585,0.9210686095931998,0.094,0.252,0.084,0.202,0.179,0.13,0.5294474802671524,84.5,1.647,0.872,0.588949605343048,0.97
31.080724005813188,0.9252873563218391,0.10300000000000001,0.268,0.092,0.22,0.187,0.13,0.5103448275862069,94.10000000000001,1.74,0.888,0.5942528735632184,1.034
23.258367233727807,0.9188701923076923,0.10300000000000001,0.273,0.088,0.213,0.193,0.135,0.5270432692307693,64.4,1.6640000000000001,0.877,0.6099759615384616,1.0150000000000001
34.499428334650595,0.9240997229916897,0.108,0.29,0.091,0.22,0.201,0.137,0.535180055401662,112.4,1.805,0.966,0.6088642659279778,1.099
29.78629075294948,0.9197707736389685,0.09,0.267,0.085,0.202,0.187,0.14,0.5484240687679083,90.7,1.745,0.9570000000000001,0.6148997134670487,1.073
27.87240030667404,0.9264797507788162,0.10200000000000001,0.257,0.08600000000000001,0.20800000000000002,0.186,0.11800000000000001,0.525233644859813,71.8,1.605,0.843,0.6080996884735203,0.976
28.994595240228133,0.9218579234972678,0.10300000000000001,0.271,0.094,0.225,0.199,0.14300000000000002,0.5431693989071038,97.10000000000001,1.83,0.994,0.614207650273224,1.124
24.8160923048747,0.9243093922651934,0.1,0.269,0.09,0.221,0.194,0.137,0.5414364640883977,81.30000000000001,1.81,0.98,0.6132596685082873,1.11
25.197230907757774,0.9162333911034084,0.098,0.244,0.084,0.2,0.178,0.145,0.5332177931831311,75.5,1.731,0.923,0.5979202772963604,1.035
23.413459066839994,0.924119241192412,0.1,0.295,0.085,0.213,0.195,0.14,0.5349593495934959,79.7,1.845,0.987,0.6065040650406504,1.119
20.567347748462602,0.9301408450704225,0.10200000000000001,0.28800000000000003,0.089,0.213,0.20400000000000001,0.124,0.5487323943661971,64.8,1.7750000000000001,0.974,0.6180281690140845,1.097
33.48825660880968,0.9259052924791087,0.106,0.276,0.093,0.22,0.187,0.133,0.5242339832869081,107.9,1.795,0.9410000000000001,0.5805013927576602,1.042
31.564926960059164,0.9182692307692307,0.106,0.267,0.09,0.222,0.2,0.136,0.5252403846153846,87.4,1.6640000000000001,0.874,0.5985576923076923,0.996
31.992139446633725,0.9200913242009132,0.10400000000000001,0.263,0.088,0.21,0.187,0.14,0.5285388127853882,98.2,1.752,0.926,0.5976027397260274,1.047
27.13794096874852,0.9310915104740904,0.095,0.269,0.089,0.216,0.20400000000000001,0.125,0.5308710033076075,89.30000000000001,1.814,0.963,0.5953693495038589,1.08
32.24661929647192,0.9275599128540305,0.106,0.28200000000000003,0.092,0.218,0.197,0.133,0.5321350762527233,108.7,1.836,0.977,0.6154684095860566,1.1300000000000001
29.241045825812407,0.9238329238329238,0.092,0.248,0.08,0.193,0.183,0.124,0.5214987714987716,77.5,1.6280000000000001,0.849,0.5773955773955773,0.9400000000000001
29.781380130874478,0.9219512195121952,0.1,0.253,0.08700000000000001,0.213,0.193,0.128,0.5207317073170732,80.10000000000001,1.6400000000000001,0.854,0.6012195121951219,0.986
29.270083161865575,0.9189814814814815,0.11,0.28,0.09,0.214,0.20400000000000001,0.14,0.5011574074074074,87.4,1.728,0.866,0.5804398148148148,1.0030000000000001
22.0220251268205,0.9184308841843088,0.098,0.244,0.078,0.19,0.176,0.131,0.5205479452054794,56.800000000000004,1.606,0.836,0.5927770859277709,0.9520000000000001
33.898099540874206,0.9247716281569048,0.113,0.265,0.088,0.21,0.197,0.14,0.4873723804406233,117.4,1.861,0.907,0.570123589468028,1.061
27.82864647977296,0.922771152754117,0.10400000000000001,0.266,0.084,0.20400000000000001,0.194,0.136,0.5309483248154457,86.30000000000001,1.7610000000000001,0.935,0.6007950028392959,1.058
31.52917130936423,0.9258836944127709,0.105,0.28400000000000003,0.088,0.212,0.2,0.13,0.5433295324971493,97.0,1.754,0.9530000000000001,0.6168757126567845,1.082
25.70040193581102,0.9253302699597932,0.095,0.254,0.083,0.201,0.184,0.13,0.5284319356691557,77.9,1.741,0.92,0.6031016657093624,1.05
20.250221350216286,0.9245624622812312,0.092,0.251,0.084,0.203,0.18,0.125,0.5141822570911285,55.6,1.657,0.852,0.5890162945081473,0.976
19.342429960807085,0.9240963855421687,0.093,0.257,0.078,0.193,0.184,0.126,0.5289156626506024,53.300000000000004,1.6600000000000001,0.878,0.5987951807228916,0.994
33.13582063896376,0.9213349225268176,0.106,0.258,0.08600000000000001,0.21,0.183,0.132,0.5041716328963052,93.30000000000001,1.678,0.846,0.566150178784267,0.9500000000000001
28.768613641837405,0.9210374639769452,0.10400000000000001,0.275,0.095,0.23,0.202,0.137,0.5406340057636888,86.60000000000001,1.735,0.9380000000000001,0.5988472622478386,1.039
35.78775510204082,0.9251428571428572,0.117,0.28800000000000003,0.096,0.23,0.2,0.131,0.5422857142857143,109.60000000000001,1.75,0.9490000000000001,0.584,1.022
23.363508894895663,0.9176954732510288,0.099,0.263,0.084,0.201,0.19,0.14,0.5202821869488536,67.60000000000001,1.701,0.885,0.5861258083480305,0.997
23.66073017408761,0.9219288174512055,0.1,0.267,0.083,0.2,0.201,0.136,0.5172215843857635,71.8,1.742,0.901,0.5993111366245695,1.044
27.71454263138085,0.9218921892189219,0.10400000000000001,0.28400000000000003,0.091,0.215,0.199,0.14200000000000002,0.5319031903190319,91.60000000000001,1.818,0.967,0.6105610561056105,1.11
27.336424765984827,0.9226890756302522,0.10400000000000001,0.276,0.096,0.233,0.20500000000000002,0.138,0.5333333333333333,87.10000000000001,1.7850000000000001,0.9520000000000001,0.6084033613445378,1.086
25.25620091974365,0.9201680672268907,0.097,0.266,0.088,0.215,0.188,0.133,0.5378151260504201,70.10000000000001,1.666,0.896,0.6062424969987995,1.01
35.15175627947506,0.9230769230769231,0.106,0.273,0.093,0.217,0.192,0.137,0.5350926445816957,111.5,1.7810000000000001,0.9530000000000001,0.5951712521055587,1.06
33.38256543167599,0.9234184239733629,0.09,0.274,0.083,0.197,0.194,0.138,0.5360710321864595,108.4,1.802,0.966,0.6087680355160933,1.097
22.867924988898107,0.9215098861593769,0.1,0.257,0.083,0.201,0.184,0.131,0.5194727381665668,63.7,1.669,0.867,0.5907729179149191,0.986
28.566611024993122,0.9303211758301578,0.10300000000000001,0.298,0.088,0.21,0.21,0.128,0.5144256940664126,96.4,1.837,0.9450000000000001,0.597713663581927,1.098
29.789486685314774,0.9250398724082934,0.11,0.276,0.095,0.227,0.20400000000000001,0.14100000000000001,0.5279106858054227,105.4,1.881,0.993,0.6129718234981393,1.153
27.932397928656812,0.920314253647587,0.101,0.274,0.08600000000000001,0.20700000000000002,0.189,0.14200000000000002,0.5308641975308642,88.7,1.782,0.9460000000000001,0.6088664421997755,1.085
31.717451523545705,0.9284210526315789,0.113,0.294,0.098,0.23700000000000002,0.22,0.136,0.54,114.5,1.9000000000000001,1.026,0.6042105263157894,1.1480000000000001
28.895869351709802,0.9276353276353276,0.098,0.271,0.083,0.2,0.19,0.127,0.5202279202279202,89.0,1.7550000000000001,0.913,0.5737891737891738,1.0070000000000001
22.987737645761634,0.9190751445086706,0.101,0.266,0.08700000000000001,0.20600000000000002,0.194,0.14,0.5121387283236994,68.8,1.73,0.886,0.5930635838150289,1.026
26.920696935135528,0.9230295566502463,0.093,0.248,0.08600000000000001,0.20700000000000002,0.195,0.125,0.5227832512315271,71.0,1.624,0.849,0.6003694581280788,0.975
33.149081582130016,0.9225071225071225,0.097,0.259,0.08700000000000001,0.203,0.187,0.136,0.5202279202279202,102.10000000000001,1.7550000000000001,0.913,0.5943019943019943,1.043
27.03253455182023,0.9177921315325895,0.1,0.263,0.08700000000000001,0.20700000000000002,0.19,0.14,0.533176746917205,78.4,1.703,0.908,0.5954198473282443,1.014
35.591842414138306,0.9245175936435869,0.10200000000000001,0.272,0.095,0.226,0.195,0.133,0.5391600454029511,110.5,1.762,0.9500000000000001,0.5879682179341658,1.036
27.683883180097354,0.9261627906976744,0.10300000000000001,0.251,0.089,0.213,0.2,0.127,0.5017441860465116,81.9,1.72,0.863,0.5988372093023255,1.03
29.75213499749447,0.9216832261835184,0.089,0.255,0.08,0.194,0.18,0.134,0.5166569257744009,87.10000000000001,1.711,0.884,0.5786090005844535,0.99
23.40218170811151,0.9273482096523092,0.10200000000000001,0.297,0.092,0.218,0.225,0.14,0.534509600415153,86.9,1.927,1.03,0.6066424494032174,1.169
24.350730961813024,0.9260089686098655,0.108,0.277,0.088,0.21,0.199,0.132,0.5246636771300448,77.5,1.784,0.936,0.5885650224215246,1.05
32.60845354854517,0.9313351498637602,0.105,0.277,0.089,0.22,0.187,0.126,0.5188010899182561,109.80000000000001,1.835,0.9520000000000001,0.5940054495912807,1.09
29.0371491958816,0.9286889742183214,0.10400000000000001,0.28800000000000003,0.088,0.213,0.198,0.13,0.5205704882062534,96.5,1.823,0.9490000000000001,0.591881513987932,1.079
25.059488399762046,0.9225609756097561,0.10400000000000001,0.253,0.08600000000000001,0.203,0.181,0.127,0.5170731707317073,67.4,1.6400000000000001,0.848,0.5920731707317073,0.971
35.33525094227336,0.9178403755868545,0.10300000000000001,0.264,0.088,0.212,0.196,0.14,0.5223004694835681,102.60000000000001,1.704,0.89,0.5950704225352113,1.014
20.08085803067259,0.9254335260115607,0.094,0.268,0.08700000000000001,0.202,0.193,0.129,0.5479768786127167,60.1,1.73,0.9480000000000001,0.6225433526011561,1.077
24.650516931550328,0.9178743961352657,0.093,0.263,0.084,0.20400000000000001,0.19,0.136,0.5163043478260869,67.60000000000001,1.6560000000000001,0.855,0.5730676328502415,0.9490000000000001
31.16212066318169,0.9244604316546763,0.101,0.272,0.094,0.222,0.195,0.126,0.5269784172661871,86.7,1.668,0.879,0.6013189448441247,1.0030000000000001
30.899007752807943,0.9180428134556575,0.096,0.252,0.084,0.20600000000000002,0.18,0.134,0.5094801223241591,82.60000000000001,1.635,0.833,0.5902140672782875,0.965
24.889405284696394,0.9263836646963998,0.10200000000000001,0.295,0.095,0.227,0.209,0.137,0.5303600214938206,86.2,1.861,0.987,0.6174099946265449,1.149
29.54418114577445,0.9160167966406718,0.089,0.266,0.088,0.213,0.186,0.14,0.5218956208758249,82.10000000000001,1.667,0.87,0.5806838632273545,0.968
21.791064049586776,0.9278409090909091,0.091,0.263,0.084,0.197,0.185,0.127,0.5318181818181819,67.5,1.76,0.936,0.6085227272727273,1.071
28.017555930860492,0.9257990867579908,0.10200000000000001,0.266,0.088,0.20600000000000002,0.184,0.13,0.5131278538812786,86.0,1.752,0.899,0.5924657534246576,1.038
26.82038439177328,0.9262990455991517,0.10300000000000001,0.294,0.092,0.21,0.20400000000000001,0.139,0.5127253446447508,95.4,1.8860000000000001,0.967,0.5827147401908802,1.099
32.44753785072192,0.9259687680740313,0.112,0.27,0.095,0.232,0.2,0.128,0.5164835164835165,97.0,1.729,0.893,0.5934065934065934,1.026
27.932960893854748,0.9329608938547486,0.10200000000000001,0.27,0.08600000000000001,0.20800000000000002,0.193,0.12,0.5100558659217878,89.5,1.79,0.913,0.5972067039106145,1.069
33.36590011576259,0.9191977077363896,0.107,0.268,0.088,0.211,0.19,0.14100000000000001,0.5020057306590258,101.60000000000001,1.745,0.876,0.5604584527220631,0.978
26.95274983830128,0.9224806201550387,0.092,0.244,0.082,0.198,0.186,0.13,0.5259391771019678,75.8,1.677,0.882,0.6010733452593918,1.008
24.028565427431207,0.9269565217391305,0.098,0.277,0.08,0.189,0.197,0.126,0.5333333333333333,71.5,1.725,0.92,0.6098550724637681,1.052
28.931397242484383,0.9256292906178489,0.105,0.28400000000000003,0.088,0.217,0.201,0.13,0.5314645308924485,88.4,1.748,0.929,0.6069794050343249,1.061
17.7076501678176,0.9167701863354037,0.091,0.249,0.08,0.187,0.187,0.134,0.5347826086956522,45.900000000000006,1.61,0.861,0.5956521739130435,0.9590000000000001
26.005968300926202,0.9178885630498533,0.092,0.25,0.085,0.20600000000000002,0.178,0.14,0.49442815249266864,75.60000000000001,1.705,0.843,0.5829912023460411,0.994
29.614073560168208,0.9241680305510093,0.10200000000000001,0.28300000000000003,0.092,0.22,0.2,0.139,0.5340971085651937,99.5,1.833,0.979,0.6159301691216584,1.129
34.35575413597392,0.9247252747252748,0.101,0.273,0.088,0.212,0.193,0.137,0.5192307692307693,113.80000000000001,1.82,0.9450000000000001,0.5879120879120879,1.07
26.63136109082055,0.9217342342342343,0.1,0.276,0.09,0.21,0.195,0.139,0.518581081081081,84.0,1.776,0.921,0.6171171171171171,1.096
34.72913921303272,0.9246231155778895,0.105,0.293,0.084,0.202,0.2,0.135,0.5309882747068677,111.4,1.7910000000000001,0.9510000000000001,0.5946398659966499,1.065
23.24203148754155,0.9299492385786802,0.106,0.306,0.093,0.222,0.221,0.138,0.549746192893401,90.2,1.97,1.083,0.6208121827411167,1.223
28.08001954661101,0.9244762954796031,0.1,0.28400000000000003,0.09,0.22,0.20700000000000002,0.137,0.5347298787210585,92.4,1.814,0.97,0.6108048511576626,1.108
27.08214455315091,0.9276094276094277,0.095,0.281,0.082,0.197,0.194,0.129,0.5303030303030303,86.0,1.782,0.9450000000000001,0.5931537598204265,1.057
28.56087451905285,0.9254513686662784,0.10200000000000001,0.267,0.08600000000000001,0.20800000000000002,0.197,0.128,0.5276645311589983,84.2,1.717,0.906,0.6027955736750146,1.035
27.14186611168921,0.9327956989247311,0.10400000000000001,0.28800000000000003,0.088,0.214,0.21,0.125,0.5225806451612903,93.9,1.86,0.972,0.5924731182795699,1.102
29.631593391479033,0.9149177538287011,0.113,0.267,0.08700000000000001,0.20800000000000002,0.19,0.15,0.5002836074872377,92.10000000000001,1.7630000000000001,0.882,0.5978445830969937,1.054
27.451527578926935,0.9224137931034483,0.09,0.251,0.08,0.194,0.17500000000000002,0.126,0.5227832512315271,72.4,1.624,0.849,0.5972906403940886,0.97
29.84442163632989,0.922228670922809,0.097,0.258,0.08700000000000001,0.211,0.183,0.134,0.5240858966918166,88.60000000000001,1.723,0.903,0.5948926291352292,1.025
26.871014846503343,0.9223416965352449,0.1,0.243,0.08600000000000001,0.211,0.177,0.13,0.5203106332138591,75.3,1.674,0.871,0.5890083632019116,0.986
28.17655289958758,0.9214449541284404,0.113,0.294,0.089,0.215,0.20600000000000002,0.137,0.551605504587156,85.7,1.744,0.962,0.6215596330275229,1.084
32.073268436238344,0.9256292906178489,0.101,0.277,0.089,0.216,0.197,0.13,0.5480549199084668,98.0,1.748,0.9580000000000001,0.6006864988558352,1.05
22.835920534679754,0.9235457063711912,0.096,0.273,0.085,0.20600000000000002,0.20400000000000001,0.138,0.5357340720221606,74.4,1.805,0.967,0.6110803324099723,1.103
21.58301924221384,0.9245070422535211,0.095,0.265,0.085,0.20800000000000002,0.197,0.134,0.532394366197183,68.0,1.7750000000000001,0.9450000000000001,0.6140845070422535,1.09
22.6202011427044,0.9219653179190751,0.10300000000000001,0.273,0.083,0.198,0.197,0.135,0.5173410404624278,67.7,1.73,0.895,0.5878612716763005,1.0170000000000001
24.276654776060244,0.9304597701149425,0.1,0.262,0.084,0.195,0.178,0.121,0.5442528735632184,73.5,1.74,0.9470000000000001,0.6091954022988506,1.06
21.14348116177728,0.9257990867579908,0.089,0.264,0.078,0.193,0.199,0.13,0.5468036529680366,64.9,1.752,0.9580000000000001,0.6255707762557078,1.096
27.367610968338248,0.9193066347878064,0.097,0.251,0.083,0.195,0.17400000000000002,0.135,0.5236102809324567,76.60000000000001,1.673,0.876,0.5923490735206216,0.991
25.127830533235937,0.9264864864864865,0.107,0.279,0.091,0.218,0.20800000000000002,0.136,0.5427027027027027,86.0,1.85,1.004,0.6124324324324324,1.133
24.91374117548513,0.9217536071032186,0.10400000000000001,0.28500000000000003,0.083,0.202,0.2,0.14100000000000001,0.5654827968923418,80.9,1.802,1.0190000000000001,0.6409544950055494,1.155
26.85640273740842,0.9276201505500868,0.101,0.255,0.088,0.213,0.184,0.125,0.5020266357845976,80.10000000000001,1.727,0.867,0.5732484076433121,0.99
26.22037530074567,0.9266161910308678,0.10200000000000001,0.264,0.084,0.197,0.194,0.126,0.5270821199767035,77.30000000000001,1.717,0.905,0.5928945835760047,1.018
31.478217073784943,0.9120813397129187,0.10200000000000001,0.28300000000000003,0.08700000000000001,0.203,0.197,0.147,0.5460526315789473,88.0,1.672,0.913,0.6190191387559809,1.035
26.442658875091304,0.9297297297297298,0.114,0.266,0.09,0.214,0.197,0.13,0.5313513513513514,90.5,1.85,0.983,0.605945945945946,1.121
22.588766549010323,0.9290091930541369,0.099,0.28,0.082,0.2,0.197,0.139,0.515832482124617,86.60000000000001,1.958,1.01,0.6103166496424923,1.195
28.96549643775812,0.9209601873536299,0.099,0.271,0.085,0.20500000000000002,0.189,0.135,0.5298594847775175,84.5,1.708,0.905,0.6094847775175644,1.041
32.531722485748105,0.9313572542901716,0.11,0.293,0.093,0.225,0.212,0.132,0.5231409256370255,120.30000000000001,1.923,1.006,0.6047841913676547,1.163
27.117032740731553,0.9239904988123515,0.096,0.25,0.085,0.20400000000000001,0.184,0.128,0.5065320665083135,76.9,1.684,0.853,0.583729216152019,0.983
32.04876307879422,0.9284903518728718,0.101,0.269,0.084,0.20400000000000001,0.187,0.126,0.5175936435868331,99.5,1.762,0.912,0.594211123723042,1.047
30.17324423351801,0.9250936329588015,0.106,0.28800000000000003,0.093,0.216,0.203,0.14,0.5323702514713751,105.4,1.869,0.995,0.5928303905831995,1.108
27.896644212853953,0.9276018099547512,0.096,0.279,0.088,0.21,0.197,0.128,0.5231900452488688,87.2,1.768,0.925,0.5842760180995475,1.033
26.956851784759245,0.920863309352518,0.093,0.263,0.081,0.19,0.17400000000000002,0.132,0.5299760191846523,75.0,1.668,0.884,0.5863309352517986,0.978
31.466399705489046,0.9155609167671894,0.099,0.253,0.081,0.197,0.186,0.14,0.5066344993968637,86.5,1.6580000000000001,0.84,0.5790108564535585,0.96
28.946878265738967,0.9259462424574877,0.111,0.275,0.085,0.20500000000000002,0.198,0.135,0.5320899616017554,96.2,1.823,0.97,0.6061437191442677,1.105
21.10466520511296,0.9321120689655172,0.097,0.279,0.081,0.191,0.194,0.126,0.525323275862069,72.7,1.856,0.975,0.6158405172413793,1.143
24.445202885841834,0.92578125,0.10200000000000001,0.292,0.08600000000000001,0.20700000000000002,0.199,0.133,0.5435267857142857,78.5,1.792,0.974,0.6199776785714286,1.111
25.747419865435493,0.9180807489760093,0.10200000000000001,0.266,0.085,0.2,0.188,0.14,0.5394967817437097,75.2,1.709,0.922,0.6143943826799297,1.05
23.614362229716324,0.927887323943662,0.10200000000000001,0.269,0.091,0.218,0.20400000000000001,0.128,0.5369014084507042,74.4,1.7750000000000001,0.9530000000000001,0.6259154929577465,1.111
27.90909686435497,0.9246495327102804,0.1,0.268,0.085,0.2,0.181,0.129,0.5227803738317757,81.80000000000001,1.712,0.895,0.6051401869158879,1.036
27.897069082154474,0.9265121537591859,0.112,0.264,0.09,0.212,0.19,0.13,0.5364612775579424,87.30000000000001,1.7690000000000001,0.9490000000000001,0.6127755794234031,1.084
25.570465342114115,0.9261053906723198,0.095,0.254,0.08700000000000001,0.20700000000000002,0.194,0.122,0.5390672319806178,69.7,1.651,0.89,0.6153846153846154,1.016
26.3015097832679,0.919774011299435,0.10300000000000001,0.281,0.091,0.213,0.195,0.14200000000000002,0.5259887005649717,82.4,1.77,0.931,0.6022598870056497,1.066
26.875182934178135,0.9304979253112033,0.101,0.289,0.09,0.216,0.214,0.134,0.5191908713692946,99.9,1.928,1.0010000000000001,0.5995850622406639,1.156
28.277877274012628,0.9268989149057681,0.10200000000000001,0.268,0.08700000000000001,0.20800000000000002,0.196,0.128,0.5334094802969731,86.7,1.7510000000000001,0.934,0.6185037121644774,1.083
28.42681311115198,0.9236067626800251,0.10200000000000001,0.257,0.09,0.217,0.183,0.122,0.5253600500939261,72.5,1.597,0.839,0.6030056355666875,0.963
21.978021978021975,0.9258241758241759,0.10200000000000001,0.269,0.08700000000000001,0.203,0.191,0.135,0.5296703296703297,72.8,1.82,0.964,0.6032967032967033,1.098
21.56185644266763,0.9297089511257551,0.097,0.275,0.091,0.214,0.202,0.128,0.5304777594728172,71.5,1.821,0.966,0.5892366831411312,1.073
38.759112118185485,0.92719249862107,0.11,0.275,0.093,0.216,0.19,0.132,0.525096525096525,127.4,1.813,0.9520000000000001,0.592388306674021,1.074
28.821849181051597,0.9255202628696605,0.111,0.28500000000000003,0.094,0.222,0.195,0.136,0.5197152245345017,96.10000000000001,1.826,0.9490000000000001,0.6117196056955093,1.117
36.28425038984184,0.9170149253731343,0.108,0.261,0.092,0.222,0.188,0.139,0.5050746268656716,101.80000000000001,1.675,0.846,0.5904477611940299,0.989
29.305793306813108,0.924506387921022,0.109,0.277,0.09,0.212,0.195,0.13,0.5348432055749129,86.9,1.722,0.921,0.5911730545876888,1.018
28.459873611056526,0.9173457508731082,0.101,0.258,0.088,0.214,0.191,0.14200000000000002,0.5232828870779976,84.0,1.718,0.899,0.6088474970896391,1.046
27.995257589937285,0.9241019698725377,0.10300000000000001,0.274,0.084,0.2,0.197,0.131,0.5162224797219004,83.4,1.726,0.891,0.6048667439165701,1.044
23.47636621722076,0.9202037351443124,0.094,0.268,0.081,0.197,0.196,0.14100000000000001,0.5002829654782116,73.3,1.7670000000000001,0.884,0.5891341256366723,1.041
25.402631712645427,0.9218106995884774,0.1,0.264,0.085,0.201,0.187,0.133,0.5149911816578483,73.5,1.701,0.876,0.5931804820693709,1.0090000000000001
25.184643548522857,0.9231651376146789,0.10300000000000001,0.272,0.08600000000000001,0.20600000000000002,0.197,0.134,0.5217889908256881,76.60000000000001,1.744,0.91,0.5974770642201835,1.042
30.399659863945587,0.919047619047619,0.11,0.298,0.092,0.222,0.20500000000000002,0.136,0.5351190476190476,85.80000000000001,1.68,0.899,0.6214285714285714,1.044
22.403934130833374,0.9152435167615434,0.092,0.244,0.083,0.198,0.176,0.134,0.5211891208096142,56.0,1.581,0.8240000000000001,0.5863377609108159,0.927
25.16385709198591,0.9237435008665511,0.08600000000000001,0.251,0.082,0.197,0.177,0.132,0.49740034662045063,75.4,1.731,0.861,0.5829000577700751,1.0090000000000001
28.252955526365174,0.9216438356164384,0.101,0.271,0.088,0.218,0.196,0.14300000000000002,0.5189041095890411,94.10000000000001,1.825,0.9470000000000001,0.6005479452054795,1.096
34.415359724677124,0.9223241590214067,0.096,0.261,0.09,0.218,0.181,0.127,0.5137614678899083,92.0,1.635,0.84,0.5902140672782875,0.965
30.029571662171634,0.9176267281105991,0.10200000000000001,0.272,0.09,0.216,0.184,0.14300000000000002,0.5086405529953917,90.5,1.736,0.883,0.5771889400921659,1.002
35.6635872329248,0.9237588652482269,0.109,0.276,0.088,0.217,0.192,0.129,0.5254137115839244,102.10000000000001,1.692,0.889,0.5774231678486997,0.977
23.44687029371714,0.924924924924925,0.098,0.257,0.083,0.203,0.181,0.125,0.5123123123123123,65.0,1.665,0.853,0.5957957957957958,0.992
28.362115413198573,0.9213362068965517,0.108,0.295,0.101,0.23500000000000001,0.20400000000000001,0.146,0.5431034482758621,97.7,1.856,1.008,0.6169181034482759,1.145
32.17653470680627,0.9226254002134472,0.10400000000000001,0.291,0.08600000000000001,0.216,0.20500000000000002,0.145,0.551760939167556,113.0,1.874,1.034,0.6366061899679829,1.193
31.979006890867886,0.9144736842105263,0.11,0.275,0.094,0.224,0.198,0.14300000000000002,0.5083732057416268,89.4,1.672,0.85,0.5980861244019139,1.0
23.367283781420653,0.9263973436635307,0.1,0.268,0.082,0.191,0.182,0.133,0.5058107360265633,76.3,1.807,0.914,0.6054233536247925,1.094
34.66805823116359,0.9291754756871036,0.115,0.281,0.09,0.22,0.20700000000000002,0.134,0.5206131078224101,124.10000000000001,1.8920000000000001,0.985,0.6125792811839323,1.159
27.18787098175837,0.9259052924791087,0.099,0.28,0.09,0.215,0.2,0.133,0.5242339832869081,87.60000000000001,1.795,0.9410000000000001,0.6111420612813371,1.097
21.312767492245122,0.9310344827586207,0.1,0.289,0.092,0.216,0.21,0.124,0.5667408231368187,68.9,1.798,1.0190000000000001,0.6295884315906563,1.1320000000000001
24.849409539539767,0.9186519465427078,0.1,0.252,0.084,0.201,0.184,0.14,0.5124927367809413,73.60000000000001,1.721,0.882,0.6060429982568274,1.043
26.669299630459783,0.91701244813278,0.105,0.27,0.088,0.20700000000000002,0.191,0.14,0.5163011262596325,75.9,1.687,0.871,0.6046235921754594,1.02
23.053997914631243,0.9255014326647565,0.1,0.256,0.084,0.199,0.19,0.13,0.5283667621776504,70.2,1.745,0.922,0.6017191977077364,1.05
30.199685780872507,0.9210239651416122,0.109,0.28300000000000003,0.093,0.22,0.193,0.145,0.5266884531590414,101.80000000000001,1.836,0.967,0.5980392156862745,1.098
28.930192782063667,0.9177612792689891,0.10400000000000001,0.29,0.089,0.218,0.203,0.14400000000000002,0.4922901199314677,88.7,1.7510000000000001,0.862,0.5922330097087378,1.037
36.75172785374554,0.9261853448275862,0.11,0.298,0.1,0.231,0.221,0.137,0.5188577586206896,126.60000000000001,1.856,0.963,0.6012931034482759,1.116
29.066516063910434,0.9242068155111633,0.106,0.264,0.09,0.21,0.197,0.129,0.5094007050528789,84.2,1.702,0.867,0.6110458284371327,1.04
23.71027468980753,0.9207920792079208,0.094,0.253,0.083,0.198,0.187,0.136,0.48806057076295867,69.9,1.717,0.838,0.5835760046592895,1.002
23.04399917132098,0.9255258669698693,0.099,0.279,0.091,0.215,0.199,0.131,0.5162023877202956,71.3,1.7590000000000001,0.908,0.5997725980670836,1.055
34.33815931843596,0.9206260480715484,0.101,0.274,0.092,0.22,0.191,0.14200000000000002,0.5120178870877585,109.9,1.7890000000000001,0.916,0.6042481833426495,1.081
30.844426867923094,0.9281828073993471,0.106,0.291,0.093,0.217,0.199,0.132,0.515233949945593,104.2,1.838,0.9470000000000001,0.6017410228509249,1.106
23.5638257676577,0.9145820622330689,0.10200000000000001,0.259,0.089,0.20500000000000002,0.184,0.14,0.5143380109823062,63.300000000000004,1.639,0.843,0.5991458206223307,0.982
32.86614166484672,0.9223416965352449,0.11,0.269,0.09,0.212,0.187,0.13,0.5149342891278376,92.10000000000001,1.674,0.862,0.6093189964157706,1.02
31.362632490702044,0.9226361031518625,0.09,0.258,0.088,0.218,0.191,0.135,0.498567335243553,95.5,1.745,0.87,0.597134670487106,1.042
25.667536973562072,0.9205776173285198,0.1,0.25,0.092,0.222,0.187,0.132,0.5048134777376655,70.9,1.6620000000000001,0.839,0.6022864019253911,1.0010000000000001
27.58472042011565,0.918757467144564,0.099,0.251,0.08600000000000001,0.20400000000000001,0.176,0.136,0.502389486260454,77.30000000000001,1.674,0.841,0.5848267622461171,0.979
27.409817838772717,0.919431279620853,0.1,0.264,0.09,0.209,0.186,0.136,0.5106635071090048,78.10000000000001,1.688,0.862,0.6001184834123223,1.0130000000000001
33.43705285750358,0.9277522935779816,0.101,0.278,0.092,0.217,0.194,0.126,0.4994266055045872,101.7,1.744,0.871,0.5711009174311926,0.996
32.702100091966706,0.9261139311900733,0.106,0.27,0.094,0.225,0.194,0.131,0.5064861816130851,102.80000000000001,1.7730000000000001,0.898,0.5910885504794134,1.048
27.02522106482341,0.9275204359673025,0.109,0.28600000000000003,0.091,0.214,0.214,0.133,0.5498637602179837,91.0,1.835,1.0090000000000001,0.6403269754768393,1.175
26.11411369959014,0.9233870967741935,0.097,0.272,0.094,0.217,0.194,0.133,0.5253456221198156,78.7,1.736,0.912,0.613479262672811,1.065
28.071068325195963,0.920263788968825,0.097,0.25,0.084,0.212,0.186,0.133,0.4988009592326139,78.10000000000001,1.668,0.8320000000000001,0.5899280575539568,0.984
29.024083130460912,0.9246231155778895,0.097,0.268,0.08700000000000001,0.21,0.188,0.135,0.5159128978224455,93.10000000000001,1.7910000000000001,0.924,0.6214405360134003,1.113
24.045925595295852,0.9212555066079295,0.097,0.266,0.09,0.217,0.194,0.14300000000000002,0.5187224669603524,79.30000000000001,1.816,0.9420000000000001,0.5974669603524229,1.085
25.59930591832623,0.927007299270073,0.1,0.267,0.08700000000000001,0.211,0.191,0.13,0.4991577765300393,81.2,1.7810000000000001,0.889,0.5985401459854015,1.066
20.070579923408594,0.9181353041500853,0.099,0.281,0.084,0.2,0.194,0.14400000000000002,0.5093803297328028,62.1,1.7590000000000001,0.896,0.6009096077316657,1.057
27.08178735509189,0.9258816497310222,0.10200000000000001,0.253,0.085,0.20400000000000001,0.177,0.124,0.5176329946204423,75.8,1.673,0.866,0.6043036461446504,1.0110000000000001
24.777534326031112,0.9221453287197232,0.1,0.271,0.08600000000000001,0.20500000000000002,0.196,0.135,0.5242214532871973,74.5,1.734,0.909,0.6147635524798154,1.066
30.4506246281975,0.9115853658536586,0.092,0.25,0.082,0.196,0.17400000000000002,0.145,0.5054878048780488,81.9,1.6400000000000001,0.8290000000000001,0.5859756097560975,0.961
25.817471919883396,0.9236319903788335,0.095,0.247,0.082,0.198,0.176,0.127,0.49969933854479853,71.4,1.663,0.8310000000000001,0.5898977751052316,0.981
31.926877484944537,0.9191980558930741,0.1,0.27,0.09,0.215,0.201,0.133,0.5109356014580801,86.5,1.6460000000000001,0.841,0.606318347509113,0.998
33.30179176459815,0.919889502762431,0.105,0.28800000000000003,0.09,0.214,0.20500000000000002,0.145,0.5176795580110497,109.10000000000001,1.81,0.937,0.6033149171270719,1.092
26.95789487872576,0.9253380364491476,0.099,0.263,0.08600000000000001,0.20700000000000002,0.185,0.127,0.5085243974132863,78.0,1.701,0.865,0.6072898295120517,1.033
27.52373995617239,0.9281081081081081,0.108,0.281,0.092,0.223,0.203,0.133,0.5151351351351351,94.2,1.85,0.9530000000000001,0.6124324324324324,1.133
26.737830430736164,0.9263038548752834,0.10300000000000001,0.275,0.091,0.217,0.199,0.13,0.5096371882086168,83.2,1.764,0.899,0.6009070294784581,1.06
24.14450515145203,0.92914653784219,0.099,0.267,0.08600000000000001,0.20500000000000002,0.2,0.132,0.5217391304347826,83.80000000000001,1.863,0.972,0.6108427267847558,1.1380000000000001
31.719036821077637,0.9263038548752834,0.105,0.274,0.092,0.222,0.194,0.13,0.5090702947845805,98.7,1.764,0.898,0.5958049886621315,1.051
29.209801687399633,0.9260077305356157,0.101,0.294,0.092,0.217,0.211,0.134,0.5091109884041966,95.80000000000001,1.811,0.922,0.616234124792932,1.116
29.856999868095375,0.9186629526462395,0.106,0.293,0.092,0.22,0.202,0.146,0.4991643454038997,96.2,1.795,0.896,0.6077994428969359,1.091
21.74876860068423,0.9172457359444094,0.093,0.244,0.081,0.195,0.18,0.131,0.5192672141503475,54.5,1.583,0.8220000000000001,0.6070751737207833,0.961
24.857445588747158,0.9236425339366516,0.098,0.274,0.084,0.197,0.185,0.135,0.5209276018099548,77.7,1.768,0.921,0.6108597285067874,1.08
23.0250469778431,0.9289501590668081,0.111,0.281,0.089,0.213,0.19,0.134,0.5270413573700954,81.9,1.8860000000000001,0.994,0.6139978791092259,1.158
31.318996900304025,0.9202855443188578,0.107,0.274,0.09,0.214,0.186,0.134,0.49672813801308746,88.5,1.681,0.835,0.5788221296847115,0.973
27.434756611047995,0.9199057714958775,0.092,0.27,0.082,0.203,0.185,0.136,0.5047114252061249,79.10000000000001,1.698,0.857,0.6048292108362779,1.027
29.753906399969292,0.9233021077283372,0.10300000000000001,0.265,0.088,0.212,0.191,0.131,0.5005854800936768,86.80000000000001,1.708,0.855,0.5884074941451991,1.0050000000000001
31.674631068436486,0.9196102314250914,0.101,0.268,0.09,0.211,0.191,0.132,0.5200974421437271,85.4,1.6420000000000001,0.854,0.5968331303288672,0.98
31.494872241113242,0.9256567915036333,0.10200000000000001,0.28400000000000003,0.094,0.223,0.186,0.133,0.490217998882057,100.80000000000001,1.7890000000000001,0.877,0.5863610955841252,1.049
29.14518999630177,0.9242788461538461,0.095,0.244,0.085,0.2,0.181,0.126,0.5060096153846154,80.7,1.6640000000000001,0.842,0.5895432692307693,0.981
28.887505658669077,0.9292553191489362,0.099,0.279,0.09,0.216,0.203,0.133,0.523936170212766,102.10000000000001,1.8800000000000001,0.985,0.5994680851063829,1.127
30.453164222486457,0.9183908045977012,0.095,0.264,0.088,0.216,0.184,0.14200000000000002,0.5132183908045977,92.2,1.74,0.893,0.6,1.044
22.43425327451182,0.9245614035087719,0.094,0.273,0.089,0.213,0.20500000000000002,0.129,0.5339181286549708,65.60000000000001,1.71,0.913,0.6093567251461989,1.042
28.60317203881027,0.9223245109321059,0.099,0.262,0.088,0.216,0.186,0.135,0.502301495972382,86.4,1.738,0.873,0.5983889528193326,1.04
25.714682925608873,0.9245920090039392,0.095,0.253,0.082,0.20500000000000002,0.189,0.134,0.5036578503095104,81.2,1.7770000000000001,0.895,0.6060776589758019,1.077
27.250689819119224,0.9231246125232486,0.10200000000000001,0.267,0.081,0.2,0.194,0.124,0.49287042777433354,70.9,1.613,0.795,0.5883446993180409,0.9490000000000001
31.994692558586145,0.9157064887810794,0.098,0.254,0.082,0.2,0.17,0.139,0.4960582171012735,87.0,1.649,0.8180000000000001,0.5894481503941783,0.972
24.452974422188753,0.9232922732362822,0.10300000000000001,0.28200000000000003,0.088,0.214,0.20400000000000001,0.137,0.5117581187010078,78.0,1.786,0.914,0.6153415453527435,1.099
24.524708476728257,0.9260115606936417,0.095,0.256,0.082,0.196,0.198,0.128,0.5248554913294797,73.4,1.73,0.908,0.6057803468208093,1.048
26.349918553334774,0.9200226885989791,0.101,0.266,0.08,0.193,0.186,0.14100000000000001,0.5258082813386273,81.9,1.7630000000000001,0.927,0.5967101531480431,1.052
19.770786838926313,0.9259049773755657,0.10300000000000001,0.269,0.084,0.201,0.189,0.131,0.5084841628959276,61.800000000000004,1.768,0.899,0.6170814479638009,1.091
21.762682113810502,0.9269356597600873,0.1,0.266,0.085,0.202,0.186,0.134,0.5179934569247546,73.2,1.834,0.9500000000000001,0.6074154852780806,1.114
21.842949195285893,0.9241652518392756,0.098,0.28400000000000003,0.09,0.218,0.197,0.134,0.5212224108658744,68.2,1.7670000000000001,0.921,0.6129032258064516,1.083
26.762061161014675,0.9251626898047722,0.105,0.292,0.09,0.219,0.20600000000000002,0.138,0.5287418655097614,91.0,1.844,0.975,0.6165943600867679,1.137
23.004264325073695,0.9295320064550834,0.108,0.299,0.08600000000000001,0.20400000000000001,0.20400000000000001,0.131,0.5051102743410436,79.5,1.859,0.9390000000000001,0.5997848305540613,1.115
28.372308098824153,0.9218390804597701,0.105,0.28200000000000003,0.096,0.229,0.203,0.136,0.5045977011494253,85.9,1.74,0.878,0.5994252873563218,1.043
23.901232118847673,0.9248826291079812,0.10400000000000001,0.266,0.09,0.216,0.196,0.128,0.5093896713615024,69.4,1.704,0.868,0.5938967136150235,1.012
32.92245093712608,0.9258439402324294,0.107,0.275,0.09,0.216,0.193,0.134,0.51300498063088,107.5,1.807,0.927,0.6054233536247925,1.094
22.259686860076354,0.9202561117578579,0.099,0.276,0.083,0.202,0.19,0.137,0.5093131548311991,65.7,1.718,0.875,0.6146682188591386,1.056
22.53061224489796,0.9297142857142857,0.101,0.272,0.083,0.197,0.188,0.123,0.5074285714285715,69.0,1.75,0.888,0.6051428571428571,1.059
23.77187691873007,0.9277389277389277,0.096,0.259,0.088,0.20800000000000002,0.189,0.124,0.5052447552447552,70.0,1.716,0.867,0.5996503496503497,1.029
26.87605732707715,0.9214689265536723,0.109,0.28400000000000003,0.089,0.21,0.197,0.139,0.5033898305084745,84.2,1.77,0.891,0.6175141242937853,1.093
27.28403136657347,0.9308310991957105,0.113,0.289,0.094,0.224,0.212,0.129,0.532975871313673,94.9,1.865,0.994,0.6327077747989276,1.18
23.10863872018864,0.9255258669698693,0.10400000000000001,0.272,0.094,0.224,0.197,0.131,0.5162023877202956,71.5,1.7590000000000001,0.908,0.603752131893121,1.062
27.22756529493654,0.9356178608515057,0.117,0.297,0.10200000000000001,0.241,0.21,0.124,0.5160955347871236,101.0,1.926,0.994,0.6214953271028038,1.197
24.079600278635372,0.9255131964809384,0.098,0.265,0.082,0.20400000000000001,0.197,0.127,0.5255131964809384,70.0,1.705,0.896,0.6228739002932552,1.062
26.009147022929977,0.9241998877035373,0.115,0.29,0.092,0.217,0.20400000000000001,0.135,0.5030881527231892,82.5,1.7810000000000001,0.896,0.605277933745087,1.078
25.971893921807286,0.9252548131370328,0.099,0.274,0.091,0.213,0.2,0.132,0.49150622876557193,81.0,1.766,0.868,0.5866364665911665,1.036
24.524432655968706,0.9266813671444322,0.1,0.274,0.084,0.20700000000000002,0.197,0.133,0.5044101433296582,80.7,1.814,0.915,0.5959206174200662,1.081
24.455791453910237,0.9262295081967213,0.095,0.281,0.088,0.209,0.198,0.135,0.5043715846994535,81.9,1.83,0.923,0.6021857923497268,1.102
22.64417786405813,0.932681242807825,0.101,0.275,0.089,0.217,0.203,0.117,0.5103567318757192,68.4,1.738,0.887,0.593210586881473,1.031
25.906854541035997,0.9320128479657388,0.101,0.28300000000000003,0.088,0.212,0.203,0.127,0.5064239828693791,90.4,1.868,0.9460000000000001,0.5952890792291221,1.112
32.56387695598917,0.9232613908872902,0.106,0.264,0.08600000000000001,0.21,0.188,0.128,0.49280575539568344,90.60000000000001,1.668,0.8220000000000001,0.5773381294964028,0.963
31.861519468291235,0.9244468429573665,0.097,0.28500000000000003,0.085,0.20700000000000002,0.20500000000000002,0.14,0.5056664867781975,109.4,1.853,0.937,0.6125202374527793,1.135
31.36090526859157,0.916613621896881,0.098,0.232,0.081,0.193,0.17200000000000001,0.131,0.5117759388924252,77.4,1.571,0.804,0.5951623169955442,0.935
30.45074171472034,0.9257109692396982,0.10400000000000001,0.28500000000000003,0.089,0.212,0.196,0.128,0.5153801508995938,90.4,1.723,0.888,0.5850261172373766,1.008
29.65406677725163,0.9234554401312193,0.106,0.28500000000000003,0.097,0.23600000000000002,0.193,0.14,0.49371241115363584,99.2,1.829,0.903,0.6036085292509568,1.104
27.012782573869707,0.9198113207547169,0.099,0.254,0.081,0.193,0.178,0.136,0.5117924528301887,77.7,1.696,0.868,0.6025943396226415,1.022
21.055956203611096,0.9247249565720903,0.093,0.27,0.085,0.203,0.188,0.13,0.5031847133757962,62.800000000000004,1.727,0.869,0.5906195715112913,1.02
24.825616521118253,0.9221288515406163,0.10200000000000001,0.28600000000000003,0.088,0.21,0.209,0.139,0.5131652661064425,79.10000000000001,1.7850000000000001,0.916,0.6039215686274509,1.078
22.960567479789848,0.9199057714958775,0.099,0.264,0.082,0.197,0.192,0.136,0.5123674911660777,66.2,1.698,0.87,0.6118963486454653,1.039
25.499225181953722,0.9257452574525745,0.105,0.28700000000000003,0.088,0.213,0.20400000000000001,0.137,0.5111111111111111,86.80000000000001,1.845,0.9430000000000001,0.5989159891598916,1.105
24.458723356552138,0.9272009029345373,0.098,0.274,0.089,0.211,0.197,0.129,0.5135440180586908,76.80000000000001,1.772,0.91,0.595372460496614,1.055
29.13748946489137,0.9229871645274212,0.10400000000000001,0.274,0.091,0.217,0.20400000000000001,0.132,0.5186697782963827,85.60000000000001,1.714,0.889,0.5962660443407235,1.022
30.00015286702098,0.9249435665914221,0.1,0.278,0.085,0.20700000000000002,0.197,0.133,0.536117381489842,94.2,1.772,0.9500000000000001,0.6258465011286681,1.109
26.179477190270408,0.9192902117916428,0.099,0.264,0.092,0.224,0.188,0.14100000000000001,0.48941041785918715,79.9,1.747,0.855,0.5821408128219805,1.0170000000000001
28.17597741181923,0.9242685025817556,0.099,0.289,0.08600000000000001,0.211,0.198,0.132,0.5266781411359724,85.60000000000001,1.743,0.918,0.6087205966724039,1.061
28.825595846549074,0.9258210645526613,0.111,0.28,0.093,0.222,0.194,0.131,0.5062287655719139,89.9,1.766,0.894,0.5996602491506229,1.059
37.160493827160494,0.9233333333333333,0.101,0.266,0.08700000000000001,0.20600000000000002,0.19,0.138,0.4866666666666667,120.4,1.8,0.876,0.6016666666666667,1.083
23.376701723340506,0.9232062780269058,0.10400000000000001,0.266,0.09,0.216,0.192,0.137,0.4943946188340807,74.4,1.784,0.882,0.5980941704035875,1.067
25.735407562646948,0.9266779469825155,0.106,0.269,0.093,0.222,0.193,0.13,0.5126903553299492,80.9,1.7730000000000001,0.909,0.6192893401015228,1.098
24.54292984242567,0.918355529820498,0.097,0.265,0.083,0.2,0.192,0.14100000000000001,0.5101331789229878,73.2,1.727,0.881,0.5998841922408802,1.036
26.328604675323973,0.9267015706806283,0.097,0.263,0.084,0.202,0.19,0.126,0.5072716695753345,77.80000000000001,1.719,0.872,0.5997673065735893,1.031
18.59044931851976,0.9305941143808995,0.1,0.275,0.088,0.209,0.19,0.125,0.4975013881177124,60.300000000000004,1.801,0.896,0.5974458634092171,1.076
22.824996902547035,0.9219539584503088,0.099,0.269,0.085,0.198,0.188,0.139,0.5109489051094891,72.4,1.7810000000000001,0.91,0.6030320044918585,1.074
28.285467846750013,0.9194395796847635,0.099,0.273,0.088,0.20700000000000002,0.194,0.138,0.5049620548744892,83.0,1.713,0.865,0.6012842965557501,1.03
25.629282239528525,0.9233847913093196,0.099,0.273,0.08700000000000001,0.20700000000000002,0.19,0.134,0.5002858776443682,78.4,1.749,0.875,0.5957690108633504,1.042
25.294134927232626,0.9172328597899938,0.097,0.252,0.083,0.197,0.171,0.134,0.5120444718962323,66.3,1.619,0.8290000000000001,0.6046942557134033,0.979
27.646778931990376,0.9197828709288299,0.096,0.256,0.084,0.2,0.185,0.133,0.49638118214716526,76.0,1.6580000000000001,0.8230000000000001,0.5597104945717732,0.928
28.225578097192383,0.9281009879253568,0.111,0.289,0.091,0.218,0.21,0.131,0.5367727771679474,93.7,1.822,0.978,0.6262349066959385,1.141
31.10695312238966,0.9219653179190751,0.1,0.269,0.084,0.20800000000000002,0.186,0.135,0.48959537572254336,93.10000000000001,1.73,0.847,0.5919075144508671,1.024
27.402016947930008,0.9235400361228175,0.098,0.246,0.084,0.203,0.168,0.127,0.5105358217941,75.60000000000001,1.661,0.848,0.6014449127031909,0.999
24.12979221149401,0.9289558665231432,0.10400000000000001,0.28200000000000003,0.093,0.222,0.2,0.132,0.5172228202368138,83.30000000000001,1.858,0.961,0.6130247578040904,1.139
24.30001043263327,0.9235127478753541,0.098,0.275,0.089,0.212,0.186,0.135,0.5189801699716714,75.7,1.7650000000000001,0.916,0.6237960339943343,1.101
26.454582101585597,0.9262295081967213,0.115,0.297,0.094,0.222,0.20500000000000002,0.14400000000000002,0.5179303278688525,100.80000000000001,1.952,1.0110000000000001,0.6111680327868853,1.193
32.160493827160494,0.9283333333333333,0.10400000000000001,0.271,0.08700000000000001,0.213,0.19,0.129,0.5105555555555555,104.2,1.8,0.919,0.6077777777777778,1.094
23.720856254353397,0.9268149882903981,0.096,0.262,0.08700000000000001,0.20700000000000002,0.17300000000000001,0.125,0.49063231850117095,69.2,1.708,0.838,0.594847775175644,1.016
29.748274028024177,0.9176672384219554,0.1,0.259,0.091,0.217,0.187,0.14400000000000002,0.5111492281303602,91.0,1.749,0.894,0.6066323613493425,1.061
31.663712980393875,0.9181322013341419,0.097,0.259,0.08600000000000001,0.20600000000000002,0.18,0.135,0.5142510612492419,86.10000000000001,1.649,0.848,0.5858095815645846,0.966
28.72352318951505,0.9255131964809384,0.10200000000000001,0.273,0.093,0.223,0.195,0.127,0.5120234604105571,83.5,1.705,0.873,0.6070381231671554,1.035
29.487708905881405,0.9302832244008714,0.101,0.289,0.088,0.213,0.198,0.128,0.5185185185185185,99.4,1.836,0.9520000000000001,0.6094771241830066,1.119
19.365734659410773,0.9293150684931507,0.096,0.274,0.08,0.188,0.197,0.129,0.5238356164383562,64.5,1.825,0.9560000000000001,0.6126027397260274,1.118
22.434415931143544,0.926799758015729,0.095,0.267,0.088,0.202,0.189,0.121,0.5190562613430127,61.300000000000004,1.653,0.858,0.6188747731397459,1.0230000000000001
23.931855056787455,0.9255813953488372,0.098,0.259,0.088,0.20700000000000002,0.179,0.128,0.5133720930232558,70.8,1.72,0.883,0.6151162790697674,1.058
30.473758974162095,0.9250585480093677,0.096,0.264,0.08700000000000001,0.21,0.187,0.128,0.5076112412177985,88.9,1.708,0.867,0.5954332552693209,1.0170000000000001
28.094938038227262,0.9188405797101449,0.098,0.259,0.084,0.203,0.17500000000000002,0.14,0.5055072463768115,83.60000000000001,1.725,0.872,0.5982608695652174,1.032
35.04369324889189,0.9242506811989101,0.115,0.291,0.096,0.225,0.199,0.139,0.5029972752043597,118.0,1.835,0.923,0.6032697547683924,1.107
28.767736196844996,0.9270833333333334,0.096,0.26,0.085,0.199,0.187,0.126,0.5081018518518519,85.9,1.728,0.878,0.6047453703703703,1.045
29.19321984196388,0.9267734553775744,0.105,0.274,0.093,0.227,0.185,0.128,0.5108695652173914,89.2,1.748,0.893,0.6092677345537757,1.065
23.05077462573185,0.9246537396121883,0.10400000000000001,0.28800000000000003,0.095,0.22,0.20700000000000002,0.136,0.5301939058171745,75.10000000000001,1.805,0.9570000000000001,0.6116343490304709,1.104
25.845244126269634,0.9262247838616715,0.099,0.265,0.09,0.215,0.191,0.128,0.5175792507204611,77.80000000000001,1.735,0.898,0.5913544668587897,1.026
29.19919366655083,0.919383521043272,0.10400000000000001,0.269,0.08700000000000001,0.20700000000000002,0.187,0.136,0.4997036158861885,83.10000000000001,1.687,0.843,0.5927682276229994,1.0
25.61471905885572,0.9210526315789473,0.1,0.279,0.084,0.203,0.191,0.135,0.5175438596491229,74.9,1.71,0.885,0.6140350877192983,1.05
19.75047934099861,0.9300111982082867,0.1,0.28,0.08600000000000001,0.20500000000000002,0.2,0.125,0.5223964165733482,63.0,1.786,0.933,0.6091825307950728,1.088
28.701882354245804,0.9257567104511708,0.10400000000000001,0.265,0.089,0.215,0.192,0.13,0.5002855511136494,88.0,1.7510000000000001,0.876,0.5979440319817247,1.047
23.575510204081635,0.9188571428571428,0.099,0.269,0.085,0.20500000000000002,0.191,0.14200000000000002,0.5205714285714286,72.2,1.75,0.911,0.6011428571428571,1.052
20.09341984181528,0.9203640500568828,0.1,0.253,0.08600000000000001,0.20700000000000002,0.19,0.14,0.512514220705347,62.1,1.758,0.901,0.5915813424345847,1.04
23.53882729562413,0.9243697478991597,0.1,0.266,0.088,0.214,0.192,0.135,0.5215686274509804,75.0,1.7850000000000001,0.931,0.6078431372549019,1.085
31.175910962370445,0.9319342030629608,0.107,0.276,0.094,0.227,0.194,0.12,0.5031196823596142,96.9,1.7630000000000001,0.887,0.5921724333522405,1.044
29.274004683840754,0.9238875878220141,0.098,0.253,0.08700000000000001,0.20700000000000002,0.178,0.13,0.5035128805620609,85.4,1.708,0.86,0.6129976580796253,1.047
29.181167433302367,0.9239931934203063,0.10400000000000001,0.261,0.088,0.212,0.191,0.134,0.5053885422575156,90.7,1.7630000000000001,0.891,0.6018150879183211,1.061
28.016326530612247,0.924,0.10200000000000001,0.261,0.091,0.217,0.187,0.133,0.5017142857142857,85.80000000000001,1.75,0.878,0.5925714285714285,1.037
29.615950206901275,0.9263157894736842,0.1,0.249,0.08700000000000001,0.20600000000000002,0.18,0.126,0.48830409356725146,86.60000000000001,1.71,0.835,0.5742690058479533,0.982
28.5159786379329,0.9223516361619523,0.10300000000000001,0.28,0.09,0.22,0.192,0.14,0.526344980587909,92.7,1.803,0.9490000000000001,0.603438713255685,1.088
30.581810544003357,0.9223188405797101,0.1,0.249,0.084,0.20600000000000002,0.192,0.134,0.5147826086956522,91.0,1.725,0.888,0.6075362318840579,1.048
28.532580299374015,0.9284534947716016,0.099,0.272,0.08700000000000001,0.209,0.194,0.13,0.5162355531095212,94.2,1.817,0.9380000000000001,0.5993395707209687,1.089
24.79175431640948,0.9245502031340684,0.098,0.26,0.08600000000000001,0.20700000000000002,0.19,0.13,0.5177016831108532,73.60000000000001,1.723,0.892,0.5896691816598956,1.016
26.080786214307306,0.9217772215269087,0.1,0.244,0.084,0.201,0.171,0.125,0.49937421777221525,66.60000000000001,1.598,0.798,0.5894868585732165,0.9420000000000001
26.59349836453377,0.9271986022131625,0.1,0.281,0.094,0.221,0.197,0.125,0.5346534653465347,78.4,1.717,0.918,0.6220151426907397,1.068
40.03753187176456,0.9228554979850316,0.115,0.271,0.096,0.226,0.196,0.134,0.49280368451352907,120.80000000000001,1.737,0.856,0.590097869890616,1.025
30.359241912407356,0.9217199558985667,0.105,0.271,0.08700000000000001,0.20700000000000002,0.197,0.14200000000000002,0.5044101433296582,99.9,1.814,0.915,0.5837927232635061,1.059
27.145278899171156,0.926786751888437,0.099,0.264,0.085,0.198,0.185,0.126,0.5031958163858222,80.4,1.721,0.866,0.5950029052876235,1.024
28.773504413147588,0.9235423542354235,0.1,0.276,0.099,0.233,0.209,0.139,0.5082508250825083,95.10000000000001,1.818,0.924,0.592959295929593,1.078
29.23369515567773,0.9244956772334294,0.098,0.271,0.088,0.213,0.197,0.131,0.5123919308357349,88.0,1.735,0.889,0.5942363112391931,1.031
24.43827479338843,0.9261363636363636,0.1,0.256,0.09,0.21,0.189,0.13,0.4960227272727273,75.7,1.76,0.873,0.6005681818181818,1.057
25.47553555392493,0.9263803680981595,0.1,0.27,0.085,0.202,0.193,0.132,0.5147796988287786,81.9,1.793,0.923,0.6157278304517568,1.104
32.7793223178623,0.9291521486643438,0.10400000000000001,0.281,0.088,0.211,0.185,0.122,0.48548199767711964,97.2,1.722,0.836,0.60801393728223,1.047
27.611395178962745,0.9275675675675675,0.10400000000000001,0.27,0.088,0.20500000000000002,0.189,0.134,0.5037837837837837,94.5,1.85,0.932,0.5897297297297297,1.091
30.86335149600959,0.9261198371146016,0.10400000000000001,0.264,0.08700000000000001,0.212,0.181,0.127,0.48458406050029085,91.2,1.719,0.833,0.5747527632344386,0.988
25.135420795349454,0.9235632183908046,0.099,0.263,0.093,0.221,0.194,0.133,0.5160919540229885,76.10000000000001,1.74,0.898,0.6051724137931035,1.053
30.10318182622187,0.9202772963604853,0.101,0.266,0.08600000000000001,0.20500000000000002,0.192,0.138,0.49566724436741766,90.2,1.731,0.858,0.5788561525129983,1.002
23.961350606726157,0.9267100977198697,0.098,0.274,0.088,0.212,0.202,0.135,0.5222584147665581,81.30000000000001,1.842,0.962,0.6134636264929425,1.1300000000000001
32.901234567901234,0.9227777777777778,0.098,0.265,0.091,0.213,0.188,0.139,0.505,106.60000000000001,1.8,0.909,0.6061111111111112,1.091
26.74327143394549,0.9198830409356725,0.10200000000000001,0.274,0.082,0.20700000000000002,0.187,0.137,0.5263157894736842,78.2,1.71,0.9,0.6070175438596491,1.038
31.315281826769894,0.9223516361619523,0.109,0.266,0.091,0.216,0.194,0.14,0.480865224625624,101.80000000000001,1.803,0.867,0.5795895729339989,1.045
25.246913580246915,0.9266666666666666,0.10400000000000001,0.289,0.091,0.214,0.203,0.132,0.5033333333333333,81.80000000000001,1.8,0.906,0.6005555555555555,1.081
27.84777165221783,0.9329128440366973,0.098,0.277,0.084,0.201,0.197,0.117,0.536697247706422,84.7,1.744,0.936,0.6571100917431193,1.1460000000000001
33.38620867210923,0.9193083573487032,0.10400000000000001,0.269,0.093,0.223,0.186,0.14,0.5031700288184437,100.5,1.735,0.873,0.6,1.041
31.78217971465444,0.9232121922626025,0.10300000000000001,0.261,0.09,0.217,0.19,0.131,0.4906213364595545,92.5,1.706,0.837,0.5890973036342321,1.0050000000000001
22.874458576323214,0.920569057498518,0.092,0.252,0.089,0.215,0.177,0.134,0.5299347954949615,65.10000000000001,1.687,0.894,0.6123295791345584,1.033
26.670284227710706,0.922906267332224,0.115,0.28500000000000003,0.099,0.23600000000000002,0.203,0.139,0.5036051026067665,86.7,1.803,0.908,0.6084303937881309,1.097
24.092642462684886,0.9256721138639958,0.115,0.28400000000000003,0.088,0.212,0.20400000000000001,0.14100000000000001,0.5303110173958883,86.7,1.897,1.006,0.6294148655772273,1.194
29.240289920353803,0.9236425339366516,0.1,0.275,0.093,0.215,0.189,0.135,0.49264705882352944,91.4,1.768,0.871,0.5950226244343891,1.052
28.25103037480433,0.9261501210653753,0.097,0.247,0.08700000000000001,0.203,0.176,0.122,0.48365617433414043,77.10000000000001,1.6520000000000001,0.799,0.5750605326876513,0.9500000000000001
20.75841099757731,0.9233847913093196,0.1,0.27,0.093,0.217,0.191,0.134,0.5197255574614065,63.5,1.749,0.909,0.6220697541452258,1.088
27.77084214441857,0.9255079006772009,0.10300000000000001,0.269,0.084,0.201,0.186,0.132,0.5016930022573364,87.2,1.772,0.889,0.5716704288939052,1.0130000000000001
27.96420581655481,0.9278523489932886,0.10300000000000001,0.272,0.092,0.218,0.198,0.129,0.5184563758389261,89.4,1.788,0.927,0.5950782997762863,1.064
25.774661008146403,0.9307146753955264,0.107,0.28600000000000003,0.094,0.22,0.198,0.127,0.49972722313147844,86.60000000000001,1.833,0.916,0.6001091107474086,1.1
26.76265495867769,0.9272727272727272,0.097,0.272,0.091,0.221,0.189,0.128,0.4960227272727273,82.9,1.76,0.873,0.5988636363636364,1.054
21.974887084558784,0.9223826714801444,0.091,0.257,0.084,0.2,0.177,0.129,0.5186522262334536,60.7,1.6620000000000001,0.862,0.6095066185318893,1.0130000000000001
28.53418320276657,0.9246972090573986,0.107,0.28800000000000003,0.088,0.214,0.209,0.14300000000000002,0.5260663507109005,102.9,1.899,0.999,0.6155871511321749,1.169
23.564013840830455,0.9247058823529412,0.098,0.275,0.08600000000000001,0.20600000000000002,0.193,0.128,0.49823529411764705,68.10000000000001,1.7,0.847,0.5964705882352941,1.014
24.040483200191243,0.9271970878835153,0.105,0.298,0.092,0.217,0.20800000000000002,0.14,0.5247009880395216,88.9,1.923,1.0090000000000001,0.608944357774311,1.171
22.54745988378611,0.9259259259259259,0.10300000000000001,0.28400000000000003,0.091,0.212,0.198,0.132,0.5,71.60000000000001,1.782,0.891,0.5909090909090909,1.053
25.95808723253388,0.924985899605189,0.094,0.269,0.089,0.214,0.194,0.133,0.49971799210377893,81.60000000000001,1.7730000000000001,0.886,0.5820642978003384,1.032
27.963490108981773,0.925238898257448,0.10300000000000001,0.278,0.088,0.20700000000000002,0.197,0.133,0.5059021922428331,88.5,1.7790000000000001,0.9,0.5952782462057336,1.059
29.239132055168792,0.9214202561117578,0.099,0.255,0.084,0.198,0.191,0.135,0.4947613504074505,86.30000000000001,1.718,0.85,0.5908032596041909,1.0150000000000001
30.971193502230456,0.9243119266055045,0.107,0.265,0.091,0.215,0.183,0.132,0.5005733944954128,94.2,1.744,0.873,0.5980504587155964,1.043
30.892054840814016,0.9261783077796707,0.10400000000000001,0.268,0.08700000000000001,0.212,0.188,0.13,0.5025553662691652,95.80000000000001,1.7610000000000001,0.885,0.5934128336172629,1.045
21.077239144715985,0.924506387921022,0.097,0.267,0.08700000000000001,0.203,0.194,0.13,0.5127758420441347,62.5,1.722,0.883,0.5975609756097561,1.029
23.46079555193041,0.9277839029768468,0.105,0.278,0.09,0.213,0.192,0.131,0.49228224917309815,77.2,1.814,0.893,0.5909592061742006,1.072
22.634676324128563,0.9288913773796192,0.099,0.273,0.088,0.20600000000000002,0.189,0.127,0.5139977603583427,72.2,1.786,0.918,0.6080627099664053,1.086
35.42516189298985,0.9246534056660639,0.099,0.254,0.091,0.212,0.179,0.125,0.4984930681133213,97.5,1.659,0.8270000000000001,0.5635925256178421,0.935
30.025403746036325,0.9205143191116306,0.111,0.281,0.083,0.202,0.195,0.136,0.5143191116306254,87.9,1.711,0.88,0.609000584453536,1.042
39.48228439852556,0.9222829386763813,0.10400000000000001,0.27,0.092,0.215,0.186,0.128,0.49544626593806923,107.10000000000001,1.647,0.8160000000000001,0.5883424408014571,0.969
29.821141547826684,0.9228070175438596,0.101,0.263,0.082,0.198,0.191,0.132,0.5187134502923977,87.2,1.71,0.887,0.6017543859649123,1.029
22.774533651522013,0.9285318559556787,0.10400000000000001,0.297,0.092,0.216,0.211,0.129,0.5102493074792244,74.2,1.805,0.921,0.6022160664819944,1.087
23.242979384659133,0.9174147217235189,0.1,0.249,0.084,0.2,0.188,0.138,0.5170556552962298,64.9,1.671,0.864,0.6050269299820467,1.0110000000000001
21.72595071796959,0.9285302593659942,0.095,0.258,0.084,0.197,0.185,0.124,0.4829971181556196,65.4,1.735,0.838,0.5809798270893372,1.008
28.182558264446232,0.9300341296928327,0.109,0.28300000000000003,0.09,0.217,0.2,0.123,0.5108077360637088,87.10000000000001,1.758,0.898,0.6103526734926052,1.073
28.945285421408943,0.9235033259423503,0.107,0.272,0.094,0.222,0.192,0.138,0.48281596452328157,94.2,1.804,0.871,0.5964523281596452,1.076
27.933883801050673,0.9295205083766609,0.094,0.265,0.091,0.215,0.184,0.122,0.5181975736568457,83.7,1.731,0.897,0.6036972848064702,1.045
23.53988715388861,0.9291736930860034,0.107,0.28200000000000003,0.08600000000000001,0.203,0.188,0.126,0.5216413715570545,74.5,1.7790000000000001,0.928,0.6053962900505903,1.077
31.691849101315952,0.9292656587473002,0.112,0.296,0.09,0.222,0.203,0.131,0.4951403887688985,108.7,1.852,0.917,0.6150107991360692,1.139
34.244906532241124,0.9223188405797101,0.098,0.257,0.089,0.212,0.187,0.134,0.4834782608695652,101.9,1.725,0.834,0.6052173913043478,1.044
28.984357404639546,0.9264705882352942,0.096,0.262,0.08600000000000001,0.20400000000000001,0.182,0.13,0.49377828054298645,90.60000000000001,1.768,0.873,0.5769230769230769,1.02
28.452268494916083,0.9262726740784084,0.098,0.255,0.082,0.202,0.176,0.126,0.5207723815096548,83.10000000000001,1.709,0.89,0.5851375073142189,1.0
28.471396485665213,0.921264367816092,0.10400000000000001,0.264,0.08700000000000001,0.212,0.19,0.137,0.503448275862069,86.2,1.74,0.876,0.5850574712643678,1.018
30.081022968373986,0.9291938997821351,0.11,0.28,0.094,0.224,0.202,0.13,0.5076252723311547,101.4,1.836,0.932,0.5964052287581699,1.095
30.340670686095617,0.9198626216370922,0.1,0.28,0.08700000000000001,0.21,0.21,0.14,0.5306239267315398,92.60000000000001,1.747,0.927,0.6199198626216371,1.083
27.15395925225793,0.9211594202898551,0.105,0.276,0.08700000000000001,0.20500000000000002,0.202,0.136,0.5344927536231884,80.80000000000001,1.725,0.922,0.6179710144927536,1.066
31.92092018948941,0.9277936962750717,0.105,0.269,0.085,0.201,0.199,0.126,0.49570200573065903,97.2,1.745,0.865,0.5931232091690545,1.035
27.308660196648905,0.918778801843318,0.091,0.258,0.084,0.201,0.18,0.14100000000000001,0.4861751152073733,82.30000000000001,1.736,0.844,0.5858294930875576,1.0170000000000001
19.78607618690186,0.9304109589041096,0.10300000000000001,0.274,0.09,0.216,0.197,0.127,0.5172602739726028,65.9,1.825,0.9440000000000001,0.6027397260273972,1.1
28.93331628530491,0.9225028702640643,0.1,0.268,0.088,0.213,0.19,0.135,0.5028702640642939,87.80000000000001,1.742,0.876,0.5993111366245695,1.044
28.55499589560817,0.928053541550474,0.105,0.28,0.09,0.217,0.196,0.129,0.5158951477969883,91.80000000000001,1.793,0.925,0.6118237590630229,1.097
36.50054767204159,0.9187178019461935,0.11,0.277,0.09,0.212,0.20600000000000002,0.14200000000000002,0.5037206639954207,111.4,1.747,0.88,0.607899255867201,1.062
24.357737482180173,0.9196787148594378,0.1,0.264,0.084,0.203,0.187,0.14,0.504302925989673,74.0,1.743,0.879,0.612736660929432,1.068
28.27582425964417,0.9295851528384279,0.10300000000000001,0.28700000000000003,0.093,0.22,0.20600000000000002,0.129,0.517467248908297,94.9,1.832,0.9480000000000001,0.615174672489083,1.127
23.92652841840848,0.9268149882903981,0.097,0.275,0.08600000000000001,0.20700000000000002,0.196,0.125,0.5023419203747073,69.8,1.708,0.858,0.6071428571428571,1.037
29.810261381791847,0.9273029966703663,0.106,0.28,0.085,0.20600000000000002,0.198,0.131,0.5183129855715871,96.80000000000001,1.802,0.934,0.6204217536071032,1.118
28.60336845965192,0.9248719408081958,0.10200000000000001,0.268,0.09,0.215,0.19,0.132,0.5054069436539556,88.30000000000001,1.7570000000000001,0.888,0.5998861696072851,1.054
28.35428769091863,0.92423428264374,0.109,0.296,0.1,0.234,0.216,0.14100000000000001,0.5147770016120365,98.2,1.861,0.9580000000000001,0.6131112305212252,1.141
24.47530864197531,0.93,0.101,0.265,0.092,0.218,0.192,0.126,0.49777777777777776,79.30000000000001,1.8,0.896,0.6094444444444445,1.097
31.467841100428352,0.9238875878220141,0.11,0.277,0.091,0.215,0.195,0.13,0.5169789227166276,91.80000000000001,1.708,0.883,0.5790398126463701,0.989
28.597974754978907,0.9160090191657272,0.099,0.28700000000000003,0.094,0.226,0.201,0.149,0.5028184892897407,90.0,1.774,0.892,0.5958286358511837,1.057
33.98760883866463,0.926291352292513,0.101,0.267,0.095,0.224,0.199,0.127,0.5055136390017412,100.9,1.723,0.871,0.6076610562971562,1.047
18.703704590397848,0.9272428884026258,0.105,0.28600000000000003,0.092,0.212,0.209,0.133,0.5038293216630197,62.5,1.828,0.921,0.6033916849015317,1.103
35.516925757694416,0.9247787610619469,0.111,0.278,0.092,0.227,0.19,0.136,0.5121681415929203,116.10000000000001,1.808,0.926,0.6167035398230089,1.115
24.113068047219244,0.9245395127748068,0.10200000000000001,0.27,0.084,0.20800000000000002,0.193,0.127,0.49970291146761736,68.3,1.683,0.841,0.6072489601901366,1.022
21.634564335619785,0.929147465437788,0.111,0.28800000000000003,0.095,0.223,0.20700000000000002,0.123,0.5374423963133641,65.2,1.736,0.933,0.6278801843317973,1.09
27.24865476628883,0.9239256678281068,0.097,0.261,0.084,0.201,0.194,0.131,0.4889663182346109,80.80000000000001,1.722,0.842,0.5987224157955865,1.031
33.34278152964686,0.9244747302668939,0.109,0.267,0.098,0.229,0.188,0.133,0.4951731970471323,103.4,1.7610000000000001,0.872,0.5922771152754117,1.043
32.729633172835555,0.9283351708930541,0.10200000000000001,0.274,0.09,0.217,0.203,0.13,0.5132304299889746,107.7,1.814,0.931,0.5694597574421169,1.033
22.37248518240254,0.9322314049586777,0.10300000000000001,0.29,0.09,0.215,0.20700000000000002,0.123,0.5184573002754821,73.7,1.815,0.9410000000000001,0.6225895316804407,1.1300000000000001
29.598765432098766,0.9272222222222222,0.10200000000000001,0.277,0.089,0.215,0.2,0.131,0.5066666666666667,95.9,1.8,0.912,0.5855555555555556,1.054
26.116943660902663,0.9286498353457738,0.099,0.27,0.08700000000000001,0.20800000000000002,0.2,0.13,0.5246981339187706,86.7,1.822,0.9560000000000001,0.6026344676180022,1.098
28.365517473304976,0.9201934703748489,0.097,0.258,0.089,0.21,0.179,0.132,0.4957678355501814,77.60000000000001,1.6540000000000001,0.8200000000000001,0.5846432889963724,0.967
35.278791889759674,0.9161011721159777,0.10400000000000001,0.256,0.08700000000000001,0.21,0.186,0.136,0.4935225169648365,92.7,1.621,0.8,0.594694632942628,0.964
26.590542324808066,0.9277389277389277,0.101,0.274,0.08700000000000001,0.20500000000000002,0.189,0.124,0.5,78.30000000000001,1.716,0.858,0.5967365967365967,1.024
31.893607070760886,0.9263990267639902,0.095,0.264,0.084,0.203,0.188,0.121,0.5145985401459854,86.2,1.6440000000000001,0.846,0.6070559610705596,0.998
33.932765053776365,0.9239001189060642,0.10300000000000001,0.263,0.08700000000000001,0.21,0.198,0.128,0.5184304399524375,96.0,1.682,0.872,0.6242568370986921,1.05
22.342056518432564,0.9212598425196851,0.101,0.257,0.091,0.214,0.187,0.13,0.5239248940036342,60.900000000000006,1.651,0.865,0.6081162931556632,1.004
31.133593422821754,0.9248826291079812,0.105,0.272,0.094,0.225,0.185,0.128,0.5046948356807511,90.4,1.704,0.86,0.6032863849765259,1.028
25.23049930623982,0.9232062780269058,0.10400000000000001,0.279,0.092,0.22,0.198,0.137,0.500560538116592,80.30000000000001,1.784,0.893,0.5992152466367713,1.069
27.885187388459247,0.9152439024390244,0.106,0.254,0.081,0.196,0.181,0.139,0.5018292682926829,75.0,1.6400000000000001,0.8230000000000001,0.5878048780487805,0.964
24.847824622088453,0.9283175355450237,0.10200000000000001,0.28,0.091,0.209,0.20500000000000002,0.121,0.5266587677725119,70.8,1.688,0.889,0.6001184834123223,1.0130000000000001
24.92221506661184,0.9298050139275766,0.097,0.26,0.089,0.209,0.193,0.126,0.516991643454039,80.30000000000001,1.795,0.928,0.6011142061281337,1.079
20.136484560106524,0.9255029907558455,0.097,0.277,0.093,0.22,0.196,0.137,0.5209352909189777,68.10000000000001,1.839,0.9580000000000001,0.6079390973355084,1.118
28.726787729557817,0.9192982456140351,0.101,0.26,0.08600000000000001,0.197,0.186,0.138,0.5046783625730994,84.0,1.71,0.863,0.5906432748538012,1.01
31.040128303651976,0.9242774566473988,0.10300000000000001,0.273,0.088,0.213,0.186,0.131,0.5098265895953757,92.9,1.73,0.882,0.5942196531791908,1.028
35.00192600341547,0.9191132414619533,0.101,0.272,0.091,0.214,0.187,0.135,0.4787297783103655,97.5,1.669,0.799,0.5686039544637508,0.9490000000000001
34.89187926150141,0.9236812570145904,0.108,0.28400000000000003,0.088,0.216,0.199,0.136,0.5095398428731762,110.80000000000001,1.782,0.908,0.6083052749719416,1.084
26.305202748745906,0.9300859598853868,0.101,0.274,0.091,0.216,0.194,0.122,0.5151862464183381,80.10000000000001,1.745,0.899,0.6263610315186247,1.093
31.61709002290961,0.9226586102719033,0.1,0.251,0.091,0.213,0.181,0.128,0.5051359516616314,86.60000000000001,1.655,0.836,0.5969788519637462,0.988
30.115580460125468,0.9284525790349417,0.111,0.301,0.1,0.234,0.211,0.129,0.502495840266223,97.9,1.803,0.906,0.6006655574043261,1.083
38.66820586501009,0.9227665706051873,0.10300000000000001,0.28600000000000003,0.089,0.218,0.20400000000000001,0.134,0.5048991354466859,116.4,1.735,0.876,0.5838616714697407,1.0130000000000001
32.68169534036631,0.9282822440717178,0.106,0.269,0.088,0.214,0.196,0.124,0.5066512434933488,97.7,1.729,0.876,0.5910931174089069,1.022
26.252679892102485,0.9263521288837745,0.097,0.273,0.08700000000000001,0.212,0.196,0.128,0.5138089758342923,79.30000000000001,1.738,0.893,0.6070195627157653,1.055
26.985229137735132,0.9230337078651686,0.1,0.269,0.08700000000000001,0.20800000000000002,0.19,0.137,0.5264044943820225,85.5,1.78,0.937,0.6179775280898876,1.1
24.26654515594667,0.9302832244008714,0.10400000000000001,0.277,0.093,0.22,0.20400000000000001,0.128,0.5245098039215687,81.80000000000001,1.836,0.963,0.6138344226579521,1.127
31.05941960365348,0.9227642276422764,0.099,0.262,0.085,0.213,0.191,0.133,0.5098722415795587,92.10000000000001,1.722,0.878,0.6016260162601627,1.036
31.347540001798357,0.9292081803880441,0.112,0.28300000000000003,0.09,0.225,0.215,0.135,0.5060304142632407,114.0,1.907,0.965,0.605138961719979,1.154
32.83300841559888,0.9170225747406956,0.10400000000000001,0.271,0.094,0.225,0.19,0.136,0.5155582672361196,88.2,1.639,0.845,0.6052471018913972,0.992
27.58702165738302,0.9260089686098655,0.105,0.274,0.098,0.229,0.197,0.132,0.5218609865470852,87.80000000000001,1.784,0.931,0.6048206278026906,1.079
31.832182482174524,0.9221484610742305,0.1,0.244,0.083,0.195,0.178,0.129,0.508147254073627,87.4,1.657,0.842,0.5944477972238986,0.985
24.16024231340574,0.9213998852553069,0.101,0.263,0.084,0.201,0.194,0.137,0.4985656913367757,73.4,1.743,0.869,0.5823293172690763,1.0150000000000001
32.14110944417758,0.9307997731140102,0.10400000000000001,0.268,0.09,0.218,0.188,0.122,0.504254112308565,99.9,1.7630000000000001,0.889,0.5813953488372093,1.025
31.656409334920603,0.9265402843601895,0.10300000000000001,0.26,0.092,0.22,0.186,0.124,0.48578199052132703,90.2,1.688,0.8200000000000001,0.5829383886255924,0.984
28.76711390505091,0.9206167904054826,0.108,0.274,0.091,0.221,0.187,0.139,0.5088520845231297,88.2,1.7510000000000001,0.891,0.6042261564820103,1.058
26.21705889263059,0.9203539823008849,0.098,0.267,0.08700000000000001,0.20800000000000002,0.199,0.14400000000000002,0.5154867256637168,85.7,1.808,0.932,0.6128318584070797,1.108
26.080715882369315,0.9251925192519251,0.099,0.266,0.084,0.20500000000000002,0.194,0.136,0.5121012101210121,86.2,1.818,0.931,0.6012101210121013,1.093
30.155258345584283,0.9209580838323354,0.097,0.255,0.084,0.20400000000000001,0.188,0.132,0.48862275449101794,84.10000000000001,1.67,0.8160000000000001,0.5730538922155689,0.9570000000000001
30.25018634282224,0.9234020073956682,0.106,0.294,0.094,0.222,0.213,0.145,0.5219228737453777,108.4,1.893,0.988,0.6080295826730058,1.151
25.129311247460894,0.9223085460599334,0.106,0.292,0.093,0.217,0.203,0.14,0.5055493895671476,81.60000000000001,1.802,0.911,0.6048834628190899,1.09
31.738215971962028,0.9222156747200942,0.1,0.256,0.08600000000000001,0.20500000000000002,0.17400000000000002,0.132,0.5085444902769594,91.4,1.697,0.863,0.5969357690041249,1.0130000000000001
31.36293184733739,0.9303135888501742,0.098,0.261,0.09,0.223,0.192,0.12,0.5058072009291521,93.0,1.722,0.871,0.5923344947735192,1.02
29.45788622425103,0.9283667621776505,0.098,0.268,0.084,0.20500000000000002,0.185,0.125,0.5191977077363897,89.7,1.745,0.906,0.597134670487106,1.042
32.8489506901123,0.924812030075188,0.099,0.27,0.08700000000000001,0.20700000000000002,0.193,0.13,0.496818970503181,98.2,1.729,0.859,0.5858877964141121,1.0130000000000001
27.38142423041353,0.9270114942528735,0.099,0.245,0.085,0.20800000000000002,0.182,0.127,0.4959770114942529,82.9,1.74,0.863,0.5913793103448276,1.029
27.51334986275442,0.9169653524492234,0.101,0.249,0.08700000000000001,0.20800000000000002,0.17500000000000002,0.139,0.5005973715651135,77.10000000000001,1.674,0.838,0.5985663082437276,1.002
29.757157865182613,0.9282433983926521,0.10200000000000001,0.253,0.09,0.212,0.19,0.125,0.49483352468427094,90.30000000000001,1.742,0.862,0.5912743972445464,1.03
27.868129278984988,0.9251547552054024,0.1,0.265,0.092,0.218,0.194,0.133,0.5042205965109735,88.0,1.7770000000000001,0.896,0.6150815981992122,1.093
32.91882338088625,0.9213483146067416,0.107,0.27,0.088,0.212,0.19,0.14,0.5117977528089888,104.30000000000001,1.78,0.911,0.5915730337078652,1.053
24.726562499999996,0.92125,0.094,0.252,0.083,0.193,0.177,0.126,0.52,63.300000000000004,1.6,0.8320000000000001,0.616875,0.987
33.39225883015901,0.9256004686584651,0.10300000000000001,0.269,0.09,0.217,0.186,0.127,0.5096660808435852,97.30000000000001,1.707,0.87,0.6121851200937317,1.045
25.12641233609114,0.9236384053902302,0.1,0.27,0.085,0.20700000000000002,0.194,0.136,0.5047725996631106,79.7,1.7810000000000001,0.899,0.5974171813587872,1.064
23.112295259571937,0.9280453257790369,0.101,0.279,0.084,0.201,0.202,0.127,0.5257790368271955,72.0,1.7650000000000001,0.928,0.6039660056657223,1.066
20.705976392044885,0.92152466367713,0.097,0.275,0.091,0.214,0.188,0.14,0.507847533632287,65.9,1.784,0.906,0.6059417040358744,1.081
38.14780914715326,0.9236725663716814,0.108,0.28800000000000003,0.094,0.232,0.20400000000000001,0.138,0.5105088495575221,124.7,1.808,0.923,0.6128318584070797,1.108
28.341579202458988,0.9265569917743831,0.1,0.252,0.09,0.211,0.18,0.125,0.5111633372502937,82.10000000000001,1.702,0.87,0.5987074030552292,1.0190000000000001
24.036261503124553,0.9251547552054024,0.1,0.273,0.089,0.216,0.193,0.133,0.5154755205402364,75.9,1.7770000000000001,0.916,0.6032639279684862,1.072
25.92110339506173,0.9247685185185185,0.10400000000000001,0.262,0.088,0.215,0.195,0.13,0.5052083333333334,77.4,1.728,0.873,0.5954861111111112,1.029
25.42220542716522,0.9209621993127147,0.097,0.25,0.084,0.20600000000000002,0.18,0.138,0.490836197021764,77.5,1.746,0.857,0.5962199312714777,1.041
26.627418643059958,0.9213744903902155,0.105,0.269,0.08600000000000001,0.20800000000000002,0.191,0.135,0.49213744903902157,78.5,1.717,0.845,0.5894001164822364,1.012
23.010064840712595,0.9336650082918739,0.106,0.28300000000000003,0.094,0.218,0.202,0.12,0.5317855168601437,75.3,1.809,0.962,0.6196793808734107,1.121
28.73559430613426,0.9282433983926521,0.095,0.277,0.08700000000000001,0.21,0.193,0.125,0.521239954075775,87.2,1.742,0.908,0.6182548794489093,1.077
24.24136157231901,0.9331963001027749,0.10400000000000001,0.293,0.08700000000000001,0.212,0.20500000000000002,0.13,0.5220966084275437,91.80000000000001,1.946,1.016,0.6125385405960946,1.192
28.18340129186448,0.9272523782876329,0.11,0.276,0.095,0.217,0.199,0.13,0.49580302182428654,90.0,1.7870000000000001,0.886,0.5920537213206492,1.058
24.770125727153314,0.9293150684931507,0.105,0.266,0.089,0.214,0.19,0.129,0.5057534246575343,82.5,1.825,0.923,0.5857534246575342,1.069
23.91454028591101,0.9315926892950391,0.10300000000000001,0.292,0.08700000000000001,0.212,0.197,0.131,0.5127937336814622,87.7,1.915,0.982,0.6219321148825065,1.191
25.652031387348362,0.9300928454396504,0.109,0.294,0.091,0.22,0.213,0.128,0.5352266521026762,86.0,1.831,0.98,0.6171490988530858,1.1300000000000001
28.82946197789906,0.9260289210233593,0.10300000000000001,0.281,0.09,0.21,0.197,0.133,0.5,93.2,1.798,0.899,0.6017797552836485,1.082
22.31159628459255,0.9333333333333333,0.10400000000000001,0.27,0.093,0.218,0.194,0.11800000000000001,0.5508474576271186,69.9,1.77,0.975,0.6508474576271186,1.1520000000000001
24.073607301861387,0.9301788805539527,0.10400000000000001,0.279,0.08700000000000001,0.209,0.187,0.121,0.5204847085978073,72.3,1.733,0.902,0.6058857472590883,1.05
24.188815696342406,0.9243845252051582,0.105,0.257,0.084,0.197,0.184,0.129,0.5123094958968347,70.4,1.706,0.874,0.6137162954279015,1.047
25.776021463388197,0.9289678135405105,0.109,0.295,0.098,0.231,0.215,0.128,0.516093229744728,83.7,1.802,0.93,0.6154273029966704,1.109
27.283500277468047,0.9214997070884593,0.101,0.26,0.089,0.218,0.188,0.134,0.479203280609256,79.5,1.707,0.8180000000000001,0.5805506736965437,0.991
40.54821720571684,0.9233870967741935,0.106,0.28300000000000003,0.092,0.217,0.197,0.133,0.49539170506912444,122.2,1.736,0.86,0.576036866359447,1.0
30.500703175862228,0.9272523782876329,0.10400000000000001,0.273,0.083,0.196,0.18,0.13,0.502518186905428,97.4,1.7870000000000001,0.898,0.5791829882484612,1.035
26.289805128741254,0.9218846869187849,0.092,0.243,0.085,0.2,0.17200000000000001,0.126,0.49969001859888407,68.4,1.613,0.806,0.6038437693738375,0.974
21.7663221326225,0.9285714285714286,0.101,0.254,0.082,0.192,0.181,0.117,0.5231990231990232,58.400000000000006,1.6380000000000001,0.857,0.6196581196581197,1.0150000000000001
30.364874570318065,0.9291736930860034,0.10400000000000001,0.281,0.089,0.215,0.197,0.126,0.5188308038223721,96.10000000000001,1.7790000000000001,0.923,0.6014614952220348,1.07
21.25825912094226,0.9265536723163842,0.106,0.28400000000000003,0.094,0.222,0.214,0.13,0.5231638418079096,66.60000000000001,1.77,0.926,0.6141242937853107,1.087
31.196412346063337,0.9256055363321799,0.10300000000000001,0.258,0.08700000000000001,0.212,0.177,0.129,0.4936562860438293,93.80000000000001,1.734,0.856,0.5922722029988466,1.027
26.476111450781733,0.9240654205607477,0.1,0.27,0.08700000000000001,0.209,0.193,0.13,0.5116822429906542,77.60000000000001,1.712,0.876,0.594626168224299,1.018
27.35129512774388,0.9279031370390755,0.108,0.28800000000000003,0.095,0.223,0.202,0.131,0.49862410566868465,90.30000000000001,1.817,0.906,0.6169510181618052,1.121
22.95712174990565,0.9258343634116193,0.09,0.255,0.085,0.20600000000000002,0.18,0.12,0.5284301606922126,60.1,1.618,0.855,0.6149567367119901,0.995
26.15286061204125,0.9181111775254035,0.105,0.26,0.084,0.2,0.186,0.137,0.4967124925283921,73.2,1.673,0.8310000000000001,0.5780035863717872,0.967
33.69430464446105,0.9306590257879657,0.105,0.278,0.08700000000000001,0.20400000000000001,0.191,0.121,0.49283667621776506,102.60000000000001,1.745,0.86,0.5977077363896848,1.043
20.024349609124695,0.9281045751633987,0.10300000000000001,0.291,0.083,0.20400000000000001,0.2,0.132,0.5250544662309368,67.5,1.836,0.964,0.6143790849673203,1.1280000000000001
24.888003982080637,0.9285714285714286,0.101,0.279,0.088,0.20800000000000002,0.20400000000000001,0.123,0.521486643437863,73.8,1.722,0.898,0.6132404181184669,1.056
31.881834604766897,0.9249126891734575,0.099,0.274,0.089,0.212,0.185,0.129,0.5046565774155995,94.10000000000001,1.718,0.867,0.6129220023282888,1.053
22.81350992613112,0.9254385964912281,0.10400000000000001,0.277,0.093,0.217,0.20400000000000001,0.136,0.4934210526315789,75.9,1.824,0.9,0.6019736842105263,1.098
23.543582568830473,0.9278722308088614,0.109,0.28700000000000003,0.092,0.219,0.214,0.14,0.521380731581659,88.7,1.941,1.012,0.6053580628541989,1.175
18.33212106307124,0.9336165693043016,0.101,0.271,0.09,0.214,0.194,0.125,0.5177907594264471,65.0,1.883,0.975,0.6229421136484333,1.173
21.96407364299322,0.9276387377584331,0.106,0.28600000000000003,0.094,0.222,0.2,0.133,0.501088139281828,74.2,1.838,0.921,0.6055495103373232,1.113
24.07655580410601,0.9283295711060948,0.10400000000000001,0.274,0.09,0.213,0.194,0.127,0.5124153498871332,75.60000000000001,1.772,0.908,0.59255079006772,1.05
33.909232880250244,0.9237618252643295,0.11,0.299,0.094,0.225,0.211,0.137,0.5275459098497496,109.5,1.797,0.9480000000000001,0.6054535336672231,1.088
23.176046845407452,0.9252501471453797,0.098,0.267,0.081,0.192,0.185,0.127,0.5061801059446733,66.9,1.699,0.86,0.5903472630959388,1.0030000000000001
36.15916955017301,0.918235294117647,0.10400000000000001,0.267,0.094,0.222,0.191,0.139,0.4935294117647059,104.5,1.7,0.839,0.5694117647058824,0.968
28.038515379486032,0.9261862917398945,0.097,0.25,0.083,0.2,0.177,0.126,0.4868189806678383,81.7,1.707,0.8310000000000001,0.5875805506736965,1.0030000000000001
26.44378849326077,0.9301430143014301,0.114,0.28500000000000003,0.094,0.226,0.20600000000000002,0.127,0.5313531353135313,87.4,1.818,0.966,0.6270627062706271,1.1400000000000001
23.686577560344215,0.9250585480093677,0.094,0.262,0.084,0.202,0.184,0.128,0.5286885245901639,69.10000000000001,1.708,0.903,0.6241217798594848,1.066
26.179248311109674,0.9283715724678232,0.11,0.277,0.088,0.213,0.198,0.128,0.5047565752658086,83.60000000000001,1.7870000000000001,0.902,0.5982092893116956,1.069
22.13877551020408,0.9268571428571428,0.094,0.265,0.085,0.199,0.191,0.128,0.512,67.8,1.75,0.896,0.5942857142857143,1.04
31.30598003535269,0.9253731343283582,0.10300000000000001,0.277,0.08700000000000001,0.20800000000000002,0.194,0.13,0.5195177956371986,95.0,1.742,0.905,0.6119402985074627,1.066
34.73633979201474,0.9235982747997535,0.099,0.259,0.084,0.211,0.188,0.124,0.4904497843499692,91.5,1.623,0.796,0.5902649414664202,0.9580000000000001
26.2718157299946,0.9265951439864484,0.1,0.264,0.092,0.215,0.191,0.13,0.5172219085262564,82.4,1.7710000000000001,0.916,0.6053077357425184,1.072
27.454632565500837,0.9292343387470998,0.105,0.254,0.094,0.223,0.192,0.122,0.5011600928074246,81.60000000000001,1.724,0.864,0.6061484918793504,1.045
26.166449619995372,0.9302921578677601,0.11900000000000001,0.309,0.098,0.231,0.212,0.136,0.521783700666325,99.60000000000001,1.951,1.018,0.6166068682726806,1.203
23.58300431418449,0.9190283400809717,0.098,0.272,0.088,0.21,0.20800000000000002,0.14,0.5442452284557547,70.5,1.729,0.9410000000000001,0.6136495083863505,1.061
20.16947093379574,0.9232111692844677,0.098,0.264,0.08700000000000001,0.20800000000000002,0.189,0.132,0.5043630017452007,59.6,1.719,0.867,0.5933682373472949,1.02
30.282319470722992,0.9274521183981428,0.101,0.269,0.088,0.209,0.186,0.125,0.5211839814277424,89.9,1.723,0.898,0.6018572257690076,1.037
28.6447479750045,0.9214876033057852,0.101,0.25,0.089,0.211,0.185,0.133,0.4935064935064935,82.2,1.694,0.836,0.5731995277449823,0.971
27.942133555005263,0.9231224127735068,0.096,0.244,0.084,0.20500000000000002,0.167,0.13,0.5014784151389711,79.9,1.691,0.848,0.5907746895328209,0.999
26.171307523185412,0.9267166762839008,0.101,0.267,0.089,0.213,0.194,0.127,0.5406809001731102,78.60000000000001,1.733,0.937,0.6231967686093479,1.08
27.2372115780195,0.9224806201550387,0.101,0.258,0.085,0.2,0.18,0.13,0.5086463923673226,76.60000000000001,1.677,0.853,0.6094215861657722,1.022
21.581821311579375,0.928896473265074,0.094,0.264,0.083,0.196,0.2,0.125,0.5204778156996587,66.7,1.758,0.915,0.6018202502844141,1.058
33.525585512288416,0.9331226961558715,0.105,0.295,0.092,0.218,0.203,0.127,0.526592943654555,120.9,1.899,1.0,0.6024223275408109,1.1440000000000001
25.087702156736224,0.9239068710959683,0.1,0.279,0.09,0.209,0.195,0.134,0.5110732538330494,77.80000000000001,1.7610000000000001,0.9,0.5979557069846678,1.053
25.2661091821931,0.925990675990676,0.098,0.28,0.084,0.197,0.198,0.127,0.5402097902097902,74.4,1.716,0.927,0.6212121212121212,1.066
30.715114508652192,0.9236071223434807,0.107,0.268,0.093,0.222,0.194,0.133,0.5163699023549684,93.10000000000001,1.741,0.899,0.5944859276278002,1.035
28.02601525987933,0.9239007891770011,0.099,0.265,0.088,0.20600000000000002,0.182,0.135,0.5022547914317925,88.2,1.774,0.891,0.5896279594137542,1.046
28.797098232824883,0.9235705950991832,0.105,0.28300000000000003,0.088,0.212,0.2,0.131,0.5186697782963827,84.60000000000001,1.714,0.889,0.6102683780630105,1.046
31.559675207921117,0.9255014326647565,0.099,0.271,0.093,0.224,0.196,0.13,0.52378223495702,96.10000000000001,1.745,0.914,0.6189111747851003,1.08
32.95936052339725,0.9258836944127709,0.114,0.274,0.093,0.223,0.19,0.13,0.5,101.4,1.754,0.877,0.5912200684150513,1.037
28.633418149496617,0.9224088013896931,0.1,0.28200000000000003,0.091,0.214,0.193,0.134,0.5165026056745802,85.4,1.727,0.892,0.6027793862188766,1.041
28.756852392506566,0.9210822998872604,0.1,0.27,0.093,0.225,0.192,0.14,0.5157835400225479,90.5,1.774,0.915,0.5918827508455468,1.05
32.1059977895507,0.9265375854214123,0.10400000000000001,0.267,0.09,0.214,0.195,0.129,0.4971526195899772,99.0,1.756,0.873,0.5626423690205011,0.988
26.657707255566336,0.9322323462414579,0.1,0.272,0.089,0.20600000000000002,0.197,0.11900000000000001,0.5170842824601367,82.2,1.756,0.908,0.6150341685649203,1.08
27.835362094846136,0.9284103720405863,0.101,0.27,0.08700000000000001,0.20700000000000002,0.197,0.127,0.5129650507328072,87.60000000000001,1.774,0.91,0.5856820744081173,1.039
30.434279473741764,0.925639500297442,0.1,0.256,0.09,0.214,0.18,0.125,0.5026769779892921,86.0,1.681,0.845,0.5806067816775728,0.976
29.618848910730588,0.9218566392479436,0.108,0.262,0.093,0.222,0.193,0.133,0.5252643948296122,85.80000000000001,1.702,0.894,0.6028202115158637,1.026
30.197078291489838,0.9279538904899135,0.11,0.26,0.09,0.212,0.191,0.125,0.5123919308357349,90.9,1.735,0.889,0.6063400576368876,1.052
32.81236848750106,0.926605504587156,0.108,0.262,0.092,0.225,0.185,0.128,0.5126146788990825,99.80000000000001,1.744,0.894,0.5728211009174312,0.999
30.56846001632096,0.9197459584295612,0.10300000000000001,0.276,0.092,0.225,0.197,0.139,0.5115473441108545,91.7,1.732,0.886,0.5883371824480369,1.0190000000000001
26.916971731372726,0.9228521332554062,0.092,0.267,0.088,0.21,0.187,0.132,0.5242548217416715,78.80000000000001,1.711,0.897,0.6054938632378726,1.036
26.073375791412996,0.9204892966360856,0.1,0.255,0.09,0.215,0.19,0.13,0.5149847094801223,69.7,1.635,0.842,0.5883792048929664,0.962
27.693445243255656,0.9261430246189918,0.10200000000000001,0.26,0.093,0.22,0.181,0.126,0.5128956623681126,80.60000000000001,1.706,0.875,0.6031652989449003,1.029
27.451496776122998,0.9288537549407114,0.11,0.275,0.093,0.217,0.2,0.126,0.528514963297572,86.10000000000001,1.7710000000000001,0.936,0.6143421795595708,1.088
33.69389748086734,0.9252232142857143,0.111,0.273,0.098,0.227,0.192,0.134,0.5150669642857143,108.2,1.792,0.923,0.5982142857142857,1.072
28.30671835650418,0.9235390496996176,0.112,0.266,0.091,0.216,0.189,0.14,0.509011469142545,94.9,1.831,0.932,0.5947569634079738,1.089
28.9512476150936,0.9281857451403888,0.11,0.28400000000000003,0.096,0.229,0.20500000000000002,0.133,0.5286177105831533,99.30000000000001,1.852,0.979,0.6193304535637149,1.147
30.005660364271733,0.9313563975837452,0.107,0.272,0.093,0.219,0.199,0.125,0.5200439319055464,99.5,1.821,0.9470000000000001,0.6046128500823723,1.101
33.08937772467298,0.927023945267959,0.10200000000000001,0.28300000000000003,0.094,0.224,0.202,0.128,0.5051311288483467,101.80000000000001,1.754,0.886,0.5832383124287344,1.0230000000000001
26.059151099350608,0.9251781472684085,0.088,0.24,0.082,0.194,0.167,0.126,0.5083135391923991,73.9,1.684,0.856,0.6086698337292161,1.025
30.84896981217737,0.9221767115272089,0.098,0.256,0.084,0.211,0.186,0.133,0.5002925687536571,90.10000000000001,1.709,0.855,0.5974253949678174,1.0210000000000001
29.121764365037567,0.9304490690032858,0.10200000000000001,0.296,0.094,0.222,0.221,0.127,0.559145673603505,97.10000000000001,1.826,1.0210000000000001,0.6380065717415115,1.165
27.839635012142985,0.9270194986072423,0.111,0.273,0.088,0.215,0.198,0.131,0.5119777158774373,89.7,1.795,0.919,0.6111420612813371,1.097
24.562875292392686,0.9349046015712682,0.098,0.269,0.089,0.215,0.201,0.116,0.5050505050505051,78.0,1.782,0.9,0.6139169472502806,1.094
31.66780694205622,0.9225551158846806,0.1,0.264,0.088,0.213,0.19,0.137,0.5189372526851328,99.10000000000001,1.7690000000000001,0.918,0.5901639344262295,1.044
28.636874902504903,0.9209169054441261,0.105,0.255,0.088,0.212,0.186,0.138,0.5077363896848137,87.2,1.745,0.886,0.5919770773638968,1.033
29.10044853450326,0.9312257348863006,0.10200000000000001,0.28500000000000003,0.098,0.228,0.20800000000000002,0.124,0.5202440377149196,94.60000000000001,1.803,0.9380000000000001,0.5940099833610649,1.071
30.197078291489838,0.9181556195965418,0.1,0.259,0.085,0.211,0.181,0.14200000000000002,0.5089337175792508,90.9,1.735,0.883,0.6040345821325649,1.048
22.50311889461667,0.9333333333333333,0.095,0.266,0.083,0.197,0.193,0.11900000000000001,0.5310924369747899,71.7,1.7850000000000001,0.9480000000000001,0.6134453781512605,1.095
26.53211164799572,0.9151113786875377,0.098,0.26,0.082,0.192,0.184,0.14100000000000001,0.5081276339554486,73.2,1.661,0.844,0.5960264900662252,0.99
33.776820366385806,0.9243273542600897,0.111,0.28400000000000003,0.095,0.223,0.21,0.135,0.5179372197309418,107.5,1.784,0.924,0.6227578475336323,1.111
25.862653088296625,0.9272419627749577,0.10400000000000001,0.266,0.08700000000000001,0.212,0.196,0.129,0.49746192893401014,81.30000000000001,1.7730000000000001,0.882,0.5978567399887197,1.06
29.618301551137606,0.9290502793296089,0.10300000000000001,0.268,0.093,0.215,0.19,0.127,0.5122905027932961,94.9,1.79,0.917,0.6083798882681565,1.089
28.431001890359166,0.9246376811594202,0.1,0.257,0.082,0.194,0.178,0.13,0.5118840579710144,84.60000000000001,1.725,0.883,0.6110144927536232,1.054
23.739138224491622,0.9316939890710383,0.1,0.28700000000000003,0.08600000000000001,0.211,0.2,0.125,0.5098360655737705,79.5,1.83,0.933,0.6098360655737705,1.116
29.238540414833917,0.9264273101824603,0.106,0.269,0.09,0.215,0.195,0.125,0.5091230135373749,84.4,1.699,0.865,0.5909358446144791,1.004
23.76310191507697,0.928369994359842,0.101,0.268,0.081,0.195,0.185,0.127,0.5070501974055274,74.7,1.7730000000000001,0.899,0.601804850535815,1.067
25.7694058331291,0.927810650887574,0.095,0.27,0.089,0.213,0.189,0.122,0.5236686390532544,73.60000000000001,1.69,0.885,0.5810650887573965,0.982
27.390504709768685,0.9210822998872604,0.099,0.261,0.094,0.22,0.202,0.14,0.5248027057497181,86.2,1.774,0.931,0.5997745208568207,1.064
26.074613304172342,0.9261822376009228,0.093,0.254,0.084,0.202,0.19,0.128,0.5126874279123415,78.4,1.734,0.889,0.5945790080738178,1.031
31.157663924956122,0.9284922394678492,0.11,0.268,0.09,0.22,0.194,0.129,0.5138580931263859,101.4,1.804,0.927,0.5909090909090909,1.066
26.140688748733584,0.9172205438066465,0.098,0.263,0.084,0.197,0.194,0.137,0.5317220543806647,71.60000000000001,1.655,0.88,0.5921450151057401,0.98
25.55192642586009,0.9269121813031161,0.106,0.268,0.093,0.22,0.187,0.129,0.5252124645892351,79.60000000000001,1.7650000000000001,0.927,0.6181303116147309,1.091
29.7922956808107,0.9241998877035373,0.107,0.28600000000000003,0.095,0.225,0.203,0.135,0.4985962942167322,94.5,1.7810000000000001,0.888,0.5918023582257159,1.054
24.50979692004979,0.9337252805986104,0.095,0.265,0.088,0.213,0.198,0.124,0.5232495991448424,85.80000000000001,1.871,0.979,0.6317477284874399,1.182
35.35375777415677,0.9195402298850575,0.106,0.243,0.08700000000000001,0.209,0.17400000000000002,0.126,0.5038314176245211,86.7,1.566,0.789,0.586845466155811,0.919
27.42854407650517,0.9276094276094277,0.108,0.279,0.085,0.20500000000000002,0.194,0.129,0.5207631874298541,87.10000000000001,1.782,0.928,0.6161616161616161,1.098
31.552756905562795,0.9245826137017847,0.109,0.28400000000000003,0.096,0.233,0.20600000000000002,0.131,0.5054691997697179,95.2,1.737,0.878,0.6160046056419114,1.07
26.122448979591837,0.932,0.1,0.275,0.08700000000000001,0.211,0.19,0.11900000000000001,0.49885714285714283,80.0,1.75,0.873,0.5868571428571429,1.027
29.07412965186074,0.9290966386554622,0.108,0.293,0.094,0.227,0.215,0.135,0.5246848739495799,105.4,1.9040000000000001,0.999,0.6260504201680672,1.192
26.614567395585688,0.9316526610644258,0.1,0.273,0.09,0.217,0.198,0.122,0.519327731092437,84.80000000000001,1.7850000000000001,0.927,0.6212885154061625,1.109
28.79508804057951,0.9262620533182075,0.111,0.278,0.094,0.22,0.20500000000000002,0.13,0.49574588769143507,89.5,1.7630000000000001,0.874,0.5802609188882587,1.0230000000000001
27.140828343396258,0.9279538904899135,0.097,0.268,0.08600000000000001,0.211,0.185,0.125,0.5291066282420749,81.7,1.735,0.918,0.6213256484149856,1.078
30.276319190861177,0.9270411117544876,0.105,0.276,0.092,0.22,0.189,0.126,0.5031847133757962,90.30000000000001,1.727,0.869,0.5969889982628837,1.031
33.77138566784365,0.9332632685233841,0.10400000000000001,0.28700000000000003,0.093,0.223,0.203,0.127,0.5102469784550709,122.30000000000001,1.903,0.971,0.5948502364687336,1.1320000000000001
28.9338818571736,0.930089485458613,0.105,0.28500000000000003,0.093,0.222,0.193,0.125,0.5201342281879194,92.5,1.788,0.93,0.6062639821029083,1.084
31.845203361478347,0.9269632070291048,0.11,0.28800000000000003,0.094,0.226,0.2,0.133,0.5161998901702362,105.60000000000001,1.821,0.9400000000000001,0.6024162548050521,1.097
33.69449854365299,0.914996964177292,0.098,0.254,0.08700000000000001,0.211,0.183,0.14,0.49848208864602306,91.4,1.647,0.8210000000000001,0.581056466302368,0.9570000000000001
27.450529897845836,0.9289909236518954,0.10400000000000001,0.293,0.09,0.216,0.20500000000000002,0.133,0.5312333155365724,96.30000000000001,1.873,0.995,0.6139882541377469,1.1500000000000001
25.652367930843035,0.9265375854214123,0.10200000000000001,0.28500000000000003,0.088,0.209,0.191,0.129,0.4988610478359909,79.10000000000001,1.756,0.876,0.6042141230068337,1.061
33.6498846023348,0.9286510590858417,0.114,0.296,0.095,0.23,0.21,0.128,0.4983277591973244,108.30000000000001,1.794,0.894,0.6003344481605352,1.077
32.46857148952739,0.9226327944572749,0.10300000000000001,0.28500000000000003,0.091,0.218,0.191,0.134,0.5144341801385681,97.4,1.732,0.891,0.5975750577367206,1.035
30.045985273915687,0.9249106078665077,0.095,0.267,0.08,0.196,0.186,0.126,0.5137067938021455,84.60000000000001,1.678,0.862,0.598927294398093,1.0050000000000001
32.928260541642295,0.9307862679955703,0.10300000000000001,0.272,0.092,0.22,0.2,0.125,0.5094130675526024,107.4,1.806,0.92,0.5802879291251384,1.048
29.24493733145149,0.9205462445685909,0.096,0.25,0.082,0.191,0.171,0.128,0.5071384233395406,75.9,1.611,0.8170000000000001,0.6027312228429547,0.971
31.606058061084514,0.9301587301587302,0.113,0.293,0.094,0.228,0.218,0.132,0.5370370370370371,112.9,1.8900000000000001,1.0150000000000001,0.6296296296296297,1.19
29.34803020613767,0.9321368480089737,0.105,0.28300000000000003,0.08700000000000001,0.214,0.198,0.121,0.5288839035333707,93.30000000000001,1.7830000000000001,0.9430000000000001,0.6186203028603477,1.103
30.158485742430873,0.929456112008616,0.097,0.274,0.08700000000000001,0.20700000000000002,0.182,0.131,0.5196553581044696,104.0,1.857,0.965,0.6058158319870759,1.125
29.04283214005636,0.9267192784667418,0.099,0.278,0.084,0.20800000000000002,0.197,0.13,0.5298759864712514,91.4,1.774,0.9400000000000001,0.625140924464487,1.109
32.5909447811652,0.9327183939229517,0.10400000000000001,0.274,0.08700000000000001,0.211,0.193,0.124,0.5295713510580575,110.7,1.843,0.976,0.6055344546934346,1.116
32.07957608128075,0.9213418160786582,0.10300000000000001,0.275,0.091,0.217,0.186,0.136,0.5199537304800462,95.9,1.729,0.899,0.6078658183921342,1.051
28.270804548836225,0.9309278350515464,0.123,0.308,0.098,0.231,0.221,0.134,0.5432989690721649,106.4,1.94,1.054,0.6190721649484536,1.201
26.605074343963775,0.9296920395119117,0.093,0.261,0.088,0.211,0.196,0.121,0.5194654270772806,78.80000000000001,1.721,0.894,0.6095293434049971,1.049
26.9333346101729,0.9272428884026258,0.10400000000000001,0.294,0.095,0.23,0.215,0.133,0.50054704595186,90.0,1.828,0.915,0.5902625820568927,1.079
29.08546036196099,0.9290578887627696,0.096,0.264,0.085,0.20600000000000002,0.185,0.125,0.5090805902383655,90.30000000000001,1.762,0.897,0.5947786606129398,1.048
27.505546158488386,0.924198250728863,0.098,0.258,0.08700000000000001,0.20700000000000002,0.182,0.13,0.4857142857142857,80.9,1.715,0.833,0.5871720116618075,1.0070000000000001
27.42924152170637,0.9248457655636567,0.10400000000000001,0.269,0.091,0.216,0.198,0.134,0.5081323611890073,87.2,1.7830000000000001,0.906,0.5967470555243971,1.064
30.646749368275433,0.9220855301698887,0.099,0.252,0.08700000000000001,0.20600000000000002,0.181,0.133,0.4932630345635618,89.30000000000001,1.707,0.842,0.5846514352665495,0.998
28.44660809223767,0.9227373068432672,0.095,0.275,0.089,0.212,0.197,0.14,0.5088300220750552,93.4,1.812,0.922,0.5905077262693157,1.07
25.667707249392993,0.9338709677419355,0.097,0.28,0.091,0.22,0.2,0.123,0.5193548387096775,88.80000000000001,1.86,0.966,0.6069892473118279,1.129
28.504483937675314,0.9298642533936652,0.10300000000000001,0.28400000000000003,0.092,0.225,0.2,0.124,0.5265837104072398,89.10000000000001,1.768,0.931,0.6142533936651584,1.086
30.763069225612284,0.9256104486087451,0.10400000000000001,0.28700000000000003,0.09,0.218,0.209,0.131,0.5133446905167518,95.4,1.7610000000000001,0.904,0.5956842703009654,1.049
32.307192161020666,0.9303135888501742,0.10200000000000001,0.278,0.093,0.227,0.187,0.12,0.5232288037166086,95.80000000000001,1.722,0.901,0.610917537746806,1.052
25.37086930534122,0.9318054779206261,0.10300000000000001,0.279,0.088,0.213,0.193,0.122,0.5153717160424819,81.2,1.7890000000000001,0.922,0.6048071548351034,1.082
32.319151622269914,0.9280898876404494,0.10400000000000001,0.269,0.088,0.211,0.191,0.128,0.5157303370786517,102.4,1.78,0.918,0.6129213483146068,1.091
27.06486353678262,0.9259049773755657,0.101,0.264,0.078,0.194,0.197,0.131,0.5237556561085973,84.60000000000001,1.768,0.926,0.6006787330316742,1.062
32.44581494404097,0.9222423146473779,0.105,0.262,0.09,0.211,0.188,0.129,0.5220012055455093,89.30000000000001,1.659,0.866,0.6015672091621459,0.998
26.1047138653656,0.9272937103289094,0.099,0.269,0.09,0.213,0.19,0.126,0.51933064050779,78.4,1.733,0.9,0.5920369301788806,1.026
27.392257121986855,0.9277546777546778,0.107,0.293,0.094,0.219,0.211,0.139,0.5135135135135135,101.4,1.924,0.988,0.5951143451143451,1.145
27.781592977812192,0.9257950530035336,0.1,0.272,0.088,0.21,0.19,0.126,0.49469964664310956,80.10000000000001,1.698,0.84,0.6012956419316844,1.0210000000000001
31.268695359669493,0.9257398101619208,0.108,0.28400000000000003,0.09,0.212,0.194,0.133,0.5097710776102736,100.30000000000001,1.7910000000000001,0.913,0.6058068118369626,1.085
26.88271604938272,0.9272222222222222,0.10200000000000001,0.264,0.092,0.219,0.202,0.131,0.5294444444444445,87.10000000000001,1.8,0.9530000000000001,0.6088888888888889,1.096
27.17340379678042,0.9323593073593074,0.1,0.273,0.095,0.228,0.201,0.125,0.5167748917748918,92.80000000000001,1.848,0.9550000000000001,0.6168831168831169,1.1400000000000001
26.507130221437745,0.9210074413279908,0.1,0.257,0.088,0.214,0.188,0.138,0.5197481396680023,80.9,1.747,0.908,0.6084716657126502,1.063
32.26762009079574,0.9244094488188976,0.116,0.302,0.094,0.225,0.20800000000000002,0.14400000000000002,0.5244094488188976,117.10000000000001,1.905,0.999,0.6010498687664042,1.145
31.587531305499773,0.9281867145421903,0.106,0.269,0.092,0.217,0.191,0.12,0.5206463195691203,88.2,1.671,0.87,0.6175942549371634,1.032
26.888659052880193,0.9227082085080887,0.098,0.264,0.088,0.211,0.188,0.129,0.5068903535050928,74.9,1.669,0.846,0.5961653684841223,0.995
29.211562528616344,0.9259668508287293,0.1,0.28300000000000003,0.09,0.217,0.203,0.134,0.5143646408839779,95.7,1.81,0.931,0.5966850828729282,1.08
25.329011205428056,0.9302949061662198,0.11,0.278,0.094,0.226,0.202,0.13,0.5056300268096515,88.10000000000001,1.865,0.9430000000000001,0.5967828418230563,1.113
21.88925209974963,0.9278178789561354,0.094,0.274,0.09,0.21,0.191,0.13,0.5158245419211549,71.0,1.801,0.929,0.6013325930038868,1.083
27.04326819955324,0.9261862917398945,0.094,0.254,0.081,0.201,0.184,0.126,0.5073227885178676,78.80000000000001,1.707,0.866,0.5946104276508495,1.0150000000000001
28.96512482287174,0.9256004686584651,0.096,0.262,0.082,0.202,0.186,0.127,0.5002929115407148,84.4,1.707,0.854,0.5987111892208553,1.022
30.42949791328443,0.9253644314868804,0.106,0.263,0.084,0.20600000000000002,0.186,0.128,0.5201166180758018,89.5,1.715,0.892,0.6134110787172011,1.052
28.639024931947713,0.9234608985024958,0.1,0.274,0.089,0.213,0.197,0.138,0.5252357182473655,93.10000000000001,1.803,0.9470000000000001,0.6112035496394898,1.102
30.66393178767669,0.9289458357600466,0.101,0.271,0.088,0.21,0.181,0.122,0.49621432731508447,90.4,1.717,0.852,0.5987186953989516,1.028
31.92581896044599,0.9308831596269885,0.108,0.28300000000000003,0.094,0.217,0.194,0.126,0.5063082830499177,106.10000000000001,1.823,0.923,0.5776193088315963,1.053
27.44876231035401,0.9315610859728507,0.101,0.274,0.08700000000000001,0.20400000000000001,0.191,0.121,0.5130090497737556,85.80000000000001,1.768,0.907,0.6136877828054299,1.085
32.612612338666395,0.9143033292231812,0.097,0.256,0.084,0.2,0.18,0.139,0.45499383477188654,85.80000000000001,1.622,0.738,0.55980271270037,0.908
28.689559399065775,0.9269662921348315,0.105,0.28300000000000003,0.092,0.212,0.198,0.13,0.5196629213483146,90.9,1.78,0.925,0.6117977528089887,1.089
31.88827489526791,0.9155011655011654,0.106,0.273,0.08600000000000001,0.212,0.2,0.145,0.5250582750582751,93.9,1.716,0.901,0.6066433566433567,1.041
34.701089810342886,0.9268841394825647,0.112,0.273,0.092,0.217,0.199,0.13,0.5230596175478065,109.7,1.778,0.93,0.6175478065241845,1.098
23.040236725517428,0.9225352112676056,0.092,0.26,0.082,0.193,0.177,0.132,0.5193661971830986,66.9,1.704,0.885,0.6085680751173709,1.037
26.925952686445704,0.9276500280426248,0.10200000000000001,0.262,0.088,0.213,0.197,0.129,0.5103757711721817,85.60000000000001,1.7830000000000001,0.91,0.6135726303982053,1.094
30.597103749256096,0.9233802816901409,0.10400000000000001,0.28500000000000003,0.093,0.22,0.201,0.136,0.5047887323943662,96.4,1.7750000000000001,0.896,0.5892957746478873,1.046
24.812021964033356,0.931961120640366,0.10400000000000001,0.265,0.097,0.225,0.194,0.11900000000000001,0.5082904516866781,75.9,1.749,0.889,0.6049170954831332,1.058
25.416071657165162,0.931438127090301,0.106,0.279,0.08600000000000001,0.214,0.191,0.123,0.5100334448160535,81.80000000000001,1.794,0.915,0.6036789297658863,1.083
29.776163995671862,0.925754060324826,0.106,0.274,0.084,0.20500000000000002,0.186,0.128,0.5301624129930395,88.5,1.724,0.914,0.6090487238979119,1.05
31.200028873449288,0.9262697979246314,0.109,0.29,0.097,0.227,0.211,0.135,0.5166575641725832,104.60000000000001,1.831,0.9460000000000001,0.5925723648279628,1.085
25.963303094452776,0.9271558650241029,0.108,0.292,0.094,0.223,0.20800000000000002,0.136,0.5249062667380825,90.5,1.867,0.98,0.6170326727370112,1.1520000000000001
26.59676936251024,0.9292084726867336,0.108,0.281,0.088,0.20700000000000002,0.194,0.127,0.5144927536231884,85.60000000000001,1.794,0.923,0.6070234113712375,1.089
28.27981755242454,0.9268429938097917,0.099,0.273,0.088,0.212,0.192,0.13,0.5211029825548678,89.30000000000001,1.7770000000000001,0.926,0.5976364659538548,1.062
26.36746554454555,0.9237718802936195,0.098,0.269,0.085,0.202,0.187,0.135,0.5319028797289667,82.7,1.7710000000000001,0.9420000000000001,0.6086956521739131,1.078
31.061762877817085,0.9246537396121883,0.10400000000000001,0.271,0.08600000000000001,0.20700000000000002,0.198,0.136,0.5069252077562327,101.2,1.805,0.915,0.5894736842105263,1.064
27.51212666424392,0.9327199539965497,0.1,0.263,0.085,0.2,0.182,0.117,0.5106382978723404,83.2,1.739,0.888,0.6043703277745831,1.051
31.365612833130605,0.9226774379688402,0.1,0.266,0.08600000000000001,0.214,0.194,0.134,0.502596653202539,94.2,1.733,0.871,0.5874206578188114,1.018
33.66280601442135,0.9268004722550177,0.097,0.255,0.091,0.216,0.187,0.124,0.5224321133412042,96.60000000000001,1.694,0.885,0.602125147579693,1.02
31.242074509935197,0.9330038440417353,0.105,0.295,0.092,0.222,0.20500000000000002,0.122,0.528830313014827,103.60000000000001,1.821,0.963,0.5886875343218012,1.072
25.29512314519818,0.9235127478753541,0.107,0.268,0.088,0.217,0.194,0.135,0.4991501416430595,78.80000000000001,1.7650000000000001,0.881,0.5898016997167139,1.041
27.584324141402362,0.927487352445194,0.106,0.278,0.091,0.22,0.195,0.129,0.4974704890387858,87.30000000000001,1.7790000000000001,0.885,0.6160764474423833,1.096
28.51684094993724,0.9306326304106548,0.1,0.28200000000000003,0.08700000000000001,0.214,0.20400000000000001,0.125,0.5227524972253053,92.60000000000001,1.802,0.9420000000000001,0.6009988901220865,1.083
26.611397164407787,0.9349411104879417,0.093,0.262,0.08700000000000001,0.202,0.186,0.116,0.501402131239484,84.60000000000001,1.7830000000000001,0.894,0.6029164329781268,1.075
25.57076242519169,0.9320021586616298,0.112,0.294,0.088,0.216,0.20700000000000002,0.126,0.5051268213707502,87.80000000000001,1.853,0.936,0.6044252563410686,1.12
26.56552478747581,0.9254587155963303,0.097,0.268,0.082,0.197,0.183,0.13,0.5160550458715596,80.80000000000001,1.744,0.9,0.6014908256880734,1.049
27.938689641217238,0.9256875365710943,0.096,0.263,0.08600000000000001,0.20400000000000001,0.188,0.127,0.5002925687536571,81.60000000000001,1.709,0.855,0.5950848449385605,1.0170000000000001
26.00969187959983,0.9277628032345013,0.10400000000000001,0.28,0.094,0.223,0.197,0.134,0.5056603773584906,89.5,1.855,0.9380000000000001,0.5897574123989219,1.094
28.312561692975624,0.9252124645892351,0.10400000000000001,0.275,0.089,0.21,0.19,0.132,0.515014164305949,88.2,1.7650000000000001,0.909,0.6096317280453257,1.076
28.60176572518652,0.9297052154195011,0.105,0.271,0.099,0.229,0.197,0.124,0.5062358276643991,89.0,1.764,0.893,0.594671201814059,1.049
31.084918791798117,0.9308245711123408,0.106,0.28400000000000003,0.092,0.222,0.20700000000000002,0.125,0.5118981737686774,101.5,1.807,0.925,0.6087437742114001,1.1
28.407062090854982,0.9261971830985916,0.109,0.28600000000000003,0.088,0.213,0.196,0.131,0.5132394366197183,89.5,1.7750000000000001,0.911,0.6,1.065
25.665030991735538,0.9278409090909091,0.101,0.273,0.084,0.211,0.198,0.127,0.5153409090909091,79.5,1.76,0.907,0.6125,1.078
26.705963835746942,0.924365207995678,0.097,0.273,0.088,0.20700000000000002,0.196,0.14,0.5402485143165856,91.5,1.851,1.0,0.6158833063209076,1.1400000000000001
24.411691537324614,0.9215686274509803,0.10400000000000001,0.279,0.085,0.2,0.193,0.136,0.5040369088811996,73.4,1.734,0.874,0.5893886966551326,1.022
34.26902159263622,0.9230769230769231,0.11,0.301,0.093,0.223,0.20600000000000002,0.137,0.5255474452554745,108.7,1.7810000000000001,0.936,0.6108927568781584,1.088
31.029934989212325,0.926052332195677,0.101,0.265,0.08600000000000001,0.20600000000000002,0.181,0.13,0.5011376564277589,95.9,1.758,0.881,0.580773606370876,1.0210000000000001
27.79414377764685,0.9155963302752294,0.095,0.252,0.083,0.203,0.176,0.138,0.5045871559633027,74.3,1.635,0.8250000000000001,0.5840978593272171,0.9550000000000001
27.487459052060327,0.9226361031518625,0.1,0.26,0.091,0.216,0.186,0.135,0.49169054441260746,83.7,1.745,0.858,0.5828080229226361,1.0170000000000001
26.126304663760077,0.9310344827586207,0.098,0.273,0.09,0.202,0.179,0.12,0.5040229885057471,79.10000000000001,1.74,0.877,0.5977011494252874,1.04
28.140408402970646,0.9269695227142035,0.096,0.25,0.085,0.20600000000000002,0.194,0.127,0.503737780333525,85.10000000000001,1.739,0.876,0.6066705002875216,1.055
25.48397305943676,0.9323562570462233,0.099,0.273,0.08700000000000001,0.20700000000000002,0.20500000000000002,0.12,0.520293122886133,80.2,1.774,0.923,0.6302142051860203,1.118
29.50230413611218,0.9289678135405105,0.107,0.272,0.096,0.226,0.195,0.128,0.5166481687014428,95.80000000000001,1.802,0.931,0.5998890122086571,1.081
27.729552469135808,0.9224537037037037,0.109,0.28200000000000003,0.097,0.231,0.20400000000000001,0.134,0.5370370370370371,82.80000000000001,1.728,0.928,0.6140046296296297,1.061
26.640675763482786,0.9245614035087719,0.098,0.26,0.088,0.20500000000000002,0.19,0.129,0.5058479532163743,77.9,1.71,0.865,0.6111111111111112,1.045
27.67235007349949,0.923342939481268,0.1,0.277,0.088,0.213,0.2,0.133,0.5302593659942363,83.30000000000001,1.735,0.92,0.622478386167147,1.08
20.700218928093957,0.9323758228605625,0.094,0.258,0.084,0.199,0.188,0.113,0.49611011370436864,57.800000000000004,1.671,0.8290000000000001,0.5936564931178935,0.992
32.88980419187568,0.9262981574539364,0.105,0.28600000000000003,0.096,0.229,0.20400000000000001,0.132,0.5047459519821329,105.5,1.7910000000000001,0.904,0.6013400335008375,1.077
27.901751036839013,0.9292084726867336,0.099,0.28,0.08600000000000001,0.211,0.198,0.127,0.496098104793757,89.80000000000001,1.794,0.89,0.6059085841694537,1.087
27.289071061964247,0.9298434970318402,0.108,0.28600000000000003,0.093,0.223,0.203,0.13,0.5126821370750135,93.7,1.853,0.9500000000000001,0.6065839179708581,1.124
30.26328718665386,0.927570093457944,0.1,0.274,0.09,0.216,0.191,0.124,0.49065420560747663,88.7,1.712,0.84,0.5981308411214953,1.024
25.239657994717085,0.9296567248171075,0.10200000000000001,0.274,0.093,0.223,0.201,0.125,0.5177265053460889,79.7,1.7770000000000001,0.92,0.6021384355655599,1.07
30.386509725352703,0.928374655647383,0.10200000000000001,0.278,0.091,0.22,0.215,0.13,0.5190082644628099,100.10000000000001,1.815,0.9420000000000001,0.6143250688705234,1.115
23.930222134384838,0.9327595481441635,0.10200000000000001,0.28200000000000003,0.09,0.216,0.20500000000000002,0.125,0.516406670252824,82.7,1.859,0.96,0.607315761161915,1.129
29.78120662942793,0.9185829707893102,0.091,0.23500000000000001,0.084,0.201,0.17300000000000001,0.131,0.5102548166563082,77.10000000000001,1.609,0.8210000000000001,0.6059664387818521,0.975
30.628538249383073,0.9186746987951807,0.107,0.266,0.08700000000000001,0.212,0.197,0.135,0.5271084337349398,84.4,1.6600000000000001,0.875,0.6102409638554217,1.0130000000000001
27.457891896579696,0.9296833064949007,0.099,0.259,0.08600000000000001,0.21,0.186,0.131,0.514224369296833,95.30000000000001,1.863,0.9580000000000001,0.5963499731615673,1.111
23.543556032001106,0.9301814183617372,0.108,0.28700000000000003,0.093,0.222,0.202,0.127,0.4925783397471138,77.9,1.819,0.896,0.5964815832875207,1.085
23.933595517536308,0.9339513325608343,0.105,0.266,0.089,0.20600000000000002,0.192,0.114,0.518539976825029,71.3,1.726,0.895,0.6002317497103129,1.036
36.091176351867254,0.9219569015725102,0.107,0.276,0.091,0.222,0.195,0.134,0.49330227140361094,106.4,1.717,0.847,0.5853232382061736,1.0050000000000001
30.406062659680146,0.9262202043132803,0.098,0.278,0.094,0.223,0.199,0.13,0.5329171396140749,94.4,1.762,0.9390000000000001,0.6095346197502838,1.074
25.50760126517702,0.9270482603815937,0.107,0.28800000000000003,0.08600000000000001,0.217,0.20800000000000002,0.13,0.5039281705948373,81.0,1.782,0.898,0.601010101010101,1.071
25.44461953365807,0.930976430976431,0.099,0.279,0.089,0.21,0.199,0.123,0.5347923681257014,80.80000000000001,1.782,0.9530000000000001,0.6032547699214366,1.075
27.471467588324433,0.916955017301038,0.095,0.265,0.09,0.215,0.189,0.14400000000000002,0.5051903114186851,82.60000000000001,1.734,0.876,0.5888119953863898,1.0210000000000001
28.396631123050355,0.9195026178010471,0.096,0.241,0.079,0.193,0.17300000000000001,0.123,0.5274869109947644,66.3,1.528,0.806,0.606020942408377,0.926
23.6734693877551,0.9205714285714286,0.1,0.256,0.09,0.217,0.19,0.139,0.4948571428571429,72.5,1.75,0.866,0.5925714285714285,1.037
23.826935573023807,0.928053541550474,0.098,0.267,0.08700000000000001,0.203,0.197,0.129,0.5103179029559398,76.60000000000001,1.793,0.915,0.6101505856107083,1.094
26.31908071505438,0.9273153575615475,0.094,0.261,0.08,0.192,0.18,0.124,0.511137162954279,76.60000000000001,1.706,0.872,0.6189917936694022,1.056
32.53132888148156,0.9241917502787068,0.113,0.281,0.098,0.23500000000000001,0.203,0.136,0.5234113712374582,104.7,1.794,0.9390000000000001,0.6153846153846154,1.104
22.99698476947974,0.9240719910011248,0.101,0.28300000000000003,0.085,0.20400000000000001,0.193,0.135,0.5061867266591676,72.7,1.778,0.9,0.5854893138357705,1.041
27.57785467128028,0.9294117647058824,0.098,0.274,0.08600000000000001,0.211,0.19,0.12,0.5370588235294118,79.7,1.7,0.913,0.611764705882353,1.04
33.30153912702995,0.9301361752516282,0.108,0.28600000000000003,0.088,0.211,0.198,0.11800000000000001,0.5115452930728241,95.0,1.689,0.864,0.5938425103611604,1.0030000000000001
31.75547845586988,0.9228450874020494,0.1,0.264,0.08600000000000001,0.20600000000000002,0.188,0.128,0.5021097046413502,87.4,1.659,0.833,0.5997588908981314,0.995
33.450336314951386,0.9159104658197217,0.11,0.257,0.088,0.216,0.192,0.139,0.49788263762855417,91.4,1.653,0.8230000000000001,0.5934664246823956,0.981
31.40887610414918,0.9210686095931998,0.094,0.258,0.084,0.203,0.19,0.13,0.4990892531876138,85.2,1.647,0.8220000000000001,0.5938069216757741,0.978
24.297515936311925,0.9364548494983278,0.098,0.278,0.092,0.223,0.201,0.114,0.5161649944258639,78.2,1.794,0.926,0.6114827201783724,1.097
26.966187161617704,0.9214753123140987,0.093,0.253,0.082,0.193,0.183,0.132,0.5086258179654968,76.2,1.681,0.855,0.5930993456276026,0.997
31.418685121107274,0.9176470588235294,0.10200000000000001,0.259,0.084,0.202,0.17500000000000002,0.14,0.5,90.80000000000001,1.7,0.85,0.5858823529411765,0.996
24.90239527276564,0.9202279202279202,0.108,0.278,0.099,0.233,0.198,0.14,0.5213675213675214,76.7,1.7550000000000001,0.915,0.6148148148148148,1.079
29.376560309154957,0.9269005847953217,0.10300000000000001,0.257,0.085,0.20400000000000001,0.181,0.125,0.49064327485380116,85.9,1.71,0.839,0.5678362573099415,0.971
31.345245701779515,0.9284552845528455,0.105,0.278,0.088,0.217,0.197,0.132,0.5067750677506775,106.7,1.845,0.935,0.6048780487804878,1.116
29.51589756140976,0.9180424528301887,0.101,0.26,0.088,0.212,0.181,0.139,0.5094339622641509,84.9,1.696,0.864,0.5990566037735849,1.016
21.79827008928571,0.9252232142857143,0.1,0.281,0.084,0.198,0.195,0.134,0.51953125,70.0,1.792,0.931,0.6116071428571429,1.096
21.825611042363942,0.923342939481268,0.10200000000000001,0.273,0.08700000000000001,0.214,0.178,0.133,0.523342939481268,65.7,1.735,0.908,0.6,1.041
30.046271257736915,0.9266547406082289,0.105,0.274,0.088,0.214,0.19,0.123,0.5014907573047108,84.5,1.677,0.841,0.6112104949314252,1.025
31.611423542151286,0.9281267685342388,0.1,0.273,0.093,0.224,0.197,0.127,0.5263157894736842,98.7,1.7670000000000001,0.93,0.6162988115449916,1.089
27.95171951998711,0.9229011993146773,0.097,0.256,0.088,0.20800000000000002,0.19,0.135,0.4985722444317533,85.7,1.7510000000000001,0.873,0.5699600228440891,0.998
33.39339884404516,0.928208027133974,0.11,0.293,0.09,0.218,0.203,0.127,0.4906726964386659,104.5,1.7690000000000001,0.868,0.5833804409270774,1.032
29.631389496485383,0.9308755760368663,0.1,0.264,0.092,0.225,0.187,0.12,0.48847926267281105,89.30000000000001,1.736,0.848,0.5794930875576036,1.006
29.4173902955108,0.9295248264815803,0.108,0.278,0.094,0.226,0.19,0.132,0.5013347570742125,103.2,1.873,0.9390000000000001,0.594233849439402,1.113
29.42678014739064,0.9271371199082042,0.101,0.266,0.091,0.217,0.191,0.127,0.5025817555938038,89.4,1.743,0.876,0.6001147446930579,1.046
21.138662963697676,0.9301408450704225,0.105,0.27,0.082,0.193,0.187,0.124,0.5030985915492958,66.60000000000001,1.7750000000000001,0.893,0.6056338028169014,1.075
30.189047888310018,0.9196272568433314,0.10200000000000001,0.264,0.088,0.213,0.19,0.138,0.5183459522422831,89.0,1.717,0.89,0.6109493302271404,1.049
36.28322354451361,0.9237983587338804,0.101,0.27,0.09,0.214,0.193,0.13,0.5175849941383353,105.60000000000001,1.706,0.883,0.5826494724501758,0.994
27.183718403764317,0.9233390119250426,0.099,0.275,0.08600000000000001,0.213,0.197,0.135,0.5150482680295286,84.30000000000001,1.7610000000000001,0.907,0.6013628620102215,1.059
27.072143997677458,0.9168674698795181,0.10200000000000001,0.246,0.08,0.193,0.176,0.138,0.4927710843373494,74.60000000000001,1.6600000000000001,0.8180000000000001,0.5831325301204819,0.968
21.535048562075588,0.9177177177177177,0.099,0.253,0.081,0.194,0.17400000000000002,0.137,0.4972972972972973,59.7,1.665,0.8280000000000001,0.5927927927927928,0.987
26.27620104665807,0.9266779469825155,0.108,0.28200000000000003,0.09,0.213,0.197,0.13,0.5143824027072758,82.60000000000001,1.7730000000000001,0.912,0.5978567399887197,1.06
30.130638075226933,0.9273775216138328,0.1,0.28200000000000003,0.088,0.212,0.198,0.126,0.5135446685878963,90.7,1.735,0.891,0.5948126801152738,1.032
29.541261597134664,0.9257109692396982,0.10300000000000001,0.272,0.091,0.216,0.19,0.128,0.5107370864770748,87.7,1.723,0.88,0.6024376088218224,1.038
23.898830841284198,0.9226225634967513,0.10400000000000001,0.267,0.08600000000000001,0.2,0.193,0.131,0.5091553455404607,68.5,1.693,0.862,0.6012994683992912,1.018
25.686674811385462,0.9236111111111112,0.10400000000000001,0.257,0.093,0.221,0.193,0.132,0.49247685185185186,76.7,1.728,0.851,0.5972222222222222,1.032
33.033041291912774,0.9259259259259259,0.1,0.28500000000000003,0.092,0.223,0.197,0.134,0.5102266445550028,108.10000000000001,1.809,0.923,0.6014372581536761,1.088
27.648043274201616,0.9216038300418911,0.097,0.26,0.085,0.2,0.185,0.131,0.4943147815679234,77.2,1.671,0.8260000000000001,0.6098144823459006,1.0190000000000001
26.312239634993052,0.9284507042253521,0.101,0.263,0.091,0.212,0.19,0.127,0.5019718309859155,82.9,1.7750000000000001,0.891,0.6107042253521127,1.084
28.734003927539344,0.9189345686160972,0.099,0.248,0.088,0.214,0.187,0.14,0.499131441806601,85.7,1.727,0.862,0.5929357266936884,1.024
24.629093339273783,0.9194029850746268,0.094,0.247,0.08700000000000001,0.20400000000000001,0.177,0.135,0.49970149253731344,69.10000000000001,1.675,0.837,0.5886567164179104,0.986
27.98796725755076,0.9310548025928108,0.098,0.265,0.089,0.21,0.187,0.117,0.5185621685327048,80.60000000000001,1.697,0.88,0.5934001178550383,1.0070000000000001
23.792613636363637,0.9295454545454546,0.093,0.263,0.082,0.197,0.183,0.124,0.5017045454545455,73.7,1.76,0.883,0.6176136363636363,1.087
24.84965159185265,0.9224235560588901,0.107,0.265,0.097,0.234,0.201,0.137,0.5050962627406569,77.5,1.766,0.892,0.6024915062287656,1.064
34.52478148318598,0.9250146455770357,0.095,0.264,0.08,0.199,0.184,0.128,0.4874048037492677,100.60000000000001,1.707,0.8320000000000001,0.5594610427650849,0.9550000000000001
26.602293241409004,0.9293659621802002,0.095,0.265,0.084,0.2,0.185,0.127,0.5050055617352615,86.0,1.798,0.908,0.5967741935483871,1.073
21.10193826781718,0.9310344827586207,0.091,0.256,0.077,0.19,0.18,0.116,0.4940546967895363,59.7,1.682,0.8310000000000001,0.5850178359096314,0.984
32.07723175128251,0.9238694905552376,0.108,0.274,0.08700000000000001,0.215,0.188,0.133,0.48597595878649114,97.9,1.747,0.849,0.5609616485403549,0.98
23.20734273079793,0.9374364191251272,0.107,0.309,0.093,0.217,0.22,0.123,0.5178026449643948,89.7,1.966,1.018,0.6174974567650051,1.214
33.67395064711324,0.9211283822682786,0.112,0.273,0.09,0.216,0.195,0.137,0.48244099021301096,101.60000000000001,1.737,0.838,0.5820379965457686,1.0110000000000001
32.24069363302485,0.9269994632313473,0.10300000000000001,0.273,0.089,0.214,0.194,0.136,0.5040257648953301,111.9,1.863,0.9390000000000001,0.5979602791196994,1.114
20.6179647719888,0.929456112008616,0.095,0.28600000000000003,0.089,0.215,0.20400000000000001,0.131,0.5126548196015078,71.10000000000001,1.857,0.9520000000000001,0.600430802369413,1.115
30.917271873969852,0.9259058950784208,0.099,0.269,0.088,0.209,0.188,0.137,0.5110870740941049,105.7,1.849,0.9450000000000001,0.5987020010816657,1.107
24.563202187192964,0.9242919389978214,0.107,0.27,0.091,0.216,0.193,0.139,0.4989106753812636,82.80000000000001,1.836,0.916,0.5920479302832244,1.087
28.433960372882492,0.922543352601156,0.10200000000000001,0.267,0.08700000000000001,0.212,0.194,0.134,0.49421965317919075,85.10000000000001,1.73,0.855,0.5936416184971098,1.027
27.534516765286,0.9333333333333333,0.107,0.31,0.09,0.218,0.20700000000000002,0.13,0.5307692307692308,104.7,1.95,1.035,0.6148717948717949,1.199
29.144303109708343,0.9211973121563837,0.097,0.27,0.095,0.224,0.186,0.129,0.527794746487477,78.10000000000001,1.637,0.864,0.6023213194868662,0.986
30.50580106249473,0.928173719376392,0.107,0.269,0.094,0.225,0.185,0.129,0.5144766146993318,98.4,1.796,0.924,0.6124721603563474,1.1
26.58177265842877,0.9249408983451537,0.107,0.274,0.088,0.214,0.2,0.127,0.5011820330969267,76.10000000000001,1.692,0.848,0.6016548463356974,1.018
28.96818656118809,0.9236453201970444,0.1,0.263,0.088,0.215,0.19,0.124,0.5067733990147784,76.4,1.624,0.8230000000000001,0.5862068965517241,0.9520000000000001
36.96082914189909,0.9160493827160494,0.11,0.264,0.09,0.217,0.186,0.136,0.4845679012345679,97.0,1.62,0.785,0.578395061728395,0.937
30.535468283217178,0.9288256227758007,0.099,0.261,0.089,0.217,0.188,0.12,0.5083036773428232,86.80000000000001,1.686,0.857,0.6008303677342823,1.0130000000000001
26.335377914316982,0.9288990825688074,0.101,0.28400000000000003,0.085,0.20500000000000002,0.194,0.124,0.47190366972477066,80.10000000000001,1.744,0.8230000000000001,0.5837155963302753,1.018
29.34191303138767,0.9276123759486281,0.092,0.253,0.083,0.197,0.18,0.124,0.4985405720957385,86.10000000000001,1.713,0.854,0.5907764156450671,1.012
25.9265306122449,0.9274285714285714,0.094,0.266,0.08700000000000001,0.201,0.188,0.127,0.5074285714285715,79.4,1.75,0.888,0.6074285714285714,1.063
32.87514576420482,0.9272930648769575,0.1,0.264,0.08600000000000001,0.20600000000000002,0.189,0.13,0.48210290827740493,105.10000000000001,1.788,0.862,0.5682326621923938,1.016
25.32174743945773,0.9191256830601093,0.10300000000000001,0.28700000000000003,0.095,0.224,0.203,0.148,0.48743169398907105,84.80000000000001,1.83,0.892,0.5961748633879781,1.091
21.519913947671085,0.9257744009351256,0.101,0.277,0.08700000000000001,0.214,0.192,0.127,0.5084745762711864,63.0,1.711,0.87,0.6060783167738165,1.037
39.6544281810803,0.9282998370450842,0.113,0.273,0.095,0.224,0.194,0.132,0.5073329712112982,134.4,1.841,0.934,0.6023900054318305,1.109
30.60337026684631,0.9209641255605381,0.108,0.29,0.093,0.22,0.199,0.14100000000000001,0.4971973094170404,97.4,1.784,0.887,0.5969730941704036,1.065
21.923934310002796,0.9300261096605744,0.10200000000000001,0.281,0.08600000000000001,0.20600000000000002,0.2,0.134,0.5206266318537859,80.4,1.915,0.997,0.612532637075718,1.173
24.886961815738484,0.9313351498637602,0.108,0.28500000000000003,0.093,0.218,0.188,0.126,0.5035422343324251,83.80000000000001,1.835,0.924,0.5978201634877384,1.097
34.77518066147243,0.9333333333333333,0.1,0.277,0.095,0.228,0.197,0.127,0.5013123359580053,126.2,1.905,0.9550000000000001,0.5874015748031496,1.119
35.01450406165219,0.9284534947716016,0.097,0.274,0.08700000000000001,0.211,0.193,0.13,0.5277930654925702,115.60000000000001,1.817,0.9590000000000001,0.6059438635112824,1.101
30.867011255466586,0.926367081754196,0.10200000000000001,0.277,0.088,0.217,0.197,0.136,0.5089334055224689,105.30000000000001,1.847,0.9400000000000001,0.6085544125609096,1.124
22.81156970515878,0.9245939675174014,0.096,0.265,0.084,0.197,0.186,0.13,0.4947795823665893,67.8,1.724,0.853,0.5986078886310905,1.032
30.13675853182026,0.9281705948372615,0.10300000000000001,0.278,0.093,0.227,0.209,0.128,0.5,95.7,1.782,0.891,0.5824915824915825,1.038
23.845955803912293,0.926033779848573,0.101,0.275,0.089,0.21,0.194,0.127,0.528246942341293,70.3,1.717,0.907,0.605707629586488,1.04
20.712738901896962,0.9298147108366086,0.1,0.27,0.08700000000000001,0.209,0.195,0.125,0.5087029758562606,65.7,1.7810000000000001,0.906,0.6035934868051657,1.075
26.637784760151302,0.9301691216584833,0.098,0.264,0.088,0.217,0.192,0.128,0.4866339334424441,89.5,1.833,0.892,0.5771958537915984,1.058
25.007579804036904,0.9310740953475014,0.1,0.268,0.08700000000000001,0.213,0.186,0.12,0.5037334865020103,75.8,1.741,0.877,0.6008041355542791,1.046
27.23193674976916,0.9298245614035088,0.105,0.28500000000000003,0.091,0.215,0.196,0.128,0.5104166666666666,90.60000000000001,1.824,0.931,0.5932017543859649,1.082
23.086127930495365,0.9297848244620611,0.097,0.269,0.08600000000000001,0.20400000000000001,0.188,0.124,0.5124575311438279,72.0,1.766,0.905,0.6121177802944507,1.081
31.603951820861088,0.9236683141131247,0.109,0.28600000000000003,0.09,0.221,0.2,0.139,0.5013728720483251,104.80000000000001,1.821,0.913,0.5771554091158704,1.051
35.91309587590216,0.9265850945494994,0.1,0.28400000000000003,0.092,0.219,0.195,0.132,0.5,116.10000000000001,1.798,0.899,0.5728587319243604,1.03
25.802806964016707,0.9274017467248908,0.1,0.274,0.08700000000000001,0.20500000000000002,0.2,0.133,0.5010917030567685,86.60000000000001,1.832,0.918,0.6129912663755459,1.123
21.167748241157355,0.9293768545994066,0.095,0.246,0.08,0.194,0.17400000000000002,0.11900000000000001,0.4937685459940653,60.1,1.685,0.8320000000000001,0.5946587537091989,1.002
35.03345695138857,0.9256152125279642,0.10300000000000001,0.278,0.088,0.22,0.197,0.133,0.5095078299776287,112.0,1.788,0.911,0.5850111856823266,1.046
24.460512483046966,0.9286118980169972,0.096,0.267,0.083,0.199,0.183,0.126,0.509915014164306,76.2,1.7650000000000001,0.9,0.6050991501416431,1.068
38.66723305993966,0.9312431243124313,0.11800000000000001,0.294,0.094,0.226,0.20400000000000001,0.125,0.5005500550055005,127.80000000000001,1.818,0.91,0.5973597359735974,1.086
18.587693681835606,0.9259039715471251,0.098,0.257,0.082,0.195,0.179,0.125,0.5014819205690575,52.900000000000006,1.687,0.846,0.5933609958506224,1.0010000000000001
29.941281819542784,0.9274700171330669,0.1,0.263,0.088,0.213,0.184,0.127,0.5151342090234152,91.80000000000001,1.7510000000000001,0.902,0.6076527698458024,1.064
26.255154551125425,0.9246344206974129,0.1,0.275,0.089,0.213,0.195,0.134,0.4921259842519685,83.0,1.778,0.875,0.6012373453318335,1.069
32.177421350956664,0.9270315091210614,0.113,0.28400000000000003,0.097,0.227,0.20400000000000001,0.132,0.5201768933112216,105.30000000000001,1.809,0.9410000000000001,0.6163626312880044,1.115
28.15208640154019,0.9255735870173475,0.1,0.275,0.096,0.221,0.198,0.133,0.5153889199776162,89.9,1.7870000000000001,0.921,0.6032456631225518,1.078
24.968120797474132,0.9273318872017353,0.105,0.275,0.091,0.213,0.191,0.134,0.5325379609544468,84.9,1.844,0.982,0.618763557483731,1.141
25.68584001747761,0.9307262569832402,0.099,0.275,0.083,0.197,0.187,0.124,0.5195530726256983,82.30000000000001,1.79,0.93,0.6245810055865921,1.118
22.991721933439837,0.9291199054932073,0.096,0.259,0.088,0.20800000000000002,0.18,0.12,0.49379799173065564,65.9,1.693,0.836,0.5924394565859421,1.0030000000000001
26.20764704552016,0.9232987312572087,0.098,0.264,0.084,0.20600000000000002,0.183,0.133,0.527681660899654,78.80000000000001,1.734,0.915,0.615916955017301,1.068
23.397856316350907,0.930752453653217,0.107,0.28800000000000003,0.08700000000000001,0.211,0.216,0.127,0.5343511450381679,78.7,1.834,0.98,0.6172300981461287,1.1320000000000001
28.486965869389948,0.9289617486338798,0.10300000000000001,0.269,0.091,0.223,0.188,0.13,0.49453551912568305,95.4,1.83,0.905,0.5770491803278689,1.056
28.58857329461792,0.9288816503800217,0.105,0.276,0.092,0.224,0.2,0.131,0.501085776330076,97.0,1.842,0.923,0.5890336590662324,1.085
29.89166261291774,0.9275053304904051,0.10400000000000001,0.272,0.088,0.214,0.2,0.136,0.5186567164179104,105.2,1.8760000000000001,0.973,0.6103411513859275,1.145
23.41079818557296,0.9237237237237237,0.099,0.253,0.085,0.20400000000000001,0.187,0.127,0.5039039039039039,64.9,1.665,0.839,0.5933933933933934,0.988
28.666610677192686,0.9285714285714286,0.10300000000000001,0.278,0.094,0.225,0.199,0.135,0.5132275132275133,102.4,1.8900000000000001,0.97,0.608994708994709,1.151
25.653186811875635,0.9286125503742084,0.1,0.257,0.08600000000000001,0.20400000000000001,0.195,0.124,0.4985607369027058,77.4,1.737,0.866,0.5877950489349453,1.0210000000000001
25.865552541617124,0.9304956896551724,0.10200000000000001,0.275,0.088,0.216,0.188,0.129,0.5043103448275862,89.10000000000001,1.856,0.936,0.6050646551724138,1.123
21.001045858075475,0.926655719759168,0.112,0.294,0.088,0.211,0.219,0.134,0.5424192665571976,70.10000000000001,1.827,0.991,0.6195949644225506,1.1320000000000001
30.350473123429932,0.9221218961625283,0.10300000000000001,0.28,0.092,0.226,0.194,0.138,0.5033860045146726,95.30000000000001,1.772,0.892,0.5846501128668171,1.036
34.580970384373025,0.9217391304347826,0.108,0.28300000000000003,0.091,0.22,0.198,0.135,0.4944927536231884,102.9,1.725,0.853,0.5733333333333334,0.989
23.65492707057317,0.9218839747271683,0.1,0.269,0.088,0.20700000000000002,0.182,0.136,0.488799540493969,71.7,1.741,0.851,0.591614014933946,1.03
30.633944355358082,0.9308731808731808,0.111,0.28800000000000003,0.095,0.225,0.212,0.133,0.501039501039501,113.4,1.924,0.964,0.5774428274428275,1.111
26.93952950286655,0.9200863930885529,0.10200000000000001,0.28200000000000003,0.093,0.217,0.192,0.148,0.5113390928725702,92.4,1.852,0.9470000000000001,0.603671706263499,1.118
29.018815800164827,0.9312602291325696,0.101,0.272,0.091,0.222,0.194,0.126,0.5128205128205128,97.5,1.833,0.9400000000000001,0.6088379705400983,1.116
27.762395136205104,0.9296116504854369,0.1,0.255,0.089,0.212,0.18,0.116,0.5194174757281553,75.4,1.6480000000000001,0.856,0.6049757281553398,0.997
27.503180679581618,0.9272937103289094,0.099,0.258,0.084,0.211,0.183,0.126,0.4979803808424697,82.60000000000001,1.733,0.863,0.6001154068090018,1.04
32.94687696517859,0.925639500297442,0.1,0.274,0.095,0.226,0.189,0.125,0.49672813801308746,93.10000000000001,1.681,0.835,0.5942891136228435,0.999
36.51858359126772,0.932378223495702,0.1,0.272,0.092,0.223,0.19,0.11800000000000001,0.49054441260744985,111.2,1.745,0.856,0.5805157593123209,1.0130000000000001
27.958477508650525,0.9247058823529412,0.109,0.267,0.089,0.211,0.186,0.128,0.5170588235294118,80.80000000000001,1.7,0.879,0.6082352941176471,1.034
28.428998138969778,0.9253996447602132,0.10300000000000001,0.255,0.09,0.213,0.19,0.126,0.4955595026642984,81.10000000000001,1.689,0.837,0.5772646536412078,0.975
29.592633710562513,0.920687742651137,0.10200000000000001,0.275,0.085,0.20700000000000002,0.193,0.14300000000000002,0.5036051026067665,96.2,1.803,0.908,0.5901275651691625,1.064
28.960642112007523,0.9290703922622247,0.10400000000000001,0.277,0.088,0.215,0.197,0.132,0.507791509940892,100.30000000000001,1.861,0.9450000000000001,0.6050510478237506,1.1260000000000001
32.47179601861327,0.9201824401368301,0.106,0.267,0.088,0.213,0.197,0.14,0.5051311288483467,99.9,1.754,0.886,0.5917901938426454,1.038
30.380231465257047,0.9235002751788662,0.11,0.302,0.092,0.22,0.20400000000000001,0.139,0.5211887727022565,100.30000000000001,1.817,0.9470000000000001,0.5987892129884425,1.088
26.46643026061388,0.9210064365125804,0.10300000000000001,0.258,0.084,0.20500000000000002,0.187,0.135,0.5032182562902282,77.30000000000001,1.709,0.86,0.5956699824458748,1.018
24.082256612150022,0.9250832408435072,0.107,0.28400000000000003,0.094,0.222,0.214,0.135,0.521087680355161,78.2,1.802,0.9390000000000001,0.6148723640399556,1.108
28.329543713582392,0.9308655416439847,0.108,0.277,0.088,0.215,0.20600000000000002,0.127,0.5198693522046816,95.60000000000001,1.837,0.9550000000000001,0.6020685900925422,1.106
21.042959201209264,0.9260304912478825,0.101,0.276,0.08700000000000001,0.21,0.187,0.131,0.5172219085262564,66.0,1.7710000000000001,0.916,0.6086956521739131,1.078
30.78761052171546,0.9318786588610963,0.10300000000000001,0.273,0.09,0.218,0.203,0.128,0.525279403938265,108.7,1.879,0.987,0.6104310803618946,1.147
32.37977290868933,0.9291508923742564,0.107,0.279,0.094,0.227,0.2,0.131,0.5116279069767442,110.7,1.849,0.9460000000000001,0.6100594916170903,1.1280000000000001
31.06080110290759,0.9256484149855908,0.10400000000000001,0.277,0.088,0.211,0.193,0.129,0.5089337175792508,93.5,1.735,0.883,0.6069164265129683,1.053
25.970454320635277,0.9241837299391257,0.105,0.276,0.091,0.213,0.196,0.137,0.4958494742667405,84.80000000000001,1.807,0.896,0.5954620918649696,1.076
30.02168856566473,0.9229480737018425,0.106,0.28,0.091,0.216,0.196,0.138,0.5231714126186487,96.30000000000001,1.7910000000000001,0.937,0.5935231714126187,1.063
22.352941176470594,0.9241176470588235,0.10400000000000001,0.267,0.088,0.214,0.192,0.129,0.4964705882352941,64.60000000000001,1.7,0.844,0.5952941176470589,1.012
29.592932769240885,0.9258861439312567,0.10400000000000001,0.28,0.082,0.202,0.2,0.138,0.5053705692803437,102.60000000000001,1.862,0.9410000000000001,0.5966702470461869,1.111
29.639275929923897,0.9206716850028952,0.106,0.274,0.09,0.214,0.192,0.137,0.5118702953097858,88.4,1.727,0.884,0.6189924724956573,1.069
23.76707420969189,0.9228028503562945,0.099,0.259,0.08600000000000001,0.20400000000000001,0.188,0.13,0.5112826603325415,67.4,1.684,0.861,0.6015439429928741,1.0130000000000001
28.178359772943367,0.9210064365125804,0.096,0.259,0.083,0.20500000000000002,0.17400000000000002,0.135,0.5043885313048566,82.30000000000001,1.709,0.862,0.5851375073142189,1.0
23.53987477431548,0.9273140261215219,0.099,0.274,0.08600000000000001,0.20700000000000002,0.191,0.128,0.5224304372515616,73.0,1.7610000000000001,0.92,0.6223736513344691,1.096
29.87607645452636,0.9223188405797101,0.10200000000000001,0.277,0.089,0.215,0.195,0.134,0.49971014492753624,88.9,1.725,0.862,0.6017391304347826,1.038
28.080792555785536,0.9233554616777309,0.105,0.261,0.08700000000000001,0.20500000000000002,0.188,0.127,0.5075437537718769,77.10000000000001,1.657,0.841,0.59987929993965,0.994
23.140760711954144,0.9246260069044879,0.1,0.269,0.08600000000000001,0.20400000000000001,0.184,0.131,0.5069044879171462,69.9,1.738,0.881,0.6001150747986191,1.043
22.171257086264603,0.9297520661157025,0.109,0.294,0.092,0.216,0.20600000000000002,0.136,0.5191115702479339,83.10000000000001,1.936,1.0050000000000001,0.612603305785124,1.186
33.29362717607348,0.9325842696629213,0.106,0.29,0.101,0.244,0.20500000000000002,0.126,0.50187265917603,116.30000000000001,1.869,0.9380000000000001,0.6067415730337079,1.1340000000000001
29.31421388554256,0.9269356597600873,0.106,0.28400000000000003,0.091,0.215,0.195,0.134,0.5,98.60000000000001,1.834,0.917,0.5757906215921483,1.056
35.645262650436464,0.9284232365145229,0.108,0.28500000000000003,0.089,0.212,0.20500000000000002,0.138,0.5191908713692946,132.5,1.928,1.0010000000000001,0.6094398340248963,1.175
31.25968476039661,0.9339158929546696,0.114,0.28300000000000003,0.094,0.233,0.201,0.121,0.5046422719825232,104.80000000000001,1.831,0.924,0.5909339158929546,1.082
26.661800240991614,0.9175199089874858,0.10300000000000001,0.272,0.08600000000000001,0.20800000000000002,0.188,0.145,0.4869169510807736,82.4,1.758,0.856,0.590443686006826,1.038
21.945810055300065,0.9250435793143521,0.094,0.268,0.08600000000000001,0.20700000000000002,0.191,0.129,0.5206275421266705,65.0,1.721,0.896,0.6188262638001162,1.065
27.10333591017148,0.9277748274030801,0.112,0.289,0.099,0.23600000000000002,0.214,0.136,0.492299522039299,96.10000000000001,1.883,0.927,0.5847052575677111,1.101
29.85010005424242,0.9293208172280508,0.1,0.28200000000000003,0.088,0.223,0.197,0.128,0.5085588072887908,97.9,1.811,0.921,0.6079514080618443,1.101
18.68512110726644,0.9235294117647059,0.098,0.254,0.084,0.20600000000000002,0.184,0.13,0.5188235294117647,54.0,1.7,0.882,0.6088235294117647,1.035
21.958210059171595,0.9242788461538461,0.093,0.253,0.078,0.191,0.186,0.126,0.5192307692307693,60.800000000000004,1.6640000000000001,0.864,0.609375,1.014
24.606356564419873,0.9215233698788229,0.10200000000000001,0.263,0.085,0.20500000000000002,0.182,0.136,0.5095210617426428,73.9,1.733,0.883,0.5937680323139065,1.029
30.870029193467268,0.9260467645459489,0.105,0.28400000000000003,0.093,0.22,0.199,0.136,0.5057096247960848,104.4,1.839,0.93,0.5948885263730288,1.094
15.351562499999998,0.921875,0.079,0.216,0.079,0.188,0.17400000000000002,0.125,0.515625,39.300000000000004,1.6,0.8250000000000001,0.596875,0.9550000000000001
28.599294550734413,0.9181253529079616,0.1,0.272,0.091,0.211,0.199,0.145,0.5042348955392434,89.7,1.7710000000000001,0.893,0.6086956521739131,1.078
36.40171637854429,0.9273803119956966,0.121,0.303,0.10200000000000001,0.241,0.217,0.135,0.5034965034965035,125.80000000000001,1.859,0.936,0.5922538999462076,1.101
24.128298679951428,0.9347471451876019,0.101,0.28,0.092,0.219,0.201,0.12,0.5350734094616639,81.60000000000001,1.839,0.984,0.6242523110386079,1.1480000000000001
23.722714434431417,0.9300739056281978,0.096,0.267,0.085,0.20500000000000002,0.189,0.123,0.503695281409892,73.4,1.7590000000000001,0.886,0.610574189880614,1.074
30.708822802722313,0.9229857819905213,0.105,0.264,0.088,0.212,0.189,0.13,0.5023696682464455,87.5,1.688,0.848,0.5847156398104265,0.987
23.448710538903057,0.9313616071428571,0.101,0.276,0.089,0.20600000000000002,0.203,0.123,0.5178571428571429,75.3,1.792,0.928,0.5965401785714286,1.069
25.56099996878999,0.9251396648044693,0.097,0.278,0.08700000000000001,0.212,0.195,0.134,0.5027932960893855,81.9,1.79,0.9,0.6067039106145251,1.086
27.103296963380963,0.9227298364354202,0.10300000000000001,0.267,0.084,0.197,0.189,0.137,0.5104342921601804,85.2,1.7730000000000001,0.905,0.5916525662718556,1.049
21.025768604193914,0.9354107648725213,0.1,0.269,0.08600000000000001,0.20600000000000002,0.193,0.114,0.521813031161473,65.5,1.7650000000000001,0.921,0.6135977337110482,1.083
33.23528313661068,0.918013856812933,0.108,0.28,0.094,0.224,0.2,0.14200000000000002,0.48787528868360275,99.7,1.732,0.845,0.601039260969977,1.041
26.281249046121914,0.9265193370165746,0.106,0.276,0.088,0.212,0.193,0.133,0.5116022099447514,86.10000000000001,1.81,0.926,0.5988950276243094,1.084
19.85945001714678,0.9282407407407407,0.093,0.264,0.08600000000000001,0.20700000000000002,0.194,0.124,0.5081018518518519,59.300000000000004,1.728,0.878,0.5972222222222222,1.032
30.96703454328638,0.9266813671444322,0.112,0.274,0.08700000000000001,0.212,0.185,0.133,0.47739801543550164,101.9,1.814,0.866,0.5909592061742006,1.072
25.318600349555922,0.9215575620767494,0.097,0.276,0.085,0.20400000000000001,0.184,0.139,0.4887133182844244,79.5,1.772,0.866,0.595372460496614,1.055
23.151020408163266,0.92,0.10200000000000001,0.265,0.092,0.216,0.193,0.14,0.5085714285714286,70.9,1.75,0.89,0.6045714285714285,1.058
24.086312053399634,0.9273433166943982,0.098,0.269,0.08,0.194,0.182,0.131,0.5080421519689406,78.30000000000001,1.803,0.916,0.5912368275097061,1.066
24.095435157924527,0.9286125503742084,0.097,0.258,0.081,0.197,0.187,0.124,0.5048934945308002,72.7,1.737,0.877,0.6113989637305699,1.062
25.63631734744839,0.9309407286568787,0.108,0.29,0.09,0.214,0.202,0.127,0.5084284937466014,86.7,1.839,0.935,0.6166394779771615,1.1340000000000001
28.03870529651426,0.9308510638297872,0.10400000000000001,0.29,0.089,0.213,0.20400000000000001,0.13,0.5127659574468085,99.10000000000001,1.8800000000000001,0.964,0.5936170212765958,1.116
25.986865334369043,0.9282913165266107,0.107,0.276,0.093,0.218,0.196,0.128,0.511484593837535,82.80000000000001,1.7850000000000001,0.913,0.6050420168067226,1.08
26.099633486575467,0.9230769230769231,0.107,0.28400000000000003,0.095,0.225,0.211,0.138,0.5016722408026756,84.0,1.794,0.9,0.5992196209587514,1.075
27.562103480795617,0.9305555555555556,0.1,0.268,0.084,0.201,0.184,0.12,0.5034722222222222,82.30000000000001,1.728,0.87,0.6064814814814815,1.048
24.527116840879636,0.9217186580341378,0.10200000000000001,0.277,0.085,0.212,0.187,0.133,0.5108887580929958,70.8,1.699,0.868,0.5927015891701001,1.0070000000000001
21.361791916379104,0.9311123658949746,0.094,0.251,0.078,0.19,0.184,0.122,0.5081874647092038,67.0,1.7710000000000001,0.9,0.5957086391869001,1.055
22.490069818390285,0.9242081447963801,0.1,0.256,0.08700000000000001,0.20500000000000002,0.195,0.134,0.49660633484162897,70.3,1.768,0.878,0.5927601809954751,1.048
30.775067691501445,0.9269859813084113,0.10400000000000001,0.272,0.088,0.215,0.187,0.125,0.4877336448598131,90.2,1.712,0.835,0.5683411214953271,0.973
21.411167208369196,0.9259259259259259,0.098,0.251,0.083,0.20500000000000002,0.182,0.124,0.5149342891278376,60.0,1.674,0.862,0.6051373954599761,1.0130000000000001
30.44047365377005,0.929438982070561,0.10200000000000001,0.265,0.092,0.216,0.191,0.122,0.4852515905147484,91.0,1.729,0.839,0.5951417004048583,1.029
29.916195289773782,0.9289805269186713,0.114,0.28400000000000003,0.094,0.217,0.198,0.124,0.504581901489118,91.2,1.746,0.881,0.6116838487972509,1.068
32.33057062105211,0.930391547545059,0.096,0.251,0.081,0.197,0.181,0.112,0.5034182722187694,83.7,1.609,0.81,0.6003729024238658,0.966
25.39321549023306,0.9259877573734001,0.093,0.258,0.081,0.193,0.178,0.133,0.5091819699499165,82.0,1.797,0.915,0.6004451864218141,1.079
35.29432256443964,0.9281370923161968,0.112,0.277,0.094,0.228,0.213,0.13,0.49640685461580986,115.5,1.809,0.898,0.5809839690436706,1.051
19.23444260811069,0.9198847262247839,0.101,0.266,0.08700000000000001,0.20800000000000002,0.194,0.139,0.5175792507204611,57.900000000000006,1.735,0.898,0.6080691642651297,1.055
31.678549793259347,0.9254947613504074,0.10400000000000001,0.27,0.091,0.217,0.199,0.128,0.5046565774155995,93.5,1.718,0.867,0.6047729918509895,1.039
27.39225712198685,0.9313063063063063,0.10300000000000001,0.276,0.09,0.216,0.20400000000000001,0.122,0.5180180180180181,86.4,1.776,0.92,0.6047297297297297,1.074
20.298556110592934,0.9258142340168878,0.099,0.245,0.083,0.197,0.183,0.123,0.5162846803377563,55.800000000000004,1.6580000000000001,0.856,0.6055488540410132,1.004
28.59435381985731,0.9310344827586207,0.108,0.277,0.096,0.229,0.195,0.128,0.5026939655172413,98.5,1.856,0.933,0.6023706896551724,1.118
33.475500892680024,0.9295774647887324,0.106,0.268,0.095,0.229,0.20600000000000002,0.12,0.5088028169014085,97.2,1.704,0.867,0.602112676056338,1.026
29.248107562890475,0.9317291550083939,0.106,0.28,0.092,0.217,0.202,0.122,0.5260212646894236,93.4,1.7870000000000001,0.9400000000000001,0.6233911583659765,1.114
31.364265013034284,0.9280096793708409,0.11,0.254,0.089,0.211,0.184,0.11900000000000001,0.484573502722323,85.7,1.653,0.801,0.5759225650332729,0.9520000000000001
24.930037170801917,0.9384781435509983,0.099,0.272,0.088,0.20800000000000002,0.186,0.114,0.5045871559633027,85.60000000000001,1.853,0.935,0.6049649217485159,1.121
20.032601953779036,0.9302979201798763,0.098,0.28700000000000003,0.08,0.195,0.215,0.124,0.5401911186059584,63.400000000000006,1.7790000000000001,0.961,0.6211354693648117,1.105
28.53836082507213,0.9295054007959067,0.1,0.266,0.088,0.214,0.189,0.124,0.5019897669130188,88.30000000000001,1.7590000000000001,0.883,0.5855599772598067,1.03
19.565364207102856,0.9252013808975834,0.1,0.272,0.084,0.20600000000000002,0.188,0.13,0.5184119677790564,59.1,1.738,0.901,0.6162255466052935,1.071
32.6857149095991,0.9158878504672897,0.099,0.256,0.088,0.211,0.177,0.14400000000000002,0.49883177570093457,95.80000000000001,1.712,0.854,0.5858644859813084,1.0030000000000001
24.06723101679913,0.9324721080446271,0.097,0.264,0.088,0.20700000000000002,0.194,0.115,0.5149735760422783,69.8,1.703,0.877,0.6012918379330593,1.024
24.620930578266687,0.9274193548387096,0.098,0.264,0.089,0.217,0.188,0.126,0.5028801843317973,74.2,1.736,0.873,0.6002304147465438,1.042
27.007842076798273,0.9331395348837209,0.096,0.264,0.089,0.21,0.184,0.115,0.5046511627906977,79.9,1.72,0.868,0.608139534883721,1.046
34.45361396151979,0.9316909294512878,0.11,0.277,0.08600000000000001,0.21,0.19,0.122,0.4977603583426652,109.9,1.786,0.889,0.5772676371780515,1.031
29.820452184629936,0.9281122150789012,0.10300000000000001,0.275,0.085,0.20400000000000001,0.178,0.123,0.5096434833430742,87.30000000000001,1.711,0.872,0.5938047925189948,1.016
22.13866204423964,0.9309744779582366,0.097,0.27,0.08700000000000001,0.20400000000000001,0.186,0.11900000000000001,0.5040603248259861,65.8,1.724,0.869,0.6032482598607889,1.04
32.617755739132285,0.9274193548387096,0.10400000000000001,0.265,0.096,0.233,0.201,0.126,0.5103686635944701,98.30000000000001,1.736,0.886,0.6008064516129032,1.043
21.17001847565249,0.9262672811059908,0.1,0.269,0.089,0.214,0.19,0.128,0.5149769585253456,63.800000000000004,1.736,0.894,0.6129032258064516,1.064
39.62028021122676,0.9237569060773481,0.113,0.293,0.098,0.233,0.20500000000000002,0.138,0.5044198895027624,129.8,1.81,0.913,0.5629834254143646,1.0190000000000001
26.494450371561587,0.9231227651966627,0.105,0.268,0.08600000000000001,0.20700000000000002,0.187,0.129,0.5065554231227652,74.60000000000001,1.678,0.85,0.6030989272943981,1.012
26.37348795282689,0.9261168384879725,0.10400000000000001,0.264,0.088,0.211,0.191,0.129,0.504581901489118,80.4,1.746,0.881,0.6093928980526919,1.064
25.649567839622847,0.9285714285714286,0.101,0.256,0.08700000000000001,0.20800000000000002,0.185,0.124,0.4976958525345622,77.30000000000001,1.736,0.864,0.5910138248847926,1.026
31.140016955421476,0.919391206313416,0.106,0.281,0.091,0.223,0.192,0.14300000000000002,0.5,98.0,1.774,0.887,0.5834272829763247,1.035
25.99183673469388,0.9297142857142857,0.10300000000000001,0.28400000000000003,0.09,0.22,0.199,0.123,0.5102857142857142,79.60000000000001,1.75,0.893,0.6011428571428571,1.052
30.047532820280665,0.9308510638297872,0.114,0.306,0.094,0.223,0.209,0.13,0.523936170212766,106.2,1.8800000000000001,0.985,0.6095744680851064,1.1460000000000001
27.239416193798444,0.920728126834997,0.10400000000000001,0.271,0.09,0.212,0.187,0.135,0.5055783910745743,79.0,1.703,0.861,0.5954198473282443,1.014
27.12559965595743,0.9286829776158251,0.108,0.297,0.091,0.22,0.194,0.137,0.5013014055179594,100.10000000000001,1.921,0.963,0.6111400312337324,1.174
25.372824565212955,0.932092004381161,0.1,0.28400000000000003,0.08700000000000001,0.213,0.192,0.124,0.49780941949616647,84.60000000000001,1.826,0.909,0.6067907995618839,1.108
22.32140167558117,0.9368825466520307,0.105,0.277,0.084,0.20400000000000001,0.198,0.115,0.5192096597145993,74.10000000000001,1.822,0.9460000000000001,0.6037321624588364,1.1
20.964576251285454,0.9291244788564622,0.095,0.257,0.081,0.196,0.179,0.11900000000000001,0.5080405002977963,59.1,1.679,0.853,0.6063132817153067,1.018
26.356662720648877,0.9235560588901472,0.1,0.255,0.08600000000000001,0.20800000000000002,0.187,0.135,0.5045300113250283,82.2,1.766,0.891,0.5996602491506229,1.059
21.360529528523614,0.9291066282420749,0.095,0.251,0.085,0.209,0.184,0.123,0.5129682997118156,64.3,1.735,0.89,0.607492795389049,1.054
26.741029876857255,0.9249448123620309,0.10300000000000001,0.269,0.091,0.215,0.189,0.136,0.4911699779249448,87.80000000000001,1.812,0.89,0.5993377483443708,1.086
26.03026417297388,0.9372146118721462,0.096,0.268,0.088,0.20800000000000002,0.189,0.11,0.4971461187214612,79.9,1.752,0.871,0.5947488584474886,1.042
29.68076887464505,0.9237749546279492,0.1,0.256,0.083,0.20700000000000002,0.184,0.126,0.5063520871143375,81.10000000000001,1.653,0.837,0.6055656382335148,1.0010000000000001
34.8259781460632,0.9278466741826381,0.107,0.297,0.088,0.217,0.197,0.128,0.5169109357384442,109.60000000000001,1.774,0.917,0.6138669673055243,1.089
23.45295588938102,0.9241540256709452,0.096,0.278,0.08,0.197,0.192,0.13,0.5064177362893816,68.9,1.714,0.868,0.6056009334889149,1.038
26.577146353628375,0.921201814058957,0.108,0.281,0.088,0.213,0.196,0.139,0.4943310657596372,82.7,1.764,0.872,0.6009070294784581,1.06
26.309328578783777,0.925764192139738,0.105,0.28200000000000003,0.098,0.232,0.195,0.136,0.509825327510917,88.30000000000001,1.832,0.934,0.5944323144104804,1.089
27.71604938271605,0.9222222222222223,0.108,0.277,0.088,0.213,0.194,0.14,0.505,89.80000000000001,1.8,0.909,0.5861111111111111,1.055
38.848112147060775,0.9237089201877934,0.10400000000000001,0.273,0.091,0.212,0.185,0.13,0.4994131455399061,112.80000000000001,1.704,0.851,0.5704225352112676,0.972
29.32269517899667,0.9266259032795998,0.105,0.29,0.092,0.221,0.2,0.132,0.5202890494719289,94.9,1.799,0.936,0.6053362979433018,1.089
25.4720741160774,0.9284477784189267,0.098,0.268,0.09,0.222,0.19,0.124,0.5072129255626082,76.5,1.733,0.879,0.6174264281592614,1.07
33.61237849633009,0.9312676056338028,0.108,0.278,0.084,0.201,0.184,0.122,0.48901408450704226,105.9,1.7750000000000001,0.868,0.5915492957746479,1.05
20.459136822773182,0.9290909090909091,0.09,0.232,0.082,0.193,0.177,0.117,0.5048484848484849,55.7,1.6500000000000001,0.833,0.5987878787878788,0.988
31.937175714831206,0.917654028436019,0.101,0.251,0.085,0.202,0.177,0.139,0.4958530805687204,91.0,1.688,0.837,0.5936018957345972,1.002
30.115328985226526,0.9286563614744352,0.095,0.254,0.084,0.20400000000000001,0.187,0.12,0.5053507728894173,85.2,1.682,0.85,0.5743162901307967,0.966
30.701493425358482,0.926530612244898,0.107,0.258,0.09,0.216,0.17300000000000001,0.126,0.5125364431486881,90.30000000000001,1.715,0.879,0.597667638483965,1.025
33.4326403987297,0.9290360733293909,0.10200000000000001,0.256,0.08700000000000001,0.20700000000000002,0.178,0.12,0.488468361916026,95.60000000000001,1.691,0.8260000000000001,0.5819041986989947,0.984
28.311984479208324,0.928896473265074,0.099,0.269,0.094,0.227,0.193,0.125,0.5142207053469852,87.5,1.758,0.904,0.6171786120591581,1.085
30.76166590595753,0.9267895878524945,0.1,0.273,0.08700000000000001,0.212,0.189,0.135,0.5103036876355749,104.60000000000001,1.844,0.9410000000000001,0.596529284164859,1.1
25.932858350440767,0.9258241758241759,0.10200000000000001,0.279,0.091,0.213,0.193,0.135,0.5153846153846153,85.9,1.82,0.9380000000000001,0.6032967032967033,1.098
25.746915049958538,0.9249283667621776,0.097,0.268,0.082,0.2,0.197,0.131,0.5054441260744985,78.4,1.745,0.882,0.6148997134670487,1.073
21.90270047412904,0.9296536796536796,0.1,0.28700000000000003,0.088,0.221,0.201,0.13,0.5140692640692641,74.8,1.848,0.9500000000000001,0.6093073593073594,1.1260000000000001
33.143260784996215,0.9287330316742082,0.096,0.262,0.088,0.212,0.184,0.126,0.5073529411764706,103.60000000000001,1.768,0.897,0.5854072398190046,1.035
26.459075830497024,0.9270774448841154,0.1,0.267,0.08700000000000001,0.212,0.186,0.129,0.5053702656868287,82.80000000000001,1.7690000000000001,0.894,0.5958168456755228,1.054
25.92943562783121,0.9328932893289329,0.101,0.269,0.092,0.217,0.191,0.122,0.5121012101210121,85.7,1.818,0.931,0.5984598459845984,1.088
26.617323983566568,0.9222952779438135,0.101,0.253,0.084,0.20400000000000001,0.18,0.13,0.5044829647340108,74.5,1.673,0.844,0.5941422594142259,0.994
29.305128633028467,0.9216937354988399,0.101,0.268,0.088,0.221,0.184,0.135,0.48781902552204176,87.10000000000001,1.724,0.841,0.5754060324825986,0.992
24.786833234186002,0.9250871080139372,0.10400000000000001,0.28500000000000003,0.092,0.223,0.19,0.129,0.5121951219512195,73.5,1.722,0.882,0.6056910569105691,1.043
25.248934175738388,0.9273140261215219,0.097,0.272,0.088,0.20700000000000002,0.192,0.128,0.5099375354911981,78.30000000000001,1.7610000000000001,0.898,0.6036342986939239,1.063
29.118502631790246,0.9244747302668939,0.1,0.263,0.088,0.221,0.192,0.133,0.49687677455990914,90.30000000000001,1.7610000000000001,0.875,0.5746734809767178,1.012
22.398612262926214,0.9267572356763142,0.094,0.254,0.084,0.20400000000000001,0.183,0.124,0.522740696987596,64.2,1.693,0.885,0.6172474896633195,1.045
28.9875874025011,0.9288256227758007,0.10300000000000001,0.264,0.089,0.213,0.184,0.12,0.5088967971530249,82.4,1.686,0.858,0.5824436536180309,0.982
24.36020051622442,0.9203802733214498,0.099,0.247,0.083,0.202,0.184,0.134,0.489007724301842,69.0,1.683,0.8230000000000001,0.5929887106357694,0.998
26.98866826890681,0.9295023696682464,0.096,0.23900000000000002,0.081,0.197,0.168,0.11900000000000001,0.49229857819905215,76.9,1.688,0.8310000000000001,0.5847156398104265,0.987
28.312534386392503,0.9257369614512472,0.101,0.276,0.09,0.221,0.197,0.131,0.49829931972789115,88.10000000000001,1.764,0.879,0.5980725623582767,1.055
26.545914577587364,0.9278579356270811,0.10300000000000001,0.267,0.088,0.213,0.184,0.13,0.5238623751387348,86.2,1.802,0.9440000000000001,0.6059933407325194,1.092
22.808458970634746,0.9266347687400319,0.11,0.27,0.08700000000000001,0.213,0.196,0.138,0.5135566188197768,80.7,1.881,0.966,0.6103136629452419,1.1480000000000001
32.660286364259754,0.9227110582639715,0.1,0.258,0.088,0.218,0.193,0.13,0.5041617122473246,92.4,1.682,0.848,0.5957193816884662,1.002
31.361997478062825,0.9305169538632574,0.106,0.279,0.092,0.224,0.194,0.125,0.5125069483046136,101.5,1.799,0.922,0.6064480266814897,1.091
32.514270725856015,0.9315589353612167,0.108,0.307,0.096,0.218,0.20800000000000002,0.126,0.5296034763715373,110.2,1.841,0.975,0.6051059206952744,1.114
24.443785001217435,0.9307432432432432,0.10200000000000001,0.279,0.083,0.20600000000000002,0.195,0.123,0.5191441441441441,77.10000000000001,1.776,0.922,0.6036036036036037,1.072
33.09214316026974,0.9261822376009228,0.107,0.28500000000000003,0.09,0.216,0.191,0.128,0.5144175317185697,99.5,1.734,0.892,0.6130334486735871,1.063
20.52305676548222,0.9255258669698693,0.098,0.274,0.085,0.203,0.195,0.131,0.51847640704946,63.5,1.7590000000000001,0.912,0.5901080159181353,1.038
31.636382918869757,0.9244663382594417,0.112,0.28300000000000003,0.094,0.228,0.2,0.138,0.5254515599343186,105.60000000000001,1.827,0.96,0.6206896551724138,1.1340000000000001
32.43026527778809,0.9291553133514986,0.109,0.28700000000000003,0.096,0.231,0.20400000000000001,0.13,0.5275204359673025,109.2,1.835,0.968,0.6114441416893733,1.122
24.03390918272873,0.9369266055045872,0.096,0.258,0.08600000000000001,0.212,0.187,0.11,0.507454128440367,73.10000000000001,1.744,0.885,0.6072247706422018,1.059
26.560644895005836,0.9356659142212189,0.10400000000000001,0.268,0.088,0.212,0.192,0.114,0.5073363431151241,83.4,1.772,0.899,0.5857787810383747,1.038
27.070707070707066,0.9224242424242424,0.095,0.253,0.08600000000000001,0.214,0.18,0.128,0.5272727272727272,73.7,1.6500000000000001,0.87,0.6024242424242424,0.994
26.370883654485596,0.9197707736389685,0.10200000000000001,0.274,0.084,0.20700000000000002,0.186,0.14,0.5146131805157593,80.30000000000001,1.745,0.898,0.5919770773638968,1.033
25.53694339362037,0.925207756232687,0.106,0.28400000000000003,0.092,0.224,0.192,0.135,0.5329639889196676,83.2,1.805,0.962,0.6260387811634349,1.1300000000000001
23.98751633038177,0.9271084337349398,0.093,0.262,0.082,0.196,0.181,0.121,0.5277108433734939,66.10000000000001,1.6600000000000001,0.876,0.6078313253012049,1.0090000000000001
30.928987765466296,0.9314692982456141,0.108,0.271,0.094,0.227,0.198,0.125,0.5285087719298246,102.9,1.824,0.964,0.6222587719298246,1.135
31.347426045738246,0.9305331179321487,0.10400000000000001,0.268,0.085,0.21,0.199,0.129,0.5158858373721056,108.10000000000001,1.857,0.9580000000000001,0.6025848142164781,1.119
32.27115258574951,0.9189944134078212,0.106,0.28400000000000003,0.09,0.218,0.197,0.145,0.49329608938547487,103.4,1.79,0.883,0.588268156424581,1.053
24.89856056919396,0.9252905368013282,0.10400000000000001,0.267,0.08700000000000001,0.212,0.198,0.135,0.5356945213060321,81.30000000000001,1.807,0.968,0.612617598229109,1.107
22.830780615879995,0.9255441008018328,0.097,0.263,0.08600000000000001,0.20600000000000002,0.191,0.13,0.516036655211913,69.60000000000001,1.746,0.901,0.6053837342497136,1.057
29.085332163749353,0.9176610978520287,0.095,0.253,0.082,0.20600000000000002,0.18,0.138,0.5101431980906921,81.7,1.676,0.855,0.5883054892601431,0.986
28.71407498966574,0.9284516489659027,0.108,0.278,0.097,0.231,0.196,0.128,0.5304639463387367,91.9,1.7890000000000001,0.9490000000000001,0.6014533258803801,1.076
33.58206027509043,0.9243697478991597,0.101,0.27,0.091,0.217,0.19,0.135,0.511484593837535,107.0,1.7850000000000001,0.913,0.5843137254901961,1.043
31.716698438169335,0.9250956806998359,0.10300000000000001,0.28400000000000003,0.096,0.225,0.20600000000000002,0.137,0.5117550574084199,106.10000000000001,1.829,0.936,0.5888463641334062,1.077
26.75028344671202,0.9238095238095239,0.096,0.255,0.084,0.20700000000000002,0.185,0.128,0.4994047619047619,75.5,1.68,0.839,0.5904761904761905,0.992
27.7019348933829,0.9342403628117913,0.10400000000000001,0.28400000000000003,0.088,0.20700000000000002,0.2,0.116,0.503968253968254,86.2,1.764,0.889,0.6082766439909297,1.073
28.41869073253771,0.9233055885850179,0.099,0.263,0.09,0.221,0.178,0.129,0.5089179548156956,80.4,1.682,0.856,0.5873959571938169,0.988
31.01202688180336,0.9200680272108843,0.098,0.277,0.096,0.234,0.193,0.14100000000000001,0.5028344671201814,96.5,1.764,0.887,0.5861678004535147,1.034
29.402920244578837,0.9271676300578034,0.1,0.276,0.08700000000000001,0.211,0.196,0.126,0.4953757225433526,88.0,1.73,0.857,0.5624277456647399,0.973
30.20923553420859,0.9319764327798608,0.107,0.296,0.089,0.216,0.20700000000000002,0.127,0.5104445634708088,105.30000000000001,1.867,0.9530000000000001,0.5977504017139796,1.116
25.295389772302187,0.9240884638374178,0.101,0.264,0.088,0.214,0.187,0.127,0.5038852361028093,70.8,1.673,0.843,0.5977286312014346,1.0
34.302183085030016,0.9330543933054394,0.115,0.293,0.098,0.23700000000000002,0.21,0.128,0.5167364016736402,125.4,1.9120000000000001,0.988,0.5962343096234309,1.1400000000000001
25.209893985411522,0.9232987312572087,0.1,0.264,0.084,0.201,0.191,0.133,0.49769319492502884,75.8,1.734,0.863,0.5859284890426759,1.016
30.944099824303493,0.9263473053892216,0.099,0.266,0.09,0.216,0.187,0.123,0.5095808383233533,86.30000000000001,1.67,0.851,0.5910179640718562,0.987
25.368154931756,0.9255196304849884,0.10400000000000001,0.274,0.088,0.213,0.198,0.129,0.5150115473441108,76.10000000000001,1.732,0.892,0.6125866050808314,1.061
29.066689175190493,0.9268698060941828,0.099,0.267,0.088,0.217,0.196,0.132,0.5235457063711911,94.7,1.805,0.9450000000000001,0.5922437673130194,1.069
23.494809986154227,0.9237536656891495,0.097,0.254,0.083,0.197,0.182,0.13,0.5020527859237537,68.3,1.705,0.856,0.5900293255131965,1.006
28.464052390682436,0.9230313795145056,0.096,0.254,0.084,0.202,0.19,0.13,0.5020722320899941,81.2,1.689,0.848,0.5731201894612197,0.968
27.10573298948621,0.9290140845070423,0.101,0.267,0.094,0.214,0.196,0.126,0.5014084507042254,85.4,1.7750000000000001,0.89,0.5932394366197183,1.053
29.76335080325906,0.9242675511332228,0.1,0.274,0.093,0.218,0.199,0.137,0.5251520176893312,97.4,1.809,0.9500000000000001,0.619126589275843,1.12
29.61273396507166,0.922566371681416,0.099,0.272,0.094,0.228,0.182,0.14,0.5199115044247787,96.80000000000001,1.808,0.9400000000000001,0.6061946902654868,1.096
24.43455475436116,0.9264448336252189,0.099,0.268,0.089,0.217,0.195,0.126,0.5148861646234676,71.7,1.713,0.882,0.6117921774664331,1.048
26.869544271583347,0.9244851258581236,0.099,0.263,0.084,0.20700000000000002,0.19,0.132,0.5011441647597255,82.10000000000001,1.748,0.876,0.5926773455377574,1.036
34.43186231627374,0.9281122150789012,0.105,0.274,0.088,0.217,0.191,0.123,0.4962010520163647,100.80000000000001,1.711,0.849,0.5850379894798363,1.0010000000000001
30.243842486212543,0.9352360043907794,0.097,0.276,0.084,0.20500000000000002,0.194,0.11800000000000001,0.5126234906695939,100.4,1.822,0.934,0.6026344676180022,1.098
28.110796650113627,0.9220183486238532,0.10400000000000001,0.278,0.09,0.222,0.194,0.136,0.4948394495412844,85.5,1.744,0.863,0.5779816513761468,1.008
23.869025607275923,0.9303695768612747,0.10200000000000001,0.276,0.08600000000000001,0.209,0.198,0.13,0.5307980717728977,83.2,1.867,0.991,0.6239957150508838,1.165
30.124969949396,0.9329173166926678,0.113,0.294,0.091,0.223,0.217,0.129,0.5262610504420177,111.4,1.923,1.012,0.6141445657826313,1.181
28.97853167844795,0.9295942720763724,0.095,0.256,0.08600000000000001,0.21,0.184,0.11800000000000001,0.4862768496420048,81.4,1.676,0.8150000000000001,0.5781622911694511,0.969
28.376844494892172,0.9296254256526674,0.101,0.277,0.09,0.22,0.20400000000000001,0.124,0.5028376844494892,88.10000000000001,1.762,0.886,0.5874006810442679,1.035
31.172735965569558,0.9271986022131625,0.096,0.28500000000000003,0.093,0.224,0.193,0.125,0.504950495049505,91.9,1.717,0.867,0.5812463599301106,0.998
38.453999199608866,0.9263278126784694,0.10200000000000001,0.279,0.097,0.23700000000000002,0.20500000000000002,0.129,0.5077098800685322,117.9,1.7510000000000001,0.889,0.5922330097087378,1.037
34.58184369674897,0.9248554913294798,0.106,0.259,0.092,0.223,0.187,0.13,0.5092485549132948,103.5,1.73,0.881,0.584393063583815,1.0110000000000001
39.203886388236114,0.9221148379761228,0.107,0.27,0.094,0.223,0.195,0.137,0.5099488345650938,121.30000000000001,1.7590000000000001,0.897,0.6088686753837408,1.071
24.09970269955598,0.9292088042831648,0.094,0.252,0.078,0.19,0.17400000000000002,0.11900000000000001,0.5086258179654968,68.10000000000001,1.681,0.855,0.6055919095776323,1.018
33.13407699527201,0.9286917462099944,0.107,0.28500000000000003,0.094,0.231,0.194,0.127,0.49971925884334645,105.10000000000001,1.7810000000000001,0.89,0.6041549691184728,1.076
22.13866204423964,0.9251740139211136,0.10300000000000001,0.267,0.088,0.215,0.181,0.129,0.5121809744779582,65.8,1.724,0.883,0.5968677494199536,1.029
28.02361135823937,0.9334055224688684,0.10300000000000001,0.276,0.092,0.219,0.20500000000000002,0.123,0.5040606388738494,95.60000000000001,1.847,0.931,0.5955603681645912,1.1
27.989411157024794,0.9289772727272727,0.095,0.253,0.085,0.20600000000000002,0.191,0.125,0.5153409090909091,86.7,1.76,0.907,0.5954545454545455,1.048
32.5777369771438,0.9282913165266107,0.101,0.277,0.092,0.227,0.20600000000000002,0.128,0.49635854341736696,103.80000000000001,1.7850000000000001,0.886,0.5736694677871148,1.024
24.95376800362183,0.9313019390581717,0.112,0.28300000000000003,0.098,0.23700000000000002,0.2,0.124,0.5069252077562327,81.30000000000001,1.805,0.915,0.5983379501385041,1.08
30.832661561727903,0.9281302638966873,0.106,0.266,0.092,0.218,0.2,0.128,0.519371139809096,97.80000000000001,1.7810000000000001,0.925,0.6092083099382369,1.085
27.691985381241437,0.9229379891631547,0.097,0.246,0.08600000000000001,0.20700000000000002,0.17400000000000002,0.128,0.5093317278747742,76.4,1.661,0.846,0.5647200481637568,0.9380000000000001
31.37913223140496,0.9238636363636363,0.10400000000000001,0.267,0.088,0.214,0.194,0.134,0.51875,97.2,1.76,0.913,0.5880681818181818,1.035
33.13183454940882,0.9142346634901727,0.108,0.279,0.099,0.23500000000000001,0.197,0.14400000000000002,0.49851101846337104,93.4,1.679,0.837,0.5872543180464562,0.986
29.074327217952586,0.9219351291918637,0.107,0.268,0.089,0.214,0.189,0.14200000000000002,0.49807586586036284,96.2,1.819,0.906,0.5860362836723474,1.066
28.426771114745673,0.9243746364165212,0.107,0.28700000000000003,0.089,0.217,0.188,0.13,0.5078534031413613,84.0,1.719,0.873,0.5951134380453752,1.0230000000000001
29.90410638511143,0.923121387283237,0.1,0.27,0.084,0.20700000000000002,0.18,0.133,0.49710982658959535,89.5,1.73,0.86,0.5942196531791908,1.028
31.724617889232412,0.9265569917743831,0.1,0.268,0.082,0.20500000000000002,0.193,0.125,0.5229142185663925,91.9,1.702,0.89,0.5869565217391305,0.999
28.800700393351224,0.9259465478841871,0.10400000000000001,0.279,0.08700000000000001,0.219,0.19,0.133,0.5066815144766147,92.9,1.796,0.91,0.5885300668151447,1.057
36.24674898732998,0.9235423542354235,0.111,0.274,0.093,0.229,0.19,0.139,0.4900990099009901,119.80000000000001,1.818,0.891,0.5764576457645765,1.048
26.174502484315312,0.9256637168141593,0.105,0.277,0.088,0.211,0.187,0.126,0.5109144542772861,75.2,1.695,0.866,0.615339233038348,1.043
30.109834616841308,0.9286516853932584,0.101,0.274,0.09,0.216,0.187,0.127,0.5179775280898876,95.4,1.78,0.922,0.6039325842696629,1.075
32.00488184254418,0.9291125541125541,0.106,0.28700000000000003,0.092,0.225,0.19,0.131,0.5113636363636364,109.30000000000001,1.848,0.9450000000000001,0.6038961038961039,1.116
30.85049592828909,0.9227444624527282,0.109,0.281,0.09,0.215,0.19,0.14300000000000002,0.4997298757428417,105.7,1.851,0.925,0.602377093462993,1.115
36.929537721451126,0.918967587034814,0.1,0.257,0.08600000000000001,0.213,0.186,0.135,0.5018007202881153,102.5,1.666,0.836,0.5762304921968787,0.96
27.672703261603978,0.9247737556561086,0.10200000000000001,0.274,0.084,0.20700000000000002,0.192,0.133,0.49547511312217196,86.5,1.768,0.876,0.5938914027149321,1.05
31.116382135389035,0.9251396648044693,0.105,0.276,0.08700000000000001,0.20600000000000002,0.198,0.134,0.511731843575419,99.7,1.79,0.916,0.6044692737430167,1.082
33.55422044432416,0.9259694477085781,0.101,0.258,0.08700000000000001,0.217,0.185,0.126,0.4994124559341951,97.2,1.702,0.85,0.6016451233842538,1.024
32.27244872384747,0.9291422482685135,0.11,0.28700000000000003,0.098,0.23700000000000002,0.212,0.133,0.5023974427277571,113.7,1.877,0.9430000000000001,0.5998934469898775,1.1260000000000001
26.669612422673904,0.9213483146067416,0.10300000000000001,0.28700000000000003,0.094,0.231,0.20400000000000001,0.14,0.5174157303370787,84.5,1.78,0.921,0.601685393258427,1.071
25.118064677550514,0.9275114155251142,0.10200000000000001,0.268,0.09,0.215,0.196,0.127,0.5245433789954338,77.10000000000001,1.752,0.919,0.6113013698630136,1.071
26.72647309471634,0.9296171171171171,0.095,0.279,0.08700000000000001,0.20700000000000002,0.193,0.125,0.517454954954955,84.30000000000001,1.776,0.919,0.5934684684684685,1.054
31.331674681580264,0.9223416965352449,0.099,0.249,0.084,0.211,0.17500000000000002,0.13,0.501194743130227,87.80000000000001,1.674,0.839,0.5752688172043011,0.963
34.40427760977041,0.9227193492155723,0.096,0.273,0.089,0.216,0.184,0.133,0.48285880302149914,101.9,1.721,0.8310000000000001,0.5752469494479954,0.99
29.510642317786196,0.9283634245777519,0.108,0.27,0.094,0.233,0.192,0.123,0.5206755969714618,87.0,1.717,0.894,0.5812463599301106,0.998
26.14356601680412,0.9272727272727272,0.10300000000000001,0.274,0.08600000000000001,0.211,0.183,0.124,0.5161290322580645,76.0,1.705,0.88,0.5994134897360703,1.022
30.143926783751166,0.9255759007678677,0.098,0.269,0.088,0.22,0.197,0.126,0.5233313644418193,86.4,1.693,0.886,0.6113408151210868,1.035
30.26401998321083,0.9247737556561086,0.1,0.274,0.088,0.217,0.198,0.133,0.49604072398190047,94.60000000000001,1.768,0.877,0.5876696832579186,1.039
33.39278636543797,0.9298850574712644,0.105,0.28800000000000003,0.099,0.233,0.214,0.122,0.5293103448275862,101.10000000000001,1.74,0.921,0.6068965517241379,1.056
27.55333922484535,0.9280898876404494,0.098,0.272,0.09,0.217,0.201,0.128,0.5022471910112359,87.30000000000001,1.78,0.894,0.5853932584269663,1.042
22.45594865770336,0.9245701608430393,0.101,0.281,0.08600000000000001,0.213,0.197,0.136,0.5030504714364947,73.0,1.803,0.907,0.6117581808097615,1.103
22.31480827625168,0.9249299719887956,0.108,0.278,0.09,0.224,0.20500000000000002,0.134,0.5221288515406163,71.10000000000001,1.7850000000000001,0.932,0.6296918767507003,1.124
31.38696128560993,0.9279279279279279,0.10400000000000001,0.279,0.091,0.214,0.2,0.128,0.5202702702702703,99.0,1.776,0.924,0.5855855855855856,1.04
32.4997362034399,0.9253561253561253,0.101,0.278,0.084,0.20600000000000002,0.196,0.131,0.5105413105413106,100.10000000000001,1.7550000000000001,0.896,0.5977207977207977,1.049
27.693488000739553,0.9201759899434317,0.093,0.243,0.082,0.199,0.176,0.127,0.497171590194846,70.10000000000001,1.591,0.791,0.5776241357636707,0.919
32.518210197710715,0.9225806451612903,0.105,0.277,0.094,0.23700000000000002,0.209,0.14400000000000002,0.4876344086021505,112.5,1.86,0.907,0.5795698924731183,1.078
23.008187162221542,0.9254159495123351,0.1,0.257,0.084,0.20700000000000002,0.176,0.13,0.4979919678714859,69.9,1.743,0.868,0.5920826161790017,1.032
25.15176542378588,0.9271788990825688,0.099,0.267,0.084,0.20800000000000002,0.189,0.127,0.5,76.5,1.744,0.872,0.599197247706422,1.045
31.428482257108083,0.9223463687150838,0.105,0.264,0.08700000000000001,0.214,0.194,0.139,0.5033519553072626,100.7,1.79,0.901,0.5860335195530726,1.049
31.949069352036418,0.9271817676486938,0.10300000000000001,0.273,0.088,0.217,0.195,0.131,0.5019455252918288,103.4,1.799,0.903,0.58532518065592,1.053
34.481606468642454,0.9289017341040462,0.10200000000000001,0.269,0.094,0.234,0.188,0.123,0.5046242774566474,103.2,1.73,0.873,0.5791907514450867,1.002
23.187389453413854,0.9191438763376932,0.096,0.257,0.084,0.20700000000000002,0.186,0.136,0.49643281807372175,65.60000000000001,1.682,0.835,0.5927467300832342,0.997
30.595719589067265,0.9268011527377522,0.098,0.268,0.092,0.223,0.186,0.127,0.5135446685878963,92.10000000000001,1.735,0.891,0.5971181556195966,1.036
35.23126714677641,0.9207175925925926,0.10200000000000001,0.274,0.096,0.231,0.201,0.137,0.5173611111111112,105.2,1.728,0.894,0.5902777777777778,1.02
22.075795427236507,0.9261229314420804,0.096,0.255,0.092,0.214,0.183,0.125,0.5141843971631206,63.2,1.692,0.87,0.6128841607565012,1.037
19.949125270992962,0.9263904034896401,0.105,0.274,0.088,0.213,0.188,0.135,0.514721919302072,67.10000000000001,1.834,0.9440000000000001,0.6172300981461287,1.1320000000000001
29.88109595472286,0.9255261737722612,0.10400000000000001,0.28700000000000003,0.08700000000000001,0.217,0.198,0.138,0.5072854830005397,102.60000000000001,1.853,0.9400000000000001,0.6001079330814895,1.112
32.84676948312539,0.924506387921022,0.106,0.256,0.093,0.228,0.181,0.13,0.5046457607433217,97.4,1.722,0.869,0.5876887340301974,1.012
24.838155634826265,0.9229885057471264,0.10400000000000001,0.266,0.09,0.218,0.197,0.134,0.5172413793103449,75.2,1.74,0.9,0.5839080459770115,1.016
29.376951242154277,0.9209138840070299,0.098,0.254,0.08700000000000001,0.21,0.187,0.135,0.5061511423550088,85.60000000000001,1.707,0.864,0.5928529584065613,1.012
23.083488578296226,0.9294184076792772,0.107,0.277,0.092,0.223,0.198,0.125,0.5064935064935064,72.4,1.7710000000000001,0.897,0.5883681535855448,1.042
26.88561524223663,0.9295618413754853,0.10200000000000001,0.277,0.085,0.212,0.196,0.127,0.502495840266223,87.4,1.803,0.906,0.5851358846367166,1.055
30.53997437097628,0.9290858725761773,0.10300000000000001,0.277,0.089,0.21,0.193,0.128,0.5185595567867036,99.5,1.805,0.936,0.6038781163434903,1.09
28.716921278904753,0.9322314049586777,0.10300000000000001,0.28700000000000003,0.092,0.221,0.197,0.123,0.5024793388429752,94.60000000000001,1.815,0.912,0.581267217630854,1.055
29.33433918966076,0.926673751328374,0.11,0.294,0.096,0.227,0.20600000000000002,0.138,0.5196599362380446,103.9,1.8820000000000001,0.978,0.6068012752391073,1.1420000000000001
30.294007897244807,0.9258836944127709,0.101,0.27,0.085,0.20600000000000002,0.185,0.13,0.5153933865450399,93.2,1.754,0.904,0.6060433295324972,1.063
27.280334006176357,0.9190647482014388,0.097,0.241,0.085,0.203,0.184,0.135,0.5053956834532374,75.9,1.668,0.843,0.5911270983213429,0.986
25.332432492631177,0.9291553133514986,0.106,0.281,0.08700000000000001,0.20800000000000002,0.20400000000000001,0.13,0.5182561307901907,85.30000000000001,1.835,0.9510000000000001,0.6059945504087193,1.112
30.849795276334355,0.9245489338436303,0.109,0.29,0.089,0.212,0.195,0.138,0.49699289229086935,103.2,1.829,0.909,0.6079825041006014,1.112
32.29547422967954,0.9310344827586207,0.1,0.268,0.092,0.217,0.191,0.126,0.49808429118773945,107.80000000000001,1.827,0.91,0.5829228243021346,1.065
30.19246914452055,0.9243697478991597,0.107,0.28300000000000003,0.096,0.23600000000000002,0.197,0.135,0.507563025210084,96.2,1.7850000000000001,0.906,0.6089635854341736,1.087
32.67346088789535,0.9282798833819242,0.106,0.264,0.09,0.223,0.187,0.123,0.5002915451895044,96.10000000000001,1.715,0.858,0.5947521865889213,1.02
22.828526310775334,0.9315818281335523,0.101,0.28700000000000003,0.085,0.20800000000000002,0.195,0.125,0.5073891625615764,76.2,1.827,0.927,0.6015325670498084,1.099
22.07330320782139,0.9287305122494433,0.099,0.281,0.09,0.215,0.2,0.128,0.5183741648106904,71.2,1.796,0.931,0.60913140311804,1.094
27.422600060218077,0.9232132309509746,0.098,0.251,0.08700000000000001,0.20800000000000002,0.182,0.13,0.49970466627288834,78.60000000000001,1.693,0.846,0.5995274660366214,1.0150000000000001
27.876521323664477,0.9276123759486281,0.106,0.27,0.082,0.20700000000000002,0.194,0.124,0.4985405720957385,81.80000000000001,1.713,0.854,0.5983654407472271,1.025
22.868635636134734,0.9281404278661547,0.097,0.272,0.08,0.195,0.186,0.131,0.5030170049369171,76.0,1.823,0.917,0.5946242457487658,1.084
28.05806368708893,0.9229098805646037,0.10400000000000001,0.257,0.08700000000000001,0.213,0.195,0.14200000000000002,0.498371335504886,95.2,1.842,0.918,0.5960912052117264,1.098
27.296155065026657,0.9169157202630006,0.099,0.257,0.08600000000000001,0.20800000000000002,0.191,0.139,0.5152420800956365,76.4,1.673,0.862,0.5899581589958159,0.987
31.915154788500722,0.9237718802936195,0.106,0.278,0.09,0.224,0.194,0.135,0.5110107284020328,100.10000000000001,1.7710000000000001,0.905,0.5889328063241107,1.043
25.355911021491973,0.9317524580682476,0.097,0.273,0.089,0.214,0.193,0.11800000000000001,0.4985540775014459,75.8,1.729,0.862,0.5986119144013881,1.035
27.411619848155702,0.9290780141843972,0.10300000000000001,0.273,0.089,0.222,0.19,0.13,0.5106382978723404,92.10000000000001,1.833,0.936,0.6044735406437534,1.108
28.430348673833585,0.9292343387470998,0.10300000000000001,0.263,0.08700000000000001,0.213,0.201,0.122,0.5023201856148491,84.5,1.724,0.866,0.595707656612529,1.027
29.78918055678161,0.9218130311614731,0.10400000000000001,0.273,0.08700000000000001,0.213,0.186,0.138,0.5144475920679886,92.80000000000001,1.7650000000000001,0.908,0.6096317280453257,1.076
30.505529753750544,0.9265895953757225,0.10200000000000001,0.265,0.084,0.211,0.195,0.127,0.5352601156069364,91.30000000000001,1.73,0.926,0.6057803468208093,1.048
33.66280601442135,0.9256198347107438,0.10400000000000001,0.267,0.08700000000000001,0.215,0.188,0.126,0.5165289256198347,96.60000000000001,1.694,0.875,0.589728453364817,0.999
28.68209029898384,0.9238609112709832,0.1,0.262,0.091,0.225,0.18,0.127,0.5059952038369304,79.80000000000001,1.668,0.844,0.60431654676259,1.008
28.146839755888458,0.930116472545757,0.10300000000000001,0.28500000000000003,0.094,0.227,0.197,0.126,0.5196894065446478,91.5,1.803,0.937,0.63948973932335,1.153
29.022098124473498,0.9294377067254685,0.10400000000000001,0.273,0.094,0.228,0.195,0.128,0.5110253583241455,95.5,1.814,0.927,0.6097023153252481,1.106
35.52809757888106,0.9259465478841871,0.101,0.274,0.088,0.221,0.20400000000000001,0.133,0.5011135857461024,114.60000000000001,1.796,0.9,0.579064587973274,1.04
34.82003499687931,0.9254555494202098,0.112,0.28700000000000003,0.092,0.224,0.192,0.135,0.5091109884041966,114.2,1.811,0.922,0.6035339591385974,1.093
22.254523518854647,0.9294184076792772,0.099,0.28300000000000003,0.08700000000000001,0.218,0.195,0.125,0.5166572557876906,69.8,1.7710000000000001,0.915,0.6149068322981367,1.089
28.521933997065627,0.9238773274917853,0.101,0.27,0.085,0.215,0.185,0.139,0.5142387732749178,95.10000000000001,1.826,0.9390000000000001,0.5985761226725083,1.093
32.04419022510965,0.9310924369747899,0.101,0.274,0.088,0.213,0.194,0.123,0.5070028011204482,102.10000000000001,1.7850000000000001,0.905,0.5831932773109244,1.041
28.357352847895704,0.9248689574839837,0.096,0.273,0.084,0.212,0.19,0.129,0.48456610366919045,83.60000000000001,1.717,0.8320000000000001,0.5975538730343622,1.026
34.079864159742186,0.9241998877035373,0.105,0.289,0.089,0.218,0.21,0.135,0.5148792813026389,108.10000000000001,1.7810000000000001,0.917,0.5777653003930376,1.029
28.629277620646146,0.9243306169965075,0.101,0.254,0.08600000000000001,0.212,0.187,0.13,0.4860302677532014,84.5,1.718,0.835,0.5878928987194412,1.01
28.211243062929658,0.9232053422370617,0.109,0.274,0.09,0.214,0.193,0.138,0.5075125208681135,91.10000000000001,1.797,0.912,0.5993322203672788,1.077
29.501839927378228,0.9268024215740231,0.10300000000000001,0.28,0.088,0.217,0.193,0.133,0.4914694551458448,97.4,1.817,0.893,0.6009906439185471,1.092
29.11325633213325,0.9247311827956989,0.10400000000000001,0.274,0.081,0.20400000000000001,0.197,0.133,0.5093378607809848,90.9,1.7670000000000001,0.9,0.5913978494623656,1.045
26.116943660902663,0.9302963776070252,0.10400000000000001,0.304,0.09,0.223,0.21,0.127,0.5411635565312843,86.7,1.822,0.986,0.6311745334796927,1.1500000000000001
21.426832237643048,0.9171171171171171,0.099,0.257,0.078,0.191,0.176,0.138,0.4972972972972973,59.400000000000006,1.665,0.8280000000000001,0.5843843843843843,0.973
26.723156783742255,0.926655719759168,0.10200000000000001,0.269,0.091,0.223,0.20600000000000002,0.134,0.5090311986863711,89.2,1.827,0.93,0.5971538040503558,1.091
27.40297429825472,0.9262981574539364,0.10200000000000001,0.267,0.088,0.213,0.193,0.132,0.5097710776102736,87.9,1.7910000000000001,0.913,0.605248464544947,1.084
30.334212533482102,0.9302963776070252,0.108,0.301,0.088,0.223,0.20500000000000002,0.127,0.5279912184412733,100.7,1.822,0.962,0.6196487376509331,1.129
30.672624079217485,0.9203296703296703,0.108,0.28800000000000003,0.089,0.221,0.199,0.145,0.4978021978021978,101.60000000000001,1.82,0.906,0.5961538461538461,1.085
31.070080506458346,0.9263873159682899,0.099,0.28200000000000003,0.091,0.217,0.20600000000000002,0.13,0.5249150622876557,96.9,1.766,0.927,0.5979614949037373,1.056
33.26897729829213,0.9239007891770011,0.105,0.28200000000000003,0.095,0.234,0.2,0.135,0.5388951521984217,104.7,1.774,0.9560000000000001,0.6121758737316798,1.086
33.42859469834644,0.9250275633958104,0.108,0.28400000000000003,0.092,0.227,0.197,0.136,0.5248070562293274,110.0,1.814,0.9520000000000001,0.601433296582139,1.091
35.28460348038803,0.9211099020674647,0.114,0.296,0.093,0.229,0.20500000000000002,0.145,0.5108813928182807,119.2,1.838,0.9390000000000001,0.5756256800870512,1.058
23.843459582830825,0.9375678610206297,0.116,0.304,0.094,0.228,0.231,0.115,0.5249728555917481,80.9,1.842,0.967,0.6036916395222585,1.112
24.811149947934414,0.9286917462099944,0.10400000000000001,0.278,0.08600000000000001,0.212,0.213,0.127,0.5272318921953958,78.7,1.7810000000000001,0.9390000000000001,0.6254912970241437,1.114
20.762120515737774,0.9292128895932382,0.107,0.298,0.09,0.224,0.215,0.134,0.5060750132065505,74.4,1.893,0.9580000000000001,0.6064447966191231,1.1480000000000001
38.722395263782445,0.9239311493614658,0.109,0.29,0.089,0.224,0.20400000000000001,0.137,0.5108273181565797,125.60000000000001,1.801,0.92,0.5713492504164354,1.029
27.79298602043467,0.9297782470960929,0.106,0.295,0.09,0.227,0.215,0.133,0.5385427666314678,99.7,1.8940000000000001,1.02,0.6230200633579726,1.18
24.4728937531777,0.924082140634723,0.094,0.242,0.082,0.202,0.17400000000000002,0.122,0.5059116365899191,63.2,1.607,0.8130000000000001,0.5930304915992533,0.9530000000000001
24.700377567170726,0.9290393013100436,0.1,0.28400000000000003,0.08700000000000001,0.20700000000000002,0.20700000000000002,0.13,0.5354803493449781,82.9,1.832,0.981,0.6260917030567685,1.147
27.624448645242595,0.9257971014492754,0.10400000000000001,0.259,0.08700000000000001,0.216,0.192,0.128,0.5153623188405797,82.2,1.725,0.889,0.5849275362318841,1.0090000000000001
21.0435477653167,0.9305103148751357,0.105,0.28400000000000003,0.08700000000000001,0.20600000000000002,0.20400000000000001,0.128,0.5168295331161781,71.4,1.842,0.9520000000000001,0.6161780673181325,1.135
30.688819999973518,0.9159953970080552,0.099,0.273,0.093,0.223,0.195,0.146,0.5005753739930955,92.7,1.738,0.87,0.5989643268124281,1.041
23.230727838010203,0.9202008928571429,0.098,0.268,0.088,0.218,0.19,0.14300000000000002,0.5011160714285714,74.60000000000001,1.792,0.898,0.5904017857142857,1.058
35.525481906606366,0.9226804123711341,0.10400000000000001,0.278,0.095,0.232,0.198,0.135,0.506872852233677,108.30000000000001,1.746,0.885,0.5836197021764032,1.0190000000000001
25.24933720489837,0.9258426966292135,0.099,0.295,0.093,0.227,0.20400000000000001,0.132,0.5297752808988764,80.0,1.78,0.9430000000000001,0.6151685393258427,1.095
29.667971215755585,0.9202247191011236,0.10400000000000001,0.278,0.088,0.212,0.198,0.14200000000000002,0.5061797752808989,94.0,1.78,0.901,0.5887640449438202,1.048
22.259310396955566,0.9224674589700057,0.097,0.268,0.09,0.216,0.189,0.137,0.4980192416525184,69.5,1.7670000000000001,0.88,0.5913978494623656,1.045
32.46157122817841,0.9246612466124661,0.108,0.291,0.096,0.23500000000000001,0.214,0.139,0.5040650406504065,110.5,1.845,0.93,0.6113821138211382,1.1280000000000001
28.76518505658788,0.9261198371146016,0.095,0.264,0.088,0.216,0.203,0.127,0.5293775450843514,85.0,1.719,0.91,0.6032577079697499,1.037
31.274015169233856,0.9242774566473988,0.105,0.258,0.08700000000000001,0.211,0.191,0.131,0.4982658959537572,93.60000000000001,1.73,0.862,0.5913294797687861,1.0230000000000001
23.998511578639782,0.9278846153846154,0.107,0.281,0.095,0.23600000000000002,0.20700000000000002,0.135,0.5133547008547008,84.10000000000001,1.872,0.961,0.6041666666666666,1.131
26.47707224896252,0.9220923761825265,0.1,0.278,0.089,0.216,0.20500000000000002,0.14,0.5052865887590429,85.5,1.797,0.908,0.5820812465219811,1.046
36.310341387803966,0.9240997229916897,0.107,0.28200000000000003,0.096,0.232,0.203,0.137,0.506371191135734,118.30000000000001,1.805,0.914,0.5972299168975069,1.078
28.464608275572356,0.9240579710144927,0.099,0.264,0.088,0.213,0.194,0.131,0.504927536231884,84.7,1.725,0.871,0.5756521739130435,0.993
29.50634476701183,0.9170673076923077,0.099,0.257,0.08600000000000001,0.212,0.186,0.138,0.4885817307692308,81.7,1.6640000000000001,0.8130000000000001,0.5859375,0.975
26.587891436321684,0.9239373601789709,0.105,0.28300000000000003,0.091,0.222,0.20400000000000001,0.136,0.5195749440715883,85.0,1.788,0.929,0.6196868008948546,1.108
26.577030102781357,0.9291932675565874,0.10300000000000001,0.264,0.084,0.209,0.183,0.122,0.4973882762623331,78.9,1.723,0.857,0.5966337782936738,1.028
31.51348249312961,0.9313563975837452,0.11,0.299,0.094,0.227,0.20700000000000002,0.125,0.515650741350906,104.5,1.821,0.9390000000000001,0.5897858319604613,1.074
26.40372410735544,0.9277936962750717,0.098,0.273,0.089,0.212,0.2,0.126,0.5048710601719197,80.4,1.745,0.881,0.5919770773638968,1.033
31.66357016439345,0.9222551928783382,0.106,0.258,0.08700000000000001,0.213,0.186,0.131,0.4937685459940653,89.9,1.685,0.8320000000000001,0.598813056379822,1.0090000000000001
24.717592159729364,0.9259475218658892,0.097,0.257,0.08600000000000001,0.21,0.186,0.127,0.49387755102040815,72.7,1.715,0.847,0.6058309037900874,1.039
33.04106328109501,0.9233802816901409,0.10400000000000001,0.278,0.09,0.222,0.197,0.136,0.5025352112676056,104.10000000000001,1.7750000000000001,0.892,0.5819718309859155,1.033
29.213340716029276,0.923425978445831,0.10400000000000001,0.28,0.08700000000000001,0.213,0.198,0.135,0.49971639251276234,90.80000000000001,1.7630000000000001,0.881,0.5950085082246171,1.049
26.633607277444355,0.9226361031518625,0.10300000000000001,0.272,0.089,0.218,0.19,0.135,0.4991404011461318,81.10000000000001,1.745,0.871,0.6005730659025788,1.048
24.977168757009437,0.9223013048635824,0.094,0.253,0.083,0.198,0.184,0.131,0.4988137603795967,71.0,1.686,0.841,0.5877817319098458,0.991
31.477077553177438,0.9229885057471264,0.105,0.274,0.088,0.218,0.194,0.134,0.5091954022988506,95.30000000000001,1.74,0.886,0.6057471264367816,1.054
26.78194807426634,0.924901185770751,0.10200000000000001,0.267,0.089,0.216,0.196,0.133,0.5064935064935064,84.0,1.7710000000000001,0.897,0.6024844720496895,1.067
22.32666678417544,0.9271017048794826,0.097,0.264,0.081,0.196,0.193,0.124,0.5149911816578483,64.60000000000001,1.701,0.876,0.6072898295120517,1.033
25.297465065021523,0.9290741743367623,0.11,0.278,0.088,0.212,0.198,0.131,0.5246345425013536,86.30000000000001,1.847,0.969,0.607471575527883,1.122
29.185284865632678,0.9268585131894485,0.097,0.255,0.08700000000000001,0.213,0.183,0.122,0.5095923261390888,81.2,1.668,0.85,0.579136690647482,0.966
30.8929480009224,0.9186519465427078,0.096,0.261,0.084,0.20600000000000002,0.18,0.14,0.4973852411388727,91.5,1.721,0.856,0.5764090644973853,0.992
33.78336145056242,0.9298729983434566,0.107,0.264,0.088,0.217,0.191,0.127,0.5190502484815019,110.80000000000001,1.811,0.9400000000000001,0.5930425179458862,1.074
25.397197866349217,0.9264354066985646,0.1,0.251,0.08600000000000001,0.20400000000000001,0.177,0.123,0.47368421052631576,71.0,1.672,0.792,0.5921052631578947,0.99
34.057901624692775,0.9316384180790961,0.10400000000000001,0.266,0.088,0.211,0.194,0.121,0.511864406779661,106.7,1.77,0.906,0.6033898305084746,1.068
32.57698082207303,0.924506387921022,0.097,0.267,0.089,0.218,0.198,0.13,0.5220673635307782,96.60000000000001,1.722,0.899,0.6022067363530779,1.037
35.30788137161667,0.9226946438431806,0.106,0.276,0.094,0.222,0.2,0.14,0.5157371617890668,115.80000000000001,1.811,0.934,0.5991165102153506,1.085
30.043218162490984,0.920891364902507,0.109,0.296,0.08700000000000001,0.215,0.20800000000000002,0.14200000000000002,0.5030640668523677,96.80000000000001,1.795,0.903,0.5983286908077995,1.074
27.02986590105389,0.9248520710059172,0.098,0.246,0.08700000000000001,0.20700000000000002,0.178,0.127,0.49467455621301776,77.2,1.69,0.836,0.6041420118343195,1.0210000000000001
18.689429350321504,0.926829268292683,0.115,0.295,0.1,0.23600000000000002,0.212,0.14100000000000001,0.521536066424494,69.4,1.927,1.0050000000000001,0.604566683964712,1.165
26.285571987880964,0.9285309132161089,0.10300000000000001,0.27,0.095,0.227,0.194,0.126,0.49347702779353375,81.7,1.7630000000000001,0.87,0.5938740782756665,1.047
26.282916203898424,0.9245826137017847,0.1,0.276,0.084,0.20600000000000002,0.194,0.131,0.5083477259643063,79.30000000000001,1.737,0.883,0.5958549222797928,1.035
29.772638331504517,0.935180055401662,0.101,0.28700000000000003,0.094,0.225,0.202,0.117,0.5274238227146815,97.0,1.805,0.9520000000000001,0.6094182825484764,1.1
24.98144060255358,0.934589800443459,0.106,0.29,0.097,0.225,0.20700000000000002,0.11800000000000001,0.5055432372505543,81.30000000000001,1.804,0.912,0.606430155210643,1.094
26.354830048465665,0.92880978865406,0.107,0.28300000000000003,0.088,0.216,0.197,0.128,0.5305895439377085,85.2,1.798,0.9540000000000001,0.6101223581757509,1.097
37.40527581875354,0.92378223495702,0.108,0.28200000000000003,0.095,0.23500000000000001,0.203,0.133,0.5151862464183381,113.9,1.745,0.899,0.602865329512894,1.052
26.03117607947489,0.922077922077922,0.10300000000000001,0.259,0.084,0.202,0.177,0.132,0.49763872491145217,74.7,1.694,0.843,0.5944510035419126,1.0070000000000001
29.21572022160665,0.9210526315789473,0.107,0.28,0.089,0.214,0.184,0.14400000000000002,0.5016447368421053,97.2,1.824,0.915,0.6058114035087719,1.105
27.181452064914065,0.9309948246118459,0.1,0.256,0.094,0.232,0.198,0.12,0.515813686026452,82.2,1.739,0.897,0.5922944220816562,1.03
30.668946083801703,0.922686230248307,0.108,0.278,0.088,0.217,0.195,0.137,0.4937923250564334,96.30000000000001,1.772,0.875,0.595372460496614,1.055
22.420517968649268,0.927038626609442,0.099,0.28400000000000003,0.08700000000000001,0.213,0.198,0.136,0.5262875536480687,77.9,1.864,0.981,0.6083690987124464,1.1340000000000001
21.298719925418627,0.932934131736527,0.092,0.252,0.08600000000000001,0.209,0.186,0.112,0.5341317365269461,59.400000000000006,1.67,0.892,0.6305389221556886,1.053
27.34375,0.9267045454545455,0.10400000000000001,0.28600000000000003,0.088,0.212,0.198,0.129,0.5085227272727273,84.7,1.76,0.895,0.61875,1.089
25.227955203037578,0.9256797583081571,0.093,0.259,0.082,0.196,0.191,0.123,0.5117824773413897,69.10000000000001,1.655,0.847,0.6090634441087613,1.008
25.761225080099685,0.9292452830188679,0.096,0.247,0.081,0.193,0.186,0.12,0.5129716981132075,74.10000000000001,1.696,0.87,0.5872641509433962,0.996
22.701468275504244,0.9273140261215219,0.099,0.265,0.08700000000000001,0.21,0.183,0.128,0.4957410562180579,70.4,1.7610000000000001,0.873,0.5973878478137422,1.052
27.371180674760463,0.929608938547486,0.099,0.255,0.084,0.20600000000000002,0.186,0.126,0.5212290502793296,87.7,1.79,0.933,0.6139664804469274,1.099
30.52826889197901,0.9302194710185706,0.1,0.275,0.089,0.223,0.196,0.124,0.518289251547552,96.4,1.7770000000000001,0.921,0.6094541361845808,1.083
29.25766948617599,0.9247191011235955,0.10200000000000001,0.269,0.084,0.20700000000000002,0.181,0.134,0.5028089887640449,92.7,1.78,0.895,0.6056179775280899,1.078
30.059649020233387,0.9210822998872604,0.10400000000000001,0.28700000000000003,0.088,0.217,0.2,0.14,0.5090191657271702,94.60000000000001,1.774,0.903,0.6065388951521984,1.076
30.506320175128874,0.9277310924369748,0.10300000000000001,0.28,0.09,0.216,0.203,0.129,0.5131652661064425,97.2,1.7850000000000001,0.916,0.6140056022408964,1.096
22.962553108767946,0.9209197980931015,0.098,0.267,0.079,0.19,0.181,0.14100000000000001,0.5227145260796411,73.0,1.7830000000000001,0.932,0.604038137969714,1.077
28.891469351457623,0.9222614840989399,0.1,0.262,0.089,0.217,0.186,0.132,0.49646643109540634,83.30000000000001,1.698,0.843,0.5877502944640753,0.998
30.751406318503484,0.9237983587338804,0.097,0.27,0.084,0.211,0.185,0.13,0.5164126611957796,89.5,1.706,0.881,0.5990621336459554,1.022
31.37899653429125,0.9219006007646096,0.11,0.293,0.091,0.221,0.21,0.14300000000000002,0.5062807209175314,105.2,1.831,0.927,0.616602949208083,1.129
29.686707200660468,0.9255131964809384,0.106,0.275,0.088,0.20800000000000002,0.18,0.127,0.5296187683284458,86.30000000000001,1.705,0.903,0.6234604105571847,1.063
28.35924610956163,0.9275041505257332,0.109,0.296,0.084,0.212,0.215,0.131,0.5229662423907028,92.60000000000001,1.807,0.9450000000000001,0.606530160486995,1.096
26.588623856754165,0.914686166971359,0.093,0.23,0.082,0.197,0.17200000000000001,0.14,0.4789762340036563,71.60000000000001,1.641,0.786,0.5850091407678245,0.96
28.40755817218283,0.9296956977964324,0.10200000000000001,0.28400000000000003,0.08700000000000001,0.213,0.20800000000000002,0.134,0.5173137460650578,103.2,1.9060000000000001,0.986,0.6054564533053515,1.154
28.735632183908045,0.9287356321839081,0.094,0.268,0.08600000000000001,0.212,0.201,0.124,0.5258620689655172,87.0,1.74,0.915,0.6063218390804598,1.055
36.437168221197616,0.9272326350606395,0.10400000000000001,0.28400000000000003,0.088,0.218,0.20400000000000001,0.132,0.49503858875413453,119.9,1.814,0.898,0.577728776185226,1.048
26.17340584961549,0.9289124668435014,0.099,0.28400000000000003,0.08600000000000001,0.212,0.201,0.134,0.5172413793103449,93.0,1.885,0.975,0.6021220159151194,1.135
26.600377413267523,0.9240963855421687,0.093,0.254,0.078,0.193,0.177,0.126,0.5174698795180723,73.3,1.6600000000000001,0.859,0.6156626506024097,1.022
25.220803725255703,0.9277440706012134,0.097,0.281,0.08600000000000001,0.20500000000000002,0.192,0.131,0.5107556536127965,82.9,1.813,0.926,0.604522890237176,1.096
34.30828261347681,0.9248989023685731,0.10300000000000001,0.262,0.08600000000000001,0.209,0.188,0.13,0.5025996533795494,102.80000000000001,1.731,0.87,0.5950317735413057,1.03
27.121500577385227,0.9301675977653632,0.101,0.274,0.088,0.216,0.185,0.125,0.5189944134078213,86.9,1.79,0.929,0.5860335195530726,1.049
32.54502756868444,0.9235560588901472,0.098,0.275,0.088,0.217,0.197,0.135,0.5141562853907135,101.5,1.766,0.908,0.5877689694224235,1.038
27.252679462354394,0.9316877152698049,0.096,0.268,0.082,0.20400000000000001,0.189,0.11900000000000001,0.5074626865671642,82.7,1.742,0.884,0.6079219288174512,1.059
30.076031830151756,0.9286917462099944,0.11,0.275,0.09,0.223,0.199,0.127,0.5131948343627176,95.4,1.7810000000000001,0.914,0.6064008983717013,1.08
29.734753347057712,0.9313835770528683,0.10300000000000001,0.28500000000000003,0.088,0.21,0.212,0.122,0.5247469066366705,94.0,1.778,0.933,0.6006749156355455,1.068
21.597055288461533,0.9194711538461539,0.094,0.23700000000000002,0.082,0.197,0.171,0.134,0.5024038461538461,59.800000000000004,1.6640000000000001,0.836,0.5913461538461539,0.984
32.02961857011712,0.9237695078031213,0.10200000000000001,0.272,0.084,0.20400000000000001,0.188,0.127,0.49939975990396157,88.9,1.666,0.8320000000000001,0.5804321728691476,0.967
23.722714434431417,0.9255258669698693,0.097,0.271,0.084,0.202,0.188,0.131,0.4866401364411598,73.4,1.7590000000000001,0.856,0.5946560545764639,1.046
31.764382228484102,0.9148802017654477,0.099,0.23500000000000001,0.082,0.2,0.167,0.135,0.47162673392181587,79.9,1.586,0.748,0.5655737704918032,0.897
22.363703946768258,0.925904317386231,0.095,0.269,0.08600000000000001,0.20500000000000002,0.186,0.127,0.48424737456242706,65.7,1.714,0.8300000000000001,0.5723453908984831,0.981
24.58654210326979,0.9230337078651686,0.107,0.274,0.089,0.222,0.19,0.137,0.5022471910112359,77.9,1.78,0.894,0.5904494382022472,1.051
31.90374623728179,0.9252548131370328,0.10200000000000001,0.277,0.082,0.203,0.193,0.132,0.5311438278595696,99.5,1.766,0.9380000000000001,0.6030577576443941,1.065
25.052973455921858,0.918918918918919,0.10400000000000001,0.252,0.084,0.20700000000000002,0.176,0.132,0.4926289926289926,66.4,1.6280000000000001,0.802,0.5939803439803439,0.967
32.31896761142231,0.9171632896305125,0.101,0.256,0.08600000000000001,0.211,0.181,0.139,0.4725864123957092,91.0,1.678,0.793,0.5882002383790227,0.987
32.44414594549063,0.9235993208828522,0.11,0.289,0.093,0.226,0.201,0.135,0.4980192416525184,101.30000000000001,1.7670000000000001,0.88,0.6004527447651387,1.061
27.0822968347734,0.9245502031340684,0.108,0.279,0.08700000000000001,0.212,0.20400000000000001,0.13,0.5171213000580384,80.4,1.723,0.891,0.6221706326175276,1.072
25.83876105835565,0.9239864864864865,0.108,0.28500000000000003,0.088,0.211,0.197,0.135,0.5140765765765766,81.5,1.776,0.913,0.6030405405405406,1.071
33.53293102464184,0.929384965831435,0.10200000000000001,0.28600000000000003,0.097,0.22,0.197,0.124,0.5119589977220956,103.4,1.756,0.899,0.592255125284738,1.04
20.67465593603888,0.9198813056379822,0.091,0.252,0.08,0.194,0.179,0.135,0.5068249258160238,58.7,1.685,0.854,0.6053412462908012,1.02
26.937134588113228,0.9284477784189267,0.109,0.267,0.08600000000000001,0.20800000000000002,0.186,0.124,0.5020196191575302,80.9,1.733,0.87,0.6053087132140796,1.049
25.99418681463866,0.924712643678161,0.097,0.263,0.077,0.193,0.194,0.131,0.503448275862069,78.7,1.74,0.876,0.6040229885057471,1.051
30.755139779804548,0.9189994044073854,0.095,0.241,0.089,0.217,0.177,0.136,0.4973198332340679,86.7,1.679,0.835,0.5866587254318046,0.985
24.25429731090375,0.9226154769046191,0.097,0.257,0.082,0.198,0.191,0.129,0.495500899820036,67.4,1.667,0.8260000000000001,0.5854829034193162,0.976
22.356859410430843,0.9196428571428571,0.097,0.273,0.08700000000000001,0.201,0.188,0.135,0.5041666666666667,63.1,1.68,0.847,0.5952380952380952,1.0
29.444463858376658,0.9249146757679181,0.1,0.266,0.094,0.225,0.191,0.132,0.5142207053469852,91.0,1.758,0.904,0.5955631399317406,1.047
22.819471677368234,0.9251369446135118,0.097,0.276,0.09,0.223,0.203,0.123,0.5143031040779062,61.6,1.643,0.845,0.6037735849056604,0.992
34.986423644705226,0.9318435754189944,0.109,0.281,0.096,0.224,0.20400000000000001,0.122,0.5122905027932961,112.10000000000001,1.79,0.917,0.6,1.074
31.551557100275794,0.9226918798665183,0.107,0.274,0.08700000000000001,0.212,0.2,0.139,0.4994438264738598,102.0,1.798,0.898,0.5912124582869855,1.063
33.652747095123146,0.9242513211978861,0.10200000000000001,0.267,0.088,0.216,0.193,0.129,0.5055783910745743,97.60000000000001,1.703,0.861,0.5918966529653552,1.008
28.49152988975682,0.9224489795918367,0.1,0.266,0.089,0.21,0.191,0.133,0.5078717201166181,83.80000000000001,1.715,0.871,0.59533527696793,1.0210000000000001
30.779705375274197,0.9263836646963998,0.10400000000000001,0.289,0.09,0.221,0.203,0.137,0.49274583557227297,106.60000000000001,1.861,0.917,0.5776464266523375,1.075
31.618576113195118,0.9240576496674058,0.101,0.278,0.08700000000000001,0.211,0.196,0.137,0.5,102.9,1.804,0.902,0.5870288248337029,1.059
23.830448891292594,0.922093023255814,0.098,0.265,0.09,0.214,0.19,0.134,0.4982558139534884,70.5,1.72,0.857,0.6011627906976744,1.034
31.64353542731921,0.9210810810810811,0.10400000000000001,0.273,0.09,0.217,0.198,0.146,0.5102702702702703,108.30000000000001,1.85,0.9440000000000001,0.5805405405405405,1.074
21.094716745646508,0.9279224712295578,0.096,0.267,0.079,0.189,0.184,0.11900000000000001,0.5233192004845548,57.5,1.651,0.864,0.6220472440944882,1.027
23.996020461953098,0.9286103542234332,0.106,0.273,0.08700000000000001,0.20600000000000002,0.189,0.131,0.5106267029972752,80.80000000000001,1.835,0.937,0.6032697547683924,1.107
28.780992981962235,0.9310538116591929,0.106,0.264,0.085,0.20700000000000002,0.19,0.123,0.5044843049327354,91.60000000000001,1.784,0.9,0.5896860986547086,1.052
22.04636298329312,0.9334763948497854,0.10400000000000001,0.271,0.084,0.198,0.196,0.124,0.5182403433476395,76.60000000000001,1.864,0.966,0.6158798283261803,1.1480000000000001
40.996199029804444,0.9276914836636315,0.105,0.298,0.091,0.227,0.196,0.135,0.5088377075522228,142.9,1.867,0.9500000000000001,0.5790037493304767,1.081
30.968547056263905,0.9214899713467049,0.105,0.267,0.088,0.217,0.188,0.137,0.4997134670487106,94.30000000000001,1.745,0.872,0.5919770773638968,1.033
27.71286755589807,0.9190448456610367,0.106,0.274,0.08600000000000001,0.20800000000000002,0.201,0.139,0.5055329062317997,81.7,1.717,0.868,0.6010483401281305,1.032
23.28729580014783,0.9239193083573487,0.095,0.263,0.084,0.20600000000000002,0.184,0.132,0.5095100864553314,70.10000000000001,1.735,0.884,0.6126801152737752,1.063
20.353291103821636,0.9226450405489707,0.098,0.249,0.077,0.19,0.17300000000000001,0.124,0.5096693699313787,52.300000000000004,1.603,0.8170000000000001,0.6013724266999376,0.964
25.92457921062834,0.9282822440717178,0.099,0.271,0.089,0.215,0.20400000000000001,0.124,0.507807981492192,77.5,1.729,0.878,0.5922498554077501,1.024
21.180163651447884,0.9300388672959466,0.1,0.264,0.079,0.196,0.184,0.126,0.5047196002220988,68.7,1.801,0.909,0.5985563575791227,1.078
25.884567348477702,0.9174757281553398,0.094,0.266,0.083,0.20400000000000001,0.185,0.136,0.4993932038834951,70.3,1.6480000000000001,0.8230000000000001,0.591626213592233,0.975
35.11539182548584,0.929786066922655,0.116,0.28500000000000003,0.096,0.229,0.212,0.128,0.507953922106418,116.7,1.823,0.926,0.589687328579265,1.075
24.27941058989569,0.9211514392991239,0.088,0.252,0.082,0.196,0.17300000000000001,0.126,0.49687108886107634,62.0,1.598,0.794,0.5888610763454318,0.9410000000000001
31.457772230476795,0.9222096956031567,0.10300000000000001,0.272,0.09,0.221,0.194,0.138,0.5112739571589628,99.0,1.774,0.907,0.6037204058624577,1.071
31.42783608338814,0.9288770053475935,0.116,0.299,0.093,0.231,0.215,0.133,0.5310160427807487,109.9,1.87,0.993,0.6320855614973262,1.182
30.384687558641396,0.9271232876712329,0.107,0.272,0.088,0.222,0.2,0.133,0.5249315068493151,101.2,1.825,0.9580000000000001,0.6219178082191781,1.135
27.24783761160714,0.9246651785714286,0.099,0.28400000000000003,0.085,0.214,0.213,0.135,0.5172991071428571,87.5,1.792,0.927,0.6222098214285714,1.115
26.857184676629835,0.9283196239717979,0.10400000000000001,0.26,0.091,0.215,0.19,0.122,0.5205640423031728,77.80000000000001,1.702,0.886,0.6239717978848414,1.062
28.43937498270256,0.9266779469825155,0.105,0.26,0.098,0.228,0.211,0.13,0.5025380710659898,89.4,1.7730000000000001,0.891,0.6102650874224478,1.082
21.764078036096905,0.9263456090651558,0.097,0.263,0.08700000000000001,0.20800000000000002,0.19,0.13,0.5036827195467423,67.8,1.7650000000000001,0.889,0.5949008498583569,1.05
25.52978995661809,0.9229050279329609,0.1,0.263,0.093,0.224,0.197,0.138,0.5100558659217878,81.80000000000001,1.79,0.913,0.6,1.074
26.56782591047578,0.9319055464030752,0.107,0.289,0.094,0.223,0.20600000000000002,0.124,0.5145524437122461,88.10000000000001,1.821,0.937,0.6243822075782537,1.137
32.60398397640306,0.9252232142857143,0.101,0.267,0.089,0.215,0.194,0.134,0.5111607142857143,104.7,1.792,0.916,0.6082589285714286,1.09
29.00904915581942,0.9319034852546917,0.105,0.28600000000000003,0.088,0.215,0.21,0.127,0.5024128686327077,100.9,1.865,0.937,0.6016085790884719,1.122
30.618562215092837,0.9247311827956989,0.108,0.278,0.092,0.226,0.191,0.133,0.5104697226938314,95.60000000000001,1.7670000000000001,0.902,0.5947934352009054,1.051
24.47007547721975,0.9225268176400476,0.101,0.27,0.083,0.202,0.192,0.13,0.4970202622169249,68.9,1.678,0.834,0.5971394517282479,1.002
30.44222608024692,0.9276620370370371,0.099,0.258,0.093,0.224,0.184,0.125,0.5133101851851852,90.9,1.728,0.887,0.5972222222222222,1.032
38.10574657015403,0.9334862385321101,0.112,0.28,0.092,0.22,0.209,0.116,0.5103211009174312,115.9,1.744,0.89,0.6227064220183486,1.086
27.46500050118614,0.9213872832369943,0.10200000000000001,0.257,0.083,0.20400000000000001,0.19,0.136,0.5144508670520231,82.2,1.73,0.89,0.5971098265895953,1.033
21.54320987654321,0.9233333333333333,0.098,0.268,0.083,0.20800000000000002,0.20700000000000002,0.138,0.5172222222222222,69.8,1.8,0.931,0.6116666666666667,1.101
25.48435333001575,0.929198682766191,0.10400000000000001,0.268,0.093,0.226,0.191,0.129,0.513172338090011,84.60000000000001,1.822,0.935,0.6119648737650933,1.115
21.34715518242869,0.9212778094694809,0.099,0.28,0.088,0.20800000000000002,0.20400000000000001,0.138,0.5328009127210497,65.60000000000001,1.7530000000000001,0.934,0.623502567027952,1.093
30.186523612325168,0.9272833042466551,0.10200000000000001,0.266,0.088,0.21,0.187,0.125,0.508435136707388,89.2,1.719,0.874,0.6003490401396161,1.032
22.91045523317907,0.9204009433962265,0.10200000000000001,0.263,0.085,0.20600000000000002,0.181,0.135,0.49764150943396224,65.9,1.696,0.844,0.5919811320754716,1.004
24.02380606764407,0.9234939759036145,0.092,0.257,0.081,0.196,0.17500000000000002,0.127,0.491566265060241,66.2,1.6600000000000001,0.8160000000000001,0.591566265060241,0.982
25.93115670790366,0.9312809235843871,0.10300000000000001,0.298,0.085,0.20700000000000002,0.213,0.125,0.5206157229246839,85.80000000000001,1.819,0.9470000000000001,0.5986805937328202,1.089
29.54638629293044,0.9194395796847635,0.11,0.276,0.089,0.217,0.197,0.138,0.5072971395213076,86.7,1.713,0.869,0.6106246351430239,1.046
28.25658879954898,0.9208381839348079,0.096,0.258,0.081,0.198,0.181,0.136,0.5,83.4,1.718,0.859,0.5832363213038417,1.002
35.11977793440712,0.9262536873156342,0.113,0.28800000000000003,0.092,0.225,0.20600000000000002,0.125,0.4790560471976401,100.9,1.695,0.812,0.5775811209439528,0.979
28.507567935575764,0.9275882704967086,0.097,0.258,0.08600000000000001,0.20700000000000002,0.185,0.121,0.49790544584081387,79.60000000000001,1.671,0.8320000000000001,0.590065828845003,0.986
26.52519018792305,0.9264790350373349,0.101,0.274,0.091,0.221,0.202,0.128,0.523836875358989,80.4,1.741,0.912,0.6019529006318208,1.048
30.606826388837263,0.923820352472996,0.10300000000000001,0.263,0.094,0.231,0.195,0.134,0.49573621375781696,94.7,1.7590000000000001,0.872,0.5980670835702103,1.052
26.365348399246706,0.9259887005649717,0.10400000000000001,0.28700000000000003,0.094,0.221,0.201,0.131,0.4943502824858757,82.60000000000001,1.77,0.875,0.5966101694915255,1.056
30.27104910329243,0.9288472145615003,0.1,0.278,0.09,0.215,0.195,0.129,0.5041367898510756,99.5,1.813,0.914,0.5995587424158852,1.087
30.558447339211025,0.9263097294185377,0.10400000000000001,0.268,0.09,0.221,0.186,0.128,0.5135290731145653,92.2,1.737,0.892,0.6085204375359816,1.057
26.873987494133146,0.9156939040207522,0.096,0.254,0.079,0.196,0.17400000000000002,0.13,0.4785992217898833,63.900000000000006,1.542,0.738,0.5680933852140078,0.876
22.296481893863174,0.9259877573734001,0.095,0.274,0.093,0.215,0.2,0.133,0.5058430717863105,72.0,1.797,0.909,0.6104618809126322,1.097
27.155297660453115,0.9222551928783382,0.107,0.26,0.083,0.203,0.185,0.131,0.4896142433234421,77.10000000000001,1.685,0.8250000000000001,0.5768545994065282,0.972
27.68166089965398,0.9252941176470588,0.10300000000000001,0.268,0.093,0.227,0.201,0.127,0.508235294117647,80.0,1.7,0.864,0.5911764705882353,1.0050000000000001
30.093775591254175,0.923697270471464,0.10400000000000001,0.255,0.08700000000000001,0.214,0.187,0.123,0.4975186104218362,78.2,1.612,0.802,0.6042183622828784,0.974
23.74971040884447,0.9271899886234357,0.10400000000000001,0.264,0.088,0.216,0.195,0.128,0.518202502844141,73.4,1.758,0.911,0.6080773606370876,1.069
39.73978547001034,0.9225690276110444,0.10400000000000001,0.265,0.084,0.215,0.191,0.129,0.5006002400960384,110.30000000000001,1.666,0.834,0.556422569027611,0.927
34.337795292008096,0.9235159817351598,0.106,0.274,0.089,0.216,0.21,0.134,0.5079908675799086,105.4,1.752,0.89,0.6027397260273972,1.056
27.81953977785558,0.9285305889079474,0.098,0.259,0.088,0.203,0.186,0.125,0.5048599199542596,85.10000000000001,1.749,0.883,0.6026300743281875,1.054
28.824974992305325,0.9270833333333334,0.109,0.297,0.08700000000000001,0.219,0.2,0.133,0.5208333333333334,95.9,1.824,0.9500000000000001,0.625,1.1400000000000001
25.558172225569127,0.9315223542727787,0.10200000000000001,0.279,0.08700000000000001,0.20700000000000002,0.198,0.121,0.5240520656479909,79.80000000000001,1.7670000000000001,0.926,0.599320882852292,1.059
25.960795810796,0.925638179800222,0.10400000000000001,0.268,0.084,0.20700000000000002,0.195,0.134,0.5022197558268591,84.30000000000001,1.802,0.905,0.6037735849056604,1.088
27.684478124870328,0.9257017061089708,0.106,0.26,0.088,0.22,0.191,0.135,0.5085305448541552,91.4,1.817,0.924,0.5943863511282333,1.08
21.8472450815036,0.922686230248307,0.108,0.281,0.092,0.219,0.212,0.137,0.5084650112866818,68.60000000000001,1.772,0.901,0.6049661399548533,1.072
28.153144237520063,0.9279684862127181,0.105,0.28600000000000003,0.095,0.224,0.2,0.128,0.4946539110861002,88.9,1.7770000000000001,0.879,0.5891952729319077,1.047
25.771574769016308,0.9177842565597668,0.097,0.269,0.082,0.20600000000000002,0.184,0.14100000000000001,0.49854227405247814,75.8,1.715,0.855,0.602332361516035,1.033
24.196079799107142,0.9213169642857143,0.10200000000000001,0.273,0.085,0.215,0.188,0.14100000000000001,0.5050223214285714,77.7,1.792,0.905,0.5970982142857143,1.07
28.84052040466819,0.9210383991346673,0.098,0.28400000000000003,0.088,0.223,0.199,0.146,0.5018929150892374,98.60000000000001,1.849,0.928,0.5932936722552731,1.097
24.52244897959184,0.9274285714285714,0.096,0.268,0.08600000000000001,0.203,0.188,0.127,0.492,75.10000000000001,1.75,0.861,0.5937142857142857,1.039
26.116993801652896,0.9261363636363636,0.099,0.272,0.091,0.217,0.196,0.13,0.5102272727272728,80.9,1.76,0.898,0.6005681818181818,1.057
25.56016703569158,0.932920536635707,0.106,0.292,0.093,0.223,0.213,0.13,0.5263157894736842,96.0,1.938,1.02,0.6160990712074303,1.194
28.372520073557954,0.9269875608436993,0.101,0.269,0.09,0.216,0.20600000000000002,0.135,0.50730124391563,97.0,1.849,0.9380000000000001,0.5959978366684694,1.102
28.365189408049343,0.9281991893456861,0.105,0.265,0.092,0.224,0.191,0.124,0.5089751013317892,84.60000000000001,1.727,0.879,0.6079907353792704,1.05
25.02688327296629,0.9303482587064676,0.10200000000000001,0.28700000000000003,0.091,0.219,0.191,0.126,0.5152017689331122,81.9,1.809,0.932,0.5959093421779988,1.078
28.443998109640834,0.925,0.105,0.297,0.093,0.225,0.213,0.138,0.5010869565217392,96.30000000000001,1.84,0.922,0.5972826086956522,1.099
28.874294815965598,0.9294117647058824,0.10200000000000001,0.274,0.096,0.226,0.20400000000000001,0.126,0.5137254901960784,92.0,1.7850000000000001,0.917,0.5859943977591037,1.046
27.159054523361874,0.92378223495702,0.108,0.28200000000000003,0.09,0.214,0.20700000000000002,0.133,0.520916905444126,82.7,1.745,0.909,0.6097421203438396,1.064
27.03491938193708,0.9232101616628176,0.098,0.27,0.088,0.213,0.202,0.133,0.5254041570438799,81.10000000000001,1.732,0.91,0.6027713625866051,1.044
29.92125393909219,0.9229422066549913,0.095,0.275,0.088,0.209,0.196,0.132,0.5125510799766492,87.80000000000001,1.713,0.878,0.5919439579684763,1.014
21.422736071891595,0.920316301703163,0.095,0.245,0.082,0.201,0.178,0.131,0.5103406326034063,57.900000000000006,1.6440000000000001,0.839,0.5936739659367397,0.976
30.315418290072465,0.9288913773796192,0.112,0.279,0.094,0.229,0.199,0.127,0.5061590145576708,96.7,1.786,0.904,0.6063829787234043,1.083
29.163480313908337,0.9318801089918256,0.099,0.289,0.094,0.226,0.199,0.125,0.5002724795640326,98.2,1.835,0.918,0.5956403269754769,1.093
32.20545600963139,0.9302325581395349,0.112,0.28,0.097,0.23500000000000001,0.203,0.123,0.5104934770277936,100.10000000000001,1.7630000000000001,0.9,0.6040839478162223,1.065
27.547735059658063,0.9247184350918791,0.095,0.25,0.092,0.215,0.189,0.127,0.4973325429756965,78.4,1.687,0.839,0.5844694724362774,0.986
24.934430874521404,0.9363881401617251,0.10400000000000001,0.28600000000000003,0.093,0.218,0.20500000000000002,0.11800000000000001,0.5272237196765499,85.80000000000001,1.855,0.978,0.6107816711590297,1.133
31.537317468902117,0.9261627906976744,0.10200000000000001,0.28200000000000003,0.09,0.218,0.194,0.127,0.5075581395348837,93.30000000000001,1.72,0.873,0.5901162790697675,1.0150000000000001
27.314841792436336,0.9211195928753181,0.099,0.256,0.081,0.197,0.186,0.124,0.5095419847328244,67.5,1.572,0.801,0.6170483460559797,0.97
22.711625258183236,0.9224489795918367,0.099,0.263,0.082,0.199,0.19,0.133,0.5148688046647231,66.8,1.715,0.883,0.6058309037900874,1.039
29.174627241389842,0.9240048250904704,0.106,0.263,0.08700000000000001,0.212,0.187,0.126,0.4951749095295537,80.2,1.6580000000000001,0.8210000000000001,0.5928829915560917,0.983
27.176852352623044,0.9261627906976744,0.101,0.258,0.089,0.215,0.18,0.127,0.4941860465116279,80.4,1.72,0.85,0.5924418604651163,1.0190000000000001
29.293204071660355,0.9245920090039392,0.10400000000000001,0.269,0.09,0.221,0.192,0.134,0.4991558806978053,92.5,1.7770000000000001,0.887,0.5728756330894766,1.018
28.996915443801893,0.9267399267399268,0.098,0.28500000000000003,0.094,0.226,0.209,0.12,0.5207570207570208,77.80000000000001,1.6380000000000001,0.853,0.6245421245421245,1.0230000000000001
29.21823394710974,0.9311251314405888,0.101,0.292,0.088,0.212,0.196,0.131,0.49369085173501576,105.7,1.9020000000000001,0.9390000000000001,0.5862250262881178,1.115
28.026199675319127,0.9286112660345789,0.099,0.27,0.095,0.222,0.20400000000000001,0.128,0.5064138315672058,90.10000000000001,1.793,0.908,0.6068042387060792,1.088
23.85365719513744,0.9299610894941635,0.1,0.281,0.089,0.20800000000000002,0.201,0.126,0.5119510839355197,77.2,1.799,0.921,0.6003335186214563,1.08
27.112332632331576,0.927710843373494,0.099,0.289,0.089,0.214,0.2,0.132,0.5125958378970427,90.4,1.826,0.936,0.6106243154435925,1.115
26.90435665442384,0.9256830601092896,0.10200000000000001,0.297,0.093,0.221,0.209,0.136,0.519672131147541,90.10000000000001,1.83,0.9510000000000001,0.6163934426229508,1.1280000000000001
31.201045446059688,0.9230769230769231,0.10200000000000001,0.267,0.092,0.221,0.194,0.135,0.49572649572649574,96.10000000000001,1.7550000000000001,0.87,0.5817663817663817,1.0210000000000001
29.23905152771888,0.9302949061662198,0.105,0.28600000000000003,0.094,0.23,0.203,0.13,0.5045576407506702,101.7,1.865,0.9410000000000001,0.604289544235925,1.127
27.501536038969398,0.9213732004429679,0.097,0.268,0.09,0.223,0.193,0.14200000000000002,0.5077519379844961,89.7,1.806,0.917,0.6013289036544851,1.086
28.524593431122447,0.9274553571428571,0.1,0.266,0.088,0.211,0.188,0.13,0.5072544642857143,91.60000000000001,1.792,0.909,0.5909598214285714,1.059
23.56123657223276,0.9223410241980866,0.098,0.267,0.084,0.20700000000000002,0.198,0.138,0.4974676420934159,74.4,1.7770000000000001,0.884,0.5936972425436128,1.055
24.088562122307057,0.9234088457389428,0.1,0.28800000000000003,0.088,0.217,0.217,0.14200000000000002,0.5399137001078749,82.80000000000001,1.854,1.0010000000000001,0.6218985976267529,1.153
24.359571452879194,0.925783397471138,0.10200000000000001,0.263,0.084,0.20500000000000002,0.192,0.135,0.48927982407916437,80.60000000000001,1.819,0.89,0.5854865310610226,1.065
25.670767070602242,0.9243093922651934,0.1,0.278,0.08700000000000001,0.215,0.201,0.137,0.518232044198895,84.10000000000001,1.81,0.9380000000000001,0.6033149171270719,1.092
28.065224429894204,0.9209274673008323,0.097,0.268,0.093,0.223,0.186,0.133,0.5029726516052319,79.4,1.682,0.846,0.5992865636147443,1.008
29.141971636518534,0.9317073170731708,0.107,0.273,0.089,0.221,0.201,0.126,0.4997289972899729,99.2,1.845,0.922,0.5951219512195122,1.098
30.99212106228046,0.9260259179265659,0.101,0.293,0.084,0.20700000000000002,0.197,0.137,0.5145788336933045,106.30000000000001,1.852,0.9530000000000001,0.6128509719222462,1.135
26.193564496494293,0.9213483146067416,0.098,0.264,0.08600000000000001,0.20700000000000002,0.197,0.133,0.527498521584861,74.9,1.691,0.892,0.6096984033116499,1.031
26.616840647226223,0.9228998849252014,0.10300000000000001,0.276,0.091,0.22,0.20400000000000001,0.134,0.4953970080552359,80.4,1.738,0.861,0.5903337169159953,1.026
24.799138930173346,0.9228521332554062,0.098,0.254,0.085,0.211,0.186,0.132,0.4950321449444769,72.60000000000001,1.711,0.847,0.587375803623612,1.0050000000000001
24.629386376430855,0.930365296803653,0.094,0.279,0.085,0.212,0.194,0.122,0.5091324200913242,75.60000000000001,1.752,0.892,0.6050228310502284,1.06
26.192187770221928,0.9253903990746096,0.097,0.258,0.08700000000000001,0.215,0.186,0.129,0.5020242914979757,78.30000000000001,1.729,0.868,0.6026604973973395,1.042
23.75817965496728,0.9176829268292683,0.097,0.254,0.08,0.197,0.176,0.135,0.5036585365853659,63.900000000000006,1.6400000000000001,0.8260000000000001,0.5902439024390244,0.968
23.055685037111406,0.921556886227545,0.1,0.264,0.085,0.20700000000000002,0.201,0.131,0.5071856287425149,64.3,1.67,0.847,0.6065868263473054,1.0130000000000001
27.34252917102041,0.9260943718021604,0.105,0.269,0.088,0.224,0.197,0.13,0.5093803297328028,84.60000000000001,1.7590000000000001,0.896,0.6083001705514497,1.07
27.53185315706563,0.925054704595186,0.10300000000000001,0.262,0.08700000000000001,0.212,0.192,0.137,0.5060175054704595,92.0,1.828,0.925,0.6028446389496718,1.102
27.147983290049417,0.919442761962447,0.099,0.267,0.08,0.2,0.186,0.133,0.5105996365838885,74.0,1.651,0.843,0.6032707450030285,0.996
28.748754403722273,0.9204481792717086,0.10200000000000001,0.28600000000000003,0.09,0.224,0.20600000000000002,0.14200000000000002,0.5047619047619047,91.60000000000001,1.7850000000000001,0.901,0.6207282913165266,1.108
30.023072917217164,0.9337252805986104,0.097,0.277,0.091,0.221,0.203,0.124,0.4975948690539818,105.10000000000001,1.871,0.931,0.6109032602886157,1.143
26.27510945639099,0.9273907910271547,0.099,0.264,0.077,0.194,0.184,0.123,0.538961038961039,75.4,1.694,0.913,0.6097992916174735,1.033
30.00415852615556,0.9277310924369748,0.099,0.26,0.088,0.211,0.185,0.129,0.5064425770308123,95.60000000000001,1.7850000000000001,0.904,0.5977591036414566,1.067
23.50163343224177,0.9267291910902696,0.10400000000000001,0.259,0.08700000000000001,0.20700000000000002,0.191,0.125,0.5087924970691676,68.4,1.706,0.868,0.5984759671746777,1.0210000000000001
25.121107266435992,0.9247058823529412,0.092,0.253,0.078,0.191,0.181,0.128,0.5088235294117647,72.60000000000001,1.7,0.865,0.5988235294117648,1.018
28.269975521573212,0.9267376330619912,0.094,0.23900000000000002,0.082,0.196,0.171,0.117,0.48966812773951157,72.10000000000001,1.597,0.782,0.5792110206637445,0.925
28.820265499955212,0.9272030651340997,0.112,0.28600000000000003,0.092,0.228,0.20400000000000001,0.133,0.50519978106185,96.2,1.827,0.923,0.6037219485495348,1.103
21.56820064133874,0.9228110599078341,0.097,0.258,0.085,0.199,0.187,0.134,0.4798387096774194,65.0,1.736,0.833,0.5748847926267281,0.998
29.912113447026172,0.9232480533926585,0.107,0.28,0.09,0.221,0.198,0.138,0.5183537263626251,96.7,1.798,0.932,0.6056729699666296,1.089
33.4608965667061,0.9191564147627417,0.10400000000000001,0.272,0.098,0.233,0.187,0.138,0.47510251903925016,97.5,1.707,0.811,0.5664909197422379,0.967
31.27402890514732,0.927007299270073,0.105,0.279,0.097,0.231,0.202,0.13,0.5042111173498035,99.2,1.7810000000000001,0.898,0.5805727119595733,1.034
27.612456747404853,0.9205882352941176,0.098,0.25,0.082,0.198,0.182,0.135,0.49176470588235294,79.80000000000001,1.7,0.836,0.5876470588235294,0.999
30.434668109495377,0.9321663019693655,0.10400000000000001,0.276,0.089,0.221,0.20700000000000002,0.124,0.5164113785557987,101.7,1.828,0.9440000000000001,0.5995623632385121,1.096
36.830331309593994,0.9253208868144691,0.111,0.273,0.094,0.223,0.188,0.128,0.4836639439906651,108.2,1.714,0.8290000000000001,0.588098016336056,1.008
31.74215818381804,0.9310532030401737,0.10200000000000001,0.289,0.08600000000000001,0.214,0.203,0.127,0.509771986970684,107.7,1.842,0.9390000000000001,0.6123778501628665,1.1280000000000001
35.45280948423022,0.926663174436878,0.111,0.296,0.098,0.242,0.217,0.14,0.49764274489261395,129.20000000000002,1.909,0.9500000000000001,0.6008381351492929,1.147
22.18808785005821,0.9206257242178447,0.093,0.259,0.082,0.202,0.185,0.137,0.5063731170336037,66.10000000000001,1.726,0.874,0.6013904982618772,1.038
24.437107344693455,0.9281575898030128,0.10300000000000001,0.269,0.082,0.197,0.19,0.124,0.5127462340672074,72.8,1.726,0.885,0.6071842410196987,1.048
23.55767506902363,0.9245508982035928,0.09,0.259,0.083,0.202,0.17500000000000002,0.126,0.5065868263473053,65.7,1.67,0.846,0.6053892215568862,1.0110000000000001
21.939058171745152,0.9347368421052632,0.10400000000000001,0.299,0.089,0.209,0.209,0.124,0.49842105263157893,79.2,1.9000000000000001,0.9470000000000001,0.5947368421052631,1.1300000000000001
29.395159772667395,0.9257668711656442,0.10300000000000001,0.249,0.085,0.20400000000000001,0.179,0.121,0.4803680981595092,78.10000000000001,1.6300000000000001,0.783,0.592638036809816,0.966
36.178752739869076,0.9269252388982574,0.099,0.263,0.095,0.232,0.197,0.13,0.5025295109612141,114.5,1.7790000000000001,0.894,0.5896571107363687,1.049
33.66677381924248,0.9237425635478637,0.11,0.291,0.096,0.22,0.203,0.14100000000000001,0.5246078961600865,115.10000000000001,1.849,0.97,0.6095186587344511,1.127
28.397676598826397,0.920935412026726,0.10300000000000001,0.28400000000000003,0.09,0.218,0.196,0.14200000000000002,0.505011135857461,91.60000000000001,1.796,0.907,0.5996659242761693,1.077
31.44877644980667,0.924807903402854,0.114,0.3,0.088,0.22,0.20600000000000002,0.137,0.5010976948408342,104.4,1.822,0.913,0.602085620197585,1.097
24.83891180128871,0.9235474006116208,0.105,0.257,0.08700000000000001,0.213,0.188,0.125,0.5045871559633027,66.4,1.635,0.8250000000000001,0.5975535168195719,0.977
30.23152422967751,0.9222222222222223,0.1,0.266,0.097,0.234,0.195,0.133,0.5087719298245614,88.4,1.71,0.87,0.5853801169590643,1.0010000000000001
29.859916992189184,0.9213153258954786,0.10400000000000001,0.263,0.08600000000000001,0.209,0.193,0.134,0.4961832061068702,86.60000000000001,1.703,0.845,0.5813270698766883,0.99
29.813654850063795,0.9159519725557461,0.107,0.28200000000000003,0.094,0.234,0.20400000000000001,0.147,0.4997141223556318,91.2,1.749,0.874,0.592338479130932,1.036
26.428837882476692,0.925947187141217,0.099,0.267,0.092,0.221,0.194,0.129,0.4954075774971297,80.2,1.742,0.863,0.5924225028702641,1.032
27.96938406567324,0.918790752815649,0.098,0.252,0.081,0.202,0.185,0.137,0.4831061055127445,79.60000000000001,1.687,0.8150000000000001,0.5815056312981625,0.981
23.929025908426922,0.926632004621606,0.097,0.263,0.083,0.20400000000000001,0.184,0.127,0.510687463893703,71.7,1.731,0.884,0.6019641825534373,1.042
22.018037626975826,0.9342309684101502,0.109,0.299,0.088,0.217,0.214,0.127,0.5261522527187985,82.10000000000001,1.931,1.016,0.6209218021750389,1.199
29.073596508629237,0.9233802816901409,0.1,0.267,0.088,0.203,0.188,0.136,0.5138028169014085,91.60000000000001,1.7750000000000001,0.912,0.5909859154929578,1.049
24.157185941652482,0.9234972677595629,0.105,0.28200000000000003,0.08600000000000001,0.217,0.195,0.14,0.5360655737704918,80.9,1.83,0.981,0.6163934426229508,1.1280000000000001
32.930373893513014,0.9293103448275862,0.10200000000000001,0.272,0.088,0.223,0.195,0.123,0.5195402298850574,99.7,1.74,0.904,0.6,1.044
26.23549389709648,0.9312398484028154,0.10400000000000001,0.28,0.083,0.20400000000000001,0.194,0.127,0.5170546832701678,89.5,1.847,0.9550000000000001,0.6053059014618299,1.118
33.87882293393556,0.9301760777170613,0.10200000000000001,0.246,0.09,0.216,0.2,0.115,0.5148755312689739,91.9,1.647,0.848,0.5859137826350941,0.965
25.906707873487033,0.9263485477178424,0.105,0.28600000000000003,0.094,0.226,0.21,0.14200000000000002,0.508298755186722,96.30000000000001,1.928,0.98,0.6094398340248963,1.175
25.8225099227718,0.925364758698092,0.106,0.28600000000000003,0.089,0.20500000000000002,0.202,0.133,0.5061728395061729,82.0,1.782,0.902,0.6038159371492705,1.076
22.667365708468672,0.9258843346434588,0.10300000000000001,0.279,0.089,0.211,0.203,0.132,0.5115103874227962,71.9,1.7810000000000001,0.911,0.6019090398652442,1.072
26.700022346757834,0.9233390119250426,0.1,0.28,0.093,0.217,0.192,0.135,0.5031232254400908,82.80000000000001,1.7610000000000001,0.886,0.6036342986939239,1.063
22.873531807270233,0.9224537037037037,0.10200000000000001,0.27,0.098,0.232,0.201,0.134,0.5040509259259259,68.3,1.728,0.871,0.5885416666666666,1.0170000000000001
28.4827271867287,0.9260997067448681,0.10200000000000001,0.262,0.093,0.219,0.187,0.126,0.5102639296187683,82.80000000000001,1.705,0.87,0.6017595307917889,1.026
21.007271928096255,0.9259687680740313,0.098,0.258,0.08600000000000001,0.20600000000000002,0.192,0.128,0.5153267784846732,62.800000000000004,1.729,0.891,0.606709080393291,1.049
29.125226746731723,0.9263698630136986,0.1,0.269,0.084,0.211,0.194,0.129,0.5028538812785388,89.4,1.752,0.881,0.5981735159817352,1.048
29.421313205096993,0.9183558558558559,0.10200000000000001,0.273,0.095,0.225,0.2,0.145,0.4988738738738739,92.80000000000001,1.776,0.886,0.5940315315315315,1.055
20.559751267758717,0.9227023737066342,0.10200000000000001,0.255,0.083,0.196,0.184,0.127,0.5088253195374315,55.5,1.643,0.836,0.6074254412659769,0.998
25.072011034930423,0.9210191082802548,0.092,0.246,0.083,0.197,0.17500000000000002,0.124,0.48089171974522293,61.800000000000004,1.57,0.755,0.5885350318471337,0.924
28.02772526780088,0.9257971014492754,0.10300000000000001,0.266,0.08700000000000001,0.209,0.188,0.128,0.5171014492753623,83.4,1.725,0.892,0.6034782608695652,1.041
24.602423613442816,0.9259668508287293,0.098,0.264,0.091,0.22,0.191,0.134,0.47955801104972373,80.60000000000001,1.81,0.868,0.5966850828729282,1.08
29.022098124473498,0.9316427783902976,0.106,0.271,0.085,0.213,0.186,0.124,0.5148842337375965,95.5,1.814,0.934,0.6102535832414554,1.107
34.22612785119098,0.930045871559633,0.101,0.275,0.084,0.202,0.195,0.122,0.5126146788990825,104.10000000000001,1.744,0.894,0.5854357798165137,1.0210000000000001
32.08444931417905,0.9290540540540541,0.10300000000000001,0.275,0.088,0.215,0.194,0.126,0.5140765765765766,101.2,1.776,0.913,0.607545045045045,1.079
40.64965707707508,0.9307311709730621,0.112,0.28800000000000003,0.092,0.224,0.203,0.126,0.5272127542605828,134.5,1.819,0.9590000000000001,0.5981308411214953,1.088
31.857474351673197,0.9183673469387755,0.096,0.259,0.079,0.20600000000000002,0.184,0.14,0.5037900874635568,93.7,1.715,0.864,0.5900874635568513,1.012
22.523630317346253,0.927710843373494,0.10300000000000001,0.28200000000000003,0.08600000000000001,0.202,0.194,0.132,0.49835706462212487,75.10000000000001,1.826,0.91,0.5985761226725083,1.093
25.996012443338827,0.921724333522405,0.101,0.28200000000000003,0.084,0.2,0.203,0.138,0.499149177538287,80.80000000000001,1.7630000000000001,0.88,0.5933068633011912,1.046
22.517185564008344,0.9294245385450597,0.101,0.28600000000000003,0.091,0.221,0.209,0.13,0.501628664495114,76.4,1.842,0.924,0.5982627578718784,1.102
34.39402220507545,0.9247685185185185,0.105,0.275,0.088,0.216,0.201,0.13,0.5179398148148148,102.7,1.728,0.895,0.6145833333333334,1.062
26.333693736445564,0.9206349206349206,0.107,0.28400000000000003,0.094,0.228,0.20600000000000002,0.145,0.5155993431855501,87.9,1.827,0.9420000000000001,0.6174055829228243,1.1280000000000001
30.966553287981867,0.9267857142857143,0.10300000000000001,0.273,0.08700000000000001,0.214,0.191,0.123,0.5023809523809524,87.4,1.68,0.844,0.5851190476190476,0.983
30.364335882571957,0.9297475301866082,0.10400000000000001,0.28200000000000003,0.089,0.218,0.197,0.128,0.4802414928649835,100.80000000000001,1.822,0.875,0.5834248079034029,1.063
27.408871261222664,0.9206939281288724,0.097,0.258,0.084,0.21,0.177,0.128,0.49876084262701365,71.4,1.614,0.805,0.6028500619578686,0.973
22.740163826359737,0.9328400682982356,0.09,0.257,0.078,0.192,0.179,0.11800000000000001,0.4928856004553216,70.2,1.7570000000000001,0.866,0.5964712578258395,1.048
30.51300357565003,0.9208261617900172,0.10400000000000001,0.272,0.08700000000000001,0.209,0.189,0.138,0.5088927137119909,92.7,1.743,0.887,0.6121629374641423,1.067
25.52467295325216,0.9268429938097917,0.10200000000000001,0.28,0.093,0.22,0.20400000000000001,0.13,0.4974676420934159,80.60000000000001,1.7770000000000001,0.884,0.6072031513787282,1.079
29.96230906566157,0.927887323943662,0.10400000000000001,0.29,0.094,0.222,0.214,0.128,0.5115492957746479,94.4,1.7750000000000001,0.908,0.584225352112676,1.037
24.016897582924855,0.9311805187930122,0.10400000000000001,0.274,0.088,0.223,0.203,0.13,0.5050291159343568,85.7,1.889,0.9540000000000001,0.606140815246162,1.145
19.956558513380276,0.9278523489932886,0.092,0.25,0.08700000000000001,0.201,0.185,0.129,0.5123042505592841,63.800000000000004,1.788,0.916,0.6062639821029083,1.084
26.806048406041704,0.9209414604707302,0.096,0.243,0.084,0.203,0.176,0.131,0.48702474351237174,73.60000000000001,1.657,0.807,0.5932407966203983,0.983
26.20665635439851,0.9299474605954466,0.096,0.266,0.082,0.197,0.188,0.12,0.4997081144191477,76.9,1.713,0.856,0.5913601868067717,1.0130000000000001
32.649754774630395,0.9305637982195846,0.097,0.264,0.079,0.195,0.183,0.117,0.5074183976261127,92.7,1.685,0.855,0.5952522255192878,1.0030000000000001
29.773669272683595,0.9312288613303269,0.10400000000000001,0.28800000000000003,0.088,0.217,0.199,0.122,0.5208568207440811,93.7,1.774,0.924,0.6296505073280722,1.117
31.155033079022086,0.9268854346574554,0.097,0.262,0.092,0.22,0.187,0.127,0.5054691997697179,94.0,1.737,0.878,0.5941278065630398,1.032
33.08261290221903,0.9217877094972067,0.107,0.278,0.093,0.224,0.196,0.14,0.49664804469273743,106.0,1.79,0.889,0.5988826815642458,1.072
26.179477190270408,0.9175729822552948,0.099,0.265,0.08600000000000001,0.21,0.192,0.14400000000000002,0.5077275329135661,79.9,1.747,0.887,0.6187750429307384,1.081
27.078202359323207,0.9328716036228023,0.109,0.296,0.094,0.221,0.209,0.126,0.5210442194992009,95.4,1.877,0.978,0.6046883324453916,1.135
32.088990363411455,0.9250269687162891,0.107,0.28400000000000003,0.092,0.23,0.209,0.139,0.5140237324703344,110.30000000000001,1.854,0.9530000000000001,0.5954692556634305,1.104
28.336062206675205,0.93042071197411,0.096,0.28,0.089,0.217,0.203,0.129,0.5140237324703344,97.4,1.854,0.9530000000000001,0.5965480043149946,1.106
36.46025322572821,0.9227348526959422,0.114,0.297,0.101,0.241,0.215,0.139,0.5269594219010562,118.0,1.799,0.9480000000000001,0.6020011117287382,1.083
28.188196266992655,0.9141291108404385,0.099,0.26,0.085,0.20500000000000002,0.187,0.14100000000000001,0.4951278928136419,76.0,1.6420000000000001,0.8130000000000001,0.587088915956151,0.964
31.326037121196887,0.9310538116591929,0.105,0.271,0.092,0.219,0.197,0.123,0.5218609865470852,99.7,1.784,0.931,0.5980941704035875,1.067
30.355928218480674,0.926394479585969,0.094,0.276,0.089,0.214,0.199,0.128,0.49568717653824035,91.80000000000001,1.739,0.862,0.5917193789534215,1.029
29.06879615089044,0.9248554913294798,0.10200000000000001,0.265,0.08700000000000001,0.214,0.192,0.13,0.5184971098265896,87.0,1.73,0.897,0.6063583815028901,1.049
28.311652596240165,0.9373576309794989,0.10200000000000001,0.278,0.085,0.21,0.193,0.11,0.5130979498861048,87.30000000000001,1.756,0.901,0.6036446469248291,1.06
23.226064762820414,0.9260102447353443,0.097,0.264,0.082,0.196,0.192,0.13,0.50199203187251,71.7,1.7570000000000001,0.882,0.601593625498008,1.057
31.7356319485678,0.9338235294117647,0.1,0.267,0.088,0.215,0.192,0.117,0.503393665158371,99.2,1.768,0.89,0.5927601809954751,1.048
27.339626243795067,0.9283175355450237,0.093,0.267,0.084,0.203,0.203,0.121,0.5308056872037915,77.9,1.688,0.896,0.615521327014218,1.039
36.61727580359267,0.9229916897506926,0.099,0.278,0.092,0.221,0.195,0.139,0.5080332409972299,119.30000000000001,1.805,0.917,0.5988919667590028,1.081
26.985927326191977,0.9263768115942029,0.098,0.26,0.088,0.20700000000000002,0.192,0.127,0.5020289855072464,80.30000000000001,1.725,0.866,0.601159420289855,1.037
27.745056851620593,0.9229499174463401,0.10400000000000001,0.259,0.088,0.214,0.195,0.14,0.49477160154100164,91.60000000000001,1.817,0.899,0.5800770500825536,1.054
25.71770961703555,0.9366684406599255,0.096,0.28200000000000003,0.092,0.217,0.196,0.11900000000000001,0.4981373070782331,90.80000000000001,1.879,0.936,0.602980308674827,1.133
28.63551282511784,0.9261822376009228,0.097,0.268,0.092,0.216,0.193,0.128,0.5046136101499423,86.10000000000001,1.734,0.875,0.580161476355248,1.006
31.623950873083796,0.9272930648769575,0.099,0.28300000000000003,0.088,0.216,0.201,0.13,0.5072706935123042,101.10000000000001,1.788,0.907,0.5956375838926175,1.065
23.55103699595345,0.9335915882678473,0.099,0.28300000000000003,0.084,0.20800000000000002,0.193,0.12,0.496956281128943,76.9,1.807,0.898,0.5910348644161594,1.068
21.12301338897291,0.9299363057324841,0.099,0.249,0.088,0.212,0.17500000000000002,0.121,0.5049218297625941,63.0,1.727,0.872,0.5923566878980892,1.0230000000000001
31.947792631553313,0.927065527065527,0.099,0.265,0.085,0.20700000000000002,0.19,0.128,0.5202279202279202,98.4,1.7550000000000001,0.913,0.6267806267806267,1.1
23.827297465117976,0.9326923076923077,0.092,0.271,0.085,0.202,0.191,0.126,0.5272435897435898,83.5,1.872,0.987,0.6063034188034188,1.135
22.082101320550365,0.9289458357600466,0.094,0.248,0.084,0.198,0.178,0.122,0.5002912055911474,65.10000000000001,1.717,0.859,0.5958066394874781,1.0230000000000001
34.03437013522176,0.9331491712707183,0.111,0.276,0.1,0.241,0.196,0.121,0.5265193370165746,111.5,1.81,0.9530000000000001,0.6121546961325967,1.108
26.894613457168084,0.9277745155607751,0.098,0.274,0.091,0.223,0.20500000000000002,0.123,0.5067527891955372,78.0,1.703,0.863,0.6089254257193188,1.037
27.80812084516713,0.9245810055865922,0.1,0.28800000000000003,0.088,0.218,0.20500000000000002,0.135,0.5201117318435754,89.10000000000001,1.79,0.931,0.6039106145251396,1.081
31.647474651920774,0.9219941348973607,0.1,0.262,0.08600000000000001,0.21,0.19,0.133,0.4997067448680352,92.0,1.705,0.852,0.5988269794721408,1.0210000000000001
22.05430000812527,0.9339879978177851,0.101,0.28800000000000003,0.08700000000000001,0.215,0.203,0.121,0.49972722313147844,74.10000000000001,1.833,0.916,0.5935624659028914,1.088
34.70601968587615,0.9311098961180974,0.107,0.261,0.091,0.226,0.197,0.126,0.5062875888463642,116.10000000000001,1.829,0.926,0.6063422635319847,1.109
26.584425888397284,0.9315960912052117,0.097,0.27,0.088,0.217,0.194,0.126,0.49348534201954397,90.2,1.842,0.909,0.6026058631921825,1.11
27.053802773967377,0.9222222222222223,0.105,0.259,0.088,0.212,0.178,0.126,0.5018518518518519,71.0,1.62,0.8130000000000001,0.5993827160493828,0.971
23.769000429124993,0.926205694363742,0.1,0.27,0.092,0.217,0.203,0.127,0.5043579314352121,70.4,1.721,0.868,0.6025566531086578,1.037
21.868837877229083,0.9259259259259259,0.099,0.262,0.091,0.217,0.19,0.128,0.4994212962962963,65.3,1.728,0.863,0.5949074074074074,1.028
20.68994894450834,0.9269949066213922,0.092,0.251,0.085,0.201,0.19,0.129,0.4968873797396718,64.60000000000001,1.7670000000000001,0.878,0.5970571590265987,1.055
28.578284184819204,0.9239835002946376,0.092,0.269,0.085,0.203,0.186,0.129,0.5138479670005893,82.30000000000001,1.697,0.872,0.6004714201532115,1.0190000000000001
24.53223948259821,0.9210526315789473,0.099,0.246,0.085,0.20500000000000002,0.183,0.129,0.5244798041615667,65.5,1.6340000000000001,0.857,0.6046511627906976,0.988
29.33135965024026,0.9283295711060948,0.106,0.264,0.092,0.224,0.191,0.127,0.4971783295711061,92.10000000000001,1.772,0.881,0.5981941309255079,1.06
21.03244019733595,0.9307405434203516,0.096,0.277,0.08700000000000001,0.209,0.202,0.13,0.4906766116142781,74.10000000000001,1.877,0.921,0.5871070857751731,1.102
23.208768064735143,0.9292929292929293,0.105,0.27,0.088,0.21,0.198,0.126,0.5078563411896745,73.7,1.782,0.905,0.6026936026936027,1.074
31.944444444444443,0.9333333333333333,0.107,0.277,0.093,0.222,0.191,0.12,0.495,103.5,1.8,0.891,0.6016666666666667,1.083
26.360987558654013,0.928164196123147,0.099,0.267,0.088,0.20600000000000002,0.191,0.126,0.48745724059293044,81.10000000000001,1.754,0.855,0.5957810718358039,1.045
34.346646199391465,0.9324607329842932,0.116,0.291,0.096,0.229,0.21,0.129,0.49842931937172774,125.30000000000001,1.9100000000000001,0.9520000000000001,0.6010471204188481,1.1480000000000001
27.654932464364382,0.9286128845037724,0.094,0.265,0.089,0.213,0.196,0.123,0.4997098084735926,82.10000000000001,1.723,0.861,0.5908299477655252,1.018
25.49709241430317,0.9261053906723198,0.101,0.259,0.08700000000000001,0.20700000000000002,0.186,0.122,0.4887946698970321,69.5,1.651,0.807,0.600847970926711,0.992
33.06160591690291,0.9326617179215271,0.114,0.28600000000000003,0.098,0.231,0.214,0.127,0.5360551431601273,117.60000000000001,1.8860000000000001,1.0110000000000001,0.6193001060445387,1.168
28.610205360891147,0.9220623501199041,0.097,0.245,0.083,0.2,0.182,0.13,0.4748201438848921,79.60000000000001,1.668,0.792,0.5857314148681055,0.977
26.707901888996208,0.9277251184834123,0.097,0.253,0.08600000000000001,0.20700000000000002,0.182,0.122,0.4994075829383886,76.10000000000001,1.688,0.843,0.5882701421800948,0.993
21.75650406188655,0.9337047353760446,0.10200000000000001,0.267,0.085,0.209,0.197,0.11900000000000001,0.5025069637883008,70.10000000000001,1.795,0.902,0.6050139275766017,1.086
27.091574783267404,0.9225917431192661,0.105,0.28200000000000003,0.093,0.223,0.20400000000000001,0.135,0.4994266055045872,82.4,1.744,0.871,0.5900229357798165,1.029
33.24903035291072,0.9303012404016539,0.10300000000000001,0.262,0.08600000000000001,0.20500000000000002,0.183,0.11800000000000001,0.4861193148257531,95.30000000000001,1.693,0.8230000000000001,0.5646780862374483,0.9560000000000001
21.664362904360008,0.930870083432658,0.096,0.246,0.085,0.202,0.184,0.116,0.5053635280095352,61.0,1.678,0.848,0.597735399284863,1.0030000000000001
32.10463733650416,0.9264367816091954,0.108,0.279,0.093,0.22,0.201,0.128,0.4839080459770115,97.2,1.74,0.842,0.575287356321839,1.0010000000000001
29.675999392332546,0.9251305861868834,0.10200000000000001,0.257,0.08700000000000001,0.202,0.195,0.129,0.5084155542658154,88.10000000000001,1.723,0.876,0.5943122460824144,1.024
24.910568067378932,0.922722029988466,0.1,0.263,0.082,0.201,0.184,0.134,0.5080738177623991,74.9,1.734,0.881,0.5974625144175317,1.036
28.600708884904787,0.9255888650963597,0.098,0.274,0.088,0.20500000000000002,0.198,0.139,0.5101713062098501,99.80000000000001,1.868,0.9530000000000001,0.5936830835117773,1.109
33.38869669942599,0.9308288610614192,0.099,0.255,0.083,0.201,0.18,0.116,0.5086463923673226,93.9,1.677,0.853,0.6159809183064997,1.033
36.58080949424723,0.9237187127532777,0.10400000000000001,0.27,0.09,0.214,0.189,0.128,0.4892729439809297,103.0,1.678,0.8210000000000001,0.5965435041716329,1.0010000000000001
37.727013774151686,0.9246767847105115,0.105,0.274,0.088,0.217,0.194,0.134,0.4896008993816751,119.4,1.7790000000000001,0.871,0.5761663856098932,1.025
28.831676054316794,0.9321163719338277,0.097,0.265,0.09,0.217,0.191,0.11900000000000001,0.5173987450085568,88.60000000000001,1.7530000000000001,0.907,0.6109526525955505,1.071
27.143036929177903,0.928922908693275,0.10400000000000001,0.29,0.091,0.215,0.21,0.13,0.523236741388737,90.80000000000001,1.829,0.9570000000000001,0.6129032258064516,1.121
28.808864265927976,0.9331578947368421,0.11800000000000001,0.301,0.097,0.231,0.229,0.127,0.5305263157894737,104.0,1.9000000000000001,1.008,0.6063157894736843,1.1520000000000001
25.198189369093132,0.9317180616740088,0.10400000000000001,0.281,0.092,0.217,0.201,0.124,0.5187224669603524,83.10000000000001,1.816,0.9420000000000001,0.611784140969163,1.111
35.42208412687848,0.9251737039016569,0.114,0.294,0.094,0.227,0.20800000000000002,0.14,0.49545697487974344,124.0,1.871,0.927,0.5734901122394441,1.073
24.06099963960282,0.927144535840188,0.097,0.265,0.08700000000000001,0.20800000000000002,0.189,0.124,0.5211515863689776,69.7,1.702,0.887,0.5940070505287897,1.0110000000000001
24.605755341431674,0.9213226909920182,0.098,0.274,0.091,0.218,0.194,0.138,0.5233751425313569,75.7,1.754,0.918,0.6151653363740023,1.079
33.86282141976056,0.9246534056660639,0.1,0.268,0.088,0.211,0.192,0.125,0.48282097649186256,93.2,1.659,0.801,0.5816757082579868,0.965
24.70069313169502,0.9321739130434783,0.1,0.261,0.092,0.217,0.181,0.117,0.49391304347826087,73.5,1.725,0.852,0.5988405797101449,1.033
37.85503083522919,0.926033779848573,0.1,0.257,0.08700000000000001,0.214,0.18,0.127,0.48864298194525335,111.60000000000001,1.717,0.839,0.5806639487478159,0.997
29.365763350250564,0.9293785310734464,0.1,0.274,0.093,0.221,0.194,0.125,0.49887005649717514,92.0,1.77,0.883,0.5853107344632769,1.036
20.45288531775018,0.9308108108108109,0.094,0.262,0.08600000000000001,0.202,0.19,0.128,0.5167567567567568,70.0,1.85,0.9560000000000001,0.6048648648648649,1.119
28.627030552245753,0.9302979201798763,0.105,0.277,0.08700000000000001,0.20800000000000002,0.193,0.124,0.5008431703204047,90.60000000000001,1.7790000000000001,0.891,0.5997751545812254,1.067
29.981271211749384,0.934559221200649,0.1,0.281,0.094,0.223,0.2,0.121,0.5143320713899405,102.5,1.849,0.9510000000000001,0.6116819902650081,1.131
33.58308268252742,0.9242675511332228,0.10400000000000001,0.277,0.088,0.212,0.191,0.137,0.5135433941404091,109.9,1.809,0.929,0.5870646766169154,1.062
26.161895967990155,0.9216374269005848,0.10200000000000001,0.258,0.08700000000000001,0.20700000000000002,0.2,0.134,0.4994152046783626,76.5,1.71,0.854,0.5953216374269006,1.018
33.65944461916378,0.9201166180758017,0.11,0.263,0.092,0.22,0.192,0.137,0.5142857142857142,99.0,1.715,0.882,0.5988338192419825,1.027
29.393576599095358,0.9177409453652547,0.099,0.254,0.085,0.20700000000000002,0.178,0.134,0.49478207489257214,78.0,1.629,0.806,0.585635359116022,0.9540000000000001
29.440354911507647,0.9223416965352449,0.10200000000000001,0.264,0.08700000000000001,0.216,0.177,0.13,0.4910394265232975,82.5,1.674,0.8220000000000001,0.5824372759856631,0.975
30.562892367482508,0.9269356597600873,0.099,0.28500000000000003,0.09,0.218,0.203,0.134,0.5125408942202835,102.80000000000001,1.834,0.9400000000000001,0.5921483097055616,1.086
29.145392000958946,0.9227799227799228,0.107,0.27,0.08700000000000001,0.215,0.191,0.14,0.5085493656922229,95.80000000000001,1.813,0.922,0.5912851627137341,1.072
29.33506233381192,0.9225551158846806,0.109,0.274,0.089,0.217,0.196,0.137,0.499152063312606,91.80000000000001,1.7690000000000001,0.883,0.5879027699265121,1.04
32.82260734987589,0.9276848354020507,0.10300000000000001,0.28,0.09,0.216,0.196,0.134,0.4878575283324339,112.7,1.853,0.904,0.5682676740420939,1.053
25.502040816326534,0.924,0.10400000000000001,0.277,0.089,0.22,0.198,0.133,0.49257142857142855,78.10000000000001,1.75,0.862,0.5971428571428572,1.045
21.40560550009268,0.9325973271353865,0.097,0.261,0.082,0.199,0.181,0.116,0.49680418361417783,63.400000000000006,1.721,0.855,0.6025566531086578,1.037
34.29039497862177,0.9232121922626025,0.106,0.276,0.094,0.23,0.192,0.131,0.5087924970691676,99.80000000000001,1.706,0.868,0.6096131301289566,1.04
23.11598472129875,0.9210998206814106,0.097,0.274,0.084,0.202,0.19,0.132,0.49731022115959356,64.7,1.673,0.8320000000000001,0.5905558876270174,0.988
23.459612916386877,0.9230320699708455,0.097,0.264,0.082,0.20400000000000001,0.197,0.132,0.49504373177842564,69.0,1.715,0.849,0.6064139941690962,1.04
26.65262217115133,0.923728813559322,0.1,0.273,0.089,0.217,0.194,0.135,0.5045197740112994,83.5,1.77,0.893,0.6062146892655367,1.073
23.364122604735606,0.9256837098692033,0.1,0.258,0.088,0.213,0.197,0.125,0.5089179548156956,66.10000000000001,1.682,0.856,0.6147443519619501,1.034
26.57829070099927,0.9287317620650954,0.097,0.261,0.088,0.214,0.185,0.127,0.4898989898989899,84.4,1.782,0.873,0.6015712682379349,1.072
27.458645120412214,0.9239130434782609,0.1,0.266,0.088,0.215,0.194,0.133,0.4954233409610984,83.9,1.748,0.866,0.5995423340961098,1.048
38.17851449098794,0.9319261213720317,0.109,0.3,0.096,0.23500000000000001,0.212,0.129,0.5034300791556728,137.1,1.895,0.9540000000000001,0.6073878627968338,1.151
27.96388879441629,0.925364758698092,0.098,0.276,0.084,0.20400000000000001,0.193,0.133,0.49663299663299665,88.80000000000001,1.782,0.885,0.5914702581369248,1.054
22.413904796679553,0.9264273101824603,0.093,0.254,0.08,0.194,0.19,0.125,0.4967628016480283,64.7,1.699,0.844,0.5974102413184226,1.0150000000000001
20.805114527959734,0.9327595481441635,0.10300000000000001,0.278,0.094,0.226,0.20400000000000001,0.125,0.507799892415277,71.9,1.859,0.9440000000000001,0.608929532006455,1.1320000000000001
26.60730481515001,0.9205899035734544,0.107,0.281,0.084,0.21,0.2,0.14,0.525241066364152,82.7,1.7630000000000001,0.926,0.6228020419739081,1.098
28.18264099122999,0.9290502793296089,0.108,0.276,0.093,0.221,0.20700000000000002,0.127,0.48659217877094973,90.30000000000001,1.79,0.871,0.5983240223463687,1.071
32.65973530474129,0.9188438021122846,0.105,0.277,0.09,0.218,0.197,0.146,0.4974986103390773,105.7,1.799,0.895,0.5997776542523624,1.079
35.118885891123604,0.9318306761957119,0.111,0.293,0.08700000000000001,0.222,0.20400000000000001,0.124,0.49697636063771305,116.2,1.819,0.904,0.582737768004398,1.06
29.20544878586837,0.921911421911422,0.10300000000000001,0.263,0.08700000000000001,0.214,0.19,0.134,0.49184149184149184,86.0,1.716,0.844,0.5769230769230769,0.99
32.10188331048755,0.9203233256351039,0.10400000000000001,0.28400000000000003,0.089,0.223,0.20500000000000002,0.138,0.5259815242494227,96.30000000000001,1.732,0.911,0.6108545034642032,1.058
31.444373999685258,0.9264947888096544,0.101,0.28400000000000003,0.088,0.217,0.201,0.134,0.5134393856280856,104.5,1.823,0.936,0.5874931431705979,1.071
32.75302547717482,0.9189518586227909,0.099,0.262,0.084,0.20700000000000002,0.18,0.133,0.4990859232175503,88.2,1.641,0.8190000000000001,0.6124314442413162,1.0050000000000001
30.100398950825454,0.92018779342723,0.10400000000000001,0.28600000000000003,0.091,0.22,0.197,0.136,0.5129107981220657,87.4,1.704,0.874,0.6120892018779343,1.043
34.293552812071326,0.9328042328042329,0.113,0.306,0.10200000000000001,0.244,0.215,0.127,0.5105820105820106,122.5,1.8900000000000001,0.965,0.6174603174603175,1.167
26.460167566422154,0.9243799153055051,0.098,0.256,0.084,0.2,0.184,0.125,0.49122807017543857,72.3,1.653,0.812,0.588021778584392,0.972
23.778696318362602,0.9295618413754853,0.107,0.28300000000000003,0.092,0.217,0.203,0.127,0.516916250693289,77.30000000000001,1.803,0.932,0.6078757626178591,1.096
27.749445805438256,0.9209744503862151,0.1,0.258,0.08700000000000001,0.20700000000000002,0.19,0.133,0.5062388591800356,78.60000000000001,1.683,0.852,0.5923945335710041,0.997
29.279895315337242,0.920417124039517,0.10200000000000001,0.261,0.08600000000000001,0.212,0.2,0.145,0.48902305159165754,97.2,1.822,0.891,0.5773874862788145,1.052
32.040505046074976,0.9299116997792495,0.10200000000000001,0.289,0.09,0.217,0.201,0.127,0.5160044150110376,105.2,1.812,0.935,0.6142384105960265,1.113
26.68456040697856,0.9340782122905028,0.109,0.28200000000000003,0.096,0.227,0.219,0.11800000000000001,0.5134078212290503,85.5,1.79,0.919,0.6094972067039106,1.091
30.409923916352277,0.9243183082915971,0.098,0.268,0.09,0.221,0.193,0.136,0.49081803005008345,98.2,1.797,0.882,0.5798553144129104,1.042
21.515270261556243,0.928173719376392,0.10300000000000001,0.277,0.09,0.216,0.20400000000000001,0.129,0.5139198218262806,69.4,1.796,0.923,0.6052338530066815,1.087
35.383789837834044,0.9268440145102781,0.1,0.256,0.085,0.20800000000000002,0.19,0.121,0.5066505441354293,96.80000000000001,1.6540000000000001,0.838,0.5991535671100363,0.991
27.94612015265866,0.9224037339556592,0.105,0.263,0.08700000000000001,0.20800000000000002,0.194,0.133,0.48599766627771296,82.10000000000001,1.714,0.833,0.5816802800466745,0.997
28.915730030034226,0.9267192784667418,0.10400000000000001,0.272,0.08700000000000001,0.213,0.194,0.13,0.5124013528748591,91.0,1.774,0.909,0.6076662908680946,1.078
30.905437252756503,0.9357798165137615,0.10300000000000001,0.273,0.089,0.215,0.193,0.112,0.5252293577981652,94.0,1.744,0.916,0.6026376146788991,1.051
29.993353058068692,0.9329039184111648,0.11900000000000001,0.297,0.096,0.23700000000000002,0.213,0.125,0.522812667740204,104.10000000000001,1.863,0.974,0.6178207192699946,1.151
31.71990685302855,0.9255079006772009,0.10400000000000001,0.277,0.088,0.217,0.202,0.132,0.5169300225733634,99.60000000000001,1.772,0.916,0.6123024830699775,1.085
31.154752788913413,0.924496644295302,0.11,0.291,0.083,0.21,0.202,0.135,0.5262863534675615,99.60000000000001,1.788,0.9410000000000001,0.6219239373601789,1.112
24.138206123845773,0.9256875365710943,0.1,0.28200000000000003,0.089,0.20800000000000002,0.20400000000000001,0.127,0.5020479812755998,70.5,1.709,0.858,0.6026916325336454,1.03
23.403137557355155,0.9243498817966903,0.094,0.244,0.082,0.197,0.176,0.128,0.4946808510638298,67.0,1.692,0.837,0.5927895981087471,1.0030000000000001
32.7885784516396,0.9314538419016031,0.109,0.273,0.09,0.218,0.20400000000000001,0.124,0.5234936428966279,107.30000000000001,1.809,0.9470000000000001,0.6135986733001658,1.11
32.941824942823146,0.9197892271662763,0.109,0.272,0.08700000000000001,0.223,0.194,0.137,0.5134660421545667,96.10000000000001,1.708,0.877,0.6065573770491803,1.036
20.484935535720396,0.9257309941520467,0.095,0.266,0.08600000000000001,0.211,0.195,0.127,0.49239766081871345,59.900000000000006,1.71,0.842,0.5953216374269006,1.018
28.177644467012808,0.9329896907216495,0.099,0.267,0.088,0.212,0.189,0.117,0.49140893470790376,85.9,1.746,0.858,0.5996563573883161,1.047
30.035845043497844,0.9221357063403782,0.10300000000000001,0.278,0.09,0.224,0.194,0.14,0.4994438264738598,97.10000000000001,1.798,0.898,0.5984427141268076,1.076
29.082971534961356,0.9314447592067989,0.107,0.279,0.091,0.218,0.198,0.121,0.5025495750708215,90.60000000000001,1.7650000000000001,0.887,0.5920679886685553,1.045
22.961900442804804,0.9266365688487584,0.101,0.265,0.083,0.201,0.19,0.13,0.48589164785553046,72.10000000000001,1.772,0.861,0.5806997742663657,1.029
28.912773610330085,0.9261672095548317,0.10400000000000001,0.28200000000000003,0.084,0.20500000000000002,0.2,0.136,0.507057546145494,98.10000000000001,1.842,0.934,0.6047774158523345,1.114
27.590381855867346,0.9274553571428571,0.10200000000000001,0.272,0.08600000000000001,0.20500000000000002,0.201,0.13,0.49386160714285715,88.60000000000001,1.792,0.885,0.5859375,1.05
23.074470593278466,0.9288194444444444,0.1,0.281,0.094,0.224,0.196,0.123,0.5057870370370371,68.9,1.728,0.874,0.5868055555555556,1.014
24.559954963407773,0.9232876712328767,0.11,0.28200000000000003,0.09,0.222,0.20400000000000001,0.14,0.4756164383561644,81.80000000000001,1.825,0.868,0.5775342465753425,1.054
31.735195131447714,0.9284064665127021,0.093,0.27,0.08700000000000001,0.21,0.2,0.124,0.5098152424942263,95.2,1.732,0.883,0.5975750577367206,1.035
25.22233978666819,0.9267379679144385,0.107,0.289,0.094,0.22,0.215,0.137,0.5240641711229946,88.2,1.87,0.98,0.611764705882353,1.1440000000000001
33.281835362667195,0.9199514857489387,0.098,0.266,0.088,0.217,0.197,0.132,0.5069739235900546,90.5,1.649,0.836,0.5997574287446937,0.989
32.522280872924284,0.9294532627865961,0.10200000000000001,0.255,0.08700000000000001,0.20800000000000002,0.185,0.12,0.4844209288653733,94.10000000000001,1.701,0.8240000000000001,0.5949441504997061,1.012
20.679012345679013,0.9255555555555556,0.096,0.262,0.08600000000000001,0.20700000000000002,0.19,0.134,0.49722222222222223,67.0,1.8,0.895,0.6038888888888889,1.087
27.848704033628625,0.9232091690544413,0.098,0.259,0.085,0.209,0.183,0.134,0.4899713467048711,84.80000000000001,1.745,0.855,0.5816618911174785,1.0150000000000001
30.449067081524543,0.9226118500604595,0.096,0.246,0.08600000000000001,0.20800000000000002,0.177,0.128,0.4649334945586457,83.30000000000001,1.6540000000000001,0.769,0.5828295042321644,0.964
25.238838263016838,0.9290741743367623,0.106,0.28300000000000003,0.098,0.232,0.20600000000000002,0.131,0.4883595018949648,86.10000000000001,1.847,0.902,0.5971846237141311,1.103
27.63912996536804,0.9204610951008646,0.097,0.274,0.085,0.20800000000000002,0.202,0.138,0.5118155619596542,83.2,1.735,0.888,0.6011527377521614,1.043
28.203153165737433,0.9232987312572087,0.10300000000000001,0.264,0.08600000000000001,0.214,0.197,0.133,0.5173010380622838,84.80000000000001,1.734,0.897,0.6038062283737025,1.047
25.773168540612897,0.935633367662204,0.11,0.29,0.095,0.22,0.22,0.125,0.5242018537590113,97.2,1.942,1.018,0.6204943357363543,1.205
23.00029789051695,0.928087545596665,0.113,0.303,0.093,0.227,0.218,0.138,0.5336112558624283,84.7,1.919,1.024,0.6232412714955706,1.196
32.19572894162061,0.9276693455797933,0.1,0.264,0.09,0.216,0.195,0.126,0.513203214695752,97.7,1.742,0.894,0.6039035591274398,1.052
38.31655955130828,0.9303510758776897,0.10300000000000001,0.28400000000000003,0.084,0.213,0.2,0.123,0.5045300113250283,119.5,1.766,0.891,0.6047565118912798,1.068
20.579779891338763,0.9288256227758007,0.092,0.262,0.077,0.19,0.184,0.12,0.50355871886121,58.5,1.686,0.849,0.603202846975089,1.0170000000000001
32.025979115926205,0.9285714285714286,0.109,0.299,0.10300000000000001,0.247,0.225,0.135,0.5031746031746032,114.4,1.8900000000000001,0.9510000000000001,0.6216931216931217,1.175
31.80038101748825,0.9200456881781839,0.099,0.261,0.08600000000000001,0.214,0.198,0.14,0.4934323243860651,97.5,1.7510000000000001,0.864,0.5939463163906339,1.04
25.24837889118242,0.9315068493150684,0.101,0.27,0.08600000000000001,0.209,0.199,0.12,0.5165525114155252,77.5,1.752,0.905,0.6101598173515982,1.069
26.294120699101164,0.9269085002707093,0.1,0.274,0.082,0.2,0.198,0.135,0.511099079588522,89.7,1.847,0.9440000000000001,0.6090958310774228,1.125
29.80544480018913,0.9216459977452086,0.1,0.263,0.084,0.20700000000000002,0.197,0.139,0.5028184892897407,93.80000000000001,1.774,0.892,0.604847801578354,1.073
31.225966452131665,0.9272051009564294,0.10400000000000001,0.289,0.1,0.23600000000000002,0.216,0.137,0.5095642933049946,110.60000000000001,1.8820000000000001,0.9590000000000001,0.5929861849096706,1.116
27.77746706785532,0.9303232998885173,0.10400000000000001,0.277,0.094,0.226,0.197,0.125,0.48439241917502784,89.4,1.794,0.869,0.5891861761426979,1.057
26.862578382399832,0.931958762886598,0.108,0.28200000000000003,0.088,0.213,0.20400000000000001,0.132,0.5190721649484537,101.10000000000001,1.94,1.0070000000000001,0.5958762886597938,1.156
32.31176139900069,0.9246467817896389,0.12,0.294,0.092,0.22,0.21,0.14400000000000002,0.5243328100470958,118.0,1.911,1.002,0.6117216117216118,1.169
24.742378971918182,0.9217002237136466,0.108,0.268,0.085,0.211,0.19,0.14,0.49272930648769575,79.10000000000001,1.788,0.881,0.5889261744966443,1.053
40.450246514542386,0.9295377677564826,0.11,0.257,0.092,0.219,0.194,0.125,0.4740698985343856,127.30000000000001,1.774,0.841,0.5749718151071026,1.02
30.991435622006097,0.9216867469879518,0.10300000000000001,0.257,0.089,0.22,0.19,0.13,0.4939759036144578,85.4,1.6600000000000001,0.8200000000000001,0.5813253012048193,0.965
26.172577477474714,0.9241097489784005,0.097,0.268,0.089,0.212,0.193,0.13,0.5148861646234676,76.80000000000001,1.713,0.882,0.6100408639813193,1.045
26.807255830578143,0.9258630447085455,0.099,0.28700000000000003,0.09,0.223,0.198,0.131,0.4844368986983588,83.7,1.7670000000000001,0.856,0.5919637804187889,1.046
27.08103914266285,0.9180235822571589,0.10400000000000001,0.28800000000000003,0.08700000000000001,0.212,0.202,0.146,0.5266704098820887,85.9,1.7810000000000001,0.9380000000000001,0.6187535092644582,1.102
29.90269852767383,0.9261139311900733,0.1,0.28600000000000003,0.091,0.218,0.196,0.131,0.514946418499718,94.0,1.7730000000000001,0.913,0.5984207557811618,1.061
29.682744922591336,0.926829268292683,0.108,0.292,0.099,0.23600000000000002,0.20600000000000002,0.132,0.5072062084257206,96.60000000000001,1.804,0.915,0.6164079822616408,1.112
22.542084310847404,0.9294947121034077,0.10200000000000001,0.261,0.08600000000000001,0.203,0.199,0.12,0.5146886016451234,65.3,1.702,0.876,0.6034077555816686,1.027
23.62122194139554,0.9226091763405196,0.1,0.264,0.08700000000000001,0.209,0.2,0.14,0.5002763957987839,77.30000000000001,1.809,0.905,0.6124930901050304,1.108
38.244659915168086,0.9259877573734001,0.11,0.28500000000000003,0.094,0.227,0.2,0.133,0.4969393433500278,123.5,1.797,0.893,0.5865331107401224,1.054
23.84836068011446,0.9318786588610963,0.101,0.281,0.088,0.217,0.20700000000000002,0.128,0.5029270888770623,84.2,1.879,0.9450000000000001,0.6083022884513039,1.143
29.18913056771128,0.924812030075188,0.112,0.292,0.089,0.222,0.20800000000000002,0.14,0.5010741138560687,101.2,1.862,0.933,0.5950590762620838,1.108
24.82153317646124,0.9292586304470855,0.098,0.267,0.083,0.213,0.186,0.125,0.5132993774759479,77.5,1.7670000000000001,0.907,0.6055461233729486,1.07
29.970275225964713,0.9271597967250141,0.11,0.28400000000000003,0.097,0.226,0.20500000000000002,0.129,0.5042348955392434,94.0,1.7710000000000001,0.893,0.5911914172783738,1.047
31.35325628766973,0.9227688787185355,0.1,0.269,0.08700000000000001,0.20500000000000002,0.19,0.135,0.4816933638443936,95.80000000000001,1.748,0.842,0.6052631578947368,1.058
26.205007983907365,0.9195537287140341,0.097,0.253,0.085,0.213,0.185,0.137,0.5020551967116853,76.0,1.703,0.855,0.5936582501467997,1.0110000000000001
29.82177048493951,0.9225473321858864,0.095,0.26,0.089,0.214,0.20500000000000002,0.135,0.5077452667814114,90.60000000000001,1.743,0.885,0.6184738955823293,1.078
30.09771084173368,0.9299221357063404,0.112,0.29,0.097,0.234,0.213,0.126,0.5061179087875417,97.30000000000001,1.798,0.91,0.6134593993325917,1.103
31.63953018800719,0.9285336156696665,0.106,0.293,0.097,0.232,0.20800000000000002,0.135,0.5219692959237692,112.9,1.889,0.986,0.6220222339862361,1.175
27.870645328443874,0.921875,0.108,0.281,0.096,0.233,0.203,0.14,0.5050223214285714,89.5,1.792,0.905,0.6049107142857143,1.084
21.1145792540681,0.925904652498564,0.092,0.266,0.08,0.19,0.187,0.129,0.49511774842044803,64.0,1.741,0.862,0.5939115450890293,1.034
26.427426915749006,0.9255509231685527,0.10400000000000001,0.26,0.09,0.213,0.188,0.125,0.5020845741512805,74.5,1.679,0.843,0.6146515783204288,1.032
25.316774993547764,0.92789794786467,0.109,0.281,0.094,0.231,0.197,0.13,0.49417637271214643,82.30000000000001,1.803,0.891,0.6051026067665003,1.091
30.447348180960812,0.9171562867215041,0.097,0.25,0.084,0.20800000000000002,0.18,0.14100000000000001,0.500587544065805,88.2,1.702,0.852,0.5945945945945946,1.012
19.973581335203026,0.9267721148213239,0.094,0.263,0.08700000000000001,0.21,0.196,0.125,0.4956063268892794,58.2,1.707,0.846,0.6104276508494435,1.042
31.421799685108244,0.9286109573879358,0.10400000000000001,0.261,0.088,0.213,0.185,0.129,0.5163254012174876,102.60000000000001,1.807,0.933,0.606530160486995,1.096
26.214810192063997,0.9255918827508456,0.10300000000000001,0.278,0.092,0.217,0.195,0.132,0.49379932356257045,82.5,1.774,0.876,0.5947012401352875,1.055
22.94193085899419,0.9306651634723788,0.10400000000000001,0.279,0.09,0.213,0.20800000000000002,0.123,0.5169109357384442,72.2,1.774,0.917,0.6200676437429538,1.1
27.80859862974372,0.9231197771587744,0.10400000000000001,0.28500000000000003,0.088,0.212,0.197,0.138,0.5097493036211699,89.60000000000001,1.795,0.915,0.6038997214484679,1.084
17.912117265496093,0.9278119753777281,0.099,0.261,0.08,0.198,0.19,0.129,0.48237269166200336,57.2,1.7870000000000001,0.862,0.5836597649692221,1.043
31.533395280984603,0.9271371199082042,0.10300000000000001,0.261,0.08700000000000001,0.20800000000000002,0.19,0.127,0.4979919678714859,95.80000000000001,1.743,0.868,0.6133103843947217,1.069
23.996020461953098,0.9286103542234332,0.10200000000000001,0.28400000000000003,0.08600000000000001,0.20400000000000001,0.195,0.131,0.5062670299727521,80.80000000000001,1.835,0.929,0.6179836512261581,1.1340000000000001
24.39137019114072,0.9379760609357998,0.10400000000000001,0.292,0.093,0.221,0.202,0.114,0.5195865070729053,82.4,1.838,0.9550000000000001,0.6196953210010882,1.139
24.9915846339521,0.9283667621776505,0.10400000000000001,0.28300000000000003,0.084,0.20700000000000002,0.20600000000000002,0.125,0.5157593123209169,76.10000000000001,1.745,0.9,0.6206303724928367,1.083
27.437481517592776,0.9271412680756396,0.105,0.295,0.095,0.231,0.209,0.131,0.5022246941045606,88.7,1.798,0.903,0.5995550611790879,1.078
23.053001622498652,0.9267441860465117,0.098,0.256,0.09,0.213,0.188,0.126,0.4877906976744186,68.2,1.72,0.839,0.5988372093023255,1.03
36.01585259712948,0.91701244813278,0.098,0.275,0.089,0.213,0.189,0.14,0.5050385299347955,102.5,1.687,0.852,0.5886188500296384,0.993
25.291618240079803,0.9289587852494577,0.109,0.3,0.094,0.23,0.213,0.131,0.5265726681127982,86.0,1.844,0.971,0.6203904555314533,1.1440000000000001
22.503278675369792,0.9303012404016539,0.092,0.256,0.083,0.197,0.183,0.11800000000000001,0.5067926757235677,64.5,1.693,0.858,0.6066154754873007,1.027
26.51416205969719,0.9259259259259259,0.1,0.254,0.089,0.209,0.195,0.124,0.53584229390681,74.3,1.674,0.897,0.6212664277180406,1.04
25.863722946545796,0.9260918253079508,0.1,0.267,0.08700000000000001,0.20600000000000002,0.193,0.132,0.49496080627099664,82.5,1.786,0.884,0.593505039193729,1.06
22.724270048883604,0.9264367816091954,0.10400000000000001,0.266,0.083,0.20600000000000002,0.188,0.128,0.5028735632183908,68.8,1.74,0.875,0.6022988505747127,1.048
26.63328069590456,0.9233716475095786,0.10300000000000001,0.28,0.088,0.20600000000000002,0.203,0.14,0.5161466885604816,88.9,1.827,0.9430000000000001,0.5960591133004927,1.089
31.67574106921825,0.9181155356141335,0.10400000000000001,0.279,0.093,0.226,0.196,0.146,0.4907459338194055,100.7,1.7830000000000001,0.875,0.5832865956253506,1.04
24.244689094819087,0.9255888650963597,0.10400000000000001,0.28200000000000003,0.088,0.214,0.20400000000000001,0.139,0.5010706638115632,84.60000000000001,1.868,0.936,0.6017130620985011,1.124
25.83886512923488,0.9321851453175457,0.10200000000000001,0.269,0.089,0.212,0.20500000000000002,0.126,0.5075349838536061,89.2,1.858,0.9430000000000001,0.5974165769644779,1.11
26.873720630117486,0.9204009433962265,0.097,0.254,0.089,0.215,0.187,0.135,0.48702830188679247,77.30000000000001,1.696,0.8260000000000001,0.5795990566037735,0.983
29.814031640252324,0.9237472766884531,0.111,0.297,0.084,0.21,0.20400000000000001,0.14,0.49782135076252726,100.5,1.836,0.914,0.6023965141612201,1.106
29.54243661290393,0.9215572341661824,0.105,0.278,0.089,0.214,0.193,0.135,0.5177222545031959,87.5,1.721,0.891,0.599651365485183,1.032
20.818060083483623,0.9286926994906621,0.10200000000000001,0.276,0.088,0.20800000000000002,0.187,0.126,0.4980192416525184,65.0,1.7670000000000001,0.88,0.599320882852292,1.059
19.52475281694889,0.924816280384398,0.099,0.254,0.088,0.20400000000000001,0.188,0.133,0.5053702656868287,61.1,1.7690000000000001,0.894,0.6172979084228377,1.092
26.872462769898668,0.9163614163614163,0.093,0.254,0.083,0.2,0.18,0.137,0.5085470085470085,72.10000000000001,1.6380000000000001,0.833,0.5995115995115995,0.982
23.9561279127738,0.9255725190839694,0.093,0.25,0.08,0.191,0.178,0.117,0.5063613231552163,59.2,1.572,0.796,0.5947837150127226,0.935
33.62741728959614,0.9291799787007454,0.109,0.293,0.092,0.217,0.20600000000000002,0.133,0.5085197018104366,118.60000000000001,1.8780000000000001,0.9550000000000001,0.6022364217252396,1.131
20.48180694309867,0.9254335260115607,0.095,0.262,0.081,0.193,0.18,0.129,0.5127167630057804,61.300000000000004,1.73,0.887,0.6040462427745664,1.045
30.669250009190566,0.9235705950991832,0.095,0.255,0.089,0.21,0.19,0.131,0.5017502917152858,90.10000000000001,1.714,0.86,0.5939323220536756,1.018
28.058020749445923,0.9239256678281068,0.1,0.275,0.089,0.21,0.195,0.131,0.5092915214866435,83.2,1.722,0.877,0.5952380952380952,1.025
30.607708354707434,0.9216374269005848,0.10400000000000001,0.277,0.089,0.22,0.194,0.134,0.5064327485380117,89.5,1.71,0.866,0.6046783625730994,1.034
19.832788869010052,0.9292709466811752,0.1,0.278,0.082,0.2,0.199,0.13,0.5097932535364527,67.0,1.838,0.937,0.6006528835690969,1.104
30.338320045388038,0.9240437158469945,0.105,0.268,0.09,0.212,0.192,0.139,0.5147540983606558,101.60000000000001,1.83,0.9420000000000001,0.587431693989071,1.075
25.09274979184766,0.9270032930845225,0.1,0.277,0.089,0.221,0.203,0.133,0.4978046103183315,83.30000000000001,1.822,0.907,0.5998902305159166,1.093
31.178653983985267,0.9324618736383442,0.107,0.279,0.089,0.221,0.203,0.124,0.5119825708061002,105.10000000000001,1.836,0.9400000000000001,0.6154684095860566,1.1300000000000001
23.796646836127643,0.9156976744186046,0.1,0.253,0.085,0.213,0.185,0.145,0.4965116279069767,70.4,1.72,0.854,0.5930232558139535,1.02
26.83594282916964,0.9212464589235128,0.096,0.261,0.088,0.214,0.194,0.139,0.5065155807365439,83.60000000000001,1.7650000000000001,0.894,0.6050991501416431,1.068
22.017045454545457,0.9210227272727273,0.098,0.258,0.088,0.20600000000000002,0.19,0.139,0.5107954545454545,68.2,1.76,0.899,0.5977272727272728,1.052
24.10688651317683,0.9263803680981595,0.10300000000000001,0.281,0.091,0.229,0.20800000000000002,0.132,0.5309537088678193,77.5,1.793,0.9520000000000001,0.6051310652537646,1.085
28.59903381642512,0.9257971014492754,0.1,0.271,0.091,0.214,0.2,0.128,0.5217391304347826,85.10000000000001,1.725,0.9,0.6075362318840579,1.048
25.699186150497827,0.928771733034212,0.10300000000000001,0.272,0.092,0.223,0.193,0.127,0.5137408861469434,81.7,1.7830000000000001,0.916,0.5984296130117779,1.067
27.471348753837646,0.9268558951965066,0.10300000000000001,0.291,0.089,0.209,0.203,0.134,0.5289301310043668,92.2,1.832,0.969,0.6168122270742358,1.1300000000000001
28.057790787384864,0.9267192784667418,0.1,0.268,0.088,0.20500000000000002,0.195,0.13,0.5050732807215332,88.30000000000001,1.774,0.896,0.5744081172491544,1.0190000000000001
25.28050228803495,0.9250720461095101,0.092,0.25,0.088,0.213,0.189,0.13,0.5152737752161384,76.10000000000001,1.735,0.894,0.5769452449567724,1.0010000000000001
25.639973418409692,0.9187817258883249,0.105,0.28700000000000003,0.09,0.22,0.216,0.14400000000000002,0.5561195713479977,80.60000000000001,1.7730000000000001,0.986,0.6175972927241963,1.095
28.021122676352984,0.9259668508287293,0.095,0.278,0.08700000000000001,0.213,0.195,0.134,0.5088397790055249,91.80000000000001,1.81,0.921,0.5972375690607735,1.081
32.97583517429846,0.914686166971359,0.099,0.256,0.088,0.20800000000000002,0.188,0.14,0.5045703839122486,88.80000000000001,1.641,0.8280000000000001,0.5892748324192566,0.967
22.095931127691294,0.9211123723041997,0.097,0.271,0.088,0.214,0.20500000000000002,0.139,0.4841089670828604,68.60000000000001,1.762,0.853,0.6038592508513053,1.064
24.0569347455645,0.9300578034682081,0.107,0.28700000000000003,0.093,0.227,0.215,0.121,0.4982658959537572,72.0,1.73,0.862,0.5982658959537572,1.035
30.317370139499445,0.9247990815154994,0.105,0.27,0.093,0.221,0.198,0.131,0.5017221584385764,92.0,1.742,0.874,0.5797933409873708,1.01
22.63634995667312,0.9253986332574032,0.105,0.276,0.085,0.211,0.197,0.131,0.5074031890660592,69.8,1.756,0.891,0.6127562642369021,1.076
28.217310092902427,0.9246935201401051,0.10200000000000001,0.273,0.08,0.2,0.183,0.129,0.5032107413893754,82.80000000000001,1.713,0.862,0.5855224751897257,1.0030000000000001
31.859539375610545,0.9270774448841154,0.105,0.28500000000000003,0.091,0.221,0.195,0.129,0.5115884680610514,99.7,1.7690000000000001,0.905,0.5929903900508762,1.049
25.712198685171657,0.9232432432432433,0.10300000000000001,0.267,0.093,0.228,0.20500000000000002,0.14200000000000002,0.4897297297297297,88.0,1.85,0.906,0.5935135135135136,1.098
26.361140230179565,0.9322974472807991,0.109,0.28500000000000003,0.094,0.224,0.2,0.122,0.5199778024417314,85.60000000000001,1.802,0.937,0.6170921198668147,1.112
20.631244490335042,0.9212778094694809,0.099,0.269,0.08700000000000001,0.212,0.20700000000000002,0.138,0.5099828864803194,63.400000000000006,1.7530000000000001,0.894,0.5824301197946378,1.0210000000000001
23.591842310313922,0.922668240850059,0.097,0.258,0.088,0.217,0.188,0.131,0.5360094451003542,67.7,1.694,0.908,0.6003541912632822,1.0170000000000001
27.810807240058132,0.9224137931034483,0.1,0.273,0.089,0.215,0.18,0.135,0.4867816091954023,84.2,1.74,0.847,0.5954022988505747,1.036
26.62691244358979,0.9153944020356234,0.095,0.249,0.08700000000000001,0.20800000000000002,0.17200000000000001,0.133,0.49681933842239184,65.8,1.572,0.781,0.5947837150127226,0.935
25.170211819152726,0.9227594339622641,0.091,0.249,0.081,0.192,0.189,0.131,0.5047169811320755,72.4,1.696,0.856,0.6079009433962265,1.031
27.023112392206812,0.925054704595186,0.109,0.279,0.088,0.222,0.197,0.137,0.5087527352297593,90.30000000000001,1.828,0.93,0.599015317286652,1.095
28.05121117523849,0.9287343215507412,0.096,0.274,0.08600000000000001,0.212,0.194,0.125,0.5108323831242874,86.30000000000001,1.754,0.896,0.5957810718358039,1.045
27.499678345664602,0.925089179548157,0.099,0.27,0.091,0.216,0.199,0.126,0.5112960760998811,77.80000000000001,1.682,0.86,0.6016646848989299,1.012
25.027175263027488,0.9262157629960872,0.098,0.265,0.088,0.211,0.19,0.132,0.5013974287311347,80.10000000000001,1.7890000000000001,0.897,0.6098378982671884,1.091
33.50970017636684,0.9291005291005291,0.112,0.304,0.094,0.226,0.232,0.134,0.5365079365079365,119.7,1.8900000000000001,1.014,0.617989417989418,1.168
26.84355682813899,0.9272428884026258,0.105,0.279,0.091,0.227,0.20700000000000002,0.133,0.524617067833698,89.7,1.828,0.9590000000000001,0.5995623632385121,1.096
24.54821472062812,0.9200226885989791,0.094,0.272,0.084,0.20700000000000002,0.20400000000000001,0.14100000000000001,0.5178672716959728,76.3,1.7630000000000001,0.913,0.6103233125354509,1.076
23.873112977842705,0.920045045045045,0.10200000000000001,0.265,0.09,0.213,0.203,0.14200000000000002,0.5073198198198198,75.3,1.776,0.901,0.598536036036036,1.063
31.648880172572476,0.9257767548906789,0.10300000000000001,0.276,0.093,0.218,0.183,0.129,0.502301495972382,95.60000000000001,1.738,0.873,0.5914844649021864,1.028
21.2335954085901,0.923958961979481,0.098,0.252,0.088,0.212,0.186,0.126,0.52021726010863,58.300000000000004,1.657,0.862,0.6047073023536512,1.002
29.735672841591374,0.9180887372013652,0.11,0.274,0.092,0.226,0.202,0.14400000000000002,0.4937428896473265,91.9,1.758,0.868,0.5819112627986348,1.0230000000000001
24.76134087686213,0.9227373068432672,0.1,0.271,0.088,0.217,0.2,0.14,0.5055187637969095,81.30000000000001,1.812,0.916,0.6136865342163356,1.112
26.053678971813415,0.9243051448846836,0.097,0.252,0.08600000000000001,0.202,0.192,0.128,0.47191011235955055,74.5,1.691,0.798,0.5872264931992903,0.993
21.013075502234045,0.9222797927461139,0.089,0.252,0.081,0.198,0.188,0.135,0.5048934945308002,63.400000000000006,1.737,0.877,0.6021876799078871,1.046
26.655627795228934,0.9259259259259259,0.101,0.268,0.08700000000000001,0.21,0.186,0.13,0.5145299145299145,82.10000000000001,1.7550000000000001,0.903,0.6159544159544159,1.081
20.45438418908684,0.924187725631769,0.091,0.244,0.083,0.197,0.17400000000000002,0.126,0.4861612515042118,56.5,1.6620000000000001,0.808,0.5908543922984356,0.982
31.758034026465022,0.9263768115942029,0.108,0.28,0.08700000000000001,0.213,0.195,0.127,0.5031884057971014,94.5,1.725,0.868,0.5942028985507246,1.025
26.442614226489933,0.9279031370390755,0.105,0.276,0.093,0.222,0.195,0.131,0.500275178866263,87.30000000000001,1.817,0.909,0.6108970831040176,1.11
30.472408076688794,0.9275041505257332,0.107,0.29,0.094,0.23600000000000002,0.20600000000000002,0.131,0.5384615384615384,99.5,1.807,0.973,0.5899280575539568,1.066
27.65087043506823,0.9256830601092896,0.105,0.272,0.10200000000000001,0.23800000000000002,0.197,0.136,0.5207650273224044,92.60000000000001,1.83,0.9530000000000001,0.6213114754098361,1.137
20.700592770720657,0.9240851993446204,0.101,0.279,0.08700000000000001,0.209,0.196,0.139,0.5019115237575096,69.4,1.831,0.919,0.6067722555980338,1.111
20.165728797463164,0.9267572356763142,0.093,0.248,0.08600000000000001,0.20800000000000002,0.17300000000000001,0.124,0.509746012994684,57.800000000000004,1.693,0.863,0.6107501476668635,1.034
25.410554846938776,0.9319196428571429,0.10300000000000001,0.268,0.088,0.217,0.191,0.122,0.5379464285714286,81.60000000000001,1.792,0.964,0.6065848214285714,1.087
26.185186426556985,0.9261487964989059,0.10400000000000001,0.28,0.095,0.224,0.201,0.135,0.4885120350109409,87.5,1.828,0.893,0.6017505470459519,1.1
31.192568567130696,0.9210074413279908,0.10300000000000001,0.28,0.089,0.209,0.197,0.138,0.4934172867773326,95.2,1.747,0.862,0.6016027475672582,1.051
26.583175803402646,0.9293478260869565,0.101,0.28800000000000003,0.088,0.212,0.2,0.13,0.5157608695652174,90.0,1.84,0.9490000000000001,0.6016304347826087,1.107
27.232593883619266,0.9272428884026258,0.1,0.28,0.089,0.222,0.20600000000000002,0.133,0.5229759299781181,91.0,1.828,0.9560000000000001,0.6012035010940919,1.099
35.93627567065575,0.928915018706574,0.11800000000000001,0.296,0.10200000000000001,0.244,0.216,0.133,0.5056119722073757,125.80000000000001,1.871,0.9460000000000001,0.601282736504543,1.125
33.66530612244898,0.9217142857142857,0.11,0.275,0.095,0.231,0.214,0.137,0.4942857142857143,103.10000000000001,1.75,0.865,0.584,1.022
23.45432310791337,0.9245604083947816,0.105,0.274,0.08700000000000001,0.214,0.2,0.133,0.5059557572319909,72.9,1.7630000000000001,0.892,0.5967101531480431,1.052
30.35872843309256,0.9247184350918791,0.098,0.266,0.09,0.215,0.203,0.127,0.5068168346176645,86.4,1.687,0.855,0.5820983995257855,0.982
29.956798980977744,0.9274238227146815,0.099,0.28700000000000003,0.09,0.213,0.201,0.131,0.5102493074792244,97.60000000000001,1.805,0.921,0.6,1.083
25.619695216049386,0.9305555555555556,0.097,0.26,0.084,0.195,0.185,0.12,0.5231481481481481,76.5,1.728,0.904,0.6116898148148148,1.057
28.885132005053265,0.9216395418927065,0.099,0.259,0.088,0.20800000000000002,0.188,0.13,0.5003013863773358,79.5,1.659,0.8300000000000001,0.596745027124774,0.99
25.804418612793675,0.9254437869822485,0.101,0.258,0.094,0.222,0.188,0.126,0.5106508875739645,73.7,1.69,0.863,0.6130177514792899,1.036
23.071802837703927,0.928208027133974,0.097,0.266,0.09,0.214,0.2,0.127,0.49349915206331263,72.2,1.7690000000000001,0.873,0.5929903900508762,1.049
24.976055951117022,0.9291553133514986,0.105,0.277,0.09,0.227,0.20600000000000002,0.13,0.5253405994550409,84.10000000000001,1.835,0.964,0.6092643051771117,1.118
35.78521146051481,0.9212155317951604,0.101,0.278,0.09,0.222,0.211,0.14,0.5104108047270681,113.0,1.7770000000000001,0.907,0.5914462577377603,1.051
34.41203168635076,0.9248329621380846,0.107,0.28,0.096,0.229,0.203,0.135,0.5161469933184856,111.0,1.796,0.927,0.5863028953229399,1.053
32.552083333333336,0.9259868421052632,0.101,0.28600000000000003,0.089,0.21,0.20600000000000002,0.135,0.5115131578947368,108.30000000000001,1.824,0.933,0.6047149122807017,1.103
23.845783965659656,0.9296316657504123,0.099,0.28,0.08600000000000001,0.216,0.20700000000000002,0.128,0.5145684442001099,78.9,1.819,0.936,0.6135239142385926,1.116
27.162268798748663,0.9224985540775015,0.10200000000000001,0.266,0.088,0.213,0.186,0.134,0.5095430884904569,81.2,1.729,0.881,0.6142278773857721,1.062
32.69955263443654,0.9290072102052135,0.105,0.267,0.088,0.20700000000000002,0.19,0.128,0.49195784803105935,106.30000000000001,1.803,0.887,0.5951192457016085,1.073
23.087975151359117,0.9221902017291066,0.10200000000000001,0.267,0.089,0.214,0.188,0.135,0.5342939481268012,69.5,1.735,0.927,0.6097982708933718,1.058
28.026035005822703,0.9280936454849499,0.095,0.26,0.084,0.199,0.192,0.129,0.5139353400222966,90.2,1.794,0.922,0.596989966555184,1.071
34.967132659831265,0.9262472885032538,0.10400000000000001,0.278,0.094,0.222,0.20500000000000002,0.136,0.5265726681127982,118.9,1.844,0.971,0.5878524945770065,1.084
35.02141597379693,0.9306878306878307,0.117,0.31,0.097,0.23500000000000001,0.215,0.131,0.5079365079365079,125.10000000000001,1.8900000000000001,0.96,0.5904761904761905,1.116
21.032551027597858,0.9242155121373594,0.101,0.249,0.08700000000000001,0.20600000000000002,0.186,0.128,0.49437537004144466,60.0,1.689,0.835,0.5902901124925992,0.997
35.63462278073193,0.935467217346412,0.114,0.302,0.099,0.23700000000000002,0.214,0.125,0.5178110480123903,133.70000000000002,1.937,1.0030000000000001,0.6035105833763552,1.169
30.484829278931368,0.9302963776070252,0.10400000000000001,0.277,0.096,0.23600000000000002,0.20600000000000002,0.127,0.5027442371020856,101.2,1.822,0.916,0.602085620197585,1.097
30.317370139499445,0.9305396096440872,0.098,0.28300000000000003,0.092,0.219,0.21,0.121,0.4925373134328358,92.0,1.742,0.858,0.595292766934558,1.037
33.21108219456541,0.924985899605189,0.111,0.292,0.093,0.227,0.21,0.133,0.4946418499717992,104.4,1.7730000000000001,0.877,0.5764241398759166,1.022
31.20930037151071,0.9203802733214498,0.096,0.276,0.08700000000000001,0.215,0.194,0.134,0.494949494949495,88.4,1.683,0.833,0.5733808674985146,0.965
23.10460875191735,0.9270032930845225,0.101,0.261,0.094,0.22,0.197,0.133,0.4857299670691548,76.7,1.822,0.885,0.5911086717892426,1.077
30.596791873286165,0.923425978445831,0.1,0.268,0.093,0.226,0.2,0.135,0.5161656267725468,95.10000000000001,1.7630000000000001,0.91,0.6029495178672717,1.063
26.428873081078713,0.9279859484777517,0.109,0.27,0.093,0.218,0.189,0.123,0.5134660421545667,77.10000000000001,1.708,0.877,0.6065573770491803,1.036
30.487793528770393,0.9243441122635754,0.10300000000000001,0.243,0.088,0.211,0.184,0.124,0.5234899328859061,81.9,1.639,0.858,0.5973154362416108,0.979
32.48510373799726,0.9241898148148148,0.105,0.277,0.095,0.23600000000000002,0.2,0.131,0.5214120370370371,97.0,1.728,0.901,0.5688657407407407,0.983
24.984716433680216,0.925904317386231,0.10200000000000001,0.263,0.091,0.215,0.194,0.127,0.5140023337222871,73.4,1.714,0.881,0.6108518086347725,1.047
31.279041964300536,0.9303831624392876,0.11,0.28300000000000003,0.095,0.23,0.211,0.129,0.5078251484079871,107.4,1.853,0.9410000000000001,0.6060442525634107,1.123
30.89965397923876,0.9194117647058824,0.106,0.27,0.089,0.22,0.2,0.137,0.5311764705882352,89.30000000000001,1.7,0.903,0.6076470588235294,1.033
26.18501922686524,0.9245283018867925,0.101,0.277,0.088,0.217,0.199,0.132,0.5020011435105775,80.10000000000001,1.749,0.878,0.5969125214408233,1.044
29.642330410270198,0.9304582210242588,0.11,0.274,0.089,0.217,0.2,0.129,0.5148247978436657,102.0,1.855,0.9550000000000001,0.6053908355795148,1.123
31.12416151312517,0.9284897025171625,0.10300000000000001,0.269,0.091,0.222,0.20400000000000001,0.125,0.517162471395881,95.10000000000001,1.748,0.904,0.5835240274599542,1.02
19.5227015427923,0.9221453287197232,0.092,0.263,0.085,0.2,0.194,0.135,0.5196078431372549,58.7,1.734,0.901,0.5865051903114187,1.0170000000000001
28.440672852513014,0.9235993208828522,0.105,0.27,0.095,0.23,0.20500000000000002,0.135,0.5257498585172609,88.80000000000001,1.7670000000000001,0.929,0.5981890209394454,1.057
28.93809447203845,0.9248878923766816,0.099,0.261,0.094,0.219,0.20600000000000002,0.134,0.523542600896861,92.10000000000001,1.784,0.934,0.6048206278026906,1.079
24.735772542707405,0.9298745724059293,0.10400000000000001,0.277,0.092,0.217,0.19,0.123,0.523945267958951,76.10000000000001,1.754,0.919,0.6071835803876853,1.065
26.88993133008933,0.9281991893456861,0.098,0.274,0.083,0.203,0.2,0.124,0.5095541401273885,80.2,1.727,0.88,0.6010422698320788,1.038
30.09858316760788,0.9214536928487691,0.098,0.265,0.085,0.201,0.181,0.134,0.5228604923798359,87.60000000000001,1.706,0.892,0.604337631887456,1.031
31.413299889515958,0.9234972677595629,0.105,0.274,0.089,0.221,0.199,0.14,0.5136612021857924,105.2,1.83,0.9400000000000001,0.5961748633879781,1.091
28.10252359995991,0.9215233698788229,0.095,0.273,0.08700000000000001,0.20700000000000002,0.20600000000000002,0.136,0.5077899596076169,84.4,1.733,0.88,0.608193883439123,1.054
27.29077633318081,0.9317812669193286,0.101,0.266,0.089,0.217,0.194,0.126,0.5175961017866811,93.10000000000001,1.847,0.9560000000000001,0.6118029236599891,1.1300000000000001
30.509338634434755,0.9194510739856802,0.10400000000000001,0.269,0.08600000000000001,0.213,0.197,0.135,0.5113365155131265,85.7,1.676,0.857,0.6044152744630071,1.0130000000000001
28.56331585659055,0.926786751888437,0.10200000000000001,0.27,0.092,0.222,0.198,0.126,0.5113306217315514,84.60000000000001,1.721,0.88,0.6025566531086578,1.037
26.100871330022347,0.9203069657615112,0.10400000000000001,0.278,0.08600000000000001,0.20400000000000001,0.2,0.135,0.5,74.9,1.694,0.847,0.5962219598583235,1.01
24.32300174153979,0.9296653431650596,0.10400000000000001,0.28,0.09,0.214,0.20800000000000002,0.124,0.5490640952921158,75.60000000000001,1.7630000000000001,0.968,0.63471355643789,1.119
28.943002191895264,0.924114671163575,0.105,0.279,0.09,0.217,0.193,0.135,0.5109612141652614,91.60000000000001,1.7790000000000001,0.909,0.5947161326587971,1.058
27.746248735166105,0.9213608477412158,0.106,0.272,0.094,0.231,0.198,0.14100000000000001,0.5264919129949804,89.2,1.793,0.9440000000000001,0.5911879531511434,1.06
29.699286163031427,0.9312114989733059,0.11,0.302,0.098,0.241,0.225,0.134,0.5205338809034907,112.7,1.948,1.014,0.5939425051334702,1.157
27.960888888888892,0.9317333333333333,0.108,0.289,0.09,0.215,0.20400000000000001,0.128,0.5136,98.30000000000001,1.875,0.963,0.6042666666666666,1.133
23.766080436682564,0.922077922077922,0.091,0.267,0.081,0.197,0.19,0.132,0.5147579693034239,68.2,1.694,0.872,0.5920897284533648,1.0030000000000001
23.3624065503738,0.9215801886792453,0.10200000000000001,0.264,0.084,0.20400000000000001,0.195,0.133,0.4946933962264151,67.2,1.696,0.839,0.5837264150943396,0.99
30.710498744424463,0.9236947791164659,0.10400000000000001,0.277,0.091,0.225,0.198,0.133,0.5146299483648882,93.30000000000001,1.743,0.897,0.582903040734366,1.016
22.0953455738776,0.929700272479564,0.093,0.263,0.084,0.202,0.2,0.129,0.5188010899182561,74.4,1.835,0.9520000000000001,0.6130790190735694,1.125
31.952854982201295,0.920263788968825,0.1,0.257,0.09,0.223,0.188,0.133,0.5107913669064749,88.9,1.668,0.852,0.5779376498800959,0.964
24.033993342864942,0.9270895080023711,0.1,0.266,0.088,0.216,0.185,0.123,0.5163011262596325,68.4,1.687,0.871,0.6182572614107884,1.043
28.57109039643128,0.9277522935779816,0.097,0.266,0.08700000000000001,0.213,0.194,0.126,0.5154816513761468,86.9,1.744,0.899,0.6055045871559633,1.056
36.71172154773343,0.9281542056074766,0.1,0.277,0.089,0.218,0.2,0.123,0.5110981308411215,107.60000000000001,1.712,0.875,0.554322429906542,0.9490000000000001
35.417258306625016,0.9267515923566879,0.106,0.254,0.09,0.216,0.18,0.115,0.49171974522292994,87.30000000000001,1.57,0.772,0.5681528662420382,0.892
29.198662068053288,0.9199288256227758,0.107,0.261,0.093,0.222,0.187,0.135,0.5047449584816133,83.0,1.686,0.851,0.597864768683274,1.008
29.69529085872576,0.9252631578947368,0.109,0.28400000000000003,0.097,0.23700000000000002,0.217,0.14200000000000002,0.5168421052631579,107.2,1.9000000000000001,0.982,0.5926315789473684,1.1260000000000001
23.36638241667425,0.9253112033195021,0.099,0.275,0.088,0.20800000000000002,0.192,0.126,0.49259039715471253,66.5,1.687,0.8310000000000001,0.5844694724362774,0.986
34.75208729724329,0.9288451012588944,0.108,0.28,0.092,0.222,0.20600000000000002,0.13,0.5145046524356869,116.0,1.827,0.9400000000000001,0.5966064586754242,1.09
35.689369111620515,0.9188861985472155,0.10300000000000001,0.272,0.091,0.222,0.187,0.134,0.4963680387409201,97.4,1.6520000000000001,0.8200000000000001,0.5829297820823245,0.963
23.274483408023666,0.9261396422388921,0.10200000000000001,0.28,0.09,0.211,0.196,0.128,0.5152914021927294,69.9,1.733,0.893,0.6191575302942873,1.073
28.10845773124111,0.9258867125463208,0.10300000000000001,0.29,0.093,0.223,0.212,0.14,0.5060878771836951,100.30000000000001,1.889,0.9560000000000001,0.6109052408681842,1.154
25.899711461027007,0.9221835075493612,0.098,0.262,0.084,0.20700000000000002,0.193,0.134,0.5267131242740999,76.80000000000001,1.722,0.907,0.5952380952380952,1.025
28.538480355041994,0.9226393629124005,0.106,0.278,0.08600000000000001,0.212,0.191,0.136,0.5210466439135382,88.2,1.758,0.916,0.6046643913538111,1.063
33.24187295566721,0.9219569015725102,0.10300000000000001,0.265,0.094,0.224,0.195,0.134,0.5119394292370414,98.0,1.717,0.879,0.5794991263832265,0.995
31.172735965569558,0.9202096680256261,0.10200000000000001,0.269,0.08700000000000001,0.217,0.18,0.137,0.49504950495049505,91.9,1.717,0.85,0.5859056493884682,1.006
28.82726132330642,0.9245604083947816,0.10200000000000001,0.263,0.083,0.2,0.191,0.133,0.5048213272830403,89.60000000000001,1.7630000000000001,0.89,0.5955757231990925,1.05
24.70990900742967,0.9272727272727272,0.105,0.271,0.085,0.20800000000000002,0.188,0.132,0.5234159779614325,81.4,1.815,0.9500000000000001,0.6033057851239669,1.095
29.964537534569676,0.9250720461095101,0.10200000000000001,0.27,0.09,0.227,0.185,0.13,0.4847262247838617,90.2,1.735,0.841,0.5948126801152738,1.032
32.50025788923564,0.9303232998885173,0.109,0.275,0.093,0.227,0.203,0.125,0.520066889632107,104.60000000000001,1.794,0.933,0.5852842809364549,1.05
25.99014733444398,0.9253826530612245,0.095,0.242,0.082,0.196,0.17400000000000002,0.117,0.5057397959183674,63.900000000000006,1.568,0.793,0.6014030612244898,0.9430000000000001
21.62238972837428,0.9286966686148451,0.10300000000000001,0.254,0.083,0.203,0.17200000000000001,0.122,0.5125657510227937,63.300000000000004,1.711,0.877,0.6078316773816481,1.04
35.6149621023229,0.9300057372346529,0.115,0.278,0.092,0.22,0.20500000000000002,0.122,0.4853700516351119,108.2,1.743,0.846,0.6018359150889271,1.049
25.33070549720099,0.9274521183981428,0.108,0.279,0.09,0.22,0.195,0.125,0.4910040626813697,75.2,1.723,0.846,0.5983749274521184,1.031
28.26601590658586,0.9292426755113322,0.10400000000000001,0.27,0.08700000000000001,0.218,0.195,0.128,0.5146489773355445,92.5,1.809,0.931,0.5909342177998894,1.069
24.78425751739377,0.9256830601092896,0.10400000000000001,0.28800000000000003,0.094,0.233,0.202,0.136,0.49836065573770494,83.0,1.83,0.912,0.5989071038251366,1.096
26.53667355371901,0.9306818181818182,0.10300000000000001,0.277,0.09,0.219,0.203,0.122,0.5301136363636364,82.2,1.76,0.933,0.6125,1.078
25.086833803300163,0.9224037339556592,0.107,0.265,0.088,0.20700000000000002,0.188,0.133,0.5180863477246208,73.7,1.714,0.888,0.6190198366394399,1.061
31.702062172976305,0.9245614035087719,0.097,0.259,0.085,0.20600000000000002,0.192,0.129,0.5017543859649123,92.7,1.71,0.858,0.5742690058479533,0.982
29.702696036959495,0.927787406123628,0.101,0.269,0.092,0.229,0.188,0.125,0.5066435586366262,89.0,1.731,0.877,0.5725014442518775,0.991
22.27324357642347,0.9263341067285383,0.094,0.264,0.091,0.22,0.196,0.127,0.5052204176334106,66.2,1.724,0.871,0.601508120649652,1.037
22.958997317971676,0.9145299145299145,0.093,0.251,0.08700000000000001,0.212,0.187,0.14,0.510989010989011,61.6,1.6380000000000001,0.837,0.5824175824175825,0.9540000000000001
31.295957893513577,0.9272286234081262,0.10300000000000001,0.259,0.089,0.211,0.186,0.12,0.5069739235900546,85.10000000000001,1.649,0.836,0.5967252880533657,0.984
32.88732826928196,0.9315610859728507,0.096,0.254,0.09,0.214,0.195,0.121,0.5090497737556561,102.80000000000001,1.768,0.9,0.5921945701357466,1.047
29.953490398544805,0.9301430143014301,0.10200000000000001,0.275,0.094,0.227,0.203,0.127,0.5275027502750275,99.0,1.818,0.9590000000000001,0.6056105610561056,1.101
31.722589792060493,0.9358695652173913,0.10300000000000001,0.265,0.095,0.232,0.195,0.11800000000000001,0.5005434782608695,107.4,1.84,0.921,0.6005434782608695,1.105
37.61908098798033,0.9264620729588883,0.111,0.276,0.093,0.22,0.194,0.127,0.5026056745801969,112.2,1.727,0.868,0.5535610885929357,0.9560000000000001
26.527698872062015,0.9236509758897818,0.101,0.269,0.093,0.226,0.197,0.133,0.4856486796785304,80.5,1.742,0.846,0.5734787600459242,0.999
23.91003460207613,0.9241176470588235,0.1,0.252,0.084,0.197,0.182,0.129,0.5076470588235295,69.10000000000001,1.7,0.863,0.6064705882352941,1.031
28.39525657576138,0.926829268292683,0.097,0.256,0.089,0.217,0.196,0.126,0.508130081300813,84.2,1.722,0.875,0.5998838559814169,1.033
25.943618923990698,0.9248203427307905,0.10400000000000001,0.266,0.088,0.209,0.196,0.136,0.4986180210060807,84.9,1.809,0.902,0.5992260917634052,1.084
23.111528789342245,0.928023598820059,0.1,0.258,0.094,0.218,0.181,0.122,0.4849557522123894,66.4,1.695,0.8220000000000001,0.591740412979351,1.0030000000000001
21.51367258249758,0.9169193450576106,0.092,0.23500000000000001,0.078,0.192,0.167,0.137,0.5087932080048514,58.5,1.649,0.839,0.5979381443298969,0.986
27.37768789503482,0.9261198371146016,0.098,0.249,0.081,0.203,0.19,0.127,0.49912739965095987,80.9,1.719,0.858,0.5927865037812682,1.0190000000000001
29.06859353729407,0.9220103986135182,0.098,0.254,0.084,0.209,0.183,0.135,0.5095320623916811,87.10000000000001,1.731,0.882,0.5967648757943386,1.033
37.82373249936615,0.9199097574732092,0.122,0.292,0.096,0.242,0.203,0.14200000000000002,0.5109983079526227,118.9,1.7730000000000001,0.906,0.5922165820642978,1.05
32.84496792109547,0.9203389830508475,0.105,0.273,0.088,0.22,0.195,0.14100000000000001,0.5401129943502825,102.9,1.77,0.9560000000000001,0.5887005649717514,1.042
32.638477329141864,0.9289340101522843,0.10400000000000001,0.278,0.089,0.223,0.193,0.126,0.5205865764241399,102.60000000000001,1.7730000000000001,0.923,0.5944726452340665,1.054
30.242885763290214,0.921724333522405,0.11,0.28800000000000003,0.092,0.221,0.2,0.138,0.5150311968235961,94.0,1.7630000000000001,0.908,0.6018150879183211,1.061
28.687812177490034,0.9244762954796031,0.105,0.27,0.091,0.224,0.2,0.137,0.5154355016538037,94.4,1.814,0.935,0.5959206174200662,1.081
26.273585991513265,0.9218836565096953,0.10400000000000001,0.27,0.092,0.23,0.20500000000000002,0.14100000000000001,0.518005540166205,85.60000000000001,1.805,0.935,0.6138504155124653,1.108
29.60117741643291,0.9303590859630033,0.108,0.28700000000000003,0.094,0.226,0.214,0.128,0.5397170837867247,100.0,1.838,0.992,0.6120783460282916,1.125
24.8770515819889,0.9320594479830149,0.106,0.281,0.09,0.218,0.20700000000000002,0.128,0.535031847133758,88.30000000000001,1.8840000000000001,1.008,0.6263269639065817,1.18
30.642850413190637,0.9331860850358917,0.108,0.276,0.092,0.228,0.20500000000000002,0.121,0.5510767531750415,100.5,1.811,0.998,0.6134732192159028,1.111
33.673647785849965,0.926303175554224,0.11,0.25,0.085,0.216,0.193,0.123,0.49310964649490713,93.80000000000001,1.669,0.8230000000000001,0.5919712402636309,0.988
25.17717182073227,0.9311695579182988,0.099,0.256,0.091,0.221,0.202,0.123,0.5176273083379966,80.4,1.7870000000000001,0.925,0.6015668718522663,1.075
27.36396919580861,0.9325842696629213,0.109,0.277,0.089,0.221,0.195,0.12,0.5325842696629214,86.7,1.78,0.9480000000000001,0.6134831460674157,1.092
35.43541221084971,0.9266743648960739,0.109,0.257,0.091,0.219,0.194,0.127,0.4971131639722864,106.30000000000001,1.732,0.861,0.6108545034642032,1.058
27.4018818290931,0.9139650872817955,0.097,0.25,0.08700000000000001,0.214,0.183,0.138,0.4981296758104738,70.5,1.604,0.799,0.5903990024937655,0.9470000000000001
32.58961345718025,0.9225988700564972,0.109,0.273,0.08700000000000001,0.218,0.203,0.137,0.5062146892655367,102.10000000000001,1.77,0.896,0.5790960451977402,1.025
23.568049325560434,0.9168591224018475,0.097,0.272,0.083,0.193,0.198,0.14400000000000002,0.5265588914549654,70.7,1.732,0.912,0.5993071593533488,1.038
30.147290042901105,0.919431279620853,0.098,0.256,0.09,0.213,0.19,0.136,0.5154028436018957,85.9,1.688,0.87,0.6196682464454977,1.046
21.98967203584009,0.9181286549707602,0.1,0.272,0.085,0.213,0.199,0.14,0.5005847953216375,64.3,1.71,0.856,0.5923976608187135,1.0130000000000001
19.400460379464285,0.9285714285714286,0.097,0.275,0.081,0.20400000000000001,0.194,0.128,0.5128348214285714,62.300000000000004,1.792,0.919,0.6032366071428571,1.081
28.602666502949635,0.9303695768612747,0.107,0.278,0.088,0.213,0.202,0.13,0.5120514193893948,99.7,1.867,0.9560000000000001,0.600428494911623,1.121
25.550759992493905,0.9304109589041096,0.109,0.28400000000000003,0.092,0.225,0.203,0.127,0.5484931506849315,85.10000000000001,1.825,1.0010000000000001,0.6279452054794521,1.1460000000000001
24.84043386326259,0.9280973451327433,0.096,0.273,0.08700000000000001,0.212,0.2,0.13,0.5486725663716814,81.2,1.808,0.992,0.6111725663716814,1.105
30.370055375359193,0.9234209055338177,0.1,0.28200000000000003,0.088,0.217,0.202,0.137,0.5120178870877585,97.2,1.7890000000000001,0.916,0.616545556176635,1.103
23.95566933505303,0.9315849486887116,0.098,0.263,0.081,0.20700000000000002,0.197,0.12,0.523945267958951,73.7,1.754,0.919,0.6117445838084379,1.073
26.89018916720821,0.9190585533869116,0.10300000000000001,0.28700000000000003,0.088,0.217,0.202,0.14100000000000001,0.5166475315729047,81.60000000000001,1.742,0.9,0.6039035591274398,1.052
24.275599452609033,0.924198250728863,0.098,0.261,0.08700000000000001,0.213,0.194,0.13,0.5049562682215744,71.4,1.715,0.866,0.5860058309037901,1.0050000000000001
24.957955597130034,0.9198738170347003,0.101,0.253,0.078,0.188,0.177,0.127,0.5261829652996846,62.7,1.585,0.834,0.5968454258675079,0.9460000000000001
23.536872163661013,0.9362150764364786,0.106,0.28600000000000003,0.093,0.222,0.197,0.121,0.5361096468107538,84.7,1.897,1.0170000000000001,0.6336320506062203,1.202
19.395003286640954,0.922686230248307,0.098,0.269,0.08700000000000001,0.20700000000000002,0.20500000000000002,0.137,0.531038374717833,60.900000000000006,1.772,0.9410000000000001,0.6094808126410836,1.08
22.34622815532052,0.9223245109321059,0.099,0.262,0.08700000000000001,0.211,0.195,0.135,0.502301495972382,67.5,1.738,0.873,0.593210586881473,1.031
26.550629600840086,0.92692750287687,0.099,0.267,0.088,0.221,0.194,0.127,0.5397008055235903,80.2,1.738,0.9380000000000001,0.5972382048331415,1.038
35.087417548868686,0.9255131964809384,0.10400000000000001,0.272,0.093,0.227,0.195,0.127,0.49325513196480936,102.0,1.705,0.841,0.5653958944281525,0.964
19.860551930522774,0.9223356009070295,0.099,0.268,0.08700000000000001,0.20400000000000001,0.197,0.137,0.5096371882086168,61.800000000000004,1.764,0.899,0.6111111111111112,1.078
26.70405678574389,0.9267166762839008,0.098,0.264,0.085,0.202,0.182,0.127,0.5251009809578765,80.2,1.733,0.91,0.6116560877091748,1.06
22.960652964648375,0.9299544419134397,0.094,0.281,0.084,0.20500000000000002,0.20500000000000002,0.123,0.5455580865603644,70.8,1.756,0.9580000000000001,0.6201594533029613,1.089
25.72153121603671,0.9302197802197802,0.107,0.277,0.094,0.225,0.197,0.127,0.5032967032967033,85.2,1.82,0.916,0.6120879120879121,1.114
31.442600430682408,0.9203980099502488,0.097,0.243,0.085,0.211,0.181,0.128,0.5174129353233831,81.30000000000001,1.608,0.8320000000000001,0.5845771144278606,0.9400000000000001
29.131521064597088,0.9213095921883975,0.107,0.256,0.08700000000000001,0.211,0.18,0.137,0.49052268811028144,88.30000000000001,1.741,0.854,0.5973578403216542,1.04
35.050823694356815,0.9300736067297581,0.101,0.28800000000000003,0.08700000000000001,0.212,0.20400000000000001,0.133,0.5157728706624606,126.80000000000001,1.9020000000000001,0.981,0.6041009463722398,1.149
22.356859410430843,0.9220238095238096,0.094,0.26,0.078,0.19,0.177,0.131,0.5178571428571429,63.1,1.68,0.87,0.5994047619047619,1.0070000000000001
19.381417558752847,0.924022346368715,0.097,0.274,0.082,0.194,0.187,0.136,0.5100558659217878,62.1,1.79,0.913,0.6044692737430167,1.082
32.306248827172084,0.9276712328767124,0.097,0.274,0.08700000000000001,0.212,0.188,0.132,0.5150684931506849,107.60000000000001,1.825,0.9400000000000001,0.6005479452054795,1.096
35.824381605505735,0.9200444197667962,0.108,0.264,0.088,0.217,0.187,0.14400000000000002,0.495835646862854,116.2,1.801,0.893,0.5874514158800667,1.058
30.03742624215509,0.9235159817351598,0.109,0.269,0.092,0.228,0.188,0.134,0.5039954337899544,92.2,1.752,0.883,0.589041095890411,1.032
26.045309022508683,0.9171107164002368,0.10300000000000001,0.254,0.088,0.212,0.185,0.14,0.507400828892836,74.3,1.689,0.857,0.5867377146240379,0.991
25.440471206880094,0.9300813008130081,0.098,0.278,0.091,0.221,0.199,0.129,0.5317073170731708,86.60000000000001,1.845,0.981,0.6037940379403794,1.114
27.133360466693798,0.9194139194139194,0.096,0.251,0.08600000000000001,0.20800000000000002,0.178,0.132,0.5,72.8,1.6380000000000001,0.8190000000000001,0.5964590964590964,0.977
28.203960920881016,0.9230306674684305,0.095,0.256,0.083,0.20800000000000002,0.18,0.128,0.5069152134696332,78.0,1.663,0.843,0.608538785327721,1.012
25.60294789156968,0.9275041505257332,0.10200000000000001,0.281,0.089,0.213,0.20700000000000002,0.131,0.5240730492529053,83.60000000000001,1.807,0.9470000000000001,0.6087437742114001,1.1
23.58792764039185,0.9277588168373151,0.099,0.27,0.088,0.209,0.19,0.127,0.4738339021615472,72.9,1.758,0.833,0.5944254835039818,1.045
29.137489649415013,0.930151338766007,0.10200000000000001,0.259,0.091,0.217,0.19,0.12,0.4930151338766007,86.0,1.718,0.847,0.5873108265424912,1.0090000000000001
32.99966278674608,0.9238258877434136,0.10400000000000001,0.259,0.088,0.213,0.182,0.133,0.49140893470790376,100.60000000000001,1.746,0.858,0.5979381443298969,1.044
26.980979701149664,0.9185905224787363,0.099,0.243,0.084,0.20700000000000002,0.183,0.134,0.5072904009720535,73.10000000000001,1.6460000000000001,0.835,0.5923450789793439,0.975
30.67654578855081,0.9299943084803642,0.097,0.275,0.091,0.222,0.2,0.123,0.49345475241889586,94.7,1.7570000000000001,0.867,0.6055776892430279,1.064
20.969190143665163,0.9309228278467351,0.101,0.28200000000000003,0.09,0.218,0.2,0.128,0.5342687533729088,72.0,1.853,0.99,0.616297895304911,1.1420000000000001
30.411601370797758,0.9266001174398121,0.10400000000000001,0.276,0.09,0.216,0.203,0.125,0.5026423957721667,88.2,1.703,0.856,0.5918966529653552,1.008
24.251278305332356,0.9313513513513514,0.101,0.274,0.088,0.221,0.196,0.127,0.514054054054054,83.0,1.85,0.9510000000000001,0.6129729729729729,1.1340000000000001
37.554798269023536,0.922209026128266,0.105,0.265,0.089,0.215,0.195,0.131,0.5249406175771971,106.5,1.684,0.884,0.6051068883610451,1.0190000000000001
29.687769394339945,0.9197707736389685,0.106,0.262,0.09,0.213,0.184,0.14,0.5060171919770774,90.4,1.745,0.883,0.6074498567335244,1.06
22.00209323782075,0.9332965821389195,0.10300000000000001,0.27,0.085,0.209,0.185,0.121,0.5253583241455347,72.4,1.814,0.9530000000000001,0.6097023153252481,1.106
24.442133342037057,0.9190012180267966,0.091,0.253,0.083,0.199,0.188,0.133,0.4884287454323995,65.9,1.6420000000000001,0.802,0.5834348355663824,0.9580000000000001
28.33066666666667,0.9338666666666666,0.10400000000000001,0.28300000000000003,0.08700000000000001,0.217,0.20400000000000001,0.124,0.5338666666666667,99.60000000000001,1.875,1.0010000000000001,0.6085333333333334,1.141
23.66886038951721,0.9233390119250426,0.098,0.267,0.085,0.201,0.189,0.135,0.5150482680295286,73.4,1.7610000000000001,0.907,0.6172629187961386,1.087
24.304460760025822,0.9239373601789709,0.10400000000000001,0.273,0.084,0.20700000000000002,0.19,0.136,0.5095078299776287,77.7,1.788,0.911,0.6068232662192393,1.085
20.84538964430582,0.921784472769409,0.098,0.271,0.08700000000000001,0.20700000000000002,0.201,0.135,0.5046349942062572,62.1,1.726,0.871,0.6071842410196987,1.048
27.797938742923503,0.9162650602409639,0.097,0.247,0.079,0.19,0.17300000000000001,0.139,0.4939759036144578,76.60000000000001,1.6600000000000001,0.8200000000000001,0.5783132530120482,0.96
27.138115385157597,0.9198998748435544,0.10300000000000001,0.26,0.08700000000000001,0.209,0.184,0.128,0.490613266583229,69.3,1.598,0.784,0.5982478097622027,0.9560000000000001
29.34048875771964,0.9243746364165212,0.105,0.27,0.095,0.225,0.194,0.13,0.506108202443281,86.7,1.719,0.87,0.6207097149505526,1.067
31.646630786513093,0.9196217494089834,0.10200000000000001,0.258,0.082,0.202,0.178,0.136,0.49704491725768324,90.60000000000001,1.692,0.841,0.5880614657210402,0.995
28.07579210189368,0.9224583572659392,0.099,0.273,0.08600000000000001,0.214,0.18,0.135,0.504882251579552,85.10000000000001,1.741,0.879,0.604824813325675,1.053
25.213068181818187,0.9329545454545455,0.106,0.277,0.088,0.214,0.195,0.11800000000000001,0.5198863636363636,78.10000000000001,1.76,0.915,0.5977272727272728,1.052
32.60602863819643,0.927262313860252,0.097,0.273,0.095,0.227,0.187,0.127,0.5005727376861397,99.4,1.746,0.874,0.5847651775486827,1.0210000000000001
30.818872657542467,0.9212190914318574,0.101,0.28,0.08700000000000001,0.213,0.2,0.137,0.4968372627947096,93.2,1.739,0.864,0.6032202415181138,1.049
33.186983471074385,0.9261363636363636,0.093,0.26,0.08700000000000001,0.212,0.183,0.13,0.5193181818181818,102.80000000000001,1.76,0.914,0.5977272727272728,1.052
26.840816326530614,0.9257142857142857,0.099,0.278,0.082,0.2,0.196,0.13,0.5068571428571429,82.2,1.75,0.887,0.5897142857142857,1.032
30.712814097840745,0.917910447761194,0.106,0.262,0.091,0.22,0.2,0.14300000000000002,0.5040183696900115,93.2,1.742,0.878,0.5809414466130884,1.012
38.75958261466607,0.9273433166943982,0.107,0.28600000000000003,0.091,0.222,0.201,0.131,0.5330005546311702,126.0,1.803,0.961,0.6006655574043261,1.083
24.977907858133182,0.9263873159682899,0.108,0.28,0.094,0.227,0.197,0.13,0.515855039637599,77.9,1.766,0.911,0.6053227633069083,1.069
26.90435665442384,0.9240437158469945,0.10300000000000001,0.28800000000000003,0.089,0.213,0.2,0.139,0.4961748633879781,90.10000000000001,1.83,0.908,0.6010928961748634,1.1
37.86609344972221,0.9267734553775744,0.10200000000000001,0.268,0.091,0.22,0.189,0.128,0.5257437070938215,115.7,1.748,0.919,0.5966819221967964,1.043
29.794076229029802,0.927355278093076,0.10300000000000001,0.272,0.088,0.22,0.194,0.128,0.5255391600454029,92.5,1.762,0.926,0.5981838819523269,1.054
28.184394015105205,0.9218203033838973,0.10300000000000001,0.258,0.08700000000000001,0.20800000000000002,0.194,0.134,0.5035005834305718,82.80000000000001,1.714,0.863,0.5950991831971996,1.02
27.099939687352283,0.9242424242424242,0.107,0.27,0.085,0.20700000000000002,0.195,0.13,0.5087412587412588,79.80000000000001,1.716,0.873,0.583916083916084,1.002
38.82902747153694,0.924865831842576,0.10400000000000001,0.263,0.096,0.231,0.19,0.126,0.5175909361955874,109.2,1.677,0.868,0.5807990459153249,0.974
34.07316232985544,0.9229871645274212,0.096,0.259,0.088,0.20800000000000002,0.197,0.132,0.5017502917152858,100.10000000000001,1.714,0.86,0.5787631271878646,0.992
26.355512619248884,0.9241758241758242,0.108,0.28400000000000003,0.093,0.225,0.21,0.138,0.5164835164835165,87.30000000000001,1.82,0.9400000000000001,0.6,1.092
29.09200721507812,0.9235596120935539,0.105,0.259,0.09,0.215,0.189,0.134,0.4831717056474615,89.4,1.7530000000000001,0.847,0.5955504848830576,1.044
33.05415351203523,0.929932735426009,0.098,0.264,0.089,0.222,0.2,0.125,0.5117713004484304,105.2,1.784,0.913,0.5863228699551569,1.046
27.40600097587366,0.9215017064846417,0.10400000000000001,0.263,0.094,0.23,0.19,0.138,0.47667804323094426,84.7,1.758,0.838,0.5898748577929466,1.037
27.032123536804566,0.919831223628692,0.099,0.253,0.08,0.2,0.177,0.133,0.5189873417721519,74.4,1.659,0.861,0.6009644364074744,0.997
25.506641213941933,0.9247071946458449,0.1,0.281,0.088,0.216,0.195,0.135,0.5382041271611824,82.0,1.793,0.965,0.6235359732292247,1.118
37.518495209937605,0.9253039953676896,0.111,0.28600000000000003,0.093,0.231,0.2,0.129,0.4863925883034163,111.9,1.727,0.84,0.5790387955993052,1.0
40.75713907051555,0.9285312324141812,0.109,0.27,0.092,0.227,0.187,0.127,0.5115362971299944,128.70000000000002,1.7770000000000001,0.909,0.5897580191333709,1.048
29.550619507630394,0.9278514588859417,0.107,0.281,0.096,0.23,0.198,0.136,0.49496021220159153,105.0,1.885,0.933,0.5777188328912467,1.089
23.568117973712383,0.9166666666666666,0.105,0.263,0.08,0.20400000000000001,0.179,0.14300000000000002,0.5256410256410257,69.4,1.716,0.902,0.6212121212121212,1.066
24.79441608775575,0.9143206854345165,0.094,0.254,0.08700000000000001,0.20800000000000002,0.185,0.14,0.5006119951040392,66.2,1.6340000000000001,0.8180000000000001,0.5807833537331701,0.9490000000000001
42.05048052406416,0.9245604083947816,0.111,0.28,0.097,0.23500000000000001,0.2,0.133,0.49404424276800907,130.70000000000002,1.7630000000000001,0.871,0.5876347135564379,1.036
30.24796667327911,0.9284507042253521,0.105,0.28,0.088,0.212,0.194,0.127,0.5205633802816901,95.30000000000001,1.7750000000000001,0.924,0.6016901408450704,1.068
23.500532147133196,0.934174437739989,0.112,0.277,0.092,0.22,0.191,0.12,0.48875479978058145,78.10000000000001,1.823,0.891,0.596269884805266,1.087
26.32013041200101,0.9300660792951542,0.10400000000000001,0.277,0.091,0.222,0.198,0.127,0.5187224669603524,86.80000000000001,1.816,0.9420000000000001,0.6112334801762115,1.11
25.94886246709302,0.9294803817603393,0.10300000000000001,0.281,0.091,0.217,0.20400000000000001,0.133,0.5143160127253447,92.30000000000001,1.8860000000000001,0.97,0.6002120890774125,1.1320000000000001
29.411764705882355,0.9229411764705883,0.098,0.25,0.084,0.20400000000000001,0.179,0.131,0.49117647058823527,85.0,1.7,0.835,0.5823529411764706,0.99
26.98701165224827,0.9260943718021604,0.099,0.27,0.09,0.214,0.19,0.13,0.5088118249005117,83.5,1.7590000000000001,0.895,0.6083001705514497,1.07
21.83612763656031,0.9226744186046512,0.101,0.257,0.084,0.20700000000000002,0.182,0.133,0.5226744186046511,64.60000000000001,1.72,0.899,0.6087209302325581,1.047
29.137529137529143,0.9213286713286714,0.10200000000000001,0.262,0.089,0.214,0.187,0.135,0.49417249417249415,85.80000000000001,1.716,0.848,0.5909090909090909,1.014
24.479715322685205,0.925904652498564,0.10300000000000001,0.28200000000000003,0.08700000000000001,0.214,0.20800000000000002,0.129,0.5290063182079264,74.2,1.741,0.921,0.5967834577828834,1.039
29.636807110160714,0.9260115606936417,0.1,0.265,0.09,0.217,0.196,0.128,0.5046242774566474,88.7,1.73,0.873,0.6011560693641619,1.04
33.62463015292685,0.9323181049069373,0.1,0.267,0.088,0.217,0.194,0.12,0.5019740552735477,105.7,1.7730000000000001,0.89,0.5978567399887197,1.06
26.54907159411664,0.9315315315315316,0.094,0.252,0.081,0.203,0.184,0.114,0.4966966966966967,73.60000000000001,1.665,0.8270000000000001,0.596996996996997,0.994
22.804650969246815,0.9284487693188322,0.095,0.267,0.08700000000000001,0.211,0.197,0.125,0.5100171722953635,69.60000000000001,1.747,0.891,0.5907269605037206,1.032
35.925975428149464,0.9201798763350196,0.10400000000000001,0.277,0.094,0.225,0.199,0.14200000000000002,0.4985947161326588,113.7,1.7790000000000001,0.887,0.5975267003934794,1.063
22.007498376758576,0.9300184162062615,0.099,0.23900000000000002,0.076,0.19,0.17400000000000002,0.114,0.4990791896869245,58.400000000000006,1.629,0.8130000000000001,0.5807243707796194,0.9460000000000001
26.25498844780508,0.9245169082125604,0.105,0.261,0.091,0.221,0.176,0.125,0.4939613526570048,72.0,1.6560000000000001,0.8180000000000001,0.6099033816425121,1.01
32.98462471898505,0.9210977701543739,0.10400000000000001,0.278,0.092,0.223,0.202,0.138,0.5265866209262435,100.9,1.749,0.921,0.6072041166380789,1.062
23.637347472483928,0.9305705059203444,0.105,0.28,0.08700000000000001,0.209,0.19,0.129,0.5102260495156081,81.60000000000001,1.858,0.9480000000000001,0.6065662002152853,1.127
29.430928550589083,0.9259468626342566,0.108,0.258,0.094,0.225,0.20500000000000002,0.131,0.5144149236856982,92.10000000000001,1.7690000000000001,0.91,0.5850763143018655,1.035
26.877506431191662,0.9265106151333696,0.106,0.278,0.09,0.215,0.2,0.135,0.5209580838323353,90.7,1.837,0.9570000000000001,0.603157321720196,1.108
28.431732891388336,0.9314015375517445,0.10400000000000001,0.269,0.088,0.21,0.183,0.116,0.5180366646954465,81.30000000000001,1.691,0.876,0.6055588409225311,1.024
29.010117040269783,0.927887323943662,0.101,0.277,0.094,0.231,0.198,0.128,0.5064788732394366,91.4,1.7750000000000001,0.899,0.5909859154929578,1.049
30.21676082248838,0.9208261617900172,0.107,0.275,0.08700000000000001,0.214,0.191,0.138,0.504302925989673,91.80000000000001,1.743,0.879,0.6052782558806655,1.055
32.310984958341784,0.9279488669378269,0.105,0.268,0.091,0.214,0.195,0.124,0.4938988959907031,95.7,1.721,0.85,0.5926786751888437,1.02
25.436748979986366,0.9183548189073051,0.099,0.247,0.083,0.197,0.177,0.133,0.48557397176181705,67.5,1.629,0.791,0.5997544505831799,0.977
26.89956731759804,0.9282296650717703,0.1,0.261,0.09,0.215,0.185,0.12,0.5233253588516746,75.2,1.672,0.875,0.6058612440191388,1.0130000000000001
29.57546849322435,0.9276672694394213,0.1,0.26,0.08700000000000001,0.20800000000000002,0.194,0.12,0.5117540687160941,81.4,1.659,0.849,0.6033755274261603,1.0010000000000001
21.44755114030871,0.9277426160337553,0.101,0.28800000000000003,0.09,0.215,0.20400000000000001,0.137,0.5253164556962026,77.10000000000001,1.8960000000000001,0.996,0.6128691983122363,1.162
25.86120485148184,0.9283236994219654,0.105,0.279,0.09,0.217,0.20500000000000002,0.124,0.508092485549133,77.4,1.73,0.879,0.6190751445086705,1.071
25.107057622107757,0.9216152019002375,0.094,0.27,0.081,0.196,0.186,0.132,0.5,71.2,1.684,0.842,0.6134204275534442,1.033
27.340026024854154,0.9220261809903244,0.107,0.28300000000000003,0.08600000000000001,0.213,0.192,0.137,0.514513375071144,84.4,1.7570000000000001,0.904,0.6084234490608993,1.069
30.995976748430294,0.9192902117916428,0.11,0.258,0.08700000000000001,0.215,0.179,0.14100000000000001,0.5157412707498569,94.60000000000001,1.747,0.901,0.5998855180309102,1.048
24.877127658789156,0.928311057108141,0.1,0.253,0.078,0.192,0.181,0.11800000000000001,0.508505467800729,67.4,1.6460000000000001,0.837,0.6020656136087484,0.991
29.261531015907753,0.9225917431192661,0.111,0.27,0.093,0.223,0.196,0.135,0.5017201834862385,89.0,1.744,0.875,0.5940366972477065,1.036
27.901475004361536,0.9254727474972191,0.10400000000000001,0.28600000000000003,0.095,0.227,0.20500000000000002,0.134,0.5066740823136818,90.2,1.798,0.911,0.5978865406006674,1.075
38.187218337536095,0.9304301646309081,0.115,0.28300000000000003,0.094,0.226,0.194,0.131,0.5231014338821031,135.4,1.883,0.985,0.5974508762612852,1.125
30.226082204868238,0.9330430048992924,0.10300000000000001,0.28700000000000003,0.089,0.215,0.194,0.123,0.5089820359281437,102.0,1.837,0.935,0.6140446379967338,1.1280000000000001
23.35866507037069,0.9194227300060133,0.092,0.23900000000000002,0.077,0.187,0.17300000000000001,0.134,0.49669272399278414,64.60000000000001,1.663,0.8260000000000001,0.5808779314491882,0.966
24.759968345378617,0.9279475982532751,0.10400000000000001,0.28500000000000003,0.089,0.213,0.20400000000000001,0.132,0.5125545851528385,83.10000000000001,1.832,0.9390000000000001,0.6146288209606987,1.1260000000000001
26.08676493268998,0.9284552845528455,0.108,0.272,0.09,0.22,0.194,0.132,0.5111111111111111,88.80000000000001,1.845,0.9430000000000001,0.618970189701897,1.1420000000000001
27.628655271092367,0.9247434435575826,0.10200000000000001,0.263,0.099,0.23700000000000002,0.201,0.132,0.49372862029646525,85.0,1.754,0.866,0.5912200684150513,1.037
24.95919744991593,0.9303695768612747,0.105,0.276,0.092,0.216,0.196,0.13,0.49491162292447777,87.0,1.867,0.924,0.6036422067487949,1.127
31.12947716683073,0.9285321605277626,0.108,0.274,0.088,0.212,0.197,0.13,0.49697636063771305,103.0,1.819,0.904,0.6080263881253436,1.106
28.981893808938217,0.9288537549407114,0.10200000000000001,0.276,0.08700000000000001,0.21,0.195,0.126,0.5189158667419537,90.9,1.7710000000000001,0.919,0.6120835686053078,1.084
20.999235396870354,0.9327453142227122,0.10400000000000001,0.281,0.085,0.20800000000000002,0.20400000000000001,0.122,0.538037486218302,69.10000000000001,1.814,0.976,0.6245865490628445,1.133
24.281389469741896,0.9217877094972067,0.106,0.266,0.08700000000000001,0.212,0.19,0.14,0.5206703910614525,77.80000000000001,1.79,0.932,0.6005586592178771,1.075
23.41026121699056,0.929786066922655,0.10200000000000001,0.261,0.088,0.21,0.195,0.128,0.5052111903455841,77.80000000000001,1.823,0.921,0.6001097092704334,1.094
26.521713964233665,0.9280575539568345,0.105,0.27,0.08700000000000001,0.21,0.189,0.13,0.5052573325954621,86.60000000000001,1.807,0.913,0.6026563364692861,1.089
28.59476307339142,0.9331908070550508,0.109,0.3,0.092,0.222,0.218,0.125,0.5189738107963656,100.10000000000001,1.871,0.971,0.601282736504543,1.125
22.91183562605667,0.9173252279635259,0.097,0.244,0.08700000000000001,0.20600000000000002,0.177,0.136,0.47416413373860183,62.0,1.645,0.78,0.6,0.987
22.289190000528244,0.9205448354143019,0.098,0.28800000000000003,0.093,0.223,0.214,0.14,0.5164585698070374,69.2,1.762,0.91,0.6129398410896708,1.08
21.9252713667583,0.9279538904899135,0.1,0.277,0.08600000000000001,0.20400000000000001,0.194,0.125,0.5204610951008646,66.0,1.735,0.903,0.6103746397694525,1.059
34.96212230301601,0.9332220367278798,0.107,0.289,0.09,0.217,0.198,0.12,0.5292153589315526,112.9,1.797,0.9510000000000001,0.6099053978853645,1.096
25.994772995833983,0.9291833238149628,0.095,0.28300000000000003,0.085,0.20600000000000002,0.19,0.124,0.5316961736150772,79.7,1.7510000000000001,0.931,0.6310679611650486,1.105
24.039211500726594,0.926647564469914,0.098,0.276,0.089,0.215,0.196,0.128,0.5106017191977077,73.2,1.745,0.891,0.6063037249283668,1.058
23.756169961319515,0.9280089988751407,0.105,0.28800000000000003,0.084,0.20600000000000002,0.20400000000000001,0.128,0.5427446569178853,75.10000000000001,1.778,0.965,0.6394825646794151,1.137
24.017011994021683,0.9280325014509576,0.105,0.274,0.095,0.225,0.198,0.124,0.5078351712130006,71.3,1.723,0.875,0.6006964596633778,1.035
31.856211122847615,0.9225768321513003,0.10200000000000001,0.266,0.085,0.215,0.195,0.131,0.5283687943262412,91.2,1.692,0.894,0.6016548463356974,1.018
30.467463070459928,0.9256718124642653,0.107,0.28700000000000003,0.088,0.217,0.211,0.13,0.5202973127501429,93.2,1.749,0.91,0.6163522012578616,1.078
25.742491073303928,0.9321739130434783,0.099,0.28600000000000003,0.096,0.224,0.20600000000000002,0.117,0.5124637681159421,76.60000000000001,1.725,0.884,0.6208695652173913,1.071
24.416281447837985,0.9217782779966235,0.105,0.273,0.08700000000000001,0.217,0.20500000000000002,0.139,0.5357343837929094,77.10000000000001,1.7770000000000001,0.9520000000000001,0.6043894203714125,1.074
26.5908993484225,0.9317129629629629,0.106,0.293,0.095,0.228,0.197,0.11800000000000001,0.5283564814814815,79.4,1.728,0.913,0.6168981481481481,1.066
28.70172181229001,0.9227985524728589,0.10300000000000001,0.269,0.089,0.214,0.187,0.128,0.49095295536791317,78.9,1.6580000000000001,0.8140000000000001,0.6019300361881785,0.998
27.75006417886065,0.9245169082125604,0.10200000000000001,0.252,0.079,0.197,0.178,0.125,0.4885265700483092,76.10000000000001,1.6560000000000001,0.809,0.5917874396135265,0.98
26.11677841734404,0.9287396937573617,0.098,0.27,0.085,0.20600000000000002,0.195,0.121,0.49528857479387517,75.3,1.698,0.841,0.5930506478209658,1.0070000000000001
31.490502291166766,0.9320113314447592,0.107,0.274,0.094,0.225,0.191,0.12,0.5070821529745042,98.10000000000001,1.7650000000000001,0.895,0.5932011331444759,1.047
29.342361752334057,0.928654970760234,0.105,0.265,0.089,0.212,0.189,0.122,0.519298245614035,85.80000000000001,1.71,0.888,0.604093567251462,1.033
27.767481649734705,0.9241223103057757,0.098,0.257,0.084,0.20400000000000001,0.186,0.134,0.5039637599093998,86.60000000000001,1.766,0.89,0.5968289920724802,1.054
33.24502007702969,0.9236947791164659,0.099,0.268,0.083,0.20800000000000002,0.183,0.133,0.5146299483648882,101.0,1.743,0.897,0.5874928284566838,1.024
40.768874673849005,0.9288990825688074,0.106,0.28,0.08700000000000001,0.211,0.193,0.124,0.48509174311926606,124.0,1.744,0.846,0.5894495412844036,1.028
31.123149760974826,0.9279778393351801,0.1,0.274,0.083,0.211,0.186,0.13,0.5041551246537396,101.4,1.805,0.91,0.6,1.083
35.79641840791497,0.9282108805384184,0.113,0.3,0.097,0.23500000000000001,0.20400000000000001,0.128,0.5204711160964667,113.80000000000001,1.7830000000000001,0.928,0.5933819405496354,1.058
31.036140514225302,0.9288653733098178,0.10400000000000001,0.273,0.08600000000000001,0.215,0.196,0.121,0.5055849500293945,89.80000000000001,1.701,0.86,0.582010582010582,0.99
30.821357788083542,0.9335038363171355,0.124,0.312,0.095,0.227,0.223,0.13,0.5176470588235295,117.80000000000001,1.955,1.012,0.6040920716112532,1.181
38.00406159005023,0.9215578716401536,0.12,0.28500000000000003,0.097,0.233,0.201,0.14300000000000002,0.4821722435545804,126.30000000000001,1.823,0.879,0.5721338453099287,1.043
31.960158357429794,0.9284140969162996,0.101,0.281,0.09,0.216,0.193,0.13,0.4917400881057269,105.4,1.816,0.893,0.5974669603524229,1.085
23.41653342541045,0.9205448354143019,0.094,0.274,0.084,0.20700000000000002,0.201,0.14,0.5204313280363224,72.7,1.762,0.917,0.5987514188422247,1.055
25.17968182801438,0.9252625077208153,0.099,0.255,0.089,0.214,0.17,0.121,0.49845583693638046,66.0,1.619,0.807,0.5917232859789994,0.9580000000000001
28.63728005724385,0.9213135068153655,0.1,0.249,0.08700000000000001,0.221,0.18,0.127,0.4944237918215613,74.60000000000001,1.614,0.798,0.5681536555142503,0.917
26.06264685369387,0.9159613059250302,0.10200000000000001,0.256,0.084,0.213,0.185,0.139,0.533857315598549,71.3,1.6540000000000001,0.883,0.5991535671100363,0.991
26.124792334399835,0.9235064209938582,0.1,0.276,0.085,0.212,0.193,0.137,0.5053042992741485,83.80000000000001,1.7910000000000001,0.905,0.5924064768285874,1.061
23.46570576590174,0.9280368451352907,0.1,0.259,0.08600000000000001,0.20700000000000002,0.188,0.125,0.5071963154864709,70.8,1.737,0.881,0.6050662061024755,1.051
31.57194849799766,0.9291617473435655,0.10400000000000001,0.268,0.083,0.212,0.19,0.12,0.5365997638724912,90.60000000000001,1.694,0.909,0.5879574970484062,0.996
23.95874773917122,0.9289740698985344,0.097,0.28500000000000003,0.085,0.20700000000000002,0.20400000000000001,0.126,0.5107102593010147,75.4,1.774,0.906,0.6065388951521984,1.076
28.767596179663226,0.9282536151279199,0.101,0.278,0.091,0.219,0.201,0.129,0.5111234705228032,93.0,1.798,0.919,0.6051167964404894,1.088
33.03051889131621,0.920937840785169,0.11,0.28200000000000003,0.091,0.217,0.2,0.145,0.5027262813522355,111.10000000000001,1.834,0.922,0.5817884405670665,1.067
25.87004277951208,0.9327956989247311,0.105,0.3,0.091,0.218,0.20600000000000002,0.125,0.5236559139784946,89.5,1.86,0.974,0.6188172043010752,1.151
25.064141087278102,0.9236778846153846,0.098,0.251,0.081,0.198,0.184,0.127,0.5090144230769231,69.4,1.6640000000000001,0.847,0.5997596153846154,0.998
28.762071225962522,0.920687742651137,0.106,0.272,0.095,0.228,0.202,0.14300000000000002,0.5069328896283971,93.5,1.803,0.914,0.6073211314475874,1.095
21.60735870376184,0.9295377677564826,0.094,0.26,0.08700000000000001,0.20700000000000002,0.19,0.125,0.5163472378804961,68.0,1.774,0.916,0.6082299887260428,1.079
30.829611088710735,0.919908466819222,0.105,0.264,0.083,0.203,0.188,0.14,0.4925629290617849,94.2,1.748,0.861,0.5892448512585813,1.03
25.92681866071199,0.92845615922539,0.1,0.28200000000000003,0.093,0.218,0.198,0.133,0.5131791285637439,89.60000000000001,1.859,0.9540000000000001,0.6057019903173749,1.1260000000000001
27.82011847281423,0.9250755287009064,0.099,0.261,0.088,0.20800000000000002,0.183,0.124,0.5238670694864048,76.2,1.655,0.867,0.6048338368580061,1.0010000000000001
29.92558678869614,0.916156670746634,0.1,0.27,0.08600000000000001,0.211,0.196,0.137,0.5391676866585068,79.9,1.6340000000000001,0.881,0.6223990208078335,1.0170000000000001
34.8259781460632,0.9239007891770011,0.10300000000000001,0.28800000000000003,0.093,0.227,0.198,0.135,0.49661781285231116,109.60000000000001,1.774,0.881,0.5913190529875987,1.049
31.43677664814388,0.9228149829738933,0.098,0.272,0.085,0.20700000000000002,0.192,0.136,0.5096481271282634,97.60000000000001,1.762,0.898,0.5879682179341658,1.036
28.83012223000023,0.9214570290267502,0.109,0.28400000000000003,0.09,0.22,0.2,0.138,0.5429709732498577,89.0,1.7570000000000001,0.9540000000000001,0.614114968696642,1.079
23.915448532354116,0.927170868347339,0.099,0.277,0.09,0.214,0.197,0.13,0.5215686274509804,76.2,1.7850000000000001,0.931,0.6196078431372549,1.106
24.79895135862827,0.9226804123711341,0.105,0.27,0.084,0.20800000000000002,0.188,0.135,0.5269186712485682,75.60000000000001,1.746,0.92,0.6179839633447881,1.079
27.253197024270165,0.9167694204685574,0.098,0.254,0.08600000000000001,0.20400000000000001,0.176,0.135,0.48890258939580766,71.7,1.622,0.793,0.6029593094944513,0.978
28.045571665647657,0.9205607476635514,0.101,0.26,0.08600000000000001,0.20500000000000002,0.193,0.136,0.5093457943925234,82.2,1.712,0.872,0.6086448598130841,1.042
34.63661961161095,0.9197344598672299,0.105,0.267,0.08700000000000001,0.215,0.191,0.133,0.5431502715751357,95.10000000000001,1.657,0.9,0.6143633071816536,1.018
27.241398379215347,0.9232062780269058,0.10400000000000001,0.28700000000000003,0.093,0.22,0.20800000000000002,0.137,0.5084080717488789,86.7,1.784,0.907,0.5964125560538116,1.064
24.848979591836738,0.924,0.10200000000000001,0.28400000000000003,0.085,0.201,0.194,0.133,0.5137142857142857,76.10000000000001,1.75,0.899,0.62,1.085
24.922520661157026,0.9204545454545454,0.105,0.274,0.08700000000000001,0.21,0.2,0.14,0.5034090909090909,77.2,1.76,0.886,0.6073863636363637,1.069
29.36862145376237,0.9217877094972067,0.106,0.27,0.08700000000000001,0.213,0.19,0.14,0.5150837988826815,94.10000000000001,1.79,0.922,0.6122905027932961,1.096
23.90405156792684,0.9320162696106915,0.09,0.26,0.084,0.20700000000000002,0.186,0.117,0.5246949447995352,70.8,1.721,0.903,0.620569436374201,1.068
27.834802560077286,0.9208791208791208,0.108,0.289,0.095,0.225,0.20500000000000002,0.14400000000000002,0.4950549450549451,92.2,1.82,0.901,0.6010989010989011,1.094
33.49140911742498,0.9253731343283582,0.11,0.295,0.09,0.215,0.2,0.135,0.5113322277501382,109.60000000000001,1.809,0.925,0.593698175787728,1.074
21.837194561230934,0.9193825042881647,0.10400000000000001,0.273,0.089,0.20800000000000002,0.197,0.14100000000000001,0.49914236706689535,66.8,1.749,0.873,0.5974842767295597,1.045
35.16724848323307,0.9226425748164878,0.106,0.277,0.08700000000000001,0.214,0.198,0.137,0.5375494071146245,110.30000000000001,1.7710000000000001,0.9520000000000001,0.6086956521739131,1.078
30.784024841369607,0.9250146455770357,0.10400000000000001,0.281,0.09,0.221,0.20800000000000002,0.128,0.5161101347393088,89.7,1.707,0.881,0.5987111892208553,1.022
24.896574687443454,0.9180024660912454,0.097,0.253,0.084,0.197,0.17500000000000002,0.133,0.49876695437731194,65.5,1.622,0.809,0.5955610357583231,0.966
21.44464762018874,0.9212368728121354,0.098,0.263,0.085,0.20800000000000002,0.19,0.135,0.514585764294049,63.0,1.714,0.882,0.6009334889148191,1.03
25.46194414839882,0.9275445658424382,0.107,0.267,0.08700000000000001,0.20700000000000002,0.195,0.126,0.4974123059229442,77.0,1.739,0.865,0.6020701552616446,1.047
29.254256402021777,0.9245701608430393,0.101,0.272,0.08600000000000001,0.212,0.19,0.136,0.4930671103716029,95.10000000000001,1.803,0.889,0.6012201885745979,1.084
21.457633044261613,0.928928373126041,0.10400000000000001,0.271,0.08700000000000001,0.203,0.197,0.128,0.5308162132148806,69.60000000000001,1.801,0.9560000000000001,0.5991116046640755,1.079
28.191132885091328,0.9239189928845101,0.107,0.28600000000000003,0.094,0.227,0.195,0.139,0.5019157088122606,94.10000000000001,1.827,0.917,0.5900383141762452,1.078
21.028571428571432,0.9297142857142857,0.096,0.274,0.083,0.198,0.196,0.123,0.5348571428571428,64.4,1.75,0.936,0.6137142857142858,1.074
29.761764719721814,0.9240780911062907,0.111,0.3,0.096,0.229,0.21,0.14,0.5216919739696312,101.2,1.844,0.962,0.6062906724511931,1.118
22.449053853079306,0.9274106175514626,0.108,0.28500000000000003,0.09,0.221,0.197,0.134,0.5308775731310943,76.5,1.846,0.98,0.609967497291441,1.1260000000000001
26.21231216449113,0.9255663430420712,0.117,0.293,0.093,0.217,0.202,0.138,0.5253505933117584,90.10000000000001,1.854,0.974,0.6235167206040992,1.156
26.624523479331593,0.9214463840399002,0.098,0.255,0.084,0.20400000000000001,0.183,0.126,0.4937655860349127,68.5,1.604,0.792,0.6066084788029925,0.973
21.32841222093424,0.9235328986366331,0.093,0.251,0.083,0.2,0.179,0.129,0.5044457617071725,60.7,1.687,0.851,0.6081802015411973,1.026
25.506116562952695,0.9180229053646776,0.097,0.254,0.084,0.203,0.188,0.136,0.5147679324894515,70.2,1.659,0.854,0.5858951175406871,0.972
19.74319904861008,0.9222350230414746,0.097,0.271,0.08600000000000001,0.20500000000000002,0.198,0.135,0.5397465437788018,59.5,1.736,0.937,0.6013824884792627,1.044
24.025608231275616,0.9252772913018097,0.101,0.262,0.089,0.213,0.183,0.128,0.4979568009340339,70.5,1.713,0.853,0.6088733216579101,1.043
24.88402770610267,0.920332936979786,0.10400000000000001,0.267,0.085,0.20600000000000002,0.186,0.134,0.5053507728894173,70.4,1.682,0.85,0.6064209274673008,1.02
29.905256534582886,0.91844997108155,0.105,0.272,0.088,0.217,0.195,0.14100000000000001,0.5240023134759977,89.4,1.729,0.906,0.6084441873915558,1.052
29.106769713320038,0.9199759326113117,0.10400000000000001,0.258,0.08700000000000001,0.217,0.184,0.133,0.48736462093862815,80.4,1.6620000000000001,0.81,0.5938628158844765,0.987
29.627197510802386,0.9207248018120046,0.1,0.274,0.088,0.216,0.196,0.14,0.5022650056625142,92.4,1.766,0.887,0.6019252548131371,1.063
34.16159482252738,0.925531914893617,0.105,0.276,0.085,0.203,0.192,0.126,0.5325059101654847,97.80000000000001,1.692,0.901,0.6063829787234043,1.026
27.05908055304142,0.9223463687150838,0.106,0.264,0.088,0.21,0.194,0.139,0.5206703910614525,86.7,1.79,0.932,0.6033519553072626,1.08
25.656780474627265,0.9275028768699655,0.10300000000000001,0.264,0.093,0.216,0.197,0.126,0.5414269275028769,77.5,1.738,0.9410000000000001,0.6231300345224395,1.083
29.613420178584505,0.9176029962546817,0.095,0.257,0.082,0.198,0.176,0.132,0.517478152309613,76.0,1.602,0.8290000000000001,0.599250936329588,0.96
24.956230497400743,0.9298531810766721,0.099,0.28700000000000003,0.089,0.20800000000000002,0.202,0.129,0.5350734094616639,84.4,1.839,0.984,0.6204458945078847,1.141
27.093905238445007,0.9258639910813824,0.105,0.276,0.091,0.221,0.196,0.133,0.5217391304347826,87.2,1.794,0.936,0.6137123745819398,1.101
31.23691287002138,0.9213615023474179,0.106,0.259,0.084,0.20700000000000002,0.183,0.134,0.5,90.7,1.704,0.852,0.5751173708920188,0.98
24.91168543121746,0.9295392953929539,0.10300000000000001,0.271,0.08700000000000001,0.212,0.194,0.13,0.5317073170731708,84.80000000000001,1.845,0.981,0.6151761517615176,1.135
31.528861463980835,0.9292873051224945,0.10300000000000001,0.28500000000000003,0.09,0.219,0.20800000000000002,0.127,0.5473273942093542,101.7,1.796,0.983,0.6069042316258352,1.09
30.822427126710288,0.9195121951219513,0.098,0.241,0.09,0.212,0.164,0.132,0.49817073170731707,82.9,1.6400000000000001,0.8170000000000001,0.599390243902439,0.983
27.491372945347152,0.9256292906178489,0.094,0.281,0.088,0.20500000000000002,0.198,0.13,0.549771167048055,84.0,1.748,0.961,0.5921052631578947,1.035
29.569883336459235,0.924958310172318,0.107,0.277,0.093,0.225,0.20500000000000002,0.135,0.5136186770428015,95.7,1.799,0.924,0.6025569760978321,1.084
31.04949882759154,0.9309644670050762,0.114,0.294,0.10200000000000001,0.242,0.215,0.136,0.5223350253807106,120.5,1.97,1.029,0.6030456852791878,1.188
26.4917375289552,0.9237041351193943,0.10200000000000001,0.253,0.08700000000000001,0.20500000000000002,0.193,0.131,0.5474665113570181,78.10000000000001,1.717,0.9400000000000001,0.6115317414094351,1.05
22.18897156026667,0.9216263995285798,0.1,0.271,0.088,0.21,0.177,0.133,0.5250441956393636,63.900000000000006,1.697,0.891,0.6128461991750147,1.04
33.232069452304394,0.9208229426433915,0.101,0.262,0.08600000000000001,0.20700000000000002,0.177,0.127,0.48192019950124687,85.5,1.604,0.773,0.5760598503740648,0.924
37.76777088287752,0.9310344827586207,0.107,0.297,0.093,0.224,0.218,0.128,0.5501077586206896,130.1,1.856,1.0210000000000001,0.6061422413793104,1.125
26.894553698752485,0.9174425822470516,0.098,0.254,0.08,0.193,0.17500000000000002,0.133,0.515828677839851,69.8,1.611,0.8310000000000001,0.5977653631284916,0.963
33.26036393946211,0.9253039953676896,0.107,0.264,0.09,0.22,0.2,0.129,0.5437174290677476,99.2,1.727,0.9390000000000001,0.6230457440648524,1.076
37.843471364883406,0.9195601851851852,0.101,0.277,0.093,0.222,0.191,0.139,0.5138888888888888,113.0,1.728,0.888,0.5804398148148148,1.0030000000000001
26.149276859504134,0.9227272727272727,0.10400000000000001,0.279,0.08700000000000001,0.20700000000000002,0.192,0.136,0.5238636363636363,81.0,1.76,0.922,0.5977272727272728,1.052
21.058957469242504,0.921733895243829,0.091,0.256,0.082,0.197,0.183,0.13,0.5316074653822999,58.1,1.661,0.883,0.600842865743528,0.998
31.87914333321444,0.922686230248307,0.106,0.271,0.088,0.214,0.194,0.137,0.5124153498871332,100.10000000000001,1.772,0.908,0.595372460496614,1.055
25.018454971414098,0.9173989455184535,0.097,0.264,0.084,0.20400000000000001,0.178,0.14100000000000001,0.5026362038664324,72.9,1.707,0.858,0.5899238429994141,1.0070000000000001
27.274955358705935,0.9248520710059172,0.098,0.264,0.084,0.2,0.18,0.127,0.5106508875739645,77.9,1.69,0.863,0.6313609467455621,1.067
26.521116810599327,0.9218297625940938,0.106,0.265,0.092,0.218,0.19,0.135,0.5107122177185871,79.10000000000001,1.727,0.882,0.5888824551244933,1.0170000000000001
33.072803015274744,0.9261971830985916,0.105,0.277,0.08600000000000001,0.20700000000000002,0.178,0.131,0.49577464788732395,104.2,1.7750000000000001,0.88,0.5723943661971831,1.016
30.505056867866745,0.9196906603212374,0.099,0.254,0.084,0.20800000000000002,0.17200000000000001,0.135,0.48720999405116,86.2,1.681,0.8190000000000001,0.5817965496728138,0.978
30.708939184314858,0.9231644849174729,0.101,0.264,0.088,0.20800000000000002,0.187,0.135,0.5258964143426295,94.80000000000001,1.7570000000000001,0.924,0.601593625498008,1.057
28.081063066014035,0.9199542595769011,0.10400000000000001,0.271,0.081,0.20400000000000001,0.194,0.14,0.5020011435105775,85.9,1.749,0.878,0.614065180102916,1.074
29.19810863880108,0.9216617210682493,0.097,0.248,0.08600000000000001,0.20500000000000002,0.179,0.132,0.49970326409495547,82.9,1.685,0.842,0.5875370919881305,0.99
29.271483249982506,0.9234338747099768,0.10200000000000001,0.268,0.08600000000000001,0.20600000000000002,0.195,0.132,0.4994199535962877,87.0,1.724,0.861,0.5835266821345708,1.006
21.245901947227996,0.9230769230769231,0.101,0.257,0.083,0.203,0.187,0.14200000000000002,0.5113759479956663,72.4,1.846,0.9440000000000001,0.5969664138678223,1.102
32.24426591638074,0.928164196123147,0.10400000000000001,0.273,0.08600000000000001,0.20400000000000001,0.202,0.126,0.5096921322690992,99.2,1.754,0.894,0.6174458380843786,1.083
24.74125441698955,0.9200226885989791,0.101,0.277,0.084,0.201,0.188,0.14100000000000001,0.5416903006239365,76.9,1.7630000000000001,0.9550000000000001,0.6176971072036301,1.089
37.74666264455005,0.9242849130678632,0.114,0.29,0.093,0.225,0.197,0.135,0.5260796410544027,120.0,1.7830000000000001,0.9380000000000001,0.5978687605159843,1.066
26.120666942677556,0.9214723926380368,0.1,0.257,0.084,0.203,0.179,0.128,0.507361963190184,69.4,1.6300000000000001,0.8270000000000001,0.592638036809816,0.966
31.15377699471292,0.9214876033057852,0.109,0.267,0.093,0.22,0.19,0.133,0.5194805194805194,89.4,1.694,0.88,0.6103896103896104,1.034
29.48571428571429,0.9257142857142857,0.101,0.267,0.08600000000000001,0.20500000000000002,0.198,0.13,0.5102857142857142,90.30000000000001,1.75,0.893,0.6108571428571429,1.069
23.343145269875375,0.9266001174398121,0.10300000000000001,0.259,0.08700000000000001,0.20700000000000002,0.188,0.125,0.5085143863769818,67.7,1.703,0.866,0.5960070463887258,1.0150000000000001
27.702619383430555,0.9216832261835184,0.099,0.261,0.091,0.224,0.191,0.134,0.5154880187025132,81.10000000000001,1.711,0.882,0.6014026884862653,1.029
24.475738140155944,0.9236031927023945,0.1,0.274,0.092,0.218,0.191,0.134,0.4942987457240593,75.3,1.754,0.867,0.5986316989737742,1.05
25.751436701990688,0.9292324442025041,0.10300000000000001,0.28600000000000003,0.085,0.212,0.20600000000000002,0.13,0.528034839412085,86.9,1.837,0.97,0.61295590636908,1.1260000000000001
29.17777916102064,0.9294310722100656,0.107,0.28700000000000003,0.094,0.222,0.201,0.129,0.5339168490153173,97.5,1.828,0.976,0.6154266958424508,1.125
27.442759942846912,0.9313280363223609,0.10200000000000001,0.28700000000000003,0.084,0.211,0.20500000000000002,0.121,0.5028376844494892,85.2,1.762,0.886,0.6101021566401816,1.075
29.352462024566876,0.9183796856106409,0.097,0.256,0.084,0.20800000000000002,0.187,0.135,0.5030229746070133,80.30000000000001,1.6540000000000001,0.8320000000000001,0.6269649334945586,1.037
24.15255644652369,0.922771152754117,0.1,0.261,0.09,0.213,0.181,0.136,0.5059625212947189,74.9,1.7610000000000001,0.891,0.6042021578648495,1.064
27.379664683612766,0.925,0.10200000000000001,0.27,0.091,0.216,0.196,0.129,0.5069767441860465,81.0,1.72,0.872,0.5953488372093023,1.024
23.067981939361037,0.9263097294185377,0.10300000000000001,0.274,0.085,0.20600000000000002,0.2,0.128,0.5302245250431779,69.60000000000001,1.737,0.921,0.6211859527921704,1.079
23.712178339146007,0.9253640776699029,0.091,0.255,0.088,0.20700000000000002,0.186,0.123,0.5115291262135923,64.4,1.6480000000000001,0.843,0.5934466019417476,0.978
24.28176614217832,0.9270534175761057,0.10200000000000001,0.277,0.08600000000000001,0.20700000000000002,0.20600000000000002,0.127,0.5117748420448018,73.60000000000001,1.741,0.891,0.5990809879379667,1.043
26.019157941635108,0.924179104477612,0.10200000000000001,0.266,0.08600000000000001,0.211,0.186,0.127,0.5355223880597015,73.0,1.675,0.897,0.5976119402985075,1.0010000000000001
26.870632869536465,0.9174041297935103,0.095,0.257,0.089,0.213,0.183,0.14,0.504424778761062,77.2,1.695,0.855,0.6159292035398231,1.044
27.643452960269865,0.9215575620767494,0.1,0.281,0.088,0.212,0.192,0.139,0.5,86.80000000000001,1.772,0.886,0.6117381489841986,1.084
33.256782663484934,0.9227246708643388,0.10300000000000001,0.274,0.096,0.234,0.19,0.135,0.5163136805953062,101.5,1.747,0.902,0.6010303377218088,1.05
28.080249290991215,0.921301775147929,0.098,0.261,0.091,0.217,0.188,0.133,0.5189349112426036,80.2,1.69,0.877,0.6094674556213018,1.03
26.393050332803796,0.9243273542600897,0.107,0.28700000000000003,0.08600000000000001,0.217,0.202,0.135,0.5364349775784754,84.0,1.784,0.9570000000000001,0.617152466367713,1.101
24.28288020836938,0.9286889742183214,0.105,0.274,0.084,0.20700000000000002,0.195,0.13,0.5106966538672518,80.7,1.823,0.931,0.6176631925397696,1.1260000000000001
36.52833711582947,0.9261300992282249,0.113,0.292,0.085,0.211,0.202,0.134,0.5490628445424476,120.2,1.814,0.996,0.6245865490628445,1.133
26.014561123266564,0.9297971918876755,0.108,0.28500000000000003,0.09,0.221,0.212,0.135,0.5345813832553302,96.2,1.923,1.028,0.62402496099844,1.2
20.817909807945547,0.9328523862375139,0.099,0.273,0.084,0.20400000000000001,0.19,0.121,0.5283018867924528,67.60000000000001,1.802,0.9520000000000001,0.6059933407325194,1.092
29.402920244578837,0.9202312138728324,0.1,0.266,0.088,0.211,0.184,0.138,0.49653179190751445,88.0,1.73,0.859,0.6046242774566474,1.046
26.74906105336711,0.9223130841121495,0.10200000000000001,0.266,0.08700000000000001,0.202,0.19,0.133,0.5344626168224299,78.4,1.712,0.915,0.580607476635514,0.994
20.667926906112157,0.9223188405797101,0.096,0.266,0.082,0.196,0.195,0.134,0.5194202898550725,61.5,1.725,0.896,0.6133333333333333,1.058
26.020761245674745,0.9252941176470588,0.10400000000000001,0.259,0.088,0.218,0.18,0.127,0.4976470588235294,75.2,1.7,0.846,0.5923529411764706,1.0070000000000001
20.970985349037633,0.919774011299435,0.10200000000000001,0.281,0.088,0.20800000000000002,0.199,0.14200000000000002,0.5146892655367231,65.7,1.77,0.911,0.5971751412429378,1.057
19.02278880184438,0.9268035808320169,0.099,0.301,0.08600000000000001,0.211,0.209,0.139,0.559768299104792,68.60000000000001,1.899,1.063,0.630858346498157,1.198
25.971101519984988,0.9304109589041096,0.105,0.279,0.09,0.217,0.212,0.127,0.5156164383561643,86.5,1.825,0.9410000000000001,0.6142465753424657,1.121
23.571484317853567,0.9235525576166386,0.1,0.277,0.092,0.218,0.198,0.136,0.5075885328836425,74.60000000000001,1.7790000000000001,0.903,0.6003372681281619,1.068
25.019369834710744,0.91875,0.094,0.268,0.085,0.21,0.197,0.14300000000000002,0.5261363636363636,77.5,1.76,0.926,0.6147727272727272,1.082
22.074811536296508,0.9213732004429679,0.10200000000000001,0.27,0.085,0.20500000000000002,0.197,0.14200000000000002,0.49612403100775193,72.0,1.806,0.896,0.5980066445182725,1.08
21.318657050987845,0.9307958477508651,0.097,0.278,0.088,0.20600000000000002,0.195,0.12,0.5115340253748558,64.10000000000001,1.734,0.887,0.583044982698962,1.0110000000000001
25.61630486931882,0.9288472145615003,0.10400000000000001,0.281,0.08600000000000001,0.203,0.201,0.129,0.5135135135135135,84.2,1.813,0.931,0.6116933259790402,1.109
22.056197264850997,0.9215578716401536,0.096,0.268,0.08700000000000001,0.203,0.192,0.14300000000000002,0.5183763027975864,73.3,1.823,0.9450000000000001,0.5968184311574328,1.088
30.551944063389364,0.9225113122171946,0.099,0.274,0.088,0.212,0.19,0.137,0.5062217194570136,95.5,1.768,0.895,0.5916289592760181,1.046
40.21667517298284,0.9241815048822516,0.112,0.274,0.093,0.224,0.186,0.132,0.5198161975875933,121.9,1.741,0.905,0.591614014933946,1.03
26.026174895895302,0.9240576496674058,0.099,0.277,0.085,0.203,0.197,0.137,0.5033259423503326,84.7,1.804,0.908,0.6114190687361419,1.103
26.725837352400156,0.9240851993446204,0.106,0.269,0.092,0.22,0.196,0.139,0.4844347351174222,89.60000000000001,1.831,0.887,0.6078645548880394,1.113
34.997994717660184,0.9274326553051127,0.109,0.28300000000000003,0.096,0.234,0.194,0.132,0.49697636063771305,115.80000000000001,1.819,0.904,0.5926333150082463,1.078
28.338813162568556,0.9309948246118459,0.10300000000000001,0.272,0.089,0.21,0.202,0.12,0.5273145485911443,85.7,1.739,0.917,0.6239217941345601,1.085
22.821001841980866,0.921911421911422,0.10300000000000001,0.254,0.08600000000000001,0.20500000000000002,0.185,0.134,0.5023310023310024,67.2,1.716,0.862,0.5944055944055944,1.02
32.25112102440828,0.9236778846153846,0.10400000000000001,0.274,0.088,0.215,0.189,0.127,0.5138221153846154,89.30000000000001,1.6640000000000001,0.855,0.6231971153846154,1.037
34.86451727096118,0.9217443249701314,0.10300000000000001,0.28400000000000003,0.08700000000000001,0.218,0.196,0.131,0.5221027479091995,97.7,1.674,0.874,0.5937873357228196,0.994
26.446438401515486,0.921724333522405,0.107,0.276,0.088,0.216,0.201,0.138,0.5241066364152014,82.2,1.7630000000000001,0.924,0.629608621667612,1.11
26.764515154358694,0.9193639977285634,0.097,0.264,0.08600000000000001,0.203,0.194,0.14200000000000002,0.5252697331061896,83.0,1.7610000000000001,0.925,0.60931289040318,1.073
28.343108824817733,0.9251856082238721,0.109,0.28700000000000003,0.092,0.218,0.193,0.131,0.48201027984009137,86.9,1.7510000000000001,0.844,0.6013706453455169,1.053
25.160197626731254,0.9228998849252014,0.097,0.267,0.09,0.214,0.187,0.134,0.5247410817031071,76.0,1.738,0.912,0.616800920598389,1.072
30.90158558697581,0.9167701863354037,0.094,0.252,0.084,0.20700000000000002,0.171,0.134,0.4857142857142857,80.10000000000001,1.61,0.782,0.5826086956521739,0.9380000000000001
22.067143688492642,0.9264289756649688,0.10200000000000001,0.269,0.08700000000000001,0.20700000000000002,0.194,0.13,0.490096208262592,68.9,1.7670000000000001,0.866,0.597623089983022,1.056
25.558978538180884,0.913280776228017,0.096,0.252,0.084,0.203,0.176,0.14300000000000002,0.5057610673135233,69.5,1.649,0.834,0.6106731352334749,1.0070000000000001
28.77776164900566,0.9192771084337349,0.097,0.266,0.084,0.20400000000000001,0.179,0.134,0.4867469879518072,79.30000000000001,1.6600000000000001,0.808,0.572289156626506,0.9500000000000001
28.63918630136434,0.9264626945786366,0.108,0.291,0.093,0.223,0.20700000000000002,0.137,0.5319377348362856,99.4,1.863,0.991,0.6172839506172839,1.1500000000000001
30.49824801778936,0.9247630331753555,0.097,0.254,0.085,0.202,0.17400000000000002,0.127,0.4946682464454976,86.9,1.688,0.835,0.6024881516587678,1.0170000000000001
23.272460161792687,0.92315959161741,0.10200000000000001,0.296,0.09,0.217,0.216,0.14300000000000002,0.5292853304674906,80.60000000000001,1.861,0.985,0.6050510478237506,1.1260000000000001
33.13589582020584,0.9252173913043479,0.105,0.279,0.089,0.217,0.201,0.129,0.5478260869565217,98.60000000000001,1.725,0.9450000000000001,0.6185507246376811,1.067
29.964056939993185,0.918918918918919,0.096,0.256,0.08700000000000001,0.20800000000000002,0.183,0.138,0.5070505287896592,86.80000000000001,1.702,0.863,0.5957696827262045,1.014
25.693479157051307,0.926786751888437,0.098,0.25,0.084,0.20700000000000002,0.187,0.126,0.5659500290528763,76.10000000000001,1.721,0.974,0.6484601975595584,1.116
20.94006626846563,0.9320021586616298,0.099,0.28400000000000003,0.08700000000000001,0.213,0.20400000000000001,0.126,0.5472207231516459,71.9,1.853,1.014,0.6227738801942796,1.154
26.638779614115105,0.923728813559322,0.095,0.265,0.08600000000000001,0.20700000000000002,0.187,0.126,0.5296610169491526,72.7,1.6520000000000001,0.875,0.6041162227602905,0.998
37.89775037156273,0.9233716475095786,0.112,0.281,0.096,0.233,0.2,0.14,0.5238095238095238,126.5,1.827,0.9570000000000001,0.6026272577996716,1.101
28.00716682171042,0.9210064365125804,0.096,0.25,0.082,0.198,0.185,0.135,0.5143358689291984,81.80000000000001,1.709,0.879,0.564072557050907,0.964
29.33751859579571,0.9229878401852925,0.10300000000000001,0.265,0.08700000000000001,0.20800000000000002,0.19,0.133,0.5014475969889982,87.5,1.727,0.866,0.57498552403011,0.993
27.043990545069775,0.9169087739686229,0.099,0.257,0.088,0.212,0.189,0.14300000000000002,0.49564206856478793,80.10000000000001,1.721,0.853,0.5874491574665892,1.0110000000000001
33.42372322418985,0.9258046917621385,0.117,0.3,0.091,0.212,0.21,0.136,0.5368248772504092,112.30000000000001,1.833,0.984,0.6197490452809602,1.1360000000000001
22.728726225752364,0.9305711086226204,0.098,0.269,0.09,0.214,0.195,0.124,0.5050391937290034,72.5,1.786,0.902,0.5901455767077267,1.054
28.849865671302872,0.9145820622330689,0.10400000000000001,0.28600000000000003,0.08600000000000001,0.217,0.196,0.14,0.4917632702867602,77.5,1.639,0.806,0.5735204392922514,0.9400000000000001
22.329558340966397,0.9224393132030787,0.1,0.259,0.083,0.198,0.186,0.131,0.4991119005328597,63.7,1.689,0.843,0.5790408525754884,0.978
27.683883180097354,0.9209302325581395,0.10400000000000001,0.264,0.095,0.23500000000000001,0.20800000000000002,0.136,0.522093023255814,81.9,1.72,0.898,0.5976744186046512,1.028
33.03978048278523,0.9263278126784694,0.106,0.28700000000000003,0.094,0.228,0.203,0.129,0.5379782981153627,101.30000000000001,1.7510000000000001,0.9420000000000001,0.6019417475728155,1.054
34.949707296201396,0.9228413962033069,0.10300000000000001,0.275,0.085,0.199,0.198,0.126,0.5211267605633803,93.2,1.633,0.851,0.5670545009185548,0.926
33.59137081254223,0.9247184350918791,0.105,0.276,0.093,0.226,0.188,0.127,0.5323058684054535,95.60000000000001,1.687,0.898,0.6046235921754594,1.02
32.687903898775446,0.9300660792951542,0.108,0.278,0.09,0.216,0.217,0.127,0.5275330396475771,107.80000000000001,1.816,0.9580000000000001,0.6095814977973568,1.107
25.96802955541783,0.9240292628024761,0.10300000000000001,0.27,0.08700000000000001,0.216,0.187,0.135,0.5188519977490152,82.0,1.7770000000000001,0.922,0.5987619583567811,1.064
25.235489903323895,0.9242761692650334,0.10200000000000001,0.269,0.085,0.203,0.191,0.136,0.5066815144766147,81.4,1.796,0.91,0.6096881959910914,1.095
31.466292943925854,0.9240924092409241,0.12,0.303,0.1,0.23700000000000002,0.209,0.138,0.5132013201320133,104.0,1.818,0.933,0.599009900990099,1.089
29.081228547389433,0.923033389926429,0.10400000000000001,0.268,0.08600000000000001,0.202,0.19,0.136,0.5121675155631012,90.80000000000001,1.7670000000000001,0.905,0.6089417091114884,1.076
33.27875426170886,0.9191132414619533,0.10300000000000001,0.264,0.089,0.211,0.186,0.135,0.5050928699820252,92.7,1.669,0.843,0.6087477531455961,1.016
27.1670450773139,0.92599171107164,0.101,0.259,0.08600000000000001,0.20700000000000002,0.18,0.125,0.5097690941385435,77.5,1.689,0.861,0.5902901124925992,0.997
26.036261969779535,0.9235259778166959,0.097,0.253,0.085,0.20500000000000002,0.18,0.131,0.5359019264448336,76.4,1.713,0.918,0.6275539988324577,1.075
22.131419648602236,0.9286917462099944,0.097,0.272,0.081,0.202,0.20400000000000001,0.127,0.49971925884334645,70.2,1.7810000000000001,0.89,0.6142616507580011,1.094
28.344082897037687,0.9316628701594533,0.10300000000000001,0.268,0.08700000000000001,0.212,0.192,0.12,0.5113895216400911,87.4,1.756,0.898,0.6007972665148064,1.055
25.943197600807345,0.9247311827956989,0.10200000000000001,0.268,0.082,0.198,0.187,0.126,0.5053763440860215,72.7,1.674,0.846,0.5878136200716846,0.984
26.38067499008412,0.9209245742092458,0.101,0.253,0.085,0.201,0.188,0.13,0.4957420924574209,71.3,1.6440000000000001,0.8150000000000001,0.5954987834549879,0.979
21.1352406753331,0.9287268770402611,0.099,0.289,0.088,0.211,0.211,0.131,0.558215451577802,71.4,1.838,1.026,0.6381936887921654,1.173
24.972621682428827,0.9267166762839008,0.099,0.269,0.08700000000000001,0.203,0.193,0.127,0.5118291979226774,75.0,1.733,0.887,0.5966532025389498,1.034
28.735622014742226,0.9232599643069601,0.109,0.269,0.09,0.216,0.195,0.129,0.5300416418798334,81.2,1.681,0.891,0.5972635336109459,1.004
32.68958375363876,0.9269632070291048,0.10400000000000001,0.276,0.088,0.215,0.19,0.133,0.5118066996155958,108.4,1.821,0.932,0.5919824272377814,1.078
31.9319076775961,0.9264448336252189,0.10200000000000001,0.279,0.089,0.217,0.196,0.126,0.5288966725043783,93.7,1.713,0.906,0.626970227670753,1.074
28.75724613723027,0.9237089201877934,0.10200000000000001,0.272,0.08700000000000001,0.212,0.193,0.13,0.5181924882629108,83.5,1.704,0.883,0.5768779342723005,0.983
37.567968363816114,0.9226890756302522,0.099,0.28200000000000003,0.08700000000000001,0.21,0.188,0.138,0.5411764705882353,119.7,1.7850000000000001,0.966,0.6050420168067226,1.08
31.23008265707037,0.9263803680981595,0.10300000000000001,0.279,0.085,0.20700000000000002,0.201,0.132,0.5119910764082544,100.4,1.793,0.918,0.6107083100948132,1.095
30.70005035669583,0.930116472545757,0.10400000000000001,0.28,0.09,0.227,0.2,0.126,0.5158069883527454,99.80000000000001,1.803,0.93,0.5768164170826401,1.04
31.22033186305398,0.9234782608695652,0.101,0.277,0.08600000000000001,0.217,0.19,0.132,0.5142028985507247,92.9,1.725,0.887,0.5971014492753624,1.03
32.8582813677692,0.924969987995198,0.101,0.269,0.08,0.197,0.187,0.125,0.5198079231692677,91.2,1.666,0.866,0.6032412965186075,1.0050000000000001
27.61800989399393,0.9235328986366331,0.106,0.258,0.094,0.221,0.197,0.129,0.5489033787788975,78.60000000000001,1.687,0.926,0.6360403082394783,1.073
24.953420282140005,0.9179864253393665,0.10400000000000001,0.272,0.09,0.217,0.191,0.145,0.5101809954751131,78.0,1.768,0.902,0.620475113122172,1.097
25.07681903387299,0.9157441574415744,0.105,0.243,0.084,0.20800000000000002,0.184,0.137,0.5178351783517835,66.3,1.6260000000000001,0.842,0.5885608856088561,0.9570000000000001
22.638667125552217,0.9251781472684085,0.098,0.258,0.074,0.18,0.17400000000000002,0.126,0.5338479809976246,64.2,1.684,0.899,0.6193586698337292,1.043
29.778202942530026,0.9223300970873787,0.112,0.28700000000000003,0.089,0.224,0.19,0.136,0.5111364934323244,91.30000000000001,1.7510000000000001,0.895,0.5910908052541405,1.035
25.01527739551894,0.9314254859611231,0.106,0.28,0.096,0.224,0.195,0.127,0.5188984881209503,85.80000000000001,1.852,0.961,0.6166306695464363,1.1420000000000001
24.531959038074206,0.9261083743842364,0.095,0.233,0.085,0.197,0.171,0.12,0.49137931034482757,64.7,1.624,0.798,0.5929802955665024,0.963
26.172816717187725,0.9291932675565874,0.098,0.266,0.085,0.209,0.187,0.122,0.506094022054556,77.7,1.723,0.872,0.6006964596633778,1.035
36.37373536996627,0.9301408450704225,0.107,0.28400000000000003,0.09,0.225,0.19,0.124,0.5132394366197183,114.60000000000001,1.7750000000000001,0.911,0.5977464788732394,1.061
18.569396127008385,0.9271300448430493,0.098,0.268,0.085,0.20700000000000002,0.191,0.13,0.5140134529147982,59.1,1.784,0.917,0.6070627802690582,1.083
19.983752340488383,0.9199759326113117,0.095,0.252,0.081,0.201,0.181,0.133,0.5174488567990373,55.2,1.6620000000000001,0.86,0.6004813477737665,0.998
29.035916210061657,0.9313554392088423,0.10300000000000001,0.267,0.088,0.222,0.187,0.11800000000000001,0.5410122164048866,85.80000000000001,1.719,0.93,0.6172193135543921,1.061
34.735348854736344,0.9283351708930541,0.108,0.28500000000000003,0.095,0.229,0.20700000000000002,0.13,0.5562293274531422,114.30000000000001,1.814,1.0090000000000001,0.619625137816979,1.124
30.597800988836916,0.9307405434203516,0.112,0.302,0.085,0.215,0.211,0.13,0.5306339904102291,107.80000000000001,1.877,0.996,0.6169419286094833,1.158
29.68076887464505,0.9213551119177253,0.098,0.257,0.085,0.20500000000000002,0.195,0.13,0.5027223230490018,81.10000000000001,1.653,0.8310000000000001,0.5946763460375075,0.983
27.113272254505837,0.9265793966989186,0.097,0.272,0.089,0.219,0.181,0.129,0.5230506545247581,83.7,1.7570000000000001,0.919,0.6010244735344337,1.056
29.74734408393766,0.9231664726426076,0.098,0.26,0.084,0.21,0.192,0.132,0.5279394644935972,87.80000000000001,1.718,0.907,0.6006984866123399,1.032
21.57405737284569,0.9272529858849077,0.098,0.28300000000000003,0.09,0.22,0.20500000000000002,0.134,0.5548317046688382,73.2,1.842,1.022,0.6226927252985885,1.147
21.090426934203922,0.9318303811057435,0.099,0.28300000000000003,0.08700000000000001,0.216,0.20700000000000002,0.127,0.5448201825013419,73.2,1.863,1.0150000000000001,0.6264090177133655,1.167
22.58641048382006,0.9313326551373347,0.113,0.311,0.097,0.23700000000000002,0.217,0.135,0.539674465920651,87.30000000000001,1.966,1.061,0.6317395727365208,1.242
38.59180963296712,0.925531914893617,0.10200000000000001,0.28400000000000003,0.096,0.233,0.196,0.133,0.513437849944009,123.10000000000001,1.786,0.917,0.5761478163493841,1.029
24.012162423174225,0.9182948490230906,0.095,0.275,0.081,0.201,0.189,0.138,0.5032563647128478,68.5,1.689,0.85,0.5944345766725874,1.004
31.695501730103814,0.9264705882352942,0.096,0.267,0.085,0.21,0.19,0.125,0.5141176470588236,91.60000000000001,1.7,0.874,0.5764705882352941,0.98
26.262153763907918,0.9248554913294798,0.097,0.26,0.089,0.218,0.177,0.13,0.5138728323699422,78.60000000000001,1.73,0.889,0.584393063583815,1.0110000000000001
24.685044992671724,0.9247613700168444,0.094,0.267,0.077,0.195,0.171,0.134,0.5339696799550814,78.30000000000001,1.7810000000000001,0.9510000000000001,0.6131386861313869,1.092
25.436765858994054,0.9210686095931998,0.092,0.247,0.079,0.195,0.195,0.13,0.5282331511839709,69.0,1.647,0.87,0.6150576806314512,1.0130000000000001
21.95474201617368,0.9210836277974087,0.095,0.275,0.088,0.222,0.194,0.134,0.5153121319199058,63.300000000000004,1.698,0.875,0.6018845700824499,1.022
28.650822045804784,0.9156193895870736,0.094,0.261,0.083,0.209,0.19,0.14100000000000001,0.4967085577498504,80.0,1.671,0.8300000000000001,0.6080191502094554,1.016
22.81210863071308,0.9299116997792495,0.099,0.28200000000000003,0.096,0.233,0.2,0.127,0.49944812362030905,74.9,1.812,0.905,0.6020971302428256,1.091
24.51359552567383,0.9212827988338192,0.091,0.243,0.084,0.20700000000000002,0.184,0.135,0.49970845481049564,72.10000000000001,1.715,0.857,0.5930029154518951,1.0170000000000001
25.878577713368873,0.9203099059214167,0.101,0.276,0.085,0.209,0.197,0.14400000000000002,0.5113447703375761,84.5,1.807,0.924,0.5965688987271721,1.078
24.84041912561725,0.9267734553775744,0.101,0.244,0.08700000000000001,0.215,0.187,0.128,0.5068649885583524,75.9,1.748,0.886,0.6058352402745996,1.059
23.74283253543967,0.9303621169916435,0.099,0.273,0.08600000000000001,0.213,0.187,0.125,0.4963788300835655,76.5,1.795,0.891,0.5949860724233983,1.068
41.34284944183644,0.9229857819905213,0.099,0.263,0.091,0.23,0.194,0.13,0.5325829383886256,117.80000000000001,1.688,0.899,0.6007109004739336,1.014
24.292209386626073,0.9250269687162891,0.105,0.28,0.09,0.22,0.20600000000000002,0.139,0.5339805825242718,83.5,1.854,0.99,0.6111111111111112,1.133
19.527838692774942,0.9300660792951542,0.099,0.252,0.08700000000000001,0.217,0.181,0.127,0.4840308370044053,64.4,1.816,0.879,0.5914096916299559,1.074
25.535898760330582,0.9267045454545455,0.097,0.264,0.082,0.201,0.187,0.129,0.5181818181818182,79.10000000000001,1.76,0.912,0.6107954545454546,1.075
32.024967626556126,0.9191263282172373,0.106,0.268,0.094,0.228,0.189,0.137,0.5035419126328218,91.9,1.694,0.853,0.5684769775678866,0.963
24.100686448449636,0.9260102447353443,0.099,0.273,0.084,0.20700000000000002,0.171,0.13,0.5179282868525896,74.4,1.7570000000000001,0.91,0.5998861696072851,1.054
25.305887620230006,0.9238465814341301,0.098,0.273,0.092,0.223,0.194,0.137,0.5113952195664258,81.9,1.799,0.92,0.6170094496942746,1.11
37.91058430771453,0.9263456090651558,0.106,0.28800000000000003,0.092,0.225,0.196,0.13,0.4963172804532578,118.10000000000001,1.7650000000000001,0.876,0.5971671388101983,1.054
24.872639240388885,0.9205495818399044,0.098,0.274,0.08700000000000001,0.212,0.178,0.133,0.5173237753882916,69.7,1.674,0.866,0.6069295101553166,1.016
32.36861169483079,0.9301814183617372,0.109,0.298,0.093,0.222,0.20500000000000002,0.127,0.5151181968114349,107.10000000000001,1.819,0.937,0.6096756459593183,1.109
36.46166624462566,0.9201850780798149,0.109,0.28200000000000003,0.085,0.217,0.19,0.138,0.5193753614806247,109.0,1.729,0.898,0.604973973395026,1.046
29.82792351539975,0.9256104486087451,0.10400000000000001,0.274,0.089,0.222,0.185,0.131,0.49744463373083475,92.5,1.7610000000000001,0.876,0.6036342986939239,1.063
28.45099316427454,0.9315429173249078,0.109,0.296,0.098,0.232,0.201,0.13,0.5139547130068457,102.60000000000001,1.899,0.976,0.6208530805687204,1.179
34.422258652765755,0.927038626609442,0.11,0.296,0.09,0.217,0.194,0.136,0.5107296137339056,119.60000000000001,1.864,0.9520000000000001,0.601931330472103,1.122
24.92820422812868,0.9303561935140883,0.106,0.297,0.09,0.213,0.211,0.131,0.5412014885699096,88.2,1.881,1.018,0.6140350877192983,1.155
20.797004181706775,0.9329896907216495,0.105,0.264,0.085,0.201,0.189,0.117,0.5544100801832761,63.400000000000006,1.746,0.968,0.6105383734249714,1.066
25.983635259050654,0.9282536151279199,0.1,0.277,0.091,0.216,0.194,0.129,0.5305895439377085,84.0,1.798,0.9540000000000001,0.6229143492769744,1.12
31.5250789797072,0.924985899605189,0.106,0.278,0.097,0.231,0.209,0.133,0.5205865764241399,99.10000000000001,1.7730000000000001,0.923,0.6057529610829103,1.074
21.27154175631925,0.9276905829596412,0.10200000000000001,0.279,0.089,0.211,0.20600000000000002,0.129,0.5515695067264574,67.7,1.784,0.984,0.6137892376681614,1.095
34.58184700753072,0.9235632183908046,0.10400000000000001,0.274,0.091,0.217,0.195,0.133,0.5057471264367817,104.7,1.74,0.88,0.5798850574712644,1.0090000000000001
23.541781939265775,0.9317837291561395,0.108,0.297,0.098,0.231,0.213,0.135,0.5234967155128853,92.2,1.979,1.036,0.6174835775644265,1.222
27.025818533793455,0.9254587155963303,0.10200000000000001,0.261,0.084,0.2,0.183,0.13,0.49827981651376146,82.2,1.744,0.869,0.6009174311926605,1.048
27.932822029084935,0.9308807134894092,0.10200000000000001,0.28400000000000003,0.09,0.214,0.2,0.124,0.5312151616499443,89.9,1.794,0.9530000000000001,0.6148272017837235,1.103
31.719151911974503,0.9156994502138057,0.091,0.252,0.081,0.201,0.186,0.138,0.5216860109957239,85.0,1.637,0.854,0.6127061698228466,1.0030000000000001
19.9193349792471,0.9326424870466321,0.105,0.264,0.088,0.20700000000000002,0.181,0.117,0.49798503166378816,60.1,1.737,0.865,0.6050662061024755,1.051
43.45075365080006,0.9267707082833133,0.099,0.267,0.085,0.20400000000000001,0.188,0.122,0.5600240096038416,120.60000000000001,1.666,0.933,0.5936374549819928,0.989
25.75432394899634,0.9275280898876405,0.107,0.272,0.08700000000000001,0.214,0.194,0.129,0.5022471910112359,81.60000000000001,1.78,0.894,0.6095505617977528,1.085
25.862068965517246,0.9206896551724137,0.098,0.27,0.084,0.214,0.192,0.138,0.49770114942528737,78.30000000000001,1.74,0.866,0.6045977011494252,1.052
29.651409391053,0.9284897025171625,0.108,0.28300000000000003,0.092,0.213,0.196,0.125,0.5217391304347826,90.60000000000001,1.748,0.912,0.6098398169336384,1.066
29.40023872849905,0.9214157168566287,0.095,0.247,0.085,0.20700000000000002,0.17400000000000002,0.131,0.5116976604679064,81.7,1.667,0.853,0.5890821835632873,0.982
27.490880247266592,0.9213924761370017,0.097,0.266,0.091,0.217,0.184,0.14,0.506457046603032,87.2,1.7810000000000001,0.902,0.6148231330713082,1.095
27.500895076302015,0.933371298405467,0.10400000000000001,0.274,0.09,0.213,0.188,0.117,0.5250569476082004,84.80000000000001,1.756,0.922,0.6093394077448747,1.07
30.28258636286972,0.922077922077922,0.099,0.268,0.08,0.195,0.188,0.132,0.5301062573789846,86.9,1.694,0.898,0.5974025974025974,1.012
34.580693486470466,0.923463687150838,0.105,0.273,0.09,0.214,0.191,0.137,0.49385474860335193,110.80000000000001,1.79,0.884,0.5782122905027933,1.035
32.3191191148676,0.9251152073732719,0.1,0.27,0.089,0.213,0.186,0.13,0.5190092165898618,97.4,1.736,0.901,0.619815668202765,1.076
30.822665546489716,0.9221132897603486,0.105,0.276,0.099,0.23700000000000002,0.202,0.14300000000000002,0.5070806100217865,103.9,1.836,0.931,0.5893246187363834,1.082
25.630862729554764,0.9206896551724137,0.1,0.271,0.092,0.214,0.19,0.138,0.49310344827586206,77.60000000000001,1.74,0.858,0.5890804597701149,1.025
23.444897959183674,0.9262857142857143,0.093,0.256,0.079,0.189,0.17400000000000002,0.129,0.4977142857142857,71.8,1.75,0.871,0.5805714285714285,1.016
28.216668262632066,0.9209039548022598,0.10300000000000001,0.276,0.088,0.20800000000000002,0.194,0.14,0.5011299435028248,88.4,1.77,0.887,0.5971751412429378,1.057
18.25281931025781,0.926950747094632,0.1,0.278,0.083,0.198,0.197,0.132,0.5506364139457665,59.6,1.807,0.995,0.6347537354731599,1.147
22.96774379690592,0.9180529882932841,0.092,0.244,0.083,0.194,0.168,0.133,0.5206407886629698,60.5,1.623,0.845,0.6130622304374614,0.995
26.231115903306044,0.9207807118254879,0.101,0.269,0.084,0.20700000000000002,0.17400000000000002,0.138,0.5086107921928817,79.60000000000001,1.742,0.886,0.6107921928817451,1.064
24.09833592712369,0.9285714285714286,0.10300000000000001,0.278,0.088,0.218,0.186,0.129,0.5387596899224806,78.60000000000001,1.806,0.973,0.6295681063122923,1.137
31.972503021104043,0.9261331841074426,0.10300000000000001,0.271,0.09,0.215,0.19,0.132,0.5187465025181869,102.10000000000001,1.7870000000000001,0.927,0.6071628427532176,1.085
31.183673469387756,0.9211428571428572,0.10400000000000001,0.267,0.084,0.211,0.187,0.138,0.484,95.5,1.75,0.847,0.5891428571428572,1.031
23.047857465307292,0.9200968523002422,0.095,0.248,0.082,0.193,0.178,0.132,0.5163438256658596,62.900000000000006,1.6520000000000001,0.853,0.597457627118644,0.987
22.448015122873343,0.9293478260869565,0.10400000000000001,0.28200000000000003,0.09,0.217,0.202,0.13,0.5,76.0,1.84,0.92,0.6043478260869565,1.112
21.63422477676125,0.9270482603815937,0.108,0.298,0.085,0.202,0.201,0.13,0.5241301907968574,68.7,1.782,0.934,0.6189674523007856,1.103
29.13258517568497,0.9235525576166386,0.106,0.28,0.08700000000000001,0.212,0.198,0.136,0.5047779651489601,92.2,1.7790000000000001,0.898,0.5941540191118606,1.057
24.456889321754183,0.9153153153153153,0.10300000000000001,0.264,0.084,0.20600000000000002,0.182,0.14100000000000001,0.5201201201201201,67.8,1.665,0.866,0.6114114114114114,1.018
25.034137460172968,0.921301775147929,0.097,0.251,0.08700000000000001,0.20500000000000002,0.182,0.133,0.508284023668639,71.5,1.69,0.859,0.5994082840236686,1.0130000000000001
30.321980809469423,0.9241765071472965,0.109,0.261,0.085,0.217,0.193,0.122,0.4959602237414543,78.5,1.609,0.798,0.6028589185829708,0.97
20.53558603849468,0.9274364406779662,0.108,0.273,0.09,0.22,0.20500000000000002,0.137,0.5127118644067796,73.2,1.8880000000000001,0.968,0.5995762711864406,1.1320000000000001
25.661424073610437,0.9239835002946376,0.1,0.258,0.09,0.20800000000000002,0.186,0.129,0.5197407189157337,73.9,1.697,0.882,0.6087212728344137,1.033
21.875124806209993,0.9218921892189219,0.10400000000000001,0.278,0.08700000000000001,0.217,0.193,0.14200000000000002,0.5236523652365237,72.3,1.818,0.9520000000000001,0.6122112211221122,1.113
27.04835248074738,0.9269662921348315,0.095,0.28700000000000003,0.088,0.213,0.196,0.13,0.5151685393258427,85.7,1.78,0.917,0.6134831460674157,1.092
21.82261889508339,0.9218313791178113,0.10400000000000001,0.264,0.088,0.215,0.188,0.14,0.5103294249022893,70.0,1.7910000000000001,0.914,0.5991066443327749,1.073
22.743704781923782,0.9261487964989059,0.1,0.259,0.08600000000000001,0.211,0.199,0.135,0.48085339168490154,76.0,1.828,0.879,0.600656455142232,1.098
25.58634481400119,0.9175627240143369,0.099,0.268,0.088,0.22,0.187,0.138,0.497610513739546,71.7,1.674,0.833,0.5902031063321386,0.988
32.77123032367788,0.9184149184149184,0.107,0.281,0.08700000000000001,0.212,0.184,0.14,0.5227272727272727,96.5,1.716,0.897,0.5990675990675991,1.028
27.836790367458285,0.9274465691788526,0.11,0.28300000000000003,0.091,0.221,0.20600000000000002,0.129,0.5354330708661418,88.0,1.778,0.9520000000000001,0.6197975253093363,1.102
23.690012012229623,0.9254312743461325,0.10300000000000001,0.272,0.088,0.212,0.188,0.134,0.4974958263772955,76.5,1.797,0.894,0.5982192543127435,1.075
32.8086531306832,0.9297736506094022,0.107,0.28,0.088,0.22,0.193,0.121,0.5153801508995938,97.4,1.723,0.888,0.6128845037724898,1.056
26.581572120895252,0.9237668161434978,0.112,0.278,0.08700000000000001,0.213,0.201,0.136,0.5056053811659192,84.60000000000001,1.784,0.902,0.5997757847533632,1.07
25.760315356797918,0.9235781990521327,0.099,0.255,0.084,0.20600000000000002,0.178,0.129,0.5124407582938388,73.4,1.688,0.865,0.5864928909952607,0.99
26.40372410735544,0.929512893982808,0.108,0.278,0.08700000000000001,0.212,0.199,0.123,0.5381088825214899,80.4,1.745,0.9390000000000001,0.6206303724928367,1.083
24.269315358500293,0.9233021077283372,0.101,0.27,0.085,0.20700000000000002,0.186,0.131,0.5187353629976581,70.8,1.708,0.886,0.6088992974238876,1.04
27.805504289157017,0.9258010118043845,0.106,0.28200000000000003,0.088,0.219,0.20400000000000001,0.132,0.523327712197864,88.0,1.7790000000000001,0.931,0.6233839235525576,1.109
25.182928439979218,0.9246290801186944,0.096,0.255,0.085,0.201,0.18,0.127,0.4872403560830861,71.5,1.685,0.8210000000000001,0.5964391691394659,1.0050000000000001
29.91784983304719,0.9293862031504617,0.10400000000000001,0.289,0.095,0.227,0.193,0.13,0.5057034220532319,101.4,1.841,0.931,0.6061922868006518,1.116
28.81469363474122,0.9176829268292683,0.1,0.253,0.083,0.198,0.178,0.135,0.49146341463414633,77.5,1.6400000000000001,0.806,0.5853658536585366,0.96
35.07648541990644,0.9313280363223609,0.106,0.28700000000000003,0.085,0.20800000000000002,0.192,0.121,0.5192962542565267,108.9,1.762,0.915,0.6095346197502838,1.074
29.652017443375403,0.9257206208425721,0.10400000000000001,0.279,0.094,0.23,0.198,0.134,0.49390243902439024,96.5,1.804,0.891,0.6019955654101996,1.086
28.669115929410268,0.9193548387096774,0.099,0.269,0.08600000000000001,0.20400000000000001,0.192,0.14,0.5224654377880185,86.4,1.736,0.907,0.6209677419354839,1.078
22.676879661358598,0.9223946784922394,0.092,0.268,0.084,0.20400000000000001,0.198,0.14,0.5099778270509978,73.8,1.804,0.92,0.6075388026607539,1.096
25.04732287723094,0.9226744186046512,0.099,0.265,0.089,0.222,0.183,0.133,0.5063953488372093,74.10000000000001,1.72,0.871,0.6011627906976744,1.034
29.511751143264384,0.9224283305227656,0.10400000000000001,0.273,0.088,0.20800000000000002,0.19,0.138,0.48903878583473864,93.4,1.7790000000000001,0.87,0.6025857223159078,1.072
23.804905300238207,0.9298050139275766,0.099,0.272,0.088,0.222,0.196,0.126,0.5086350974930363,76.7,1.795,0.913,0.6178272980501393,1.109
27.894541393396132,0.9242513211978861,0.099,0.259,0.08600000000000001,0.20800000000000002,0.17500000000000002,0.129,0.4838520258367587,80.9,1.703,0.8240000000000001,0.5830886670581327,0.993
27.61032785618795,0.9217186580341378,0.105,0.263,0.089,0.224,0.188,0.133,0.4855797527957622,79.7,1.699,0.8250000000000001,0.5968216597998823,1.014
31.963516365717634,0.9226091763405196,0.105,0.271,0.08700000000000001,0.213,0.187,0.14,0.49972360420121614,104.60000000000001,1.809,0.904,0.599778883360973,1.085
28.354679206616623,0.9225690276110444,0.1,0.255,0.09,0.217,0.182,0.129,0.5018007202881153,78.7,1.666,0.836,0.6086434573829532,1.014
25.27132632344321,0.9251547552054024,0.109,0.28200000000000003,0.093,0.219,0.193,0.133,0.5115362971299944,79.80000000000001,1.7770000000000001,0.909,0.6100168823860439,1.084
28.98924177027636,0.9216646266829865,0.101,0.25,0.078,0.188,0.184,0.128,0.4975520195838433,77.4,1.6340000000000001,0.8130000000000001,0.605875152998776,0.99
23.0744854028275,0.9270032930845225,0.094,0.255,0.084,0.20400000000000001,0.17400000000000002,0.133,0.5027442371020856,76.60000000000001,1.822,0.916,0.6086717892425906,1.109
27.24865476628883,0.924506387921022,0.10400000000000001,0.28500000000000003,0.093,0.222,0.201,0.13,0.5017421602787456,80.80000000000001,1.722,0.864,0.6283391405342624,1.082
25.654372397382506,0.9243902439024391,0.1,0.252,0.082,0.198,0.185,0.124,0.500609756097561,69.0,1.6400000000000001,0.8210000000000001,0.6085365853658536,0.998
27.94611345961224,0.9156626506024096,0.106,0.253,0.082,0.201,0.179,0.133,0.5161699429296132,69.5,1.577,0.8140000000000001,0.5986049461001902,0.9440000000000001
26.666666666666664,0.9248484848484848,0.10200000000000001,0.252,0.08600000000000001,0.21,0.181,0.124,0.4987878787878788,72.60000000000001,1.6500000000000001,0.8230000000000001,0.5927272727272728,0.978
19.420358262819327,0.9254159495123351,0.088,0.258,0.08,0.183,0.177,0.13,0.5157773952954676,59.0,1.743,0.899,0.6196213425129088,1.08
28.02330304759848,0.9206349206349206,0.10400000000000001,0.252,0.092,0.224,0.191,0.14,0.4886621315192744,87.2,1.764,0.862,0.578798185941043,1.0210000000000001
26.883248194236092,0.9290488431876607,0.108,0.298,0.093,0.23600000000000002,0.217,0.138,0.5151670951156813,101.7,1.945,1.002,0.5917737789203085,1.151
28.023658002230977,0.9206798866855525,0.097,0.269,0.081,0.202,0.199,0.14,0.509915014164306,87.30000000000001,1.7650000000000001,0.9,0.5903682719546742,1.042
25.91052299936988,0.9257971014492754,0.101,0.278,0.08700000000000001,0.21,0.187,0.128,0.5101449275362319,77.10000000000001,1.725,0.88,0.6202898550724638,1.07
34.332665554000705,0.9282977558839628,0.111,0.279,0.093,0.225,0.194,0.131,0.4876847290640394,114.60000000000001,1.827,0.891,0.5812807881773399,1.062
28.441401501770635,0.9272313814667424,0.101,0.272,0.083,0.202,0.185,0.128,0.49403069926094373,88.0,1.7590000000000001,0.869,0.6003411028993746,1.056
32.629657174221244,0.927007299270073,0.10400000000000001,0.28700000000000003,0.092,0.22,0.194,0.13,0.5092644581695677,103.5,1.7810000000000001,0.907,0.5929253228523301,1.056
35.299216235924526,0.9187089061566049,0.11,0.278,0.091,0.213,0.193,0.136,0.4967124925283921,98.80000000000001,1.673,0.8310000000000001,0.6007172743574417,1.0050000000000001
31.06437120169952,0.9250139899272524,0.107,0.28500000000000003,0.091,0.217,0.195,0.134,0.49636261891438166,99.2,1.7870000000000001,0.887,0.6071628427532176,1.085
27.344682820239026,0.924916573971079,0.10200000000000001,0.279,0.085,0.218,0.20800000000000002,0.135,0.5161290322580645,88.4,1.798,0.928,0.6156840934371524,1.107
26.636019469983783,0.9203488372093023,0.099,0.28400000000000003,0.089,0.217,0.197,0.137,0.5116279069767442,78.80000000000001,1.72,0.88,0.5970930232558139,1.027
23.40750912892856,0.924022346368715,0.10400000000000001,0.28,0.092,0.223,0.20800000000000002,0.136,0.5229050279329609,75.0,1.79,0.936,0.6184357541899441,1.107
26.74305781472637,0.9261025029797377,0.089,0.247,0.079,0.194,0.185,0.124,0.5077473182359953,75.3,1.678,0.852,0.5917759237187128,0.993
30.287825039382266,0.9214570290267502,0.107,0.278,0.082,0.20700000000000002,0.194,0.138,0.49516220830961866,93.5,1.7570000000000001,0.87,0.5987478656801366,1.052
27.28233584357247,0.9172413793103448,0.105,0.271,0.089,0.212,0.2,0.14400000000000002,0.49885057471264366,82.60000000000001,1.74,0.868,0.5959770114942529,1.037
27.42996840512638,0.9192216981132075,0.098,0.27,0.088,0.212,0.184,0.137,0.5141509433962265,78.9,1.696,0.872,0.5849056603773585,0.992
27.247098449004124,0.9179229480737019,0.108,0.273,0.092,0.221,0.2,0.147,0.5036292573981016,87.4,1.7910000000000001,0.902,0.5974316024567281,1.07
27.773557343161297,0.922668240850059,0.10400000000000001,0.267,0.083,0.20400000000000001,0.189,0.131,0.5047225501770957,79.7,1.694,0.855,0.602125147579693,1.02
22.66728295189747,0.9261465157832043,0.094,0.257,0.076,0.185,0.189,0.124,0.5134008338296605,63.900000000000006,1.679,0.862,0.6134603930911257,1.03
27.569774337401427,0.927870744373918,0.1,0.28600000000000003,0.093,0.227,0.21,0.125,0.5199076745527986,82.80000000000001,1.733,0.901,0.6116560877091748,1.06
21.941313974732843,0.9250275633958104,0.097,0.272,0.081,0.187,0.191,0.136,0.5154355016538037,72.2,1.814,0.935,0.6141124586549063,1.114
33.10871676845229,0.9221767115272089,0.10200000000000001,0.261,0.088,0.217,0.187,0.133,0.51316559391457,96.7,1.709,0.877,0.6044470450555881,1.033
31.818760341097114,0.9175257731958762,0.11,0.28400000000000003,0.089,0.224,0.194,0.14400000000000002,0.4868270332187858,97.0,1.746,0.85,0.5910652920962199,1.032
25.27777777777778,0.9327777777777778,0.107,0.276,0.09,0.221,0.197,0.121,0.5461111111111111,81.9,1.8,0.983,0.635,1.143
32.12599366445521,0.9201631701631702,0.101,0.257,0.09,0.217,0.187,0.137,0.504079254079254,94.60000000000001,1.716,0.865,0.6054778554778555,1.039
25.745583801875274,0.9175792507204611,0.096,0.253,0.08700000000000001,0.20800000000000002,0.188,0.14300000000000002,0.48703170028818443,77.5,1.735,0.845,0.5965417867435159,1.035
23.96201845424722,0.9202127659574468,0.099,0.264,0.088,0.20400000000000001,0.193,0.135,0.5212765957446809,68.60000000000001,1.692,0.882,0.6052009456264775,1.024
27.744895581616696,0.9239835002946376,0.105,0.26,0.08600000000000001,0.212,0.187,0.129,0.4991160872127283,79.9,1.697,0.847,0.5827931644077784,0.989
21.56390172859115,0.9304490690032858,0.108,0.281,0.088,0.222,0.198,0.127,0.5104052573932092,71.9,1.826,0.932,0.6106243154435925,1.115
27.77777777777778,0.9229885057471264,0.095,0.255,0.081,0.194,0.185,0.134,0.5120689655172413,84.10000000000001,1.74,0.891,0.603448275862069,1.05
20.948009841329412,0.922945205479452,0.094,0.267,0.088,0.21,0.195,0.135,0.519406392694064,64.3,1.752,0.91,0.6158675799086758,1.079
28.369779122715457,0.9294310722100656,0.105,0.276,0.084,0.203,0.196,0.129,0.5147702407002188,94.80000000000001,1.828,0.9410000000000001,0.5968271334792122,1.091
22.959322875001416,0.9256004686584651,0.096,0.254,0.082,0.193,0.17400000000000002,0.127,0.5096660808435852,66.9,1.707,0.87,0.6051552431165788,1.033
27.78677180847993,0.9221382916908774,0.097,0.272,0.089,0.214,0.186,0.134,0.505520046484602,82.30000000000001,1.721,0.87,0.6147588611272516,1.058
22.391297249135835,0.927645788336933,0.107,0.28700000000000003,0.089,0.22,0.2,0.134,0.5140388768898488,76.80000000000001,1.852,0.9520000000000001,0.6025917926565875,1.116
29.89946808295983,0.9230769230769231,0.096,0.252,0.08600000000000001,0.202,0.178,0.127,0.5057540884312538,81.5,1.651,0.835,0.5875227135069655,0.97
28.759211613230473,0.9197422378441711,0.1,0.264,0.08600000000000001,0.209,0.193,0.137,0.4997070884592853,83.80000000000001,1.707,0.853,0.6016403046280023,1.027
23.835941682637475,0.9259052924791087,0.097,0.28400000000000003,0.08700000000000001,0.20700000000000002,0.199,0.133,0.5381615598885794,76.80000000000001,1.795,0.966,0.6167130919220055,1.107
23.851613450113575,0.9179847685998829,0.10400000000000001,0.274,0.092,0.218,0.192,0.14,0.4997070884592853,69.5,1.707,0.853,0.6092560046865847,1.04
24.54735493382324,0.9273377010125075,0.10200000000000001,0.266,0.084,0.20600000000000002,0.188,0.122,0.5205479452054794,69.2,1.679,0.874,0.6223942823108993,1.045
31.858083698062437,0.9285302593659942,0.107,0.278,0.084,0.20700000000000002,0.197,0.124,0.5360230547550432,95.9,1.735,0.93,0.6219020172910663,1.079
27.70026709064762,0.9248989023685731,0.094,0.248,0.078,0.198,0.176,0.13,0.5025996533795494,83.0,1.731,0.87,0.5892547660311959,1.02
32.0815590610546,0.9180807489760093,0.098,0.273,0.08700000000000001,0.216,0.187,0.14,0.4757167934464599,93.7,1.709,0.8130000000000001,0.5898186073727326,1.008
31.880088501667615,0.9209744503862151,0.106,0.264,0.091,0.217,0.187,0.133,0.48247177658942364,90.30000000000001,1.683,0.812,0.5799168152109329,0.976
19.70926372349874,0.9278579356270811,0.10400000000000001,0.293,0.089,0.218,0.2,0.13,0.5205327413984462,64.0,1.802,0.9380000000000001,0.6120976692563818,1.103
26.509661205182418,0.926291352292513,0.10300000000000001,0.264,0.088,0.217,0.183,0.127,0.4973882762623331,78.7,1.723,0.857,0.5989553105049332,1.032
37.54421658691334,0.9238814642649622,0.107,0.28800000000000003,0.092,0.227,0.201,0.131,0.4938988959907031,111.2,1.721,0.85,0.5764090644973853,0.992
26.32829719457366,0.9226023555804823,0.099,0.257,0.085,0.203,0.179,0.138,0.4834548513740886,83.7,1.7830000000000001,0.862,0.5894559730790802,1.051
25.21081589839888,0.9221260815822002,0.099,0.252,0.08700000000000001,0.20500000000000002,0.17400000000000002,0.126,0.4932014833127318,66.0,1.618,0.798,0.5951792336217553,0.963
26.36873485106054,0.9244625217896572,0.099,0.269,0.091,0.218,0.19,0.13,0.4985473561882626,78.10000000000001,1.721,0.858,0.5984892504357932,1.03
24.54232744367297,0.9261891744122471,0.101,0.28400000000000003,0.08600000000000001,0.20800000000000002,0.191,0.135,0.49480590486604703,82.10000000000001,1.829,0.905,0.5937670858392564,1.086
33.74311825206256,0.9201451905626135,0.099,0.269,0.088,0.209,0.193,0.132,0.49909255898366606,92.2,1.653,0.8250000000000001,0.603750756200847,0.998
22.769062099006398,0.9296008869179601,0.1,0.266,0.088,0.20500000000000002,0.187,0.127,0.529379157427938,74.10000000000001,1.804,0.9550000000000001,0.6086474501108647,1.098
22.5345039976775,0.9260504201680673,0.1,0.28200000000000003,0.08600000000000001,0.20800000000000002,0.199,0.132,0.5176470588235295,71.8,1.7850000000000001,0.924,0.6056022408963585,1.081
26.654414988198404,0.9243365330321852,0.10400000000000001,0.278,0.094,0.217,0.195,0.134,0.49858836815358554,83.60000000000001,1.7710000000000001,0.883,0.6002258610954263,1.063
25.810117281172925,0.9272076372315036,0.099,0.253,0.088,0.212,0.184,0.122,0.49105011933174225,72.5,1.676,0.8230000000000001,0.5930787589498807,0.994
23.806746795132053,0.9161603888213852,0.097,0.259,0.082,0.202,0.182,0.138,0.5121506682867558,64.5,1.6460000000000001,0.843,0.5953827460510328,0.98
22.165115060385475,0.9322216245293168,0.098,0.279,0.09,0.215,0.20800000000000002,0.126,0.4981172673480366,76.60000000000001,1.859,0.926,0.6110812264658418,1.1360000000000001
25.44372627475121,0.9251461988304094,0.099,0.258,0.084,0.20500000000000002,0.182,0.128,0.5163742690058479,74.4,1.71,0.883,0.6064327485380117,1.037
19.778029889508613,0.9267747344885411,0.099,0.274,0.085,0.201,0.2,0.131,0.5237562884292901,63.300000000000004,1.7890000000000001,0.937,0.6288429290106204,1.125
25.68633046408736,0.927461139896373,0.1,0.262,0.091,0.22,0.187,0.126,0.5094991364421416,77.5,1.737,0.885,0.6113989637305699,1.062
20.285313887742966,0.9217980295566502,0.092,0.244,0.078,0.192,0.17200000000000001,0.127,0.5227832512315271,53.5,1.624,0.849,0.6071428571428571,0.986
27.60945175517229,0.9251497005988024,0.099,0.263,0.088,0.20800000000000002,0.18,0.125,0.518562874251497,77.0,1.67,0.866,0.6107784431137725,1.02
30.153337016763405,0.9284009546539379,0.099,0.262,0.085,0.211,0.18,0.12,0.502983293556086,84.7,1.676,0.843,0.5900954653937948,0.989
33.63764398169107,0.9284869976359338,0.115,0.265,0.095,0.228,0.181,0.121,0.4988179669030733,96.30000000000001,1.692,0.844,0.5756501182033097,0.974
28.96364872035407,0.9143033292231812,0.097,0.252,0.084,0.20500000000000002,0.17300000000000001,0.139,0.4882860665844636,76.2,1.622,0.792,0.5844636251541308,0.9480000000000001
26.052427685950416,0.9215909090909091,0.10300000000000001,0.274,0.089,0.209,0.191,0.138,0.5056818181818182,80.7,1.76,0.89,0.6011363636363637,1.058
36.85915060915983,0.9146413752222881,0.108,0.271,0.08700000000000001,0.216,0.189,0.14400000000000002,0.5074096028452875,104.9,1.687,0.856,0.6194427978660344,1.045
22.94441912264256,0.9237536656891495,0.094,0.265,0.085,0.209,0.182,0.13,0.4991202346041056,66.7,1.705,0.851,0.5964809384164222,1.0170000000000001
26.525441836329783,0.9265193370165746,0.10400000000000001,0.277,0.088,0.214,0.197,0.133,0.5276243093922652,86.9,1.81,0.9550000000000001,0.6259668508287293,1.133
30.036739077976513,0.9224467504096122,0.11,0.28800000000000003,0.093,0.226,0.20400000000000001,0.14200000000000002,0.4904423812124522,100.7,1.831,0.898,0.5772801747678864,1.057
27.408464587215143,0.9188214070956103,0.093,0.253,0.08600000000000001,0.20400000000000001,0.178,0.135,0.49488875526157544,75.8,1.663,0.8230000000000001,0.5904990980156344,0.982
27.165933125356574,0.9281370923161968,0.107,0.276,0.096,0.228,0.20600000000000002,0.13,0.5179657269209508,88.9,1.809,0.937,0.6086235489220564,1.101
28.120003204807457,0.9274148520379676,0.106,0.289,0.096,0.23600000000000002,0.20500000000000002,0.13,0.5404801786711334,90.2,1.7910000000000001,0.968,0.6180904522613065,1.107
26.103781532302634,0.9219308700834327,0.094,0.251,0.085,0.21,0.18,0.131,0.5017878426698451,73.5,1.678,0.842,0.6126340882002383,1.028
27.70971186666921,0.9224890829694323,0.107,0.28200000000000003,0.088,0.213,0.199,0.14200000000000002,0.5349344978165939,93.0,1.832,0.98,0.6157205240174672,1.1280000000000001
25.712670640158226,0.9264194669756662,0.109,0.28400000000000003,0.09,0.213,0.194,0.127,0.5370799536500579,76.60000000000001,1.726,0.927,0.6141367323290846,1.06
28.830934813840795,0.9225071225071225,0.10300000000000001,0.28200000000000003,0.088,0.213,0.2,0.136,0.49572649572649574,88.80000000000001,1.7550000000000001,0.87,0.5982905982905983,1.05
23.97345396321049,0.9260893546607832,0.096,0.26,0.083,0.2,0.18,0.134,0.5030336458907887,78.80000000000001,1.813,0.912,0.6012134583563155,1.09
28.747707682141826,0.929700272479564,0.106,0.29,0.089,0.215,0.192,0.129,0.5084468664850136,96.80000000000001,1.835,0.933,0.6092643051771117,1.118
23.038409019292043,0.9230769230769231,0.098,0.254,0.084,0.20500000000000002,0.179,0.13,0.5183431952662721,65.8,1.69,0.876,0.6171597633136094,1.043
23.406334290181665,0.9205260148656375,0.098,0.268,0.079,0.198,0.188,0.139,0.5031446540880503,71.60000000000001,1.749,0.88,0.6009148084619783,1.051
24.566929313802817,0.9241047568145376,0.1,0.28800000000000003,0.09,0.211,0.202,0.14200000000000002,0.5104222340994121,86.0,1.871,0.9550000000000001,0.606627471940139,1.135
24.23466666666667,0.9264,0.109,0.28200000000000003,0.09,0.216,0.199,0.138,0.5173333333333333,85.2,1.875,0.97,0.6176,1.158
27.097463998128905,0.9190751445086706,0.1,0.267,0.082,0.203,0.176,0.14,0.507514450867052,81.10000000000001,1.73,0.878,0.5971098265895953,1.033
29.218407596785973,0.9259459459459459,0.11,0.293,0.098,0.232,0.21,0.137,0.5108108108108108,100.0,1.85,0.9450000000000001,0.6027027027027027,1.115
28.34859661791118,0.9194227300060133,0.105,0.255,0.089,0.215,0.17500000000000002,0.134,0.49007817197835235,78.4,1.663,0.8150000000000001,0.5989176187612748,0.996
22.05208947911684,0.9341963322545846,0.101,0.279,0.094,0.226,0.20500000000000002,0.122,0.5399137001078749,75.8,1.854,1.0010000000000001,0.6186623516720604,1.147
19.96950877114171,0.9247630331753555,0.099,0.257,0.085,0.202,0.17300000000000001,0.127,0.495260663507109,56.900000000000006,1.688,0.836,0.6018957345971564,1.016
33.40129977712898,0.9221789883268483,0.106,0.277,0.088,0.218,0.189,0.14,0.5080600333518621,108.10000000000001,1.799,0.914,0.5919955530850473,1.065
29.713527202686386,0.9232505643340858,0.10300000000000001,0.28700000000000003,0.093,0.227,0.192,0.136,0.5158013544018059,93.30000000000001,1.772,0.914,0.6202031602708804,1.099
30.29143358258284,0.9271631982475356,0.108,0.276,0.091,0.216,0.193,0.133,0.4928806133625411,101.0,1.826,0.9,0.6046002190580504,1.104
24.972621682428827,0.9209463358338142,0.107,0.28400000000000003,0.092,0.221,0.202,0.137,0.517599538372764,75.0,1.733,0.897,0.608193883439123,1.054
26.295772418664427,0.9234907352062164,0.095,0.255,0.082,0.202,0.17300000000000001,0.128,0.5170352659892409,73.60000000000001,1.673,0.865,0.5977286312014346,1.0
25.729552077465375,0.9264448336252189,0.10300000000000001,0.261,0.091,0.216,0.188,0.126,0.5107997664915354,75.5,1.713,0.875,0.5989492119089317,1.026
27.543252595155714,0.9247058823529412,0.11,0.281,0.084,0.209,0.192,0.128,0.5388235294117647,79.60000000000001,1.7,0.916,0.6294117647058823,1.07
23.55088276135687,0.9267605633802817,0.105,0.265,0.084,0.212,0.19,0.13,0.5177464788732394,74.2,1.7750000000000001,0.919,0.6236619718309859,1.107
29.72156097776015,0.9166666666666666,0.10200000000000001,0.253,0.092,0.224,0.188,0.14200000000000002,0.49413145539906106,86.30000000000001,1.704,0.842,0.5845070422535211,0.996
23.532936046064165,0.9292709466811752,0.107,0.28200000000000003,0.09,0.22,0.185,0.13,0.5272034820457019,79.5,1.838,0.969,0.6082698585418934,1.118
24.53165071620692,0.9240867579908676,0.10400000000000001,0.267,0.08700000000000001,0.214,0.202,0.133,0.514269406392694,75.3,1.752,0.901,0.6044520547945206,1.059
28.089010954714272,0.9245810055865922,0.107,0.273,0.088,0.214,0.182,0.135,0.5312849162011173,90.0,1.79,0.9510000000000001,0.611731843575419,1.095
23.584375912490735,0.9253554502369669,0.098,0.256,0.078,0.188,0.181,0.126,0.5082938388625592,67.2,1.688,0.858,0.5983412322274881,1.01
31.8775001269458,0.921021377672209,0.101,0.257,0.08700000000000001,0.215,0.182,0.133,0.505938242280285,90.4,1.684,0.852,0.5950118764845606,1.002
36.973821952301826,0.9243888573052871,0.109,0.28500000000000003,0.09,0.213,0.203,0.133,0.5139283683911313,114.4,1.7590000000000001,0.904,0.5935190449118818,1.044
27.681236282801386,0.9216152019002375,0.101,0.258,0.08600000000000001,0.21,0.177,0.132,0.505938242280285,78.5,1.684,0.852,0.5878859857482185,0.99
24.48032077661707,0.9236467236467236,0.097,0.269,0.085,0.202,0.183,0.134,0.5082621082621083,75.4,1.7550000000000001,0.892,0.5948717948717949,1.044
32.254523425864065,0.9225844004656577,0.10300000000000001,0.265,0.091,0.221,0.179,0.133,0.4976717112922002,95.2,1.718,0.855,0.5931315483119907,1.0190000000000001
32.117962906708485,0.92378223495702,0.107,0.264,0.088,0.213,0.193,0.133,0.5151862464183381,97.80000000000001,1.745,0.899,0.6040114613180516,1.054
28.02678091315919,0.9298515104966718,0.10300000000000001,0.309,0.096,0.227,0.217,0.137,0.5535074244751664,106.9,1.953,1.081,0.6272401433691757,1.225
25.544042211606232,0.9264380530973452,0.106,0.274,0.088,0.214,0.193,0.133,0.5204646017699115,83.5,1.808,0.9410000000000001,0.6111725663716814,1.105
21.802043135816298,0.9258010118043845,0.101,0.276,0.091,0.213,0.195,0.132,0.5165823496346262,69.0,1.7790000000000001,0.919,0.5924676784710512,1.054
20.854128216867764,0.925238898257448,0.106,0.267,0.085,0.202,0.199,0.133,0.5356942102304666,66.0,1.7790000000000001,0.9530000000000001,0.612141652613828,1.089
25.173838808643275,0.9252971137521222,0.1,0.269,0.09,0.212,0.186,0.132,0.490096208262592,78.60000000000001,1.7670000000000001,0.866,0.5857385398981324,1.035
26.551099576092938,0.9221484610742305,0.098,0.264,0.097,0.228,0.188,0.129,0.5015087507543754,72.9,1.657,0.8310000000000001,0.5926372963186481,0.982
29.370814110281827,0.919772583701832,0.095,0.242,0.085,0.197,0.165,0.127,0.49463044851547694,73.60000000000001,1.583,0.783,0.5843335439039797,0.925
22.011769572869046,0.9226650803093397,0.099,0.243,0.084,0.201,0.177,0.13,0.49851279000594884,62.2,1.681,0.838,0.5817965496728138,0.978
27.19788118454844,0.9288079470198676,0.099,0.269,0.083,0.20500000000000002,0.195,0.129,0.5121412803532008,89.30000000000001,1.812,0.928,0.5833333333333334,1.057
27.706702061781208,0.9238302502720348,0.109,0.28200000000000003,0.091,0.22,0.20700000000000002,0.14,0.5282916213275299,93.60000000000001,1.838,0.971,0.6137105549510338,1.1280000000000001
29.404575781157533,0.9177764910248987,0.101,0.264,0.09,0.21,0.176,0.14200000000000002,0.5089751013317892,87.7,1.727,0.879,0.5940938042848871,1.026
28.04644204979833,0.9205020920502092,0.1,0.26,0.083,0.2,0.18,0.133,0.5062761506276151,78.5,1.673,0.847,0.6043036461446504,1.0110000000000001
26.44863446495705,0.9228554979850316,0.092,0.258,0.078,0.185,0.182,0.134,0.5112262521588946,79.80000000000001,1.737,0.888,0.5941278065630398,1.032
19.94072056738973,0.9276642738818333,0.1,0.263,0.088,0.212,0.187,0.131,0.5024848150193263,65.4,1.811,0.91,0.6096079514080619,1.104
26.87673083919251,0.929700272479564,0.10300000000000001,0.291,0.09,0.209,0.20400000000000001,0.129,0.5155313351498637,90.5,1.835,0.9460000000000001,0.6005449591280654,1.102
24.76110537190083,0.9261363636363636,0.109,0.28300000000000003,0.085,0.209,0.2,0.13,0.5068181818181818,76.7,1.76,0.892,0.5948863636363636,1.047
24.79121103355088,0.9258226436140546,0.107,0.273,0.088,0.216,0.199,0.133,0.5315114333519242,79.7,1.793,0.9530000000000001,0.6196319018404908,1.111
23.41465643274854,0.9254385964912281,0.105,0.272,0.084,0.20700000000000002,0.195,0.136,0.5263157894736842,77.9,1.824,0.96,0.6112938596491229,1.115
23.602077797881996,0.9271561771561772,0.10200000000000001,0.252,0.08700000000000001,0.20600000000000002,0.187,0.125,0.5104895104895105,69.5,1.716,0.876,0.6118881118881119,1.05
25.12294644543148,0.9214899713467049,0.1,0.274,0.091,0.21,0.181,0.137,0.5083094555873926,76.5,1.745,0.887,0.6183381088825215,1.079
24.492612893129703,0.9280453257790369,0.1,0.256,0.08700000000000001,0.20800000000000002,0.188,0.127,0.5065155807365439,76.3,1.7650000000000001,0.894,0.6079320113314448,1.073
25.700383828944435,0.9256104486087451,0.107,0.278,0.092,0.222,0.201,0.131,0.5184554230550823,79.7,1.7610000000000001,0.913,0.6087450312322544,1.072
23.298602931716292,0.920461445051609,0.096,0.256,0.084,0.199,0.17400000000000002,0.131,0.5009107468123861,63.2,1.647,0.8250000000000001,0.607164541590771,1.0
30.803491742386253,0.924198250728863,0.10200000000000001,0.257,0.081,0.20600000000000002,0.177,0.13,0.49387755102040815,90.60000000000001,1.715,0.847,0.5854227405247814,1.004
23.544398379003848,0.9259681093394078,0.11,0.28700000000000003,0.092,0.224,0.20600000000000002,0.13,0.5045558086560364,72.60000000000001,1.756,0.886,0.6007972665148064,1.055
24.069238803792416,0.921808185705559,0.094,0.253,0.082,0.198,0.183,0.128,0.5064141722663409,64.5,1.637,0.8290000000000001,0.594379963347587,0.973
25.588783089774957,0.9231220657276995,0.097,0.265,0.09,0.218,0.183,0.131,0.4953051643192488,74.3,1.704,0.844,0.596830985915493,1.0170000000000001
33.79839767881521,0.9275521405049396,0.11900000000000001,0.289,0.098,0.23700000000000002,0.213,0.132,0.5104281009879253,112.2,1.822,0.93,0.6053787047200878,1.103
24.82153317646124,0.9235993208828522,0.10200000000000001,0.277,0.08700000000000001,0.212,0.202,0.135,0.5104697226938314,77.5,1.7670000000000001,0.902,0.6015846066779853,1.063
23.49899052125895,0.9297954671088999,0.095,0.269,0.085,0.20600000000000002,0.194,0.127,0.5339966832504146,76.9,1.809,0.966,0.6141514648977335,1.111
30.49924924924925,0.9239864864864865,0.108,0.281,0.09,0.22,0.196,0.135,0.5219594594594594,96.2,1.776,0.927,0.6019144144144144,1.069
28.334535592012383,0.9260289210233593,0.109,0.28600000000000003,0.091,0.217,0.187,0.133,0.5344827586206896,91.60000000000001,1.798,0.961,0.5939933259176863,1.068
27.438357529564186,0.9283276450511946,0.099,0.272,0.085,0.20400000000000001,0.192,0.126,0.5472127417519909,84.80000000000001,1.758,0.962,0.6177474402730375,1.086
26.90314759681292,0.921697549312612,0.093,0.249,0.083,0.196,0.17200000000000001,0.131,0.4871488344291692,75.3,1.673,0.8150000000000001,0.5869695158398087,0.982
24.292069426855583,0.9273527793065492,0.101,0.279,0.08700000000000001,0.21,0.192,0.132,0.5217391304347826,80.2,1.817,0.9480000000000001,0.5998899284534948,1.09
30.508780716086072,0.9260744985673353,0.106,0.264,0.08700000000000001,0.213,0.181,0.129,0.5123209169054441,92.9,1.745,0.894,0.5988538681948424,1.045
24.753657966828776,0.9228110599078341,0.097,0.272,0.084,0.2,0.182,0.134,0.5040322580645161,74.60000000000001,1.736,0.875,0.6002304147465438,1.042
27.131366871062845,0.9279176201372997,0.107,0.267,0.088,0.215,0.182,0.126,0.5108695652173914,82.9,1.748,0.893,0.6046910755148741,1.057
26.27836124707506,0.9278466741826381,0.113,0.28,0.097,0.23800000000000002,0.196,0.128,0.5214205186020293,82.7,1.774,0.925,0.6031567080045096,1.07
24.488203189704603,0.929147465437788,0.099,0.27,0.085,0.201,0.186,0.123,0.5195852534562212,73.8,1.736,0.902,0.6117511520737328,1.062
25.090105992561636,0.9209169054441261,0.093,0.263,0.091,0.215,0.19,0.138,0.5169054441260745,76.4,1.745,0.902,0.6114613180515759,1.067
27.114191524919303,0.9198564593301436,0.097,0.249,0.084,0.203,0.177,0.134,0.5035885167464115,75.8,1.672,0.842,0.5921052631578947,0.99
28.51596894260786,0.9187344913151365,0.091,0.23600000000000002,0.082,0.196,0.17,0.131,0.500620347394541,74.10000000000001,1.612,0.807,0.5911910669975186,0.9530000000000001
26.65523118132296,0.9195136074116966,0.105,0.265,0.084,0.20700000000000002,0.192,0.139,0.5292414591777649,79.5,1.727,0.914,0.6074116965836711,1.049
27.384213224410367,0.9214536928487691,0.1,0.251,0.08700000000000001,0.20700000000000002,0.17500000000000002,0.134,0.5029308323563892,79.7,1.706,0.858,0.5955451348182884,1.016
30.152762830652033,0.9225137278828553,0.101,0.249,0.081,0.198,0.17500000000000002,0.127,0.4960341671751068,81.0,1.639,0.8130000000000001,0.586333129957291,0.961
29.547183436088076,0.9205143191116306,0.10400000000000001,0.269,0.092,0.227,0.195,0.136,0.5184102863822326,86.5,1.711,0.887,0.5984804208065458,1.024
20.566693837621433,0.9253157605711148,0.1,0.28500000000000003,0.08600000000000001,0.20600000000000002,0.215,0.136,0.5260845689181768,68.2,1.821,0.9580000000000001,0.6068094453596925,1.105
28.934408380836473,0.92573402417962,0.10300000000000001,0.27,0.09,0.222,0.186,0.129,0.48474381116868165,87.30000000000001,1.737,0.842,0.590097869890616,1.025
25.948819015199017,0.928415300546448,0.094,0.281,0.08700000000000001,0.209,0.209,0.131,0.5519125683060109,86.9,1.83,1.01,0.6245901639344262,1.143
26.244071352604546,0.9176327028676022,0.093,0.23700000000000002,0.075,0.182,0.167,0.135,0.49908480780964004,70.5,1.639,0.8180000000000001,0.6058572300183038,0.993
25.397723107215047,0.9282632146709816,0.097,0.269,0.093,0.226,0.202,0.133,0.5420711974110033,87.30000000000001,1.854,1.0050000000000001,0.5938511326860841,1.101
35.21420212247734,0.9295774647887324,0.111,0.277,0.09,0.227,0.213,0.13,0.5276273022751896,120.0,1.846,0.974,0.6240520043336945,1.1520000000000001
25.608065532451164,0.9205797101449276,0.095,0.262,0.081,0.2,0.186,0.137,0.5118840579710144,76.2,1.725,0.883,0.6034782608695652,1.041
23.371071904545623,0.9271986022131625,0.091,0.243,0.085,0.202,0.176,0.125,0.4938846825859057,68.9,1.717,0.848,0.586488060570763,1.0070000000000001
21.330717113269042,0.9251856082238721,0.098,0.266,0.089,0.212,0.19,0.131,0.519131924614506,65.4,1.7510000000000001,0.909,0.6059394631639063,1.061
29.171281786798538,0.9267015706806283,0.107,0.254,0.08700000000000001,0.20400000000000001,0.178,0.126,0.5026178010471204,86.2,1.719,0.864,0.5916230366492147,1.0170000000000001
21.03057268623844,0.9266161910308678,0.093,0.263,0.08600000000000001,0.20400000000000001,0.187,0.126,0.49854397204426326,62.0,1.717,0.856,0.6103669190448456,1.048
22.05640204856881,0.9243306169965075,0.109,0.273,0.09,0.218,0.209,0.13,0.5139697322467986,65.10000000000001,1.718,0.883,0.6024447031431898,1.035
28.288533533288785,0.9236596736596736,0.1,0.28800000000000003,0.093,0.222,0.189,0.131,0.5064102564102564,83.30000000000001,1.716,0.869,0.5938228438228438,1.0190000000000001
19.852246069815486,0.9207100591715977,0.093,0.263,0.078,0.189,0.194,0.134,0.5402366863905326,56.7,1.69,0.913,0.6124260355029586,1.035
26.90645150879045,0.9236856981345393,0.10400000000000001,0.268,0.089,0.213,0.195,0.135,0.5364612775579424,84.2,1.7690000000000001,0.9490000000000001,0.6314301865460712,1.117
25.847162805436724,0.9354330708661417,0.10300000000000001,0.309,0.094,0.228,0.224,0.123,0.5380577427821522,93.80000000000001,1.905,1.025,0.6047244094488189,1.1520000000000001
25.94530566558539,0.9230769230769231,0.1,0.256,0.083,0.198,0.18,0.132,0.5192307692307693,76.4,1.716,0.891,0.6072261072261073,1.042
25.462962962962962,0.9261111111111111,0.099,0.279,0.088,0.218,0.199,0.133,0.52,82.5,1.8,0.936,0.6166666666666667,1.11
26.283812968421454,0.9215686274509803,0.1,0.278,0.088,0.20700000000000002,0.196,0.14400000000000002,0.5206971677559913,88.60000000000001,1.836,0.9560000000000001,0.6111111111111112,1.122
29.068195338272677,0.9279379157427938,0.10300000000000001,0.27,0.094,0.218,0.193,0.13,0.49057649667405767,94.60000000000001,1.804,0.885,0.5909090909090909,1.066
28.73441043083901,0.9208333333333333,0.096,0.257,0.08600000000000001,0.209,0.184,0.133,0.5,81.10000000000001,1.68,0.84,0.6142857142857143,1.032
25.72678157962439,0.9292084726867336,0.105,0.264,0.091,0.218,0.186,0.127,0.5022296544035675,82.80000000000001,1.794,0.901,0.6031215161649944,1.082
27.438639956024186,0.9255968906163242,0.1,0.267,0.092,0.219,0.185,0.134,0.4847307051637979,89.0,1.801,0.873,0.5980011104941699,1.077
20.041529807548073,0.9255735870173475,0.097,0.275,0.085,0.20400000000000001,0.192,0.133,0.5081141578063794,64.0,1.7870000000000001,0.908,0.591494124230554,1.057
27.82642953090217,0.9291938997821351,0.107,0.28,0.091,0.213,0.196,0.13,0.5152505446623094,93.80000000000001,1.836,0.9460000000000001,0.6045751633986928,1.11
37.82032482030408,0.9196787148594378,0.108,0.274,0.09,0.23,0.187,0.14,0.5180722891566265,114.9,1.743,0.903,0.591508892713712,1.031
29.35854691266177,0.9238258877434136,0.106,0.277,0.084,0.20800000000000002,0.195,0.133,0.5057273768613975,89.5,1.746,0.883,0.6036655211912944,1.054
23.287746471137474,0.923249299719888,0.1,0.278,0.091,0.218,0.201,0.137,0.5400560224089636,74.2,1.7850000000000001,0.964,0.6089635854341736,1.087
33.500320233522075,0.9258400926998841,0.096,0.28800000000000003,0.089,0.217,0.2,0.128,0.5156431054461182,99.80000000000001,1.726,0.89,0.608342989571263,1.05
22.50022351761632,0.9218839747271683,0.099,0.264,0.085,0.203,0.192,0.136,0.5215393452039058,68.2,1.741,0.908,0.5944859276278002,1.035
22.83051705743826,0.9296008869179601,0.10200000000000001,0.281,0.089,0.21,0.197,0.127,0.503880266075388,74.3,1.804,0.909,0.6019955654101996,1.086
25.274136800644616,0.9340044742729307,0.098,0.274,0.08700000000000001,0.217,0.192,0.11800000000000001,0.5234899328859061,80.80000000000001,1.788,0.936,0.6023489932885906,1.077
28.637697553031312,0.9218151995626025,0.099,0.292,0.092,0.223,0.2,0.14300000000000002,0.5205030071077091,95.80000000000001,1.829,0.9520000000000001,0.6178239475123019,1.1300000000000001
33.3442503120832,0.9259259259259259,0.101,0.278,0.091,0.222,0.197,0.136,0.5392156862745098,112.4,1.836,0.99,0.5844226579520697,1.073
28.116898471791075,0.9294836202109938,0.105,0.265,0.08600000000000001,0.21,0.20500000000000002,0.127,0.5147140477512493,91.2,1.801,0.927,0.5785674625208218,1.042
33.765752812905056,0.9328932893289329,0.111,0.292,0.088,0.224,0.20400000000000001,0.122,0.5462046204620462,111.60000000000001,1.818,0.993,0.6072607260726073,1.104
23.320751928772417,0.9212158808933002,0.098,0.25,0.079,0.192,0.177,0.127,0.5086848635235732,60.6,1.612,0.8200000000000001,0.6110421836228288,0.985
23.21710610217489,0.918625678119349,0.093,0.252,0.076,0.185,0.171,0.135,0.4918625678119349,63.900000000000006,1.659,0.8160000000000001,0.5925256178420736,0.983
25.87046505965425,0.9273648648648649,0.101,0.259,0.089,0.213,0.191,0.129,0.5022522522522522,81.60000000000001,1.776,0.892,0.5990990990990991,1.064
28.471083002300503,0.9194939620471535,0.097,0.276,0.085,0.20500000000000002,0.196,0.14,0.4945370902817711,86.10000000000001,1.739,0.86,0.5917193789534215,1.029
35.628509452679644,0.9237472766884531,0.115,0.289,0.094,0.23700000000000002,0.20800000000000002,0.14,0.5059912854030502,120.10000000000001,1.836,0.929,0.585511982570806,1.075
31.103243436559744,0.9195064629847238,0.096,0.262,0.084,0.20800000000000002,0.196,0.137,0.5293772032902467,90.10000000000001,1.702,0.901,0.6039952996474736,1.028
29.18713471261071,0.9209580838323354,0.097,0.246,0.089,0.216,0.178,0.132,0.5077844311377245,81.4,1.67,0.848,0.5934131736526946,0.991
24.847062049111504,0.9242250287026407,0.10200000000000001,0.272,0.081,0.201,0.197,0.132,0.5126291618828932,75.4,1.742,0.893,0.6102181400688863,1.063
26.790123456790127,0.9261111111111111,0.101,0.268,0.091,0.217,0.196,0.133,0.49722222222222223,86.80000000000001,1.8,0.895,0.5822222222222222,1.048
26.666181465452834,0.9300928454396504,0.099,0.28500000000000003,0.091,0.219,0.201,0.128,0.5308574549426542,89.4,1.831,0.972,0.6302566903331512,1.154
22.08816112866673,0.923728813559322,0.1,0.269,0.088,0.21,0.188,0.135,0.4937853107344633,69.2,1.77,0.874,0.5853107344632769,1.036
30.03671424042358,0.924572775486152,0.094,0.269,0.084,0.203,0.186,0.128,0.4908662345315262,86.5,1.697,0.833,0.591632292280495,1.004
33.530679306256566,0.9240719910011248,0.11,0.299,0.091,0.224,0.201,0.135,0.5281214848143982,106.0,1.778,0.9390000000000001,0.609111361079865,1.083
30.818343709643155,0.9232571763327475,0.10200000000000001,0.28200000000000003,0.088,0.21,0.193,0.131,0.5131810193321616,89.80000000000001,1.707,0.876,0.6028119507908611,1.029
26.31032564010996,0.9193083573487032,0.106,0.269,0.088,0.222,0.194,0.14,0.5273775216138329,79.2,1.735,0.915,0.6057636887608069,1.051
30.449067081524543,0.9165659008464329,0.097,0.26,0.08700000000000001,0.212,0.188,0.138,0.5042321644498187,83.30000000000001,1.6540000000000001,0.834,0.5804111245465539,0.96
25.16750371919777,0.9269788182831661,0.10400000000000001,0.281,0.08600000000000001,0.20500000000000002,0.201,0.131,0.5161649944258639,81.0,1.794,0.926,0.6098104793756968,1.094
30.126056690750005,0.9244024458032241,0.1,0.28400000000000003,0.09,0.21,0.194,0.136,0.50917176209005,97.5,1.799,0.916,0.5886603668704836,1.059
20.945193220834245,0.9321581196581197,0.10400000000000001,0.294,0.092,0.219,0.222,0.127,0.5251068376068376,73.4,1.872,0.983,0.6185897435897436,1.158
23.129436524944744,0.9137822529893015,0.092,0.243,0.08,0.196,0.171,0.137,0.48332284455632474,58.400000000000006,1.589,0.768,0.5758338577721838,0.915
22.759555523088284,0.927065527065527,0.105,0.28,0.08600000000000001,0.20600000000000002,0.195,0.128,0.5196581196581197,70.10000000000001,1.7550000000000001,0.912,0.5982905982905983,1.05
22.315158945073364,0.9292479108635098,0.095,0.268,0.084,0.202,0.195,0.127,0.5259052924791087,71.9,1.795,0.9440000000000001,0.6111420612813371,1.097
25.764817130500823,0.9239256678281068,0.097,0.259,0.089,0.209,0.185,0.131,0.5133565621370499,76.4,1.722,0.884,0.6039488966318235,1.04
20.204369209232073,0.9302575107296137,0.096,0.258,0.081,0.195,0.184,0.13,0.5171673819742489,70.2,1.864,0.964,0.6158798283261803,1.1480000000000001
25.87458266802148,0.9204819277108434,0.097,0.264,0.081,0.195,0.177,0.132,0.5108433734939759,71.3,1.6600000000000001,0.848,0.5873493975903614,0.975
25.960795810796,0.9228634850166482,0.10300000000000001,0.278,0.091,0.218,0.2,0.139,0.5199778024417314,84.30000000000001,1.802,0.937,0.607103218645949,1.094
23.593903287665764,0.9246313489896232,0.107,0.28800000000000003,0.092,0.217,0.198,0.138,0.5155652648825778,79.10000000000001,1.831,0.9440000000000001,0.5914800655379574,1.083
24.022950783196872,0.9239386792452831,0.1,0.263,0.08600000000000001,0.21,0.19,0.129,0.5170990566037735,69.10000000000001,1.696,0.877,0.6008254716981132,1.0190000000000001
23.662540955622703,0.9288939051918735,0.1,0.271,0.085,0.20700000000000002,0.184,0.126,0.5124153498871332,74.3,1.772,0.908,0.608352144469526,1.078
21.31705933434255,0.9226225634967513,0.096,0.258,0.08,0.193,0.18,0.131,0.4932073242764324,61.1,1.693,0.835,0.5912581216774956,1.0010000000000001
21.469692461990974,0.9241097489784005,0.10400000000000001,0.273,0.09,0.215,0.202,0.13,0.5370694687682428,63.0,1.713,0.92,0.6082895504962055,1.042
24.660108225996513,0.9225181598062954,0.096,0.25,0.08,0.193,0.178,0.128,0.4939467312348668,67.3,1.6520000000000001,0.8160000000000001,0.6004842615012107,0.992
25.97557140307185,0.9212827988338192,0.10400000000000001,0.28,0.091,0.219,0.196,0.135,0.519533527696793,76.4,1.715,0.891,0.60466472303207,1.037
27.63796918519791,0.9235259778166959,0.101,0.28,0.083,0.203,0.192,0.131,0.545826036193812,81.10000000000001,1.713,0.935,0.62405137186223,1.069
26.503881536199174,0.9233918128654971,0.10400000000000001,0.27,0.085,0.203,0.181,0.131,0.519298245614035,77.5,1.71,0.888,0.6099415204678362,1.043
28.277877274012628,0.9268989149057681,0.105,0.28700000000000003,0.092,0.223,0.193,0.128,0.5174186179326099,86.7,1.7510000000000001,0.906,0.6025128498001142,1.055
20.37937994927799,0.9244604316546763,0.088,0.259,0.078,0.187,0.184,0.126,0.5203836930455635,56.7,1.668,0.868,0.6031175059952039,1.006
31.60492157923202,0.922093023255814,0.114,0.289,0.09,0.222,0.202,0.134,0.5255813953488372,93.5,1.72,0.904,0.6063953488372092,1.043
23.37472607742878,0.9219219219219219,0.096,0.256,0.088,0.20600000000000002,0.184,0.13,0.5099099099099099,64.8,1.665,0.849,0.6054054054054054,1.008
27.752877478575787,0.918562874251497,0.099,0.256,0.082,0.201,0.183,0.136,0.5239520958083832,77.4,1.67,0.875,0.611377245508982,1.0210000000000001
21.699543765660955,0.9309791332263242,0.099,0.293,0.09,0.213,0.217,0.129,0.5131086142322098,75.8,1.869,0.9590000000000001,0.5922953451043339,1.107
25.338307096743147,0.9226650803093397,0.10300000000000001,0.269,0.089,0.211,0.185,0.13,0.5038667459845331,71.60000000000001,1.681,0.847,0.6091612135633552,1.024
26.291092174758827,0.9159717767799872,0.097,0.253,0.083,0.197,0.192,0.131,0.5157152020525978,63.900000000000006,1.559,0.804,0.5978191148171905,0.932
27.28281702200319,0.9304783092324805,0.10200000000000001,0.291,0.092,0.219,0.217,0.125,0.5328142380422692,88.2,1.798,0.9580000000000001,0.6112347052280311,1.099
24.530561403459167,0.9215219976218787,0.092,0.269,0.08,0.196,0.185,0.132,0.5285374554102259,69.4,1.682,0.889,0.617717003567182,1.039
25.762971461493027,0.9185008923259964,0.101,0.26,0.084,0.198,0.189,0.137,0.5145746579417013,72.8,1.681,0.865,0.5722784057108864,0.962
23.17136298197571,0.9240506329113924,0.109,0.28800000000000003,0.08600000000000001,0.20400000000000001,0.20700000000000002,0.138,0.5376995046780407,76.5,1.817,0.977,0.6152999449642268,1.118
34.12986288265306,0.9263392857142857,0.11800000000000001,0.292,0.098,0.232,0.20600000000000002,0.132,0.5066964285714286,109.60000000000001,1.792,0.908,0.5954241071428571,1.067
21.768216931625723,0.9246954595791805,0.097,0.258,0.088,0.213,0.183,0.136,0.49667774086378735,71.0,1.806,0.897,0.602436323366556,1.088
28.921788046259472,0.919026047565119,0.112,0.28500000000000003,0.09,0.217,0.194,0.14300000000000002,0.48640996602491504,90.2,1.766,0.859,0.6064552661381654,1.071
25.590569428241135,0.9246260069044879,0.107,0.278,0.097,0.231,0.193,0.131,0.5299194476409667,77.30000000000001,1.738,0.921,0.5914844649021864,1.028
24.19022686624427,0.9216152019002375,0.101,0.259,0.084,0.20800000000000002,0.185,0.132,0.5267220902612827,68.60000000000001,1.684,0.887,0.5932304038004751,0.999
19.983756061144582,0.9265232974910395,0.097,0.258,0.089,0.217,0.18,0.123,0.5232974910394266,56.0,1.674,0.876,0.6105137395459976,1.022
24.51567435660462,0.9227323628219485,0.105,0.266,0.095,0.224,0.191,0.138,0.5128779395296752,78.2,1.786,0.916,0.6142217245240762,1.097
24.41134116880668,0.9186800235710076,0.1,0.25,0.082,0.201,0.185,0.138,0.5091337654684738,70.3,1.697,0.864,0.6075427224513847,1.031
28.367523664486843,0.9240437158469945,0.11,0.272,0.09,0.217,0.201,0.139,0.5153005464480874,95.0,1.83,0.9430000000000001,0.5890710382513661,1.078
21.320858431930727,0.9222156747200942,0.099,0.259,0.085,0.20700000000000002,0.194,0.132,0.5203299941072481,61.400000000000006,1.697,0.883,0.5992928697701827,1.0170000000000001
22.923984552387974,0.9262114537444934,0.10300000000000001,0.278,0.085,0.20700000000000002,0.199,0.134,0.5346916299559471,75.60000000000001,1.816,0.971,0.6161894273127754,1.119
26.67295688779213,0.9246987951807228,0.094,0.266,0.083,0.202,0.186,0.125,0.5445783132530121,73.5,1.6600000000000001,0.904,0.5957831325301205,0.989
27.638572405805025,0.9244497323022011,0.10200000000000001,0.265,0.089,0.209,0.192,0.127,0.5086258179654968,78.10000000000001,1.681,0.855,0.6145151695419393,1.033
26.364491682261352,0.9287245444801715,0.098,0.28,0.09,0.21,0.202,0.133,0.5273311897106109,91.80000000000001,1.866,0.984,0.6130760986066452,1.1440000000000001
24.951135800390915,0.9192660550458716,0.096,0.241,0.08,0.193,0.17500000000000002,0.132,0.491131498470948,66.7,1.635,0.803,0.6012232415902141,0.983
23.438912461598004,0.9213744903902155,0.092,0.255,0.083,0.20700000000000002,0.192,0.135,0.5369831100757134,69.10000000000001,1.717,0.922,0.5963890506697729,1.024
30.79233507720694,0.9223516361619523,0.114,0.303,0.098,0.23600000000000002,0.215,0.14,0.5230171935662784,100.10000000000001,1.803,0.9430000000000001,0.6228508042151969,1.123
26.80202829853815,0.9155884165126309,0.10400000000000001,0.265,0.08600000000000001,0.20500000000000002,0.182,0.137,0.5163277880468269,70.60000000000001,1.623,0.838,0.6118299445471349,0.993
25.51703187986962,0.9306590257879657,0.105,0.277,0.08700000000000001,0.20500000000000002,0.195,0.121,0.5277936962750717,77.7,1.745,0.921,0.6097421203438396,1.064
25.27777777777778,0.9261111111111111,0.10400000000000001,0.281,0.08600000000000001,0.212,0.192,0.133,0.5111111111111111,81.9,1.8,0.92,0.6066666666666667,1.092
31.726421070345122,0.9270771069934249,0.10400000000000001,0.259,0.08700000000000001,0.211,0.193,0.122,0.5104602510460251,88.80000000000001,1.673,0.854,0.5995218170950388,1.0030000000000001
26.568956611570254,0.9261363636363636,0.10200000000000001,0.28,0.084,0.20700000000000002,0.188,0.13,0.5210227272727272,82.30000000000001,1.76,0.917,0.6130681818181818,1.079
21.726279629462997,0.9268943436499466,0.106,0.28300000000000003,0.091,0.213,0.20700000000000002,0.137,0.5400213447171825,76.3,1.874,1.012,0.624332977588047,1.17
31.31488455653725,0.9235192639447959,0.10300000000000001,0.261,0.085,0.203,0.196,0.133,0.5296147211040828,94.7,1.739,0.921,0.6239217941345601,1.085
25.935491890847047,0.9218482601254991,0.101,0.275,0.085,0.203,0.193,0.137,0.5202509982886481,79.7,1.7530000000000001,0.912,0.612093553907587,1.073
27.144336014945356,0.9276780859162589,0.106,0.28,0.085,0.20800000000000002,0.186,0.133,0.5220228384991843,91.80000000000001,1.839,0.96,0.6128330614464382,1.127
25.378298140555167,0.92789794786467,0.099,0.272,0.085,0.199,0.193,0.13,0.502495840266223,82.5,1.803,0.906,0.6100942872989462,1.1
25.72336398053002,0.925,0.099,0.256,0.081,0.196,0.182,0.129,0.5127906976744186,76.10000000000001,1.72,0.882,0.6337209302325582,1.09
25.680775140258948,0.9261744966442953,0.101,0.273,0.09,0.216,0.196,0.132,0.5419463087248322,82.10000000000001,1.788,0.969,0.6079418344519015,1.087
22.413939876439564,0.9237718802936195,0.093,0.258,0.085,0.199,0.199,0.135,0.5031055900621118,70.3,1.7710000000000001,0.891,0.6070016939582157,1.075
21.262599751493365,0.9225310467179184,0.096,0.257,0.081,0.19,0.177,0.131,0.5186280307510349,60.800000000000004,1.691,0.877,0.5819041986989947,0.984
23.478060813230172,0.9239698200812536,0.10400000000000001,0.27,0.08700000000000001,0.212,0.183,0.131,0.5084155542658154,69.7,1.723,0.876,0.5977945443993036,1.03
23.00921550094518,0.9271739130434783,0.10200000000000001,0.276,0.09,0.215,0.203,0.134,0.5206521739130435,77.9,1.84,0.9580000000000001,0.6114130434782609,1.125
27.621826095098097,0.9224762967094255,0.107,0.277,0.094,0.225,0.189,0.139,0.48243167875069715,88.80000000000001,1.793,0.865,0.5956497490239822,1.068
25.11637676336577,0.9251968503937008,0.10300000000000001,0.275,0.08,0.197,0.185,0.133,0.5174353205849269,79.4,1.778,0.92,0.610236220472441,1.085
25.421881092543796,0.9258649093904449,0.116,0.296,0.1,0.233,0.20800000000000002,0.135,0.5222405271828665,84.30000000000001,1.821,0.9510000000000001,0.6024162548050521,1.097
24.901161408482945,0.9240356083086053,0.099,0.259,0.083,0.203,0.186,0.128,0.4902077151335312,70.7,1.685,0.8260000000000001,0.5893175074183976,0.993
29.845370628917838,0.9227642276422764,0.097,0.257,0.08600000000000001,0.20800000000000002,0.185,0.133,0.516260162601626,88.5,1.722,0.889,0.5952380952380952,1.025
34.26551415827219,0.9266517357222844,0.10300000000000001,0.28400000000000003,0.08700000000000001,0.20800000000000002,0.197,0.131,0.5195968645016797,109.30000000000001,1.786,0.928,0.6013437849944009,1.074
23.797500315616716,0.9252808988764045,0.101,0.272,0.088,0.21,0.191,0.133,0.5168539325842697,75.4,1.78,0.92,0.6061797752808988,1.079
25.185069095816385,0.9304251794588625,0.101,0.273,0.08700000000000001,0.212,0.192,0.126,0.5140806184428492,82.60000000000001,1.811,0.931,0.6129210381004969,1.11
27.99551194991872,0.9272523782876329,0.109,0.281,0.099,0.232,0.199,0.13,0.5131505316172356,89.4,1.7870000000000001,0.917,0.6267487409065473,1.12
25.26588084977143,0.9244851258581236,0.092,0.243,0.085,0.202,0.17500000000000002,0.132,0.5045766590389016,77.2,1.748,0.882,0.6167048054919908,1.078
21.380154677655348,0.9278688524590164,0.106,0.289,0.098,0.226,0.193,0.132,0.5103825136612021,71.60000000000001,1.83,0.934,0.6081967213114754,1.113
24.83284324021564,0.9251207729468599,0.091,0.255,0.082,0.193,0.177,0.124,0.5018115942028986,68.10000000000001,1.6560000000000001,0.8310000000000001,0.571256038647343,0.9460000000000001
26.926585029789052,0.9240088105726872,0.106,0.28,0.089,0.21,0.202,0.138,0.5082599118942731,88.80000000000001,1.816,0.923,0.6189427312775331,1.124
24.248774612093833,0.9310740953475014,0.105,0.268,0.08600000000000001,0.2,0.197,0.12,0.511200459506031,73.5,1.741,0.89,0.5973578403216542,1.04
25.976798220047456,0.9220630372492836,0.099,0.272,0.092,0.217,0.195,0.136,0.501432664756447,79.10000000000001,1.745,0.875,0.6063037249283668,1.058
25.232578890604515,0.9242339832869081,0.101,0.28700000000000003,0.089,0.21,0.192,0.136,0.5192200557103064,81.30000000000001,1.795,0.932,0.6050139275766017,1.086
26.673177321973725,0.9233409610983981,0.101,0.265,0.088,0.20700000000000002,0.19,0.134,0.4965675057208238,81.5,1.748,0.868,0.6064073226544623,1.06
25.44735218767514,0.9224806201550387,0.10200000000000001,0.276,0.084,0.199,0.187,0.14,0.5143964562569213,83.0,1.806,0.929,0.5952380952380952,1.075
25.11095295372787,0.9228504122497055,0.098,0.267,0.083,0.202,0.184,0.131,0.502944640753828,72.4,1.698,0.854,0.6012956419316844,1.0210000000000001
21.074414818680534,0.9268565047459519,0.097,0.281,0.085,0.203,0.198,0.131,0.5214963707426019,67.60000000000001,1.7910000000000001,0.934,0.6041317699609157,1.082
22.998342533245015,0.9242513211978861,0.10300000000000001,0.266,0.088,0.20800000000000002,0.19,0.129,0.5079271873165003,66.7,1.703,0.865,0.5907222548443922,1.006
24.329812305361504,0.9243119266055045,0.10300000000000001,0.28,0.084,0.2,0.198,0.132,0.518348623853211,74.0,1.744,0.904,0.6186926605504587,1.079
21.547976783655113,0.924865831842576,0.097,0.25,0.084,0.202,0.17400000000000002,0.126,0.5140131186642815,60.6,1.677,0.862,0.6028622540250447,1.0110000000000001
27.408205738070464,0.918778801843318,0.10200000000000001,0.272,0.084,0.20500000000000002,0.186,0.14100000000000001,0.5161290322580645,82.60000000000001,1.736,0.896,0.6082949308755761,1.056
23.418425504326922,0.925531914893617,0.098,0.275,0.088,0.20800000000000002,0.19,0.133,0.5162374020156775,74.7,1.786,0.922,0.5963045912653976,1.065
31.024018557635152,0.9273412271259419,0.10200000000000001,0.28,0.092,0.222,0.202,0.135,0.5231431646932185,107.10000000000001,1.858,0.972,0.5990312163616792,1.113
25.655609456145726,0.9236224768139661,0.1,0.28500000000000003,0.092,0.225,0.203,0.14,0.524822695035461,86.2,1.833,0.962,0.6110201854882706,1.12
25.817174515235454,0.9305263157894736,0.113,0.28300000000000003,0.092,0.22,0.199,0.132,0.5205263157894737,93.2,1.9000000000000001,0.989,0.6073684210526316,1.154
23.896915421706495,0.9236947791164659,0.096,0.259,0.08700000000000001,0.211,0.199,0.133,0.5077452667814114,72.60000000000001,1.743,0.885,0.5995410212277682,1.045
22.541953172005755,0.9221004039238315,0.094,0.244,0.079,0.187,0.182,0.135,0.517599538372764,67.7,1.733,0.897,0.6099249855741489,1.057
28.439832185285834,0.9220630372492836,0.106,0.276,0.089,0.22,0.211,0.136,0.5220630372492837,86.60000000000001,1.745,0.911,0.6126074498567335,1.069
22.302140790184843,0.9284525790349417,0.10300000000000001,0.277,0.09,0.213,0.199,0.129,0.5108153078202995,72.5,1.803,0.921,0.6084303937881309,1.097
26.411129615941277,0.9171044950379451,0.098,0.264,0.082,0.199,0.184,0.14200000000000002,0.4956217162872154,77.5,1.713,0.849,0.5925277291301809,1.0150000000000001
21.501690671639942,0.9134808853118712,0.091,0.23800000000000002,0.08,0.187,0.165,0.129,0.4902749832327297,47.800000000000004,1.491,0.731,0.5895372233400402,0.879
24.588914123377926,0.9246458923512748,0.107,0.28700000000000003,0.088,0.20800000000000002,0.20700000000000002,0.133,0.49971671388101985,76.60000000000001,1.7650000000000001,0.882,0.6062322946175638,1.07
28.7289229152074,0.9185059422750425,0.105,0.264,0.092,0.218,0.192,0.14400000000000002,0.4923599320882852,89.7,1.7670000000000001,0.87,0.6004527447651387,1.061
22.363401132930534,0.9255499153976311,0.1,0.275,0.089,0.213,0.198,0.132,0.5081782289904118,70.3,1.7730000000000001,0.901,0.6102650874224478,1.082
24.212293388429753,0.9215909090909091,0.10300000000000001,0.268,0.095,0.223,0.183,0.138,0.46988636363636366,75.0,1.76,0.8270000000000001,0.5801136363636363,1.0210000000000001
27.783023127888935,0.92378223495702,0.10400000000000001,0.265,0.08700000000000001,0.213,0.187,0.133,0.5031518624641834,84.60000000000001,1.745,0.878,0.5931232091690545,1.035
20.099950117611872,0.919728660260034,0.099,0.267,0.08600000000000001,0.199,0.187,0.14200000000000002,0.5110231769361221,62.900000000000006,1.7690000000000001,0.904,0.600904465799887,1.063
23.349359484615956,0.9243799153055051,0.099,0.256,0.08,0.197,0.17300000000000001,0.125,0.5130066545674531,63.800000000000004,1.653,0.848,0.6182698124621899,1.022
26.034666384138003,0.9249054565099946,0.10400000000000001,0.28,0.091,0.22,0.198,0.139,0.5240410588870881,89.2,1.851,0.97,0.593192868719611,1.098
21.56231444892611,0.9264705882352942,0.099,0.28200000000000003,0.088,0.213,0.197,0.13,0.5288461538461539,67.4,1.768,0.935,0.6142533936651584,1.086
22.302620264018483,0.9254727474972191,0.098,0.262,0.08600000000000001,0.20600000000000002,0.197,0.134,0.5261401557285873,72.10000000000001,1.798,0.9460000000000001,0.6145717463848721,1.105
25.124565334080142,0.9221014492753623,0.1,0.273,0.084,0.197,0.203,0.129,0.5253623188405797,68.9,1.6560000000000001,0.87,0.625,1.035
23.711709369728606,0.9228587634713556,0.107,0.272,0.083,0.198,0.197,0.136,0.5138967668746455,73.7,1.7630000000000001,0.906,0.6148610323312536,1.084
24.117572693989615,0.9309376754632229,0.099,0.275,0.092,0.218,0.194,0.123,0.5221785513756316,76.5,1.7810000000000001,0.93,0.6069623806850084,1.081
26.255778199412795,0.9246031746031746,0.10400000000000001,0.28600000000000003,0.089,0.216,0.20400000000000001,0.133,0.5249433106575964,81.7,1.764,0.926,0.6213151927437641,1.096
28.516167427097802,0.9196009389671361,0.107,0.257,0.08700000000000001,0.211,0.181,0.137,0.4812206572769953,82.80000000000001,1.704,0.8200000000000001,0.5933098591549296,1.0110000000000001
23.153617965303575,0.919533527696793,0.1,0.254,0.089,0.211,0.183,0.138,0.5049562682215744,68.10000000000001,1.715,0.866,0.6110787172011661,1.048
28.216668424912523,0.9250281848928974,0.101,0.272,0.085,0.20800000000000002,0.196,0.133,0.5090191657271702,88.80000000000001,1.774,0.903,0.5986471251409244,1.062
28.06323677055491,0.9232599643069601,0.1,0.258,0.08600000000000001,0.20600000000000002,0.183,0.129,0.5050565139797739,79.30000000000001,1.681,0.849,0.5984533016061868,1.006
26.89827186440763,0.9249720044792833,0.094,0.276,0.08,0.198,0.188,0.134,0.4966405375139978,85.80000000000001,1.786,0.887,0.5907054871220605,1.055
23.675038334806096,0.925639500297442,0.101,0.266,0.08600000000000001,0.20400000000000001,0.192,0.125,0.5252825698988697,66.9,1.681,0.883,0.6216537775133849,1.045
22.08718380452659,0.9269911504424779,0.096,0.264,0.082,0.193,0.183,0.132,0.5226769911504425,72.2,1.808,0.9450000000000001,0.6150442477876106,1.112
25.67493112947658,0.9206060606060606,0.109,0.268,0.091,0.219,0.195,0.131,0.5163636363636364,69.9,1.6500000000000001,0.852,0.6024242424242424,0.994
31.72421274706703,0.9193548387096774,0.10400000000000001,0.272,0.09,0.212,0.191,0.135,0.5197132616487455,88.9,1.674,0.87,0.5902031063321386,0.988
27.4018818290931,0.9133416458852868,0.092,0.248,0.08,0.192,0.176,0.139,0.5037406483790524,70.5,1.604,0.808,0.5910224438902744,0.9480000000000001
23.78751631143976,0.9228468899521531,0.097,0.258,0.084,0.198,0.178,0.129,0.4988038277511962,66.5,1.672,0.834,0.5831339712918661,0.975
25.106164124413713,0.9241223103057757,0.093,0.28,0.081,0.192,0.187,0.134,0.5164212910532276,78.30000000000001,1.766,0.912,0.6143827859569649,1.085
27.945288185784417,0.9222520107238605,0.106,0.3,0.094,0.226,0.212,0.145,0.5136729222520108,97.2,1.865,0.9580000000000001,0.5946380697050938,1.109
25.600649490010532,0.929125138427464,0.098,0.281,0.092,0.218,0.203,0.128,0.5155038759689923,83.5,1.806,0.931,0.6052048726467331,1.093
26.95204122076893,0.9189655172413793,0.099,0.271,0.083,0.196,0.187,0.14100000000000001,0.521264367816092,81.60000000000001,1.74,0.907,0.593103448275862,1.032
27.808363569816883,0.9200233508464681,0.101,0.264,0.078,0.187,0.177,0.137,0.46701692936368944,81.60000000000001,1.713,0.8,0.5796847635726795,0.993
22.625181662042543,0.9229885057471264,0.1,0.243,0.088,0.211,0.177,0.134,0.49885057471264366,68.5,1.74,0.868,0.5936781609195402,1.033
28.075042938300964,0.917816091954023,0.10300000000000001,0.272,0.089,0.216,0.183,0.14300000000000002,0.5109195402298851,85.0,1.74,0.889,0.5867816091954023,1.0210000000000001
22.92199293888483,0.9206081081081081,0.099,0.28,0.088,0.212,0.195,0.14100000000000001,0.5512387387387387,72.3,1.776,0.979,0.6052927927927928,1.075
27.260238187424484,0.9260259179265659,0.117,0.301,0.098,0.243,0.20600000000000002,0.137,0.5334773218142549,93.5,1.852,0.988,0.603671706263499,1.118
21.027437894064235,0.9309228278467351,0.094,0.28300000000000003,0.08600000000000001,0.20400000000000001,0.211,0.128,0.5385860766324878,72.2,1.853,0.998,0.6270912034538586,1.162
30.318251750994808,0.9290187891440501,0.106,0.29,0.1,0.241,0.216,0.136,0.5109603340292276,111.30000000000001,1.9160000000000001,0.979,0.6017745302713987,1.153
33.45157803030035,0.9310532030401737,0.105,0.292,0.093,0.222,0.20600000000000002,0.127,0.5217155266015201,113.5,1.842,0.961,0.6036916395222585,1.112
25.61007793989539,0.9264118653736452,0.10300000000000001,0.267,0.095,0.225,0.193,0.129,0.5105533371363377,78.7,1.7530000000000001,0.895,0.5944095835710211,1.042
21.563803147865347,0.927437641723356,0.097,0.279,0.08600000000000001,0.20500000000000002,0.195,0.128,0.5255102040816326,67.10000000000001,1.764,0.927,0.6122448979591837,1.08
29.063633431937355,0.9247371333702269,0.107,0.272,0.088,0.221,0.19,0.136,0.5146651909241837,94.9,1.807,0.93,0.5926950747094631,1.071
27.74640578736913,0.9281767955801105,0.10200000000000001,0.275,0.078,0.183,0.183,0.13,0.5116022099447514,90.9,1.81,0.926,0.5977900552486188,1.082
22.3749365148221,0.9190505173463177,0.099,0.256,0.083,0.198,0.185,0.133,0.519780888618381,60.400000000000006,1.643,0.854,0.6055995130858186,0.995
26.4807359073637,0.9285714285714286,0.10300000000000001,0.28,0.088,0.214,0.187,0.126,0.5130385487528345,82.4,1.764,0.905,0.5929705215419501,1.046
28.153072549990785,0.9266779469825155,0.099,0.28300000000000003,0.08600000000000001,0.21,0.192,0.13,0.5414551607445008,88.5,1.7730000000000001,0.96,0.6074450084602369,1.077
24.701296406373057,0.919527293190771,0.101,0.253,0.082,0.202,0.186,0.14300000000000002,0.5211029825548678,78.0,1.7770000000000001,0.926,0.5976364659538548,1.062
24.406051339167185,0.9229871645274212,0.096,0.265,0.083,0.203,0.18,0.132,0.5361726954492415,71.7,1.714,0.919,0.6015169194865811,1.031
24.125339408882372,0.9262569832402234,0.098,0.266,0.088,0.20600000000000002,0.192,0.132,0.5229050279329609,77.30000000000001,1.79,0.936,0.6061452513966481,1.085
23.151807289749605,0.9276914836636315,0.10200000000000001,0.278,0.089,0.211,0.203,0.135,0.5168719871451527,80.7,1.867,0.965,0.6031065881092662,1.1260000000000001
26.946231503547633,0.9180907483794932,0.098,0.25,0.09,0.213,0.177,0.139,0.4908662345315262,77.60000000000001,1.697,0.833,0.5810253388332351,0.986
29.110718696831864,0.9248329621380846,0.101,0.279,0.088,0.212,0.191,0.135,0.5111358574610245,93.9,1.796,0.918,0.6041202672605791,1.085
28.689874644572587,0.925845147219193,0.10200000000000001,0.28700000000000003,0.093,0.226,0.209,0.136,0.5207197382769901,96.5,1.834,0.9550000000000001,0.6019629225736096,1.104
27.29227444226024,0.9212507237984945,0.10400000000000001,0.274,0.08600000000000001,0.2,0.18,0.136,0.5165026056745802,81.4,1.727,0.892,0.6056745801968731,1.046
28.50009414400134,0.9318306761957119,0.109,0.295,0.09,0.219,0.212,0.124,0.560197910940077,94.30000000000001,1.819,1.0190000000000001,0.617372182517867,1.123
25.993573863039202,0.9278523489932886,0.105,0.28500000000000003,0.096,0.228,0.201,0.129,0.5548098434004475,83.10000000000001,1.788,0.992,0.62248322147651,1.113
26.900313858838555,0.9238694905552376,0.10200000000000001,0.275,0.094,0.223,0.20400000000000001,0.133,0.5535203205495135,82.10000000000001,1.747,0.967,0.6199198626216371,1.083
30.383277465889662,0.9202066590126292,0.10300000000000001,0.278,0.089,0.214,0.20800000000000002,0.139,0.5241102181400689,92.2,1.742,0.913,0.6061997703788748,1.056
32.17506206628311,0.9271007234279355,0.107,0.28700000000000003,0.092,0.225,0.197,0.131,0.5498052309404563,103.9,1.797,0.988,0.5998887033945465,1.078
24.032041883696866,0.9265283230510376,0.10200000000000001,0.27,0.085,0.20600000000000002,0.197,0.131,0.5109366236679753,76.4,1.7830000000000001,0.911,0.6074032529444756,1.083
22.239598193377518,0.9182134570765661,0.106,0.262,0.091,0.218,0.186,0.14100000000000001,0.5220417633410673,66.10000000000001,1.724,0.9,0.6049883990719258,1.043
27.885448185423314,0.9250133904659882,0.106,0.28,0.094,0.223,0.212,0.14,0.5179432244242099,97.2,1.867,0.967,0.614354579539368,1.147
21.78996598639456,0.919047619047619,0.109,0.266,0.088,0.213,0.19,0.136,0.5148809523809523,61.5,1.68,0.865,0.5827380952380953,0.979
23.63062633186371,0.9224629418472063,0.099,0.274,0.09,0.212,0.193,0.136,0.5250855188141391,72.7,1.754,0.921,0.6031927023945268,1.058
24.911123783639496,0.9156403940886699,0.101,0.23900000000000002,0.084,0.203,0.176,0.137,0.4895320197044335,65.7,1.624,0.795,0.5868226600985221,0.9530000000000001
25.85127377817874,0.9177409453652547,0.106,0.264,0.08600000000000001,0.211,0.185,0.134,0.5064456721915286,68.60000000000001,1.629,0.8250000000000001,0.5954573357888275,0.97
21.470055641932916,0.9292084726867336,0.095,0.26,0.083,0.203,0.183,0.127,0.5133779264214047,69.10000000000001,1.794,0.921,0.5975473801560758,1.072
28.948219962057998,0.9175062972292192,0.094,0.25,0.078,0.187,0.164,0.131,0.5170025188916877,73.0,1.588,0.8210000000000001,0.5969773299748111,0.9480000000000001
24.43187611648377,0.9228998849252014,0.098,0.28400000000000003,0.089,0.212,0.2,0.134,0.5466052934407365,73.8,1.738,0.9500000000000001,0.6070195627157653,1.055
26.48977384355581,0.9269102990033222,0.099,0.276,0.091,0.221,0.198,0.132,0.5382059800664452,86.4,1.806,0.972,0.6057585825027686,1.094
24.15859421109353,0.9271412680756396,0.10300000000000001,0.291,0.08600000000000001,0.20700000000000002,0.209,0.131,0.5317018909899889,78.10000000000001,1.798,0.9560000000000001,0.6195773081201335,1.114
29.80355029585799,0.9224615384615384,0.099,0.255,0.09,0.212,0.182,0.126,0.5089230769230769,78.7,1.625,0.8270000000000001,0.5987692307692307,0.973
36.26685826171372,0.9197892271662763,0.101,0.262,0.089,0.218,0.17500000000000002,0.137,0.5240046838407494,105.80000000000001,1.708,0.895,0.5884074941451991,1.0050000000000001
30.542301442228048,0.9189994044073854,0.10300000000000001,0.267,0.091,0.213,0.185,0.136,0.509827278141751,86.10000000000001,1.679,0.856,0.6021441334127456,1.0110000000000001
27.39591836734694,0.924,0.1,0.28,0.088,0.212,0.197,0.133,0.5165714285714286,83.9,1.75,0.904,0.6142857142857143,1.075
29.57574615205282,0.9265033407572383,0.105,0.278,0.089,0.218,0.193,0.132,0.5200445434298441,95.4,1.796,0.934,0.6074610244988864,1.091
22.139467457485306,0.9213239283776451,0.099,0.275,0.084,0.20500000000000002,0.193,0.145,0.5035268583830711,75.2,1.843,0.928,0.6028214867064569,1.111
27.845845399866338,0.9242250287026407,0.101,0.265,0.091,0.218,0.182,0.132,0.5321469575200919,84.5,1.742,0.927,0.5884041331802525,1.025
27.744900929832035,0.9148170365926814,0.098,0.259,0.085,0.20700000000000002,0.17500000000000002,0.14200000000000002,0.50749850029994,77.10000000000001,1.667,0.846,0.5866826634673066,0.978
25.34422398825542,0.9248075784487862,0.095,0.263,0.084,0.20800000000000002,0.185,0.127,0.5162818235642392,72.3,1.689,0.872,0.590882178804026,0.998
23.75871042312585,0.9256646771568096,0.10200000000000001,0.291,0.09,0.219,0.20800000000000002,0.137,0.5415084102007597,80.7,1.843,0.998,0.6261530113944656,1.154
27.32193828597764,0.9296668429402433,0.1,0.28,0.082,0.20400000000000001,0.193,0.133,0.5150713907985193,97.7,1.891,0.974,0.6150185087255421,1.163
27.201889020070837,0.9277922077922078,0.101,0.28600000000000003,0.092,0.226,0.203,0.139,0.5184415584415585,100.80000000000001,1.925,0.998,0.5958441558441558,1.147
35.9215749592363,0.926033779848573,0.10400000000000001,0.278,0.096,0.23,0.191,0.127,0.5521258008153757,105.9,1.717,0.9480000000000001,0.6086196854979615,1.045
29.477187777410776,0.9305169538632574,0.101,0.266,0.085,0.213,0.183,0.125,0.5175097276264592,95.4,1.799,0.931,0.5986659255141745,1.077
33.27503241357106,0.9215339233038348,0.1,0.272,0.081,0.197,0.195,0.133,0.5480825958702065,95.60000000000001,1.695,0.929,0.6,1.0170000000000001
38.33271460196486,0.9227298364354202,0.105,0.28500000000000003,0.085,0.211,0.192,0.137,0.5341229554427523,120.5,1.7730000000000001,0.9470000000000001,0.5922165820642978,1.05
26.857687369160754,0.9274640088593576,0.106,0.28800000000000003,0.09,0.214,0.197,0.131,0.5227021040974529,87.60000000000001,1.806,0.9440000000000001,0.5952380952380952,1.075
31.623608485612266,0.9246376811594202,0.099,0.246,0.088,0.213,0.17500000000000002,0.13,0.5327536231884058,94.10000000000001,1.725,0.919,0.6046376811594203,1.043
29.832935560859195,0.9206443914081146,0.096,0.255,0.09,0.214,0.177,0.133,0.5143198090692124,83.80000000000001,1.676,0.862,0.6068019093078759,1.0170000000000001
29.20544878586837,0.9265734265734266,0.10400000000000001,0.261,0.088,0.21,0.183,0.126,0.5227272727272727,86.0,1.716,0.897,0.6019813519813519,1.033
30.28323895258679,0.9307311709730621,0.109,0.28700000000000003,0.094,0.225,0.203,0.126,0.5393073117097307,100.2,1.819,0.981,0.6008796041781198,1.093
26.38783302652242,0.9281196089706728,0.099,0.263,0.082,0.195,0.179,0.125,0.5255894192064405,79.80000000000001,1.739,0.914,0.5945945945945946,1.034
25.71739837357226,0.9246344206974129,0.113,0.28800000000000003,0.091,0.221,0.20700000000000002,0.134,0.5011248593925759,81.30000000000001,1.778,0.891,0.5815523059617548,1.034
35.62737996736511,0.9254820218863992,0.11,0.28700000000000003,0.091,0.224,0.215,0.14300000000000002,0.5497655028660761,131.20000000000002,1.919,1.055,0.5982282438770192,1.1480000000000001
31.379940414951992,0.9259259259259259,0.105,0.274,0.08700000000000001,0.20800000000000002,0.193,0.128,0.5266203703703703,93.7,1.728,0.91,0.6099537037037037,1.054
27.391250810877953,0.9245056920311564,0.105,0.269,0.092,0.222,0.2,0.126,0.548831635710006,76.3,1.669,0.916,0.6225284601557819,1.039
21.737552733531977,0.9186800235710076,0.099,0.248,0.083,0.195,0.17300000000000001,0.138,0.4985268120212139,62.6,1.697,0.846,0.5715969357690042,0.97
28.216695312815624,0.9244218838127467,0.099,0.28400000000000003,0.08700000000000001,0.211,0.197,0.134,0.5335589396503102,88.7,1.7730000000000001,0.9460000000000001,0.6012408347433729,1.066
22.8171389493061,0.9195011337868481,0.098,0.257,0.083,0.194,0.184,0.14200000000000002,0.5351473922902494,71.0,1.764,0.9440000000000001,0.5997732426303855,1.058
30.12236403844796,0.9213286713286714,0.1,0.257,0.083,0.203,0.186,0.135,0.5186480186480187,88.7,1.716,0.89,0.6037296037296037,1.036
25.16010697202886,0.9295227524972253,0.099,0.277,0.089,0.212,0.20400000000000001,0.127,0.5155382907880133,81.7,1.802,0.929,0.5915649278579356,1.066
26.837354989911965,0.9256004686584651,0.10300000000000001,0.28200000000000003,0.084,0.20500000000000002,0.2,0.127,0.539543057996485,78.2,1.707,0.921,0.6256590509666081,1.068
25.784606252813006,0.9269102990033222,0.10200000000000001,0.277,0.091,0.219,0.19,0.132,0.5193798449612403,84.10000000000001,1.806,0.9380000000000001,0.5957918050941307,1.076
18.731166477421613,0.9240654205607477,0.083,0.242,0.08,0.191,0.169,0.13,0.5286214953271028,54.900000000000006,1.712,0.905,0.6063084112149533,1.038
31.227658783493947,0.9336898395721925,0.10400000000000001,0.294,0.09,0.218,0.20500000000000002,0.124,0.5336898395721925,109.2,1.87,0.998,0.6112299465240641,1.143
21.11475727264852,0.9288939051918735,0.098,0.259,0.08600000000000001,0.20500000000000002,0.182,0.126,0.5276523702031602,66.3,1.772,0.935,0.608352144469526,1.078
32.90336937254932,0.9313019390581717,0.111,0.267,0.089,0.216,0.196,0.124,0.5318559556786704,107.2,1.805,0.96,0.5844875346260388,1.055
34.627460451636274,0.9252747252747253,0.11,0.29,0.091,0.22,0.212,0.136,0.5406593406593406,114.7,1.82,0.984,0.5989010989010989,1.09
21.899206695221203,0.922102596580114,0.08700000000000001,0.23800000000000002,0.079,0.193,0.17,0.123,0.5383153894870171,54.6,1.579,0.85,0.6079797340088664,0.96
30.50768481122172,0.9207389749702026,0.10200000000000001,0.25,0.08700000000000001,0.20800000000000002,0.177,0.133,0.5226460071513707,85.9,1.678,0.877,0.601907032181168,1.01
28.27212148669646,0.9311087190527448,0.11,0.306,0.099,0.23800000000000002,0.216,0.128,0.5635091496232508,97.60000000000001,1.858,1.047,0.6130247578040904,1.139
27.675901828804502,0.9272419627749577,0.10200000000000001,0.274,0.09,0.216,0.192,0.129,0.535815002820079,87.0,1.7730000000000001,0.9500000000000001,0.6057529610829103,1.074
21.019040476278793,0.9275123558484349,0.1,0.261,0.082,0.202,0.19,0.132,0.5249862712795168,69.7,1.821,0.9560000000000001,0.6144975288303131,1.119
27.643148666144715,0.9284940411700975,0.107,0.28,0.09,0.217,0.2,0.132,0.5135427952329361,94.2,1.846,0.9480000000000001,0.6056338028169014,1.118
20.549064371269885,0.9297639608520437,0.096,0.256,0.082,0.196,0.178,0.122,0.5238917674150835,62.0,1.737,0.91,0.6079447322970639,1.056
31.155033079022086,0.9205526770293609,0.107,0.274,0.091,0.213,0.19,0.138,0.5169833045480714,94.0,1.737,0.898,0.58664363845711,1.0190000000000001
25.643271048677207,0.9273479031305375,0.099,0.261,0.08600000000000001,0.20800000000000002,0.193,0.123,0.5180153573538098,73.5,1.693,0.877,0.5995274660366214,1.0150000000000001
25.476110399417546,0.9320987654320988,0.10300000000000001,0.253,0.08700000000000001,0.212,0.184,0.121,0.5157126823793491,80.9,1.782,0.919,0.5909090909090909,1.053
33.774164283352626,0.9277998862990335,0.106,0.276,0.088,0.216,0.191,0.127,0.5014212620807277,104.5,1.7590000000000001,0.882,0.5849914724275156,1.029
35.635423944871434,0.9260969976905312,0.106,0.261,0.092,0.219,0.185,0.128,0.5132794457274826,106.9,1.732,0.889,0.5941108545034642,1.029
28.347385193947936,0.9238429994141769,0.094,0.257,0.085,0.198,0.178,0.13,0.5073227885178676,82.60000000000001,1.707,0.866,0.5758640890451083,0.983
23.25504786201961,0.9308966304968589,0.099,0.268,0.08700000000000001,0.20500000000000002,0.19,0.121,0.5448315248429468,71.3,1.7510000000000001,0.9540000000000001,0.6162193032552827,1.079
29.181167433302367,0.9205899035734544,0.105,0.28,0.092,0.22,0.2,0.14,0.499149177538287,90.7,1.7630000000000001,0.88,0.5921724333522405,1.044
26.91727179315736,0.9218403547671841,0.097,0.264,0.088,0.214,0.188,0.14100000000000001,0.503880266075388,87.60000000000001,1.804,0.909,0.5975609756097561,1.078
37.17173208408193,0.9219288174512055,0.112,0.28400000000000003,0.1,0.23500000000000001,0.19,0.136,0.5045924225028703,112.80000000000001,1.742,0.879,0.5786452353616532,1.008
31.985999580541083,0.9210093252879868,0.101,0.271,0.091,0.216,0.197,0.14400000000000002,0.5156335710367526,106.30000000000001,1.823,0.9400000000000001,0.6050466264399341,1.103
20.6109855634287,0.9297177642501383,0.098,0.273,0.088,0.20800000000000002,0.187,0.127,0.5262866629773104,67.3,1.807,0.9510000000000001,0.6131710016602103,1.108
28.343582622495536,0.9245070422535211,0.097,0.275,0.088,0.20800000000000002,0.192,0.134,0.5340845070422535,89.30000000000001,1.7750000000000001,0.9480000000000001,0.5954929577464789,1.057
24.278391395539902,0.9226488592097941,0.10400000000000001,0.267,0.08700000000000001,0.211,0.191,0.139,0.5264329437952142,78.4,1.797,0.9460000000000001,0.5959933222036727,1.071
23.929025908426922,0.9260543038705951,0.095,0.267,0.085,0.198,0.18,0.128,0.5170421721548238,71.7,1.731,0.895,0.6140958983246678,1.063
25.513424795892607,0.9214449541284404,0.106,0.276,0.089,0.214,0.187,0.137,0.5057339449541285,77.60000000000001,1.744,0.882,0.5980504587155964,1.043
26.760235790189746,0.9228930065750149,0.101,0.26,0.091,0.216,0.189,0.129,0.5140466228332337,74.9,1.673,0.86,0.5953377166766288,0.996
25.55318597417287,0.9192961165048543,0.099,0.257,0.088,0.20800000000000002,0.182,0.133,0.4975728155339806,69.4,1.6480000000000001,0.8200000000000001,0.5879854368932039,0.969
22.955077972754243,0.9271948608137045,0.1,0.296,0.091,0.221,0.20800000000000002,0.136,0.5139186295503212,80.10000000000001,1.868,0.96,0.6065310492505354,1.133
24.74925473886196,0.9170896785109983,0.105,0.277,0.085,0.198,0.193,0.147,0.5155104342921601,77.80000000000001,1.7730000000000001,0.914,0.6142131979695431,1.089
24.986958916734203,0.9303172126885075,0.10400000000000001,0.293,0.091,0.216,0.20800000000000002,0.134,0.531461258450338,92.4,1.923,1.022,0.6235049401976079,1.199
27.963490108981773,0.9291736930860034,0.106,0.264,0.085,0.203,0.189,0.126,0.5278246205733558,88.5,1.7790000000000001,0.9390000000000001,0.6025857223159078,1.072
23.081231604761506,0.9260077305356157,0.097,0.261,0.088,0.20500000000000002,0.187,0.134,0.5311982330204307,75.7,1.811,0.962,0.6256212037548315,1.133
31.891473790682454,0.926530612244898,0.1,0.252,0.08700000000000001,0.20600000000000002,0.184,0.126,0.5148688046647231,93.80000000000001,1.715,0.883,0.602332361516035,1.033
30.275140079862148,0.9227246708643388,0.095,0.267,0.085,0.203,0.184,0.135,0.5346307956496852,92.4,1.747,0.934,0.5924441900400687,1.035
29.195774766433807,0.9294724770642202,0.105,0.267,0.08600000000000001,0.213,0.182,0.123,0.5252293577981652,88.80000000000001,1.744,0.916,0.6026376146788991,1.051
20.792120006706323,0.928771733034212,0.10200000000000001,0.28,0.08600000000000001,0.20400000000000001,0.184,0.127,0.5232753785754347,66.10000000000001,1.7830000000000001,0.933,0.6214245653393158,1.108
29.244502033617678,0.9251700680272109,0.10200000000000001,0.272,0.088,0.20800000000000002,0.183,0.132,0.5113378684807256,91.0,1.764,0.902,0.6065759637188208,1.07
27.96017558575531,0.9265138154027043,0.099,0.266,0.08700000000000001,0.209,0.19,0.125,0.5279247501469724,80.9,1.701,0.898,0.6172839506172839,1.05
20.893782871539237,0.9216937354988399,0.092,0.253,0.081,0.192,0.182,0.135,0.5179814385150812,62.1,1.724,0.893,0.6020881670533643,1.038
25.55192642586009,0.9229461756373938,0.101,0.271,0.08600000000000001,0.20700000000000002,0.189,0.136,0.5314447592067989,79.60000000000001,1.7650000000000001,0.9380000000000001,0.6158640226628895,1.087
23.93767172268433,0.9233128834355828,0.097,0.272,0.08700000000000001,0.20800000000000002,0.186,0.125,0.5116564417177915,63.6,1.6300000000000001,0.834,0.6061349693251534,0.988
20.71995716966748,0.9305312317571512,0.093,0.268,0.08,0.19,0.189,0.11900000000000001,0.5504962054874489,60.800000000000004,1.713,0.9430000000000001,0.6211325160537069,1.064
35.81742467388382,0.9298150163220892,0.10300000000000001,0.274,0.09,0.22,0.2,0.129,0.48911860718171923,121.0,1.838,0.899,0.5903155603917302,1.085
29.446042451894467,0.9242957746478874,0.10200000000000001,0.27,0.093,0.22,0.199,0.129,0.5322769953051644,85.5,1.704,0.907,0.5944835680751174,1.0130000000000001
23.69438825165988,0.9243792325056434,0.1,0.277,0.08700000000000001,0.199,0.191,0.134,0.5095936794582393,74.4,1.772,0.903,0.6123024830699775,1.085
32.69051763703313,0.9268689057421452,0.111,0.28700000000000003,0.1,0.23500000000000001,0.209,0.135,0.5287107258938245,111.4,1.846,0.976,0.6061755146262189,1.119
28.023112161508895,0.9301939058171745,0.112,0.292,0.092,0.219,0.197,0.126,0.5157894736842106,91.30000000000001,1.805,0.931,0.6088642659279778,1.099
32.964756255707066,0.9246537396121883,0.11,0.28500000000000003,0.096,0.232,0.212,0.136,0.5263157894736842,107.4,1.805,0.9500000000000001,0.6132963988919667,1.107
25.262188208616784,0.9297619047619048,0.10400000000000001,0.257,0.08700000000000001,0.20800000000000002,0.188,0.11800000000000001,0.5339285714285714,71.3,1.68,0.897,0.5988095238095238,1.006
26.671232119260033,0.9303969548667754,0.107,0.292,0.09,0.214,0.20800000000000002,0.128,0.5274605764002175,90.2,1.839,0.97,0.5943447525829255,1.093
27.924408054760136,0.9251305861868834,0.107,0.275,0.088,0.209,0.195,0.129,0.5269878119558908,82.9,1.723,0.908,0.6117237376668602,1.054
26.820987654320987,0.9283333333333333,0.106,0.275,0.089,0.211,0.194,0.129,0.535,86.9,1.8,0.963,0.6116666666666667,1.101
25.004901364903805,0.9274583557227297,0.105,0.28200000000000003,0.093,0.214,0.188,0.135,0.5120902740462118,86.60000000000001,1.861,0.9530000000000001,0.6029016657710908,1.122
25.97423571147873,0.9280742459396751,0.094,0.257,0.082,0.199,0.176,0.124,0.509860788863109,77.2,1.724,0.879,0.5817865429234339,1.0030000000000001
24.39585983070918,0.9299116997792495,0.098,0.272,0.088,0.20700000000000002,0.194,0.127,0.5182119205298014,80.10000000000001,1.812,0.9390000000000001,0.6065121412803532,1.099
26.183720876479285,0.9212740384615384,0.095,0.261,0.08700000000000001,0.20700000000000002,0.183,0.131,0.5252403846153846,72.5,1.6640000000000001,0.874,0.6153846153846154,1.024
22.917528507756227,0.9243845252051582,0.10200000000000001,0.254,0.08700000000000001,0.212,0.176,0.129,0.4917936694021102,66.7,1.706,0.839,0.6008206330597889,1.025
23.893443674193218,0.91701244813278,0.096,0.267,0.08,0.192,0.17400000000000002,0.14,0.5026674570243035,68.0,1.687,0.848,0.5903971547125074,0.996
31.255757258345778,0.9332615715823466,0.108,0.274,0.092,0.222,0.2,0.124,0.5344456404736275,107.9,1.858,0.993,0.6108719052744886,1.135
28.07463405939236,0.9189686924493554,0.095,0.25,0.082,0.191,0.176,0.132,0.519950890116636,74.5,1.629,0.847,0.612645794966237,0.998
22.99160225921522,0.9267241379310345,0.11,0.29,0.082,0.193,0.198,0.136,0.5436422413793104,79.2,1.856,1.0090000000000001,0.6266163793103449,1.163
34.077852343775554,0.9225953329538987,0.107,0.279,0.091,0.222,0.20700000000000002,0.136,0.5321570859419466,105.2,1.7570000000000001,0.935,0.618099032441662,1.086
21.648979591836735,0.924,0.10400000000000001,0.263,0.083,0.199,0.193,0.133,0.5062857142857143,66.3,1.75,0.886,0.6137142857142858,1.074
30.06419785896403,0.9268011527377522,0.092,0.272,0.09,0.217,0.2,0.127,0.5037463976945245,90.5,1.735,0.874,0.5930835734870317,1.029
19.410598980662478,0.9235192639447959,0.097,0.265,0.085,0.2,0.191,0.133,0.5008625646923519,58.7,1.739,0.871,0.5934445083381253,1.032
25.730761106175528,0.9198286413708691,0.099,0.269,0.088,0.21,0.187,0.131,0.5159118727050184,68.7,1.6340000000000001,0.843,0.5905752753977969,0.965
34.713552680523215,0.9288939051918735,0.10300000000000001,0.262,0.094,0.227,0.185,0.126,0.531038374717833,109.0,1.772,0.9410000000000001,0.6055304740406321,1.073
22.499999999999996,0.920625,0.099,0.243,0.081,0.195,0.182,0.127,0.5175,57.6,1.6,0.8280000000000001,0.610625,0.977
33.580403030394635,0.9209414604707302,0.101,0.252,0.088,0.21,0.17200000000000001,0.131,0.5190102595051298,92.2,1.657,0.86,0.5751357875678937,0.9530000000000001
22.62378123053383,0.9272918861959958,0.107,0.278,0.08700000000000001,0.209,0.192,0.138,0.5173867228661749,81.5,1.8980000000000001,0.982,0.5995785036880927,1.1380000000000001
27.23282271790737,0.933879781420765,0.10400000000000001,0.289,0.09,0.214,0.197,0.121,0.5557377049180328,91.2,1.83,1.0170000000000001,0.6442622950819672,1.179
29.000895274696482,0.9246495327102804,0.101,0.27,0.09,0.216,0.18,0.129,0.514018691588785,85.0,1.712,0.88,0.5823598130841121,0.997
32.09769981603133,0.9178972238629651,0.099,0.263,0.084,0.20600000000000002,0.184,0.139,0.5138806851742469,92.0,1.693,0.87,0.6042528056704075,1.0230000000000001
39.52742523505386,0.9219895287958115,0.12,0.305,0.101,0.24,0.215,0.149,0.5198952879581152,144.20000000000002,1.9100000000000001,0.993,0.5931937172774869,1.133
22.38383953422229,0.9284534947716016,0.098,0.262,0.081,0.191,0.193,0.13,0.5222894881673088,73.9,1.817,0.9490000000000001,0.6246560264171711,1.135
33.14503292656284,0.9217877094972067,0.106,0.276,0.095,0.226,0.187,0.14,0.5094972067039106,106.2,1.79,0.912,0.605586592178771,1.084
32.775913671555344,0.9256567915036333,0.107,0.263,0.08700000000000001,0.212,0.188,0.133,0.5002794857462269,104.9,1.7890000000000001,0.895,0.6109558412520961,1.093
22.103266460905353,0.9305555555555556,0.101,0.272,0.083,0.199,0.18,0.12,0.53125,66.0,1.728,0.918,0.6307870370370371,1.09
21.933412697964922,0.9216152019002375,0.09,0.263,0.079,0.193,0.191,0.132,0.5231591448931117,62.2,1.684,0.881,0.5991686460807601,1.0090000000000001
29.509248492992707,0.9263836646963998,0.105,0.294,0.091,0.217,0.213,0.137,0.5201504567436862,102.2,1.861,0.968,0.6163353036002149,1.147
22.424778060652425,0.9256948383437322,0.1,0.266,0.08600000000000001,0.20600000000000002,0.188,0.131,0.5155984117980714,69.7,1.7630000000000001,0.909,0.6137266023823029,1.082
24.64370296963182,0.9323770491803278,0.113,0.313,0.093,0.223,0.211,0.132,0.5215163934426229,93.9,1.952,1.018,0.5906762295081968,1.153
25.893877551020413,0.9222857142857143,0.101,0.258,0.08700000000000001,0.21,0.179,0.136,0.5091428571428571,79.30000000000001,1.75,0.891,0.6045714285714285,1.058
28.923781171487132,0.9211571185479297,0.106,0.28500000000000003,0.093,0.221,0.194,0.139,0.5082246171298922,89.9,1.7630000000000001,0.896,0.5870674985819626,1.035
21.150223022846895,0.9266450916936354,0.091,0.273,0.085,0.20700000000000002,0.182,0.136,0.5312837108953614,72.7,1.854,0.985,0.6138079827400216,1.1380000000000001
24.770593787032485,0.9292989814260036,0.101,0.258,0.09,0.211,0.178,0.11800000000000001,0.5044937088076693,69.0,1.669,0.842,0.6045536249251049,1.0090000000000001
33.022764851264306,0.9278794402583423,0.1,0.28400000000000003,0.1,0.234,0.20700000000000002,0.134,0.5263724434876211,114.0,1.858,0.978,0.608719052744887,1.131
31.193217371894626,0.9272116461366181,0.10200000000000001,0.274,0.092,0.213,0.192,0.13,0.5279955207166853,99.5,1.786,0.9430000000000001,0.5957446808510638,1.064
30.26328718665386,0.9264018691588785,0.096,0.266,0.093,0.218,0.19,0.126,0.5151869158878505,88.7,1.712,0.882,0.6063084112149533,1.038
29.125226746731723,0.9269406392694064,0.106,0.291,0.091,0.215,0.197,0.128,0.5188356164383562,89.4,1.752,0.909,0.6067351598173516,1.063
30.815298880950838,0.926194797338173,0.096,0.263,0.089,0.211,0.189,0.122,0.5251058681185723,84.2,1.653,0.868,0.6055656382335148,1.0010000000000001
28.250483403016688,0.9223473621813871,0.1,0.264,0.085,0.203,0.18,0.131,0.4973325429756965,80.4,1.687,0.839,0.5921754593953764,0.999
26.641231301623957,0.9236234458259325,0.096,0.254,0.08700000000000001,0.211,0.169,0.129,0.5162818235642392,76.0,1.689,0.872,0.5944345766725874,1.004
32.5806594354018,0.9241338112305855,0.097,0.261,0.08600000000000001,0.203,0.181,0.127,0.5113500597371565,91.30000000000001,1.674,0.856,0.5872162485065711,0.983
20.339939935220468,0.9279824079164376,0.098,0.268,0.089,0.209,0.191,0.131,0.5107201759208356,67.3,1.819,0.929,0.5992303463441452,1.09
26.806850542267863,0.9205816554809844,0.099,0.253,0.088,0.214,0.185,0.14200000000000002,0.5234899328859061,85.7,1.788,0.936,0.6096196868008948,1.09
24.405462708772234,0.9273377010125075,0.099,0.251,0.09,0.214,0.176,0.122,0.5306730196545563,68.8,1.679,0.891,0.6086956521739131,1.022
28.473355213310466,0.9279636982416336,0.099,0.28,0.088,0.214,0.19,0.127,0.5190017016449234,88.5,1.7630000000000001,0.915,0.5938740782756665,1.047
23.574154868212812,0.9261396422388921,0.10200000000000001,0.28800000000000003,0.08700000000000001,0.209,0.20600000000000002,0.128,0.5585689555683785,70.8,1.733,0.968,0.6156953260242354,1.067
25.618843331635752,0.9201409277745156,0.101,0.26,0.091,0.216,0.185,0.136,0.4997064004697592,74.3,1.703,0.851,0.6036406341749854,1.028
29.933787070792036,0.9288864388092613,0.106,0.28200000000000003,0.091,0.225,0.193,0.129,0.5121278941565601,98.5,1.814,0.929,0.5942668136714443,1.078
27.08200412835429,0.924931506849315,0.10400000000000001,0.28300000000000003,0.08700000000000001,0.20400000000000001,0.195,0.137,0.5227397260273973,90.2,1.825,0.9540000000000001,0.6043835616438357,1.103
25.863442843157344,0.9300275482093664,0.105,0.28,0.091,0.217,0.209,0.127,0.5515151515151515,85.2,1.815,1.0010000000000001,0.6115702479338843,1.11
26.91944159398523,0.9240719910011248,0.109,0.28400000000000003,0.093,0.228,0.196,0.135,0.5106861642294713,85.10000000000001,1.778,0.908,0.5922384701912261,1.053
22.521515444827877,0.9254587155963303,0.093,0.269,0.082,0.201,0.185,0.13,0.5172018348623854,68.5,1.744,0.902,0.6003440366972477,1.047
33.575444338691426,0.9264458169567659,0.108,0.28200000000000003,0.093,0.227,0.2,0.131,0.5210555867490174,106.5,1.7810000000000001,0.928,0.5912408759124088,1.053
35.45405643307742,0.9230769230769231,0.106,0.264,0.09,0.212,0.183,0.132,0.4976689976689977,104.4,1.716,0.854,0.5938228438228438,1.0190000000000001
31.038016439888217,0.9235560588901472,0.11,0.269,0.094,0.221,0.188,0.135,0.5232163080407701,96.80000000000001,1.766,0.924,0.5968289920724802,1.054
29.93002612075007,0.9233870967741935,0.1,0.281,0.091,0.218,0.191,0.133,0.5132488479262672,90.2,1.736,0.891,0.5823732718894009,1.0110000000000001
28.631604651872657,0.9298342541436464,0.10300000000000001,0.273,0.09,0.217,0.199,0.127,0.5187845303867403,93.80000000000001,1.81,0.9390000000000001,0.6176795580110497,1.118
27.440025949748684,0.9233278955954323,0.094,0.275,0.08700000000000001,0.20400000000000001,0.199,0.14100000000000001,0.5220228384991843,92.80000000000001,1.839,0.96,0.6030451332245785,1.109
31.377775477459764,0.9190647482014388,0.10400000000000001,0.264,0.097,0.214,0.185,0.135,0.4970023980815348,87.30000000000001,1.668,0.8290000000000001,0.5989208633093526,0.999
24.16220917372157,0.9282511210762332,0.10300000000000001,0.281,0.089,0.20700000000000002,0.199,0.128,0.5112107623318386,76.9,1.784,0.912,0.5880044843049327,1.049
28.894909021528324,0.9299943084803642,0.11,0.281,0.097,0.224,0.20400000000000001,0.123,0.5424018212862834,89.2,1.7570000000000001,0.9530000000000001,0.624359704040979,1.097
30.49660056325289,0.9285312324141812,0.092,0.257,0.085,0.20500000000000002,0.176,0.127,0.5047833427124367,96.30000000000001,1.7770000000000001,0.897,0.5830050647158131,1.036
30.957819235757032,0.9262435677530018,0.105,0.289,0.091,0.22,0.20800000000000002,0.129,0.5357347055460263,94.7,1.749,0.937,0.6243567753001715,1.092
19.599382722598882,0.9250814332247557,0.095,0.278,0.08700000000000001,0.20600000000000002,0.192,0.138,0.510314875135722,66.5,1.842,0.9400000000000001,0.6047774158523345,1.114
23.744112782646265,0.9264870931537598,0.10400000000000001,0.278,0.091,0.214,0.194,0.131,0.5258136924803591,75.4,1.782,0.937,0.6066217732884399,1.081
31.09663704005247,0.9215686274509803,0.107,0.266,0.09,0.213,0.186,0.136,0.5069204152249135,93.5,1.734,0.879,0.5859284890426759,1.016
26.39908920363396,0.9283078545071165,0.10300000000000001,0.291,0.091,0.22,0.21,0.136,0.5113336847654191,95.0,1.897,0.97,0.6062203479177649,1.1500000000000001
30.192837465564732,0.9266666666666666,0.10400000000000001,0.243,0.084,0.20800000000000002,0.185,0.121,0.5163636363636364,82.2,1.6500000000000001,0.852,0.5806060606060606,0.9580000000000001
33.961776859504134,0.9198863636363637,0.10400000000000001,0.28,0.095,0.23,0.202,0.14100000000000001,0.5136363636363637,105.2,1.76,0.904,0.6017045454545454,1.059
22.136160202977035,0.9303211758301578,0.095,0.29,0.091,0.216,0.20500000000000002,0.128,0.5557974959172564,74.7,1.837,1.0210000000000001,0.6211213935764834,1.141
28.629277620646146,0.9272409778812573,0.106,0.277,0.088,0.21,0.198,0.125,0.5419091967403958,84.5,1.718,0.931,0.630384167636787,1.083
30.81460210051043,0.9135429262394196,0.095,0.258,0.077,0.192,0.182,0.14300000000000002,0.5145102781136639,84.30000000000001,1.6540000000000001,0.851,0.6003627569528416,0.993
27.500657042725017,0.9263904034896401,0.099,0.28200000000000003,0.098,0.229,0.209,0.135,0.529989094874591,92.5,1.834,0.972,0.6145038167938931,1.127
28.265315466560853,0.9298342541436464,0.10300000000000001,0.28,0.094,0.222,0.202,0.127,0.5154696132596686,92.60000000000001,1.81,0.933,0.587292817679558,1.063
25.292686973659183,0.9210220673635308,0.1,0.259,0.088,0.212,0.192,0.136,0.5203252032520326,75.0,1.722,0.896,0.5934959349593496,1.022
27.054799071057044,0.9234507897934386,0.097,0.252,0.08700000000000001,0.20800000000000002,0.18,0.126,0.5066828675577156,73.3,1.6460000000000001,0.834,0.594775212636695,0.979
27.294185099451305,0.9189814814814815,0.099,0.263,0.08700000000000001,0.202,0.195,0.14,0.5138888888888888,81.5,1.728,0.888,0.5989583333333334,1.035
28.21560332537814,0.922771152754117,0.101,0.277,0.085,0.199,0.192,0.136,0.5031232254400908,87.5,1.7610000000000001,0.886,0.578648495173197,1.0190000000000001
24.302487059714682,0.9241573033707865,0.091,0.256,0.081,0.194,0.195,0.135,0.5438202247191011,77.0,1.78,0.968,0.5938202247191011,1.057
29.408171546088084,0.9191390343222804,0.092,0.262,0.083,0.197,0.181,0.139,0.5369400814426992,86.9,1.719,0.923,0.598022105875509,1.028
25.381468541909282,0.9273224043715848,0.10300000000000001,0.263,0.089,0.20800000000000002,0.19,0.133,0.5021857923497268,85.0,1.83,0.919,0.6005464480874317,1.099
31.376375937255073,0.9211878926327812,0.10200000000000001,0.273,0.08600000000000001,0.21,0.186,0.138,0.5185608223872074,96.2,1.7510000000000001,0.908,0.5928041119360365,1.038
26.241165043014803,0.9226393629124005,0.1,0.276,0.092,0.215,0.189,0.136,0.5176336746302617,81.10000000000001,1.758,0.91,0.60580204778157,1.065
30.328113382554292,0.9208804283164783,0.101,0.271,0.08700000000000001,0.212,0.188,0.133,0.5234979179060083,85.7,1.681,0.88,0.5817965496728138,0.978
26.97953514782729,0.9279778393351801,0.107,0.277,0.093,0.218,0.20500000000000002,0.13,0.496398891966759,87.9,1.805,0.896,0.5839335180055402,1.054
28.280506714856823,0.9207248018120046,0.099,0.263,0.083,0.201,0.184,0.14,0.5028312570781427,88.2,1.766,0.888,0.5843714609286523,1.032
23.516977143612102,0.9206896551724137,0.099,0.26,0.08,0.197,0.183,0.138,0.5287356321839081,71.2,1.74,0.92,0.6,1.044
26.616981634282673,0.9259049773755657,0.10200000000000001,0.28200000000000003,0.08700000000000001,0.213,0.189,0.131,0.5237556561085973,83.2,1.768,0.926,0.6018099547511312,1.064
25.584363057972716,0.9183793305930711,0.097,0.262,0.085,0.202,0.184,0.139,0.5044039929536113,74.2,1.703,0.859,0.5801526717557252,0.988
24.471030618165265,0.9214092140921409,0.101,0.275,0.09,0.213,0.2,0.145,0.5062330623306233,83.30000000000001,1.845,0.934,0.6037940379403794,1.114
33.52158035466473,0.9282245008094981,0.11,0.274,0.091,0.218,0.19,0.133,0.5353480841878036,115.10000000000001,1.853,0.992,0.6211548839719374,1.151
25.68479823164056,0.9248291571753986,0.094,0.267,0.08600000000000001,0.20600000000000002,0.192,0.132,0.4920273348519362,79.2,1.756,0.864,0.6036446469248291,1.06
24.96984500157003,0.9241119483315393,0.098,0.281,0.089,0.20600000000000002,0.19,0.14100000000000001,0.5156081808396125,86.2,1.858,0.9580000000000001,0.6103336921420882,1.1340000000000001
24.226481893359075,0.923425978445831,0.10300000000000001,0.276,0.089,0.20600000000000002,0.185,0.135,0.5087918321043675,75.3,1.7630000000000001,0.897,0.5933068633011912,1.046
26.62944368730109,0.9203640500568828,0.099,0.262,0.08600000000000001,0.2,0.196,0.14,0.512514220705347,82.30000000000001,1.758,0.901,0.608646188850967,1.07
26.776939456604083,0.9213800904977375,0.099,0.269,0.09,0.213,0.192,0.139,0.501131221719457,83.7,1.768,0.886,0.5904977375565611,1.044
28.73349712248825,0.9267073847862298,0.10200000000000001,0.267,0.08700000000000001,0.20800000000000002,0.188,0.132,0.5091615769017213,93.2,1.801,0.917,0.5946696279844531,1.071
28.34458894057987,0.9250425894378195,0.10300000000000001,0.278,0.09,0.212,0.196,0.132,0.5468483816013628,87.9,1.7610000000000001,0.963,0.6183986371379898,1.089
26.56041635317376,0.9225512528473804,0.099,0.27,0.091,0.219,0.199,0.136,0.5130979498861048,81.9,1.756,0.901,0.60250569476082,1.058
31.68204485054794,0.9251366120218579,0.105,0.27,0.089,0.20700000000000002,0.191,0.137,0.5448087431693989,106.10000000000001,1.83,0.997,0.6224043715846994,1.139
24.604944620412503,0.9223638470451911,0.10300000000000001,0.254,0.085,0.193,0.188,0.134,0.5162224797219004,73.3,1.726,0.891,0.5903823870220162,1.0190000000000001
27.71449596886219,0.9260768335273574,0.10300000000000001,0.26,0.085,0.20500000000000002,0.187,0.127,0.5162980209545984,81.80000000000001,1.718,0.887,0.5972060535506403,1.026
30.765692623255266,0.9196272568433314,0.105,0.264,0.093,0.218,0.191,0.138,0.48281887012230634,90.7,1.717,0.8290000000000001,0.5946418171228888,1.0210000000000001
26.679098618449558,0.9282164549972391,0.10200000000000001,0.277,0.088,0.212,0.203,0.13,0.5146327995582551,87.5,1.811,0.932,0.5880728879072336,1.065
28.468627698522912,0.9213483146067416,0.107,0.28,0.092,0.225,0.198,0.14,0.5230337078651686,90.2,1.78,0.931,0.5949438202247191,1.059
23.944561298076916,0.9158653846153846,0.094,0.25,0.084,0.197,0.178,0.14,0.5054086538461539,66.3,1.6640000000000001,0.841,0.5775240384615384,0.961
24.135673797888515,0.9246145059965734,0.107,0.264,0.092,0.223,0.197,0.132,0.5276984580239863,74.0,1.7510000000000001,0.924,0.6122215876641919,1.072
28.106472357425872,0.9274847870182555,0.113,0.318,0.094,0.226,0.221,0.14300000000000002,0.5101419878296146,109.30000000000001,1.972,1.006,0.6004056795131846,1.184
22.898904282233673,0.9217186580341378,0.1,0.278,0.088,0.20700000000000002,0.20600000000000002,0.133,0.5467922307239552,66.10000000000001,1.699,0.929,0.6262507357268982,1.064
30.011233812294094,0.9230346344145135,0.109,0.274,0.094,0.223,0.195,0.14,0.5008246289169873,99.30000000000001,1.819,0.911,0.5876855415063221,1.069
27.631234838442047,0.9153153153153153,0.095,0.248,0.082,0.195,0.179,0.14100000000000001,0.4918918918918919,76.60000000000001,1.665,0.8190000000000001,0.5723723723723724,0.9530000000000001
25.208828058280858,0.9176770899808552,0.092,0.234,0.081,0.193,0.178,0.129,0.5035098915124442,61.900000000000006,1.567,0.789,0.5909380982769623,0.926
27.861855852889402,0.9228944246737841,0.094,0.273,0.089,0.20700000000000002,0.209,0.13,0.5551601423487544,79.2,1.686,0.936,0.636417556346382,1.073
31.373139172711998,0.922077922077922,0.101,0.259,0.08600000000000001,0.21,0.188,0.138,0.5160926030491247,98.4,1.7710000000000001,0.914,0.5928853754940712,1.05
23.88888888888889,0.9272222222222222,0.099,0.279,0.088,0.214,0.2,0.131,0.5294444444444445,77.4,1.8,0.9530000000000001,0.6111111111111112,1.1
27.649430387132913,0.9248457655636567,0.1,0.272,0.085,0.203,0.197,0.134,0.5187885586090858,87.9,1.7830000000000001,0.925,0.6135726303982053,1.094
30.095319140104092,0.9185649202733486,0.10400000000000001,0.26,0.08600000000000001,0.20700000000000002,0.19,0.14300000000000002,0.5039863325740319,92.80000000000001,1.756,0.885,0.5928246013667426,1.041
27.0800368531311,0.9233449477351916,0.098,0.273,0.09,0.215,0.188,0.132,0.5046457607433217,80.30000000000001,1.722,0.869,0.6213704994192799,1.07
28.50582095958203,0.9233390119250426,0.105,0.28300000000000003,0.09,0.218,0.188,0.135,0.5281090289608177,88.4,1.7610000000000001,0.93,0.6178307779670642,1.088
24.426588750913076,0.9259459459459459,0.105,0.28300000000000003,0.098,0.23700000000000002,0.20800000000000002,0.137,0.4983783783783784,83.60000000000001,1.85,0.922,0.6027027027027027,1.115
24.561412020415684,0.9306167400881057,0.097,0.261,0.088,0.212,0.195,0.126,0.5148678414096917,81.0,1.816,0.935,0.6167400881057269,1.12
29.809069090797916,0.9204288939051919,0.10300000000000001,0.28,0.093,0.222,0.192,0.14100000000000001,0.5056433408577878,93.60000000000001,1.772,0.896,0.59255079006772,1.05
20.56324693336877,0.9244956772334294,0.099,0.269,0.085,0.20400000000000001,0.19,0.131,0.5198847262247839,61.900000000000006,1.735,0.902,0.5976945244956773,1.037
26.55635916443787,0.9249266862170088,0.10300000000000001,0.276,0.08600000000000001,0.20500000000000002,0.189,0.128,0.49325513196480936,77.2,1.705,0.841,0.5870967741935483,1.0010000000000001
27.93150874136254,0.9290072102052135,0.10200000000000001,0.276,0.08700000000000001,0.211,0.201,0.128,0.5357737104825291,90.80000000000001,1.803,0.966,0.6023294509151415,1.086
21.583673469387758,0.9297142857142857,0.094,0.261,0.084,0.2,0.187,0.123,0.5011428571428571,66.10000000000001,1.75,0.877,0.6074285714285714,1.063
34.51847831147004,0.9229037703995498,0.107,0.298,0.09,0.217,0.203,0.137,0.5351716375914463,109.0,1.7770000000000001,0.9510000000000001,0.618458075407991,1.099
30.930024133175564,0.9226833428084139,0.095,0.261,0.08600000000000001,0.20800000000000002,0.186,0.136,0.5093803297328028,95.7,1.7590000000000001,0.896,0.5810119386014782,1.022
27.463158814405723,0.9244543928371572,0.098,0.28,0.091,0.215,0.197,0.135,0.5271404588696139,87.7,1.7870000000000001,0.9420000000000001,0.6144376049244544,1.098
31.775489971001264,0.9263873159682899,0.10200000000000001,0.274,0.088,0.213,0.192,0.13,0.5198187995469988,99.10000000000001,1.766,0.918,0.5996602491506229,1.059
19.42251672011348,0.9262202043132803,0.1,0.273,0.08600000000000001,0.202,0.197,0.13,0.5476730987514189,60.300000000000004,1.762,0.965,0.6157775255391601,1.085
27.760775813660974,0.9229857819905213,0.1,0.257,0.08600000000000001,0.201,0.178,0.13,0.509478672985782,79.10000000000001,1.688,0.86,0.591824644549763,0.999
23.111760409057705,0.9297297297297298,0.1,0.28,0.08700000000000001,0.20700000000000002,0.196,0.13,0.5324324324324324,79.10000000000001,1.85,0.985,0.62,1.147
24.777484690021133,0.9285714285714286,0.10400000000000001,0.28800000000000003,0.089,0.214,0.20500000000000002,0.126,0.5402494331065759,77.10000000000001,1.764,0.9530000000000001,0.6077097505668935,1.072
28.674797482309472,0.9293659621802002,0.1,0.277,0.088,0.216,0.195,0.127,0.5105672969966629,92.7,1.798,0.918,0.5845383759733037,1.051
28.44779456785634,0.9177592371871275,0.097,0.252,0.081,0.198,0.182,0.138,0.5089392133492253,80.10000000000001,1.678,0.854,0.5935637663885578,0.996
32.079251974082354,0.9252013808975834,0.10400000000000001,0.268,0.092,0.227,0.195,0.13,0.5212888377445339,96.9,1.738,0.906,0.5920598388952819,1.029
25.627281448063748,0.9281196089706728,0.097,0.253,0.08700000000000001,0.20800000000000002,0.184,0.125,0.5066129959746981,77.5,1.739,0.881,0.6124209315698678,1.065
22.678572649239285,0.9150285351934052,0.10400000000000001,0.23700000000000002,0.079,0.183,0.167,0.134,0.5161699429296132,56.400000000000006,1.577,0.8140000000000001,0.6043119847812302,0.9530000000000001
24.98413610314055,0.9232571763327475,0.092,0.26,0.083,0.201,0.187,0.131,0.533684827182191,72.8,1.707,0.911,0.6250732278851787,1.067
29.76285658884242,0.9253891572732152,0.107,0.293,0.098,0.23600000000000002,0.203,0.139,0.5104669887278583,103.30000000000001,1.863,0.9510000000000001,0.5942028985507246,1.107
21.434609346697258,0.9291208791208792,0.10400000000000001,0.278,0.091,0.214,0.202,0.129,0.5318681318681319,71.0,1.82,0.968,0.6126373626373627,1.115
28.745948883153176,0.9306167400881057,0.1,0.28,0.09,0.219,0.2,0.126,0.512114537444934,94.80000000000001,1.816,0.93,0.6024229074889867,1.094
29.610396848989296,0.9267241379310345,0.106,0.28200000000000003,0.09,0.211,0.193,0.136,0.5172413793103449,102.0,1.856,0.96,0.6072198275862069,1.127
28.666595536718383,0.9246954595791805,0.113,0.28700000000000003,0.092,0.228,0.20500000000000002,0.136,0.540420819490587,93.5,1.806,0.976,0.6085271317829457,1.099
26.922571006610067,0.9296794208893485,0.106,0.28600000000000003,0.095,0.225,0.20600000000000002,0.136,0.5449844881075491,100.7,1.934,1.054,0.6158221302998966,1.191
21.861562923806094,0.9255918827508456,0.10300000000000001,0.257,0.08700000000000001,0.211,0.183,0.132,0.5186020293122886,68.8,1.774,0.92,0.6071025930101466,1.077
29.043209876543212,0.9238888888888889,0.101,0.293,0.095,0.228,0.199,0.137,0.5383333333333333,94.10000000000001,1.8,0.969,0.6211111111111111,1.118
24.652286642497895,0.9205020920502092,0.095,0.261,0.085,0.21,0.178,0.133,0.5212193664076509,69.0,1.673,0.872,0.6072922893006575,1.016
29.795170112957038,0.9274691358024691,0.115,0.323,0.101,0.241,0.23900000000000002,0.14100000000000001,0.5632716049382716,112.60000000000001,1.944,1.095,0.6198559670781894,1.205
27.586971986093804,0.9261271048343291,0.105,0.263,0.094,0.221,0.19,0.136,0.5225420966865834,93.5,1.841,0.962,0.6110809342748507,1.125
30.053648342002777,0.9244747302668939,0.107,0.271,0.092,0.223,0.198,0.133,0.5400340715502555,93.2,1.7610000000000001,0.9510000000000001,0.6189664963089154,1.09
27.936436189641316,0.9294871794871795,0.1,0.276,0.093,0.221,0.201,0.132,0.5325854700854701,97.9,1.872,0.997,0.625534188034188,1.171
30.78135636687349,0.9235225955967555,0.094,0.256,0.085,0.201,0.191,0.132,0.5324449594438007,91.7,1.726,0.919,0.6129779837775203,1.058
27.316293108324203,0.9268707482993197,0.097,0.27,0.089,0.20400000000000001,0.194,0.129,0.5266439909297053,85.0,1.764,0.929,0.6082766439909297,1.073
19.434185521173223,0.9239520958083832,0.094,0.243,0.077,0.188,0.178,0.127,0.5395209580838324,54.2,1.67,0.901,0.6065868263473054,1.0130000000000001
30.431188758436388,0.9263456090651558,0.106,0.273,0.095,0.23,0.202,0.13,0.5235127478753541,94.80000000000001,1.7650000000000001,0.924,0.5971671388101983,1.054
29.002163331530564,0.9244186046511628,0.1,0.259,0.08700000000000001,0.20800000000000002,0.19,0.13,0.5116279069767442,85.80000000000001,1.72,0.88,0.5872093023255814,1.01
30.933172151065012,0.9202561117578579,0.107,0.271,0.08600000000000001,0.209,0.184,0.137,0.5128055878928988,91.30000000000001,1.718,0.881,0.5762514551804424,0.99
26.204528544712343,0.9243273542600897,0.1,0.272,0.085,0.202,0.183,0.135,0.5134529147982063,83.4,1.784,0.916,0.5958520179372198,1.063
32.68763933977572,0.9164142943670502,0.107,0.262,0.089,0.218,0.183,0.138,0.5081768625075712,89.10000000000001,1.651,0.839,0.5857056329497274,0.967
30.224567311457438,0.9264380530973452,0.10200000000000001,0.277,0.092,0.22,0.194,0.133,0.5232300884955752,98.80000000000001,1.808,0.9460000000000001,0.605641592920354,1.095
26.456599286563616,0.9224137931034483,0.111,0.262,0.09,0.22,0.197,0.135,0.5362068965517242,80.10000000000001,1.74,0.933,0.6017241379310345,1.047
32.14664341164803,0.9228070175438596,0.096,0.265,0.088,0.212,0.193,0.132,0.5274853801169591,94.0,1.71,0.902,0.5853801169590643,1.0010000000000001
30.788934174364925,0.9240576496674058,0.101,0.271,0.093,0.22,0.196,0.137,0.5221729490022173,100.2,1.804,0.9420000000000001,0.6075388026607539,1.096
30.389571977430496,0.9255381035485748,0.10300000000000001,0.263,0.09,0.213,0.182,0.128,0.5049447353112274,89.80000000000001,1.719,0.868,0.5735892961023851,0.986
20.040789998620447,0.9253065774804905,0.097,0.27,0.085,0.203,0.193,0.134,0.5395763656633222,64.5,1.794,0.968,0.6109253065774805,1.096
20.672290768544674,0.9216589861751152,0.10300000000000001,0.262,0.084,0.202,0.184,0.136,0.5046082949308756,62.300000000000004,1.736,0.876,0.5881336405529954,1.0210000000000001
29.44717429663758,0.9214108910891089,0.097,0.25,0.084,0.202,0.183,0.127,0.5290841584158416,76.9,1.616,0.855,0.599009900990099,0.968
20.61458421008333,0.9225917431192661,0.099,0.276,0.088,0.21,0.197,0.135,0.5573394495412844,62.7,1.744,0.972,0.617545871559633,1.077
25.92593491043878,0.9295154185022027,0.109,0.28,0.09,0.214,0.193,0.128,0.5203744493392071,85.5,1.816,0.9450000000000001,0.6156387665198237,1.118
27.950301421934807,0.9291023441966838,0.093,0.259,0.082,0.194,0.182,0.124,0.5140080045740423,85.5,1.749,0.899,0.5951972555746141,1.041
28.800252108449786,0.9228130360205832,0.108,0.274,0.09,0.215,0.19,0.135,0.5094339622641509,88.10000000000001,1.749,0.891,0.5934819897084048,1.038
27.49598882045443,0.9190647482014388,0.096,0.263,0.082,0.198,0.185,0.135,0.5311750599520384,76.5,1.668,0.886,0.5833333333333334,0.973
25.316200554295797,0.9136507936507936,0.10200000000000001,0.24,0.083,0.19,0.17500000000000002,0.136,0.5092063492063492,62.800000000000004,1.575,0.802,0.5815873015873015,0.916
25.914692670940994,0.9186182669789227,0.10400000000000001,0.25,0.091,0.216,0.197,0.139,0.5064402810304449,75.60000000000001,1.708,0.865,0.6048009367681498,1.033
30.044068329006574,0.9270516717325228,0.1,0.254,0.09,0.215,0.183,0.12,0.5209726443768997,81.30000000000001,1.645,0.857,0.60790273556231,1.0
28.703321448677052,0.930958904109589,0.10400000000000001,0.269,0.1,0.232,0.19,0.126,0.5342465753424658,95.60000000000001,1.825,0.975,0.6224657534246575,1.1360000000000001
23.61111111111111,0.9255555555555556,0.111,0.28400000000000003,0.085,0.2,0.198,0.134,0.5105555555555555,76.5,1.8,0.919,0.6033333333333334,1.086
25.12133329263454,0.9320441988950277,0.10200000000000001,0.291,0.09,0.216,0.203,0.123,0.5348066298342542,82.30000000000001,1.81,0.968,0.6154696132596685,1.114
27.95166158228766,0.929569266589057,0.10200000000000001,0.269,0.08600000000000001,0.213,0.179,0.121,0.5017462165308498,82.5,1.718,0.862,0.5960419091967404,1.024
33.65083405121779,0.9280973451327433,0.115,0.289,0.095,0.228,0.209,0.13,0.5304203539823009,110.0,1.808,0.9590000000000001,0.6244469026548672,1.129
23.491185183474364,0.9239250275633958,0.105,0.281,0.092,0.218,0.193,0.138,0.5055126791620728,77.30000000000001,1.814,0.917,0.5904079382579934,1.071
29.67783551124025,0.916312916919345,0.10200000000000001,0.26,0.08600000000000001,0.209,0.186,0.138,0.4954517889630079,80.7,1.649,0.8170000000000001,0.5845967252880534,0.964
31.869399837434162,0.9219170705438879,0.113,0.281,0.099,0.23,0.2,0.145,0.505654281098546,109.9,1.857,0.9390000000000001,0.6058158319870759,1.125
33.99433427762039,0.9212464589235128,0.10300000000000001,0.277,0.08600000000000001,0.209,0.193,0.139,0.5229461756373938,105.9,1.7650000000000001,0.923,0.6,1.059
34.16784923207432,0.9244851258581236,0.105,0.268,0.091,0.214,0.184,0.132,0.4851258581235698,104.4,1.748,0.848,0.5783752860411899,1.0110000000000001
28.26689832603829,0.922543352601156,0.097,0.265,0.088,0.20600000000000002,0.19,0.134,0.5184971098265896,84.60000000000001,1.73,0.897,0.599421965317919,1.037
34.97383396722812,0.93048128342246,0.113,0.28500000000000003,0.089,0.214,0.196,0.13,0.5187165775401069,122.30000000000001,1.87,0.97,0.5818181818181818,1.088
28.59675712774171,0.9294117647058824,0.1,0.28,0.093,0.22,0.189,0.132,0.5374331550802139,100.0,1.87,1.0050000000000001,0.6016042780748663,1.125
26.353995707612675,0.9303370786516854,0.116,0.28,0.094,0.229,0.193,0.124,0.5230337078651686,83.5,1.78,0.931,0.6117977528089887,1.089
22.250018622298192,0.922771152754117,0.094,0.254,0.081,0.194,0.184,0.136,0.5178875638841567,69.0,1.7610000000000001,0.912,0.6042021578648495,1.064
31.167871337036363,0.9286112660345789,0.11,0.27,0.093,0.222,0.19,0.128,0.517010596765198,100.2,1.793,0.927,0.5984383714445064,1.073
29.66619072554801,0.9225154407636159,0.10400000000000001,0.265,0.09,0.213,0.193,0.138,0.5334081976417743,94.10000000000001,1.7810000000000001,0.9500000000000001,0.6170690623245367,1.099
28.689123760545574,0.9173020527859238,0.1,0.255,0.09,0.214,0.192,0.14100000000000001,0.5102639296187683,83.4,1.705,0.87,0.592375366568915,1.01
36.922132351494824,0.922771152754117,0.11,0.273,0.094,0.227,0.195,0.136,0.5031232254400908,114.5,1.7610000000000001,0.886,0.599091425326519,1.055
24.71153070281611,0.9302832244008714,0.10400000000000001,0.272,0.089,0.213,0.20400000000000001,0.128,0.5419389978213508,83.30000000000001,1.836,0.995,0.6247276688453159,1.147
35.17822330242737,0.9273947528981086,0.105,0.259,0.088,0.213,0.184,0.11900000000000001,0.5051860890787065,94.5,1.639,0.8280000000000001,0.5607077486272117,0.919
26.524218169639493,0.9275843007186291,0.097,0.266,0.08700000000000001,0.20800000000000002,0.187,0.131,0.5395245992260918,86.80000000000001,1.809,0.976,0.615257048092869,1.113
31.052980755097263,0.9286536248561565,0.099,0.261,0.08700000000000001,0.212,0.19,0.124,0.4936708860759494,93.80000000000001,1.738,0.858,0.6098964326812428,1.06
31.506839038865284,0.92175899486008,0.10200000000000001,0.273,0.089,0.212,0.193,0.137,0.5179897201599086,96.60000000000001,1.7510000000000001,0.907,0.5945174186179326,1.041
33.25546232515726,0.9282021826536473,0.093,0.262,0.091,0.215,0.19,0.125,0.5450890292935094,100.80000000000001,1.741,0.9490000000000001,0.5939115450890293,1.034
31.60767767993468,0.9279437609841827,0.097,0.269,0.085,0.2,0.184,0.123,0.5155243116578794,92.10000000000001,1.707,0.88,0.5992970123022847,1.0230000000000001
33.94502962475313,0.9251152073732719,0.10400000000000001,0.259,0.088,0.214,0.184,0.13,0.5224654377880185,102.30000000000001,1.736,0.907,0.5691244239631337,0.988
34.89995774494052,0.9151000606428138,0.099,0.262,0.092,0.223,0.195,0.14,0.5203153426318982,94.9,1.649,0.858,0.5949060036385688,0.981
30.42639550662991,0.9202037351443124,0.105,0.272,0.093,0.225,0.194,0.14100000000000001,0.5087719298245614,95.0,1.7670000000000001,0.899,0.5874363327674024,1.038
33.8547158426051,0.9202621518296014,0.111,0.294,0.091,0.22,0.21,0.146,0.488803932277444,113.5,1.831,0.895,0.5991261605679956,1.097
27.971857647220453,0.917951881554596,0.094,0.242,0.076,0.186,0.179,0.133,0.5206662553979026,73.5,1.621,0.844,0.6051819864281308,0.981
24.508446731316972,0.9215798511734402,0.10200000000000001,0.28,0.092,0.215,0.187,0.137,0.5203205495134516,74.8,1.747,0.909,0.6004579278763594,1.049
25.619695216049386,0.9224537037037037,0.10400000000000001,0.27,0.09,0.213,0.191,0.134,0.4965277777777778,76.5,1.728,0.858,0.6006944444444444,1.038
25.95880319435097,0.9189339255968906,0.105,0.277,0.088,0.21,0.19,0.146,0.5158245419211549,84.2,1.801,0.929,0.6107717934480844,1.1
26.92521354794086,0.9277839029768468,0.105,0.28200000000000003,0.08600000000000001,0.212,0.197,0.131,0.5044101433296582,88.60000000000001,1.814,0.915,0.601433296582139,1.091
20.761245674740483,0.9288770053475935,0.095,0.28200000000000003,0.081,0.197,0.20400000000000001,0.133,0.5352941176470588,72.60000000000001,1.87,1.0010000000000001,0.6165775401069519,1.153
23.93656262298528,0.9301450832885545,0.106,0.292,0.098,0.226,0.20400000000000001,0.13,0.5206878022568512,82.9,1.861,0.969,0.6007522837184309,1.118
25.386033266740988,0.9213732004429679,0.1,0.289,0.091,0.218,0.20700000000000002,0.14200000000000002,0.517718715393134,82.80000000000001,1.806,0.935,0.6168327796234773,1.114
28.49209988951155,0.9253065774804905,0.097,0.281,0.088,0.209,0.189,0.134,0.5161649944258639,91.7,1.794,0.926,0.5986622073578596,1.074
32.657821839918356,0.9191135734072022,0.10300000000000001,0.272,0.091,0.216,0.193,0.146,0.5246537396121884,106.4,1.805,0.9470000000000001,0.6005540166204986,1.084
23.67038807954546,0.9272924579489962,0.094,0.279,0.089,0.214,0.201,0.134,0.5284861638632664,80.4,1.843,0.974,0.6071622354856213,1.119
23.841599134351057,0.9327646763672856,0.105,0.29,0.091,0.214,0.20500000000000002,0.134,0.520822880080281,94.7,1.993,1.038,0.6071249372804817,1.21
27.877044353227657,0.9274499187872225,0.10200000000000001,0.28,0.091,0.217,0.196,0.134,0.5078505684894423,95.10000000000001,1.847,0.9380000000000001,0.6096372495939361,1.1260000000000001
24.881204445441863,0.922668240850059,0.088,0.246,0.082,0.197,0.182,0.131,0.49586776859504134,71.4,1.694,0.84,0.58913813459268,0.998
20.650756057048962,0.9187089061566049,0.097,0.255,0.079,0.185,0.183,0.136,0.5236102809324567,57.800000000000004,1.673,0.876,0.6060968320382546,1.014
22.86527200846499,0.9263607257203842,0.099,0.28300000000000003,0.08700000000000001,0.21,0.202,0.138,0.528281750266809,80.30000000000001,1.874,0.99,0.6270010672358591,1.175
25.715931533903884,0.9199308755760369,0.09,0.265,0.082,0.192,0.188,0.139,0.5069124423963134,77.5,1.736,0.88,0.6036866359447005,1.048
29.307728335480377,0.9262157629960872,0.108,0.275,0.093,0.22,0.197,0.132,0.5120178870877585,93.80000000000001,1.7890000000000001,0.916,0.606484069312465,1.085
34.41141457384218,0.9204545454545454,0.098,0.269,0.09,0.21,0.184,0.133,0.5233253588516746,96.2,1.672,0.875,0.5843301435406698,0.977
27.753009023779466,0.926205694363742,0.098,0.264,0.08700000000000001,0.20500000000000002,0.188,0.127,0.5061011040092969,82.2,1.721,0.871,0.589773387565369,1.0150000000000001
25.32741439333935,0.9243562231759657,0.1,0.28700000000000003,0.09,0.21,0.20400000000000001,0.14100000000000001,0.528969957081545,88.0,1.864,0.986,0.6239270386266095,1.163
28.207703213610586,0.9277173913043478,0.10300000000000001,0.273,0.092,0.22,0.198,0.133,0.5119565217391304,95.5,1.84,0.9420000000000001,0.6103260869565217,1.123
18.93821439329714,0.9177001127395716,0.094,0.272,0.085,0.195,0.201,0.146,0.5236753100338218,59.6,1.774,0.929,0.5992108229988726,1.063
28.675688794378694,0.9188701923076923,0.1,0.254,0.08600000000000001,0.202,0.19,0.135,0.5048076923076923,79.4,1.6640000000000001,0.84,0.6009615384615384,1.0
21.500894872288782,0.9258843346434588,0.105,0.28500000000000003,0.08700000000000001,0.20600000000000002,0.20600000000000002,0.132,0.5328467153284672,68.2,1.7810000000000001,0.9490000000000001,0.609769792251544,1.086
27.299034189905118,0.9240719910011248,0.10400000000000001,0.277,0.088,0.209,0.19,0.135,0.4955005624296963,86.30000000000001,1.778,0.881,0.5793025871766029,1.03
25.858729338842977,0.925,0.112,0.291,0.094,0.223,0.212,0.132,0.5448863636363637,80.10000000000001,1.76,0.9590000000000001,0.6198863636363636,1.091
24.15717197367102,0.9208092485549133,0.096,0.28,0.084,0.203,0.196,0.137,0.5606936416184971,72.3,1.73,0.97,0.6213872832369942,1.075
28.63861594020324,0.928042328042328,0.11,0.297,0.096,0.231,0.218,0.136,0.5280423280423281,102.30000000000001,1.8900000000000001,0.998,0.6158730158730159,1.164
27.22756529493654,0.9299065420560748,0.107,0.293,0.088,0.213,0.194,0.135,0.5446521287642783,101.0,1.926,1.049,0.6235721703011423,1.201
25.76019739139206,0.9236768802228412,0.096,0.266,0.081,0.196,0.193,0.137,0.5013927576601671,83.0,1.795,0.9,0.5827298050139276,1.046
26.195328945170235,0.922543352601156,0.10300000000000001,0.255,0.08600000000000001,0.20600000000000002,0.184,0.134,0.5236994219653179,78.4,1.73,0.906,0.5982658959537572,1.035
33.55067517202959,0.9226890756302522,0.116,0.277,0.091,0.22,0.20800000000000002,0.138,0.5053221288515406,106.9,1.7850000000000001,0.902,0.6,1.071
24.830994237306346,0.9257617728531856,0.1,0.277,0.092,0.219,0.196,0.134,0.5174515235457063,80.9,1.805,0.934,0.6149584487534626,1.11
29.59325303647648,0.9194139194139194,0.097,0.249,0.085,0.20700000000000002,0.17500000000000002,0.132,0.5146520146520146,79.4,1.6380000000000001,0.843,0.6001221001221001,0.983
18.934417240193078,0.9351593068753493,0.10200000000000001,0.267,0.088,0.209,0.186,0.116,0.538848518725545,60.6,1.7890000000000001,0.964,0.6277249860257127,1.123
23.034454824820152,0.9240356083086053,0.098,0.263,0.079,0.191,0.187,0.128,0.5080118694362018,65.4,1.685,0.856,0.6047477744807122,1.0190000000000001
26.096825502599387,0.9238038984051978,0.1,0.257,0.088,0.20500000000000002,0.186,0.129,0.503248670998228,74.8,1.693,0.852,0.5983461311281748,1.0130000000000001
23.59861591695502,0.9252941176470588,0.092,0.247,0.085,0.2,0.185,0.127,0.49411764705882355,68.2,1.7,0.84,0.5923529411764706,1.0070000000000001
27.57690081982518,0.9257767548906789,0.097,0.255,0.09,0.215,0.177,0.129,0.5356731875719217,83.30000000000001,1.738,0.931,0.6098964326812428,1.06
29.56408975484591,0.9280343716433942,0.108,0.302,0.098,0.233,0.213,0.134,0.5171858216970999,102.5,1.862,0.963,0.6224489795918368,1.159
28.78582235671058,0.9245283018867925,0.10200000000000001,0.259,0.089,0.209,0.178,0.128,0.5076650943396226,82.80000000000001,1.696,0.861,0.5972877358490566,1.0130000000000001
27.561213114064447,0.9254727474972191,0.106,0.273,0.091,0.215,0.2,0.134,0.5228031145717463,89.10000000000001,1.798,0.9400000000000001,0.6023359288097887,1.083
30.359994676603673,0.9304298642533937,0.10200000000000001,0.276,0.09,0.20800000000000002,0.187,0.123,0.503393665158371,94.9,1.768,0.89,0.5989819004524887,1.059
26.45421893918582,0.9128299570288521,0.097,0.25,0.082,0.195,0.185,0.14200000000000002,0.5039901780233272,70.2,1.629,0.8210000000000001,0.580110497237569,0.9450000000000001
35.12393608649851,0.9303322615219721,0.111,0.291,0.097,0.23,0.20800000000000002,0.13,0.5385852090032154,122.30000000000001,1.866,1.0050000000000001,0.6034297963558414,1.1260000000000001
26.594291538109005,0.9308342133051742,0.10400000000000001,0.28800000000000003,0.09,0.215,0.194,0.131,0.5205913410770855,95.4,1.8940000000000001,0.986,0.6114044350580782,1.158
26.768251013290598,0.9253640776699029,0.1,0.262,0.084,0.203,0.193,0.123,0.5188106796116505,72.7,1.6480000000000001,0.855,0.6055825242718447,0.998
31.530111256249718,0.9228187919463087,0.101,0.273,0.085,0.202,0.19,0.138,0.5318791946308725,100.80000000000001,1.788,0.9510000000000001,0.6185682326621924,1.106
26.920667240974232,0.9247787610619469,0.099,0.265,0.09,0.217,0.20500000000000002,0.136,0.5226769911504425,88.0,1.808,0.9450000000000001,0.6050884955752213,1.094
32.33268130558371,0.9317812669193286,0.106,0.274,0.09,0.217,0.20800000000000002,0.126,0.5224688684353005,110.30000000000001,1.847,0.965,0.5858148348673524,1.082
24.92011323699455,0.9212410501193318,0.097,0.258,0.082,0.197,0.187,0.132,0.5053699284009546,70.0,1.676,0.847,0.6127684964200477,1.027
27.358729182263154,0.9255918827508456,0.091,0.27,0.091,0.20800000000000002,0.198,0.132,0.5186020293122886,86.10000000000001,1.774,0.92,0.6082299887260428,1.079
28.523733488169547,0.9174698795180722,0.10400000000000001,0.255,0.085,0.20400000000000001,0.182,0.137,0.4963855421686747,78.60000000000001,1.6600000000000001,0.8240000000000001,0.6018072289156626,0.999
25.56818181818182,0.9318181818181818,0.099,0.279,0.085,0.203,0.195,0.12,0.5102272727272728,79.2,1.76,0.898,0.6142045454545455,1.081
25.428815674775485,0.9203187250996016,0.099,0.268,0.082,0.202,0.186,0.14,0.5196357427433125,78.5,1.7570000000000001,0.913,0.601593625498008,1.057
18.486378348531705,0.9263839811542992,0.098,0.264,0.085,0.203,0.187,0.125,0.5206124852767963,53.300000000000004,1.698,0.884,0.6101295641931684,1.036
21.830815372892573,0.9261783077796707,0.094,0.26,0.08700000000000001,0.20800000000000002,0.17500000000000002,0.13,0.5065303804656445,67.7,1.7610000000000001,0.892,0.5945485519591142,1.047
29.939439226845067,0.9231227651966627,0.097,0.254,0.083,0.203,0.183,0.129,0.4898688915375447,84.30000000000001,1.678,0.8220000000000001,0.5876042908224076,0.986
28.14966195604189,0.9259465478841871,0.106,0.278,0.092,0.224,0.198,0.133,0.512249443207127,90.80000000000001,1.796,0.92,0.6069042316258352,1.09
28.111156787099024,0.923217550274223,0.095,0.246,0.08600000000000001,0.20600000000000002,0.177,0.126,0.506398537477148,75.7,1.641,0.8310000000000001,0.5978062157221207,0.981
18.240084165374057,0.9289176090468497,0.1,0.28800000000000003,0.08600000000000001,0.20500000000000002,0.203,0.132,0.5239633817985999,62.900000000000006,1.857,0.973,0.6085083467959074,1.1300000000000001
18.887560399058845,0.9233021077283372,0.092,0.259,0.082,0.195,0.185,0.131,0.5204918032786885,55.1,1.708,0.889,0.6100702576112412,1.042
29.170467115604804,0.9223568281938326,0.105,0.28,0.093,0.223,0.195,0.14100000000000001,0.4812775330396476,96.2,1.816,0.874,0.5914096916299559,1.074
26.608560090702955,0.9226190476190477,0.08700000000000001,0.248,0.075,0.19,0.171,0.13,0.5172619047619048,75.10000000000001,1.68,0.869,0.5880952380952381,0.988
30.38280391540185,0.9283276450511946,0.112,0.3,0.097,0.224,0.217,0.126,0.5335608646188851,93.9,1.758,0.9380000000000001,0.6205915813424346,1.091
29.285999016212504,0.9257112750263435,0.10400000000000001,0.273,0.091,0.214,0.198,0.14100000000000001,0.5084299262381454,105.5,1.8980000000000001,0.965,0.6059009483667018,1.1500000000000001
21.07689269996993,0.9249855741488748,0.092,0.263,0.082,0.193,0.19,0.13,0.532602423542989,63.300000000000004,1.733,0.923,0.6041546451240624,1.047
24.943310657596378,0.9297619047619048,0.093,0.26,0.08700000000000001,0.20600000000000002,0.182,0.11800000000000001,0.5029761904761905,70.4,1.68,0.845,0.5916666666666667,0.994
34.10558582881253,0.9286463798530955,0.109,0.3,0.099,0.23800000000000002,0.214,0.136,0.5089192025183631,123.9,1.9060000000000001,0.97,0.6154249737670514,1.173
21.227534192979096,0.9291166848418757,0.10200000000000001,0.289,0.085,0.203,0.198,0.13,0.5365321701199564,71.4,1.834,0.984,0.61886586695747,1.135
30.91163410989068,0.9202159568086383,0.10400000000000001,0.267,0.094,0.226,0.191,0.133,0.5026994601079784,85.9,1.667,0.838,0.5920815836832634,0.987
27.952095147492287,0.9315443592552026,0.10300000000000001,0.276,0.09,0.215,0.197,0.125,0.552026286966046,93.2,1.826,1.008,0.6254107338444688,1.1420000000000001
24.670781949969996,0.9273433166943982,0.107,0.28,0.088,0.215,0.194,0.131,0.5291181364392679,80.2,1.803,0.9540000000000001,0.5973377703826955,1.077
27.909895626899193,0.9264367816091954,0.1,0.276,0.08700000000000001,0.21,0.195,0.128,0.5350574712643679,84.5,1.74,0.931,0.6114942528735632,1.064
21.756141834843962,0.9245920090039392,0.093,0.264,0.082,0.196,0.197,0.134,0.5064715813168261,68.7,1.7770000000000001,0.9,0.6043894203714125,1.074
29.229132246374245,0.9195470798569726,0.1,0.254,0.088,0.211,0.187,0.135,0.5178784266984505,82.30000000000001,1.678,0.869,0.6048867699642432,1.0150000000000001
31.016328552880157,0.9212050984936269,0.101,0.269,0.081,0.199,0.184,0.136,0.5173812282734647,92.4,1.726,0.893,0.6100811123986095,1.053
28.183618376981133,0.9230313795145056,0.098,0.26,0.085,0.20400000000000001,0.19,0.13,0.53700414446418,80.4,1.689,0.907,0.6181172291296625,1.044
23.790753327206826,0.9314254859611231,0.101,0.281,0.08700000000000001,0.20600000000000002,0.20800000000000002,0.127,0.5237580993520519,81.60000000000001,1.852,0.97,0.607451403887689,1.125
25.068384018862016,0.9238197424892703,0.111,0.272,0.09,0.218,0.203,0.14200000000000002,0.5386266094420601,87.10000000000001,1.864,1.004,0.6115879828326181,1.1400000000000001
24.874379701008085,0.9279329608938548,0.107,0.267,0.089,0.211,0.198,0.129,0.5284916201117319,79.7,1.79,0.9460000000000001,0.6217877094972067,1.113
29.112594648981723,0.9230352303523035,0.10300000000000001,0.291,0.09,0.21,0.20400000000000001,0.14200000000000002,0.532249322493225,99.10000000000001,1.845,0.982,0.6184281842818428,1.141
25.109882237984138,0.9268024215740231,0.10200000000000001,0.272,0.092,0.20800000000000002,0.196,0.133,0.5266923500275179,82.9,1.817,0.9570000000000001,0.616400660429279,1.12
29.030047018167554,0.9277293695540748,0.1,0.274,0.096,0.226,0.202,0.14100000000000001,0.5392106611993849,110.5,1.951,1.052,0.5976422347514095,1.166
33.85517486784903,0.9229011993146773,0.106,0.28300000000000003,0.095,0.227,0.197,0.135,0.5162764134780126,103.80000000000001,1.7510000000000001,0.904,0.6025128498001142,1.055
26.4917375289552,0.9219569015725102,0.096,0.269,0.085,0.20400000000000001,0.187,0.134,0.5131042516016308,78.10000000000001,1.717,0.881,0.6080372743156669,1.044
24.52587018163149,0.9251899473991818,0.099,0.262,0.08700000000000001,0.211,0.194,0.128,0.5119812974868498,71.8,1.711,0.876,0.6002337814143776,1.027
31.21799179169254,0.9249106078665077,0.095,0.253,0.09,0.213,0.185,0.126,0.5297973778307509,87.9,1.678,0.889,0.6287246722288439,1.055
26.451313031260888,0.9217491369390104,0.10300000000000001,0.265,0.091,0.214,0.193,0.136,0.5241657077100115,79.9,1.738,0.911,0.6029919447640967,1.048
25.447541732867492,0.9304542905215928,0.099,0.263,0.088,0.20700000000000002,0.193,0.124,0.5025238362310712,80.9,1.7830000000000001,0.896,0.5989904655075715,1.068
30.977802142341258,0.9233038348082596,0.108,0.268,0.08700000000000001,0.21,0.192,0.13,0.5415929203539823,89.0,1.695,0.918,0.6194690265486725,1.05
24.20213515868679,0.9241019698725377,0.105,0.268,0.093,0.217,0.195,0.131,0.5092699884125145,72.10000000000001,1.726,0.879,0.5863267670915412,1.012
33.38468215397969,0.9212598425196851,0.105,0.247,0.088,0.21,0.18,0.13,0.483343428225318,91.0,1.651,0.798,0.5844942459115687,0.965
27.62508315535171,0.9171597633136095,0.096,0.256,0.085,0.20400000000000001,0.18,0.14,0.49881656804733726,78.9,1.69,0.843,0.5958579881656805,1.0070000000000001
27.433600699104275,0.9217877094972067,0.1,0.268,0.082,0.197,0.193,0.14,0.506145251396648,87.9,1.79,0.906,0.5871508379888268,1.051
29.360165390118684,0.9185779816513762,0.101,0.28200000000000003,0.092,0.223,0.2,0.14200000000000002,0.5303899082568807,89.30000000000001,1.744,0.925,0.6077981651376146,1.06
28.537264563554796,0.9246458923512748,0.10200000000000001,0.268,0.091,0.215,0.197,0.133,0.5314447592067989,88.9,1.7650000000000001,0.9380000000000001,0.5932011331444759,1.047
29.454770839250372,0.9253650621957815,0.105,0.277,0.092,0.22,0.197,0.138,0.5045970795024337,100.7,1.849,0.933,0.5976203353163873,1.105
33.5195530726257,0.9256983240223464,0.108,0.275,0.095,0.233,0.211,0.133,0.535754189944134,107.4,1.79,0.9590000000000001,0.6016759776536312,1.077
27.722293445662874,0.9228468899521531,0.1,0.261,0.084,0.198,0.187,0.129,0.5059808612440191,77.5,1.672,0.846,0.5921052631578947,0.99
25.729951116395828,0.9264367816091954,0.10300000000000001,0.27,0.094,0.231,0.2,0.128,0.5465517241379311,77.9,1.74,0.9510000000000001,0.6166666666666667,1.073
21.852569519709874,0.9251856082238721,0.094,0.258,0.08,0.196,0.179,0.131,0.5059965733866362,67.0,1.7510000000000001,0.886,0.5962307252998287,1.044
18.50191831905052,0.922754491017964,0.095,0.249,0.08,0.185,0.177,0.129,0.5191616766467065,51.6,1.67,0.867,0.6047904191616766,1.01
28.376517679818186,0.9225113122171946,0.105,0.262,0.088,0.20700000000000002,0.194,0.137,0.49095022624434387,88.7,1.768,0.868,0.5808823529411765,1.027
23.258367233727807,0.9188701923076923,0.095,0.253,0.081,0.194,0.18,0.135,0.5420673076923077,64.4,1.6640000000000001,0.902,0.6075721153846154,1.0110000000000001
27.57899172484943,0.9261455525606469,0.11,0.28200000000000003,0.096,0.23,0.20500000000000002,0.137,0.5277628032345013,94.9,1.855,0.979,0.6188679245283019,1.1480000000000001
25.30630429939853,0.924179104477612,0.098,0.266,0.085,0.203,0.185,0.127,0.4925373134328358,71.0,1.675,0.8250000000000001,0.5802985074626865,0.972
26.096825502599387,0.9238038984051978,0.093,0.248,0.084,0.196,0.177,0.129,0.5138806851742469,74.8,1.693,0.87,0.6024808033077378,1.02
24.74543289041663,0.9236303265080243,0.107,0.275,0.093,0.214,0.2,0.138,0.5041505257332596,80.80000000000001,1.807,0.911,0.6076369673491976,1.098
23.12661901938142,0.9256983240223464,0.10200000000000001,0.275,0.085,0.2,0.196,0.133,0.5430167597765363,74.10000000000001,1.79,0.972,0.6290502793296089,1.1260000000000001
20.87090066988418,0.9263588544710696,0.097,0.259,0.088,0.20600000000000002,0.185,0.126,0.5219170075978959,61.1,1.711,0.893,0.609000584453536,1.042
23.369099657489976,0.9207389749702026,0.095,0.252,0.083,0.2,0.17500000000000002,0.133,0.5166865315852205,65.8,1.678,0.867,0.6025029797377831,1.0110000000000001
27.185020789612683,0.9207352096496266,0.097,0.259,0.081,0.202,0.181,0.138,0.4945433658816772,82.4,1.741,0.861,0.5973578403216542,1.04
24.144242127309735,0.9280860702151755,0.101,0.28500000000000003,0.089,0.212,0.197,0.127,0.5396375990939978,75.3,1.766,0.9530000000000001,0.6308040770101925,1.114
26.302722208838702,0.9262749445676275,0.101,0.266,0.09,0.213,0.19,0.133,0.5121951219512195,85.60000000000001,1.804,0.924,0.6069844789356984,1.095
29.870887146261413,0.9261139311900733,0.109,0.269,0.095,0.225,0.2,0.131,0.5076142131979695,93.9,1.7730000000000001,0.9,0.5944726452340665,1.054
28.227982821679536,0.9227023737066342,0.1,0.254,0.088,0.211,0.17300000000000001,0.127,0.4966524650030432,76.2,1.643,0.8160000000000001,0.5873402312842362,0.965
24.563581390495216,0.9231664726426076,0.106,0.268,0.092,0.222,0.199,0.132,0.5267753201396973,72.5,1.718,0.905,0.6018626309662398,1.034
24.801587301587304,0.924404761904762,0.097,0.275,0.09,0.20600000000000002,0.19,0.127,0.513095238095238,70.0,1.68,0.862,0.6035714285714285,1.014
26.38401974303442,0.9275782155272306,0.098,0.265,0.08700000000000001,0.20600000000000002,0.187,0.125,0.4976825028968714,78.60000000000001,1.726,0.859,0.6060254924681344,1.046
35.598646391912446,0.9210053859964094,0.10300000000000001,0.266,0.09,0.222,0.186,0.132,0.5014961101137043,99.4,1.671,0.838,0.5721125074805505,0.9560000000000001
28.008438921767574,0.9295466957946478,0.111,0.294,0.091,0.22,0.203,0.129,0.513380666302567,93.9,1.831,0.9400000000000001,0.5991261605679956,1.097
21.784890908483412,0.923699421965318,0.10200000000000001,0.264,0.088,0.212,0.191,0.132,0.5086705202312138,65.2,1.73,0.88,0.6086705202312138,1.053
25.943618923990698,0.9259259259259259,0.10400000000000001,0.269,0.088,0.209,0.195,0.134,0.5279159756771697,84.9,1.809,0.9550000000000001,0.6069651741293532,1.098
27.15607121134204,0.9287369640787949,0.097,0.263,0.084,0.2,0.19,0.123,0.503476245654693,80.9,1.726,0.869,0.5944380069524913,1.026
33.43720457967159,0.9112426035502958,0.107,0.26,0.093,0.223,0.195,0.15,0.5035502958579882,95.5,1.69,0.851,0.5615384615384615,0.9490000000000001
25.635817213564103,0.9220132743362832,0.10300000000000001,0.28300000000000003,0.09,0.21,0.194,0.14100000000000001,0.5143805309734514,83.80000000000001,1.808,0.93,0.610066371681416,1.103
27.35229759299781,0.9310722100656456,0.10400000000000001,0.292,0.092,0.22,0.193,0.126,0.5054704595185996,91.4,1.828,0.924,0.612691466083151,1.12
34.79684452968886,0.9206798866855525,0.105,0.275,0.08700000000000001,0.20600000000000002,0.188,0.14,0.5127478753541076,108.4,1.7650000000000001,0.905,0.5818696883852691,1.027
27.865822885918956,0.9268426842684269,0.10200000000000001,0.303,0.089,0.21,0.20500000000000002,0.133,0.533003300330033,92.10000000000001,1.818,0.969,0.6199119911991199,1.127
32.661430608238504,0.9205372132064913,0.10300000000000001,0.273,0.085,0.20800000000000002,0.183,0.14200000000000002,0.5125909345271404,104.30000000000001,1.7870000000000001,0.916,0.5892557358701734,1.053
19.30617475310963,0.9246537396121883,0.098,0.271,0.09,0.20700000000000002,0.19,0.136,0.5191135734072022,62.900000000000006,1.805,0.937,0.6138504155124653,1.108
26.822874144727507,0.9270411117544876,0.095,0.254,0.083,0.196,0.183,0.126,0.5130283729009844,80.0,1.727,0.886,0.6068326577880718,1.048
28.44047986846033,0.9267734553775744,0.108,0.271,0.09,0.223,0.197,0.128,0.5005720823798627,86.9,1.748,0.875,0.5886727688787186,1.029
27.022951550527367,0.9295248264815803,0.10400000000000001,0.294,0.091,0.221,0.209,0.132,0.5056059797116925,94.80000000000001,1.873,0.9470000000000001,0.608115323011212,1.139
23.389980943430704,0.9309734513274336,0.1,0.265,0.09,0.211,0.199,0.117,0.5268436578171092,67.2,1.695,0.893,0.608259587020649,1.031
23.894585216120234,0.9278818852924475,0.101,0.27,0.089,0.20600000000000002,0.195,0.127,0.5019875070982396,74.10000000000001,1.7610000000000001,0.884,0.6019307211811471,1.06
31.338943995263243,0.9254312743461325,0.107,0.275,0.091,0.216,0.187,0.134,0.5164162493043962,101.2,1.797,0.928,0.5948803561491375,1.069
28.60102241972669,0.9242774566473988,0.1,0.251,0.08700000000000001,0.20800000000000002,0.179,0.131,0.5028901734104047,85.60000000000001,1.73,0.87,0.5930635838150289,1.026
27.590070375687134,0.9254437869822485,0.10400000000000001,0.274,0.08700000000000001,0.20700000000000002,0.186,0.126,0.5124260355029586,78.80000000000001,1.69,0.866,0.6207100591715976,1.049
31.51846330819929,0.9304542905215928,0.10300000000000001,0.276,0.092,0.218,0.194,0.124,0.5311273135165452,100.2,1.7830000000000001,0.9470000000000001,0.5939427930454291,1.059
20.596423396699972,0.9294696555494806,0.093,0.281,0.081,0.193,0.192,0.129,0.5314379442318207,68.9,1.829,0.972,0.6101694915254238,1.116
26.418177151801196,0.9242590559824369,0.10400000000000001,0.292,0.093,0.221,0.20800000000000002,0.138,0.5021953896816685,87.7,1.822,0.915,0.6114160263446762,1.114
28.17655289958758,0.9231651376146789,0.099,0.268,0.09,0.215,0.195,0.134,0.5051605504587156,85.7,1.744,0.881,0.5940366972477065,1.036
27.68541615333291,0.9234608985024958,0.105,0.28,0.092,0.218,0.20800000000000002,0.138,0.49029395452024405,90.0,1.803,0.884,0.5867997781475319,1.058
30.752192859263776,0.9195467422096317,0.099,0.27,0.082,0.202,0.186,0.14200000000000002,0.5127478753541076,95.80000000000001,1.7650000000000001,0.905,0.6045325779036828,1.067
26.427135509085602,0.9152843601895735,0.105,0.277,0.08700000000000001,0.201,0.19,0.14300000000000002,0.5029620853080569,75.3,1.688,0.849,0.5888625592417062,0.994
29.613604011810686,0.9259927797833934,0.101,0.267,0.082,0.198,0.192,0.123,0.5180505415162455,81.80000000000001,1.6620000000000001,0.861,0.614921780986763,1.022
21.58687778175124,0.9254359591100421,0.1,0.232,0.085,0.2,0.177,0.124,0.5009019843656043,59.7,1.663,0.833,0.5971136500300661,0.993
26.396014708004028,0.926037282020445,0.093,0.259,0.08600000000000001,0.2,0.177,0.123,0.5057125676488274,73.0,1.663,0.841,0.5917017438364401,0.984
27.21280446857208,0.9180708890180128,0.111,0.28600000000000003,0.093,0.219,0.201,0.14100000000000001,0.5235328297501453,80.60000000000001,1.721,0.901,0.6066240557815223,1.044
24.258674071946118,0.9248587570621469,0.093,0.262,0.08700000000000001,0.202,0.195,0.133,0.5259887005649717,76.0,1.77,0.931,0.5994350282485875,1.061
22.449065322411254,0.9257971014492754,0.096,0.275,0.09,0.212,0.202,0.128,0.518840579710145,66.8,1.725,0.895,0.6017391304347826,1.038
30.18507674829462,0.9362416107382551,0.106,0.28400000000000003,0.089,0.214,0.201,0.114,0.5469798657718121,96.5,1.788,0.978,0.6291946308724832,1.125
22.15742431383843,0.9323824617010037,0.106,0.28500000000000003,0.088,0.212,0.196,0.128,0.5398837823560486,79.4,1.893,1.022,0.6196513470681458,1.173
21.905049533375838,0.9303232998885173,0.096,0.26,0.08600000000000001,0.20600000000000002,0.188,0.125,0.5234113712374582,70.5,1.794,0.9390000000000001,0.6025641025641025,1.081
34.61845221414923,0.9251276233692569,0.109,0.289,0.089,0.216,0.20700000000000002,0.132,0.5399886557005105,107.60000000000001,1.7630000000000001,0.9520000000000001,0.5995462280204198,1.057
28.54534190429347,0.9328235936646642,0.099,0.28400000000000003,0.08600000000000001,0.20800000000000002,0.20600000000000002,0.123,0.5401419989077008,95.7,1.831,0.989,0.6122337520480612,1.121
35.61867935752528,0.9292682926829269,0.101,0.247,0.088,0.20800000000000002,0.181,0.116,0.5085365853658537,95.80000000000001,1.6400000000000001,0.834,0.5890243902439024,0.966
34.540081076076376,0.918197984588026,0.108,0.256,0.09,0.213,0.188,0.138,0.5151155898043864,98.30000000000001,1.687,0.869,0.5880260818020154,0.992
20.222119763482088,0.9239189928845101,0.10200000000000001,0.278,0.09,0.216,0.192,0.139,0.5544608648056923,67.5,1.827,1.0130000000000001,0.632183908045977,1.155
24.684453496098126,0.92880978865406,0.099,0.265,0.084,0.21,0.183,0.128,0.5050055617352615,79.80000000000001,1.798,0.908,0.6067853170189099,1.091
31.26216893637326,0.9238875878220141,0.098,0.275,0.09,0.213,0.187,0.13,0.5117096018735363,91.2,1.708,0.874,0.5983606557377049,1.022
28.506262103365138,0.9224187107815174,0.10200000000000001,0.262,0.085,0.209,0.189,0.136,0.49629207073588133,87.60000000000001,1.7530000000000001,0.87,0.5904164289788933,1.035
24.35573179331285,0.9230340211935304,0.101,0.276,0.083,0.198,0.196,0.138,0.5326268823201339,78.30000000000001,1.793,0.9550000000000001,0.6229782487451199,1.117
24.59326961291526,0.9316469321851453,0.109,0.291,0.092,0.222,0.20400000000000001,0.127,0.5312163616792249,84.9,1.858,0.987,0.6194833153928956,1.151
21.44130363126078,0.9278473464519976,0.1,0.269,0.083,0.202,0.194,0.121,0.5259391771019678,60.300000000000004,1.677,0.882,0.6153846153846154,1.032
29.16289664169683,0.926605504587156,0.105,0.28300000000000003,0.08700000000000001,0.212,0.2,0.128,0.5086009174311926,88.7,1.744,0.887,0.5946100917431193,1.037
29.066689175190493,0.9240997229916897,0.11,0.276,0.098,0.232,0.211,0.137,0.5213296398891967,94.7,1.805,0.9410000000000001,0.5944598337950139,1.073
26.877954724313042,0.9180529882932841,0.1,0.255,0.08600000000000001,0.203,0.184,0.133,0.4953789279112754,70.8,1.623,0.804,0.6038200862600123,0.98
27.953698274281688,0.9344355758266819,0.107,0.273,0.088,0.215,0.183,0.115,0.5433295324971493,86.0,1.754,0.9530000000000001,0.6174458380843786,1.083
24.45648506656739,0.927710843373494,0.1,0.272,0.092,0.219,0.192,0.126,0.5186460126219162,74.3,1.743,0.904,0.6133103843947217,1.069
32.05123861435652,0.9272409778812573,0.10300000000000001,0.278,0.089,0.213,0.193,0.125,0.5320139697322468,94.60000000000001,1.718,0.914,0.6006984866123399,1.032
30.870102843626086,0.9228049499116088,0.093,0.255,0.085,0.20700000000000002,0.177,0.131,0.5103123158515026,88.9,1.697,0.866,0.5922215674720094,1.0050000000000001
27.019686215522697,0.9282296650717703,0.11,0.299,0.092,0.224,0.216,0.135,0.5443912812333865,95.60000000000001,1.881,1.024,0.6108452950558214,1.149
19.54529589857225,0.9253561253561253,0.099,0.259,0.082,0.196,0.183,0.131,0.5094017094017094,60.2,1.7550000000000001,0.894,0.5977207977207977,1.049
38.17066824160676,0.92692750287687,0.115,0.28400000000000003,0.094,0.223,0.215,0.127,0.5143843498273878,115.30000000000001,1.738,0.894,0.5926352128883774,1.03
29.68841894591378,0.9266517357222844,0.10300000000000001,0.277,0.08600000000000001,0.212,0.196,0.131,0.5162374020156775,94.7,1.786,0.922,0.5957446808510638,1.064
24.50816870878713,0.925904317386231,0.099,0.26,0.088,0.21,0.18,0.127,0.5192532088681447,72.0,1.714,0.89,0.6190198366394399,1.061
25.929165794603076,0.92190252495596,0.1,0.268,0.08600000000000001,0.20600000000000002,0.188,0.133,0.5231943628890193,75.2,1.703,0.891,0.6177334116265414,1.052
24.573002754820934,0.9236363636363636,0.097,0.257,0.091,0.217,0.192,0.126,0.5072727272727273,66.9,1.6500000000000001,0.837,0.5824242424242424,0.961
31.402271076113255,0.9265905383360522,0.105,0.28200000000000003,0.091,0.22,0.20400000000000001,0.135,0.55410549211528,106.2,1.839,1.0190000000000001,0.6182707993474714,1.137
39.86656426431532,0.9207021791767555,0.109,0.276,0.095,0.227,0.186,0.131,0.5163438256658596,108.80000000000001,1.6520000000000001,0.853,0.5968523002421308,0.986
23.83289315210488,0.9241019698725377,0.08600000000000001,0.259,0.084,0.202,0.188,0.131,0.5283893395133256,71.0,1.726,0.912,0.6205098493626883,1.071
33.00620662348824,0.92692750287687,0.10200000000000001,0.254,0.093,0.224,0.191,0.127,0.5184119677790564,99.7,1.738,0.901,0.6001150747986191,1.043
30.254987448804336,0.9275862068965517,0.107,0.28300000000000003,0.093,0.224,0.203,0.126,0.5160919540229885,91.60000000000001,1.74,0.898,0.6080459770114942,1.058
34.91103951951793,0.914996964177292,0.094,0.253,0.088,0.215,0.181,0.14,0.48269581056466304,94.7,1.647,0.795,0.5828779599271403,0.96
26.270331026883422,0.9324324324324325,0.101,0.267,0.085,0.203,0.194,0.115,0.5264394829612221,76.10000000000001,1.702,0.896,0.6039952996474736,1.028
35.450816842795035,0.9242516799022602,0.099,0.23900000000000002,0.082,0.202,0.178,0.124,0.5284056200366524,95.0,1.637,0.865,0.6035430665852168,0.988
28.153635078628042,0.9197344598672299,0.098,0.248,0.08600000000000001,0.20600000000000002,0.17400000000000002,0.133,0.5057332528666264,77.30000000000001,1.657,0.838,0.6143633071816536,1.018
26.8518151160484,0.9228169014084507,0.107,0.268,0.093,0.222,0.193,0.137,0.5267605633802817,84.60000000000001,1.7750000000000001,0.935,0.5977464788732394,1.061
29.0398574418514,0.9268429938097917,0.10200000000000001,0.263,0.085,0.203,0.192,0.13,0.5143500281373101,91.7,1.7770000000000001,0.914,0.6021384355655599,1.07
32.029731725576376,0.9244644870349493,0.106,0.277,0.093,0.225,0.197,0.134,0.4932356257046223,100.80000000000001,1.774,0.875,0.5631341600901917,0.999
28.20883194133113,0.9267291910902696,0.095,0.255,0.081,0.198,0.18,0.125,0.5252051582649473,82.10000000000001,1.706,0.896,0.5955451348182884,1.016
23.36606459168506,0.9278523489932886,0.096,0.266,0.08700000000000001,0.20600000000000002,0.191,0.129,0.5212527964205816,74.7,1.788,0.932,0.6040268456375839,1.08
31.121766794227486,0.9294803817603393,0.109,0.305,0.10300000000000001,0.24,0.212,0.133,0.49946977730646874,110.7,1.8860000000000001,0.9420000000000001,0.5938494167550371,1.12
27.325790144286525,0.922756981580511,0.10300000000000001,0.263,0.09,0.21,0.193,0.13,0.5264408793820559,77.4,1.683,0.886,0.6054664289958408,1.0190000000000001
35.20775623268698,0.9310526315789474,0.114,0.295,0.096,0.232,0.209,0.131,0.5252631578947369,127.10000000000001,1.9000000000000001,0.998,0.5868421052631579,1.115
26.39667238908068,0.9232922732362822,0.106,0.28700000000000003,0.093,0.226,0.203,0.137,0.509518477043673,84.2,1.786,0.91,0.6086226203807391,1.087
27.02201065595249,0.9211448598130841,0.10200000000000001,0.262,0.082,0.197,0.188,0.135,0.5163551401869159,79.2,1.712,0.884,0.6016355140186916,1.03
27.376033057851245,0.9232954545454546,0.099,0.28,0.09,0.216,0.2,0.135,0.5414772727272728,84.80000000000001,1.76,0.9530000000000001,0.6136363636363636,1.08
28.419949848352925,0.9257744009351256,0.098,0.257,0.088,0.20700000000000002,0.191,0.127,0.5236703682057277,83.2,1.711,0.896,0.587375803623612,1.0050000000000001
29.745808545159548,0.9238372093023256,0.10200000000000001,0.264,0.082,0.2,0.194,0.131,0.5401162790697674,88.0,1.72,0.929,0.5988372093023255,1.03
27.437481517592776,0.9271412680756396,0.10200000000000001,0.28,0.08600000000000001,0.20500000000000002,0.198,0.131,0.5150166852057843,88.7,1.798,0.926,0.603448275862069,1.085
35.65104079655184,0.923699421965318,0.1,0.267,0.085,0.20700000000000002,0.192,0.132,0.5520231213872833,106.7,1.73,0.9550000000000001,0.6329479768786127,1.095
29.990751750561504,0.9264367816091954,0.101,0.264,0.092,0.219,0.176,0.128,0.5097701149425288,90.80000000000001,1.74,0.887,0.5867816091954023,1.0210000000000001
22.694620985219274,0.9236467236467236,0.10300000000000001,0.275,0.08600000000000001,0.202,0.199,0.134,0.5424501424501424,69.9,1.7550000000000001,0.9520000000000001,0.6159544159544159,1.081
29.900114651678486,0.9292324442025041,0.10400000000000001,0.28700000000000003,0.09,0.22,0.203,0.13,0.50789330430049,100.9,1.837,0.933,0.5906369080021775,1.085
27.290341031917283,0.9223638470451911,0.096,0.246,0.082,0.2,0.181,0.134,0.5086906141367323,81.30000000000001,1.726,0.878,0.5944380069524913,1.026
30.18008177023189,0.9223463687150838,0.10400000000000001,0.275,0.09,0.225,0.198,0.139,0.5301675977653632,96.7,1.79,0.9490000000000001,0.6078212290502794,1.088
24.162642618829974,0.9220103986135182,0.099,0.271,0.084,0.202,0.191,0.135,0.5164644714038128,72.4,1.731,0.894,0.6002310803004044,1.039
23.72025431294609,0.9224293445580276,0.094,0.262,0.08,0.193,0.196,0.129,0.5177390258568851,65.60000000000001,1.663,0.861,0.6013229104028863,1.0
31.88987765663255,0.9262926292629263,0.10200000000000001,0.29,0.094,0.223,0.20400000000000001,0.134,0.5192519251925193,105.4,1.818,0.9440000000000001,0.6193619361936193,1.1260000000000001
30.338258919622294,0.9268429938097917,0.107,0.28200000000000003,0.091,0.217,0.2,0.13,0.5075970737197524,95.80000000000001,1.7770000000000001,0.902,0.6122678671918964,1.088
35.58221278100543,0.9266517357222844,0.1,0.275,0.088,0.211,0.193,0.131,0.5341545352743561,113.5,1.786,0.9540000000000001,0.6091825307950728,1.088
27.376088438978982,0.9282934963868816,0.101,0.28500000000000003,0.08700000000000001,0.21,0.202,0.129,0.5330739299610895,88.60000000000001,1.799,0.9590000000000001,0.6192329071706504,1.114
24.236964276632694,0.923989218328841,0.10200000000000001,0.289,0.09,0.215,0.202,0.14100000000000001,0.5401617250673855,83.4,1.855,1.002,0.6183288409703505,1.147
27.995257589937285,0.9229432213209734,0.10300000000000001,0.257,0.082,0.201,0.183,0.133,0.49942062572421786,83.4,1.726,0.862,0.604287369640788,1.043
29.5482342359142,0.9221311475409836,0.107,0.271,0.09,0.219,0.198,0.133,0.5140515222482436,86.2,1.708,0.878,0.6223653395784543,1.063
24.153134801983565,0.9302059496567505,0.095,0.269,0.09,0.21,0.193,0.122,0.5017162471395881,73.8,1.748,0.877,0.601258581235698,1.051
24.618980780674356,0.9225953329538987,0.101,0.266,0.083,0.203,0.188,0.136,0.5167899829254411,76.0,1.7570000000000001,0.908,0.6072851451337508,1.067
24.01234567901235,0.9222222222222223,0.105,0.291,0.09,0.212,0.212,0.14,0.5033333333333333,77.80000000000001,1.8,0.906,0.6211111111111111,1.118
30.434772659440124,0.9273870783304745,0.106,0.277,0.09,0.215,0.188,0.127,0.5374499714122356,93.10000000000001,1.749,0.9400000000000001,0.6037735849056604,1.056
23.87958367749712,0.9232121922626025,0.1,0.246,0.083,0.202,0.171,0.131,0.518757327080891,69.5,1.706,0.885,0.6113716295427901,1.043
25.941230486685033,0.9323232323232323,0.126,0.302,0.105,0.248,0.23500000000000001,0.134,0.5207070707070707,101.7,1.98,1.031,0.6060606060606061,1.2
26.70372204013815,0.9238694905552376,0.099,0.263,0.094,0.222,0.198,0.133,0.5289066971951918,81.5,1.747,0.924,0.607899255867201,1.062
30.504667274738495,0.9284140969162996,0.109,0.3,0.098,0.23500000000000001,0.203,0.13,0.4972466960352423,100.60000000000001,1.816,0.903,0.5892070484581498,1.07
20.50788487563795,0.9272833042466551,0.1,0.272,0.084,0.2,0.187,0.125,0.4956369982547993,60.6,1.719,0.852,0.6148923792902851,1.057
24.281389469741896,0.9273743016759777,0.106,0.28500000000000003,0.09,0.213,0.201,0.13,0.5078212290502794,77.80000000000001,1.79,0.909,0.5944134078212291,1.064
22.812268367736575,0.9188388625592417,0.099,0.259,0.08600000000000001,0.201,0.184,0.137,0.5219194312796208,65.0,1.688,0.881,0.6131516587677726,1.035
36.26824846906763,0.9256526674233825,0.108,0.28200000000000003,0.089,0.218,0.198,0.131,0.5227014755959137,112.60000000000001,1.762,0.921,0.5862656072644722,1.033
31.606796123271387,0.9309327036599764,0.10200000000000001,0.27,0.08600000000000001,0.20600000000000002,0.184,0.117,0.5165289256198347,90.7,1.694,0.875,0.5926800472255017,1.004
26.191504568569677,0.9257369614512472,0.1,0.28300000000000003,0.088,0.215,0.199,0.131,0.5379818594104309,81.5,1.764,0.9490000000000001,0.6179138321995464,1.09
22.564742874252016,0.9270411117544876,0.095,0.268,0.08,0.192,0.195,0.126,0.5130283729009844,67.3,1.727,0.886,0.6311522872032426,1.09
21.47329867674858,0.9347826086956522,0.096,0.278,0.088,0.215,0.201,0.12,0.5407608695652174,72.7,1.84,0.995,0.6233695652173913,1.147
27.53946964097368,0.9216138328530259,0.10200000000000001,0.268,0.083,0.203,0.195,0.136,0.5273775216138329,82.9,1.735,0.915,0.6080691642651297,1.055
30.28573425433028,0.9197952218430034,0.10400000000000001,0.267,0.084,0.20400000000000001,0.193,0.14100000000000001,0.512514220705347,93.60000000000001,1.758,0.901,0.590443686006826,1.038
28.70161529734504,0.9273029966703663,0.106,0.28800000000000003,0.089,0.216,0.20400000000000001,0.131,0.5288568257491676,93.2,1.802,0.9530000000000001,0.6059933407325194,1.092
27.0694418952428,0.9273029966703663,0.101,0.27,0.085,0.20600000000000002,0.199,0.131,0.5172031076581576,87.9,1.802,0.932,0.6059933407325194,1.092
29.35185185185185,0.9255555555555556,0.109,0.28600000000000003,0.093,0.215,0.195,0.134,0.5122222222222222,95.10000000000001,1.8,0.922,0.605,1.089
24.15828662784511,0.9293386093838327,0.094,0.262,0.085,0.202,0.19,0.125,0.5138496325607688,75.60000000000001,1.7690000000000001,0.909,0.6082532504239684,1.076
21.67504166193104,0.9319978914074855,0.105,0.28400000000000003,0.094,0.228,0.211,0.129,0.5376910911966263,78.0,1.897,1.02,0.6251976805482341,1.186
32.42183396939884,0.9177514792899408,0.10200000000000001,0.271,0.09,0.216,0.198,0.139,0.5118343195266272,92.60000000000001,1.69,0.865,0.5834319526627219,0.986
40.81765730473046,0.931131019036954,0.121,0.28700000000000003,0.093,0.223,0.2,0.123,0.5235162374020157,130.20000000000002,1.786,0.935,0.6170212765957447,1.102
22.575728369716188,0.9365495542737283,0.1,0.277,0.091,0.217,0.2,0.121,0.540115364446775,82.10000000000001,1.907,1.03,0.627163083377032,1.196
34.69368603351637,0.9224283305227656,0.107,0.277,0.093,0.218,0.189,0.138,0.5132096683530073,109.80000000000001,1.7790000000000001,0.913,0.5879707700955593,1.046
27.60356316957048,0.9290703922622247,0.114,0.304,0.096,0.23,0.211,0.132,0.5061794734013971,95.60000000000001,1.861,0.9420000000000001,0.6195593766792047,1.153
22.29481636714244,0.9228486646884273,0.094,0.255,0.085,0.195,0.178,0.13,0.5353115727002967,63.300000000000004,1.685,0.902,0.6142433234421365,1.035
30.06928322075159,0.9276572064552031,0.105,0.289,0.091,0.221,0.20800000000000002,0.13,0.5125208681135225,97.10000000000001,1.797,0.921,0.5965498052309405,1.072
26.704437047627714,0.9306461173681091,0.106,0.28,0.08,0.199,0.194,0.117,0.5429756965026674,76.0,1.687,0.916,0.6229994072317724,1.051
28.42212690203421,0.929639889196676,0.10300000000000001,0.28,0.092,0.217,0.194,0.127,0.5163434903047092,92.60000000000001,1.805,0.932,0.6022160664819944,1.087
35.194519525003855,0.9299145299145299,0.10300000000000001,0.266,0.093,0.232,0.194,0.123,0.5031339031339032,108.4,1.7550000000000001,0.883,0.5743589743589743,1.008
19.400691244557798,0.9247943595769683,0.097,0.249,0.079,0.192,0.188,0.128,0.5276145710928319,56.2,1.702,0.898,0.6110458284371327,1.04
28.669687152699876,0.9226804123711341,0.10300000000000001,0.272,0.094,0.22,0.199,0.135,0.5120274914089347,87.4,1.746,0.894,0.6156930126002291,1.075
22.697120728602677,0.9251497005988024,0.092,0.258,0.082,0.199,0.178,0.125,0.4880239520958084,63.300000000000004,1.67,0.8150000000000001,0.5760479041916168,0.962
31.319007983692885,0.9211822660098522,0.097,0.255,0.081,0.20600000000000002,0.182,0.128,0.5295566502463054,82.60000000000001,1.624,0.86,0.5935960591133005,0.964
33.69209599083627,0.9366076527698458,0.106,0.281,0.091,0.22,0.2,0.111,0.5276984580239863,103.30000000000001,1.7510000000000001,0.924,0.5950885208452313,1.042
24.64170576781895,0.9327683615819209,0.105,0.28400000000000003,0.094,0.226,0.209,0.11900000000000001,0.5525423728813559,77.2,1.77,0.978,0.6322033898305085,1.119
29.67675271576011,0.9227642276422764,0.10300000000000001,0.276,0.09,0.215,0.191,0.133,0.5313588850174216,88.0,1.722,0.915,0.5981416957026713,1.03
37.158131915614945,0.9226650803093397,0.1,0.263,0.088,0.214,0.192,0.13,0.5490779298036883,105.0,1.681,0.923,0.5936942296252231,0.998
31.028415013582038,0.9280494659921305,0.107,0.295,0.091,0.222,0.214,0.128,0.5345699831365935,98.2,1.7790000000000001,0.9510000000000001,0.6228218100056211,1.108
18.497140862841956,0.9316062176165804,0.099,0.277,0.085,0.202,0.20500000000000002,0.132,0.533160621761658,68.9,1.93,1.029,0.6108808290155441,1.179
26.44456128689838,0.9292873051224945,0.101,0.271,0.089,0.215,0.189,0.127,0.5077951002227171,85.30000000000001,1.796,0.912,0.5868596881959911,1.054
35.79530324878754,0.9246079613992763,0.098,0.264,0.085,0.20800000000000002,0.192,0.125,0.514475271411339,98.4,1.6580000000000001,0.853,0.5645355850422196,0.936
27.210351600895667,0.9178255372945638,0.096,0.246,0.085,0.20400000000000001,0.186,0.13,0.49620733249051835,68.10000000000001,1.582,0.785,0.5847029077117573,0.925
34.576229867921256,0.9313779745434422,0.10300000000000001,0.27,0.095,0.222,0.192,0.124,0.5329275041505257,112.9,1.807,0.963,0.6198118428334256,1.12
25.234873789350885,0.9300155520995335,0.112,0.301,0.096,0.23,0.224,0.135,0.5448418869880767,93.9,1.929,1.051,0.6220839813374806,1.2
32.718366293631206,0.9254159495123351,0.111,0.28700000000000003,0.094,0.228,0.215,0.13,0.5519219736087206,99.4,1.743,0.962,0.6173264486517499,1.076
35.87723585980783,0.9288214702450408,0.105,0.275,0.09,0.217,0.203,0.122,0.55950991831972,105.4,1.714,0.9590000000000001,0.5980163360560093,1.025
23.05708468860261,0.9257513258691809,0.097,0.271,0.08700000000000001,0.21,0.198,0.126,0.5055981143193872,66.4,1.697,0.858,0.5839717147908073,0.991
25.247030288724766,0.9253039953676896,0.096,0.252,0.083,0.2,0.19,0.129,0.5193977996525767,75.3,1.727,0.897,0.6010422698320788,1.038
37.49125632001578,0.9245172615564657,0.109,0.269,0.096,0.232,0.198,0.129,0.5184318314803978,109.5,1.709,0.886,0.5980105324751317,1.022
22.146111498332843,0.9229011993146773,0.099,0.273,0.088,0.213,0.202,0.135,0.5254140491147915,67.9,1.7510000000000001,0.92,0.6013706453455169,1.053
25.617935397455327,0.9237929028504944,0.10400000000000001,0.278,0.085,0.20700000000000002,0.20800000000000002,0.131,0.5415939499709134,75.7,1.719,0.931,0.6090750436300174,1.047
30.168205921631124,0.9240506329113924,0.105,0.274,0.088,0.213,0.189,0.138,0.49972482113373695,99.60000000000001,1.817,0.908,0.5877820583379196,1.068
26.41834321709711,0.9320186818889465,0.117,0.3,0.101,0.23700000000000002,0.223,0.131,0.5236118318629995,98.10000000000001,1.927,1.0090000000000001,0.621691748832382,1.198
32.57251982589463,0.9340896812533765,0.107,0.291,0.094,0.227,0.215,0.122,0.5278227984873042,111.60000000000001,1.851,0.977,0.6131820637493247,1.135
22.30132547576161,0.9203539823008849,0.105,0.28200000000000003,0.09,0.21,0.195,0.14400000000000002,0.5171460176991151,72.9,1.808,0.935,0.6106194690265486,1.104
35.544222545161595,0.9218280216476248,0.097,0.262,0.085,0.202,0.188,0.13,0.49609140108238126,98.30000000000001,1.663,0.8250000000000001,0.5826819001803969,0.969
25.716830639953663,0.9252998909487459,0.105,0.27,0.09,0.215,0.198,0.137,0.5294438386041439,86.5,1.834,0.971,0.6259541984732825,1.1480000000000001
37.611274275436564,0.9278236914600551,0.109,0.297,0.098,0.233,0.20600000000000002,0.131,0.5195592286501377,123.9,1.815,0.9430000000000001,0.596694214876033,1.083
21.83391003460208,0.9258823529411765,0.094,0.253,0.088,0.20800000000000002,0.192,0.126,0.5158823529411765,63.1,1.7,0.877,0.6088235294117647,1.035
29.520958963113788,0.9264380530973452,0.107,0.277,0.091,0.221,0.197,0.133,0.5138274336283186,96.5,1.808,0.929,0.6017699115044248,1.088
26.236947287342463,0.9210220673635308,0.101,0.268,0.09,0.215,0.187,0.136,0.5354239256678281,77.80000000000001,1.722,0.922,0.6114982578397212,1.053
24.192624371195734,0.9213817748659917,0.096,0.264,0.079,0.192,0.203,0.132,0.5044669446098868,68.2,1.679,0.847,0.6081000595592615,1.0210000000000001
27.804007141440188,0.9250704225352113,0.10300000000000001,0.276,0.09,0.218,0.198,0.133,0.5369014084507042,87.60000000000001,1.7750000000000001,0.9530000000000001,0.6225352112676056,1.105
30.83128091375759,0.9288061336254108,0.113,0.269,0.098,0.23800000000000002,0.2,0.13,0.5153340635268346,102.80000000000001,1.826,0.9410000000000001,0.595290251916758,1.087
29.945978735472593,0.9252971137521222,0.107,0.29,0.092,0.215,0.20800000000000002,0.132,0.5178268251273345,93.5,1.7670000000000001,0.915,0.6157328805885682,1.088
27.613169086634556,0.9157270029673591,0.105,0.27,0.085,0.202,0.185,0.14200000000000002,0.48486646884273,78.4,1.685,0.8170000000000001,0.5881305637982196,0.991
30.3631788321471,0.9216138328530259,0.099,0.268,0.09,0.22,0.19,0.136,0.5077809798270894,91.4,1.735,0.881,0.5844380403458214,1.014
31.44966041555245,0.9304556354916067,0.10400000000000001,0.266,0.092,0.219,0.202,0.116,0.5077937649880095,87.5,1.668,0.847,0.6097122302158273,1.0170000000000001
22.623277327995616,0.9231227651966627,0.101,0.262,0.089,0.216,0.191,0.129,0.5148986889153755,63.7,1.678,0.864,0.6108462455303934,1.025
28.72557561281228,0.9269911504424779,0.098,0.279,0.08600000000000001,0.211,0.202,0.132,0.5121681415929203,93.9,1.808,0.926,0.6144911504424779,1.111
21.392627789404987,0.9404117009750813,0.1,0.271,0.089,0.216,0.199,0.11,0.5411700975081257,72.9,1.846,0.999,0.6056338028169014,1.118
26.813831345783324,0.9254658385093167,0.10400000000000001,0.265,0.085,0.2,0.183,0.132,0.502540937323546,84.10000000000001,1.7710000000000001,0.89,0.6092603049124788,1.079
27.867137622351667,0.9255918827508456,0.099,0.28500000000000003,0.091,0.22,0.2,0.132,0.5338218714768884,87.7,1.774,0.9470000000000001,0.612739571589628,1.087
31.582351062214286,0.9204805491990846,0.1,0.259,0.09,0.216,0.187,0.139,0.4839816933638444,96.5,1.748,0.846,0.5881006864988558,1.028
30.96370872117383,0.9262157629960872,0.112,0.294,0.094,0.223,0.21,0.132,0.5366126327557295,99.10000000000001,1.7890000000000001,0.96,0.6109558412520961,1.093
30.05441921561269,0.9238356164383562,0.10400000000000001,0.28,0.092,0.222,0.188,0.139,0.5123287671232877,100.10000000000001,1.825,0.935,0.5863013698630137,1.07
30.244131181837986,0.9222614840989399,0.11,0.269,0.096,0.227,0.192,0.132,0.5053003533568905,87.2,1.698,0.858,0.6071849234393404,1.031
33.046018991964935,0.9313513513513514,0.1,0.273,0.091,0.217,0.198,0.127,0.5091891891891892,113.10000000000001,1.85,0.9420000000000001,0.6005405405405405,1.111
23.855665528178545,0.9337485843714609,0.092,0.258,0.084,0.199,0.181,0.117,0.49263873159682897,74.4,1.766,0.87,0.6087202718006794,1.075
24.114401403778693,0.9169719169719169,0.098,0.252,0.08600000000000001,0.20700000000000002,0.186,0.136,0.49633699633699635,64.7,1.6380000000000001,0.8130000000000001,0.5952380952380952,0.975
30.830915874865813,0.9251925192519251,0.115,0.294,0.092,0.223,0.20400000000000001,0.136,0.5016501650165016,101.9,1.818,0.912,0.5946094609460946,1.081
24.594639885355026,0.9260817307692307,0.097,0.26,0.08700000000000001,0.20800000000000002,0.184,0.123,0.5102163461538461,68.10000000000001,1.6640000000000001,0.849,0.5967548076923077,0.993
24.657204049973405,0.92534174553102,0.096,0.265,0.08600000000000001,0.20500000000000002,0.191,0.14200000000000002,0.5189274447949527,89.2,1.9020000000000001,0.987,0.6019978969505784,1.145
27.78823208839356,0.9239256678281068,0.114,0.273,0.088,0.215,0.202,0.131,0.516260162601626,82.4,1.722,0.889,0.6254355400696864,1.077
23.601970184134064,0.9268957992362248,0.096,0.299,0.083,0.2,0.193,0.134,0.5122749590834698,79.30000000000001,1.833,0.9390000000000001,0.6246590289143481,1.145
34.17942556873128,0.9279913373037358,0.105,0.28700000000000003,0.096,0.23,0.212,0.133,0.49052517596101786,116.60000000000001,1.847,0.906,0.5874390904168922,1.085
33.192115122019544,0.9171597633136095,0.097,0.268,0.084,0.201,0.176,0.14,0.47928994082840237,94.80000000000001,1.69,0.81,0.6,1.014
30.264498887271696,0.9296794208893485,0.11800000000000001,0.316,0.091,0.224,0.219,0.136,0.546018614270941,113.2,1.934,1.056,0.6334022750775594,1.225
33.47371058072448,0.9297177642501383,0.107,0.28800000000000003,0.097,0.229,0.215,0.127,0.5323741007194245,109.30000000000001,1.807,0.962,0.5921416712783619,1.07
25.240287166964865,0.9230769230769231,0.095,0.242,0.085,0.199,0.176,0.127,0.49061175045427013,68.8,1.651,0.81,0.5850999394306481,0.966
33.65512581642472,0.920814479638009,0.108,0.269,0.09,0.217,0.203,0.14,0.49604072398190047,105.2,1.768,0.877,0.5820135746606335,1.029
23.39078695378858,0.9304635761589404,0.1,0.275,0.085,0.20600000000000002,0.188,0.126,0.532560706401766,76.80000000000001,1.812,0.965,0.6153421633554084,1.115
30.51300357565003,0.9288582903040734,0.10300000000000001,0.276,0.09,0.21,0.187,0.124,0.49225473321858865,92.7,1.743,0.858,0.5995410212277682,1.045
27.879539987590203,0.924198250728863,0.10400000000000001,0.275,0.097,0.23,0.203,0.13,0.48104956268221577,82.0,1.715,0.8250000000000001,0.5889212827988338,1.01
31.0358873238041,0.9262343842950624,0.10400000000000001,0.265,0.093,0.22,0.185,0.124,0.49791790600832836,87.7,1.681,0.837,0.5966686496133254,1.0030000000000001
24.18355582693251,0.9247428262046562,0.107,0.272,0.094,0.225,0.197,0.139,0.5018949648077964,82.5,1.847,0.927,0.5977260422306443,1.104
26.870193691075997,0.921021377672209,0.108,0.267,0.089,0.213,0.187,0.133,0.5029691211401425,76.2,1.684,0.847,0.6152019002375297,1.036
25.70276505976468,0.9313672922252011,0.112,0.293,0.093,0.223,0.21,0.128,0.5302949061662199,89.4,1.865,0.989,0.6209115281501341,1.158
26.368213601864646,0.9278290993071594,0.091,0.265,0.08700000000000001,0.20800000000000002,0.187,0.125,0.5155889145496536,79.10000000000001,1.732,0.893,0.6224018475750578,1.078
24.716824417447814,0.9274924471299094,0.10200000000000001,0.25,0.091,0.219,0.193,0.12,0.4984894259818731,67.7,1.655,0.8250000000000001,0.6036253776435045,0.999
27.471808268755726,0.9289368959636157,0.108,0.27,0.089,0.213,0.195,0.125,0.48436611711199545,85.0,1.7590000000000001,0.852,0.5906765207504264,1.039
24.102611566168417,0.921201814058957,0.1,0.278,0.08600000000000001,0.20600000000000002,0.203,0.139,0.4852607709750567,75.0,1.764,0.856,0.5929705215419501,1.046
25.762980578676178,0.9235632183908046,0.10200000000000001,0.277,0.09,0.218,0.193,0.133,0.524712643678161,78.0,1.74,0.913,0.6114942528735632,1.064
24.112178060739605,0.9252548131370328,0.101,0.272,0.084,0.2,0.19,0.132,0.5,75.2,1.766,0.883,0.6115515288788222,1.08
25.744474783542206,0.9269323671497585,0.094,0.256,0.081,0.2,0.185,0.121,0.501207729468599,70.60000000000001,1.6560000000000001,0.8300000000000001,0.6038647342995169,1.0
21.091663449244294,0.9208804283164783,0.1,0.265,0.08,0.192,0.179,0.133,0.4991076740035693,59.6,1.681,0.839,0.5996430696014278,1.008
31.3208903426891,0.9203860072376358,0.109,0.267,0.08700000000000001,0.212,0.194,0.132,0.51145958986731,86.10000000000001,1.6580000000000001,0.848,0.5922798552472859,0.982
21.88961290281646,0.9206549118387909,0.08700000000000001,0.245,0.074,0.179,0.169,0.126,0.5188916876574308,55.2,1.588,0.8240000000000001,0.6007556675062973,0.9540000000000001
23.50060913058798,0.9298745724059293,0.1,0.264,0.084,0.2,0.192,0.123,0.5131128848346637,72.3,1.754,0.9,0.6191562143671607,1.086
28.37084415616914,0.9250559284116331,0.106,0.276,0.094,0.223,0.197,0.134,0.5027964205816555,90.7,1.788,0.899,0.6096196868008948,1.09
21.155027722284153,0.929125138427464,0.094,0.273,0.085,0.2,0.203,0.128,0.5132890365448505,69.0,1.806,0.927,0.5991140642303433,1.082
33.300819602966726,0.924572775486152,0.105,0.26,0.094,0.223,0.182,0.128,0.48379493223335296,95.9,1.697,0.8210000000000001,0.5910430170889805,1.0030000000000001
22.024322512687924,0.923728813559322,0.092,0.273,0.084,0.202,0.188,0.135,0.5124293785310734,69.0,1.77,0.907,0.6129943502824858,1.085
26.04153749237355,0.9309576837416481,0.1,0.276,0.08700000000000001,0.213,0.191,0.124,0.4983296213808463,84.0,1.796,0.895,0.6074610244988864,1.091
24.04207362885049,0.9261707988980716,0.105,0.28,0.08700000000000001,0.20400000000000001,0.195,0.134,0.509641873278237,79.2,1.815,0.925,0.6066115702479339,1.101
22.895792363053328,0.923120728929385,0.101,0.28,0.092,0.215,0.202,0.135,0.5250569476082004,70.60000000000001,1.756,0.922,0.5985193621867881,1.051
27.338070319323176,0.9265138154027043,0.1,0.249,0.094,0.222,0.192,0.125,0.5085243974132863,79.10000000000001,1.701,0.865,0.5949441504997061,1.012
28.930192782063667,0.9240434037692747,0.109,0.276,0.099,0.229,0.193,0.133,0.5065676756139349,88.7,1.7510000000000001,0.887,0.597372929754426,1.046
26.852871237861873,0.9272626318711826,0.113,0.271,0.098,0.222,0.20500000000000002,0.131,0.5063853414769572,87.10000000000001,1.801,0.912,0.6113270405330372,1.101
28.967552033048197,0.9251583189407023,0.105,0.273,0.08700000000000001,0.20800000000000002,0.186,0.13,0.4968336211859528,87.4,1.737,0.863,0.6102475532527346,1.06
25.484703685395726,0.9260504201680673,0.1,0.28400000000000003,0.09,0.217,0.2,0.132,0.5148459383753501,81.2,1.7850000000000001,0.919,0.6100840336134454,1.089
27.89786257736077,0.9232072275550537,0.10300000000000001,0.28400000000000003,0.08700000000000001,0.20800000000000002,0.20700000000000002,0.136,0.515527950310559,87.5,1.7710000000000001,0.913,0.598531902879729,1.06
24.613885611111446,0.922077922077922,0.099,0.277,0.08600000000000001,0.203,0.201,0.138,0.5302089215132694,77.2,1.7710000000000001,0.9390000000000001,0.6171654432523997,1.093
26.197724723601986,0.9164556962025316,0.097,0.255,0.081,0.193,0.17400000000000002,0.132,0.5056962025316456,65.4,1.58,0.799,0.600632911392405,0.9490000000000001
30.712606433093534,0.9258160237388724,0.1,0.258,0.084,0.2,0.188,0.125,0.5074183976261127,87.2,1.685,0.855,0.6112759643916914,1.03
24.94987747828024,0.9170149253731343,0.095,0.262,0.08,0.189,0.187,0.139,0.5050746268656716,70.0,1.675,0.846,0.5886567164179104,0.986
27.9795054577857,0.9223880597014925,0.10200000000000001,0.261,0.088,0.21,0.192,0.13,0.5134328358208955,78.5,1.675,0.86,0.622089552238806,1.042
30.461118308182492,0.9218934911242603,0.107,0.273,0.089,0.215,0.191,0.132,0.5272189349112426,87.0,1.69,0.891,0.580473372781065,0.981
27.584587151335743,0.9190207156308852,0.097,0.231,0.078,0.188,0.178,0.129,0.5021971123666039,70.0,1.593,0.8,0.5969868173258004,0.9510000000000001
27.310369422461914,0.9234312032239493,0.091,0.257,0.08600000000000001,0.203,0.192,0.133,0.5233160621761658,82.4,1.737,0.909,0.6021876799078871,1.046
28.364597772210303,0.9255759007678677,0.101,0.259,0.089,0.209,0.19,0.126,0.5050206733608978,81.30000000000001,1.693,0.855,0.5977554636739516,1.012
29.995505827992787,0.9220398593200468,0.099,0.253,0.088,0.20800000000000002,0.19,0.133,0.5240328253223916,87.30000000000001,1.706,0.894,0.5791324736225087,0.988
22.07856039931054,0.9316737288135594,0.101,0.298,0.089,0.212,0.199,0.129,0.5317796610169492,78.7,1.8880000000000001,1.004,0.621822033898305,1.174
25.700616677363804,0.9232121922626025,0.096,0.256,0.083,0.197,0.185,0.131,0.5193434935521688,74.8,1.706,0.886,0.6125439624853458,1.045
23.39729281815229,0.9277566539923955,0.10200000000000001,0.28400000000000003,0.091,0.216,0.199,0.133,0.518739815317762,79.30000000000001,1.841,0.9550000000000001,0.6181423139598045,1.1380000000000001
25.930154843213398,0.9302203567681008,0.10400000000000001,0.297,0.095,0.223,0.20600000000000002,0.133,0.521511017838405,94.2,1.9060000000000001,0.994,0.6143756558237146,1.171
24.899797699913496,0.9281886387995713,0.10200000000000001,0.29,0.093,0.22,0.20500000000000002,0.134,0.5176848874598071,86.7,1.866,0.966,0.6071811361200429,1.133
27.80780645516468,0.9233780760626398,0.10400000000000001,0.289,0.08700000000000001,0.212,0.198,0.137,0.517337807606264,88.9,1.788,0.925,0.6001118568232662,1.073
27.241306582931944,0.9300476947535771,0.109,0.292,0.099,0.23500000000000001,0.225,0.132,0.5182829888712241,97.0,1.887,0.978,0.6173820879703232,1.165
32.95889730351947,0.919976289270895,0.1,0.247,0.092,0.22,0.183,0.135,0.5133372851215174,93.80000000000001,1.687,0.866,0.5874333135743924,0.991
35.19307066607092,0.9251740139211136,0.10200000000000001,0.271,0.097,0.234,0.191,0.129,0.4976798143851508,104.60000000000001,1.724,0.858,0.580046403712297,1.0
26.264491638452863,0.9292397660818713,0.10200000000000001,0.275,0.092,0.228,0.189,0.121,0.5233918128654971,76.80000000000001,1.71,0.895,0.6035087719298246,1.032
35.519304130502555,0.9251276233692569,0.10200000000000001,0.267,0.095,0.227,0.195,0.132,0.5150311968235961,110.4,1.7630000000000001,0.908,0.6006806579693704,1.059
33.42007038786167,0.9262485481997678,0.1,0.262,0.088,0.214,0.179,0.127,0.5185830429732868,99.10000000000001,1.722,0.893,0.5969802555168409,1.028
28.22663866260365,0.9221835075493612,0.099,0.269,0.088,0.21,0.178,0.134,0.5226480836236934,83.7,1.722,0.9,0.5876887340301974,1.012
24.961114072291313,0.9234478601567209,0.098,0.261,0.088,0.212,0.19,0.127,0.5123568414707655,68.7,1.659,0.85,0.6130198915009042,1.0170000000000001
29.197504124766045,0.9218839747271683,0.101,0.267,0.088,0.20700000000000002,0.19,0.136,0.5020103388856979,88.5,1.741,0.874,0.6094198736358415,1.061
29.71854587736398,0.9210526315789473,0.10200000000000001,0.262,0.08700000000000001,0.209,0.188,0.135,0.5304093567251462,86.9,1.71,0.907,0.6011695906432749,1.028
32.85589544072021,0.9267192784667418,0.101,0.28500000000000003,0.088,0.217,0.202,0.13,0.5186020293122886,103.4,1.774,0.92,0.5947012401352875,1.055
26.46262822012095,0.9289017341040462,0.095,0.258,0.085,0.20500000000000002,0.186,0.123,0.5017341040462427,79.2,1.73,0.868,0.6034682080924856,1.044
20.13731732576426,0.9310344827586207,0.1,0.268,0.088,0.209,0.188,0.124,0.525027808676307,65.10000000000001,1.798,0.9440000000000001,0.600111234705228,1.079
27.510689773439044,0.9257767548906789,0.096,0.253,0.089,0.213,0.183,0.129,0.5184119677790564,83.10000000000001,1.738,0.901,0.6029919447640967,1.048
31.494712576857026,0.9348680516563729,0.097,0.28400000000000003,0.091,0.221,0.2,0.116,0.553621560920831,99.9,1.7810000000000001,0.986,0.6215609208309938,1.107
36.74839007504948,0.9229821318545902,0.10300000000000001,0.268,0.093,0.215,0.19,0.125,0.4898336414048059,96.80000000000001,1.623,0.795,0.5871842267406038,0.9530000000000001
28.464608275572356,0.9246376811594202,0.105,0.27,0.08700000000000001,0.20700000000000002,0.195,0.13,0.49971014492753624,84.7,1.725,0.862,0.6075362318840579,1.048
23.90113168777663,0.9271070615034168,0.101,0.28300000000000003,0.088,0.21,0.20500000000000002,0.128,0.5136674259681093,73.7,1.756,0.902,0.6093394077448747,1.07
26.203703703703702,0.9255555555555556,0.10200000000000001,0.278,0.091,0.22,0.20400000000000001,0.134,0.4922222222222222,84.9,1.8,0.886,0.5972222222222222,1.075
31.158225581757282,0.9330708661417323,0.11,0.28500000000000003,0.096,0.231,0.21,0.11900000000000001,0.5354330708661418,98.5,1.778,0.9520000000000001,0.6062992125984252,1.078
27.620405698796265,0.9241338112305855,0.1,0.268,0.082,0.202,0.203,0.127,0.529868578255675,77.4,1.674,0.887,0.6057347670250897,1.014
27.16807601722996,0.9295377677564826,0.10200000000000001,0.281,0.08600000000000001,0.20800000000000002,0.20500000000000002,0.125,0.5214205186020293,85.5,1.774,0.925,0.6144306651634723,1.09
38.217765585091286,0.9296187683284457,0.10200000000000001,0.269,0.08700000000000001,0.20500000000000002,0.19,0.12,0.4961876832844575,111.10000000000001,1.705,0.846,0.5929618768328446,1.0110000000000001
27.10035073541983,0.923956546598056,0.094,0.28300000000000003,0.082,0.196,0.195,0.133,0.5140080045740423,82.9,1.749,0.899,0.6020583190394511,1.053
29.131123529534168,0.9297089511257551,0.096,0.28300000000000003,0.089,0.215,0.209,0.128,0.5222405271828665,96.60000000000001,1.821,0.9510000000000001,0.6040637012630423,1.1
23.255968478195868,0.9278533412182141,0.098,0.255,0.085,0.202,0.184,0.122,0.5026611472501479,66.5,1.691,0.85,0.5966883500887049,1.0090000000000001
30.535468283217178,0.9211150652431791,0.093,0.244,0.088,0.21,0.178,0.133,0.4893238434163701,86.80000000000001,1.686,0.8250000000000001,0.5860023724792408,0.988
28.104349584407686,0.9237520570488206,0.105,0.279,0.08700000000000001,0.211,0.20500000000000002,0.139,0.5052111903455841,93.4,1.823,0.921,0.6028524410312671,1.099
35.80491391357274,0.9316770186335404,0.105,0.271,0.092,0.221,0.196,0.121,0.5047995482778092,112.30000000000001,1.7710000000000001,0.894,0.6228119706380576,1.103
31.151020408163266,0.9234285714285714,0.107,0.262,0.089,0.215,0.194,0.134,0.488,95.4,1.75,0.854,0.5948571428571429,1.041
27.266635722314614,0.921754593953764,0.1,0.263,0.08600000000000001,0.203,0.183,0.132,0.4961470065204505,77.60000000000001,1.687,0.837,0.5909899229401304,0.997
26.964235113294293,0.9250913520097442,0.094,0.249,0.083,0.199,0.182,0.123,0.510353227771011,72.7,1.6420000000000001,0.838,0.5956151035322778,0.978
30.43146833331338,0.922722029988466,0.098,0.266,0.083,0.2,0.182,0.134,0.4873125720876586,91.5,1.734,0.845,0.5790080738177624,1.004
34.855293842112644,0.9299943084803642,0.108,0.291,0.092,0.228,0.21,0.123,0.5196357427433125,107.60000000000001,1.7570000000000001,0.913,0.6158224245873648,1.082
32.26864606165417,0.9332959641255605,0.111,0.289,0.097,0.234,0.20400000000000001,0.11900000000000001,0.523542600896861,102.7,1.784,0.934,0.6098654708520179,1.088
28.106261391753034,0.9234421364985164,0.097,0.264,0.084,0.20500000000000002,0.185,0.129,0.5133531157270029,79.80000000000001,1.685,0.865,0.5940652818991098,1.0010000000000001
27.648123420695693,0.928817451205511,0.1,0.269,0.088,0.213,0.193,0.124,0.4890929965556831,83.9,1.742,0.852,0.5866819747416763,1.022
27.776526582886657,0.9295302013422819,0.101,0.269,0.08700000000000001,0.21,0.187,0.126,0.5027964205816555,88.80000000000001,1.788,0.899,0.6112975391498882,1.093
31.04923411889174,0.9244391971664699,0.095,0.263,0.08700000000000001,0.213,0.188,0.128,0.5059031877213696,89.10000000000001,1.694,0.857,0.5714285714285714,0.968
28.448212708255603,0.9300587293112653,0.11,0.28200000000000003,0.099,0.23800000000000002,0.199,0.131,0.5045381740523225,99.80000000000001,1.873,0.9450000000000001,0.602776294714362,1.129
34.180746965612286,0.9278350515463918,0.109,0.28600000000000003,0.093,0.221,0.20700000000000002,0.133,0.5100379815518177,116.10000000000001,1.843,0.9400000000000001,0.6044492674986435,1.114
28.691935770464514,0.9186544342507645,0.098,0.243,0.085,0.202,0.17200000000000001,0.133,0.4948012232415902,76.7,1.635,0.809,0.5938837920489297,0.971
35.09044495219931,0.9290780141843972,0.114,0.289,0.094,0.231,0.20500000000000002,0.13,0.5073649754500819,117.9,1.833,0.93,0.591380250954719,1.084
29.490346527864713,0.9322563835330901,0.10400000000000001,0.307,0.092,0.219,0.213,0.13,0.5184992183428869,108.60000000000001,1.919,0.995,0.6159458051068265,1.182
41.99263090942009,0.9263631253513209,0.115,0.272,0.10200000000000001,0.243,0.20500000000000002,0.131,0.5115233277121979,132.9,1.7790000000000001,0.91,0.5553681843732434,0.988
28.583223869393883,0.9331506849315069,0.105,0.291,0.095,0.23,0.222,0.122,0.553972602739726,95.2,1.825,1.0110000000000001,0.6164383561643836,1.125
29.20090622584607,0.9250288350634371,0.10400000000000001,0.263,0.083,0.203,0.193,0.13,0.5144175317185697,87.80000000000001,1.734,0.892,0.6095732410611303,1.057
29.72263573969769,0.926037282020445,0.097,0.252,0.08600000000000001,0.20600000000000002,0.17300000000000001,0.123,0.49128081779915816,82.2,1.663,0.8170000000000001,0.5941070354780517,0.988
29.47629766859426,0.9231664726426076,0.098,0.259,0.08700000000000001,0.20800000000000002,0.184,0.132,0.5017462165308498,87.0,1.718,0.862,0.5890570430733411,1.012
28.991708492929547,0.9266813671444322,0.106,0.289,0.093,0.225,0.20600000000000002,0.133,0.5209481808158766,95.4,1.814,0.9450000000000001,0.607497243660419,1.102
26.956353305785125,0.9238636363636363,0.097,0.265,0.09,0.218,0.197,0.134,0.5159090909090909,83.5,1.76,0.908,0.6147727272727272,1.082
25.2616289014086,0.923973022685469,0.094,0.251,0.081,0.195,0.179,0.124,0.5211526670754139,67.2,1.631,0.85,0.6069895769466584,0.99
30.981635618972128,0.9270114942528735,0.096,0.253,0.092,0.225,0.192,0.127,0.5195402298850574,93.80000000000001,1.74,0.904,0.5994252873563218,1.043
29.846345261083602,0.9279588336192109,0.10400000000000001,0.263,0.08600000000000001,0.20700000000000002,0.199,0.126,0.5248713550600344,91.30000000000001,1.749,0.918,0.6203544882790166,1.085
30.67654578855081,0.9288560045532157,0.109,0.275,0.096,0.227,0.196,0.125,0.5116676152532726,94.7,1.7570000000000001,0.899,0.610130904951622,1.072
27.56727387114301,0.9288770053475935,0.098,0.28300000000000003,0.09,0.217,0.203,0.133,0.5010695187165776,96.4,1.87,0.937,0.597860962566845,1.118
23.40309622963118,0.9218928164196123,0.10400000000000001,0.275,0.091,0.212,0.194,0.137,0.5148232611174458,72.0,1.754,0.903,0.6191562143671607,1.086
23.04498269896194,0.9211764705882353,0.1,0.252,0.083,0.199,0.183,0.134,0.5094117647058823,66.60000000000001,1.7,0.866,0.6158823529411764,1.047
24.71324690051753,0.9245395127748068,0.097,0.247,0.081,0.197,0.179,0.127,0.5050505050505051,70.0,1.683,0.85,0.5965537730243613,1.004
26.01685362958852,0.926033779848573,0.1,0.25,0.088,0.21,0.182,0.127,0.5270821199767035,76.7,1.717,0.905,0.5859056493884682,1.006
23.698828643883587,0.9291208791208792,0.109,0.292,0.099,0.23,0.2,0.129,0.5,78.5,1.82,0.91,0.5972527472527472,1.087
41.58890962410024,0.9237536656891495,0.107,0.272,0.092,0.224,0.192,0.13,0.4979472140762463,120.9,1.705,0.849,0.5718475073313783,0.975
32.34974426056719,0.9273318872017353,0.107,0.291,0.091,0.219,0.20600000000000002,0.134,0.5168112798264642,110.0,1.844,0.9530000000000001,0.5954446854663774,1.098
26.18583088379023,0.9305153445280834,0.1,0.272,0.084,0.203,0.185,0.12,0.5026056745801969,78.10000000000001,1.727,0.868,0.5906195715112913,1.02
26.425363626546066,0.9198585739540366,0.10400000000000001,0.28,0.088,0.213,0.193,0.136,0.49616971125515613,76.10000000000001,1.697,0.842,0.5963464938126105,1.012
25.16511342574464,0.9238938053097345,0.10200000000000001,0.263,0.085,0.20400000000000001,0.188,0.129,0.4808259587020649,72.3,1.695,0.8150000000000001,0.5929203539823009,1.0050000000000001
25.85151582885161,0.9253228523301515,0.117,0.26,0.097,0.233,0.20500000000000002,0.133,0.49971925884334645,82.0,1.7810000000000001,0.89,0.5979786636720943,1.065
25.07339781616361,0.9321748878923767,0.11,0.272,0.088,0.216,0.2,0.121,0.5151345291479821,79.80000000000001,1.784,0.919,0.602017937219731,1.074
26.36244606950819,0.9237929028504944,0.096,0.261,0.082,0.20600000000000002,0.195,0.131,0.5404304828388597,77.9,1.719,0.929,0.6207097149505526,1.067
25.849929819708077,0.9254410927717701,0.10200000000000001,0.263,0.08600000000000001,0.201,0.195,0.131,0.48264086511098464,79.80000000000001,1.7570000000000001,0.848,0.6021627774615822,1.058
22.357124821143003,0.9277522935779816,0.1,0.281,0.093,0.22,0.203,0.126,0.5212155963302753,68.0,1.744,0.909,0.5969036697247706,1.041
34.32111979542608,0.9255735870173475,0.1,0.276,0.09,0.218,0.2,0.133,0.5187465025181869,109.60000000000001,1.7870000000000001,0.927,0.6094012311135982,1.089
28.56867920469858,0.9255626081938835,0.10200000000000001,0.28400000000000003,0.088,0.214,0.195,0.129,0.5112521638776688,85.80000000000001,1.733,0.886,0.5799192152336988,1.0050000000000001
28.75273480475194,0.9222614840989399,0.099,0.272,0.085,0.20700000000000002,0.189,0.132,0.4923439340400471,82.9,1.698,0.836,0.5871613663133097,0.997
33.087728610007865,0.9268943436499466,0.113,0.28800000000000003,0.093,0.224,0.198,0.137,0.483991462113127,116.2,1.874,0.907,0.5939167556029883,1.113
24.59425828928186,0.9301014656144306,0.096,0.27,0.08600000000000001,0.209,0.192,0.124,0.5118376550169109,77.4,1.774,0.908,0.6217587373167982,1.103
29.7593166370227,0.9286889742183214,0.11,0.279,0.095,0.232,0.198,0.13,0.5134393856280856,98.9,1.823,0.936,0.6039495337356007,1.101
27.464937460319835,0.9281232173416999,0.10200000000000001,0.28500000000000003,0.08700000000000001,0.20800000000000002,0.2,0.126,0.5088419851682829,84.4,1.7530000000000001,0.892,0.6006845407872219,1.053
26.47091667446901,0.9219185722253207,0.10400000000000001,0.264,0.08600000000000001,0.209,0.19,0.14,0.5064138315672058,85.10000000000001,1.793,0.908,0.6068042387060792,1.088
25.930804128070502,0.927933293627159,0.098,0.261,0.083,0.199,0.188,0.121,0.5205479452054794,73.10000000000001,1.679,0.874,0.6164383561643836,1.035
27.4289850851359,0.9262782401902497,0.097,0.268,0.08700000000000001,0.21,0.17400000000000002,0.124,0.5356718192627824,77.60000000000001,1.682,0.901,0.619500594530321,1.042
24.313788465525853,0.9239068710959683,0.099,0.262,0.08700000000000001,0.20800000000000002,0.193,0.134,0.4991482112436116,75.4,1.7610000000000001,0.879,0.616695059625213,1.086
32.665228220721964,0.9271986022131625,0.105,0.294,0.095,0.227,0.193,0.125,0.5043680838672102,96.30000000000001,1.717,0.866,0.5923121723937099,1.0170000000000001
28.019253090478163,0.9287749287749287,0.108,0.268,0.091,0.217,0.192,0.125,0.5042735042735043,86.30000000000001,1.7550000000000001,0.885,0.6056980056980057,1.063
32.840710873991114,0.9238548483045806,0.111,0.259,0.094,0.227,0.188,0.128,0.5092207019631172,92.80000000000001,1.681,0.856,0.5960737656157049,1.002
25.802469135802472,0.9294444444444444,0.108,0.271,0.094,0.225,0.193,0.127,0.5138888888888888,83.60000000000001,1.8,0.925,0.5827777777777777,1.049
39.48608670671615,0.9301825993555317,0.107,0.281,0.09,0.223,0.198,0.13,0.5091299677765844,136.9,1.862,0.9480000000000001,0.5762620837808807,1.073
29.583196469532403,0.9196951934349356,0.1,0.264,0.083,0.2,0.191,0.137,0.5164126611957796,86.10000000000001,1.706,0.881,0.5855803048065651,0.999
24.585979610528057,0.9272930648769575,0.101,0.264,0.088,0.20800000000000002,0.193,0.13,0.5156599552572707,78.60000000000001,1.788,0.922,0.5978747203579419,1.069
35.99522884094681,0.9228971962616822,0.10200000000000001,0.267,0.08700000000000001,0.20400000000000001,0.197,0.132,0.5093457943925234,105.5,1.712,0.872,0.6179906542056075,1.058
25.058134510475057,0.9248346361996392,0.095,0.281,0.08600000000000001,0.201,0.198,0.125,0.5123271196632592,69.3,1.663,0.852,0.6001202645820806,0.998
24.343951882379148,0.9217910447761194,0.1,0.264,0.08700000000000001,0.21,0.184,0.131,0.511044776119403,68.3,1.675,0.856,0.6035820895522388,1.0110000000000001
20.145175676570748,0.9244288224956063,0.092,0.256,0.08700000000000001,0.202,0.185,0.129,0.5043936731107206,58.7,1.707,0.861,0.6045694200351494,1.032
26.634495786924035,0.9247706422018349,0.093,0.27,0.08,0.187,0.187,0.123,0.5113149847094801,71.2,1.635,0.836,0.6165137614678899,1.008
25.996328454201166,0.922077922077922,0.1,0.271,0.08,0.197,0.192,0.132,0.5064935064935064,74.60000000000001,1.694,0.858,0.5979929161747344,1.0130000000000001
32.86431496895231,0.9229885057471264,0.106,0.275,0.09,0.217,0.199,0.134,0.535632183908046,99.5,1.74,0.932,0.5833333333333334,1.0150000000000001
30.00992063492064,0.9226190476190477,0.105,0.265,0.09,0.215,0.19,0.13,0.5053571428571428,84.7,1.68,0.849,0.5779761904761904,0.971
36.16432958790958,0.9320954907161804,0.113,0.292,0.1,0.247,0.225,0.128,0.5511936339522546,128.5,1.885,1.039,0.6031830238726791,1.137
28.787418441428358,0.9204946996466431,0.098,0.265,0.08600000000000001,0.20700000000000002,0.193,0.135,0.49823321554770317,83.0,1.698,0.846,0.5771495877502945,0.98
25.797164595865894,0.9285714285714286,0.101,0.274,0.09,0.215,0.197,0.132,0.533008658008658,88.10000000000001,1.848,0.985,0.6168831168831169,1.1400000000000001
31.147899044693588,0.9210371243370654,0.10200000000000001,0.271,0.088,0.212,0.194,0.134,0.49616971125515613,89.7,1.697,0.842,0.5839717147908073,0.991
26.195862390886028,0.9272326350606395,0.10300000000000001,0.294,0.095,0.222,0.198,0.132,0.5088202866593164,86.2,1.814,0.923,0.619625137816979,1.124
29.58811470517212,0.9213853765805388,0.109,0.3,0.089,0.217,0.224,0.14300000000000002,0.5305112699285321,97.9,1.819,0.965,0.6184716877405168,1.125
29.069144375857345,0.9276620370370371,0.108,0.3,0.09,0.22,0.212,0.125,0.5451388888888888,86.80000000000001,1.728,0.9420000000000001,0.6365740740740741,1.1
23.343323018032294,0.9199071387115496,0.096,0.274,0.079,0.191,0.193,0.138,0.5281485780615206,69.3,1.723,0.91,0.6227510156703424,1.073
27.165400579528548,0.9264380530973452,0.105,0.272,0.093,0.217,0.198,0.133,0.5094026548672567,88.80000000000001,1.808,0.921,0.599004424778761,1.083
23.763275143614198,0.9266517357222844,0.098,0.28700000000000003,0.088,0.20800000000000002,0.202,0.131,0.5313549832026876,75.8,1.786,0.9490000000000001,0.6142217245240762,1.097
24.440136614453543,0.9227594339622641,0.101,0.272,0.088,0.21,0.20800000000000002,0.131,0.5442216981132075,70.3,1.696,0.923,0.6143867924528302,1.042
24.344620215733304,0.9221522610188895,0.097,0.279,0.081,0.193,0.194,0.136,0.4871207784773898,74.3,1.747,0.851,0.5970234688036634,1.043
29.3909938504265,0.9273239436619718,0.107,0.28,0.092,0.222,0.21,0.129,0.5087323943661972,92.60000000000001,1.7750000000000001,0.903,0.6169014084507042,1.095
27.808539284874005,0.9261931187569368,0.106,0.274,0.091,0.218,0.196,0.133,0.4961154273029967,90.30000000000001,1.802,0.894,0.6120976692563818,1.103
25.392343872740735,0.9323109465891063,0.099,0.28500000000000003,0.09,0.214,0.20400000000000001,0.128,0.514013749338974,90.80000000000001,1.891,0.972,0.6234796404019037,1.179
20.30859688517346,0.9309309309309309,0.092,0.252,0.082,0.195,0.18,0.115,0.4900900900900901,56.300000000000004,1.665,0.8160000000000001,0.5897897897897898,0.982
41.23456790123456,0.9272222222222222,0.108,0.273,0.091,0.215,0.195,0.131,0.5022222222222222,133.6,1.8,0.904,0.575,1.035
27.341875154945075,0.9274958170663692,0.099,0.279,0.094,0.22,0.203,0.13,0.5326268823201339,87.9,1.793,0.9550000000000001,0.6045733407696597,1.084
28.99701769647553,0.927689594356261,0.096,0.256,0.088,0.20800000000000002,0.193,0.123,0.5020576131687243,83.9,1.701,0.854,0.6072898295120517,1.033
23.524992168533167,0.9275442477876106,0.107,0.295,0.093,0.223,0.21,0.131,0.5376106194690266,76.9,1.808,0.972,0.6283185840707964,1.1360000000000001
25.905030936770213,0.9218130311614731,0.1,0.268,0.08600000000000001,0.21,0.197,0.138,0.49178470254957507,80.7,1.7650000000000001,0.868,0.591501416430595,1.044
31.920261421530828,0.9258271077908218,0.109,0.28800000000000003,0.096,0.233,0.22,0.139,0.5042689434364994,112.10000000000001,1.874,0.9450000000000001,0.5901814300960512,1.106
23.78107898554702,0.9228944246737841,0.099,0.243,0.083,0.197,0.17300000000000001,0.13,0.4863582443653618,67.60000000000001,1.686,0.8200000000000001,0.5925266903914591,0.999
35.74256241420361,0.9266109785202864,0.105,0.265,0.08600000000000001,0.20700000000000002,0.184,0.123,0.4946300715990454,100.4,1.676,0.8290000000000001,0.6062052505966588,1.016
27.377370587589883,0.9182948490230906,0.096,0.263,0.082,0.2,0.185,0.138,0.5245707519242155,78.10000000000001,1.689,0.886,0.6346950858496152,1.072
24.218442839521906,0.9234365867913501,0.095,0.272,0.088,0.20800000000000002,0.192,0.131,0.5265926358854471,70.9,1.711,0.901,0.6101694915254238,1.044
22.1862187634188,0.9337572866984631,0.107,0.28800000000000003,0.088,0.20400000000000001,0.202,0.125,0.5262321144674086,79.0,1.887,0.993,0.6242713301536831,1.178
23.121193026675066,0.9211594202898551,0.10200000000000001,0.275,0.091,0.214,0.202,0.136,0.5211594202898551,68.8,1.725,0.899,0.6098550724637681,1.052
24.092939480339773,0.923950056753689,0.10300000000000001,0.28800000000000003,0.092,0.218,0.212,0.134,0.5425652667423383,74.8,1.762,0.9560000000000001,0.6214528944381384,1.095
26.150471777646676,0.92599171107164,0.10400000000000001,0.27,0.089,0.211,0.188,0.125,0.4955595026642984,74.60000000000001,1.689,0.837,0.5938425103611604,1.0030000000000001
31.39300218422211,0.9279538904899135,0.091,0.255,0.08700000000000001,0.213,0.188,0.125,0.5152737752161384,94.5,1.735,0.894,0.5965417867435159,1.035
27.320119125317422,0.9250585480093677,0.099,0.259,0.083,0.198,0.17300000000000001,0.128,0.49765807962529274,79.7,1.708,0.85,0.6071428571428571,1.037
27.67958591086984,0.9286516853932584,0.098,0.267,0.085,0.201,0.189,0.127,0.49775280898876406,87.7,1.78,0.886,0.602808988764045,1.073
25.132986210829575,0.93157599551318,0.096,0.271,0.08600000000000001,0.20700000000000002,0.193,0.122,0.5131800336511497,79.9,1.7830000000000001,0.915,0.6034772854739203,1.076
28.469444693991427,0.9313835770528683,0.1,0.28500000000000003,0.09,0.218,0.213,0.122,0.5224971878515186,90.0,1.778,0.929,0.6214848143982002,1.105
28.657422545946083,0.9316427783902976,0.108,0.29,0.101,0.23500000000000001,0.217,0.124,0.5441014332965821,94.30000000000001,1.814,0.987,0.6295479603087101,1.1420000000000001
33.25462241033638,0.9229850746268656,0.097,0.263,0.091,0.217,0.194,0.129,0.5104477611940299,93.30000000000001,1.675,0.855,0.5988059701492537,1.0030000000000001
29.234615782896682,0.9180611656087709,0.1,0.265,0.08700000000000001,0.20500000000000002,0.2,0.14200000000000002,0.5314483554529718,87.80000000000001,1.733,0.921,0.5989613387189844,1.038
22.20475344765676,0.9227414330218069,0.08600000000000001,0.242,0.081,0.189,0.178,0.124,0.491588785046729,57.2,1.605,0.789,0.5906542056074766,0.9480000000000001
35.72085952531977,0.9211737629459148,0.101,0.272,0.08700000000000001,0.20800000000000002,0.193,0.137,0.49136939010356734,107.9,1.738,0.854,0.5909090909090909,1.027
27.01944751207592,0.9281122150789012,0.1,0.266,0.091,0.215,0.195,0.123,0.5289304500292227,79.10000000000001,1.711,0.905,0.614260666277031,1.051
28.13624435246057,0.9255255255255255,0.096,0.249,0.09,0.212,0.181,0.124,0.5201201201201201,78.0,1.665,0.866,0.6162162162162163,1.026
27.776559507623936,0.9321192052980133,0.105,0.272,0.092,0.218,0.189,0.123,0.5060706401766004,91.2,1.812,0.917,0.5921633554083885,1.073
35.08530151543829,0.9199122325836533,0.105,0.28800000000000003,0.092,0.225,0.212,0.146,0.5255074053757542,116.60000000000001,1.823,0.9580000000000001,0.6088864509051015,1.11
34.12873531608851,0.9267073847862298,0.108,0.292,0.1,0.23800000000000002,0.215,0.132,0.5230427540255413,110.7,1.801,0.9420000000000001,0.5985563575791227,1.078
31.444897959183677,0.9245714285714286,0.105,0.261,0.083,0.2,0.188,0.132,0.5017142857142857,96.30000000000001,1.75,0.878,0.6068571428571429,1.062
33.49051360094787,0.9323843416370107,0.115,0.271,0.093,0.222,0.20600000000000002,0.114,0.5195729537366548,95.2,1.686,0.876,0.6037959667852907,1.018
32.48948941920495,0.9278579356270811,0.11,0.28700000000000003,0.094,0.229,0.20700000000000002,0.13,0.521087680355161,105.5,1.802,0.9390000000000001,0.607103218645949,1.094
29.64617799782635,0.9296703296703297,0.112,0.297,0.10200000000000001,0.24,0.225,0.128,0.5203296703296704,98.2,1.82,0.9470000000000001,0.6043956043956044,1.1
31.259626912303624,0.9271485486624929,0.107,0.275,0.094,0.223,0.196,0.128,0.5031303357996585,96.5,1.7570000000000001,0.884,0.5793966989186112,1.018
30.267642974371924,0.9292134831460674,0.101,0.28600000000000003,0.091,0.218,0.20500000000000002,0.126,0.5455056179775281,95.9,1.78,0.971,0.6,1.068
24.207802045196313,0.9275280898876405,0.10200000000000001,0.273,0.08600000000000001,0.20500000000000002,0.203,0.129,0.5387640449438202,76.7,1.78,0.9590000000000001,0.6258426966292134,1.114
29.86790257337607,0.925089179548157,0.10200000000000001,0.275,0.082,0.202,0.19,0.126,0.5267538644470868,84.5,1.682,0.886,0.5980975029726516,1.006
32.68977404431941,0.9222676797194623,0.099,0.257,0.09,0.211,0.183,0.133,0.48743424897720633,95.7,1.711,0.834,0.5809468147282291,0.994
28.69770251656503,0.9207861822513401,0.099,0.271,0.095,0.222,0.196,0.133,0.5247170935080405,80.9,1.679,0.881,0.6104824300178677,1.025
29.975634091716877,0.9283154121863799,0.095,0.262,0.084,0.197,0.183,0.12,0.5173237753882916,84.0,1.674,0.866,0.6099163679808841,1.0210000000000001
27.369907711788052,0.9282051282051282,0.098,0.28,0.085,0.21,0.20700000000000002,0.126,0.5264957264957265,84.30000000000001,1.7550000000000001,0.924,0.5994301994301995,1.052
28.9303733186368,0.9237983587338804,0.101,0.274,0.08600000000000001,0.20800000000000002,0.192,0.13,0.5064478311840562,84.2,1.706,0.864,0.5961313012895663,1.0170000000000001
25.420014609203797,0.9313513513513514,0.10200000000000001,0.277,0.093,0.223,0.192,0.127,0.52,87.0,1.85,0.962,0.6243243243243243,1.155
23.104504986870662,0.9301909307875895,0.094,0.251,0.085,0.197,0.189,0.117,0.5202863961813843,64.9,1.676,0.872,0.6181384248210023,1.036
25.930760474488963,0.9266247379454927,0.111,0.28500000000000003,0.09,0.214,0.215,0.14,0.5151991614255765,94.4,1.9080000000000001,0.983,0.5932914046121593,1.1320000000000001
27.802589604053296,0.9210958904109589,0.099,0.275,0.091,0.211,0.197,0.14400000000000002,0.4986301369863014,92.60000000000001,1.825,0.91,0.5956164383561644,1.087
30.064259651384365,0.9299610894941635,0.096,0.28300000000000003,0.093,0.222,0.20500000000000002,0.126,0.5141745414118954,97.30000000000001,1.799,0.925,0.6170094496942746,1.11
24.724520008546747,0.9298342541436464,0.109,0.28400000000000003,0.092,0.215,0.202,0.127,0.5138121546961326,81.0,1.81,0.93,0.6049723756906077,1.095
24.97458944515306,0.9302455357142857,0.094,0.258,0.09,0.214,0.194,0.125,0.5251116071428571,80.2,1.792,0.9410000000000001,0.6077008928571429,1.089
22.493629615240902,0.9262485481997678,0.105,0.268,0.084,0.20500000000000002,0.197,0.127,0.5267131242740999,66.7,1.722,0.907,0.610917537746806,1.052
28.626256615987966,0.9264448336252189,0.105,0.271,0.09,0.212,0.189,0.126,0.4845300642148278,84.0,1.713,0.8300000000000001,0.6088733216579101,1.043
29.29577464788732,0.923943661971831,0.094,0.264,0.089,0.213,0.184,0.135,0.5188732394366197,92.30000000000001,1.7750000000000001,0.921,0.6180281690140845,1.097
25.611255785992693,0.9285330467490597,0.107,0.28400000000000003,0.091,0.217,0.20800000000000002,0.133,0.5335840945728103,88.7,1.861,0.993,0.6270822138635143,1.167
28.66889243721875,0.9234939759036145,0.098,0.257,0.079,0.196,0.178,0.127,0.5060240963855421,79.0,1.6600000000000001,0.84,0.6096385542168675,1.012
35.81973895146328,0.9287343215507412,0.099,0.265,0.091,0.215,0.186,0.125,0.48745724059293044,110.2,1.754,0.855,0.5832383124287344,1.0230000000000001
26.701934263638602,0.9290578887627696,0.098,0.268,0.088,0.215,0.193,0.125,0.5068104426787742,82.9,1.762,0.893,0.6055618615209989,1.067
29.70887322957995,0.9245939675174014,0.099,0.256,0.088,0.209,0.192,0.13,0.5110208816705336,88.30000000000001,1.724,0.881,0.6026682134570766,1.039
31.203617201881737,0.9207129686539643,0.098,0.246,0.081,0.201,0.184,0.129,0.5113706207744315,82.60000000000001,1.627,0.8320000000000001,0.5888137676705593,0.9580000000000001
35.84347813898258,0.9272097053726169,0.10400000000000001,0.268,0.088,0.209,0.179,0.126,0.4800693240901213,107.4,1.731,0.8310000000000001,0.5811669555170422,1.006
21.632260796228714,0.9285714285714286,0.098,0.278,0.081,0.193,0.209,0.133,0.5102040816326531,75.0,1.862,0.9500000000000001,0.60687432867884,1.1300000000000001
29.849361806373967,0.9225736095965104,0.108,0.28800000000000003,0.094,0.223,0.203,0.14200000000000002,0.5081788440567067,100.4,1.834,0.932,0.5899672846237731,1.082
35.72477340629779,0.924508240297714,0.115,0.294,0.096,0.232,0.21,0.14200000000000002,0.5098351940457203,126.4,1.881,0.9590000000000001,0.6065922381711856,1.141
30.546777745858467,0.9293785310734464,0.099,0.271,0.08700000000000001,0.20800000000000002,0.196,0.125,0.5,95.7,1.77,0.885,0.607909604519774,1.076
31.86455780797505,0.92,0.109,0.263,0.093,0.222,0.188,0.134,0.49074626865671644,89.4,1.675,0.8220000000000001,0.6041791044776119,1.012
28.66460421069193,0.9244625217896572,0.10200000000000001,0.28,0.09,0.21,0.198,0.13,0.5107495642068565,84.9,1.721,0.879,0.6141778036025567,1.057
33.22699503988847,0.921697549312612,0.095,0.251,0.089,0.215,0.191,0.131,0.488344291691572,93.0,1.673,0.8170000000000001,0.5845786013150029,0.978
32.73622423737357,0.927187008905186,0.116,0.313,0.096,0.23500000000000001,0.225,0.139,0.5306443163960188,119.30000000000001,1.909,1.0130000000000001,0.6196961760083813,1.183
34.02448979591837,0.928,0.109,0.279,0.092,0.218,0.203,0.126,0.5348571428571428,104.2,1.75,0.936,0.5948571428571429,1.041
28.626436056053528,0.9269662921348315,0.10300000000000001,0.275,0.084,0.20400000000000001,0.203,0.13,0.5123595505617977,90.7,1.78,0.912,0.5876404494382023,1.046
20.14413988657845,0.9304347826086956,0.097,0.27,0.09,0.217,0.209,0.128,0.5206521739130435,68.2,1.84,0.9580000000000001,0.6152173913043478,1.1320000000000001
25.711711285417387,0.9337960491190603,0.105,0.294,0.09,0.221,0.218,0.124,0.5317672183662573,90.2,1.873,0.996,0.6273358248798718,1.175
37.52682742078021,0.9280898876404494,0.111,0.277,0.096,0.23,0.203,0.128,0.5213483146067416,118.9,1.78,0.928,0.6,1.068
29.496222436068056,0.9276018099547512,0.106,0.28300000000000003,0.092,0.222,0.2,0.128,0.5265837104072398,92.2,1.768,0.931,0.6069004524886877,1.073
30.458007002929097,0.9258649093904449,0.112,0.302,0.096,0.231,0.222,0.135,0.5365183964854475,101.0,1.821,0.977,0.6177924217462932,1.125
27.60817479443009,0.9228504122497055,0.10300000000000001,0.244,0.085,0.20800000000000002,0.17500000000000002,0.131,0.49764428739693756,79.60000000000001,1.698,0.845,0.5700824499411072,0.968
36.72840586814188,0.929585798816568,0.101,0.28200000000000003,0.09,0.215,0.21,0.11900000000000001,0.5142011834319526,104.9,1.69,0.869,0.5988165680473373,1.012
31.620513123944455,0.924985899605189,0.107,0.28800000000000003,0.095,0.223,0.197,0.133,0.5200225606316977,99.4,1.7730000000000001,0.922,0.6012408347433729,1.066
28.24230914906153,0.9306192660550459,0.097,0.273,0.088,0.217,0.199,0.121,0.5051605504587156,85.9,1.744,0.881,0.6009174311926605,1.048
24.27338827532082,0.9272937103289094,0.108,0.252,0.084,0.202,0.188,0.126,0.47778418926716676,72.9,1.733,0.8280000000000001,0.5868436237738026,1.0170000000000001
21.174522789840736,0.9205736348593492,0.097,0.269,0.088,0.20500000000000002,0.193,0.14400000000000002,0.4947600661886376,69.60000000000001,1.813,0.897,0.595146166574738,1.079
30.8601967679444,0.9334787350054525,0.109,0.279,0.093,0.22,0.193,0.122,0.5338058887677208,103.80000000000001,1.834,0.979,0.5888767720828789,1.08
27.169408167400395,0.9286480686695279,0.106,0.271,0.092,0.223,0.20500000000000002,0.133,0.49624463519313305,94.4,1.864,0.925,0.6083690987124464,1.1340000000000001
38.69723983142075,0.9283819628647215,0.106,0.277,0.093,0.222,0.2,0.135,0.5135278514588859,137.5,1.885,0.968,0.5909814323607427,1.114
26.123581999412608,0.926950747094632,0.105,0.29,0.089,0.20700000000000002,0.20400000000000001,0.132,0.5141117874930825,85.30000000000001,1.807,0.929,0.5998893193137798,1.084
26.01851851851852,0.9266666666666666,0.10300000000000001,0.266,0.08600000000000001,0.20500000000000002,0.19,0.132,0.5122222222222222,84.30000000000001,1.8,0.922,0.6222222222222222,1.12
22.18021424070573,0.9217391304347826,0.093,0.27,0.082,0.193,0.184,0.135,0.5223188405797101,66.0,1.725,0.901,0.624927536231884,1.078
30.66597196403605,0.9233409610983981,0.1,0.264,0.085,0.20500000000000002,0.19,0.134,0.5068649885583524,93.7,1.748,0.886,0.5892448512585813,1.03
30.27505904601712,0.9262620533182075,0.10300000000000001,0.263,0.09,0.215,0.187,0.13,0.5138967668746455,94.10000000000001,1.7630000000000001,0.906,0.6142938173567782,1.083
25.787144204389577,0.9276620370370371,0.098,0.268,0.093,0.224,0.193,0.125,0.4976851851851852,77.0,1.728,0.86,0.5978009259259259,1.033
32.11913628660279,0.9244730679156908,0.094,0.256,0.078,0.194,0.183,0.129,0.49765807962529274,93.7,1.708,0.85,0.5831381733021077,0.996
24.511508936502807,0.9191309595654797,0.099,0.263,0.089,0.21,0.189,0.134,0.4966807483403742,67.3,1.657,0.8230000000000001,0.59987929993965,0.994
27.414453692693883,0.9258620689655173,0.108,0.27,0.092,0.225,0.196,0.129,0.49942528735632186,83.0,1.74,0.869,0.5879310344827586,1.0230000000000001
27.545243854561118,0.924673784104389,0.099,0.264,0.085,0.20800000000000002,0.184,0.127,0.5237247924080665,78.30000000000001,1.686,0.883,0.6103202846975089,1.029
34.251254261902595,0.9235040098704503,0.10400000000000001,0.267,0.093,0.216,0.188,0.124,0.49660703269586676,90.0,1.621,0.805,0.581739666872301,0.9430000000000001
25.54924227325237,0.9211337030191005,0.095,0.258,0.082,0.2,0.18,0.128,0.492298213185459,67.3,1.623,0.799,0.5927295132470733,0.962
29.770417324724786,0.9251074278698588,0.101,0.253,0.082,0.195,0.179,0.122,0.5009208103130756,79.0,1.629,0.8160000000000001,0.6034376918354819,0.983
34.83365129764788,0.9238429994141769,0.109,0.275,0.098,0.23700000000000002,0.195,0.13,0.5073227885178676,101.5,1.707,0.866,0.5881663737551259,1.004
19.470239874033652,0.9277810133954572,0.093,0.268,0.083,0.2,0.188,0.124,0.5492137449039022,57.400000000000006,1.717,0.9430000000000001,0.6243447874199185,1.072
24.50125532902303,0.9281267685342388,0.10300000000000001,0.277,0.09,0.21,0.199,0.127,0.4980192416525184,76.5,1.7670000000000001,0.88,0.5981890209394454,1.057
26.939015521152697,0.926367081754196,0.105,0.289,0.08700000000000001,0.199,0.201,0.136,0.5105576610720086,91.9,1.847,0.9430000000000001,0.6020573903627504,1.112
24.874379701008085,0.9290502793296089,0.099,0.275,0.088,0.218,0.189,0.127,0.5201117318435754,79.7,1.79,0.931,0.6223463687150838,1.114
25.383627872542938,0.9180907483794932,0.097,0.272,0.083,0.2,0.185,0.139,0.5150265173836182,73.10000000000001,1.697,0.874,0.6169711255156158,1.047
34.45972968040785,0.9232081911262798,0.106,0.274,0.091,0.214,0.192,0.135,0.5034129692832765,106.5,1.758,0.885,0.5887372013651877,1.035
25.005102893220062,0.9227023737066342,0.092,0.244,0.078,0.187,0.17300000000000001,0.127,0.5258673158855751,67.5,1.643,0.864,0.6013390139987828,0.988
25.317205384038903,0.9229891614375356,0.10300000000000001,0.281,0.08700000000000001,0.20800000000000002,0.192,0.135,0.5339418140330862,77.80000000000001,1.7530000000000001,0.936,0.6246434683399886,1.095
23.884313306600568,0.9283683911313246,0.10300000000000001,0.277,0.088,0.20800000000000002,0.196,0.126,0.5315520181921546,73.9,1.7590000000000001,0.935,0.6168277430358158,1.085
25.49497562431599,0.919908466819222,0.099,0.271,0.092,0.219,0.194,0.14,0.5062929061784897,77.9,1.748,0.885,0.5961098398169337,1.042
35.88464113575037,0.920392584514722,0.115,0.295,0.093,0.227,0.209,0.146,0.48909487459105777,120.7,1.834,0.897,0.5965103598691385,1.094
24.53134553236091,0.9217289719626168,0.106,0.28200000000000003,0.085,0.20800000000000002,0.196,0.134,0.5186915887850467,71.9,1.712,0.888,0.6144859813084113,1.052
27.27526947245996,0.9261331841074426,0.107,0.28600000000000003,0.089,0.213,0.2,0.132,0.5086737548964745,87.10000000000001,1.7870000000000001,0.909,0.6217123670956911,1.111
38.21102909248806,0.9197568389057751,0.1,0.265,0.083,0.2,0.177,0.132,0.48632218844984804,103.4,1.645,0.8,0.5708206686930091,0.9390000000000001
26.363422374818384,0.9282051282051282,0.097,0.265,0.08700000000000001,0.21,0.187,0.126,0.49914529914529915,81.2,1.7550000000000001,0.876,0.6056980056980057,1.063
25.905030936770213,0.9263456090651558,0.1,0.277,0.088,0.209,0.193,0.13,0.5048158640226629,80.7,1.7650000000000001,0.891,0.6243626062322947,1.102
22.523064941390846,0.9289458357600466,0.099,0.252,0.085,0.20500000000000002,0.188,0.122,0.5078625509609784,66.4,1.717,0.872,0.609784507862551,1.047
32.7557918418464,0.9262435677530018,0.10200000000000001,0.271,0.08700000000000001,0.209,0.193,0.129,0.4957118353344768,100.2,1.749,0.867,0.5946255002858777,1.04
25.52932086182328,0.9266211604095563,0.10200000000000001,0.273,0.092,0.219,0.199,0.129,0.5039817974971559,78.9,1.758,0.886,0.6012514220705347,1.057
32.49357902003097,0.9139650872817955,0.097,0.252,0.089,0.21,0.183,0.138,0.4837905236907731,83.60000000000001,1.604,0.776,0.5897755610972568,0.9460000000000001
24.766148512915795,0.9226804123711341,0.10200000000000001,0.267,0.088,0.212,0.188,0.135,0.5143184421534936,75.5,1.746,0.898,0.6288659793814433,1.098
30.30115236823193,0.9332943241661791,0.10400000000000001,0.273,0.09,0.214,0.192,0.114,0.5014628437682855,88.5,1.709,0.857,0.5997659449970744,1.025
30.44849354710728,0.9208937198067633,0.095,0.243,0.08,0.193,0.176,0.131,0.5084541062801933,83.5,1.6560000000000001,0.842,0.5990338164251208,0.992
35.72113675729657,0.9228028503562945,0.10300000000000001,0.265,0.089,0.211,0.188,0.13,0.5053444180522565,101.30000000000001,1.684,0.851,0.6015439429928741,1.0130000000000001
22.478208275574634,0.9247613700168444,0.096,0.26,0.083,0.2,0.185,0.134,0.5126333520494104,71.3,1.7810000000000001,0.913,0.6075238629983155,1.082
25.338775510204083,0.9257142857142857,0.10400000000000001,0.265,0.089,0.213,0.185,0.13,0.508,77.60000000000001,1.75,0.889,0.6114285714285714,1.07
29.895574294976512,0.9251583189407023,0.105,0.28600000000000003,0.089,0.215,0.196,0.13,0.49740932642487046,90.2,1.737,0.864,0.6004605641911341,1.043
22.204318320436283,0.9301956636700158,0.10300000000000001,0.297,0.093,0.218,0.21,0.132,0.5118984664198837,79.4,1.891,0.968,0.6166049709148599,1.166
26.337652458097484,0.9217002237136466,0.099,0.271,0.084,0.197,0.196,0.14,0.517337807606264,84.2,1.788,0.925,0.6079418344519015,1.087
31.576907387505575,0.9220023282887078,0.097,0.248,0.082,0.2,0.183,0.134,0.5023282887077998,93.2,1.718,0.863,0.5948777648428405,1.022
24.79922665080309,0.9195121951219513,0.089,0.255,0.082,0.195,0.182,0.132,0.4878048780487805,66.7,1.6400000000000001,0.8,0.5853658536585366,0.96
30.941328358988237,0.9291938997821351,0.112,0.28800000000000003,0.096,0.233,0.20700000000000002,0.13,0.5098039215686274,104.30000000000001,1.836,0.936,0.6067538126361656,1.114
28.606787271223435,0.9183291770573566,0.10200000000000001,0.256,0.08,0.196,0.164,0.131,0.486284289276808,73.60000000000001,1.604,0.78,0.5922693266832918,0.9500000000000001
27.763964433297673,0.9285295840656121,0.095,0.269,0.08600000000000001,0.21,0.183,0.122,0.4874048037492677,80.9,1.707,0.8320000000000001,0.5969537199765671,1.0190000000000001
29.37261856186705,0.9226650803093397,0.095,0.265,0.085,0.20600000000000002,0.186,0.13,0.49018441403926233,83.0,1.681,0.8240000000000001,0.5877453896490185,0.988
23.688563327032135,0.9255434782608696,0.105,0.292,0.094,0.223,0.218,0.137,0.5135869565217391,80.2,1.84,0.9450000000000001,0.5972826086956522,1.099
20.700107702045518,0.9286966686148451,0.099,0.249,0.078,0.188,0.177,0.122,0.5149035651665692,60.6,1.711,0.881,0.6212741087083576,1.063
24.53105414012837,0.9324847814056447,0.098,0.273,0.088,0.21,0.19,0.122,0.515218594355285,80.10000000000001,1.807,0.931,0.6142778085224129,1.11
22.0890632352343,0.9240943070730305,0.099,0.269,0.089,0.213,0.188,0.132,0.5100632547441059,66.8,1.739,0.887,0.6095457159286947,1.06
27.963501940722203,0.9295361127422196,0.098,0.244,0.09,0.217,0.192,0.12,0.4967704051673517,81.10000000000001,1.703,0.846,0.5877862595419847,1.0010000000000001
18.86431102173705,0.9225988700564972,0.096,0.267,0.08700000000000001,0.20600000000000002,0.189,0.137,0.492090395480226,59.1,1.77,0.871,0.584180790960452,1.034
30.275140079862148,0.9284487693188322,0.10400000000000001,0.28700000000000003,0.088,0.214,0.192,0.125,0.4979965655409273,92.4,1.747,0.87,0.5924441900400687,1.035
27.46622064803883,0.9253246753246753,0.10300000000000001,0.28400000000000003,0.089,0.21,0.20400000000000001,0.138,0.533008658008658,93.80000000000001,1.848,0.985,0.6098484848484849,1.127
22.99070612434875,0.924496644295302,0.1,0.267,0.083,0.198,0.187,0.135,0.5123042505592841,73.5,1.788,0.916,0.6135346756152126,1.097
26.894823916396906,0.9327453142227122,0.099,0.265,0.09,0.218,0.19,0.122,0.5082690187431091,88.5,1.814,0.922,0.613561190738699,1.113
27.791176772687027,0.9241733181299886,0.10200000000000001,0.278,0.08700000000000001,0.20800000000000002,0.198,0.133,0.5068415051311288,85.5,1.754,0.889,0.6151653363740023,1.079
29.58542323728709,0.919833729216152,0.106,0.254,0.089,0.215,0.188,0.135,0.49643705463182897,83.9,1.684,0.836,0.6074821852731591,1.0230000000000001
21.788760855816246,0.9280045351473923,0.098,0.275,0.083,0.20500000000000002,0.193,0.127,0.5,67.8,1.764,0.882,0.5969387755102041,1.053
27.128817728799465,0.924812030075188,0.098,0.259,0.08600000000000001,0.20600000000000002,0.193,0.13,0.4950838635049161,81.10000000000001,1.729,0.856,0.5922498554077501,1.024
30.506646512598262,0.927262313860252,0.106,0.273,0.092,0.223,0.191,0.127,0.5114547537227949,93.0,1.746,0.893,0.6053837342497136,1.057
29.691044675546376,0.9206161137440758,0.101,0.255,0.09,0.216,0.181,0.134,0.495260663507109,84.60000000000001,1.688,0.836,0.601303317535545,1.0150000000000001
24.38582999296524,0.9277038750722961,0.099,0.269,0.083,0.195,0.193,0.125,0.5135916714864083,72.9,1.729,0.888,0.6101792943898207,1.055
17.46245053419359,0.9318801089918256,0.093,0.279,0.088,0.209,0.20500000000000002,0.125,0.5204359673024523,58.800000000000004,1.835,0.9550000000000001,0.6179836512261581,1.1340000000000001
31.11647979693934,0.9246693502012651,0.109,0.26,0.095,0.223,0.197,0.131,0.4864864864864865,94.10000000000001,1.739,0.846,0.5871190339275446,1.0210000000000001
31.58533835675624,0.9276094276094277,0.10400000000000001,0.28500000000000003,0.091,0.218,0.2,0.129,0.5095398428731762,100.30000000000001,1.782,0.908,0.6049382716049383,1.078
26.830649994663425,0.9243553008595988,0.1,0.26,0.088,0.21,0.185,0.132,0.49398280802292266,81.7,1.745,0.862,0.597134670487106,1.042
26.28309045992466,0.9273870783304745,0.10300000000000001,0.275,0.085,0.20400000000000001,0.193,0.127,0.5134362492853058,80.4,1.749,0.898,0.6112064036592338,1.069
24.675500270416443,0.9215116279069767,0.101,0.264,0.081,0.195,0.189,0.135,0.5104651162790698,73.0,1.72,0.878,0.6098837209302326,1.049
26.708966937687382,0.9262247838616715,0.1,0.261,0.088,0.20500000000000002,0.186,0.128,0.5031700288184437,80.4,1.735,0.873,0.6092219020172911,1.057
27.72244897959184,0.9291428571428572,0.11,0.28500000000000003,0.088,0.213,0.20500000000000002,0.124,0.5188571428571429,84.9,1.75,0.908,0.616,1.078
32.64347843810669,0.9249435665914221,0.101,0.275,0.089,0.221,0.196,0.133,0.5220090293453724,102.5,1.772,0.925,0.6094808126410836,1.08
25.743216185808816,0.9279475982532751,0.10300000000000001,0.274,0.083,0.20600000000000002,0.19,0.132,0.5005458515283843,86.4,1.832,0.917,0.607532751091703,1.113
31.964937910883854,0.9259459459459459,0.11,0.28700000000000003,0.095,0.231,0.20400000000000001,0.137,0.4918918918918919,109.4,1.85,0.91,0.5837837837837838,1.08
31.853850776627212,0.9194711538461539,0.10200000000000001,0.247,0.08600000000000001,0.20800000000000002,0.186,0.134,0.4873798076923077,88.2,1.6640000000000001,0.811,0.6039663461538461,1.0050000000000001
33.361550456671864,0.9211940298507463,0.105,0.257,0.09,0.218,0.183,0.132,0.4961194029850746,93.60000000000001,1.675,0.8310000000000001,0.5808955223880597,0.973
28.175492895028835,0.9247371333702269,0.10200000000000001,0.274,0.091,0.217,0.183,0.136,0.5096845600442723,92.0,1.807,0.921,0.6081903707802988,1.099
27.67055349132085,0.9206798866855525,0.099,0.275,0.085,0.198,0.194,0.14,0.48215297450424927,86.2,1.7650000000000001,0.851,0.5898016997167139,1.041
26.811872209821427,0.9241071428571429,0.094,0.272,0.08,0.197,0.183,0.136,0.49441964285714285,86.10000000000001,1.792,0.886,0.609375,1.092
30.32254560408439,0.9270194986072423,0.099,0.269,0.08600000000000001,0.20400000000000001,0.193,0.131,0.5264623955431755,97.7,1.795,0.9450000000000001,0.6155988857938719,1.105
23.006766332282137,0.9247005134055905,0.099,0.259,0.084,0.198,0.195,0.132,0.5054192812321734,70.7,1.7530000000000001,0.886,0.61437535653166,1.077
29.382726231830617,0.9377753303964758,0.112,0.305,0.094,0.225,0.213,0.113,0.5242290748898678,96.9,1.816,0.9520000000000001,0.6156387665198237,1.118
28.046874999999993,0.919375,0.096,0.251,0.084,0.199,0.17300000000000001,0.129,0.505625,71.8,1.6,0.809,0.5925,0.9480000000000001
25.520029937660297,0.9226586102719033,0.099,0.275,0.08700000000000001,0.20700000000000002,0.185,0.128,0.48942598187311176,69.9,1.655,0.81,0.5975830815709969,0.989
27.497772332368008,0.9154228855721394,0.10200000000000001,0.27,0.08700000000000001,0.20400000000000001,0.182,0.136,0.5174129353233831,71.10000000000001,1.608,0.8320000000000001,0.6019900497512438,0.968
30.556369994360576,0.9252709640616087,0.099,0.267,0.084,0.203,0.187,0.131,0.4905875641756988,93.9,1.7530000000000001,0.86,0.5949800342270394,1.043
29.583801714827306,0.9231220657276995,0.105,0.262,0.085,0.202,0.181,0.131,0.48532863849765256,85.9,1.704,0.8270000000000001,0.5868544600938967,1.0
25.050768527809584,0.926338102808691,0.105,0.298,0.095,0.226,0.21,0.139,0.510863804981452,89.2,1.887,0.964,0.611552729199788,1.154
23.376701723340506,0.9248878923766816,0.101,0.272,0.09,0.20500000000000002,0.198,0.134,0.5067264573991032,74.4,1.784,0.904,0.6104260089686099,1.089
19.991876718447315,0.9296962879640045,0.096,0.271,0.084,0.201,0.187,0.125,0.5140607424071991,63.2,1.778,0.914,0.609111361079865,1.083
25.91446410279045,0.9232818327117741,0.101,0.297,0.092,0.217,0.203,0.14400000000000002,0.5050612679808204,91.30000000000001,1.877,0.9480000000000001,0.6116142781033564,1.1480000000000001
23.813039701259434,0.9250288350634371,0.10200000000000001,0.267,0.08700000000000001,0.203,0.191,0.13,0.5115340253748558,71.60000000000001,1.734,0.887,0.6182237600922722,1.072
27.501908920040723,0.9264380530973452,0.10300000000000001,0.28,0.089,0.211,0.199,0.133,0.49668141592920356,89.9,1.808,0.898,0.6144911504424779,1.111
26.07593591815981,0.9322314049586777,0.099,0.279,0.091,0.218,0.196,0.123,0.512396694214876,85.9,1.815,0.93,0.596694214876033,1.083
25.69327517404395,0.9258226436140546,0.10400000000000001,0.266,0.092,0.217,0.201,0.133,0.4997211377579476,82.60000000000001,1.793,0.896,0.5984383714445064,1.073
29.476820412067184,0.926052332195677,0.1,0.28300000000000003,0.089,0.21,0.193,0.13,0.4937428896473265,91.10000000000001,1.758,0.868,0.6046643913538111,1.063
30.79633526795041,0.9255079006772009,0.105,0.28400000000000003,0.09,0.217,0.195,0.132,0.5158013544018059,96.7,1.772,0.914,0.6117381489841986,1.084
27.494776340971473,0.9238488783943329,0.098,0.255,0.08,0.193,0.176,0.129,0.512396694214876,78.9,1.694,0.868,0.6009445100354192,1.018
26.56835770215965,0.925948223961469,0.099,0.247,0.08700000000000001,0.202,0.178,0.123,0.4966887417218543,73.3,1.661,0.8250000000000001,0.6002408187838651,0.997
30.10458084132447,0.9248554913294798,0.107,0.264,0.08700000000000001,0.21,0.185,0.13,0.49190751445086706,90.10000000000001,1.73,0.851,0.615606936416185,1.065
25.36223530225526,0.9207501512401693,0.097,0.251,0.083,0.198,0.18,0.131,0.4779189352692075,69.3,1.653,0.79,0.588021778584392,0.972
26.586319792750363,0.9315459212778094,0.098,0.261,0.084,0.202,0.183,0.12,0.5042783799201369,81.7,1.7530000000000001,0.884,0.6155162578436966,1.079
27.94292508917955,0.9333333333333333,0.10300000000000001,0.254,0.084,0.203,0.184,0.116,0.4942528735632184,84.60000000000001,1.74,0.86,0.5936781609195402,1.033
25.687262362934373,0.9257744009351256,0.1,0.259,0.091,0.215,0.189,0.127,0.4973699590882525,75.2,1.711,0.851,0.6066627703097603,1.038
30.54458668385447,0.9232081911262798,0.10400000000000001,0.264,0.09,0.216,0.191,0.135,0.4937428896473265,94.4,1.758,0.868,0.6018202502844141,1.058
22.34675783369949,0.9233390119250426,0.096,0.272,0.08600000000000001,0.203,0.188,0.135,0.501419647927314,69.3,1.7610000000000001,0.883,0.6212379329926179,1.094
29.304767905902118,0.9246376811594202,0.098,0.271,0.08600000000000001,0.209,0.183,0.13,0.5257971014492754,87.2,1.725,0.907,0.6092753623188406,1.051
25.85608139176831,0.9242068155111633,0.1,0.258,0.092,0.218,0.179,0.129,0.5,74.9,1.702,0.851,0.5857814336075206,0.997
28.53402102757389,0.9245070422535211,0.098,0.263,0.09,0.214,0.189,0.134,0.49577464788732395,89.9,1.7750000000000001,0.88,0.5954929577464789,1.057
30.90824339345262,0.9275449101796407,0.10300000000000001,0.254,0.09,0.218,0.2,0.121,0.48502994011976047,86.2,1.67,0.81,0.6077844311377245,1.0150000000000001
26.393040683032698,0.9236425339366516,0.095,0.278,0.088,0.20800000000000002,0.202,0.135,0.5197963800904978,82.5,1.768,0.919,0.6233031674208145,1.102
28.21534598584876,0.9229401304090101,0.096,0.252,0.08700000000000001,0.20500000000000002,0.179,0.13,0.5056312981624185,80.30000000000001,1.687,0.853,0.6075874333135743,1.025
25.605536332179934,0.928235294117647,0.105,0.259,0.092,0.221,0.192,0.122,0.5029411764705882,74.0,1.7,0.855,0.61,1.037
31.57893704513336,0.9251000571755289,0.111,0.28200000000000003,0.085,0.215,0.188,0.131,0.5157232704402516,96.60000000000001,1.749,0.902,0.6260720411663808,1.095
30.060531445573,0.9210526315789473,0.098,0.268,0.08700000000000001,0.214,0.199,0.135,0.5058479532163743,87.9,1.71,0.865,0.604093567251462,1.033
20.449643630516814,0.9324324324324325,0.10200000000000001,0.294,0.094,0.222,0.203,0.13,0.5353430353430353,75.7,1.924,1.03,0.6231808731808732,1.199
29.50384369519251,0.9230769230769231,0.10200000000000001,0.28200000000000003,0.091,0.222,0.198,0.133,0.5164835164835165,88.2,1.729,0.893,0.611336032388664,1.057
24.979816785141878,0.9235259778166959,0.105,0.28400000000000003,0.093,0.218,0.194,0.131,0.517221249270286,73.3,1.713,0.886,0.6053706946876825,1.037
24.194866114559705,0.9199769717904432,0.098,0.27,0.08700000000000001,0.21,0.191,0.139,0.5284974093264249,73.0,1.737,0.918,0.6200345423143351,1.077
37.67632735647777,0.9236071223434807,0.108,0.274,0.088,0.209,0.191,0.133,0.511200459506031,114.2,1.741,0.89,0.5726593911545089,0.997
29.178239766574084,0.9217125382262997,0.105,0.247,0.08700000000000001,0.212,0.193,0.128,0.4972477064220184,78.0,1.635,0.8130000000000001,0.5944954128440367,0.972
33.50280910697753,0.9214449541284404,0.105,0.275,0.088,0.213,0.189,0.137,0.49655963302752293,101.9,1.744,0.866,0.5997706422018348,1.046
35.96029589248035,0.9260744985673353,0.098,0.271,0.085,0.21,0.191,0.129,0.5060171919770774,109.5,1.745,0.883,0.5805157593123209,1.0130000000000001
22.58727169430183,0.9260321100917431,0.101,0.28,0.083,0.2,0.185,0.129,0.5269495412844036,68.7,1.744,0.919,0.617545871559633,1.077
33.19693842317539,0.9232544720138488,0.10300000000000001,0.272,0.092,0.218,0.191,0.133,0.5020196191575302,99.7,1.733,0.87,0.5729948066935949,0.993
32.00831651930092,0.9260918253079508,0.10200000000000001,0.268,0.091,0.215,0.183,0.132,0.49384098544232924,102.10000000000001,1.786,0.882,0.5789473684210527,1.034
29.41896916551391,0.9321090706733445,0.10200000000000001,0.28,0.092,0.224,0.198,0.122,0.49638286032276013,95.0,1.797,0.892,0.5909849749582637,1.062
25.188038627269933,0.9276315789473685,0.106,0.281,0.083,0.195,0.194,0.132,0.4857456140350877,83.80000000000001,1.824,0.886,0.6008771929824561,1.096
35.71554811952115,0.9271844660194175,0.106,0.274,0.092,0.222,0.186,0.12,0.5103155339805825,97.0,1.6480000000000001,0.841,0.6049757281553398,0.997
26.33041306260481,0.9213275968039336,0.099,0.244,0.082,0.203,0.17400000000000002,0.128,0.4947756607252612,69.7,1.627,0.805,0.6011063306699447,0.978
31.478927937206386,0.9330730619074178,0.109,0.266,0.094,0.223,0.198,0.12,0.4935861684327942,101.2,1.793,0.885,0.588957055214724,1.056
21.550171039397505,0.9230769230769231,0.097,0.254,0.085,0.203,0.184,0.131,0.4903112155020552,62.5,1.703,0.835,0.5889606576629477,1.0030000000000001
32.080827813558805,0.9281767955801105,0.11800000000000001,0.292,0.095,0.225,0.20600000000000002,0.13,0.4850828729281768,105.10000000000001,1.81,0.878,0.5845303867403315,1.058
25.73490639142735,0.9282655246252677,0.106,0.279,0.083,0.2,0.188,0.134,0.4892933618843683,89.80000000000001,1.868,0.914,0.6038543897216274,1.1280000000000001
31.700843922247618,0.9222614840989399,0.098,0.277,0.089,0.213,0.189,0.132,0.46937573616018846,91.4,1.698,0.797,0.5995288574793876,1.018
27.210654407787995,0.9180232558139535,0.10200000000000001,0.27,0.085,0.199,0.195,0.14100000000000001,0.5098837209302326,80.5,1.72,0.877,0.602906976744186,1.037
25.085486124142534,0.928082191780822,0.094,0.279,0.088,0.20700000000000002,0.195,0.126,0.5114155251141552,77.0,1.752,0.896,0.6164383561643836,1.08
34.63969765906337,0.9209274673008323,0.105,0.272,0.094,0.223,0.186,0.133,0.4774078478002378,98.0,1.682,0.803,0.5915576694411415,0.995
29.70635270352565,0.926605504587156,0.11,0.292,0.088,0.213,0.2,0.136,0.4905558553696708,102.0,1.853,0.909,0.6189962223421479,1.147
24.796301392551417,0.923466516601013,0.109,0.278,0.092,0.22,0.197,0.136,0.5014068655036579,78.30000000000001,1.7770000000000001,0.891,0.5987619583567811,1.064
26.82532793209877,0.9259259259259259,0.097,0.271,0.083,0.198,0.189,0.128,0.5052083333333334,80.10000000000001,1.728,0.873,0.6192129629629629,1.07
30.61351909115444,0.921784472769409,0.109,0.278,0.089,0.20600000000000002,0.194,0.135,0.5127462340672074,91.2,1.726,0.885,0.5955967555040557,1.028
28.872247093606614,0.9200484554815264,0.095,0.254,0.084,0.2,0.17400000000000002,0.132,0.4881889763779528,78.7,1.651,0.806,0.5935796486977589,0.98
21.660964159133506,0.9247311827956989,0.093,0.273,0.085,0.215,0.194,0.126,0.4946236559139785,60.7,1.674,0.8280000000000001,0.600358422939068,1.0050000000000001
25.968033285942216,0.9269823160296634,0.10200000000000001,0.267,0.09,0.212,0.197,0.128,0.5168282943525385,79.80000000000001,1.7530000000000001,0.906,0.5926982316029663,1.039
34.13417533216672,0.9244625217896572,0.101,0.264,0.09,0.213,0.195,0.13,0.5124927367809413,101.10000000000001,1.721,0.882,0.5984892504357932,1.03
27.99544146137462,0.9214806505888952,0.10200000000000001,0.275,0.089,0.212,0.188,0.14,0.4941110487941671,89.0,1.7830000000000001,0.881,0.6001121704991588,1.07
23.001349412498868,0.9260969976905312,0.095,0.271,0.08700000000000001,0.20500000000000002,0.193,0.128,0.5300230946882217,69.0,1.732,0.918,0.6195150115473441,1.073
21.419384981817007,0.9266927811975377,0.096,0.268,0.08,0.192,0.181,0.131,0.5030777839955233,68.4,1.7870000000000001,0.899,0.6149972020145495,1.099
34.78951222859371,0.927519818799547,0.10400000000000001,0.272,0.091,0.22,0.188,0.128,0.5050962627406569,108.5,1.766,0.892,0.5956964892412231,1.052
22.06331396365246,0.922809053975624,0.098,0.271,0.09,0.213,0.19,0.133,0.4915844457341846,65.5,1.723,0.847,0.596053395240859,1.027
25.81753642394403,0.9225953329538987,0.099,0.267,0.082,0.2,0.179,0.136,0.5054069436539556,79.7,1.7570000000000001,0.888,0.6107000569151964,1.073
29.238754325259517,0.9235294117647059,0.10200000000000001,0.261,0.08700000000000001,0.203,0.183,0.13,0.4958823529411765,84.5,1.7,0.843,0.6041176470588235,1.027
18.873469387755105,0.9262857142857143,0.099,0.271,0.08700000000000001,0.20800000000000002,0.197,0.129,0.5062857142857143,57.800000000000004,1.75,0.886,0.6074285714285714,1.063
35.8986166344935,0.9211973121563837,0.10400000000000001,0.26,0.092,0.219,0.19,0.129,0.5003054367745876,96.2,1.637,0.8190000000000001,0.5852168601099572,0.9580000000000001
29.29828228083787,0.9232938522278624,0.096,0.263,0.082,0.197,0.182,0.136,0.5019740552735477,92.10000000000001,1.7730000000000001,0.89,0.6034968979131415,1.07
37.731237598401556,0.9218566392479436,0.107,0.273,0.093,0.214,0.196,0.133,0.5064629847238543,109.30000000000001,1.702,0.862,0.581668625146886,0.99
27.530280214946526,0.9293659621802002,0.10200000000000001,0.28600000000000003,0.09,0.212,0.198,0.127,0.5183537263626251,89.0,1.798,0.932,0.5939933259176863,1.068
27.064597893859656,0.9242761692650334,0.10400000000000001,0.275,0.09,0.212,0.194,0.136,0.5094654788418709,87.30000000000001,1.796,0.915,0.6135857461024499,1.102
26.050773908114714,0.9242865463016889,0.096,0.26,0.08,0.192,0.178,0.13,0.5206755969714618,76.80000000000001,1.717,0.894,0.6074548631333722,1.043
27.748376770780112,0.9260768335273574,0.1,0.269,0.08700000000000001,0.203,0.189,0.127,0.5034924330616997,81.9,1.718,0.865,0.6076833527357393,1.044
24.27614364735309,0.9303969548667754,0.10300000000000001,0.277,0.08600000000000001,0.20700000000000002,0.201,0.128,0.521479064709081,82.10000000000001,1.839,0.9590000000000001,0.6253398586188146,1.1500000000000001
26.362363853269606,0.9234095120444719,0.095,0.266,0.082,0.196,0.183,0.124,0.4891908585546634,69.10000000000001,1.619,0.792,0.592958616429895,0.96
28.49474111294904,0.9301675977653632,0.10300000000000001,0.278,0.089,0.21,0.195,0.125,0.5083798882681564,91.30000000000001,1.79,0.91,0.6089385474860335,1.09
24.613158998495585,0.9260433174854728,0.098,0.28800000000000003,0.085,0.203,0.198,0.14,0.5356576862123613,88.2,1.893,1.014,0.6164817749603804,1.167
26.368586285456335,0.9247371333702269,0.099,0.277,0.091,0.213,0.195,0.136,0.5124515771997786,86.10000000000001,1.807,0.926,0.6192584394023243,1.119
35.525481906606366,0.9238258877434136,0.101,0.278,0.09,0.22,0.197,0.133,0.49713631156930127,108.30000000000001,1.746,0.868,0.5750286368843069,1.004
23.17923553719008,0.925,0.106,0.281,0.08700000000000001,0.20600000000000002,0.197,0.132,0.5318181818181819,71.8,1.76,0.936,0.6176136363636363,1.087
32.16654144082636,0.9193636862314866,0.10300000000000001,0.267,0.09,0.213,0.203,0.147,0.5013713658804169,106.9,1.823,0.914,0.5721338453099287,1.043
31.547781312066153,0.9234907352062164,0.10400000000000001,0.254,0.082,0.195,0.18,0.128,0.5038852361028093,88.30000000000001,1.673,0.843,0.6007172743574417,1.0050000000000001
29.002320185614852,0.9240139211136891,0.109,0.269,0.09,0.214,0.193,0.131,0.478538283062645,86.2,1.724,0.8250000000000001,0.6032482598607889,1.04
33.91588536495533,0.9265793966989186,0.105,0.293,0.098,0.229,0.202,0.129,0.5048377916903813,104.7,1.7570000000000001,0.887,0.5981787137165623,1.051
25.080896925236495,0.9199514857489387,0.10300000000000001,0.267,0.08600000000000001,0.212,0.182,0.132,0.5209217707701638,68.2,1.649,0.859,0.5936931473620376,0.979
29.71346328201973,0.9237485448195576,0.10400000000000001,0.267,0.092,0.216,0.185,0.131,0.4970896391152503,87.7,1.718,0.854,0.6123399301513388,1.052
24.246052439587178,0.9312465064281722,0.10300000000000001,0.296,0.097,0.231,0.20400000000000001,0.123,0.5164896590273896,77.60000000000001,1.7890000000000001,0.924,0.6254891000558972,1.119
27.032256698022408,0.9239065308568005,0.09,0.255,0.085,0.20500000000000002,0.184,0.127,0.5134811264230078,75.3,1.669,0.857,0.6057519472738166,1.0110000000000001
30.80180703934631,0.9249422632794457,0.105,0.278,0.099,0.23800000000000002,0.194,0.13,0.5202078521939953,92.4,1.732,0.901,0.5848729792147807,1.0130000000000001
22.507744189950103,0.9284940411700975,0.10400000000000001,0.277,0.088,0.215,0.201,0.132,0.5173347778981582,76.7,1.846,0.9550000000000001,0.5947995666305526,1.098
27.8075242056378,0.9234312032239493,0.107,0.29,0.08600000000000001,0.20600000000000002,0.20800000000000002,0.133,0.5233160621761658,83.9,1.737,0.909,0.616580310880829,1.071
29.82371026196763,0.9279015240328253,0.099,0.267,0.089,0.22,0.2,0.123,0.4900351699882767,86.80000000000001,1.706,0.836,0.593200468933177,1.012
31.855328508075242,0.9292225201072386,0.105,0.303,0.093,0.222,0.20700000000000002,0.132,0.5667560321715818,110.80000000000001,1.865,1.057,0.6176943699731904,1.1520000000000001
22.073111242687194,0.9364908503767492,0.1,0.28400000000000003,0.089,0.211,0.192,0.11800000000000001,0.5134553283100107,76.2,1.858,0.9540000000000001,0.5974165769644779,1.11
29.876543209876544,0.925,0.10200000000000001,0.28,0.092,0.222,0.20500000000000002,0.135,0.5127777777777778,96.80000000000001,1.8,0.923,0.6005555555555555,1.081
26.43515764425937,0.9152439024390244,0.097,0.256,0.08,0.191,0.176,0.139,0.4896341463414634,71.10000000000001,1.6400000000000001,0.803,0.6018292682926829,0.987
32.56886783843648,0.9210675752413402,0.10300000000000001,0.276,0.09,0.219,0.189,0.139,0.49176604202157864,101.0,1.7610000000000001,0.866,0.5837592277115276,1.028
30.924549294556638,0.9309010503040354,0.10200000000000001,0.281,0.092,0.22,0.20400000000000001,0.125,0.5107794361525705,101.2,1.809,0.924,0.6169154228855721,1.116
31.009133437291155,0.9265671641791045,0.097,0.263,0.085,0.20400000000000001,0.191,0.123,0.5194029850746269,87.0,1.675,0.87,0.6005970149253731,1.006
31.0032938228708,0.9251547552054024,0.10400000000000001,0.273,0.09,0.213,0.196,0.133,0.5143500281373101,97.9,1.7770000000000001,0.914,0.6060776589758019,1.077
31.405780842110616,0.9251925192519251,0.098,0.276,0.08700000000000001,0.20800000000000002,0.211,0.136,0.5148514851485149,103.80000000000001,1.818,0.936,0.5924092409240924,1.077
28.440103418557886,0.9214689265536723,0.099,0.28400000000000003,0.09,0.21,0.199,0.139,0.519774011299435,89.10000000000001,1.77,0.92,0.6005649717514124,1.063
26.813081908573864,0.9232613908872902,0.092,0.254,0.079,0.193,0.183,0.128,0.5143884892086331,74.60000000000001,1.668,0.858,0.6103117505995204,1.018
27.74474831549742,0.9252873563218391,0.098,0.273,0.08700000000000001,0.212,0.19,0.13,0.5091954022988506,84.0,1.74,0.886,0.603448275862069,1.05
23.40750912892856,0.9262569832402234,0.101,0.262,0.084,0.20500000000000002,0.19,0.132,0.5083798882681564,75.0,1.79,0.91,0.6061452513966481,1.085
37.912235574154415,0.9221311475409836,0.107,0.275,0.093,0.225,0.188,0.133,0.48770491803278687,110.60000000000001,1.708,0.833,0.5954332552693209,1.0170000000000001
25.63599844279823,0.921021377672209,0.099,0.259,0.085,0.203,0.184,0.133,0.4994061757719715,72.7,1.684,0.841,0.5926365795724465,0.998
26.394667917969443,0.9277899343544858,0.10400000000000001,0.278,0.09,0.217,0.196,0.132,0.5142231947483589,88.2,1.828,0.9400000000000001,0.6148796498905909,1.124
23.4348158652643,0.9244946492271106,0.095,0.259,0.082,0.188,0.178,0.127,0.5023781212841855,66.3,1.682,0.845,0.5808561236623068,0.977
26.150812225197782,0.9240997229916897,0.10400000000000001,0.275,0.091,0.218,0.203,0.137,0.510803324099723,85.2,1.805,0.922,0.6116343490304709,1.104
26.44515189028793,0.9243697478991597,0.10200000000000001,0.267,0.089,0.212,0.201,0.126,0.5210084033613446,73.4,1.666,0.868,0.6092436974789915,1.0150000000000001
23.03414317178475,0.9287782281412854,0.098,0.25,0.08700000000000001,0.203,0.186,0.123,0.5014475969889982,68.7,1.727,0.866,0.6172553561088593,1.066
27.681482793788813,0.925054704595186,0.11,0.281,0.094,0.221,0.203,0.137,0.5153172866520788,92.5,1.828,0.9420000000000001,0.6143326039387309,1.123
26.902134483134795,0.9263220439691028,0.094,0.261,0.089,0.214,0.181,0.124,0.5068330362448009,76.2,1.683,0.853,0.6007130124777184,1.0110000000000001
27.527826558258162,0.9262726740784084,0.097,0.265,0.082,0.193,0.176,0.126,0.5201872440023405,80.4,1.709,0.889,0.6126389701579871,1.047
32.01901254894981,0.9209905660377359,0.10200000000000001,0.261,0.085,0.202,0.184,0.134,0.4882075471698113,92.10000000000001,1.696,0.8280000000000001,0.6014150943396226,1.02
28.52595112512094,0.9256983240223464,0.111,0.293,0.094,0.222,0.2,0.133,0.505586592178771,91.4,1.79,0.905,0.6100558659217877,1.092
24.704960389816968,0.9253481894150418,0.099,0.272,0.08600000000000001,0.20600000000000002,0.197,0.134,0.48245125348189416,79.60000000000001,1.795,0.866,0.6033426183844011,1.083
24.753657966828776,0.9251152073732719,0.10300000000000001,0.253,0.091,0.212,0.187,0.13,0.47580645161290325,74.60000000000001,1.736,0.8260000000000001,0.5800691244239631,1.0070000000000001
22.965352053153087,0.9268841394825647,0.096,0.278,0.084,0.203,0.193,0.13,0.5118110236220472,72.60000000000001,1.778,0.91,0.6158605174353206,1.095
21.90380753216783,0.9282891022021457,0.098,0.249,0.08600000000000001,0.20600000000000002,0.191,0.127,0.5110107284020328,68.7,1.7710000000000001,0.905,0.6171654432523997,1.093
26.20427288283723,0.926829268292683,0.108,0.289,0.089,0.211,0.203,0.135,0.5203252032520326,89.2,1.845,0.96,0.6135501355013551,1.1320000000000001
22.842811003216532,0.9211737629459148,0.108,0.28300000000000003,0.089,0.215,0.203,0.137,0.5161104718066744,69.0,1.738,0.897,0.6231300345224395,1.083
23.323415751855276,0.9257309941520467,0.10200000000000001,0.255,0.08600000000000001,0.20700000000000002,0.176,0.127,0.5093567251461988,68.2,1.71,0.871,0.612280701754386,1.047
27.974612207943387,0.9252279635258359,0.09,0.248,0.08700000000000001,0.20800000000000002,0.192,0.123,0.5191489361702127,75.7,1.645,0.854,0.6121580547112462,1.0070000000000001
28.615916955017305,0.9194117647058824,0.1,0.28,0.08600000000000001,0.20500000000000002,0.195,0.137,0.4929411764705882,82.7,1.7,0.838,0.6029411764705882,1.025
28.145071151512894,0.919383521043272,0.105,0.255,0.088,0.209,0.18,0.136,0.4949614700652045,80.10000000000001,1.687,0.835,0.6046235921754594,1.02
28.387411861664784,0.9187845303867404,0.105,0.275,0.08700000000000001,0.20700000000000002,0.201,0.147,0.5143646408839779,93.0,1.81,0.931,0.5895027624309392,1.067
25.62992279997464,0.9210220673635308,0.107,0.252,0.089,0.212,0.185,0.136,0.4912891986062718,76.0,1.722,0.846,0.5923344947735192,1.02
29.715878664124237,0.9256152125279642,0.105,0.28600000000000003,0.09,0.223,0.20700000000000002,0.133,0.5033557046979866,95.0,1.788,0.9,0.6051454138702461,1.082
21.71142592853265,0.9254484304932735,0.10300000000000001,0.277,0.083,0.193,0.188,0.133,0.4966367713004484,69.10000000000001,1.784,0.886,0.6036995515695067,1.077
25.596515591465725,0.9230337078651686,0.101,0.254,0.08600000000000001,0.209,0.189,0.137,0.5269662921348315,81.10000000000001,1.78,0.9380000000000001,0.6196629213483146,1.103
26.82307443102305,0.9285312324141812,0.10400000000000001,0.28700000000000003,0.094,0.225,0.191,0.127,0.5126617895329206,84.7,1.7770000000000001,0.911,0.6167698368036015,1.096
23.946077370104014,0.9278350515463918,0.099,0.263,0.088,0.209,0.194,0.126,0.5211912943871707,73.0,1.746,0.91,0.6168384879725086,1.077
25.106129736163457,0.9228169014084507,0.095,0.271,0.083,0.203,0.193,0.137,0.5143661971830986,79.10000000000001,1.7750000000000001,0.913,0.6011267605633803,1.067
30.599832987827433,0.9295377677564826,0.098,0.277,0.094,0.223,0.202,0.125,0.5174746335963923,96.30000000000001,1.774,0.918,0.616685456595265,1.094
34.84789342989311,0.9239193083573487,0.101,0.28,0.092,0.222,0.203,0.132,0.5135446685878963,104.9,1.735,0.891,0.5873198847262248,1.0190000000000001
28.473207693395263,0.9267734553775744,0.099,0.262,0.085,0.198,0.191,0.128,0.4925629290617849,87.0,1.748,0.861,0.5966819221967964,1.043
24.28007009191298,0.9219483568075117,0.098,0.256,0.084,0.20400000000000001,0.181,0.133,0.4970657276995305,70.5,1.704,0.847,0.6026995305164319,1.027
32.75302211934157,0.9230324074074074,0.1,0.275,0.091,0.22,0.191,0.133,0.49363425925925924,97.80000000000001,1.728,0.853,0.5925925925925926,1.024
33.27686834882998,0.9252971137521222,0.10300000000000001,0.273,0.089,0.216,0.203,0.132,0.5053763440860215,103.9,1.7670000000000001,0.893,0.5925297113752123,1.047
32.792310964510186,0.9255381035485748,0.1,0.263,0.088,0.214,0.201,0.128,0.508435136707388,96.9,1.719,0.874,0.5805700988947062,0.998
22.200900284783962,0.93024494142705,0.105,0.28700000000000003,0.08700000000000001,0.20600000000000002,0.203,0.131,0.5404685835995741,78.30000000000001,1.8780000000000001,1.0150000000000001,0.6123535676251332,1.1500000000000001
28.825508782298105,0.9271873165002936,0.10400000000000001,0.274,0.08600000000000001,0.201,0.192,0.124,0.5049911920140928,83.60000000000001,1.703,0.86,0.5989430416911333,1.02
23.295813869803926,0.9246813441483198,0.093,0.263,0.08,0.196,0.183,0.13,0.49304750869061414,69.4,1.726,0.851,0.5955967555040557,1.028
33.0321021691885,0.9283617146212566,0.10400000000000001,0.263,0.091,0.222,0.187,0.122,0.5196711685261304,95.80000000000001,1.703,0.885,0.6048150322959484,1.03
32.66052648768698,0.9229864785420341,0.10200000000000001,0.261,0.089,0.216,0.189,0.131,0.5061728395061729,94.5,1.701,0.861,0.6014109347442681,1.0230000000000001
25.24285692836659,0.9261744966442953,0.10200000000000001,0.272,0.08600000000000001,0.20500000000000002,0.196,0.132,0.5156599552572707,80.7,1.788,0.922,0.6029082774049217,1.078
28.242210398893356,0.9215358931552587,0.108,0.275,0.089,0.217,0.193,0.14100000000000001,0.5164162493043962,91.2,1.797,0.928,0.6121313299944352,1.1
27.07020163160067,0.9238148984198645,0.1,0.269,0.089,0.212,0.192,0.135,0.494920993227991,85.0,1.772,0.877,0.6111738148984198,1.083
27.097418497411724,0.9197344598672299,0.10200000000000001,0.26,0.085,0.20500000000000002,0.181,0.133,0.4749547374773687,74.4,1.657,0.787,0.5859987929993965,0.971
30.72296786377561,0.921612541993281,0.099,0.266,0.088,0.211,0.194,0.14,0.47704367301231804,98.0,1.786,0.852,0.5761478163493841,1.029
30.480087714187622,0.9271371199082042,0.105,0.268,0.085,0.20600000000000002,0.203,0.127,0.5312679288582903,92.60000000000001,1.743,0.926,0.6242111302352267,1.088
27.49509866435138,0.9286122215876642,0.10200000000000001,0.275,0.096,0.231,0.191,0.125,0.5162764134780126,84.30000000000001,1.7510000000000001,0.904,0.6299257567104511,1.103
27.122603880960213,0.9263839811542992,0.10200000000000001,0.268,0.08600000000000001,0.213,0.195,0.125,0.5047114252061249,78.2,1.698,0.857,0.6012956419316844,1.0210000000000001
32.67815156996767,0.9198606271777003,0.1,0.272,0.089,0.212,0.199,0.138,0.5017421602787456,96.9,1.722,0.864,0.6022067363530779,1.037
31.42210517980206,0.9200240529164161,0.099,0.259,0.08600000000000001,0.209,0.17300000000000001,0.133,0.5003006614552015,86.9,1.663,0.8320000000000001,0.576668671076368,0.9590000000000001
29.08454567110308,0.9255377826806398,0.108,0.28700000000000003,0.09,0.218,0.193,0.135,0.49696635410921125,95.60000000000001,1.813,0.901,0.5962493105350248,1.081
27.524181061352532,0.9254484304932735,0.109,0.273,0.085,0.21,0.182,0.133,0.47197309417040356,87.60000000000001,1.784,0.842,0.5997757847533632,1.07
25.95047996750953,0.9314994606256742,0.111,0.294,0.092,0.223,0.20600000000000002,0.127,0.5204962243797195,89.2,1.854,0.965,0.627831715210356,1.164
22.288024962587958,0.9237749546279492,0.095,0.248,0.082,0.194,0.178,0.126,0.48759830611010285,60.900000000000006,1.653,0.806,0.6134301270417423,1.014
27.543252595155714,0.9270588235294117,0.101,0.268,0.088,0.20700000000000002,0.186,0.124,0.5029411764705882,79.60000000000001,1.7,0.855,0.5982352941176471,1.0170000000000001
25.536234902124118,0.9280612244897959,0.107,0.28800000000000003,0.092,0.219,0.197,0.14100000000000001,0.5158163265306123,98.10000000000001,1.96,1.0110000000000001,0.6178571428571429,1.211
24.67775902002025,0.9244521337946944,0.097,0.269,0.088,0.21,0.192,0.131,0.5,74.2,1.734,0.867,0.6020761245674741,1.044
31.65218786219797,0.9268854346574554,0.105,0.265,0.09,0.219,0.193,0.127,0.5025906735751295,95.5,1.737,0.873,0.5987334484743811,1.04
28.180320900444134,0.9292709466811752,0.105,0.28400000000000003,0.09,0.212,0.192,0.13,0.5168661588683352,95.2,1.838,0.9500000000000001,0.6109902067464635,1.123
29.37711169642081,0.9205414949970571,0.10300000000000001,0.272,0.09,0.217,0.194,0.135,0.5108887580929958,84.80000000000001,1.699,0.868,0.5803413772807534,0.986
26.733987615196327,0.9279778393351801,0.10200000000000001,0.28600000000000003,0.092,0.223,0.20700000000000002,0.13,0.5085872576177285,87.10000000000001,1.805,0.918,0.621606648199446,1.122
31.084833826032426,0.9224043715846995,0.10200000000000001,0.277,0.085,0.20600000000000002,0.196,0.14200000000000002,0.49398907103825135,104.10000000000001,1.83,0.904,0.5950819672131148,1.089
21.274571809071322,0.9268707482993197,0.092,0.248,0.085,0.20400000000000001,0.191,0.129,0.49489795918367346,66.2,1.764,0.873,0.5963718820861678,1.052
27.62285948073062,0.9211136890951276,0.10200000000000001,0.265,0.085,0.20700000000000002,0.184,0.136,0.49593967517401394,82.10000000000001,1.724,0.855,0.584106728538283,1.0070000000000001
27.402374980722556,0.9190883190883191,0.10400000000000001,0.266,0.085,0.20400000000000001,0.181,0.14200000000000002,0.50997150997151,84.4,1.7550000000000001,0.895,0.6028490028490029,1.058
26.50430059507601,0.9240924092409241,0.107,0.291,0.088,0.217,0.198,0.138,0.5143014301430143,87.60000000000001,1.818,0.935,0.6034103410341034,1.097
24.47333385543112,0.9280973451327433,0.105,0.291,0.093,0.216,0.20800000000000002,0.13,0.5033185840707964,80.0,1.808,0.91,0.6139380530973452,1.11
26.776318958205266,0.9327073552425665,0.10400000000000001,0.291,0.089,0.217,0.217,0.129,0.5127803860198227,98.4,1.917,0.983,0.6145018257694314,1.178
25.092134683866202,0.9226425748164878,0.10200000000000001,0.28300000000000003,0.08700000000000001,0.20700000000000002,0.191,0.137,0.5042348955392434,78.7,1.7710000000000001,0.893,0.6284584980237155,1.113
29.28501797552548,0.930116472545757,0.105,0.274,0.091,0.219,0.196,0.126,0.4997226844148641,95.2,1.803,0.901,0.5895729339988908,1.063
21.050900829081634,0.9291294642857143,0.10300000000000001,0.28,0.082,0.196,0.19,0.127,0.5106026785714286,67.60000000000001,1.792,0.915,0.6244419642857143,1.119
22.14989544471023,0.9271070615034168,0.098,0.271,0.08600000000000001,0.20700000000000002,0.194,0.128,0.515375854214123,68.3,1.756,0.905,0.6190205011389521,1.087
26.543365736649413,0.9264044943820224,0.10300000000000001,0.279,0.084,0.20700000000000002,0.198,0.131,0.5146067415730337,84.10000000000001,1.78,0.916,0.601123595505618,1.07
25.784239477040817,0.9274553571428571,0.10300000000000001,0.276,0.088,0.215,0.197,0.13,0.5290178571428571,82.80000000000001,1.792,0.9480000000000001,0.6171875,1.106
26.99689895812715,0.9296833064949007,0.109,0.28600000000000003,0.083,0.201,0.199,0.131,0.5152979066022544,93.7,1.863,0.96,0.6049382716049383,1.127
32.00096606690013,0.9247252747252748,0.111,0.275,0.09,0.215,0.202,0.137,0.5054945054945055,106.0,1.82,0.92,0.5945054945054945,1.082
26.88068933347026,0.9304783092324805,0.099,0.275,0.09,0.212,0.197,0.125,0.5150166852057843,86.9,1.798,0.926,0.6145717463848721,1.105
23.308755757850175,0.9273392577104025,0.101,0.28400000000000003,0.084,0.203,0.198,0.139,0.5358076319916362,85.30000000000001,1.913,1.025,0.6042864610559331,1.156
26.333450021175167,0.924896510940272,0.099,0.267,0.082,0.198,0.183,0.127,0.5002956830277943,75.3,1.691,0.846,0.6132465996451804,1.037
28.105084700832972,0.9259055982436882,0.097,0.277,0.083,0.20500000000000002,0.185,0.135,0.5082327113062569,93.30000000000001,1.822,0.926,0.6141602634467618,1.119
28.764800828317846,0.919091967403958,0.099,0.26,0.083,0.202,0.185,0.139,0.46856810244470315,84.9,1.718,0.805,0.5779976717112922,0.993
29.90138168129501,0.9318054779206261,0.095,0.28700000000000003,0.089,0.212,0.203,0.122,0.5086640581330352,95.7,1.7890000000000001,0.91,0.6171045276690889,1.104
26.942385403864574,0.9253285543608124,0.10300000000000001,0.258,0.091,0.217,0.188,0.125,0.5137395459976105,75.5,1.674,0.86,0.6117084826762246,1.024
27.000933331097816,0.9261229314420804,0.098,0.264,0.085,0.20500000000000002,0.186,0.125,0.5342789598108747,77.30000000000001,1.692,0.904,0.6087470449172577,1.03
22.584697223710798,0.9235033259423503,0.10400000000000001,0.264,0.089,0.21,0.194,0.138,0.511640798226164,73.5,1.804,0.923,0.626940133037694,1.131
26.203703703703702,0.9216666666666666,0.098,0.27,0.09,0.221,0.19,0.14100000000000001,0.5155555555555555,84.9,1.8,0.928,0.6138888888888889,1.105
29.131444538921336,0.9301825993555317,0.10400000000000001,0.29,0.091,0.219,0.203,0.13,0.5080558539205156,101.0,1.862,0.9460000000000001,0.6084854994629431,1.133
26.665332800266587,0.9250149970005999,0.095,0.254,0.082,0.203,0.182,0.125,0.5152969406118776,74.10000000000001,1.667,0.859,0.5962807438512298,0.994
28.98725723172069,0.9161053276178812,0.101,0.269,0.081,0.2,0.181,0.137,0.4923453766074709,77.30000000000001,1.633,0.804,0.5860379669320269,0.9570000000000001
29.76138372927645,0.9234907352062164,0.10200000000000001,0.258,0.088,0.211,0.20400000000000001,0.128,0.5110579796772265,83.30000000000001,1.673,0.855,0.5911536162582187,0.989
26.28785451049511,0.9261603375527426,0.107,0.307,0.08600000000000001,0.21,0.213,0.14,0.5342827004219409,94.5,1.8960000000000001,1.0130000000000001,0.6133966244725738,1.163
29.511654104219325,0.9309967141292442,0.10400000000000001,0.279,0.092,0.213,0.199,0.126,0.5147864184008762,98.4,1.826,0.9400000000000001,0.5876232201533407,1.073
26.43140589569162,0.9238095238095239,0.096,0.257,0.083,0.203,0.176,0.128,0.5083333333333333,74.60000000000001,1.68,0.854,0.6,1.008
28.333942549146414,0.9271817676486938,0.1,0.28500000000000003,0.085,0.20500000000000002,0.196,0.131,0.5108393551973318,91.7,1.799,0.919,0.6170094496942746,1.11
27.466297795013084,0.9230340211935304,0.1,0.29,0.09,0.215,0.199,0.138,0.4986056887897379,88.30000000000001,1.793,0.894,0.6118237590630229,1.097
30.672624079217485,0.9258241758241759,0.111,0.3,0.101,0.231,0.203,0.135,0.5131868131868131,101.60000000000001,1.82,0.934,0.5967032967032967,1.086
20.957514426277093,0.9233780760626398,0.10400000000000001,0.271,0.088,0.21,0.19,0.137,0.5095078299776287,67.0,1.788,0.911,0.6180089485458613,1.105
24.88633185066556,0.9285714285714286,0.091,0.27,0.08,0.193,0.18,0.122,0.5046838407494145,72.60000000000001,1.708,0.862,0.6211943793911007,1.061
33.81478742055665,0.9289529914529915,0.10400000000000001,0.29,0.096,0.229,0.21,0.133,0.5101495726495726,118.5,1.872,0.9550000000000001,0.6052350427350427,1.133
23.03667889453953,0.9298892988929889,0.10200000000000001,0.295,0.089,0.21,0.203,0.133,0.518186610437533,82.9,1.897,0.983,0.6230890880337375,1.182
25.99102350732659,0.9258194364577343,0.097,0.272,0.084,0.2,0.188,0.129,0.5020126509488212,78.60000000000001,1.739,0.873,0.5986198964922369,1.041
26.834467413129858,0.9220398593200468,0.109,0.27,0.092,0.222,0.191,0.133,0.5099648300117233,78.10000000000001,1.706,0.87,0.5996483001172332,1.0230000000000001
23.30826305712224,0.923956546598056,0.097,0.268,0.083,0.202,0.188,0.133,0.5100057175528874,71.3,1.749,0.892,0.5974842767295597,1.045
28.056874086083624,0.9233004067402673,0.10300000000000001,0.263,0.09,0.216,0.189,0.132,0.4758861127251598,83.10000000000001,1.721,0.8190000000000001,0.5880302149912842,1.012
22.822507788069778,0.9211099020674647,0.10300000000000001,0.276,0.08700000000000001,0.20600000000000002,0.203,0.145,0.514689880304679,77.10000000000001,1.838,0.9460000000000001,0.6071817192600653,1.116
24.88259906406027,0.9253208868144691,0.09,0.269,0.084,0.2,0.189,0.128,0.5169194865810969,73.10000000000001,1.714,0.886,0.6079346557759626,1.042
27.361094782715835,0.9197860962566845,0.10300000000000001,0.273,0.09,0.221,0.188,0.135,0.5294117647058824,77.5,1.683,0.891,0.6351752822341058,1.069
25.51464477437614,0.9229857819905213,0.089,0.258,0.082,0.201,0.197,0.13,0.4946682464454976,72.7,1.688,0.835,0.6078199052132701,1.026
26.352238341046636,0.9239386792452831,0.1,0.272,0.082,0.194,0.185,0.129,0.48997641509433965,75.8,1.696,0.8310000000000001,0.5955188679245284,1.01
28.342381012498425,0.9258426966292135,0.101,0.292,0.09,0.22,0.202,0.132,0.498314606741573,89.80000000000001,1.78,0.887,0.604494382022472,1.076
40.99479067682216,0.9266004415011038,0.109,0.28200000000000003,0.097,0.232,0.212,0.133,0.4988962472406181,134.6,1.812,0.904,0.5971302428256071,1.082
28.473207693395263,0.9267734553775744,0.105,0.28200000000000003,0.089,0.215,0.195,0.128,0.5080091533180778,87.0,1.748,0.888,0.6258581235697941,1.094
24.023808670084982,0.9179640718562875,0.091,0.255,0.079,0.191,0.176,0.137,0.5227544910179641,67.0,1.67,0.873,0.6035928143712574,1.008
25.825367462659173,0.9226946438431806,0.105,0.28,0.096,0.228,0.20600000000000002,0.14,0.530093870789619,84.7,1.811,0.96,0.6200993926007731,1.123
31.936079920276445,0.9236384053902302,0.105,0.277,0.09,0.22,0.197,0.136,0.5109489051094891,101.30000000000001,1.7810000000000001,0.91,0.6069623806850084,1.081
25.773725968089426,0.927437641723356,0.097,0.265,0.09,0.212,0.192,0.128,0.5175736961451247,80.2,1.764,0.913,0.6014739229024944,1.061
25.26349975225822,0.9247441300421433,0.097,0.254,0.083,0.203,0.191,0.125,0.4906682721252258,69.7,1.661,0.8150000000000001,0.5906080674292595,0.981
31.387038644504166,0.9263097294185377,0.106,0.28200000000000003,0.08600000000000001,0.203,0.194,0.128,0.515831894070236,94.7,1.737,0.896,0.5929763960852044,1.03
27.305955114671207,0.9265569917743831,0.105,0.263,0.089,0.211,0.191,0.125,0.5193889541715628,79.10000000000001,1.702,0.884,0.6269095182138661,1.067
27.498640012912407,0.9235941320293398,0.1,0.261,0.085,0.20800000000000002,0.185,0.125,0.5024449877750611,73.60000000000001,1.6360000000000001,0.8220000000000001,0.6069682151589242,0.993
29.273994660834237,0.9192510239906378,0.098,0.26,0.084,0.20500000000000002,0.179,0.138,0.5119953188999414,85.5,1.709,0.875,0.5915740198946753,1.0110000000000001
35.42970486645464,0.92046783625731,0.116,0.293,0.09,0.223,0.197,0.136,0.48596491228070177,103.60000000000001,1.71,0.8310000000000001,0.583625730994152,0.998
27.247653165735738,0.92690233672858,0.097,0.257,0.08600000000000001,0.20700000000000002,0.178,0.122,0.5026962252846016,75.9,1.669,0.839,0.6063511084481725,1.012
29.087731344215225,0.9279329608938548,0.114,0.312,0.093,0.222,0.223,0.129,0.517877094972067,93.2,1.79,0.927,0.6050279329608939,1.083
29.739068478954078,0.9319196428571429,0.10400000000000001,0.27,0.089,0.213,0.20500000000000002,0.122,0.5106026785714286,95.5,1.792,0.915,0.5904017857142857,1.058
22.979986205055184,0.9310141509433962,0.091,0.264,0.083,0.199,0.184,0.117,0.5106132075471698,66.10000000000001,1.696,0.866,0.6137971698113207,1.041
29.40939894226709,0.922645739910314,0.106,0.275,0.09,0.22,0.194,0.138,0.5128923766816144,93.60000000000001,1.784,0.915,0.6109865470852018,1.09
27.704033803405128,0.9241652518392756,0.094,0.273,0.084,0.2,0.191,0.134,0.5065082059988681,86.5,1.7670000000000001,0.895,0.6044142614601019,1.068
28.24659275474896,0.9171668667466987,0.096,0.23900000000000002,0.078,0.193,0.178,0.138,0.5048019207683073,78.4,1.666,0.841,0.5966386554621849,0.994
24.444256123134227,0.9203951191167926,0.098,0.258,0.084,0.199,0.181,0.137,0.5136548518303312,72.4,1.721,0.884,0.6112725159790819,1.052
27.268664050058902,0.9154501216545012,0.095,0.25,0.084,0.203,0.17500000000000002,0.139,0.49148418491484186,73.7,1.6440000000000001,0.808,0.6076642335766423,0.999
28.19483099251189,0.9245939675174014,0.10300000000000001,0.252,0.084,0.202,0.17400000000000002,0.13,0.5011600928074246,83.80000000000001,1.724,0.864,0.6090487238979119,1.05
29.232470483324942,0.9204131227217497,0.096,0.243,0.08,0.195,0.168,0.131,0.47448359659781286,79.2,1.6460000000000001,0.781,0.5820170109356014,0.9580000000000001
22.318290061888614,0.9260304912478825,0.095,0.261,0.081,0.187,0.198,0.131,0.5081874647092038,70.0,1.7710000000000001,0.9,0.6149068322981367,1.089
27.932247590686014,0.9247613700168444,0.098,0.28500000000000003,0.085,0.20400000000000001,0.193,0.134,0.5165637282425604,88.60000000000001,1.7810000000000001,0.92,0.6086468276249298,1.084
24.325259515570934,0.9247058823529412,0.1,0.259,0.084,0.20600000000000002,0.186,0.128,0.5117647058823529,70.3,1.7,0.87,0.6205882352941177,1.055
23.671253629592222,0.9258426966292135,0.097,0.28,0.091,0.213,0.202,0.132,0.5359550561797752,75.0,1.78,0.9540000000000001,0.6157303370786517,1.096
30.835795667069185,0.931740614334471,0.108,0.281,0.091,0.214,0.20500000000000002,0.12,0.49544937428896474,95.30000000000001,1.758,0.871,0.6183162684869169,1.087
23.750999962482496,0.9240924092409241,0.096,0.28600000000000003,0.08600000000000001,0.202,0.198,0.138,0.5121012101210121,78.5,1.818,0.931,0.6122112211221122,1.113
33.79066818977529,0.9242513211978861,0.10200000000000001,0.279,0.089,0.217,0.194,0.129,0.4838520258367587,98.0,1.703,0.8240000000000001,0.5854374633000587,0.997
24.63548416800782,0.9296600234466589,0.094,0.255,0.081,0.201,0.183,0.12,0.4900351699882767,71.7,1.706,0.836,0.5896834701055099,1.006
21.55030620232582,0.9229432213209734,0.091,0.266,0.083,0.199,0.189,0.133,0.5110081112398609,64.2,1.726,0.882,0.6205098493626883,1.071
25.223853657893116,0.9285309132161089,0.107,0.279,0.091,0.221,0.195,0.126,0.48553601815087916,78.4,1.7630000000000001,0.856,0.6057855927396484,1.068
26.895274053315664,0.9200968523002422,0.094,0.255,0.08700000000000001,0.212,0.193,0.132,0.5139225181598063,73.4,1.6520000000000001,0.849,0.6023002421307506,0.995
30.693441578870637,0.9290858725761773,0.10400000000000001,0.289,0.089,0.214,0.2,0.128,0.5102493074792244,100.0,1.805,0.921,0.5961218836565096,1.076
27.392766714997908,0.9295624332977588,0.107,0.292,0.093,0.223,0.214,0.132,0.5176093916755603,96.2,1.874,0.97,0.6291355389541089,1.179
24.531089289526285,0.9306167400881057,0.10300000000000001,0.263,0.088,0.20800000000000002,0.191,0.126,0.5082599118942731,80.9,1.816,0.923,0.5969162995594713,1.084
26.126304663760077,0.921264367816092,0.098,0.272,0.088,0.20700000000000002,0.198,0.137,0.5091954022988506,79.10000000000001,1.74,0.886,0.6028735632183908,1.049
24.06431400249349,0.9214753123140987,0.098,0.274,0.08600000000000001,0.202,0.193,0.132,0.48839976204640095,68.0,1.681,0.8210000000000001,0.6008328375966686,1.01
23.950128239063172,0.9208459214501511,0.10300000000000001,0.261,0.085,0.20600000000000002,0.185,0.131,0.4918429003021148,65.60000000000001,1.655,0.8140000000000001,0.5993957703927493,0.992
27.05773077332667,0.9273964832671583,0.099,0.265,0.083,0.199,0.183,0.128,0.5065229722064662,84.10000000000001,1.7630000000000001,0.893,0.6029495178672717,1.063
19.288073278933098,0.9238258877434136,0.099,0.272,0.082,0.195,0.191,0.133,0.5234822451317297,58.800000000000004,1.746,0.914,0.6156930126002291,1.075
24.573059735509965,0.9238315060588574,0.10400000000000001,0.275,0.089,0.213,0.191,0.132,0.49913444893248704,73.8,1.733,0.865,0.5966532025389498,1.034
21.76836195343838,0.9317017643710871,0.1,0.271,0.091,0.218,0.188,0.12,0.5133750711439955,67.2,1.7570000000000001,0.902,0.6175298804780877,1.085
25.24955314399698,0.9234205488194002,0.09,0.226,0.08,0.192,0.164,0.12,0.48117421825143586,62.0,1.567,0.754,0.5871091257179324,0.92
25.411961689657538,0.9236641221374046,0.10300000000000001,0.266,0.088,0.20700000000000002,0.186,0.13,0.5038167938931297,73.7,1.703,0.858,0.6095126247798004,1.038
28.730920026399925,0.9284051222351571,0.10300000000000001,0.259,0.08700000000000001,0.21,0.188,0.123,0.4930151338766007,84.80000000000001,1.718,0.847,0.6059371362048894,1.041
22.624427926199804,0.9337252805986104,0.105,0.289,0.089,0.213,0.2,0.124,0.5018706574024586,79.2,1.871,0.9390000000000001,0.5884553714591128,1.101
28.73424639917696,0.9265046296296297,0.10200000000000001,0.268,0.09,0.211,0.193,0.127,0.5237268518518519,85.80000000000001,1.728,0.905,0.6087962962962963,1.052
26.525331691765636,0.9267337807606264,0.099,0.278,0.089,0.213,0.197,0.131,0.5089485458612976,84.80000000000001,1.788,0.91,0.6068232662192393,1.085
23.68966330495721,0.9170616113744076,0.095,0.255,0.081,0.193,0.182,0.14,0.5148104265402843,67.5,1.688,0.869,0.6018957345971564,1.016
28.761967434133968,0.9235127478753541,0.10300000000000001,0.263,0.094,0.222,0.191,0.135,0.5019830028328612,89.60000000000001,1.7650000000000001,0.886,0.6130311614730878,1.082
29.130632680928542,0.9248520710059172,0.101,0.263,0.083,0.20700000000000002,0.183,0.127,0.5076923076923077,83.2,1.69,0.858,0.598224852071006,1.0110000000000001
24.766866202002763,0.9313154831199069,0.098,0.266,0.092,0.218,0.192,0.11800000000000001,0.5157159487776485,73.10000000000001,1.718,0.886,0.6181606519208381,1.062
29.477038434467005,0.9261487964989059,0.111,0.295,0.095,0.223,0.20500000000000002,0.135,0.5306345733041575,98.5,1.828,0.97,0.612144420131291,1.119
