Species,Video,stridenumber,subs_diam,subs_ori,subs_hght,hipTD,kneeTD,ankleTD,hlTD,hipMID,kneeMID,ankleMID,hlMID,hipLO,kneeLO,ankleLO,hlLO,shoulderTD,elbowTD,wristTD,flTD,shoulderMID,elbowMID,wristMID,flMID,shoulderLO,elbowLO,wristLO,flLO,subs_compl,tree_species,meanElbowAng,meanKneeAng,meanFLAng,meanHLAng,elbowYld,kneeYld,shoulderExcur,hipExcur,flExcur,hlExcur,horizVsang,incVsdec,sex,age,PE_1,PE_2,PE_3,PE_4,PE_5,PE_6,PE_7,PE_8,PE_9,PE_10,PE_11,PE_12,PE_13,Mass,subs_diam_std
Alouatta_palliata,Cam3_1120,2,0.0267,29.2,NA,37.26,136.2266667,118.04,53.35033333,41.393,106.1873333,97.759,75.26933333,NA,NA,NA,NA,112.091,137.4083333,170.417,134.727,64.21366667,117.2616667,112.9763333,102.4536667,30.85233333,139.047,NA,51.14233333,NA,NA,131.239,NA,92.93466667,NA,20.1466666,30.0393334,81.23866667,NA,83.58466667,NA,0.127077923,0.487859659,m,adult,-0.158907256,0.330817746,0.278230797,-0.465256976,0.001752695,0.000233424,3.29E-05,-6.25E-16,-0.707106763,-1.80E-16,2.51E-10,-5.34E-17,1.29E-10,5.275,0.153380603
Alouatta_palliata,Cam3_19600,2,0.0267,29.2,NA,34.21433333,91.76666667,85.90466667,71.958,45.24133333,98.30566667,80.12466667,81.181,92.609,105.1633333,119.0473333,129.5266667,119.5383333,125.6703333,153.6726667,147.0213333,72.75866667,113.6606667,146.1556667,107.345,NA,NA,NA,NA,NA,NA,NA,98.41188888,NA,100.7423334,12.0096666,-6.539,NA,58.39466667,NA,57.5686667,0.127077923,0.487859659,f,adult,-0.158907256,0.330817746,0.278230797,-0.465256976,0.001752695,0.000233424,3.29E-05,-6.25E-16,-0.707106763,-1.80E-16,2.51E-10,-5.34E-17,1.29E-10,5.275,0.153380603
Alouatta_palliata,Cam3_30,2,0.0267,29.2,NA,24.10533333,100.3353333,95.90333333,43.922,37.481,85.89966667,78.93366667,82.671,95.75833333,136.0733333,121.066,119.003,127.1816667,147.1586667,154.194,144.103,47.35966667,87.24833333,NA,100.4826667,16.48066667,101.735,132.038,62.878,NA,NA,112.0473333,107.4361111,103.4905,81.4625,59.91033337,14.43566663,110.701,71.653,81.225,75.081,0.127077923,0.487859659,f,adult,-0.158907256,0.330817746,0.278230797,-0.465256976,0.001752695,0.000233424,3.29E-05,-6.25E-16,-0.707106763,-1.80E-16,2.51E-10,-5.34E-17,1.29E-10,5.275,0.153380603
Alouatta_palliata,Cam3_30,1,0.0267,29.2,NA,NA,NA,NA,NA,NA,NA,NA,NA,99.00666667,112.3226667,122.3346667,132.9213333,NA,NA,NA,NA,NA,NA,NA,NA,6.157666667,95.00833333,147.6846667,48.382,NA,NA,NA,NA,NA,NA,NA,NA,NA,NA,NA,NA,0.127077923,0.487859659,f,adult,-0.158907256,0.330817746,0.278230797,-0.465256976,0.001752695,0.000233424,3.29E-05,-6.25E-16,-0.707106763,-1.80E-16,2.51E-10,-5.34E-17,1.29E-10,5.275,0.153380603
Alouatta_palliata,Cam3_3200,2,0.0267,29.2,NA,23.06066667,125.102,108.0106667,39.30666667,44.02533333,89.40133333,67.87,80.64366667,NA,NA,NA,NA,126.669,143.934,154.2563333,141.033,49.04766667,98.32333333,156.437,100.3526667,43.59833333,114.0123333,135.2353333,70.944,NA,NA,118.7565555,NA,105.9885,NA,45.61066667,35.70066667,83.07066667,NA,70.089,NA,0.127077923,0.487859659,f,adult,-0.158907256,0.330817746,0.278230797,-0.465256976,0.001752695,0.000233424,3.29E-05,-6.25E-16,-0.707106763,-1.80E-16,2.51E-10,-5.34E-17,1.29E-10,5.275,0.153380603
Alouatta_palliata,Cam3_3200,1,0.0267,29.2,NA,NA,NA,NA,NA,NA,NA,NA,NA,83.93166667,102.0003333,109.797,120.8253333,NA,NA,NA,NA,NA,NA,NA,NA,43.01633333,119.948,128.725,69.42,NA,NA,NA,NA,NA,NA,NA,NA,NA,NA,NA,NA,0.127077923,0.487859659,f,adult,-0.158907256,0.330817746,0.278230797,-0.465256976,0.001752695,0.000233424,3.29E-05,-6.25E-16,-0.707106763,-1.80E-16,2.51E-10,-5.34E-17,1.29E-10,5.275,0.153380603
Alouatta_palliata,GOPR0087_6-13,2,0.0648,16.8,NA,29.46766667,117.9136667,80.10966667,56.13933333,39.09033333,103.2786667,65.60366667,70.465,NA,NA,NA,NA,125.1666667,170.6876667,162.953,131.2126667,NA,NA,NA,NA,NA,NA,NA,NA,NA,NA,NA,NA,NA,NA,NA,14.635,NA,NA,NA,NA,0.042680502,0.289031797,f,adult,-0.158907256,0.330817746,0.278230797,-0.465256976,0.001752695,0.000233424,3.29E-05,-6.25E-16,-0.707106763,-1.80E-16,2.51E-10,-5.34E-17,1.29E-10,5.275,0.372249553
Alouatta_palliata,GOPR0099_6-25,1,0.0504,23.1,NA,NA,NA,NA,NA,NA,NA,NA,NA,85.26466667,78.19933333,109.23,125.0323333,NA,NA,NA,NA,NA,NA,NA,NA,NA,NA,NA,NA,NA,NA,NA,NA,NA,NA,NA,NA,NA,NA,NA,NA,0.080178503,0.392337117,m,adult,-0.158907256,0.330817746,0.278230797,-0.465256976,0.001752695,0.000233424,3.29E-05,-6.25E-16,-0.707106763,-1.80E-16,2.51E-10,-5.34E-17,1.29E-10,5.275,0.28952743
Alouatta_palliata,GOPR0112_6-38,2,0.104,-26.7,NA,31.87766667,126.764,92.855,57.86233333,32.34766667,89.27366667,64.71466667,89.54133333,NA,NA,NA,NA,107.441,128.783,156.8013333,135.5906667,38.01933333,97.20133333,NA,NA,NA,NA,NA,NA,NA,NA,NA,NA,NA,NA,31.58166667,37.49033333,NA,NA,NA,NA,0.106628612,-0.449318999,f,adult,-0.158907256,0.330817746,0.278230797,-0.465256976,0.001752695,0.000233424,3.29E-05,-6.25E-16,-0.707106763,-1.80E-16,2.51E-10,-5.34E-17,1.29E-10,5.275,0.597437554
Alouatta_palliata,GOPR0112_6-38,1,0.104,-26.7,NA,NA,NA,NA,NA,NA,NA,NA,NA,68.91833333,85.05466667,131.8673333,120.3256667,NA,NA,NA,NA,NA,NA,NA,NA,23.78233333,103.203,142.2596667,61.78933333,NA,NA,NA,NA,NA,NA,NA,NA,NA,NA,NA,NA,0.106628612,-0.449318999,f,adult,-0.158907256,0.330817746,0.278230797,-0.465256976,0.001752695,0.000233424,3.29E-05,-6.25E-16,-0.707106763,-1.80E-16,2.51E-10,-5.34E-17,1.29E-10,5.275,0.597437554
Alouatta_palliata,GOPR0114_6-40,2,0.104,-26.7,NA,26.53166667,127.4256667,108.6843333,49.819,NA,NA,NA,NA,NA,NA,NA,NA,108.5686667,138.7396667,153.515,134.1096667,NA,NA,NA,NA,NA,NA,NA,NA,NA,NA,NA,NA,NA,NA,NA,NA,NA,NA,NA,NA,0.106628612,-0.449318999,f,mom,-0.158907256,0.330817746,0.278230797,-0.465256976,0.001752695,0.000233424,3.29E-05,-6.25E-16,-0.707106763,-1.80E-16,2.51E-10,-5.34E-17,1.29E-10,5.275,0.597437554
Alouatta_palliata,GOPR0114_6-40,1,0.104,-26.7,NA,NA,NA,NA,NA,NA,NA,NA,NA,66.23266667,74.09733333,123.427,125.6216667,NA,NA,NA,NA,NA,NA,NA,NA,11.53566667,97.623,170.5846667,55.83466667,NA,NA,NA,NA,NA,NA,NA,NA,NA,NA,NA,NA,0.106628612,-0.449318999,f,mom,-0.158907256,0.330817746,0.278230797,-0.465256976,0.001752695,0.000233424,3.29E-05,-6.25E-16,-0.707106763,-1.80E-16,2.51E-10,-5.34E-17,1.29E-10,5.275,0.597437554
Alouatta_palliata,GOPR0116_6-42,2,0.104,-26.7,NA,19.753,107.1283333,88.583,57.94966667,43.39766667,88.46466667,54.55466667,89.529,61.813,67.03466667,109.4633333,122.2063333,104.0746667,132.4653333,156.9516667,133.2916667,NA,NA,NA,NA,8.245,93.61166667,136.0553333,54.04733333,NA,NA,NA,87.54255555,93.66950002,90.07799999,NA,18.66366663,95.8296667,42.06,79.24433337,64.25666663,0.106628612,-0.449318999,f,adult,-0.158907256,0.330817746,0.278230797,-0.465256976,0.001752695,0.000233424,3.29E-05,-6.25E-16,-0.707106763,-1.80E-16,2.51E-10,-5.34E-17,1.29E-10,5.275,0.597437554
Alouatta_palliata,GOPR0118_6-44,2,0.104,-26.7,NA,24.72033333,114.1123333,97.04,54.96633333,NA,NA,NA,NA,NA,NA,NA,NA,113.2636667,140.294,NA,137.076,NA,NA,NA,NA,NA,NA,NA,NA,NA,NA,NA,NA,NA,NA,NA,NA,NA,NA,NA,NA,0.106628612,-0.449318999,f,adult,-0.158907256,0.330817746,0.278230797,-0.465256976,0.001752695,0.000233424,3.29E-05,-6.25E-16,-0.707106763,-1.80E-16,2.51E-10,-5.34E-17,1.29E-10,5.275,0.597437554
Alouatta_palliata,GOPR0118_6-44,1,0.104,-26.7,NA,NA,NA,NA,NA,NA,NA,NA,NA,73.828,69.024,106.857,133.9643333,NA,NA,NA,NA,NA,NA,NA,NA,NA,NA,NA,NA,NA,NA,NA,NA,NA,NA,NA,NA,NA,NA,NA,NA,0.106628612,-0.449318999,f,adult,-0.158907256,0.330817746,0.278230797,-0.465256976,0.001752695,0.000233424,3.29E-05,-6.25E-16,-0.707106763,-1.80E-16,2.51E-10,-5.34E-17,1.29E-10,5.275,0.597437554
Alouatta_palliata,GOPR0171_5-13,2,0.0415,16.2,NA,32.205,92.376,90.97233333,73.23066667,46.00733333,85.463,75.467,92.10933333,91.85366667,99.82,131.9206667,131.68,93.74266667,148.1616667,157.077,109.87,80.195,155.3003333,130.4863333,91.98933333,48.67733333,144.155,147.9563333,70.68066667,NA,NA,149.2056667,92.553,90.27533334,102.4553333,-7.1386666,6.913,45.06533334,59.64866667,39.18933333,58.44933333,0.039706314,0.278991106,f,adult,-0.158907256,0.330817746,0.278230797,-0.465256976,0.001752695,0.000233424,3.29E-05,-6.25E-16,-0.707106763,-1.80E-16,2.51E-10,-5.34E-17,1.29E-10,5.275,0.238400562
Alouatta_palliata,GOPR0171_5-13,3,0.0415,16.2,NA,24.90933333,111.3696667,98.31833333,51.57933333,38.475,89.70366667,58.64766667,88.77666667,NA,NA,NA,NA,98.86133333,136.592,168.398,121.48,26.43066667,106.2416667,123.2036667,82.25466667,NA,NA,NA,NA,NA,NA,NA,NA,NA,NA,30.3503333,21.66600003,NA,NA,NA,NA,0.039706314,0.278991106,f,adult,-0.158907256,0.330817746,0.278230797,-0.465256976,0.001752695,0.000233424,3.29E-05,-6.25E-16,-0.707106763,-1.80E-16,2.51E-10,-5.34E-17,1.29E-10,5.275,0.238400562
Alouatta_palliata,GOPR0171_5-13,1,0.0415,16.2,NA,NA,NA,NA,NA,NA,NA,NA,NA,98.19833333,96.26733333,119.348,133.4436667,NA,NA,NA,NA,NA,NA,NA,NA,30.12266667,140.9146667,149.8096667,55.86533333,NA,NA,NA,NA,NA,NA,NA,NA,NA,NA,NA,NA,0.039706314,0.278991106,f,adult,-0.158907256,0.330817746,0.278230797,-0.465256976,0.001752695,0.000233424,3.29E-05,-6.25E-16,-0.707106763,-1.80E-16,2.51E-10,-5.34E-17,1.29E-10,5.275,0.238400562
Alouatta_palliata,GOPR0219_5-61,2,0.0415,16.2,NA,28.828,93.31766667,90.114,71.244,32.99466667,82.66833333,74.24966667,87.45733333,39.457,123.4146667,96.74966667,64.273,102.073,141.5243333,NA,118.8776667,66.99833333,148.7036667,140.3486667,80.76266667,39.21333333,141.294,135.7556667,65.89266667,NA,NA,143.8406667,99.80022223,92.38516669,67.7585,-7.1793334,10.64933334,62.85966667,10.629,52.98500003,6.971,0.039706314,0.278991106,m,adult,-0.158907256,0.330817746,0.278230797,-0.465256976,0.001752695,0.000233424,3.29E-05,-6.25E-16,-0.707106763,-1.80E-16,2.51E-10,-5.34E-17,1.29E-10,5.275,0.238400562
Alouatta_palliata,GOPR0219_5-61,3,0.0415,16.2,NA,28.67,103.285,104.977,61.65066667,49.84066667,95.54366667,48.45233333,84.94066667,68.14966667,85.78233333,110.927,114.393,112.215,145.234,158.7413333,127.8036667,27.712,94.23666667,127.3006667,89.71566667,23.50566667,126.2976667,152.191,54.31033333,NA,NA,121.9227778,94.87033333,91.05700002,88.02183334,50.99733333,7.74133333,88.70933333,39.47966667,73.49333337,52.74233333,0.039706314,0.278991106,m,adult,-0.158907256,0.330817746,0.278230797,-0.465256976,0.001752695,0.000233424,3.29E-05,-6.25E-16,-0.707106763,-1.80E-16,2.51E-10,-5.34E-17,1.29E-10,5.275,0.238400562
Alouatta_palliata,GOPR0219_5-61,4,0.0415,16.2,NA,32.53166667,113.2293333,92.537,61.67566667,NA,NA,NA,NA,NA,NA,NA,NA,86.90866667,125.2696667,164.4316667,114.916,54.64366667,108.285,144.332,101.7793333,NA,NA,NA,NA,NA,NA,NA,NA,NA,NA,16.9846667,NA,NA,NA,NA,NA,0.039706314,0.278991106,m,adult,-0.158907256,0.330817746,0.278230797,-0.465256976,0.001752695,0.000233424,3.29E-05,-6.25E-16,-0.707106763,-1.80E-16,2.51E-10,-5.34E-17,1.29E-10,5.275,0.238400562
Alouatta_palliata,GOPR0219_5-61,1,0.0415,16.2,NA,NA,NA,NA,NA,NA,NA,NA,NA,87.48733333,120.4213333,NA,117.3446667,NA,NA,NA,NA,NA,NA,NA,NA,38.04433333,136.6053333,133.3803333,65.59833333,NA,NA,NA,NA,NA,NA,NA,NA,NA,NA,NA,NA,0.039706314,0.278991106,m,adult,-0.158907256,0.330817746,0.278230797,-0.465256976,0.001752695,0.000233424,3.29E-05,-6.25E-16,-0.707106763,-1.80E-16,2.51E-10,-5.34E-17,1.29E-10,5.275,0.238400562
Alouatta_palliata,GOPR0246_5-88,1,0.0415,-16.2,NA,NA,NA,NA,NA,NA,NA,NA,NA,103.2283333,130.7206667,129.633,127.145,NA,NA,NA,NA,NA,NA,NA,NA,18.866,103.2333333,148.427,64.93066667,NA,NA,NA,NA,NA,NA,NA,NA,NA,NA,NA,NA,0.039706314,-0.278991106,f,adult,-0.158907256,0.330817746,0.278230797,-0.465256976,0.001752695,0.000233424,3.29E-05,-6.25E-16,-0.707106763,-1.80E-16,2.51E-10,-5.34E-17,1.29E-10,5.275,0.238400562
Alouatta_palliata,GOPR0246_5-88,2,0.0415,-16.2,NA,39.33533333,138.814,109.8333333,57.037,62.88866667,122.204,85.27833333,84.64233333,81.07766667,96.66333333,100.9213333,119.7043333,112.064,144.5716667,155.294,132.04,32.69366667,99.69733333,129.3593333,89.961,NA,NA,NA,NA,NA,NA,NA,119.2271111,NA,88.37066665,44.87433337,16.61,NA,41.74233334,NA,62.6673333,0.039706314,-0.278991106,f,adult,-0.158907256,0.330817746,0.278230797,-0.465256976,0.001752695,0.000233424,3.29E-05,-6.25E-16,-0.707106763,-1.80E-16,2.51E-10,-5.34E-17,1.29E-10,5.275,0.238400562
Alouatta_palliata,GOPR0246_5-88,3,0.0415,-16.2,NA,43.648,144.1533333,107.9993333,60.896,52.426,119.6833333,60.359,81.73333333,61.62066667,99.455,83.30233333,99.60633333,93.63066667,129.5716667,168.246,120.6716667,58.773,100.4096667,147.217,100.5006667,NA,NA,NA,NA,NA,NA,NA,121.0972222,NA,80.25116667,29.162,24.47,NA,17.97266667,NA,38.71033333,0.039706314,-0.278991106,f,adult,-0.158907256,0.330817746,0.278230797,-0.465256976,0.001752695,0.000233424,3.29E-05,-6.25E-16,-0.707106763,-1.80E-16,2.51E-10,-5.34E-17,1.29E-10,5.275,0.238400562
Alouatta_palliata,GOPR0384_6-22,2,0.0236,-3.1,NA,23.16066667,125.3203333,118.52,45.88666667,54.96733333,93.219,92.24733333,97.53333333,88.401,74.57333333,102.2706667,139.7976667,128.843,169.3513333,157.8923333,134.4743333,44.49266667,113.6276667,NA,80.83433333,26.81866667,110.8666667,146.6913333,59.151,NA,NA,131.2818889,97.70422221,96.81266665,92.84216669,55.7236666,32.1013333,102.0243333,65.24033333,75.3233333,93.91100003,0.00146333,-0.054078813,f,adult,-0.158907256,0.330817746,0.278230797,-0.465256976,0.001752695,0.000233424,3.29E-05,-6.25E-16,-0.707106763,-1.80E-16,2.51E-10,-5.34E-17,1.29E-10,5.275,0.135572368
NA,NA,NA,NA,NA,NA,NA,NA,NA,NA,NA,NA,NA,NA,NA,NA,NA,NA,NA,NA,NA,NA,NA,NA,NA,NA,NA,NA,NA,NA,NA,NA,NA,NA,NA,NA,NA,NA,NA,NA,NA,NA,NA,NA,NA,NA,NA,NA,NA,NA,NA,NA,NA,NA,NA,NA,NA,NA,NA,NA,NA
Alouatta_palliata,GOPR3002_3-57,1,0.0407,-8.5,NA,NA,NA,NA,NA,NA,NA,NA,NA,94.172,122.0456667,131.7743333,115.5723333,NA,NA,NA,NA,NA,NA,NA,NA,41.92566667,113.8603333,135.3446667,75.56766667,NA,NA,NA,NA,NA,NA,NA,NA,NA,NA,NA,NA,0.010984137,-0.147809411,f,mom,-0.158907256,0.330817746,0.278230797,-0.465256976,0.001752695,0.000233424,3.29E-05,-6.25E-16,-0.707106763,-1.80E-16,2.51E-10,-5.34E-17,1.29E-10,5.275,0.233804889
Alouatta_palliata,GOPR3002_3-57,2,0.0407,-8.5,NA,40.68133333,144.6093333,123.925,56.73166667,59.53933333,120.048,107.382,89.16166667,NA,NA,NA,NA,99.23066667,128.7836667,165.263,127.199,NA,NA,NA,NA,45.68033333,118.6836667,122.2493333,76.25733333,NA,NA,NA,NA,101.7281667,NA,NA,24.5613333,53.55033334,NA,50.94166667,NA,0.010984137,-0.147809411,f,mom,-0.158907256,0.330817746,0.278230797,-0.465256976,0.001752695,0.000233424,3.29E-05,-6.25E-16,-0.707106763,-1.80E-16,2.51E-10,-5.34E-17,1.29E-10,5.275,0.233804889
Alouatta_palliata,GOPR3002_3-57,3,0.0407,-8.5,NA,37.82633333,145.7563333,130.8106667,48.77366667,42.76866667,101.5326667,133.2376667,84.10233333,NA,NA,NA,NA,97.35333333,134.6533333,161.277,122.6356667,39.147,93.32,NA,78.63633333,NA,NA,NA,NA,NA,NA,NA,NA,NA,NA,41.3333333,44.2236666,NA,NA,NA,NA,0.010984137,-0.147809411,f,mom,-0.158907256,0.330817746,0.278230797,-0.465256976,0.001752695,0.000233424,3.29E-05,-6.25E-16,-0.707106763,-1.80E-16,2.51E-10,-5.34E-17,1.29E-10,5.275,0.233804889
Alouatta_palliata,GOPR3012_3-67,1,0.0416,-12.6,NA,33.37866667,129.4556667,117.044,52.59933333,60.40166667,118.499,68.19066667,85.905,103.2893333,128.332,117.2416667,123.511,NA,NA,NA,NA,NA,NA,NA,NA,NA,NA,NA,NA,NA,NA,NA,125.4288889,NA,88.05516667,NA,10.9566667,NA,69.91066663,NA,70.91166667,0.024083238,-0.218143241,m,adult,-0.158907256,0.330817746,0.278230797,-0.465256976,0.001752695,0.000233424,3.29E-05,-6.25E-16,-0.707106763,-1.80E-16,2.51E-10,-5.34E-17,1.29E-10,5.275,0.238975021
Alouatta_palliata,GOPR3012_3-67,2,0.0416,-12.6,NA,46.01033333,129.9163333,94.539,66.77933333,53.135,116.2396667,59.112,76.20833333,76.007,94.49133333,111.9913333,120.8256667,120.689,166.119,154.966,127.2876667,NA,NA,NA,NA,31.08066667,108.5506667,115.4963333,72.09733333,NA,NA,NA,113.5491111,99.69250002,93.80250002,NA,13.6766666,89.60833333,29.99666667,55.19033337,54.04633337,0.024083238,-0.218143241,m,adult,-0.158907256,0.330817746,0.278230797,-0.465256976,0.001752695,0.000233424,3.29E-05,-6.25E-16,-0.707106763,-1.80E-16,2.51E-10,-5.34E-17,1.29E-10,5.275,0.238975021
Alouatta_palliata,GOPR3012_3-67,3,0.0416,-12.6,NA,32.10133333,116.5356667,92.43066667,59.34133333,NA,NA,NA,NA,72.824,80.67966667,91.75966667,118.6576667,101.127,132.669,145.6653333,124.3846667,54.67233333,110.6573333,NA,92.77133333,23.37033333,95.60066667,134.2623333,75.256,NA,NA,112.9756667,NA,99.82033335,88.99950002,22.0116667,NA,77.75666667,40.72266667,49.1286667,59.31633337,0.024083238,-0.218143241,m,adult,-0.158907256,0.330817746,0.278230797,-0.465256976,0.001752695,0.000233424,3.29E-05,-6.25E-16,-0.707106763,-1.80E-16,2.51E-10,-5.34E-17,1.29E-10,5.275,0.238975021
Alouatta_palliata,GOPR3012_3-67,4,0.0416,-12.6,NA,35.538,133.8506667,106.0853333,56.01433333,45.30066667,90.74166667,71.142,83.23233333,NA,NA,NA,NA,98.65,128.7856667,NA,129.6733333,33.68,93.85733333,NA,87.59333333,NA,NA,NA,NA,NA,NA,NA,NA,NA,NA,34.92833337,43.10900003,NA,NA,NA,NA,0.024083238,-0.218143241,m,adult,-0.158907256,0.330817746,0.278230797,-0.465256976,0.001752695,0.000233424,3.29E-05,-6.25E-16,-0.707106763,-1.80E-16,2.51E-10,-5.34E-17,1.29E-10,5.275,0.238975021
Alouatta_palliata,GOPR3187_3-8,1,0.0347,22.3,NA,NA,NA,NA,NA,NA,NA,NA,NA,107.3733333,120.8266667,122.164,144.1523333,NA,NA,NA,NA,NA,NA,NA,NA,17.932,130.763,138.3413333,41.78266667,NA,NA,NA,NA,NA,NA,NA,NA,NA,NA,NA,NA,0.074790282,0.37945616,unknown,juvenile,-0.158907256,0.330817746,0.278230797,-0.465256976,0.001752695,0.000233424,3.29E-05,-6.25E-16,-0.707106763,-1.80E-16,2.51E-10,-5.34E-17,1.29E-10,5.275,0.199337338
Alouatta_palliata,GOPR3187_3-8,2,0.0347,22.3,NA,33.558,108.8096667,99.818,68.914,35.35733333,79.61833333,90.87766667,99.18033333,NA,NA,NA,NA,86.34866667,134.8196667,NA,116.6373333,50.47033333,115.2206667,NA,84.617,13.08933333,95.68133333,NA,55.49666667,NA,NA,115.2405556,NA,86.06699999,NA,19.599,29.19133337,73.25933334,NA,61.14066663,NA,0.074790282,0.37945616,unknown,juvenile,-0.158907256,0.330817746,0.278230797,-0.465256976,0.001752695,0.000233424,3.29E-05,-6.25E-16,-0.707106763,-1.80E-16,2.51E-10,-5.34E-17,1.29E-10,5.275,0.199337338
Alouatta_palliata,GOPR3700_3-3 ,1,0.0347,22.3,NA,NA,NA,NA,NA,NA,NA,NA,NA,106.1803333,112.117,112.6816667,142.4133333,NA,NA,NA,NA,NA,NA,NA,NA,NA,NA,NA,NA,NA,NA,NA,NA,NA,NA,NA,NA,NA,NA,NA,NA,0.074790282,0.37945616,f,adult,-0.158907256,0.330817746,0.278230797,-0.465256976,0.001752695,0.000233424,3.29E-05,-6.25E-16,-0.707106763,-1.80E-16,2.51E-10,-5.34E-17,1.29E-10,5.275,0.199337338
Alouatta_palliata,GOPR3701_3-4,2,0.2818,28.2,NA,28.712,110.71,93.72633333,62.107,NA,NA,NA,NA,NA,NA,NA,NA,NA,NA,NA,NA,NA,NA,NA,NA,NA,NA,NA,NA,NA,NA,NA,NA,NA,NA,NA,NA,NA,NA,NA,NA,0.118696548,0.472550765,f,adult,-0.158907256,0.330817746,0.278230797,-0.465256976,0.001752695,0.000233424,3.29E-05,-6.25E-16,-0.707106763,-1.80E-16,2.51E-10,-5.34E-17,1.29E-10,5.275,1.618825987
Cebus_capucinus,GOPR0003_5-4,1,0.1399,30.8,NA,25.703,89.85066667,61.025,80.65833333,28.85066667,86.64133333,69.438,80.864,86.23233333,107.1133333,125.5483333,124.4133333,105.0933333,114.8906667,158.8946667,141.6876667,59.65566667,100.1913333,130.04,102.6026667,28.34166667,144.271,116.6976667,44.69366667,NA,NA,119.7843333,94.53511111,93.19066667,102.5358333,14.69933333,3.209333333,76.75166667,60.52933333,96.994,43.75499997,0.141040103,0.512042865,unknown,adult,-0.156738693,0.321582195,-0.155190554,0.341405241,-0.399932128,0.001391648,0.000110626,0.707106781,-1.18E-08,1.46E-17,3.13E-10,1.13E-16,1.54E-10,3.11,0.958438502
Cebus_capucinus,GOPR0003_5-4,2,0.1399,30.8,NA,31.294,92.75333333,NA,73.06833333,41.26966667,96.17266667,NA,89.452,81.70766667,109.2343333,135.162,117.4216667,91.67066667,123.196,143.8816667,130.5443333,54.728,96.59566667,139.0666667,96.77533333,28.607,125.044,136.7566667,54.329,NA,NA,114.9452222,99.38677778,92.43666667,95.245,26.60033333,-3.419333333,63.06366667,50.41366667,76.21533333,44.35333337,0.141040103,0.512042865,unknown,adult,-0.156738693,0.321582195,-0.155190554,0.341405241,-0.399932128,0.001391648,0.000110626,0.707106781,-1.18E-08,1.46E-17,3.13E-10,1.13E-16,1.54E-10,3.11,0.958438502
Cebus_capucinus,GOPR0031_5-32,1,0.05945,-21.8,NA,32.066,131.0333333,110.0356667,60.61166667,56.54966667,122.4383333,81.37366667,83.55566667,99.27933333,139.783,115.9733333,125.8386667,108.7903333,143.598,147.953,126.6083333,46.28933333,112.706,124.8273333,89.74566667,24.161,127.7026667,140.5076667,55.66333333,NA,NA,128.0022222,131.0848889,91.13583333,93.22516667,30.892,8.595,84.62933333,67.21333333,70.945,65.22700003,0.071514173,-0.371367836,f,mom,-0.156738693,0.321582195,-0.155190554,0.341405241,-0.399932128,0.001391648,0.000110626,0.707106781,-1.18E-08,1.46E-17,3.13E-10,1.13E-16,1.54E-10,3.11,0.407284982
Cebus_capucinus,GOPR0031_5-32,2,0.05945,-21.8,NA,23.38366667,125.498,107.8103333,53.341,38.91333333,86.43966667,96.98566667,92.15366667,60.66933333,83.16833333,94.021,110.9506667,112.3843333,153.5043333,136.2563333,126.9603333,NA,NA,NA,NA,16.51,97.93066667,NA,63.15033333,NA,NA,NA,98.36866667,95.05533333,82.14583333,NA,39.05833333,95.87433333,37.28566666,63.81,57.6096667,0.071514173,-0.371367836,f,mom,-0.156738693,0.321582195,-0.155190554,0.341405241,-0.399932128,0.001391648,0.000110626,0.707106781,-1.18E-08,1.46E-17,3.13E-10,1.13E-16,1.54E-10,3.11,0.407284982
Cebus_capucinus,GOPR0036_5-37,1,0.05066,-39.8,NA,32.80966667,137.3506667,79.46966667,52.59766667,42.25933333,113.037,NA,76.49766667,74.468,93.18933333,97.35766667,128.1006667,109.5256667,134.854,137.417,134.9496667,63.15733333,105.464,123.3006667,97.97866667,17.313,107.8256667,136.2346667,54.29366667,NA,NA,116.0478889,114.5256667,94.62166667,90.34916667,29.39,24.31366667,92.21266667,41.65833333,80.656,75.50300003,0.231716476,-0.640109699,f,mom,-0.156738693,0.321582195,-0.155190554,0.341405241,-0.399932128,0.001391648,0.000110626,0.707106781,-1.18E-08,1.46E-17,3.13E-10,1.13E-16,1.54E-10,3.11,0.347065722
Cebus_capucinus,GOPR0036_5-37,2,0.05066,-39.8,NA,33.486,152.3246667,127.733,44.27233333,35.878,122.0863333,NA,75.368,NA,NA,NA,NA,106.9383333,136.5003333,NA,131.5283333,51.861,95.24233333,138.4176667,92.88833333,37.98533333,83.92733333,NA,88.30733333,NA,NA,105.2233333,NA,109.9178333,NA,41.258,30.23833333,68.953,NA,43.221,NA,0.231716476,-0.640109699,f,mom,-0.156738693,0.321582195,-0.155190554,0.341405241,-0.399932128,0.001391648,0.000110626,0.707106781,-1.18E-08,1.46E-17,3.13E-10,1.13E-16,1.54E-10,3.11,0.347065722
Cebus_capucinus,GOPR0167_5-9.MP4_1,1,0.0621,11.5,NA,53.93133333,124.9296667,91.98566667,82.38233333,45.64666667,114.7776667,90.37,82.086,98.31233333,139.5023333,142.9083333,118.7396667,98.78733333,122.463,176.191,126.7423333,64.74,115.1776667,153.72,99.60633333,37.104,130.7146667,159.7033333,63.83033333,NA,NA,122.7851111,126.4032222,95.28633333,100.561,7.285333333,10.152,61.68333333,44.381,62.912,36.35733337,0.020075295,0.199367934,unknown,adult,-0.156738693,0.321582195,-0.155190554,0.341405241,-0.399932128,0.001391648,0.000110626,0.707106781,-1.18E-08,1.46E-17,3.13E-10,1.13E-16,1.54E-10,3.11,0.425439821
Cebus_capucinus,GOPR0167_5-9.MP4_980,1,0.0621,11.5,NA,NA,121.811,99.21633333,NA,52.26033333,132.447,90.413,77.131,105.6296667,135.0866667,122.6783333,127.762,108.6696667,133.402,155.4833333,132.506,56.805,101.949,144.919,104.2083333,32.03366667,118.8476667,136.0523333,67.53766667,NA,NA,118.0662222,129.7815556,100.0218333,NA,31.453,-10.636,76.636,NA,64.96833333,NA,0.020075295,0.199367934,unknown,adult,-0.156738693,0.321582195,-0.155190554,0.341405241,-0.399932128,0.001391648,0.000110626,0.707106781,-1.18E-08,1.46E-17,3.13E-10,1.13E-16,1.54E-10,3.11,0.425439821
Cebus_capucinus,GOPR0167_5-9.MP4_980,2,0.0621,11.5,NA,46.495,137.7716667,110.63,67.367,59.409,129.34,80.76166667,81.66333333,89.88966667,129.0593333,129.0793333,115.4196667,113.767,140.225,140.094,158.617,68.15066667,119.7286667,130.6156667,102.5373333,36.141,127.5243333,171.3123333,65.76033333,NA,NA,129.1593333,132.057,112.1886667,91.39333333,20.49633333,8.431666667,77.626,43.39466667,92.85666667,48.0526667,0.020075295,0.199367934,unknown,adult,-0.156738693,0.321582195,-0.155190554,0.341405241,-0.399932128,0.001391648,0.000110626,0.707106781,-1.18E-08,1.46E-17,3.13E-10,1.13E-16,1.54E-10,3.11,0.425439821
Cebus_capucinus,GOPR0243_5-85,1,0.04154,16.2,NA,NA,NA,NA,NA,51.25333333,134.6373333,104.7403333,70.851,81.12866667,135.4606667,NA,97.05366667,NA,NA,NA,NA,78.98633333,139.6826667,146.0066667,98.04966667,41.00066667,122.189,167.2126667,77.99233333,NA,NA,NA,NA,NA,NA,NA,NA,NA,NA,NA,NA,0.039706314,0.278991106,unknown,adult,-0.156738693,0.321582195,-0.155190554,0.341405241,-0.399932128,0.001391648,0.000110626,0.707106781,-1.18E-08,1.46E-17,3.13E-10,1.13E-16,1.54E-10,3.11,0.284585671
Cebus_capucinus,GOPR0249_5-91_CLIP_MI.MP4_1_Clipped_120fps_49,1,0.04154,-16.2,NA,41.89283333,146.6565,121.1715,59.39833333,37.127,128.11,107.2123333,67.30766667,88.43533333,130.3893333,119.8953333,111.6993333,102.548,130.5466667,176.373,129.949,69.30166667,123.2163333,148.541,94.725,42.506,129.9283333,143.239,70.411,NA,NA,127.8971111,135.0519444,100.18,85.54883333,7.330333333,18.5465,60.042,46.5425,59.538,52.30099997,0.039706314,-0.278991106,f,mom,-0.156738693,0.321582195,-0.155190554,0.341405241,-0.399932128,0.001391648,0.000110626,0.707106781,-1.18E-08,1.46E-17,3.13E-10,1.13E-16,1.54E-10,3.11,0.284585671
Cebus_capucinus,GOPR0252_5-94,1,0.04154,-16.2,NA,49.73333333,146.7236667,111.551,68.52,60.68233333,134.7263333,118.9983333,81.576,110.2673333,142.7853333,141.9186667,122.0266667,104.578,127.9886667,143.9416667,130.5906667,78.039,123.8136667,132.0923333,104.7166667,43.806,132.2313333,150.347,70.676,NA,NA,128.0112222,141.4117778,100.6333333,95.27333333,4.175,11.99733333,60.772,60.53399997,59.91466667,53.5066667,0.039706314,-0.278991106,unknown,adult,-0.156738693,0.321582195,-0.155190554,0.341405241,-0.399932128,0.001391648,0.000110626,0.707106781,-1.18E-08,1.46E-17,3.13E-10,1.13E-16,1.54E-10,3.11,0.284585671
Cebus_capucinus,GOPR0254_5-96.MP4_40_Clipped_120fps,1,0.04154,-16.2,NA,42.80533333,149.455,111.079,61.60266667,44.117,135.7546667,100.3176667,66.63166667,69.558,121.6836667,107.689,98.59733333,95.78233333,108.711,NA,133.7023333,67.52133333,104.808,157.3696667,102.141,47.94966667,123.189,146.7963333,77.71633333,NA,NA,112.236,135.6311111,105.7093333,80.1,3.903,13.70033333,47.83266667,26.75266667,55.986,36.99466666,0.039706314,-0.278991106,unknown,adult,-0.156738693,0.321582195,-0.155190554,0.341405241,-0.399932128,0.001391648,0.000110626,0.707106781,-1.18E-08,1.46E-17,3.13E-10,1.13E-16,1.54E-10,3.11,0.284585671
Cebus_capucinus,GOPR0254_5-96.MP4_40_Clipped_120fps,2,0.04154,-16.2,NA,44.68266667,149.7373333,115.579,62.513,48.24433333,137.7186667,100.6333333,73.48566667,73.76066667,130.1173333,128.805,100.724,109.6116667,125.7943333,152.472,140.9183333,76.41833333,112.3123333,127.9876667,110.4776667,49.94433333,117.01,139.1216667,86.076,NA,NA,118.3722222,139.1911111,113.4971667,81.6185,13.482,12.01866667,59.66733333,29.078,54.84233333,38.211,0.039706314,-0.278991106,unknown,adult,-0.156738693,0.321582195,-0.155190554,0.341405241,-0.399932128,0.001391648,0.000110626,0.707106781,-1.18E-08,1.46E-17,3.13E-10,1.13E-16,1.54E-10,3.11,0.284585671
Cebus_capucinus,GOPR0254_5-96.MP4_40_Clipped_120fps,3,0.04154,-16.2,NA,47.10533333,154.032,102.8306667,59.774,51.12233333,152.8203333,80.47266667,66.828,72.75166667,129.1393333,115.8456667,95.526,95.16866667,118.1163333,NA,126.087,69.05566667,116.878,149.47,104.79,49.11833333,131.1526667,153.2093333,77.097,NA,NA,122.049,145.3305556,101.592,77.65,1.238333333,1.211666667,46.05033333,25.64633334,48.99,35.752,0.039706314,-0.278991106,unknown,adult,-0.156738693,0.321582195,-0.155190554,0.341405241,-0.399932128,0.001391648,0.000110626,0.707106781,-1.18E-08,1.46E-17,3.13E-10,1.13E-16,1.54E-10,3.11,0.284585671
Cebus_capucinus,GOPR0254_5-96.MP4_40_Clipped_120fps,4,0.04154,-16.2,NA,47.09866667,154.0236667,109.4133333,60.743,49.79066667,127.765,82.394,77.28333333,NA,NA,NA,NA,111.3296667,130.3416667,143.09,135.903,81.73966667,117.5553333,NA,112.1,38.02866667,95.088,134.3913333,91.77066667,NA,NA,114.3283333,NA,113.8368333,NA,12.78633333,26.25866667,73.301,NA,44.13233333,NA,0.039706314,-0.278991106,unknown,adult,-0.156738693,0.321582195,-0.155190554,0.341405241,-0.399932128,0.001391648,0.000110626,0.707106781,-1.18E-08,1.46E-17,3.13E-10,1.13E-16,1.54E-10,3.11,0.284585671
Cebus_capucinus,GOPR2990_3-45,1,0.04075,-8.5,NA,45.13566667,148.171,122.093,62.667,39.393,131.8586667,109.946,65.896,72.84666667,112.515,115.7196667,104.1436667,100.4136667,125.2773333,NA,128.253,71.67666667,121.805,145.4496667,102.2856667,38.61266667,105.236,158.2476667,82.691,NA,NA,117.4394444,130.8482222,105.472,83.40533333,3.472333333,16.31233333,61.801,27.711,45.562,41.4766667,0.010984137,-0.147809411,unknown,adult,-0.156738693,0.321582195,-0.155190554,0.341405241,-0.399932128,0.001391648,0.000110626,0.707106781,-1.18E-08,1.46E-17,3.13E-10,1.13E-16,1.54E-10,3.11,0.279173473
Cebus_capucinus,GOPR2990_3-45,2,0.04075,-8.5,NA,43.16466667,157.269,103.41,56.297,62.09033333,161.755,89.57766667,72.43766667,NA,NA,NA,NA,102.4893333,117.6456667,NA,135.6983333,71.231,115.563,159.268,103.9573333,49.94966667,115.7243333,153.981,86.979,NA,NA,116.311,NA,111.3386667,NA,2.082666667,-4.486,52.53966667,NA,48.71933333,NA,0.010984137,-0.147809411,unknown,adult,-0.156738693,0.321582195,-0.155190554,0.341405241,-0.399932128,0.001391648,0.000110626,0.707106781,-1.18E-08,1.46E-17,3.13E-10,1.13E-16,1.54E-10,3.11,0.279173473
Cebus_capucinus,GOPR3000_3-55,1,0.06686,-12,NA,44.88766667,149.5273333,116.2876667,58.59133333,61.33266667,113.1386667,100.4566667,93.62066667,89.15166667,132.9403333,111.7453333,109.8963333,102.685,122.303,NA,130.548,70.58333333,125.3126667,131.4756667,99.226,51.31933333,129.9756667,153.7296667,79.29233333,NA,NA,125.8637778,131.8687778,104.9201667,84.24383333,-3.009666667,36.38866667,51.36566667,44.264,51.25566667,51.30499997,0.021852399,-0.207911691,unknown,adult,-0.156738693,0.321582195,-0.155190554,0.341405241,-0.399932128,0.001391648,0.000110626,0.707106781,-1.18E-08,1.46E-17,3.13E-10,1.13E-16,1.54E-10,3.11,0.458050023
Cebus_capucinus,GOPR3000_3-55,2,0.06686,-12,NA,41.72033333,151.5793333,124.4046667,55.955,47.08166667,133.4443333,99.81,70.731,72.282,123.8733333,110.6386667,102.5203333,103.937,130.4693333,150.8406667,127.2096667,77.094,124.3303333,NA,100.8406667,40.03666667,116.8166667,152.5916667,77.111,NA,NA,123.8721111,136.299,102.1603333,79.23766667,6.139,18.135,63.90033333,30.56166667,50.09866667,46.5653333,0.021852399,-0.207911691,unknown,adult,-0.156738693,0.321582195,-0.155190554,0.341405241,-0.399932128,0.001391648,0.000110626,0.707106781,-1.18E-08,1.46E-17,3.13E-10,1.13E-16,1.54E-10,3.11,0.458050023
Cebus_capucinus,GOPR0316_5-58,1,0.04154,-16.2,NA,35.84766667,137.4543333,89.528,60.66633333,62.081,131.283,70.768,88.90633333,60.97,96.93266667,130.2643333,99.99233333,107.7943333,154.921,145.296,122.8303333,79.252,135.2356667,127.7396667,98.32133333,56.12766667,157.852,171.978,70.52666667,NA,NA,149.3362222,121.89,96.6785,80.32933333,19.68533333,6.171333333,51.66666667,25.12233333,52.30366667,39.326,0.039706314,-0.278991106,f,mom,-0.156738693,0.321582195,-0.155190554,0.341405241,-0.399932128,0.001391648,0.000110626,0.707106781,-1.18E-08,1.46E-17,3.13E-10,1.13E-16,1.54E-10,3.11,0.284585671
Cebus_capucinus,GOPR0316_5-58,2,0.04154,-16.2,NA,34.12766667,132.411,97.914,60.931,44.351,119.1576667,75.82266667,85.69533333,67.116,113.612,116.7623333,104.0556667,107.0066667,140.0876667,154.4796667,125.7366667,NA,NA,NA,NA,NA,NA,NA,NA,NA,NA,NA,121.7268889,NA,82.49333333,NA,13.25333333,NA,32.98833333,NA,43.1246667,0.039706314,-0.278991106,f,mom,-0.156738693,0.321582195,-0.155190554,0.341405241,-0.399932128,0.001391648,0.000110626,0.707106781,-1.18E-08,1.46E-17,3.13E-10,1.13E-16,1.54E-10,3.11,0.284585671
Cebus_capucinus,GOPR0333_5-75,1,0.04154,-16.2,NA,32.13166667,120.1226667,101.046,64.344,44.56333333,112.9836667,89.97066667,81.68333333,82.671,129.1546667,140.9023333,110.7383333,109.2046667,121.249,167.97,140.0483333,61.827,116.0603333,122.2923333,94.28366667,37.54966667,123.8693333,154.3096667,65.137,NA,NA,120.3928889,120.7536667,102.5926667,87.54116667,5.188666667,7.139,71.655,50.53933333,74.91133333,46.3943333,0.039706314,-0.278991106,unknown,adult,-0.156738693,0.321582195,-0.155190554,0.341405241,-0.399932128,0.001391648,0.000110626,0.707106781,-1.18E-08,1.46E-17,3.13E-10,1.13E-16,1.54E-10,3.11,0.284585671
Cebus_capucinus,GOPR0333_5-75,2,0.04154,-16.2,NA,36.74333333,121.406,102.0293333,71.87933333,47.209,113.531,85.26266667,82.839,83.15266667,132.578,135.411,104.5623333,93.351,116.4506667,160.0833333,125.747,64.06333333,108.6613333,134.793,100.4206667,38.624,128.865,158.528,69.52,NA,NA,117.9923333,122.505,97.6335,88.22083333,7.789333333,7.875,54.727,46.40933334,56.227,32.68299997,0.039706314,-0.278991106,unknown,adult,-0.156738693,0.321582195,-0.155190554,0.341405241,-0.399932128,0.001391648,0.000110626,0.707106781,-1.18E-08,1.46E-17,3.13E-10,1.13E-16,1.54E-10,3.11,0.284585671
Cebus_capucinus,GOPR0334_5-76,1,0.04154,-16.2,NA,60.77,152.583,101.2763333,74.70366667,47.51633333,123.0293333,98.452,77.444,92.204,132.8333333,126.0736667,116.682,104.3306667,132.8833333,NA,126.7913333,74.56766667,131.4823333,NA,97.32066667,63.29833333,149.4583333,162.5513333,77.06933333,NA,NA,137.9413333,136.1485556,101.9303333,95.69283333,1.401,29.55366667,41.03233333,31.434,49.722,41.97833333,0.039706314,-0.278991106,unknown,adult,-0.156738693,0.321582195,-0.155190554,0.341405241,-0.399932128,0.001391648,0.000110626,0.707106781,-1.18E-08,1.46E-17,3.13E-10,1.13E-16,1.54E-10,3.11,0.284585671
Cebus_capucinus,GOPR0334_5-76,2,0.04154,-16.2,NA,51.78466667,144.471,119.1616667,70.90333333,46.37433333,126.3106667,102.9456667,76.854,88.24566667,125.9736667,123.9026667,116.963,98.529,129.4586667,NA,124.9573333,72.00633333,119.5013333,NA,101.884,27.381,106.4833333,NA,77.427,NA,NA,118.4811111,132.2517778,101.1921667,93.93316667,9.957333333,18.16033333,71.148,36.461,47.53033333,46.05966667,0.039706314,-0.278991106,unknown,adult,-0.156738693,0.321582195,-0.155190554,0.341405241,-0.399932128,0.001391648,0.000110626,0.707106781,-1.18E-08,1.46E-17,3.13E-10,1.13E-16,1.54E-10,3.11,0.284585671
Cebus_capucinus,GOPR0337_5-79,2,0.0621,11.5,NA,33.152,149.558,115.7523333,51.13166667,57.28533333,131.057,90.46,81.63233333,83.86566667,116.1766667,114.937,119.6746667,100.659,121.1113333,157.221,128.142,69.35033333,117.204,123.3303333,99.913,36.92433333,117.272,158.236,67.61666667,NA,NA,118.5291111,132.2638889,97.87933333,85.40316667,3.907333333,18.501,63.73466667,50.71366667,60.52533333,68.54300003,0.020075295,0.199367934,unknown,adult,-0.156738693,0.321582195,-0.155190554,0.341405241,-0.399932128,0.001391648,0.000110626,0.707106781,-1.18E-08,1.46E-17,3.13E-10,1.13E-16,1.54E-10,3.11,0.425439821
Cebus_capucinus,GOPR0340_5-82,1,0.04154,-16.2,NA,48.48033333,149.762,101.544,66.22433333,56.60533333,155.7163333,97.78466667,70.59166667,79.97266667,120.078,122.1576667,107.7116667,102.1213333,125.057,148.954,130.0066667,69.994,119.354,150.6736667,99.24833333,53.47066667,118.141,156.721,89.30066667,NA,NA,120.8506667,141.8521111,109.6536667,86.968,5.703,-5.954333333,48.65066667,31.49233334,40.706,41.48733337,0.039706314,-0.278991106,unknown,adult,-0.156738693,0.321582195,-0.155190554,0.341405241,-0.399932128,0.001391648,0.000110626,0.707106781,-1.18E-08,1.46E-17,3.13E-10,1.13E-16,1.54E-10,3.11,0.284585671
Cebus_capucinus,GOPR0340_5-82,2,0.04154,-16.2,NA,39.59833333,140.7813333,120.4093333,61.52433333,56.18533333,137.7353333,122.1146667,81.17733333,88.16366667,135.9893333,138.118,108.829,102.625,121.3283333,NA,132.3693333,79.303,123.2353333,NA,105.7213333,50.61866667,135.8696667,141.122,73.49433333,NA,NA,126.8111111,138.1686667,102.9318333,85.17666667,-1.907,3.046,52.00633333,48.56533334,58.875,47.30466667,0.039706314,-0.278991106,unknown,adult,-0.156738693,0.321582195,-0.155190554,0.341405241,-0.399932128,0.001391648,0.000110626,0.707106781,-1.18E-08,1.46E-17,3.13E-10,1.13E-16,1.54E-10,3.11,0.284585671
Cebus_capucinus,GOPR0341_5-83,1,0.04154,16.2,NA,21.92833333,121.7406667,99.619,56.274,NA,NA,NA,NA,52.97766667,93.709,122.5186667,88.848,113.807,147.139,125.534,129.408,79.618,127.6333333,116.791,105.9296667,57.455,137.065,152.0343333,82.382,NA,NA,137.2791111,NA,105.895,72.561,19.50566667,NA,56.352,31.04933334,47.026,32.574,0.039706314,0.278991106,unknown,adult,-0.156738693,0.321582195,-0.155190554,0.341405241,-0.399932128,0.001391648,0.000110626,0.707106781,-1.18E-08,1.46E-17,3.13E-10,1.13E-16,1.54E-10,3.11,0.284585671
Cebus_capucinus,GOPR0341_5-83,2,0.04154,16.2,NA,39.54466667,137.397,91.909,63.021,59.32466667,129.7833333,90.99233333,82.11366667,69.15566667,107.6436667,113.3973333,106.6823333,109.2636667,133.206,142.3113333,129.933,84.46966667,137.728,116.5033333,104.608,58.85466667,145.047,168.8596667,74.66333333,NA,NA,138.6603333,124.9413333,102.2981667,84.85166667,-4.522,7.613666667,50.409,29.611,55.26966667,43.6613333,0.039706314,0.278991106,unknown,adult,-0.156738693,0.321582195,-0.155190554,0.341405241,-0.399932128,0.001391648,0.000110626,0.707106781,-1.18E-08,1.46E-17,3.13E-10,1.13E-16,1.54E-10,3.11,0.284585671
Cebus_capucinus,GOPR0351_5-93,1,0.04154,-16.2,NA,43.452,154.6403333,121.7283333,57.96266667,54.12166667,147.25,114.8443333,69.683,79.784,132.3336667,126.5246667,102.559,104.5133333,119.9306667,NA,136.155,64.04533333,110.6816667,NA,99.19366667,41.147,108.8946667,161.824,82.54133333,NA,NA,113.169,144.7413333,109.3481667,80.26083333,9.249,7.390333333,63.36633333,36.332,53.61366667,44.59633333,0.039706314,-0.278991106,unknown,adult,-0.156738693,0.321582195,-0.155190554,0.341405241,-0.399932128,0.001391648,0.000110626,0.707106781,-1.18E-08,1.46E-17,3.13E-10,1.13E-16,1.54E-10,3.11,0.284585671
Cebus_capucinus,GOPR0351_5-93,2,0.04154,-16.2,NA,46.00066667,159.732,121.9743333,56.771,52.55966667,148.8133333,104.1873333,67.58566667,55.18366667,120.0036667,111.7263333,91.05666667,97.028,129.917,NA,124.0653333,71.44633333,127.045,NA,97.98066667,53.45733333,118.2003333,NA,91.15666667,NA,NA,125.0541111,142.8496667,107.611,73.91383333,2.872,10.91866667,43.57066667,9.183,32.90866667,34.28566667,0.039706314,-0.278991106,unknown,adult,-0.156738693,0.321582195,-0.155190554,0.341405241,-0.399932128,0.001391648,0.000110626,0.707106781,-1.18E-08,1.46E-17,3.13E-10,1.13E-16,1.54E-10,3.11,0.284585671
Cebus_capucinus,GOPR0351_5-93,3,0.04154,-16.2,NA,48.23733333,159.3896667,141.2503333,56.98,46.03633333,149.7033333,117.7643333,60.35,63.20533333,130.7113333,126.0626667,85.785,98.878,129.7723333,NA,130.3613333,NA,NA,NA,NA,NA,NA,NA,NA,NA,NA,NA,146.6014444,NA,71.3825,NA,9.686333333,NA,14.968,NA,28.805,0.039706314,-0.278991106,unknown,adult,-0.156738693,0.321582195,-0.155190554,0.341405241,-0.399932128,0.001391648,0.000110626,0.707106781,-1.18E-08,1.46E-17,3.13E-10,1.13E-16,1.54E-10,3.11,0.284585671
Cebus_capucinus,GOPR0367_5-109,1,0.07816,-26.7,NA,28.60933333,134.024,94.79333333,52.48366667,42.86066667,111.0133333,87.891,78.09133333,38.955,80.87066667,76.65333333,90.59233333,114.753,122.0033333,153.9503333,143.359,58.029,94.42766667,130.6043333,102.9976667,45.06633333,87.191,152.8296667,99.966,NA,NA,101.2073333,108.636,121.6625,71.538,27.57566667,23.01066667,69.68666667,10.34566667,43.393,38.10866666,0.106628612,-0.449318999,unknown,adult,-0.156738693,0.321582195,-0.155190554,0.341405241,-0.399932128,0.001391648,0.000110626,0.707106781,-1.18E-08,1.46E-17,3.13E-10,1.13E-16,1.54E-10,3.11,0.535464998
Cebus_capucinus,GOPR0367_5-109,2,0.07816,-26.7,NA,20.52233333,125.9366667,102.4653333,51.053,44.86266667,102.1813333,92.044,83.61633333,51.196,87.06866667,89.866,99.53333333,123.0456667,135.6906667,NA,143.379,62.425,96.09766667,136.243,108.7993333,54.93033333,90.82333333,152.4683333,107.2923333,NA,NA,107.5372222,105.0622222,125.3356667,75.29316667,39.593,23.75533333,68.11533333,30.67366667,36.08666667,48.48033333,0.106628612,-0.449318999,unknown,adult,-0.156738693,0.321582195,-0.155190554,0.341405241,-0.399932128,0.001391648,0.000110626,0.707106781,-1.18E-08,1.46E-17,3.13E-10,1.13E-16,1.54E-10,3.11,0.535464998
Cebus_capucinus,GOPR0370_5-112_CLIP_MI.MP4_1365_Clipped_120fps,1,0.07816,28.7,NA,28.562,102.0206667,111.966,73.48066667,39.112,97.07133333,103.9606667,86.633,94.478,129.639,148.4333333,121.7513333,99.273,118.948,157.5203333,131.2433333,60.52166667,108.4893333,141.9086667,100.3383333,41.27233333,139.8086667,152.8526667,62.39366667,NA,NA,122.4153333,109.577,96.8185,97.616,10.45866667,4.949333333,58.00066667,65.916,68.84966667,48.27066663,0.122853836,0.480223497,f,mom,-0.156738693,0.321582195,-0.155190554,0.341405241,-0.399932128,0.001391648,0.000110626,0.707106781,-1.18E-08,1.46E-17,3.13E-10,1.13E-16,1.54E-10,3.11,0.535464998
Cebus_capucinus,GOPR0370_5-112_CLIP_MI.MP4_1365_Clipped_120fps,2,0.07816,28.7,NA,21.963,107.0393333,101.9366667,63.335,60.063,109.3206667,76.869,99.948,NA,NA,NA,NA,78.152,102.0393333,172.538,122.9266667,44.17633333,95.305,136.95,93.379,24.99066667,135.2006667,NA,45.714,NA,NA,110.8483333,NA,84.32033333,NA,6.734333333,-2.281333333,53.16133333,NA,77.21266667,NA,0.122853836,0.480223497,f,mom,-0.156738693,0.321582195,-0.155190554,0.341405241,-0.399932128,0.001391648,0.000110626,0.707106781,-1.18E-08,1.46E-17,3.13E-10,1.13E-16,1.54E-10,3.11,0.535464998
Cebus_capucinus,GOPR0309_6-18,1,0.06693,-15.6,NA,25.85533333,130.3936667,106.9746667,50.49766667,35.185,94.32433333,87.781,85.46766667,70.20766667,91.647,142.1726667,115.7126667,124.2556667,144.2573333,149.9603333,138.788,65.25466667,119.5873333,123.1923333,96.902,40.90366667,115.6323333,170.1616667,74.94533333,NA,NA,126.4923333,105.455,106.8666667,83.10516667,24.67,36.06933333,83.352,44.35233334,63.84266667,65.21500003,0.036837433,-0.268919821,unknown,adult,-0.156738693,0.321582195,-0.155190554,0.341405241,-0.399932128,0.001391648,0.000110626,0.707106781,-1.18E-08,1.46E-17,3.13E-10,1.13E-16,1.54E-10,3.11,0.458529585
Cebus_capucinus,GOPR0249_5-91_CLIP_MI.MP4_290_Clipped_120fps_49,1,0.04154,-16.2,NA,NA,NA,NA,NA,41.998,127.6793333,97.34966667,68.748,77.68166667,113.911,109.6766667,110.762,101.9976667,128.193,NA,131.827,69.48666667,114.3453333,134.732,101.6666667,47.24133333,106.4026667,147.775,83.97833333,NA,NA,116.3136667,NA,107.9026667,NA,13.84766667,NA,54.75633333,NA,47.84866667,NA,0.039706314,-0.278991106,unknown,adult,-0.156738693,0.321582195,-0.155190554,0.341405241,-0.399932128,0.001391648,0.000110626,0.707106781,-1.18E-08,1.46E-17,3.13E-10,1.13E-16,1.54E-10,3.11,0.284585671
Cebus_capucinus,GOPR0337_5-79,1,0.0621,11.5,NA,NA,NA,NA,NA,46.348,109.7673333,85.96066667,83.70466667,67.96033333,99.168,97.236,110.7113333,109.23,134.8643333,152.687,133.1676667,72.64533333,124.622,133.0896667,98.73866667,50.14533333,136.1463333,151.5206667,72.06066667,NA,NA,131.8775556,NA,102.6141667,NA,10.24233333,NA,59.08466667,NA,61.107,NA,0.020075295,0.199367934,unknown,adult,-0.156738693,0.321582195,-0.155190554,0.341405241,-0.399932128,0.001391648,0.000110626,0.707106781,-1.18E-08,1.46E-17,3.13E-10,1.13E-16,1.54E-10,3.11,0.425439821
Cercopithecus_lhoesti,GX015331.MP4_23177,1,0.112,34.7,NA,31.48533333,105.8073333,89.16633333,72.571,34.53366667,91.13066667,106.462,82.99866667,93.84,107.5626667,118.8203333,132.3816667,60.95133333,91.204,NA,113.983,48.063,91.66133333,NA,96.63333333,5.883333333,92.20266667,138.3073333,52.41333333,0.000676176,Fagara,91.68933333,101.5002222,83.19816667,102.4763333,-0.457333333,14.67666667,55.068,62.35466667,61.56966667,59.8106667,0.177855959,0.569279523,unknown,adult,-0.183570616,-0.318122433,0.113234816,0.057778453,0.000272721,-0.000560442,0.526792687,-2.11E-16,-1.94E-10,-3.77E-15,0.707106766,7.90E-17,1.14E-10,4.71,0.668155766
Cercopithecus_lhoesti,GX015331.MP4_23177,2,0.112,34.7,NA,24.79833333,90.84966667,83.91,74.77133333,40.37266667,94.27133333,60.02166667,88.371,84.973,105.6296667,132.812,130.4156667,64.092,86.63066667,160.8913333,120.701,40.50866667,78.92133333,135.1036667,102.738,13.972,107.7113333,140.728,50.61533333,0.000676176,Fagara,91.08777778,96.91688889,85.65816667,102.5935,7.709333333,-3.421666667,50.12,60.17466667,70.08566667,55.64433337,0.177855959,0.569279523,unknown,adult,-0.183570616,-0.318122433,0.113234816,0.057778453,0.000272721,-0.000560442,0.526792687,-2.11E-16,-1.94E-10,-3.77E-15,0.707106766,7.90E-17,1.14E-10,4.71,0.668155766
Cercopithecus_lhoesti,GX015331.MP4_23177,3,0.112,34.7,NA,23.33466667,90.66733333,95.73266667,70.35266667,26.74666667,75.47766667,102.739,90.357,85.16133333,102.3386667,126.4503333,134.4196667,40.87066667,97.805,58.964,86.56,63.361,97.81233333,161.7433333,100.6236667,21.901,126.6866667,143.806,48.881,0.000676176,Fagara,107.4346667,89.49455556,67.7205,102.3861667,-0.007333333,15.18966667,18.96966667,61.82666666,37.679,64.06700003,0.177855959,0.569279523,f,mom,-0.183570616,-0.318122433,0.113234816,0.057778453,0.000272721,-0.000560442,0.526792687,-2.11E-16,-1.94E-10,-3.77E-15,0.707106766,7.90E-17,1.14E-10,4.71,0.668155766
Cercopithecus_lhoesti,GX015331.MP4_23177,4,0.112,34.7,NA,23.61033333,98.13866667,94.64133333,67.75,35.64533333,83.813,75.53333333,90.38366667,87.58566667,99.745,107.47,137.259,72.56,90.21666667,166.8686667,124.685,45.929,96.42766667,150.3476667,95.753,23.20166667,113.9866667,151.3216667,58.48633333,0.000676176,Fagara,100.2103333,93.89888889,91.58566667,102.5045,-6.211,14.32566667,49.35833333,63.97533334,66.19866667,69.509,0.177855959,0.569279523,f,mom,-0.183570616,-0.318122433,0.113234816,0.057778453,0.000272721,-0.000560442,0.526792687,-2.11E-16,-1.94E-10,-3.77E-15,0.707106766,7.90E-17,1.14E-10,4.71,0.668155766
Cercopithecus_lhoesti,GX015331.MP4_23177,5,0.112,34.7,NA,NA,NA,NA,NA,NA,NA,NA,NA,NA,NA,NA,NA,54.98466667,77.78533333,172.5273333,116.6583333,37.32566667,85.66166667,157.4233333,92.424,8.421666667,105.0876667,142.193,49.42033333,0.000676176,Fagara,89.51155556,NA,83.03933333,NA,-7.876333333,NA,46.563,NA,67.238,NA,0.177855959,0.569279523,f,mom,-0.183570616,-0.318122433,0.113234816,0.057778453,0.000272721,-0.000560442,0.526792687,-2.11E-16,-1.94E-10,-3.77E-15,0.707106766,7.90E-17,1.14E-10,4.71,0.668155766
Cercopithecus_lhoesti,GX015332.MP4_918,1,0.112,-34.7,NA,24.666,137.89,139.274,45.12533333,36.738,69.961,81.87566667,93.842,44.18133333,50.692,68.73933333,107.8796667,110.3866667,148.2826667,158.2836667,125.0733333,NA,NA,NA,NA,56.10466667,99.45966667,NA,104.8506667,0.000676176,Fagara,NA,86.181,114.962,76.5025,NA,67.929,54.282,19.51533333,20.22266667,62.75433337,0.177855959,-0.569279523,f,mom,-0.183570616,-0.318122433,0.113234816,0.057778453,0.000272721,-0.000560442,0.526792687,-2.11E-16,-1.94E-10,-3.77E-15,0.707106766,7.90E-17,1.14E-10,4.71,0.668155766
Cercopithecus_lhoesti,GX015332.MP4_918,2,0.112,-34.7,NA,12.02766667,129.3203333,133.7146667,39.655,45.87466667,88.62766667,54.20566667,86.80233333,88.16366667,99.93266667,123.456,133.417,112.502,141.6016667,150.0913333,136.4676667,24.839,74.171,148.538,99.54533333,38.319,66.55833333,110.5853333,113.3696667,0.000676176,Fagara,94.11033333,105.9602222,124.9186667,86.536,67.43066667,40.69266667,74.183,76.136,23.098,93.762,0.177855959,-0.569279523,unknown,adult,-0.183570616,-0.318122433,0.113234816,0.057778453,0.000272721,-0.000560442,0.526792687,-2.11E-16,-1.94E-10,-3.77E-15,0.707106766,7.90E-17,1.14E-10,4.71,0.668155766
Cercopithecus_lhoesti,GX015332.MP4_918,3,0.112,-34.7,NA,20.08066667,134.1866667,124.963,45.28533333,44.60566667,85.603,73.10166667,86.73366667,63.22666667,58.727,87.14,132.256,112.8833333,149.6663333,149.9906667,131.285,44.71866667,92.92966667,130.3636667,99.60033333,37.43033333,67.647,92.56633333,111.856,0.000676176,Fagara,103.4143333,92.83888889,121.5705,88.77066667,56.73666667,48.58366667,75.453,43.146,19.429,86.97066667,0.177855959,-0.569279523,unknown,adult,-0.183570616,-0.318122433,0.113234816,0.057778453,0.000272721,-0.000560442,0.526792687,-2.11E-16,-1.94E-10,-3.77E-15,0.707106766,7.90E-17,1.14E-10,4.71,0.668155766
Cercopithecus_lhoesti,GX015332.MP4_918,4,0.112,-34.7,NA,NA,NA,NA,NA,NA,NA,NA,NA,NA,NA,NA,NA,114.299,145.8073333,151.816,132.7526667,49.93766667,95.11366667,164.6626667,105.4963333,43.893,69.141,103.0543333,120.3913333,0.000676176,Fagara,103.354,NA,126.572,NA,50.69366667,NA,70.406,NA,12.36133333,NA,0.177855959,-0.569279523,unknown,adult,-0.183570616,-0.318122433,0.113234816,0.057778453,0.000272721,-0.000560442,0.526792687,-2.11E-16,-1.94E-10,-3.77E-15,0.707106766,7.90E-17,1.14E-10,4.71,0.668155766
Cercopithecus_lhoesti,GX015541.MP4_20971,1,0.12,-17.6,NA,24.591,142.8453333,128.859,44.96833333,43.78366667,119.9266667,106.3346667,72.428,50.393,87.373,90.76366667,88.24,101.9233333,121.9866667,161.337,129.1786667,52.743,123.5753333,142.2356667,89.192,56.39566667,122.0556667,NA,89.24333333,0.000470452,Prunus_africana,122.5392222,116.715,109.211,66.60416667,-1.588666667,22.91866667,45.52766667,25.802,39.93533333,43.27166667,0.046809332,-0.302369891,unknown,adult,-0.183570616,-0.318122433,0.113234816,0.057778453,0.000272721,-0.000560442,0.526792687,-2.11E-16,-1.94E-10,-3.77E-15,0.707106766,7.90E-17,1.14E-10,4.71,0.715881177
Cercopithecus_lhoesti,GX015541.MP4_27105,1,0.12,17.6,NA,42.23833333,111.2703333,85.27366667,82.48133333,39.68233333,106.48,81.67266667,84.46166667,54.33633333,97.86033333,127.9536667,97.54,106.3803333,150.2356667,143.6,115.1256667,57.609,128.268,118.453,89.203,NA,NA,NA,NA,0.000465802,Prunus_africana,NA,105.2035556,NA,90.01066667,21.96766667,4.790333333,NA,12.098,NA,15.05866667,0.046809332,0.302369891,f,mom,-0.183570616,-0.318122433,0.113234816,0.057778453,0.000272721,-0.000560442,0.526792687,-2.11E-16,-1.94E-10,-3.77E-15,0.707106766,7.90E-17,1.14E-10,4.71,0.715881177
Cercopithecus_lhoesti,GX015549.MP4_15299,1,0.12,-17.6,NA,30.14133333,138.7636667,130.1173333,44.03366667,44.42933333,117.3483333,84.18733333,72.087,46.83033333,83.82733333,84.80733333,87.50133333,113.875,145.73,173.809,130.1333333,58.129,115.0333333,NA,98.457,35.36933333,82.03333333,99.34733333,101.4756667,0.000465802,Prunus_africana,114.2655556,113.3131111,115.8045,65.7675,30.69666667,21.41533333,78.50566667,16.689,28.65766667,43.46766666,0.046809332,-0.302369891,unknown,adult,-0.183570616,-0.318122433,0.113234816,0.057778453,0.000272721,-0.000560442,0.526792687,-2.11E-16,-1.94E-10,-3.77E-15,0.707106766,7.90E-17,1.14E-10,4.71,0.715881177
Cercopithecus_lhoesti,GX015550.MP4_3405,1,0.068,-13.5,NA,32.213,139.9766667,122.867,57.64766667,47.85366667,125.7506667,109.2726667,75.57466667,69.16833333,104.9043333,118.1283333,102.0436667,89.113,140.429,NA,107.762,69.05,131.7083333,NA,96.915,52.76033333,126.6483333,164.524,80.43466667,0.000970109,Prunus_africana,132.9285556,123.5438889,94.09833333,79.84566667,8.720666667,14.226,36.35266667,36.95533333,27.32733333,44.39600003,0.02763008,-0.233445364,unknown,adult,-0.183570616,-0.318122433,0.113234816,0.057778453,0.000272721,-0.000560442,0.526792687,-2.11E-16,-1.94E-10,-3.77E-15,0.707106766,7.90E-17,1.14E-10,4.71,0.405666
Cercopithecus_lhoesti,GX015550.MP4_3405,2,0.068,-13.5,NA,49.61933333,140.8406667,124.6013333,70.81866667,NA,126.4356667,89.22266667,NA,NA,118.8333333,143.453,NA,108.29,138.3976667,141.2346667,129.466,89.75833333,134.9873333,127.6683333,110.6533333,39.538,127.299,160.4396667,68.66933333,0.000970109,Prunus_africana,133.5613333,128.7032222,99.06766667,NA,3.410333333,14.405,68.752,NA,60.79666667,NA,0.02763008,-0.233445364,unknown,adult,-0.183570616,-0.318122433,0.113234816,0.057778453,0.000272721,-0.000560442,0.526792687,-2.11E-16,-1.94E-10,-3.77E-15,0.707106766,7.90E-17,1.14E-10,4.71,0.405666
Cercopithecus_lhoesti,GX015557.MP4_86,1,0.183,-8.5,NA,17.261,137.6056667,126.3616667,39.79766667,NA,NA,NA,NA,22.90433333,66.25566667,78.38233333,81.22933333,122.7456667,144.4566667,161.4496667,137.7696667,NA,90.91366667,145.7866667,NA,36.82433333,76.60066667,139.254,95.44466667,0.000191334,Prunus_africana,103.9903333,NA,116.6071667,60.5135,53.543,NA,85.92133333,5.64333333,42.325,41.43166666,0.010984137,-0.147809411,unknown,adult,-0.183570616,-0.318122433,0.113234816,0.057778453,0.000272721,-0.000560442,0.526792687,-2.11E-16,-1.94E-10,-3.77E-15,0.707106766,7.90E-17,1.14E-10,4.71,1.091718795
Chlorocebus_aethiops,GX010436.MP4_5648,1,0.037,41.3,NA,20.98466667,80.80633333,67.41766667,70.05533333,10.48133333,121.637,114.1036667,42.099,94.71066667,105.8356667,109.7986667,130.594,70.49266667,123.218,164.1796667,102.2866667,33.036,111.3263333,146.7376667,76.44866667,27.12466667,127.434,171.225,57.10933333,NA,Pseudospondias_microcarpa,120.6594444,102.7596667,79.698,100.3246667,11.89166667,-40.83066667,43.368,73.726,45.17733333,60.53866667,0.248735866,0.660001668,unknown,adult,-0.183570616,-0.318122431,0.11323481,0.05777845,0.000272721,-0.000560442,0.526792649,3.44E-16,-1.94E-10,3.27E-15,-0.707106797,1.48E-16,1.14E-10,4.24,0.228601866
Chlorocebus_aethiops,GX010477.MP4_5552,1,0.028,33,NA,17.05866667,93.41833333,82.058,60.77166667,28.07266667,100.136,83.58033333,70.53866667,50.023,95.62066667,112.2416667,97.694,77.303,105.331,161.1003333,117.147,55.622,108.5526667,141.2953333,90.887,31.32733333,129.232,137.017,57.828,0.001778411,Acacia_senna,114.3718889,96.39166667,87.4875,79.23283333,-3.221666667,-6.717666667,45.97566667,32.96433333,59.319,36.92233333,0.161329432,0.544639035,unknown,adult,-0.183570616,-0.318122431,0.11323481,0.05777845,0.000272721,-0.000560442,0.526792649,3.44E-16,-1.94E-10,3.27E-15,-0.707106797,1.48E-16,1.14E-10,4.24,0.172996007
Chlorocebus_aethiops,GX010477.MP4_5552,2,0.027,-2.1,NA,32.67466667,134.46,116.368,56.79733333,40.749,108.8543333,88.55766667,82.42533333,89.40033333,113.288,106.1223333,125.5726667,91.694,133.1306667,157.8456667,117.5446667,49.29466667,111.6533333,119.7803333,88.306,25.96233333,118.817,129.6166667,58.79033333,0.001814602,Acacia_senna,121.2003333,118.8674444,88.1675,91.185,21.47733333,25.60566667,65.73166667,56.72566666,58.75433333,68.77533337,0.000671606,-0.036643709,unknown,adult,-0.183570616,-0.318122431,0.11323481,0.05777845,0.000272721,-0.000560442,0.526792649,3.44E-16,-1.94E-10,3.27E-15,-0.707106797,1.48E-16,1.14E-10,4.24,0.166817578
Chlorocebus_aethiops,GX010477.MP4_5552,3,0.027,-2.1,NA,26.54666667,129.092,112.5816667,56.63233333,52.5,114.0793333,97.458,84.76566667,109.6833333,123.4486667,140.0556667,133.0203333,80.16966667,128.0873333,148.0416667,109.2616667,55.48233333,102.7516667,141.162,94.43866667,37.522,117.6956667,138.2566667,68.73666667,0.001814602,Acacia_senna,116.1782222,122.2066667,88.99916667,94.82633333,25.33566667,15.01266667,42.64766667,83.13666663,40.525,76.38799997,0.000671606,-0.036643709,f,mom,-0.183570616,-0.318122431,0.11323481,0.05777845,0.000272721,-0.000560442,0.526792649,3.44E-16,-1.94E-10,3.27E-15,-0.707106797,1.48E-16,1.14E-10,4.24,0.166817578
Chlorocebus_aethiops,GX010478.MP4_1,1,0.028,33,NA,13.03,88.72933333,82.26133333,62.12566667,19.95433333,80.456,73.793,76.39966667,93.51333333,123.1046667,124.1493333,124.5943333,89.272,111.6503333,156.6303333,142.6273333,32.78266667,80.21233333,132.2996667,99.23566667,23.45366667,127.278,148.0356667,55.899,0.001778411,Acacia_senna,106.3802222,97.43,99.26316667,93.36,31.438,8.273333333,65.81833333,80.48333333,86.72833333,62.46866663,0.161329432,0.544639035,f,mom,-0.183570616,-0.318122431,0.11323481,0.05777845,0.000272721,-0.000560442,0.526792649,3.44E-16,-1.94E-10,3.27E-15,-0.707106797,1.48E-16,1.14E-10,4.24,0.172996007
Chlorocebus_aethiops,GX010479.MP4_7805,1,0.027,-2.1,NA,15.90566667,117.5026667,122.1473333,51.50833333,41.27566667,97.549,89.51533333,84.49466667,56.72333333,64.27733333,95.096,117.6503333,107.052,137.8046667,171.261,126.3663333,51.65066667,109.0576667,134.2496667,89.68966667,17.19533333,109.3923333,151.965,61.40666667,0.001814602,Acacia_senna,118.7515556,93.10966667,93.8865,84.57933333,28.747,19.95366667,89.85666667,40.81766666,64.95966667,66.14199997,0.000671606,-0.036643709,unknown,adult,-0.183570616,-0.318122431,0.11323481,0.05777845,0.000272721,-0.000560442,0.526792649,3.44E-16,-1.94E-10,3.27E-15,-0.707106797,1.48E-16,1.14E-10,4.24,0.166817578
Chlorocebus_aethiops,GX010483.MP4_5158,1,0.027,-11.9,NA,36.27866667,113.769,88.899,72.70766667,38.36833333,116.893,81.67733333,75.057,NA,109.8333333,115.9013333,NA,93.417,112.108,144.7903333,119.7536667,88.30366667,112.762,128.8216667,114.6606667,25.19033333,111.2723333,153.8573333,61.88333333,NA,Pinus_patula,112.0474444,113.4984444,90.8185,NA,-0.654,-3.124,68.22666667,NA,57.87033333,NA,0.021491015,-0.206204185,unknown,adult,-0.183570616,-0.318122431,0.11323481,0.05777845,0.000272721,-0.000560442,0.526792649,3.44E-16,-1.94E-10,3.27E-15,-0.707106797,1.48E-16,1.14E-10,4.24,0.166817578
Chlorocebus_aethiops,GX010488.MP4_7852,1,0.033,6.8,NA,33.57733333,120.0593333,NA,73.09233333,38.64733333,114.4873333,NA,77.791,117.1243333,142.4893333,146.413,139.736,72.01566667,97.227,138.9256667,116.1413333,70.327,94.00066667,127.468,117.839,23.24433333,145.2016667,NA,42.908,NA,Pinus_patula,112.1431111,125.6786667,79.52466667,106.4141667,3.226333333,5.572,48.77133333,83.54699997,73.23333333,66.64366667,0.007034492,0.118403968,unknown,adult,-0.183570616,-0.318122431,0.11323481,0.05777845,0.000272721,-0.000560442,0.526792649,3.44E-16,-1.94E-10,3.27E-15,-0.707106797,1.48E-16,1.14E-10,4.24,0.203888151
Chlorocebus_aethiops,GX010495.MP4_5120,1,0.028,33,NA,27.83433333,92.25566667,79.45,69.414,37.71233333,94.311,83.74533333,79.151,63.69333333,102.114,97.531,105.079,69.56233333,117.0816667,161.9426667,104.2213333,45.65266667,107.9896667,140.036,92.22333333,NA,53.64966667,152.7083333,NA,0.001778411,Acacia_senna,92.907,96.22688889,NA,87.2465,9.092,-2.055333333,NA,35.859,NA,35.665,0.161329432,0.544639035,unknown,adult,-0.183570616,-0.318122431,0.11323481,0.05777845,0.000272721,-0.000560442,0.526792649,3.44E-16,-1.94E-10,3.27E-15,-0.707106797,1.48E-16,1.14E-10,4.24,0.172996007
Chlorocebus_aethiops,GX010495.MP4_5120,2,0.027,-2.1,NA,33.039,90.70233333,81.629,78.789,47.97066667,87.61066667,65.577,100.487,68.944,95.89,126.4243333,115.233,102.1123333,133.4176667,170.007,127.9796667,71.08966667,129.5896667,155.4746667,97.51333333,39.25933333,92.622,153.2493333,91.46233333,0.001814602,Acacia_senna,118.5431111,91.401,109.721,97.011,3.828,3.091666667,62.853,35.905,36.51733333,36.444,0.000671606,-0.036643709,unknown,adult,-0.183570616,-0.318122431,0.11323481,0.05777845,0.000272721,-0.000560442,0.526792649,3.44E-16,-1.94E-10,3.27E-15,-0.707106797,1.48E-16,1.14E-10,4.24,0.166817578
Chlorocebus_aethiops,GX010496.MP4_59,1,0.028,33,NA,45.76533333,61.667,55.67266667,124.1,NA,NA,NA,NA,76.069,81.11266667,108.3763333,132.3843333,72.02266667,109.7123333,NA,110.2723333,55.38133333,106.1546667,NA,101.652,36.98,91.874,169.3023333,92.60533333,0.001778411,Acacia_senna,102.5803333,NA,101.4388333,128.2421667,3.557666667,NA,35.04266667,30.30366667,17.667,8.2843333,0.161329432,0.544639035,unknown,adult,-0.183570616,-0.318122431,0.11323481,0.05777845,0.000272721,-0.000560442,0.526792649,3.44E-16,-1.94E-10,3.27E-15,-0.707106797,1.48E-16,1.14E-10,4.24,0.172996007
Chlorocebus_aethiops,GX010496.MP4_574,1,0.028,33,NA,38.319,71.03766667,63.956,101.2326667,36.561,66.641,64.08766667,101.5263333,69.48833333,84.84333333,100.1596667,123.4716667,33.381,69.73166667,NA,106.4983333,0,0,0,0,0,0,0,0,0.001778411,Acacia_senna,23.24388889,74.174,53.24916667,112.3521667,69.73166667,4.396666667,33.381,31.16933333,106.4983333,22.239,0.161329432,0.544639035,unknown,adult,-0.183570616,-0.318122431,0.11323481,0.05777845,0.000272721,-0.000560442,0.526792649,3.44E-16,-1.94E-10,3.27E-15,-0.707106797,1.48E-16,1.14E-10,4.24,0.172996007
Chlorocebus_aethiops,GX010496.MP4_574,2,0.027,-2.1,NA,20.46666667,77.59866667,82.388,75.11866667,31.766,79.47466667,76.00133333,89.702,81.20266667,98.303,120.0753333,127.0803333,100.7356667,149.4876667,173.395,118.177,0,0,0,0,0,0,0,0,0.001814602,Acacia_senna,49.82922222,85.12544444,59.0885,101.0995,149.4876667,-1.876,100.7356667,60.736,118.177,51.96166663,0.000671606,-0.036643709,unknown,adult,-0.183570616,-0.318122431,0.11323481,0.05777845,0.000272721,-0.000560442,0.526792649,3.44E-16,-1.94E-10,3.27E-15,-0.707106797,1.48E-16,1.14E-10,4.24,0.166817578
Chlorocebus_aethiops,GX010496.MP4_1350 (adult),1,0.027,-2.1,NA,25.256,123.7903333,91.74133333,49.623,32.09866667,100.2466667,84.21066667,78.04433333,68.63833333,83.57133333,98.584,120.9603333,70.45166667,117.6156667,140.0423333,99.14466667,62.76433333,110.7313333,142.5603333,97.24233333,34.56,120.4183333,135.774,67.73333333,0.001814602,Acacia_senna,116.2551111,102.5361111,83.439,85.29166667,6.884333333,23.54366667,35.89166667,43.38233333,31.41133333,71.3373333,0.000671606,-0.036643709,unknown,adult,-0.183570616,-0.318122431,0.11323481,0.05777845,0.000272721,-0.000560442,0.526792649,3.44E-16,-1.94E-10,3.27E-15,-0.707106797,1.48E-16,1.14E-10,4.24,0.166817578
Chlorocebus_aethiops,GX010496.MP4_1350 (adult),2,0.027,-2.1,NA,35.18966667,97.592,78.681,78.117,42.681,99.41133333,90.72,86.929,69.66233333,97.44833333,111.0943333,117.994,103.947,135.8,168.81,126.1146667,NA,NA,NA,NA,NA,NA,NA,NA,0.001814602,Acacia_senna,NA,98.15055556,NA,98.0555,NA,-1.819333333,NA,34.47266666,NA,39.877,0.000671606,-0.036643709,unknown,adult,-0.183570616,-0.318122431,0.11323481,0.05777845,0.000272721,-0.000560442,0.526792649,3.44E-16,-1.94E-10,3.27E-15,-0.707106797,1.48E-16,1.14E-10,4.24,0.166817578
Chlorocebus_aethiops,GX010496.MP4_1350 (juvenile),1,0.027,-2.1,NA,31.397,73.241,69.87233333,87.814,38.11033333,70.51566667,81.12333333,97.631,84.10333333,100.9,111.2063333,125.1973333,64.40966667,105.8566667,163.417,104.8423333,42.86166667,102.596,146.7056667,84.599,31.25033333,94.487,152.6623333,82.84933333,0.001814602,Acacia_senna,100.9798889,81.55222222,93.84583333,106.5056667,3.260666667,2.725333333,33.15933333,52.70633333,21.993,37.3833333,0.000671606,-0.036643709,unknown,adult,-0.183570616,-0.318122431,0.11323481,0.05777845,0.000272721,-0.000560442,0.526792649,3.44E-16,-1.94E-10,3.27E-15,-0.707106797,1.48E-16,1.14E-10,4.24,0.166817578
Chlorocebus_aethiops,GX010496.MP4_1350 (juvenile),2,0.028,33,NA,11.33466667,71.45033333,80.654,78.80966667,30.20033333,75.60933333,81.19366667,93.69366667,96.31133333,89.62666667,89.22933333,143.6233333,79.05466667,114.0183333,162.409,115.6883333,31.94733333,87.052,143.0776667,84.46933333,18.73566667,70.297,136.095,77.75366667,0.001778411,Acacia_senna,90.45577778,78.89544444,96.721,111.2165,26.96633333,-4.159,60.319,84.97666666,37.93466667,64.81366663,0.161329432,0.544639035,unknown,adult,-0.183570616,-0.318122431,0.11323481,0.05777845,0.000272721,-0.000560442,0.526792649,3.44E-16,-1.94E-10,3.27E-15,-0.707106797,1.48E-16,1.14E-10,4.24,0.172996007
Chlorocebus_aethiops,GX010496.MP4_1802,1,0.027,-2.1,NA,21.68166667,123.2206667,124.6776667,54.87233333,34.14,98.54366667,84.109,83.06133333,66.77766667,76.61766667,92.91966667,125.345,94.854,143.878,158.4233333,115.432,51.50366667,112.64,132.3496667,84.11433333,26.697,97.29133333,166.606,69.43466667,0.001814602,Acacia_senna,117.9364444,99.46066667,92.43333333,90.10866667,31.238,24.677,68.157,45.096,45.99733333,70.47266667,0.000671606,-0.036643709,unknown,adult,-0.183570616,-0.318122431,0.11323481,0.05777845,0.000272721,-0.000560442,0.526792649,3.44E-16,-1.94E-10,3.27E-15,-0.707106797,1.48E-16,1.14E-10,4.24,0.166817578
Chlorocebus_aethiops,GX010497.MP4_599,1,0.028,33,NA,21.548,83.15366667,67.56133333,65.997,36.33833333,80.30233333,43.09333333,88.64833333,71.30966667,106.0626667,118.962,112.51,100.4583333,142.8526667,165.0313333,119.401,56.06866667,118.696,135.1123333,86.81666667,25.96533333,108.6163333,137.966,70.565,0.001778411,Acacia_senna,123.3883333,89.83955556,94.983,89.2535,24.15666667,2.851333333,74.493,49.76166667,48.836,46.513,0.161329432,0.544639035,unknown,adult,-0.183570616,-0.318122431,0.11323481,0.05777845,0.000272721,-0.000560442,0.526792649,3.44E-16,-1.94E-10,3.27E-15,-0.707106797,1.48E-16,1.14E-10,4.24,0.172996007
Chlorocebus_aethiops,GX010497.MP4_599,2,0.027,-2.1,NA,24.516,116.6823333,98.198,56.68633333,44.68966667,96.51066667,76.12166667,91.697,74.49466667,89.65533333,82.899,123.1276667,NA,NA,NA,NA,NA,NA,NA,NA,NA,NA,NA,NA,0.001814602,Acacia_senna,NA,100.9494444,NA,89.907,NA,20.17166667,NA,49.97866667,NA,66.44133337,0.000671606,-0.036643709,unknown,adult,-0.183570616,-0.318122431,0.11323481,0.05777845,0.000272721,-0.000560442,0.526792649,3.44E-16,-1.94E-10,3.27E-15,-0.707106797,1.48E-16,1.14E-10,4.24,0.166817578
Chlorocebus_aethiops,GX010506.MP4_263,1,0.063,-16.3,NA,25.891,110.626,88.216,65.658,32.826,98.345,68.863,83.155,NA,NA,NA,NA,97.92466667,144.6906667,129.1916667,112.001,72.502,133.2556667,118.5973333,95.38066667,39.431,140.896,135.6823333,55.887,0.000168846,Psidium_guajava,139.6141111,NA,83.944,NA,11.435,12.281,58.49366667,NA,56.114,NA,0.040194708,-0.280666709,f,mom,-0.183570616,-0.318122431,0.11323481,0.05777845,0.000272721,-0.000560442,0.526792649,3.44E-16,-1.94E-10,3.27E-15,-0.707106797,1.48E-16,1.14E-10,4.24,0.389241016
Chlorocebus_aethiops,GX010506.MP4_263,2,0.063,-16.3,NA,24.89366667,114.1423333,98.70966667,59.385,45.08666667,105.3146667,81.08433333,86.11533333,100.594,119.3843333,112.687,132.802,99.244,140.5036667,144.898,116.9903333,67.21433333,134.0616667,108.2213333,92.779,28.91266667,133.0146667,150.6686667,54.299,0.000168846,Psidium_guajava,135.86,112.9471111,85.64466667,96.0935,6.442,8.827666667,70.33133333,75.70033333,62.69133333,73.417,0.040194708,-0.280666709,f,mom,-0.183570616,-0.318122431,0.11323481,0.05777845,0.000272721,-0.000560442,0.526792649,3.44E-16,-1.94E-10,3.27E-15,-0.707106797,1.48E-16,1.14E-10,4.24,0.389241016
Chlorocebus_aethiops,GX010506.MP4_263,3,0.063,-16.3,NA,35.413,118.808,93.157,72.20433333,43.23533333,106.1563333,88.755,96.26166667,91.446,108.456,107.8153333,130.486,104.367,143.086,140.737,122.0783333,80.775,131.288,118.1743333,107.1866667,31.872,141.6296667,171.033,52.24966667,0.000168846,Psidium_guajava,138.6678889,111.1401111,87.164,101.3451667,11.798,12.65166667,72.495,56.033,69.82866667,58.28166667,0.040194708,-0.280666709,f,mom,-0.183570616,-0.318122431,0.11323481,0.05777845,0.000272721,-0.000560442,0.526792649,3.44E-16,-1.94E-10,3.27E-15,-0.707106797,1.48E-16,1.14E-10,4.24,0.389241016
Chlorocebus_aethiops,GX010506.MP4_263,4,0.063,-16.3,NA,33.756,127.7216667,98.21166667,64.82,40.682,99.19466667,66.696,85.61633333,65.75,77.86433333,96.192,128.885,89.53766667,135.3586667,151.6176667,114.0666667,62.38733333,118.7133333,116.7696667,91.74333333,33.258,123.4973333,132.0716667,65.47666667,0.000168846,Psidium_guajava,125.8564444,101.5935556,89.77166667,96.8525,16.64533333,28.527,56.27966667,31.994,48.59,64.065,0.040194708,-0.280666709,unknown,adult,-0.183570616,-0.318122431,0.11323481,0.05777845,0.000272721,-0.000560442,0.526792649,3.44E-16,-1.94E-10,3.27E-15,-0.707106797,1.48E-16,1.14E-10,4.24,0.389241016
Chlorocebus_aethiops,GX010509.MP4_2943,1,0.108,-24.3,NA,27.29833333,126.433,119.3656667,55.696,38.934,103.1563333,106.199,75.886,48.97166667,92.655,109.6196667,87.36633333,116.7026667,159.7653333,142.301,129.4086667,68.34266667,133.0336667,168.6466667,97.04166667,54.272,112.9453333,102.9413333,98.536,NA,Jacaranda,135.2481111,107.4147778,113.9723333,71.53116667,26.73166667,23.27666667,62.43066667,21.67333334,30.87266667,31.67033333,0.088596723,-0.411514359,unknown,adult,-0.183570616,-0.318122431,0.11323481,0.05777845,0.000272721,-0.000560442,0.526792649,3.44E-16,-1.94E-10,3.27E-15,-0.707106797,1.48E-16,1.14E-10,4.24,0.667270313
Chlorocebus_aethiops,GX010510.MP4_9933,1,0.097,37.3,NA,52.66466667,130.655,85.42266667,82.85833333,47.81733333,104.008,53.95166667,101.466,94.988,124.6956667,134.9046667,129.0833333,83.90366667,105.7693333,159.9233333,117.0316667,46.11966667,94.76233333,133.2876667,98.597,26.21033333,133.4793333,148.6983333,48.12566667,NA,Jacaranda,111.337,119.7862222,82.57866667,105.9708333,11.007,26.647,57.69333333,42.32333333,68.906,46.22499997,0.204526519,0.6059884,unknown,adult,-0.183570616,-0.318122431,0.11323481,0.05777845,0.000272721,-0.000560442,0.526792649,3.44E-16,-1.94E-10,3.27E-15,-0.707106797,1.48E-16,1.14E-10,4.24,0.599307596
Chlorocebus_aethiops,GX010511.MP4_772,1,0.097,-37.3,NA,28.93066667,148.4796667,123.6873333,44.12933333,28.639,61.04333333,77.69866667,94.98966667,20.68066667,54.41,74.216,79.844,106.7753333,151.38,148.067,126.7773333,61.37533333,126.2926667,124.1823333,96.03133333,39.29966667,102.8746667,136.9793333,93.159,NA,Jacaranda,126.8491111,87.97766667,109.9681667,61.98666667,25.08733333,87.43633333,67.47566667,8.25,33.61833333,35.71466667,0.204526519,-0.6059884,unknown,adult,-0.183570616,-0.318122431,0.11323481,0.05777845,0.000272721,-0.000560442,0.526792649,3.44E-16,-1.94E-10,3.27E-15,-0.707106797,1.48E-16,1.14E-10,4.24,0.599307596
Chlorocebus_aethiops,GX010514.MP4_3756,1,0.063,16.3,NA,29.57766667,123.6833333,100.686,61.173,28.02466667,104.5213333,81.65833333,68.61566667,68.355,91.359,107.6273333,120.0126667,96.927,126.4873333,144.569,125.1033333,71.47233333,113.3843333,129.3763333,107.1256667,22.82,118.793,121.2216667,56.54866667,0.000168846,Psidium_guajava,119.5548889,106.5212222,90.826,90.59283333,13.103,19.162,74.107,38.77733333,68.55466667,58.8396667,0.040194708,0.280666709,unknown,adult,-0.183570616,-0.318122431,0.11323481,0.05777845,0.000272721,-0.000560442,0.526792649,3.44E-16,-1.94E-10,3.27E-15,-0.707106797,1.48E-16,1.14E-10,4.24,0.389241016
Chlorocebus_aethiops,GX010514.MP4_3756,2,0.063,16.3,NA,28.702,126.3423333,106.6946667,55.93766667,41.77966667,114.7896667,92.62766667,80.71966667,66.49433333,80.82033333,75.43466667,117.457,108.347,130.038,150.8056667,137.193,55.80166667,114.2106667,127.621,92.10166667,24.155,111.5936667,113.401,65.53133333,0.000168846,Psidium_guajava,118.6141111,107.3174444,101.3621667,86.69733333,15.82733333,11.55266667,84.192,37.79233333,71.66166667,61.51933333,0.040194708,0.280666709,unknown,adult,-0.183570616,-0.318122431,0.11323481,0.05777845,0.000272721,-0.000560442,0.526792649,3.44E-16,-1.94E-10,3.27E-15,-0.707106797,1.48E-16,1.14E-10,4.24,0.389241016
Chlorocebus_aethiops,GX010514.MP4_3756,3,0.063,16.3,NA,21.91433333,117.4473333,104.858,57.83333333,50.01033333,108.1236667,89.41566667,86.786,70.68533333,87.836,111.9463333,119.526,101.2606667,123.5066667,149.065,132.412,55.18166667,107.76,129.6796667,96.337,22.006,116.2796667,116.951,55.26866667,0.000168846,Psidium_guajava,115.8487778,104.469,93.84033333,88.67966667,15.74666667,9.323666667,79.25466667,48.771,77.14333333,61.69266667,0.040194708,0.280666709,f,mom,-0.183570616,-0.318122431,0.11323481,0.05777845,0.000272721,-0.000560442,0.526792649,3.44E-16,-1.94E-10,3.27E-15,-0.707106797,1.48E-16,1.14E-10,4.24,0.389241016
Chlorocebus_aethiops,GX010520.MP4_2052,1,0.063,-16.3,NA,36.711,135.2326667,116.128,62.73833333,50.25933333,123.9146667,103.9413333,80.876,86.66433333,103.5726667,102.777,126.5196667,94.08066667,137.4326667,160.4263333,114.8393333,73.76266667,130.891,136.2156667,98.28633333,34.43166667,121.71,146.354,63.98666667,0.000168846,Psidium_guajava,130.0112222,120.9066667,89.413,94.629,6.541666667,11.318,59.649,49.95333333,50.85266667,63.78133337,0.040194708,-0.280666709,f,mom,-0.183570616,-0.318122431,0.11323481,0.05777845,0.000272721,-0.000560442,0.526792649,3.44E-16,-1.94E-10,3.27E-15,-0.707106797,1.48E-16,1.14E-10,4.24,0.389241016
Chlorocebus_aethiops,GX010520.MP4_2052,2,0.063,-16.3,NA,39.59866667,132.9633333,101.4413333,64.329,57.46166667,121.8796667,91.54966667,89.24133333,69.015,92.70066667,98.12466667,117.089,99.12066667,141.1606667,134.5516667,120.133,64.39766667,133.3276667,115.0353333,90.699,34.00633333,124.328,148.7176667,60.87766667,0.000168846,Psidium_guajava,132.9387778,115.8478889,90.50533333,90.709,7.833,11.08366667,65.11433333,29.41633333,59.25533333,52.76,0.040194708,-0.280666709,f,mom,-0.183570616,-0.318122431,0.11323481,0.05777845,0.000272721,-0.000560442,0.526792649,3.44E-16,-1.94E-10,3.27E-15,-0.707106797,1.48E-16,1.14E-10,4.24,0.389241016
Chlorocebus_aethiops,GX010520.MP4_2052,3,0.063,-16.3,NA,58.91833333,154.4606667,111.4003333,72.54066667,62.62033333,142.4523333,81.417,84.49866667,70.77333333,73.17433333,76.274,134.5126667,88.06333333,145.921,137.241,106.3773333,78.60066667,150.075,117.3053333,93.40333333,44.94633333,142.8216667,NA,65.641,0.000168846,Psidium_guajava,146.2725556,123.3624444,86.00916667,103.5266667,-4.154,12.00833333,43.117,11.855,40.73633333,61.97200003,0.040194708,-0.280666709,f,mom,-0.183570616,-0.318122431,0.11323481,0.05777845,0.000272721,-0.000560442,0.526792649,3.44E-16,-1.94E-10,3.27E-15,-0.707106797,1.48E-16,1.14E-10,4.24,0.389241016
Chlorocebus_aethiops,GX014876.MP4_680 (left),1,0.035,-16.1,NA,26.86233333,111.4076667,102.0246667,60.155,35.30766667,107.232,NA,74.944,43.77566667,69.403,90.50666667,107.3883333,110.193,142.809,169.7843333,129.8156667,44.98033333,115.5806667,132.572,84.363,35.12066667,113.2846667,157.8896667,77.45233333,NA,Scolopia,123.8914444,96.01422222,103.634,83.77166667,27.22833333,4.175666667,75.07233333,16.91333334,52.36333333,47.2333333,0.039220846,-0.277314653,unknown,adult,-0.183570616,-0.318122431,0.11323481,0.05777845,0.000272721,-0.000560442,0.526792649,3.44E-16,-1.94E-10,3.27E-15,-0.707106797,1.48E-16,1.14E-10,4.24,0.216245009
Chlorocebus_aethiops,GX014876.MP4_717 (right),1,0.035,-16.1,NA,21.41933333,115.5943333,123.8333333,52.45166667,32.686,96.001,99.64233333,87.975,39.37366667,58.97333333,76.19333333,117.365,93.33633333,106.4066667,NA,135.0233333,46.97166667,108.6463333,NA,88.10266667,16.94533333,86.88633333,170.4873333,63.75133333,NA,Scolopia,100.6464444,90.18955556,99.38733333,84.90833333,-2.239666667,19.59333333,76.391,17.95433334,71.272,64.91333333,0.039220846,-0.277314653,unknown,adult,-0.183570616,-0.318122431,0.11323481,0.05777845,0.000272721,-0.000560442,0.526792649,3.44E-16,-1.94E-10,3.27E-15,-0.707106797,1.48E-16,1.14E-10,4.24,0.216245009
Chlorocebus_aethiops,GX014886.MP4_284,1,0.035,-16.1,NA,29.306,103.896,93.35633333,70.682,41.229,97.60366667,65.69433333,87.77633333,79.132,90.475,112.5663333,121.6773333,84.64266667,112.8153333,168.742,122.913,37.652,98.705,145.3263333,84.40033333,28.357,116.7033333,113.1016667,50.49333333,NA,Scolopia,109.4078889,97.32488889,86.70316667,96.17966667,14.11033333,6.292333333,56.28566667,49.826,72.41966667,50.9953333,0.039220846,-0.277314653,unknown,adult,-0.183570616,-0.318122431,0.11323481,0.05777845,0.000272721,-0.000560442,0.526792649,3.44E-16,-1.94E-10,3.27E-15,-0.707106797,1.48E-16,1.14E-10,4.24,0.216245009
Chlorocebus_aethiops,GX015105.MP4_1,1,0.034,-26.6,NA,39.32,100.1373333,88.60933333,86.42,40.50366667,100.202,86.735,82.77533333,72.67066667,102.5283333,115.931,115.978,113.8786667,147.799,150.875,129.455,54.36666667,112.486,130.2376667,98.07433333,21.67233333,95.173,125.9746667,66.29066667,0.001544494,Acacia_senna,118.486,100.9558889,97.87283333,101.199,35.313,-0.064666667,92.20633333,33.35066667,63.16433333,29.558,0.105845763,-0.447759088,unknown,adult,-0.183570616,-0.318122431,0.11323481,0.05777845,0.000272721,-0.000560442,0.526792649,3.44E-16,-1.94E-10,3.27E-15,-0.707106797,1.48E-16,1.14E-10,4.24,0.21006658
Chlorocebus_aethiops,GX015124.MP4_1367,1,0.036,11.2,NA,37.714,110.3863333,89.69933333,74.947,48.31066667,NA,93.238,81.63466667,94.999,122.0263333,136.2893333,127.1566667,65.01766667,121.019,143.658,100.1026667,56.60233333,124.355,160.664,87.93766667,22.638,118.3293333,157.4013333,60.44733333,NA,Eucalyptus,121.2344444,NA,80.275,101.0518333,-3.336,NA,42.37966667,57.285,39.65533333,52.2096667,0.019044845,0.194234351,f,mom,-0.183570616,-0.318122431,0.11323481,0.05777845,0.000272721,-0.000560442,0.526792649,3.44E-16,-1.94E-10,3.27E-15,-0.707106797,1.48E-16,1.14E-10,4.24,0.222423438
Chlorocebus_aethiops,GX015124.MP4_1367,2,0.036,11.2,NA,31.482,119.593,106.0763333,68.51566667,39.05133333,110.8883333,98.61033333,79.481,67.027,90.886,102.7033333,113.175,82.86333333,131.447,129.645,114.3723333,63.74,114.0626667,119.079,99.66866667,21.48933333,100.5793333,138.8966667,64.97066667,NA,Eucalyptus,115.363,107.1224444,89.6715,90.84533333,17.38433333,8.704666667,61.374,35.545,49.40166667,44.65933333,0.019044845,0.194234351,unknown,adult,-0.183570616,-0.318122431,0.11323481,0.05777845,0.000272721,-0.000560442,0.526792649,3.44E-16,-1.94E-10,3.27E-15,-0.707106797,1.48E-16,1.14E-10,4.24,0.222423438
Chlorocebus_aethiops,GX015124.MP4_1367,3,0.036,11.2,NA,NA,NA,NA,NA,NA,NA,NA,NA,85.37433333,106.6783333,114.4856667,126.517,86.50833333,119.9483333,149.6643333,120.5716667,NA,NA,NA,NA,29.93733333,110.4493333,159.2876667,67.357,NA,Eucalyptus,NA,NA,93.96433333,NA,NA,NA,56.571,NA,53.21466667,NA,0.019044845,0.194234351,unknown,adult,-0.183570616,-0.318122431,0.11323481,0.05777845,0.000272721,-0.000560442,0.526792649,3.44E-16,-1.94E-10,3.27E-15,-0.707106797,1.48E-16,1.14E-10,4.24,0.222423438
Chlorocebus_aethiops,GX015124.MP4_5863,1,0.036,-11.2,NA,36.144,118.2626667,86.46333333,69.05333333,40.79266667,109.1936667,81.64133333,83.37833333,66.80566667,90.30933333,102.9963333,119.667,100.892,135.409,127.2106667,122.8473333,68.05066667,131.6796667,110.286,92.886,29.735,100.251,116.09,74.13533333,NA,Eucalyptus,122.4465556,105.9218889,98.49133333,94.36016667,3.729333333,9.069,71.157,30.66166667,48.712,50.61366667,0.019044845,-0.194234351,unknown,adult,-0.183570616,-0.318122431,0.11323481,0.05777845,0.000272721,-0.000560442,0.526792649,3.44E-16,-1.94E-10,3.27E-15,-0.707106797,1.48E-16,1.14E-10,4.24,0.222423438
Chlorocebus_aethiops,GX015127.MP4_395,1,0.08,-20.9,NA,21.31733333,112.1123333,88.71033333,57.206,26.25266667,105.9076667,67.20066667,70.156,92.331,95.68266667,110.2086667,141.3303333,126.8886667,140.97,174.6426667,146.061,41.29266667,86.31,147.91,94.073,15.232,108.9493333,159.7,58.07966667,NA,Eucalyptus,112.0764444,104.5675556,102.0703333,99.26816667,54.66,6.204666667,111.6566667,71.01366667,87.98133333,84.1243333,0.065795526,-0.356737999,unknown,adult,-0.183570616,-0.318122431,0.11323481,0.05777845,0.000272721,-0.000560442,0.526792649,3.44E-16,-1.94E-10,3.27E-15,-0.707106797,1.48E-16,1.14E-10,4.24,0.494274306
Chlorocebus_aethiops,GX015127.MP4_395,2,0.08,-20.9,NA,NA,NA,NA,NA,42.319,99.928,83.30633333,87.057,NA,NA,NA,NA,117.7526667,NA,154.9023333,136.6806667,55.708,121.7683333,112.7666667,87.173,19.907,115.5513333,174.143,51.99466667,NA,Eucalyptus,NA,NA,94.33766667,NA,NA,NA,97.84566667,NA,84.686,NA,0.065795526,-0.356737999,unknown,adult,-0.183570616,-0.318122431,0.11323481,0.05777845,0.000272721,-0.000560442,0.526792649,3.44E-16,-1.94E-10,3.27E-15,-0.707106797,1.48E-16,1.14E-10,4.24,0.494274306
Eulemur_rubriventer,GX011524.MP4_3915,1,0.029,3.5,3.292,26.15466667,116.0753333,103.979,57.12566667,31.87766667,93.21833333,87.71766667,79.34866667,96.662,123.4783333,125.2326667,125.5713333,91.96866667,142.7946667,143.1816667,110.966,78.26433333,123.597,134.1793333,104.909,39.311,139.5366667,162.2586667,58.913,NA,Macaranga_myriolepidae,135.3094444,110.924,84.9395,91.3485,19.19766667,22.857,52.65766667,70.50733333,52.053,68.44566663,0.001865202,0.06104854,unknown,adult,0.426063601,-0.016732817,0.010894768,0.002350655,-0.005782021,-0.496591843,-0.000351403,-3.26E-16,-8.81E-11,-1.15E-16,1.05E-10,2.92E-16,-0.707106791,1.96,0.231728424
Eulemur_rubriventer,GX011524.MP4_3915,2,0.029,3.5,3.292,17.98366667,113.584,115.297,52.33733333,31.49033333,82.42133333,88.12866667,78.04433333,NA,NA,106.895,NA,123.023,146.4493333,NA,143.6433333,64.906,127.093,NA,100.41,NA,NA,NA,NA,NA,Macaranga_myriolepidae,NA,NA,NA,NA,19.35633333,31.16266667,NA,NA,NA,NA,0.001865202,0.06104854,unknown,adult,0.426063601,-0.016732817,0.010894768,0.002350655,-0.005782021,-0.496591843,-0.000351403,-3.26E-16,-8.81E-11,-1.15E-16,1.05E-10,2.92E-16,-0.707106791,1.96,0.231728424
Eulemur_rubriventer,GX011540.MP4_7533,1,0.036,10.5,4.206,19.227,113.231,95.978,59.96766667,33.54233333,NA,90.93066667,66.292,NA,NA,NA,NA,117.199,146.4356667,147.8346667,133.378,95.61566667,155.4156667,125.019,110.0296667,NA,NA,NA,NA,0.001401625,Psidium_guajava,NA,NA,NA,NA,-8.98,NA,NA,NA,NA,NA,0.016745092,0.182235525,unknown,adult,0.426063601,-0.016732817,0.010894768,0.002350655,-0.005782021,-0.496591843,-0.000351403,-3.26E-16,-8.81E-11,-1.15E-16,1.05E-10,2.92E-16,-0.707106791,1.96,0.287662871
Eulemur_rubriventer,GX011568.MP4_20949,1,0.105,34.3,3.475,14.753,93.307,92.24433333,66.75066667,22.98833333,94.057,95.73933333,74.81866667,109.6883333,NA,121.2666667,134.0513333,98.99433333,132.7156667,128.8783333,125.9026667,33.303,89.848,NA,88.12733333,NA,NA,NA,NA,NA,Dead_vitra,NA,NA,NA,100.401,42.86766667,-0.75,NA,94.9353333,NA,67.30066663,0.173901706,0.563526049,m,adult,0.426063601,-0.016732817,0.010894768,0.002350655,-0.005782021,-0.496591843,-0.000351403,-3.26E-16,-8.81E-11,-1.15E-16,1.05E-10,2.92E-16,-0.707106791,1.96,0.839016707
Eulemur_rubriventer,GX011568.MP4_20949,2,0.105,34.3,3.475,27.198,123.461,86.072,53.97833333,40.62333333,101.0716667,90.83866667,82.862,76.17566667,101.0336667,113.7536667,120.579,49.714,80.37366667,66.35466667,108.7036667,46.57933333,101.2923333,125.203,94.037,27.70866667,94.91633333,175.143,76.52233333,NA,Dead_vitra,92.19411111,108.5221111,92.613,87.27866667,-20.91866667,22.38933333,22.00533333,48.97766667,32.18133333,66.60066667,0.173901706,0.563526049,m,adult,0.426063601,-0.016732817,0.010894768,0.002350655,-0.005782021,-0.496591843,-0.000351403,-3.26E-16,-8.81E-11,-1.15E-16,1.05E-10,2.92E-16,-0.707106791,1.96,0.839016707
Eulemur_rubriventer,GX011568.MP4_20949,3,0.105,34.3,3.475,30.829,117.589,89.37133333,59.588,25.67,103.525,93.93266667,65.82633333,86.467,125.587,106.918,117.9163333,58.77666667,91.77266667,102.3046667,113.4283333,50.009,85.308,134.2913333,103.3373333,11.45466667,113.5866667,153.946,53.65933333,NA,Dead_vitra,96.88911111,115.567,83.54383333,88.75216667,6.464666667,14.064,47.322,55.638,59.769,58.3283333,0.173901706,0.563526049,m,adult,0.426063601,-0.016732817,0.010894768,0.002350655,-0.005782021,-0.496591843,-0.000351403,-3.26E-16,-8.81E-11,-1.15E-16,1.05E-10,2.92E-16,-0.707106791,1.96,0.839016707
Eulemur_rubriventer,GX011568.MP4_20949,4,0.105,34.3,3.475,13.626,103.6666667,70.468,51.72233333,14.318,95.54,69.48633333,59.04233333,45.44966667,94.40333333,92.82333333,93.33766667,79.239,122.5273333,111.241,114.9423333,22.50733333,59.97433333,128.252,117.259,9.797333333,115.35,128.3493333,44.38633333,NA,Dead_vitra,99.28388889,97.87,79.66433333,72.53,62.553,8.126666667,69.44166667,31.82366667,70.556,41.61533334,0.173901706,0.563526049,m,adult,0.426063601,-0.016732817,0.010894768,0.002350655,-0.005782021,-0.496591843,-0.000351403,-3.26E-16,-8.81E-11,-1.15E-16,1.05E-10,2.92E-16,-0.707106791,1.96,0.839016707
Eulemur_rubriventer,GX011578.MP4_3749,1,0.042,-7.3,6.401,10.578,104.6996667,80.08533333,45.045,15.69133333,72.41033333,40.56833333,84.91966667,99.797,138.2486667,NA,125.885,92.63333333,123.7203333,150.2123333,129.7533333,30.02366667,69.503,126.8063333,113.9783333,22.62933333,140.3743333,144.9253333,41.30766667,0.000872678,Psidium_guajava,111.1992222,105.1195556,85.5305,85.465,54.21733333,32.28933333,70.004,89.219,88.44566667,80.84,0.008105557,-0.127064609,m,adult,0.426063601,-0.016732817,0.010894768,0.002350655,-0.005782021,-0.496591843,-0.000351403,-3.26E-16,-8.81E-11,-1.15E-16,1.05E-10,2.92E-16,-0.707106791,1.96,0.335606683
Eulemur_rubriventer,GX011578.MP4_3749,2,0.042,-7.3,6.401,8.630666667,134.2333333,128.047,32.20566667,16.83266667,43.102,32.212,96.89266667,17.35333333,28.991,79.67233333,90.27166667,137.335,154.1523333,149.7363333,150.969,NA,NA,NA,NA,3.959,98.95266667,141.5906667,44.52533333,0.000872678,Psidium_guajava,NA,68.77544444,97.74716667,61.23866667,NA,91.13133333,133.376,8.722666663,106.4436667,58.066,0.008105557,-0.127064609,m,adult,0.426063601,-0.016732817,0.010894768,0.002350655,-0.005782021,-0.496591843,-0.000351403,-3.26E-16,-8.81E-11,-1.15E-16,1.05E-10,2.92E-16,-0.707106791,1.96,0.335606683
Eulemur_rubriventer,GX011605.MP4_1,1,0.053,23.1,7.023,27.56066667,121.3346667,90.994,57.883,32.71766667,96.80033333,87.42433333,76.36,47.46766667,84.89433333,104.4976667,104.7263333,125.351,157.3486667,142.065,138.589,59.79666667,114.2846667,114.152,100.084,38.21033333,132.269,159.2973333,69.71333333,0.00085001,Lepidagathis,134.6341111,101.0097778,104.1511667,81.30466667,43.064,24.53433333,87.14066667,19.907,68.87566667,46.8433333,0.080178503,0.392337117,f,adult,0.426063601,-0.016732817,0.010894768,0.002350655,-0.005782021,-0.496591843,-0.000351403,-3.26E-16,-8.81E-11,-1.15E-16,1.05E-10,2.92E-16,-0.707106791,1.96,0.423503671
Eulemur_rubriventer,GX015894.MP4_2105,1,0.026,32.4,5.486,NA,NA,NA,NA,NA,NA,NA,NA,NA,NA,NA,NA,31.921,49.14666667,150.5723333,140.8003333,34.285,77.774,115.9226667,110.4633333,NA,75.64466667,149.421,NA,0.002693603,Weinmannia_rutenbergii,67.52177778,NA,NA,NA,-28.62733333,NA,NA,NA,NA,NA,0.155672074,0.535826795,unknown,adult,0.426063601,-0.016732817,0.010894768,0.002350655,-0.005782021,-0.496591843,-0.000351403,-3.26E-16,-8.81E-11,-1.15E-16,1.05E-10,2.92E-16,-0.707106791,1.96,0.207756518
Eulemur_rubriventer,GX015905.MP4_4539,1,0.086,9.9,2.195,24.452,154.126,NA,34.13,NA,NA,NA,NA,79.39,NA,NA,NA,91.063,108.0333333,NA,137.804,65.06533333,100.771,NA,115.4333333,48.66266667,102.413,NA,99.92266667,0.000877771,Ficus_tilifolia,103.7391111,NA,118.8633333,NA,7.262333333,NA,42.40033333,54.938,37.88133333,NA,0.014890674,0.1719291,f,adult,0.426063601,-0.016732817,0.010894768,0.002350655,-0.005782021,-0.496591843,-0.000351403,-3.26E-16,-8.81E-11,-1.15E-16,1.05E-10,2.92E-16,-0.707106791,1.96,0.687194636
Eulemur_rubriventer,GX015905.MP4_4539,2,0.086,9.9,2.195,32.28266667,144.6776667,NA,46.37733333,35.111,144.945,NA,50.23333333,82.149,NA,NA,NA,62.49666667,85.928,137.3763333,121.6126667,67.427,97.38,NA,118.7253333,33.49933333,94.74633333,NA,95.03366667,0.000877771,Ficus_tilifolia,92.68477778,NA,108.3231667,NA,-11.452,-0.267333333,28.99733333,49.86633333,26.579,NA,0.014890674,0.1719291,f,adult,0.426063601,-0.016732817,0.010894768,0.002350655,-0.005782021,-0.496591843,-0.000351403,-3.26E-16,-8.81E-11,-1.15E-16,1.05E-10,2.92E-16,-0.707106791,1.96,0.687194636
Eulemur_rubriventer,GX015905.MP4_4539,3,0.086,9.9,2.195,24.196,149.3813333,NA,37.57233333,43.87633333,NA,NA,NA,51.66033333,99.3,86.668,73.57266667,69.57633333,90.179,157.712,133.2056667,54.73733333,87.445,136.9526667,118.1146667,24.70766667,85.38266667,NA,80.22033333,0.000877771,Ficus_tilifolia,87.66888889,NA,106.713,55.5725,2.734,NA,44.86866667,27.46433333,52.98533333,36.00033334,0.014890674,0.1719291,f,adult,0.426063601,-0.016732817,0.010894768,0.002350655,-0.005782021,-0.496591843,-0.000351403,-3.26E-16,-8.81E-11,-1.15E-16,1.05E-10,2.92E-16,-0.707106791,1.96,0.687194636
Eulemur_rubriventer,GX015905.MP4_5182,1,0.086,9.9,2.195,29.24766667,133.568,NA,51.522,48.34566667,146.0673333,NA,66.17133333,NA,NA,NA,NA,89.772,114.5383333,NA,128.4353333,71.29366667,104.6326667,NA,116.245,NA,NA,NA,NA,0.000877771,Ficus_tilifolia,NA,NA,NA,NA,9.905666667,-12.49933333,NA,NA,NA,NA,0.014890674,0.1719291,m,adult,0.426063601,-0.016732817,0.010894768,0.002350655,-0.005782021,-0.496591843,-0.000351403,-3.26E-16,-8.81E-11,-1.15E-16,1.05E-10,2.92E-16,-0.707106791,1.96,0.687194636
Eulemur_rubriventer,GX015905.MP4_5182,2,0.086,9.9,2.195,22.84433333,154.074,138.8593333,38.146,NA,NA,NA,NA,46.10433333,71.813,82.952,77.20933333,89.17566667,106.8306667,170.8616667,132.5166667,35.83033333,85.50166667,137.4613333,98.33366667,20.47933333,82.66066667,NA,71.19566667,0.000877771,Ficus_tilifolia,91.66433333,NA,101.8561667,57.67766667,21.329,NA,68.69633333,23.26,61.321,39.06333333,0.014890674,0.1719291,m,adult,0.426063601,-0.016732817,0.010894768,0.002350655,-0.005782021,-0.496591843,-0.000351403,-3.26E-16,-8.81E-11,-1.15E-16,1.05E-10,2.92E-16,-0.707106791,1.96,0.687194636
Eulemur_rubriventer,GX015936.MP4_5649_rightindiv,1,0.023,-27.8,3.932,28.709,119.0863333,76.926,67.13233333,34.62566667,110.42,75.18933333,81.28833333,85.00433333,137.8593333,153.4706667,109.2096667,127.1426667,NA,126.7423333,135.9136667,84.43333333,128.7946667,109.3093333,117.4986667,NA,NA,NA,NA,NA,Mycronychia,NA,122.4552222,NA,88.171,NA,8.666333333,NA,56.29533333,NA,42.07733337,0.115419025,-0.46638664,unknown,adult,0.426063601,-0.016732817,0.010894768,0.002350655,-0.005782021,-0.496591843,-0.000351403,-3.26E-16,-8.81E-11,-1.15E-16,1.05E-10,2.92E-16,-0.707106791,1.96,0.183784612
Eulemur_rubriventer,GX016011.MP4_461,1,0.03,14.8,7.297,30.74833333,114.0866667,105.6636667,66.99233333,22.19466667,79.52533333,98.79066667,77.94333333,93.81666667,136.3933333,142.1003333,121.401,NA,79.171,131.3376667,NA,30.873,75.46333333,NA,96.402,3.146333333,115.1203333,NA,43.98566667,0.003732291,Cryptocarya_acuminata,89.91822222,110.0017778,NA,94.19666667,3.707666667,34.56133333,NA,63.06833334,NA,54.40866667,0.033176611,0.255445758,f,adult,0.426063601,-0.016732817,0.010894768,0.002350655,-0.005782021,-0.496591843,-0.000351403,-3.26E-16,-8.81E-11,-1.15E-16,1.05E-10,2.92E-16,-0.707106791,1.96,0.239719059
Eulemur_rufifrons,GX011307.MP4_6427,1,0.04,15.4,9.784,26.28766667,95.21533333,71.41533333,66.968,31.57466667,78.23866667,59.11866667,93.24133333,105.3846667,122.698,70.34466667,146.4266667,76.33266667,115.7613333,139.383,131.6616667,43.63166667,86.88033333,142.6713333,91.80533333,25.59733333,135.6976667,NA,45.21566667,0.00234562,Cryptocarya_acuminata,112.7797778,98.71733333,88.43866667,106.6973333,28.881,16.97666667,50.73533333,79.09700003,86.446,79.4586667,0.035904596,0.265556117,unknown,adult,0.426063602,-0.016732818,0.010894768,0.002350655,-0.005782022,-0.496591869,-0.000351403,-3.96E-16,-8.81E-11,2.78E-16,1.05E-10,-1.92E-16,0.707106772,2.215,0.306856562
Eulemur_rufifrons,GX011447.MP4_3093,1,0.055,-38.7,15.527,16.74233333,124.3513333,116.5353333,46.666,19.02833333,90.95033333,98.20333333,73.34833333,39.59066667,106.9533333,91.983,78.52166667,51.684,77.764,168.0403333,130.161,25.979,74.10633333,109.186,100.178,29.00266667,100.0186667,141.5983333,71.499,NA,Volomborona,83.963,107.4183333,100.83,62.59383333,3.657666667,33.401,22.68133333,22.84833334,58.662,31.85566667,0.219569593,-0.625242656,unknown,adult,0.426063602,-0.016732818,0.010894768,0.002350655,-0.005782022,-0.496591869,-0.000351403,-3.96E-16,-8.81E-11,2.78E-16,1.05E-10,-1.92E-16,0.707106772,2.215,0.421927772
Eulemur_rufifrons,GX011447.MP4_3093,2,0.055,-38.7,15.527,22.241,81.73733333,66.28066667,66.47333333,29.194,74.62966667,63.28966667,90.725,34.01666667,72.65166667,82.285,123.579,NA,NA,NA,NA,NA,NA,NA,NA,NA,NA,NA,NA,NA,Volomborona,NA,76.33955556,NA,95.02616667,NA,7.107666667,NA,11.77566667,NA,57.10566667,0.219569593,-0.625242656,unknown,adult,0.426063602,-0.016732818,0.010894768,0.002350655,-0.005782022,-0.496591869,-0.000351403,-3.96E-16,-8.81E-11,2.78E-16,1.05E-10,-1.92E-16,0.707106772,2.215,0.421927772
Eulemur_rufifrons,GX011459.MP4_5005,1,0.056,37.7,20.208,18.77,94.871,70.037,69.06533333,19.77033333,74.39166667,39.447,91.275,97.501,127.8876667,NA,131.2453333,73.57266667,94.26133333,138.9706667,135.3103333,36.36833333,75.08533333,120.2416667,98.87733333,18.62366667,138.1723333,NA,36.69233333,0.001115602,Cryptocarya_acuminata,102.5063333,99.05011111,86.00133333,100.1553333,19.176,20.47933333,54.949,78.731,98.618,62.17999997,0.208776467,0.61152704,f,adult,0.426063602,-0.016732818,0.010894768,0.002350655,-0.005782022,-0.496591869,-0.000351403,-3.96E-16,-8.81E-11,2.78E-16,1.05E-10,-1.92E-16,0.707106772,2.215,0.429599186
Eulemur_rufifrons,GX011459.MP4_5005,2,0.076,37.7,20.208,12.122,92.36533333,NA,58.827,61.82066667,60.86666667,61.54933333,61.44833333,116.1006667,147.325,NA,131.2123333,71.56833333,104.818,NA,119.1896667,NA,92.006,NA,NA,8.172666667,124.0693333,NA,36.53033333,0.00044063,Cryptocarya_acuminata,106.9644444,100.1856667,77.86,95.01966667,12.812,31.49866667,63.39566667,103.9786667,82.65933333,72.3853333,0.208776467,0.61152704,f,adult,0.426063602,-0.016732818,0.010894768,0.002350655,-0.005782022,-0.496591869,-0.000351403,-3.96E-16,-8.81E-11,2.78E-16,1.05E-10,-1.92E-16,0.707106772,2.215,0.583027467
Eulemur_rufifrons,GX011459.MP4_5005,3,0.076,37.7,20.208,10.85533333,96.28533333,79.44466667,57.29533333,21.116,77.19666667,59.674,83.72166667,NA,139.9073333,NA,NA,73.58766667,100.1763333,142.8973333,144.1833333,30.90933333,71.92366667,118.7096667,102.255,22.691,134.9166667,159.5806667,40.27933333,0.00044063,Cryptocarya_acuminata,102.3388889,104.4631111,92.23133333,NA,28.25266667,19.08866667,50.89666667,NA,103.904,NA,0.208776467,0.61152704,f,adult,0.426063602,-0.016732818,0.010894768,0.002350655,-0.005782022,-0.496591869,-0.000351403,-3.96E-16,-8.81E-11,2.78E-16,1.05E-10,-1.92E-16,0.707106772,2.215,0.583027467
Eulemur_rufifrons,GX011460.MP4_5118,1,0.056,37.7,20.208,26.36066667,109.8886667,72.78366667,63.24566667,25.54466667,81.34866667,42.46766667,93.02333333,110.027,150.2163333,NA,130.5133333,34.121,43.20666667,152.4383333,139.7826667,16.22333333,40.58933333,NA,115.6403333,17.724,143.7266667,NA,36.163,0.001115602,Cryptocarya_acuminata,75.84088889,113.8178889,87.97283333,96.8795,2.617333333,28.54,16.397,83.66633333,103.6196667,67.26766663,0.208776467,0.61152704,f,adult,0.426063602,-0.016732818,0.010894768,0.002350655,-0.005782022,-0.496591869,-0.000351403,-3.96E-16,-8.81E-11,2.78E-16,1.05E-10,-1.92E-16,0.707106772,2.215,0.429599186
Eulemur_rufifrons,GX011460.MP4_5118,2,0.056,37.7,20.208,40.809,117.6983333,NA,69.88366667,34.439,91.612,NA,86.591,NA,NA,NA,NA,32.66733333,61.49033333,137.715,123.7756667,28.51133333,69.22333333,NA,105.2686667,24.88966667,150.1996667,NA,42.29366667,0.001115602,Cryptocarya_acuminata,93.63777778,NA,83.03466667,NA,-7.733,26.08633333,7.777666667,NA,81.482,NA,0.208776467,0.61152704,f,adult,0.426063602,-0.016732818,0.010894768,0.002350655,-0.005782022,-0.496591869,-0.000351403,-3.96E-16,-8.81E-11,2.78E-16,1.05E-10,-1.92E-16,0.707106772,2.215,0.429599186
Eulemur_rufifrons,GX011460.MP4_5118,3,0.056,37.7,20.208,17.70166667,100.344,NA,60.128,17.681,92.60666667,44.34133333,66.506,48.75966667,81.145,NA,112.8413333,27.273,60.528,NA,98.875,NA,NA,NA,NA,NA,NA,NA,NA,0.001115602,Cryptocarya_acuminata,NA,91.36522222,NA,86.48466667,NA,7.737333333,NA,31.058,NA,52.7133333,0.208776467,0.61152704,f,adult,0.426063602,-0.016732818,0.010894768,0.002350655,-0.005782022,-0.496591869,-0.000351403,-3.96E-16,-8.81E-11,2.78E-16,1.05E-10,-1.92E-16,0.707106772,2.215,0.429599186
Eulemur_rufifrons,GX011461.MP4_5328,1,0.056,-37.7,20.208,24.00833333,147.2023333,108.253,40.95733333,33.08533333,93.943,58.26333333,81.107,51.209,93.712,64.34366667,114.9836667,NA,NA,NA,NA,42.60866667,91.97633333,NA,103.0436667,19.60966667,111.2316667,149.3963333,52.59833333,0.001115602,Cryptocarya_acuminata,NA,111.6191111,NA,77.9705,NA,53.25933333,NA,27.20066667,NA,74.02633337,0.208776467,-0.61152704,unknown,adult,0.426063602,-0.016732818,0.010894768,0.002350655,-0.005782022,-0.496591869,-0.000351403,-3.96E-16,-8.81E-11,2.78E-16,1.05E-10,-1.92E-16,0.707106772,2.215,0.429599186
Eulemur_rufifrons,GX011461.MP4_5328,2,0.056,-37.7,20.208,16.557,142.749,105.9936667,35.84466667,24.043,72.37266667,46.40766667,85.66133333,NA,74.58866667,58.47633333,NA,NA,NA,NA,NA,42.52833333,87.62333333,NA,102.1443333,34.07833333,115.9336667,142.2923333,62.10833333,0.001115602,Cryptocarya_acuminata,NA,96.57011111,NA,NA,NA,70.37633333,NA,NA,NA,NA,0.208776467,-0.61152704,unknown,adult,0.426063602,-0.016732818,0.010894768,0.002350655,-0.005782022,-0.496591869,-0.000351403,-3.96E-16,-8.81E-11,2.78E-16,1.05E-10,-1.92E-16,0.707106772,2.215,0.429599186
Eulemur_rufifrons,GX011463.MP4_54,1,0.029,-20.4,22.22,23.23166667,118.4703333,75.736,56.398,31.26333333,89.89566667,58.322,81.72766667,77.78066667,106.3146667,96.31433333,124.849,47.557,64.97533333,154.104,137.5413333,34.54966667,76.575,133.698,101.9683333,17.50966667,116.752,161.1246667,57.15866667,0.003909734,Cryptocarya_acuminata,86.10077778,104.8935556,97.35,90.6235,-11.59966667,28.57466667,30.04733333,54.549,80.38266667,68.451,0.062718011,-0.348572047,unknown,adult,0.426063602,-0.016732818,0.010894768,0.002350655,-0.005782022,-0.496591869,-0.000351403,-3.96E-16,-8.81E-11,2.78E-16,1.05E-10,-1.92E-16,0.707106772,2.215,0.222471007
Eulemur_rufifrons,GX011513.MP4_479,1,0.05,10.7,17.374,17.90966667,127.6916667,94.39933333,47.15166667,18.24266667,95.51566667,74.741,62.89766667,NA,97.223,88.66433333,NA,NA,NA,NA,NA,40.41933333,89.752,128.9833333,97.219,25.02966667,119.2696667,146.118,57.88033333,0.001504153,Ficus_tilifolia,NA,106.8101111,NA,NA,NA,32.176,NA,NA,NA,NA,0.017387203,0.185666615,unknown,adult,0.426063602,-0.016732818,0.010894768,0.002350655,-0.005782022,-0.496591869,-0.000351403,-3.96E-16,-8.81E-11,2.78E-16,1.05E-10,-1.92E-16,0.707106772,2.215,0.383570702
Eulemur_rufifrons,GX015863.MP4_16803,1,0.023,-20.7,17.465,10.90833333,98.37233333,93.72433333,53.426,21.48766667,73.75366667,101.5056667,89.04933333,NA,132.334,115.3526667,NA,82.05666667,111,134.0623333,130.459,44.66366667,70.391,120.9933333,113.8766667,23.41566667,130.5773333,NA,49.942,0.002252812,Ficus_tilifolia,103.9894444,101.4866667,90.2005,NA,40.609,24.61866667,58.641,NA,80.517,NA,0.064555969,-0.353474844,unknown,adult,0.426063602,-0.016732818,0.010894768,0.002350655,-0.005782022,-0.496591869,-0.000351403,-3.96E-16,-8.81E-11,2.78E-16,1.05E-10,-1.92E-16,0.707106772,2.215,0.176442523
Hapalemur_aureus,GX011295.MP4_1,1,0.027,-19,2.103,32.95666667,53.59066667,86.99,48.96,6.883666667,34.219,58.04566667,80.34266667,93.77533333,119.9223333,105.8633333,126.66,18.558,69.123,138.011,100.8803333,19.75766667,62.878,131.9043333,89.032,5.485666667,76.08266667,141.111,48.76,NA,Garcinia_tsaratanensis,69.36122222,69.244,74.82016667,87.81,6.245,19.37166667,13.07233333,60.81866666,52.12033333,77.7,0.054481424,-0.325568154,unknown,adult,0.418330776,-0.016119079,0.001196969,0.000163995,0.00311816,0.503288467,0.000708107,3.04E-16,-1.63E-10,0.707106781,1.49E-10,-5.95E-16,8.81E-09,1.455,0.238273695
Hapalemur_aureus,GX011296.MP4_486,1,0.027,-19,2.103,9.627333333,72.02966667,76.768,62.72766667,2.231,65.82,67.77133333,72.46166667,48.62866667,74.17066667,90.528,113.2446667,21.41533333,53.79966667,NA,94.07533333,24.08666667,57.59,NA,98.95366667,6.125666667,93.648,160.6283333,56.27033333,NA,Garcinia_tsaratanensis,68.34588889,70.67344444,75.17283333,87.98616667,-3.790333333,6.209666667,15.28966667,39.00133334,37.805,50.51700003,0.054481424,-0.325568154,unknown,adult,0.418330776,-0.016119079,0.001196969,0.000163995,0.00311816,0.503288467,0.000708107,3.04E-16,-1.63E-10,0.707106781,1.49E-10,-5.95E-16,8.81E-09,1.455,0.238273695
Hapalemur_aureus,GX011296.MP4_486,2,0.027,-19,2.103,4.173,79.617,72.09833333,54.84666667,3.458333333,66.53733333,69.21433333,67.98866667,30.38833333,54.998,86.109,110.254,27.92966667,47.21133333,NA,107.851,19.88933333,45.81533333,NA,101.746,NA,NA,NA,NA,NA,Garcinia_tsaratanensis,NA,67.05077778,NA,82.55033333,1.396,13.07966667,NA,26.21533333,NA,55.40733333,0.054481424,-0.325568154,unknown,adult,0.418330776,-0.016119079,0.001196969,0.000163995,0.00311816,0.503288467,0.000708107,3.04E-16,-1.63E-10,0.707106781,1.49E-10,-5.95E-16,8.81E-09,1.455,0.238273695
Hapalemur_aureus,GX011369.MP4_6129,1,0.016,36.9,5.157,NA,76.779,102.9513333,NA,12.213,67.834,81.20566667,76.20366667,93.30133333,99.85,93.076,139.667,52.13066667,80.45133333,170.8193333,129.5643333,26.46633333,72.80333333,132.9526667,88.07133333,13.14566667,110.2843333,152.4616667,47.15,0.007151222,Cryptocarya_acuminata,87.84633333,81.48766667,88.35716667,NA,7.648,8.945,38.985,NA,82.41433333,NA,0.200315342,0.600420225,unknown,adult,0.418330776,-0.016119079,0.001196969,0.000163995,0.00311816,0.503288467,0.000708107,3.04E-16,-1.63E-10,0.707106781,1.49E-10,-5.95E-16,8.81E-09,1.455,0.141199227
Hapalemur_aureus,GX011369.MP4_6129,2,0.016,36.9,5.157,12.04733333,87.748,94.451,76.66566667,7.446,60.57666667,90.30433333,83.83533333,NA,131.1943333,131.8163333,NA,106.1286667,127.4346667,151.385,142.462,26.539,77.41333333,127.0746667,99.53833333,19.20266667,76.97733333,150.306,54.349,0.007151222,Cryptocarya_acuminata,93.94177778,93.173,98.4055,NA,50.02133333,27.17133333,86.926,NA,88.113,NA,0.200315342,0.600420225,unknown,adult,0.418330776,-0.016119079,0.001196969,0.000163995,0.00311816,0.503288467,0.000708107,3.04E-16,-1.63E-10,0.707106781,1.49E-10,-5.95E-16,8.81E-09,1.455,0.141199227
Hapalemur_aureus,GX011421.MP4_3329,1,0.032,0.4,4.206,5.358666667,86.12566667,84.46966667,47.581,11.33133333,62.938,64.583,77.044,43.32633333,70.465,70.96766667,117.6783333,NA,NA,NA,NA,18.356,54.471,135.8623333,105.55,23.09366667,78.83733333,131.0453333,34.46,0.002670849,Cathariostachys_madagascarensis,NA,73.17622222,NA,82.62966667,NA,23.18766667,NA,37.96766666,NA,70.0973333,2.44E-05,0.00698126,unknown,adult,0.418330776,-0.016119079,0.001196969,0.000163995,0.00311816,0.503288467,0.000708107,3.04E-16,-1.63E-10,0.707106781,1.49E-10,-5.95E-16,8.81E-09,1.455,0.282398453
Hapalemur_aureus,GX011437.MP4_10056,1,0.029,27.4,4.023,6.462333333,102.738,NA,47.12733333,34.39133333,126.5966667,127.8546667,71.85533333,87.56266667,118.2813333,110.0226667,114.2106667,67.28166667,88.23766667,154.6623333,131.363,36.408,79.534,172.9136667,96.385,23.93833333,100.6766667,NA,79.086,0.00305402,Strongylodon_craveniae_liana,89.48277778,115.872,105.2245,80.669,8.703666667,-23.85866667,43.34333333,81.10033334,52.277,67.08333337,0.112184615,0.460199785,unknown,adult,0.418330776,-0.016119079,0.001196969,0.000163995,0.00311816,0.503288467,0.000708107,3.04E-16,-1.63E-10,0.707106781,1.49E-10,-5.95E-16,8.81E-09,1.455,0.255923598
Hapalemur_aureus,GX015734.MP4_3792,1,0.047,-21.5,4.938,4.777,73.28733333,54.03566667,68.38366667,2.926333333,66.78366667,55.28433333,73.23666667,115.613,148.295,121.2383333,132.1863333,67.99633333,77.287,162.3473333,157.6146667,27.10966667,48.97266667,154.2916667,119.9263333,10.48333333,108.089,NA,50.524,0.001169092,Cathariostachys_madagascarensis,78.11622222,96.122,104.0693333,100.285,28.31433333,6.503666667,57.513,110.836,107.0906667,63.80266663,0.069582432,-0.366501227,unknown,adult,0.418330776,-0.016119079,0.001196969,0.000163995,0.00311816,0.503288467,0.000708107,3.04E-16,-1.63E-10,0.707106781,1.49E-10,-5.95E-16,8.81E-09,1.455,0.414772728
Hapalemur_aureus,GX015734.MP4_3792,2,0.047,-21.5,4.938,4.075,72.38333333,64.70866667,65.936,3.718333333,61.62433333,62.44833333,82.84,91.92666667,127.6803333,126.6863333,121.4956667,118.118,133.771,NA,150.9436667,29.64966667,59.34033333,164.3056667,99.684,5.271333333,99.79833333,166.977,43.741,0.001169092,Cathariostachys_madagascarensis,97.63655556,87.22933333,97.34233333,93.71583333,74.43066667,10.759,112.8466667,87.85166667,107.2026667,55.5596667,0.069582432,-0.366501227,unknown,adult,0.418330776,-0.016119079,0.001196969,0.000163995,0.00311816,0.503288467,0.000708107,3.04E-16,-1.63E-10,0.707106781,1.49E-10,-5.95E-16,8.81E-09,1.455,0.414772728
Hapalemur_aureus,GX015819.MP4_1170,1,0.033,-29.4,3.749,7.767,44.386,45.80266667,85.78066667,6.901333333,42.59066667,36.849,97.98566667,NA,NA,NA,NA,NA,NA,NA,NA,9.961,60.02366667,126.3456667,76.06733333,NA,NA,NA,NA,0.002527722,Cathariostachys_madagascarensis,NA,NA,NA,NA,NA,1.795333333,NA,NA,NA,NA,0.128786189,-0.490903754,unknown,adult,0.418330776,-0.016119079,0.001196969,0.000163995,0.00311816,0.503288467,0.000708107,3.04E-16,-1.63E-10,0.707106781,1.49E-10,-5.95E-16,8.81E-09,1.455,0.291223405
Hapalemur_aureus,GX016049.MP4_1,1,0.042,-4.2,8.028,5.233,65.968,83.58466667,78.26933333,24.523,67.71633333,67.248,95.435,103.5816667,126.975,139.1176667,140.927,90.683,114.6516667,163.0286667,136.7503333,22.444,75.38766667,142.2466667,84.53233333,13.876,101.4426667,153.05,56.96866667,0.001692504,Dalbergia,97.16066667,86.88644444,96.8595,109.5981667,39.264,-1.748333333,76.807,98.3486667,79.78166667,62.65766667,0.002685523,-0.073238197,unknown,adult,0.418330776,-0.016119079,0.001196969,0.000163995,0.00311816,0.503288467,0.000708107,3.04E-16,-1.63E-10,0.707106781,1.49E-10,-5.95E-16,8.81E-09,1.455,0.37064797
Hapalemur_aureus,GX016049.MP4_1,2,0.042,-4.2,8.028,3.526333333,73.226,71.21066667,50.90766667,3.236333333,49.917,43.00933333,88.15666667,106.6233333,145.6183333,108.7773333,134.7433333,110.1216667,138.074,NA,136.7303333,23.07833333,82.43433333,123.2886667,87.554,9.743333333,109.5016667,167.385,39.81366667,0.001692504,Dalbergia,110.0033333,89.58711111,88.272,92.8255,55.63966667,23.309,100.3783333,103.097,96.91666667,83.83566663,0.002685523,-0.073238197,unknown,adult,0.418330776,-0.016119079,0.001196969,0.000163995,0.00311816,0.503288467,0.000708107,3.04E-16,-1.63E-10,0.707106781,1.49E-10,-5.95E-16,8.81E-09,1.455,0.37064797
Hapalemur_aureus,GX011446_maybe.MP4_1428,1,0.015,-21.5,3.511,10.35433333,125.5803333,100.5756667,36.86833333,27.58833333,70.529,67.67433333,75.15666667,65.062,91.85666667,72.05066667,123.769,150.54,170.9176667,133.4053333,148.0096667,NA,NA,NA,NA,NA,NA,140.0116667,NA,0.007359607,Psidium_guajava,NA,95.98866667,NA,80.31866667,NA,55.05133333,NA,54.70766667,NA,86.90066667,0.069582432,-0.366501227,unknown,adult,0.418330776,-0.016119079,0.001196969,0.000163995,0.00311816,0.503288467,0.000708107,3.04E-16,-1.63E-10,0.707106781,1.49E-10,-5.95E-16,8.81E-09,1.455,0.132374275
Lagothrix_lagotricha,GOPR0349.MP4_1,1,0.099,-8.5,NA,NA,NA,NA,NA,NA,NA,NA,NA,108.3993333,135.34,118.307,130.5496667,106.4516667,139.317,143.805,127.0013333,56.52133333,127.4,112.7236667,87.611,36.389,NA,156.595,62.72266667,NA,NA,NA,NA,94.862,NA,11.917,NA,70.06266667,NA,64.27866667,NA,0.010984137,-0.147809411,f,mom,-0.158907255,0.330817743,0.278230773,-0.465256936,0.001752695,0.000233424,3.29E-05,6.21E-16,0.7071068,2.57E-17,2.51E-10,-3.05E-17,1.29E-10,7.15,0.513885678
Lagothrix_lagotricha,GOPR0349.MP4_1,2,0.099,-8.5,NA,NA,NA,NA,NA,55.44466667,129.046,69.38933333,83.719,111.9723333,134.1653333,123.312,137.1373333,93.21866667,133.7613333,136.6426667,120.3673333,31.62333333,106.091,112.1243333,86.441,32.5,130.7506667,111.3596667,55.93933333,NA,NA,123.5343333,NA,88.15333333,NA,27.67033333,NA,60.71866667,NA,64.428,NA,0.010984137,-0.147809411,f,mom,-0.158907255,0.330817743,0.278230773,-0.465256936,0.001752695,0.000233424,3.29E-05,6.21E-16,0.7071068,2.57E-17,2.51E-10,-3.05E-17,1.29E-10,7.15,0.513885678
Lagothrix_lagotricha,GOPR0349.MP4_1,3,0.099,-8.5,NA,32.70566667,135.028,87.46433333,57.72066667,42.47933333,114.495,53.76733333,83.16466667,101.551,141.576,NA,118.9223333,NA,NA,NA,NA,NA,NA,NA,NA,NA,NA,NA,NA,NA,NA,NA,130.3663333,NA,88.3215,NA,20.533,NA,68.84533333,NA,61.20166663,0.010984137,-0.147809411,f,mom,-0.158907255,0.330817743,0.278230773,-0.465256936,0.001752695,0.000233424,3.29E-05,6.21E-16,0.7071068,2.57E-17,2.51E-10,-3.05E-17,1.29E-10,7.15,0.513885678
Lagothrix_lagotricha,GOPR0363.MP4_214,1,0.099,-8.5,NA,NA,NA,NA,NA,54.43033333,119.1383333,87.76266667,93.771,98.98366667,141.8193333,117.5833333,113.2236667,125.1716667,149.754,131.2633333,139.4506667,72.55766667,133.1856667,135.6703333,99.50733333,36.35166667,124.3963333,138.627,69.95333333,NA,NA,135.7786667,NA,104.702,NA,16.56833333,NA,88.82,NA,69.49733333,NA,0.010984137,-0.147809411,unknown,adult,-0.158907255,0.330817743,0.278230773,-0.465256936,0.001752695,0.000233424,3.29E-05,6.21E-16,0.7071068,2.57E-17,2.51E-10,-3.05E-17,1.29E-10,7.15,0.513885678
Lagothrix_lagotricha,GOPR0363.MP4_214,2,0.099,-8.5,NA,32.61566667,142.6826667,114.623,51.42333333,54.043,121.6703333,75.41233333,81.05933333,84.126,126.5566667,127.491,114.63,119.6783333,154.993,145.0996667,130.3553333,67.879,141.7386667,124.7233333,90.28866667,55.382,139.8636667,169.663,73.63833333,NA,NA,145.5317778,130.3032222,101.9968333,83.02666667,13.25433333,21.01233333,64.29633333,51.51033333,56.717,63.20666667,0.010984137,-0.147809411,unknown,adult,-0.158907255,0.330817743,0.278230773,-0.465256936,0.001752695,0.000233424,3.29E-05,6.21E-16,0.7071068,2.57E-17,2.51E-10,-3.05E-17,1.29E-10,7.15,0.513885678
Lagothrix_lagotricha,GOPR0363.MP4_214,3,0.099,-8.5,NA,41.602,139.22,102.4543333,59.04066667,57.25433333,130.3186667,77.24866667,86.03966667,106.5786667,150.2596667,145.8473333,121.705,125.9093333,150.1726667,143.9073333,143.4313333,47.94133333,116.4216667,117.596,89.71833333,41.81366667,141.22,170.1383333,61.58233333,NA,NA,135.9381111,139.9327778,102.5068333,90.37283333,33.751,8.901333333,84.09566667,64.9766667,81.849,62.66433333,0.010984137,-0.147809411,unknown,adult,-0.158907255,0.330817743,0.278230773,-0.465256936,0.001752695,0.000233424,3.29E-05,6.21E-16,0.7071068,2.57E-17,2.51E-10,-3.05E-17,1.29E-10,7.15,0.513885678
Lagothrix_lagotricha,GOPR0363.MP4_214,4,0.099,-8.5,NA,41.25433333,145.9666667,107.0213333,58.77533333,52.83966667,140.032,87.46433333,77.385,107.7746667,142.245,122.5163333,128.243,103.9233333,140.157,152.206,122.2683333,78.363,134.4833333,140.028,102.676,45.93433333,144.3353333,163.8556667,60.197,NA,NA,139.6585556,142.7478889,91.23266667,93.50916667,5.673666667,5.934666667,57.989,66.52033337,62.07133333,69.46766667,0.010984137,-0.147809411,unknown,adult,-0.158907255,0.330817743,0.278230773,-0.465256936,0.001752695,0.000233424,3.29E-05,6.21E-16,0.7071068,2.57E-17,2.51E-10,-3.05E-17,1.29E-10,7.15,0.513885678
Lagothrix_lagotricha,GOPR0363.MP4_214,5,0.099,-8.5,NA,48.02633333,146.146,NA,68.94433333,62.04833333,136.8706667,NA,90.21866667,104.7826667,144.814,107.0943333,123.324,101.1976667,134.6686667,145.3896667,131.11,61.435,124.306,NA,87.46433333,30.85633333,130.4003333,149.82,57.38033333,NA,NA,129.7916667,142.6102222,94.24516667,96.13416667,10.36266667,9.275333333,70.34133333,56.75633337,73.72966667,54.37966667,0.010984137,-0.147809411,unknown,adult,-0.158907255,0.330817743,0.278230773,-0.465256936,0.001752695,0.000233424,3.29E-05,6.21E-16,0.7071068,2.57E-17,2.51E-10,-3.05E-17,1.29E-10,7.15,0.513885678
Lagothrix_lagotricha,GOPR0648_4-50.MP4,1,0.063,24.9,NA,48.48066667,98.196,70.54633333,90.171,54.54133333,107.031,65.78766667,91.811,116.9306667,145.8306667,117.8723333,130.507,83.369,107.0323333,NA,125.976,64.266,104.9123333,157.7673333,112.3576667,NA,NA,NA,NA,NA,NA,NA,117.0192222,NA,110.339,2.12,-8.835,NA,68.45000003,NA,40.336,0.092955986,0.421035813,unknown,adult,-0.158907255,0.330817743,0.278230773,-0.465256936,0.001752695,0.000233424,3.29E-05,6.21E-16,0.7071068,2.57E-17,2.51E-10,-3.05E-17,1.29E-10,7.15,0.327018159
Lagothrix_lagotricha,GOPR0648_4-50.MP4,2,0.063,24.9,NA,NA,NA,NA,NA,NA,NA,NA,NA,NA,NA,NA,NA,55.839,74.52533333,NA,118.882,52.07833333,70.873,NA,115.0866667,19.98733333,132.872,172.834,52.21066667,NA,NA,92.75677778,NA,85.54633333,NA,3.652333333,NA,35.85166667,NA,66.67133333,NA,0.092955986,0.421035813,unknown,adult,-0.158907255,0.330817743,0.278230773,-0.465256936,0.001752695,0.000233424,3.29E-05,6.21E-16,0.7071068,2.57E-17,2.51E-10,-3.05E-17,1.29E-10,7.15,0.327018159
Lagothrix_lagotricha,GOPR0943_3-10.MP4,1,0.023,-32.7,NA,44.183,144.5276667,106.401,61.77133333,45.14466667,83.17333333,78.07,89.569,106.1503333,129.2706667,150.529,135.2816667,113.483,134.268,159.4396667,137.1356667,48.94466667,106.374,129.4413333,91.21633333,36.025,91.97033333,159.299,92.55733333,NA,NA,110.8707778,118.9905556,114.8465,98.5265,27.894,61.35433333,77.458,61.9673333,44.57833333,73.51033337,0.158489218,-0.54024032,unknown,adult,-0.158907255,0.330817743,0.278230773,-0.465256936,0.001752695,0.000233424,3.29E-05,6.21E-16,0.7071068,2.57E-17,2.51E-10,-3.05E-17,1.29E-10,7.15,0.119387582
Lagothrix_lagotricha,GOPR1077.MP4_275,1,0.039,23.8,NA,63.808,132.235,NA,85.78933333,54.45833333,129.6856667,129.5486667,78.503,82.377,120.4636667,78.35066667,115.113,99.62766667,142.5083333,NA,117.6093333,50.55166667,125.7036667,116.1433333,82.27133333,23.09,107.1996667,174.1366667,63.33766667,NA,NA,125.1372222,127.4614444,90.4735,100.4511667,16.80466667,2.549333333,76.53766667,18.569,54.27166667,29.32366667,0.085040332,0.403545296,unknown,adult,-0.158907255,0.330817743,0.278230773,-0.465256936,0.001752695,0.000233424,3.29E-05,6.21E-16,0.7071068,2.57E-17,2.51E-10,-3.05E-17,1.29E-10,7.15,0.202439813
Lemur_catta,GX011843.MP4_4467,1,0.065,44.6,3.932,17.35966667,108.4543333,78.316,62.88766667,28.39,112.436,75.60933333,67.67,134.375,170.337,149.9653333,139.551,NA,NA,123.404,NA,NA,NA,NA,NA,26.411,122.3546667,179.4856667,50.93366667,0.0009114,Melia_azedarach,NA,130.4091111,NA,101.2193333,NA,-3.981666667,NA,117.0153333,NA,76.66333333,0.287973954,0.702153053,unknown,adult,0.418330776,-0.016119079,0.001196969,0.000163995,0.00311816,0.503288467,0.000708107,4.15E-16,-1.63E-10,-0.707106781,1.49E-10,4.51E-16,8.81E-09,2.21,0.499017679
Lemur_catta,GX011843.MP4_4467,2,0.065,44.6,3.932,8.840333333,84.68166667,91.74733333,64.90766667,17.21566667,74.20966667,62.98233333,90.302,130.12,153.4413333,80.79633333,142.6723333,69.7,60.63966667,178.142,123.1173333,39.78233333,NA,NA,92.08666667,10.20766667,118.043,149.884,39.828,0.0009114,Melia_azedarach,NA,104.1108889,81.47266667,103.79,NA,10.472,59.49233333,121.2796667,83.28933333,77.76466663,0.287973954,0.702153053,unknown,adult,0.418330776,-0.016119079,0.001196969,0.000163995,0.00311816,0.503288467,0.000708107,4.15E-16,-1.63E-10,-0.707106781,1.49E-10,4.51E-16,8.81E-09,2.21,0.499017679
Lemur_catta,GX011843.MP4_4467,3,0.065,44.6,3.932,7.933666667,56.361,60.568,89.12333333,21.19166667,69.82933333,64.55733333,93.576,93.65,116.432,106.85,130.6576667,NA,NA,148.4046667,NA,36.97466667,79.54666667,113.289,100.0323333,2.439333333,109.5456667,147.3513333,45.005,0.0009114,Melia_azedarach,NA,80.87411111,NA,109.8905,NA,-13.46833333,NA,85.71633333,NA,41.53433337,0.287973954,0.702153053,unknown,adult,0.418330776,-0.016119079,0.001196969,0.000163995,0.00311816,0.503288467,0.000708107,4.15E-16,-1.63E-10,-0.707106781,1.49E-10,4.51E-16,8.81E-09,2.21,0.499017679
Lemur_catta,GX011848.MP4_3701,1,0.03,22.6,4.389,10.905,78.135,51.436,61.49066667,24.293,70.37166667,31.184,86.533,77.67733333,113.2216667,115.4793333,123.943,130.36,151.366,153.9593333,151.571,31.22066667,84.08666667,122.2693333,102.4806667,21.02,108.7703333,86.735,57.84933333,0.001927975,Melia_azedarach,114.741,87.24277778,104.7101667,92.71683333,67.27933333,7.763333333,109.34,66.77233333,93.72166667,62.45233333,0.076789783,0.384295323,unknown,adult,0.418330776,-0.016119079,0.001196969,0.000163995,0.00311816,0.503288467,0.000708107,4.15E-16,-1.63E-10,-0.707106781,1.49E-10,4.51E-16,8.81E-09,2.21,0.230315852
Lemur_catta,GX011857.MP4_1202,1,0.026,10.7,2.012,8.903333333,81.139,105.0806667,64.93866667,33.56966667,102.3046667,NA,73.26133333,79.438,128.0076667,NA,99.86033333,51.731,129.335,172.9673333,75.76666667,29.449,91.25933333,157.8156667,83.55166667,14.978,92.18733333,171.6533333,63.49366667,0.002100338,Melia_azedarach,104.2605556,103.8171111,69.63016667,82.3995,38.07566667,-21.16566667,36.753,70.53466667,12.273,34.92166666,0.017387203,0.185666615,unknown,adult,0.418330776,-0.016119079,0.001196969,0.000163995,0.00311816,0.503288467,0.000708107,4.15E-16,-1.63E-10,-0.707106781,1.49E-10,4.51E-16,8.81E-09,2.21,0.199607072
Lemur_catta,GX011871.MP4_1610,1,0.124,13.5,1.737,12.247,123.2906667,114.8946667,39.759,37.01866667,87.36433333,80.60633333,80.143,87.73633333,108.0793333,94.92333333,116.7803333,113.619,150.5236667,166.0853333,131.9106667,51.771,103.694,158.5286667,93.42133333,39.07266667,137.691,111.3703333,64.167,0.000257745,Melia_azedarach,130.6362222,106.2447778,98.03883333,78.26966667,46.82966667,35.92633333,74.54633333,75.48933333,67.74366667,77.0213333,0.02763008,0.233445364,unknown,adult,0.418330776,-0.016119079,0.001196969,0.000163995,0.00311816,0.503288467,0.000708107,4.15E-16,-1.63E-10,-0.707106781,1.49E-10,4.51E-16,8.81E-09,2.21,0.951972188
Lemur_catta,GX011871.MP4_1610,2,0.124,13.5,1.737,22.996,138.8933333,124.2056667,45.98666667,33.959,105.4406667,93.67933333,69.836,NA,NA,NA,NA,130.8756667,145.004,147.6323333,149.9293333,38.73,83.09333333,135.0633333,109.6033333,37.87733333,119.719,145.059,70.33633333,0.000257745,Melia_azedarach,115.9387778,NA,110.1328333,NA,61.91066667,33.45266667,92.99833333,NA,79.593,NA,0.02763008,0.233445364,unknown,adult,0.418330776,-0.016119079,0.001196969,0.000163995,0.00311816,0.503288467,0.000708107,4.15E-16,-1.63E-10,-0.707106781,1.49E-10,4.51E-16,8.81E-09,2.21,0.951972188
Lemur_catta,GX011871.MP4_1909,1,0.073,0.6,1.737,24.18833333,134.8573333,121.198,46.19433333,34.95866667,99.70466667,89.34833333,72.826,83.80533333,123.695,103.314,111.2276667,124.5246667,140.2786667,138.822,149.2426667,53.81166667,91.07566667,162.8886667,104.0566667,54.41966667,152.983,131.9923333,67.342,0.000767951,Melia_azedarach,128.1124444,119.419,108.2923333,78.711,49.203,35.15266667,70.105,59.617,81.90066667,65.03333337,5.48E-05,0.010471784,unknown,adult,0.418330776,-0.016119079,0.001196969,0.000163995,0.00311816,0.503288467,0.000708107,4.15E-16,-1.63E-10,-0.707106781,1.49E-10,4.51E-16,8.81E-09,2.21,0.56043524
Lemur_catta,GX011871.MP4_1909,2,0.073,0.6,1.737,14.28,130.828,127.9113333,39.76933333,29.86433333,107.541,92.94766667,64.114,70.00966667,98.34466667,108.868,108.7296667,125.5373333,142.026,168.5423333,142.0756667,59.00766667,111.6553333,136.441,99.56333333,42.142,123.8083333,147.7446667,75.11533333,0.000767951,Melia_azedarach,125.8298889,112.2378889,108.5955,74.2495,30.37066667,23.287,83.39533333,55.72966667,66.96033333,68.96033337,5.48E-05,0.010471784,unknown,adult,0.418330776,-0.016119079,0.001196969,0.000163995,0.00311816,0.503288467,0.000708107,4.15E-16,-1.63E-10,-0.707106781,1.49E-10,4.51E-16,8.81E-09,2.21,0.56043524
Lemur_catta,GX011872.MP4_1,1,0.073,0.6,1.737,21.89266667,128.8596667,125.3143333,47.318,26.75966667,99.09833333,93.84833333,63.496,85.668,135.2393333,114.5343333,104.5883333,131.314,145.1123333,163.3186667,153.1093333,64.129,109.3936667,126.0346667,108.8946667,48.55833333,142.0606667,153.5323333,71.988,0.000767951,Melia_azedarach,132.1888889,121.0657778,112.5486667,75.95316667,35.71866667,29.76133333,82.75566667,63.77533333,81.12133333,57.2703333,5.48E-05,0.010471784,unknown,adult,0.418330776,-0.016119079,0.001196969,0.000163995,0.00311816,0.503288467,0.000708107,4.15E-16,-1.63E-10,-0.707106781,1.49E-10,4.51E-16,8.81E-09,2.21,0.56043524
Lemur_catta,GX011872.MP4_1,2,0.073,0.6,1.737,13.66266667,122.49,112.785,41.664,27.35633333,98.42,88.79233333,62.20533333,85.45266667,116.3873333,93.43866667,114.217,129.281,140.561,149.1886667,150.2523333,59.30033333,106.4193333,138.4373333,100.8803333,43.377,134.526,NA,65.07433333,0.000767951,Melia_azedarach,127.1687778,112.4324444,107.6633333,77.9405,34.14166667,24.07,85.904,71.79,85.178,72.553,5.48E-05,0.010471784,unknown,adult,0.418330776,-0.016119079,0.001196969,0.000163995,0.00311816,0.503288467,0.000708107,4.15E-16,-1.63E-10,-0.707106781,1.49E-10,4.51E-16,8.81E-09,2.21,0.56043524
Lemur_catta,GX011873.MP4_2092,1,0.029,23.8,5.852,14.633,113.1283333,103.9636667,55.44433333,39.599,99.54233333,82.875,86.218,94.71966667,123.4213333,142.4876667,127.108,118.0703333,150.661,153.0866667,136.0226667,NA,NA,NA,NA,39.78266667,125.2606667,145.9936667,78.56133333,0.001969692,Melia_azedarach,NA,112.0306667,107.292,91.27616667,NA,13.586,78.28766667,80.08666667,57.46133333,71.66366667,0.085040332,0.403545296,unknown,adult,0.418330776,-0.016119079,0.001196969,0.000163995,0.00311816,0.503288467,0.000708107,4.15E-16,-1.63E-10,-0.707106781,1.49E-10,4.51E-16,8.81E-09,2.21,0.222638657
Lemur_catta,GX016317.MP4_3813,1,0.013,27.4,4.7,5.353333333,78.92666667,89.40466667,66.56166667,19.31866667,70.04733333,39.93333333,88.212,119.1076667,147.5353333,92.34866667,127.487,109.278,133.608,158.3336667,140.9333333,34.996,88.19666667,153.336,88.274,24.05633333,101.6413333,NA,67.50766667,0.000877532,Voamotrokora,107.8153333,98.83644444,104.2205,97.02433333,45.41133333,8.879333333,85.22166667,113.7543334,73.42566667,60.92533333,0.112184615,0.460199785,unknown,adult,0.418330776,-0.016119079,0.001196969,0.000163995,0.00311816,0.503288467,0.000708107,4.15E-16,-1.63E-10,-0.707106781,1.49E-10,4.51E-16,8.81E-09,2.21,0.099803536
Lemur_catta,GX016318.MP4_662,1,0.029,-2.2,6.072,17.41666667,112.892,91.796,39.404,26.289,73.18433333,76.70933333,100.311,58.69633333,95.16266667,102.2156667,107.2826667,NA,NA,NA,NA,46.22366667,95.76833333,120.7846667,106.98,NA,NA,NA,NA,0.001969692,Melia_azedarach,NA,93.74633333,NA,73.34333333,NA,39.70766667,NA,41.27966666,NA,67.8786667,0.000737084,-0.038387809,unknown,adult,0.418330776,-0.016119079,0.001196969,0.000163995,0.00311816,0.503288467,0.000708107,4.15E-16,-1.63E-10,-0.707106781,1.49E-10,4.51E-16,8.81E-09,2.21,0.222638657
Lemur_catta,GX016319.MP4_2308,1,0.031,-17.2,1.829,11.08133333,115.0323333,96.46366667,47.79,29.82266667,86.31266667,71.757,78.90833333,69.21033333,94.5,89.70566667,110.3063333,66.24866667,102.594,153.5033333,106.8096667,42.73833333,81.296,151.4196667,94.03033333,39.95966667,84.34633333,170.8803333,83.86533333,0.001887142,Melia_azedarach,89.41211111,98.615,95.3375,79.04816667,21.298,28.71966667,26.289,58.129,22.94433333,62.5163333,0.044721638,-0.29570805,unknown,adult,0.418330776,-0.016119079,0.001196969,0.000163995,0.00311816,0.503288467,0.000708107,4.15E-16,-1.63E-10,-0.707106781,1.49E-10,4.51E-16,8.81E-09,2.21,0.237993047
Lemur_catta,GX016319.MP4_4817,1,0.031,-17.2,1.829,2.409666667,101.1413333,105.6876667,50.71433333,27.036,107.5196667,107.6946667,62.806,44.41033333,87.198,104.2366667,95.41333333,99.95266667,133.0256667,161.61,124.145,39.855,79.11966667,133.7686667,99.32033333,39.12433333,95.131,167.9,79.78766667,0.001887142,Melia_azedarach,102.4254444,98.61966667,101.9663333,73.06383333,53.906,-6.378333333,60.82833333,42.00066666,44.35733333,44.699,0.044721638,-0.29570805,unknown,adult,0.418330776,-0.016119079,0.001196969,0.000163995,0.00311816,0.503288467,0.000708107,4.15E-16,-1.63E-10,-0.707106781,1.49E-10,4.51E-16,8.81E-09,2.21,0.237993047
Lemur_catta,GX016323.MP4_498,1,0.031,-17.2,1.829,4.300333333,106.248,119.5106667,42.969,18.72566667,93.907,90.34533333,67.26233333,83.52333333,107.2703333,63.35166667,110.7236667,132.8793333,142.7946667,157.642,150.1173333,39.53233333,79.12533333,133.7266667,99.39,36.17566667,113.678,146.8526667,65.17233333,0.001887142,Melia_azedarach,111.866,102.4751111,107.6448333,76.84633333,63.66933333,12.341,96.70366667,79.223,84.945,67.7546667,0.044721638,-0.29570805,unknown,adult,0.418330776,-0.016119079,0.001196969,0.000163995,0.00311816,0.503288467,0.000708107,4.15E-16,-1.63E-10,-0.707106781,1.49E-10,4.51E-16,8.81E-09,2.21,0.237993047
Lemur_catta,GX016323.MP4_1069,1,0.058,-9.7,1.372,9.354,122.5596667,121.1053333,44.733,34.751,111.0996667,83.11366667,66.027,62.553,94.48366667,104.8916667,112.665,127.2103333,143.662,144.038,148.372,44.17733333,86.752,135.857,98.57433333,22.198,90.621,151.2293333,69.59966667,0.001058736,Melia_azedarach,107.0116667,109.381,108.9858333,78.699,56.91,11.46,105.0123333,53.199,78.77233333,67.932,0.014296531,-0.16848938,unknown,adult,0.418330776,-0.016119079,0.001196969,0.000163995,0.00311816,0.503288467,0.000708107,4.15E-16,-1.63E-10,-0.707106781,1.49E-10,4.51E-16,8.81E-09,2.21,0.445277314
Lemur_catta,GX016324.MP4_3323,1,0.031,-17.2,1.829,17.589,138.5466667,127.658,36.665,37.34633333,109.4446667,87.26966667,69.56033333,67.675,97.999,102.4393333,108.3903333,107.388,146.1086667,171.3556667,124.3546667,51.33733333,89.92433333,161.4543333,107.7826667,41.56066667,117.9296667,150.162,65.367,0.001887142,Melia_azedarach,117.9875556,115.3301111,94.86083333,72.52766667,56.18433333,29.102,65.82733333,50.086,58.98766667,71.7253333,0.044721638,-0.29570805,unknown,adult,0.418330776,-0.016119079,0.001196969,0.000163995,0.00311816,0.503288467,0.000708107,4.15E-16,-1.63E-10,-0.707106781,1.49E-10,4.51E-16,8.81E-09,2.21,0.237993047
Lemur_catta,GX016324.MP4_3323,2,0.031,-17.2,1.829,19.401,123.6523333,103.5586667,54.921,38.433,108.7363333,75.55533333,76.36766667,73.97466667,111.431,118.6913333,106.1726667,123.9643333,141.8356667,152.7893333,147.273,56.75,103.2806667,129.309,101.702,32.78066667,110.788,159.155,64.551,0.001887142,Melia_azedarach,118.6347778,114.6065556,105.912,80.54683333,38.555,14.916,91.18366667,54.57366667,82.722,51.2516667,0.044721638,-0.29570805,unknown,adult,0.418330776,-0.016119079,0.001196969,0.000163995,0.00311816,0.503288467,0.000708107,4.15E-16,-1.63E-10,-0.707106781,1.49E-10,4.51E-16,8.81E-09,2.21,0.237993047
Lemur_catta,GX016326.MP4_1,1,0.031,-17.2,1.829,31.83166667,140.2233333,106.9533333,56.00333333,49.97533333,123.1703333,70.51566667,75.15366667,53.86766667,82.91733333,134.0663333,116.8213333,126.8616667,133.4676667,163.639,151.8493333,51.69,89.82066667,162.9006667,101.7113333,32.50066667,116.463,146.8513333,63.54633333,0.001887142,Melia_azedarach,113.2504444,115.437,107.6978333,86.41233333,43.647,17.053,94.361,22.036,88.303,60.81799997,0.044721638,-0.29570805,unknown,adult,0.418330776,-0.016119079,0.001196969,0.000163995,0.00311816,0.503288467,0.000708107,4.15E-16,-1.63E-10,-0.707106781,1.49E-10,4.51E-16,8.81E-09,2.21,0.237993047
Lemur_catta,GX016328.MP4_511,1,0.058,-9.7,1.372,18.086,129.1743333,111.7216667,46.53566667,31.28666667,109.2716667,78.16966667,73.63633333,79.478,121.2493333,86.72333333,111.848,104.387,126.2013333,147.7316667,146.075,NA,109.377,132.8273333,NA,15.49133333,103.6956667,168.6146667,59.92033333,0.001058736,Melia_azedarach,113.0913333,119.8984444,102.9976667,79.19183333,16.82433333,19.90266667,88.89566667,61.392,86.15466667,65.31233333,0.014296531,-0.16848938,unknown,adult,0.418330776,-0.016119079,0.001196969,0.000163995,0.00311816,0.503288467,0.000708107,4.15E-16,-1.63E-10,-0.707106781,1.49E-10,4.51E-16,8.81E-09,2.21,0.445277314
Lemur_catta,GX016328.MP4_511,2,0.058,-9.7,1.372,40.53166667,133.8333333,102.659,63.60966667,47.29933333,127.1716667,91.70766667,75.63033333,104.6813333,142.4383333,99.36166667,116.2336667,127.246,148.6653333,148.7083333,145.2383333,62.604,114.3086667,129.865,99.42833333,45.29,131.8343333,151.527,67.33433333,0.001058736,Melia_azedarach,131.6027778,134.4811111,106.2863333,89.92166667,34.35666667,6.661666667,81.956,64.14966663,77.904,52.62400003,0.014296531,-0.16848938,unknown,adult,0.418330776,-0.016119079,0.001196969,0.000163995,0.00311816,0.503288467,0.000708107,4.15E-16,-1.63E-10,-0.707106781,1.49E-10,4.51E-16,8.81E-09,2.21,0.445277314
Lemur_catta,GX016332.MP4_10190,1,0.071,-2,0.457,17.20433333,133.3263333,112.989,39.717,36.46733333,97.67966667,88.04333333,81.05033333,44.38533333,85.94266667,91.02133333,93.83433333,130.5483333,149.2016667,153.0793333,151.4573333,61.70233333,113.235,132.4603333,96.59566667,40.182,116.0143333,151.8543333,81.074,0.000801544,Melia_azedarach,126.1503333,105.6495556,116.2656667,66.77566667,35.96666667,35.64666667,90.36633333,27.181,70.38333333,54.11733333,0.000609173,-0.034899497,unknown,adult,0.418330776,-0.016119079,0.001196969,0.000163995,0.00311816,0.503288467,0.000708107,4.15E-16,-1.63E-10,-0.707106781,1.49E-10,4.51E-16,8.81E-09,2.21,0.54508085
Lemur_catta,GX016333.MP4_5977,1,0.024,3.5,9.181,17.22833333,94.82466667,85.85266667,62.33,22.82133333,93.98266667,75.046,65.53666667,91.28533333,133.4363333,117.9223333,117.647,115.942,148.1176667,153.275,132.4416667,52.292,80.861,139.7073333,119.4153333,36.69566667,109.0433333,166.094,77.12833333,NA,Voandelaka,112.674,107.4145556,104.785,89.9885,67.25666667,0.842,79.24633333,74.057,55.31333333,55.317,0.001865202,0.06104854,unknown,adult,0.418330776,-0.016119079,0.001196969,0.000163995,0.00311816,0.503288467,0.000708107,4.15E-16,-1.63E-10,-0.707106781,1.49E-10,4.51E-16,8.81E-09,2.21,0.184252682
Lemur_catta,GX016336.MP4_7934,1,0.02,15.6,4.206,5.044,111.0103333,127.3043333,44.60566667,33.527,97,114.0016667,73.985,44.33833333,85.00066667,99.83133333,87.22233333,105.305,127.5626667,175.7743333,133.643,53.01366667,89.12933333,165.4496667,107.143,34.427,96.348,170.9566667,84.713,0.0023882,Melia_azedarach,104.3466667,97.67033333,109.178,65.914,38.43333333,14.01033333,70.878,39.29433333,48.93,42.61666666,0.036837433,0.268919821,unknown,adult,0.418330776,-0.016119079,0.001196969,0.000163995,0.00311816,0.503288467,0.000708107,4.15E-16,-1.63E-10,-0.707106781,1.49E-10,4.51E-16,8.81E-09,2.21,0.153543901
Lemur_catta,GX016342.MP4_2982,1,0.057,4.9,6.108,11.249,75.794,69.65766667,39.55866667,6.680666667,60.641,48.77733333,77.15466667,103.191,125.1183333,167.279,139.732,136.2046667,167.411,147.0063333,144.42,25.55033333,53.72866667,137.584,101.314,2.693666667,67.27766667,NA,58.16866667,0.001081644,Melia_azedarach,96.13911111,87.18444444,101.2943333,89.64533333,113.6823333,15.153,133.511,91.942,86.25133333,100.1733333,0.003654704,0.085416923,m,adult,0.418330776,-0.016119079,0.001196969,0.000163995,0.00311816,0.503288467,0.000708107,4.15E-16,-1.63E-10,-0.707106781,1.49E-10,4.51E-16,8.81E-09,2.21,0.437600119
Lemur_catta,GX016343.MP4_3198,1,0.057,4.9,6.108,10.66633333,127.715,116.9786667,39.64966667,31.36833333,99.49133333,99.07033333,73.36766667,52.92533333,98.32833333,103.629,92.29,NA,NA,NA,NA,41.98533333,101.4136667,122.756,100.9863333,60.498,141.3586667,121.303,79.142,0.001081644,Melia_azedarach,NA,108.5115556,NA,65.96983333,NA,28.22366667,NA,42.259,NA,52.64033333,0.003654704,0.085416923,unknown,adult,0.418330776,-0.016119079,0.001196969,0.000163995,0.00311816,0.503288467,0.000708107,4.15E-16,-1.63E-10,-0.707106781,1.49E-10,4.51E-16,8.81E-09,2.21,0.437600119
Lemur_catta,GX016343.MP4_3198,2,0.057,4.9,6.108,20.76266667,122.1913333,108.259,48.48333333,27.81466667,104.169,88.32333333,64.51433333,61.353,103.0593333,106.8656667,101.0706667,NA,NA,NA,NA,5.968,68.34833333,108.1233333,97.696,NA,NA,NA,NA,0.001081644,Melia_azedarach,NA,109.8065556,NA,74.777,NA,18.02233333,NA,40.59033333,NA,52.58733337,0.003654704,0.085416923,unknown,adult,0.418330776,-0.016119079,0.001196969,0.000163995,0.00311816,0.503288467,0.000708107,4.15E-16,-1.63E-10,-0.707106781,1.49E-10,4.51E-16,8.81E-09,2.21,0.437600119
Lemur_catta,GX016344.MP4_521,1,0.057,4.9,6.108,18.545,121.607,90.10166667,47.17366667,40.354,118.101,68.839,70.64066667,72.68966667,108.857,114.686,113.6363333,142.927,157.344,123.9723333,152.7863333,62.013,101.6623333,124.2856667,113.186,41.30733333,114.1416667,138.072,80.48,0.001081644,Melia_azedarach,124.3826667,116.1883333,116.6331667,80.405,55.68166667,3.506,101.6196667,54.14466667,72.30633333,66.46266663,0.003654704,0.085416923,unknown,adult,0.418330776,-0.016119079,0.001196969,0.000163995,0.00311816,0.503288467,0.000708107,4.15E-16,-1.63E-10,-0.707106781,1.49E-10,4.51E-16,8.81E-09,2.21,0.437600119
Lemur_catta,GX016344.MP4_521,2,0.057,4.9,6.108,14.899,114.0913333,83.93866667,45.23966667,24.427,97.01266667,69.03533333,65.73166667,73.85366667,101.307,60.55133333,116.4843333,111.6693333,146.731,135.756,136.2076667,73.15633333,125.6573333,111.891,105.5253333,32.475,122.6703333,142.2636667,66.65033333,0.001081644,Melia_azedarach,131.6862222,104.137,101.429,80.862,21.07366667,17.07866667,79.19433333,58.95466667,69.55733333,71.24466663,0.003654704,0.085416923,unknown,adult,0.418330776,-0.016119079,0.001196969,0.000163995,0.00311816,0.503288467,0.000708107,4.15E-16,-1.63E-10,-0.707106781,1.49E-10,4.51E-16,8.81E-09,2.21,0.437600119
Lemur_catta,GX016346.MP4_1359,1,0.057,4.9,6.108,21.236,111.8,77.116,61.557,34.228,99.92466667,52.243,74.89333333,114.001,146.4053333,148.299,130.8426667,81.11366667,100.997,136.5613333,133.8516667,57.07533333,87.85333333,116.2816667,115.6333333,35.86766667,141.9976667,NA,54.47166667,0.001081644,Melia_azedarach,110.2826667,119.3766667,94.16166667,96.19983333,13.14366667,11.87533333,45.246,92.765,79.38,69.2856667,0.003654704,0.085416923,unknown,adult,0.418330776,-0.016119079,0.001196969,0.000163995,0.00311816,0.503288467,0.000708107,4.15E-16,-1.63E-10,-0.707106781,1.49E-10,4.51E-16,8.81E-09,2.21,0.437600119
Lemur_catta,GX016346.MP4_1359,2,0.057,4.9,6.108,21.63,110.6756667,118.4633333,58.22366667,49.27866667,130.1426667,127.1126667,79.357,84.51266667,121.1276667,145.3013333,121.958,96.64466667,109.6703333,160.1763333,143.3773333,46.44633333,84.93933333,140.4056667,97.05366667,36.62566667,136.6103333,177.6613333,59.64,0.001081644,Melia_azedarach,110.4066667,120.6486667,101.5086667,90.09083333,24.731,-19.467,60.019,62.88266667,83.73733333,63.73433333,0.003654704,0.085416923,unknown,adult,0.418330776,-0.016119079,0.001196969,0.000163995,0.00311816,0.503288467,0.000708107,4.15E-16,-1.63E-10,-0.707106781,1.49E-10,4.51E-16,8.81E-09,2.21,0.437600119
Lophocebus_albigena,GX010231.MP4_3848,1,0.18,-9.3,NA,42.82433333,114.976,61.81,57.309,NA,NA,NA,NA,NA,NA,NA,NA,106.6656667,132.504,142.0006667,128.3373333,NA,NA,NA,NA,NA,NA,NA,NA,0.000273961,Ficus_natalensis,NA,NA,NA,NA,NA,NA,NA,NA,NA,NA,0.013144284,-0.161603821,unknown,adult,-0.1854494,-0.324780757,0.240796404,0.12992794,0.007481467,0.001808088,-0.462356993,-1.53E-16,-1.34E-10,-1.59E-16,1.05E-08,-0.707106781,9.79E-11,7.135,0.934991894
Lophocebus_albigena,GX010231.MP4_9840,1,0.18,-9.3,NA,32.599,134.6476667,97.25466667,53.41366667,38.75,119.55,76.31033333,72.01933333,74.349,96.376,79.285,119.745,84.133,118.2543333,NA,116.4926667,59.43866667,113.306,NA,99.59266667,28.79533333,117.8526667,155.814,70.192,0.000273961,Ficus_natalensis,116.471,116.8578889,93.34233333,86.57933333,4.948333333,15.09766667,55.33766667,41.75,46.30066667,66.33133333,0.013144284,-0.161603821,unknown,adult,-0.1854494,-0.324780757,0.240796404,0.12992794,0.007481467,0.001808088,-0.462356993,-1.53E-16,-1.34E-10,-1.59E-16,1.05E-08,-0.707106781,9.79E-11,7.135,0.934991894
Lophocebus_albigena,GX010231.MP4_9840,2,0.18,-9.3,NA,43.38866667,135.2786667,104.6563333,63.715,45.34766667,121.611,84.54833333,76.22533333,82.17033333,102.6783333,92.62866667,121.5456667,95.23733333,123.1753333,NA,122.6246667,58.22866667,116.806,NA,90.08733333,32.097,122.438,143.756,67.288,0.000273961,Ficus_natalensis,120.8064444,119.856,94.95633333,92.63033333,6.369333333,13.66766667,63.14033333,38.78166666,55.33666667,57.8306667,0.013144284,-0.161603821,unknown,adult,-0.1854494,-0.324780757,0.240796404,0.12992794,0.007481467,0.001808088,-0.462356993,-1.53E-16,-1.34E-10,-1.59E-16,1.05E-08,-0.707106781,9.79E-11,7.135,0.934991894
Lophocebus_albigena,GX010231.MP4_9840,3,0.18,-9.3,NA,30.172,127.8636667,97.41166667,58.317,36.34433333,114.5613333,66.191,77.312,79.83533333,93.90066667,88.87566667,124.964,95.01466667,127.4233333,170.3166667,121.487,67.69033333,109.602,151.2503333,99.52766667,24.12233333,107.527,139.2636667,62.60866667,0.000273961,Ficus_natalensis,114.8507778,112.1085556,92.04783333,91.6405,17.82133333,13.30233333,70.89233333,49.66333333,58.87833333,66.647,0.013144284,-0.161603821,unknown,adult,-0.1854494,-0.324780757,0.240796404,0.12992794,0.007481467,0.001808088,-0.462356993,-1.53E-16,-1.34E-10,-1.59E-16,1.05E-08,-0.707106781,9.79E-11,7.135,0.934991894
Lophocebus_albigena,GX10233.MP4_178,1,0.18,-9.3,NA,28.60866667,134.1116667,102.2023333,50.75766667,40.70266667,108.0393333,62.33966667,72.52333333,53.09766667,87.099,100.1573333,108.9776667,108.5266667,136.0523333,145.1006667,133.5836667,62.68266667,125.544,123.8176667,90.873,33.03133333,112.6766667,145.668,72.02866667,0.000273961,Ficus_natalensis,124.7576667,109.75,102.8061667,79.86766667,10.50833333,26.07233333,75.49533333,24.489,61.555,58.22000003,0.013144284,-0.161603821,unknown,adult,-0.1854494,-0.324780757,0.240796404,0.12992794,0.007481467,0.001808088,-0.462356993,-1.53E-16,-1.34E-10,-1.59E-16,1.05E-08,-0.707106781,9.79E-11,7.135,0.934991894
Lophocebus_albigena,GX101234.MP4_994,1,0.18,-9.3,NA,22.848,122.256,119.578,49.40066667,36.332,120.0486667,82.38566667,73.796,75.517,117.824,109.7746667,115.245,100.487,126.0963333,170.65,127.175,56.772,114.263,138.2256667,90.85933333,36.968,128.8953333,170.9616667,60.10333333,0.000273961,Ficus_natalensis,123.0848889,120.0428889,93.63916667,82.32283333,11.83333333,2.207333333,63.519,52.669,67.07166667,65.84433333,0.013144284,-0.161603821,unknown,adult,-0.1854494,-0.324780757,0.240796404,0.12992794,0.007481467,0.001808088,-0.462356993,-1.53E-16,-1.34E-10,-1.59E-16,1.05E-08,-0.707106781,9.79E-11,7.135,0.934991894
Lophocebus_albigena,GX101234.MP4_994,2,0.18,-9.3,NA,45.73133333,145.2746667,104.754,62.29366667,42.49833333,134.565,75.731,123.7016667,77.67733333,121.8833333,130.9923333,106.9343333,91.60233333,122.999,NA,122.5666667,73.021,128.7443333,NA,92.46133333,41.23733333,115.9096667,NA,70.802,0.000273961,Ficus_natalensis,122.551,133.9076667,96.68433333,84.614,-5.745333333,10.70966667,50.365,31.946,51.76466667,44.64066663,0.013144284,-0.161603821,unknown,adult,-0.1854494,-0.324780757,0.240796404,0.12992794,0.007481467,0.001808088,-0.462356993,-1.53E-16,-1.34E-10,-1.59E-16,1.05E-08,-0.707106781,9.79E-11,7.135,0.934991894
Lophocebus_albigena,GX010234.MP4_1755,1,0.187,-9.3,NA,16.79833333,109.8783333,88.633,42.07466667,26.65066667,98.09866667,52.32,64.10033333,58.337,99.356,84.65566667,101.7886667,80.51566667,107.5413333,NA,124.7513333,49.804,102.0993333,NA,99.052,33.848,130.2666667,148.2886667,58.73166667,0.000247963,Ficus_natalensis,113.3024444,102.4443333,91.7415,71.93166667,5.442,11.77966667,46.66766667,41.53866667,66.01966667,59.71400003,0.013144284,-0.161603821,unknown,adult,-0.1854494,-0.324780757,0.240796404,0.12992794,0.007481467,0.001808088,-0.462356993,-1.53E-16,-1.34E-10,-1.59E-16,1.05E-08,-0.707106781,9.79E-11,7.135,0.97135269
Lophocebus_albigena,GX010234.MP4_1755,2,0.187,-9.3,NA,23.916,119.3136667,100.8776667,49.77366667,32.08366667,103.569,59.729,69.57066667,NA,NA,NA,NA,80.259,115.17,162.313,115.9846667,71.79933333,120.1943333,137.6546667,98.149,34.67833333,120.2796667,163.7553333,63.685,0.000247963,Ficus_natalensis,118.548,NA,89.83483333,NA,-5.024333333,15.74466667,45.58066667,NA,52.29966667,NA,0.013144284,-0.161603821,unknown,adult,-0.1854494,-0.324780757,0.240796404,0.12992794,0.007481467,0.001808088,-0.462356993,-1.53E-16,-1.34E-10,-1.59E-16,1.05E-08,-0.707106781,9.79E-11,7.135,0.97135269
Lophocebus_albigena,GX010234.MP4_1755,3,0.187,-9.3,NA,36.17266667,123.5046667,94.14466667,61.196,42.026,121.755,68.78833333,72.536,63.857,101.451,82.745,108.7893333,79.812,106.669,163.389,122.0696667,56.909,104.6023333,134.8316667,93.834,42.10166667,113.7056667,158.2066667,72.793,0.000247963,Ficus_natalensis,108.3256667,115.5702222,97.43133333,84.99266667,2.066666667,1.749666667,37.71033333,27.68433333,49.27666667,47.5933333,0.013144284,-0.161603821,unknown,adult,-0.1854494,-0.324780757,0.240796404,0.12992794,0.007481467,0.001808088,-0.462356993,-1.53E-16,-1.34E-10,-1.59E-16,1.05E-08,-0.707106781,9.79E-11,7.135,0.97135269
Lophocebus_albigena,GX010234.MP4_1755,4,0.187,-9.3,NA,28.40666667,108.0213333,90.23233333,57.39266667,38.93133333,107.2983333,76.72266667,71.88066667,59.34766667,81.279,78.361,125.4313333,74.388,101.8263333,170.626,120.1996667,49.12266667,96.342,145.743,97.76766667,32.177,118.7793333,175.73,65.02,0.000247963,Ficus_natalensis,105.6492222,98.86622222,92.60983333,91.412,5.484333333,0.723,42.211,30.941,55.17966667,68.03866663,0.013144284,-0.161603821,unknown,adult,-0.1854494,-0.324780757,0.240796404,0.12992794,0.007481467,0.001808088,-0.462356993,-1.53E-16,-1.34E-10,-1.59E-16,1.05E-08,-0.707106781,9.79E-11,7.135,0.97135269
Lophocebus_albigena,GX010234.MP4_1755,5,0.187,-9.3,NA,38.24966667,139.7903333,98.32066667,55.04033333,46.62166667,111.868,55.34166667,81.899,55.544,93.626,67.868,101.982,77.37066667,112.4016667,169.905,118.2163333,61.699,128.4493333,NA,85.59233333,30.81533333,120.8143333,147.854,63.701,0.000247963,Ficus_natalensis,120.5551111,115.0947778,90.95866667,78.51116667,-16.04766667,27.92233333,46.55533333,17.29433333,54.51533333,46.94166667,0.013144284,-0.161603821,unknown,adult,-0.1854494,-0.324780757,0.240796404,0.12992794,0.007481467,0.001808088,-0.462356993,-1.53E-16,-1.34E-10,-1.59E-16,1.05E-08,-0.707106781,9.79E-11,7.135,0.97135269
Lophocebus_albigena,GX010234.MP4_1755,6,0.187,-9.3,NA,39.91,138.98,95.89666667,59.407,46.70833333,130.1923333,77.476,74.39366667,86.698,121.336,110.189,119.4686667,90.76066667,127.6056667,148.4666667,119.523,68.87533333,118.6116667,129.3836667,96.84033333,36.331,127.3836667,155.139,61.495,0.000247963,Ficus_natalensis,124.5336667,130.1694444,90.509,89.43783333,8.994,8.787666667,54.42966667,46.788,58.028,60.0616667,0.013144284,-0.161603821,unknown,adult,-0.1854494,-0.324780757,0.240796404,0.12992794,0.007481467,0.001808088,-0.462356993,-1.53E-16,-1.34E-10,-1.59E-16,1.05E-08,-0.707106781,9.79E-11,7.135,0.97135269
Lophocebus_albigena,GX010234.MP4_1755,7,0.187,-9.3,NA,36.81466667,131.6413333,89.138,54.291,50.22433333,120.1096667,57.16066667,81.23966667,76.70633333,116.306,106.9653333,114.4106667,91.78366667,125.2836667,NA,120.7133333,67.365,121.597,NA,96.02866667,43.131,124.1666667,154.9733333,75.46833333,0.000247963,Ficus_natalensis,123.6824444,122.6856667,98.09083333,84.35083333,3.686666667,11.53166667,48.65266667,39.89166666,45.245,60.1196667,0.013144284,-0.161603821,unknown,adult,-0.1854494,-0.324780757,0.240796404,0.12992794,0.007481467,0.001808088,-0.462356993,-1.53E-16,-1.34E-10,-1.59E-16,1.05E-08,-0.707106781,9.79E-11,7.135,0.97135269
Lophocebus_albigena,GX010248.MP4_159,1,0.12,27.2,NA,29.91333333,145.9696667,109.5756667,46.899,40.072,117.444,71.986,71.89333333,84.06433333,112.582,100.7563333,122.175,107.6113333,129.941,154.351,137.7486667,63.132,106.6156667,137.6226667,106.5493333,43.16733333,117.5123333,148.8226667,78.23966667,0.000699835,Ficus_natalensis,118.023,125.3318889,107.9941667,84.537,23.32533333,28.52566667,64.444,54.151,59.509,75.276,0.110583627,0.457097927,unknown,adult,-0.1854494,-0.324780757,0.240796404,0.12992794,0.007481467,0.001808088,-0.462356993,-1.53E-16,-1.34E-10,-1.59E-16,1.05E-08,-0.707106781,9.79E-11,7.135,0.62332793
Lophocebus_albigena,GX010250.MP4_464,1,0.187,14.6,NA,22.833,106.3836667,91.123,59.47266667,33.929,102.073,63.801,78.112,84.44266667,118.037,135.7746667,122.9043333,85.94666667,117.0786667,NA,126.439,50.943,109.1796667,NA,89.08033333,42.03566667,128.0336667,170.0223333,65.99166667,0.000247963,Ficus_natalensis,118.0973333,108.8312222,96.21533333,91.1885,7.899,4.310666667,43.911,61.60966667,60.44733333,63.43166663,0.03229083,0.252069358,unknown,adult,-0.1854494,-0.324780757,0.240796404,0.12992794,0.007481467,0.001808088,-0.462356993,-1.53E-16,-1.34E-10,-1.59E-16,1.05E-08,-0.707106781,9.79E-11,7.135,0.97135269
Lophocebus_albigena,GX010862.MP4_2341,1,0.189,14.1,NA,26.237,87.242,75.673,72.40833333,30.25,86.358,70.993,82.62733333,100.2636667,127.3156667,140.7836667,125.8,61.71866667,103.1503333,160.608,113.646,39.504,94.78333333,148.442,83.87166667,26.091,144.3786667,145.7916667,46.56566667,0.000175468,Prunus_africana,114.1041111,100.3052222,80.10583333,99.10416667,8.367,0.884,35.62766667,74.0266667,67.08033333,53.39166667,0.030127985,0.243615012,f,mom,-0.1854494,-0.324780757,0.240796404,0.12992794,0.007481467,0.001808088,-0.462356993,-1.53E-16,-1.34E-10,-1.59E-16,1.05E-08,-0.707106781,9.79E-11,7.135,0.981741489
Lophocebus_albigena,GX010862.MP4_2341,2,0.189,14.1,NA,18.16566667,97.4,81.201,58.7,31.65266667,96.30966667,54.151,73.662,84.163,126.0526667,135.7613333,113.8936667,103.354,148.4596667,152.9896667,117.1773333,45.423,126.2136667,102.6606667,85.31466667,25.855,121.306,143.606,68.74033333,0.000175468,Prunus_africana,131.9931111,106.5874444,92.95883333,86.29683333,22.246,1.090333333,77.499,65.99733333,48.437,55.1936667,0.030127985,0.243615012,f,mom,-0.1854494,-0.324780757,0.240796404,0.12992794,0.007481467,0.001808088,-0.462356993,-1.53E-16,-1.34E-10,-1.59E-16,1.05E-08,-0.707106781,9.79E-11,7.135,0.981741489
Lophocebus_albigena,GX011205.MP4_4213,2,0.064,19.1,NA,41.705,141.9353333,83.36466667,62.832,45.19666667,137.718,82.87833333,68.53666667,101.3523333,133.6823333,149.749,128.6676667,91.114,122.8293333,151.607,118.524,52.61866667,105.0373333,126.795,93.01333333,32.44233333,121.6266667,115.4706667,64.83966667,0.001116808,Celtis_durandaii,116.4977778,137.7785556,91.68183333,95.74983333,17.792,4.217333333,58.67166667,59.6473333,53.68433333,65.8356667,0.055051088,0.327217899,unknown,adult,-0.1854494,-0.324780757,0.240796404,0.12992794,0.007481467,0.001808088,-0.462356993,-1.53E-16,-1.34E-10,-1.59E-16,1.05E-08,-0.707106781,9.79E-11,7.135,0.332441562
Lophocebus_albigena,GX011208.MP4_2215,1,0.064,19.1,NA,25.76566667,108.2836667,99.12833333,60.235,41.55033333,110.878,75.923,79.53233333,71.71366667,112.047,105.257,108.586,101.8973333,125.899,153.402,127.612,49.42166667,105.9713333,125.5136667,90.228,36.08233333,132.6456667,166.3836667,60.77666667,0.001116808,Celtis_durandaii,121.5053333,110.4028889,94.19433333,84.4105,19.92766667,-2.594333333,65.815,45.948,66.83533333,48.351,0.055051088,0.327217899,unknown,adult,-0.1854494,-0.324780757,0.240796404,0.12992794,0.007481467,0.001808088,-0.462356993,-1.53E-16,-1.34E-10,-1.59E-16,1.05E-08,-0.707106781,9.79E-11,7.135,0.332441562
Lophocebus_albigena,GX011225.MP4_4881,1,0.125,-24.7,NA,23.8,124.0346667,86.00633333,52.00866667,41.444,113.559,62.183,77.83466667,92.722,111.5626667,88.94833333,137.1653333,101.2346667,134.325,139.269,131.121,46.09666667,99.34966667,125.2526667,95.39033333,19.91833333,119.7743333,155.2263333,60.59233333,0.000432668,Prunus_africana,117.8163333,116.3854444,95.85666667,94.587,34.97533333,10.47566667,81.31633333,68.922,70.52866667,85.15666663,0.091491822,-0.417867074,unknown,adult,-0.1854494,-0.324780757,0.240796404,0.12992794,0.007481467,0.001808088,-0.462356993,-1.53E-16,-1.34E-10,-1.59E-16,1.05E-08,-0.707106781,9.79E-11,7.135,0.649299927
Lophocebus_albigena,GX011233.MP4_7193,1,0.05,6.7,NA,20.88566667,108.0176667,62.16,50.38033333,34.27266667,102.5523333,68.07866667,68.98666667,76.85833333,108.7396667,146.2896667,115.949,69.55133333,102.103,162.824,118.9886667,44.39133333,90.57333333,140.3486667,95.74766667,27.99166667,117.1663333,150.3813333,54.31666667,0.001259554,Prunus_africana,103.2808889,106.4365556,86.65266667,83.16466667,11.52966667,5.465333333,41.55966667,55.97266666,64.672,65.56866667,0.00682935,0.116670737,unknown,adult,-0.1854494,-0.324780757,0.240796404,0.12992794,0.007481467,0.001808088,-0.462356993,-1.53E-16,-1.34E-10,-1.59E-16,1.05E-08,-0.707106781,9.79E-11,7.135,0.259719971
Lophocebus_albigena,GX011233.MP4_7193,2,0.05,6.7,NA,31.45266667,134.0953333,84.57633333,57.074,36.593,117.9473333,58.36,69.437,77.63333333,105.883,80.28366667,121.5703333,86.61533333,111.3403333,144.5013333,125.3993333,57.68866667,96.90833333,115.7836667,98.428,NA,NA,NA,NA,0.001259554,Prunus_africana,NA,119.3085556,NA,89.32216667,14.432,16.148,NA,46.18066666,NA,64.4963333,0.00682935,0.116670737,unknown,adult,-0.1854494,-0.324780757,0.240796404,0.12992794,0.007481467,0.001808088,-0.462356993,-1.53E-16,-1.34E-10,-1.59E-16,1.05E-08,-0.707106781,9.79E-11,7.135,0.259719971
Lophocebus_albigena,GX011233.MP4_7193,3,0.095,-24.7,NA,32.56633333,123.422,74.56033333,60.148,42.285,108.179,NA,79.90733333,43.83466667,60.34366667,119.4443333,116.0293333,87.092,111.8593333,158.4516667,128.8663333,51.78533333,89.558,135.8123333,96.08133333,20.453,114.2993333,NA,47.32466667,0.000666048,Prunus_africana,105.2388889,97.31488889,88.0955,88.08866667,22.30133333,15.243,66.639,11.26833334,81.54166667,55.8813333,0.091491822,-0.417867074,unknown,adult,-0.1854494,-0.324780757,0.240796404,0.12992794,0.007481467,0.001808088,-0.462356993,-1.53E-16,-1.34E-10,-1.59E-16,1.05E-08,-0.707106781,9.79E-11,7.135,0.493467944
Lophocebus_albigena,GX011233.MP4_7193,4,0.095,-24.7,NA,26.05166667,127.0636667,112.2256667,49.867,33.71466667,90.57,71.853,86.62333333,95.04233333,109.0426667,121.8746667,136.0626667,86.42266667,105.2066667,149.2443333,122.7683333,61.11933333,105.395,122.449,96.009,31.801,121.708,125.9346667,62.192,0.000666048,Prunus_africana,110.7698889,108.8921111,92.48016667,92.96483333,-0.188333333,36.49366667,54.62166667,68.99066666,60.57633333,86.1956667,0.091491822,-0.417867074,unknown,adult,-0.1854494,-0.324780757,0.240796404,0.12992794,0.007481467,0.001808088,-0.462356993,-1.53E-16,-1.34E-10,-1.59E-16,1.05E-08,-0.707106781,9.79E-11,7.135,0.493467944
Lophocebus_albigena,GX011233.MP4_7193,5,0.095,-24.7,NA,40.46133333,150.8316667,101.9816667,52.93766667,42.957,110.033,64.03366667,81.48266667,78.17966667,93.12633333,85.706,132.3686667,99.28933333,115.264,146.761,133.2823333,57.19,114.4606667,115.0796667,93.00733333,32.39233333,117.36,147.8956667,65.969,0.000666048,Prunus_africana,115.6948889,117.997,99.62566667,92.65316667,0.803333333,40.79866667,66.897,37.71833334,67.31333333,79.43100003,0.091491822,-0.417867074,unknown,adult,-0.1854494,-0.324780757,0.240796404,0.12992794,0.007481467,0.001808088,-0.462356993,-1.53E-16,-1.34E-10,-1.59E-16,1.05E-08,-0.707106781,9.79E-11,7.135,0.493467944
Lophocebus_albigena,GX011233.MP4_7193,6,0.095,-24.7,NA,25.518,131.5076667,90.51533333,44.43733333,40.68966667,92.88866667,56.47,90.09166667,NA,66.06233333,100.2826667,NA,86.25333333,113.2526667,167.52,125.416,42.63633333,99.91733333,138.924,93.55366667,23.52366667,107.445,151.2913333,48.38533333,0.000666048,Prunus_africana,106.8716667,96.81955556,86.90066667,NA,13.33533333,38.619,62.72966667,NA,77.03066667,NA,0.091491822,-0.417867074,unknown,adult,-0.1854494,-0.324780757,0.240796404,0.12992794,0.007481467,0.001808088,-0.462356993,-1.53E-16,-1.34E-10,-1.59E-16,1.05E-08,-0.707106781,9.79E-11,7.135,0.493467944
Lophocebus_albigena,GX011253.MP4_5121,1,0.182,35,NA,27.478,150.0653333,126.9716667,37.04333333,43.31133333,95.18766667,84.29966667,89.86933333,42.254,65.459,94.75266667,103.3793333,105.7936667,131.3303333,167.3443333,130.6163333,37.574,88.076,144.4923333,93.40366667,24.924,79.65066667,161.4966667,73.924,0.000193518,Prunus_africana,99.68566667,103.5706667,102.2701667,70.21133333,43.25433333,54.87766667,80.86966667,14.776,56.69233333,66.33599997,0.180847956,0.573576436,unknown,adult,-0.1854494,-0.324780757,0.240796404,0.12992794,0.007481467,0.001808088,-0.462356993,-1.53E-16,-1.34E-10,-1.59E-16,1.05E-08,-0.707106781,9.79E-11,7.135,0.945380693
Lophocebus_albigena,GX011255.MP4_8050,1,0.182,35,NA,NA,146.6036667,129.3003333,NA,41.688,91.35866667,86.842,82.92233333,38.611,73.543,87.98166667,87.11733333,122.8213333,137.5026667,160.338,145.8153333,42.12533333,94.07766667,149.8506667,92.675,21.076,62.15833333,162.4173333,90.435,0.000193518,Prunus_africana,97.91288889,103.8351111,118.1251667,NA,43.425,55.245,101.7453333,NA,55.38033333,NA,0.180847956,0.573576436,unknown,adult,-0.1854494,-0.324780757,0.240796404,0.12992794,0.007481467,0.001808088,-0.462356993,-1.53E-16,-1.34E-10,-1.59E-16,1.05E-08,-0.707106781,9.79E-11,7.135,0.945380693
Lophocebus_albigena,GX011256.MP4_1458,1,0.182,35,NA,27.643,152.6816667,122.4893333,38.65866667,33.577,94.79,84.95066667,74.33566667,31.41766667,86.42566667,88.35266667,73.68933333,115.994,132.7113333,156.5216667,138.3493333,44.39133333,98.03966667,147.373,93.19,24.42633333,86.29233333,123.0106667,86.37266667,0.000193518,Prunus_africana,105.6811111,111.2991111,112.361,56.174,34.67166667,57.89166667,91.56766667,3.77466667,51.97666667,35.03066666,0.180847956,0.573576436,unknown,adult,-0.1854494,-0.324780757,0.240796404,0.12992794,0.007481467,0.001808088,-0.462356993,-1.53E-16,-1.34E-10,-1.59E-16,1.05E-08,-0.707106781,9.79E-11,7.135,0.945380693
Lophocebus_albigena,GX011363.MP4_423,1,0.102,15.8,NA,20.53133333,115.89,90.50233333,49.24633333,31.34666667,100.7186667,63.62966667,70.019,85.99366667,123.3946667,125.7003333,112.0573333,96.965,122.8793333,160.401,129.97,57.004,103.6756667,129.206,99.50533333,47.05966667,139.243,160.445,68.70566667,0.000600505,Prunus_africana,121.9326667,113.3344444,99.33783333,80.65183333,19.20366667,15.17133333,49.90533333,65.46233334,61.26433333,62.81099997,0.037782006,0.272280247,f,mom,-0.1854494,-0.324780757,0.240796404,0.12992794,0.007481467,0.001808088,-0.462356993,-1.53E-16,-1.34E-10,-1.59E-16,1.05E-08,-0.707106781,9.79E-11,7.135,0.52982874
Lophocebus_albigena,GX011363.MP4_423,2,0.102,15.8,NA,25.69333333,117.0256667,98.74266667,53.084,35.799,110.0223333,74.803,73.14033333,75.707,119.9156667,121.8506667,107.6513333,90.10833333,120.9686667,156.4333333,122.429,50.63466667,110.893,108.823,96.041,34.34633333,125.085,163.9866667,65.908,0.000600505,Prunus_africana,118.9822222,115.6545556,94.1685,80.36766667,10.07566667,7.003333333,55.762,50.01366667,56.521,54.5673333,0.037782006,0.272280247,f,mom,-0.1854494,-0.324780757,0.240796404,0.12992794,0.007481467,0.001808088,-0.462356993,-1.53E-16,-1.34E-10,-1.59E-16,1.05E-08,-0.707106781,9.79E-11,7.135,0.52982874
Lophocebus_albigena,GX014653.MP4_3654,1,0.111,10.8,NA,30.918,117.5836667,86.02833333,61.368,38.52466667,114.399,78.77133333,74.50233333,72.052,99.31966667,94.041,117.172,82.799,105.321,168.8463333,119.749,57.96333333,113.1143333,130.8666667,91.21333333,38.452,128.526,154.514,62.60033333,0.000435352,Cordia,115.6537778,110.4341111,91.17466667,89.27,-7.793333333,3.184666667,44.347,41.134,57.14866667,55.804,0.017712749,0.187381315,unknown,juvenile,-0.1854494,-0.324780757,0.240796404,0.12992794,0.007481467,0.001808088,-0.462356993,-1.53E-16,-1.34E-10,-1.59E-16,1.05E-08,-0.707106781,9.79E-11,7.135,0.576578335
Lophocebus_albigena,GX014654.MP4_316,1,0.111,10.8,NA,33.25666667,137.0126667,103.993,55.21133333,42.34633333,117.667,87.56866667,76.096,74.59,100.776,94.18433333,119.1593333,99.02866667,129.6346667,164.3633333,123.7163333,71.512,134.2566667,128.394,97.43133333,47.60366667,131.754,144.583,71.404,0.000435352,Cordia,131.8817778,118.4852222,97.56016667,87.18533333,-4.622,19.34566667,51.425,41.33333333,52.31233333,63.94799997,0.017712749,0.187381315,unknown,adult,-0.1854494,-0.324780757,0.240796404,0.12992794,0.007481467,0.001808088,-0.462356993,-1.53E-16,-1.34E-10,-1.59E-16,1.05E-08,-0.707106781,9.79E-11,7.135,0.576578335
Lophocebus_albigena,GX014654.MP4_316,2,0.111,10.8,NA,26.86566667,119.4046667,94.89666667,59.40333333,41.07566667,116.9896667,81.82533333,72.30933333,78.97466667,106.449,102.1983333,119.267,82.12566667,131.388,167.2496667,110.66,73.886,133.915,158.9683333,98.34833333,42.124,130.9096667,144.0813333,67.32166667,0.000435352,Cordia,132.0708889,114.2811111,88.99083333,89.33516667,-2.527,2.415,40.00166667,52.109,43.33833333,59.86366667,0.017712749,0.187381315,unknown,adult,-0.1854494,-0.324780757,0.240796404,0.12992794,0.007481467,0.001808088,-0.462356993,-1.53E-16,-1.34E-10,-1.59E-16,1.05E-08,-0.707106781,9.79E-11,7.135,0.576578335
Lophocebus_albigena,GX014654.MP4_316,3,0.111,10.8,NA,33.485,115.371,86.90533333,70.27733333,39.19766667,108.173,75.45266667,74.68033333,75.09933333,101.9586667,129.091,118.4466667,99.91266667,127.4603333,168.704,128.909,60.46066667,122.3763333,152.0516667,91.89766667,38.85633333,135.8356667,176.8886667,62.789,0.000435352,Cordia,128.5574444,108.5008889,95.849,94.362,5.084,7.198,61.05633333,41.61433333,66.12,48.16933337,0.017712749,0.187381315,unknown,adult,-0.1854494,-0.324780757,0.240796404,0.12992794,0.007481467,0.001808088,-0.462356993,-1.53E-16,-1.34E-10,-1.59E-16,1.05E-08,-0.707106781,9.79E-11,7.135,0.576578335
Lophocebus_albigena,GX014654.MP4_316,4,0.111,10.8,NA,28.896,121.3163333,91.33733333,58.05633333,35.58,109.86,81.91933333,70.70966667,73.19566667,108.1283333,86.98233333,112.8053333,88.12,115.5226667,161.8363333,122.5766667,65.94033333,125.982,122.6136667,96.02766667,43.72733333,124.724,156.9926667,73.41933333,0.000435352,Cordia,122.0762222,113.1015556,97.998,85.43083333,-10.45933333,11.45633333,44.39266667,44.29966667,49.15733333,54.74899997,0.017712749,0.187381315,unknown,adult,-0.1854494,-0.324780757,0.240796404,0.12992794,0.007481467,0.001808088,-0.462356993,-1.53E-16,-1.34E-10,-1.59E-16,1.05E-08,-0.707106781,9.79E-11,7.135,0.576578335
Lophocebus_albigena,GX014656.MP4_13961,1,0.111,10.8,NA,29.999,137.8353333,103.1176667,51.069,33.76033333,123.9336667,100.5746667,64.83966667,65.21933333,105.542,111.636,98.84866667,110.51,138.887,147.0506667,131.514,69.86366667,124.0726667,131.118,101.133,46.075,124.889,152.9846667,76.223,0.000435352,Cordia,129.2828889,122.437,103.8685,74.95883333,14.81433333,13.90166667,64.435,35.22033333,55.291,47.77966667,0.017712749,0.187381315,unknown,adult,-0.1854494,-0.324780757,0.240796404,0.12992794,0.007481467,0.001808088,-0.462356993,-1.53E-16,-1.34E-10,-1.59E-16,1.05E-08,-0.707106781,9.79E-11,7.135,0.576578335
Lophocebus_albigena,GX014656.MP4_15021,1,0.109,-11.2,NA,39.19133333,152.135,111.576,54.888,39.72633333,105.3913333,98.14766667,76.90933333,61.02866667,82.06566667,99.01766667,92.31866667,113.26,144.9556667,138.1693333,128.4356667,73.12266667,137.044,130.4773333,97.30033333,54.61233333,130.38,143.199,81.78566667,0.000461874,Cordia,137.4598889,113.1973333,105.1106667,73.60333333,7.911666667,46.74366667,58.64766667,21.83733334,46.65,37.43066667,0.019044845,-0.194234351,unknown,adult,-0.1854494,-0.324780757,0.240796404,0.12992794,0.007481467,0.001808088,-0.462356993,-1.53E-16,-1.34E-10,-1.59E-16,1.05E-08,-0.707106781,9.79E-11,7.135,0.566189536
Lophocebus_albigena,GX014656.MP4_17839,1,0.111,10.8,NA,29.26066667,142.674,115.273,46.15233333,46.174,127.8983333,75.089,73.29066667,85.28433333,116.3216667,115.4993333,120.861,112.1336667,150.7756667,149.1846667,127.5913333,73.905,126.9253333,134.3253333,105.5803333,54.13866667,133.5293333,145.386,75.57433333,0.000435352,Cordia,137.0767778,128.9646667,101.5828333,83.50666667,23.85033333,14.77566667,57.995,56.02366666,52.017,74.70866667,0.017712749,0.187381315,unknown,adult,-0.1854494,-0.324780757,0.240796404,0.12992794,0.007481467,0.001808088,-0.462356993,-1.53E-16,-1.34E-10,-1.59E-16,1.05E-08,-0.707106781,9.79E-11,7.135,0.576578335
Lophocebus_albigena,GX014656.MP4_17839,2,0.111,10.8,NA,30.435,135.752,110.973,49.941,53.99566667,129.6046667,83.769,78.92633333,83.21433333,113.1143333,119.806,111.6083333,108.3446667,130.9313333,161.1906667,132.9383333,65.02066667,127.0006667,144.9316667,93.12233333,50.68433333,137.0846667,159.889,71.13,0.000435352,Cordia,131.6722222,126.157,102.0341667,80.77466667,3.930666667,6.147333333,57.66033333,52.77933333,61.80833333,61.6673333,0.017712749,0.187381315,unknown,adult,-0.1854494,-0.324780757,0.240796404,0.12992794,0.007481467,0.001808088,-0.462356993,-1.53E-16,-1.34E-10,-1.59E-16,1.05E-08,-0.707106781,9.79E-11,7.135,0.576578335
Lophocebus_albigena,GX014656.MP4_17839,3,0.111,10.8,NA,41.79833333,138.886,106.365,63.86133333,53.356,121.971,86.926,80.08133333,83.66966667,130.3456667,119.0183333,107.3476667,128.79,146.4566667,169.0136667,146.9133333,59.989,121.4293333,142.856,95.723,32.99833333,133.6573333,156.329,56.38666667,0.000435352,Cordia,133.8477778,130.4008889,101.65,85.6045,25.02733333,16.915,95.79166667,41.87133334,90.52666667,43.48633337,0.017712749,0.187381315,unknown,adult,-0.1854494,-0.324780757,0.240796404,0.12992794,0.007481467,0.001808088,-0.462356993,-1.53E-16,-1.34E-10,-1.59E-16,1.05E-08,-0.707106781,9.79E-11,7.135,0.576578335
Lophocebus_albigena,GX014656.MP4_17839,4,0.111,10.8,NA,32.26666667,130.2866667,95.801,57.475,49.289,127.479,80.059,75.15033333,68.11166667,111.8733333,99.385,103.76,93.51066667,124.6313333,NA,131.4973333,62.128,126.6243333,140.1226667,90.787,43.22,120.396,144.3203333,76.50633333,0.000435352,Cordia,123.8838889,123.213,104.0018333,80.6175,-1.993,2.807666667,50.29066667,35.845,54.991,46.285,0.017712749,0.187381315,unknown,adult,-0.1854494,-0.324780757,0.240796404,0.12992794,0.007481467,0.001808088,-0.462356993,-1.53E-16,-1.34E-10,-1.59E-16,1.05E-08,-0.707106781,9.79E-11,7.135,0.576578335
Lophocebus_albigena,GX014704.MP4_5380,1,0.152,-14,NA,32.11466667,119.9803333,NA,62.344,38.98766667,106.8276667,NA,77.37133333,87.563,112.7716667,124.8683333,122.55,101.4093333,129.4053333,NA,132.4,58.38933333,127.344,NA,86.86433333,32.63833333,125.15,153.928,63.783,0.000161112,Erythrina,127.2997778,113.1932222,98.0915,92.447,2.061333333,13.15266667,68.771,55.44833333,68.617,60.206,0.029704274,-0.241921896,unknown,adult,-0.1854494,-0.324780757,0.240796404,0.12992794,0.007481467,0.001808088,-0.462356993,-1.53E-16,-1.34E-10,-1.59E-16,1.05E-08,-0.707106781,9.79E-11,7.135,0.789548711
Lophocebus_albigena,GX014708.MP4_10120,1,0.039,15,NA,26.008,125.9673333,101.301,53.516,34.606,99.11533333,66.939,79.55866667,61.69,89.46766667,99.253,111.1313333,102.0943333,121.247,157.993,136.762,78.02866667,108.9423333,124.0186667,116.679,39.157,110.4056667,138.357,74.17833333,0.003022553,Erythrina,113.5316667,104.8501111,105.4701667,82.32366667,12.30466667,26.852,62.93733333,35.682,62.58366667,57.6153333,0.034074174,0.258819045,unknown,adult,-0.1854494,-0.324780757,0.240796404,0.12992794,0.007481467,0.001808088,-0.462356993,-1.53E-16,-1.34E-10,-1.59E-16,1.05E-08,-0.707106781,9.79E-11,7.135,0.202581577
Lophocebus_albigena,GX014732.MP4_149,1,0.042,-39.2,NA,20.28566667,87.344,77.223,56.548,37.736,91.54933333,45.48733333,79.78266667,95.64066667,115.3853333,133.1056667,136.6476667,89.363,93.54233333,166.8256667,143.3743333,41.773,88.15566667,144.4226667,99.95566667,12.849,109.139,172.9616667,48.953,0.002855006,Erythrina,96.94566667,98.09288889,96.16366667,96.59783333,5.386666667,-4.205333333,76.514,75.355,94.42133333,80.0996667,0.225055511,-0.632029303,unknown,adult,-0.1854494,-0.324780757,0.240796404,0.12992794,0.007481467,0.001808088,-0.462356993,-1.53E-16,-1.34E-10,-1.59E-16,1.05E-08,-0.707106781,9.79E-11,7.135,0.218164775
Lophocebus_albigena,GX014954.MP4_1,1,0.083,-11,NA,31.017,136.5923333,90.35066667,52.674,43.40333333,113.5066667,66.058,76.97933333,65.55566667,83.99633333,89.134,125.0056667,96.22933333,123.9753333,143.7546667,127.246,63.45133333,114.3463333,138.62,99.49466667,17.14066667,104.4186667,NA,63.43533333,0.001249359,Ficus_natalensis,114.2467778,111.3651111,95.34066667,88.83983333,9.629,23.08566667,79.08866667,34.53866667,63.81066667,72.3316667,0.018372817,-0.190808995,unknown,adult,-0.1854494,-0.324780757,0.240796404,0.12992794,0.007481467,0.001808088,-0.462356993,-1.53E-16,-1.34E-10,-1.59E-16,1.05E-08,-0.707106781,9.79E-11,7.135,0.431135151
Lophocebus_albigena,GX014954.MP4_1500,1,0.07,-39.2,NA,26.28866667,115.0293333,110.5133333,50.52166667,31.32233333,98.70733333,89.59233333,68.42466667,49.72033333,79.675,95.30566667,102.5813333,78.59233333,114.5286667,157.8986667,117.3843333,38.18466667,100.3163333,147.0863333,86.15266667,33.69166667,107.9593333,147.3543333,71.25033333,0.001517962,Ficus_natalensis,107.6014444,97.80388889,94.31733333,76.5515,14.21233333,16.322,44.90066667,23.43166666,46.134,52.05966663,0.225055511,-0.632029303,unknown,adult,-0.1854494,-0.324780757,0.240796404,0.12992794,0.007481467,0.001808088,-0.462356993,-1.53E-16,-1.34E-10,-1.59E-16,1.05E-08,-0.707106781,9.79E-11,7.135,0.363607959
Lophocebus_albigena,GX014959.MP4_8867,1,0.083,-11,NA,29.90233333,114.5236667,101.3296667,61.25366667,53.01266667,115.0386667,85.27666667,NA,72.20333333,98.40533333,123.3943333,118.6436667,53.454,95.68566667,153.7306667,111.516,53.52133333,121.7116667,119.335,88.958,31.02933333,130.3763333,143.6593333,55.67466667,0.001249359,Ficus_natalensis,115.9245556,109.3225556,83.59533333,89.94866667,-26.026,-0.515,22.42466667,42.301,55.84133333,57.39000003,0.018372817,-0.190808995,unknown,adult,-0.1854494,-0.324780757,0.240796404,0.12992794,0.007481467,0.001808088,-0.462356993,-1.53E-16,-1.34E-10,-1.59E-16,1.05E-08,-0.707106781,9.79E-11,7.135,0.431135151
Lophocebus_albigena,GX014975.MP4_1113,1,0.091,-42.9,NA,31.72533333,139.266,103.4436667,57.66233333,NA,NA,NA,NA,57.871,74.453,86.45333333,110.9053333,NA,NA,NA,NA,NA,NA,NA,NA,NA,NA,NA,NA,0.001099529,Ficus_natalensis,NA,NA,NA,84.28383333,NA,NA,NA,26.14566667,NA,53.24299997,0.267457101,-0.680720869,unknown,adult,-0.1854494,-0.324780757,0.240796404,0.12992794,0.007481467,0.001808088,-0.462356993,-1.53E-16,-1.34E-10,-1.59E-16,1.05E-08,-0.707106781,9.79E-11,7.135,0.472690347
Lophocebus_albigena,GX014978.MP4_1,1,0.198,32.4,NA,29.95266667,102.0516667,71.52566667,71.98033333,38.43066667,99.536,55.81,80.731,101.62,122.7746667,130.195,132.0823333,65.794,89.08333333,145.2033333,145.679,49.544,99.27733333,NA,104.7373333,24.534,132.0746667,172.89,48.93866667,0.000206324,Ficus_natalensis,106.8117778,108.1207778,97.30883333,102.0313333,-10.194,2.515666667,41.26,71.66733333,96.74033333,60.10199997,0.155672074,0.535826795,unknown,adult,-0.1854494,-0.324780757,0.240796404,0.12992794,0.007481467,0.001808088,-0.462356993,-1.53E-16,-1.34E-10,-1.59E-16,1.05E-08,-0.707106781,9.79E-11,7.135,1.028491084
Lophocebus_albigena,GX014978.MP4_1,2,0.198,32.4,NA,22.41833333,90.858,67.54433333,70.33266667,33.303,81.68133333,48.35233333,84.51533333,110.67,131.802,142.3273333,138.5083333,84.44833333,97.27033333,NA,149.4963333,42.35066667,109.0506667,122.6493333,80.24033333,26.60033333,135.72,168.0726667,47.483,0.000206324,Ficus_natalensis,114.0136667,101.4471111,98.48966667,104.4205,-11.78033333,9.176666667,57.848,88.25166667,102.0133333,68.17566663,0.155672074,0.535826795,unknown,adult,-0.1854494,-0.324780757,0.240796404,0.12992794,0.007481467,0.001808088,-0.462356993,-1.53E-16,-1.34E-10,-1.59E-16,1.05E-08,-0.707106781,9.79E-11,7.135,1.028491084
Lophocebus_albigena,GX014978.MP4_1,3,0.198,32.4,NA,32.56633333,95.551,NA,76.64233333,40.934,91.67033333,42.639,83.43833333,99.39866667,126.497,140.427,126.9526667,63.20933333,108.6313333,NA,118.6113333,39.08366667,97.94,NA,94.90133333,23.63033333,136.535,173.5416667,44.80266667,0.000206324,Ficus_natalensis,114.3687778,104.5727778,81.707,101.7975,10.69133333,3.880666667,39.579,66.83233334,73.80866667,50.31033337,0.155672074,0.535826795,unknown,adult,-0.1854494,-0.324780757,0.240796404,0.12992794,0.007481467,0.001808088,-0.462356993,-1.53E-16,-1.34E-10,-1.59E-16,1.05E-08,-0.707106781,9.79E-11,7.135,1.028491084
Lophocebus_albigena,GX014978.MP4_1,4,0.198,32.4,NA,24.34566667,97.38333333,NA,66.96533333,29.13933333,91.275,51.20666667,80.49033333,94.216,117.7506667,128.676,127.2313333,37.928,73.47666667,NA,127.3226667,29.66233333,78.55266667,NA,99.96266667,28.48566667,129.0643333,NA,52.52633333,0.000206324,Ficus_natalensis,93.69788889,102.1363333,89.9245,97.09833333,-5.076,6.108333333,9.442333333,69.87033333,74.79633333,60.26599997,0.155672074,0.535826795,unknown,adult,-0.1854494,-0.324780757,0.240796404,0.12992794,0.007481467,0.001808088,-0.462356993,-1.53E-16,-1.34E-10,-1.59E-16,1.05E-08,-0.707106781,9.79E-11,7.135,1.028491084
Lophocebus_albigena,GX014978.MP4_1009,1,0.139,-10.5,NA,27.87466667,135.0906667,NA,48.26866667,38.71833333,100.6056667,NA,82.411,57.275,73.78133333,87.46033333,122.5293333,116.1486667,144.3603333,151.9553333,139.31,45.82066667,99.09433333,133.489,96.58966667,20.12033333,99.46133333,124.7846667,58.616,0.000520527,Ficus_natalensis,114.3053333,103.1592222,98.963,85.399,45.266,34.485,96.02833333,29.40033333,80.694,74.26066663,0.016745092,-0.182235525,unknown,adult,-0.1854494,-0.324780757,0.240796404,0.12992794,0.007481467,0.001808088,-0.462356993,-1.53E-16,-1.34E-10,-1.59E-16,1.05E-08,-0.707106781,9.79E-11,7.135,0.722021519
Lophocebus_albigena,GX014978.MP4_1009,2,0.139,-10.5,NA,22.109,139.122,108.3206667,36.11,44.63433333,94.82933333,78.257,81.99233333,74.407,89.34366667,69.52733333,132.035,NA,NA,NA,NA,NA,NA,NA,NA,24.55933333,117.2213333,130.7186667,55.579,0.000520527,Ficus_natalensis,NA,107.765,NA,84.0725,NA,44.29266667,NA,52.298,NA,95.925,0.016745092,-0.182235525,unknown,adult,-0.1854494,-0.324780757,0.240796404,0.12992794,0.007481467,0.001808088,-0.462356993,-1.53E-16,-1.34E-10,-1.59E-16,1.05E-08,-0.707106781,9.79E-11,7.135,0.722021519
Lophocebus_albigena,GX014978.MP4_1009,3,0.139,-10.5,NA,32.34833333,141.0766667,112.4206667,51.865,51.395,110.7163333,83.286,87.52566667,NA,123.132,96.74666667,NA,134.511,156.2196667,153.645,150.6836667,57.18166667,122.864,124.7293333,96.42266667,29.20433333,121.0183333,136.8156667,61.51366667,0.000520527,Ficus_natalensis,133.3673333,124.975,106.0986667,NA,33.35566667,30.36033333,105.3066667,NA,89.17,NA,0.016745092,-0.182235525,unknown,adult,-0.1854494,-0.324780757,0.240796404,0.12992794,0.007481467,0.001808088,-0.462356993,-1.53E-16,-1.34E-10,-1.59E-16,1.05E-08,-0.707106781,9.79E-11,7.135,0.722021519
Lophocebus_albigena,GX014979.MP4_832,1,0.07,-39.2,NA,29.09733333,139.2626667,97.674,47.46033333,44.668,105.1906667,59.80433333,NA,57.286,79.66433333,105.514,118.7706667,88.72633333,121.7636667,157.8026667,119.8503333,67.07166667,107.8813333,151.9243333,103.7326667,37.967,104.9963333,146.3246667,75.19766667,0.001517962,Ficus_natalensis,111.5471111,108.0392222,97.524,83.1155,13.88233333,34.072,50.75933333,28.18866667,44.65266667,71.31033337,0.225055511,-0.632029303,unknown,adult,-0.1854494,-0.324780757,0.240796404,0.12992794,0.007481467,0.001808088,-0.462356993,-1.53E-16,-1.34E-10,-1.59E-16,1.05E-08,-0.707106781,9.79E-11,7.135,0.363607959
Papio_anubis,GX010308.MP4_2194,1,0.127,-18.6,NA,32.93166667,134.143,112.236,60.58366667,35.59233333,93.01466667,83.54733333,89.417,41.00733333,57.85766667,65.66933333,114.038,96.90833333,151.6606667,144.6223333,114.0706667,46.64733333,113.773,120.6763333,84.84433333,17.943,98.62433333,121.3523333,82.126,0.000422955,Prunus_africana,121.3526667,95.00511111,98.09833333,87.31083333,37.88766667,41.12833333,78.96533333,8.07566666,31.94466667,53.45433333,0.05223159,-0.318959309,f,adult,-0.1854494,-0.324780757,0.240796404,0.12992794,0.007481467,0.001808088,-0.462356993,-4.20E-17,-1.34E-10,5.07E-16,1.05E-08,0.707106781,9.79E-11,19.2,0.474282002
Papio_anubis,GX010323.MP4_2471,1,0.062,10.2,NA,50.171,113.5736667,92.57733333,86.77633333,54.666,107.4263333,97.061,97.63533333,98.977,111.2563333,121.8136667,133.901,83.90133333,139.456,140.731,105.92,61.20733333,140.7473333,164.1526667,79.95566667,35.31666667,142.9553333,142.5656667,54.81366667,0.001063847,Prunus_africana,141.0528889,110.7521111,80.36683333,110.3386667,-1.291333333,6.147333333,48.58466667,48.806,51.10633333,47.12466667,0.015804392,0.17708474,f,juvenile,-0.1854494,-0.324780757,0.240796404,0.12992794,0.007481467,0.001808088,-0.462356993,-4.20E-17,-1.34E-10,5.07E-16,1.05E-08,0.707106781,9.79E-11,19.2,0.231539245
Papio_anubis,GX010323.MP4_2471,2,0.062,10.2,NA,43.93633333,116.385,79.406,80.514,58.37633333,123.6416667,91.46066667,91.581,82.844,89.779,98.21866667,128.1446667,95.39466667,146.9476667,148.0033333,111.5656667,61.694,148.461,166.2366667,76.34333333,39.56066667,157.1773333,129.5383333,48.927,0.001063847,Prunus_africana,150.862,109.9352222,80.24633333,104.3293333,-1.513333333,-7.256666667,55.834,38.90766667,62.63866667,47.6306667,0.015804392,0.17708474,f,juvenile,-0.1854494,-0.324780757,0.240796404,0.12992794,0.007481467,0.001808088,-0.462356993,-4.20E-17,-1.34E-10,5.07E-16,1.05E-08,0.707106781,9.79E-11,19.2,0.231539245
Papio_anubis,GX010323.MP4_2471,3,0.062,10.2,NA,44.60166667,114.4623333,100.9583333,85.774,50.46733333,107.6576667,97.22366667,93.79,87.34366667,97.03833333,99.70366667,129.054,98.65633333,163.766,151.0256667,108.2176667,66.61866667,140.6446667,155.279,83.79566667,43.848,118.98,131.0743333,81.28366667,0.001063847,Prunus_africana,141.1302222,106.3861111,94.75066667,107.414,23.12133333,6.804666667,54.80833333,42.742,26.934,43.28,0.015804392,0.17708474,f,juvenile,-0.1854494,-0.324780757,0.240796404,0.12992794,0.007481467,0.001808088,-0.462356993,-4.20E-17,-1.34E-10,5.07E-16,1.05E-08,0.707106781,9.79E-11,19.2,0.231539245
Papio_anubis,GX010323.MP4_2471,4,0.062,10.2,NA,61.905,106.4063333,82.56033333,106.193,62.706,128.4253333,79.028,89.09833333,69.43466667,77.72233333,92.66333333,119.929,124.6796667,155.317,144.8336667,141.3103333,51.31566667,122.9256667,142.4066667,84.88466667,37.85666667,151.4576667,121.1036667,51.72533333,0.001063847,Prunus_africana,143.2334444,104.1846667,96.51783333,113.061,32.39133333,-22.019,86.823,7.52966667,89.585,13.736,0.015804392,0.17708474,f,juvenile,-0.1854494,-0.324780757,0.240796404,0.12992794,0.007481467,0.001808088,-0.462356993,-4.20E-17,-1.34E-10,5.07E-16,1.05E-08,0.707106781,9.79E-11,19.2,0.231539245
Papio_anubis,GX010323.MP4_2471,5,0.062,10.2,NA,35.16433333,104.222,96.00733333,77.12866667,58.935,109.868,77.38,97.07766667,62.74833333,89.41833333,87.679,106.6573333,58.161,123.1653333,153.959,91.46466667,87.563,111.759,152.4073333,88.165,37.04266667,150.4263333,139.7446667,53.35,0.001063847,Prunus_africana,128.4502222,101.1694444,72.40733333,91.893,11.40633333,-5.646,21.11833333,27.584,38.11466667,29.52866663,0.015804392,0.17708474,f,juvenile,-0.1854494,-0.324780757,0.240796404,0.12992794,0.007481467,0.001808088,-0.462356993,-4.20E-17,-1.34E-10,5.07E-16,1.05E-08,0.707106781,9.79E-11,19.2,0.231539245
Papio_anubis,GX010323.MP4_2471,6,0.062,10.2,NA,45.359,114.94,87.26666667,80.566,36.89233333,36.53566667,117.258,93.724,90.14166667,102.214,107.8703333,134.3333333,81.97466667,111.816,137.2056667,111.628,57.00966667,129.6816667,116.5213333,74.38366667,39.63233333,155.8046667,145.4066667,49.48333333,0.001063847,Prunus_africana,132.4341111,84.56322222,80.55566667,107.4496667,-17.86566667,78.40433333,42.34233333,44.78266667,62.14466667,53.7673333,0.015804392,0.17708474,f,juvenile,-0.1854494,-0.324780757,0.240796404,0.12992794,0.007481467,0.001808088,-0.462356993,-4.20E-17,-1.34E-10,5.07E-16,1.05E-08,0.707106781,9.79E-11,19.2,0.231539245
Papio_anubis,GX010344.MP4_6290,1,0.041,23.3,NA,41.116,115.3856667,70.96066667,80.79566667,51.72333333,117.2746667,60.21166667,88.56433333,135.1593333,126.5253333,129.2426667,170.666,62.16333333,126.6903333,166.648,91.78666667,65.307,125.452,145.9683333,93.85333333,91.98166667,151.6606667,87.46166667,49.57533333,0.002202416,Celtis_durandaii,134.601,119.7285556,70.681,125.7308333,1.238333333,-1.889,29.81833333,94.0433333,42.21133333,89.87033333,0.081553619,0.395545503,unknown,adult,-0.1854494,-0.324780757,0.240796404,0.12992794,0.007481467,0.001808088,-0.462356993,-4.20E-17,-1.34E-10,5.07E-16,1.05E-08,0.707106781,9.79E-11,19.2,0.153114662
Papio_anubis,GX010399.MP4_941,1,0.102,10.8,NA,48.90933333,NA,86.40666667,82.15533333,59.00166667,107.468,86.575,105.4786667,105.722,121.8016667,129.619,131.672,87.80966667,NA,177.6703333,104.9556667,62.81,NA,140.6706667,80.22133333,47.34666667,160.0406667,139.8676667,58.73933333,0.000571452,Cordia,NA,NA,81.8475,106.9136667,NA,NA,40.463,56.81266667,46.21633333,49.51666667,0.017712749,0.187381315,f,adult,-0.1854494,-0.324780757,0.240796404,0.12992794,0.007481467,0.001808088,-0.462356993,-4.20E-17,-1.34E-10,5.07E-16,1.05E-08,0.707106781,9.79E-11,19.2,0.380919403
Papio_anubis,GX010399.MP4_941,2,0.102,10.8,NA,44.705,108.642,89.51566667,85.52366667,57.203,105.217,79.55733333,98.91466667,92.744,114.2563333,132.815,126.8096667,67.49466667,118.698,167.969,105.1906667,57.47066667,126.264,154.8273333,91.762,26.82566667,128.4586667,163.553,54.476,0.000571452,Cordia,124.4735556,109.3717778,79.83333333,106.1666667,-7.566,3.425,40.669,48.039,50.71466667,41.28600003,0.017712749,0.187381315,f,adult,-0.1854494,-0.324780757,0.240796404,0.12992794,0.007481467,0.001808088,-0.462356993,-4.20E-17,-1.34E-10,5.07E-16,1.05E-08,0.707106781,9.79E-11,19.2,0.380919403
Papio_anubis,GX010399.MP4_941,3,0.102,10.8,NA,36.30766667,110.7556667,84.07533333,72.41766667,49.57566667,116.7303333,88.899,84.51133333,111.581,114.472,88.75733333,147.4516667,91.766,134.0083333,168.0193333,118.542,55.30566667,126.18,157.7626667,88.76933333,NA,NA,158.4506667,NA,0.000571452,Cordia,NA,113.986,NA,109.9346667,7.828333333,-5.974666667,NA,75.27333333,NA,75.03400003,0.017712749,0.187381315,f,adult,-0.1854494,-0.324780757,0.240796404,0.12992794,0.007481467,0.001808088,-0.462356993,-4.20E-17,-1.34E-10,5.07E-16,1.05E-08,0.707106781,9.79E-11,19.2,0.380919403
Papio_anubis,GX010400.MP4_5321,1,0.101,10.8,NA,38.259,132.5936667,111.1586667,63.07166667,51.636,104.7646667,91.796,89.05733333,NA,83.024,121.5466667,NA,88.77566667,149.1403333,146.3306667,107.9023333,59.56,130.121,121.714,88.503,32.39866667,132.9,NA,55.337,0.0005886,Cordia,137.3871111,106.7941111,81.61966667,NA,19.01933333,27.829,56.377,NA,52.56533333,NA,0.017712749,0.187381315,f,adult,-0.1854494,-0.324780757,0.240796404,0.12992794,0.007481467,0.001808088,-0.462356993,-4.20E-17,-1.34E-10,5.07E-16,1.05E-08,0.707106781,9.79E-11,19.2,0.3771849
Papio_anubis,GX010401.MP4_7773,1,0.102,10.8,NA,46.05166667,145.2723333,110.9983333,66.13733333,53.97,107.893,74.45333333,92.90333333,77.70266667,64.64433333,73.61333333,148.7536667,105.3273333,167.446,146.5426667,118.1086667,66.59366667,141.6696667,127.062,88.45733333,33.18666667,135.3066667,167.453,60.884,0.000571452,Cordia,148.1407778,105.9365556,89.49633333,107.4455,25.77633333,37.37933333,72.14066667,31.651,57.22466667,82.61633337,0.017712749,0.187381315,unknown,juvenile,-0.1854494,-0.324780757,0.240796404,0.12992794,0.007481467,0.001808088,-0.462356993,-4.20E-17,-1.34E-10,5.07E-16,1.05E-08,0.707106781,9.79E-11,19.2,0.380919403
Papio_anubis,GX010401.MP4_8173,1,0.103,-11.2,NA,61.108,146.741,112.253,79.719,60.171,124.8386667,87.875,91.061,99.10466667,103.75,120.26,135.515,99.58833333,165.9813333,132.977,108.5273333,70.80433333,155.182,124.302,83.92666667,50.692,149.187,135.8803333,65.16466667,0.000554802,Cordia,156.7834444,125.1098889,86.846,107.617,10.79933333,21.90233333,48.89633333,37.99666667,43.36266667,55.796,0.019044845,-0.194234351,unknown,juvenile,-0.1854494,-0.324780757,0.240796404,0.12992794,0.007481467,0.001808088,-0.462356993,-4.20E-17,-1.34E-10,5.07E-16,1.05E-08,0.707106781,9.79E-11,19.2,0.384653907
Papio_anubis,GX010401.MP4_8173,2,0.103,-11.2,NA,58.405,137.8973333,119.4623333,81.261,52.39033333,99.921,110.5086667,99.61533333,91.17233333,108.21,113.8933333,126.5553333,99.76,163.6793333,132.6873333,108.062,74.49166667,156.7136667,117.878,89.072,67.50433333,104.2876667,171.981,102.6793333,0.000554802,Cordia,141.5602222,115.3427778,105.3706667,103.9081667,6.965666667,37.97633333,32.25566667,32.76733333,5.382666667,45.2943333,0.019044845,-0.194234351,unknown,juvenile,-0.1854494,-0.324780757,0.240796404,0.12992794,0.007481467,0.001808088,-0.462356993,-4.20E-17,-1.34E-10,5.07E-16,1.05E-08,0.707106781,9.79E-11,19.2,0.384653907
Papio_anubis,GX010403.MP4_5619,1,0.101,10.8,NA,43.76566667,112.2526667,96.791,81.05166667,61.177,114.5183333,87.126,97.33433333,53.03833333,113.2943333,74.07633333,89.13366667,87.89766667,153.535,139.0163333,100.744,71.43566667,154.018,125.4393333,86.471,38.646,142.907,140.806,62.932,0.0005886,Cordia,150.1533333,113.3551111,81.838,85.09266667,-0.483,-2.265666667,49.25166667,9.27266666,37.812,8.082,0.017712749,0.187381315,f,adult,-0.1854494,-0.324780757,0.240796404,0.12992794,0.007481467,0.001808088,-0.462356993,-4.20E-17,-1.34E-10,5.07E-16,1.05E-08,0.707106781,9.79E-11,19.2,0.3771849
Papio_anubis,GX010403.MP4_5619,2,0.101,10.8,NA,41.613,120.8686667,104.3666667,75.315,53.178,115.8423333,106.9316667,92.926,61.569,124.0713333,94.54433333,93.42633333,94.25866667,145.7143333,146.88,115.0916667,52.52966667,129.602,156.0186667,82.77733333,37.37733333,144.7313333,129.0096667,54.528,0.0005886,Cordia,140.0158889,120.2607778,84.80983333,84.37066667,16.11233333,5.026333333,56.88133333,19.956,60.56366667,18.11133333,0.017712749,0.187381315,f,adult,-0.1854494,-0.324780757,0.240796404,0.12992794,0.007481467,0.001808088,-0.462356993,-4.20E-17,-1.34E-10,5.07E-16,1.05E-08,0.707106781,9.79E-11,19.2,0.3771849
Papio_anubis,GX010410.MP4_1953,1,0.064,2.3,NA,46,113.1043333,90.858,86.756,52.18633333,109.9316667,NA,92.244,107.1793333,122.199,133.0886667,134.7383333,53.99333333,105.5313333,147.4983333,104.5703333,41.37866667,109.942,150.82,82.29733333,22.72033333,141.663,148.7073333,42.47733333,0.001034078,Prunus_africana,119.0454444,115.0783333,73.52383333,110.7471667,-4.410666667,3.172666667,31.273,61.1793333,62.093,47.9823333,0.000805605,0.040131793,unknown,juvenile,-0.1854494,-0.324780757,0.240796404,0.12992794,0.007481467,0.001808088,-0.462356993,-4.20E-17,-1.34E-10,5.07E-16,1.05E-08,0.707106781,9.79E-11,19.2,0.239008253
Papio_anubis,GX010410.MP4_1953,2,0.064,2.3,NA,48.04766667,119.453,100.759,83.95966667,55.39566667,115.275,107.8786667,94.88833333,NA,133.3796667,131.613,NA,80.62,142.074,163.358,103.735,57.8,124.666,148.913,86.137,43.09666667,143.2926667,NA,59.83,0.001034078,Prunus_africana,136.6775556,122.7025556,81.7825,NA,17.408,4.178,37.52333333,NA,43.905,NA,0.000805605,0.040131793,unknown,juvenile,-0.1854494,-0.324780757,0.240796404,0.12992794,0.007481467,0.001808088,-0.462356993,-4.20E-17,-1.34E-10,5.07E-16,1.05E-08,0.707106781,9.79E-11,19.2,0.239008253
Papio_anubis,GX015008.MP4_401,1,0.133,-8.6,NA,58.97,152.8113333,113.472,73.117,61.04666667,137.9813333,83.037,84.821,80.468,95.978,88.438,129.6916667,109.374,159.5276667,129.2616667,122.272,65.721,148.184,168.647,84.12033333,40.56333333,130.665,125.6406667,68.21033333,0.000388434,Prunus_africana,146.1255556,128.9235556,95.24116667,101.4043333,11.34366667,14.83,68.81066667,21.498,54.06166667,56.5746667,0.011243619,-0.149535343,f,adult,-0.1854494,-0.324780757,0.240796404,0.12992794,0.007481467,0.001808088,-0.462356993,-4.20E-17,-1.34E-10,5.07E-16,1.05E-08,0.707106781,9.79E-11,19.2,0.496689026
Papio_anubis,GX015008.MP4_2518,1,0.133,8.6,NA,52.895,137.672,NA,74.647,63.49666667,127.137,64.45733333,93.44533333,78.21833333,108.5263333,83.36466667,116.5586667,52.792,97.70233333,150.0943333,105.1543333,43.388,106.0293333,171.1436667,87.107,26.56466667,115.335,107.105,59.28633333,0.000388434,Prunus_africana,106.3555556,124.4451111,82.22033333,95.60283333,-8.327,10.535,26.22733333,25.32333333,45.868,41.9116667,0.011243619,0.149535343,f,adult,-0.1854494,-0.324780757,0.240796404,0.12992794,0.007481467,0.001808088,-0.462356993,-4.20E-17,-1.34E-10,5.07E-16,1.05E-08,0.707106781,9.79E-11,19.2,0.496689026
Papio_anubis,GX015012.MP4_19018,1,0.047,26.3,NA,48.64266667,109.0373333,102.4933333,90.79033333,54.07966667,105.4933333,99.49433333,103.8453333,143.67,155.674,170.6373333,163.6236667,82.509,138.212,125.4593333,107.1366667,61.569,123.154,140.715,90.45233333,31.427,157.007,139.1736667,43.361,0.001316199,Prunus_africana,139.4576667,123.4015556,75.24883333,127.207,15.058,3.544,51.082,95.02733333,63.77566667,72.83333337,0.10351357,0.443071191,m,juvenile,-0.1854494,-0.324780757,0.240796404,0.12992794,0.007481467,0.001808088,-0.462356993,-4.20E-17,-1.34E-10,5.07E-16,1.05E-08,0.707106781,9.79E-11,19.2,0.175521686
Papio_anubis,GX015012.MP4_19018,2,0.047,26.3,NA,42.86133333,109.6983333,95.505,85.213,39.36366667,105.9993333,110.9593333,87.40133333,95.39633333,118.5693333,118.501,129.2336667,61.931,128.1116667,173.6353333,89.518,49.78066667,113.4123333,159.1573333,83.01166667,16.82,122.5183333,161.2646667,47.34833333,0.001316199,Prunus_africana,121.3474444,111.4223333,68.43316667,107.2233333,14.69933333,3.699,45.111,52.535,42.16966667,44.0206667,0.10351357,0.443071191,m,juvenile,-0.1854494,-0.324780757,0.240796404,0.12992794,0.007481467,0.001808088,-0.462356993,-4.20E-17,-1.34E-10,5.07E-16,1.05E-08,0.707106781,9.79E-11,19.2,0.175521686
Papio_anubis,GX015028.MP4_2563,1,0.112,-21.9,NA,62.87266667,142.1986667,85.427,86.27266667,55.794,130.0796667,92.83633333,87.79933333,74.27533333,74.69933333,123.7363333,116.5396667,83.10466667,149.6933333,155.0273333,98.17933333,77.10866667,135.3556667,158.457,96.65933333,NA,NA,NA,NA,0.000280579,Celtis_durandaii,NA,115.6592222,NA,101.4061667,14.33766667,12.119,NA,11.40266666,NA,30.26700003,0.072163746,-0.372987783,unknown,juvenile,-0.1854494,-0.324780757,0.240796404,0.12992794,0.007481467,0.001808088,-0.462356993,-4.20E-17,-1.34E-10,5.07E-16,1.05E-08,0.707106781,9.79E-11,19.2,0.418264443
Papio_anubis,GX015029.MP4_4705,1,0.148,-7.5,NA,57.70133333,NA,137.6236667,84.16066667,80.84966667,150.517,146.2603333,80.46433333,101.9023333,131.4606667,139.831,121.811,83.773,139.716,167.437,104.2886667,60.75366667,140.2436667,NA,87.82366667,32.88666667,118.4333333,120.5313333,63.75433333,9.87E-05,Celtis_durandaii,132.7976667,NA,84.0215,102.9858333,-0.527666667,NA,50.88633333,44.20099997,40.53433333,37.65033333,0.008555139,-0.130526192,m,adult,-0.1854494,-0.324780757,0.240796404,0.12992794,0.007481467,0.001808088,-0.462356993,-4.20E-17,-1.34E-10,5.07E-16,1.05E-08,0.707106781,9.79E-11,19.2,0.552706585
Papio_anubis,GX015031.MP4_6062,1,0.122,11,NA,60.558,113.101,81.72333333,101.1313333,NA,NA,NA,NA,50.94,86.51966667,74.023,94.68733333,80.88533333,137.9276667,142.4226667,103.876,73.494,145.2806667,132.263,89.344,NA,NA,NA,NA,0.000209904,Celtis_durandaii,NA,NA,NA,97.90933333,-7.353,NA,NA,9.618,NA,6.44399997,0.018372817,0.190808995,m,adult,-0.1854494,-0.324780757,0.240796404,0.12992794,0.007481467,0.001808088,-0.462356993,-4.20E-17,-1.34E-10,5.07E-16,1.05E-08,0.707106781,9.79E-11,19.2,0.455609483
Papio_anubis,GX015032.MP4_6839,1,0.122,11,NA,49.83966667,132.097,112.4713333,72.02733333,64.83533333,119.2936667,96.22266667,97.10033333,81.892,86.444,96.83233333,131.8823333,NA,NA,NA,NA,64.681,NA,161.5156667,87.028,NA,NA,NA,NA,0.000209904,Celtis_durandaii,NA,112.6115556,NA,101.9548333,NA,12.80333333,NA,32.05233333,NA,59.85499997,0.018372817,0.190808995,unknown,adult,-0.1854494,-0.324780757,0.240796404,0.12992794,0.007481467,0.001808088,-0.462356993,-4.20E-17,-1.34E-10,5.07E-16,1.05E-08,0.707106781,9.79E-11,19.2,0.455609483
Papio_anubis,GX015086.MP4_807,1,0.075,-22.9,NA,33.474,127.783,110.6116667,60.66366667,38.03866667,62.28533333,107.2656667,106.7946667,40.93833333,57.23333333,90.54733333,100.28,103.5356667,147.242,133.3876667,122.46,38.112,106.5493333,144.245,78.10233333,21.157,80.26266667,103.1516667,86.595,0.0002405,Diospyros_abyssinica,111.3513333,82.43388889,104.5275,80.47183333,40.69266667,65.49766667,82.37866667,7.46433333,35.865,39.61633333,0.078814594,-0.38912395,unknown,juvenile,-0.1854494,-0.324780757,0.240796404,0.12992794,0.007481467,0.001808088,-0.462356993,-4.20E-17,-1.34E-10,5.07E-16,1.05E-08,0.707106781,9.79E-11,19.2,0.280087797
Papio_anubis,GX015086.MP4_2519,1,0.075,-22.9,NA,36.86866667,140.207,127.0426667,60.52533333,30.41033333,75.45233333,107.031,94.379,35.26433333,77.314,97.94766667,92.14633333,103.0826667,157.0833333,143.8873333,115.5066667,45.44433333,112.2093333,148.8056667,78.26866667,27.27266667,67.676,98.053,95.45266667,0.0002405,Diospyros_abyssinica,112.3228889,97.65777778,105.4796667,76.33583333,44.874,64.75466667,75.81,1.60433334,20.054,31.621,0.078814594,-0.38912395,unknown,adult,-0.1854494,-0.324780757,0.240796404,0.12992794,0.007481467,0.001808088,-0.462356993,-4.20E-17,-1.34E-10,5.07E-16,1.05E-08,0.707106781,9.79E-11,19.2,0.280087797
Piliocolobus_badius,GX011065.MP4_7082,1,0.05,-12.2,NA,37.54933333,136.1993333,90.511,58.26333333,40.13566667,104.419,111.355,78.35,64.58933333,98.23933333,116.8016667,105.445,87.911,111.7643333,148.6523333,125.9026667,56.45066667,118.373,124.6636667,94.62133333,29.80733333,112.3893333,151.347,66.22466667,0.001382008,Celtis_africana,114.1755556,112.9525556,96.06366667,81.85416667,-6.608666667,31.78033333,58.10366667,27.04,59.678,47.18166667,0.022584106,-0.211324796,unknown,adult,-0.166643476,-0.258380218,-0.786312543,-0.443660152,-0.037530186,-0.009252904,-0.13200442,-4.61E-16,-8.31E-10,9.78E-17,7.65E-09,6.14E-18,2.73E-10,8.365,0.24630961
Piliocolobus_badius,GX011089.MP4_3026,1,0.247,-18.9,NA,45.01966667,112.791,73.46566667,82.35833333,44.354,98.20566667,51.27133333,95.03033333,94.77366667,106.0796667,85.57166667,136.7983333,50.68533333,115.269,NA,85.13666667,44.152,101.8423333,129.6853333,87.83633333,38.95966667,118.4416667,156.253,71.014,0.000176165,Fagara,111.851,105.6921111,78.07533333,109.5783333,13.42666667,14.58533333,11.72566667,49.754,14.12266667,54.43999997,0.053914641,-0.323917418,unknown,adult,-0.166643476,-0.258380218,-0.786312543,-0.443660152,-0.037530186,-0.009252904,-0.13200442,-4.61E-16,-8.31E-10,9.78E-17,7.65E-09,6.14E-18,2.73E-10,8.365,1.216769472
Piliocolobus_badius,GX011089.MP4_3026,2,0.247,-18.9,NA,49.88666667,123.414,100.1486667,80.40433333,34.889,96.035,54.94033333,95.008,108.2876667,122.434,88.09733333,139.1523333,94.00333333,132.4073333,138.6023333,115.975,63.06666667,123.242,118.0463333,92.047,29.22666667,130.5,121.866,54.24766667,0.000176165,Fagara,128.7164444,113.961,85.11133333,109.7783333,9.165333333,27.379,64.77666667,58.40100003,61.72733333,58.74799997,0.053914641,-0.323917418,unknown,adult,-0.166643476,-0.258380218,-0.786312543,-0.443660152,-0.037530186,-0.009252904,-0.13200442,-4.61E-16,-8.31E-10,9.78E-17,7.65E-09,6.14E-18,2.73E-10,8.365,1.216769472
Piliocolobus_badius,GX011089.MP4_3026,3,0.247,-18.9,NA,51.46533333,107.5336667,89.474,92.80166667,50.312,89.20933333,82.605,110.748,101.7953333,127.1046667,99.24733333,131.7356667,81.579,119.9833333,139.0526667,115.2573333,37.95166667,89.99233333,128.5013333,90.84333333,28.22666667,113.0993333,124.7313333,57.833,0.000176165,Fagara,107.6916667,107.9492222,86.54516667,112.2686667,29.991,18.32433333,53.35233333,50.32999997,57.42433333,38.93400003,0.053914641,-0.323917418,unknown,adult,-0.166643476,-0.258380218,-0.786312543,-0.443660152,-0.037530186,-0.009252904,-0.13200442,-4.61E-16,-8.31E-10,9.78E-17,7.65E-09,6.14E-18,2.73E-10,8.365,1.216769472
Piliocolobus_badius,GX011089.MP4_3934,1,0.247,-18.9,NA,33.65,99.57466667,88.875,74.71433333,33.247,86.08666667,52.00433333,93.488,84.889,103.704,70.01833333,125.4353333,65.33966667,98.49333333,158.8976667,110.352,50.00166667,104.8923333,138.052,93.77033333,25.322,125.475,157.3403333,55.92833333,0.000176165,Fagara,109.6202222,96.45511111,83.14016667,100.0748333,-6.399,13.488,40.01766667,51.239,54.42366667,50.72099997,0.053914641,-0.323917418,unknown,adult,-0.166643476,-0.258380218,-0.786312543,-0.443660152,-0.037530186,-0.009252904,-0.13200442,-4.61E-16,-8.31E-10,9.78E-17,7.65E-09,6.14E-18,2.73E-10,8.365,1.216769472
Piliocolobus_badius,GX011089.MP4_3934,2,0.247,-18.9,NA,39.98566667,91.57866667,57.666,84.681,41.14266667,85.658,45.33,97.23466667,NA,108.994,64.202,NA,103.3456667,138.702,144.2243333,125.175,NA,NA,NA,125.7086667,NA,NA,NA,125.296,0.000176165,Fagara,NA,95.41022222,125.2355,NA,NA,5.920666667,NA,NA,0.121,NA,0.053914641,-0.323917418,unknown,adult,-0.166643476,-0.258380218,-0.786312543,-0.443660152,-0.037530186,-0.009252904,-0.13200442,-4.61E-16,-8.31E-10,9.78E-17,7.65E-09,6.14E-18,2.73E-10,8.365,1.216769472
Piliocolobus_badius,GX011153.MP4_1,1,0.073,-15.6,NA,26.852,116.4053333,113.83,54.269,47.767,100.7243333,77.017,84.92666667,80.2,99.97566667,106.443,126.6286667,116.5203333,153.4846667,NA,127.876,65.345,131.5843333,127.7006667,94.299,45.38,140.846,137.7186667,60.09233333,0.000903663,Prunus_africana,141.9716667,105.7017778,93.98416667,90.44883333,21.90033333,15.681,71.14033333,53.348,67.78366667,72.3596667,0.036837433,-0.268919821,unknown,adult,-0.166643476,-0.258380218,-0.786312543,-0.443660152,-0.037530186,-0.009252904,-0.13200442,-4.61E-16,-8.31E-10,9.78E-17,7.65E-09,6.14E-18,2.73E-10,8.365,0.35961203
Piliocolobus_badius,GX011156.MP4_869,1,0.138,40.7,NA,52.34933333,115.776,59.74933333,89.42066667,51.557,112.4143333,58.041,93.41833333,126.8153333,151.2023333,126.1476667,141.1923333,53.16933333,89.26066667,NA,93.35333333,49.857,95.28633333,NA,92.578,38.21633333,133.102,NA,59.95633333,0.000360803,Prunus_africana,105.883,126.4642222,76.65483333,115.3065,-6.025666667,3.361666667,14.953,74.46599997,33.397,51.77166663,0.241865664,0.652098404,unknown,adult,-0.166643476,-0.258380218,-0.786312543,-0.443660152,-0.037530186,-0.009252904,-0.13200442,-4.61E-16,-8.31E-10,9.78E-17,7.65E-09,6.14E-18,2.73E-10,8.365,0.679814523
Piliocolobus_badius,GX011156.MP4_869,2,0.138,40.7,NA,56.47133333,122.3293333,65.743,89.68333333,46.08466667,110.9036667,59.39,90.16,117.389,142.022,115.8336667,138.2706667,61.692,93.64033333,NA,105.4936667,43.43766667,88.69366667,NA,97.22266667,31.58333333,129.938,NA,54.38466667,0.000360803,Prunus_africana,104.0906667,125.085,79.93916667,113.977,4.946666667,11.42566667,30.10866667,60.91766667,51.109,48.58733337,0.241865664,0.652098404,unknown,adult,-0.166643476,-0.258380218,-0.786312543,-0.443660152,-0.037530186,-0.009252904,-0.13200442,-4.61E-16,-8.31E-10,9.78E-17,7.65E-09,6.14E-18,2.73E-10,8.365,0.679814523
Piliocolobus_badius,GX011171.MP4_51,1,0.062,15.5,NA,37.77233333,127.304,98.606,64.19166667,19.79166667,74.271,65.90733333,100.3886667,117.0503333,133.022,128.6673333,141.729,68.75633333,116.4153333,NA,106.3533333,51.81066667,103.5073333,NA,91.79066667,25.53833333,133.3993333,163.035,46.895,0.001859263,Cordia,117.774,111.5323333,76.62416667,102.9603333,12.908,53.033,43.218,79.27799997,59.45833333,77.53733333,0.036369547,0.267238376,unknown,adult,-0.166643476,-0.258380218,-0.786312543,-0.443660152,-0.037530186,-0.009252904,-0.13200442,-4.61E-16,-8.31E-10,9.78E-17,7.65E-09,6.14E-18,2.73E-10,8.365,0.305423916
Piliocolobus_badius,GX011176.MP4_1,1,0.029,3.6,NA,32.60766667,138.1303333,102.2226667,54.494,40.60933333,110.0053333,59.95933333,78.46433333,71.00566667,97.883,84.61733333,122.547,113.3216667,159.957,NA,124.244,77.21166667,140.7093333,114.3293333,100.782,17.21766667,109.4773333,159.7276667,65.35033333,0.004976808,Cordia,136.7145556,115.3395556,94.79716667,88.5205,19.24766667,28.125,96.104,38.398,58.89366667,68.053,0.001973272,0.06279052,unknown,adult,-0.166643476,-0.258380218,-0.786312543,-0.443660152,-0.037530186,-0.009252904,-0.13200442,-4.61E-16,-8.31E-10,9.78E-17,7.65E-09,6.14E-18,2.73E-10,8.365,0.142859574
Piliocolobus_badius,GX011176.MP4_1,2,0.015,3.6,NA,37.82833333,128.5463333,94.06133333,62.01866667,49.06033333,110.7876667,62.961,89.11866667,77.743,94.02633333,99.45866667,124.9206667,109.3916667,145.692,130.3076667,129.142,68.76733333,128.1983333,116.1026667,96.43533333,41.43366667,136.803,153.238,63.235,0.007418331,Cordia,136.8977778,111.1201111,96.1885,93.46966667,17.49366667,17.75866667,67.958,39.91466667,65.907,62.90200003,0.001973272,0.06279052,unknown,adult,-0.166643476,-0.258380218,-0.786312543,-0.443660152,-0.037530186,-0.009252904,-0.13200442,-4.61E-16,-8.31E-10,9.78E-17,7.65E-09,6.14E-18,2.73E-10,8.365,0.073892883
Piliocolobus_badius,GX011181.MP4_3284,1,0.015,3.6,NA,24.80833333,NA,77.02533333,59.00533333,24.77633333,57.04666667,51.68833333,99.415,29.498,37.09933333,67.12333333,129.207,89.663,124.764,130.5273333,125.7283333,61.488,107.3533333,122.318,101.867,26.16666667,135.6693333,174.923,50.095,0.007418331,Cordia,122.5955556,NA,87.91166667,94.10616667,17.41066667,NA,63.49633333,4.68966667,75.63333333,70.20166667,0.001973272,0.06279052,unknown,juvenile,-0.166643476,-0.258380218,-0.786312543,-0.443660152,-0.037530186,-0.009252904,-0.13200442,-4.61E-16,-8.31E-10,9.78E-17,7.65E-09,6.14E-18,2.73E-10,8.365,0.073892883
Piliocolobus_badius,GX011183.MP4_5699,3,0.029,3.6,NA,29.33933333,128.0096667,84.73333333,54.16633333,38.60166667,100.1983333,51.32833333,78.60433333,62.549,87.48466667,73.81633333,112.8706667,113.5166667,157.1526667,133.4336667,123.971,73.856,132.2683333,115.5723333,99.281,45.606,122.8993333,126.404,73.00666667,0.004976808,Cordia,137.4401111,105.2308889,98.48883333,83.5185,24.88433333,27.81133333,67.91066667,33.20966667,50.96433333,58.70433337,0.001973272,0.06279052,unknown,adult,-0.166643476,-0.258380218,-0.786312543,-0.443660152,-0.037530186,-0.009252904,-0.13200442,-4.61E-16,-8.31E-10,9.78E-17,7.65E-09,6.14E-18,2.73E-10,8.365,0.142859574
Piliocolobus_badius,GX011563.MP4_351,1,0.087,37.8,NA,29.815,113.2066667,79.75333333,63.05533333,41.726,83.24433333,71.876,90.20166667,84.049,84.474,102.7616667,131.44,101.0283333,119.3396667,126.654,137.5353333,61.21833333,129.578,109.688,92.25666667,32.75566667,136.7573333,134.6063333,53.812,0.000580479,Fagaropsis_angolensis,128.5583333,93.64166667,95.67366667,97.24766667,-10.23833333,29.96233333,68.27266667,54.234,83.72333333,68.38466667,0.209844988,0.612907054,unknown,adult,-0.166643476,-0.258380218,-0.786312543,-0.443660152,-0.037530186,-0.009252904,-0.13200442,-4.61E-16,-8.31E-10,9.78E-17,7.65E-09,6.14E-18,2.73E-10,8.365,0.428578721
Piliocolobus_badius,GX011566.MP4_1982,1,0.087,37.8,NA,29.16666667,97.59566667,87.75666667,67.30566667,42.20466667,99.652,66.29366667,81.66033333,69.40933333,76.16033333,85.798,118.4976667,74.13966667,117.5936667,157.354,106.5026667,58.49166667,126.665,137.213,91.90233333,47.679,147.502,154.5406667,67.631,0.000580479,Fagaropsis_angolensis,130.5868889,91.136,87.06683333,92.90166667,-9.071333333,-2.056333333,26.46066667,40.24266666,38.87166667,51.19200003,0.209844988,0.612907054,unknown,adult,-0.166643476,-0.258380218,-0.786312543,-0.443660152,-0.037530186,-0.009252904,-0.13200442,-4.61E-16,-8.31E-10,9.78E-17,7.65E-09,6.14E-18,2.73E-10,8.365,0.428578721
Piliocolobus_badius,GX011568.MP4_481,1,0.032,-18.4,NA,35.74366667,105.6286667,91.077,71.80233333,53.42766667,102.7506667,93.262,95.14366667,108.799,123.6046667,126.5513333,145.1046667,63.48566667,127.8113333,139.7113333,95.48966667,49.107,115.657,136.128,85.89866667,44.07866667,138.346,174.745,64.91766667,0.001581304,Fagaropsis_angolensis,127.2714444,110.6613333,80.20366667,108.4535,12.15433333,2.878,19.407,73.05533333,30.572,73.30233337,0.051123988,-0.315649037,unknown,adult,-0.166643476,-0.258380218,-0.786312543,-0.443660152,-0.037530186,-0.009252904,-0.13200442,-4.61E-16,-8.31E-10,9.78E-17,7.65E-09,6.14E-18,2.73E-10,8.365,0.15763815
Piliocolobus_badius,GX011570.MP4_265,1,0.058,-29.9,NA,NA,NA,NA,NA,74.82,86.51766667,87.67633333,117.7413333,78.32466667,67.539,107.6423333,137.0336667,NA,NA,NA,128.2263333,73.32233333,154.399,119.5586667,86.56666667,65.453,157.9443333,145.4773333,79.00333333,0.000987266,Fagaropsis_angolensis,NA,NA,103.6148333,NA,NA,NA,NA,NA,49.223,NA,0.133103251,-0.49848774,unknown,adult,-0.166643476,-0.258380218,-0.786312543,-0.443660152,-0.037530186,-0.009252904,-0.13200442,-4.61E-16,-8.31E-10,9.78E-17,7.65E-09,6.14E-18,2.73E-10,8.365,0.285719147
Piliocolobus_badius,GX011571.MP4_2235,1,0.087,37.8,NA,14.886,94.08333333,73.79466667,55.79,36.876,79.53933333,60.742,84.81933333,90.339,104.0526667,112.5053333,126.1636667,103.068,137.5026667,172.9293333,131.2833333,40.47633333,99.879,144.907,95.02233333,35.53033333,141.4896667,144.355,58.95833333,0.000580479,Fagaropsis_angolensis,126.2904444,92.55844444,95.12083333,90.97683333,37.62366667,14.544,67.53766667,75.453,72.325,70.3736667,0.209844988,0.612907054,unknown,adult,-0.166643476,-0.258380218,-0.786312543,-0.443660152,-0.037530186,-0.009252904,-0.13200442,-4.61E-16,-8.31E-10,9.78E-17,7.65E-09,6.14E-18,2.73E-10,8.365,0.428578721
Piliocolobus_badius,GX011571.MP4_3975,1,0.058,-29.9,NA,30.992,125.5803333,NA,55.83866667,55.11066667,70.505,59.85333333,117.8206667,62.373,77.98966667,70.84666667,115.504,NA,NA,146.062,119.798,44.544,136.563,126.283,70.10533333,43.55033333,135.782,147.6503333,68.898,0.000987266,Fagaropsis_angolensis,NA,91.35833333,94.348,85.67133333,NA,55.07533333,NA,31.381,50.9,59.66533333,0.133103251,-0.49848774,unknown,adult,-0.166643476,-0.258380218,-0.786312543,-0.443660152,-0.037530186,-0.009252904,-0.13200442,-4.61E-16,-8.31E-10,9.78E-17,7.65E-09,6.14E-18,2.73E-10,8.365,0.285719147
Piliocolobus_badius,GX011571.MP4_3975,2,0.032,-18.4,NA,33.52133333,127.052,94.38233333,59.89766667,40.728,96.08333333,85.24266667,85.783,65.288,62.91,96.134,130.511,111.696,135.8696667,132.1896667,135.4493333,68.14066667,121.758,120.6126667,100.8786667,39.296,128.2686667,129.8123333,66.83,0.001581304,Fagaropsis_angolensis,128.6321111,95.34844444,101.1396667,95.20433333,14.11166667,30.96866667,72.4,31.76666667,68.61933333,70.61333333,0.051123988,-0.315649037,unknown,adult,-0.166643476,-0.258380218,-0.786312543,-0.443660152,-0.037530186,-0.009252904,-0.13200442,-4.61E-16,-8.31E-10,9.78E-17,7.65E-09,6.14E-18,2.73E-10,8.365,0.15763815
Piliocolobus_badius,GX011576.MP4_3623,1,0.13,23.1,NA,32.845,120.2856667,88.52766667,60.448,47.36333333,121.8276667,73.81633333,77.14233333,75.64866667,116.9833333,84.76766667,112.3373333,95.42733333,138.3896667,147.568,115.6643333,80.50166667,142.7213333,120.439,100.795,58.90066667,133.969,155.771,84.292,0.000163723,Albizia_grandbracteata,138.36,119.6988889,99.97816667,86.39266667,-4.331666667,-1.542,36.52666667,42.80366667,31.37233333,51.8893333,0.080178503,0.392337117,unknown,adult,-0.166643476,-0.258380218,-0.786312543,-0.443660152,-0.037530186,-0.009252904,-0.13200442,-4.61E-16,-8.31E-10,9.78E-17,7.65E-09,6.14E-18,2.73E-10,8.365,0.640404985
Piliocolobus_badius,GX011578.MP4_7071,2,0.087,37.8,NA,37.636,108.221,68.48566667,71.55333333,40.08466667,103.7943333,57.91033333,78.247,91.00066667,102.5153333,113.365,127.374,69.26866667,137.7146667,117.264,95.20733333,73.68366667,137.8273333,112.8873333,93.83866667,46.8,150.451,143.268,65.13766667,0.000580479,Fagaropsis_angolensis,141.9976667,104.8435556,80.1725,99.46366667,-0.112666667,4.426666667,22.46866667,53.36466667,30.06966667,55.82066667,0.209844988,0.612907054,unknown,adult,-0.166643476,-0.258380218,-0.786312543,-0.443660152,-0.037530186,-0.009252904,-0.13200442,-4.61E-16,-8.31E-10,9.78E-17,7.65E-09,6.14E-18,2.73E-10,8.365,0.428578721
Piliocolobus_badius,GX011578.MP4_7071,3,0.032,-18.4,NA,39.37533333,143.3433333,87.99533333,58.15966667,41.78833333,111.713,77.09433333,76.28266667,57.65033333,97.79166667,84.11733333,101.209,NA,NA,NA,NA,93.08766667,154.6023333,101.953,111.2126667,61.71633333,135.898,124.3523333,92.61266667,0.001581304,Fagaropsis_angolensis,NA,117.616,NA,79.68433333,NA,31.63033333,NA,18.275,NA,43.04933333,0.051123988,-0.315649037,unknown,adult,-0.166643476,-0.258380218,-0.786312543,-0.443660152,-0.037530186,-0.009252904,-0.13200442,-4.61E-16,-8.31E-10,9.78E-17,7.65E-09,6.14E-18,2.73E-10,8.365,0.15763815
Piliocolobus_badius,GX011579.MP4_1791,2,0.087,37.8,NA,43.02333333,108.2303333,60.78133333,86.82133333,47.04733333,101.1823333,56.103,87.00333333,88.62966667,104.8273333,104.7073333,123.613,87.10233333,132.101,127.2323333,110.7833333,78.00666667,135.613,117.6176667,100.2386667,39.698,142.2213333,117.9603333,58.244,0.000580479,Fagaropsis_angolensis,136.6451111,104.7466667,84.51366667,105.2171667,-3.512,7.048,47.40433333,45.60633334,52.53933333,36.79166667,0.209844988,0.612907054,m,adult,-0.166643476,-0.258380218,-0.786312543,-0.443660152,-0.037530186,-0.009252904,-0.13200442,-4.61E-16,-8.31E-10,9.78E-17,7.65E-09,6.14E-18,2.73E-10,8.365,0.428578721
Piliocolobus_badius,GX011579.MP4_4881,1,0.032,-18.4,NA,42.349,135.7866667,93.551,65.30233333,46.54966667,110.4576667,81.931,82.924,104.5256667,116.252,111.5226667,141.8286667,127.3093333,141.4626667,135.8346667,148.8833333,73.80633333,127.289,118.148,101.7603333,48.903,144.7186667,144.7146667,65.435,0.001581304,Fagaropsis_angolensis,137.8234444,120.8321111,107.1591667,103.5655,14.17366667,25.329,78.40633333,62.1766667,83.44833333,76.52633337,0.051123988,-0.315649037,m,adult,-0.166643476,-0.258380218,-0.786312543,-0.443660152,-0.037530186,-0.009252904,-0.13200442,-4.61E-16,-8.31E-10,9.78E-17,7.65E-09,6.14E-18,2.73E-10,8.365,0.15763815
Piliocolobus_badius,GX011580.MP4_51,1,0.087,37.8,NA,11.23433333,76.43233333,NA,66.625,21.88,67.17466667,33.539,86.58033333,84.31133333,92.13766667,111.98,128.9016667,84.015,105.281,134.2923333,128.354,37.80833333,92.67233333,140.4413333,94.21333333,34.86733333,151.3383333,162.0763333,52.30566667,0.000580479,Fagaropsis_angolensis,116.4305556,78.58155556,90.32983333,97.76333333,12.60866667,9.257666667,49.14766667,73.077,76.04833333,62.2766667,0.209844988,0.612907054,unknown,adult,-0.166643476,-0.258380218,-0.786312543,-0.443660152,-0.037530186,-0.009252904,-0.13200442,-4.61E-16,-8.31E-10,9.78E-17,7.65E-09,6.14E-18,2.73E-10,8.365,0.428578721
Piliocolobus_badius,GX011580.MP4_461,1,0.058,-29.9,NA,30.34266667,126.4813333,93.40766667,60.83533333,32.42766667,108.5296667,82.345,65.216,44.23666667,50.52133333,63.347,91.73666667,NA,NA,NA,125.4193333,NA,NA,NA,101.2703333,25.90333333,124.2363333,127.86,63.786,0.000987266,Fagaropsis_angolensis,NA,95.17744444,94.60266667,76.286,NA,17.95166667,NA,13.894,61.63333333,30.90133334,0.133103251,-0.49848774,unknown,adult,-0.166643476,-0.258380218,-0.786312543,-0.443660152,-0.037530186,-0.009252904,-0.13200442,-4.61E-16,-8.31E-10,9.78E-17,7.65E-09,6.14E-18,2.73E-10,8.365,0.285719147
Piliocolobus_badius,GX011582.MP4_1760,2,0.055,-3.6,NA,36.855,114.3893333,78.049,70.94066667,39.74966667,95.446,65.805,84.519,100.5816667,116.128,109.4116667,136.9853333,90.96266667,130.4786667,155.1756667,119.5803333,48.75666667,101.9453333,137.5716667,97.472,25.86366667,124.1966667,174.06,58.71866667,0.001031316,Fagaropsis_angolensis,118.8735556,108.6544444,89.1495,103.963,28.53333333,18.94333333,65.099,63.7266667,60.86166667,66.04466663,0.001973272,-0.06279052,unknown,adult,-0.166643476,-0.258380218,-0.786312543,-0.443660152,-0.037530186,-0.009252904,-0.13200442,-4.61E-16,-8.31E-10,9.78E-17,7.65E-09,6.14E-18,2.73E-10,8.365,0.270940571
Piliocolobus_badius,GX014323.MP4_4638,1,0.086,-7.5,NA,9.669666667,103.7563333,91.48,51.87166667,30.29466667,89.63233333,41.55666667,84.60833333,51.11,89.09566667,100.7376667,107.427,84.74933333,129.4853333,145.4546667,110.6856667,46.823,96.98866667,137.6653333,90.28966667,31.36433333,94.10266667,130.0396667,71.458,0.000762171,Prunus_africana,106.8588889,94.16144444,91.07183333,79.64933333,32.49666667,14.124,53.385,41.44033333,39.22766667,55.55533333,0.008555139,-0.130526192,m,adult,-0.166643476,-0.258380218,-0.786312543,-0.443660152,-0.037530186,-0.009252904,-0.13200442,-4.61E-16,-8.31E-10,9.78E-17,7.65E-09,6.14E-18,2.73E-10,8.365,0.423652529
Piliocolobus_badius,GX014500.MP4_4281,1,0.035,-2.7,NA,34.89633333,120.9756667,101.7666667,64.489,38.84133333,102.5483333,86.16166667,79.25633333,91.039,105.6443333,110.3913333,128.7943333,86.13766667,119.2753333,142.761,119.3386667,66.223,124.5126667,128.1066667,95.50033333,25.17433333,135.3546667,129.7103333,48.997,0.00155612,Prunus_africana,126.3808889,109.7227778,84.16783333,96.64166667,-5.237333333,18.42733333,60.96333333,56.14266667,70.34166667,64.3053333,0.001110125,-0.047106451,f,mom,-0.166643476,-0.258380218,-0.786312543,-0.443660152,-0.037530186,-0.009252904,-0.13200442,-4.61E-16,-8.31E-10,9.78E-17,7.65E-09,6.14E-18,2.73E-10,8.365,0.172416727
Piliocolobus_badius,GX014500.MP4_6471,1,0.035,-2.7,NA,26.28333333,116.0216667,96.49633333,61.325,41.661,99.17566667,98.10066667,81.11433333,70.95533333,107.448,109.8533333,108.3013333,76.015,104.3676667,149.2043333,116.5926667,61.16466667,112.8696667,127.2886667,96.88566667,25.353,130.4916667,167.254,54.11866667,0.00155612,Prunus_africana,115.9096667,107.5484444,85.35566667,84.81316667,-8.502,16.846,50.662,44.672,62.474,46.9763333,0.001110125,-0.047106451,unknown,adult,-0.166643476,-0.258380218,-0.786312543,-0.443660152,-0.037530186,-0.009252904,-0.13200442,-4.61E-16,-8.31E-10,9.78E-17,7.65E-09,6.14E-18,2.73E-10,8.365,0.172416727
Piliocolobus_badius,GX014543.MP4_1021,1,0.044,-28,NA,28.389,139.9283333,NA,48.667,49.17466667,95.92833333,63.93866667,90.366,63.42866667,84.458,94.258,113.7366667,107.3576667,150.147,122.843,122.9073333,59.07033333,124.956,135.949,89.26166667,45.33333333,145.5803333,155.971,60.34566667,0.001507513,Celtis_africana,140.2277778,106.7715556,91.6265,81.20183333,25.191,44,62.02433333,35.03966667,62.56166667,65.0696667,0.117052407,-0.469471563,f,mom,-0.166643476,-0.258380218,-0.786312543,-0.443660152,-0.037530186,-0.009252904,-0.13200442,-4.61E-16,-8.31E-10,9.78E-17,7.65E-09,6.14E-18,2.73E-10,8.365,0.216752456
Piliocolobus_badius,GX014553.MP4_3494,2,0.027,15.3,NA,NA,NA,NA,NA,38.538,113.348,94.8,72.622,97.32533333,121.439,94.955,128.98,106.1273333,133.4036667,NA,130.957,52.16,108.051,123.424,96.06733333,27.31066667,105.024,144.706,70.086,0.001881641,Albizia_grandbracteata,115.4928889,NA,100.5215,NA,25.35266667,NA,78.81666667,NA,60.871,NA,0.035442582,0.26387305,unknown,adult,-0.166643476,-0.258380218,-0.786312543,-0.443660152,-0.037530186,-0.009252904,-0.13200442,-4.61E-16,-8.31E-10,9.78E-17,7.65E-09,6.14E-18,2.73E-10,8.365,0.133007189
Piliocolobus_badius,GX014566.MP4_1501,1,0.107,-9.2,NA,39.86866667,137.2593333,116.33,65.09133333,74.04066667,122.1496667,106.4313333,101.6273333,114.1866667,109.1126667,116.273,149.3253333,110.0306667,133.9616667,NA,129.78,62.822,144.7663333,NA,79.11533333,43.532,139.666,145.9636667,67.676,0.000559374,Prunus_africana,139.4646667,122.8405556,98.728,107.2083333,-10.80466667,15.10966667,66.49866667,74.31800003,62.104,84.23399997,0.012863735,-0.159881188,unknown,adult,-0.166643476,-0.258380218,-0.786312543,-0.443660152,-0.037530186,-0.009252904,-0.13200442,-4.61E-16,-8.31E-10,9.78E-17,7.65E-09,6.14E-18,2.73E-10,8.365,0.527102565
Piliocolobus_badius,GX014584.MP4_1291,1,0.064,20.1,NA,22.15966667,94.69733333,90.72066667,67.50133333,31.935,93.77033333,84.31666667,79.71,91.07966667,110.4253333,121.329,127.2423333,87.829,126.7756667,151.7536667,117.33,60.16166667,122.1506667,149.1233333,93.71233333,34.30033333,131.118,167.7063333,58.124,0.000538645,Funtumia,126.6814444,99.631,87.727,97.37183333,4.625,0.927,53.52866667,68.92,59.206,59.74099997,0.060905748,0.343659695,unknown,adult,-0.166643476,-0.258380218,-0.786312543,-0.443660152,-0.037530186,-0.009252904,-0.13200442,-4.61E-16,-8.31E-10,9.78E-17,7.65E-09,6.14E-18,2.73E-10,8.365,0.3152763
Piliocolobus_badius,GX014584.MP4_2431,1,0.064,20.1,NA,28.662,109.0163333,79.11833333,71.05433333,37.09533333,102.8506667,68.04866667,85.73633333,96.60466667,126.81,119.1446667,123.6283333,101.5933333,134.368,171.5056667,126.4426667,58.65366667,120.9466667,136.467,92.79666667,28.93633333,131.1313333,121.1106667,58.059,0.000538645,Funtumia,128.8153333,112.8923333,92.25083333,97.34133333,13.42133333,6.165666667,72.657,67.94266667,68.38366667,52.57399997,0.060905748,0.343659695,unknown,adult,-0.166643476,-0.258380218,-0.786312543,-0.443660152,-0.037530186,-0.009252904,-0.13200442,-4.61E-16,-8.31E-10,9.78E-17,7.65E-09,6.14E-18,2.73E-10,8.365,0.3152763
Piliocolobus_badius,GX014603.MP4_5996,1,0.062,18.3,NA,30.83133333,NA,110.9483333,54.449,31.50366667,115.7626667,68.205,73.511,75.66133333,109.0603333,103.698,106.4406667,91.23166667,121.0773333,NA,121.5853333,51.52366667,109.754,NA,90.68333333,29.75933333,122.6386667,153.6986667,66.04366667,0.001886955,Cordia,117.8233333,NA,93.8145,80.44483333,11.32333333,NA,61.47233333,44.83,55.54166667,51.9916667,0.050574522,0.313992456,unknown,unknown,-0.166643476,-0.258380218,-0.786312543,-0.443660152,-0.037530186,-0.009252904,-0.13200442,-4.61E-16,-8.31E-10,9.78E-17,7.65E-09,6.14E-18,2.73E-10,8.365,0.305423916
Piliocolobus_badius,GX014612.MP4_731,1,0.062,18.3,NA,27.57566667,128.0863333,91.76766667,49.499,28.35933333,100.7473333,81.00766667,72.054,50.33833333,75.708,70.293,93.29,96.72833333,145.9086667,137.3383333,114.8356667,55.99133333,120.2723333,121.6526667,87.31266667,28.43133333,111.7673333,NA,68.91366667,0.001886955,Cordia,125.9827778,101.5138889,91.87466667,71.3945,25.63633333,27.339,68.297,22.76266666,45.922,43.791,0.050574522,0.313992456,f,mom,-0.166643476,-0.258380218,-0.786312543,-0.443660152,-0.037530186,-0.009252904,-0.13200442,-4.61E-16,-8.31E-10,9.78E-17,7.65E-09,6.14E-18,2.73E-10,8.365,0.305423916
Piliocolobus_badius,GX014612.MP4_731,2,0.062,18.3,NA,42.035,124.3743333,NA,69.496,42.49566667,94.896,100.241,90.35266667,114.854,117.5476667,107.5666667,154.9126667,104.9406667,134.191,126.5156667,130.0813333,53.47566667,118.5606667,108.829,86.35,31.33733333,129.0366667,NA,58.88333333,0.001886955,Cordia,127.2627778,112.2726667,94.48233333,112.2043333,15.63033333,29.47833333,73.60333333,72.819,71.198,85.4166667,0.050574522,0.313992456,f,mom,-0.166643476,-0.258380218,-0.786312543,-0.443660152,-0.037530186,-0.009252904,-0.13200442,-4.61E-16,-8.31E-10,9.78E-17,7.65E-09,6.14E-18,2.73E-10,8.365,0.305423916
Piliocolobus_badius,GX014619.MP4_21,1,0.074,31.5,NA,28.22,95.36,74.62533333,69.819,40.85566667,97.49566667,69.27666667,83.24466667,103.3663333,116.3106667,117.3333333,136.5136667,96.555,131.3716667,148.3716667,122.1656667,63.40266667,117.827,125.5516667,93.748,21.44133333,122.236,133.9486667,59.91433333,0.000899824,Prunus_africana,123.8115556,103.0554444,91.04,103.1663333,13.54466667,-2.135666667,75.11366667,75.1463333,62.25133333,66.6946667,0.147359836,0.522498565,unknown,adult,-0.166643476,-0.258380218,-0.786312543,-0.443660152,-0.037530186,-0.009252904,-0.13200442,-4.61E-16,-8.31E-10,9.78E-17,7.65E-09,6.14E-18,2.73E-10,8.365,0.364538222
Piliocolobus_badius,GX014619.MP4_21,2,0.074,31.5,NA,23.89733333,79.87433333,65.96066667,77.423,30.97666667,77.13566667,57.754,86.62433333,103.8026667,121.058,113.354,134.9216667,37.74833333,137.8813333,110.8623333,59.732,48.33933333,100.4666667,135.566,96.10733333,20.55566667,127.3173333,125.922,48.905,0.000899824,Prunus_africana,121.8884444,92.68933333,54.3185,106.1723333,37.41466667,2.738666667,17.19266667,79.90533337,10.827,57.4986667,0.147359836,0.522498565,unknown,adult,-0.166643476,-0.258380218,-0.786312543,-0.443660152,-0.037530186,-0.009252904,-0.13200442,-4.61E-16,-8.31E-10,9.78E-17,7.65E-09,6.14E-18,2.73E-10,8.365,0.364538222
Plecturocebus_discolor,GOPR0988_3-43.MP4,1,0.024,-10,NA,20.39333333,85.22466667,59.453,72.78233333,38.947,84.886,87.421,93.94166667,83.67933333,98.454,138.4883333,132.2953333,NA,74.35466667,149.821,NA,46.13166667,95.262,135.1106667,85.543,14.13366667,112.0643333,93.42633333,56.26966667,NA,NA,93.89366667,89.52155556,NA,102.5388333,-20.90733333,0.338666667,NA,63.286,NA,59.51299997,0.015192247,-0.173648178,unknown,adult,-0.15281335,0.305090511,-0.192013827,0.3109215,0.823708397,-0.009885754,0.002132579,9.86E-16,-1.14E-08,-7.30E-17,4.56E-10,-1.08E-16,2.07E-10,0.988,0.240967752
Plecturocebus_discolor,GOPR0988_3-43.MP4,2,0.024,-10,NA,19.417,95.539,90.536,64.48433333,30.81,85.44966667,99.22066667,88.78633333,74.331,91.33066667,114.225,123.6403333,59.98166667,84.48633333,NA,119.767,43.56233333,88.046,NA,94.28466667,12.61866667,106.0836667,145.7276667,60.923,NA,NA,92.872,90.77311111,90.345,94.06233333,-3.559666667,10.08933333,47.363,54.914,58.844,59.15599997,0.015192247,-0.173648178,unknown,adult,-0.15281335,0.305090511,-0.192013827,0.3109215,0.823708397,-0.009885754,0.002132579,9.86E-16,-1.14E-08,-7.30E-17,4.56E-10,-1.08E-16,2.07E-10,0.988,0.240967752
Plecturocebus_discolor,GOPR0988_3-43.MP4,3,0.024,-10,NA,12.074,78.175,71.17066667,59.87466667,25.92266667,73.81833333,82.56033333,86.56333333,59.74866667,76.54866667,102.8383333,128.821,44.73333333,84.24233333,NA,116.3513333,38.16166667,86.93033333,NA,86.56166667,5.535666667,115.9403333,151.2983333,44.42533333,NA,NA,95.70433333,76.18066667,80.38833333,94.34783333,-2.688,4.356666667,39.19766667,47.67466667,71.926,68.94633333,0.015192247,-0.173648178,unknown,adult,-0.15281335,0.305090511,-0.192013827,0.3109215,0.823708397,-0.009885754,0.002132579,9.86E-16,-1.14E-08,-7.30E-17,4.56E-10,-1.08E-16,2.07E-10,0.988,0.240967752
Plecturocebus_discolor,GOPR0988_3-43.MP4,4,0.024,-10,NA,NA,NA,NA,NA,NA,NA,NA,NA,NA,NA,NA,NA,69.01566667,91.23066667,132.0463333,134.937,42.557,72.087,143.7173333,109.8826667,12.87666667,122.2873333,165.166,49.77633333,NA,NA,95.20166667,NA,92.35666667,NA,19.14366667,NA,56.139,NA,85.16066667,NA,0.015192247,-0.173648178,unknown,adult,-0.15281335,0.305090511,-0.192013827,0.3109215,0.823708397,-0.009885754,0.002132579,9.86E-16,-1.14E-08,-7.30E-17,4.56E-10,-1.08E-16,2.07E-10,0.988,0.240967752
Plecturocebus_discolor,GOPR1013_3-68.MP4,1,0.013,31.3,NA,33.94533333,98.701,79.833,71.063,50.04966667,101.006,80.181,90.12766667,95.09566667,115.9213333,122.272,125.0566667,64.009,104.8093333,141.6256667,107.9456667,59.796,114.2596667,142.7593333,89.08333333,36.46966667,144.3146667,165.337,55.627,NA,NA,121.1278889,105.2094444,81.78633333,98.05983333,-9.450333333,-2.305,27.53933333,61.15033334,52.31866667,53.9936667,0.14554117,0.519519112,unknown,adult,-0.15281335,0.305090511,-0.192013827,0.3109215,0.823708397,-0.009885754,0.002132579,9.86E-16,-1.14E-08,-7.30E-17,4.56E-10,-1.08E-16,2.07E-10,0.988,0.130524199
Plecturocebus_discolor,GOPR0720_4-8.MP4,1,0.031,-40.4,NA,25.93266667,109.678,130.5343333,54.08833333,47.247,77.77066667,74.98366667,88.98766667,59.76633333,60.59533333,57.825,113.6436667,108.9206667,126.4896667,169.0096667,135.7313333,52.61333333,105.7,NA,92.69333333,44.58666667,101.7683333,165.0853333,83.207,NA,NA,111.3193333,82.68133333,109.4691667,83.866,20.78966667,31.90733333,64.334,33.83366666,52.52433333,59.55533337,0.238461692,-0.648119901,unknown,adult,-0.15281335,0.305090511,-0.192013827,0.3109215,0.823708397,-0.009885754,0.002132579,9.86E-16,-1.14E-08,-7.30E-17,4.56E-10,-1.08E-16,2.07E-10,0.988,0.311250014
Plecturocebus_discolor,GOPR1544_withphoto793.MP4,1,0.016,25.8,NA,25.134,98.70066667,91.748,70.797,41.227,101.2146667,102.4043333,87.86666667,102.0693333,109.6526667,123.474,131.1573333,102.9166667,121.4026667,NA,147.3433333,53.914,95.419,144.538,96.285,9.793333333,90.724,145.1526667,66.54433333,NA,NA,102.5152222,103.1893333,106.9438333,100.9771667,25.98366667,-2.514,93.12333333,76.9353333,80.799,60.3603333,0.099681229,0.435231099,unknown,adult,-0.15281335,0.305090511,-0.192013827,0.3109215,0.823708397,-0.009885754,0.002132579,9.86E-16,-1.14E-08,-7.30E-17,4.56E-10,-1.08E-16,2.07E-10,0.988,0.160645168
Plecturocebus_discolor,GOPR1546_2-103,1,0.026,37.1,NA,35.93566667,91.37133333,77.63466667,85.99533333,38.27333333,80.61766667,63.478,83.28666667,105.4653333,125.212,110.6126667,137.7796667,96.99,128.948,169.86,124.6343333,19.459,55.73466667,121.44,86.139,NA,NA,NA,NA,NA,NA,NA,99.067,NA,111.8875,73.21333333,10.75366667,NA,69.52966663,NA,51.78433337,0.202416071,0.603207988,unknown,adult,-0.15281335,0.305090511,-0.192013827,0.3109215,0.823708397,-0.009885754,0.002132579,9.86E-16,-1.14E-08,-7.30E-17,4.56E-10,-1.08E-16,2.07E-10,0.988,0.261048398
Plecturocebus_discolor,GOPR1546_2-103,2,0.026,37.1,NA,21.232,74.54033333,82.09733333,77.652,NA,NA,NA,NA,99.02133333,114.8206667,124.0533333,131.3423333,77.30166667,108.2673333,169.32,124.7893333,41.38566667,101.9686667,152.1613333,92.45333333,NA,NA,NA,NA,NA,NA,NA,NA,NA,104.4971667,6.298666667,NA,NA,77.78933333,NA,53.6903333,0.202416071,0.603207988,unknown,adult,-0.15281335,0.305090511,-0.192013827,0.3109215,0.823708397,-0.009885754,0.002132579,9.86E-16,-1.14E-08,-7.30E-17,4.56E-10,-1.08E-16,2.07E-10,0.988,0.261048398
Plecturocebus_discolor,GOPR1109_4-142.MP4,1,0.005,-25.3,NA,15.08966667,86.98033333,72.13866667,63.34466667,42.03266667,102.901,64.104,83.13033333,70.802,79.32366667,87.035,119.6826667,97.567,118.3766667,145.4826667,141.282,43.353,79.73033333,NA,98.91,31.119,98.37466667,142.4123333,70.22166667,NA,NA,98.82722222,89.735,105.7518333,91.51366667,38.64633333,-15.92066667,66.448,55.71233333,71.06033333,56.33800003,0.09591745,-0.427357863,unknown,adult,-0.15281335,0.305090511,-0.192013827,0.3109215,0.823708397,-0.009885754,0.002132579,9.86E-16,-1.14E-08,-7.30E-17,4.56E-10,-1.08E-16,2.07E-10,0.988,0.050201615
Plecturocebus_discolor,GOPR1109_4-142.MP4,2,0.005,-25.3,NA,19.71333333,117.9736667,98.64566667,52.80566667,41.546,82.04333333,74.98466667,80.58633333,58.116,65.10666667,86.27866667,112.0726667,108.4733333,115.399,146.4486667,147.3446667,59.897,95.24866667,160.694,103.2716667,27.814,115.7026667,162.4726667,62.46566667,NA,NA,108.7834444,88.37455556,104.9051667,82.43916667,20.15033333,35.93033333,80.65933333,38.40266667,84.879,59.26700003,0.09591745,-0.427357863,unknown,adult,-0.15281335,0.305090511,-0.192013827,0.3109215,0.823708397,-0.009885754,0.002132579,9.86E-16,-1.14E-08,-7.30E-17,4.56E-10,-1.08E-16,2.07E-10,0.988,0.050201615
Plecturocebus_discolor,GOPR1350_3-95.MP4,1,0.016,15,NA,27.17433333,102.7413333,70.48,60.93633333,48.70266667,97.73666667,47.82233333,84.35033333,58.879,77.906,114.8776667,116.341,80.414,98.82466667,NA,134.6006667,50.68666667,83.23133333,NA,105.7433333,25.12666667,120.2276667,143.992,56.113,NA,NA,100.7612222,92.79466667,95.35683333,88.63866667,15.59333333,5.004666667,55.28733333,31.70466667,78.48766667,55.40466667,0.034074174,0.258819045,unknown,adult,-0.15281335,0.305090511,-0.192013827,0.3109215,0.823708397,-0.009885754,0.002132579,9.86E-16,-1.14E-08,-7.30E-17,4.56E-10,-1.08E-16,2.07E-10,0.988,0.160645168
Plecturocebus_discolor,GOPR1350_3-95.MP4,2,0.016,15,NA,16.901,81.30833333,90.08233333,62.14333333,29.87766667,83.117,86.35366667,82.40833333,89.057,107.987,121.0406667,123.502,87.44866667,106.7466667,NA,140.988,42.12433333,76.00766667,155.046,99.142,34.663,135.3826667,175.7293333,57.65666667,NA,NA,106.0456667,90.80411111,99.32233333,92.82266667,30.739,-1.808666667,52.78566667,72.156,83.33133333,61.35866667,0.034074174,0.258819045,unknown,adult,-0.15281335,0.305090511,-0.192013827,0.3109215,0.823708397,-0.009885754,0.002132579,9.86E-16,-1.14E-08,-7.30E-17,4.56E-10,-1.08E-16,2.07E-10,0.988,0.160645168
Plecturocebus_discolor,GOPR1442_3-73,1,0.016,28.5,NA,24.91033333,90.148,84.847,64.968,31.93733333,85.953,85.42966667,81.65266667,90.005,107.6526667,138.024,135.204,93.613,129.5996667,142.075,125.2033333,72.426,104.4343333,142.45,104.614,37.88133333,163.733,165.1233333,47.87666667,NA,NA,132.589,94.58455556,86.54,100.086,25.16533333,4.195,55.73166667,65.09466667,77.32666667,70.236,0.121182887,0.47715876,unknown,adult,-0.15281335,0.305090511,-0.192013827,0.3109215,0.823708397,-0.009885754,0.002132579,9.86E-16,-1.14E-08,-7.30E-17,4.56E-10,-1.08E-16,2.07E-10,0.988,0.160645168
Plecturocebus_discolor,GOPR1442_3-73,2,0.016,28.5,NA,36.079,103.48,80.55666667,85.795,46.914,87.14766667,64.40233333,96.11133333,97.86333333,112.1856667,127.9846667,129.0313333,86.561,104.5713333,NA,142.2273333,49.02533333,88.64466667,162.0966667,104.2113333,38.324,148.4513333,164.209,56.83966667,NA,NA,113.8891111,100.9377778,99.5335,107.4131667,15.92666667,16.33233333,48.237,61.78433333,85.38766667,43.2363333,0.121182887,0.47715876,unknown,adult,-0.15281335,0.305090511,-0.192013827,0.3109215,0.823708397,-0.009885754,0.002132579,9.86E-16,-1.14E-08,-7.30E-17,4.56E-10,-1.08E-16,2.07E-10,0.988,0.160645168
Plecturocebus_discolor,GOPR1442_3-73,3,0.016,28.5,NA,38.49266667,87.58833333,76.198,76.48733333,44.68466667,85.20633333,77.91533333,96.157,80.041,88.009,135.9686667,134.9463333,NA,104.7133333,174.2363333,NA,NA,NA,NA,NA,18.01633333,123.35,156.7346667,43.058,NA,NA,NA,86.93455556,NA,105.7168333,NA,2.382,NA,41.54833333,NA,58.45899997,0.121182887,0.47715876,unknown,adult,-0.15281335,0.305090511,-0.192013827,0.3109215,0.823708397,-0.009885754,0.002132579,9.86E-16,-1.14E-08,-7.30E-17,4.56E-10,-1.08E-16,2.07E-10,0.988,0.160645168
Plecturocebus_discolor,GOPR2560_3-127.MP4,1,0.028,-17.9,NA,13.786,81.69266667,88.10866667,56.513,35.13666667,68.23333333,74.83766667,91.11433333,NA,68.31833333,86.771,NA,NA,NA,NA,NA,53.88533333,89.67533333,130.0143333,101.5216667,23.619,115.683,118.033,63.92833333,NA,NA,NA,72.74811111,NA,NA,NA,13.45933333,NA,NA,NA,NA,0.048405596,-0.307356618,unknown,adult,-0.15281335,0.305090511,-0.192013827,0.3109215,0.823708397,-0.009885754,0.002132579,9.86E-16,-1.14E-08,-7.30E-17,4.56E-10,-1.08E-16,2.07E-10,0.988,0.281129044
Plecturocebus_discolor,GOPR2560_3-127.MP4,2,0.028,-17.9,NA,NA,NA,NA,NA,NA,71.114,64.725,NA,22.81166667,41.78866667,96.75266667,101.0986667,93.14733333,131.152,135.4173333,120.779,47.06633333,99.951,NA,95.96966667,16.069,107.9023333,NA,56.27433333,NA,NA,113.0017778,NA,88.52666667,NA,31.201,NA,77.07833333,NA,64.50466667,NA,0.048405596,-0.307356618,unknown,adult,-0.15281335,0.305090511,-0.192013827,0.3109215,0.823708397,-0.009885754,0.002132579,9.86E-16,-1.14E-08,-7.30E-17,4.56E-10,-1.08E-16,2.07E-10,0.988,0.281129044
Plecturocebus_discolor,GOPR2560_3-127.MP4,3,0.028,-17.9,NA,17.48866667,111.5443333,92.997,44.56,31.90633333,70.23433333,58.12366667,89.40366667,43.73966667,65.77033333,89.49866667,106.4236667,NA,NA,NA,NA,NA,NA,NA,NA,41.10866667,104.958,171.546,87.30433333,NA,NA,NA,82.51633333,NA,75.49183333,NA,41.31,NA,26.251,NA,61.8636667,0.048405596,-0.307356618,unknown,adult,-0.15281335,0.305090511,-0.192013827,0.3109215,0.823708397,-0.009885754,0.002132579,9.86E-16,-1.14E-08,-7.30E-17,4.56E-10,-1.08E-16,2.07E-10,0.988,0.281129044
Plecturocebus_discolor,GOPR2808_1-115.MP4,1,0.024,-33.4,NA,35.701,117.5623333,92.26233333,66.34233333,51.76066667,104.9916667,79.62,89.17566667,50.60066667,68.25566667,88.503,122.0963333,108.744,142.8276667,141.79,131.071,68.30033333,119.773,125.6656667,103.1673333,33.77133333,101.3333333,171.892,75.019,NA,NA,121.3113333,96.93655556,103.045,94.21933333,23.05466667,12.57066667,74.97266667,14.89966667,56.052,55.75399997,0.165152137,-0.55048074,unknown,adult,-0.15281335,0.305090511,-0.192013827,0.3109215,0.823708397,-0.009885754,0.002132579,9.86E-16,-1.14E-08,-7.30E-17,4.56E-10,-1.08E-16,2.07E-10,0.988,0.240967752
Saimiri_sciureus,GOPR0723.MP4_2115,1,0.017,32.7,NA,37.80066667,138.2273333,110.1143333,62.02033333,74.67233333,142.9796667,107.5876667,95.723,107.6446667,141.4226667,135.8096667,131.1486667,119.5683333,90.88233333,139.8986667,60.80333333,127.8,107.039,118.4653333,81.53566667,54.298,142.2926667,147.9583333,77.89166667,NA,NA,113.4046667,140.8765556,69.3475,96.5845,-16.15666667,-4.752333333,65.27033333,69.84400003,17.08833333,69.12833337,0.158489218,0.54024032,unknown,adult,-0.156738693,0.321582195,-0.155190554,0.341405241,-0.399932128,0.001391648,0.000110626,-0.707106781,-1.18E-08,2.11E-18,3.13E-10,1.79E-17,1.54E-10,0.7205,0.189628784
Saimiri_sciureus,GOPR1411_2-106twosq.MP4_1,1,0.041,15.6,NA,43.23466667,124.208,85.369,72.936,69.55533333,141.071,NA,91.63833333,100.698,132.24,136.5393333,127.478,103.4723333,135.1263333,127.6433333,130.63,74.28133333,130.1703333,103.9013333,101.316,39.64566667,127.5686667,NA,73.04033333,NA,NA,130.9551111,132.5063333,101.8351667,100.207,4.956,-16.863,63.82666667,57.46333333,57.58966667,54.542,0.036837433,0.268919821,unknown,adult,-0.156738693,0.321582195,-0.155190554,0.341405241,-0.399932128,0.001391648,0.000110626,-0.707106781,-1.18E-08,2.11E-18,3.13E-10,1.79E-17,1.54E-10,0.7205,0.457340008
Saimiri_sciureus,GOPR1411_2-106twosq.MP4_621,1,0.041,15.6,NA,40.322,128.4483333,83.40233333,68.09666667,55.165,123.539,83.69433333,90.685,78.64133333,115.935,111.6183333,117.1896667,101.312,129.4016667,146.3136667,131.806,66.542,111.4066667,154.0396667,101.121,49.80866667,138.0696667,155.005,76.093,NA,NA,126.2926667,122.6407778,103.9495,92.64316667,17.995,4.909333333,51.50333333,38.31933333,55.713,49.09300003,0.036837433,0.268919821,unknown,adult,-0.156738693,0.321582195,-0.155190554,0.341405241,-0.399932128,0.001391648,0.000110626,-0.707106781,-1.18E-08,2.11E-18,3.13E-10,1.79E-17,1.54E-10,0.7205,0.457340008
Saimiri_sciureus,GOPR1411_2-106twosq.MP4_621,2,0.041,15.6,NA,43.70833333,137.718,103.8463333,66.67533333,52.745,121.4733333,97.97766667,88.46233333,83.86,110.9093333,113.941,120.547,97.41466667,136.843,132.443,121.7586667,73.24866667,124.453,105.251,101.7533333,31.21233333,120.5176667,157.3966667,66.77933333,NA,NA,127.2712222,123.3668889,94.269,93.61116667,12.39,16.24466667,66.20233333,40.15166667,54.97933333,53.87166667,0.036837433,0.268919821,unknown,adult,-0.156738693,0.321582195,-0.155190554,0.341405241,-0.399932128,0.001391648,0.000110626,-0.707106781,-1.18E-08,2.11E-18,3.13E-10,1.79E-17,1.54E-10,0.7205,0.457340008
Saimiri_sciureus,GOPR1411_2-106twosq.MP4_621,3,0.041,15.6,NA,36.95766667,128.878,118.8956667,62.917,36.61833333,123.7643333,89.78833333,72.95133333,90.45666667,114.8346667,115.2566667,122.2513333,103.2273333,129.9623333,144.588,128.1893333,67.76566667,NA,102.0936667,94.61066667,48.96666667,142.4236667,136.712,69.24433333,NA,NA,NA,122.4923333,98.71683333,92.58416667,NA,5.113666667,54.26066667,53.499,58.945,59.3343333,0.036837433,0.268919821,unknown,adult,-0.156738693,0.321582195,-0.155190554,0.341405241,-0.399932128,0.001391648,0.000110626,-0.707106781,-1.18E-08,2.11E-18,3.13E-10,1.79E-17,1.54E-10,0.7205,0.457340008
Saimiri_sciureus,GOPR1411_2-106twosq.MP4_621,4,0.041,15.6,NA,34.45233333,120.4036667,92.36833333,70.50033333,46.82233333,106.2953333,85.469,90.85533333,NA,NA,NA,NA,106.1106667,137.909,139.095,132.425,61.405,111.2296667,127.0786667,98.68966667,NA,NA,NA,NA,NA,NA,NA,NA,NA,NA,26.67933333,14.10833333,NA,NA,NA,NA,0.036837433,0.268919821,unknown,adult,-0.156738693,0.321582195,-0.155190554,0.341405241,-0.399932128,0.001391648,0.000110626,-0.707106781,-1.18E-08,2.11E-18,3.13E-10,1.79E-17,1.54E-10,0.7205,0.457340008
Saimiri_sciureus,GOPR1412_2-107.MP4,1,0.041,16.6,NA,14.62366667,101.5096667,89.653,58.366,18.00266667,75.82566667,83.28866667,84.87333333,78.809,88.19433333,107.472,135.4223333,75.84233333,98.96533333,147.5456667,116.8436667,50.89466667,98.76433333,135.6443333,91.88466667,43.30866667,140.007,133.4363333,61.387,NA,NA,112.5788889,88.50988889,89.11533333,96.89416667,0.201,25.684,32.53366667,64.18533333,55.45666667,77.0563333,0.041677426,0.285688367,unknown,adult,-0.156738693,0.321582195,-0.155190554,0.341405241,-0.399932128,0.001391648,0.000110626,-0.707106781,-1.18E-08,2.11E-18,3.13E-10,1.79E-17,1.54E-10,0.7205,0.457340008
Saimiri_sciureus,GOPR1412_2-107.MP4,2,0.041,16.6,NA,46.40433333,140.2543333,92.72766667,67.045,43.70333333,114.7086667,107.848,79.84433333,82.43733333,115.7963333,115.9353333,122.4006667,88.872,128.2783333,133.687,117.557,63.30633333,122.245,122.0116667,92.07966667,42.58466667,132.3893333,162.582,66.414,NA,NA,127.6375556,123.5864444,91.9855,94.72283333,6.033333333,25.54566667,46.28733333,36.033,51.143,55.3556667,0.041677426,0.285688367,unknown,adult,-0.156738693,0.321582195,-0.155190554,0.341405241,-0.399932128,0.001391648,0.000110626,-0.707106781,-1.18E-08,2.11E-18,3.13E-10,1.79E-17,1.54E-10,0.7205,0.457340008
Saimiri_sciureus,GOPR1412_2-107.MP4,3,0.041,16.6,NA,43.554,122.5043333,80.61966667,73.47366667,54.066,114.1226667,83.559,89.00566667,94.00266667,109.923,122.838,134.037,NA,NA,NA,NA,NA,NA,NA,NA,19.579,120.4413333,142.6263333,50.12966667,NA,NA,NA,115.5166667,NA,103.7553333,NA,8.381666667,NA,50.44866667,NA,60.56333333,0.041677426,0.285688367,unknown,adult,-0.156738693,0.321582195,-0.155190554,0.341405241,-0.399932128,0.001391648,0.000110626,-0.707106781,-1.18E-08,2.11E-18,3.13E-10,1.79E-17,1.54E-10,0.7205,0.457340008
Saimiri_sciureus,GOPR1501_3-30_70,1,0.023,-37,NA,31.94666667,117.0026667,93.34666667,62.035,38.74866667,108.3603333,98.36766667,76.94533333,84.264,95.09533333,118.352,130.2233333,124.7093333,123.3603333,173.1303333,148.2883333,72.738,94.77266667,139.3256667,120.2746667,49.55166667,112.3803333,121.0003333,89.89933333,NA,NA,110.1711111,106.8194444,119.0938333,96.12916667,28.58766667,8.642333333,75.15766667,52.31733333,58.389,68.1883333,0.20136449,-0.601815023,unknown,adult,-0.156738693,0.321582195,-0.155190554,0.341405241,-0.399932128,0.001391648,0.000110626,-0.707106781,-1.18E-08,2.11E-18,3.13E-10,1.79E-17,1.54E-10,0.7205,0.25655659
Saimiri_sciureus,GOPR1501_3-30_201,1,0.023,30.4,NA,26.5,122.1763333,110.1713333,57.05366667,43.20166667,98.061,77.75233333,84.11,127.1396667,137.5466667,140.5816667,148.8923333,111.8143333,123.7356667,151.148,141.3243333,82.17233333,94.74933333,155.814,115.5096667,36.792,120.048,133.4823333,71.86766667,NA,NA,112.8443333,119.2613333,106.596,102.973,28.98633333,24.11533333,75.02233333,100.6396667,69.45666667,91.83866663,0.137486331,0.506033764,unknown,adult,-0.156738693,0.321582195,-0.155190554,0.341405241,-0.399932128,0.001391648,0.000110626,-0.707106781,-1.18E-08,2.11E-18,3.13E-10,1.79E-17,1.54E-10,0.7205,0.25655659